72 0.129102 0.388416 0.228906 0.443063 0.908203
45 0.283984 0.336387 0.0703125 0.034904 0.785156
69 0.499219 0.451134 0.192188 0.299302 0.715332
58 0.909375 0.130454 0.084375 0.100785 0.65332
39 0.1625 0.754363 0.0382813 0.0881326 0.575684
75 0.367188 0.137107 0.05 0.0839878 0.484375
74 0.546875 0.0941318 0.103906 0.120637 0.394287
58 0.082251 0.759162 0.0597168 0.0820244 0.313965
75 0.688281 0.144415 0.028125 0.0684991 0.310791
74 0.548438 0.0965314 0.0734375 0.0835515 0.305664
58 0.846094 0.138525 0.0515625 0.0859511 0.258301
75 0.845313 0.138743 0.05 0.0859511 0.182373
58 0.907031 0.112347 0.0765625 0.0602094 0.160278
57 0.310352 0.833333 0.116797 0.298429 0.107056
69 0.498437 0.486911 0.184375 0.21815 0.100159
56 0.309766 0.834206 0.117188 0.298429 0.0943604
62 0.772266 0.121291 0.119531 0.100349 0.0927124
74 0.545313 0.295375 0.04375 0.0244328 0.0913696
75 0.904688 0.15685 0.046875 0.0431937 0.0894775
71 0.875 0.399651 0.209375 0.10733 0.0894775
75 0.0892578 0.777487 0.034375 0.0357766 0.085083
0 0.309766 0.834206 0.117188 0.298429 0.074646
74 0.412891 0.152051 0.0445313 0.0554101 0.0690308
45 0.545313 0.294939 0.0453125 0.0235602 0.0675659
75 0.290625 0.136998 0.0867188 0.0846422 0.064209
26 0.310547 0.833333 0.116406 0.298429 0.0616455
74 0.649219 0.276178 0.0679687 0.0732984 0.0592041
58 0.0824219 0.735602 0.0548828 0.0322862 0.0592041
14 0.9 0.820244 0.0375 0.0279232 0.0585632
45 0.291406 0.135689 0.0875 0.0863874 0.0583496
74 0.772266 0.12151 0.119531 0.100785 0.0499573
45 0.545313 0.338133 0.0671875 0.0541012 0.0465393
72 0.540625 0.815881 0.06875 0.21466 0.0401001
75 0.545313 0.339005 0.0671875 0.0541012 0.0396423
69 0.540625 0.814791 0.0703125 0.213351 0.0384521
15 0.310937 0.835951 0.115625 0.296684 0.0363464
74 0.714453 0.260471 0.0507812 0.0575916 0.0362244
74 0.539062 0.0987129 0.046875 0.0746073 0.0340881
75 0.935938 0.158595 0.01875 0.0445026 0.0330811
39 0.367969 0.137544 0.05 0.0839878 0.0323486
75 0.162891 0.753927 0.0371094 0.0890052 0.0316162
45 0.684375 0.410558 0.04375 0.0183246 0.0306702
75 0.875 0.152923 0.01875 0.052356 0.0304413
45 0.714453 0.260908 0.0515625 0.0575916 0.0288696
32 0.753125 0.52356 0.0203125 0.0226876 0.0284424
59 0.310547 0.833333 0.116406 0.298429 0.0279083
45 0.903906 0.15685 0.046875 0.0431937 0.0253754
17 0.309766 0.834206 0.117188 0.298429 0.0244293
74 0.0892578 0.777487 0.034375 0.0357766 0.0238647
71 0.130859 0.807155 0.261719 0.0226876 0.0235138
24 0.310547 0.833333 0.116406 0.298429 0.0220337
19 0.309766 0.834206 0.117188 0.298429 0.0215302
16 0.310547 0.835079 0.115625 0.30192 0.0207214
41 0.935938 0.158595 0.021875 0.0445026 0.0202484
77 0.310937 0.835951 0.115625 0.296684 0.0200195
71 0.477344 0.325044 0.115625 0.0453752 0.0194244
71 0.86875 0.364311 0.210938 0.0462478 0.0193481
71 0.871094 0.383072 0.207813 0.0802792 0.0191956
39 0.845313 0.139616 0.0484375 0.0846422 0.0179901
71 0.114844 0.808246 0.20625 0.0205061 0.0177765
69 0.876367 0.476003 0.206641 0.257417 0.0166626
73 0.903906 0.156577 0.046875 0.0437391 0.0153656
71 0.161816 0.80541 0.156836 0.0244328 0.0147324
20 0.309766 0.834206 0.117188 0.298429 0.0140076
71 0.88125 0.366492 0.2 0.030541 0.0139542
74 0.532813 0.0987129 0.0453125 0.0641361 0.0134811
58 0.114453 0.938045 0.0390625 0.0488656 0.0130234
56 0.875781 0.476003 0.20625 0.256545 0.012825
58 0.0753906 0.755672 0.0792969 0.0898778 0.0126266
41 0.291406 0.135689 0.0875 0.0863874 0.012146
75 0.309766 0.834206 0.117188 0.298429 0.0119629
41 0.545313 0.295375 0.04375 0.0244328 0.0118713
45 0.457813 0.353839 0.0625 0.0200698 0.0116425
75 0.845313 0.155759 0.04375 0.0519197 0.0112915
41 0.341797 0.248473 0.0242188 0.030541 0.011116
45 0.176221 0.846422 0.0334961 0.0139616 0.0108566
41 0.875 0.153578 0.01875 0.0519197 0.0107346
75 0.714063 0.261126 0.05 0.0580279 0.0107346
71 0.0924805 0.809773 0.151758 0.0157068 0.0103683
14 0.114648 0.924956 0.0371094 0.0226876 0.00978088
41 0.854688 0.157941 0.025 0.0462478 0.00967407
75 0.0855469 0.768761 0.0460938 0.061082 0.00948334
71 0.336719 0.358857 0.0921875 0.0388307 0.00933838
56 0.875 0.510035 0.196875 0.182373 0.00926971
58 0.874219 0.143543 0.021875 0.0719895 0.00905609
41 0.483984 0.213787 0.0148437 0.0340314 0.00898743
54 0.714063 0.260908 0.05 0.0580279 0.00898743
45 0.649219 0.276614 0.06875 0.0732984 0.00891876
41 0.515625 0.248691 0.025 0.0331588 0.0088501
41 0.503906 0.213351 0.0171875 0.0340314 0.00867462
58 0.876563 0.127182 0.021875 0.0519197 0.0086441
41 0.820312 0.248691 0.021875 0.0314136 0.00854492
71 0.34082 0.358202 0.0738281 0.0331588 0.00837708
75 0.854688 0.157941 0.025 0.0462478 0.00834656
41 0.367969 0.138307 0.05 0.0859511 0.00790405
41 0.825 0.249346 0.025 0.030541 0.0077858
72 0.42666 0.875873 0.137305 0.220332 0.0077858
75 0.0823242 0.759162 0.0572266 0.0820244 0.00757599
47 0.283398 0.336387 0.0703125 0.0357766 0.00740433
58 0.772656 0.120964 0.11875 0.102312 0.00709534
40 0.503906 0.213351 0.0171875 0.0340314 0.00701141
57 0.875 0.510035 0.196875 0.182373 0.0069313
59 0.75 0.834206 0.4875 0.30192 0.00682449
73 0.870313 0.829843 0.25 0.294939 0.00671768
73 0.345898 0.359075 0.0886719 0.0375218 0.00658798
58 0.6875 0.143761 0.0296875 0.069808 0.00656509
41 0.53125 0.214223 0.015625 0.0314136 0.0064621
69 0.49375 0.33726 0.154688 0.069808 0.00602722
68 0.540625 0.815881 0.06875 0.21466 0.00602722
75 0.860156 0.3137 0.0203125 0.0711169 0.00595856
71 0.28418 0.337042 0.0714844 0.0322862 0.00593567
71 0.4625 0.354712 0.0570313 0.0209424 0.00584412
45 0.0185059 0.798429 0.024707 0.0148342 0.00568771
71 0.504297 0.361693 0.189844 0.030541 0.00564194
39 0.842188 0.212042 0.0125 0.0270506 0.00559998
75 0.874219 0.143543 0.021875 0.0719895 0.00553513
40 0.483984 0.213787 0.0148437 0.0340314 0.00548935
41 0.51875 0.214223 0.01875 0.0296684 0.00547028
40 0.368359 0.137216 0.0507812 0.0846422 0.00544739
32 0.376172 0.521815 0.021875 0.0244328 0.00538635
41 0.904688 0.15685 0.046875 0.0431937 0.00536346
73 0.825 0.249346 0.025 0.030541 0.00534439
41 0.845313 0.157504 0.04375 0.0471204 0.00530243
57 0.186328 0.836169 0.364453 0.296248 0.00530243
55 0.283398 0.336387 0.0703125 0.0357766 0.00526047
41 0.555469 0.212914 0.025 0.0292321 0.00516129
39 0.935938 0.158868 0.0203125 0.0443935 0.0051384
46 0.694531 0.895288 0.025 0.0279232 0.0051384
68 0.498437 0.491274 0.186719 0.219895 0.00502014
41 0.330859 0.212914 0.0171875 0.0279232 0.00494385
45 0.0531738 0.848168 0.0302734 0.0139616 0.0049057
47 0.714063 0.260035 0.0515625 0.0584642 0.00488663
41 0.442969 0.214223 0.015625 0.0301047 0.00482941
39 0.861719 0.312827 0.021875 0.0706806 0.00479126
41 0.344141 0.330279 0.021875 0.0253054 0.00479126
74 0.684375 0.410558 0.04375 0.0183246 0.00479126
28 0.310547 0.835079 0.115625 0.30192 0.00477219
45 0.175049 0.84904 0.0350586 0.017452 0.00468063
41 0.569531 0.212696 0.0234375 0.0301047 0.00466537
62 0.540625 0.815881 0.06875 0.21466 0.0046463
41 0.354688 0.249127 0.0140625 0.0327225 0.00462723
71 0.689063 0.359948 0.209375 0.039267 0.00462723
71 0.841992 0.363874 0.156641 0.0322862 0.00455475
45 0.638281 0.748255 0.0367188 0.0200698 0.00455475
75 0.413281 0.151396 0.0453125 0.0571553 0.00455475
45 0.477344 0.325044 0.115625 0.0453752 0.00448608
74 0.638281 0.748255 0.0359375 0.0183246 0.00446701
41 0.385547 0.294503 0.0226563 0.0235602 0.00443268
58 0.162891 0.75349 0.0375 0.0881326 0.00443268
40 0.484375 0.226003 0.01875 0.0602094 0.00439835
41 0.39375 0.210733 0.015625 0.0235602 0.00438309
70 0.412891 0.151832 0.0445313 0.0558464 0.00434875
57 0.261133 0.834424 0.214844 0.299738 0.00432968
41 0.417188 0.212478 0.0132813 0.0287958 0.00429916
73 0.820312 0.248691 0.021875 0.0314136 0.00426483
41 0.329688 0.247818 0.0132813 0.0322862 0.00424957
73 0.413281 0.152487 0.0445313 0.0571553 0.00421524
40 0.51875 0.214223 0.01875 0.0296684 0.00421524
41 0.842188 0.212042 0.0125 0.0270506 0.00416565
67 0.413281 0.152487 0.0445313 0.0571553 0.00413513
41 0.465234 0.248691 0.021875 0.0331588 0.00413513
75 0.882812 0.154668 0.0328125 0.0510471 0.0041008
39 0.660156 0.219023 0.0164063 0.0449389 0.0041008
71 0.0866943 0.80541 0.137939 0.0209424 0.0041008
41 0.842188 0.250654 0.0125 0.034904 0.00407028
41 0.548047 0.212914 0.0148437 0.0331588 0.00402451
71 0.358984 0.358857 0.11875 0.0362129 0.00402451
41 0.2875 0.0881326 0.0453125 0.0322862 0.00388527
41 0.747656 0.210297 0.0171875 0.0244328 0.00385475
45 0.0878906 0.776614 0.0365234 0.0366492 0.00385475
28 0.875781 0.476003 0.20625 0.256545 0.00385475
75 0.864062 0.311955 0.021875 0.069808 0.00378036
41 0.413281 0.152487 0.0445313 0.0571553 0.00376511
73 0.882812 0.154668 0.0328125 0.0510471 0.00376511
58 0.8625 0.311518 0.021875 0.0671902 0.00376511
39 0.53125 0.214223 0.015625 0.0314136 0.00370789
41 0.0883789 0.776614 0.0332031 0.0314136 0.00359344
32 0.69375 0.895288 0.0234375 0.026178 0.00358009
59 0.876758 0.47644 0.205859 0.256545 0.00356483
35 0.310547 0.833333 0.116406 0.298429 0.00356483
39 0.413281 0.151396 0.0453125 0.0571553 0.00351143
58 0.114648 0.924956 0.0371094 0.0226876 0.00341606
54 0.309766 0.834206 0.117188 0.298429 0.00341606
41 0.544922 0.339442 0.0664062 0.052356 0.00340271
75 0.545313 0.294939 0.0453125 0.0235602 0.00338936
58 0.0761719 0.746073 0.0935547 0.111693 0.00338936
69 0.688281 0.359511 0.20625 0.0401396 0.00337601
41 0.853906 0.248909 0.0109375 0.0344677 0.00336266
68 0.162695 0.753927 0.0378906 0.0855148 0.00333786
40 0.842188 0.212042 0.0125 0.0270506 0.00332451
40 0.503516 0.231021 0.01875 0.0706806 0.00331116
57 0.875781 0.476003 0.20625 0.256545 0.00331116
40 0.6875 0.143761 0.0296875 0.069808 0.00329781
41 0.464063 0.212042 0.021875 0.0357766 0.00327301
41 0.486719 0.20877 0.0109375 0.0248691 0.00324821
40 0.466016 0.25 0.0242188 0.034904 0.00323486
74 0.694531 0.895288 0.025 0.0279232 0.00323486
41 0.845313 0.250873 0.0125 0.034904 0.00319672
14 0.114844 0.937173 0.0390625 0.0488656 0.00319672
71 0.0697754 0.808901 0.125293 0.017452 0.00318527
71 0.123828 0.808028 0.239844 0.0401396 0.00317192
41 0.429688 0.214442 0.01875 0.026178 0.00314713
75 0.283984 0.336169 0.0695313 0.0344677 0.00314713
41 0.35625 0.213133 0.0148437 0.0283595 0.00313568
39 0.283008 0.090096 0.0574219 0.0335951 0.00312424
41 0.591406 0.290576 0.0140625 0.0322862 0.00312424
73 0.875 0.155377 0.01875 0.0496291 0.00309944
71 0.031543 0.80541 0.0535156 0.0244328 0.00307465
71 0.687891 0.36082 0.128125 0.030541 0.00305176
39 0.289844 0.128709 0.0875 0.103403 0.00305176
41 0.332422 0.32897 0.0167969 0.0287958 0.00302696
71 0.871094 0.351222 0.170313 0.017452 0.00301552
41 0.882812 0.154668 0.0328125 0.0510471 0.00298119
71 0.31543 0.36082 0.199609 0.0427574 0.00298119
58 0.875 0.152923 0.01875 0.052356 0.00296974
40 0.53125 0.214223 0.015625 0.0314136 0.00296974
41 0.730469 0.211387 0.025 0.0270506 0.0029583
41 0.430078 0.249564 0.0242188 0.0427574 0.00292397
41 0.283984 0.336169 0.0695313 0.0344677 0.00292397
71 0.147632 0.801483 0.191455 0.0253054 0.00292397
71 0.0185059 0.798429 0.024707 0.0148342 0.00291252
75 0.935938 0.216187 0.034375 0.0405759 0.00286674
2 0.684375 0.410122 0.0421875 0.017452 0.0028553
71 0.650781 0.359511 0.09375 0.030541 0.00279999
47 0.366797 0.136889 0.0484375 0.0844241 0.00279045
71 0.860156 0.359948 0.215625 0.0270506 0.00279045
21 0.310742 0.835079 0.116016 0.298429 0.00277901
45 0.286719 0.343805 0.0742188 0.0200698 0.00275803
73 0.0185059 0.798429 0.024707 0.0148342 0.00275803
41 0.392969 0.292321 0.0195312 0.0274869 0.00273705
40 0.385547 0.294503 0.0226563 0.0235602 0.0027256
73 0.917188 0.292757 0.03125 0.0340314 0.00271416
39 0.548047 0.212914 0.0148437 0.0331588 0.00269318
71 0.857813 0.356457 0.190625 0.0244328 0.00269318
41 0.835938 0.212478 0.0125 0.0244328 0.0026722
73 0.842188 0.212042 0.0125 0.0270506 0.0026722
58 0.875 0.523997 0.196875 0.156195 0.00263214
71 0.160938 0.799738 0.0394531 0.0139616 0.00260162
74 0.747656 0.131981 0.046875 0.0562827 0.00259018
40 0.532031 0.232548 0.01875 0.069808 0.00259018
25 0.309766 0.834206 0.117188 0.298429 0.00259018
69 0.476562 0.330716 0.11875 0.0580279 0.00258064
46 0.753125 0.52356 0.0203125 0.0226876 0.00257111
68 0.412891 0.151614 0.0429688 0.056719 0.00256157
58 0.891406 0.110166 0.0421875 0.0497382 0.00252151
47 0.753125 0.52356 0.0203125 0.0226876 0.00252151
64 0.176221 0.846422 0.0334961 0.0139616 0.00252151
69 0.129492 0.388743 0.228906 0.440663 0.00251198
58 0.283984 0.336824 0.0703125 0.034904 0.00250244
71 0.0955078 0.80192 0.138477 0.0191972 0.0024929
74 0.0531738 0.848168 0.0302734 0.0139616 0.0024929
39 0.416406 0.292757 0.0125 0.0331588 0.00248146
41 0.129688 0.388743 0.229297 0.442408 0.00247192
39 0.875 0.152923 0.01875 0.052356 0.00240517
71 0.664062 0.360384 0.0609375 0.0279232 0.00240517
72 0.428809 0.906632 0.13457 0.158813 0.00240517
41 0.845313 0.140489 0.046875 0.0820244 0.00239754
41 0.484375 0.226003 0.01875 0.0602094 0.00239754
40 0.521094 0.232548 0.034375 0.069808 0.00237846
40 0.855469 0.213133 0.0125 0.0301047 0.00235939
73 0.762109 0.831588 0.466406 0.300175 0.00235939
74 0.0823242 0.759162 0.0572266 0.0820244 0.00234985
45 0.288281 0.08726 0.04375 0.0279232 0.00234222
75 0.114453 0.942408 0.0382813 0.0558464 0.00234222
71 0.825 0.352312 0.11875 0.0170157 0.00230598
58 0.904688 0.15685 0.046875 0.0431937 0.00228691
68 0.129688 0.388743 0.229297 0.442408 0.00227928
41 0.460156 0.21226 0.015625 0.0362129 0.00226974
40 0.392969 0.294503 0.0171875 0.0235602 0.00226974
77 0.845313 0.139616 0.0484375 0.0846422 0.00225258
41 0.341602 0.214223 0.0292969 0.0266143 0.00223351
59 0.876563 0.952007 0.240625 0.0680628 0.00223351
75 0.842188 0.212042 0.0125 0.0270506 0.00221634
45 0.772266 0.12151 0.119531 0.100785 0.00221634
70 0.476562 0.330716 0.11875 0.0580279 0.00220871
58 0.289844 0.128709 0.0875 0.103403 0.00219917
40 0.835938 0.212478 0.0125 0.0244328 0.00219154
32 0.714063 0.260908 0.0515625 0.0584642 0.00219154
39 0.483984 0.213787 0.0148437 0.0340314 0.00218201
40 0.39375 0.210733 0.015625 0.0235602 0.00216484
73 0.835938 0.212478 0.0125 0.0244328 0.00216484
41 0.416406 0.29123 0.0125 0.0340314 0.00216484
73 0.935938 0.159031 0.01875 0.0431937 0.00215721
60 0.187549 0.834206 0.363965 0.298429 0.00215721
40 0.469141 0.269197 0.0335938 0.074171 0.00214958
39 0.752344 0.210733 0.0125 0.0270506 0.00213242
41 0.79375 0.21466 0.015625 0.0226876 0.00210762
71 0.0283203 0.809555 0.0438477 0.0143979 0.00210762
39 0.503906 0.213351 0.0171875 0.0340314 0.00209999
40 0.491406 0.21466 0.0125 0.0375218 0.00209045
40 0.504687 0.249564 0.01875 0.039267 0.00208282
71 0.853906 0.369219 0.260938 0.0573735 0.00208282
69 0.299219 0.391688 0.146875 0.106675 0.00206757
56 0.976562 0.45637 0.028125 0.0924956 0.00205803
74 0.407813 0.882199 0.0234375 0.0209424 0.0020504
70 0.544922 0.295157 0.0445313 0.0239965 0.00204277
39 0.252344 0.215314 0.0226563 0.0445026 0.00201988
71 0.845313 0.353403 0.15 0.017452 0.00201988
71 0.876563 0.414485 0.19375 0.0942408 0.00201988
40 0.486719 0.20877 0.0109375 0.0248691 0.00201035
72 0.129395 0.388198 0.229102 0.443499 0.935547
45 0.283594 0.336387 0.0695313 0.034904 0.819824
69 0.499219 0.451134 0.192188 0.300175 0.774414
58 0.909375 0.130345 0.084375 0.101003 0.684082
39 0.162598 0.754363 0.0380859 0.08726 0.592773
75 0.367383 0.137325 0.0496094 0.0839878 0.558105
74 0.546875 0.0942408 0.104688 0.121291 0.449463
58 0.0823242 0.759162 0.0591797 0.0820244 0.317383
75 0.687891 0.144415 0.028125 0.0684991 0.29248
74 0.548438 0.0967496 0.0734375 0.0835515 0.27832
58 0.846094 0.138525 0.0515625 0.0859511 0.273682
75 0.845313 0.138743 0.05 0.0863874 0.193115
58 0.907813 0.111911 0.075 0.0593368 0.178955
57 0.310742 0.833333 0.117578 0.300175 0.119995
75 0.0892822 0.777487 0.0335449 0.034904 0.115967
69 0.497656 0.486911 0.182812 0.21815 0.111267
56 0.310742 0.833333 0.116016 0.300175 0.107056
74 0.545313 0.295375 0.04375 0.0244328 0.0987549
75 0.904688 0.15685 0.046875 0.0431937 0.0974121
62 0.772266 0.12151 0.119531 0.100785 0.0953369
45 0.545313 0.294939 0.0453125 0.0235602 0.0939941
71 0.875 0.399651 0.209375 0.108202 0.0900879
14 0.9 0.820244 0.0375 0.0279232 0.0827026
0 0.309961 0.834206 0.117969 0.298429 0.081543
45 0.291406 0.135798 0.0875 0.0861693 0.0800781
75 0.290625 0.137107 0.0867188 0.0844241 0.0726318
58 0.0825195 0.735602 0.0541016 0.0314136 0.0680542
74 0.413281 0.151778 0.04375 0.0550829 0.064209
45 0.544922 0.338351 0.0671875 0.0536649 0.062561
74 0.649219 0.27596 0.0671875 0.0737347 0.0566406
74 0.771875 0.12151 0.120313 0.101222 0.0554199
72 0.540625 0.815881 0.06875 0.21466 0.053009
26 0.310742 0.833333 0.116797 0.300175 0.053009
75 0.545313 0.338787 0.0671875 0.0536649 0.0507202
45 0.684375 0.410558 0.04375 0.0183246 0.0456848
39 0.367969 0.137653 0.05 0.0842059 0.0455322
69 0.540625 0.815881 0.0703125 0.21466 0.0445251
75 0.935938 0.158759 0.021875 0.0437391 0.0391846
45 0.714844 0.260471 0.0515625 0.0575916 0.0359497
32 0.753125 0.52356 0.0203125 0.0226876 0.035675
59 0.310742 0.833333 0.116797 0.300175 0.0343628
74 0.714453 0.260471 0.0507812 0.0580279 0.0330811
75 0.875 0.152923 0.01875 0.052356 0.0327148
74 0.539062 0.101222 0.0390625 0.0693717 0.0325928
15 0.310937 0.836824 0.115625 0.296684 0.0319824
75 0.162695 0.753927 0.0371094 0.0890052 0.0318604
74 0.0892822 0.777487 0.0335449 0.034904 0.03125
71 0.476953 0.324607 0.114844 0.0453752 0.0288696
77 0.310937 0.836824 0.115625 0.296684 0.0285492
45 0.903906 0.15685 0.046875 0.0431937 0.0273743
58 0.0830078 0.745201 0.0552734 0.0514834 0.0271759
41 0.935938 0.158322 0.021875 0.0446117 0.0264587
17 0.309961 0.834206 0.117969 0.298429 0.0263519
71 0.86875 0.364311 0.209375 0.0462478 0.0237732
71 0.12998 0.807592 0.259961 0.021815 0.0229797
16 0.310547 0.833988 0.115625 0.300611 0.0222015
24 0.310742 0.833333 0.116797 0.300175 0.0217743
45 0.457813 0.354058 0.0632813 0.0205061 0.0207214
71 0.871094 0.382199 0.207813 0.078534 0.0205688
39 0.845313 0.139616 0.0484375 0.0846422 0.0204926
71 0.88125 0.366492 0.196875 0.030541 0.0197906
19 0.309961 0.834206 0.117969 0.298429 0.0197906
41 0.341797 0.248473 0.0234375 0.0301047 0.0188293
69 0.876367 0.476003 0.206641 0.25829 0.0187683
41 0.545313 0.295375 0.04375 0.0244328 0.0185394
73 0.903906 0.156577 0.046875 0.0437391 0.0181274
71 0.114258 0.808901 0.202734 0.0191972 0.0170441
41 0.291406 0.135798 0.0875 0.0861693 0.0167236
58 0.114453 0.938918 0.0386719 0.0488656 0.0162201
45 0.176123 0.846422 0.0329102 0.0139616 0.0153656
41 0.483594 0.213787 0.015625 0.0340314 0.0152512
20 0.309961 0.834206 0.117969 0.298429 0.0146713
41 0.875 0.153578 0.01875 0.0519197 0.0144501
74 0.532813 0.098822 0.04375 0.0623909 0.014389
41 0.503906 0.213351 0.0171875 0.0340314 0.0142288
56 0.875781 0.476003 0.20625 0.257417 0.0141754
75 0.845313 0.155759 0.04375 0.0519197 0.0136871
75 0.714453 0.261126 0.05 0.0580279 0.0127716
41 0.85625 0.157941 0.021875 0.0462478 0.0125732
75 0.0856445 0.770506 0.0455078 0.0575916 0.0125275
71 0.162695 0.806283 0.148438 0.0226876 0.0121002
45 0.649219 0.276614 0.06875 0.0732984 0.0120087
41 0.515234 0.248473 0.025 0.0331588 0.0118256
41 0.367969 0.138525 0.05 0.0859511 0.0116425
71 0.339844 0.358639 0.0828125 0.0383944 0.0115509
56 0.875 0.510471 0.195312 0.181501 0.011467
41 0.820312 0.248691 0.021875 0.0314136 0.011116
41 0.825 0.249346 0.0234375 0.030541 0.0106506
58 0.877344 0.126745 0.021875 0.0506108 0.0101318
58 0.874219 0.143761 0.021875 0.0715532 0.0100555
58 0.0750977 0.754799 0.0798828 0.0907504 0.0100555
41 0.53125 0.214223 0.015625 0.0314136 0.00981903
54 0.714063 0.260908 0.05 0.0584642 0.00981903
14 0.114551 0.924084 0.0369141 0.0209424 0.00974274
40 0.503906 0.213351 0.0171875 0.0340314 0.00952148
58 0.772656 0.121073 0.117188 0.102531 0.00952148
72 0.42666 0.876091 0.137305 0.22164 0.00933838
75 0.309961 0.834206 0.117969 0.298429 0.00912476
73 0.339453 0.358857 0.075 0.0362129 0.00905609
75 0.85625 0.157941 0.021875 0.0462478 0.00898743
41 0.330859 0.212914 0.0164063 0.0287958 0.00891876
41 0.555078 0.212914 0.0242188 0.0287958 0.00874329
57 0.875 0.510471 0.195312 0.181501 0.00861359
41 0.51875 0.214223 0.01875 0.0296684 0.00828552
41 0.287695 0.0879145 0.0445313 0.0318499 0.008255
40 0.368359 0.137435 0.0507812 0.0846422 0.008255
47 0.283594 0.336387 0.0703125 0.0357766 0.00821686
41 0.354883 0.249127 0.0136719 0.0327225 0.00809479
41 0.442969 0.214223 0.015625 0.030541 0.00803375
40 0.483594 0.213787 0.015625 0.0340314 0.00787354
45 0.0184814 0.798429 0.0246582 0.0148342 0.00787354
75 0.0826172 0.758726 0.0560547 0.0811518 0.00769424
41 0.569922 0.212478 0.021875 0.0296684 0.00766754
71 0.0950928 0.809773 0.125049 0.0157068 0.00757599
71 0.4625 0.354494 0.0578125 0.0213787 0.00754929
45 0.0532227 0.848168 0.0300781 0.0139616 0.00754929
73 0.871094 0.830716 0.248438 0.296684 0.00754929
41 0.417188 0.212478 0.0132813 0.0287958 0.00743103
41 0.344531 0.330279 0.0210938 0.0253054 0.00740433
71 0.504687 0.361147 0.189063 0.0298866 0.00740433
41 0.329492 0.247818 0.0128906 0.0322862 0.00737381
41 0.39375 0.210733 0.0164063 0.0235602 0.00734711
59 0.750391 0.834206 0.488281 0.303665 0.00731659
58 0.687891 0.143979 0.0296875 0.069808 0.00723267
41 0.904688 0.15685 0.046875 0.0431937 0.00709534
69 0.488281 0.337042 0.14375 0.0702443 0.00709534
39 0.842188 0.212042 0.0125 0.0270506 0.00706482
45 0.476953 0.324607 0.114844 0.0453752 0.00706482
41 0.845313 0.157504 0.04375 0.0471204 0.00677109
45 0.638281 0.747819 0.0367188 0.0191972 0.00664139
32 0.376172 0.521815 0.021875 0.0244328 0.00661469
41 0.747656 0.210297 0.0164063 0.0244328 0.00658798
45 0.175195 0.84904 0.0347656 0.017452 0.00656509
39 0.660156 0.219023 0.015625 0.0445026 0.00653839
41 0.548047 0.213133 0.0148437 0.0331588 0.00643921
75 0.874219 0.143761 0.021875 0.0715532 0.00638962
39 0.935938 0.158868 0.0203125 0.0443935 0.00634003
41 0.842188 0.212042 0.0125 0.0270506 0.00631332
41 0.385547 0.294503 0.021875 0.0235602 0.00624084
47 0.714063 0.260035 0.0515625 0.0584642 0.00619125
41 0.464844 0.248691 0.0203125 0.0331588 0.006073
41 0.413281 0.152487 0.04375 0.056719 0.00600433
73 0.413281 0.152487 0.04375 0.056719 0.00593567
40 0.484375 0.224476 0.0179687 0.056719 0.00577545
28 0.310547 0.833988 0.115625 0.300611 0.00568771
70 0.4125 0.151832 0.04375 0.0558464 0.00566483
71 0.84082 0.363874 0.155859 0.0322862 0.00566483
41 0.464063 0.211824 0.0210938 0.0353403 0.00564194
68 0.540625 0.815881 0.06875 0.21466 0.00564194
73 0.825 0.249346 0.0234375 0.030541 0.00559998
28 0.875781 0.476003 0.20625 0.257417 0.0055542
41 0.730078 0.211387 0.0242188 0.0266143 0.00551224
41 0.0882813 0.776614 0.0328125 0.0314136 0.00548935
39 0.861719 0.312827 0.021875 0.0702443 0.00547028
40 0.51875 0.214223 0.01875 0.0296684 0.00542831
74 0.684375 0.410558 0.04375 0.0183246 0.00542831
41 0.486719 0.20877 0.0109375 0.0248691 0.00540543
41 0.841406 0.250654 0.0125 0.0344677 0.00538635
74 0.555469 0.0963133 0.05625 0.0713351 0.00536346
41 0.35625 0.213351 0.0148437 0.0279232 0.00526047
39 0.53125 0.214223 0.015625 0.0314136 0.00526047
71 0.283984 0.33726 0.071875 0.0322862 0.00519943
74 0.638281 0.747819 0.0359375 0.017452 0.0051384
41 0.331836 0.32897 0.0160156 0.0292321 0.00510025
75 0.412891 0.151396 0.0453125 0.0571553 0.00503922
41 0.429688 0.214442 0.0179687 0.0266143 0.00502014
45 0.0881104 0.776614 0.0358887 0.0366492 0.00500107
55 0.283594 0.336387 0.0703125 0.0357766 0.00498199
68 0.497656 0.490838 0.185938 0.219895 0.00496292
58 0.162891 0.753927 0.0371094 0.0890052 0.00494385
72 0.877344 0.476003 0.207813 0.25829 0.0049057
39 0.412891 0.151396 0.0453125 0.0571553 0.00482941
67 0.413281 0.152487 0.04375 0.056719 0.00481033
46 0.694141 0.895288 0.0242188 0.0279232 0.00479126
45 0.288281 0.087151 0.0429688 0.0274869 0.00477219
71 0.358789 0.358639 0.116797 0.0357766 0.00473785
71 0.688281 0.359948 0.210938 0.0401396 0.00473785
39 0.283398 0.0896597 0.05625 0.0327225 0.00468063
40 0.687891 0.143979 0.0296875 0.069808 0.00468063
73 0.820312 0.248691 0.021875 0.0314136 0.00452042
41 0.845313 0.250873 0.0125 0.0340314 0.00452042
41 0.591406 0.290576 0.0140625 0.0322862 0.00452042
75 0.859375 0.314136 0.01875 0.069808 0.00452042
41 0.429688 0.249564 0.0234375 0.0427574 0.00450516
41 0.853906 0.248691 0.0109375 0.0340314 0.00450516
40 0.842188 0.212042 0.0125 0.0270506 0.00445175
75 0.935938 0.216405 0.034375 0.0401396 0.00443268
59 0.876563 0.476549 0.20625 0.258072 0.00439835
57 0.186377 0.835951 0.365527 0.296684 0.00432968
58 0.875 0.52356 0.196875 0.157068 0.0042305
57 0.875781 0.476003 0.20625 0.257417 0.0042305
73 0.882031 0.154832 0.03125 0.0507199 0.00419998
41 0.460156 0.212478 0.0164063 0.0357766 0.00419998
41 0.545313 0.338787 0.0671875 0.0536649 0.00419998
2 0.683984 0.410122 0.0421875 0.017452 0.00416565
58 0.114551 0.924084 0.0369141 0.0209424 0.00405502
73 0.917188 0.292757 0.03125 0.0331588 0.00399017
75 0.882031 0.154832 0.03125 0.0507199 0.00397491
41 0.484375 0.224476 0.0179687 0.056719 0.0039444
40 0.503516 0.230803 0.0179687 0.0702443 0.0039444
40 0.53125 0.214223 0.015625 0.0314136 0.00392914
32 0.69375 0.895288 0.0234375 0.0279232 0.00392914
39 0.548047 0.213133 0.0148437 0.0331588 0.00391388
41 0.835938 0.212478 0.0125 0.0235602 0.00391388
75 0.545313 0.294939 0.0453125 0.0235602 0.00391388
41 0.342187 0.214223 0.0273438 0.026178 0.00385475
62 0.540625 0.815881 0.06875 0.21466 0.00385475
73 0.875 0.155377 0.01875 0.0496291 0.00383949
64 0.176123 0.846422 0.0329102 0.0139616 0.00383949
74 0.69375 0.895288 0.0234375 0.0279232 0.00367928
74 0.532813 0.109075 0.0414063 0.0488656 0.00366402
69 0.476562 0.330279 0.117188 0.0575916 0.00365067
75 0.283984 0.336169 0.0695313 0.0344677 0.0036068
73 0.0184814 0.798429 0.0246582 0.0148342 0.0036068
41 0.392969 0.292321 0.01875 0.0270506 0.00359344
41 0.882031 0.154832 0.03125 0.0507199 0.00356483
58 0.28418 0.336824 0.0699219 0.034904 0.00356483
75 0.864062 0.311518 0.021875 0.069808 0.00356483
40 0.465625 0.25 0.0226563 0.034904 0.00355148
73 0.358789 0.358639 0.116797 0.0357766 0.00349617
39 0.752344 0.210515 0.0125 0.0274869 0.00348282
71 0.871875 0.351222 0.16875 0.017452 0.00345612
41 0.283984 0.336169 0.0695313 0.0344677 0.00342941
70 0.476562 0.330279 0.117188 0.0575916 0.00342941
40 0.385547 0.294503 0.021875 0.0235602 0.00341606
41 0.592969 0.213351 0.015625 0.0322862 0.00337601
40 0.854688 0.213351 0.0125 0.0296684 0.00336266
39 0.416406 0.292757 0.0125 0.0331588 0.00335121
71 0.315039 0.360602 0.197266 0.0431937 0.00331116
71 0.860938 0.360166 0.214062 0.0266143 0.00329781
72 0.499219 0.451134 0.192188 0.300175 0.00329781
40 0.39375 0.210733 0.0164063 0.0235602 0.00328636
41 0.845313 0.140979 0.046875 0.0810428 0.00327301
41 0.38125 0.211606 0.021875 0.0253054 0.00324821
54 0.309961 0.834206 0.117969 0.298429 0.00324821
58 0.875 0.152923 0.01875 0.052356 0.00323486
39 0.635156 0.215969 0.015625 0.0418848 0.00323486
71 0.657031 0.359948 0.078125 0.0296684 0.00323486
73 0.842188 0.212042 0.0125 0.0270506 0.00319672
59 0.876563 0.952007 0.240625 0.0680628 0.00319672
71 0.85957 0.356894 0.190234 0.0244328 0.00318527
71 0.697656 0.361366 0.101562 0.0294503 0.00318527
39 0.483594 0.213787 0.015625 0.0340314 0.00317192
58 0.8625 0.311736 0.021875 0.0667539 0.00316048
45 0.2875 0.343805 0.0734375 0.0191972 0.00312424
41 0.60625 0.21466 0.01875 0.0287958 0.003088
71 0.0307495 0.804538 0.0517822 0.0244328 0.003088
58 0.890625 0.110384 0.040625 0.0493019 0.00307465
71 0.664453 0.361257 0.0601563 0.026178 0.00307465
68 0.162695 0.753927 0.0375 0.0846422 0.00307465
57 0.266406 0.833333 0.204688 0.300175 0.0030632
39 0.503906 0.213351 0.0171875 0.0340314 0.00305176
40 0.491406 0.214223 0.0125 0.0370855 0.00304031
40 0.532031 0.23233 0.01875 0.069808 0.00304031
74 0.0532227 0.848168 0.0300781 0.0139616 0.00304031
41 0.815625 0.211824 0.015625 0.0292321 0.00302696
69 0.129883 0.389071 0.228516 0.441754 0.00302696
35 0.310742 0.833333 0.116797 0.300175 0.00302696
70 0.544922 0.295157 0.04375 0.0239965 0.00300407
41 0.79375 0.21466 0.015625 0.0222513 0.00298119
39 0.664453 0.219459 0.0148437 0.04363 0.00296974
39 0.875 0.152923 0.01875 0.052356 0.0029583
39 0.288281 0.087151 0.0429688 0.0274869 0.00293541
40 0.835938 0.212478 0.0125 0.0235602 0.00292397
71 0.375781 0.359511 0.0859375 0.0375218 0.00292397
41 0.463281 0.20986 0.0125 0.0287958 0.00291252
41 0.491406 0.214223 0.0125 0.0370855 0.00288963
74 0.407813 0.882199 0.0234375 0.0209424 0.00288963
71 0.087085 0.80541 0.129736 0.0209424 0.00287819
41 0.752344 0.210515 0.0125 0.0274869 0.00286674
71 0.0184814 0.798429 0.0246582 0.0148342 0.00286674
39 0.654297 0.219023 0.0117188 0.04363 0.00284576
41 0.416406 0.29123 0.0125 0.0340314 0.00284576
58 0.904688 0.153632 0.0453125 0.0382853 0.00281143
41 0.517969 0.213351 0.025 0.0340314 0.00279999
41 0.302734 0.248255 0.0273438 0.0309773 0.00277901
74 0.747656 0.131872 0.046875 0.0556283 0.00275803
40 0.417188 0.212478 0.0132813 0.0287958 0.00275803
71 0.123438 0.808901 0.240625 0.0401396 0.00275803
74 0.541406 0.0893325 0.053125 0.0647906 0.00274658
40 0.466016 0.212914 0.0265625 0.034904 0.00273705
41 0.61875 0.21466 0.015625 0.0296684 0.00273705
40 0.520312 0.23233 0.03125 0.0693717 0.00273705
39 0.647266 0.216841 0.0125 0.04363 0.00273705
68 0.412891 0.151614 0.0429688 0.056719 0.0027256
25 0.309961 0.834206 0.117969 0.298429 0.0027256
71 0.824219 0.352531 0.115625 0.0165794 0.00271416
41 0.80625 0.457679 0.015625 0.021815 0.00269318
39 0.289844 0.129363 0.0875 0.102531 0.00269318
41 0.503125 0.248255 0.0140625 0.0340314 0.00268364
40 0.392969 0.294503 0.0171875 0.0235602 0.0026722
75 0.114453 0.942408 0.0380859 0.0558464 0.0026722
73 0.935938 0.15925 0.01875 0.0431937 0.00266266
39 0.252344 0.215532 0.0226563 0.0445026 0.00265312
73 0.907813 0.295812 0.015625 0.026178 0.00265312
14 0.114844 0.937173 0.0390625 0.0488656 0.00265312
77 0.845313 0.139616 0.0484375 0.0846422 0.00263214
74 0.0826172 0.758726 0.0560547 0.0811518 0.00263214
74 0.0856445 0.770506 0.0455078 0.0575916 0.0026207
69 0.688281 0.359948 0.20625 0.0401396 0.00260162
72 0.129395 0.388743 0.229492 0.444154 0.942383
45 0.283398 0.336387 0.0691406 0.034904 0.858887
69 0.499609 0.451134 0.192969 0.301047 0.769043
58 0.909375 0.130454 0.084375 0.100785 0.713867
39 0.1625 0.754363 0.0378906 0.08726 0.629883
75 0.367578 0.137325 0.0492188 0.0839878 0.616699
74 0.546875 0.0942408 0.104688 0.121291 0.460938
58 0.082251 0.759162 0.0589355 0.0820244 0.329346
74 0.548438 0.0967496 0.0734375 0.0831152 0.317383
58 0.845313 0.138525 0.05 0.0859511 0.297363
75 0.688281 0.144415 0.028125 0.0684991 0.281494
75 0.845313 0.138743 0.05 0.0863874 0.206909
58 0.907813 0.112347 0.075 0.0597731 0.196777
75 0.0891602 0.777051 0.0330078 0.0340314 0.138428
57 0.310937 0.834206 0.117969 0.300175 0.134277
69 0.497656 0.486911 0.182812 0.219895 0.119202
74 0.545313 0.295375 0.04375 0.0244328 0.113586
45 0.545703 0.294939 0.0445313 0.0235602 0.111267
56 0.310937 0.834206 0.116406 0.300175 0.106689
75 0.904688 0.156686 0.046875 0.0435209 0.102295
62 0.772266 0.121728 0.119531 0.101222 0.0974121
45 0.291406 0.135908 0.0875 0.0859511 0.0966797
14 0.9 0.820244 0.0375 0.0279232 0.0966797
71 0.875 0.399651 0.209375 0.108202 0.0888062
0 0.310937 0.834206 0.117969 0.300175 0.0866089
75 0.290625 0.137216 0.0867188 0.0842059 0.0797729
58 0.0825195 0.735166 0.0537109 0.030541 0.076416
72 0.539844 0.816972 0.06875 0.215969 0.0736694
45 0.544922 0.338133 0.0671875 0.0532286 0.0726318
74 0.413281 0.151614 0.04375 0.0549738 0.0705566
74 0.649219 0.276178 0.0679687 0.0732984 0.0605164
45 0.684375 0.410558 0.04375 0.0183246 0.0603027
74 0.771875 0.121728 0.11875 0.101222 0.0587769
75 0.545313 0.339005 0.0671875 0.0532286 0.0570679
69 0.540625 0.815881 0.0703125 0.21466 0.0558167
39 0.367969 0.137653 0.05 0.0842059 0.0541992
26 0.310937 0.833333 0.117188 0.300175 0.0474243
75 0.935938 0.158759 0.021875 0.0437391 0.0446777
74 0.0891602 0.777051 0.0330078 0.0340314 0.0427246
45 0.714844 0.260471 0.0515625 0.0575916 0.0411377
59 0.310937 0.833333 0.117188 0.300175 0.0405273
32 0.753125 0.52356 0.0203125 0.0226876 0.0399475
74 0.539844 0.102967 0.0375 0.065445 0.0390625
74 0.714453 0.260471 0.0507812 0.0575916 0.0370483
71 0.476953 0.324607 0.114844 0.0453752 0.0343628
75 0.875 0.153196 0.01875 0.0522469 0.0339661
45 0.457813 0.353839 0.0632813 0.0209424 0.0322266
77 0.310937 0.835951 0.115625 0.296684 0.0307922
75 0.162695 0.753927 0.0371094 0.0890052 0.0304413
41 0.935938 0.158322 0.021875 0.0446117 0.0301056
45 0.903906 0.15685 0.046875 0.0431937 0.0287628
15 0.310937 0.835951 0.115625 0.296684 0.0284424
41 0.341992 0.248473 0.0226563 0.0301047 0.0275879
39 0.845313 0.139616 0.0484375 0.0846422 0.0235138
41 0.545313 0.295375 0.04375 0.0244328 0.0233307
71 0.124023 0.80781 0.230859 0.0178883 0.0225372
41 0.483594 0.213787 0.0148437 0.0340314 0.0220337
45 0.176172 0.846422 0.0328125 0.0139616 0.0213623
71 0.868945 0.364747 0.208984 0.0462478 0.0207214
41 0.503906 0.213133 0.0171875 0.0335951 0.0206451
17 0.310352 0.834424 0.11875 0.299738 0.0200958
73 0.903906 0.156577 0.046875 0.0437391 0.0200195
16 0.310547 0.833988 0.115625 0.300611 0.0199432
41 0.291406 0.135908 0.0875 0.0859511 0.0191956
24 0.310937 0.833333 0.117188 0.300175 0.0191956
71 0.88125 0.366383 0.196875 0.0298866 0.0191193
74 0.532813 0.0990401 0.04375 0.0606457 0.0179138
71 0.871875 0.382308 0.20625 0.0783159 0.0171814
69 0.877344 0.47644 0.207813 0.259162 0.0170441
41 0.875 0.153578 0.01875 0.0519197 0.0164642
41 0.515234 0.248473 0.025 0.0331588 0.0155411
75 0.714453 0.261126 0.05 0.0580279 0.0152512
58 0.114453 0.938918 0.0386719 0.0488656 0.0149536
41 0.330469 0.213133 0.0164063 0.0283595 0.0146713
71 0.341016 0.357984 0.0726563 0.0327225 0.0142288
75 0.845313 0.155759 0.04375 0.0519197 0.0141754
45 0.649219 0.276614 0.06875 0.0732984 0.014061
41 0.820312 0.248473 0.021875 0.0309773 0.0139008
41 0.825 0.249346 0.0234375 0.030541 0.0138474
75 0.0857178 0.770942 0.0453613 0.0558464 0.0136337
41 0.53125 0.214223 0.015625 0.0309773 0.0134277
41 0.85625 0.157941 0.021875 0.0462478 0.0133286
41 0.554688 0.212696 0.0234375 0.0287958 0.0131226
41 0.367969 0.138253 0.05 0.0856239 0.0130692
41 0.355078 0.249127 0.0132813 0.0327225 0.0123825
19 0.310352 0.834424 0.11875 0.299738 0.012146
41 0.442969 0.214223 0.015625 0.030541 0.0120087
56 0.875781 0.476003 0.207813 0.259162 0.0119629
41 0.417188 0.212478 0.0132813 0.0287958 0.0117798
40 0.503906 0.213133 0.0171875 0.0335951 0.0116882
41 0.329297 0.247818 0.0125 0.0322862 0.0115051
41 0.51875 0.214223 0.01875 0.0296684 0.011467
20 0.310352 0.834424 0.11875 0.299738 0.011467
41 0.287891 0.0876963 0.0445313 0.0309773 0.0114212
73 0.339648 0.358639 0.0746094 0.0357766 0.0113754
41 0.570312 0.212478 0.021875 0.0296684 0.0112457
58 0.772656 0.121291 0.117188 0.102967 0.0112
58 0.877344 0.126527 0.021875 0.0497382 0.0110703
58 0.874219 0.143761 0.021875 0.0715532 0.0108566
41 0.39375 0.210733 0.0164063 0.0235602 0.0107803
56 0.875 0.512216 0.19375 0.17801 0.0107803
54 0.714063 0.260908 0.05 0.0584642 0.0107346
41 0.344922 0.330279 0.0203125 0.0253054 0.0102463
45 0.018457 0.798429 0.0246094 0.0148342 0.0102081
71 0.162207 0.806719 0.141211 0.021815 0.0102081
45 0.0532227 0.848168 0.0300781 0.0139616 0.01017
40 0.367969 0.137216 0.0515625 0.0846422 0.01017
71 0.149243 0.80541 0.185498 0.0226876 0.0100555
40 0.483594 0.213787 0.0148437 0.0340314 0.00993347
41 0.747656 0.210297 0.015625 0.0244328 0.00978088
58 0.0775391 0.749564 0.0820312 0.102967 0.00974274
72 0.42666 0.876091 0.137305 0.22164 0.00945282
14 0.114648 0.924084 0.0367188 0.0209424 0.00937653
41 0.547656 0.213133 0.0140625 0.0331588 0.00912476
39 0.660156 0.219023 0.015625 0.0445026 0.00908661
45 0.476953 0.32548 0.111719 0.0462478 0.00905609
45 0.638281 0.747819 0.0367188 0.0191972 0.00894928
71 0.4625 0.354494 0.0578125 0.0213787 0.0088501
45 0.175195 0.84904 0.0347656 0.017452 0.00881195
47 0.283594 0.336387 0.0703125 0.0357766 0.00878143
74 0.557031 0.0969677 0.0523438 0.0691536 0.00874329
39 0.842188 0.212042 0.0125 0.0270506 0.00867462
41 0.385547 0.294503 0.021875 0.0235602 0.0086441
75 0.85625 0.157941 0.021875 0.0462478 0.00857544
41 0.486719 0.208988 0.0109375 0.0253054 0.0085144
41 0.729688 0.211387 0.0234375 0.0266143 0.00844574
41 0.842188 0.212042 0.0125 0.0270506 0.00844574
41 0.464844 0.248691 0.0203125 0.0331588 0.00844574
41 0.464063 0.211824 0.0210938 0.0353403 0.00834656
75 0.0827148 0.758726 0.0556641 0.0802792 0.00831604
57 0.875 0.512216 0.19375 0.17801 0.008255
41 0.35625 0.213351 0.0148437 0.0279232 0.00809479
41 0.904688 0.156686 0.046875 0.0435209 0.00806427
41 0.429688 0.214442 0.0179687 0.0266143 0.0078125
71 0.504687 0.361257 0.189063 0.0296684 0.0078125
69 0.485938 0.336824 0.140625 0.0706806 0.00769424
41 0.0882813 0.776614 0.0326172 0.030541 0.00763702
58 0.687891 0.143979 0.0296875 0.069808 0.00743103
41 0.845313 0.157504 0.04375 0.0471204 0.00743103
73 0.413281 0.152487 0.04375 0.056719 0.00740433
59 0.750391 0.834206 0.488281 0.303665 0.00734711
41 0.331641 0.32897 0.015625 0.0296684 0.00725937
32 0.376172 0.521815 0.021875 0.0244328 0.00720596
72 0.877344 0.476331 0.207813 0.258508 0.00720596
40 0.484375 0.222513 0.0179687 0.0532286 0.00712204
41 0.413281 0.152487 0.04375 0.056719 0.00706482
39 0.53125 0.214223 0.015625 0.0309773 0.00706482
39 0.935938 0.158813 0.0203125 0.0445026 0.0069313
45 0.288477 0.0870419 0.0429688 0.0272688 0.0069046
75 0.874219 0.143761 0.021875 0.0715532 0.00682449
41 0.841406 0.250436 0.0125 0.034904 0.00677109
41 0.429688 0.249564 0.0234375 0.0427574 0.00671768
73 0.871094 0.830716 0.248438 0.298429 0.00658798
73 0.825 0.249346 0.0234375 0.030541 0.00653839
41 0.460156 0.21226 0.0164063 0.0357766 0.0064888
75 0.310352 0.834424 0.11875 0.299738 0.0064888
40 0.51875 0.214223 0.01875 0.0296684 0.00643921
47 0.714063 0.260035 0.0515625 0.0584642 0.00636292
70 0.4125 0.151887 0.04375 0.0557373 0.00631332
74 0.684375 0.410558 0.04375 0.0183246 0.00629044
58 0.875 0.52356 0.196875 0.157068 0.00612259
74 0.638281 0.747819 0.0359375 0.017452 0.006073
39 0.861719 0.312827 0.021875 0.069808 0.00605011
71 0.0979492 0.809555 0.100586 0.0143979 0.00600433
41 0.845313 0.250654 0.0125 0.0344677 0.00591278
39 0.283594 0.0894415 0.0554687 0.0322862 0.005867
41 0.342578 0.21466 0.0257812 0.026178 0.005867
75 0.935156 0.216405 0.0328125 0.0401396 0.005867
41 0.484375 0.222513 0.0179687 0.0532286 0.00584412
41 0.591406 0.290576 0.0140625 0.0322862 0.00579834
28 0.875781 0.476003 0.207813 0.259162 0.00579834
39 0.4125 0.151396 0.0453125 0.0571553 0.00577545
68 0.540625 0.815881 0.06875 0.21466 0.00577545
41 0.853906 0.248691 0.0109375 0.0340314 0.00575256
45 0.0880859 0.777051 0.0355469 0.0357766 0.00572968
40 0.842188 0.212042 0.0125 0.0270506 0.00566483
40 0.687891 0.143597 0.0289063 0.0688264 0.00557709
41 0.592969 0.213351 0.015625 0.0314136 0.00557709
39 0.547656 0.213133 0.0140625 0.0331588 0.00553513
73 0.916406 0.292757 0.03125 0.0331588 0.00553513
28 0.310547 0.833988 0.115625 0.300611 0.00553513
67 0.413281 0.152487 0.04375 0.056719 0.00548935
64 0.176172 0.846422 0.0328125 0.0139616 0.00536346
73 0.820312 0.248473 0.021875 0.0309773 0.00530243
41 0.30293 0.248255 0.025 0.030541 0.00526047
75 0.4125 0.151396 0.0453125 0.0571553 0.00519943
71 0.840625 0.363765 0.153125 0.0316318 0.00516129
71 0.357812 0.358639 0.114063 0.034904 0.0051384
41 0.835156 0.212478 0.0125 0.0235602 0.00510025
39 0.752344 0.210515 0.0125 0.0274869 0.00502014
2 0.683984 0.410122 0.0421875 0.017452 0.00502014
46 0.694141 0.895288 0.0242188 0.0279232 0.00500107
41 0.392969 0.294503 0.0164063 0.0235602 0.00498199
58 0.162695 0.753927 0.0371094 0.0890052 0.00496292
74 0.532813 0.109511 0.040625 0.0471204 0.00488663
41 0.380859 0.211606 0.0210938 0.0253054 0.00488663
39 0.635156 0.215969 0.015625 0.0418848 0.00484848
58 0.283984 0.336606 0.0699219 0.0344677 0.00484848
55 0.283594 0.336387 0.0703125 0.0357766 0.00479126
59 0.876563 0.47644 0.20625 0.259162 0.00473785
41 0.60625 0.21466 0.01875 0.0287958 0.00471878
39 0.664453 0.219241 0.0148437 0.04363 0.00469971
39 0.416406 0.292757 0.0125 0.0331588 0.00469971
40 0.39375 0.210733 0.0164063 0.0235602 0.00460815
40 0.53125 0.214223 0.015625 0.0309773 0.00460815
75 0.545313 0.295375 0.04375 0.0244328 0.00460815
68 0.498047 0.490401 0.185938 0.219895 0.00460815
41 0.545313 0.339005 0.0671875 0.0532286 0.0045929
74 0.69375 0.895288 0.0234375 0.0279232 0.0045929
41 0.491016 0.214005 0.0125 0.0362129 0.00453949
40 0.854688 0.213351 0.0125 0.0296684 0.00448608
41 0.309766 0.211606 0.0125 0.021815 0.00446701
40 0.503516 0.230803 0.0179687 0.069808 0.00438309
32 0.69375 0.895288 0.0234375 0.0279232 0.00438309
39 0.483594 0.213787 0.0148437 0.0340314 0.00432968
39 0.654297 0.219023 0.0117188 0.04363 0.00432968
69 0.476562 0.329625 0.117188 0.056719 0.00432968
45 0.341211 0.358639 0.0792969 0.0375218 0.00432968
72 0.499609 0.451134 0.192969 0.301047 0.00432968
71 0.283984 0.337042 0.071875 0.0322862 0.00431442
73 0.018457 0.798429 0.0246094 0.0148342 0.00426483
41 0.815625 0.211824 0.015625 0.0292321 0.00419998
41 0.463281 0.210079 0.0125 0.0292321 0.00419998
40 0.385547 0.294503 0.021875 0.0235602 0.00415039
39 0.503906 0.213133 0.0171875 0.0335951 0.00413513
41 0.61875 0.21466 0.015625 0.0296684 0.00413513
75 0.283594 0.336169 0.0695313 0.0344677 0.00413513
73 0.874219 0.155541 0.01875 0.0493019 0.0041008
73 0.88125 0.154832 0.028125 0.0507199 0.0041008
41 0.752344 0.210515 0.0125 0.0274869 0.0041008
40 0.417188 0.212478 0.0132813 0.0287958 0.00408554
73 0.223438 0.799738 0.0394531 0.0200698 0.00407028
71 0.688281 0.360166 0.210938 0.0397033 0.00407028
41 0.79375 0.21466 0.015625 0.021815 0.00402451
41 0.705469 0.32897 0.0171875 0.0296684 0.00400543
40 0.465234 0.249564 0.021875 0.0340314 0.00397491
70 0.544922 0.294939 0.04375 0.0235602 0.00395966
70 0.476562 0.329625 0.117188 0.056719 0.0039444
58 0.114648 0.924084 0.0367188 0.0209424 0.00392914
73 0.357812 0.358639 0.114063 0.034904 0.00391388
41 0.807031 0.458115 0.0140625 0.0209424 0.00391388
73 0.842188 0.212042 0.0125 0.0270506 0.00388527
75 0.859375 0.314572 0.01875 0.0689354 0.00388527
74 0.407813 0.882199 0.0234375 0.0209424 0.00387001
41 0.416406 0.291449 0.0132813 0.0340314 0.00382423
40 0.491016 0.214005 0.0125 0.0362129 0.00380898
41 0.283594 0.336169 0.0695313 0.0344677 0.00379562
57 0.876563 0.476549 0.2 0.251091 0.00376511
41 0.289258 0.248691 0.0136719 0.030541 0.00374985
40 0.835156 0.212478 0.0125 0.0235602 0.00372124
39 0.252344 0.215532 0.0222656 0.0445026 0.00372124
41 0.517969 0.213351 0.0242188 0.0340314 0.00370789
39 0.647266 0.216841 0.0125 0.04363 0.00370789
73 0.907813 0.295812 0.015625 0.026178 0.00370789
59 0.876563 0.95288 0.240625 0.069808 0.00370789
62 0.540625 0.815881 0.06875 0.21466 0.00367928
75 0.88125 0.154832 0.028125 0.0507199 0.00366402
57 0.18667 0.835733 0.365723 0.29712 0.00366402
41 0.88125 0.154832 0.028125 0.0507199 0.00365067
41 0.503125 0.248255 0.0132813 0.0344677 0.00365067
41 0.768359 0.213351 0.0148437 0.0270506 0.00363541
74 0.0532227 0.848168 0.0300781 0.0139616 0.0036068
71 0.664062 0.362238 0.059375 0.0242147 0.00359344
41 0.182031 0.800175 0.0140625 0.0191972 0.00359344
71 0.316016 0.360384 0.188281 0.0427574 0.00359344
57 0.242236 0.834206 0.253809 0.300175 0.00359344
40 0.60625 0.21466 0.01875 0.0287958 0.00356483
39 0.644531 0.216623 0.0117188 0.0427574 0.00355148
45 0.288477 0.344241 0.0714844 0.0183246 0.00353813
39 0.288477 0.0870419 0.0429688 0.0272688 0.00351143
41 0.845313 0.141579 0.046875 0.0798429 0.00351143
75 0.864062 0.311518 0.021875 0.0689354 0.00351143
41 0.251953 0.215314 0.021875 0.0440663 0.00348282
41 0.353906 0.328534 0.0132813 0.0279232 0.00346947
39 0.875 0.153196 0.01875 0.0522469 0.00341606
40 0.465625 0.212914 0.025 0.034904 0.00341606
58 0.889844 0.110384 0.0390625 0.0488656 0.00338936
40 0.570312 0.212478 0.021875 0.0296684 0.00338936
74 0.0857178 0.770942 0.0453613 0.0558464 0.00337601
74 0.541406 0.0874782 0.0515625 0.061082 0.00335121
41 0.854688 0.213351 0.0125 0.0296684 0.00335121
71 0.379785 0.359511 0.0779297 0.0366492 0.00331116
69 0.129883 0.38918 0.228906 0.442408 0.00329781
40 0.385156 0.248473 0.0359375 0.0445026 0.00327301
58 0.875 0.153196 0.01875 0.0522469 0.00325966
40 0.532031 0.232112 0.01875 0.069808 0.00325966
74 0.0827148 0.758726 0.0556641 0.0802792 0.00325966
41 0.316992 0.0986038 0.021875 0.021815 0.00324821
39 0.815625 0.211824 0.015625 0.0292321 0.00322342
41 0.0875 0.777487 0.0382813 0.0383944 0.00322342
41 0.5375 0.209642 0.0117188 0.0279232 0.00322342
69 0.300977 0.406632 0.141797 0.0767888 0.00321007
71 0.077832 0.809773 0.12832 0.0157068 0.00319672
71 0.705859 0.362238 0.0789063 0.0277051 0.00316048
58 0.904688 0.153578 0.0453125 0.0383944 0.00314713
73 0.835156 0.212478 0.0125 0.0235602 0.00314713
40 0.392969 0.294503 0.0164063 0.0235602 0.00314713
77 0.845313 0.139616 0.0484375 0.0846422 0.00311089
68 0.162598 0.753927 0.0373047 0.0846422 0.00311089
40 0.554688 0.212696 0.0234375 0.0287958 0.00309944
72 0.129199 0.389289 0.229883 0.444808 0.950195
45 0.283594 0.336387 0.0695313 0.034904 0.875977
58 0.909375 0.128818 0.084375 0.100567 0.774414
69 0.499609 0.451571 0.192969 0.30192 0.720215
39 0.162598 0.753927 0.0376953 0.08726 0.67041
75 0.367578 0.137216 0.0492188 0.0837696 0.645996
74 0.546875 0.0941318 0.104688 0.12151 0.474609
58 0.845313 0.138525 0.05 0.0859511 0.346924
74 0.548438 0.0966405 0.0734375 0.0833333 0.336426
58 0.0822266 0.759162 0.0585938 0.0820244 0.332764
75 0.688281 0.144415 0.028125 0.0684991 0.259766
58 0.907813 0.112347 0.075 0.0597731 0.218628
75 0.845313 0.138743 0.05 0.0863874 0.201782
75 0.0891602 0.776614 0.0324219 0.0331588 0.134766
57 0.310937 0.833988 0.117969 0.300611 0.130737
74 0.545313 0.295375 0.04375 0.0244328 0.125977
45 0.545313 0.294939 0.04375 0.0235602 0.121704
45 0.291406 0.136017 0.0875 0.085733 0.10376
0 0.310937 0.833988 0.117969 0.300611 0.102112
72 0.539844 0.815881 0.06875 0.216405 0.0980835
75 0.904688 0.156577 0.046875 0.0428665 0.0974121
14 0.9 0.820244 0.0375 0.0279232 0.0946655
56 0.310937 0.834206 0.116406 0.300175 0.0939941
62 0.771875 0.121946 0.11875 0.101658 0.0923462
71 0.875195 0.399542 0.208984 0.108421 0.0875854
75 0.290625 0.137216 0.0867188 0.0842059 0.0869141
58 0.0825195 0.735166 0.0533203 0.0296684 0.0809326
45 0.544922 0.338133 0.0671875 0.0532286 0.0806274
74 0.413281 0.151614 0.04375 0.0549738 0.0715942
45 0.684375 0.410558 0.04375 0.0183246 0.0710449
74 0.649219 0.276178 0.0679687 0.0732984 0.0646362
39 0.367969 0.137653 0.05 0.0842059 0.0643921
75 0.545313 0.339223 0.0671875 0.0527923 0.0579224
69 0.540625 0.815227 0.0703125 0.215969 0.0579224
74 0.771484 0.121728 0.119531 0.101658 0.0574951
75 0.935938 0.158759 0.021875 0.0437391 0.0499573
74 0.0891602 0.776614 0.0324219 0.0331588 0.0495911
26 0.310937 0.833988 0.117578 0.300611 0.0484924
32 0.753125 0.52356 0.0203125 0.0226876 0.0450134
74 0.541016 0.107221 0.03125 0.0565009 0.0446777
45 0.457813 0.353839 0.0625 0.0200698 0.0428772
45 0.714844 0.260471 0.0515625 0.0575916 0.0427246
74 0.714453 0.260471 0.0507812 0.0575916 0.0427246
59 0.310937 0.833988 0.117578 0.300611 0.0414734
41 0.935938 0.158322 0.0203125 0.0446117 0.0348816
75 0.874219 0.153196 0.01875 0.0522469 0.0343628
69 0.496094 0.488656 0.182812 0.22164 0.0337219
71 0.476562 0.324607 0.114063 0.0453752 0.0323486
41 0.342187 0.248473 0.021875 0.0296684 0.0311432
77 0.310937 0.835951 0.115625 0.296684 0.0311432
45 0.903906 0.15685 0.046875 0.0431937 0.029541
39 0.845313 0.139616 0.0484375 0.0842059 0.0283356
41 0.483594 0.213351 0.0148437 0.0331588 0.0279083
15 0.310937 0.835951 0.115625 0.296684 0.0270691
41 0.545313 0.295375 0.04375 0.0244328 0.0268555
41 0.503906 0.213133 0.0171875 0.0331588 0.0261536
45 0.176221 0.846422 0.0327148 0.0139616 0.025177
75 0.162695 0.753927 0.0371094 0.0890052 0.0245209
74 0.53125 0.106566 0.040625 0.0469023 0.024231
74 0.532813 0.0990401 0.04375 0.0575916 0.0230713
73 0.903906 0.15685 0.046875 0.04363 0.0219421
41 0.330469 0.213351 0.015625 0.0279232 0.0198669
71 0.125293 0.808901 0.226758 0.017452 0.0195007
41 0.291406 0.136017 0.0875 0.085733 0.0193481
16 0.310547 0.834206 0.115625 0.300175 0.0191193
24 0.310937 0.834206 0.116406 0.300175 0.0188293
41 0.875 0.153523 0.01875 0.0515925 0.0187683
41 0.515625 0.248473 0.025 0.0331588 0.0177765
74 0.560938 0.0996946 0.04375 0.0615183 0.0176392
75 0.714453 0.260908 0.05 0.0575916 0.016922
41 0.554688 0.212696 0.021875 0.0287958 0.0168457
41 0.825 0.249127 0.021875 0.0296684 0.016098
41 0.417188 0.212478 0.0132813 0.0287958 0.0160217
41 0.53125 0.214223 0.015625 0.0309773 0.0158386
41 0.442969 0.214223 0.015625 0.0301047 0.0157166
73 0.339648 0.358639 0.0746094 0.034904 0.0153656
41 0.820312 0.248473 0.021875 0.030541 0.0151901
41 0.85625 0.157941 0.021875 0.0462478 0.0146179
40 0.503906 0.213133 0.0171875 0.0331588 0.0146179
41 0.355078 0.249127 0.0132813 0.0322862 0.0146179
69 0.876367 0.476549 0.206641 0.259817 0.0143356
45 0.649219 0.276614 0.06875 0.0732984 0.0142822
71 0.874219 0.366056 0.195312 0.0296684 0.0142822
41 0.570312 0.212478 0.0203125 0.0296684 0.0142288
41 0.345117 0.330279 0.0195312 0.0244328 0.0142288
58 0.772656 0.121291 0.117188 0.103403 0.0142288
41 0.51875 0.214223 0.01875 0.0296684 0.0141144
75 0.845313 0.155705 0.04375 0.0515925 0.0140076
41 0.329297 0.247818 0.0125 0.0322862 0.0139542
41 0.39375 0.210733 0.015625 0.0235602 0.0138474
17 0.310352 0.834206 0.11875 0.300175 0.0133743
41 0.287891 0.0874782 0.04375 0.030541 0.0132217
40 0.367969 0.137216 0.0515625 0.0846422 0.0132217
41 0.367969 0.138307 0.0492188 0.0855148 0.0131226
75 0.0857422 0.771379 0.0451172 0.0558464 0.0130692
58 0.114453 0.937173 0.0386719 0.0488656 0.0130692
58 0.877344 0.125873 0.021875 0.0484293 0.0126266
41 0.747656 0.210079 0.015625 0.0239965 0.0125732
40 0.483594 0.213351 0.0148437 0.0331588 0.0124817
39 0.660156 0.219023 0.015625 0.0445026 0.0123367
71 0.86875 0.364856 0.209375 0.0469023 0.0122375
58 0.874219 0.143325 0.0203125 0.0719895 0.0119629
54 0.714063 0.260908 0.05 0.0584642 0.0117798
45 0.476953 0.325262 0.111719 0.0458115 0.0117798
41 0.486719 0.208988 0.0109375 0.0253054 0.0115967
45 0.018457 0.798429 0.0244141 0.0148342 0.0115051
71 0.341211 0.357766 0.0722656 0.0322862 0.0113754
45 0.0532227 0.848168 0.0298828 0.0139616 0.0113754
41 0.547656 0.213133 0.0140625 0.0331588 0.0112457
41 0.729688 0.211387 0.0234375 0.0266143 0.0112457
41 0.464063 0.211606 0.0203125 0.034904 0.0109482
39 0.842188 0.212042 0.0125 0.0270506 0.0107803
41 0.429688 0.21466 0.0171875 0.026178 0.0106506
41 0.842188 0.212042 0.0125 0.0270506 0.0105286
72 0.876367 0.47644 0.206641 0.260035 0.0103302
41 0.35625 0.213787 0.0148437 0.0270506 0.0102921
58 0.0767578 0.748691 0.0837891 0.104712 0.0102921
45 0.175195 0.84904 0.034375 0.017452 0.0101318
14 0.114648 0.923211 0.0363281 0.0209424 0.0100937
45 0.638281 0.747819 0.0367188 0.0191972 0.0100555
41 0.464844 0.248691 0.0203125 0.0331588 0.00997162
41 0.385547 0.294503 0.0210938 0.0231239 0.00993347
72 0.426563 0.876091 0.1375 0.22164 0.00989532
41 0.33125 0.328752 0.0148437 0.0296684 0.00985718
41 0.0882813 0.776614 0.0324219 0.0296684 0.00978088
73 0.413281 0.152269 0.04375 0.056719 0.00930023
56 0.875 0.514834 0.19375 0.172775 0.00919342
41 0.460156 0.21226 0.0164063 0.0357766 0.00894928
39 0.53125 0.214223 0.015625 0.0309773 0.00894928
45 0.288086 0.0860602 0.0417969 0.0257417 0.00881195
40 0.484375 0.220768 0.0171875 0.0497382 0.00878143
41 0.904688 0.156577 0.046875 0.0428665 0.0086441
45 0.683594 0.408377 0.0375 0.0191972 0.0086441
56 0.875 0.476003 0.207813 0.260035 0.0086441
58 0.875 0.523997 0.196875 0.156195 0.00861359
41 0.429688 0.249346 0.0234375 0.0423211 0.00831604
47 0.283594 0.336169 0.0703125 0.0357766 0.00828552
41 0.413281 0.152269 0.04375 0.056719 0.00812531
39 0.935938 0.158868 0.0203125 0.0443935 0.00812531
58 0.6875 0.144034 0.0296875 0.069699 0.00806427
41 0.845313 0.157559 0.04375 0.0470113 0.00806427
57 0.275781 0.832679 0.186719 0.303229 0.00800323
40 0.51875 0.214223 0.01875 0.0296684 0.00790405
41 0.592969 0.213351 0.015625 0.0314136 0.00790405
75 0.0828369 0.758726 0.0554199 0.0802792 0.00787354
75 0.85625 0.157941 0.021875 0.0462478 0.0078125
59 0.750391 0.833988 0.488281 0.304101 0.0078125
69 0.483203 0.336606 0.133594 0.0702443 0.0077858
32 0.376172 0.521815 0.021875 0.0244328 0.00775528
71 0.4625 0.354276 0.0570313 0.0209424 0.00772476
41 0.484375 0.220768 0.0171875 0.0497382 0.00763702
71 0.149902 0.804974 0.177539 0.0235602 0.00760651
20 0.310352 0.834206 0.11875 0.300175 0.00748825
41 0.342773 0.21466 0.0246094 0.026178 0.00746155
41 0.842188 0.250436 0.0125 0.0340314 0.00743103
75 0.935156 0.216405 0.0328125 0.0401396 0.00737381
57 0.875 0.514834 0.19375 0.172775 0.00734711
71 0.16084 0.806719 0.130273 0.0200698 0.00723267
73 0.870508 0.830934 0.249609 0.299738 0.00714874
39 0.664453 0.219241 0.0148437 0.04363 0.00712204
74 0.638281 0.747819 0.0359375 0.017452 0.00712204
73 0.916406 0.292757 0.03125 0.0327225 0.00706482
39 0.547656 0.213133 0.0140625 0.0331588 0.00701141
39 0.635156 0.215969 0.015625 0.0414485 0.00701141
73 0.825 0.249127 0.021875 0.0296684 0.00701141
39 0.860938 0.312827 0.01875 0.0724258 0.00701141
40 0.842188 0.212042 0.0125 0.0270506 0.00698471
41 0.591406 0.290794 0.0140625 0.0322862 0.0069313
39 0.752344 0.210733 0.0125 0.0270506 0.0069046
41 0.303125 0.248255 0.0234375 0.0301047 0.0069046
40 0.688281 0.143543 0.028125 0.0684991 0.0068512
39 0.283594 0.0891143 0.0546875 0.0316318 0.00682449
19 0.310352 0.834206 0.11875 0.300175 0.00682449
75 0.874219 0.143325 0.0203125 0.0719895 0.00674438
39 0.4125 0.151396 0.0453125 0.0571553 0.00674438
41 0.853906 0.248691 0.0109375 0.0335951 0.00671768
74 0.684375 0.410558 0.04375 0.0183246 0.00661469
45 0.341406 0.358202 0.0773438 0.0366492 0.00658798
41 0.380859 0.211606 0.0203125 0.0244328 0.00653839
41 0.60625 0.21466 0.01875 0.0283595 0.00651169
41 0.845313 0.250436 0.0125 0.0340314 0.00651169
39 0.653906 0.219023 0.0109375 0.04363 0.0064621
41 0.835156 0.212478 0.0125 0.0226876 0.00643921
71 0.504687 0.361257 0.189063 0.0287958 0.00643921
64 0.176221 0.846422 0.0327148 0.0139616 0.00638962
58 0.283984 0.336606 0.0699219 0.0344677 0.00631332
72 0.499609 0.451571 0.192969 0.30192 0.00629044
41 0.309375 0.211606 0.0125 0.0209424 0.00614548
41 0.491016 0.213787 0.0125 0.0357766 0.00614548
67 0.413281 0.152269 0.04375 0.056719 0.006073
47 0.714063 0.260035 0.0515625 0.0580279 0.006073
74 0.694141 0.895288 0.0234375 0.026178 0.00602722
39 0.416406 0.292757 0.0125 0.0331588 0.00598145
40 0.39375 0.210733 0.015625 0.0235602 0.00593567
41 0.705469 0.32897 0.0171875 0.0296684 0.00591278
70 0.4125 0.151832 0.04375 0.0558464 0.00588989
40 0.854688 0.213351 0.0125 0.0296684 0.005867
2 0.684375 0.410122 0.0421875 0.017452 0.00584412
28 0.875 0.476003 0.207813 0.260035 0.00582123
45 0.0881104 0.777487 0.0351074 0.034904 0.00577545
73 0.223438 0.799738 0.0390625 0.0200698 0.00577545
41 0.392969 0.294503 0.015625 0.0235602 0.00568771
39 0.483594 0.213351 0.0148437 0.0331588 0.00564194
40 0.53125 0.214223 0.015625 0.0309773 0.00564194
74 0.541016 0.0844241 0.05 0.0545375 0.0055542
73 0.820312 0.248473 0.021875 0.030541 0.00551224
40 0.417188 0.212478 0.0132813 0.0287958 0.00548935
41 0.61875 0.21466 0.015625 0.0296684 0.00548935
41 0.462891 0.20986 0.0125 0.0287958 0.00548935
75 0.4125 0.151396 0.0453125 0.0571553 0.00542831
46 0.694141 0.895288 0.0242188 0.0279232 0.00538635
41 0.815625 0.211606 0.015625 0.0287958 0.00536346
39 0.503906 0.213133 0.0171875 0.0331588 0.00534439
40 0.60625 0.21466 0.01875 0.0283595 0.00524139
57 0.207813 0.834206 0.323438 0.30192 0.00521851
73 0.018457 0.798429 0.0244141 0.0148342 0.00519943
39 0.644141 0.216405 0.0117188 0.0427574 0.00518036
75 0.545313 0.295375 0.04375 0.0244328 0.00518036
32 0.694141 0.895288 0.0234375 0.026178 0.0051384
70 0.476562 0.328534 0.117188 0.0549738 0.0051384
75 0.310352 0.834206 0.11875 0.300175 0.0051384
68 0.540234 0.815881 0.06875 0.21466 0.00508118
39 0.646875 0.216841 0.0125 0.0431937 0.00502014
40 0.503125 0.230366 0.0171875 0.069808 0.00500107
41 0.752344 0.210733 0.0125 0.0270506 0.00498199
41 0.80625 0.458115 0.0125 0.0209424 0.00498199
41 0.767969 0.213351 0.0140625 0.0270506 0.00488663
41 0.353906 0.328534 0.0121094 0.0279232 0.00488663
69 0.476562 0.328534 0.117188 0.0549738 0.00488663
40 0.385547 0.294503 0.0210938 0.0231239 0.00486755
73 0.907813 0.295593 0.015625 0.0257417 0.00486755
59 0.876563 0.47644 0.20625 0.260035 0.00486755
41 0.79375 0.214878 0.015625 0.021815 0.00484848
28 0.310547 0.834206 0.115625 0.300175 0.00484848
41 0.289453 0.248691 0.0132813 0.0296684 0.00482941
39 0.252344 0.215532 0.021875 0.0445026 0.00479126
59 0.876563 0.95288 0.240625 0.069808 0.00479126
40 0.491016 0.213787 0.0125 0.0357766 0.00475693
70 0.544922 0.294939 0.04375 0.0235602 0.00475693
74 0.407813 0.882199 0.0234375 0.0209424 0.00475693
41 0.545313 0.339878 0.065625 0.0514834 0.00471878
40 0.835156 0.212478 0.0125 0.0226876 0.00469971
73 0.356055 0.358202 0.109766 0.0340314 0.00468063
41 0.181641 0.799738 0.0132813 0.0183246 0.00468063
41 0.854688 0.213351 0.0125 0.0296684 0.00462723
40 0.570312 0.212478 0.0203125 0.0296684 0.00453949
73 0.874219 0.155541 0.01875 0.0493019 0.00450516
39 0.662891 0.214442 0.0140625 0.0357766 0.00450516
73 0.917188 0.29363 0.021875 0.030541 0.00448608
75 0.283594 0.335951 0.06875 0.0344677 0.00448608
41 0.517969 0.213351 0.0234375 0.0340314 0.00446701
55 0.283594 0.336169 0.0703125 0.0357766 0.00443268
41 0.314648 0.213351 0.0148437 0.030541 0.00439835
39 0.815625 0.211606 0.015625 0.0287958 0.00439835
41 0.5375 0.209642 0.0117188 0.0279232 0.00439835
39 0.747656 0.210079 0.015625 0.0239965 0.00429916
73 0.842188 0.212042 0.0125 0.0270506 0.00429916
39 0.864062 0.311518 0.01875 0.0689354 0.00426483
59 0.275781 0.832679 0.186719 0.303229 0.00426483
41 0.416406 0.29123 0.0125 0.0335951 0.00424957
40 0.465234 0.212696 0.0242188 0.0344677 0.0042305
41 0.503125 0.248255 0.0132813 0.0340314 0.0042305
41 0.638281 0.212696 0.0125 0.034904 0.0042305
41 0.251953 0.215532 0.0210938 0.04363 0.00421524
71 0.0976318 0.810646 0.0762207 0.0139616 0.00421524
40 0.465234 0.249564 0.0210938 0.0340314 0.00419998
73 0.88125 0.154887 0.028125 0.0506108 0.00418091
39 0.442969 0.214223 0.015625 0.0301047 0.00416565
41 0.577344 0.212478 0.0132813 0.0314136 0.00416565
40 0.554688 0.212696 0.021875 0.0287958 0.00415039
73 0.758203 0.359948 0.0679687 0.030541 0.00415039
58 0.162695 0.75349 0.0371094 0.0890052 0.00413513
41 0.317188 0.0986038 0.0214844 0.0215969 0.00411606
39 0.874219 0.153196 0.01875 0.0522469 0.00411606
74 0.525781 0.100567 0.028125 0.034904 0.00408554
68 0.498437 0.489529 0.1875 0.223386 0.00407028
40 0.429688 0.21466 0.0171875 0.026178 0.00405502
40 0.729688 0.211387 0.0234375 0.0266143 0.00402451
39 0.39375 0.210733 0.015625 0.0235602 0.00397491
73 0.211133 0.800611 0.0652344 0.021815 0.00397491
58 0.889063 0.110384 0.0375 0.0488656 0.00395966
74 0.0532227 0.848168 0.0298828 0.0139616 0.00395966
71 0.838867 0.364311 0.150391 0.0314136 0.0039444
74 0.0857422 0.771379 0.0451172 0.0558464 0.0039444
41 0.140234 0.799738 0.0136719 0.0183246 0.0039444
77 0.845313 0.139616 0.0484375 0.0842059 0.00392914
40 0.592969 0.213351 0.015625 0.0314136 0.00392914
39 0.288477 0.0869328 0.0425781 0.0268325 0.00391388
39 0.723828 0.213569 0.015625 0.0322862 0.00391388
71 0.356055 0.358202 0.109766 0.0340314 0.00388527
72 0.0743652 0.753927 0.081543 0.0924956 0.00388527
41 0.283594 0.335951 0.06875 0.0344677 0.00387001
40 0.747656 0.210079 0.015625 0.0239965 0.00385475
39 0.641797 0.217059 0.0164063 0.04363 0.00382423
71 0.664062 0.363111 0.0578125 0.0224695 0.00382423
45 0.290625 0.344241 0.0671875 0.017452 0.00380898
41 0.387109 0.222077 0.0320312 0.0279232 0.00379562
41 0.0875977 0.777487 0.0378906 0.0383944 0.00379562
40 0.384766 0.248691 0.0359375 0.04363 0.00378036
39 0.727734 0.210951 0.01875 0.0279232 0.00376511
72 0.129102 0.389289 0.229687 0.444808 0.954102
45 0.283594 0.336606 0.0695313 0.0344677 0.875977
58 0.909375 0.128709 0.084375 0.100349 0.84082
39 0.1625 0.754799 0.0375 0.08726 0.677246
69 0.499609 0.452116 0.192969 0.301702 0.660156
75 0.367578 0.137325 0.0492188 0.0839878 0.65332
74 0.546875 0.0940227 0.103125 0.121291 0.472656
58 0.845313 0.138525 0.05 0.0859511 0.418701
74 0.548047 0.0968586 0.0734375 0.082897 0.373779
58 0.0822022 0.759162 0.058252 0.0820244 0.324219
58 0.907813 0.113765 0.075 0.0630454 0.225464
75 0.688281 0.144415 0.028125 0.0680628 0.204346
75 0.845313 0.138798 0.05 0.0862784 0.191895
57 0.310937 0.833988 0.117969 0.300611 0.139893
74 0.545313 0.295157 0.0429688 0.0239965 0.12854
75 0.0891602 0.776614 0.0318359 0.0314136 0.127686
45 0.545313 0.294721 0.04375 0.0231239 0.113586
0 0.310937 0.833988 0.117969 0.300611 0.11261
14 0.9 0.820462 0.0375 0.0274869 0.108215
72 0.540234 0.815881 0.06875 0.216405 0.10376
75 0.290625 0.137435 0.0867188 0.0837696 0.0966797
45 0.291406 0.136126 0.0875 0.0855148 0.0907593
56 0.310937 0.834206 0.115625 0.30192 0.0891113
75 0.904688 0.156414 0.046875 0.0427574 0.0838623
58 0.0824463 0.73473 0.0530762 0.0296684 0.0820923
62 0.771875 0.121946 0.11875 0.101222 0.0747681
45 0.545313 0.338133 0.0671875 0.0532286 0.072876
45 0.684375 0.410122 0.04375 0.017452 0.0698242
39 0.367969 0.137653 0.05 0.0842059 0.0658569
74 0.649219 0.276178 0.0671875 0.0732984 0.0646362
71 0.875781 0.399542 0.207813 0.108421 0.0643921
74 0.413281 0.151451 0.04375 0.0548647 0.0628052
75 0.545313 0.339005 0.0671875 0.052356 0.0600891
69 0.540234 0.815009 0.0695313 0.216405 0.0587769
45 0.458203 0.353839 0.0625 0.0200698 0.0583496
74 0.0891602 0.776614 0.0318359 0.0314136 0.0574951
74 0.771484 0.121837 0.119531 0.101003 0.0562439
74 0.541406 0.108857 0.0296875 0.0527923 0.0499573
75 0.935938 0.158813 0.021875 0.0440663 0.0492249
59 0.311133 0.833988 0.117578 0.300611 0.0488586
74 0.714063 0.260253 0.0515625 0.0575916 0.044342
32 0.753516 0.52356 0.0195312 0.0226876 0.0433655
26 0.311133 0.833988 0.117578 0.300611 0.0432129
45 0.714844 0.260035 0.0515625 0.0575916 0.037323
39 0.845313 0.139616 0.046875 0.0846422 0.035553
41 0.935938 0.158322 0.021875 0.0446117 0.0335999
74 0.0876953 0.777487 0.0375 0.0383944 0.0330811
69 0.496094 0.488656 0.182812 0.22164 0.0324707
41 0.342187 0.248473 0.0210938 0.0292321 0.0318604
75 0.0876953 0.777487 0.0375 0.0383944 0.0318604
75 0.874219 0.152923 0.01875 0.052356 0.0317383
77 0.310937 0.835951 0.115625 0.296684 0.0296478
41 0.483594 0.213351 0.0140625 0.0331588 0.0293121
74 0.530469 0.106894 0.0390625 0.0453752 0.0292053
45 0.903906 0.156632 0.046875 0.0431937 0.0279083
41 0.503906 0.213133 0.0171875 0.0331588 0.0268555
74 0.532422 0.0989311 0.0429688 0.055192 0.0264587
74 0.563281 0.102094 0.0390625 0.0545375 0.0261536
41 0.545313 0.295157 0.0429688 0.0239965 0.026062
71 0.476562 0.324389 0.114063 0.0445026 0.0255585
45 0.176172 0.846422 0.0324219 0.0139616 0.0246124
41 0.330469 0.213133 0.015625 0.0279232 0.024231
15 0.310937 0.835951 0.115625 0.296684 0.0208893
73 0.903906 0.156632 0.046875 0.04363 0.0207977
75 0.1625 0.753927 0.0371094 0.0890052 0.0206451
41 0.417188 0.212478 0.0125 0.0283595 0.0186157
58 0.772656 0.12151 0.117188 0.103403 0.0178528
73 0.339844 0.358639 0.0742188 0.034904 0.0173035
41 0.554688 0.212914 0.021875 0.0287958 0.016983
41 0.291406 0.136126 0.0875 0.0855148 0.0167847
41 0.443359 0.214223 0.015625 0.0301047 0.0165253
75 0.714453 0.260908 0.05 0.0575916 0.016098
41 0.345313 0.330279 0.01875 0.0244328 0.0159607
24 0.311328 0.834206 0.116406 0.300175 0.0159607
41 0.875 0.15336 0.01875 0.0519197 0.0158386
41 0.355078 0.249127 0.0132813 0.0322862 0.0155411
41 0.825 0.249346 0.021875 0.0296684 0.0154266
41 0.39375 0.210733 0.015625 0.0226876 0.0153046
41 0.53125 0.214223 0.0148437 0.0309773 0.0152512
41 0.515625 0.248255 0.025 0.0331588 0.0151291
41 0.329297 0.247818 0.0121094 0.0322862 0.0150146
40 0.503906 0.213133 0.0171875 0.0331588 0.0146713
16 0.310937 0.835951 0.115625 0.296684 0.0146713
41 0.570312 0.212478 0.0203125 0.0287958 0.0145035
41 0.820312 0.248255 0.021875 0.030541 0.0143356
40 0.367578 0.137107 0.0515625 0.0844241 0.0142288
72 0.876367 0.476876 0.206641 0.260035 0.0140076
41 0.51875 0.214223 0.0179687 0.0296684 0.0139542
41 0.747656 0.20986 0.0148437 0.0235602 0.0137405
71 0.127344 0.808901 0.220313 0.017452 0.013588
58 0.877344 0.126745 0.021875 0.0497382 0.0134811
39 0.659766 0.218805 0.015625 0.0449389 0.0133743
45 0.476953 0.325044 0.111719 0.0453752 0.0133286
40 0.483594 0.213351 0.0140625 0.0331588 0.0132217
58 0.874219 0.142616 0.0203125 0.0734075 0.01297
41 0.486719 0.208988 0.0109375 0.0244328 0.0128708
41 0.85625 0.157941 0.01875 0.0462478 0.012825
41 0.728906 0.211387 0.021875 0.0266143 0.0127258
41 0.35625 0.213787 0.0148437 0.0270506 0.0120087
39 0.842188 0.212042 0.0125 0.0270506 0.0119629
75 0.0857422 0.771379 0.0449219 0.0558464 0.0119171
41 0.287891 0.08726 0.04375 0.0301047 0.0118256
45 0.0532715 0.847295 0.0298828 0.0122164 0.011734
41 0.33125 0.328534 0.0148437 0.0296684 0.0116425
41 0.842188 0.212042 0.0125 0.0270506 0.0115509
41 0.429688 0.214442 0.0171875 0.026178 0.0115051
41 0.464063 0.211606 0.0203125 0.0340314 0.0112915
69 0.876367 0.477312 0.206641 0.259162 0.0112457
45 0.649219 0.276614 0.06875 0.0732984 0.0111618
75 0.845313 0.155323 0.04375 0.052356 0.0110703
54 0.714453 0.260908 0.05 0.0575916 0.0109024
45 0.018457 0.798429 0.0244141 0.0148342 0.0109024
58 0.0766602 0.747819 0.0839844 0.104712 0.0107803
41 0.547656 0.213133 0.0140625 0.0331588 0.0107346
41 0.367969 0.138307 0.0492188 0.0855148 0.0104523
41 0.0882813 0.776178 0.0322266 0.0296684 0.0104523
74 0.550781 0.0912958 0.0585938 0.0704625 0.0101318
41 0.385938 0.294503 0.0203125 0.0235602 0.0100555
71 0.875 0.366056 0.196875 0.0287958 0.0100555
17 0.310547 0.833988 0.11875 0.300611 0.0100555
58 0.114355 0.937173 0.0384766 0.0488656 0.00993347
73 0.413281 0.152269 0.04375 0.056719 0.00989532
57 0.275977 0.833333 0.187891 0.303665 0.00978088
58 0.283789 0.336387 0.0699219 0.0340314 0.00959778
14 0.114648 0.923211 0.0359375 0.0191972 0.00948334
72 0.499609 0.452116 0.192969 0.301702 0.00945282
71 0.341211 0.357766 0.0714844 0.0314136 0.00933838
45 0.638281 0.747819 0.0359375 0.0191972 0.00930023
72 0.426563 0.876091 0.1375 0.22164 0.00926971
58 0.875 0.524433 0.196875 0.155323 0.00923157
45 0.342187 0.358202 0.0757812 0.0357766 0.00919342
41 0.460156 0.212042 0.015625 0.0357766 0.0091629
41 0.464453 0.248691 0.0195312 0.0331588 0.00901794
45 0.175391 0.84904 0.0339844 0.017452 0.00891876
41 0.343359 0.21466 0.0234375 0.0253054 0.00888062
39 0.53125 0.214223 0.0148437 0.0309773 0.0088501
40 0.484375 0.219895 0.0171875 0.0475567 0.0088501
45 0.288477 0.0867147 0.0425781 0.0263962 0.00821686
39 0.935938 0.158595 0.0203125 0.0445026 0.00812531
59 0.750781 0.833988 0.489063 0.304101 0.00806427
73 0.223438 0.799738 0.0382813 0.0200698 0.00803375
41 0.484375 0.219895 0.0171875 0.0475567 0.00800323
41 0.429688 0.249346 0.021875 0.0423211 0.00793457
32 0.376172 0.521815 0.021875 0.0244328 0.00784302
58 0.6875 0.144034 0.0296875 0.069699 0.0078125
40 0.51875 0.214223 0.0179687 0.0296684 0.0078125
74 0.638281 0.748255 0.0351562 0.017452 0.0078125
41 0.592578 0.213351 0.0148437 0.0314136 0.0077858
39 0.752344 0.210297 0.0125 0.0270506 0.0077858
69 0.482031 0.336169 0.130469 0.0693717 0.0077858
75 0.935938 0.216187 0.03125 0.0401396 0.00775528
74 0.541406 0.0818063 0.0484375 0.0488656 0.00772476
39 0.664453 0.219023 0.0148437 0.04363 0.00763702
39 0.635156 0.215969 0.015625 0.0414485 0.00757599
41 0.380566 0.211606 0.0201172 0.0244328 0.00751877
40 0.842188 0.212042 0.0125 0.0270506 0.00740433
40 0.688281 0.143543 0.028125 0.0684991 0.00737381
41 0.413281 0.152269 0.04375 0.056719 0.00734711
41 0.303125 0.248255 0.0226563 0.0301047 0.00720596
75 0.0828125 0.75829 0.0548828 0.0802792 0.00714874
39 0.4125 0.151178 0.0453125 0.0571553 0.00714874
41 0.904688 0.156414 0.046875 0.0427574 0.00706482
41 0.309375 0.211387 0.0125 0.0209424 0.00703812
39 0.653906 0.219023 0.0109375 0.04363 0.00703812
41 0.842188 0.250436 0.0125 0.0340314 0.00701141
56 0.875 0.514398 0.19375 0.173647 0.00698471
74 0.684375 0.410122 0.04375 0.017452 0.0069313
73 0.825 0.249346 0.021875 0.0296684 0.00679779
40 0.39375 0.210733 0.015625 0.0226876 0.00677109
39 0.547656 0.213133 0.0140625 0.0331588 0.00677109
41 0.853906 0.248691 0.0109375 0.0331588 0.00677109
73 0.871094 0.831588 0.248438 0.298429 0.00671768
47 0.283594 0.336387 0.0703125 0.0357766 0.00669098
70 0.476953 0.32788 0.116406 0.0532286 0.00669098
41 0.491406 0.213787 0.0125 0.0357766 0.00661469
73 0.916406 0.292757 0.03125 0.0322862 0.00658798
41 0.84375 0.157723 0.0390625 0.0466841 0.00656509
57 0.205908 0.834206 0.328027 0.30192 0.00656509
41 0.835156 0.212478 0.0125 0.0226876 0.00651169
40 0.417188 0.212478 0.0125 0.0283595 0.0064888
41 0.60625 0.21466 0.0171875 0.0279232 0.0064888
39 0.283789 0.0888962 0.0539063 0.0309773 0.00641251
41 0.705469 0.32897 0.0164063 0.0296684 0.00641251
59 0.876563 0.952007 0.240625 0.069808 0.00636292
41 0.591406 0.290794 0.0140625 0.0322862 0.00631332
71 0.4625 0.354276 0.05625 0.0209424 0.00631332
71 0.868945 0.36551 0.208984 0.0473386 0.00629044
40 0.854688 0.213351 0.0125 0.0292321 0.00626373
2 0.683984 0.410122 0.0414063 0.017452 0.00626373
56 0.875 0.47644 0.207813 0.260035 0.00626373
41 0.845313 0.250436 0.0125 0.0340314 0.00619125
39 0.860938 0.312609 0.01875 0.0724258 0.00600433
39 0.483594 0.213351 0.0140625 0.0331588 0.00595856
75 0.85625 0.157941 0.01875 0.0462478 0.00593567
74 0.694141 0.895288 0.0234375 0.0244328 0.00593567
39 0.416797 0.292757 0.0117188 0.0331588 0.00591278
59 0.876563 0.476331 0.20625 0.260253 0.00588989
39 0.644531 0.216623 0.0109375 0.0423211 0.005867
64 0.176172 0.846422 0.0324219 0.0139616 0.00577545
75 0.4125 0.151178 0.0453125 0.0571553 0.00575256
75 0.874219 0.142616 0.0203125 0.0734075 0.00570679
40 0.53125 0.214223 0.0148437 0.0309773 0.00564194
40 0.60625 0.21466 0.0171875 0.0279232 0.00561905
73 0.018457 0.798429 0.0244141 0.0148342 0.00559998
39 0.646875 0.216841 0.0125 0.0431937 0.00557709
59 0.275977 0.833333 0.187891 0.303665 0.00553513
39 0.503906 0.213133 0.0171875 0.0331588 0.00551224
41 0.392188 0.294503 0.015625 0.0235602 0.00551224
75 0.545313 0.295157 0.0429688 0.0239965 0.00551224
41 0.354297 0.328752 0.0117188 0.0274869 0.00551224
41 0.61875 0.21466 0.015625 0.0296684 0.00548935
41 0.314844 0.212914 0.0140625 0.030541 0.00544739
41 0.767969 0.213351 0.0140625 0.0270506 0.00542831
67 0.413281 0.152269 0.04375 0.056719 0.00540543
57 0.875 0.514398 0.19375 0.173647 0.00540543
28 0.875 0.47644 0.207813 0.260035 0.00540543
74 0.407813 0.882199 0.0234375 0.0209424 0.00538635
41 0.815625 0.211606 0.015625 0.0287958 0.00534439
73 0.820312 0.248255 0.021875 0.030541 0.00534439
41 0.462891 0.20986 0.0125 0.0287958 0.0053215
41 0.79375 0.21466 0.015625 0.021815 0.00521851
41 0.752344 0.210297 0.0125 0.0270506 0.00519943
41 0.854688 0.213351 0.0125 0.0292321 0.00518036
39 0.252344 0.215532 0.021875 0.0445026 0.00518036
41 0.289258 0.248691 0.0132813 0.0296684 0.00511932
69 0.476953 0.32788 0.116406 0.0532286 0.00511932
41 0.80625 0.458115 0.0125 0.0209424 0.00508118
41 0.181641 0.799738 0.0128906 0.0183246 0.0050621
40 0.491406 0.213787 0.0125 0.0357766 0.00500107
73 0.355273 0.358202 0.106641 0.0340314 0.00500107
40 0.570312 0.212478 0.0203125 0.0287958 0.00498199
77 0.845313 0.139616 0.046875 0.0846422 0.00494385
45 0.0881836 0.777051 0.0347656 0.034904 0.00494385
47 0.714063 0.260035 0.0515625 0.0580279 0.00492477
39 0.747656 0.20986 0.0148437 0.0235602 0.0049057
73 0.908594 0.295375 0.0140625 0.0257417 0.0049057
75 0.310937 0.835951 0.115625 0.296684 0.0049057
20 0.310547 0.833988 0.11875 0.300611 0.0049057
40 0.385938 0.294503 0.0203125 0.0235602 0.00484848
70 0.545313 0.294939 0.04375 0.0226876 0.00484848
40 0.835156 0.212478 0.0125 0.0226876 0.00482941
73 0.211914 0.800175 0.0628906 0.0209424 0.00482941
75 0.283398 0.335951 0.06875 0.0344677 0.00481033
39 0.662891 0.21466 0.0140625 0.0357766 0.00481033
73 0.758203 0.360384 0.0664062 0.0296684 0.00477219
71 0.504687 0.362129 0.189063 0.0270506 0.00475693
40 0.728906 0.211387 0.021875 0.0266143 0.00473785
32 0.694141 0.895288 0.0234375 0.0244328 0.00473785
74 0.525391 0.100131 0.0265625 0.0340314 0.00469971
39 0.874219 0.152923 0.01875 0.052356 0.00469971
71 0.150781 0.804538 0.164844 0.0244328 0.00469971
40 0.747656 0.20986 0.0148437 0.0235602 0.0046463
39 0.723828 0.213569 0.015625 0.0322862 0.00460815
40 0.503125 0.230366 0.0171875 0.0693717 0.00460815
65 0.223438 0.799738 0.0382813 0.0200698 0.00460815
39 0.443359 0.214223 0.015625 0.0301047 0.0045929
39 0.815625 0.211606 0.015625 0.0287958 0.0045929
72 0.0743164 0.75349 0.0818359 0.0933682 0.0045929
39 0.39375 0.210733 0.015625 0.0226876 0.00455475
73 0.842188 0.212042 0.0125 0.0270506 0.00450516
40 0.429688 0.214442 0.0171875 0.026178 0.00448608
70 0.4125 0.151832 0.04375 0.0558464 0.00446701
39 0.314844 0.212914 0.0140625 0.030541 0.00446701
73 0.917188 0.29363 0.021875 0.030541 0.00446701
40 0.554688 0.212914 0.021875 0.0287958 0.00445175
58 0.289844 0.12969 0.0882813 0.10144 0.00441742
41 0.317188 0.0986038 0.021875 0.0213787 0.00439835
41 0.5375 0.209424 0.0117188 0.0270506 0.00439835
41 0.140039 0.799302 0.0130859 0.017452 0.00436401
40 0.592578 0.213351 0.0148437 0.0314136 0.00434875
41 0.387109 0.221859 0.03125 0.0274869 0.00432968
41 0.638281 0.212914 0.0125 0.034904 0.00432968
40 0.465234 0.212478 0.0242188 0.0340314 0.00431442
39 0.642188 0.217277 0.015625 0.04363 0.00429916
40 0.380566 0.211606 0.0201172 0.0244328 0.00424957
58 0.904688 0.153141 0.0453125 0.0375218 0.0042305
39 0.727734 0.210951 0.01875 0.0279232 0.0042305
58 0.889063 0.110384 0.0375 0.0484293 0.00421524
39 0.309375 0.211387 0.0125 0.0209424 0.00421524
46 0.694531 0.895288 0.0234375 0.026178 0.00421524
74 0.0857422 0.771379 0.0449219 0.0558464 0.00419998
71 0.157324 0.807155 0.111914 0.0191972 0.00418091
41 0.577344 0.212478 0.0125 0.0314136 0.00416565
39 0.79375 0.21466 0.015625 0.021815 0.00416565
41 0.544922 0.33966 0.065625 0.0510471 0.00416565
68 0.539844 0.815227 0.06875 0.215969 0.00415039
41 0.252148 0.215532 0.0210938 0.04363 0.00411606
28 0.310547 0.834206 0.115625 0.300175 0.00411606
41 0.416406 0.29123 0.0125 0.0335951 0.00400543
58 0.1625 0.75349 0.0371094 0.0890052 0.00400543
41 0.405469 0.211169 0.0109375 0.0296684 0.00399017
40 0.387109 0.221859 0.03125 0.0274869 0.00395966
19 0.310547 0.833988 0.11875 0.300611 0.00395966
39 0.707031 0.212478 0.0109375 0.0340314 0.0039444
73 0.874219 0.155541 0.01875 0.0493019 0.00392914
40 0.460156 0.212042 0.015625 0.0357766 0.00391388
41 0.74375 0.294939 0.0171875 0.0253054 0.00391388
39 0.864062 0.311518 0.01875 0.0689354 0.00391388
74 0.0532715 0.847295 0.0298828 0.0122164 0.00385475
40 0.680469 0.213787 0.0140625 0.0314136 0.00383949
72 0.129102 0.389071 0.228516 0.443499 0.959473
45 0.283594 0.336606 0.0695313 0.0344677 0.882324
58 0.909375 0.12849 0.084375 0.0999127 0.866211
75 0.367578 0.137107 0.0492188 0.0839878 0.668945
39 0.1625 0.753927 0.0375 0.08726 0.658203
69 0.499219 0.452116 0.191406 0.299956 0.598145
58 0.845313 0.138307 0.05 0.0859511 0.472656
74 0.546484 0.0940227 0.103125 0.120855 0.453369
74 0.548047 0.0968586 0.0734375 0.082897 0.394287
58 0.0820312 0.758726 0.0582031 0.0811518 0.359375
58 0.907813 0.114965 0.075 0.0658813 0.245117
75 0.687891 0.144361 0.028125 0.0681719 0.200562
57 0.310937 0.834206 0.117188 0.300175 0.177856
75 0.845313 0.138525 0.05 0.0859511 0.166626
74 0.545313 0.295157 0.0421875 0.0235602 0.136597
14 0.9 0.819372 0.0359375 0.0279232 0.125122
75 0.0882813 0.775742 0.0320312 0.0287958 0.124207
0 0.310937 0.834206 0.117188 0.300175 0.115173
75 0.290625 0.137216 0.0867188 0.0842059 0.112
72 0.539844 0.815881 0.06875 0.216405 0.108215
45 0.545703 0.294721 0.04375 0.0226876 0.106689
58 0.0824463 0.73473 0.0530762 0.0287958 0.101562
45 0.458594 0.353839 0.0617188 0.0200698 0.0881958
56 0.311328 0.833988 0.115234 0.300611 0.0841675
45 0.291406 0.135908 0.0875 0.0855148 0.0827026
45 0.545703 0.338133 0.0679687 0.0532286 0.0731812
75 0.904688 0.153796 0.04375 0.0388307 0.0705566
59 0.310937 0.833333 0.116406 0.300175 0.0698242
45 0.684375 0.410122 0.04375 0.017452 0.0668335
75 0.545313 0.339005 0.0671875 0.052356 0.064209
62 0.771875 0.121837 0.11875 0.100567 0.0628052
74 0.649219 0.27596 0.0671875 0.0728621 0.0623169
39 0.367969 0.137435 0.05 0.0842059 0.058136
69 0.540625 0.815009 0.06875 0.216405 0.055603
74 0.413281 0.151396 0.04375 0.0545375 0.0538025
74 0.0891602 0.776178 0.0314453 0.0314136 0.0538025
74 0.542188 0.111693 0.0265625 0.0462478 0.0526123
71 0.875781 0.39976 0.207813 0.107984 0.0497742
75 0.935938 0.158813 0.021875 0.0440663 0.0474243
74 0.771094 0.121728 0.11875 0.100349 0.0470886
74 0.714063 0.260035 0.0515625 0.0575916 0.0463867
32 0.753125 0.52356 0.0203125 0.0226876 0.0446777
74 0.564844 0.103839 0.0359375 0.0471204 0.0420837
26 0.310937 0.833333 0.116406 0.300175 0.0368958
77 0.310937 0.835951 0.114844 0.296684 0.0354004
39 0.845313 0.139398 0.0484375 0.0846422 0.0348816
74 0.530469 0.107112 0.0375 0.0440663 0.0343628
69 0.496094 0.488656 0.18125 0.22164 0.0334778
45 0.714844 0.260035 0.0515625 0.0575916 0.03125
41 0.342187 0.248255 0.0210938 0.0287958 0.0309143
75 0.0876709 0.777487 0.0371582 0.0383944 0.0305634
41 0.935938 0.158322 0.021875 0.0446117 0.0303345
41 0.483594 0.213133 0.0140625 0.0327225 0.0301056
74 0.0876709 0.777487 0.0371582 0.0383944 0.0297546
75 0.874219 0.152651 0.01875 0.0524651 0.0294189
74 0.532031 0.098822 0.0421875 0.052356 0.0292053
41 0.503906 0.212914 0.0164063 0.0331588 0.0279083
41 0.330273 0.213351 0.0152344 0.0279232 0.0273743
71 0.476562 0.324171 0.114063 0.0445026 0.0249939
45 0.176123 0.846422 0.0321289 0.0139616 0.0246124
41 0.545313 0.295157 0.0421875 0.0235602 0.0227966
45 0.903906 0.156632 0.046875 0.0431937 0.0222931
73 0.339844 0.358202 0.0742188 0.034904 0.0222931
41 0.417188 0.212478 0.0132813 0.0287958 0.0214539
73 0.903906 0.156632 0.046875 0.04363 0.0204926
58 0.771875 0.121401 0.117188 0.102749 0.0191193
75 0.1625 0.753927 0.0367188 0.0890052 0.0189056
41 0.345313 0.330279 0.01875 0.0244328 0.0181885
45 0.342969 0.358202 0.075 0.034904 0.0181885
41 0.443359 0.214223 0.015625 0.0296684 0.0180511
41 0.553906 0.212696 0.021875 0.0283595 0.0175781
40 0.503906 0.212914 0.0164063 0.0331588 0.016922
41 0.39375 0.210515 0.015625 0.0231239 0.0164032
75 0.714063 0.260908 0.05 0.0575916 0.0163422
45 0.477344 0.325044 0.110937 0.0453752 0.0162811
15 0.310937 0.835951 0.114844 0.296684 0.0159607
41 0.355078 0.249127 0.0132813 0.0322862 0.0157166
72 0.877344 0.477312 0.20625 0.260035 0.0155411
39 0.660156 0.218805 0.015625 0.0449389 0.0154266
72 0.5 0.452443 0.192188 0.299302 0.0153656
40 0.483594 0.213133 0.0140625 0.0327225 0.0151901
58 0.877344 0.126527 0.021875 0.0497382 0.0151291
41 0.570703 0.212478 0.0195312 0.0287958 0.0150757
41 0.515625 0.248255 0.025 0.0331588 0.0150757
41 0.53125 0.214223 0.0148437 0.030541 0.0150146
41 0.51875 0.214223 0.0171875 0.0287958 0.0148392
41 0.747656 0.20986 0.0148437 0.0235602 0.0147324
41 0.329297 0.247818 0.0121094 0.0322862 0.0147324
24 0.311328 0.834206 0.115625 0.300175 0.0147324
41 0.486719 0.208988 0.0101563 0.0244328 0.0145035
58 0.874219 0.142016 0.0203125 0.074171 0.0142288
58 0.283984 0.336387 0.0703125 0.0340314 0.0140076
41 0.35625 0.213787 0.0148437 0.026178 0.0139008
41 0.291406 0.135908 0.0875 0.0855148 0.0136337
41 0.429688 0.214442 0.0171875 0.026178 0.0132751
40 0.367578 0.136998 0.0507812 0.0842059 0.0132751
41 0.825 0.249127 0.021875 0.0296684 0.0132217
41 0.728906 0.211387 0.021875 0.0266143 0.0130692
41 0.33125 0.328534 0.0148437 0.0296684 0.0130692
45 0.0184326 0.798429 0.0243652 0.0148342 0.01297
16 0.310937 0.835951 0.114844 0.296684 0.0128708
39 0.842188 0.212042 0.0125 0.0270506 0.0126724
45 0.0532227 0.847295 0.0298828 0.0122164 0.0125275
41 0.464063 0.211606 0.0203125 0.0340314 0.0121918
41 0.820312 0.248255 0.021875 0.030541 0.0121918
74 0.551562 0.0881326 0.05625 0.063918 0.012146
14 0.114648 0.923211 0.0359375 0.0191972 0.0120087
73 0.223633 0.799302 0.0382813 0.0191972 0.0118713
58 0.0767822 0.747819 0.0831543 0.104712 0.011734
71 0.13125 0.808901 0.207031 0.017452 0.0116882
41 0.875 0.153141 0.01875 0.052356 0.0116425
41 0.287891 0.0870419 0.04375 0.0292321 0.0114212
41 0.857031 0.157723 0.01875 0.0462478 0.0109482
41 0.547656 0.212914 0.0140625 0.0331588 0.0107803
58 0.114258 0.937173 0.0382813 0.0471204 0.0106506
41 0.343359 0.214878 0.0226563 0.0253054 0.0105286
73 0.413281 0.152269 0.04375 0.0562827 0.0104523
41 0.385938 0.294284 0.0203125 0.0231239 0.0104523
54 0.714063 0.260689 0.05 0.0580279 0.0104065
41 0.842188 0.212042 0.0125 0.0270506 0.0103683
40 0.483984 0.219241 0.0171875 0.0462478 0.0102921
74 0.541406 0.0794066 0.046875 0.0442845 0.0102463
41 0.464453 0.248691 0.0195312 0.0331588 0.0102463
41 0.0882813 0.775742 0.0320312 0.0287958 0.0102463
58 0.875 0.524433 0.19375 0.155323 0.0101318
41 0.460156 0.212042 0.015625 0.0353403 0.0100555
75 0.0857422 0.771379 0.0445313 0.0558464 0.0100098
45 0.649219 0.27596 0.0671875 0.0728621 0.00985718
39 0.53125 0.214223 0.0148437 0.030541 0.00967407
45 0.638281 0.747819 0.0359375 0.0191972 0.00945282
41 0.592969 0.213133 0.0140625 0.0314136 0.00930023
71 0.88125 0.367365 0.2 0.0279232 0.00930023
40 0.51875 0.214223 0.0171875 0.0287958 0.00919342
39 0.752344 0.210297 0.0125 0.0270506 0.00901794
69 0.480859 0.335951 0.127344 0.0689354 0.00898743
71 0.341406 0.357548 0.0710938 0.0309773 0.00891876
58 0.6875 0.143761 0.0296875 0.0693717 0.00881195
39 0.664453 0.219023 0.0148437 0.04363 0.00878143
41 0.429688 0.249346 0.021875 0.0423211 0.00867462
69 0.877344 0.477312 0.20625 0.260035 0.00867462
75 0.845313 0.154941 0.04375 0.0531195 0.0086441
41 0.483984 0.219241 0.0171875 0.0462478 0.00854492
32 0.376172 0.521379 0.021875 0.0235602 0.00854492
39 0.935938 0.158595 0.0203125 0.0445026 0.0085144
39 0.635156 0.215969 0.015625 0.0414485 0.00847626
45 0.288477 0.0866056 0.0421875 0.026178 0.00844574
40 0.60625 0.21466 0.0171875 0.0279232 0.00844574
41 0.380566 0.211606 0.0201172 0.0244328 0.00841522
75 0.935938 0.215969 0.03125 0.0401396 0.00812531
2 0.684375 0.410122 0.0421875 0.017452 0.00809479
41 0.60625 0.21466 0.0171875 0.0279232 0.00803375
40 0.417188 0.212478 0.0132813 0.0287958 0.00800323
45 0.175342 0.84904 0.0336914 0.017452 0.00796509
40 0.39375 0.210515 0.015625 0.0231239 0.00793457
74 0.638281 0.747819 0.0351562 0.017452 0.00793457
41 0.30957 0.211169 0.0121094 0.0209424 0.00784302
39 0.654297 0.219023 0.0109375 0.04363 0.00772476
17 0.310352 0.834206 0.117578 0.300175 0.00772476
41 0.303125 0.248037 0.0226563 0.0296684 0.00757599
41 0.705469 0.32897 0.0164063 0.0296684 0.00748825
59 0.876758 0.951134 0.240234 0.069808 0.00743103
73 0.825 0.249127 0.021875 0.0296684 0.00728989
39 0.4125 0.150905 0.0453125 0.0568281 0.00728989
41 0.367578 0.137325 0.05 0.0835515 0.00723267
72 0.426563 0.875873 0.136719 0.220332 0.00714874
41 0.591406 0.290794 0.0140625 0.0322862 0.00712204
70 0.477344 0.327443 0.115625 0.052356 0.00709534
39 0.547656 0.212914 0.0140625 0.0331588 0.00706482
40 0.688281 0.143488 0.028125 0.0681719 0.00698471
40 0.842188 0.212042 0.0125 0.0270506 0.0068512
73 0.0184326 0.798429 0.0243652 0.0148342 0.00682449
73 0.916406 0.292757 0.03125 0.0327225 0.00677109
39 0.416797 0.292757 0.0117188 0.0331588 0.00674438
41 0.491016 0.213569 0.0117188 0.0353403 0.00671768
39 0.644141 0.216405 0.0117188 0.0427574 0.00666809
74 0.694141 0.895288 0.0234375 0.0244328 0.00664139
59 0.748438 0.834206 0.4875 0.30192 0.00658798
39 0.646875 0.216841 0.0125 0.04363 0.0064888
39 0.483594 0.213133 0.0140625 0.0327225 0.00643921
40 0.592969 0.213133 0.0140625 0.0314136 0.00643921
74 0.684375 0.410122 0.04375 0.017452 0.00638962
40 0.53125 0.214223 0.0148437 0.030541 0.00634003
74 0.407813 0.882199 0.0234375 0.0209424 0.00634003
56 0.875 0.515271 0.19375 0.172775 0.00634003
41 0.354297 0.328534 0.0113281 0.0279232 0.00631332
39 0.28418 0.0885689 0.0527344 0.0303229 0.00629044
41 0.61875 0.21466 0.015625 0.0296684 0.00626373
71 0.4625 0.354276 0.05625 0.0200698 0.00626373
40 0.570703 0.212478 0.0195312 0.0287958 0.00621796
72 0.0741211 0.753927 0.0814453 0.0907504 0.00621796
75 0.545313 0.295157 0.0421875 0.0235602 0.00619125
41 0.854688 0.248255 0.009375 0.0331588 0.00616837
59 0.876563 0.476876 0.20625 0.260035 0.00614548
73 0.353516 0.357766 0.0953125 0.0331588 0.00612259
41 0.834375 0.212478 0.0125 0.0222513 0.00609589
40 0.855469 0.213351 0.0109375 0.0287958 0.00602722
47 0.283594 0.336169 0.0703125 0.0353403 0.00600433
75 0.4125 0.150905 0.0453125 0.0568281 0.00600433
41 0.413281 0.152269 0.04375 0.0562827 0.00598145
41 0.314844 0.212914 0.0144531 0.0296684 0.00598145
39 0.503906 0.212914 0.0164063 0.0331588 0.00598145
41 0.842188 0.250218 0.0125 0.0340314 0.00598145
41 0.181641 0.799738 0.0125 0.0183246 0.00595856
39 0.6625 0.215096 0.0140625 0.0366492 0.00591278
41 0.767969 0.212914 0.0140625 0.0270506 0.005867
73 0.759375 0.36082 0.0640625 0.0287958 0.005867
74 0.525 0.0998037 0.025 0.0329407 0.00584412
69 0.477344 0.327443 0.115625 0.052356 0.00582123
39 0.747656 0.20986 0.0148437 0.0235602 0.00579834
41 0.462891 0.210297 0.0117188 0.0279232 0.00577545
14 0.110352 0.923211 0.028125 0.017452 0.00572968
77 0.845313 0.139671 0.046875 0.0845332 0.00564194
40 0.747656 0.20986 0.0148437 0.0235602 0.00564194
73 0.820312 0.248255 0.021875 0.030541 0.00564194
73 0.87168 0.831588 0.247266 0.298429 0.00561905
41 0.140039 0.799738 0.0126953 0.0183246 0.00559998
58 0.904688 0.153141 0.0453125 0.0370855 0.0055542
39 0.723828 0.213351 0.015625 0.0322862 0.0055542
40 0.728906 0.211387 0.021875 0.0266143 0.0055542
41 0.289453 0.248473 0.0132813 0.0292321 0.0055542
40 0.491016 0.213569 0.0117188 0.0353403 0.00553513
39 0.443359 0.214223 0.015625 0.0296684 0.00551224
40 0.680469 0.213569 0.0140625 0.0309773 0.00551224
41 0.392188 0.294503 0.0164063 0.0235602 0.00551224
41 0.79375 0.21466 0.015625 0.0213787 0.00548935
40 0.385938 0.294284 0.0203125 0.0231239 0.00548935
75 0.0826172 0.75829 0.0550781 0.0802792 0.00548935
40 0.429688 0.214442 0.0171875 0.026178 0.00547028
40 0.553906 0.212696 0.021875 0.0283595 0.00547028
39 0.252344 0.215314 0.021875 0.0445026 0.00547028
41 0.845313 0.250218 0.0125 0.0340314 0.00547028
41 0.904688 0.156195 0.046875 0.0427574 0.00544739
41 0.752344 0.210297 0.0125 0.0270506 0.00540543
39 0.39375 0.210515 0.015625 0.0231239 0.00538635
73 0.213672 0.800175 0.0578125 0.0209424 0.00530243
73 0.908594 0.295375 0.0140625 0.0253054 0.00526047
65 0.223633 0.799302 0.0382813 0.0191972 0.00524139
41 0.842969 0.157723 0.0375 0.0466841 0.00521851
39 0.314844 0.212914 0.0144531 0.0296684 0.00521851
40 0.696094 0.213787 0.0226563 0.0296684 0.00521851
41 0.815625 0.211606 0.015625 0.0283595 0.00518036
41 0.638281 0.213351 0.0125 0.0353403 0.0051384
75 0.857031 0.157723 0.01875 0.0462478 0.00508118
58 0.290039 0.130345 0.0878906 0.0996946 0.00508118
41 0.5375 0.209642 0.0109375 0.0270506 0.00508118
39 0.860938 0.312391 0.01875 0.0724258 0.0050621
40 0.380566 0.211606 0.0201172 0.0244328 0.00503922
39 0.30957 0.211169 0.0121094 0.0209424 0.00502014
41 0.317188 0.0984948 0.0214844 0.0211606 0.00500107
41 0.855469 0.213351 0.0109375 0.0287958 0.00500107
71 0.869531 0.36551 0.207813 0.0473386 0.00500107
47 0.714063 0.259817 0.0515625 0.0580279 0.00498199
40 0.503125 0.230366 0.0171875 0.0689354 0.00492477
39 0.79375 0.21466 0.015625 0.0213787 0.0049057
75 0.874219 0.142016 0.0203125 0.074171 0.00488663
40 0.464844 0.212478 0.0234375 0.0340314 0.00486755
73 0.842188 0.212042 0.0125 0.0270506 0.00486755
41 0.807031 0.458115 0.0125 0.0209424 0.00486755
58 0.162305 0.753054 0.0367188 0.0890052 0.00486755
39 0.707031 0.212478 0.0117188 0.0340314 0.00484848
39 0.815625 0.211606 0.015625 0.0283595 0.00481033
70 0.545313 0.294939 0.04375 0.0226876 0.00481033
64 0.176123 0.846422 0.0321289 0.0139616 0.00481033
32 0.694141 0.895288 0.0234375 0.0244328 0.00481033
73 0.285352 0.393543 0.0707031 0.0191972 0.00479126
57 0.228516 0.834206 0.28125 0.30192 0.00475693
58 0.889063 0.110166 0.0375 0.0484293 0.00473785
39 0.727344 0.210951 0.01875 0.0279232 0.00473785
73 0.917188 0.29363 0.021875 0.030541 0.00471878
73 0.305078 0.394415 0.03125 0.0148342 0.00471878
41 0.577734 0.212042 0.0132813 0.030541 0.0046463
74 0.527344 0.0966405 0.03125 0.0340314 0.00462723
39 0.417188 0.212478 0.0132813 0.0287958 0.00460815
39 0.442969 0.291667 0.0109375 0.0314136 0.0045929
40 0.387598 0.222077 0.0310547 0.0257417 0.00457382
39 0.874219 0.152651 0.01875 0.0524651 0.00453949
41 0.405469 0.211169 0.0109375 0.0296684 0.00453949
41 0.387598 0.222077 0.0310547 0.0257417 0.00453949
40 0.834375 0.212478 0.0125 0.0222513 0.00452042
67 0.413281 0.152269 0.04375 0.0562827 0.00446701
40 0.460156 0.212042 0.015625 0.0353403 0.00446701
40 0.464844 0.249564 0.0203125 0.0340314 0.00439835
57 0.875 0.515271 0.19375 0.172775 0.00439835
45 0.664453 0.36082 0.0601563 0.0270506 0.00438309
73 0.283203 0.387871 0.0769531 0.0200698 0.00434875
41 0.6625 0.215096 0.0140625 0.0366492 0.00434875
40 0.443359 0.214223 0.015625 0.0296684 0.00432968
40 0.384277 0.249127 0.0345703 0.0427574 0.00428009
45 0.458594 0.348604 0.0671875 0.0200698 0.00428009
45 0.0882813 0.777487 0.0345703 0.034904 0.00428009
56 0.875 0.476549 0.20625 0.259817 0.00426483
40 0.547656 0.212914 0.0140625 0.0331588 0.00424957
69 0.302539 0.410122 0.138281 0.0689354 0.00424957
41 0.517969 0.213133 0.021875 0.0335951 0.0042305
71 0.663672 0.364856 0.0554687 0.0189791 0.00421524
39 0.460156 0.212042 0.015625 0.0353403 0.00419998
41 0.74375 0.295157 0.0171875 0.0239965 0.00419998
58 0.874219 0.152651 0.01875 0.0524651 0.00416565
41 0.416406 0.29123 0.0125 0.0335951 0.00416565
41 0.253516 0.158377 0.0203125 0.0423211 0.00415039
72 0.129004 0.38918 0.22793 0.442408 0.964355
45 0.283594 0.336387 0.0695313 0.0340314 0.85791
58 0.909375 0.128381 0.0828125 0.0992583 0.855957
75 0.367578 0.136998 0.0492188 0.0837696 0.633301
39 0.162402 0.753927 0.0373047 0.08726 0.611328
69 0.499219 0.452989 0.190625 0.296466 0.533203
58 0.846094 0.138307 0.05 0.0855148 0.476562
74 0.546484 0.0940227 0.103125 0.119983 0.449463
74 0.548047 0.0968586 0.0734375 0.0824607 0.381104
58 0.0819336 0.758726 0.0582031 0.0811518 0.352295
58 0.907031 0.116274 0.0765625 0.0684991 0.246582
57 0.311133 0.834424 0.115625 0.299738 0.202393
75 0.6875 0.144361 0.028125 0.0681719 0.168823
74 0.545313 0.294939 0.0421875 0.0235602 0.140381
75 0.845313 0.138307 0.05 0.0855148 0.132935
75 0.0883057 0.775742 0.0319824 0.0279232 0.110474
72 0.539844 0.815881 0.0671875 0.216405 0.110474
0 0.311133 0.834424 0.115625 0.299738 0.110107
75 0.290625 0.137216 0.0867188 0.0837696 0.105225
58 0.0824463 0.73473 0.0530762 0.0279232 0.104492
14 0.9 0.819372 0.0359375 0.0279232 0.100891
45 0.458594 0.354058 0.0617188 0.0196335 0.0866089
45 0.545313 0.294721 0.04375 0.0226876 0.0806274
56 0.311328 0.834206 0.114453 0.300175 0.0806274
59 0.311328 0.832461 0.114844 0.298429 0.0705566
45 0.291406 0.135689 0.0875 0.0855148 0.0648804
62 0.771875 0.12151 0.11875 0.100349 0.0618896
45 0.545313 0.338133 0.06875 0.0532286 0.0607605
74 0.649219 0.27596 0.0671875 0.0728621 0.0579224
75 0.904688 0.153578 0.04375 0.0379581 0.0566406
74 0.565625 0.104058 0.034375 0.0440663 0.0538025
45 0.684375 0.410122 0.04375 0.017452 0.0531921
75 0.545313 0.339005 0.0671875 0.052356 0.053009
71 0.875781 0.399542 0.207813 0.106675 0.0524292
74 0.542969 0.11322 0.0242188 0.0418848 0.0510864
74 0.0891602 0.775742 0.0308594 0.0296684 0.0495911
69 0.540234 0.815227 0.06875 0.215969 0.0492249
77 0.311328 0.835951 0.114063 0.296684 0.0490417
39 0.368164 0.137435 0.0496094 0.0837696 0.0453491
74 0.413281 0.151396 0.04375 0.0545375 0.0450134
74 0.771094 0.121619 0.11875 0.100131 0.0441895
74 0.714063 0.260035 0.0515625 0.0575916 0.0437012
26 0.311328 0.832461 0.114844 0.298429 0.0433655
32 0.753516 0.52356 0.0195312 0.021815 0.0414734
75 0.935938 0.158595 0.021875 0.0440663 0.0411377
74 0.529688 0.107221 0.0375 0.0434119 0.0343628
39 0.845313 0.138307 0.05 0.0855148 0.0316162
45 0.683594 0.408377 0.0367188 0.017452 0.0284424
74 0.532031 0.0989311 0.0414063 0.0499564 0.0283356
41 0.935938 0.158377 0.021875 0.0445026 0.0281067
74 0.0876953 0.777487 0.0371094 0.0366492 0.0275879
75 0.0876953 0.777487 0.0371094 0.0366492 0.0271759
75 0.875 0.152487 0.01875 0.0527923 0.0249939
41 0.483594 0.212914 0.0140625 0.0322862 0.0245209
45 0.714844 0.259817 0.0515625 0.0571553 0.0240479
41 0.342578 0.248255 0.0203125 0.0287958 0.0236053
41 0.503906 0.212914 0.0164063 0.0327225 0.0229797
73 0.340039 0.358202 0.0738281 0.0340314 0.0224609
41 0.330273 0.213133 0.0152344 0.0274869 0.0223694
73 0.903125 0.156577 0.046875 0.0437391 0.021286
71 0.476562 0.324171 0.114063 0.0445026 0.0210419
45 0.343164 0.357984 0.0753906 0.0344677 0.0197906
45 0.176172 0.846422 0.0320312 0.0139616 0.0193481
72 0.499609 0.453861 0.191406 0.296466 0.0192719
72 0.875781 0.477203 0.20625 0.258508 0.0191956
41 0.545313 0.294939 0.0421875 0.0235602 0.0181274
41 0.417188 0.212478 0.0125 0.0279232 0.0172424
58 0.772656 0.121073 0.117188 0.102531 0.0171814
41 0.345313 0.330279 0.01875 0.0244328 0.0171051
24 0.311328 0.834424 0.114844 0.299738 0.0170441
75 0.1625 0.75349 0.0363281 0.0881326 0.016922
45 0.903906 0.156577 0.046875 0.0428665 0.0161591
58 0.283984 0.336606 0.0703125 0.0340314 0.0159607
15 0.311328 0.835951 0.114063 0.296684 0.0158386
58 0.877344 0.127182 0.021875 0.0506108 0.0150146
45 0.477344 0.325044 0.111719 0.0453752 0.0149536
40 0.503906 0.212914 0.0164063 0.0327225 0.0147324
41 0.443359 0.214223 0.015625 0.0296684 0.0146179
41 0.553906 0.212478 0.0203125 0.0279232 0.0142822
58 0.874219 0.142016 0.0203125 0.074171 0.014061
39 0.660156 0.218805 0.015625 0.0449389 0.0137939
16 0.311328 0.835951 0.114063 0.296684 0.0136337
40 0.483594 0.212914 0.0140625 0.0322862 0.013588
75 0.714063 0.260689 0.05 0.0571553 0.013588
41 0.39375 0.210297 0.015625 0.0226876 0.0133286
73 0.223828 0.799302 0.0382813 0.0191972 0.0133286
14 0.114648 0.923211 0.0359375 0.0191972 0.0124817
41 0.51875 0.214223 0.0171875 0.0287958 0.0123367
41 0.571094 0.212042 0.01875 0.0287958 0.0123367
41 0.486719 0.208988 0.0101563 0.0239965 0.0123367
41 0.747656 0.20986 0.0140625 0.0235602 0.0121918
41 0.331055 0.328752 0.0144531 0.0292321 0.012146
74 0.551953 0.0861693 0.0554687 0.0597731 0.0120087
39 0.842188 0.212042 0.0125 0.026178 0.0120087
41 0.515625 0.248255 0.025 0.0331588 0.0120087
41 0.53125 0.214223 0.0148437 0.030541 0.0119629
41 0.356445 0.213787 0.0144531 0.026178 0.0116425
41 0.355078 0.249127 0.0132813 0.0314136 0.0116425
45 0.018457 0.798429 0.0243164 0.0148342 0.0115509
58 0.0764648 0.747382 0.0835937 0.104712 0.0111618
41 0.429688 0.214442 0.0171875 0.0257417 0.0108566
58 0.114258 0.937173 0.0382813 0.0453752 0.0108566
74 0.541406 0.0787522 0.0460938 0.0427574 0.0107803
41 0.329297 0.2476 0.0121094 0.0318499 0.0107346
41 0.291406 0.135689 0.0875 0.0855148 0.0106125
45 0.0533203 0.847295 0.0297852 0.0122164 0.0104523
41 0.728906 0.211169 0.021875 0.026178 0.0103683
73 0.413281 0.152051 0.04375 0.0562827 0.0102921
41 0.287891 0.0868237 0.04375 0.0292321 0.0100937
41 0.0883057 0.775742 0.0319824 0.0279232 0.00981903
41 0.464063 0.211387 0.01875 0.0335951 0.00978088
54 0.714063 0.260471 0.05 0.0575916 0.00974274
41 0.825 0.249127 0.021875 0.0292321 0.00974274
39 0.162988 0.767016 0.0361328 0.0663176 0.00971222
40 0.367578 0.136998 0.0507812 0.0837696 0.00967407
41 0.857031 0.157941 0.01875 0.0462478 0.00933838
41 0.343359 0.215096 0.021875 0.0244328 0.00926971
40 0.483984 0.219023 0.0171875 0.0453752 0.00901794
41 0.820312 0.248255 0.0203125 0.0296684 0.00888062
41 0.385938 0.294503 0.0203125 0.0226876 0.00888062
39 0.53125 0.214223 0.0148437 0.030541 0.0088501
71 0.133105 0.809991 0.201758 0.0170157 0.00881195
71 0.88125 0.367474 0.2 0.0277051 0.00878143
69 0.876758 0.476876 0.205859 0.259162 0.00878143
41 0.875 0.152923 0.01875 0.052356 0.00857544
75 0.0857422 0.771379 0.0445313 0.0549738 0.00857544
58 0.875 0.524433 0.19375 0.155323 0.0085144
41 0.464063 0.248473 0.01875 0.0327225 0.00844574
58 0.6875 0.142888 0.03125 0.0680628 0.00844574
39 0.935938 0.158595 0.0203125 0.0445026 0.00834656
41 0.547656 0.212914 0.0140625 0.0327225 0.00834656
2 0.684375 0.410122 0.0421875 0.017452 0.00828552
32 0.376172 0.521379 0.021875 0.0235602 0.00815582
40 0.51875 0.214223 0.0171875 0.0287958 0.00809479
41 0.842188 0.212042 0.0125 0.026178 0.00806427
39 0.752344 0.210297 0.0125 0.0270506 0.00796509
41 0.460156 0.212042 0.015625 0.034904 0.00790405
45 0.649219 0.27596 0.0671875 0.0728621 0.00784302
72 0.0741699 0.75349 0.081543 0.091623 0.00784302
40 0.605859 0.21466 0.0171875 0.0274869 0.0077858
69 0.48125 0.335515 0.128125 0.0680628 0.00775528
74 0.638281 0.747819 0.0351562 0.017452 0.00754929
73 0.018457 0.798429 0.0243164 0.0148342 0.00754929
41 0.592969 0.212914 0.0140625 0.0314136 0.00751877
39 0.635547 0.215969 0.0148437 0.0410122 0.00751877
59 0.876758 0.951134 0.240234 0.069808 0.00746155
59 0.75 0.833333 0.490625 0.30192 0.00734711
45 0.638281 0.747819 0.0359375 0.0191972 0.00731659
17 0.310547 0.834424 0.116406 0.299738 0.00728989
73 0.825 0.249127 0.021875 0.0292321 0.00723267
70 0.476953 0.326789 0.115625 0.0510471 0.00717545
45 0.288477 0.0866056 0.0421875 0.0259599 0.00712204
39 0.664453 0.219023 0.0148437 0.04363 0.00712204
41 0.380078 0.211169 0.01875 0.0244328 0.00709534
41 0.483984 0.219023 0.0171875 0.0453752 0.00701141
40 0.39375 0.210297 0.015625 0.0226876 0.00698471
75 0.935938 0.215969 0.03125 0.0401396 0.00698471
71 0.341602 0.35733 0.0707031 0.030541 0.00695801
41 0.429688 0.249127 0.021875 0.0418848 0.0068779
74 0.694141 0.895288 0.0234375 0.0244328 0.0068779
41 0.605859 0.21466 0.0171875 0.0274869 0.00679779
75 0.845313 0.154505 0.04375 0.0539921 0.00677109
71 0.132031 0.807155 0.239453 0.0209424 0.00677109
73 0.871875 0.830497 0.246875 0.29712 0.00674438
40 0.417188 0.212478 0.0125 0.0279232 0.00671768
41 0.705469 0.32897 0.0164063 0.0287958 0.00664139
59 0.876563 0.476876 0.204688 0.259162 0.00653839
40 0.688281 0.143325 0.028125 0.0680628 0.00641251
39 0.416797 0.292757 0.0117188 0.0331588 0.00638962
41 0.591406 0.290576 0.0140625 0.0322862 0.00629044
39 0.654297 0.219023 0.0109375 0.04363 0.00624084
41 0.367578 0.137216 0.05 0.0833333 0.00614548
39 0.547656 0.212914 0.0140625 0.0327225 0.00614548
39 0.483594 0.212914 0.0140625 0.0322862 0.00609589
73 0.916406 0.292757 0.03125 0.0322862 0.00609589
73 0.353906 0.357766 0.0890625 0.0331588 0.00609589
39 0.4125 0.150905 0.0453125 0.0568281 0.00609589
41 0.30957 0.211169 0.0121094 0.0205061 0.006073
74 0.407813 0.882199 0.0234375 0.0209424 0.00602722
39 0.646875 0.216841 0.0125 0.0427574 0.00600433
73 0.305078 0.394415 0.03125 0.0139616 0.00600433
56 0.875 0.514834 0.19375 0.172775 0.00600433
74 0.684375 0.410122 0.04375 0.017452 0.00598145
41 0.354297 0.328534 0.0113281 0.0270506 0.00595856
45 0.175391 0.849913 0.0335938 0.017452 0.00595856
41 0.181445 0.799738 0.0121094 0.0183246 0.00584412
74 0.524219 0.0996946 0.025 0.0322862 0.00582123
40 0.592969 0.212914 0.0140625 0.0314136 0.00575256
39 0.644531 0.216405 0.0125 0.0423211 0.00572968
73 0.759375 0.361038 0.0640625 0.0283595 0.00572968
71 0.4625 0.354276 0.05625 0.0200698 0.00570679
58 0.904688 0.152923 0.0453125 0.0370855 0.00568771
73 0.287305 0.393543 0.0667969 0.0191972 0.00568771
40 0.571094 0.212042 0.01875 0.0287958 0.00559998
14 0.110352 0.923211 0.0283203 0.017452 0.00557709
41 0.140234 0.799302 0.0121094 0.017452 0.0055542
39 0.747656 0.20986 0.0140625 0.0235602 0.00551224
73 0.820312 0.248255 0.0203125 0.0296684 0.00551224
75 0.545313 0.294939 0.0421875 0.0235602 0.00551224
73 0.214258 0.800175 0.0558594 0.0209424 0.00551224
39 0.503906 0.212914 0.0164063 0.0327225 0.00548935
39 0.284375 0.0884599 0.0523438 0.0298866 0.00547028
40 0.53125 0.214223 0.0148437 0.030541 0.00538635
39 0.39375 0.210297 0.015625 0.0226876 0.00536346
41 0.491406 0.213351 0.0125 0.034904 0.0053215
72 0.426563 0.877836 0.135937 0.216405 0.00527954
75 0.4125 0.150905 0.0453125 0.0568281 0.00526047
39 0.6625 0.215096 0.0140625 0.0362129 0.00524139
41 0.61875 0.214442 0.015625 0.0292321 0.00516129
47 0.283594 0.336387 0.0703125 0.034904 0.00516129
40 0.842188 0.212042 0.0125 0.026178 0.0051384
41 0.303516 0.248037 0.021875 0.0292321 0.0051384
39 0.443359 0.214223 0.015625 0.0296684 0.00511932
73 0.907813 0.295375 0.0125 0.0253054 0.00508118
73 0.842188 0.212042 0.0125 0.026178 0.00502014
69 0.476953 0.326789 0.115625 0.0510471 0.00502014
73 0.294141 0.387435 0.0539063 0.0165794 0.00496292
73 0.283203 0.387435 0.0765625 0.0191972 0.00494385
77 0.845313 0.139671 0.046875 0.0845332 0.00492477
40 0.680469 0.213351 0.0140625 0.030541 0.00492477
40 0.553906 0.212478 0.0203125 0.0279232 0.00488663
39 0.252344 0.215532 0.021875 0.0445026 0.00486755
40 0.747656 0.20986 0.0140625 0.0235602 0.00484848
39 0.724219 0.213351 0.015625 0.0322862 0.00482941
40 0.385938 0.294503 0.0203125 0.0226876 0.00481033
41 0.854688 0.248255 0.009375 0.0322862 0.00475693
41 0.638281 0.213351 0.0125 0.0353403 0.00475693
39 0.314844 0.212478 0.0140625 0.0296684 0.00473785
40 0.491406 0.213351 0.0125 0.034904 0.00473785
40 0.728906 0.211169 0.021875 0.026178 0.00471878
41 0.314844 0.212478 0.0140625 0.0296684 0.00469971
47 0.714063 0.259599 0.0515625 0.0575916 0.00469971
41 0.392188 0.294503 0.015625 0.0226876 0.00466537
65 0.223828 0.799302 0.0382813 0.0191972 0.00466537
41 0.413281 0.152051 0.04375 0.0562827 0.0046463
40 0.696094 0.213569 0.0226563 0.0292321 0.0046463
40 0.429688 0.214442 0.0171875 0.0257417 0.00462723
39 0.30957 0.211169 0.0121094 0.0205061 0.00460815
41 0.834375 0.212478 0.0125 0.021815 0.00460815
41 0.767969 0.212914 0.0140625 0.0270506 0.0045929
39 0.642188 0.216841 0.015625 0.04363 0.00457382
40 0.380078 0.211169 0.01875 0.0244328 0.00457382
32 0.694141 0.895288 0.0234375 0.0244328 0.00457382
58 0.162402 0.753054 0.0365234 0.0881326 0.00457382
74 0.527344 0.0967496 0.03125 0.033377 0.00455475
41 0.317188 0.0983857 0.021875 0.0209424 0.00453949
41 0.462891 0.210079 0.0117188 0.0279232 0.00452042
39 0.442969 0.291667 0.0109375 0.0309773 0.00450516
71 0.869531 0.365183 0.207813 0.0471204 0.00450516
39 0.79375 0.21466 0.015625 0.0209424 0.00446701
41 0.842188 0.25 0.0125 0.0335951 0.00446701
40 0.464844 0.212042 0.0234375 0.0331588 0.00445175
39 0.417188 0.212478 0.0125 0.0279232 0.00443268
41 0.79375 0.21466 0.015625 0.0209424 0.00443268
58 0.889063 0.110057 0.0375 0.0486475 0.00438309
41 0.904688 0.15625 0.046875 0.0426483 0.00436401
39 0.727344 0.210951 0.01875 0.0274869 0.00436401
58 0.290234 0.130454 0.0875 0.0990401 0.00436401
40 0.855469 0.212914 0.0109375 0.0287958 0.00434875
73 0.917188 0.29363 0.021875 0.0296684 0.00434875
39 0.707031 0.21226 0.0109375 0.0335951 0.00431442
41 0.752344 0.210297 0.0125 0.0270506 0.00429916
41 0.842188 0.157504 0.0375 0.0466841 0.00426483
41 0.845313 0.25 0.0125 0.0335951 0.00426483
41 0.5375 0.209424 0.0109375 0.0270506 0.00426483
58 0.875 0.152487 0.01875 0.0527923 0.00421524
75 0.857031 0.157941 0.01875 0.0462478 0.00419998
45 0.458594 0.348604 0.0671875 0.0191972 0.00419998
39 0.0883057 0.775742 0.0319824 0.0279232 0.00413513
8 0.875781 0.953752 0.242188 0.0663176 0.00411606
64 0.176172 0.846422 0.0320312 0.0139616 0.0041008
41 0.6625 0.215096 0.0140625 0.0362129 0.00407028
77 0.0876953 0.777487 0.0371094 0.0366492 0.00405502
73 0.935938 0.216841 0.03125 0.0410122 0.00403976
41 0.392188 0.292321 0.01875 0.0266143 0.00403976
75 0.0825195 0.75829 0.0552734 0.0802792 0.00403976
39 0.815625 0.211606 0.015625 0.0279232 0.00402451
40 0.387402 0.22164 0.0298828 0.026178 0.00399017
40 0.503125 0.230366 0.0171875 0.0689354 0.00395966
69 0.30293 0.410995 0.136328 0.0671902 0.0039444
75 0.874219 0.142016 0.0203125 0.074171 0.00391388
39 0.875 0.152487 0.01875 0.0527923 0.00390053
41 0.855469 0.212914 0.0109375 0.0287958 0.00388527
39 0.705469 0.32897 0.0164063 0.0287958 0.00388527
41 0.815625 0.211606 0.015625 0.0279232 0.00385475
39 0.356445 0.213787 0.0144531 0.026178 0.00383949
40 0.460156 0.212042 0.015625 0.034904 0.00383949
58 0.0888672 0.736038 0.0439453 0.026178 0.00383949
41 0.387402 0.22164 0.0298828 0.026178 0.00382423
39 0.860938 0.312391 0.01875 0.0724258 0.00382423
57 0.875 0.514834 0.19375 0.172775 0.00382423
41 0.289453 0.248255 0.0132813 0.0287958 0.00379562
41 0.744141 0.295157 0.0164063 0.0235602 0.00379562
74 0.683594 0.408377 0.0367188 0.017452 0.00376511
20 0.310547 0.834424 0.116406 0.299738 0.00376511
69 0.129785 0.389616 0.228711 0.440663 0.00374985
39 0.317188 0.0983857 0.021875 0.0209424 0.0037365
41 0.577734 0.212042 0.0132813 0.030541 0.0037365
40 0.464844 0.249346 0.0203125 0.0335951 0.0037365
41 0.807031 0.457679 0.0125 0.0209424 0.0037365
72 0.128906 0.389289 0.227344 0.441318 0.96582
58 0.909375 0.128272 0.0828125 0.0986038 0.84082
45 0.283398 0.336606 0.0699219 0.0340314 0.819824
75 0.367383 0.136998 0.0496094 0.0837696 0.602051
39 0.162402 0.753927 0.0373047 0.0863874 0.571777
74 0.546484 0.0940227 0.103906 0.119983 0.529297
69 0.499219 0.453752 0.190625 0.293194 0.5
58 0.846094 0.138362 0.05 0.0854058 0.474609
58 0.0818359 0.758726 0.0578125 0.0811518 0.329346
74 0.548047 0.0965314 0.0734375 0.0822426 0.305664
57 0.311328 0.833333 0.114844 0.298429 0.163452
75 0.6875 0.144361 0.028125 0.0681719 0.145142
74 0.545313 0.294939 0.04375 0.0235602 0.119995
72 0.539844 0.815227 0.0671875 0.215969 0.105957
75 0.290625 0.136998 0.0867188 0.0842059 0.105225
0 0.311328 0.833333 0.114844 0.298429 0.10321
75 0.845313 0.138307 0.05 0.0855148 0.0994873
58 0.0823975 0.73473 0.0527832 0.0279232 0.0927124
75 0.0883789 0.775742 0.0318359 0.0279232 0.0881958
45 0.458594 0.354276 0.0617188 0.0191972 0.0775146
14 0.9 0.820462 0.0359375 0.0274869 0.0742188
71 0.876367 0.399651 0.206641 0.106457 0.0734253
58 0.907813 0.110384 0.078125 0.0571553 0.0675659
62 0.771484 0.121291 0.119531 0.0999127 0.0673218
56 0.311328 0.833333 0.114063 0.298429 0.0618896
59 0.311328 0.832243 0.114063 0.29712 0.0598755
74 0.649219 0.27596 0.0671875 0.0728621 0.0596619
45 0.545313 0.294721 0.04375 0.0226876 0.0562439
77 0.311328 0.835951 0.113281 0.294939 0.0503235
45 0.291406 0.135471 0.0875 0.0859511 0.0492249
45 0.545313 0.338133 0.06875 0.0532286 0.0472412
74 0.566016 0.104821 0.0328125 0.0390489 0.0467224
74 0.770703 0.12151 0.119531 0.0999127 0.0460205
26 0.311328 0.832243 0.114063 0.29712 0.0455322
75 0.904688 0.15336 0.04375 0.0375218 0.0450134
74 0.714063 0.260035 0.0515625 0.0575916 0.044342
75 0.545313 0.339223 0.0671875 0.0519197 0.0405273
45 0.684375 0.410558 0.04375 0.017452 0.0403748
69 0.540234 0.815009 0.0679687 0.21466 0.0383301
74 0.0889648 0.775305 0.0302734 0.0296684 0.0379028
75 0.935938 0.158813 0.021875 0.0440663 0.036499
32 0.753125 0.52356 0.0203125 0.021815 0.0354004
74 0.544531 0.116056 0.0203125 0.0340314 0.0351562
74 0.412891 0.151396 0.04375 0.0545375 0.0330811
74 0.555469 0.0983857 0.0546875 0.0719895 0.0324707
39 0.368359 0.137325 0.0492188 0.0835515 0.0316162
39 0.845313 0.13918 0.0484375 0.0846422 0.0313721
74 0.528906 0.107548 0.0359375 0.0416667 0.0305634
41 0.935938 0.158377 0.021875 0.0445026 0.0294189
72 0.875781 0.476876 0.20625 0.25829 0.0259552
74 0.531641 0.0990401 0.0414063 0.047993 0.0245209
45 0.683594 0.408377 0.0359375 0.017452 0.0236053
75 0.875 0.152269 0.01875 0.0532286 0.0222015
74 0.0876953 0.777487 0.0369141 0.0366492 0.0219421
72 0.5 0.454734 0.190625 0.292976 0.021698
75 0.0876953 0.777487 0.0369141 0.0366492 0.0213623
73 0.903125 0.156414 0.046875 0.04363 0.0204926
71 0.476562 0.324171 0.114063 0.0445026 0.018692
41 0.342578 0.248473 0.0203125 0.0287958 0.0185394
41 0.483594 0.212914 0.0140625 0.0322862 0.0179901
58 0.283984 0.336824 0.0703125 0.0340314 0.0175171
45 0.714844 0.259817 0.0515625 0.0571553 0.0174408
24 0.311328 0.833333 0.114063 0.298429 0.0173035
41 0.330469 0.213133 0.0148437 0.0270506 0.0170441
41 0.545313 0.294939 0.04375 0.0235602 0.0166626
41 0.504297 0.212914 0.0164063 0.0327225 0.0165253
73 0.340039 0.358202 0.0738281 0.0340314 0.0162811
58 0.877344 0.130236 0.021875 0.0562827 0.0159607
45 0.176172 0.846422 0.0320312 0.0139616 0.0153656
15 0.311328 0.835951 0.113281 0.294939 0.0153046
41 0.345313 0.330279 0.01875 0.0244328 0.0151901
45 0.343359 0.357766 0.0757812 0.034904 0.0150757
58 0.875 0.142016 0.021875 0.074171 0.0146713
45 0.476953 0.326789 0.114844 0.0506108 0.0146179
58 0.0762695 0.755672 0.0771484 0.08726 0.0135345
73 0.223828 0.800175 0.0382813 0.0191972 0.0131683
16 0.311328 0.835951 0.113281 0.294939 0.0131226
58 0.772266 0.120637 0.117969 0.102531 0.0129242
75 0.1625 0.75349 0.0363281 0.0881326 0.0129242
41 0.417188 0.21226 0.0125 0.0279232 0.0126266
45 0.903906 0.156577 0.046875 0.0428665 0.0121002
39 0.660156 0.218805 0.015625 0.0449389 0.011467
41 0.331055 0.32897 0.0144531 0.0287958 0.0114212
58 0.114258 0.937173 0.0382813 0.0453752 0.0112
41 0.553906 0.212478 0.0203125 0.0279232 0.011116
40 0.504297 0.212914 0.0164063 0.0327225 0.0110321
40 0.483594 0.212914 0.0140625 0.0322862 0.0107346
74 0.552344 0.0852967 0.053125 0.056719 0.0106964
39 0.842188 0.211824 0.0125 0.026178 0.0106506
72 0.0741211 0.753054 0.0822266 0.0924956 0.0106506
75 0.714063 0.260689 0.05 0.0571553 0.0106125
41 0.443359 0.214005 0.015625 0.0292321 0.0105286
41 0.39375 0.210515 0.015625 0.0226876 0.0103302
14 0.114648 0.923211 0.0359375 0.017452 0.0103302
41 0.747656 0.20986 0.0140625 0.0235602 0.0102081
45 0.0184082 0.798429 0.0244141 0.0148342 0.01017
41 0.0883789 0.775742 0.0318359 0.0279232 0.00974274
74 0.541406 0.0786431 0.04375 0.0410122 0.00963593
41 0.571094 0.212042 0.01875 0.0287958 0.00952148
2 0.684375 0.410122 0.0421875 0.017452 0.00933838
73 0.412891 0.152214 0.0445313 0.0559555 0.00926971
71 0.88125 0.367365 0.2 0.0270506 0.00923157
69 0.877344 0.476876 0.204688 0.259162 0.00923157
41 0.356445 0.213787 0.0144531 0.026178 0.00905609
41 0.85625 0.157723 0.01875 0.0462478 0.0088501
41 0.53125 0.214223 0.015625 0.030541 0.0088501
41 0.51875 0.214223 0.0171875 0.0287958 0.00881195
41 0.515625 0.248255 0.025 0.0331588 0.00874329
54 0.714063 0.260471 0.05 0.0575916 0.00871277
17 0.310547 0.834206 0.115625 0.298429 0.00861359
45 0.0533203 0.847295 0.0298828 0.0122164 0.00857544
39 0.163184 0.769197 0.0357422 0.061082 0.00854492
41 0.355078 0.249127 0.0132813 0.0314136 0.00844574
71 0.876563 0.411867 0.19375 0.078534 0.00841522
41 0.728906 0.211169 0.021875 0.026178 0.00828552
41 0.291406 0.135471 0.0875 0.0859511 0.008255
59 0.749609 0.833333 0.491406 0.300175 0.00818634
39 0.935938 0.158322 0.0203125 0.0446117 0.00796509
41 0.430078 0.214223 0.0171875 0.0253054 0.00790405
41 0.329297 0.2476 0.0121094 0.0318499 0.00790405
41 0.34375 0.214878 0.0210938 0.0244328 0.00775528
41 0.826563 0.248691 0.01875 0.0270506 0.00775528
41 0.875 0.152705 0.01875 0.0532286 0.00763702
41 0.287891 0.0869328 0.04375 0.029014 0.00748825
58 0.6875 0.142888 0.0304688 0.0676265 0.00748825
41 0.385938 0.294503 0.0203125 0.0231239 0.00740433
73 0.872656 0.830716 0.245312 0.296684 0.00734711
58 0.874219 0.524433 0.19375 0.155323 0.00728989
69 0.482812 0.335515 0.13125 0.0680628 0.00725937
74 0.638281 0.747819 0.0351562 0.017452 0.00717545
32 0.376172 0.521379 0.021875 0.0235602 0.00714874
41 0.464063 0.211169 0.01875 0.0331588 0.00703812
40 0.483984 0.219895 0.0171875 0.0475567 0.00701141
73 0.0184082 0.798429 0.0244141 0.0148342 0.00698471
75 0.0857422 0.771815 0.0441406 0.0532286 0.0069313
41 0.486719 0.208551 0.0101563 0.0235602 0.0069313
40 0.367969 0.137107 0.05 0.0839878 0.00682449
71 0.341797 0.35733 0.0703125 0.030541 0.00679779
39 0.53125 0.214223 0.015625 0.030541 0.00677109
70 0.476953 0.326789 0.114844 0.0506108 0.00677109
41 0.823438 0.248473 0.01875 0.0283595 0.00674438
41 0.842188 0.211824 0.0125 0.026178 0.00666809
71 0.135059 0.809991 0.193164 0.0170157 0.00656509
59 0.877344 0.952007 0.239063 0.0680628 0.00656509
39 0.752344 0.210297 0.0125 0.0270506 0.00653839
41 0.820312 0.248255 0.01875 0.0296684 0.00653839
40 0.688281 0.143325 0.028125 0.0676265 0.00631332
40 0.51875 0.214223 0.0171875 0.0287958 0.00626373
40 0.60625 0.21466 0.0171875 0.0270506 0.00624084
41 0.547656 0.212914 0.0140625 0.0327225 0.00621796
74 0.694141 0.895288 0.0234375 0.0244328 0.00621796
41 0.464063 0.248473 0.01875 0.0322862 0.00614548
73 0.825 0.249127 0.021875 0.0287958 0.00614548
58 0.904688 0.15276 0.0453125 0.0365401 0.00609589
39 0.635547 0.215969 0.0148437 0.0410122 0.00605011
41 0.181445 0.799738 0.0121094 0.0183246 0.005867
56 0.875 0.513962 0.19375 0.17452 0.00584412
40 0.39375 0.210515 0.015625 0.0226876 0.00579834
41 0.705469 0.32897 0.015625 0.0287958 0.00575256
41 0.140234 0.799738 0.0121094 0.0183246 0.00575256
74 0.407813 0.882199 0.0234375 0.0209424 0.00572968
71 0.4625 0.354276 0.05625 0.0200698 0.00568771
59 0.876758 0.476876 0.205859 0.259162 0.00568771
41 0.380078 0.211387 0.0179687 0.0239965 0.00566483
71 0.871094 0.365183 0.207813 0.0471204 0.00566483
45 0.649219 0.27596 0.0671875 0.0728621 0.00564194
75 0.845313 0.154232 0.04375 0.0549738 0.00559998
73 0.305078 0.394852 0.03125 0.0139616 0.00559998
75 0.935156 0.215969 0.0328125 0.0401396 0.0055542
41 0.460156 0.212042 0.015625 0.034904 0.00551224
41 0.592969 0.212914 0.0148437 0.0314136 0.00551224
41 0.591406 0.290794 0.0140625 0.0318499 0.00540543
45 0.638281 0.748255 0.0359375 0.0183246 0.00540543
41 0.354297 0.328752 0.0117188 0.0270506 0.00536346
74 0.684375 0.410558 0.04375 0.017452 0.00536346
41 0.367578 0.137216 0.05 0.0833333 0.00526047
39 0.664844 0.219023 0.015625 0.04363 0.00526047
39 0.416406 0.292757 0.0125 0.0331588 0.00518036
71 0.134375 0.807155 0.228125 0.0209424 0.00511932
72 0.426563 0.881326 0.135156 0.209424 0.00510025
40 0.417188 0.21226 0.0125 0.0279232 0.0050621
41 0.60625 0.21466 0.0171875 0.0270506 0.0050621
39 0.646875 0.216841 0.0125 0.0427574 0.00502014
41 0.483984 0.219895 0.0171875 0.0475567 0.00500107
45 0.288477 0.0866056 0.0425781 0.0257417 0.00498199
58 0.290234 0.129581 0.0875 0.100349 0.00496292
39 0.654688 0.219023 0.0109375 0.04363 0.00494385
39 0.747656 0.20986 0.0140625 0.0235602 0.00492477
39 0.483594 0.212914 0.0140625 0.0322862 0.00488663
41 0.429688 0.249564 0.021875 0.0418848 0.00484848
73 0.355859 0.357766 0.0921875 0.0331588 0.00479126
73 0.214844 0.800175 0.0527344 0.0209424 0.00479126
40 0.571094 0.212042 0.01875 0.0287958 0.00477219
73 0.760156 0.361257 0.0625 0.0279232 0.00475693
69 0.476953 0.326789 0.114844 0.0506108 0.00475693
72 0.75 0.833333 0.490625 0.303665 0.00475693
73 0.820312 0.248255 0.01875 0.0296684 0.00473785
73 0.287109 0.393979 0.0664062 0.0183246 0.00473785
8 0.874805 0.954625 0.241016 0.0663176 0.00468063
74 0.523438 0.0996946 0.0234375 0.0309773 0.00466537
39 0.547656 0.212914 0.0140625 0.0327225 0.00462723
39 0.0883789 0.775742 0.0318359 0.0279232 0.00462723
39 0.0876953 0.777487 0.0369141 0.0366492 0.00460815
45 0.175391 0.849913 0.0335938 0.017452 0.0045929
40 0.592969 0.212914 0.0148437 0.0314136 0.00457382
39 0.412891 0.151014 0.0453125 0.0566099 0.00455475
39 0.644531 0.216405 0.0125 0.0427574 0.00453949
39 0.39375 0.210515 0.015625 0.0226876 0.00452042
75 0.545313 0.294939 0.04375 0.0235602 0.00450516
75 0.412891 0.151014 0.0453125 0.0566099 0.00450516
41 0.309766 0.211169 0.0117188 0.0205061 0.00446701
77 0.845313 0.139616 0.0484375 0.0846422 0.00439835
40 0.747656 0.20986 0.0140625 0.0235602 0.00438309
40 0.53125 0.214223 0.015625 0.030541 0.00432968
73 0.842188 0.211824 0.0125 0.026178 0.00432968
58 0.875 0.152269 0.01875 0.0532286 0.00431442
39 0.504297 0.212914 0.0164063 0.0327225 0.00429916
39 0.252344 0.215532 0.021875 0.0445026 0.00429916
77 0.0876953 0.777487 0.0369141 0.0366492 0.00424957
58 0.889063 0.110166 0.0375 0.0484293 0.0042305
73 0.29375 0.387435 0.0546875 0.0165794 0.0042305
39 0.283984 0.0885689 0.0527344 0.0301047 0.00419998
40 0.553906 0.212478 0.0203125 0.0279232 0.00416565
73 0.283008 0.387435 0.0769531 0.0191972 0.00416565
40 0.728906 0.211169 0.021875 0.026178 0.00415039
32 0.694141 0.895288 0.0234375 0.0244328 0.00408554
28 0.311328 0.833333 0.114063 0.298429 0.00407028
39 0.442969 0.291667 0.0109375 0.0309773 0.00403976
41 0.904688 0.155977 0.046875 0.0418848 0.00400543
41 0.834375 0.212478 0.0125 0.021815 0.00400543
11 0.714063 0.260689 0.05 0.0571553 0.00399017
41 0.317578 0.0983857 0.0210938 0.0211606 0.00397491
40 0.680469 0.213351 0.0140625 0.030541 0.00395966
41 0.845313 0.157014 0.04375 0.0472295 0.0039444
40 0.842188 0.211824 0.0125 0.026178 0.0039444
39 0.6625 0.21466 0.0140625 0.0353403 0.0039444
39 0.875 0.152269 0.01875 0.0532286 0.00392914
65 0.223828 0.800175 0.0382813 0.0191972 0.00392914
40 0.385938 0.294503 0.0203125 0.0231239 0.00391388
40 0.380078 0.211387 0.0179687 0.0239965 0.00390053
41 0.61875 0.21466 0.015625 0.0287958 0.00388527
39 0.724219 0.213351 0.015625 0.0314136 0.00388527
41 0.392969 0.294503 0.015625 0.0231239 0.00388527
73 0.9125 0.293194 0.03125 0.0331588 0.00385475
40 0.464844 0.212042 0.0234375 0.0331588 0.00382423
41 0.178467 0.848168 0.0258789 0.0157068 0.00382423
68 0.539844 0.815881 0.0671875 0.21466 0.00379562
39 0.79375 0.21466 0.015625 0.0209424 0.00378036
41 0.412891 0.152214 0.0445313 0.0559555 0.00376511
39 0.727734 0.210951 0.01875 0.0274869 0.00376511
39 0.443359 0.214005 0.015625 0.0292321 0.00376511
74 0.753125 0.52356 0.0203125 0.021815 0.00376511
73 0.770312 0.121073 0.11875 0.0986038 0.00376511
20 0.310547 0.834206 0.115625 0.298429 0.00376511
73 0.908594 0.295375 0.0140625 0.0253054 0.0037365
41 0.491406 0.213351 0.0125 0.034904 0.00370789
41 0.854688 0.248255 0.009375 0.0322862 0.00370789
39 0.705469 0.32897 0.015625 0.0287958 0.00370789
41 0.136133 0.798429 0.0164063 0.0157068 0.00370789
69 0.303125 0.410995 0.135937 0.0663176 0.00369263
74 0.526953 0.0966405 0.0304688 0.0327225 0.00367928
39 0.314844 0.212478 0.0140625 0.0287958 0.00367928
40 0.491406 0.213351 0.0125 0.034904 0.00367928
41 0.767969 0.212914 0.0140625 0.0270506 0.00367928
69 0.129785 0.389616 0.22793 0.438918 0.00367928
39 0.309766 0.211169 0.0117188 0.0205061 0.00366402
40 0.696094 0.213787 0.0226563 0.0287958 0.00366402
47 0.283594 0.336387 0.0703125 0.034904 0.00366402
58 0.1625 0.753054 0.0363281 0.0881326 0.00365067
41 0.79375 0.21466 0.015625 0.0209424 0.0036068
74 0.683594 0.408377 0.0359375 0.017452 0.00356483
58 0.0764648 0.746073 0.0908203 0.109948 0.00356483
73 0.935938 0.216405 0.03125 0.0410122 0.00353813
39 0.181445 0.799738 0.0121094 0.0183246 0.00353813
73 0.935938 0.158813 0.021875 0.0440663 0.00351143
39 0.815625 0.211606 0.015625 0.0279232 0.00351143
39 0.707031 0.212478 0.0117188 0.0331588 0.00349617
41 0.314844 0.212478 0.0140625 0.0287958 0.00346947
40 0.430078 0.214223 0.0171875 0.0253054 0.00345612
41 0.752344 0.210297 0.0125 0.0270506 0.00345612
41 0.744141 0.295157 0.0164063 0.0231239 0.00341606
39 0.417188 0.21226 0.0125 0.0279232 0.00340271
77 0.0889648 0.775305 0.0302734 0.0296684 0.00338936
39 0.317578 0.0983857 0.0210938 0.0211606 0.00336266
45 0.458594 0.348604 0.0671875 0.0191972 0.00336266
41 0.303906 0.248037 0.0210938 0.0292321 0.00335121
41 0.841406 0.25 0.0125 0.0331588 0.00335121
41 0.38291 0.329843 0.0201172 0.026178 0.00335121
75 0.85625 0.157723 0.01875 0.0462478 0.00333786
40 0.387891 0.221204 0.0296875 0.0270506 0.00333786
40 0.855469 0.212914 0.0109375 0.0283595 0.00332451
41 0.845313 0.25 0.0125 0.0335951 0.00332451
75 0.283203 0.335951 0.06875 0.0340314 0.00332451
75 0.875 0.142016 0.021875 0.074171 0.00331116
73 0.874219 0.155323 0.01875 0.0497382 0.00329781
41 0.815625 0.211606 0.015625 0.0279232 0.00329781
41 0.638281 0.213133 0.0125 0.0344677 0.00329781
71 0.663281 0.364856 0.0539063 0.0172339 0.00327301
75 0.311328 0.834424 0.113281 0.299738 0.00325966
39 0.834375 0.212478 0.0125 0.021815 0.00324821
72 0.128906 0.389071 0.226172 0.440009 0.96875
58 0.909375 0.128381 0.0828125 0.0983857 0.829102
45 0.283594 0.336824 0.0703125 0.0340314 0.813965
74 0.546875 0.0942408 0.10625 0.119546 0.666992
75 0.367383 0.137107 0.0496094 0.0835515 0.62793
69 0.499219 0.450262 0.190625 0.297557 0.577637
39 0.162402 0.753927 0.0373047 0.08726 0.560059
58 0.846094 0.138307 0.05 0.0850785 0.458984
58 0.0818359 0.759162 0.0580078 0.0811518 0.281494
74 0.548438 0.095986 0.0734375 0.0820244 0.181274
57 0.310937 0.833333 0.114063 0.298429 0.171021
75 0.6875 0.144415 0.028125 0.0684991 0.150024
75 0.290625 0.136998 0.0867188 0.0846422 0.112
74 0.545313 0.295157 0.04375 0.0235602 0.106689
71 0.878125 0.401396 0.201563 0.101222 0.104492
72 0.539844 0.815227 0.0679687 0.215969 0.100891
75 0.845313 0.138307 0.05 0.0850785 0.0933228
0 0.310937 0.833333 0.114063 0.298429 0.0892944
45 0.457813 0.354276 0.0625 0.0191972 0.0817871
75 0.0888672 0.775305 0.0300781 0.0287958 0.0769653
62 0.770703 0.120964 0.119531 0.101003 0.0766602
59 0.311328 0.832461 0.113281 0.296684 0.0736694
58 0.0823975 0.735166 0.0523926 0.0279232 0.0715942
58 0.907813 0.11082 0.078125 0.0580279 0.0700684
14 0.9 0.820462 0.0359375 0.0274869 0.0531921
74 0.649219 0.275742 0.0679687 0.0732984 0.0514526
56 0.311328 0.832243 0.113281 0.29712 0.0492249
26 0.311328 0.832461 0.113281 0.296684 0.0486755
45 0.545313 0.294939 0.04375 0.0226876 0.0470886
74 0.770312 0.121401 0.120313 0.100131 0.0462036
45 0.545703 0.338133 0.06875 0.0532286 0.0437012
75 0.903906 0.153796 0.0453125 0.0379581 0.0402527
45 0.291211 0.135471 0.0875 0.0863874 0.0397949
77 0.311133 0.835951 0.113281 0.294939 0.0390625
75 0.935938 0.159031 0.021875 0.0440663 0.037323
75 0.545313 0.339442 0.0671875 0.052356 0.0362244
45 0.684375 0.410995 0.04375 0.017452 0.0362244
74 0.714063 0.260035 0.0515625 0.0575916 0.0348816
39 0.845313 0.139398 0.0484375 0.0846422 0.0339661
69 0.539844 0.815009 0.06875 0.21466 0.033844
41 0.935938 0.158377 0.021875 0.0445026 0.0321045
74 0.0884766 0.775742 0.0316406 0.026178 0.0307922
72 0.875 0.47644 0.20625 0.25829 0.028656
74 0.412891 0.151178 0.0453125 0.0562827 0.0263519
74 0.567187 0.104821 0.03125 0.0340314 0.0240479
74 0.528125 0.107766 0.034375 0.0397033 0.0231476
32 0.753516 0.52356 0.0203125 0.0209424 0.0229797
71 0.476562 0.324607 0.114063 0.0449389 0.0222015
72 0.5 0.453752 0.190625 0.293194 0.0220337
39 0.368359 0.137325 0.0492188 0.0831152 0.0218658
41 0.342773 0.248691 0.0199219 0.0287958 0.0204926
41 0.483594 0.212914 0.0140625 0.0322862 0.0202484
75 0.875 0.152051 0.01875 0.0536649 0.0200195
45 0.683594 0.408813 0.0359375 0.0183246 0.0193481
41 0.330469 0.213351 0.0148437 0.0266143 0.0192719
41 0.545313 0.295157 0.04375 0.0235602 0.0192719
72 0.0739746 0.752182 0.0833008 0.0942408 0.0190582
41 0.504297 0.213133 0.0164063 0.0327225 0.0185394
74 0.0876953 0.777487 0.0369141 0.0366492 0.0181885
75 0.0876953 0.777487 0.0369141 0.0366492 0.0179138
73 0.903125 0.156632 0.046875 0.04363 0.0177765
74 0.558594 0.0993674 0.0492188 0.068281 0.0177155
58 0.283789 0.336824 0.0707031 0.0335951 0.0176392
74 0.532031 0.0995855 0.0421875 0.0477749 0.0174408
45 0.343164 0.357984 0.0761719 0.0344677 0.0170441
74 0.545313 0.117801 0.01875 0.0279232 0.0166626
58 0.876563 0.132526 0.021875 0.0608639 0.0162811
45 0.176172 0.846422 0.0320312 0.0139616 0.0158997
41 0.345313 0.330279 0.0191406 0.0244328 0.0157776
41 0.417188 0.212478 0.0125 0.0279232 0.0150757
45 0.476953 0.327225 0.114844 0.0506108 0.0150146
24 0.311328 0.832243 0.113281 0.29712 0.0149536
45 0.714844 0.260035 0.0515625 0.0575916 0.0149002
73 0.223828 0.800175 0.0382813 0.0191972 0.0145569
58 0.874219 0.141743 0.021875 0.0751527 0.0143356
41 0.33125 0.32897 0.0148437 0.0287958 0.0135345
40 0.504297 0.213133 0.0164063 0.0327225 0.0133286
41 0.747656 0.210079 0.015625 0.0239965 0.0132217
73 0.339844 0.358202 0.0742188 0.0340314 0.0131683
40 0.483594 0.212914 0.0140625 0.0322862 0.0130234
41 0.553906 0.212696 0.021875 0.0283595 0.0130234
41 0.39375 0.210733 0.015625 0.0226876 0.0123825
75 0.162695 0.75349 0.0363281 0.0881326 0.0122375
41 0.44375 0.214005 0.015625 0.0292321 0.0115967
41 0.0884766 0.775742 0.0316406 0.026178 0.0115967
69 0.877344 0.476549 0.204688 0.259817 0.0115967
39 0.842188 0.212042 0.0125 0.026178 0.0107803
39 0.660156 0.219023 0.015625 0.0449389 0.0106506
41 0.571094 0.212478 0.01875 0.0287958 0.0105667
71 0.88125 0.367474 0.2 0.0277051 0.0105667
45 0.903906 0.156632 0.046875 0.0431937 0.0103683
41 0.356641 0.214223 0.0148437 0.0253054 0.0103683
15 0.311133 0.835951 0.113281 0.294939 0.0103302
45 0.0183594 0.798429 0.0245117 0.0139616 0.0102081
41 0.728906 0.211606 0.0226563 0.0270506 0.01017
73 0.87168 0.830934 0.244141 0.296248 0.01017
41 0.53125 0.214442 0.015625 0.030541 0.0100098
41 0.51875 0.214223 0.0171875 0.0287958 0.00985718
41 0.826563 0.248691 0.0203125 0.0270506 0.00978088
16 0.311133 0.835951 0.113281 0.294939 0.00974274
71 0.341797 0.357548 0.0703125 0.0301047 0.00959778
75 0.714063 0.260908 0.05 0.056719 0.00941467
41 0.34375 0.215096 0.0210938 0.0244328 0.00923157
41 0.430078 0.214442 0.0171875 0.0257417 0.00908661
59 0.749609 0.832243 0.491406 0.300611 0.00905609
41 0.515625 0.248691 0.025 0.0335951 0.00898743
41 0.355078 0.249127 0.0132813 0.0314136 0.00894928
41 0.842188 0.212042 0.0125 0.026178 0.00888062
41 0.85625 0.157886 0.01875 0.0463569 0.00878143
40 0.483594 0.22164 0.0171875 0.0506108 0.00861359
40 0.688281 0.143325 0.028125 0.0676265 0.0085144
41 0.385547 0.294503 0.0203125 0.0235602 0.00837708
74 0.552734 0.0846422 0.05 0.0530105 0.00828552
41 0.823438 0.248473 0.01875 0.0287958 0.00821686
41 0.329297 0.247818 0.0125 0.0322862 0.00818634
39 0.163086 0.771379 0.0355469 0.0558464 0.00812531
69 0.482422 0.335733 0.130469 0.0676265 0.00806427
40 0.60625 0.214878 0.0171875 0.0274869 0.00796509
71 0.4625 0.354712 0.05625 0.0200698 0.0077858
40 0.51875 0.214223 0.0171875 0.0287958 0.00772476
41 0.820312 0.248473 0.0203125 0.0301047 0.00772476
2 0.684375 0.410122 0.0421875 0.017452 0.00772476
73 0.412891 0.152269 0.0445313 0.0558464 0.00769424
74 0.638281 0.748255 0.034375 0.0165794 0.00760651
71 0.870508 0.365183 0.208984 0.0471204 0.00760651
58 0.0756836 0.74651 0.0873047 0.10733 0.00760651
45 0.0532715 0.848168 0.0299805 0.0139616 0.00751877
41 0.705469 0.329188 0.0164063 0.0287958 0.00748825
40 0.39375 0.210733 0.015625 0.0226876 0.00746155
70 0.476953 0.327225 0.114844 0.0506108 0.00743103
39 0.935938 0.158595 0.021875 0.0445026 0.00740433
58 0.0749023 0.733857 0.0396484 0.0279232 0.00737381
58 0.771875 0.120528 0.11875 0.102312 0.00737381
41 0.464063 0.211606 0.0195312 0.0331588 0.00725937
41 0.875 0.152705 0.01875 0.0536649 0.00717545
41 0.548047 0.213133 0.0148437 0.0327225 0.00714874
41 0.291211 0.135471 0.0875 0.0863874 0.00706482
58 0.6875 0.143052 0.0304688 0.0672993 0.00706482
41 0.287891 0.0870419 0.04375 0.0292321 0.00679779
54 0.714063 0.260471 0.05 0.0575916 0.00677109
74 0.694141 0.895288 0.0234375 0.0244328 0.00671768
58 0.114258 0.9363 0.0382813 0.0453752 0.00666809
41 0.380078 0.211387 0.0179687 0.0239965 0.00664139
41 0.464453 0.248691 0.0195312 0.0322862 0.00664139
41 0.181641 0.799738 0.0125 0.0183246 0.00653839
71 0.135449 0.809773 0.185352 0.0157068 0.0064621
40 0.417188 0.212478 0.0125 0.0279232 0.00638962
41 0.592969 0.213351 0.0148437 0.0314136 0.00636292
39 0.752344 0.210515 0.0132813 0.0274869 0.00629044
74 0.407813 0.883072 0.0234375 0.0209424 0.00624084
74 0.541406 0.0789703 0.0421875 0.0397033 0.00621796
40 0.747656 0.210079 0.015625 0.0239965 0.00621796
58 0.874219 0.525305 0.19375 0.155323 0.00621796
41 0.591406 0.291012 0.0140625 0.0322862 0.00619125
0 0.547266 0.0962042 0.0726563 0.0820244 0.00614548
73 0.0183594 0.798429 0.0245117 0.0139616 0.00614548
59 0.877344 0.95288 0.239063 0.0663176 0.00609589
41 0.367578 0.137325 0.05 0.0831152 0.00605011
41 0.486719 0.208988 0.0101563 0.0239965 0.00602722
41 0.60625 0.214878 0.0171875 0.0274869 0.00591278
73 0.825 0.249346 0.021875 0.0296684 0.00591278
72 0.75 0.833333 0.490625 0.30192 0.00591278
40 0.571094 0.212478 0.01875 0.0287958 0.00588989
41 0.354688 0.32897 0.0117188 0.0270506 0.00588989
41 0.140137 0.799738 0.0125 0.0183246 0.005867
40 0.592969 0.213351 0.0148437 0.0314136 0.00577545
14 0.114746 0.923211 0.0357422 0.017452 0.00577545
39 0.53125 0.214442 0.015625 0.030541 0.00575256
58 0.904688 0.153141 0.04375 0.0366492 0.00566483
32 0.376172 0.521815 0.021875 0.0226876 0.00566483
17 0.310547 0.834206 0.114844 0.296684 0.0055542
69 0.476953 0.327225 0.114844 0.0506108 0.00548935
41 0.460156 0.212042 0.015625 0.034904 0.00547028
40 0.728906 0.211606 0.0226563 0.0270506 0.00547028
39 0.0876953 0.777487 0.0369141 0.0366492 0.00547028
58 0.289844 0.129145 0.0875 0.101222 0.00547028
40 0.367969 0.137216 0.05 0.0837696 0.00547028
74 0.684375 0.410995 0.04375 0.017452 0.00536346
40 0.553906 0.212696 0.021875 0.0283595 0.00530243
40 0.53125 0.214442 0.015625 0.030541 0.00526047
75 0.935156 0.215969 0.0328125 0.0397033 0.00526047
41 0.429688 0.249564 0.021875 0.0418848 0.00526047
39 0.635156 0.216405 0.015625 0.0418848 0.00521851
41 0.834375 0.212478 0.0125 0.021815 0.00521851
40 0.842188 0.212042 0.0125 0.026178 0.00521851
41 0.483594 0.22164 0.0171875 0.0506108 0.00519943
41 0.309766 0.211169 0.0117188 0.0209424 0.00518036
28 0.311328 0.832243 0.113281 0.29712 0.00518036
8 0.875781 0.954625 0.240625 0.0645724 0.00516129
39 0.416406 0.292757 0.0125 0.0331588 0.00510025
72 0.426563 0.886562 0.134375 0.198953 0.00510025
75 0.0858398 0.772251 0.0441406 0.0541012 0.00502014
71 0.134277 0.807592 0.221289 0.0200698 0.00500107
40 0.680469 0.213787 0.0140625 0.030541 0.00494385
40 0.695703 0.213787 0.0226563 0.0287958 0.00486755
71 0.663281 0.365183 0.0546875 0.017452 0.00486755
39 0.0884766 0.775742 0.0316406 0.026178 0.00486755
40 0.380078 0.211387 0.0179687 0.0239965 0.00482941
41 0.767969 0.212914 0.0140625 0.0270506 0.00477219
73 0.820312 0.248473 0.0203125 0.0301047 0.00475693
41 0.854688 0.248473 0.0125 0.0327225 0.00475693
39 0.646875 0.216841 0.0125 0.0427574 0.00466537
45 0.638281 0.748255 0.034375 0.0165794 0.0046463
73 0.305078 0.394852 0.03125 0.0139616 0.00462723
41 0.79375 0.21466 0.015625 0.0213787 0.00460815
65 0.223828 0.800175 0.0382813 0.0191972 0.0045929
40 0.465234 0.21226 0.0242188 0.0331588 0.00457382
40 0.491016 0.213787 0.0125 0.034904 0.00457382
39 0.664844 0.219023 0.015625 0.04363 0.00457382
39 0.747656 0.210079 0.015625 0.0239965 0.00457382
73 0.916406 0.292757 0.03125 0.0322862 0.00457382
73 0.21543 0.800175 0.0496094 0.0209424 0.00457382
45 0.649219 0.275742 0.0679687 0.0732984 0.00455475
41 0.815625 0.211606 0.015625 0.0279232 0.00453949
73 0.908594 0.295375 0.0140625 0.0253054 0.00453949
73 0.759766 0.361257 0.0632813 0.0279232 0.00453949
41 0.392969 0.294503 0.015625 0.0235602 0.00452042
40 0.854688 0.213133 0.0125 0.0283595 0.00450516
74 0.753516 0.52356 0.0203125 0.0209424 0.00450516
39 0.252344 0.215532 0.021875 0.0440663 0.00448608
45 0.175342 0.849913 0.0336914 0.017452 0.00448608
56 0.874219 0.518325 0.192188 0.167539 0.00448608
41 0.752344 0.210515 0.0132813 0.0274869 0.00441742
40 0.385547 0.294503 0.0203125 0.0235602 0.00441742
41 0.61875 0.21466 0.015625 0.0292321 0.00439835
39 0.654688 0.219241 0.0117188 0.04363 0.00439835
45 0.288281 0.0866056 0.0421875 0.0257417 0.00436401
39 0.39375 0.210733 0.015625 0.0226876 0.00436401
41 0.854688 0.213133 0.0125 0.0283595 0.00436401
40 0.430078 0.214442 0.0171875 0.0257417 0.00432968
40 0.388281 0.22055 0.0289063 0.0296684 0.00431442
41 0.744141 0.295157 0.0164063 0.0235602 0.00429916
73 0.842188 0.212042 0.0125 0.026178 0.00426483
41 0.253125 0.158322 0.0203125 0.0419939 0.0042305
41 0.845313 0.25 0.0125 0.0340314 0.0042305
58 0.8875 0.110275 0.034375 0.0482112 0.00421524
41 0.317578 0.0984948 0.0210938 0.0211606 0.00419998
39 0.705469 0.329188 0.0164063 0.0287958 0.00419998
68 0.539844 0.815881 0.0679687 0.21466 0.00411606
39 0.483594 0.212914 0.0140625 0.0322862 0.0041008
41 0.491016 0.213787 0.0125 0.034904 0.0041008
41 0.841406 0.250436 0.0125 0.0340314 0.00407028
41 0.382422 0.329843 0.0195312 0.026178 0.00403976
73 0.355859 0.357766 0.0882813 0.0331588 0.00403976
39 0.644141 0.216841 0.0125 0.0427574 0.00397491
39 0.442969 0.291885 0.0109375 0.030541 0.00397491
41 0.0876953 0.777487 0.0369141 0.0366492 0.00397491
41 0.136133 0.798429 0.0166016 0.0157068 0.00397491
41 0.842188 0.157504 0.0359375 0.0471204 0.0039444
39 0.548047 0.213133 0.0148437 0.0327225 0.0039444
40 0.548047 0.213133 0.0148437 0.0327225 0.0039444
75 0.545313 0.295157 0.04375 0.0235602 0.00392914
75 0.845313 0.154014 0.04375 0.0558464 0.00391388
41 0.314844 0.212478 0.0148437 0.0287958 0.00391388
41 0.178467 0.848168 0.0250977 0.0157068 0.00388527
39 0.79375 0.21466 0.015625 0.0213787 0.00387001
41 0.190234 0.800175 0.025 0.017452 0.00385475
73 0.770312 0.121073 0.11875 0.0986038 0.00383949
41 0.904688 0.156195 0.046875 0.0423211 0.00380898
39 0.504297 0.213133 0.0164063 0.0327225 0.00380898
77 0.845313 0.139562 0.0484375 0.0847513 0.00378036
40 0.767969 0.212914 0.0140625 0.0270506 0.00376511
69 0.12998 0.390052 0.226758 0.438045 0.00374985
73 0.917969 0.29363 0.021875 0.0296684 0.0037365
40 0.532031 0.232548 0.01875 0.0689354 0.00370789
75 0.412891 0.151178 0.0453125 0.0562827 0.00370789
41 0.33125 0.339878 0.0164063 0.0117801 0.00367928
58 0.875 0.152051 0.01875 0.0536649 0.00366402
39 0.815625 0.211606 0.015625 0.0279232 0.00366402
40 0.592188 0.291885 0.0140625 0.0331588 0.00366402
69 0.30332 0.410995 0.135547 0.0645724 0.00366402
39 0.723828 0.213351 0.015625 0.0314136 0.00365067
40 0.503516 0.230803 0.0179687 0.0693717 0.00365067
74 0.683594 0.408813 0.0359375 0.0183246 0.00365067
39 0.6625 0.215096 0.0140625 0.0357766 0.00363541
71 0.664062 0.361693 0.059375 0.0253054 0.00362206
68 0.499219 0.486911 0.186719 0.225131 0.0036068
40 0.834375 0.212478 0.0125 0.021815 0.00359344
11 0.714063 0.260908 0.05 0.056719 0.00359344
39 0.309766 0.211169 0.0117188 0.0209424 0.00355148
40 0.392969 0.294503 0.015625 0.0235602 0.00355148
41 0.304297 0.248255 0.0203125 0.0292321 0.00351143
2 0.675 0.365729 0.0359375 0.0172339 0.00351143
40 0.464844 0.249564 0.0210938 0.0340314 0.00349617
40 0.330469 0.213351 0.0148437 0.0266143 0.00348282
39 0.181641 0.799738 0.0125 0.0183246 0.00348282
39 0.727734 0.211169 0.01875 0.0279232 0.00346947
40 0.608203 0.233639 0.0257812 0.0676265 0.00346947
74 0.415625 0.876963 0.0414063 0.0331588 0.00346947
39 0.314844 0.212478 0.0148437 0.0287958 0.00344276
39 0.875 0.152051 0.01875 0.0536649 0.00342941
39 0.412891 0.151178 0.0453125 0.0562827 0.00342941
59 0.876758 0.476549 0.205859 0.259817 0.00342941
73 0.935938 0.159031 0.021875 0.0440663 0.00341606
41 0.416406 0.291449 0.0132813 0.0331588 0.00340271
39 0.707031 0.212478 0.0125 0.0331588 0.00338936
41 0.388281 0.22055 0.0289063 0.0296684 0.00337601
73 0.935938 0.216623 0.03125 0.0414485 0.00336266
41 0.412891 0.152269 0.0445313 0.0558464 0.00332451
41 0.432813 0.291885 0.0171875 0.0314136 0.00332451
72 0.128906 0.388743 0.225781 0.440663 0.969238
58 0.909375 0.12849 0.0828125 0.0990401 0.834473
45 0.283594 0.336824 0.0703125 0.0340314 0.817383
74 0.546875 0.094459 0.10625 0.120419 0.73584
75 0.367188 0.137216 0.05 0.0837696 0.642578
69 0.499609 0.450262 0.189844 0.296684 0.62793
39 0.162402 0.753927 0.0373047 0.08726 0.565918
58 0.846094 0.138362 0.05 0.0854058 0.457031
58 0.0818359 0.759162 0.0580078 0.0820244 0.271973
57 0.310937 0.832243 0.114063 0.29712 0.174927
75 0.687891 0.144415 0.028125 0.0689354 0.163452
71 0.878125 0.401287 0.201563 0.10144 0.142212
74 0.548438 0.0956588 0.0734375 0.0818063 0.12854
75 0.290625 0.136889 0.0867188 0.0848604 0.112
75 0.845313 0.138362 0.05 0.0854058 0.100891
74 0.545313 0.295375 0.04375 0.0235602 0.0994873
45 0.457813 0.354494 0.0625 0.0196335 0.0907593
72 0.539844 0.815227 0.0679687 0.215969 0.0844727
0 0.310937 0.832243 0.114063 0.29712 0.0820923
59 0.311133 0.832461 0.113672 0.296684 0.0786133
58 0.907813 0.111366 0.078125 0.0591187 0.0731812
75 0.0889648 0.775742 0.0300781 0.0296684 0.0710449
62 0.770703 0.121073 0.119531 0.101222 0.0692749
58 0.0825195 0.735166 0.0521484 0.0279232 0.0572815
74 0.770312 0.121291 0.120313 0.100349 0.0481262
26 0.311133 0.832461 0.113672 0.296684 0.0456848
45 0.545313 0.294939 0.04375 0.0226876 0.0455322
74 0.649219 0.27596 0.0679687 0.0732984 0.044342
56 0.311328 0.832243 0.113281 0.29712 0.0441895
45 0.545703 0.338133 0.06875 0.0541012 0.0433655
75 0.935938 0.15925 0.021875 0.0445026 0.0401001
75 0.903906 0.154232 0.0453125 0.0388307 0.0399475
14 0.9 0.820462 0.034375 0.0274869 0.0390625
45 0.684375 0.410122 0.0421875 0.017452 0.0383301
45 0.291016 0.135253 0.0875 0.0868237 0.0375977
41 0.935938 0.158322 0.021875 0.0446117 0.0372009
39 0.845313 0.139834 0.0484375 0.0850785 0.0358276
75 0.545313 0.339442 0.0671875 0.052356 0.035553
77 0.310937 0.835079 0.113281 0.296684 0.0309143
74 0.714063 0.260908 0.05 0.0575916 0.0296478
69 0.539844 0.815227 0.06875 0.215969 0.0293121
74 0.412891 0.151178 0.0453125 0.056719 0.0292053
72 0.874805 0.476003 0.206641 0.259162 0.0275879
74 0.0884766 0.775742 0.0316406 0.0279232 0.0265503
71 0.476562 0.324825 0.114844 0.0453752 0.0261536
72 0.0740234 0.751309 0.0837891 0.095986 0.0253754
41 0.342969 0.248691 0.0203125 0.0296684 0.0239563
41 0.545313 0.295375 0.04375 0.0235602 0.0235138
41 0.483984 0.213351 0.0148437 0.0331588 0.0231476
41 0.330469 0.213351 0.015625 0.0270506 0.0228882
74 0.528125 0.107657 0.0328125 0.0388307 0.0212097
41 0.504297 0.213351 0.0171875 0.0331588 0.0211182
39 0.367188 0.137216 0.05 0.0837696 0.0210419
72 0.5 0.45288 0.190625 0.294939 0.0210419
45 0.343359 0.357766 0.0757812 0.034904 0.0204163
75 0.874219 0.152269 0.0203125 0.0536649 0.0186157
41 0.417188 0.212478 0.0140625 0.0283595 0.0185394
32 0.753516 0.52356 0.0203125 0.0209424 0.0184784
41 0.747656 0.210297 0.015625 0.0244328 0.0181885
58 0.283984 0.336824 0.0710938 0.0340314 0.0180511
75 0.0877197 0.777487 0.0370605 0.0375218 0.016983
58 0.876563 0.13449 0.021875 0.0647906 0.016922
41 0.345313 0.330279 0.0195312 0.0244328 0.0168457
45 0.476562 0.327661 0.114844 0.0514834 0.0165863
74 0.567187 0.104494 0.0296875 0.0322862 0.0164642
41 0.553906 0.212914 0.021875 0.0287958 0.0158997
45 0.176172 0.846422 0.0324219 0.0139616 0.0158386
74 0.0877197 0.777487 0.0370605 0.0375218 0.0157776
40 0.504297 0.213351 0.0171875 0.0331588 0.0156021
41 0.331055 0.32897 0.0148437 0.0292321 0.0156021
40 0.483984 0.213351 0.0148437 0.0331588 0.0154266
71 0.872656 0.386671 0.20625 0.0852967 0.0149536
45 0.714453 0.260035 0.0515625 0.0575916 0.0148392
41 0.39375 0.210733 0.015625 0.0235602 0.0147324
58 0.874219 0.141307 0.021875 0.0760253 0.0145569
71 0.88125 0.367365 0.196875 0.0279232 0.014389
69 0.876758 0.475458 0.205859 0.260253 0.0142288
74 0.532031 0.100131 0.0421875 0.047993 0.014061
73 0.903125 0.156632 0.046875 0.0440663 0.0136871
41 0.728906 0.211606 0.0234375 0.0270506 0.0135345
41 0.443359 0.214223 0.0164063 0.0296684 0.0132751
73 0.223633 0.800175 0.0382813 0.0191972 0.01297
75 0.162695 0.753927 0.0363281 0.0890052 0.0128708
41 0.0884766 0.775742 0.0316406 0.0279232 0.0127258
41 0.826563 0.248691 0.021875 0.0279232 0.0126724
41 0.571094 0.212478 0.01875 0.0296684 0.0124283
71 0.341602 0.357766 0.0707031 0.030541 0.0123367
24 0.311133 0.832461 0.113672 0.296684 0.0122375
74 0.560156 0.100131 0.0460938 0.0663176 0.0120087
41 0.356445 0.214223 0.0148437 0.026178 0.0120087
45 0.903906 0.156686 0.046875 0.0435209 0.0118256
41 0.841406 0.212042 0.0125 0.0270506 0.011734
41 0.53125 0.214442 0.015625 0.0309773 0.011467
41 0.51875 0.214223 0.0171875 0.0287958 0.0112
41 0.34375 0.215096 0.021875 0.0244328 0.0110321
41 0.430078 0.21466 0.0171875 0.026178 0.0109024
73 0.87168 0.830934 0.244141 0.296248 0.0109024
74 0.545313 0.118019 0.0179687 0.0266143 0.0108185
73 0.339844 0.358202 0.0742188 0.0340314 0.0107803
40 0.483984 0.223168 0.0179687 0.0536649 0.0105667
40 0.688281 0.143597 0.028125 0.0679538 0.0105286
71 0.870508 0.365183 0.208984 0.0471204 0.0105286
39 0.841406 0.212042 0.0125 0.0270506 0.0104904
39 0.660156 0.219023 0.0164063 0.0453752 0.0103683
45 0.018335 0.798429 0.0246582 0.0157068 0.0103302
41 0.820312 0.248691 0.021875 0.0309773 0.0100555
40 0.60625 0.214878 0.0179687 0.0279232 0.00997162
41 0.705469 0.329188 0.0164063 0.0292321 0.00997162
59 0.749219 0.832243 0.492188 0.300611 0.00993347
41 0.355273 0.249346 0.0136719 0.0322862 0.00967407
41 0.515625 0.248909 0.025 0.0344677 0.00963593
41 0.385938 0.294503 0.0203125 0.0235602 0.00963593
71 0.4625 0.354712 0.05625 0.0200698 0.00963593
15 0.310937 0.835079 0.113281 0.296684 0.00930023
40 0.51875 0.214223 0.0171875 0.0287958 0.00912476
16 0.310937 0.835079 0.113281 0.296684 0.00912476
41 0.329297 0.248255 0.0125 0.0322862 0.00901794
40 0.39375 0.210733 0.015625 0.0235602 0.00898743
75 0.714063 0.260908 0.05 0.0571553 0.0088501
40 0.747656 0.210297 0.015625 0.0244328 0.00878143
39 0.163086 0.767888 0.0355469 0.0645724 0.0086441
41 0.464063 0.211824 0.0203125 0.0340314 0.00844574
41 0.548047 0.213351 0.0148437 0.0331588 0.00844574
74 0.638281 0.748691 0.034375 0.017452 0.00831604
41 0.855469 0.157723 0.021875 0.0466841 0.00818634
69 0.482812 0.335733 0.13125 0.0676265 0.00796509
0 0.546875 0.0962042 0.071875 0.0818063 0.00787354
40 0.417188 0.212478 0.0140625 0.0283595 0.00787354
41 0.380078 0.211606 0.01875 0.0244328 0.0078125
41 0.287891 0.08726 0.04375 0.0294503 0.00766754
41 0.875 0.15276 0.0203125 0.0539921 0.00766754
41 0.592969 0.213351 0.015625 0.0314136 0.00754929
71 0.134399 0.809991 0.185498 0.0170157 0.00754929
41 0.591406 0.291012 0.0140625 0.0322862 0.00751877
41 0.367383 0.137435 0.0503906 0.0833333 0.00743103
41 0.291016 0.135253 0.0875 0.0868237 0.00743103
41 0.464844 0.249127 0.0203125 0.0331588 0.00731659
41 0.60625 0.214878 0.0179687 0.0279232 0.00720596
40 0.571094 0.212478 0.01875 0.0296684 0.00717545
58 0.6875 0.143052 0.03125 0.0672993 0.00717545
70 0.476562 0.327661 0.114844 0.0514834 0.00717545
40 0.728906 0.211606 0.0234375 0.0270506 0.00714874
40 0.592969 0.213351 0.015625 0.0314136 0.00712204
41 0.181836 0.800175 0.0125 0.0191972 0.00695801
40 0.841406 0.212042 0.0125 0.0270506 0.0069046
71 0.663281 0.364638 0.0546875 0.0176702 0.0069046
39 0.935938 0.158759 0.021875 0.0446117 0.0068779
58 0.0755859 0.746073 0.0884766 0.108202 0.00682449
41 0.486719 0.208988 0.0101563 0.0244328 0.00674438
41 0.835156 0.212478 0.0125 0.0226876 0.00669098
74 0.553125 0.0846422 0.046875 0.0514834 0.00653839
41 0.768359 0.212914 0.0148437 0.0279232 0.00651169
41 0.354492 0.32897 0.0121094 0.0270506 0.00651169
40 0.553906 0.212914 0.021875 0.0287958 0.0064888
74 0.694141 0.895288 0.0234375 0.0244328 0.00643921
72 0.75 0.832461 0.490625 0.30192 0.00641251
2 0.684375 0.410122 0.0421875 0.017452 0.00638962
73 0.412891 0.152269 0.0445313 0.0562827 0.00636292
54 0.714063 0.260908 0.05 0.0575916 0.00636292
45 0.0533203 0.848168 0.0298828 0.0139616 0.00636292
40 0.53125 0.214442 0.015625 0.0309773 0.00634003
41 0.815625 0.211824 0.015625 0.0283595 0.00629044
40 0.367969 0.137216 0.05 0.0837696 0.00629044
74 0.407813 0.883072 0.0226563 0.0209424 0.00614548
39 0.752344 0.210733 0.0140625 0.0279232 0.00612259
40 0.696094 0.213787 0.0234375 0.0296684 0.006073
41 0.460156 0.21226 0.015625 0.0353403 0.00600433
39 0.0877197 0.777487 0.0370605 0.0375218 0.00600433
41 0.309766 0.211606 0.0121094 0.0209424 0.00598145
41 0.79375 0.21466 0.015625 0.021815 0.00598145
41 0.140039 0.799738 0.0128906 0.0183246 0.00595856
59 0.877344 0.95288 0.239063 0.0663176 0.00593567
41 0.752344 0.210733 0.0140625 0.0279232 0.00591278
58 0.289844 0.128927 0.0875 0.102094 0.00588989
41 0.854688 0.248691 0.0125 0.0335951 0.005867
41 0.483984 0.223168 0.0179687 0.0536649 0.00584412
40 0.680469 0.214005 0.015625 0.0318499 0.00582123
40 0.855469 0.213133 0.0125 0.0287958 0.00582123
58 0.0743164 0.733857 0.0382813 0.0279232 0.00575256
41 0.429688 0.249564 0.021875 0.0423211 0.00572968
40 0.380078 0.211606 0.01875 0.0244328 0.00566483
41 0.744141 0.294939 0.0164063 0.0244328 0.00566483
40 0.491016 0.213787 0.0125 0.0357766 0.00561905
71 0.132812 0.807155 0.221875 0.0209424 0.00561905
40 0.768359 0.212914 0.0148437 0.0279232 0.00551224
40 0.387891 0.220332 0.0296875 0.0314136 0.00551224
41 0.855469 0.213133 0.0125 0.0287958 0.00548935
73 0.825 0.249564 0.021875 0.030541 0.00547028
40 0.465625 0.212478 0.025 0.0340314 0.00540543
17 0.310352 0.833988 0.114453 0.29712 0.00540543
41 0.253125 0.158595 0.0203125 0.0423211 0.00538635
75 0.935156 0.215969 0.0328125 0.0401396 0.00538635
41 0.845313 0.250436 0.0125 0.0340314 0.00538635
40 0.430078 0.21466 0.0171875 0.026178 0.00530243
69 0.476562 0.327661 0.114844 0.0514834 0.00530243
32 0.376172 0.521379 0.021875 0.0235602 0.00527954
58 0.904688 0.15336 0.04375 0.0375218 0.00524139
74 0.684375 0.410995 0.04375 0.017452 0.00524139
71 0.664062 0.361366 0.0609375 0.0259599 0.00521851
73 0.018335 0.798429 0.0246582 0.0157068 0.00521851
39 0.0884766 0.775742 0.0316406 0.0279232 0.00518036
41 0.392969 0.294503 0.0164063 0.0244328 0.00511932
41 0.61875 0.21466 0.015625 0.0296684 0.0050621
28 0.311328 0.832243 0.113281 0.29712 0.0050621
41 0.842188 0.250654 0.0125 0.034904 0.00503922
41 0.0877197 0.777487 0.0370605 0.0375218 0.00503922
40 0.385938 0.294503 0.0203125 0.0235602 0.00500107
40 0.548047 0.213351 0.0148437 0.0331588 0.00494385
65 0.223633 0.800175 0.0382813 0.0191972 0.00494385
58 0.873438 0.525305 0.19375 0.155323 0.00492477
8 0.874805 0.954625 0.241016 0.0645724 0.0049057
40 0.532031 0.232548 0.01875 0.069808 0.00482941
41 0.317578 0.0986038 0.0210938 0.0213787 0.00481033
39 0.53125 0.214442 0.015625 0.0309773 0.00477219
45 0.649219 0.27596 0.0679687 0.0732984 0.00477219
72 0.426953 0.885689 0.133594 0.200698 0.00477219
41 0.38291 0.330061 0.0201172 0.026178 0.00473785
74 0.541406 0.0794066 0.040625 0.0394852 0.00468063
41 0.491016 0.213787 0.0125 0.0357766 0.00466537
40 0.835156 0.212478 0.0125 0.0226876 0.0046463
39 0.252344 0.215532 0.0222656 0.0445026 0.0046463
73 0.820312 0.248691 0.021875 0.0309773 0.00462723
39 0.635547 0.216623 0.015625 0.0427574 0.00460815
40 0.503906 0.231021 0.01875 0.069808 0.0045929
39 0.705469 0.329188 0.0164063 0.0292321 0.00457382
41 0.190234 0.800175 0.025 0.0191972 0.00453949
40 0.608594 0.234293 0.0265625 0.0693717 0.00448608
45 0.175391 0.849913 0.0339844 0.017452 0.00448608
40 0.752344 0.210733 0.0140625 0.0279232 0.00446701
40 0.592188 0.292321 0.0140625 0.0340314 0.00446701
74 0.753516 0.52356 0.0203125 0.0209424 0.00445175
41 0.314844 0.212914 0.0148437 0.0296684 0.00443268
58 0.11416 0.937173 0.0382813 0.0453752 0.00441742
41 0.903125 0.157286 0.046875 0.0458115 0.00439835
45 0.288281 0.0868237 0.0425781 0.026178 0.00432968
39 0.416406 0.293194 0.0125 0.0331588 0.00432968
58 0.771875 0.120637 0.11875 0.102531 0.00432968
73 0.759766 0.361038 0.0632813 0.0283595 0.00429916
40 0.330469 0.213351 0.015625 0.0270506 0.0042305
39 0.747656 0.210297 0.015625 0.0244328 0.0042305
41 0.781055 0.214223 0.0160156 0.0235602 0.0042305
39 0.646875 0.217277 0.0125 0.04363 0.0042305
73 0.908594 0.295375 0.0140625 0.0257417 0.0042305
40 0.385254 0.224476 0.0326172 0.0239965 0.00421524
58 0.8875 0.110602 0.034375 0.047993 0.00419998
40 0.520703 0.232548 0.028125 0.0689354 0.00416565
73 0.916406 0.292757 0.03125 0.0331588 0.00416565
41 0.842188 0.157504 0.0375 0.0471204 0.00413513
40 0.815625 0.211824 0.015625 0.0283595 0.00413513
41 0.387891 0.220332 0.0296875 0.0314136 0.00411606
39 0.664453 0.219459 0.015625 0.0445026 0.0041008
73 0.841406 0.212042 0.0125 0.0270506 0.0041008
45 0.638281 0.748691 0.034375 0.017452 0.0041008
75 0.0858398 0.771379 0.0443359 0.0558464 0.0041008
40 0.464844 0.25 0.021875 0.034904 0.00408554
39 0.654688 0.219459 0.0117188 0.0440663 0.00407028
39 0.39375 0.210733 0.015625 0.0235602 0.00403976
40 0.559375 0.22644 0.0359375 0.0541012 0.00403976
41 0.331055 0.339878 0.0167969 0.0122164 0.00403976
39 0.6625 0.215969 0.0140625 0.0383944 0.00403976
40 0.734375 0.221859 0.034375 0.0475567 0.00400543
40 0.384375 0.248691 0.034375 0.04363 0.00400543
40 0.392969 0.294503 0.0164063 0.0244328 0.00400543
71 0.713281 0.365729 0.05625 0.0189791 0.00399017
41 0.432813 0.291885 0.01875 0.0314136 0.00395966
41 0.136133 0.798429 0.0167969 0.0157068 0.0039444
14 0.114648 0.923211 0.0355469 0.017452 0.0039444
39 0.79375 0.21466 0.015625 0.021815 0.00392914
41 0.405469 0.211169 0.0109375 0.0296684 0.00388527
40 0.385547 0.315445 0.0265625 0.0541012 0.00387001
68 0.539844 0.815881 0.0679687 0.21466 0.00387001
40 0.61875 0.21466 0.015625 0.0296684 0.00385475
73 0.215234 0.800175 0.0492188 0.0209424 0.00385475
40 0.443359 0.214223 0.0164063 0.0296684 0.00383949
39 0.815625 0.211824 0.015625 0.0283595 0.00382423
77 0.845313 0.139834 0.0484375 0.0850785 0.00380898
40 0.460156 0.21226 0.015625 0.0353403 0.00380898
41 0.416406 0.291449 0.0132813 0.0335951 0.00376511
75 0.412891 0.151178 0.0453125 0.056719 0.00374985
73 0.770312 0.120855 0.11875 0.0986038 0.00372124
41 0.304297 0.248473 0.0203125 0.0296684 0.00370789
39 0.442969 0.291885 0.0109375 0.0314136 0.00370789
41 0.412891 0.152269 0.0445313 0.0562827 0.00367928
75 0.545313 0.295375 0.04375 0.0235602 0.00366402
71 0.757812 0.359511 0.0703125 0.030541 0.00366402
40 0.744141 0.294939 0.0164063 0.0244328 0.00365067
69 0.130078 0.389616 0.226562 0.438045 0.00365067
39 0.641797 0.217277 0.0171875 0.04363 0.00363541
41 0.368164 0.330279 0.0167969 0.0244328 0.00363541
68 0.499219 0.486911 0.185938 0.225131 0.00359344
73 0.305078 0.394852 0.03125 0.0139616 0.00358009
56 0.874219 0.519197 0.192188 0.165794 0.00356483
41 0.641797 0.217277 0.0171875 0.04363 0.00351143
74 0.415625 0.876963 0.040625 0.0331588 0.00351143
41 0.577344 0.212478 0.0140625 0.0314136 0.00348282
40 0.781055 0.214223 0.0160156 0.0235602 0.00348282
41 0.909375 0.213351 0.028125 0.0344677 0.00348282
41 0.765625 0.291012 0.0140625 0.0314136 0.00348282
73 0.917969 0.29363 0.021875 0.0301047 0.00345612
39 0.724219 0.213569 0.015625 0.0318499 0.00340271
72 0.129102 0.388743 0.225391 0.440663 0.974609
58 0.910937 0.130017 0.084375 0.0994764 0.838867
45 0.283398 0.337042 0.0707031 0.0344677 0.824219
74 0.546875 0.0945681 0.107031 0.120637 0.788086
75 0.367188 0.137216 0.05 0.0837696 0.654785
69 0.499219 0.450153 0.190625 0.296902 0.65332
39 0.162305 0.753927 0.0371094 0.0890052 0.519531
58 0.846094 0.138362 0.05 0.0854058 0.474609
58 0.0817383 0.759162 0.0585938 0.0820244 0.332764
57 0.310937 0.832461 0.113281 0.298429 0.23938
71 0.878125 0.401396 0.201563 0.102967 0.200562
75 0.687891 0.144634 0.028125 0.0693717 0.189575
74 0.545313 0.295375 0.04375 0.0239965 0.115173
75 0.845313 0.138525 0.05 0.0855148 0.10968
75 0.290625 0.136344 0.0867188 0.0859511 0.106689
72 0.539844 0.815227 0.0671875 0.215969 0.10376
45 0.457813 0.354494 0.0625 0.0196335 0.100891
74 0.548438 0.0955497 0.0734375 0.0811518 0.0953369
62 0.770703 0.120964 0.119531 0.101003 0.0953369
59 0.310937 0.832243 0.1125 0.29712 0.0927124
58 0.0825928 0.735166 0.052002 0.0279232 0.0786133
58 0.907813 0.111257 0.078125 0.0589005 0.0742188
0 0.310937 0.832461 0.113281 0.298429 0.0736694
75 0.0890625 0.775742 0.0302734 0.030541 0.0710449
56 0.310937 0.832243 0.1125 0.29712 0.0598755
26 0.311133 0.832461 0.113281 0.296684 0.0596619
72 0.0736328 0.752618 0.0828125 0.0942408 0.0510864
45 0.544922 0.295157 0.0445313 0.0266143 0.0509033
45 0.545703 0.338133 0.06875 0.0541012 0.0488586
14 0.9 0.820462 0.0359375 0.0274869 0.0484924
75 0.935938 0.15925 0.021875 0.0445026 0.0474243
77 0.310937 0.835079 0.1125 0.296684 0.0441895
74 0.770312 0.121401 0.120313 0.100131 0.0435181
41 0.330664 0.213351 0.0160156 0.0270506 0.041626
74 0.412891 0.151178 0.0445313 0.056719 0.0408325
74 0.649219 0.27596 0.0679687 0.0737347 0.0396423
45 0.342773 0.358639 0.0769531 0.0357766 0.0375977
45 0.683984 0.410122 0.0429688 0.017452 0.037323
45 0.291016 0.134817 0.0875 0.0876963 0.0370483
75 0.903906 0.154068 0.0453125 0.0391579 0.0352783
75 0.545313 0.33966 0.0671875 0.0527923 0.0344849
41 0.935938 0.158322 0.021875 0.0446117 0.032959
41 0.504687 0.213351 0.0171875 0.0331588 0.0325928
41 0.417188 0.212478 0.0140625 0.0287958 0.0323486
39 0.845313 0.139398 0.05 0.0850785 0.0322266
40 0.504687 0.213351 0.0171875 0.0331588 0.0319824
69 0.539844 0.815009 0.0679687 0.21466 0.0316162
71 0.476562 0.324607 0.115625 0.0453752 0.0309143
74 0.713281 0.259599 0.0515625 0.0575916 0.0307922
41 0.483984 0.213787 0.0148437 0.0340314 0.0297546
41 0.748438 0.210515 0.015625 0.0248691 0.028656
41 0.342969 0.248691 0.0199219 0.0296684 0.0275879
40 0.483984 0.213787 0.0148437 0.0340314 0.0259552
71 0.873438 0.376091 0.204688 0.0636998 0.025177
40 0.60625 0.215096 0.0171875 0.0270506 0.0243378
41 0.345313 0.330279 0.0195312 0.0244328 0.0228882
74 0.0885742 0.775305 0.0316406 0.0270506 0.0227966
71 0.88125 0.367365 0.196875 0.0279232 0.0226288
41 0.356445 0.214223 0.0148437 0.026178 0.0224609
45 0.476562 0.327443 0.114063 0.0519197 0.0224609
74 0.527344 0.10733 0.0328125 0.0383944 0.0222015
41 0.343555 0.215096 0.0214844 0.0244328 0.0222015
41 0.443359 0.214223 0.0164063 0.0296684 0.02211
69 0.877344 0.475567 0.204688 0.26178 0.02211
41 0.430078 0.21466 0.0171875 0.0257417 0.0218658
41 0.553125 0.213133 0.0203125 0.0287958 0.0216217
72 0.877344 0.475567 0.204688 0.26178 0.0216217
32 0.753906 0.52356 0.0203125 0.021815 0.0211182
39 0.367188 0.137216 0.05 0.0837696 0.0205688
41 0.51875 0.214442 0.0179687 0.0283595 0.0205688
40 0.484375 0.22164 0.0171875 0.0506108 0.0204163
41 0.394141 0.210733 0.015625 0.0235602 0.02034
45 0.176221 0.846422 0.0327148 0.0139616 0.0198669
41 0.545313 0.294939 0.04375 0.0235602 0.0195618
58 0.283789 0.336824 0.0710938 0.0340314 0.0194244
40 0.51875 0.214442 0.0179687 0.0283595 0.0190582
41 0.728906 0.211606 0.0234375 0.0270506 0.0190582
72 0.5 0.452443 0.190625 0.294939 0.0189056
41 0.53125 0.214442 0.015625 0.030541 0.018692
75 0.874219 0.152269 0.0203125 0.0541012 0.0184784
73 0.873438 0.830716 0.24375 0.296684 0.0182648
41 0.33125 0.32897 0.0148437 0.0296684 0.0180511
58 0.877344 0.133726 0.021875 0.0641361 0.0179138
41 0.826563 0.248691 0.021875 0.0283595 0.0172424
73 0.340234 0.358421 0.0742188 0.0344677 0.0171051
40 0.592969 0.213351 0.015625 0.0314136 0.0168457
71 0.870313 0.36562 0.207813 0.047993 0.0168457
75 0.0876709 0.777487 0.0375488 0.0383944 0.0164642
41 0.842188 0.21226 0.0125 0.0270506 0.0158997
58 0.874219 0.140543 0.021875 0.0775524 0.0154877
41 0.60625 0.215096 0.0171875 0.0270506 0.0154266
24 0.311133 0.832461 0.113281 0.296684 0.0153046
41 0.571094 0.212696 0.01875 0.0296684 0.0150757
40 0.417188 0.212478 0.0140625 0.0287958 0.0147324
40 0.767969 0.212914 0.015625 0.0283595 0.0147324
71 0.342773 0.358639 0.0769531 0.0357766 0.0147324
41 0.705469 0.329188 0.0171875 0.0287958 0.0146713
41 0.592969 0.213351 0.015625 0.0314136 0.0145035
39 0.842188 0.21226 0.0125 0.0270506 0.0143356
45 0.714453 0.260035 0.0515625 0.0575916 0.0143356
40 0.748438 0.210515 0.015625 0.0248691 0.0141754
73 0.903125 0.156632 0.046875 0.0449389 0.0139542
41 0.767969 0.212914 0.015625 0.0283595 0.0139008
41 0.515625 0.249127 0.025 0.034904 0.0139008
73 0.223828 0.799738 0.0382813 0.0200698 0.0139008
16 0.310937 0.835079 0.1125 0.296684 0.0139008
75 0.162598 0.753927 0.0361328 0.0890052 0.0138474
40 0.394141 0.210733 0.015625 0.0235602 0.0137405
41 0.821094 0.248909 0.021875 0.0314136 0.0137405
39 0.660156 0.219241 0.015625 0.0449389 0.0136337
41 0.0885742 0.775305 0.0316406 0.0270506 0.013588
74 0.567969 0.104058 0.028125 0.0301047 0.0132751
40 0.695312 0.213569 0.0234375 0.0296684 0.0132751
41 0.548047 0.213351 0.0148437 0.0331588 0.0132217
41 0.385938 0.294721 0.0203125 0.0235602 0.0130234
74 0.531641 0.100131 0.0414063 0.0471204 0.0129242
71 0.4625 0.354712 0.05625 0.0200698 0.012825
45 0.0183105 0.798429 0.0246094 0.0157068 0.0126266
71 0.663672 0.364638 0.05625 0.0176702 0.0124817
41 0.486719 0.20986 0.0109375 0.026178 0.0123825
74 0.0876709 0.777487 0.0375488 0.0383944 0.0121918
41 0.79375 0.21466 0.015625 0.0226876 0.012146
41 0.591406 0.29123 0.0140625 0.0327225 0.0118713
41 0.463281 0.212042 0.0203125 0.034904 0.011734
41 0.379004 0.211606 0.0185547 0.0244328 0.011734
15 0.310937 0.835079 0.1125 0.296684 0.0116425
41 0.355078 0.249127 0.0132813 0.0322862 0.011467
40 0.842188 0.21226 0.0125 0.0270506 0.0113754
40 0.855469 0.213351 0.0125 0.0296684 0.0113754
40 0.687891 0.143543 0.0289063 0.0680628 0.0113297
40 0.680469 0.213787 0.015625 0.0309773 0.0112915
40 0.53125 0.214442 0.015625 0.030541 0.0111618
71 0.136523 0.809773 0.164844 0.0157068 0.0109482
41 0.815625 0.212042 0.015625 0.0287958 0.0107803
40 0.607813 0.233857 0.025 0.0680628 0.0107346
40 0.571094 0.212696 0.01875 0.0296684 0.0106964
40 0.430078 0.21466 0.0171875 0.0257417 0.0106125
41 0.287891 0.08726 0.04375 0.0294503 0.0104904
40 0.728906 0.211606 0.0234375 0.0270506 0.0104065
39 0.162891 0.766579 0.0359375 0.0671902 0.0104065
40 0.781055 0.214223 0.0160156 0.0244328 0.0103683
59 0.749609 0.832679 0.491406 0.299738 0.0103302
41 0.464844 0.249127 0.0203125 0.0331588 0.0102921
40 0.503516 0.231239 0.0179687 0.069808 0.0101318
40 0.491016 0.214005 0.0125 0.0357766 0.00978088
41 0.752344 0.210733 0.0140625 0.0279232 0.00974274
74 0.561719 0.100458 0.0421875 0.0626091 0.00971222
45 0.903906 0.15685 0.046875 0.04363 0.00967407
74 0.694141 0.895288 0.0234375 0.0244328 0.00963593
69 0.482031 0.335515 0.129688 0.0671902 0.00963593
41 0.460156 0.21226 0.015625 0.0353403 0.00955963
41 0.329297 0.248255 0.0125 0.0322862 0.00955963
74 0.638281 0.748255 0.0351562 0.017452 0.00948334
40 0.553125 0.213133 0.0203125 0.0287958 0.00945282
40 0.79375 0.21466 0.015625 0.0226876 0.00941467
41 0.309766 0.211387 0.0125 0.0213787 0.00937653
41 0.181641 0.800175 0.0125 0.0191972 0.00933838
41 0.855469 0.213351 0.0125 0.0296684 0.00930023
58 0.6875 0.143106 0.03125 0.0676265 0.00919342
41 0.61875 0.214878 0.015625 0.0296684 0.00908661
41 0.781055 0.214223 0.0160156 0.0244328 0.00901794
40 0.532031 0.232548 0.01875 0.069808 0.00898743
74 0.545703 0.118346 0.0171875 0.0250873 0.00888062
40 0.387891 0.219895 0.0296875 0.0296684 0.00888062
71 0.664062 0.361147 0.0609375 0.0263962 0.0088501
40 0.385938 0.294721 0.0203125 0.0235602 0.00878143
41 0.835156 0.212478 0.0125 0.0235602 0.00871277
40 0.465234 0.249782 0.021875 0.0340314 0.00871277
39 0.752344 0.210733 0.0140625 0.0279232 0.00867462
58 0.0755859 0.746946 0.0878906 0.108202 0.00861359
40 0.379004 0.211606 0.0185547 0.0244328 0.00857544
40 0.521094 0.232766 0.0265625 0.0689354 0.00857544
41 0.854688 0.248691 0.0125 0.0340314 0.0085144
73 0.824219 0.248473 0.0203125 0.0296684 0.0085144
41 0.857031 0.158159 0.01875 0.0462478 0.00844574
40 0.464063 0.212914 0.0226563 0.0340314 0.00844574
75 0.714063 0.260908 0.05 0.0575916 0.00841522
40 0.330664 0.213351 0.0160156 0.0270506 0.00831604
41 0.429688 0.249782 0.021875 0.0414485 0.00831604
73 0.917188 0.292976 0.03125 0.0327225 0.00831604
70 0.476562 0.327443 0.114063 0.0519197 0.00821686
0 0.546094 0.0960951 0.071875 0.0809337 0.00812531
41 0.354297 0.32897 0.0117188 0.0270506 0.00809479
41 0.383203 0.329843 0.0203125 0.026178 0.00803375
40 0.61875 0.214878 0.015625 0.0296684 0.00796509
41 0.484375 0.22164 0.0171875 0.0506108 0.0078125
58 0.0737305 0.733857 0.0373047 0.0279232 0.0077858
39 0.6625 0.217714 0.0140625 0.0418848 0.00769424
40 0.752344 0.210733 0.0140625 0.0279232 0.00766754
40 0.592188 0.292321 0.0140625 0.0340314 0.00757599
40 0.548047 0.213351 0.0148437 0.0331588 0.00754929
71 0.133984 0.808028 0.207422 0.0191972 0.00754929
40 0.383984 0.25 0.0335938 0.0410122 0.00746155
41 0.845313 0.250436 0.0125 0.034904 0.00746155
74 0.407813 0.882199 0.0226563 0.0209424 0.00746155
73 0.907813 0.295375 0.0125 0.0253054 0.00743103
41 0.367383 0.137435 0.0503906 0.0833333 0.00740433
40 0.815625 0.212042 0.015625 0.0287958 0.00740433
71 0.713281 0.36551 0.0546875 0.0176702 0.00740433
40 0.385547 0.315009 0.0265625 0.0558464 0.00728989
41 0.744531 0.295375 0.015625 0.0239965 0.00725937
73 0.842188 0.21226 0.0125 0.0270506 0.00723267
41 0.140234 0.799302 0.0125 0.0191972 0.00723267
41 0.178125 0.848168 0.0257812 0.0157068 0.00717545
32 0.376465 0.521379 0.0220703 0.0235602 0.00714874
39 0.53125 0.214442 0.015625 0.030541 0.00712204
45 0.0532227 0.848168 0.0300781 0.0139616 0.00709534
40 0.443359 0.214223 0.0164063 0.0296684 0.00706482
39 0.79375 0.21466 0.015625 0.0226876 0.00706482
40 0.392969 0.294721 0.0164063 0.0235602 0.00701141
74 0.555078 0.0816972 0.040625 0.0442845 0.00698471
8 0.874805 0.954625 0.241016 0.0628272 0.00698471
71 0.875 0.475131 0.20625 0.26178 0.0069046
40 0.559375 0.224913 0.034375 0.0506108 0.0068779
39 0.935938 0.158813 0.021875 0.0445026 0.0068512
40 0.593359 0.231239 0.0179687 0.0680628 0.0068512
41 0.842188 0.250873 0.0125 0.034904 0.00682449
41 0.875 0.152923 0.0203125 0.0541012 0.00677109
69 0.476562 0.327443 0.114063 0.0519197 0.00677109
41 0.392969 0.294721 0.0164063 0.0235602 0.00671768
59 0.877344 0.95288 0.239063 0.0663176 0.00666809
41 0.314844 0.212914 0.0148437 0.0296684 0.00658798
54 0.714063 0.260908 0.05 0.0575916 0.00658798
41 0.190234 0.800175 0.025 0.0191972 0.00653839
2 0.683984 0.410122 0.0429688 0.017452 0.00651169
73 0.917969 0.29363 0.021875 0.030541 0.0064888
40 0.835156 0.212478 0.0125 0.0235602 0.0064621
40 0.460156 0.21226 0.015625 0.0353403 0.00643921
40 0.384766 0.22404 0.0320312 0.0226876 0.00638962
41 0.491016 0.214005 0.0125 0.0357766 0.00636292
41 0.291016 0.134817 0.0875 0.0876963 0.00634003
45 0.288477 0.0868237 0.0425781 0.026178 0.00629044
40 0.734375 0.221859 0.034375 0.047993 0.00621796
73 0.760547 0.361693 0.0617188 0.0279232 0.00621796
39 0.416406 0.292757 0.0125 0.0331588 0.00609589
39 0.705469 0.329188 0.0171875 0.0287958 0.00602722
39 0.664844 0.219895 0.015625 0.0445026 0.00600433
40 0.737109 0.233857 0.040625 0.0724258 0.00600433
40 0.577344 0.212478 0.0140625 0.0309773 0.00598145
41 0.405469 0.211387 0.0109375 0.0296684 0.00595856
40 0.430859 0.234729 0.021875 0.0684991 0.00593567
40 0.561719 0.218586 0.0367188 0.039267 0.00593567
39 0.0885742 0.775305 0.0316406 0.0270506 0.00591278
39 0.252539 0.215532 0.0207031 0.04363 0.005867
39 0.0876709 0.777487 0.0375488 0.0383944 0.005867
41 0.537891 0.210297 0.0117188 0.0283595 0.00584412
71 0.757812 0.359511 0.0703125 0.0314136 0.00582123
41 0.25293 0.158432 0.0199219 0.0426483 0.00579834
75 0.935156 0.216405 0.0328125 0.0401396 0.00579834
40 0.343555 0.215096 0.0214844 0.0244328 0.00577545
45 0.638281 0.748255 0.0359375 0.0183246 0.00577545
39 0.636719 0.217714 0.0164063 0.0453752 0.00575256
73 0.305078 0.395288 0.03125 0.0139616 0.00575256
40 0.548047 0.227749 0.015625 0.0628272 0.00572968
40 0.504687 0.25 0.01875 0.0410122 0.00572968
40 0.367969 0.137325 0.05 0.0839878 0.00572968
28 0.310937 0.832243 0.1125 0.29712 0.00572968
40 0.68125 0.233421 0.0195312 0.0689354 0.00570679
73 0.0183105 0.798429 0.0246094 0.0157068 0.00570679
73 0.412891 0.152269 0.0445313 0.0562827 0.00568771
17 0.310352 0.833988 0.113672 0.29712 0.00568771
40 0.61875 0.219677 0.0171875 0.0427574 0.00566483
39 0.815625 0.212042 0.015625 0.0287958 0.00559998
39 0.748438 0.210515 0.015625 0.0248691 0.00557709
41 0.909375 0.213351 0.028125 0.0344677 0.00553513
41 0.463281 0.211169 0.0125 0.0301047 0.00551224
40 0.494531 0.230803 0.015625 0.0706806 0.00548935
72 0.75 0.833333 0.490625 0.300175 0.00548935
39 0.394141 0.210733 0.015625 0.0235602 0.00547028
40 0.707812 0.212478 0.0125 0.0340314 0.00540543
41 0.317969 0.0986038 0.0203125 0.0213787 0.00538635
39 0.719141 0.331152 0.0140625 0.026178 0.00536346
68 0.539844 0.815881 0.0671875 0.21466 0.0053215
40 0.417188 0.227749 0.0171875 0.061082 0.00527954
40 0.607031 0.25 0.028125 0.0401396 0.00527954
41 0.577344 0.212478 0.0140625 0.0309773 0.00526047
58 0.904688 0.153523 0.04375 0.0376309 0.00521851
39 0.654297 0.219459 0.0117188 0.0445026 0.00521851
39 0.646875 0.217277 0.0125 0.04363 0.00521851
40 0.468359 0.268761 0.03125 0.0732984 0.00521851
59 0.877344 0.475567 0.204688 0.26178 0.00519943
73 0.352344 0.357766 0.0695313 0.0322862 0.00518036
72 0.428125 0.904887 0.132812 0.160558 0.00518036
40 0.86875 0.214442 0.015625 0.0248691 0.00510025
41 0.33125 0.340314 0.0167969 0.0122164 0.00510025
39 0.417188 0.212478 0.0140625 0.0287958 0.0050621
71 0.85293 0.366056 0.159766 0.0287958 0.0050621
40 0.356445 0.214223 0.0148437 0.026178 0.00503922
40 0.405469 0.211387 0.0109375 0.0296684 0.00503922
74 0.684375 0.410995 0.04375 0.017452 0.00503922
45 0.175195 0.849913 0.034375 0.017452 0.00500107
41 0.253125 0.256981 0.01875 0.021815 0.00498199
41 0.0876709 0.777487 0.0375488 0.0383944 0.00496292
58 0.885938 0.110711 0.03125 0.0477749 0.00494385
39 0.767969 0.212914 0.015625 0.0283595 0.00492477
40 0.744531 0.295375 0.015625 0.0239965 0.0049057
41 0.86875 0.214442 0.015625 0.0248691 0.00488663
40 0.463672 0.29014 0.0210938 0.0296684 0.00488663
40 0.429688 0.249782 0.021875 0.0414485 0.00486755
74 0.753906 0.52356 0.0203125 0.021815 0.00484848
72 0.129102 0.388743 0.224609 0.440663 0.972656
58 0.910937 0.130017 0.084375 0.0999127 0.833496
45 0.283398 0.33726 0.0707031 0.0322862 0.810547
74 0.546875 0.0945681 0.107031 0.121073 0.799316
75 0.367188 0.137216 0.0492188 0.0837696 0.631836
69 0.499219 0.451134 0.189063 0.295812 0.57959
39 0.162402 0.753927 0.0373047 0.0890052 0.451416
58 0.846875 0.138525 0.05 0.0855148 0.439697
58 0.0817383 0.759162 0.0587891 0.0820244 0.315674
57 0.310937 0.832461 0.113281 0.296684 0.277588
71 0.878125 0.401396 0.2 0.103839 0.237915
75 0.687891 0.144634 0.028125 0.0693717 0.175537
74 0.545313 0.295375 0.04375 0.0244328 0.112793
62 0.770703 0.120964 0.119531 0.101003 0.10376
45 0.458203 0.354276 0.0617188 0.0191972 0.102295
75 0.845313 0.138689 0.05 0.0856239 0.101562
75 0.29043 0.136017 0.0863281 0.0866056 0.100891
72 0.539844 0.815881 0.0671875 0.21466 0.100159
59 0.310937 0.832461 0.112109 0.296684 0.0853882
0 0.310937 0.832461 0.113281 0.296684 0.0800781
72 0.073584 0.753054 0.0823242 0.0942408 0.0775146
74 0.548438 0.0955497 0.0734375 0.0802792 0.0769653
58 0.0826172 0.735166 0.0519531 0.0279232 0.0769653
75 0.0890625 0.775742 0.0300781 0.030541 0.0651245
58 0.908594 0.111257 0.078125 0.0584642 0.0646362
56 0.310937 0.832461 0.113281 0.296684 0.0614319
26 0.311133 0.832679 0.112891 0.296248 0.0544128
14 0.9 0.820462 0.0359375 0.0274869 0.0541992
41 0.330859 0.213351 0.0164063 0.0279232 0.0522461
45 0.544922 0.295157 0.04375 0.0266143 0.0486755
40 0.504687 0.213351 0.0171875 0.0331588 0.0474243
75 0.935938 0.15925 0.021875 0.0449389 0.0463867
45 0.342969 0.358857 0.0765625 0.0362129 0.0455322
45 0.545313 0.338133 0.06875 0.0549738 0.0453491
77 0.310937 0.834206 0.111719 0.296684 0.0435181
74 0.412891 0.151342 0.0445313 0.0568281 0.0433655
41 0.417578 0.212696 0.0140625 0.0287958 0.0420837
41 0.504687 0.213351 0.0171875 0.0331588 0.0402527
74 0.770312 0.121401 0.120313 0.100131 0.0366211
41 0.748438 0.210733 0.015625 0.0244328 0.0363464
40 0.605859 0.215096 0.0179687 0.0270506 0.0360718
40 0.483984 0.213787 0.0148437 0.0340314 0.035553
74 0.713281 0.259599 0.0515625 0.0575916 0.0352783
74 0.649219 0.27596 0.0679687 0.0737347 0.0351562
41 0.483984 0.213787 0.0148437 0.0340314 0.0330811
45 0.683594 0.40925 0.0359375 0.0191972 0.0328369
45 0.684375 0.410995 0.04375 0.017452 0.0316162
75 0.903906 0.154232 0.0453125 0.039267 0.0305634
41 0.430078 0.21466 0.0171875 0.0253054 0.0304413
71 0.476562 0.324607 0.115625 0.0462478 0.0302124
40 0.484375 0.22055 0.0171875 0.0484293 0.0301056
41 0.343359 0.215096 0.021875 0.0244328 0.0299835
45 0.291016 0.134599 0.0871094 0.0881326 0.0297546
41 0.356445 0.214223 0.0148437 0.026178 0.0297546
41 0.935938 0.158377 0.021875 0.0449389 0.0296478
71 0.874219 0.371837 0.204688 0.0556283 0.029541
41 0.51875 0.214442 0.0179687 0.0283595 0.0293121
75 0.544922 0.33966 0.0679687 0.0527923 0.0292053
41 0.443359 0.214442 0.0164063 0.0292321 0.0287628
40 0.51875 0.214442 0.0179687 0.0283595 0.0287628
39 0.845313 0.139616 0.05 0.0850785 0.0266571
41 0.342969 0.248691 0.0199219 0.0296684 0.0258636
41 0.53125 0.214442 0.015625 0.030541 0.0253754
71 0.88125 0.367474 0.195312 0.0277051 0.0249939
69 0.539844 0.815009 0.0671875 0.21466 0.0248871
41 0.553125 0.213351 0.0203125 0.0287958 0.0244293
40 0.592969 0.213351 0.015625 0.0314136 0.024231
40 0.76875 0.212914 0.015625 0.0287958 0.024231
74 0.0886963 0.775305 0.0315918 0.0270506 0.0231476
69 0.877344 0.475567 0.204688 0.262653 0.0230713
73 0.873242 0.830716 0.241016 0.296684 0.0227203
41 0.394141 0.211169 0.015625 0.0244328 0.0226288
41 0.728906 0.211824 0.0234375 0.0274869 0.0222015
41 0.345313 0.330497 0.0195312 0.0248691 0.0219421
74 0.527344 0.107003 0.0320312 0.0381763 0.0217743
41 0.605859 0.215096 0.0179687 0.0270506 0.0214539
32 0.753906 0.52356 0.0203125 0.021815 0.0214539
45 0.476562 0.327443 0.114063 0.0519197 0.0206451
41 0.76875 0.212914 0.015625 0.0287958 0.0205688
40 0.417578 0.212696 0.0140625 0.0287958 0.0201721
41 0.825 0.249564 0.0234375 0.0309773 0.0195618
41 0.842188 0.212478 0.0125 0.0274869 0.0189056
41 0.592969 0.213351 0.015625 0.0314136 0.0181274
40 0.78125 0.214223 0.0171875 0.0253054 0.0179901
45 0.175977 0.846422 0.0328125 0.0139616 0.0179138
40 0.695312 0.213351 0.0234375 0.0296684 0.0177765
58 0.283984 0.33726 0.0710938 0.0340314 0.0177765
41 0.545313 0.294939 0.04375 0.0235602 0.0176392
40 0.748438 0.210733 0.015625 0.0244328 0.0175781
39 0.367188 0.137216 0.0492188 0.0837696 0.0174408
40 0.394141 0.211169 0.015625 0.0244328 0.0171051
41 0.705469 0.329407 0.0171875 0.0287958 0.016983
41 0.79375 0.21466 0.015625 0.0235602 0.016922
16 0.310937 0.834206 0.111719 0.296684 0.0166626
58 0.878125 0.133726 0.021875 0.065445 0.0165253
75 0.874219 0.152269 0.0203125 0.0541012 0.0164642
41 0.548047 0.213351 0.0148437 0.0327225 0.0164642
41 0.820312 0.249127 0.021875 0.0314136 0.0163422
40 0.79375 0.21466 0.015625 0.0235602 0.0162811
41 0.331445 0.32897 0.0152344 0.0296684 0.0162811
72 0.5 0.451898 0.190625 0.295157 0.016098
71 0.664062 0.365183 0.05625 0.0183246 0.0157776
40 0.855469 0.213351 0.0125 0.0296684 0.0156708
40 0.503516 0.231239 0.0179687 0.069808 0.0156708
40 0.607813 0.233857 0.025 0.0680628 0.0156708
39 0.842188 0.212478 0.0125 0.0274869 0.0156021
40 0.53125 0.214442 0.015625 0.030541 0.0153656
41 0.571094 0.212914 0.0195312 0.0301047 0.0153656
73 0.340234 0.358421 0.0742188 0.0344677 0.0153046
41 0.385938 0.294939 0.0203125 0.0231239 0.0150146
40 0.842188 0.212478 0.0125 0.0274869 0.0149536
72 0.877344 0.475567 0.204688 0.262653 0.0149536
41 0.515234 0.249127 0.025 0.034904 0.0149002
40 0.430078 0.21466 0.0171875 0.0253054 0.0147858
71 0.342969 0.358857 0.0765625 0.0362129 0.0147858
40 0.680859 0.213787 0.015625 0.0309773 0.0145569
58 0.874219 0.140489 0.021875 0.0780977 0.0142288
41 0.815625 0.212042 0.0171875 0.0287958 0.0142288
41 0.487109 0.210515 0.0101563 0.0270506 0.0141754
40 0.491406 0.214005 0.0125 0.0357766 0.014061
71 0.4625 0.354712 0.05625 0.0200698 0.0139542
41 0.0886963 0.775305 0.0315918 0.0270506 0.0139008
41 0.78125 0.214223 0.0171875 0.0253054 0.013588
75 0.0875977 0.777487 0.0378906 0.0383944 0.0134811
41 0.591406 0.29123 0.0140625 0.0331588 0.0134277
41 0.378516 0.211824 0.01875 0.0248691 0.0133743
24 0.311133 0.832679 0.112891 0.296248 0.0133286
41 0.751953 0.211169 0.0140625 0.0279232 0.0130692
40 0.521094 0.232548 0.0257812 0.0689354 0.01297
39 0.660156 0.219459 0.015625 0.0453752 0.01297
40 0.532031 0.232766 0.01875 0.0693717 0.0128708
71 0.875781 0.475458 0.204688 0.261998 0.0128708
40 0.571094 0.212914 0.0195312 0.0301047 0.0127716
41 0.463281 0.21226 0.0203125 0.034904 0.0125275
71 0.137891 0.809773 0.152344 0.0157068 0.012291
40 0.728906 0.211824 0.0234375 0.0274869 0.0120087
40 0.465625 0.249782 0.0226563 0.0340314 0.0120087
45 0.0183594 0.798429 0.0245117 0.0157068 0.0120087
15 0.310937 0.834206 0.111719 0.296684 0.0120087
73 0.903125 0.156686 0.046875 0.0452661 0.0119171
75 0.162695 0.753927 0.0363281 0.0907504 0.0117798
74 0.53125 0.100131 0.0421875 0.0466841 0.011734
41 0.61875 0.215096 0.0171875 0.0296684 0.011734
40 0.385938 0.294939 0.0203125 0.0231239 0.0116425
41 0.855469 0.213351 0.0125 0.0296684 0.0115967
40 0.3875 0.219677 0.0304688 0.0287958 0.0115051
40 0.330859 0.213351 0.0164063 0.0279232 0.0112915
40 0.61875 0.215096 0.0171875 0.0296684 0.0112915
45 0.714453 0.260035 0.0507812 0.0575916 0.0112915
73 0.223828 0.799738 0.0382813 0.0200698 0.0112
41 0.355078 0.249127 0.0132813 0.0322862 0.0111618
41 0.464844 0.249127 0.0203125 0.0335951 0.0111618
71 0.664453 0.361257 0.0609375 0.0270506 0.0111618
74 0.0875977 0.777487 0.0378906 0.0383944 0.0111618
40 0.6875 0.143761 0.0296875 0.0693717 0.011116
40 0.553125 0.213351 0.0203125 0.0287958 0.0110703
41 0.309766 0.211387 0.0125 0.021815 0.0109024
74 0.694531 0.895288 0.0234375 0.0244328 0.0109024
74 0.568359 0.103949 0.0273438 0.0294503 0.0108566
40 0.463281 0.212914 0.021875 0.0344677 0.0107346
41 0.383594 0.329843 0.0203125 0.0270506 0.0105667
41 0.181641 0.800175 0.0121094 0.0191972 0.0104904
40 0.378516 0.211824 0.01875 0.0248691 0.0103683
40 0.751953 0.211169 0.0140625 0.0279232 0.0103683
40 0.815625 0.212042 0.0171875 0.0287958 0.0103302
71 0.713281 0.366383 0.0546875 0.0176702 0.0101318
40 0.383984 0.250436 0.0335938 0.0401396 0.0100555
41 0.854688 0.248691 0.0125 0.0340314 0.0100098
40 0.385547 0.314572 0.0265625 0.056719 0.00997162
41 0.835156 0.212696 0.0125 0.0244328 0.00989532
40 0.593359 0.231239 0.0179687 0.0680628 0.00985718
74 0.638281 0.748255 0.0351562 0.017452 0.00985718
40 0.443359 0.214442 0.0164063 0.0292321 0.00967407
41 0.287891 0.0873691 0.04375 0.0296684 0.00959778
40 0.548047 0.213351 0.0148437 0.0327225 0.00952148
71 0.658594 0.363111 0.05625 0.0224695 0.00952148
40 0.392969 0.294939 0.0171875 0.0235602 0.00941467
41 0.429688 0.25 0.021875 0.0410122 0.0091629
39 0.751953 0.211169 0.0140625 0.0279232 0.00905609
69 0.482031 0.335079 0.128125 0.0671902 0.00894928
58 0.6875 0.143106 0.03125 0.0676265 0.00888062
41 0.17793 0.848168 0.0257812 0.0157068 0.0088501
73 0.823438 0.248691 0.021875 0.0296684 0.00881195
39 0.663281 0.218805 0.0140625 0.0431937 0.00881195
59 0.583594 0.944154 0.160938 0.0837696 0.00881195
40 0.503906 0.25 0.01875 0.0401396 0.00878143
40 0.592188 0.292321 0.0140625 0.0340314 0.00878143
41 0.484375 0.22055 0.0171875 0.0484293 0.00861359
40 0.494531 0.230803 0.015625 0.069808 0.00861359
40 0.559766 0.222731 0.034375 0.0458115 0.00857544
41 0.329297 0.248255 0.0125 0.0327225 0.00857544
40 0.430859 0.234511 0.0210938 0.0680628 0.0085144
59 0.749609 0.832243 0.491406 0.29712 0.00844574
74 0.562109 0.100567 0.0414063 0.0619546 0.00837708
39 0.79375 0.21466 0.015625 0.0235602 0.00837708
40 0.737109 0.233857 0.040625 0.0724258 0.00831604
73 0.917188 0.292976 0.03125 0.0331588 0.00821686
71 0.134668 0.808028 0.197852 0.0191972 0.00821686
41 0.845313 0.250436 0.0125 0.034904 0.00818634
8 0.875781 0.954625 0.242188 0.0628272 0.00812531
40 0.577734 0.212696 0.0140625 0.0309773 0.00809479
73 0.842188 0.212478 0.0125 0.0274869 0.00809479
58 0.0756836 0.746946 0.0880859 0.108202 0.00803375
45 0.903906 0.15685 0.046875 0.04363 0.00800323
41 0.857813 0.158595 0.01875 0.0453752 0.00796509
40 0.343359 0.215096 0.021875 0.0244328 0.00793457
41 0.744531 0.295593 0.015625 0.0239965 0.00790405
39 0.53125 0.214442 0.015625 0.030541 0.00787354
40 0.384766 0.224258 0.0320312 0.021815 0.00784302
41 0.842188 0.250873 0.0125 0.0353403 0.00784302
40 0.835156 0.212696 0.0125 0.0244328 0.0077858
40 0.607031 0.25 0.028125 0.0401396 0.0077858
32 0.376563 0.521379 0.021875 0.0235602 0.0077858
41 0.538281 0.210733 0.0109375 0.0287958 0.00775528
40 0.547656 0.22644 0.015625 0.0602094 0.00769424
41 0.140234 0.799302 0.0125 0.0191972 0.00766754
40 0.734375 0.222513 0.0359375 0.0488656 0.00763702
41 0.392969 0.294939 0.0171875 0.0235602 0.00760651
41 0.354102 0.32897 0.0117188 0.0274869 0.00757599
74 0.407813 0.882199 0.0226563 0.0209424 0.00754929
59 0.877344 0.95288 0.239063 0.0663176 0.00754929
74 0.546094 0.118455 0.0171875 0.0248691 0.00751877
73 0.907813 0.295812 0.0125 0.0253054 0.00748825
71 0.869531 0.362129 0.204688 0.0401396 0.00746155
40 0.867969 0.214223 0.015625 0.0253054 0.00743103
40 0.417188 0.224695 0.0171875 0.0541012 0.00743103
41 0.314844 0.212914 0.0152344 0.0296684 0.00740433
41 0.491406 0.214005 0.0125 0.0357766 0.00740433
71 0.757812 0.359511 0.0703125 0.0314136 0.00740433
40 0.46875 0.268761 0.0328125 0.0732984 0.00737381
41 0.190234 0.800175 0.0246094 0.0191972 0.00737381
41 0.367383 0.137435 0.0503906 0.0833333 0.00731659
58 0.0732422 0.733857 0.0363281 0.0279232 0.00728989
59 0.877344 0.475458 0.204688 0.261998 0.00728989
41 0.405469 0.211606 0.0109375 0.0296684 0.00723267
40 0.68125 0.233421 0.0195312 0.069808 0.00723267
17 0.310352 0.833988 0.113281 0.29712 0.00706482
40 0.356445 0.214223 0.0148437 0.026178 0.0068512
40 0.405469 0.211606 0.0109375 0.0296684 0.00674438
40 0.707812 0.212478 0.0117188 0.0340314 0.00666809
40 0.463281 0.29014 0.021875 0.0296684 0.00666809
40 0.429688 0.25 0.021875 0.0410122 0.00656509
75 0.714063 0.260908 0.05 0.0575916 0.00656509
73 0.917969 0.29363 0.021875 0.030541 0.00653839
0 0.546094 0.0960951 0.0710938 0.0800611 0.0064621
41 0.909375 0.213351 0.028125 0.034904 0.0064621
74 0.555859 0.0807155 0.0382813 0.0418848 0.00643921
41 0.463281 0.211606 0.0125 0.0314136 0.00643921
41 0.867969 0.214223 0.015625 0.0253054 0.00636292
70 0.476562 0.327443 0.114063 0.0519197 0.00634003
45 0.0531738 0.848168 0.0301758 0.0139616 0.00629044
40 0.480469 0.247818 0.0210938 0.0322862 0.00621796
73 0.304883 0.395724 0.0316406 0.0139616 0.00619125
39 0.815625 0.212042 0.0171875 0.0287958 0.00609589
41 0.577734 0.212696 0.0140625 0.0309773 0.006073
41 0.695312 0.213351 0.0234375 0.0296684 0.00605011
41 0.253125 0.256981 0.01875 0.021815 0.00605011
39 0.705469 0.329407 0.0171875 0.0287958 0.00600433
39 0.416406 0.292757 0.0125 0.0331588 0.00598145
69 0.476562 0.327443 0.114063 0.0519197 0.00598145
45 0.288477 0.0868237 0.0425781 0.026178 0.00595856
39 0.935938 0.158813 0.021875 0.0445026 0.00595856
73 0.761719 0.362238 0.0609375 0.0277051 0.00595856
41 0.507031 0.287958 0.0179687 0.0270506 0.00591278
71 0.6875 0.359511 0.209375 0.0383944 0.00584412
39 0.719531 0.33137 0.0140625 0.0257417 0.00582123
45 0.638281 0.748255 0.0359375 0.0191972 0.00579834
39 0.417578 0.212696 0.0140625 0.0287958 0.00577545
71 0.852344 0.366056 0.159375 0.0287958 0.00577545
20 0.310352 0.833988 0.113281 0.29712 0.00577545
71 0.61875 0.363983 0.0539063 0.0207243 0.00575256
39 0.0886963 0.775305 0.0315918 0.0270506 0.00575256
41 0.680859 0.213787 0.015625 0.0309773 0.00570679
40 0.310547 0.219459 0.0148437 0.039267 0.00570679
68 0.539844 0.814791 0.0671875 0.213351 0.00570679
41 0.875 0.153087 0.0203125 0.0542103 0.00568771
41 0.373047 0.213133 0.0132813 0.0292321 0.00566483
40 0.487109 0.210515 0.0101563 0.0270506 0.00566483
39 0.0875977 0.777487 0.0378906 0.0383944 0.00559998
2 0.683984 0.410558 0.0429688 0.017452 0.00557709
39 0.394141 0.211169 0.015625 0.0244328 0.0055542
39 0.356445 0.214223 0.0148437 0.026178 0.00551224
54 0.714063 0.260908 0.05 0.0575916 0.00547028
40 0.664844 0.219895 0.015625 0.0449389 0.00544739
39 0.76875 0.212914 0.015625 0.0287958 0.00542831
39 0.885156 0.213787 0.0140625 0.026178 0.00542831
40 0.744531 0.295593 0.015625 0.0239965 0.00542831
71 0.7125 0.359293 0.059375 0.0266143 0.00542831
41 0.252734 0.158432 0.0199219 0.0426483 0.00536346
39 0.748438 0.210733 0.015625 0.0244328 0.00530243
39 0.636719 0.217932 0.0164063 0.0458115 0.00526047
72 0.428223 0.904014 0.132617 0.160558 0.00526047
41 0.416406 0.291449 0.0132813 0.0340314 0.00524139
60 0.58125 0.944154 0.157813 0.0837696 0.00524139
39 0.443359 0.214442 0.0164063 0.0292321 0.00521851
41 0.870313 0.253054 0.015625 0.0226876 0.00521851
39 0.252734 0.21575 0.0203125 0.0440663 0.00518036
73 0.0183594 0.798429 0.0245117 0.0157068 0.00510025
39 0.548047 0.213351 0.0148437 0.0327225 0.00508118
40 0.516406 0.249564 0.025 0.034904 0.0050621
72 0.129199 0.388743 0.224414 0.440663 0.966797
58 0.910937 0.130236 0.084375 0.100349 0.812988
74 0.546875 0.0946771 0.107031 0.121728 0.794434
45 0.283594 0.336169 0.0695313 0.0353403 0.792969
75 0.367188 0.137216 0.0492188 0.0837696 0.569824
69 0.499219 0.450153 0.189844 0.296902 0.523438
39 0.162305 0.753927 0.0375 0.0907504 0.401611
58 0.846875 0.138743 0.05 0.0855148 0.401611
57 0.310937 0.832243 0.112891 0.29712 0.296631
58 0.0816406 0.759162 0.059375 0.0837696 0.281494
71 0.878125 0.401505 0.2 0.104494 0.281494
75 0.687891 0.144906 0.0289063 0.069699 0.141235
72 0.0737793 0.752182 0.0829102 0.095986 0.0987549
62 0.770703 0.121073 0.119531 0.100785 0.0980835
74 0.545313 0.295375 0.04375 0.0244328 0.0966797
45 0.458203 0.354276 0.0617188 0.0191972 0.0913696
75 0.845313 0.138743 0.05 0.0855148 0.0913696
75 0.29043 0.135689 0.0863281 0.08726 0.0863037
59 0.310937 0.832461 0.111719 0.296684 0.0838623
72 0.539844 0.815881 0.0671875 0.21466 0.0803833
0 0.310937 0.832243 0.112891 0.29712 0.0778198
58 0.0826172 0.735602 0.0521484 0.0279232 0.0646362
74 0.548438 0.0957679 0.0734375 0.0802792 0.0628052
56 0.310937 0.832243 0.112891 0.29712 0.0585632
41 0.331055 0.213351 0.0167969 0.0279232 0.0548096
40 0.504687 0.213133 0.0171875 0.0327225 0.0545959
75 0.0892578 0.775742 0.0306641 0.0314136 0.0545959
45 0.342969 0.359075 0.0765625 0.0357766 0.0503235
58 0.908594 0.111366 0.078125 0.0586824 0.0472412
14 0.9 0.820244 0.0359375 0.0279232 0.0470886
41 0.417578 0.212914 0.0140625 0.0287958 0.0456848
75 0.935938 0.15925 0.021875 0.0449389 0.0446777
74 0.413281 0.151396 0.04375 0.056719 0.0440063
41 0.504687 0.213133 0.0171875 0.0327225 0.0435181
45 0.544922 0.295157 0.04375 0.0266143 0.0411377
41 0.748438 0.210733 0.015625 0.0248691 0.0406799
26 0.310937 0.832679 0.113281 0.296248 0.0406799
45 0.545313 0.338133 0.06875 0.0549738 0.0405273
40 0.605859 0.215096 0.0179687 0.0270506 0.0402527
40 0.483984 0.214005 0.0148437 0.0344677 0.0386047
77 0.310937 0.834206 0.111719 0.296684 0.0370483
41 0.518359 0.21466 0.01875 0.0279232 0.035553
41 0.429688 0.214878 0.0171875 0.0257417 0.0354004
41 0.342773 0.215096 0.0234375 0.0248691 0.0340881
40 0.484375 0.219895 0.0171875 0.047993 0.033844
41 0.35625 0.214223 0.0148437 0.026178 0.0337219
40 0.518359 0.21466 0.01875 0.0279232 0.0334778
71 0.874219 0.373364 0.204688 0.0578098 0.0333252
41 0.483984 0.214005 0.0148437 0.0344677 0.0327148
74 0.713281 0.259817 0.0515625 0.0575916 0.0322266
74 0.770312 0.12151 0.120313 0.0999127 0.0321045
41 0.53125 0.214442 0.015625 0.0301047 0.0314941
45 0.683594 0.40925 0.0359375 0.017452 0.03125
41 0.443359 0.21466 0.0164063 0.0287958 0.0307922
40 0.768359 0.213133 0.0164063 0.0287958 0.0307922
74 0.649219 0.27596 0.0671875 0.0737347 0.0292053
41 0.935938 0.158322 0.021875 0.0446117 0.0283356
71 0.476562 0.324607 0.115625 0.0462478 0.0280151
75 0.903906 0.154396 0.0453125 0.0393761 0.0276947
40 0.593359 0.213351 0.0164063 0.0314136 0.0263519
71 0.88125 0.367474 0.19375 0.0277051 0.0263519
73 0.873242 0.830716 0.241016 0.296684 0.0263519
45 0.683984 0.410995 0.0429688 0.017452 0.0259552
41 0.552734 0.213569 0.0203125 0.0292321 0.0252686
41 0.768359 0.213133 0.0164063 0.0287958 0.0252686
45 0.291016 0.13449 0.0871094 0.0883508 0.0244293
41 0.605859 0.215096 0.0179687 0.0270506 0.0241394
40 0.781445 0.214005 0.0183594 0.0257417 0.0236969
74 0.0887695 0.774869 0.0316406 0.026178 0.0231476
41 0.728906 0.212042 0.0234375 0.0274869 0.0226288
41 0.394531 0.211169 0.015625 0.0244328 0.0222015
40 0.79375 0.214442 0.015625 0.0239965 0.0222015
75 0.544922 0.339878 0.0679687 0.0532286 0.02211
74 0.527344 0.106675 0.0320312 0.0379581 0.0217743
69 0.877344 0.475567 0.204688 0.263525 0.0217743
41 0.342969 0.248909 0.0203125 0.0301047 0.021698
40 0.417578 0.212914 0.0140625 0.0287958 0.0215302
71 0.875781 0.475567 0.204688 0.26178 0.0214539
39 0.845313 0.140052 0.05 0.0855148 0.0208893
41 0.842188 0.212478 0.0125 0.0279232 0.0207977
41 0.79375 0.214442 0.015625 0.0239965 0.0204926
41 0.825 0.249564 0.025 0.0314136 0.0201721
40 0.694922 0.213351 0.0242188 0.0296684 0.0196381
41 0.344922 0.330497 0.0203125 0.0248691 0.0195618
71 0.664062 0.364856 0.0578125 0.0189791 0.0192719
40 0.503906 0.231239 0.01875 0.069808 0.0188293
41 0.548047 0.213351 0.0148437 0.0331588 0.0186157
41 0.593359 0.213351 0.0164063 0.0314136 0.0185394
32 0.753906 0.52356 0.0203125 0.021815 0.0181885
16 0.310937 0.834206 0.111719 0.296684 0.0181274
40 0.748438 0.210733 0.015625 0.0248691 0.0179901
69 0.539844 0.815009 0.0679687 0.21466 0.0177155
40 0.53125 0.214442 0.015625 0.0301047 0.0175171
40 0.607813 0.233421 0.025 0.0671902 0.0173798
41 0.781445 0.214005 0.0183594 0.0257417 0.0171051
40 0.855469 0.213351 0.0125 0.0296684 0.016983
40 0.394531 0.211169 0.015625 0.0244328 0.016922
45 0.476562 0.327661 0.114063 0.052356 0.0167847
41 0.815625 0.21226 0.0171875 0.0296684 0.0167236
40 0.842188 0.212478 0.0125 0.0279232 0.0166626
41 0.545313 0.295157 0.04375 0.0235602 0.0165863
41 0.385547 0.294939 0.0210938 0.0231239 0.0164032
41 0.705469 0.329407 0.0171875 0.0287958 0.0162811
40 0.429688 0.214878 0.0171875 0.0257417 0.0159607
40 0.491406 0.214223 0.0125 0.0357766 0.0158997
40 0.521094 0.232766 0.0265625 0.0684991 0.0157776
41 0.751953 0.211169 0.0140625 0.0279232 0.0153046
40 0.68125 0.213569 0.015625 0.0309773 0.0150757
40 0.532031 0.232766 0.01875 0.0693717 0.0149536
41 0.570703 0.213351 0.0203125 0.030541 0.0147858
58 0.283984 0.33726 0.0710938 0.0340314 0.0146179
45 0.175977 0.846422 0.0328125 0.0139616 0.0146179
39 0.367188 0.137216 0.0492188 0.0837696 0.0142822
41 0.4875 0.210733 0.0109375 0.0274869 0.014061
39 0.842188 0.212478 0.0125 0.0279232 0.0140076
41 0.515234 0.249346 0.0257812 0.0353403 0.0140076
71 0.137134 0.809773 0.154639 0.0157068 0.0139542
59 0.582812 0.944154 0.160156 0.0837696 0.0139542
71 0.664062 0.36082 0.0609375 0.0279232 0.0138474
75 0.874219 0.152214 0.0203125 0.0542103 0.0137939
40 0.385547 0.294939 0.0210938 0.0231239 0.0137405
71 0.713281 0.366492 0.0546875 0.017452 0.0137405
71 0.341211 0.357766 0.0714844 0.0340314 0.0135345
41 0.331641 0.32897 0.015625 0.0296684 0.0131226
41 0.378125 0.212042 0.01875 0.0253054 0.0130692
40 0.466406 0.25 0.0242188 0.0340314 0.0130692
58 0.878125 0.133617 0.021875 0.0656632 0.0129242
40 0.570703 0.213351 0.0203125 0.030541 0.0129242
41 0.61875 0.215096 0.0171875 0.0292321 0.0127716
41 0.591797 0.291449 0.0148437 0.0331588 0.0127716
41 0.0887695 0.774869 0.0316406 0.026178 0.0127716
40 0.61875 0.215096 0.0171875 0.0292321 0.0127258
74 0.0882568 0.777487 0.0352051 0.034904 0.0125275
71 0.4625 0.354712 0.05625 0.0200698 0.0124817
40 0.815625 0.21226 0.0171875 0.0296684 0.0122375
40 0.387109 0.219459 0.0320312 0.0292321 0.012146
71 0.657031 0.363002 0.0578125 0.0226876 0.0120544
41 0.463281 0.212478 0.0203125 0.034904 0.0119629
40 0.751953 0.211169 0.0140625 0.0279232 0.0119171
40 0.385547 0.314136 0.0273438 0.0575916 0.0118256
41 0.855469 0.213351 0.0125 0.0296684 0.0116425
41 0.383984 0.330061 0.0210938 0.0266143 0.0116425
73 0.340234 0.358639 0.0742188 0.034904 0.0115967
58 0.874219 0.140271 0.021875 0.078534 0.0115509
40 0.728906 0.212042 0.0234375 0.0274869 0.0115509
75 0.0875 0.777487 0.0384766 0.0383944 0.0115509
40 0.331055 0.213351 0.0167969 0.0279232 0.0115051
15 0.310937 0.834206 0.111719 0.296684 0.0115051
40 0.392578 0.294939 0.0171875 0.0235602 0.0114212
59 0.878125 0.475676 0.203125 0.263307 0.0114212
40 0.463281 0.213351 0.021875 0.034904 0.0110703
74 0.531641 0.100131 0.0421875 0.0462478 0.0110321
40 0.552734 0.213569 0.0203125 0.0292321 0.0108185
40 0.59375 0.230803 0.01875 0.0671902 0.0108185
74 0.694531 0.896161 0.0234375 0.026178 0.0108185
41 0.309961 0.211606 0.0125 0.021815 0.0107803
72 0.5 0.451025 0.190625 0.296902 0.0107803
71 0.115137 0.809773 0.10293 0.0157068 0.0106506
40 0.384375 0.250436 0.0335938 0.0401396 0.0106125
40 0.687891 0.143543 0.0289063 0.0684991 0.0105286
40 0.548047 0.213351 0.0148437 0.0331588 0.0105286
39 0.660156 0.219459 0.015625 0.0453752 0.0105286
41 0.465234 0.249127 0.021875 0.0340314 0.0103302
40 0.443359 0.21466 0.0164063 0.0287958 0.0102921
40 0.494531 0.230803 0.015625 0.069808 0.0102921
41 0.835938 0.212696 0.0125 0.0253054 0.0100098
74 0.638281 0.748255 0.0359375 0.017452 0.0100098
41 0.854688 0.248909 0.0125 0.0344677 0.00997162
40 0.503906 0.249564 0.01875 0.0401396 0.00997162
40 0.378125 0.212042 0.01875 0.0253054 0.00985718
75 0.162695 0.753927 0.0367188 0.0907504 0.00985718
41 0.355078 0.249564 0.0136719 0.0322862 0.00974274
41 0.181836 0.800175 0.0121094 0.0191972 0.00971222
45 0.0184082 0.798866 0.0246094 0.0157068 0.00955963
40 0.61875 0.219459 0.0171875 0.0418848 0.00952148
40 0.737109 0.234293 0.040625 0.0732984 0.00948334
45 0.714453 0.260253 0.0507812 0.0575916 0.00948334
24 0.310937 0.832679 0.113281 0.296248 0.00948334
40 0.43125 0.234293 0.021875 0.0680628 0.00933838
41 0.538281 0.211169 0.0117188 0.0296684 0.00905609
71 0.131348 0.808028 0.209961 0.0191972 0.00894928
40 0.577734 0.212696 0.0140625 0.0309773 0.00891876
69 0.496094 0.489092 0.179688 0.21815 0.0088501
74 0.56875 0.103621 0.0265625 0.0292321 0.00878143
40 0.559766 0.220986 0.034375 0.0418848 0.0086441
41 0.429688 0.25 0.021875 0.0405759 0.0086441
40 0.547656 0.223386 0.015625 0.0541012 0.00861359
41 0.392578 0.294939 0.0171875 0.0235602 0.00861359
40 0.469531 0.268979 0.034375 0.0732984 0.00844574
71 0.757812 0.359511 0.0703125 0.0322862 0.00844574
69 0.482812 0.335079 0.129688 0.0671902 0.00831604
59 0.876758 0.95288 0.240234 0.0663176 0.00831604
8 0.875781 0.954625 0.242188 0.0628272 0.00831604
59 0.749609 0.832243 0.491406 0.29712 0.008255
40 0.417188 0.222295 0.0171875 0.0493019 0.00821686
40 0.607031 0.250218 0.028125 0.0401396 0.00821686
41 0.842188 0.250873 0.0125 0.0357766 0.00821686
71 0.713281 0.359511 0.059375 0.0270506 0.00815582
40 0.835938 0.212696 0.0125 0.0253054 0.00812531
40 0.867969 0.214223 0.015625 0.0257417 0.00812531
40 0.342773 0.215096 0.0234375 0.0248691 0.00806427
73 0.903125 0.15685 0.046875 0.0453752 0.00803375
41 0.484375 0.219895 0.0171875 0.047993 0.00800323
71 0.869531 0.362129 0.204688 0.0410122 0.00796509
41 0.845313 0.250436 0.0125 0.034904 0.00793457
39 0.663281 0.219459 0.015625 0.0445026 0.00793457
41 0.287891 0.0874782 0.04375 0.0296684 0.00790405
40 0.384766 0.223822 0.0320312 0.0226876 0.00790405
73 0.223828 0.800175 0.0382813 0.0209424 0.00790405
45 0.903906 0.15685 0.046875 0.0440663 0.0078125
39 0.751953 0.211169 0.0140625 0.0279232 0.0078125
40 0.735156 0.223386 0.0367188 0.0506108 0.0078125
40 0.592188 0.292321 0.0140625 0.0344677 0.0078125
39 0.79375 0.214442 0.015625 0.0239965 0.00775528
41 0.367188 0.137435 0.05 0.0833333 0.00772476
40 0.681641 0.233421 0.0203125 0.0706806 0.00772476
41 0.744922 0.295375 0.015625 0.0244328 0.00763702
73 0.823438 0.248473 0.021875 0.0301047 0.00757599
73 0.842188 0.212478 0.0125 0.0279232 0.00751877
40 0.463672 0.29014 0.021875 0.0296684 0.00746155
71 0.6875 0.359293 0.209375 0.0388307 0.00737381
41 0.178125 0.848168 0.0253906 0.0139616 0.00737381
32 0.376563 0.521815 0.021875 0.0244328 0.00731659
41 0.491406 0.214223 0.0125 0.0357766 0.00728989
20 0.310352 0.833333 0.112891 0.298429 0.00725937
39 0.53125 0.214442 0.015625 0.0301047 0.00723267
74 0.5625 0.100785 0.040625 0.0615183 0.00717545
40 0.35625 0.214223 0.0148437 0.026178 0.00717545
71 0.61875 0.363438 0.0546875 0.0209424 0.00717545
41 0.190234 0.800175 0.0246094 0.0191972 0.00712204
58 0.0758789 0.746946 0.0892578 0.109948 0.00709534
17 0.310352 0.833333 0.112891 0.298429 0.00709534
41 0.405469 0.211606 0.0109375 0.0301047 0.00703812
58 0.6875 0.143106 0.03125 0.0680628 0.00701141
40 0.405469 0.211606 0.0109375 0.0301047 0.00698471
72 0.877344 0.475567 0.204688 0.263525 0.0068512
41 0.857813 0.158813 0.01875 0.0453752 0.00679779
41 0.329297 0.248255 0.0125 0.0327225 0.00677109
40 0.480078 0.247818 0.021875 0.0327225 0.00677109
41 0.314648 0.213133 0.015625 0.0301047 0.00674438
40 0.708203 0.212696 0.0117188 0.0340314 0.00674438
41 0.867969 0.214223 0.015625 0.0257417 0.00671768
40 0.429688 0.25 0.021875 0.0405759 0.00671768
41 0.694922 0.213351 0.0242188 0.0296684 0.00666809
41 0.0882568 0.777487 0.0352051 0.034904 0.00661469
73 0.916406 0.293194 0.03125 0.0331588 0.00658798
41 0.253125 0.257199 0.0195312 0.021815 0.00651169
41 0.909375 0.213569 0.0296875 0.034904 0.00643921
41 0.463281 0.212042 0.0125 0.0318499 0.00641251
40 0.310742 0.219023 0.0152344 0.039267 0.00636292
40 0.4875 0.210733 0.0109375 0.0274869 0.00636292
41 0.353906 0.32897 0.0121094 0.0274869 0.00634003
74 0.407813 0.883072 0.0226563 0.0209424 0.00634003
41 0.14043 0.800175 0.0123047 0.0191972 0.00631332
71 0.852344 0.366056 0.157813 0.0287958 0.00621796
41 0.507031 0.287958 0.0179687 0.0270506 0.00619125
74 0.546094 0.118237 0.0171875 0.0248691 0.00616837
73 0.907813 0.295812 0.0125 0.026178 0.00609589
41 0.68125 0.213569 0.015625 0.0309773 0.00595856
60 0.583594 0.945026 0.159375 0.0837696 0.00593567
74 0.55625 0.0801702 0.0367188 0.0403578 0.00588989
40 0.473828 0.25349 0.0351562 0.0471204 0.00588989
41 0.577734 0.212696 0.0140625 0.0309773 0.005867
41 0.514063 0.210297 0.0171875 0.0270506 0.005867
40 0.810938 0.212478 0.0125 0.0322862 0.00584412
41 0.373047 0.213133 0.0132813 0.0296684 0.00559998
71 0.672656 0.365183 0.0421875 0.0183246 0.00559998
58 0.0731445 0.733857 0.0365234 0.0279232 0.00559998
40 0.663281 0.219459 0.015625 0.0445026 0.00559998
44 0.283594 0.297993 0.0132813 0.034904 0.00553513
40 0.538281 0.211169 0.0117188 0.0296684 0.00553513
39 0.0875 0.777487 0.0384766 0.0383944 0.00542831
68 0.539844 0.814791 0.0671875 0.213351 0.00542831
39 0.35625 0.214223 0.0148437 0.026178 0.00538635
39 0.417578 0.212914 0.0140625 0.0287958 0.00538635
40 0.767969 0.231239 0.015625 0.0645724 0.0053215
39 0.815625 0.21226 0.0171875 0.0296684 0.00527954
39 0.0892578 0.775742 0.0306641 0.0314136 0.00524139
13 0.876758 0.95288 0.240234 0.0663176 0.00524139
40 0.515625 0.249564 0.025 0.034904 0.00519943
40 0.383984 0.330061 0.0210938 0.0266143 0.00519943
73 0.917188 0.29363 0.021875 0.030541 0.00518036
41 0.416406 0.291449 0.0132813 0.0340314 0.00510025
40 0.744922 0.295375 0.015625 0.0244328 0.00503922
32 0.694531 0.896161 0.0234375 0.026178 0.00502014
39 0.885156 0.213787 0.0140625 0.026178 0.00500107
41 0.870313 0.253054 0.015625 0.0226876 0.00500107
73 0.305078 0.396161 0.0320312 0.0139616 0.00500107
39 0.935938 0.158759 0.021875 0.0446117 0.00498199
75 0.714063 0.261344 0.05 0.0575916 0.00498199
73 0.761328 0.361693 0.0617188 0.0279232 0.00498199
40 0.461719 0.219677 0.0171875 0.0501745 0.00494385
41 0.885156 0.213787 0.0140625 0.026178 0.00492477
72 0.427734 0.904014 0.132031 0.162304 0.00486755
0 0.546094 0.0962042 0.0703125 0.0794066 0.00482941
45 0.288477 0.0867147 0.0425781 0.0259599 0.00479126
39 0.443359 0.21466 0.0164063 0.0287958 0.00479126
54 0.714063 0.261126 0.05 0.0580279 0.00475693
39 0.705469 0.329407 0.0171875 0.0287958 0.00475693
41 0.781445 0.250654 0.0214844 0.0344677 0.00473785
72 0.129297 0.388198 0.224219 0.440009 0.959961
45 0.283398 0.336169 0.0699219 0.0353403 0.789062
74 0.546875 0.0948953 0.107813 0.122164 0.788086
58 0.910937 0.130236 0.0828125 0.100785 0.785156
75 0.367188 0.137435 0.05 0.0833333 0.511719
69 0.499219 0.450262 0.189844 0.298429 0.498047
39 0.162305 0.75349 0.0375 0.0907504 0.357666
58 0.846875 0.138743 0.05 0.0855148 0.354004
57 0.310937 0.831588 0.1125 0.298429 0.299805
71 0.878125 0.401832 0.2 0.104712 0.299072
58 0.081665 0.759599 0.0597168 0.0837696 0.235107
75 0.687891 0.144852 0.0289063 0.0693717 0.121704
72 0.0742188 0.751309 0.0837891 0.0994764 0.113586
62 0.770312 0.121073 0.120313 0.101222 0.0907593
75 0.845313 0.138743 0.05 0.0859511 0.0800781
75 0.29043 0.135689 0.0863281 0.08726 0.0786133
0 0.310937 0.831588 0.1125 0.298429 0.0758667
74 0.545313 0.295593 0.04375 0.0244328 0.0747681
45 0.458203 0.354276 0.0617188 0.0191972 0.072876
59 0.310742 0.832461 0.111719 0.296684 0.0726318
72 0.539844 0.815227 0.0671875 0.215969 0.0574951
41 0.33125 0.213351 0.0171875 0.0279232 0.0541992
40 0.504687 0.213351 0.01875 0.0331588 0.0534058
74 0.548438 0.0957679 0.0734375 0.0802792 0.0518494
56 0.310937 0.831588 0.1125 0.298429 0.0512695
58 0.0826172 0.735602 0.0525391 0.0279232 0.0488586
45 0.342969 0.358857 0.0757812 0.0362129 0.0481262
41 0.417969 0.212914 0.0140625 0.0287958 0.0474243
75 0.0894531 0.776614 0.03125 0.0322862 0.0463867
41 0.504687 0.213351 0.01875 0.0331588 0.0458679
41 0.748438 0.210733 0.015625 0.0253054 0.0440063
14 0.9 0.820244 0.0359375 0.0279232 0.0396423
41 0.518359 0.214442 0.01875 0.0283595 0.0390625
75 0.935938 0.15925 0.021875 0.0449389 0.0387573
40 0.605469 0.215096 0.01875 0.0270506 0.0387573
45 0.545313 0.338133 0.06875 0.0549738 0.0380249
41 0.430078 0.21466 0.0179687 0.026178 0.0379028
41 0.342187 0.215096 0.025 0.0248691 0.0375977
58 0.908594 0.111366 0.078125 0.0586824 0.037323
74 0.413281 0.151396 0.04375 0.056719 0.0370483
41 0.53125 0.214223 0.015625 0.030541 0.0363464
41 0.35625 0.213787 0.0148437 0.0270506 0.0360718
40 0.483984 0.214223 0.0148437 0.034904 0.035553
71 0.875195 0.378709 0.205859 0.069808 0.0342407
77 0.310937 0.834206 0.110937 0.296684 0.0337219
40 0.768359 0.213133 0.0164063 0.0287958 0.0334778
40 0.518359 0.214442 0.01875 0.0283595 0.032959
45 0.544531 0.295157 0.04375 0.0266143 0.032959
41 0.483984 0.214223 0.0148437 0.034904 0.0323486
40 0.484375 0.22055 0.0171875 0.0488656 0.0322266
41 0.443359 0.21466 0.0164063 0.0292321 0.0306702
41 0.935938 0.158322 0.021875 0.0446117 0.0305634
41 0.768359 0.213133 0.0164063 0.0287958 0.0289764
26 0.310937 0.831588 0.112891 0.294939 0.0288696
71 0.88125 0.367365 0.19375 0.0279232 0.0282135
74 0.714063 0.261126 0.05 0.0580279 0.0280151
71 0.476562 0.324607 0.115625 0.0462478 0.0273743
40 0.781445 0.213787 0.0183594 0.026178 0.0271759
74 0.649219 0.27596 0.0671875 0.0737347 0.0269623
41 0.553125 0.213787 0.0203125 0.0296684 0.0265503
74 0.770312 0.12151 0.120313 0.100349 0.0256653
40 0.79375 0.214223 0.015625 0.0244328 0.0255585
40 0.59375 0.213569 0.0171875 0.0309773 0.0254669
73 0.873242 0.830716 0.241016 0.296684 0.0253754
41 0.605469 0.215096 0.01875 0.0270506 0.0250854
75 0.903906 0.154941 0.0453125 0.0400305 0.024704
45 0.683594 0.40925 0.0359375 0.017452 0.0238647
41 0.79375 0.214223 0.015625 0.0244328 0.0236053
74 0.0888916 0.775305 0.0319824 0.0270506 0.0236053
41 0.842188 0.212478 0.0125 0.0279232 0.0235138
41 0.728906 0.212042 0.0242188 0.0279232 0.0227203
41 0.394141 0.210951 0.0164063 0.0248691 0.02211
45 0.291016 0.13438 0.0867188 0.0885689 0.0218658
71 0.875781 0.475567 0.204688 0.26178 0.0218658
71 0.664062 0.364311 0.0585938 0.0200698 0.0217743
45 0.684375 0.410995 0.04375 0.0183246 0.0217743
41 0.825 0.249564 0.025 0.0314136 0.0216217
16 0.310937 0.834206 0.110937 0.296684 0.0211182
41 0.342578 0.249127 0.0210938 0.030541 0.0208893
74 0.527344 0.106348 0.03125 0.0370855 0.0207977
41 0.781445 0.213787 0.0183594 0.026178 0.0205688
69 0.877344 0.475567 0.204688 0.263525 0.0202484
41 0.548438 0.213351 0.015625 0.0331588 0.0201721
41 0.815625 0.212478 0.0171875 0.0296684 0.0200958
40 0.417969 0.212914 0.0140625 0.0287958 0.0194244
40 0.694531 0.213351 0.025 0.0301047 0.0189819
41 0.59375 0.213569 0.0171875 0.0309773 0.0189056
40 0.503906 0.231239 0.01875 0.069808 0.0186157
39 0.845313 0.140052 0.05 0.0859511 0.0184021
75 0.544922 0.339878 0.0679687 0.0532286 0.0177765
40 0.855469 0.213351 0.0125 0.0296684 0.0177155
41 0.545703 0.295157 0.0429688 0.0235602 0.0176392
40 0.53125 0.214223 0.015625 0.030541 0.0175781
59 0.582812 0.944154 0.159375 0.0837696 0.0175781
41 0.385547 0.294939 0.021875 0.0235602 0.0175171
40 0.842188 0.212478 0.0125 0.0279232 0.0174408
71 0.713281 0.366492 0.0546875 0.0183246 0.0171051
41 0.751563 0.211169 0.0140625 0.0279232 0.016983
40 0.748438 0.210733 0.015625 0.0253054 0.0167847
40 0.607813 0.233639 0.025 0.0676265 0.0167236
41 0.344531 0.330716 0.0210938 0.0253054 0.0164032
32 0.753906 0.52356 0.0203125 0.0226876 0.016098
40 0.521094 0.232548 0.0273438 0.0689354 0.0159607
71 0.664062 0.359948 0.0625 0.0296684 0.0159607
40 0.491406 0.214223 0.0125 0.0357766 0.0154877
40 0.532031 0.232548 0.01875 0.069808 0.0152512
40 0.394141 0.210951 0.0164063 0.0248691 0.0147858
71 0.655078 0.362565 0.0664062 0.0244328 0.0147858
40 0.430078 0.21466 0.0179687 0.026178 0.0144501
41 0.570312 0.213351 0.0203125 0.030541 0.0144501
71 0.136426 0.809991 0.163086 0.0170157 0.014389
71 0.871094 0.366601 0.209375 0.0503927 0.0143356
41 0.515234 0.249564 0.0257812 0.0357766 0.0142822
40 0.385547 0.294939 0.021875 0.0235602 0.0140076
41 0.705469 0.329407 0.0171875 0.0287958 0.0140076
59 0.878125 0.476003 0.203125 0.263525 0.0137405
40 0.68125 0.213787 0.0171875 0.0314136 0.0136871
40 0.815625 0.212478 0.0171875 0.0296684 0.0135345
71 0.341797 0.357766 0.0703125 0.0314136 0.0134277
69 0.539844 0.815009 0.0679687 0.21466 0.0133743
41 0.378125 0.212042 0.01875 0.0253054 0.0133286
41 0.61875 0.215096 0.0171875 0.0292321 0.0131226
45 0.476562 0.328098 0.114063 0.0532286 0.0128708
41 0.4875 0.210733 0.0109375 0.0279232 0.012825
39 0.367188 0.137216 0.0492188 0.0837696 0.0126724
40 0.61875 0.215096 0.0171875 0.0292321 0.0126724
39 0.842188 0.212478 0.0125 0.0279232 0.0126724
41 0.855469 0.213351 0.0125 0.0296684 0.0125275
40 0.466797 0.25 0.0257812 0.034904 0.0125275
45 0.175977 0.846422 0.0332031 0.0139616 0.012291
75 0.875 0.152214 0.01875 0.0542103 0.0121918
15 0.310937 0.834206 0.110937 0.296684 0.0121918
41 0.463281 0.212478 0.0203125 0.0353403 0.0120544
40 0.385938 0.314136 0.0273438 0.0584642 0.0120544
71 0.713281 0.359948 0.059375 0.0270506 0.0120087
40 0.751563 0.211169 0.0140625 0.0279232 0.0119629
40 0.392969 0.294939 0.0171875 0.0235602 0.0118256
41 0.0888916 0.775305 0.0319824 0.0270506 0.0118256
41 0.591797 0.291449 0.0148437 0.0331588 0.0117798
40 0.570312 0.213351 0.0203125 0.030541 0.0116882
41 0.383984 0.330061 0.0210938 0.0266143 0.0116882
74 0.0881836 0.777487 0.0355469 0.0357766 0.0115509
41 0.332031 0.32897 0.0160156 0.0296684 0.0112915
71 0.4625 0.354712 0.05625 0.0200698 0.0112915
41 0.835938 0.212696 0.0125 0.0257417 0.011116
40 0.386719 0.219023 0.0328125 0.030541 0.0110703
71 0.115137 0.809773 0.106445 0.0157068 0.0110703
58 0.283984 0.33726 0.0710938 0.0340314 0.0108566
40 0.59375 0.231021 0.01875 0.0676265 0.0106125
40 0.548438 0.213351 0.015625 0.0331588 0.0105667
74 0.638281 0.748691 0.0359375 0.017452 0.0105667
40 0.728906 0.212042 0.0242188 0.0279232 0.0103683
40 0.384277 0.25 0.0345703 0.0410122 0.0103683
40 0.494531 0.230803 0.015625 0.069808 0.0103302
75 0.0873291 0.777487 0.0390137 0.0401396 0.0103302
58 0.878125 0.13438 0.021875 0.0676265 0.0102921
41 0.854688 0.248909 0.0125 0.0344677 0.0102921
40 0.688281 0.143488 0.0296875 0.0681719 0.01017
74 0.694141 0.896161 0.0242188 0.026178 0.0100937
40 0.463281 0.213351 0.021875 0.034904 0.0100555
41 0.309961 0.211606 0.0125 0.021815 0.00997162
71 0.761328 0.359511 0.0617188 0.0296684 0.00989532
74 0.531641 0.100131 0.0421875 0.0462478 0.00981903
40 0.33125 0.213351 0.0171875 0.0279232 0.00978088
40 0.503906 0.249564 0.01875 0.0401396 0.00978088
40 0.553125 0.213787 0.0203125 0.0296684 0.00967407
41 0.465625 0.249127 0.0234375 0.0340314 0.00967407
40 0.61875 0.219459 0.0171875 0.0418848 0.00955963
40 0.737109 0.234729 0.0414063 0.0737347 0.00941467
40 0.443359 0.21466 0.0164063 0.0292321 0.00930023
41 0.392969 0.294939 0.0171875 0.0235602 0.00930023
41 0.355078 0.249346 0.0140625 0.0327225 0.00923157
20 0.310156 0.833333 0.1125 0.298429 0.00912476
59 0.749219 0.832461 0.492188 0.296684 0.00908661
58 0.874219 0.140543 0.021875 0.078425 0.00905609
71 0.128906 0.808028 0.223438 0.0191972 0.00905609
41 0.181641 0.800175 0.0117188 0.0191972 0.00888062
41 0.538281 0.211606 0.0117188 0.0296684 0.00888062
40 0.577344 0.212914 0.0140625 0.0314136 0.00871277
40 0.867969 0.214223 0.015625 0.026178 0.00871277
59 0.876563 0.95288 0.240625 0.0663176 0.00871277
40 0.469531 0.268979 0.034375 0.0732984 0.00867462
71 0.687891 0.359293 0.208594 0.0388307 0.0086441
40 0.43125 0.234293 0.021875 0.0680628 0.00857544
41 0.842188 0.250873 0.0125 0.0357766 0.00857544
41 0.367188 0.137435 0.05 0.0833333 0.0085144
40 0.547656 0.22164 0.015625 0.0506108 0.0085144
40 0.378125 0.212042 0.01875 0.0253054 0.00847626
73 0.340234 0.358639 0.075 0.034904 0.00844574
40 0.835938 0.212696 0.0125 0.0257417 0.00841522
39 0.660156 0.219459 0.015625 0.0453752 0.00834656
41 0.429688 0.25 0.0226563 0.0401396 0.00834656
72 0.5 0.451134 0.190625 0.298429 0.00831604
71 0.619141 0.363002 0.0554687 0.0226876 0.00828552
69 0.485938 0.335079 0.135937 0.0671902 0.00828552
45 0.714453 0.260471 0.0507812 0.0575916 0.008255
45 0.903906 0.157068 0.046875 0.0440663 0.00800323
17 0.310156 0.833333 0.1125 0.298429 0.00800323
8 0.875781 0.954625 0.242188 0.0628272 0.00793457
40 0.559766 0.220768 0.0351562 0.0410122 0.0078125
41 0.845313 0.250436 0.0125 0.034904 0.0078125
71 0.698438 0.357984 0.0328125 0.0239965 0.00775528
45 0.0184082 0.798429 0.024707 0.0157068 0.00772476
40 0.417188 0.22164 0.0171875 0.0488656 0.00763702
40 0.607031 0.250218 0.028125 0.0401396 0.00763702
41 0.484375 0.22055 0.0171875 0.0488656 0.00757599
41 0.867969 0.214223 0.015625 0.026178 0.00754929
41 0.288086 0.0875873 0.0433594 0.0298866 0.00748825
75 0.162793 0.753927 0.0365234 0.0907504 0.00748825
41 0.0881836 0.777487 0.0355469 0.0357766 0.00746155
41 0.744922 0.295375 0.015625 0.0248691 0.00740433
69 0.496094 0.489092 0.179688 0.219023 0.00740433
40 0.735156 0.224258 0.0367188 0.0532286 0.00728989
41 0.491406 0.214223 0.0125 0.0357766 0.00725937
40 0.384766 0.223168 0.0328125 0.0244328 0.00725937
24 0.310742 0.832461 0.111719 0.296684 0.00723267
71 0.851562 0.366056 0.157813 0.0296684 0.00717545
74 0.56875 0.103621 0.0265625 0.0292321 0.00714874
40 0.682031 0.233421 0.021875 0.0715532 0.00714874
40 0.342187 0.215096 0.025 0.0248691 0.00712204
40 0.463672 0.290358 0.0226563 0.0301047 0.00709534
41 0.694531 0.213351 0.025 0.0301047 0.00703812
39 0.79375 0.214223 0.015625 0.0244328 0.0069313
41 0.405469 0.211606 0.0109375 0.030541 0.00679779
39 0.751563 0.211169 0.0140625 0.0279232 0.00669098
39 0.663281 0.219459 0.0148437 0.0440663 0.00669098
41 0.190234 0.800175 0.025 0.0191972 0.00661469
40 0.35625 0.213787 0.0148437 0.0270506 0.00653839
40 0.810938 0.212478 0.0125 0.0322862 0.0064888
41 0.857813 0.158868 0.01875 0.0452661 0.0064621
73 0.842188 0.212478 0.0125 0.0279232 0.00638962
40 0.592188 0.292321 0.0140625 0.0344677 0.00638962
40 0.479688 0.247818 0.0226563 0.0331588 0.00634003
40 0.708203 0.212914 0.0117188 0.0340314 0.00631332
41 0.909375 0.213787 0.0296875 0.034904 0.00629044
32 0.376563 0.521815 0.021875 0.0235602 0.00624084
40 0.405469 0.211606 0.0109375 0.030541 0.00621796
41 0.253125 0.257199 0.0195312 0.021815 0.00621796
39 0.53125 0.214223 0.015625 0.030541 0.00619125
73 0.223828 0.800175 0.0390625 0.0209424 0.00619125
41 0.329297 0.248255 0.0125 0.0331588 0.00605011
60 0.583203 0.945026 0.159375 0.0837696 0.00605011
74 0.5625 0.101003 0.040625 0.0619546 0.00602722
40 0.767969 0.231675 0.015625 0.065445 0.00602722
40 0.473438 0.254581 0.0359375 0.0488656 0.00602722
41 0.314648 0.213133 0.015625 0.030541 0.00600433
73 0.824219 0.248473 0.021875 0.0301047 0.00600433
41 0.507031 0.287958 0.01875 0.0270506 0.00600433
40 0.429688 0.25 0.0226563 0.0401396 0.00595856
40 0.4875 0.210733 0.0109375 0.0279232 0.00593567
41 0.463281 0.212042 0.0125 0.0322862 0.00582123
41 0.577344 0.212914 0.0140625 0.0314136 0.00570679
41 0.68125 0.213787 0.0171875 0.0314136 0.00570679
73 0.903125 0.15685 0.046875 0.0453752 0.00568771
41 0.373242 0.213133 0.0136719 0.0296684 0.00568771
41 0.514063 0.210297 0.01875 0.0270506 0.00568771
40 0.310742 0.219459 0.0152344 0.0401396 0.00564194
58 0.687891 0.143325 0.0320312 0.0680628 0.00561905
69 0.6875 0.359293 0.203125 0.0388307 0.00557709
41 0.178516 0.848168 0.025 0.0139616 0.00553513
71 0.854492 0.355585 0.175391 0.017452 0.00548935
39 0.0873291 0.777487 0.0390137 0.0401396 0.00547028
40 0.663281 0.219459 0.0148437 0.0440663 0.00544739
41 0.14043 0.799302 0.0123047 0.0191972 0.00538635
40 0.538281 0.211606 0.0117188 0.0296684 0.00534439
67 0.305078 0.396161 0.0320312 0.0139616 0.00524139
41 0.353711 0.32897 0.0125 0.0270506 0.00521851
74 0.55625 0.0801702 0.0359375 0.0399215 0.00518036
68 0.539844 0.814791 0.0679687 0.213351 0.00516129
71 0.83457 0.353839 0.121484 0.0139616 0.0051384
39 0.0894531 0.776614 0.03125 0.0322862 0.0051384
58 0.0763428 0.746946 0.0902832 0.109948 0.0051384
59 0.874219 0.832679 0.242188 0.299738 0.0051384
41 0.885156 0.213787 0.0140625 0.0270506 0.00511932
74 0.407813 0.883072 0.0226563 0.0209424 0.00508118
44 0.283789 0.297993 0.0136719 0.034904 0.0050621
74 0.546094 0.118237 0.0171875 0.0244328 0.00503922
41 0.870313 0.253054 0.015625 0.0231239 0.00500107
40 0.383984 0.330061 0.0210938 0.0266143 0.00500107
13 0.876563 0.95288 0.240625 0.0663176 0.00498199
39 0.35625 0.213787 0.0148437 0.0270506 0.0049057
72 0.877344 0.475567 0.204688 0.263525 0.00486755
41 0.416406 0.291449 0.0132813 0.0340314 0.00484848
39 0.417969 0.212914 0.0140625 0.0287958 0.00481033
40 0.515625 0.249564 0.0265625 0.034904 0.00473785
39 0.815625 0.212478 0.0171875 0.0296684 0.00471878
71 0.0943359 0.811518 0.0367188 0.0122164 0.00471878
41 0.780469 0.250654 0.021875 0.0344677 0.00469971
41 0.386719 0.219023 0.0328125 0.030541 0.00468063
40 0.744922 0.295375 0.015625 0.0248691 0.00468063
71 0.619922 0.357766 0.0570313 0.026178 0.00468063
71 0.738281 0.35733 0.0359375 0.0270506 0.00466537
41 0.329297 0.213351 0.0171875 0.0322862 0.0046463
72 0.427734 0.904014 0.132031 0.164049 0.00462723
39 0.885156 0.213787 0.0140625 0.0270506 0.00460815
41 0.875 0.153141 0.0203125 0.0545375 0.0045929
73 0.917188 0.293194 0.03125 0.0340314 0.00457382
41 0.340625 0.213569 0.0265625 0.0318499 0.00455475
41 0.291016 0.13438 0.0867188 0.0885689 0.00452042
39 0.935938 0.158759 0.021875 0.0446117 0.00450516
72 0.129297 0.388198 0.224219 0.440009 0.952637
45 0.283594 0.336387 0.0703125 0.0357766 0.78418
74 0.546484 0.0951134 0.107813 0.1226 0.778809
58 0.910937 0.130454 0.084375 0.101658 0.771973
69 0.499219 0.450153 0.190625 0.298647 0.486328
75 0.367188 0.137435 0.05 0.0833333 0.46875
58 0.846875 0.138689 0.0515625 0.0856239 0.325928
71 0.878125 0.402269 0.2 0.105585 0.319092
39 0.1625 0.75349 0.0375 0.0907504 0.310791
57 0.310547 0.832243 0.1125 0.29712 0.287842
58 0.0816406 0.759162 0.0599609 0.0837696 0.20813
72 0.0746582 0.751309 0.084668 0.100349 0.12085
75 0.687891 0.144906 0.0289063 0.069699 0.108215
62 0.770312 0.121073 0.120313 0.100785 0.0994873
75 0.845313 0.138962 0.05 0.0859511 0.0766602
0 0.310547 0.832243 0.1125 0.29712 0.0736694
74 0.545313 0.295375 0.04375 0.0244328 0.0675659
75 0.290234 0.135689 0.0859375 0.08726 0.0670776
59 0.310547 0.832461 0.111719 0.296684 0.0628052
45 0.458203 0.354276 0.0617188 0.0191972 0.058136
40 0.505078 0.213133 0.01875 0.0327225 0.0538025
41 0.33125 0.213351 0.0179687 0.0279232 0.0531921
56 0.310547 0.832243 0.1125 0.29712 0.0510864
45 0.342969 0.358857 0.0765625 0.0362129 0.0499573
41 0.417969 0.212914 0.0140625 0.0296684 0.0472412
74 0.548438 0.0957679 0.0734375 0.0802792 0.044342
41 0.505078 0.213133 0.01875 0.0327225 0.0441895
72 0.539844 0.815227 0.0671875 0.215969 0.0435181
41 0.748828 0.210733 0.0164063 0.0253054 0.0430298
41 0.430078 0.214878 0.0179687 0.0257417 0.0411377
41 0.341602 0.215096 0.0261719 0.0253054 0.0408325
58 0.0826172 0.735602 0.0527344 0.0287958 0.0408325
41 0.517969 0.214442 0.01875 0.0283595 0.0406799
75 0.935938 0.159195 0.021875 0.0446117 0.0397949
40 0.605469 0.215314 0.01875 0.0266143 0.0393372
74 0.413281 0.151396 0.04375 0.0571553 0.0389099
41 0.35625 0.213787 0.0148437 0.0270506 0.0384521
41 0.53125 0.214223 0.0164063 0.030541 0.0383301
71 0.874219 0.381763 0.20625 0.0759162 0.0381775
40 0.76875 0.213351 0.0171875 0.0287958 0.0375977
45 0.545313 0.338133 0.06875 0.0549738 0.0367737
75 0.0895508 0.776614 0.0320312 0.0331588 0.0359497
40 0.517969 0.214442 0.01875 0.0283595 0.0333252
40 0.483984 0.214223 0.0148437 0.034904 0.0332031
58 0.908594 0.111257 0.078125 0.0584642 0.032959
14 0.9 0.820244 0.0359375 0.0279232 0.032959
77 0.310937 0.834206 0.110937 0.296684 0.0319824
41 0.935938 0.158595 0.021875 0.0445026 0.0313721
41 0.76875 0.213351 0.0171875 0.0287958 0.0313721
40 0.484375 0.220768 0.0171875 0.0488656 0.0309143
40 0.78125 0.213787 0.01875 0.026178 0.0304413
40 0.79375 0.214223 0.015625 0.0248691 0.0304413
71 0.875781 0.475567 0.20625 0.26178 0.0304413
41 0.442969 0.21466 0.015625 0.0287958 0.0298767
74 0.714063 0.261126 0.05 0.0580279 0.0293121
71 0.88125 0.367365 0.19375 0.0279232 0.028656
41 0.483984 0.214223 0.0148437 0.034904 0.0284424
74 0.649219 0.27596 0.0671875 0.0737347 0.0282135
45 0.544922 0.295157 0.0429688 0.0266143 0.0279083
73 0.874219 0.830716 0.242188 0.298429 0.0275879
71 0.664062 0.363765 0.059375 0.0211606 0.0265503
71 0.476562 0.324607 0.117188 0.0462478 0.0261536
59 0.599219 0.944154 0.195312 0.08726 0.026062
40 0.59375 0.213569 0.0171875 0.0309773 0.0259552
41 0.79375 0.214223 0.015625 0.0248691 0.0256653
16 0.310937 0.834206 0.110937 0.296684 0.0250854
41 0.605469 0.215314 0.01875 0.0266143 0.0246124
75 0.903906 0.155105 0.0453125 0.0401396 0.0236969
74 0.0888916 0.774869 0.0319824 0.0270506 0.0236969
26 0.310937 0.831588 0.1125 0.294939 0.0236969
41 0.552344 0.213787 0.0203125 0.0296684 0.0236053
41 0.842188 0.212914 0.0125 0.0279232 0.0236053
45 0.29082 0.13449 0.0871094 0.0883508 0.0227203
41 0.78125 0.213787 0.01875 0.026178 0.0222931
71 0.708594 0.36562 0.0640625 0.021815 0.0214539
45 0.683594 0.40925 0.0359375 0.017452 0.0208893
41 0.815625 0.212478 0.0171875 0.0296684 0.0207977
74 0.527344 0.105803 0.03125 0.0366492 0.0207214
41 0.728906 0.212042 0.0242188 0.0279232 0.0207214
41 0.825781 0.248473 0.021875 0.0283595 0.0205688
41 0.548438 0.213569 0.015625 0.0327225 0.0204926
41 0.394531 0.211169 0.0164063 0.0253054 0.0200958
40 0.694531 0.213351 0.025 0.0296684 0.0199432
74 0.770312 0.12151 0.120313 0.0999127 0.0198669
40 0.503906 0.231239 0.01875 0.069808 0.0196381
41 0.385547 0.294939 0.021875 0.0235602 0.0190582
71 0.664062 0.359948 0.0625 0.0296684 0.0190582
41 0.342578 0.249127 0.0210938 0.030541 0.0187683
71 0.651563 0.362129 0.075 0.0253054 0.0183411
45 0.684375 0.410995 0.04375 0.017452 0.0179901
40 0.417969 0.212914 0.0140625 0.0296684 0.0178528
40 0.855469 0.213351 0.0125 0.0296684 0.0177765
41 0.59375 0.213569 0.0171875 0.0309773 0.0176392
41 0.751563 0.211169 0.0140625 0.0279232 0.0176392
40 0.842188 0.212914 0.0125 0.0279232 0.0175781
40 0.53125 0.214223 0.0164063 0.030541 0.0175171
40 0.607813 0.233421 0.025 0.0671902 0.0172424
71 0.713672 0.359511 0.0601563 0.0270506 0.016922
41 0.821875 0.249127 0.025 0.0322862 0.0168457
40 0.521094 0.232548 0.0273438 0.0680628 0.0167236
59 0.878125 0.476003 0.204688 0.264398 0.0166626
40 0.385547 0.294939 0.021875 0.0235602 0.0162201
32 0.753906 0.52356 0.0203125 0.0226876 0.0162201
40 0.748828 0.210733 0.0164063 0.0253054 0.016098
41 0.545703 0.295375 0.0429688 0.0235602 0.0160217
69 0.878125 0.475567 0.203125 0.264398 0.0155411
75 0.544922 0.339878 0.0679687 0.0532286 0.0153046
40 0.491016 0.214223 0.0132813 0.0362129 0.0152512
71 0.135547 0.809991 0.16875 0.0170157 0.0152512
40 0.532031 0.232548 0.01875 0.0693717 0.0151291
41 0.344141 0.330716 0.021875 0.0253054 0.0148392
39 0.845313 0.140052 0.05 0.0859511 0.0147324
71 0.341797 0.358202 0.0710938 0.0314136 0.0145035
40 0.68125 0.213569 0.0171875 0.0309773 0.0143356
40 0.815625 0.212478 0.0171875 0.0296684 0.0141144
40 0.392969 0.294939 0.0179687 0.0235602 0.014061
41 0.514844 0.249564 0.0265625 0.0357766 0.013588
40 0.385938 0.314136 0.028125 0.0584642 0.0134277
40 0.61875 0.215096 0.0171875 0.0292321 0.0133743
15 0.310937 0.834206 0.110937 0.296684 0.0133743
71 0.871094 0.366928 0.210938 0.0506108 0.0131683
40 0.430078 0.214878 0.0179687 0.0257417 0.0131226
41 0.384375 0.330061 0.021875 0.0266143 0.0130692
40 0.394531 0.211169 0.0164063 0.0253054 0.0127716
41 0.61875 0.215096 0.0171875 0.0292321 0.0127716
41 0.4875 0.211169 0.0109375 0.0279232 0.0125275
41 0.377734 0.212042 0.01875 0.0253054 0.0124283
40 0.751563 0.211169 0.0140625 0.0279232 0.0123825
71 0.700781 0.358202 0.0382813 0.0244328 0.0123825
71 0.115039 0.809773 0.105078 0.0157068 0.0123367
40 0.467969 0.25 0.028125 0.034904 0.0121918
71 0.714844 0.366492 0.0578125 0.017452 0.0121918
41 0.570312 0.213351 0.021875 0.030541 0.0120087
39 0.842188 0.212914 0.0125 0.0279232 0.0119171
41 0.855469 0.213351 0.0125 0.0296684 0.0118256
71 0.761719 0.359948 0.0625 0.030541 0.0117798
41 0.705469 0.329188 0.0171875 0.0283595 0.011734
75 0.875 0.152487 0.01875 0.0541012 0.0112915
69 0.539844 0.815009 0.0671875 0.21466 0.0112915
41 0.462891 0.212478 0.0203125 0.0353403 0.0112457
74 0.638281 0.748691 0.0359375 0.017452 0.0112
41 0.592188 0.291449 0.015625 0.0335951 0.0111618
39 0.367188 0.137216 0.0492188 0.0837696 0.0110321
45 0.175977 0.846422 0.0332031 0.0139616 0.0109863
40 0.59375 0.230803 0.01875 0.0671902 0.0108185
71 0.6875 0.359075 0.207813 0.039267 0.0107346
40 0.570312 0.213351 0.021875 0.030541 0.0106125
40 0.384766 0.250436 0.0351562 0.0401396 0.0106125
45 0.476562 0.328534 0.114063 0.0541012 0.0106125
41 0.0888916 0.774869 0.0319824 0.0270506 0.0104523
74 0.0880859 0.777487 0.0361328 0.0366492 0.0104065
40 0.548438 0.213569 0.015625 0.0327225 0.0103302
40 0.494531 0.230803 0.015625 0.069808 0.0103302
41 0.835938 0.212696 0.0140625 0.026178 0.0102921
71 0.462891 0.354712 0.0554687 0.0200698 0.0102921
41 0.392969 0.294939 0.0179687 0.0235602 0.0102081
71 0.619531 0.363002 0.05625 0.0226876 0.01017
40 0.503906 0.249564 0.01875 0.039267 0.0101318
40 0.386328 0.219023 0.0335938 0.030541 0.0100098
20 0.310156 0.833333 0.1125 0.298429 0.0100098
41 0.538281 0.211824 0.0117188 0.0301047 0.00989532
74 0.694141 0.896161 0.0242188 0.026178 0.00978088
40 0.728906 0.212042 0.0242188 0.0279232 0.00967407
71 0.12666 0.808028 0.235742 0.0191972 0.00967407
40 0.737109 0.234729 0.0414063 0.0737347 0.00955963
41 0.854688 0.248691 0.0125 0.0340314 0.00952148
59 0.749219 0.832461 0.492188 0.296684 0.00948334
41 0.310156 0.211169 0.0125 0.021815 0.00945282
74 0.532031 0.100349 0.0421875 0.0458115 0.0091629
40 0.463281 0.213351 0.021875 0.034904 0.00908661
59 0.876563 0.95288 0.240625 0.0645724 0.00898743
40 0.33125 0.213351 0.0179687 0.0279232 0.00894928
41 0.332422 0.329188 0.0167969 0.0296684 0.00894928
41 0.367188 0.137435 0.05 0.0833333 0.00891876
40 0.867188 0.214005 0.015625 0.026178 0.00891876
69 0.491016 0.335515 0.145313 0.0671902 0.00891876
40 0.470313 0.268761 0.0359375 0.0732984 0.00888062
40 0.687891 0.143488 0.0296875 0.0681719 0.00878143
41 0.466406 0.249346 0.025 0.0344677 0.00871277
40 0.552344 0.213787 0.0203125 0.0296684 0.00861359
40 0.577734 0.212914 0.0148437 0.0309773 0.00857544
58 0.283984 0.33726 0.0710938 0.0340314 0.00857544
75 0.087207 0.777487 0.0396484 0.0401396 0.00844574
71 0.851758 0.36551 0.158984 0.0298866 0.00837708
58 0.878125 0.133072 0.021875 0.0650087 0.00834656
41 0.355078 0.249564 0.0140625 0.0322862 0.00834656
67 0.305078 0.396161 0.0320312 0.0139616 0.00831604
40 0.442969 0.21466 0.015625 0.0287958 0.00828552
45 0.903906 0.157068 0.046875 0.0440663 0.008255
40 0.547656 0.219895 0.015625 0.0462478 0.00815582
41 0.842188 0.250873 0.0125 0.0357766 0.00812531
41 0.429688 0.25 0.0226563 0.0401396 0.00809479
73 0.340234 0.358639 0.075 0.0357766 0.00803375
40 0.60625 0.250218 0.028125 0.0397033 0.00800323
40 0.835938 0.212696 0.0140625 0.026178 0.00787354
41 0.0880859 0.777487 0.0361328 0.0366492 0.00787354
40 0.43125 0.234293 0.021875 0.0680628 0.00775528
41 0.867188 0.214005 0.015625 0.026178 0.00754929
41 0.181641 0.800175 0.0117188 0.0191972 0.00754929
60 0.582812 0.945026 0.159375 0.0837696 0.00746155
58 0.874219 0.140489 0.021875 0.078534 0.00728989
69 0.6875 0.359075 0.201563 0.039267 0.00728989
69 0.496484 0.489529 0.180469 0.21815 0.00723267
40 0.377734 0.212042 0.01875 0.0253054 0.00720596
40 0.682031 0.233421 0.021875 0.0715532 0.00717545
41 0.694531 0.213351 0.025 0.0296684 0.00709534
40 0.810938 0.212478 0.0125 0.0327225 0.00709534
41 0.745313 0.295375 0.015625 0.0248691 0.00709534
41 0.288281 0.0875873 0.04375 0.0298866 0.00703812
39 0.660156 0.219459 0.015625 0.0453752 0.00701141
45 0.714063 0.260471 0.0515625 0.0575916 0.00701141
40 0.560156 0.219895 0.034375 0.039267 0.00698471
59 0.874219 0.832679 0.242188 0.299738 0.0069313
40 0.735547 0.224913 0.0375 0.0541012 0.0069046
8 0.875781 0.954625 0.242188 0.0628272 0.0069046
40 0.417188 0.219895 0.0171875 0.0453752 0.0068779
40 0.464063 0.290358 0.0234375 0.0301047 0.0068779
40 0.472656 0.25349 0.0375 0.0462478 0.00682449
41 0.845313 0.250436 0.0125 0.034904 0.00679779
40 0.767969 0.231457 0.0171875 0.0650087 0.00669098
58 0.0834961 0.74171 0.0544922 0.0383944 0.00669098
17 0.310156 0.833333 0.1125 0.298429 0.00664139
39 0.79375 0.214223 0.015625 0.0248691 0.00656509
41 0.514063 0.210297 0.01875 0.0270506 0.00656509
24 0.310547 0.832461 0.111719 0.296684 0.00656509
71 0.854688 0.355585 0.175 0.0183246 0.00651169
40 0.341602 0.215096 0.0261719 0.0253054 0.0064621
41 0.491016 0.214223 0.0132813 0.0362129 0.0064621
32 0.376563 0.521815 0.021875 0.0235602 0.00638962
40 0.708594 0.212696 0.0125 0.0344677 0.00636292
41 0.25293 0.257417 0.0195312 0.021815 0.00636292
39 0.663281 0.219459 0.015625 0.0445026 0.00636292
40 0.385059 0.223168 0.0330078 0.0248691 0.00634003
41 0.484375 0.220768 0.0171875 0.0488656 0.00629044
40 0.4875 0.211169 0.0109375 0.0279232 0.00626373
41 0.507422 0.287958 0.01875 0.0270506 0.00621796
40 0.35625 0.213787 0.0148437 0.0270506 0.00612259
41 0.405469 0.211606 0.0109375 0.030541 0.00612259
40 0.479297 0.248255 0.0242188 0.0331588 0.00612259
39 0.53125 0.214223 0.0164063 0.030541 0.00605011
39 0.751563 0.211169 0.0140625 0.0279232 0.00605011
74 0.56875 0.103621 0.0265625 0.0287958 0.00602722
40 0.663281 0.219459 0.015625 0.0445026 0.00602722
73 0.842188 0.212914 0.0125 0.0279232 0.00600433
72 0.5 0.450698 0.190625 0.299302 0.00600433
40 0.538281 0.211824 0.0117188 0.0301047 0.00598145
71 0.739844 0.357766 0.040625 0.0270506 0.00593567
41 0.517969 0.213351 0.0234375 0.0331588 0.00591278
75 0.162793 0.753927 0.0369141 0.0907504 0.00582123
65 0.305078 0.396161 0.0320312 0.0139616 0.00577545
40 0.429688 0.25 0.0226563 0.0401396 0.00575256
41 0.909375 0.213787 0.0296875 0.034904 0.00570679
71 0.836133 0.353839 0.124609 0.0139616 0.00570679
45 0.0183838 0.798866 0.0247559 0.0157068 0.00568771
41 0.463281 0.212478 0.0125 0.0322862 0.00568771
41 0.857031 0.159195 0.01875 0.0446117 0.00564194
40 0.592578 0.292321 0.0148437 0.034904 0.00564194
41 0.190234 0.800175 0.025 0.0191972 0.00564194
41 0.68125 0.213569 0.0171875 0.0309773 0.00561905
71 0.620313 0.357766 0.0570313 0.026178 0.00557709
71 0.0945313 0.811518 0.0382813 0.0122164 0.0055542
41 0.373242 0.213133 0.0136719 0.0296684 0.00547028
40 0.405469 0.211606 0.0109375 0.030541 0.00547028
44 0.283984 0.297993 0.0140625 0.034904 0.00544739
73 0.824219 0.248473 0.021875 0.0301047 0.00534439
71 0.649219 0.357548 0.040625 0.0283595 0.00534439
39 0.087207 0.777487 0.0396484 0.0401396 0.00526047
41 0.314648 0.213351 0.0160156 0.030541 0.00524139
73 0.223633 0.800175 0.0390625 0.0209424 0.00524139
40 0.384375 0.330061 0.021875 0.0266143 0.00521851
74 0.562891 0.101222 0.0398437 0.0613002 0.00519943
41 0.178516 0.848168 0.0253906 0.0139616 0.0051384
40 0.310937 0.219459 0.015625 0.0401396 0.00511932
68 0.539844 0.815009 0.0679687 0.21466 0.00510025
41 0.577734 0.212914 0.0148437 0.0309773 0.00508118
39 0.35625 0.213787 0.0148437 0.0270506 0.00502014
41 0.885156 0.213787 0.0140625 0.0270506 0.00498199
32 0.694141 0.896161 0.0242188 0.026178 0.00498199
41 0.329492 0.248255 0.0128906 0.0331588 0.00496292
39 0.0895508 0.776614 0.0320312 0.0331588 0.00494385
40 0.517969 0.213351 0.0234375 0.0331588 0.00492477
39 0.417969 0.212914 0.0140625 0.0296684 0.0049057
41 0.29082 0.13449 0.0871094 0.0883508 0.00486755
13 0.876563 0.95288 0.240625 0.0645724 0.00486755
41 0.780469 0.250654 0.021875 0.0344677 0.00484848
41 0.544531 0.340314 0.0664062 0.0514834 0.00484848
58 0.9 0.110384 0.059375 0.0527923 0.00481033
74 0.407813 0.883072 0.0226563 0.0209424 0.00481033
71 0.871094 0.363874 0.189063 0.0366492 0.00479126
44 0.282422 0.294939 0.015625 0.0414485 0.00477219
58 0.687891 0.143325 0.0320312 0.0680628 0.00477219
72 0.0013916 0.756981 0.0027832 0.486038 0.00473785
72 0.427734 0.902269 0.132031 0.164049 0.00469971
74 0.557031 0.079952 0.034375 0.0390489 0.00462723
40 0.515234 0.25 0.0265625 0.034904 0.00462723
71 0.823438 0.351876 0.10625 0.0143979 0.00462723
44 0.283984 0.273997 0.0210938 0.0837696 0.00460815
41 0.416406 0.291449 0.0140625 0.0340314 0.00460815
71 0.872656 0.351222 0.171875 0.0157068 0.00460815
41 0.520312 0.29014 0.025 0.0253054 0.00455475
72 0.129492 0.388743 0.224219 0.440663 0.945801
74 0.546484 0.0951134 0.107813 0.1226 0.790527
45 0.283594 0.336387 0.0703125 0.0357766 0.786621
58 0.910937 0.130454 0.084375 0.101658 0.769043
69 0.499219 0.450262 0.190625 0.296684 0.523438
75 0.367188 0.137544 0.05 0.0831152 0.464844
71 0.878125 0.402269 0.2 0.105585 0.336426
58 0.846875 0.138689 0.05 0.0856239 0.317383
39 0.1625 0.753054 0.0375 0.0907504 0.29248
57 0.310742 0.832243 0.112109 0.29712 0.267334
58 0.0816406 0.759162 0.0601563 0.0837696 0.200562
72 0.0748047 0.751309 0.0851563 0.101222 0.11438
62 0.770312 0.121073 0.120313 0.100785 0.101562
75 0.687891 0.144906 0.0289063 0.069699 0.0987549
75 0.845313 0.138962 0.05 0.0863874 0.0734253
75 0.290234 0.135689 0.0859375 0.08726 0.0710449
0 0.310742 0.832243 0.112109 0.29712 0.0682983
74 0.545313 0.295375 0.04375 0.0244328 0.0614319
59 0.310547 0.832461 0.111719 0.296684 0.0544128
40 0.505469 0.213133 0.01875 0.0327225 0.0499573
45 0.342773 0.358857 0.0761719 0.0362129 0.0499573
41 0.331641 0.213351 0.0179687 0.0279232 0.0495911
45 0.458203 0.354276 0.0617188 0.0191972 0.0486755
56 0.310742 0.832243 0.112109 0.29712 0.0477905
74 0.548438 0.095877 0.0734375 0.0796248 0.0456848
41 0.417969 0.212914 0.0140625 0.0296684 0.0446777
41 0.505469 0.213133 0.01875 0.0327225 0.0417786
41 0.341211 0.215096 0.0265625 0.0253054 0.0405273
41 0.748828 0.210733 0.0164063 0.0253054 0.0403748
41 0.517969 0.214442 0.0195312 0.0283595 0.0402527
41 0.430078 0.214878 0.0179687 0.0257417 0.0397949
75 0.935938 0.158595 0.021875 0.0449389 0.0383301
41 0.53125 0.214442 0.015625 0.0301047 0.0377502
45 0.545313 0.338133 0.06875 0.0549738 0.0377502
58 0.0825928 0.735602 0.0531738 0.0296684 0.0374756
41 0.35625 0.213787 0.0148437 0.0270506 0.037323
74 0.413281 0.151396 0.04375 0.0571553 0.0370483
75 0.0896484 0.776614 0.0320312 0.0331588 0.0359497
72 0.539844 0.815009 0.0679687 0.21466 0.0358276
40 0.76875 0.213133 0.0171875 0.0287958 0.0352783
40 0.605469 0.215096 0.01875 0.026178 0.0347595
71 0.876758 0.475567 0.205859 0.26178 0.0325928
41 0.935938 0.158595 0.021875 0.0449389 0.0323486
58 0.908594 0.111257 0.078125 0.0584642 0.0319824
40 0.78125 0.213787 0.01875 0.026178 0.0314941
14 0.9 0.820244 0.0375 0.0279232 0.0313721
74 0.714063 0.261126 0.05 0.0580279 0.0310211
40 0.517969 0.214442 0.0195312 0.0283595 0.0309143
59 0.598437 0.944154 0.194531 0.08726 0.0305634
41 0.76875 0.213133 0.0171875 0.0287958 0.0301056
74 0.649219 0.276178 0.0671875 0.074171 0.0299835
40 0.79375 0.214223 0.015625 0.0253054 0.0298767
77 0.310937 0.833988 0.110937 0.29712 0.029541
40 0.483984 0.214223 0.0148437 0.034904 0.0287628
40 0.484375 0.221422 0.0171875 0.0506108 0.0280151
73 0.874219 0.830716 0.242188 0.298429 0.0279083
41 0.442969 0.21466 0.015625 0.0287958 0.0273743
71 0.882031 0.367365 0.195312 0.0279232 0.0269623
71 0.664062 0.363002 0.059375 0.0226876 0.0261536
41 0.79375 0.214223 0.015625 0.0253054 0.026062
74 0.0888916 0.774869 0.0319824 0.0270506 0.0257568
16 0.310937 0.833988 0.110937 0.29712 0.0254669
41 0.483984 0.214223 0.0148437 0.034904 0.025177
45 0.544922 0.295375 0.0429688 0.026178 0.0249939
41 0.842188 0.212914 0.0125 0.0279232 0.0248871
71 0.476562 0.324607 0.117188 0.0462478 0.0241394
41 0.78125 0.213787 0.01875 0.026178 0.0239563
45 0.290625 0.134599 0.0867188 0.0881326 0.0236053
71 0.70625 0.36562 0.0703125 0.021815 0.0233307
40 0.59375 0.213569 0.0171875 0.0309773 0.0232391
75 0.903906 0.154832 0.0453125 0.0402487 0.0231476
41 0.605469 0.215096 0.01875 0.026178 0.0227966
41 0.552344 0.213787 0.0203125 0.0296684 0.0226288
41 0.815625 0.212478 0.01875 0.030541 0.0222015
74 0.527344 0.105585 0.03125 0.0362129 0.0219421
71 0.713281 0.366492 0.0546875 0.0183246 0.0208893
41 0.825781 0.248255 0.021875 0.0279232 0.0200195
41 0.548438 0.213351 0.015625 0.0322862 0.0197906
40 0.503906 0.231239 0.01875 0.069808 0.0189819
71 0.664062 0.359511 0.0632813 0.030541 0.0188293
45 0.683594 0.40925 0.0359375 0.017452 0.0188293
41 0.385547 0.294939 0.0226563 0.0235602 0.0187683
41 0.394531 0.211169 0.0164063 0.0253054 0.018692
41 0.728906 0.212042 0.0242188 0.0279232 0.018692
71 0.648828 0.361693 0.08125 0.026178 0.018692
40 0.854688 0.213351 0.0125 0.0301047 0.0184784
71 0.713281 0.359729 0.0609375 0.0274869 0.0179901
40 0.842188 0.212914 0.0125 0.0279232 0.0177765
74 0.770312 0.12151 0.120313 0.0999127 0.0177155
26 0.310742 0.831588 0.1125 0.294939 0.0175171
40 0.694531 0.213351 0.025 0.0296684 0.0173798
59 0.878125 0.476003 0.204688 0.264398 0.0170441
41 0.751563 0.211169 0.0140625 0.0279232 0.0168457
41 0.59375 0.213569 0.0171875 0.0309773 0.0164642
40 0.53125 0.214442 0.015625 0.0301047 0.0161591
45 0.684375 0.410995 0.04375 0.0183246 0.016098
75 0.544922 0.33966 0.0679687 0.0536649 0.0160217
41 0.821875 0.249127 0.025 0.0322862 0.0158997
41 0.545703 0.295375 0.0429688 0.0235602 0.0158997
40 0.521094 0.232548 0.0273438 0.0680628 0.0158386
32 0.753906 0.52356 0.0203125 0.0226876 0.0158386
40 0.417969 0.212914 0.0140625 0.0296684 0.0154877
40 0.607422 0.233639 0.0257812 0.0676265 0.0153656
41 0.342578 0.249127 0.0214844 0.030541 0.0153046
71 0.341797 0.357766 0.0710938 0.0314136 0.0151291
69 0.878125 0.475567 0.203125 0.264398 0.0151291
40 0.385547 0.294939 0.0226563 0.0235602 0.0150146
71 0.135156 0.808901 0.171875 0.017452 0.0145035
40 0.815625 0.212478 0.01875 0.030541 0.014389
71 0.701953 0.358202 0.0414063 0.0253054 0.0139542
40 0.491406 0.214223 0.0140625 0.0357766 0.0138474
40 0.532031 0.232548 0.01875 0.0693717 0.0138474
40 0.748828 0.210733 0.0164063 0.0253054 0.0137405
71 0.871094 0.368237 0.2125 0.0541012 0.0131226
40 0.392969 0.294721 0.0179687 0.0239965 0.0130234
39 0.846094 0.140052 0.0484375 0.0859511 0.012825
41 0.344141 0.330716 0.021875 0.0253054 0.0125732
15 0.310937 0.833988 0.110937 0.29712 0.0125732
71 0.761328 0.359948 0.0632813 0.030541 0.0124283
41 0.384375 0.330061 0.021875 0.0266143 0.012291
40 0.68125 0.213569 0.0171875 0.0309773 0.012146
74 0.638281 0.748691 0.0359375 0.017452 0.0121002
41 0.514844 0.249564 0.0265625 0.0357766 0.0120544
40 0.61875 0.215096 0.0171875 0.0287958 0.0120087
41 0.61875 0.215096 0.0171875 0.0287958 0.0120087
40 0.385938 0.314136 0.028125 0.0584642 0.0120087
41 0.4875 0.210733 0.0101563 0.0279232 0.0120087
71 0.115527 0.809773 0.106055 0.0157068 0.0119171
41 0.854688 0.213351 0.0125 0.0301047 0.0116425
39 0.842188 0.212914 0.0125 0.0279232 0.0115967
41 0.377734 0.212042 0.01875 0.0257417 0.0114212
20 0.310156 0.833333 0.112109 0.298429 0.0113297
71 0.6875 0.359075 0.207813 0.039267 0.0112915
41 0.570312 0.213569 0.021875 0.0309773 0.0112
40 0.430078 0.214878 0.0179687 0.0257417 0.0111618
75 0.875 0.152487 0.01875 0.0541012 0.0109482
40 0.751563 0.211169 0.0140625 0.0279232 0.0109024
40 0.394531 0.211169 0.0164063 0.0253054 0.0108185
41 0.835938 0.212914 0.015625 0.026178 0.0108185
40 0.467969 0.250218 0.028125 0.034904 0.0106506
74 0.0880615 0.777487 0.0359863 0.0366492 0.0106125
69 0.539844 0.815009 0.0671875 0.21466 0.0105667
71 0.619531 0.362565 0.0570313 0.0235602 0.0104523
39 0.366797 0.137216 0.0492188 0.0837696 0.0103302
41 0.463281 0.213351 0.021875 0.034904 0.0102921
41 0.0888916 0.774869 0.0319824 0.0270506 0.01017
41 0.592188 0.291449 0.015625 0.0335951 0.0101318
41 0.392969 0.294721 0.0179687 0.0239965 0.0100098
41 0.538281 0.211824 0.0117188 0.0301047 0.00993347
40 0.384766 0.250218 0.0351562 0.0401396 0.00989532
71 0.462891 0.354494 0.0554687 0.0205061 0.00985718
67 0.305078 0.396161 0.0320312 0.0139616 0.00978088
59 0.749219 0.832461 0.492188 0.296684 0.00978088
40 0.59375 0.230803 0.01875 0.0671902 0.00974274
41 0.367188 0.137544 0.05 0.0831152 0.00967407
40 0.494531 0.231021 0.015625 0.0702443 0.00967407
45 0.176221 0.846422 0.0334961 0.0139616 0.00955963
74 0.694141 0.896161 0.0242188 0.026178 0.00955963
69 0.503906 0.336824 0.175 0.069808 0.00955963
74 0.532031 0.100131 0.0421875 0.0455934 0.00952148
69 0.6875 0.359075 0.203125 0.039267 0.00952148
40 0.867969 0.214223 0.0171875 0.026178 0.00948334
40 0.548438 0.213351 0.015625 0.0322862 0.00945282
40 0.570312 0.213569 0.021875 0.0309773 0.00933838
41 0.705469 0.329188 0.0179687 0.0283595 0.00933838
40 0.61875 0.219459 0.0171875 0.0418848 0.00930023
71 0.126172 0.808028 0.240625 0.0191972 0.00926971
59 0.876563 0.95288 0.240625 0.0645724 0.0091629
40 0.386328 0.218586 0.034375 0.0314136 0.00894928
40 0.503906 0.249564 0.0179687 0.039267 0.00891876
45 0.476953 0.32897 0.114844 0.0549738 0.00874329
41 0.854688 0.248691 0.0125 0.0340314 0.00871277
41 0.310156 0.211387 0.0125 0.021815 0.00861359
41 0.0880615 0.777487 0.0359863 0.0366492 0.00861359
71 0.850781 0.36562 0.159375 0.030541 0.00854492
40 0.737109 0.234729 0.0414063 0.0732984 0.0085144
72 0.00136719 0.752182 0.00273437 0.495637 0.00844574
75 0.087207 0.777487 0.0396484 0.0401396 0.00841522
45 0.903906 0.157068 0.046875 0.0440663 0.00834656
40 0.728906 0.212042 0.0242188 0.0279232 0.008255
40 0.835938 0.212914 0.015625 0.026178 0.00812531
40 0.470703 0.268979 0.0367188 0.0732984 0.00809479
41 0.867969 0.214223 0.0171875 0.026178 0.00793457
40 0.463281 0.213351 0.021875 0.034904 0.00790405
40 0.577734 0.212914 0.0148437 0.0309773 0.00772476
60 0.582812 0.944154 0.159375 0.0837696 0.00769424
41 0.466797 0.249346 0.025 0.0344677 0.00766754
41 0.332422 0.329407 0.0167969 0.0296684 0.00763702
41 0.288281 0.0874782 0.0433594 0.0296684 0.00757599
40 0.687891 0.143979 0.0304688 0.0693717 0.00751877
40 0.552344 0.213787 0.0203125 0.0296684 0.00751877
40 0.331641 0.213351 0.0179687 0.0279232 0.00748825
58 0.878125 0.133399 0.021875 0.0660995 0.00746155
58 0.283984 0.33726 0.0710938 0.0340314 0.00746155
59 0.875 0.832461 0.242188 0.300175 0.00740433
40 0.60625 0.250218 0.028125 0.0397033 0.00734711
40 0.547656 0.219459 0.015625 0.0462478 0.00728989
41 0.842188 0.250873 0.0125 0.0357766 0.00728989
41 0.181641 0.800175 0.0117188 0.0191972 0.00728989
41 0.429688 0.250218 0.0226563 0.0397033 0.00698471
40 0.810938 0.212478 0.0125 0.0322862 0.0069313
71 0.854688 0.355803 0.176563 0.0187609 0.0069313
8 0.875781 0.954625 0.242188 0.0628272 0.0069313
40 0.442969 0.21466 0.015625 0.0287958 0.0068512
45 0.714063 0.260471 0.0515625 0.0575916 0.00674438
65 0.305078 0.396161 0.0320312 0.0139616 0.00674438
41 0.514063 0.210297 0.01875 0.0270506 0.00669098
40 0.43125 0.234293 0.021875 0.0680628 0.00666809
17 0.310156 0.833333 0.112109 0.298429 0.00666809
73 0.340234 0.358639 0.075 0.0357766 0.00658798
40 0.767969 0.231675 0.0171875 0.065445 0.00656509
71 0.742578 0.357548 0.046875 0.0274869 0.00656509
41 0.355078 0.249564 0.0140625 0.0327225 0.0064888
41 0.694531 0.213351 0.025 0.0296684 0.00643921
58 0.0833008 0.742583 0.0548828 0.0410122 0.00643921
40 0.4875 0.210733 0.0101563 0.0279232 0.00638962
40 0.663281 0.219459 0.0148437 0.04363 0.00636292
41 0.745313 0.295375 0.015625 0.0244328 0.00634003
40 0.538281 0.211824 0.0117188 0.0301047 0.00634003
74 0.56875 0.103403 0.0265625 0.0287958 0.00626373
40 0.472656 0.254363 0.0375 0.047993 0.00619125
58 0.874219 0.140489 0.021875 0.078534 0.00616837
41 0.25293 0.257417 0.0195312 0.021815 0.00616837
40 0.560156 0.219895 0.034375 0.039267 0.00614548
39 0.660156 0.219459 0.015625 0.0453752 0.00609589
40 0.377734 0.212042 0.01875 0.0257417 0.006073
40 0.417188 0.220332 0.0171875 0.0458115 0.006073
71 0.836719 0.353403 0.126563 0.0139616 0.00598145
40 0.682031 0.233639 0.021875 0.0719895 0.00595856
69 0.496875 0.489529 0.18125 0.219023 0.00588989
40 0.735547 0.224913 0.0375 0.0541012 0.00584412
32 0.376563 0.521815 0.021875 0.0244328 0.00584412
40 0.464063 0.290358 0.0242188 0.0301047 0.00582123
39 0.79375 0.214223 0.015625 0.0253054 0.00577545
39 0.53125 0.214442 0.015625 0.0301047 0.00575256
41 0.845313 0.250436 0.0125 0.034904 0.00575256
41 0.507422 0.287958 0.01875 0.0270506 0.00566483
39 0.663281 0.219459 0.0148437 0.04363 0.00566483
24 0.310547 0.832461 0.111719 0.296684 0.00566483
41 0.491406 0.214223 0.0140625 0.0357766 0.00564194
40 0.385156 0.222949 0.0335938 0.0253054 0.00564194
41 0.290625 0.134599 0.0867188 0.0881326 0.00559998
71 0.649219 0.357548 0.0421875 0.0283595 0.00548935
71 0.620313 0.357766 0.0570313 0.026178 0.00547028
40 0.479297 0.248255 0.0242188 0.0331588 0.00544739
41 0.544531 0.340314 0.0671875 0.0514834 0.00544739
68 0.539844 0.815009 0.0679687 0.21466 0.00544739
41 0.405469 0.211606 0.0117188 0.030541 0.00542831
39 0.751563 0.211169 0.0140625 0.0279232 0.00542831
41 0.463281 0.212478 0.0125 0.0322862 0.00542831
39 0.087207 0.777487 0.0396484 0.0401396 0.00540543
40 0.708594 0.212914 0.0125 0.034904 0.00538635
74 0.563281 0.101331 0.0390625 0.0608639 0.00536346
40 0.341211 0.215096 0.0265625 0.0253054 0.00536346
41 0.190234 0.800175 0.025 0.0191972 0.00536346
41 0.484375 0.221422 0.0171875 0.0506108 0.00534439
72 0.5 0.451243 0.190625 0.299956 0.00534439
41 0.857031 0.159031 0.01875 0.0449389 0.00530243
71 0.0945313 0.811518 0.0386719 0.0122164 0.00524139
75 0.162793 0.753927 0.0369141 0.0907504 0.00516129
40 0.35625 0.213787 0.0148437 0.0270506 0.0051384
44 0.283984 0.297993 0.0140625 0.034904 0.0050621
74 0.407813 0.883072 0.0226563 0.0209424 0.0050621
41 0.68125 0.213569 0.0171875 0.0309773 0.00494385
39 0.0896484 0.776614 0.0320312 0.0331588 0.00494385
32 0.694141 0.896161 0.0242188 0.026178 0.00494385
41 0.373242 0.212914 0.0136719 0.0296684 0.0049057
41 0.909375 0.213787 0.0296875 0.034904 0.0049057
13 0.876563 0.95288 0.240625 0.0645724 0.0049057
40 0.429688 0.250218 0.0226563 0.0397033 0.00486755
73 0.223633 0.800175 0.0390625 0.0209424 0.00486755
72 0.427734 0.902269 0.132031 0.167539 0.00481033
74 0.557031 0.0800611 0.034375 0.039267 0.00477219
41 0.885156 0.213787 0.0140625 0.0270506 0.00477219
71 0.824219 0.351658 0.107813 0.0148342 0.00477219
71 0.871094 0.363438 0.190625 0.0375218 0.00477219
40 0.384375 0.330061 0.021875 0.0266143 0.00471878
39 0.35625 0.213787 0.0148437 0.0270506 0.00468063
41 0.178516 0.848168 0.0253906 0.0139616 0.00468063
40 0.405469 0.211606 0.0117188 0.030541 0.00466537
41 0.577734 0.212914 0.0148437 0.0309773 0.0046463
73 0.842188 0.212914 0.0125 0.0279232 0.00462723
40 0.592578 0.292321 0.0148437 0.034904 0.0045929
58 0.9 0.110275 0.05625 0.0527923 0.00457382
74 0.546094 0.118237 0.0171875 0.0244328 0.00457382
41 0.314648 0.213351 0.0160156 0.030541 0.00457382
71 0.872656 0.351222 0.173438 0.0165794 0.00457382
45 0.018335 0.798866 0.0247559 0.0157068 0.00457382
39 0.417969 0.212914 0.0140625 0.0296684 0.00455475
39 0.935938 0.159031 0.021875 0.0445026 0.00450516
40 0.310937 0.219459 0.015625 0.0401396 0.00450516
44 0.283984 0.274215 0.0210938 0.0837696 0.00448608
40 0.783594 0.230366 0.01875 0.0602094 0.00441742
41 0.810938 0.212478 0.0125 0.0322862 0.00436401
45 0.288672 0.0866056 0.0429688 0.0257417 0.00434875
41 0.329492 0.213569 0.0175781 0.0318499 0.00434875
41 0.780469 0.250654 0.021875 0.0344677 0.00429916
41 0.875 0.153141 0.0203125 0.0545375 0.00426483
41 0.520312 0.29014 0.025 0.0253054 0.0042305
71 0.142285 0.80541 0.140039 0.0226876 0.00419998
72 0.129492 0.388743 0.224219 0.440663 0.945312
74 0.546875 0.0951134 0.107813 0.1226 0.810547
45 0.283594 0.336387 0.0703125 0.0357766 0.786621
58 0.910937 0.130454 0.084375 0.101658 0.777344
69 0.499219 0.450153 0.190625 0.296902 0.542969
75 0.367188 0.137544 0.05 0.0831152 0.478516
71 0.878125 0.402269 0.2 0.106457 0.327637
58 0.846875 0.138743 0.05 0.0859511 0.320801
39 0.162402 0.753054 0.0376953 0.0907504 0.287842
57 0.310742 0.832243 0.112109 0.29712 0.262207
58 0.0816406 0.759162 0.0601563 0.0837696 0.190674
72 0.0752197 0.750436 0.0858887 0.101222 0.112
75 0.687891 0.144906 0.0289063 0.069699 0.101562
62 0.770312 0.120964 0.120313 0.101003 0.0980835
75 0.845313 0.138798 0.05 0.0862784 0.0710449
75 0.290234 0.135908 0.0859375 0.0868237 0.0705566
0 0.310742 0.832243 0.112109 0.29712 0.0618896
74 0.545313 0.295375 0.04375 0.0244328 0.0570679
45 0.342578 0.358857 0.0765625 0.0362129 0.0479431
41 0.331641 0.213351 0.0179687 0.0279232 0.0474243
59 0.310742 0.832461 0.111719 0.296684 0.0470886
56 0.310742 0.832243 0.112109 0.29712 0.0458679
74 0.548828 0.095877 0.0726563 0.0791885 0.0450134
41 0.417969 0.212696 0.0140625 0.0292321 0.0446777
45 0.458203 0.354276 0.0617188 0.0191972 0.0445251
40 0.505469 0.213133 0.01875 0.0327225 0.0437012
41 0.505469 0.213133 0.01875 0.0327225 0.041626
41 0.430078 0.21466 0.0179687 0.0253054 0.0401001
41 0.517969 0.214223 0.0195312 0.0287958 0.0401001
41 0.341016 0.215096 0.0269531 0.0253054 0.0394897
41 0.749219 0.210951 0.015625 0.0248691 0.0390625
45 0.545313 0.338133 0.06875 0.0549738 0.0390625
75 0.089624 0.776614 0.0320801 0.0331588 0.037323
41 0.53125 0.214223 0.015625 0.030541 0.0362244
72 0.539844 0.815009 0.0679687 0.21466 0.0362244
41 0.35625 0.213569 0.0148437 0.0270506 0.0358276
75 0.935938 0.158595 0.021875 0.0449389 0.035553
41 0.935938 0.158595 0.021875 0.0449389 0.0343628
59 0.598437 0.944154 0.19375 0.08726 0.0343628
74 0.413281 0.151396 0.04375 0.0571553 0.0339661
58 0.0826416 0.735602 0.0534668 0.0296684 0.0327148
74 0.714063 0.261344 0.05 0.0575916 0.0325928
58 0.908594 0.111257 0.078125 0.0580279 0.0323486
74 0.649219 0.276178 0.0671875 0.074171 0.0323486
40 0.76875 0.213133 0.0171875 0.0287958 0.0322266
77 0.311133 0.833988 0.110937 0.29712 0.0322266
40 0.78125 0.213787 0.01875 0.0266143 0.0307922
14 0.9 0.820244 0.0375 0.0279232 0.0306702
74 0.0888672 0.774869 0.0320312 0.0270506 0.0296478
71 0.876758 0.476003 0.205859 0.26178 0.0296478
40 0.605469 0.215096 0.01875 0.026178 0.029541
41 0.76875 0.213133 0.0171875 0.0287958 0.0293121
40 0.79375 0.214223 0.015625 0.0253054 0.0284424
40 0.517969 0.214223 0.0195312 0.0287958 0.0270691
16 0.311133 0.833988 0.110937 0.29712 0.0266571
41 0.442969 0.21466 0.015625 0.0287958 0.0264587
73 0.874219 0.830716 0.242188 0.298429 0.0261536
41 0.79375 0.214223 0.015625 0.0253054 0.0255585
41 0.841406 0.212914 0.0140625 0.0279232 0.0249939
71 0.882812 0.367365 0.196875 0.0279232 0.0247955
41 0.78125 0.213787 0.01875 0.0266143 0.024704
71 0.476562 0.324825 0.117188 0.0466841 0.0246124
45 0.290625 0.134708 0.0871094 0.0879145 0.0245209
41 0.483984 0.214223 0.0148437 0.034904 0.0245209
40 0.484375 0.221859 0.0171875 0.0514834 0.024231
40 0.483984 0.214223 0.0148437 0.034904 0.0240479
71 0.664062 0.362565 0.0601563 0.0235602 0.0235138
75 0.903906 0.155377 0.0453125 0.0409031 0.0234222
41 0.815625 0.212478 0.01875 0.030541 0.0231476
41 0.552344 0.213787 0.0203125 0.0296684 0.0225372
71 0.703125 0.365183 0.0765625 0.0226876 0.0225372
41 0.605469 0.215096 0.01875 0.026178 0.02211
45 0.544531 0.295375 0.04375 0.026178 0.0220337
74 0.527344 0.105476 0.03125 0.0362129 0.0216217
41 0.825781 0.248473 0.021875 0.0283595 0.0206451
40 0.59375 0.213351 0.0171875 0.030541 0.0201721
59 0.878125 0.47644 0.204688 0.264398 0.0192719
41 0.548438 0.213351 0.015625 0.0322862 0.0191956
71 0.713281 0.366601 0.0546875 0.0189791 0.0189056
41 0.394531 0.210951 0.0171875 0.0248691 0.0184784
41 0.385547 0.294939 0.0226563 0.0235602 0.0184021
71 0.646094 0.361147 0.0890625 0.0263962 0.0182648
45 0.683594 0.40925 0.0359375 0.017452 0.0179901
41 0.728906 0.212042 0.0234375 0.0279232 0.0177155
40 0.855469 0.213351 0.0125 0.0296684 0.0175171
71 0.713281 0.359729 0.0609375 0.0274869 0.0173798
74 0.770312 0.121291 0.121875 0.100349 0.0171051
40 0.503906 0.231239 0.01875 0.069808 0.0170441
75 0.544922 0.33966 0.0679687 0.0536649 0.016983
41 0.59375 0.213351 0.0171875 0.030541 0.0165863
40 0.841406 0.212914 0.0140625 0.0279232 0.0164032
41 0.545703 0.295157 0.0429688 0.0235602 0.0164032
41 0.751953 0.211169 0.0148437 0.0279232 0.0161591
41 0.821875 0.249127 0.025 0.0322862 0.0158386
32 0.753906 0.52356 0.0203125 0.0226876 0.0156708
71 0.341797 0.357766 0.0710938 0.0314136 0.0151291
69 0.878125 0.476003 0.203125 0.264398 0.0150757
45 0.684375 0.410995 0.04375 0.017452 0.0149002
41 0.342578 0.248909 0.0214844 0.0301047 0.0147324
40 0.694531 0.213351 0.025 0.0296684 0.0146713
26 0.310937 0.831588 0.1125 0.294939 0.0146713
40 0.521094 0.232548 0.028125 0.0684991 0.0140076
40 0.385547 0.294939 0.0226563 0.0235602 0.0139008
40 0.53125 0.214223 0.015625 0.030541 0.0138474
40 0.815625 0.212478 0.01875 0.030541 0.0136871
71 0.702344 0.358202 0.0421875 0.0253054 0.0136871
40 0.417969 0.212696 0.0140625 0.0292321 0.0134811
40 0.607422 0.233857 0.0257812 0.0680628 0.0134811
20 0.310156 0.833333 0.111719 0.298429 0.0131683
71 0.133887 0.808901 0.180273 0.017452 0.0131226
71 0.871094 0.371291 0.2125 0.0593368 0.0131226
41 0.514844 0.249564 0.0265625 0.0357766 0.0128708
74 0.638672 0.748691 0.0359375 0.017452 0.0127716
39 0.845313 0.139616 0.05 0.0855148 0.0125732
41 0.344141 0.330716 0.021875 0.0253054 0.0121002
15 0.311133 0.833988 0.110937 0.29712 0.0121002
41 0.384375 0.329843 0.021875 0.0270506 0.0120087
71 0.760938 0.359948 0.0640625 0.030541 0.0119629
41 0.61875 0.215096 0.0171875 0.0287958 0.0119171
40 0.532031 0.232548 0.01875 0.0693717 0.0119171
40 0.392969 0.294721 0.0179687 0.0239965 0.0118713
41 0.855469 0.213351 0.0125 0.0296684 0.0117798
40 0.491406 0.214223 0.0140625 0.0357766 0.011734
40 0.385938 0.314136 0.028125 0.0584642 0.011734
69 0.6875 0.359075 0.203125 0.039267 0.011734
40 0.749219 0.210951 0.015625 0.0248691 0.0115967
39 0.841406 0.212914 0.0140625 0.0279232 0.0115967
74 0.0880859 0.777487 0.0361328 0.0366492 0.0114212
71 0.687891 0.359293 0.208594 0.0397033 0.0114212
41 0.377734 0.212042 0.01875 0.0253054 0.0113297
41 0.835938 0.212696 0.0140625 0.026178 0.0112915
41 0.4875 0.210733 0.0101563 0.0279232 0.0112915
39 0.366797 0.137216 0.0492188 0.0837696 0.0112457
41 0.569922 0.213569 0.021875 0.0309773 0.0110321
41 0.367188 0.137544 0.05 0.0831152 0.0108566
75 0.875 0.152487 0.01875 0.0545375 0.0108185
41 0.463281 0.213351 0.021875 0.034904 0.0108185
67 0.305078 0.396161 0.0320312 0.0139616 0.0108185
71 0.114648 0.809773 0.114063 0.0157068 0.0107803
72 0.00133057 0.751745 0.00266113 0.49651 0.0106506
40 0.61875 0.215096 0.0171875 0.0287958 0.0105286
71 0.619531 0.362238 0.0578125 0.0242147 0.0104065
71 0.462891 0.354494 0.0554687 0.0205061 0.0103683
69 0.539844 0.815009 0.0671875 0.21466 0.0101318
40 0.68125 0.213351 0.0171875 0.030541 0.00993347
40 0.468359 0.250218 0.0289063 0.034904 0.00993347
41 0.0888672 0.774869 0.0320312 0.0270506 0.00989532
74 0.694141 0.896161 0.0242188 0.026178 0.00989532
59 0.748828 0.832461 0.492969 0.296684 0.00978088
69 0.503906 0.336606 0.175 0.0702443 0.00971222
41 0.592188 0.291449 0.015625 0.0331588 0.00967407
59 0.876563 0.95288 0.240625 0.0645724 0.00967407
40 0.430078 0.21466 0.0179687 0.0253054 0.00963593
41 0.392969 0.294721 0.0179687 0.0239965 0.00955963
41 0.538281 0.211824 0.0117188 0.0301047 0.00937653
40 0.384766 0.249782 0.0359375 0.0410122 0.00933838
74 0.532031 0.100022 0.0429688 0.0455934 0.00930023
40 0.751953 0.211169 0.0148437 0.0279232 0.00926971
40 0.867969 0.214005 0.0171875 0.026178 0.00923157
40 0.394531 0.210951 0.0171875 0.0248691 0.0091629
41 0.0880859 0.777487 0.0361328 0.0366492 0.0091629
41 0.288281 0.0874782 0.0433594 0.0296684 0.00898743
75 0.087207 0.777487 0.0396484 0.0401396 0.00881195
45 0.176221 0.846422 0.0334961 0.0139616 0.00881195
41 0.854688 0.248691 0.0125 0.0340314 0.00867462
40 0.59375 0.231239 0.01875 0.0680628 0.0086441
41 0.705469 0.329188 0.0179687 0.0283595 0.0086441
71 0.125977 0.808028 0.244922 0.0191972 0.0085144
45 0.903906 0.157068 0.046875 0.0440663 0.00841522
40 0.494531 0.231021 0.015625 0.0702443 0.00831604
40 0.618359 0.219677 0.0179687 0.0418848 0.00831604
41 0.867969 0.214005 0.0171875 0.026178 0.00828552
71 0.850195 0.36562 0.158984 0.0314136 0.00821686
40 0.548438 0.213351 0.015625 0.0322862 0.00818634
45 0.476953 0.32897 0.114844 0.0549738 0.00818634
60 0.583203 0.944154 0.159375 0.0837696 0.00818634
40 0.503906 0.249564 0.0179687 0.039267 0.00815582
41 0.310156 0.211169 0.0125 0.021815 0.00809479
17 0.310156 0.833333 0.111719 0.298429 0.00796509
40 0.835938 0.212696 0.0140625 0.026178 0.0078125
40 0.38584 0.218805 0.0345703 0.0314136 0.0078125
40 0.569922 0.213569 0.021875 0.0309773 0.00769424
40 0.737109 0.234729 0.0414063 0.074171 0.00760651
40 0.470703 0.268979 0.0367188 0.0732984 0.00757599
41 0.466797 0.249346 0.0257812 0.0344677 0.00754929
65 0.305078 0.396161 0.0320312 0.0139616 0.00751877
41 0.332422 0.329188 0.0167969 0.0296684 0.00743103
8 0.875781 0.954625 0.242188 0.0628272 0.00737381
41 0.181641 0.800175 0.0117188 0.0191972 0.00725937
41 0.842188 0.250873 0.0125 0.0357766 0.00709534
40 0.687891 0.143979 0.0304688 0.0693717 0.00701141
40 0.728906 0.212042 0.0234375 0.0279232 0.00701141
58 0.283984 0.33726 0.0710938 0.0340314 0.00701141
59 0.875 0.832461 0.242188 0.300175 0.00701141
71 0.854883 0.355585 0.177734 0.0191972 0.0069046
58 0.878125 0.133944 0.021875 0.0671902 0.0068779
45 0.714063 0.260471 0.0515625 0.0575916 0.0068779
40 0.463281 0.213351 0.021875 0.034904 0.0068512
71 0.870313 0.361693 0.20625 0.0410122 0.00679779
41 0.429688 0.25 0.0226563 0.0401396 0.00674438
41 0.290625 0.134708 0.0871094 0.0879145 0.00666809
40 0.60625 0.250436 0.028125 0.039267 0.00664139
40 0.577734 0.212914 0.0148437 0.0309773 0.00651169
71 0.742969 0.357548 0.0484375 0.0274869 0.00651169
40 0.810938 0.212478 0.0125 0.0327225 0.0064621
41 0.514063 0.210297 0.01875 0.0270506 0.00643921
40 0.767969 0.232112 0.0171875 0.0663176 0.00638962
40 0.331641 0.213351 0.0179687 0.0279232 0.00634003
40 0.538281 0.211824 0.0117188 0.0301047 0.00626373
74 0.56875 0.103512 0.0265625 0.029014 0.00624084
40 0.552344 0.213787 0.0203125 0.0296684 0.00621796
40 0.663281 0.219023 0.0148437 0.0427574 0.00616837
40 0.547656 0.219459 0.015625 0.0458115 0.00614548
41 0.745313 0.295375 0.015625 0.0248691 0.00612259
41 0.544531 0.340314 0.0671875 0.0514834 0.00612259
41 0.355078 0.249564 0.0140625 0.0322862 0.00609589
41 0.694531 0.213351 0.025 0.0296684 0.00605011
41 0.25293 0.257417 0.0195312 0.021815 0.00605011
40 0.4875 0.210733 0.0101563 0.0279232 0.00593567
71 0.835938 0.353403 0.126563 0.0143979 0.00591278
73 0.340234 0.358639 0.075 0.0357766 0.00591278
40 0.442969 0.21466 0.015625 0.0287958 0.005867
40 0.43125 0.234293 0.021875 0.0680628 0.005867
58 0.0833008 0.742583 0.0550781 0.0401396 0.00582123
39 0.53125 0.214223 0.015625 0.030541 0.00572968
40 0.472656 0.25349 0.0375 0.0462478 0.00572968
32 0.376563 0.521815 0.021875 0.0244328 0.00572968
68 0.539844 0.815009 0.0679687 0.21466 0.00572968
41 0.845313 0.250654 0.0125 0.034904 0.00570679
41 0.85625 0.158868 0.01875 0.0452661 0.00568771
39 0.659766 0.219459 0.015625 0.0453752 0.00568771
39 0.087207 0.777487 0.0396484 0.0401396 0.00568771
41 0.507422 0.287958 0.01875 0.0270506 0.00566483
39 0.79375 0.214223 0.015625 0.0253054 0.00564194
72 0.5 0.450698 0.190625 0.300175 0.00551224
74 0.407813 0.883072 0.0226563 0.0209424 0.00544739
41 0.491406 0.214223 0.0140625 0.0357766 0.00542831
40 0.417188 0.221204 0.0171875 0.0475567 0.00542831
24 0.310742 0.832461 0.111719 0.296684 0.00542831
40 0.464063 0.290358 0.0242188 0.0301047 0.00534439
71 0.620313 0.357766 0.0578125 0.026178 0.00534439
39 0.751953 0.211169 0.0148437 0.0279232 0.00530243
71 0.65 0.357548 0.04375 0.0283595 0.00530243
75 0.162695 0.753927 0.0371094 0.0907504 0.00526047
74 0.563281 0.101658 0.0390625 0.061082 0.00521851
41 0.463281 0.212478 0.0125 0.0322862 0.00521851
69 0.496484 0.489529 0.18125 0.219023 0.00519943
58 0.874219 0.140543 0.021875 0.078425 0.00516129
40 0.377734 0.212042 0.01875 0.0253054 0.00516129
40 0.560156 0.220113 0.0351562 0.0397033 0.00511932
41 0.484375 0.221859 0.0171875 0.0514834 0.00510025
40 0.682422 0.233857 0.0226563 0.0724258 0.0050621
40 0.735547 0.225349 0.0375 0.0549738 0.0050621
39 0.663281 0.219023 0.0148437 0.0427574 0.0050621
41 0.405469 0.211606 0.0109375 0.030541 0.00503922
41 0.190234 0.800175 0.025 0.0191972 0.00503922
13 0.876563 0.95288 0.240625 0.0645724 0.00502014
39 0.089624 0.776614 0.0320801 0.0331588 0.00498199
72 0.427441 0.902269 0.132617 0.167539 0.00496292
40 0.478906 0.248255 0.025 0.0331588 0.00488663
19 0.310156 0.833333 0.111719 0.298429 0.00484848
44 0.283984 0.297993 0.0140625 0.034904 0.00482941
71 0.823633 0.351658 0.108984 0.0148342 0.00481033
45 0.288672 0.0866056 0.0429688 0.0257417 0.00479126
32 0.694141 0.896161 0.0242188 0.026178 0.00479126
41 0.373242 0.212914 0.0136719 0.0296684 0.00477219
58 0.9 0.110275 0.05625 0.0527923 0.00471878
41 0.885156 0.213787 0.0140625 0.0270506 0.00469971
40 0.782617 0.231239 0.0191406 0.0619546 0.00469971
73 0.223633 0.800175 0.0390625 0.0209424 0.00469971
41 0.903125 0.15745 0.046875 0.0463569 0.00468063
39 0.935938 0.159031 0.021875 0.0445026 0.00468063
74 0.55625 0.0804974 0.0359375 0.0401396 0.00462723
74 0.546094 0.118237 0.0171875 0.0244328 0.00462723
40 0.708594 0.212914 0.0125 0.034904 0.00462723
41 0.875 0.153141 0.0203125 0.0545375 0.00460815
40 0.341016 0.215096 0.0269531 0.0253054 0.00457382
39 0.417969 0.212696 0.0140625 0.0292321 0.00452042
41 0.909375 0.213787 0.0296875 0.034904 0.00452042
40 0.384375 0.329843 0.021875 0.0270506 0.00452042
39 0.35625 0.213569 0.0148437 0.0270506 0.00450516
44 0.283984 0.273997 0.0210938 0.0837696 0.00445175
71 0.094043 0.811518 0.0392578 0.0122164 0.00445175
41 0.577734 0.212914 0.0148437 0.0309773 0.00441742
41 0.520312 0.29014 0.025 0.0253054 0.00438309
41 0.68125 0.213351 0.0171875 0.030541 0.00436401
58 0.687891 0.143488 0.0320312 0.0681719 0.00432968
40 0.35625 0.213569 0.0148437 0.0270506 0.00431442
40 0.429688 0.25 0.0226563 0.0401396 0.00429916
71 0.872656 0.351222 0.173438 0.0165794 0.00428009
41 0.178516 0.848168 0.0253906 0.0139616 0.00426483
41 0.329492 0.213569 0.0175781 0.0318499 0.00424957
41 0.810938 0.212478 0.0125 0.0327225 0.00424957
41 0.314648 0.213133 0.0160156 0.0301047 0.0042305
54 0.714063 0.261344 0.05 0.0575916 0.00418091
74 0.684375 0.410995 0.04375 0.017452 0.00418091
45 0.018335 0.798866 0.0248535 0.0157068 0.00418091
73 0.841406 0.212914 0.0140625 0.0279232 0.00416565
40 0.592578 0.292321 0.0148437 0.034904 0.00411606
71 0.503125 0.36082 0.185938 0.0296684 0.00408554
72 0.129492 0.388743 0.224609 0.440663 0.944824
74 0.546875 0.0952225 0.107813 0.122382 0.831055
45 0.283789 0.336387 0.0707031 0.0357766 0.791992
58 0.910937 0.130236 0.084375 0.101658 0.782715
69 0.499219 0.450153 0.191406 0.296902 0.588867
75 0.367188 0.137544 0.05 0.0831152 0.490234
71 0.878125 0.402269 0.2 0.106457 0.327637
58 0.846875 0.138743 0.0515625 0.0855148 0.313965
39 0.162402 0.753054 0.0376953 0.0907504 0.299072
57 0.310742 0.832243 0.112109 0.29712 0.265869
58 0.0816162 0.759162 0.0602051 0.0837696 0.183594
75 0.688281 0.144852 0.0296875 0.0693717 0.10968
62 0.770312 0.120855 0.120313 0.101222 0.108948
72 0.0752197 0.750436 0.0862793 0.101222 0.108215
75 0.845313 0.138798 0.05 0.0862784 0.0703125
75 0.290234 0.135908 0.0859375 0.0868237 0.069519
74 0.545313 0.295375 0.04375 0.0244328 0.0541992
0 0.310742 0.832243 0.112109 0.29712 0.0535889
41 0.331836 0.213351 0.0183594 0.0279232 0.053009
45 0.342578 0.358857 0.0765625 0.0362129 0.0520325
41 0.417969 0.212696 0.0140625 0.0292321 0.0481262
41 0.505469 0.213133 0.01875 0.0327225 0.0450134
56 0.310742 0.832243 0.112109 0.29712 0.0446777
74 0.548828 0.095877 0.0726563 0.0787522 0.0440063
40 0.505469 0.213133 0.01875 0.0327225 0.0437012
45 0.458203 0.354276 0.0617188 0.0191972 0.0435181
41 0.341016 0.215096 0.0273438 0.0253054 0.0433655
41 0.517969 0.214223 0.0203125 0.0287958 0.0428772
41 0.430078 0.214878 0.0179687 0.0257417 0.0423889
45 0.545313 0.338133 0.06875 0.0549738 0.0423889
41 0.749219 0.210951 0.015625 0.0248691 0.0419312
59 0.310937 0.832461 0.111719 0.296684 0.0408325
59 0.598437 0.944154 0.194531 0.08726 0.0399475
41 0.35625 0.213569 0.0148437 0.0270506 0.0393372
41 0.53125 0.214223 0.0164063 0.030541 0.0386047
75 0.0895508 0.777051 0.0322266 0.0331588 0.0380249
41 0.935938 0.158595 0.021875 0.0449389 0.0363464
77 0.311328 0.833988 0.110937 0.29712 0.0362244
72 0.539844 0.815009 0.0679687 0.21466 0.0350037
75 0.935938 0.158595 0.021875 0.0449389 0.0339661
40 0.76875 0.213351 0.0171875 0.0287958 0.0330811
74 0.649219 0.276178 0.0671875 0.074171 0.0330811
74 0.413281 0.151396 0.04375 0.0571553 0.032959
58 0.908594 0.111038 0.078125 0.0580279 0.0325928
14 0.9 0.820244 0.0375 0.0279232 0.0324707
40 0.78125 0.213787 0.01875 0.0266143 0.0323486
74 0.714063 0.261126 0.05 0.0580279 0.0321045
41 0.76875 0.213351 0.0171875 0.0287958 0.0319824
71 0.875781 0.476003 0.20625 0.26178 0.0313721
74 0.0888428 0.774869 0.0320801 0.0270506 0.0309143
58 0.0825928 0.735602 0.0535645 0.0296684 0.0299835
40 0.79375 0.214223 0.015625 0.0253054 0.0296478
16 0.311328 0.832679 0.111719 0.299738 0.0294189
40 0.605469 0.215096 0.01875 0.026178 0.0288696
41 0.442969 0.21466 0.015625 0.0287958 0.0279083
41 0.79375 0.214223 0.015625 0.0253054 0.0269623
71 0.476562 0.324825 0.117188 0.0466841 0.0269623
40 0.517969 0.214223 0.0203125 0.0287958 0.0268555
41 0.78125 0.213787 0.01875 0.0266143 0.0268555
45 0.290625 0.134817 0.0871094 0.0876963 0.0266571
41 0.841406 0.212914 0.0140625 0.0279232 0.0266571
41 0.483984 0.214223 0.0148437 0.0340314 0.0263519
71 0.882812 0.367365 0.196875 0.0287958 0.0261536
41 0.815625 0.212478 0.01875 0.030541 0.0259552
41 0.825 0.249564 0.025 0.030541 0.0249939
41 0.552344 0.213787 0.0203125 0.0296684 0.0243378
40 0.484375 0.22164 0.0171875 0.0510471 0.024231
40 0.483984 0.214223 0.0148437 0.0340314 0.0237732
41 0.605469 0.215096 0.01875 0.026178 0.0233307
71 0.664062 0.362129 0.0609375 0.0244328 0.0229797
75 0.903906 0.155323 0.0453125 0.0410122 0.0228882
73 0.874219 0.830716 0.242188 0.298429 0.0226288
71 0.703125 0.365183 0.0765625 0.0226876 0.0223694
59 0.878125 0.47644 0.204688 0.264398 0.0223694
74 0.527344 0.105366 0.03125 0.0357766 0.0212097
45 0.544531 0.295375 0.04375 0.026178 0.0212097
41 0.548438 0.213351 0.015625 0.0322862 0.0206451
40 0.59375 0.213569 0.0171875 0.030541 0.02034
41 0.394531 0.210951 0.0164063 0.0248691 0.0197144
41 0.385547 0.294939 0.0226563 0.0235602 0.0197144
41 0.728906 0.212042 0.0242188 0.0274869 0.0191956
71 0.644531 0.361257 0.0921875 0.0270506 0.018692
41 0.59375 0.213569 0.0171875 0.030541 0.0179901
40 0.855469 0.213351 0.0125 0.0296684 0.0179901
71 0.713281 0.366601 0.0546875 0.0189791 0.0178528
75 0.544922 0.33966 0.0679687 0.0536649 0.0177155
45 0.683594 0.408813 0.0359375 0.017452 0.0175781
41 0.751563 0.211169 0.0140625 0.0270506 0.0175171
41 0.545703 0.295157 0.0429688 0.0235602 0.0174408
58 0.0810303 0.73822 0.0578613 0.0401396 0.0173798
40 0.503906 0.231239 0.01875 0.069808 0.0172424
41 0.342578 0.248909 0.021875 0.0301047 0.0170441
71 0.713281 0.359729 0.0617188 0.0274869 0.0170441
40 0.841406 0.212914 0.0140625 0.0279232 0.0166626
74 0.770312 0.121182 0.121875 0.100131 0.0159607
71 0.341797 0.357766 0.0710938 0.0314136 0.0155411
69 0.878125 0.476003 0.203125 0.264398 0.0152512
41 0.514844 0.249564 0.0265625 0.0357766 0.0150146
45 0.684375 0.410995 0.04375 0.017452 0.0149002
32 0.753906 0.52356 0.0203125 0.0226876 0.0147324
40 0.694531 0.213351 0.025 0.0296684 0.0146713
40 0.385547 0.294939 0.0226563 0.0235602 0.0146179
20 0.310156 0.833333 0.111719 0.298429 0.0145035
39 0.845313 0.139616 0.05 0.0850785 0.0142822
69 0.6875 0.359293 0.203125 0.0397033 0.0141754
40 0.815625 0.212478 0.01875 0.030541 0.014061
40 0.520703 0.232548 0.028125 0.0680628 0.0139542
41 0.344141 0.330716 0.021875 0.0253054 0.0139008
71 0.702344 0.358202 0.04375 0.0253054 0.0137405
40 0.53125 0.214223 0.0164063 0.030541 0.0135345
71 0.870117 0.372164 0.212891 0.0619546 0.0135345
40 0.417969 0.212696 0.0140625 0.0292321 0.0133743
40 0.607813 0.233857 0.0265625 0.0680628 0.0133743
71 0.13291 0.808901 0.183398 0.017452 0.0133743
41 0.384375 0.329843 0.021875 0.0270506 0.0133286
40 0.385938 0.314136 0.028125 0.0584642 0.0131683
41 0.61875 0.215096 0.0171875 0.0287958 0.0130692
72 0.00129395 0.750873 0.00258789 0.498255 0.0130234
74 0.638672 0.748691 0.0359375 0.0183246 0.01297
41 0.855469 0.213351 0.0125 0.0296684 0.0128708
26 0.310937 0.831588 0.1125 0.294939 0.0127716
71 0.760938 0.359948 0.0640625 0.030541 0.0126724
39 0.366797 0.137216 0.0492188 0.0837696 0.012291
40 0.393359 0.294503 0.0179687 0.0239965 0.012291
15 0.311328 0.833988 0.110937 0.29712 0.0122375
41 0.378027 0.211824 0.0189453 0.0253054 0.0121918
41 0.835938 0.212696 0.0140625 0.026178 0.0121002
39 0.841406 0.212914 0.0140625 0.0279232 0.0120087
41 0.367188 0.137544 0.05 0.0831152 0.0119629
41 0.463281 0.213351 0.021875 0.034904 0.0119629
41 0.288281 0.08726 0.0433594 0.0296684 0.0117798
41 0.569531 0.213569 0.021875 0.030541 0.0117798
74 0.0880859 0.777487 0.0363281 0.0366492 0.0117798
41 0.4875 0.210951 0.0109375 0.0274869 0.0117798
40 0.491406 0.214223 0.0140625 0.0357766 0.0116882
40 0.532031 0.232548 0.01875 0.0689354 0.0115051
67 0.305078 0.396161 0.0320312 0.0139616 0.0113754
71 0.114063 0.809773 0.117188 0.0157068 0.0111618
71 0.687891 0.359293 0.208594 0.0397033 0.0111618
71 0.4625 0.354494 0.05625 0.0205061 0.0110703
71 0.619531 0.362129 0.0578125 0.0244328 0.0109024
59 0.748828 0.832461 0.492969 0.296684 0.0108566
40 0.749219 0.210951 0.015625 0.0248691 0.0108185
40 0.46875 0.250218 0.0296875 0.034904 0.0107803
69 0.503906 0.336824 0.175781 0.0706806 0.0107803
40 0.61875 0.215096 0.0171875 0.0287958 0.0105667
40 0.385156 0.25 0.0359375 0.0410122 0.0104523
75 0.875 0.152214 0.01875 0.0542103 0.0103683
41 0.854688 0.248909 0.0125 0.0344677 0.0102081
41 0.393359 0.294503 0.0179687 0.0239965 0.0101318
41 0.592188 0.291449 0.015625 0.0335951 0.0100937
69 0.539844 0.815009 0.0671875 0.21466 0.0100555
41 0.0888428 0.774869 0.0320801 0.0270506 0.0100098
74 0.694141 0.896161 0.0242188 0.026178 0.0100098
41 0.0880859 0.777487 0.0363281 0.0366492 0.00985718
59 0.876563 0.95288 0.240625 0.0645724 0.00985718
41 0.538281 0.212042 0.0117188 0.030541 0.00978088
41 0.310156 0.211169 0.0125 0.021815 0.00974274
40 0.68125 0.213351 0.0171875 0.030541 0.00974274
40 0.867969 0.214005 0.0171875 0.026178 0.00967407
41 0.705469 0.329407 0.0179687 0.0279232 0.00955963
40 0.430078 0.214878 0.0179687 0.0257417 0.00941467
17 0.310156 0.833333 0.111719 0.298429 0.00933838
41 0.867969 0.214005 0.0171875 0.026178 0.00912476
45 0.176221 0.846422 0.0334961 0.0139616 0.00908661
40 0.751563 0.211169 0.0140625 0.0270506 0.00905609
75 0.087207 0.777487 0.0398437 0.0401396 0.00905609
71 0.85 0.36562 0.159375 0.0314136 0.00898743
40 0.394531 0.210951 0.0164063 0.0248691 0.00891876
71 0.125586 0.807592 0.246484 0.0200698 0.00888062
74 0.532031 0.0999127 0.0429688 0.0453752 0.0088501
40 0.59375 0.230803 0.01875 0.0671902 0.00878143
60 0.583203 0.944154 0.159375 0.0837696 0.00878143
45 0.903906 0.157068 0.046875 0.0440663 0.00871277
41 0.842188 0.250873 0.0125 0.0357766 0.0086441
40 0.470703 0.268979 0.0367188 0.0732984 0.0086441
40 0.503906 0.249564 0.0179687 0.039267 0.00857544
8 0.875781 0.954625 0.242188 0.0628272 0.00854492
40 0.618359 0.219459 0.0179687 0.0418848 0.00837708
41 0.467187 0.249346 0.0265625 0.0344677 0.00834656
40 0.494531 0.231021 0.015625 0.0702443 0.00831604
41 0.332422 0.329188 0.0171875 0.0296684 0.00828552
65 0.305078 0.396161 0.0320312 0.0139616 0.00818634
41 0.290625 0.134817 0.0871094 0.0876963 0.00800323
40 0.548438 0.213351 0.015625 0.0322862 0.00790405
40 0.835938 0.212696 0.0140625 0.026178 0.00790405
41 0.181641 0.800175 0.0117188 0.0191972 0.00775528
40 0.385938 0.219023 0.0351562 0.0309773 0.00772476
40 0.737109 0.235166 0.0414063 0.074171 0.00769424
71 0.854688 0.355585 0.178125 0.0191972 0.00763702
41 0.429688 0.25 0.0234375 0.0401396 0.00751877
45 0.714063 0.260689 0.0515625 0.0571553 0.00748825
40 0.569531 0.213569 0.021875 0.030541 0.00737381
40 0.687891 0.143979 0.0304688 0.0693717 0.00720596
45 0.476953 0.329188 0.115625 0.0554101 0.00720596
41 0.355078 0.249564 0.0140625 0.0327225 0.00717545
41 0.252734 0.257417 0.0195312 0.021815 0.00714874
41 0.845313 0.250654 0.0125 0.034904 0.00712204
71 0.870117 0.361693 0.206641 0.0410122 0.00698471
40 0.767969 0.232548 0.0171875 0.0663176 0.0069313
41 0.514063 0.210733 0.01875 0.0279232 0.0069046
40 0.60625 0.250436 0.0296875 0.0397033 0.00682449
40 0.463281 0.213351 0.021875 0.034904 0.00679779
41 0.544531 0.340314 0.0671875 0.0514834 0.00677109
41 0.694531 0.213351 0.025 0.0296684 0.00666809
41 0.745313 0.295375 0.015625 0.0244328 0.00666809
71 0.743359 0.357548 0.0492188 0.0274869 0.00664139
40 0.728906 0.212042 0.0242188 0.0274869 0.00658798
40 0.810938 0.212478 0.0125 0.0322862 0.00653839
40 0.472656 0.252618 0.0375 0.0440663 0.00651169
40 0.577734 0.212914 0.0148437 0.030541 0.0064888
74 0.407813 0.883072 0.0226563 0.0209424 0.0064888
58 0.878125 0.133399 0.021875 0.0660995 0.0064621
40 0.538281 0.212042 0.0117188 0.030541 0.0064621
71 0.836133 0.353185 0.127734 0.0143979 0.00643921
41 0.85625 0.158813 0.0203125 0.0453752 0.00641251
73 0.340234 0.358639 0.075 0.0357766 0.00638962
40 0.331836 0.213351 0.0183594 0.0279232 0.00634003
74 0.56875 0.103512 0.0265625 0.029014 0.00629044
41 0.507422 0.287958 0.01875 0.0270506 0.00624084
40 0.663281 0.219023 0.0148437 0.0427574 0.00619125
19 0.310156 0.833333 0.111719 0.298429 0.00614548
39 0.659766 0.219459 0.015625 0.0453752 0.006073
58 0.283984 0.33726 0.0710938 0.0340314 0.006073
39 0.53125 0.214223 0.0164063 0.030541 0.00600433
40 0.4875 0.210951 0.0109375 0.0274869 0.00600433
68 0.539844 0.815009 0.0679687 0.21466 0.00600433
45 0.288672 0.0866056 0.0429688 0.0257417 0.00598145
59 0.875 0.832461 0.242188 0.300175 0.00598145
39 0.79375 0.214223 0.015625 0.0253054 0.00593567
40 0.43125 0.234511 0.021875 0.0684991 0.00591278
39 0.087207 0.777487 0.0398437 0.0401396 0.00591278
41 0.491406 0.214223 0.0140625 0.0357766 0.00584412
40 0.547656 0.218586 0.015625 0.0445026 0.00584412
40 0.442969 0.21466 0.015625 0.0287958 0.00582123
40 0.552344 0.213787 0.0203125 0.0296684 0.00582123
44 0.283984 0.297993 0.0144531 0.034904 0.00561905
39 0.751563 0.211169 0.0140625 0.0270506 0.00559998
40 0.464063 0.290358 0.025 0.0301047 0.0055542
71 0.619922 0.357766 0.0578125 0.026178 0.0055542
71 0.650391 0.357548 0.0445313 0.0283595 0.0055542
13 0.876563 0.95288 0.240625 0.0645724 0.0055542
32 0.376465 0.521815 0.0220703 0.0235602 0.00551224
40 0.417188 0.221204 0.0171875 0.0475567 0.00542831
41 0.463281 0.212478 0.0125 0.0322862 0.00538635
41 0.484375 0.22164 0.0171875 0.0510471 0.00536346
40 0.782617 0.232548 0.0191406 0.0645724 0.00534439
41 0.190234 0.800175 0.025 0.0191972 0.00534439
71 0.823633 0.351658 0.108984 0.0148342 0.0053215
72 0.427344 0.902269 0.132812 0.167539 0.0053215
41 0.373242 0.212914 0.0136719 0.0292321 0.00526047
39 0.663281 0.219023 0.0148437 0.0427574 0.00526047
74 0.563281 0.101767 0.0390625 0.0608639 0.00521851
24 0.310937 0.832461 0.111719 0.296684 0.00521851
41 0.405859 0.211606 0.0117188 0.030541 0.00518036
75 0.162891 0.753927 0.0371094 0.0907504 0.00518036
72 0.5 0.450698 0.190625 0.300175 0.00518036
41 0.885156 0.213787 0.0140625 0.0266143 0.0051384
39 0.0895508 0.777051 0.0322266 0.0331588 0.0051384
69 0.496484 0.489529 0.18125 0.219895 0.0051384
44 0.283984 0.273997 0.0210938 0.0837696 0.00511932
40 0.478516 0.248255 0.0257812 0.0331588 0.00508118
41 0.903125 0.15745 0.046875 0.0463569 0.00502014
39 0.935938 0.159031 0.021875 0.0445026 0.00502014
41 0.520312 0.29014 0.025 0.0253054 0.00500107
40 0.682813 0.233857 0.0234375 0.0715532 0.00498199
41 0.780469 0.250654 0.021875 0.0344677 0.00496292
40 0.378027 0.211824 0.0189453 0.0253054 0.00492477
58 0.9 0.110384 0.059375 0.0527923 0.0049057
39 0.35625 0.213569 0.0148437 0.0270506 0.00488663
40 0.735938 0.225567 0.0375 0.0549738 0.00484848
73 0.223633 0.800175 0.0394531 0.0209424 0.00482941
41 0.875 0.153141 0.0203125 0.0545375 0.00481033
41 0.314648 0.213133 0.0160156 0.0301047 0.00481033
41 0.68125 0.213351 0.0171875 0.030541 0.00481033
32 0.694141 0.896161 0.0242188 0.026178 0.00479126
41 0.909375 0.213787 0.0296875 0.034904 0.00477219
39 0.417969 0.212696 0.0140625 0.0292321 0.00475693
40 0.560156 0.219895 0.0359375 0.039267 0.00475693
74 0.546094 0.118237 0.0171875 0.0244328 0.00473785
73 0.55 0.961606 0.0890625 0.0471204 0.00471878
40 0.384375 0.329843 0.021875 0.0270506 0.00466537
41 0.577734 0.212914 0.0148437 0.030541 0.0046463
41 0.810938 0.212478 0.0125 0.0322862 0.00455475
41 0.870313 0.252836 0.015625 0.0231239 0.00455475
58 0.687891 0.143543 0.0320312 0.0680628 0.00455475
58 0.874219 0.140707 0.021875 0.078534 0.00453949
40 0.708594 0.212696 0.0125 0.0344677 0.00453949
71 0.503125 0.36082 0.185156 0.0296684 0.00453949
40 0.429688 0.25 0.0234375 0.0401396 0.00452042
41 0.178564 0.848168 0.0256836 0.0139616 0.00452042
71 0.872656 0.351222 0.173438 0.0165794 0.00450516
13 0.557031 0.945026 0.10625 0.0802792 0.00446701
40 0.341016 0.215096 0.0273438 0.0253054 0.00445175
71 0.0939453 0.811518 0.0394531 0.0122164 0.00445175
74 0.55625 0.0804974 0.0359375 0.0401396 0.00443268
54 0.714063 0.261126 0.05 0.0580279 0.00436401
40 0.310937 0.219895 0.015625 0.0410122 0.00432968
58 0.114258 0.9363 0.0390625 0.0453752 0.00426483
40 0.35625 0.213569 0.0148437 0.0270506 0.00421524
72 0.12959 0.388743 0.224414 0.440663 0.944824
74 0.546875 0.0953316 0.107813 0.1226 0.849121
45 0.283789 0.336387 0.0707031 0.0353403 0.791992
58 0.910937 0.130236 0.084375 0.101658 0.790527
69 0.499219 0.450698 0.192188 0.297557 0.600098
75 0.367188 0.137544 0.05 0.0831152 0.496094
71 0.878125 0.402269 0.2 0.106457 0.320801
58 0.846875 0.138689 0.0515625 0.0856239 0.313965
39 0.162402 0.753054 0.0376953 0.0907504 0.276611
57 0.310937 0.832243 0.111719 0.29712 0.266602
58 0.081543 0.759162 0.0603516 0.0837696 0.184814
62 0.770312 0.121073 0.120313 0.101222 0.118408
75 0.688281 0.144852 0.0296875 0.0693717 0.112793
72 0.0751709 0.750873 0.0859863 0.101222 0.112
75 0.845313 0.138798 0.05 0.0862784 0.0708008
75 0.290234 0.135798 0.0859375 0.0866056 0.0680542
74 0.545313 0.295375 0.04375 0.0244328 0.0570679
41 0.331836 0.213351 0.0183594 0.0279232 0.0548096
45 0.342578 0.359075 0.0765625 0.0366492 0.0526123
59 0.598437 0.944154 0.19375 0.08726 0.0509033
41 0.417969 0.212914 0.0140625 0.0287958 0.0497742
0 0.310937 0.832243 0.111719 0.29712 0.0465393
41 0.34082 0.214878 0.0265625 0.0248691 0.0451965
56 0.310937 0.832243 0.111719 0.29712 0.0450134
41 0.505469 0.213133 0.01875 0.0322862 0.0448608
41 0.430078 0.214878 0.0179687 0.0253054 0.0446777
45 0.458203 0.354276 0.0617188 0.0191972 0.0446777
40 0.505469 0.213133 0.01875 0.0322862 0.0437012
41 0.517578 0.214442 0.0195312 0.0283595 0.0435181
45 0.545313 0.338133 0.06875 0.0549738 0.0433655
41 0.749219 0.210951 0.015625 0.0248691 0.0428772
77 0.311328 0.833988 0.110937 0.29712 0.042572
74 0.548828 0.095877 0.0726563 0.078534 0.0417786
75 0.0895508 0.776614 0.0322266 0.0331588 0.0408325
41 0.35625 0.213351 0.0152344 0.0270506 0.0405273
72 0.539844 0.815009 0.06875 0.21466 0.0396423
41 0.53125 0.214442 0.015625 0.0301047 0.0383301
40 0.76875 0.213351 0.0171875 0.0287958 0.0367737
59 0.310742 0.832461 0.112109 0.296684 0.0363464
41 0.935938 0.158759 0.021875 0.0446117 0.0358276
40 0.78125 0.213787 0.01875 0.0266143 0.0358276
74 0.649219 0.276178 0.0671875 0.074171 0.0354004
74 0.0889648 0.774869 0.0320312 0.026178 0.0351562
41 0.76875 0.213351 0.0171875 0.0287958 0.0346069
14 0.9 0.820244 0.0375 0.0279232 0.0340881
75 0.935938 0.158759 0.021875 0.0446117 0.0337219
58 0.908594 0.111257 0.078125 0.0580279 0.0335999
74 0.714063 0.261344 0.05 0.0580279 0.0335999
40 0.79375 0.214223 0.015625 0.0253054 0.0332031
74 0.413281 0.151396 0.04375 0.0571553 0.0330811
16 0.311328 0.832461 0.111328 0.298429 0.032959
71 0.875781 0.476003 0.20625 0.26178 0.0314941
58 0.0825928 0.735602 0.0535645 0.0296684 0.0299835
40 0.605469 0.215096 0.0179687 0.026178 0.0293121
41 0.78125 0.213787 0.01875 0.0266143 0.0289764
41 0.442969 0.21466 0.015625 0.0283595 0.0288696
41 0.79375 0.214223 0.015625 0.0253054 0.0285492
41 0.815625 0.212478 0.01875 0.030541 0.0283356
41 0.841406 0.212914 0.0140625 0.0274869 0.0282135
40 0.517578 0.214442 0.0195312 0.0283595 0.0265503
45 0.290625 0.134817 0.0871094 0.0876963 0.0264587
41 0.825 0.249564 0.025 0.030541 0.0264587
71 0.476953 0.324607 0.117969 0.0462478 0.0259552
59 0.878125 0.47644 0.204688 0.264398 0.0259552
41 0.483984 0.214223 0.0148437 0.0340314 0.0257568
71 0.882812 0.367365 0.196875 0.0287958 0.024704
40 0.484375 0.22164 0.0171875 0.0506108 0.0246124
41 0.605469 0.215096 0.0179687 0.026178 0.0245209
71 0.664062 0.362238 0.0609375 0.0242147 0.0238647
41 0.552344 0.213787 0.0203125 0.0296684 0.0236969
40 0.483984 0.214223 0.0148437 0.0340314 0.0236053
75 0.903906 0.155323 0.0453125 0.0410122 0.0226288
40 0.59375 0.213569 0.0171875 0.030541 0.0213623
74 0.527344 0.105148 0.03125 0.0353403 0.0209656
71 0.705078 0.365729 0.071875 0.0224695 0.0206451
45 0.544531 0.295375 0.04375 0.0266143 0.0205688
41 0.548438 0.213351 0.015625 0.0322862 0.02034
40 0.855469 0.213351 0.0125 0.0296684 0.0200958
41 0.394531 0.210733 0.015625 0.0244328 0.0199432
41 0.728906 0.212042 0.0234375 0.0274869 0.0199432
45 0.683594 0.40925 0.0367188 0.017452 0.0198669
41 0.385547 0.294721 0.0226563 0.0231239 0.0197906
41 0.59375 0.213569 0.0171875 0.030541 0.0192719
71 0.645703 0.361257 0.0882813 0.0270506 0.0191956
41 0.751953 0.211169 0.0148437 0.0270506 0.0184021
75 0.544922 0.33966 0.0679687 0.0536649 0.0181885
40 0.841406 0.212914 0.0140625 0.0274869 0.0179138
40 0.503906 0.231239 0.01875 0.069808 0.0176392
41 0.342578 0.248909 0.0210938 0.0296684 0.0174408
58 0.080957 0.73822 0.0580078 0.0401396 0.0174408
73 0.874805 0.830716 0.241016 0.298429 0.0174408
41 0.545703 0.295157 0.0429688 0.0235602 0.0172424
71 0.713281 0.366492 0.0546875 0.0183246 0.0171814
40 0.694531 0.213133 0.0242188 0.0296684 0.0161591
71 0.713281 0.359511 0.0609375 0.0270506 0.0161591
74 0.770312 0.121182 0.121875 0.100131 0.0158386
41 0.514844 0.249564 0.0265625 0.034904 0.0156021
72 0.00129395 0.751309 0.00258789 0.497382 0.0154877
40 0.815625 0.212478 0.01875 0.030541 0.0153656
40 0.385547 0.294721 0.0226563 0.0231239 0.0153656
41 0.344141 0.330716 0.021875 0.0253054 0.0148392
20 0.310156 0.833333 0.111719 0.298429 0.0148392
45 0.684375 0.410995 0.04375 0.017452 0.0147858
32 0.753516 0.52356 0.0203125 0.0226876 0.0147324
41 0.61875 0.215096 0.0171875 0.0283595 0.0144501
69 0.6875 0.359293 0.203125 0.0397033 0.014389
41 0.855469 0.213351 0.0125 0.0296684 0.0142822
41 0.384375 0.329843 0.0226563 0.0270506 0.0142822
40 0.385938 0.314136 0.028125 0.0584642 0.0142288
40 0.520703 0.232548 0.0273438 0.0680628 0.0139542
40 0.607422 0.233857 0.0257812 0.0671902 0.0137939
71 0.13418 0.808901 0.180078 0.017452 0.0137939
39 0.845313 0.139616 0.05 0.0850785 0.0137405
15 0.311328 0.833988 0.110937 0.29712 0.0137405
71 0.341797 0.357766 0.0710938 0.0314136 0.0136871
69 0.878125 0.476003 0.204688 0.264398 0.0136337
40 0.417969 0.212914 0.0140625 0.0287958 0.0135345
71 0.760938 0.359948 0.0640625 0.030541 0.0131226
74 0.638672 0.748691 0.0359375 0.017452 0.0130692
67 0.305078 0.396161 0.0320312 0.0139616 0.01297
41 0.835938 0.212696 0.0140625 0.026178 0.012825
40 0.53125 0.214442 0.015625 0.0301047 0.0127258
74 0.0880859 0.777487 0.0363281 0.0357766 0.0127258
39 0.841406 0.212914 0.0140625 0.0274869 0.0126724
40 0.39375 0.294503 0.0171875 0.0239965 0.0126724
41 0.288281 0.08726 0.0429688 0.0294503 0.0126266
71 0.701172 0.357984 0.040625 0.0248691 0.0126266
41 0.462891 0.213351 0.021875 0.034904 0.0124283
26 0.310937 0.831588 0.1125 0.294939 0.0123367
41 0.377734 0.211824 0.01875 0.0253054 0.0121918
41 0.367188 0.137544 0.05 0.0831152 0.0118256
41 0.4875 0.210951 0.0109375 0.0274869 0.0117798
71 0.870313 0.373473 0.214062 0.0645724 0.011734
39 0.366797 0.137216 0.0492188 0.0837696 0.0116882
40 0.46875 0.250218 0.0296875 0.034904 0.0116425
40 0.491406 0.214223 0.0140625 0.0357766 0.0115509
41 0.569531 0.213569 0.021875 0.030541 0.0113754
41 0.705469 0.329407 0.0179687 0.0279232 0.0113754
71 0.114453 0.809773 0.111719 0.0157068 0.0113754
71 0.619531 0.362129 0.0578125 0.0244328 0.0113297
71 0.4625 0.354494 0.05625 0.0205061 0.0112915
40 0.61875 0.215096 0.0171875 0.0283595 0.011116
40 0.749219 0.210951 0.015625 0.0248691 0.0110321
59 0.876563 0.95288 0.240625 0.0645724 0.0110321
40 0.867969 0.214005 0.0171875 0.026178 0.0109024
40 0.532031 0.232548 0.01875 0.0689354 0.0108185
40 0.384766 0.250436 0.0359375 0.0401396 0.0108185
41 0.592188 0.291449 0.0148437 0.0331588 0.0107803
41 0.854688 0.249127 0.0125 0.0340314 0.0106964
75 0.875 0.152487 0.01875 0.0545375 0.0106506
40 0.681641 0.213351 0.0171875 0.030541 0.0106506
74 0.694141 0.896161 0.0242188 0.026178 0.0106506
71 0.6875 0.359293 0.207813 0.0397033 0.0106125
69 0.503516 0.336824 0.175781 0.0706806 0.0104523
41 0.310156 0.211169 0.0125 0.0213787 0.0103302
41 0.867969 0.214005 0.0171875 0.026178 0.0102463
41 0.0889648 0.774869 0.0320312 0.026178 0.0102463
41 0.39375 0.294503 0.0171875 0.0239965 0.01017
41 0.538281 0.212042 0.0117188 0.030541 0.01017
69 0.539844 0.814136 0.0679687 0.21466 0.00997162
8 0.875781 0.954625 0.242188 0.0628272 0.00978088
60 0.583203 0.944154 0.159375 0.0837696 0.00974274
17 0.310156 0.833333 0.111719 0.298429 0.00955963
40 0.430078 0.214878 0.0179687 0.0253054 0.00948334
41 0.0880859 0.777487 0.0363281 0.0357766 0.00948334
40 0.751953 0.211169 0.0148437 0.0270506 0.00945282
40 0.471094 0.268979 0.0375 0.0728621 0.00941467
45 0.175977 0.846422 0.0332031 0.0139616 0.00937653
71 0.126465 0.807592 0.243945 0.0200698 0.00930023
65 0.305078 0.396161 0.0320312 0.0139616 0.00923157
75 0.087207 0.777487 0.0398437 0.0401396 0.00923157
40 0.503906 0.249564 0.0179687 0.039267 0.00919342
40 0.59375 0.230585 0.01875 0.0667539 0.00912476
59 0.749219 0.832679 0.49375 0.296248 0.00898743
41 0.842188 0.250873 0.0125 0.0357766 0.00894928
40 0.394531 0.210733 0.015625 0.0244328 0.0088501
41 0.467187 0.249346 0.0265625 0.0344677 0.00874329
74 0.532031 0.0999127 0.0429688 0.0451571 0.00871277
40 0.618359 0.219459 0.0179687 0.0410122 0.00867462
45 0.903906 0.157068 0.046875 0.0440663 0.0086441
41 0.181641 0.800175 0.0117188 0.0191972 0.0086441
40 0.835938 0.212696 0.0140625 0.026178 0.00847626
71 0.85 0.36562 0.159375 0.0314136 0.00847626
40 0.494531 0.231021 0.015625 0.0702443 0.008255
40 0.737109 0.235166 0.0414063 0.074171 0.00818634
41 0.332422 0.329188 0.0171875 0.0296684 0.00812531
41 0.290625 0.134817 0.0871094 0.0876963 0.00796509
40 0.767969 0.232548 0.0171875 0.0663176 0.00793457
41 0.429688 0.250218 0.0226563 0.0397033 0.00784302
74 0.407813 0.883072 0.0226563 0.0209424 0.0078125
41 0.252734 0.257417 0.0195312 0.0213787 0.00766754
45 0.714063 0.260689 0.0515625 0.0571553 0.00766754
41 0.694531 0.213133 0.0242188 0.0296684 0.00746155
40 0.385938 0.219023 0.0351562 0.030541 0.00746155
41 0.845313 0.250654 0.0125 0.034904 0.00743103
41 0.355078 0.249564 0.0140625 0.0322862 0.00740433
40 0.472656 0.251745 0.0375 0.0418848 0.00737381
71 0.854688 0.355148 0.176563 0.0183246 0.00737381
41 0.514063 0.210733 0.01875 0.0274869 0.00731659
40 0.687891 0.143979 0.0304688 0.0693717 0.00725937
40 0.606641 0.250436 0.0289063 0.039267 0.00723267
40 0.548438 0.213351 0.015625 0.0322862 0.00720596
40 0.810938 0.212478 0.0125 0.0322862 0.00709534
41 0.507422 0.287958 0.01875 0.0270506 0.00706482
41 0.544531 0.340314 0.0671875 0.0514834 0.00706482
73 0.340234 0.358639 0.075 0.0357766 0.00706482
40 0.462891 0.213351 0.021875 0.034904 0.00698471
40 0.569531 0.213569 0.021875 0.030541 0.00698471
41 0.745313 0.295812 0.015625 0.0244328 0.0069046
45 0.477734 0.325916 0.114844 0.0471204 0.0068779
40 0.728906 0.212042 0.0234375 0.0274869 0.00682449
40 0.538281 0.212042 0.0117188 0.030541 0.00666809
71 0.870313 0.361693 0.20625 0.0410122 0.00666809
41 0.85625 0.159031 0.01875 0.0449389 0.00658798
39 0.53125 0.214442 0.015625 0.0301047 0.00656509
40 0.577734 0.212914 0.0148437 0.030541 0.00656509
40 0.663281 0.219023 0.0148437 0.0427574 0.00656509
58 0.878125 0.133508 0.021875 0.0663176 0.00651169
41 0.517578 0.213569 0.0242188 0.0327225 0.00651169
40 0.331836 0.213351 0.0183594 0.0279232 0.00651169
39 0.659766 0.219459 0.015625 0.0453752 0.0064888
45 0.288672 0.0866056 0.0429688 0.0257417 0.0064621
40 0.782617 0.232766 0.0191406 0.0650087 0.00643921
71 0.742188 0.35733 0.0460938 0.0270506 0.00643921
39 0.79375 0.214223 0.015625 0.0253054 0.00638962
19 0.310156 0.833333 0.111719 0.298429 0.00638962
71 0.835156 0.352967 0.125 0.0143979 0.00629044
68 0.539844 0.815009 0.06875 0.21466 0.00624084
40 0.4875 0.210951 0.0109375 0.0274869 0.00621796
40 0.43125 0.234511 0.021875 0.0684991 0.00602722
44 0.283984 0.297993 0.0144531 0.034904 0.00602722
39 0.751953 0.211169 0.0148437 0.0270506 0.00600433
13 0.876563 0.95288 0.240625 0.0645724 0.00598145
40 0.464063 0.290358 0.025 0.0301047 0.00595856
74 0.56875 0.103512 0.0265625 0.029014 0.00593567
41 0.519922 0.29014 0.025 0.0257417 0.00593567
58 0.283984 0.33726 0.0710938 0.0340314 0.00593567
58 0.114258 0.9363 0.0390625 0.0453752 0.00593567
39 0.087207 0.777487 0.0398437 0.0401396 0.005867
40 0.442969 0.21466 0.015625 0.0283595 0.00582123
32 0.376563 0.521815 0.021875 0.0235602 0.00582123
41 0.885156 0.213787 0.0140625 0.0266143 0.00577545
41 0.190234 0.800175 0.0242188 0.0191972 0.00572968
71 0.620313 0.357548 0.0578125 0.0257417 0.00570679
41 0.491406 0.214223 0.0140625 0.0357766 0.00568771
41 0.780469 0.250654 0.021875 0.0344677 0.00564194
41 0.178076 0.848168 0.0258789 0.0139616 0.00559998
73 0.55 0.961606 0.0882813 0.0471204 0.0055542
39 0.663281 0.219023 0.0148437 0.0427574 0.00551224
41 0.681641 0.213351 0.0171875 0.030541 0.00547028
44 0.283984 0.273997 0.0210938 0.0837696 0.00547028
41 0.463281 0.212478 0.0125 0.0322862 0.00544739
75 0.162891 0.753927 0.0371094 0.0907504 0.00544739
39 0.936719 0.159031 0.0203125 0.0445026 0.00540543
41 0.373242 0.212914 0.0136719 0.0287958 0.00540543
40 0.417188 0.220768 0.0171875 0.0466841 0.00540543
72 0.427344 0.901396 0.132812 0.167539 0.00538635
39 0.35625 0.213351 0.0152344 0.0270506 0.00536346
40 0.547656 0.217714 0.015625 0.0427574 0.00534439
40 0.478906 0.248255 0.025 0.0331588 0.00534439
71 0.648438 0.35733 0.040625 0.0287958 0.00534439
40 0.552344 0.213787 0.0203125 0.0296684 0.0053215
40 0.682813 0.233857 0.0234375 0.0715532 0.00527954
71 0.822656 0.351222 0.107813 0.0148342 0.00526047
72 0.5 0.451243 0.190625 0.299956 0.00526047
69 0.496094 0.489965 0.18125 0.219023 0.00524139
39 0.417969 0.212914 0.0140625 0.0287958 0.00518036
41 0.484375 0.22164 0.0171875 0.0506108 0.00518036
73 0.223633 0.800175 0.0394531 0.0209424 0.00518036
58 0.899219 0.110275 0.0546875 0.0527923 0.0051384
41 0.405859 0.211606 0.0117188 0.0301047 0.0051384
24 0.310742 0.832461 0.112109 0.296684 0.00508118
39 0.0895508 0.776614 0.0322266 0.0331588 0.0050621
32 0.694141 0.896161 0.0242188 0.026178 0.00500107
40 0.708594 0.212696 0.0125 0.0344677 0.00498199
40 0.735938 0.225567 0.0375 0.0549738 0.00496292
40 0.384375 0.329843 0.0226563 0.0270506 0.00496292
59 0.875 0.832461 0.242188 0.300175 0.00496292
41 0.903125 0.157286 0.046875 0.0462478 0.00492477
74 0.563281 0.101985 0.0390625 0.061082 0.0049057
40 0.377734 0.211824 0.01875 0.0253054 0.00486755
41 0.875 0.153196 0.0203125 0.0548647 0.00484848
41 0.577734 0.212914 0.0148437 0.030541 0.00482941
41 0.909375 0.213787 0.0296875 0.034904 0.00482941
41 0.314648 0.212914 0.0160156 0.0296684 0.00481033
41 0.810938 0.212478 0.0125 0.0322862 0.00481033
40 0.385156 0.223822 0.034375 0.0244328 0.00477219
41 0.870313 0.253054 0.015625 0.0226876 0.00477219
74 0.546094 0.118237 0.0171875 0.0244328 0.00475693
39 0.885156 0.213787 0.0140625 0.0266143 0.00471878
40 0.429688 0.250218 0.0226563 0.0397033 0.00471878
13 0.556641 0.945026 0.105469 0.0802792 0.00469971
58 0.687891 0.143325 0.0320312 0.0680628 0.00468063
41 0.140918 0.799302 0.0115234 0.0191972 0.0046463
39 0.548438 0.213351 0.015625 0.0322862 0.0045929
40 0.310937 0.219895 0.015625 0.0410122 0.00455475
71 0.872656 0.351003 0.171875 0.0165794 0.00452042
40 0.517578 0.213569 0.0242188 0.0327225 0.00448608
40 0.34082 0.214878 0.0265625 0.0248691 0.00448608
39 0.815625 0.212478 0.01875 0.030541 0.00448608
72 0.129688 0.388743 0.224609 0.440663 0.946777
74 0.546875 0.0952225 0.107813 0.122382 0.852051
58 0.910937 0.130236 0.084375 0.101658 0.796875
45 0.283984 0.336387 0.0703125 0.0353403 0.795898
69 0.499219 0.450698 0.192188 0.297557 0.618652
75 0.367188 0.137544 0.05 0.0831152 0.494141
58 0.846875 0.138689 0.0515625 0.0856239 0.32251
71 0.878125 0.402378 0.2 0.106239 0.297363
39 0.162402 0.753054 0.0376953 0.0907504 0.281494
57 0.310742 0.832243 0.111719 0.29712 0.277588
58 0.0816406 0.759162 0.0603516 0.0837696 0.187134
62 0.770312 0.121073 0.120313 0.101222 0.131226
75 0.688281 0.144852 0.0296875 0.0693717 0.115173
72 0.0750244 0.751309 0.0858887 0.100349 0.108215
75 0.845313 0.138798 0.05 0.0862784 0.069519
75 0.290234 0.135798 0.0859375 0.0866056 0.0646362
41 0.332031 0.213351 0.01875 0.0279232 0.0630493
74 0.545313 0.295375 0.04375 0.0244328 0.0579224
59 0.598437 0.944154 0.195312 0.08726 0.0577087
41 0.417969 0.212914 0.0148437 0.0287958 0.0566406
45 0.342578 0.359075 0.0765625 0.0366492 0.0564575
41 0.429688 0.214878 0.0171875 0.0253054 0.0509033
41 0.34082 0.214878 0.0265625 0.0248691 0.0503235
41 0.505469 0.213133 0.01875 0.0322862 0.049408
41 0.517578 0.214442 0.0195312 0.0283595 0.0474243
45 0.545313 0.338133 0.06875 0.0549738 0.0469055
41 0.749219 0.210733 0.015625 0.0244328 0.0465393
40 0.505469 0.213133 0.01875 0.0322862 0.0456848
77 0.311328 0.833988 0.110937 0.29712 0.0453491
41 0.35625 0.213351 0.0152344 0.0270506 0.0451965
56 0.310742 0.832243 0.111719 0.29712 0.0448608
75 0.0894775 0.776614 0.0319824 0.0322862 0.0440063
45 0.458203 0.354276 0.0617188 0.0191972 0.0437012
74 0.549219 0.095877 0.071875 0.0780977 0.0420837
0 0.310742 0.832243 0.111719 0.29712 0.0417786
41 0.53125 0.214223 0.015625 0.0296684 0.0413208
40 0.76875 0.213351 0.0171875 0.0287958 0.0408325
40 0.78125 0.213787 0.01875 0.0266143 0.0399475
72 0.539844 0.815009 0.06875 0.21466 0.0389099
41 0.76875 0.213351 0.0171875 0.0287958 0.0381775
74 0.0888916 0.774869 0.0319824 0.026178 0.0375977
40 0.79375 0.214223 0.015625 0.0253054 0.0368958
74 0.649219 0.27596 0.0671875 0.074171 0.0359497
41 0.935938 0.158759 0.021875 0.0446117 0.0358276
16 0.311328 0.832679 0.111328 0.299738 0.035675
14 0.9 0.820244 0.0375 0.0279232 0.0351562
59 0.310742 0.832461 0.112109 0.296684 0.0351562
58 0.908594 0.111147 0.078125 0.0578098 0.0343628
74 0.714063 0.261344 0.05 0.0580279 0.0335999
75 0.935938 0.158759 0.021875 0.0446117 0.0330811
41 0.442969 0.21466 0.015625 0.0283595 0.0330811
74 0.413281 0.151342 0.04375 0.0568281 0.0328369
41 0.78125 0.213787 0.01875 0.0266143 0.0322266
41 0.815625 0.212478 0.01875 0.0301047 0.0314941
41 0.79375 0.214223 0.015625 0.0253054 0.0309143
40 0.605469 0.215096 0.0179687 0.026178 0.0306702
41 0.825 0.249564 0.025 0.030541 0.0306702
58 0.0826416 0.735602 0.0534668 0.0296684 0.0306702
41 0.841406 0.212914 0.0140625 0.0274869 0.0299835
41 0.483984 0.214005 0.0148437 0.0340314 0.0289764
40 0.517578 0.214442 0.0195312 0.0283595 0.0275879
59 0.878125 0.47644 0.204688 0.264398 0.0275879
45 0.290625 0.134926 0.0871094 0.0874782 0.0271759
40 0.484375 0.22055 0.0171875 0.0488656 0.0262604
41 0.552344 0.213569 0.0203125 0.0292321 0.0261536
41 0.605469 0.215096 0.0179687 0.026178 0.026062
71 0.476953 0.324607 0.117969 0.0462478 0.0257568
71 0.875781 0.476003 0.20625 0.26178 0.0257568
40 0.483984 0.214005 0.0148437 0.0340314 0.025177
71 0.664062 0.362238 0.0609375 0.0242147 0.0240479
40 0.59375 0.213787 0.0171875 0.030541 0.0229797
75 0.904688 0.157068 0.046875 0.0440663 0.0224609
41 0.548047 0.213351 0.015625 0.0322862 0.0223694
71 0.882812 0.367365 0.196875 0.0287958 0.0223694
41 0.728906 0.212042 0.0234375 0.0274869 0.02211
45 0.545703 0.295157 0.0429688 0.0235602 0.02211
41 0.394141 0.210951 0.0164063 0.0244328 0.0220337
45 0.683594 0.40925 0.0367188 0.017452 0.0220337
40 0.855469 0.213351 0.0125 0.0296684 0.021698
41 0.385547 0.294939 0.0226563 0.0226876 0.0214539
41 0.59375 0.213787 0.0171875 0.030541 0.0211182
74 0.527344 0.105148 0.03125 0.0355585 0.0207977
41 0.751563 0.211387 0.0140625 0.0270506 0.0204163
41 0.342578 0.248909 0.0210938 0.0296684 0.0202484
71 0.645312 0.361257 0.0890625 0.0270506 0.0200195
75 0.544922 0.339878 0.0679687 0.0532286 0.0193481
71 0.70625 0.365183 0.06875 0.021815 0.0191956
40 0.841406 0.212914 0.0140625 0.0274869 0.0190582
40 0.503906 0.231239 0.01875 0.069808 0.0189819
41 0.514844 0.249564 0.0257812 0.034904 0.0182648
40 0.694531 0.213351 0.0242188 0.0296684 0.0180511
41 0.545703 0.295157 0.0429688 0.0235602 0.0178528
40 0.385547 0.294939 0.0226563 0.0226876 0.0167847
40 0.815625 0.212478 0.01875 0.0301047 0.0164642
71 0.713281 0.366492 0.0546875 0.0183246 0.0164032
41 0.344141 0.330716 0.021875 0.0253054 0.0163422
73 0.874805 0.830716 0.241016 0.298429 0.0162811
41 0.61875 0.215096 0.0171875 0.0279232 0.0161591
41 0.855469 0.213351 0.0125 0.0296684 0.0156021
45 0.684375 0.410995 0.04375 0.017452 0.0156021
41 0.384375 0.329843 0.0226563 0.0270506 0.0155411
72 0.00129395 0.751745 0.00258789 0.49651 0.0155411
40 0.385938 0.314136 0.028125 0.0584642 0.0154877
74 0.770703 0.121182 0.122656 0.100131 0.0154266
20 0.310156 0.833333 0.111719 0.298429 0.0153656
71 0.713281 0.359511 0.0609375 0.0270506 0.0151901
40 0.417969 0.212914 0.0148437 0.0287958 0.0149536
69 0.6875 0.359075 0.201563 0.039267 0.0147858
32 0.753516 0.52356 0.0203125 0.0226876 0.0147324
71 0.134595 0.808901 0.179248 0.017452 0.0146713
40 0.520312 0.232112 0.0265625 0.0671902 0.0145569
40 0.607422 0.233421 0.0257812 0.0663176 0.0145035
71 0.341797 0.357766 0.0710938 0.0314136 0.0144501
41 0.288281 0.0870419 0.0429688 0.0292321 0.0142822
15 0.311328 0.833988 0.110937 0.29712 0.0141754
41 0.462891 0.213351 0.021875 0.0344677 0.0139542
67 0.305078 0.396161 0.0320312 0.0139616 0.0139542
39 0.845313 0.139616 0.05 0.0850785 0.0138474
40 0.39375 0.294503 0.0171875 0.0235602 0.0138474
41 0.377734 0.211824 0.01875 0.0248691 0.013588
41 0.835938 0.212914 0.0140625 0.026178 0.013588
39 0.841406 0.212914 0.0140625 0.0274869 0.013588
74 0.638672 0.748691 0.0359375 0.017452 0.0133286
74 0.0881104 0.777487 0.0362793 0.0357766 0.0132751
40 0.46875 0.250218 0.0296875 0.0344677 0.0130692
41 0.310156 0.211169 0.0125 0.0213787 0.0130234
40 0.53125 0.214223 0.015625 0.0296684 0.0128708
41 0.705469 0.329188 0.0171875 0.0279232 0.012825
69 0.878125 0.476003 0.204688 0.264398 0.0127258
41 0.569531 0.213569 0.021875 0.030541 0.0125275
71 0.761328 0.359948 0.0632813 0.030541 0.0124283
41 0.4875 0.211169 0.0109375 0.0279232 0.0124283
40 0.491406 0.214223 0.0140625 0.0357766 0.012291
39 0.366797 0.137216 0.0492188 0.0837696 0.0121918
40 0.385254 0.250654 0.0357422 0.0388307 0.0121918
41 0.367188 0.137544 0.05 0.0831152 0.0121002
41 0.854688 0.249127 0.0125 0.0340314 0.0121002
40 0.681641 0.213351 0.0171875 0.030541 0.0120087
71 0.114746 0.809773 0.111719 0.0157068 0.0120087
40 0.867969 0.214223 0.0171875 0.026178 0.0119629
71 0.4625 0.354494 0.05625 0.0205061 0.0119629
40 0.61875 0.215096 0.0171875 0.0279232 0.0118713
71 0.700781 0.357984 0.0390625 0.0248691 0.0118713
71 0.619531 0.362129 0.0578125 0.0235602 0.0118713
26 0.310742 0.831588 0.1125 0.294939 0.0118713
41 0.592188 0.291449 0.0148437 0.0331588 0.0114212
40 0.749219 0.210733 0.015625 0.0244328 0.0113297
41 0.0888916 0.774869 0.0319824 0.026178 0.0113297
41 0.39375 0.294503 0.0171875 0.0235602 0.011116
41 0.867969 0.214223 0.0171875 0.026178 0.0110703
40 0.532031 0.232548 0.01875 0.0689354 0.0110703
59 0.876563 0.95288 0.240625 0.0645724 0.0110321
69 0.503516 0.336824 0.175781 0.0706806 0.0109024
75 0.875 0.152487 0.01875 0.0545375 0.0108566
41 0.538281 0.21226 0.0117188 0.030541 0.0107803
74 0.694531 0.896161 0.025 0.026178 0.0107346
40 0.471094 0.268979 0.0375 0.0728621 0.0104523
40 0.429688 0.214878 0.0171875 0.0253054 0.0103683
40 0.503906 0.249564 0.0171875 0.039267 0.0103683
8 0.875781 0.954625 0.242188 0.0628272 0.0103683
41 0.467187 0.249346 0.0265625 0.0344677 0.0102921
45 0.175977 0.846422 0.0332031 0.0139616 0.0102463
71 0.6875 0.359293 0.207813 0.0397033 0.01017
69 0.539844 0.814136 0.0679687 0.21466 0.0100937
17 0.310156 0.833333 0.111719 0.298429 0.0100937
41 0.842188 0.250873 0.0125 0.0357766 0.0100555
41 0.0881104 0.777487 0.0362793 0.0357766 0.00997162
60 0.583203 0.944154 0.159375 0.0837696 0.00997162
40 0.751563 0.211387 0.0140625 0.0270506 0.00985718
40 0.59375 0.230366 0.01875 0.0663176 0.00985718
65 0.305078 0.396161 0.0320312 0.0139616 0.00981903
71 0.126953 0.808028 0.242188 0.0191972 0.00981903
41 0.181641 0.800175 0.0117188 0.0191972 0.00974274
75 0.0873047 0.777487 0.0396484 0.0401396 0.00959778
71 0.870313 0.374782 0.214062 0.0671902 0.00959778
40 0.394141 0.210951 0.0164063 0.0244328 0.00945282
40 0.618359 0.219023 0.0179687 0.0401396 0.00930023
40 0.767969 0.232548 0.0171875 0.0667539 0.00898743
40 0.835938 0.212914 0.0140625 0.026178 0.00891876
41 0.429688 0.250436 0.0226563 0.039267 0.00891876
74 0.407813 0.883072 0.0226563 0.0209424 0.00891876
41 0.332422 0.32897 0.0171875 0.0296684 0.00881195
41 0.355078 0.249564 0.0140625 0.0322862 0.00878143
74 0.532031 0.0999127 0.0429688 0.0449389 0.00874329
40 0.494141 0.230803 0.015625 0.069808 0.00874329
40 0.737109 0.235166 0.0414063 0.074171 0.00867462
40 0.472656 0.250654 0.0367188 0.039267 0.0086441
41 0.694531 0.213351 0.0242188 0.0296684 0.00857544
41 0.252734 0.257417 0.0195312 0.0209424 0.00857544
41 0.845313 0.250873 0.0125 0.034904 0.00857544
59 0.748828 0.832679 0.492969 0.296248 0.0085144
45 0.903906 0.157068 0.046875 0.0440663 0.00844574
41 0.290625 0.134926 0.0871094 0.0874782 0.00818634
45 0.714063 0.260689 0.0515625 0.0571553 0.00812531
41 0.514063 0.210733 0.0179687 0.0279232 0.00812531
41 0.507812 0.287958 0.01875 0.0270506 0.00796509
40 0.385938 0.219677 0.0351562 0.0292321 0.00790405
71 0.85 0.36562 0.159375 0.0314136 0.00790405
40 0.6875 0.143979 0.03125 0.0693717 0.00784302
40 0.782813 0.233421 0.01875 0.065445 0.0078125
40 0.810938 0.212478 0.0125 0.0322862 0.0077858
40 0.60625 0.250436 0.028125 0.039267 0.0077858
45 0.288672 0.0866056 0.0429688 0.0257417 0.00772476
41 0.544531 0.340314 0.0671875 0.0514834 0.00772476
73 0.340234 0.358639 0.075 0.0357766 0.00766754
41 0.744922 0.295812 0.015625 0.0244328 0.00754929
58 0.114258 0.937173 0.0390625 0.0453752 0.00743103
41 0.517188 0.213569 0.0242188 0.0327225 0.00737381
40 0.462891 0.213351 0.021875 0.0344677 0.00734711
40 0.332031 0.213351 0.01875 0.0279232 0.00720596
40 0.569531 0.213569 0.021875 0.030541 0.00720596
39 0.659766 0.219459 0.015625 0.0453752 0.00720596
40 0.548047 0.213351 0.015625 0.0322862 0.00714874
39 0.53125 0.214223 0.015625 0.0296684 0.00712204
40 0.728906 0.212042 0.0234375 0.0274869 0.00709534
39 0.79375 0.214223 0.015625 0.0253054 0.00703812
40 0.538281 0.21226 0.0117188 0.030541 0.00701141
41 0.85625 0.159031 0.01875 0.0449389 0.00698471
40 0.577734 0.212914 0.0148437 0.030541 0.00695801
44 0.283984 0.297993 0.0144531 0.034904 0.00695801
41 0.780469 0.250873 0.021875 0.034904 0.0069313
40 0.663281 0.219023 0.0148437 0.0427574 0.00682449
41 0.519922 0.29014 0.025 0.0257417 0.00679779
19 0.310156 0.833333 0.111719 0.298429 0.00674438
45 0.477734 0.325698 0.114844 0.0471204 0.00671768
71 0.853906 0.354712 0.175 0.0183246 0.00671768
39 0.751563 0.211387 0.0140625 0.0270506 0.00669098
40 0.464063 0.29014 0.025 0.0296684 0.00666809
41 0.681641 0.213351 0.0171875 0.030541 0.00661469
41 0.177783 0.848168 0.0264648 0.0139616 0.00661469
41 0.329688 0.213351 0.0179687 0.0314136 0.00658798
58 0.878125 0.133072 0.021875 0.065445 0.00653839
41 0.491406 0.214223 0.0140625 0.0357766 0.00653839
40 0.43125 0.234511 0.021875 0.0680628 0.00651169
40 0.4875 0.211169 0.0109375 0.0279232 0.00651169
68 0.539844 0.815009 0.06875 0.21466 0.00651169
41 0.885156 0.213787 0.0140625 0.026178 0.00643921
13 0.876563 0.95288 0.240625 0.0645724 0.00643921
73 0.549609 0.961606 0.0875 0.0471204 0.00634003
40 0.442969 0.21466 0.015625 0.0283595 0.00631332
41 0.190234 0.800175 0.0242188 0.0191972 0.00631332
41 0.373242 0.212914 0.0136719 0.0287958 0.00624084
44 0.283789 0.273997 0.0207031 0.082897 0.00619125
71 0.741797 0.35733 0.0445313 0.0270506 0.00619125
74 0.56875 0.103403 0.0265625 0.0287958 0.006073
39 0.0873047 0.777487 0.0396484 0.0401396 0.00600433
71 0.833008 0.352749 0.121484 0.0139616 0.00595856
71 0.869531 0.361693 0.204688 0.0401396 0.00595856
39 0.35625 0.213351 0.0152344 0.0270506 0.00593567
40 0.478906 0.248255 0.025 0.0322862 0.00593567
40 0.417188 0.219895 0.0171875 0.0453752 0.00591278
71 0.620313 0.357548 0.0578125 0.0257417 0.00591278
58 0.283984 0.33726 0.0710938 0.0340314 0.00588989
39 0.663281 0.219023 0.0148437 0.0427574 0.00588989
41 0.405859 0.211606 0.0117188 0.0301047 0.005867
39 0.417969 0.212914 0.0148437 0.0287958 0.005867
40 0.682813 0.233639 0.0234375 0.0715532 0.005867
41 0.314648 0.213133 0.0160156 0.0301047 0.00584412
41 0.484375 0.22055 0.0171875 0.0488656 0.00584412
41 0.870313 0.253272 0.015625 0.0226876 0.00582123
32 0.376563 0.521815 0.021875 0.0235602 0.00577545
73 0.223633 0.800175 0.0394531 0.0209424 0.00577545
41 0.463281 0.212478 0.0125 0.0322862 0.00572968
39 0.936719 0.159031 0.0203125 0.0445026 0.00564194
58 0.0833008 0.741274 0.0550781 0.0375218 0.00559998
40 0.708594 0.212914 0.0125 0.0340314 0.00553513
69 0.496094 0.490401 0.180469 0.21815 0.00553513
58 0.898438 0.110384 0.053125 0.0527923 0.00547028
41 0.810938 0.212478 0.0125 0.0322862 0.00542831
41 0.577734 0.212914 0.0148437 0.030541 0.00538635
41 0.14082 0.799302 0.0113281 0.0191972 0.00538635
75 0.162793 0.753927 0.0373047 0.0907504 0.00538635
72 0.427344 0.900524 0.132812 0.167539 0.00538635
71 0.647656 0.35733 0.0390625 0.0279232 0.00536346
40 0.552344 0.213569 0.0203125 0.0292321 0.0053215
40 0.429688 0.250436 0.0226563 0.039267 0.00530243
40 0.310937 0.219677 0.015625 0.0405759 0.00526047
40 0.384375 0.329843 0.0226563 0.0270506 0.00526047
41 0.770312 0.250436 0.015625 0.0357766 0.00524139
39 0.885156 0.213787 0.0140625 0.026178 0.00519943
41 0.909375 0.213787 0.028125 0.034904 0.00519943
73 0.759375 0.36082 0.065625 0.030541 0.00518036
72 0.5 0.450698 0.190625 0.300175 0.00518036
39 0.548047 0.213351 0.015625 0.0322862 0.0051384
40 0.735938 0.225131 0.0382813 0.0541012 0.0051384
41 0.869531 0.249127 0.0171875 0.0287958 0.00511932
41 0.329492 0.248255 0.0128906 0.0322862 0.00510025
41 0.385059 0.247818 0.0361328 0.04363 0.00510025
71 0.821875 0.351222 0.10625 0.0148342 0.00510025
39 0.0894775 0.776614 0.0319824 0.0322862 0.00510025
40 0.377734 0.211824 0.01875 0.0248691 0.00508118
32 0.694531 0.896161 0.025 0.026178 0.00508118
24 0.310742 0.832461 0.112109 0.296684 0.00508118
41 0.875 0.153196 0.0203125 0.0548647 0.00503922
41 0.903125 0.157286 0.046875 0.0462478 0.00498199
41 0.604688 0.213351 0.0273438 0.0318499 0.00498199
39 0.442969 0.21466 0.015625 0.0283595 0.00498199
74 0.563672 0.102094 0.0382813 0.0602094 0.00494385
40 0.385156 0.224258 0.034375 0.0226876 0.00492477
41 0.428125 0.213787 0.021875 0.0314136 0.0049057
72 0.12959 0.388743 0.224414 0.440663 0.947266
74 0.546484 0.0952225 0.108594 0.122382 0.851074
58 0.910937 0.130236 0.084375 0.101658 0.796875
45 0.283984 0.336387 0.0703125 0.0353403 0.795898
69 0.499219 0.450153 0.192188 0.296902 0.618652
75 0.367188 0.137544 0.05 0.0831152 0.490234
58 0.846875 0.138689 0.0515625 0.0856239 0.317383
71 0.878125 0.402378 0.2 0.106239 0.299072
39 0.162402 0.753054 0.0376953 0.0907504 0.282959
57 0.310937 0.832243 0.111719 0.29712 0.275879
58 0.0816406 0.759162 0.0603516 0.0837696 0.187134
62 0.770312 0.121073 0.120313 0.101222 0.132935
75 0.688281 0.144852 0.0296875 0.0693717 0.11438
72 0.0750244 0.751309 0.0858887 0.101222 0.112
75 0.845313 0.138798 0.05 0.0862784 0.0703125
75 0.290234 0.135798 0.0863281 0.0866056 0.0637207
41 0.332031 0.213351 0.01875 0.0279232 0.0634766
59 0.598437 0.944154 0.195312 0.08726 0.0577087
74 0.545313 0.295375 0.04375 0.0244328 0.0574951
41 0.417969 0.212914 0.0148437 0.0287958 0.0568542
45 0.342578 0.359075 0.0765625 0.0366492 0.0564575
41 0.429688 0.214878 0.0171875 0.0253054 0.0510864
41 0.340625 0.214878 0.0265625 0.0248691 0.0507202
41 0.505469 0.213133 0.01875 0.0322862 0.049408
41 0.517578 0.214442 0.0195312 0.0283595 0.0476074
45 0.545313 0.338133 0.06875 0.0549738 0.0469055
41 0.749219 0.210733 0.015625 0.0244328 0.0460205
41 0.35625 0.213351 0.0152344 0.0270506 0.0455322
40 0.505469 0.213133 0.01875 0.0322862 0.0453491
77 0.311328 0.833988 0.110937 0.29712 0.0453491
56 0.310937 0.832243 0.111719 0.29712 0.0450134
75 0.0895508 0.776614 0.0320312 0.0331588 0.0437012
45 0.458203 0.354276 0.0617188 0.0191972 0.0432129
74 0.549219 0.095877 0.071875 0.0780977 0.0420837
0 0.310937 0.832243 0.111719 0.29712 0.0417786
41 0.53125 0.214223 0.015625 0.0296684 0.0413208
40 0.76875 0.213351 0.0171875 0.0287958 0.0399475
40 0.78125 0.213787 0.01875 0.0266143 0.0393372
72 0.539844 0.815009 0.06875 0.21466 0.0389099
41 0.76875 0.213351 0.0171875 0.0287958 0.0380249
74 0.0888672 0.774869 0.0320312 0.026178 0.037323
40 0.79375 0.214223 0.015625 0.0253054 0.036499
74 0.649219 0.27596 0.0671875 0.074171 0.0362244
41 0.935938 0.158759 0.021875 0.0446117 0.0360718
16 0.311328 0.832679 0.111328 0.299738 0.035675
14 0.9 0.820244 0.0375 0.0279232 0.0348816
59 0.310742 0.832461 0.112109 0.296684 0.0348816
58 0.908594 0.111147 0.078125 0.0578098 0.0343628
75 0.935938 0.158759 0.021875 0.0446117 0.0335999
74 0.714063 0.261344 0.05 0.0580279 0.0333252
41 0.442969 0.21466 0.015625 0.0283595 0.0330811
74 0.413281 0.151342 0.04375 0.0568281 0.0330811
41 0.78125 0.213787 0.01875 0.0266143 0.0318604
41 0.815625 0.212478 0.01875 0.0296684 0.0311432
40 0.605469 0.215096 0.0179687 0.026178 0.0306702
41 0.825 0.249564 0.025 0.030541 0.0306702
41 0.79375 0.214223 0.015625 0.0253054 0.0305634
58 0.0826416 0.735602 0.0534668 0.0296684 0.0303345
41 0.841406 0.212914 0.0140625 0.0274869 0.0296478
41 0.483984 0.214005 0.0148437 0.0340314 0.0290833
40 0.517578 0.214442 0.0195312 0.0283595 0.0274811
45 0.290625 0.134926 0.0871094 0.0874782 0.0271759
59 0.878125 0.47644 0.204688 0.264398 0.0267639
41 0.552344 0.213569 0.0203125 0.0292321 0.0262604
41 0.605469 0.215096 0.0179687 0.026178 0.0261536
40 0.484375 0.22055 0.0171875 0.0488656 0.026062
71 0.875781 0.476003 0.20625 0.26178 0.0259552
71 0.476953 0.324607 0.117969 0.0462478 0.0257568
40 0.483984 0.214005 0.0148437 0.0340314 0.025177
71 0.664062 0.362238 0.0609375 0.0242147 0.0237732
40 0.59375 0.213787 0.0171875 0.030541 0.0228882
75 0.904688 0.157068 0.046875 0.0440663 0.0223694
41 0.394141 0.210951 0.0164063 0.0244328 0.0222931
41 0.548047 0.213351 0.015625 0.0322862 0.0222931
71 0.882812 0.367365 0.196875 0.0287958 0.0222931
45 0.545703 0.295157 0.0429688 0.0235602 0.0220337
45 0.683594 0.40925 0.0367188 0.017452 0.0220337
41 0.728906 0.212042 0.0234375 0.0274869 0.0217743
41 0.385547 0.294939 0.0226563 0.0226876 0.0215302
40 0.855469 0.213351 0.0125 0.0296684 0.0213623
41 0.59375 0.213787 0.0171875 0.030541 0.0212097
74 0.527344 0.105148 0.03125 0.0355585 0.0207214
41 0.342578 0.248691 0.0210938 0.0296684 0.0204926
41 0.751953 0.211169 0.0148437 0.0270506 0.0202484
71 0.645312 0.361257 0.0890625 0.0270506 0.0197906
75 0.544922 0.339878 0.0679687 0.0532286 0.0193481
71 0.70625 0.365183 0.06875 0.021815 0.0190582
40 0.841406 0.212914 0.0140625 0.0274869 0.0187683
40 0.503906 0.231239 0.01875 0.069808 0.0187683
41 0.514844 0.249564 0.0257812 0.034904 0.0184021
40 0.694531 0.213351 0.0242188 0.0296684 0.0179138
41 0.545703 0.295157 0.0429688 0.0235602 0.0178528
40 0.385547 0.294939 0.0226563 0.0226876 0.0166626
41 0.61875 0.215096 0.0171875 0.0279232 0.0162811
40 0.815625 0.212478 0.01875 0.0296684 0.0162811
41 0.344141 0.330497 0.021875 0.0248691 0.0162811
73 0.874805 0.830716 0.241016 0.298429 0.0162811
71 0.713281 0.366492 0.0546875 0.0183246 0.0162201
72 0.00129395 0.751745 0.00258789 0.49651 0.0157166
41 0.384375 0.329843 0.0226563 0.0270506 0.0156021
20 0.310156 0.833333 0.111719 0.298429 0.0156021
45 0.684375 0.410995 0.04375 0.017452 0.0155411
41 0.855469 0.213351 0.0125 0.0296684 0.0154266
40 0.385938 0.314136 0.028125 0.0584642 0.0154266
74 0.770703 0.121182 0.122656 0.100131 0.0153656
71 0.713281 0.359511 0.0609375 0.0270506 0.0150146
40 0.417969 0.212914 0.0148437 0.0287958 0.0149002
71 0.341797 0.357766 0.0710938 0.0314136 0.0149002
32 0.753516 0.52356 0.0203125 0.0226876 0.0147858
69 0.6875 0.359293 0.201563 0.0397033 0.0147858
71 0.134375 0.808901 0.180078 0.017452 0.0146179
40 0.607422 0.233421 0.0257812 0.0667539 0.0145035
40 0.520312 0.23233 0.0265625 0.0676265 0.0144501
15 0.311328 0.833988 0.110937 0.29712 0.0143356
41 0.288281 0.0870419 0.0429688 0.0292321 0.0142822
41 0.462891 0.213351 0.021875 0.0344677 0.0140076
67 0.305078 0.396161 0.0320312 0.0139616 0.0139542
39 0.845313 0.139616 0.05 0.0850785 0.0138474
40 0.39375 0.294503 0.0171875 0.0235602 0.0138474
41 0.377734 0.211824 0.01875 0.0248691 0.0137405
41 0.835938 0.212914 0.0140625 0.026178 0.0134811
39 0.841406 0.212914 0.0140625 0.0274869 0.0134811
41 0.310156 0.211169 0.0125 0.0213787 0.0132217
74 0.0880859 0.777487 0.0363281 0.0357766 0.0132217
74 0.638672 0.748691 0.0359375 0.017452 0.0131683
40 0.46875 0.25 0.0296875 0.0344677 0.0129242
40 0.53125 0.214223 0.015625 0.0296684 0.012825
41 0.705469 0.329188 0.0179687 0.0279232 0.0127716
41 0.569531 0.213569 0.021875 0.030541 0.0126266
69 0.878125 0.476003 0.204688 0.264398 0.0125732
71 0.760938 0.359948 0.0640625 0.030541 0.0124283
41 0.4875 0.211169 0.0109375 0.0279232 0.0124283
40 0.491406 0.214223 0.0140625 0.0357766 0.012291
41 0.367188 0.137544 0.05 0.0831152 0.012146
40 0.385254 0.250654 0.0357422 0.0388307 0.012146
39 0.366797 0.137107 0.0492188 0.0835515 0.0121002
41 0.854688 0.248909 0.0125 0.0344677 0.0120544
71 0.4625 0.354494 0.05625 0.0205061 0.0120087
71 0.114551 0.809773 0.112305 0.0157068 0.0120087
40 0.61875 0.215096 0.0171875 0.0279232 0.0119171
40 0.681641 0.213351 0.0171875 0.030541 0.0118713
26 0.310547 0.831588 0.1125 0.294939 0.0118713
40 0.867969 0.214223 0.0171875 0.026178 0.0117798
71 0.619531 0.362129 0.0578125 0.0235602 0.011734
71 0.700781 0.357984 0.0390625 0.0248691 0.0116425
41 0.592188 0.291449 0.0148437 0.0331588 0.0114212
41 0.39375 0.294503 0.0171875 0.0235602 0.0112915
40 0.749219 0.210733 0.015625 0.0244328 0.0112
41 0.0888672 0.774869 0.0320312 0.026178 0.0112
69 0.503516 0.336824 0.175781 0.0706806 0.0111618
41 0.867969 0.214223 0.0171875 0.026178 0.0109863
40 0.532031 0.232548 0.01875 0.0689354 0.0109863
59 0.876563 0.95288 0.240625 0.0645724 0.0108566
75 0.875 0.152487 0.01875 0.0545375 0.0108185
41 0.538281 0.21226 0.0117188 0.030541 0.0107803
74 0.694531 0.896161 0.025 0.026178 0.0105286
40 0.429688 0.214878 0.0171875 0.0253054 0.0102921
40 0.471094 0.268979 0.0375 0.0728621 0.0102921
40 0.503906 0.249564 0.0171875 0.039267 0.0102463
45 0.175977 0.846422 0.0332031 0.0139616 0.0102463
8 0.875781 0.954625 0.242188 0.0628272 0.0102463
17 0.310156 0.833333 0.111719 0.298429 0.0102463
41 0.467187 0.249346 0.0265625 0.0344677 0.0102081
71 0.6875 0.359293 0.207813 0.0397033 0.01017
69 0.539844 0.815009 0.0679687 0.21466 0.0100555
41 0.842188 0.250873 0.0125 0.0357766 0.0100098
60 0.583594 0.944154 0.159375 0.0837696 0.00997162
41 0.0880859 0.777487 0.0363281 0.0357766 0.00993347
40 0.59375 0.230366 0.01875 0.0663176 0.00981903
71 0.126758 0.808028 0.243359 0.0191972 0.00981903
40 0.751953 0.211169 0.0148437 0.0270506 0.00978088
71 0.870313 0.374782 0.214062 0.0671902 0.00974274
65 0.305078 0.396161 0.0320312 0.0139616 0.00971222
41 0.181641 0.800175 0.0117188 0.0191972 0.00967407
75 0.0873291 0.777487 0.0397949 0.0401396 0.00955963
40 0.394141 0.210951 0.0164063 0.0244328 0.00948334
40 0.618359 0.219023 0.0179687 0.0401396 0.00930023
41 0.355078 0.249564 0.0140625 0.0322862 0.00891876
41 0.332422 0.32897 0.0171875 0.0296684 0.00891876
41 0.429688 0.250436 0.0226563 0.039267 0.00888062
40 0.767969 0.232548 0.0171875 0.0663176 0.0088501
40 0.835938 0.212914 0.0140625 0.026178 0.00881195
74 0.407813 0.883072 0.0226563 0.0209424 0.00881195
74 0.532031 0.0999127 0.0429688 0.0449389 0.00874329
40 0.494141 0.230803 0.015625 0.069808 0.00867462
41 0.252734 0.257417 0.0195312 0.0213787 0.00861359
41 0.845313 0.250873 0.0125 0.034904 0.00861359
40 0.472656 0.250654 0.0375 0.039267 0.00857544
41 0.694531 0.213351 0.0242188 0.0296684 0.0085144
45 0.903906 0.157068 0.046875 0.0440663 0.00847626
40 0.737109 0.235166 0.0414063 0.074171 0.00847626
59 0.748828 0.832679 0.492969 0.296248 0.00844574
41 0.290625 0.134926 0.0871094 0.0874782 0.00818634
45 0.714063 0.260689 0.0515625 0.0571553 0.00809479
41 0.514063 0.210733 0.0179687 0.0279232 0.00806427
41 0.507812 0.287958 0.01875 0.0270506 0.00793457
71 0.85 0.36562 0.159375 0.0314136 0.00793457
40 0.385938 0.219459 0.0351562 0.0296684 0.00790405
40 0.6875 0.143979 0.03125 0.0693717 0.0078125
45 0.288672 0.0866056 0.0429688 0.0257417 0.0077858
41 0.544531 0.340314 0.0671875 0.0514834 0.0077858
40 0.810938 0.212478 0.0125 0.0322862 0.00769424
40 0.60625 0.250436 0.028125 0.039267 0.00769424
73 0.340234 0.358639 0.075 0.0357766 0.00760651
40 0.782813 0.233421 0.01875 0.065445 0.00757599
41 0.744922 0.295812 0.015625 0.0244328 0.00748825
41 0.517188 0.213569 0.0242188 0.0327225 0.00743103
40 0.462891 0.213351 0.021875 0.0344677 0.00728989
40 0.332031 0.213351 0.01875 0.0279232 0.00723267
40 0.569531 0.213569 0.021875 0.030541 0.00720596
39 0.659766 0.219459 0.015625 0.0453752 0.00720596
58 0.114258 0.937173 0.0390625 0.0453752 0.00720596
39 0.53125 0.214223 0.015625 0.0296684 0.00712204
40 0.548047 0.213351 0.015625 0.0322862 0.00712204
44 0.283984 0.297993 0.0144531 0.034904 0.00706482
40 0.577734 0.212914 0.0148437 0.030541 0.00698471
40 0.728906 0.212042 0.0234375 0.0274869 0.00698471
39 0.79375 0.214223 0.015625 0.0253054 0.00698471
40 0.538281 0.21226 0.0117188 0.030541 0.00698471
41 0.85625 0.159031 0.01875 0.0449389 0.0069046
41 0.780469 0.250873 0.021875 0.034904 0.0068779
19 0.310156 0.833333 0.111719 0.298429 0.0068512
40 0.663281 0.219023 0.0148437 0.0427574 0.00682449
41 0.519922 0.29014 0.025 0.0257417 0.00677109
71 0.853906 0.354712 0.175 0.0183246 0.00674438
45 0.477734 0.325698 0.114844 0.0471204 0.00671768
39 0.751953 0.211169 0.0148437 0.0270506 0.00666809
41 0.329688 0.213351 0.0179687 0.0314136 0.00664139
40 0.464063 0.29014 0.025 0.0296684 0.00658798
41 0.177783 0.848168 0.0264648 0.0139616 0.00658798
41 0.491406 0.214223 0.0140625 0.0357766 0.00656509
41 0.681641 0.213351 0.0171875 0.030541 0.00656509
58 0.878125 0.133072 0.021875 0.065445 0.00651169
40 0.4875 0.211169 0.0109375 0.0279232 0.00651169
68 0.539844 0.815009 0.06875 0.21466 0.00651169
40 0.43125 0.234511 0.021875 0.0680628 0.0064621
41 0.885156 0.213787 0.0140625 0.026178 0.00636292
44 0.283789 0.273997 0.0207031 0.082897 0.00636292
13 0.876563 0.95288 0.240625 0.0645724 0.00634003
41 0.373242 0.212914 0.0136719 0.0287958 0.00631332
40 0.442969 0.21466 0.015625 0.0283595 0.00629044
41 0.190234 0.800175 0.0242188 0.0191972 0.00629044
73 0.549609 0.961606 0.0875 0.0471204 0.00629044
71 0.742188 0.35733 0.0453125 0.0270506 0.00624084
74 0.56875 0.103512 0.0265625 0.0287958 0.006073
71 0.869531 0.361693 0.204688 0.0401396 0.00598145
39 0.35625 0.213351 0.0152344 0.0270506 0.00595856
71 0.833594 0.352967 0.121875 0.0139616 0.00595856
39 0.0873291 0.777487 0.0397949 0.0401396 0.00595856
41 0.314648 0.213133 0.0160156 0.0301047 0.00591278
41 0.405859 0.211606 0.0117188 0.0301047 0.00591278
39 0.417969 0.212914 0.0148437 0.0287958 0.005867
40 0.417188 0.219895 0.0171875 0.0453752 0.00584412
40 0.478906 0.248255 0.025 0.0322862 0.00584412
71 0.620313 0.357548 0.0578125 0.0257417 0.00584412
39 0.663281 0.219023 0.0148437 0.0427574 0.00584412
41 0.484375 0.22055 0.0171875 0.0488656 0.00582123
58 0.283984 0.33726 0.0710938 0.0340314 0.00579834
40 0.682813 0.233639 0.0234375 0.0715532 0.00577545
73 0.223828 0.800175 0.0390625 0.0209424 0.00575256
41 0.870313 0.253272 0.015625 0.0226876 0.00572968
41 0.463281 0.212478 0.0125 0.0322862 0.00572968
32 0.376465 0.521815 0.0220703 0.0235602 0.00570679
69 0.496094 0.490401 0.180469 0.21815 0.00566483
39 0.936719 0.158868 0.0203125 0.0443935 0.00564194
58 0.0833008 0.741274 0.0550781 0.0375218 0.00553513
58 0.898438 0.110384 0.053125 0.0527923 0.00551224
40 0.708594 0.212696 0.0125 0.0344677 0.00544739
41 0.577734 0.212914 0.0148437 0.030541 0.00540543
72 0.426953 0.900524 0.132812 0.167539 0.00540543
41 0.810938 0.212478 0.0125 0.0322862 0.00538635
41 0.14082 0.799302 0.0113281 0.0191972 0.00538635
75 0.162793 0.753927 0.0373047 0.0907504 0.00536346
40 0.552344 0.213569 0.0203125 0.0292321 0.0053215
40 0.310937 0.219677 0.015625 0.0405759 0.0053215
71 0.647656 0.35733 0.0390625 0.0287958 0.0053215
40 0.384375 0.329843 0.0226563 0.0270506 0.00526047
40 0.429688 0.250436 0.0226563 0.039267 0.00521851
39 0.885156 0.213787 0.0140625 0.026178 0.00518036
41 0.770312 0.250436 0.015625 0.0362129 0.00518036
72 0.5 0.450698 0.191406 0.300175 0.00518036
41 0.909375 0.213787 0.028125 0.034904 0.00516129
41 0.329492 0.248255 0.0128906 0.0322862 0.00516129
39 0.548047 0.213351 0.015625 0.0322862 0.0051384
41 0.385059 0.248255 0.0361328 0.04363 0.0051384
73 0.759375 0.36082 0.065625 0.030541 0.0051384
71 0.821875 0.351222 0.10625 0.0148342 0.00511932
24 0.310742 0.832461 0.112109 0.296684 0.00511932
40 0.377734 0.211824 0.01875 0.0248691 0.00510025
40 0.735938 0.225131 0.0382813 0.0541012 0.0050621
39 0.0895508 0.776614 0.0320312 0.0331588 0.0050621
41 0.875 0.153196 0.0203125 0.0548647 0.00503922
41 0.903125 0.157286 0.046875 0.0462478 0.00503922
32 0.694531 0.896161 0.025 0.026178 0.00503922
41 0.604688 0.213351 0.0273438 0.0318499 0.00502014
41 0.869531 0.249127 0.0171875 0.0287958 0.00502014
39 0.442969 0.21466 0.015625 0.0283595 0.00498199
74 0.563672 0.102094 0.0382813 0.0602094 0.00492477
41 0.428125 0.213787 0.021875 0.0314136 0.00492477
40 0.385156 0.224258 0.034375 0.0231239 0.00492477
