0 0.440234 0.611979 0.0601563 0.184375 0.84668
0 0.161523 0.6 0.0554687 0.1375 0.827148
0 0.269531 0.914583 0.108984 0.164583 0.754883
0 0.0276367 0.569792 0.034668 0.084375 0.663574
0 0.346094 0.554167 0.0160156 0.0510417 0.620605
0 0.709766 0.552083 0.021875 0.0729167 0.614258
0 0.798438 0.547396 0.01875 0.0677083 0.543945
0 0.401563 0.557292 0.0234375 0.05 0.490234
38 0.471094 0.636458 0.0289063 0.0677083 0.228149
0 0.620703 0.554167 0.0164063 0.0458333 0.193115
38 0.475 0.638542 0.0210938 0.0635417 0.165649
38 0.469531 0.615625 0.0320312 0.110417 0.069519
0 0.401953 0.55 0.0195312 0.0625 0.0671997
0 0.344922 0.551042 0.0222656 0.0604167 0.0632324
0 0.40625 0.554688 0.0171875 0.0541667 0.0598755
0 0.661719 0.543229 0.0140625 0.0291667 0.0580139
0 0.621484 0.565625 0.015625 0.025 0.0557251
0 0.0925781 0.577604 0.0324219 0.0364583 0.0483093
0 0.391406 0.55625 0.0164063 0.0458333 0.0395508
0 0.392188 0.547917 0.0171875 0.065625 0.0386047
38 0.402344 0.665625 0.0578125 0.05 0.0362244
0 0.0352661 0.573958 0.0322022 0.0697917 0.0344238
0 0.658594 0.543229 0.009375 0.0270833 0.0298767
34 0.468359 0.603125 0.0335938 0.135417 0.0273743
0 0.00645752 0.530729 0.012915 0.0510417 0.0259094
38 0.0417969 0.591667 0.0170898 0.025 0.0226288
38 0.186719 0.642708 0.0429688 0.0395833 0.0201721
0 0.903125 0.505208 0.0109375 0.01875 0.0198364
38 0.468359 0.60625 0.0335938 0.147917 0.0192719
34 0.471094 0.634375 0.0289063 0.0708333 0.018692
34 0.463281 0.601042 0.025 0.14375 0.0181274
38 0.460938 0.655208 0.01875 0.0677083 0.0178528
0 0.373047 0.554167 0.01875 0.0625 0.0177155
38 0.0530273 0.580729 0.0173828 0.0322917 0.0175171
38 0.381641 0.657292 0.015625 0.03125 0.0144501
38 0.0978516 0.577083 0.0382813 0.034375 0.0137405
0 0.0882813 0.573438 0.0240234 0.04375 0.0136871
0 0.801562 0.546875 0.0265625 0.0645833 0.0125732
0 0.468359 0.603125 0.0335938 0.135417 0.0123367
0 0.372266 0.564583 0.0140625 0.05625 0.0119629
38 0.460938 0.651042 0.0203125 0.0947917 0.0111618
1 0.0964844 0.577083 0.0388672 0.0354167 0.0107803
38 0.463281 0.601042 0.025 0.14375 0.0107803
38 0.0910156 0.578125 0.0296875 0.0354167 0.0102463
38 0.387109 0.660417 0.0273438 0.0375 0.0101318
38 0.4625 0.640625 0.0203125 0.0833333 0.0100555
0 0.0867188 0.564583 0.0199219 0.0541667 0.0100555
0 0.116992 0.53125 0.0175781 0.0291667 0.00891876
0 0.665625 0.541667 0.0171875 0.0291667 0.0086441
38 0.458594 0.664063 0.0203125 0.06875 0.00834656
0 0.340625 0.555208 0.0273438 0.05 0.008255
0 0.380469 0.557292 0.0234375 0.0479167 0.00806427
0 0.461719 0.602604 0.021875 0.1125 0.00772476
35 0.0417969 0.591667 0.0170898 0.025 0.00737381
0 0.373437 0.546354 0.0265625 0.06875 0.00709534
38 0.05 0.582813 0.0298828 0.0333333 0.00706482
0 0.463281 0.601042 0.025 0.14375 0.0068512
38 0.421094 0.60625 0.021875 0.0270833 0.00682449
0 0.0841797 0.544792 0.0177734 0.0916667 0.00674438
38 0.383984 0.655208 0.021875 0.03125 0.00634003
34 0.4625 0.640625 0.0203125 0.0833333 0.00621796
0 0.211719 0.525 0.0105469 0.0354167 0.00619125
34 0.460938 0.655208 0.01875 0.0677083 0.00595856
13 0.854688 0.5625 0.103125 0.0208333 0.00588989
38 0.176953 0.58125 0.021875 0.0458333 0.00542831
38 0.405859 0.672396 0.0664062 0.0635417 0.00538635
38 0.471484 0.645833 0.0335938 0.0760417 0.00538635
0 0.244141 0.536458 0.0125 0.01875 0.00526047
34 0.421094 0.60625 0.021875 0.0270833 0.00496292
38 0.142969 0.659375 0.0171875 0.025 0.00492477
0 0.365625 0.555729 0.0210938 0.0520833 0.00475693
38 0.421484 0.616667 0.0210938 0.021875 0.00473785
32 0.381641 0.657292 0.015625 0.03125 0.00471878
26 0.425391 0.580729 0.028125 0.0677083 0.00453949
38 0.621484 0.565625 0.015625 0.025 0.00453949
0 0.384766 0.544792 0.0179687 0.0677083 0.00446701
0 0.0417969 0.591667 0.0170898 0.025 0.00438309
0 0.087207 0.558333 0.0224609 0.0697917 0.00431442
0 0.389844 0.544271 0.015625 0.0708333 0.0042305
34 0.475 0.638542 0.0210938 0.0635417 0.00413513
0 0.79375 0.545833 0.0375 0.0677083 0.00413513
0 0.0816406 0.507812 0.0160156 0.0239583 0.00411606
56 0.0530273 0.580729 0.0173828 0.0322917 0.0041008
38 0.480469 0.643229 0.0359375 0.0583333 0.0041008
34 0.176953 0.58125 0.021875 0.0458333 0.00407028
38 0.400781 0.558333 0.0265625 0.0520833 0.0039444
38 0.310742 0.713542 0.0191406 0.0291667 0.00392914
13 0.910937 0.558333 0.0640625 0.0270833 0.00378036
0 0.258008 0.53125 0.0128906 0.0229167 0.0037365
26 0.435156 0.582292 0.0398437 0.071875 0.00367928
38 0.0751709 0.578646 0.0469238 0.0364583 0.0036068
0 0.0219727 0.520313 0.0161133 0.0510417 0.00356483
0 0.258984 0.538021 0.0121094 0.025 0.00348282
9 0.892188 0.473438 0.009375 0.0229167 0.00345612
13 0.186719 0.642708 0.0429688 0.0395833 0.00340271
1 0.0910156 0.578125 0.0296875 0.0354167 0.00332451
0 0.41875 0.566146 0.0195312 0.0447917 0.00331116
0 0.992188 0.522917 0.015625 0.0229167 0.00323486
0 0.705859 0.552083 0.0304688 0.075 0.00323486
13 0.898438 0.559375 0.05625 0.0229167 0.00319672
38 0.176611 0.571875 0.0217773 0.0552083 0.00317192
38 0.400684 0.658333 0.0548828 0.0375 0.00316048
0 0.261719 0.548958 0.0101563 0.0270833 0.00314713
0 0.665625 0.539062 0.0203125 0.0375 0.00311089
38 0.0724609 0.58125 0.0347656 0.03125 0.00298119
14 0.510938 0.963542 0.0359375 0.03125 0.00291252
0 0.917188 0.540625 0.0078125 0.0166667 0.00290108
0 0.096875 0.575 0.0410156 0.0385417 0.00288963
0 0.779688 0.496875 0.0109375 0.0145833 0.00284576
0 0.339844 0.544271 0.0261719 0.0635417 0.00282288
34 0.461719 0.602604 0.021875 0.1125 0.00281143
0 0.540625 0.535417 0.0164063 0.0354167 0.00274658
34 0.460938 0.651042 0.0203125 0.0947917 0.00274658
0 0.0901367 0.552083 0.0175781 0.0791667 0.00273705
26 0.458203 0.588542 0.021875 0.08125 0.0027256
13 0.898438 0.541667 0.05625 0.0208333 0.00259018
32 0.580469 0.479167 0.0078125 0.0145833 0.00258064
56 0.0978516 0.577083 0.0382813 0.034375 0.00257111
34 0.457813 0.595833 0.0203125 0.0958333 0.00255013
0 0.705469 0.56875 0.03125 0.0395833 0.00254059
26 0.176953 0.58125 0.021875 0.0458333 0.0024929
0 0.458203 0.588542 0.021875 0.08125 0.00248146
38 0.391797 0.657292 0.0382813 0.0354167 0.00248146
0 0.619531 0.542708 0.01875 0.06875 0.00247192
0 0.0608887 0.583854 0.0336914 0.0427083 0.00247192
0 0.892188 0.473438 0.009375 0.0229167 0.00245285
0 0.439063 0.571875 0.0546875 0.0979167 0.00237846
24 0.278906 0.871875 0.0851563 0.0770833 0.00237846
38 0.159863 0.572917 0.0330078 0.0416667 0.00229645
56 0.186768 0.641667 0.0428711 0.0427083 0.00227928
34 0.422656 0.5875 0.025 0.0635417 0.00221634
38 0.422656 0.5875 0.025 0.0635417 0.00218201
16 0.0964844 0.577083 0.0388672 0.0354167 0.00217438
0 0.0272949 0.515104 0.0203125 0.0364583 0.00216484
34 0.403125 0.668229 0.059375 0.0552083 0.00216484
13 0.0530273 0.580729 0.0173828 0.0322917 0.00215721
0 0.615234 0.552083 0.0320312 0.05 0.00211525
13 0.8125 0.567708 0.025 0.0208333 0.00211525
0 0.177002 0.547917 0.0194336 0.0385417 0.00210762
0 0.992188 0.555729 0.015625 0.0333333 0.00206757
38 0.145898 0.575 0.0230469 0.03125 0.00205803
13 0.383594 0.566667 0.0320312 0.05625 0.00200272
13 0.854688 0.567708 0.134375 0.025 0.00198746
0 0.935938 0.585417 0.0203125 0.0770833 0.00193405
13 0.8625 0.553646 0.1375 0.0270833 0.00193405
38 0.186719 0.577083 0.0226563 0.0270833 0.00189686
34 0.309375 0.7125 0.0171875 0.0291667 0.00186062
38 0.0882813 0.573438 0.0240234 0.04375 0.00181007
0 0.0530273 0.580729 0.0173828 0.0322917 0.00181007
0 0.708203 0.539583 0.0148437 0.084375 0.0018034
13 0.145898 0.575 0.0230469 0.03125 0.0018034
34 0.430859 0.580208 0.0382813 0.0791667 0.0018034
56 0.400781 0.558333 0.0265625 0.0520833 0.00178242
0 0.176953 0.58125 0.021875 0.0458333 0.00178242
38 0.460938 0.669792 0.0203125 0.0604167 0.00176811
0 0.541406 0.539583 0.01875 0.03125 0.00176144
0 0.310742 0.713542 0.0191406 0.0291667 0.00175476
13 0.859375 0.539062 0.0328125 0.01875 0.00172043
33 0.310742 0.713542 0.0191406 0.0291667 0.00172043
13 0.905469 0.541667 0.034375 0.01875 0.00171375
0 0.595313 0.542708 0.0140625 0.0229167 0.00170708
24 0.435156 0.582292 0.0398437 0.071875 0.00170708
13 0.872656 0.561458 0.0453125 0.01875 0.00167465
0 0.778906 0.50625 0.0171875 0.028125 0.0016613
0 0.0241455 0.555208 0.0271973 0.0989583 0.00161648
56 0.383594 0.566667 0.0320312 0.05625 0.00161076
13 0.785937 0.570833 0.0515625 0.0197917 0.00160408
56 0.0751709 0.578646 0.0469238 0.0364583 0.00159168
34 0.312891 0.731771 0.0242188 0.0666667 0.00159168
24 0.159863 0.572917 0.0330078 0.0416667 0.00158501
0 0.177734 0.614063 0.090625 0.107292 0.00156689
0 0.110742 0.530208 0.0207031 0.0354167 0.00154305
38 0.157422 0.65625 0.0421875 0.0270833 0.00154305
0 0.423438 0.584375 0.028125 0.0729167 0.00153637
34 0.176611 0.571875 0.0217773 0.0552083 0.0015192
34 0.458594 0.664063 0.0203125 0.06875 0.00150108
13 0.783594 0.546875 0.075 0.0520833 0.00150108
34 0.162305 0.569792 0.0324219 0.0395833 0.00149536
13 0.611328 0.567708 0.0390625 0.021875 0.00149536
38 0.0547852 0.5375 0.0216797 0.0229167 0.00148392
0 0.151758 0.536458 0.0152344 0.0375 0.00147247
38 0.461719 0.602604 0.021875 0.1125 0.00145531
13 0.0983398 0.578125 0.0408203 0.0333333 0.00145531
0 0.00732422 0.55625 0.0146484 0.09375 0.00143814
13 0.666406 0.54375 0.021875 0.0354167 0.00141048
56 0.05 0.582813 0.0298828 0.0333333 0.00141048
0 0.291602 0.604167 0.344922 0.145833 0.00139904
0 0.829688 0.527604 0.0171875 0.0291667 0.00139427
0 0.396875 0.5625 0.0398437 0.0614583 0.00138855
38 0.288086 0.51875 0.0214844 0.0270833 0.00136662
34 0.0417969 0.591667 0.0170898 0.025 0.00136662
32 0.309375 0.7125 0.0171875 0.0291667 0.00135612
13 0.644531 0.543229 0.0328125 0.0239583 0.00135136
38 0.620703 0.554167 0.0164063 0.0458333 0.00134563
56 0.346094 0.554167 0.0160156 0.0510417 0.00134563
0 0.613281 0.559375 0.0359375 0.0364583 0.00133514
38 0.311914 0.716667 0.0222656 0.0375 0.00133514
0 0.328711 0.554688 0.0460938 0.0395833 0.00133514
56 0.371484 0.56875 0.0117188 0.05625 0.00131512
13 0.606641 0.563542 0.0523438 0.0239583 0.00130463
38 0.0389526 0.592708 0.0338135 0.0375 0.00129414
13 0.8 0.547917 0.021875 0.065625 0.00128937
13 0.665625 0.541667 0.0171875 0.0291667 0.0012846
34 0.421484 0.616667 0.0210938 0.021875 0.00127888
56 0.0352661 0.573958 0.0322022 0.0697917 0.00127411
13 0.380078 0.578125 0.0273438 0.0416667 0.00127411
24 0.285352 0.884375 0.0746094 0.0979167 0.00126934
34 0.440625 0.609375 0.0609375 0.177083 0.00126457
0 0.233594 0.534896 0.015625 0.0208333 0.00124931
56 0.0276367 0.569792 0.034668 0.084375 0.00124931
0 0.383594 0.566667 0.0320312 0.05625 0.00124454
38 0.157324 0.644792 0.0455078 0.0520833 0.00124454
34 0.311914 0.716667 0.0222656 0.0375 0.00124454
24 0.2875 0.908333 0.071875 0.141667 0.00124454
13 0.809375 0.563021 0.021875 0.0270833 0.00123978
32 0.396094 0.488542 0.015625 0.0270833 0.0012207
0 0.40625 0.559375 0.0359375 0.05625 0.00121117
0 0.86875 0.539583 0.0125 0.0166667 0.0012064
38 0.0352661 0.573958 0.0322022 0.0697917 0.00119686
1 0.0530273 0.580729 0.0173828 0.0322917 0.00119686
56 0.8 0.547917 0.021875 0.065625 0.00119686
0 0.0608398 0.571875 0.112695 0.0770833 0.00119209
2 0.64375 0.521875 0.028125 0.0270833 0.00117874
0 0.176611 0.571875 0.0217773 0.0552083 0.0011692
0 0.939063 0.585938 0.0171875 0.0791667 0.00116539
32 0.0417969 0.591667 0.0170898 0.025 0.00115108
0 0.277734 0.728646 0.467969 0.467708 0.00115108
38 0.709375 0.584896 0.0265625 0.015625 0.0011425
0 0.186768 0.641667 0.0428711 0.0427083 0.00113773
13 0.371484 0.56875 0.0117188 0.05625 0.00113392
56 0.0910156 0.578125 0.0296875 0.0354167 0.00113392
38 0.145313 0.580208 0.0261719 0.0395833 0.00113392
0 0.654297 0.536979 0.0140625 0.0364583 0.00112438
13 0.05 0.582813 0.0298828 0.0333333 0.00112057
0 0.133398 0.530729 0.0175781 0.0302083 0.0011158
38 0.133789 0.588542 0.0203125 0.01875 0.00111198
24 0.166992 0.565625 0.0363281 0.0416667 0.00109482
13 0.613281 0.559375 0.0359375 0.0364583 0.00109482
56 0.658594 0.543229 0.009375 0.0270833 0.00109005
13 0.658594 0.543229 0.009375 0.0270833 0.00108624
56 0.665625 0.541667 0.0171875 0.0291667 0.00108624
0 0.159863 0.572917 0.0330078 0.0416667 0.00108147
38 0.456641 0.68125 0.025 0.0395833 0.00108147
0 0.396094 0.488542 0.015625 0.0270833 0.00107765
56 0.0417969 0.591667 0.0170898 0.025 0.00107288
13 0.329297 0.563542 0.0492188 0.0322917 0.00106525
13 0.400781 0.558333 0.0265625 0.0520833 0.00106525
0 0.471094 0.634375 0.0289063 0.0708333 0.00106525
13 0.0751709 0.578646 0.0469238 0.0364583 0.00106049
13 0.758203 0.569792 0.132031 0.0270833 0.00106049
58 0.665625 0.541667 0.0171875 0.0291667 0.00105667
0 0.31543 0.6125 0.421484 0.175 0.00104809
2 0.665625 0.541667 0.0171875 0.0291667 0.00103188
38 0.402344 0.570312 0.0257812 0.071875 0.00103188
13 0.843555 0.567708 0.153516 0.03125 0.00100803
35 0.176953 0.58125 0.021875 0.0458333 0.00100803
33 0.0271973 0.565625 0.0335938 0.0875 0.00100422
13 0.710938 0.553125 0.025 0.0729167 0.00100422
0 0.440234 0.6125 0.0601563 0.185417 0.86377
0 0.161621 0.6 0.0556641 0.1375 0.838379
0 0.269336 0.914583 0.108984 0.164583 0.756348
0 0.0275879 0.569792 0.034668 0.084375 0.692871
0 0.346094 0.554167 0.0164063 0.0510417 0.650391
0 0.709375 0.552083 0.021875 0.0729167 0.640625
0 0.799219 0.547917 0.021875 0.0645833 0.577637
0 0.401563 0.557292 0.0234375 0.05 0.53418
38 0.471094 0.636979 0.028125 0.0666667 0.255371
0 0.620313 0.554167 0.0171875 0.046875 0.254639
38 0.475 0.638542 0.0210938 0.0625 0.188354
0 0.621094 0.564583 0.015625 0.0291667 0.0836182
0 0.344922 0.551042 0.021875 0.0604167 0.0809326
0 0.401953 0.549479 0.0195312 0.0614583 0.0800781
38 0.469531 0.624479 0.03125 0.0927083 0.076416
0 0.0917969 0.577604 0.03125 0.0364583 0.0654907
0 0.662109 0.542708 0.0132813 0.0302083 0.0639648
0 0.40625 0.555208 0.0179687 0.0541667 0.0617676
0 0.0982422 0.577083 0.0378906 0.0354167 0.0608521
0 0.391406 0.547917 0.0171875 0.0645833 0.0466309
0 0.0358887 0.574479 0.0310547 0.0677083 0.0454407
38 0.402344 0.665625 0.0578125 0.05 0.0437012
0 0.658594 0.543229 0.009375 0.028125 0.041626
0 0.391016 0.55625 0.015625 0.0458333 0.0403137
0 0.00651855 0.530729 0.0130371 0.0510417 0.0325317
38 0.0417969 0.591146 0.0171875 0.025 0.0304413
38 0.186719 0.642708 0.0425781 0.0395833 0.0284424
0 0.903125 0.505208 0.0109375 0.01875 0.0266113
0 0.373047 0.554688 0.01875 0.0645833 0.0259094
38 0.0532227 0.580729 0.0173828 0.0333333 0.025177
34 0.467969 0.602083 0.0328125 0.1375 0.0236969
38 0.467969 0.602083 0.0328125 0.1375 0.0231476
0 0.0878906 0.572917 0.0234375 0.04375 0.0220795
38 0.460938 0.655208 0.01875 0.0666667 0.0200958
34 0.471094 0.635417 0.028125 0.0708333 0.0192719
38 0.381641 0.657292 0.0164063 0.03125 0.0191193
38 0.0982422 0.577083 0.0378906 0.0354167 0.0189819
0 0.372266 0.564583 0.0140625 0.0583333 0.0177155
34 0.4625 0.601042 0.0234375 0.14375 0.0167847
34 0.469531 0.624479 0.03125 0.0927083 0.0166626
0 0.467969 0.602083 0.0328125 0.1375 0.0152512
0 0.116992 0.53125 0.0177734 0.0291667 0.0149536
0 0.0865234 0.564583 0.0197266 0.0541667 0.0140076
0 0.665625 0.541667 0.0171875 0.0291667 0.0137405
1 0.0964844 0.577083 0.0388672 0.0354167 0.0134811
38 0.387109 0.660417 0.0273438 0.0375 0.0121918
38 0.461328 0.651042 0.0203125 0.0947917 0.0119629
0 0.37959 0.55625 0.0220703 0.0479167 0.0118713
38 0.0908203 0.577604 0.0294922 0.0364583 0.0118713
0 0.340625 0.555208 0.0273438 0.05 0.0116425
0 0.373047 0.546875 0.0265625 0.0708333 0.0110703
38 0.0509277 0.582292 0.028125 0.0333333 0.0100555
0 0.461719 0.602083 0.021875 0.1125 0.00989532
38 0.4625 0.601042 0.0234375 0.14375 0.00985718
38 0.458594 0.664583 0.0203125 0.0666667 0.00945282
0 0.380859 0.548958 0.021875 0.0604167 0.00871277
0 0.244141 0.535938 0.0125 0.0197917 0.00844574
38 0.383984 0.655208 0.021875 0.03125 0.00796509
0 0.385156 0.544792 0.0171875 0.0677083 0.0078125
0 0.0841797 0.544271 0.0177734 0.090625 0.00760651
38 0.177148 0.581771 0.0214844 0.04375 0.00757599
35 0.0417969 0.591146 0.0171875 0.025 0.00740433
0 0.0871094 0.558333 0.0226563 0.0708333 0.00706482
38 0.421484 0.60625 0.021875 0.028125 0.00703812
0 0.211719 0.523958 0.0105469 0.0354167 0.00653839
0 0.0417969 0.591146 0.0171875 0.025 0.00643921
0 0.258008 0.53125 0.0128906 0.0239583 0.00636292
38 0.471875 0.645833 0.0328125 0.0770833 0.00626373
34 0.4625 0.640625 0.0203125 0.0822917 0.006073
0 0.0816406 0.507812 0.0162109 0.025 0.00602722
34 0.460938 0.655208 0.01875 0.0666667 0.00593567
0 0.366016 0.55625 0.021875 0.0520833 0.00575256
0 0.619141 0.543229 0.01875 0.06875 0.00564194
38 0.142969 0.659375 0.0175781 0.025 0.00561905
0 0.258984 0.5375 0.0125 0.025 0.00551224
38 0.480469 0.642708 0.0359375 0.0583333 0.00547028
56 0.0532227 0.580729 0.0173828 0.0333333 0.00530243
38 0.621094 0.564583 0.015625 0.0291667 0.00521851
0 0.992188 0.523438 0.015625 0.021875 0.00518036
32 0.381641 0.657292 0.0164063 0.03125 0.00518036
0 0.540625 0.535417 0.0164063 0.0354167 0.00516129
0 0.665625 0.539062 0.0203125 0.0375 0.00516129
26 0.425391 0.580208 0.028125 0.0666667 0.0051384
34 0.421484 0.60625 0.021875 0.028125 0.00498199
38 0.0748047 0.578125 0.0460938 0.0375 0.00488663
0 0.0218994 0.520833 0.0160645 0.05 0.00486755
38 0.421484 0.616667 0.0210938 0.0208333 0.00479126
38 0.401172 0.558854 0.0265625 0.0510417 0.00468063
34 0.177148 0.581771 0.0214844 0.04375 0.00462723
34 0.475 0.638542 0.0210938 0.0625 0.00455475
0 0.0898438 0.552083 0.0179687 0.0791667 0.00439835
38 0.310547 0.713542 0.01875 0.0291667 0.00439835
0 0.418359 0.565625 0.01875 0.04375 0.00429916
0 0.615625 0.552083 0.03125 0.05 0.00419998
13 0.85625 0.561458 0.1 0.0208333 0.00419998
13 0.186719 0.642708 0.0425781 0.0395833 0.00400543
0 0.917188 0.540625 0.0078125 0.0166667 0.00395966
38 0.0723145 0.580729 0.034668 0.0322917 0.0039444
0 0.469531 0.624479 0.03125 0.0927083 0.0039444
26 0.435547 0.582292 0.0390625 0.0708333 0.00390053
0 0.79375 0.545833 0.0359375 0.0677083 0.00390053
0 0.339844 0.544792 0.0257812 0.0645833 0.00382423
26 0.177148 0.581771 0.0214844 0.04375 0.00382423
0 0.779883 0.496875 0.0121094 0.0145833 0.00379562
38 0.176953 0.572917 0.0214844 0.0520833 0.00358009
13 0.910937 0.558333 0.0609375 0.025 0.00353813
0 0.705469 0.566667 0.03125 0.0458333 0.00353813
38 0.400684 0.658333 0.0548828 0.0375 0.00353813
9 0.892188 0.473438 0.009375 0.0229167 0.00349617
0 0.261719 0.548958 0.0101563 0.0270833 0.00349617
32 0.580469 0.479167 0.0078125 0.0145833 0.00325966
0 0.892188 0.473438 0.009375 0.0229167 0.00321007
0 0.457813 0.595833 0.0203125 0.0958333 0.00321007
0 0.438672 0.571875 0.0539063 0.0979167 0.00300407
56 0.0982422 0.577083 0.0378906 0.0354167 0.00298119
0 0.0614258 0.583333 0.0316406 0.0416667 0.00298119
0 0.177148 0.581771 0.0214844 0.04375 0.0029583
0 0.595313 0.542708 0.0140625 0.0229167 0.00290108
26 0.457813 0.588021 0.021875 0.0802083 0.00287819
13 0.9 0.559375 0.05 0.0229167 0.00286674
0 0.0273315 0.515625 0.0201416 0.0354167 0.00282288
56 0.18667 0.641667 0.0422852 0.0416667 0.00282288
13 0.9 0.541667 0.053125 0.0208333 0.00281143
38 0.145313 0.575 0.0238281 0.03125 0.00279045
0 0.778906 0.506771 0.0171875 0.0291667 0.00277901
14 0.510938 0.963542 0.0359375 0.03125 0.00277901
0 0.176953 0.547917 0.0195312 0.0375 0.0027256
0 0.934375 0.585417 0.021875 0.0770833 0.00269318
34 0.457813 0.595833 0.0203125 0.0958333 0.00269318
16 0.0964844 0.577083 0.0388672 0.0354167 0.00268364
38 0.159375 0.572917 0.03125 0.040625 0.00268364
0 0.0532227 0.580729 0.0173828 0.0333333 0.00266266
24 0.278906 0.871875 0.0851563 0.075 0.00266266
0 0.992188 0.555729 0.015625 0.0333333 0.00261116
0 0.0239502 0.555208 0.0268066 0.0979167 0.00260162
38 0.0878906 0.572917 0.0234375 0.04375 0.00250244
13 0.0532227 0.580729 0.0173828 0.0333333 0.00250244
0 0.110547 0.530208 0.0207031 0.0354167 0.00244331
38 0.422656 0.5875 0.025 0.0635417 0.00240517
0 0.707812 0.539583 0.015625 0.0854167 0.00234222
38 0.094043 0.573958 0.0353516 0.0395833 0.00232315
34 0.422656 0.5875 0.025 0.0635417 0.00231361
38 0.186719 0.577083 0.0234375 0.0270833 0.00229645
13 0.8125 0.567708 0.025 0.0208333 0.00227928
0 0.423438 0.583854 0.028125 0.0729167 0.00225258
34 0.402734 0.667708 0.059375 0.0541667 0.00225258
13 0.145313 0.575 0.0238281 0.03125 0.00221634
38 0.288281 0.519271 0.0210938 0.028125 0.00220871
0 0.653906 0.536458 0.0140625 0.0375 0.00219154
38 0.39209 0.65625 0.0392578 0.0354167 0.00219154
0 0.233594 0.534375 0.015625 0.0208333 0.00211525
13 0.382422 0.565625 0.0296875 0.05625 0.00209999
0 0.133301 0.53125 0.0177734 0.03125 0.00209045
0 0.15166 0.536458 0.0154297 0.0375 0.00208282
38 0.0547852 0.5375 0.0216797 0.0229167 0.00208282
34 0.30918 0.7125 0.0171875 0.0291667 0.0020752
56 0.0748047 0.578125 0.0460938 0.0375 0.00206757
0 0.382422 0.565625 0.0296875 0.05625 0.00205803
56 0.0509277 0.582292 0.028125 0.0333333 0.00200272
13 0.859375 0.538542 0.03125 0.01875 0.0019722
0 0.310547 0.713542 0.01875 0.0291667 0.00196457
0 0.703906 0.55 0.0265625 0.0697917 0.00195694
24 0.159375 0.572917 0.03125 0.040625 0.00194168
0 0.00734863 0.55625 0.0146973 0.09375 0.00193405
56 0.401172 0.558854 0.0265625 0.0510417 0.00192642
0 0.829688 0.527083 0.0171875 0.0291667 0.00191879
56 0.382422 0.565625 0.0296875 0.05625 0.00189686
0 0.327539 0.554167 0.0433594 0.0385417 0.00188255
13 0.90625 0.541667 0.034375 0.01875 0.00187492
34 0.430078 0.580729 0.0367188 0.0770833 0.00187492
0 0.603125 0.520833 0.0164063 0.0229167 0.00183868
38 0.460938 0.670833 0.0203125 0.0583333 0.00183105
13 0.611719 0.566667 0.0375 0.0229167 0.00181007
0 0.396094 0.488542 0.015625 0.0270833 0.00179577
0 0.623047 0.561458 0.0203125 0.03125 0.00176144
34 0.312695 0.73125 0.0242188 0.0666667 0.00171375
0 0.241992 0.532292 0.0207031 0.0239583 0.00170708
13 0.8 0.547917 0.021875 0.0645833 0.00169373
35 0.177148 0.581771 0.0214844 0.04375 0.00168705
2 0.644531 0.521875 0.0265625 0.0270833 0.00168133
0 0.86875 0.539583 0.0125 0.0166667 0.00168133
34 0.176953 0.572917 0.0214844 0.0520833 0.00168133
13 0.789062 0.570833 0.0453125 0.0208333 0.00168133
34 0.0417969 0.591146 0.0171875 0.025 0.00167465
24 0.435547 0.582292 0.0390625 0.0708333 0.00166798
34 0.161914 0.569792 0.0316406 0.0395833 0.00165462
38 0.311914 0.716667 0.021875 0.0364583 0.00165462
38 0.620313 0.554167 0.0171875 0.046875 0.0016489
38 0.0358887 0.574479 0.0310547 0.0677083 0.0016489
0 0.557031 0.542708 0.0140625 0.0229167 0.00164223
0 0.701172 0.551042 0.0398437 0.0708333 0.00163555
33 0.310547 0.713542 0.01875 0.0291667 0.00162888
56 0.0358887 0.574479 0.0310547 0.0677083 0.00162315
38 0.406152 0.670833 0.0673828 0.0625 0.00162315
13 0.666406 0.54375 0.021875 0.0354167 0.00161648
0 0.40625 0.559375 0.0359375 0.05625 0.00161076
0 0.18667 0.641667 0.0422852 0.0416667 0.00161076
0 0.939063 0.585938 0.01875 0.0791667 0.00160408
38 0.0390137 0.591667 0.0333008 0.0375 0.00157928
0 0.396875 0.5625 0.040625 0.0614583 0.00157928
38 0.157422 0.65625 0.0425781 0.0270833 0.00157356
34 0.458594 0.664583 0.0203125 0.0666667 0.00157356
0 0.75625 0.529167 0.015625 0.0291667 0.00156116
13 0.665625 0.541667 0.0171875 0.0291667 0.00156116
0 0.233203 0.530208 0.0160156 0.0229167 0.00155449
13 0.0984375 0.578125 0.0410156 0.0333333 0.00154877
56 0.371484 0.567708 0.0125 0.0583333 0.00153637
13 0.835938 0.5625 0.053125 0.01875 0.00153065
56 0.346094 0.554167 0.0164063 0.0510417 0.00153065
56 0.8 0.547917 0.021875 0.0645833 0.00153065
13 0.645312 0.542708 0.03125 0.025 0.00152493
1 0.0532227 0.580729 0.0173828 0.0333333 0.00152493
0 0.208984 0.525 0.0125 0.040625 0.0015192
56 0.665625 0.541667 0.0171875 0.0291667 0.00150108
34 0.311914 0.716667 0.021875 0.0364583 0.00150108
0 0.471094 0.635417 0.028125 0.0708333 0.00149536
32 0.30918 0.7125 0.0171875 0.0291667 0.00149536
0 0.176953 0.572917 0.0214844 0.0520833 0.00148964
0 0.181445 0.631771 0.0496094 0.0677083 0.00148964
13 0.607031 0.5625 0.0515625 0.025 0.00147247
13 0.85625 0.567708 0.13125 0.025 0.00147247
56 0.0417969 0.591146 0.0171875 0.025 0.00144386
38 0.13418 0.586979 0.0212891 0.0197917 0.00144386
13 0.810156 0.5625 0.021875 0.0270833 0.00143814
38 0.157422 0.645313 0.0457031 0.0520833 0.00142097
13 0.379297 0.578125 0.0265625 0.0416667 0.00141621
0 0.709375 0.584896 0.0265625 0.015625 0.00141621
0 0.898438 0.505208 0.0140625 0.0208333 0.00140476
56 0.658594 0.543229 0.009375 0.028125 0.00139904
13 0.0509277 0.582292 0.028125 0.0333333 0.00138855
56 0.0723145 0.580729 0.034668 0.0322917 0.00137806
24 0.285156 0.885417 0.075 0.0979167 0.00137806
38 0.709375 0.584896 0.0265625 0.015625 0.00137234
0 0.989453 0.542708 0.0210938 0.0625 0.00136662
32 0.396094 0.488542 0.015625 0.0270833 0.00136185
58 0.665625 0.541667 0.0171875 0.0291667 0.00135612
24 0.287305 0.909375 0.0722656 0.14375 0.00134563
56 0.0275879 0.569792 0.034668 0.084375 0.00133514
0 0.953906 0.50625 0.0140625 0.0125 0.00133038
0 0.283398 0.521875 0.0183594 0.0208333 0.00133038
13 0.878906 0.561458 0.0296875 0.01875 0.00132465
56 0.0908203 0.577604 0.0294922 0.0364583 0.00132465
32 0.0417969 0.591146 0.0171875 0.025 0.00131989
0 0.177148 0.615104 0.090625 0.105208 0.00131989
38 0.0851563 0.551563 0.0195312 0.0875 0.00129986
0 0.288281 0.519271 0.0210938 0.028125 0.00128937
13 0.784375 0.546875 0.0765625 0.0520833 0.0012846
36 0.439844 0.684375 0.0328125 0.0395833 0.00127888
13 0.0748047 0.578125 0.0460938 0.0375 0.0012598
13 0.658594 0.543229 0.009375 0.028125 0.00125504
36 0.405371 0.671875 0.0658203 0.0625 0.00124931
38 0.283398 0.521875 0.0183594 0.0208333 0.00124454
0 0.78125 0.523438 0.0171875 0.025 0.00124454
0 0.557813 0.534375 0.015625 0.0333333 0.00123978
0 0.291016 0.91875 0.065625 0.158333 0.00123978
0 0.663281 0.535417 0.0171875 0.05 0.00123501
13 0.613281 0.557292 0.0351562 0.0416667 0.00123024
13 0.329297 0.563542 0.0476562 0.0333333 0.00123024
2 0.665625 0.541667 0.0171875 0.0291667 0.00122547
0 0.112207 0.541667 0.0228516 0.0489583 0.0012207
0 0.159375 0.572917 0.03125 0.040625 0.0012207
0 0.175977 0.564583 0.0226563 0.0541667 0.00121117
13 0.371484 0.567708 0.0125 0.0583333 0.00121117
13 0.865625 0.552604 0.134375 0.0260417 0.00120163
38 0.181445 0.631771 0.0496094 0.0677083 0.00119686
34 0.421484 0.616667 0.0210938 0.0208333 0.00119209
2 0.9875 0.5125 0.025 0.0208333 0.00118828
24 0.166992 0.565625 0.0359375 0.0416667 0.00117874
2 0.953906 0.50625 0.0140625 0.0125 0.0011692
38 0.457031 0.684375 0.025 0.0333333 0.00116062
24 0.0417969 0.591146 0.0171875 0.025 0.00115108
38 0.611719 0.566667 0.0375 0.0229167 0.0011425
0 0.289014 0.604167 0.343848 0.14375 0.00113773
58 0.0980469 0.577083 0.0402344 0.0354167 0.00113392
34 0.440625 0.609375 0.0609375 0.178125 0.00113392
38 0.0871094 0.558333 0.0226563 0.0708333 0.00112057
38 0.401953 0.569792 0.0265625 0.0708333 0.00110722
26 0.176953 0.572917 0.0214844 0.0520833 0.0011034
13 0.9875 0.554167 0.025 0.0416667 0.00109482
0 0.45625 0.569792 0.021875 0.0927083 0.00109005
13 0.710938 0.553125 0.025 0.071875 0.00109005
56 0.288281 0.519271 0.0210938 0.028125 0.00108624
13 0.13418 0.586979 0.0212891 0.0197917 0.00106907
13 0.401172 0.558854 0.0265625 0.0510417 0.00106525
36 0.709375 0.584375 0.0265625 0.01875 0.00106525
0 0.582422 0.519271 0.0117188 0.021875 0.00105667
0 0.842188 0.465625 0.0125 0.01875 0.00104809
0 0.146582 0.532292 0.0205078 0.0354167 0.00103664
1 0.0748047 0.578125 0.0460938 0.0375 0.00102425
38 0.0828125 0.544792 0.0197266 0.1 0.00102043
56 0.145313 0.575 0.0238281 0.03125 0.00102043
2 0.639063 0.510938 0.0375 0.01875 0.00101185
0 0.285156 0.885417 0.075 0.0979167 0.00100803
24 0.425391 0.580208 0.028125 0.0666667 0.00100422
0 0.440234 0.611979 0.0601563 0.185417 0.863281
0 0.161523 0.6 0.0558594 0.1375 0.835938
0 0.269336 0.914583 0.109375 0.164583 0.726562
0 0.0275879 0.569271 0.034668 0.084375 0.710449
0 0.346094 0.554167 0.0164063 0.0510417 0.663574
0 0.709375 0.552083 0.021875 0.071875 0.65918
0 0.799219 0.548438 0.021875 0.0645833 0.602051
0 0.401563 0.557292 0.0234375 0.05 0.560059
38 0.471094 0.636979 0.028125 0.0666667 0.29248
0 0.620313 0.554167 0.0171875 0.046875 0.282227
38 0.475 0.638542 0.021875 0.0625 0.209473
0 0.621094 0.563542 0.015625 0.0291667 0.0957031
0 0.344922 0.551042 0.021875 0.0604167 0.0933228
0 0.401953 0.549479 0.0195312 0.0614583 0.0897827
0 0.0964844 0.577083 0.0390625 0.0354167 0.0766602
0 0.662109 0.542708 0.0132813 0.03125 0.0703125
0 0.40625 0.554688 0.01875 0.053125 0.0663452
38 0.402344 0.665625 0.0578125 0.05 0.0545959
0 0.390625 0.547917 0.0171875 0.0645833 0.0538025
0 0.0367188 0.575 0.0299805 0.0666667 0.0533142
0 0.658594 0.543229 0.009375 0.028125 0.0469055
0 0.390625 0.55625 0.015625 0.0458333 0.0428772
38 0.0418945 0.591146 0.0173828 0.025 0.0399475
38 0.186719 0.642708 0.0425781 0.0395833 0.0393372
0 0.00644531 0.527083 0.0128906 0.0479167 0.0365601
38 0.0533691 0.580729 0.0174805 0.0333333 0.035675
0 0.372852 0.554167 0.0183594 0.0645833 0.0307922
0 0.903125 0.505208 0.0109375 0.01875 0.0303345
0 0.0875 0.572917 0.0230469 0.0447917 0.0288696
38 0.470313 0.61875 0.034375 0.108333 0.0275879
38 0.467969 0.602604 0.0328125 0.136458 0.0269623
38 0.382031 0.657292 0.0164063 0.03125 0.0261536
38 0.0982422 0.576563 0.0378906 0.034375 0.0253754
38 0.460938 0.655729 0.01875 0.0677083 0.0236969
0 0.372266 0.563542 0.0140625 0.0604167 0.0205688
34 0.467969 0.602604 0.0328125 0.136458 0.0197144
0 0.116992 0.530729 0.0175781 0.0291667 0.0193024
34 0.471094 0.635417 0.028125 0.0697917 0.0175781
0 0.665625 0.541667 0.0171875 0.0291667 0.0171814
1 0.0964844 0.577083 0.0390625 0.0354167 0.0167236
0 0.0865234 0.564583 0.0199219 0.0541667 0.0164642
34 0.4625 0.601042 0.0226563 0.14375 0.0153046
0 0.372852 0.546875 0.0261719 0.0708333 0.0145569
38 0.051709 0.582292 0.0272461 0.0333333 0.0145569
38 0.4625 0.640625 0.0195312 0.0822917 0.014389
38 0.0910156 0.577604 0.0300781 0.0364583 0.0142288
38 0.3875 0.660417 0.0273438 0.0375 0.0141754
0 0.379785 0.555729 0.0216797 0.05 0.0136337
0 0.467969 0.602604 0.0328125 0.136458 0.0131226
0 0.340625 0.555208 0.0273438 0.05 0.0125275
38 0.4625 0.601042 0.0226563 0.14375 0.0122375
38 0.177344 0.582813 0.0210938 0.0416667 0.0116882
38 0.458594 0.664583 0.0203125 0.0666667 0.0110321
0 0.461719 0.602083 0.021875 0.1125 0.0106506
0 0.381348 0.548958 0.0216797 0.0604167 0.0104523
0 0.385156 0.544792 0.0171875 0.0677083 0.0102921
38 0.383691 0.655208 0.0216797 0.03125 0.0102463
0 0.243945 0.535417 0.0125 0.0208333 0.01017
0 0.0871094 0.557813 0.0230469 0.0708333 0.00901794
0 0.084082 0.54375 0.0181641 0.0916667 0.00878143
0 0.540625 0.535417 0.0171875 0.0354167 0.00837708
0 0.619141 0.543229 0.01875 0.06875 0.00831604
0 0.258008 0.53125 0.0128906 0.0239583 0.008255
38 0.421484 0.60625 0.021875 0.0270833 0.00815582
0 0.211719 0.523958 0.0105469 0.0354167 0.00754929
0 0.0816406 0.508333 0.0164063 0.025 0.00748825
0 0.0418945 0.591146 0.0173828 0.025 0.00723267
38 0.471875 0.645833 0.0335938 0.0770833 0.00723267
38 0.0746582 0.578125 0.0459961 0.0375 0.00709534
0 0.366406 0.55625 0.021875 0.0520833 0.00703812
0 0.258984 0.5375 0.0125 0.0260417 0.0069046
35 0.0418945 0.591146 0.0173828 0.025 0.00682449
0 0.992188 0.523438 0.015625 0.021875 0.00677109
38 0.480469 0.642708 0.0359375 0.0583333 0.00674438
38 0.143359 0.659375 0.0183594 0.025 0.00671768
38 0.621094 0.563542 0.015625 0.0291667 0.00658798
0 0.665625 0.539062 0.0203125 0.0375 0.0064888
0 0.021875 0.520833 0.0162109 0.05 0.00629044
56 0.0533691 0.580729 0.0174805 0.0333333 0.005867
0 0.615625 0.552083 0.03125 0.05 0.00568771
38 0.401172 0.558854 0.0265625 0.0510417 0.00561905
38 0.0722656 0.580208 0.0349609 0.0333333 0.00557709
34 0.4625 0.640625 0.0195312 0.0822917 0.0055542
34 0.460938 0.655729 0.01875 0.0677083 0.00548935
32 0.382031 0.657292 0.0164063 0.03125 0.00547028
38 0.421484 0.617188 0.0210938 0.0208333 0.00542831
26 0.425 0.580208 0.028125 0.0666667 0.00526047
38 0.310547 0.713021 0.01875 0.0291667 0.00510025
0 0.417969 0.565625 0.01875 0.04375 0.00494385
34 0.421484 0.60625 0.021875 0.0270833 0.00492477
34 0.177344 0.582813 0.0210938 0.0416667 0.00481033
38 0.176904 0.573958 0.0211914 0.05 0.00477219
26 0.177344 0.582813 0.0210938 0.0416667 0.00468063
0 0.339648 0.54375 0.0257812 0.0625 0.0046463
0 0.917188 0.540625 0.0078125 0.0166667 0.00446701
0 0.779883 0.496875 0.0121094 0.0145833 0.00432968
34 0.475 0.638542 0.021875 0.0625 0.00428009
0 0.705469 0.565625 0.03125 0.0458333 0.00415039
38 0.400684 0.658333 0.0548828 0.0375 0.00405502
32 0.580469 0.479167 0.0078125 0.0145833 0.00400543
38 0.145117 0.575 0.0242188 0.03125 0.00399017
0 0.79375 0.545833 0.0359375 0.06875 0.00397491
9 0.892188 0.472917 0.009375 0.0229167 0.00380898
26 0.435937 0.581771 0.0375 0.0708333 0.00380898
0 0.177344 0.582813 0.0210938 0.0416667 0.00380898
13 0.186719 0.642708 0.0425781 0.0395833 0.00380898
0 0.457813 0.595833 0.0203125 0.0958333 0.00378036
0 0.261914 0.548438 0.0101563 0.0270833 0.00378036
0 0.438672 0.571354 0.0539063 0.0979167 0.00376511
0 0.778906 0.507292 0.0171875 0.0302083 0.0037365
0 0.594922 0.542188 0.0140625 0.0239583 0.00367928
0 0.0621094 0.583333 0.0306641 0.0427083 0.00366402
38 0.158984 0.572917 0.0308594 0.0395833 0.0036068
38 0.288281 0.519271 0.0210938 0.028125 0.00356483
38 0.0875 0.572917 0.0230469 0.0447917 0.00356483
0 0.0240723 0.555208 0.0269531 0.0979167 0.00351143
0 0.892188 0.472917 0.009375 0.0229167 0.00348282
13 0.910937 0.558333 0.059375 0.025 0.00345612
0 0.0272949 0.515625 0.0207031 0.0375 0.00341606
0 0.469531 0.630208 0.03125 0.08125 0.00337601
0 0.176953 0.547396 0.0195312 0.0375 0.00325966
38 0.054834 0.5375 0.0217773 0.0229167 0.00324821
13 0.85625 0.561458 0.096875 0.0208333 0.00323486
0 0.110547 0.530208 0.0207031 0.0354167 0.00317192
0 0.992188 0.555729 0.015625 0.0333333 0.00309944
38 0.0943359 0.573958 0.0359375 0.040625 0.00307465
13 0.9 0.541667 0.05 0.0208333 0.00305176
0 0.653906 0.536458 0.0140625 0.0375 0.00301552
0 0.934375 0.585417 0.0203125 0.0770833 0.00300407
56 0.0982422 0.576563 0.0378906 0.034375 0.00298119
0 0.0533691 0.580729 0.0174805 0.0333333 0.00296974
56 0.186914 0.641667 0.0421875 0.0416667 0.0029583
38 0.186719 0.577083 0.0230469 0.0270833 0.00293541
0 0.133301 0.53125 0.0179687 0.03125 0.00290108
38 0.422656 0.5875 0.025 0.0625 0.0028553
34 0.457813 0.595833 0.0203125 0.0958333 0.00281143
0 0.557031 0.541667 0.0140625 0.0229167 0.00279999
26 0.457813 0.588021 0.021875 0.0802083 0.00274658
0 0.708203 0.539583 0.015625 0.0854167 0.00270462
13 0.9 0.559375 0.0453125 0.021875 0.00268364
16 0.0964844 0.577083 0.0390625 0.0354167 0.00268364
0 0.603125 0.521354 0.015625 0.0229167 0.00266266
0 0.233789 0.534375 0.015625 0.021875 0.0026207
24 0.278906 0.871875 0.0851563 0.075 0.00260162
13 0.0533691 0.580729 0.0174805 0.0333333 0.00259018
0 0.423047 0.583333 0.0273438 0.0729167 0.00257111
0 0.151562 0.536458 0.015625 0.0375 0.00252151
14 0.510938 0.963542 0.0359375 0.03125 0.00252151
13 0.859375 0.538542 0.03125 0.01875 0.00240517
13 0.8125 0.567708 0.025 0.0208333 0.00239754
35 0.177344 0.582813 0.0210938 0.0416667 0.002388
0 0.00734863 0.556771 0.0146973 0.09375 0.00234222
2 0.644531 0.522396 0.0265625 0.0260417 0.00232315
0 0.829688 0.527083 0.0171875 0.0302083 0.00232315
38 0.391797 0.65625 0.0390625 0.0354167 0.00232315
0 0.241797 0.532292 0.0203125 0.0229167 0.00231361
0 0.382422 0.565625 0.0289063 0.05625 0.00229645
56 0.0746582 0.578125 0.0459961 0.0375 0.00228691
38 0.0367188 0.575 0.0299805 0.0666667 0.00227928
56 0.051709 0.582292 0.0272461 0.0333333 0.00226974
34 0.422656 0.5875 0.025 0.0625 0.00223351
13 0.145117 0.575 0.0242188 0.03125 0.00221634
0 0.326953 0.554167 0.0421875 0.0385417 0.00221634
38 0.620313 0.554167 0.0171875 0.046875 0.00220871
0 0.396094 0.488542 0.015625 0.0270833 0.00219154
24 0.158984 0.572917 0.0308594 0.0395833 0.00217438
0 0.75625 0.529167 0.0148437 0.0291667 0.00216484
0 0.623047 0.561458 0.0203125 0.03125 0.00216484
0 0.233203 0.530208 0.0164063 0.0229167 0.00213242
0 0.310547 0.713021 0.01875 0.0291667 0.00211525
13 0.90625 0.541667 0.034375 0.01875 0.00210762
0 0.557813 0.534375 0.0148437 0.0333333 0.00201988
0 0.86875 0.539583 0.0125 0.0166667 0.00201988
13 0.611719 0.566667 0.0375 0.025 0.00201035
34 0.430469 0.580729 0.0375 0.0770833 0.00201035
0 0.208789 0.525 0.0125 0.040625 0.00200272
34 0.309375 0.7125 0.0171875 0.0291667 0.00200272
0 0.703906 0.55 0.0265625 0.06875 0.00199509
13 0.382422 0.565625 0.0289063 0.05625 0.00199509
38 0.283594 0.521875 0.01875 0.0208333 0.00198746
38 0.0392578 0.591667 0.0333008 0.0385417 0.00195694
38 0.0850586 0.551042 0.0193359 0.0875 0.00193405
13 0.665625 0.541667 0.0171875 0.0291667 0.00190449
13 0.8 0.547917 0.021875 0.0645833 0.00190449
34 0.0418945 0.591146 0.0173828 0.025 0.00188255
0 0.40625 0.559375 0.0351562 0.05625 0.00187492
56 0.665625 0.541667 0.0171875 0.0291667 0.00186729
56 0.382422 0.565625 0.0289063 0.05625 0.00186729
56 0.401172 0.558854 0.0265625 0.0510417 0.00186729
38 0.13457 0.586458 0.0222656 0.0208333 0.00184631
38 0.406152 0.670833 0.0673828 0.0625 0.00183868
34 0.402734 0.667708 0.0585938 0.0541667 0.0018177
0 0.701563 0.550521 0.0390625 0.0708333 0.0018177
0 0.288281 0.519271 0.0210938 0.028125 0.00181007
34 0.176904 0.573958 0.0211914 0.05 0.00178909
13 0.666406 0.543229 0.021875 0.0354167 0.00178242
1 0.0533691 0.580729 0.0174805 0.0333333 0.00178242
0 0.176904 0.573958 0.0211914 0.05 0.00176144
38 0.157324 0.645833 0.0458984 0.0520833 0.00176144
0 0.283594 0.521875 0.01875 0.0208333 0.00175476
0 0.78125 0.522917 0.0171875 0.0260417 0.00175476
38 0.157422 0.65625 0.0421875 0.0270833 0.00175476
0 0.989453 0.542708 0.0210938 0.0625 0.00174809
0 0.709375 0.584896 0.0265625 0.015625 0.00174809
0 0.898438 0.505208 0.0140625 0.0208333 0.0017271
0 0.939063 0.585938 0.01875 0.0791667 0.00172043
56 0.8 0.547917 0.021875 0.0645833 0.00170708
13 0.790625 0.570833 0.0421875 0.0208333 0.0017004
58 0.665625 0.541667 0.0171875 0.0291667 0.00169373
56 0.0367188 0.575 0.0299805 0.0666667 0.00168705
0 0.536719 0.539583 0.021875 0.0291667 0.00167465
13 0.645312 0.542708 0.0304688 0.025 0.00167465
56 0.658594 0.543229 0.009375 0.028125 0.00167465
0 0.396875 0.5625 0.040625 0.0625 0.00167465
34 0.161914 0.569792 0.03125 0.0385417 0.00166798
0 0.953906 0.50625 0.0140625 0.0125 0.0016613
2 0.9875 0.5125 0.025 0.0208333 0.0016489
2 0.665625 0.541667 0.0171875 0.0291667 0.0016489
38 0.0871094 0.557813 0.0230469 0.0708333 0.00162315
24 0.435937 0.581771 0.0375 0.0708333 0.00160408
38 0.181445 0.632292 0.0488281 0.0666667 0.0015974
34 0.470313 0.61875 0.034375 0.108333 0.00159168
0 0.112109 0.54375 0.0230469 0.0520833 0.00157928
13 0.810156 0.5625 0.021875 0.0270833 0.00157356
56 0.371484 0.567708 0.0125 0.0583333 0.00156689
2 0.953906 0.50625 0.0140625 0.0125 0.00156116
56 0.0418945 0.591146 0.0173828 0.025 0.00156116
0 0.181445 0.632292 0.0488281 0.0666667 0.00156116
36 0.439844 0.686458 0.0328125 0.0354167 0.00156116
56 0.0722656 0.580208 0.0349609 0.0333333 0.00155449
38 0.611719 0.566667 0.0375 0.025 0.00154305
32 0.309375 0.7125 0.0171875 0.0291667 0.00153637
0 0.582422 0.519271 0.0117188 0.0229167 0.00152493
38 0.709375 0.584896 0.0265625 0.015625 0.00151253
34 0.458594 0.664583 0.0203125 0.0666667 0.00150681
13 0.607422 0.561458 0.0507812 0.0270833 0.00150108
0 0.186914 0.641667 0.0421875 0.0416667 0.00150108
0 0.663281 0.535417 0.0171875 0.05 0.00149536
13 0.658594 0.543229 0.009375 0.028125 0.00148964
0 0.176172 0.564063 0.0222656 0.053125 0.0014782
13 0.051709 0.582292 0.0272461 0.0333333 0.0014782
13 0.0984375 0.578125 0.0412109 0.0333333 0.0014782
32 0.396094 0.488542 0.015625 0.0270833 0.00147247
56 0.346094 0.554167 0.0164063 0.0510417 0.00146675
34 0.312695 0.73125 0.0242188 0.0645833 0.00146103
33 0.310547 0.713021 0.01875 0.0291667 0.0014267
2 0.9875 0.508333 0.025 0.0166667 0.00142097
34 0.311914 0.716146 0.021875 0.0354167 0.00141621
0 0.146484 0.532292 0.0203125 0.0354167 0.00139427
2 0.632812 0.519792 0.01875 0.0270833 0.00137806
0 0.158984 0.572917 0.0308594 0.0395833 0.00137806
2 0.639063 0.511458 0.0359375 0.01875 0.00135612
56 0.288281 0.519271 0.0210938 0.028125 0.00135612
0 0.0867188 0.530208 0.0257812 0.075 0.00134563
13 0.613281 0.55625 0.034375 0.0427083 0.00134087
13 0.0746582 0.578125 0.0459961 0.0375 0.00134087
24 0.284766 0.885417 0.0761719 0.0979167 0.00134087
32 0.0418945 0.591146 0.0173828 0.025 0.00133514
38 0.396094 0.488542 0.015625 0.0270833 0.00133038
38 0.457031 0.685417 0.0242188 0.03125 0.00132465
13 0.830469 0.5625 0.040625 0.01875 0.00131989
38 0.401953 0.569792 0.0265625 0.0708333 0.00131989
0 0.540234 0.548438 0.0164063 0.021875 0.00131989
13 0.9875 0.554167 0.025 0.0416667 0.00131512
36 0.405371 0.671875 0.0658203 0.0625 0.00130463
0 0.177148 0.616667 0.0910156 0.104167 0.00130463
38 0.0816406 0.508333 0.0164063 0.025 0.0012846
38 0.289062 0.513542 0.0195312 0.0229167 0.00127888
0 0.45625 0.569792 0.0210938 0.0927083 0.00127888
1 0.0746582 0.578125 0.0459961 0.0375 0.00127888
13 0.37959 0.578646 0.0267578 0.040625 0.00127888
0 0.290039 0.91875 0.0671875 0.158333 0.00127411
38 0.027002 0.565104 0.0332031 0.0875 0.00126934
56 0.0910156 0.577604 0.0300781 0.0364583 0.00126457
58 0.0980469 0.577083 0.0402344 0.0354167 0.00126457
0 0.392188 0.525521 0.0171875 0.1 0.0012598
38 0.00644531 0.527083 0.0128906 0.0479167 0.00124454
13 0.329297 0.563542 0.046875 0.0333333 0.00124454
0 0.624609 0.552083 0.0242188 0.04375 0.00121593
24 0.167187 0.566667 0.0355469 0.0416667 0.00121593
0 0.842188 0.465625 0.0125 0.01875 0.0012064
56 0.0275879 0.569271 0.034668 0.084375 0.0012064
13 0.371484 0.567708 0.0125 0.0583333 0.0012064
13 0.879687 0.561458 0.025 0.01875 0.00120163
24 0.286719 0.908333 0.0734375 0.14375 0.00119686
24 0.0418945 0.591146 0.0173828 0.025 0.00118828
0 0.792188 0.545833 0.034375 0.0520833 0.00118351
0 0.767188 0.526042 0.0125 0.0229167 0.00117874
0 0.278125 0.86875 0.0808594 0.0729167 0.00117874
0 0.289062 0.513542 0.0195312 0.0229167 0.00117397
13 0.710938 0.553125 0.025 0.071875 0.00117397
13 0.85625 0.567708 0.128125 0.025 0.0011692
36 0.709375 0.584375 0.0265625 0.01875 0.00116539
38 0.149219 0.610938 0.0261719 0.028125 0.00116539
56 0.145117 0.575 0.0242188 0.03125 0.00116062
38 0.286914 0.515625 0.0246094 0.0270833 0.00115108
13 0.784375 0.545833 0.0765625 0.0520833 0.00115108
38 0.0524902 0.571354 0.0407227 0.053125 0.00114727
0 0.286523 0.604167 0.339453 0.141667 0.0011425
2 0.947656 0.507292 0.0265625 0.0125 0.00113392
0 0.440234 0.611979 0.0601563 0.185417 0.860352
0 0.161523 0.600521 0.0558594 0.1375 0.830566
0 0.0270996 0.56875 0.0334961 0.0854167 0.723145
0 0.346094 0.554167 0.0164063 0.05 0.67334
0 0.709375 0.552083 0.021875 0.071875 0.672363
0 0.269336 0.914583 0.109375 0.164583 0.663574
0 0.798438 0.548438 0.021875 0.0645833 0.616699
0 0.401563 0.557292 0.0234375 0.05 0.582031
38 0.471094 0.636979 0.028125 0.0666667 0.303955
0 0.620313 0.554167 0.0164063 0.0458333 0.29248
38 0.475 0.638542 0.021875 0.0625 0.216064
0 0.621094 0.564063 0.015625 0.028125 0.0991211
0 0.344727 0.551042 0.021875 0.0604167 0.0980835
0 0.401953 0.548958 0.0195312 0.0604167 0.0950317
0 0.0964844 0.577083 0.0386719 0.0354167 0.0803833
0 0.662109 0.542708 0.0132813 0.03125 0.0719604
0 0.40625 0.554688 0.01875 0.053125 0.0692749
0 0.037793 0.576042 0.0277344 0.0635417 0.0626831
38 0.402441 0.664583 0.0576172 0.0479167 0.0605164
0 0.390625 0.547396 0.015625 0.0645833 0.0564575
0 0.658594 0.543229 0.009375 0.028125 0.0502319
38 0.0418457 0.591146 0.0172852 0.025 0.0474243
0 0.0904297 0.577604 0.0285156 0.0364583 0.0473328
38 0.18667 0.642708 0.0422852 0.0375 0.0463867
38 0.0536133 0.580208 0.0167969 0.0333333 0.0430298
0 0.390625 0.55625 0.0148437 0.04375 0.0428772
0 0.00639648 0.527083 0.012793 0.046875 0.0400085
0 0.373047 0.554167 0.0179687 0.0645833 0.0335999
0 0.903125 0.505208 0.0109375 0.01875 0.0321655
0 0.0873047 0.572917 0.0222656 0.04375 0.0309143
38 0.382031 0.657292 0.0164063 0.03125 0.0304413
38 0.0985352 0.577083 0.0369141 0.0333333 0.0302124
38 0.46875 0.608333 0.0328125 0.14375 0.0273743
38 0.470313 0.619792 0.0335938 0.104167 0.0271759
38 0.460938 0.655208 0.0179687 0.0666667 0.0238647
0 0.11709 0.53125 0.0173828 0.0291667 0.0231018
0 0.37207 0.564063 0.0136719 0.059375 0.0222931
34 0.471094 0.635417 0.028125 0.0697917 0.0198669
1 0.0964844 0.577083 0.0386719 0.0354167 0.0197906
0 0.665625 0.541667 0.0171875 0.0291667 0.0191956
34 0.467969 0.603125 0.0320312 0.135417 0.0189819
38 0.0526367 0.581771 0.025 0.0333333 0.0177765
0 0.0864258 0.564063 0.0195312 0.0541667 0.0158997
0 0.372852 0.546875 0.0253906 0.06875 0.0157166
38 0.4625 0.640625 0.0195312 0.08125 0.0157166
38 0.177344 0.583333 0.0207031 0.0395833 0.0154266
34 0.4625 0.601563 0.021875 0.142708 0.0153046
0 0.379297 0.555729 0.0203125 0.0489583 0.0147324
38 0.0904297 0.577604 0.0285156 0.0364583 0.0145569
38 0.387109 0.660417 0.0273438 0.0375 0.014389
0 0.467969 0.603125 0.0320312 0.135417 0.0127258
38 0.4625 0.601563 0.021875 0.142708 0.0123825
0 0.461328 0.602083 0.0210938 0.113542 0.0118713
0 0.244141 0.535417 0.0125 0.0197917 0.0115967
0 0.340625 0.555208 0.0273438 0.05 0.0115509
0 0.381152 0.548958 0.0205078 0.0604167 0.0115051
0 0.541406 0.538542 0.0179687 0.0333333 0.0113297
38 0.383984 0.654688 0.0210938 0.0302083 0.0112457
0 0.384766 0.544792 0.0171875 0.0666667 0.0109482
38 0.458984 0.664583 0.0195312 0.0666667 0.0105667
0 0.0825928 0.544792 0.0195801 0.1 0.00997162
0 0.257812 0.53125 0.0125 0.0229167 0.00971222
0 0.0871094 0.557292 0.0226563 0.0708333 0.00971222
0 0.348438 0.550521 0.0226563 0.0625 0.00959778
0 0.0849609 0.551563 0.0191406 0.0875 0.00952148
0 0.619531 0.543229 0.01875 0.06875 0.00948334
0 0.081665 0.508333 0.0163574 0.025 0.00881195
38 0.0742676 0.578125 0.0450195 0.0375 0.00878143
38 0.421484 0.60625 0.021875 0.0270833 0.0085144
38 0.621094 0.564063 0.015625 0.028125 0.00803375
0 0.258984 0.5375 0.0117188 0.025 0.00790405
0 0.992188 0.523438 0.015625 0.021875 0.00787354
0 0.0418457 0.591146 0.0172852 0.025 0.00787354
0 0.211719 0.523958 0.0101563 0.0354167 0.00763702
0 0.0217773 0.520833 0.0161133 0.05 0.00748825
0 0.366406 0.55625 0.0210938 0.0520833 0.00740433
38 0.480469 0.642708 0.0359375 0.059375 0.00728989
35 0.0418457 0.591146 0.0172852 0.025 0.00723267
0 0.0896484 0.552083 0.0179687 0.0791667 0.0069313
38 0.471875 0.645833 0.0328125 0.0770833 0.0068779
38 0.143359 0.659375 0.0183594 0.025 0.00682449
38 0.0716309 0.580208 0.0334961 0.03125 0.00661469
38 0.405371 0.671875 0.0658203 0.0625 0.00643921
0 0.615625 0.552083 0.03125 0.05 0.00621796
34 0.4625 0.640625 0.0195312 0.08125 0.006073
26 0.177344 0.583333 0.0207031 0.0395833 0.00598145
56 0.0536133 0.580208 0.0167969 0.0333333 0.00595856
38 0.400781 0.558854 0.0265625 0.0510417 0.00584412
32 0.382031 0.657292 0.0164063 0.03125 0.00584412
38 0.177393 0.574479 0.0209961 0.0479167 0.0055542
34 0.460938 0.655208 0.0179687 0.0666667 0.0055542
38 0.421484 0.617188 0.0210938 0.0208333 0.00551224
0 0.417969 0.565625 0.0179687 0.0427083 0.00548935
26 0.425391 0.579688 0.0273438 0.065625 0.00540543
34 0.177344 0.583333 0.0207031 0.0395833 0.00527954
0 0.177344 0.583333 0.0207031 0.0395833 0.00510025
0 0.438281 0.571354 0.0546875 0.0989583 0.0050621
0 0.339453 0.543229 0.0257812 0.0614583 0.00500107
0 0.917188 0.540625 0.0078125 0.0166667 0.00482941
38 0.145117 0.575 0.0238281 0.03125 0.00481033
34 0.421484 0.60625 0.021875 0.0270833 0.00481033
34 0.475 0.638542 0.021875 0.0625 0.00481033
9 0.892188 0.472917 0.009375 0.0229167 0.0045929
0 0.779883 0.496875 0.0121094 0.0145833 0.00450516
0 0.0624023 0.583333 0.0277344 0.0416667 0.00445175
0 0.0239014 0.555208 0.0266113 0.0989583 0.00441742
32 0.580469 0.479688 0.0078125 0.0135417 0.00439835
0 0.457813 0.595833 0.0203125 0.0958333 0.00439835
0 0.705469 0.565625 0.03125 0.0458333 0.00439835
38 0.288281 0.519271 0.0210938 0.0270833 0.00436401
0 0.778906 0.507292 0.0171875 0.0302083 0.00421524
38 0.158789 0.572917 0.0300781 0.0375 0.00419998
38 0.400781 0.657813 0.0554687 0.0364583 0.00418091
38 0.0873047 0.572917 0.0222656 0.04375 0.00411606
13 0.18667 0.642708 0.0422852 0.0375 0.00411606
38 0.0548828 0.5375 0.0213867 0.0229167 0.00408554
0 0.176953 0.546875 0.0191406 0.0354167 0.00397491
38 0.310352 0.713542 0.01875 0.0291667 0.00395966
0 0.0272461 0.515625 0.0205078 0.0375 0.0039444
0 0.594531 0.542708 0.0140625 0.0229167 0.00391388
1 0.0904297 0.577604 0.0285156 0.0364583 0.00391388
0 0.110449 0.530208 0.0201172 0.0354167 0.00382423
0 0.556641 0.541667 0.0132813 0.0229167 0.00379562
26 0.435937 0.58125 0.0375 0.0708333 0.0037365
0 0.79375 0.545833 0.034375 0.06875 0.0037365
0 0.892188 0.472917 0.009375 0.0229167 0.00366402
0 0.133301 0.53125 0.0175781 0.03125 0.00362206
0 0.261914 0.548438 0.0101563 0.0260417 0.00362206
0 0.653906 0.536458 0.0125 0.0354167 0.00356483
38 0.094043 0.573958 0.0353516 0.0395833 0.00353813
0 0.469531 0.631771 0.0296875 0.078125 0.00342941
0 0.0536133 0.580208 0.0167969 0.0333333 0.00336266
13 0.910937 0.558333 0.0578125 0.025 0.00325966
0 0.992188 0.55625 0.015625 0.0333333 0.00325966
38 0.186719 0.577083 0.0226563 0.0270833 0.00324821
0 0.603125 0.520833 0.015625 0.021875 0.00323486
13 0.901563 0.541667 0.05 0.0208333 0.00323486
2 0.644531 0.522917 0.0257812 0.025 0.00322342
35 0.177344 0.583333 0.0207031 0.0395833 0.00317192
38 0.422266 0.5875 0.025 0.0625 0.00299263
0 0.707812 0.539583 0.015625 0.0854167 0.0029583
0 0.151465 0.536458 0.0154297 0.0375 0.00294685
0 0.233789 0.534375 0.015625 0.0208333 0.00293541
56 0.186914 0.641667 0.0421875 0.0416667 0.00293541
34 0.457813 0.595833 0.0203125 0.0958333 0.00291252
0 0.423047 0.583333 0.0273438 0.0729167 0.00290108
0 0.241797 0.532292 0.0195312 0.0229167 0.00286674
38 0.037793 0.576042 0.0277344 0.0635417 0.00286674
56 0.0985352 0.577083 0.0369141 0.0333333 0.0028553
13 0.859375 0.538542 0.03125 0.01875 0.00282288
38 0.620313 0.554167 0.0164063 0.0458333 0.00276756
14 0.510938 0.963542 0.0359375 0.03125 0.00275803
16 0.0964844 0.577083 0.0386719 0.0354167 0.00274658
0 0.00686035 0.554688 0.0137207 0.0989583 0.00269318
13 0.0536133 0.580208 0.0167969 0.0333333 0.00268364
0 0.934375 0.585417 0.0203125 0.0770833 0.00264168
0 0.233203 0.530208 0.0160156 0.0229167 0.00263214
24 0.278711 0.871094 0.0855469 0.0744792 0.00261116
0 0.557813 0.534375 0.0148437 0.0333333 0.00259018
26 0.457813 0.588021 0.021875 0.0802083 0.00259018
0 0.75625 0.529167 0.0140625 0.028125 0.00257111
0 0.395703 0.488021 0.0148437 0.0260417 0.00255013
38 0.283398 0.521875 0.0183594 0.0208333 0.00251198
13 0.899219 0.559375 0.0421875 0.0208333 0.00247192
0 0.382031 0.565625 0.028125 0.05625 0.0024147
0 0.208789 0.525 0.0125 0.0395833 0.00240517
56 0.0526367 0.581771 0.025 0.0333333 0.00240517
56 0.0742676 0.578125 0.0450195 0.0375 0.00237846
0 0.829688 0.527083 0.0171875 0.0291667 0.00234222
24 0.158789 0.572917 0.0300781 0.0375 0.00234222
13 0.145117 0.575 0.0238281 0.03125 0.00231361
2 0.987891 0.5125 0.0242188 0.0208333 0.00229645
13 0.90625 0.541667 0.0328125 0.01875 0.00229645
0 0.536719 0.539583 0.0203125 0.0291667 0.00226974
2 0.665625 0.541667 0.0171875 0.0291667 0.00226974
13 0.857813 0.561458 0.090625 0.0208333 0.00226974
13 0.8125 0.567188 0.0234375 0.021875 0.00226974
0 0.326367 0.554167 0.040625 0.0375 0.00223351
0 0.288281 0.519271 0.0210938 0.0270833 0.00219917
0 0.623438 0.561458 0.0203125 0.0302083 0.00219154
13 0.612109 0.566667 0.0375 0.0229167 0.00218201
0 0.86875 0.539583 0.0125 0.0166667 0.00217438
13 0.665625 0.541667 0.0171875 0.0291667 0.00216484
38 0.0849609 0.551563 0.0191406 0.0875 0.00215721
34 0.422266 0.5875 0.025 0.0625 0.00215721
0 0.703906 0.55 0.0265625 0.06875 0.00209999
34 0.430469 0.580729 0.0375 0.0770833 0.00209999
0 0.78125 0.522917 0.015625 0.025 0.00209045
38 0.0393433 0.591667 0.0328369 0.0385417 0.00209045
1 0.0536133 0.580208 0.0167969 0.0333333 0.00208282
2 0.953125 0.50625 0.0125 0.0125 0.0020752
34 0.0418457 0.591146 0.0172852 0.025 0.0020752
0 0.283398 0.521875 0.0183594 0.0208333 0.00206757
0 0.40625 0.559375 0.0351562 0.05625 0.00206757
38 0.134766 0.586458 0.0222656 0.0208333 0.00206757
2 0.9875 0.508333 0.025 0.0166667 0.0020504
0 0.898438 0.505208 0.0140625 0.0197917 0.00202751
38 0.391797 0.65625 0.0390625 0.034375 0.00201988
13 0.8 0.547917 0.021875 0.0645833 0.00201035
0 0.177393 0.574479 0.0209961 0.0479167 0.00200272
58 0.665625 0.541667 0.0171875 0.0291667 0.00198746
34 0.177393 0.574479 0.0209961 0.0479167 0.00198746
13 0.382031 0.565625 0.028125 0.05625 0.0019722
56 0.665625 0.541667 0.0171875 0.0291667 0.00195694
0 0.310352 0.713542 0.01875 0.0291667 0.00191212
2 0.632812 0.519792 0.0179687 0.0270833 0.00189686
2 0.639844 0.510417 0.0359375 0.0166667 0.00188255
0 0.989844 0.542708 0.0203125 0.0625 0.00186062
36 0.438672 0.688542 0.0304688 0.0291667 0.00186062
38 0.612109 0.566667 0.0375 0.0229167 0.00185299
38 0.0871094 0.557292 0.0226563 0.0708333 0.00184631
0 0.112012 0.542188 0.0226563 0.05 0.00183868
13 0.860938 0.560938 0.06875 0.01875 0.00183868
34 0.309375 0.7125 0.0171875 0.0291667 0.00183105
38 0.157324 0.645313 0.0458984 0.0510417 0.00182438
0 0.953125 0.50625 0.0125 0.0125 0.0018177
13 0.666406 0.543229 0.021875 0.0354167 0.0018034
0 0.709375 0.585417 0.0265625 0.0145833 0.00179577
13 0.645312 0.542708 0.0296875 0.025 0.00178242
56 0.8 0.547917 0.021875 0.0645833 0.00178242
38 0.18125 0.632813 0.0488281 0.0645833 0.00176811
38 0.157422 0.65625 0.0421875 0.025 0.00176811
0 0.18125 0.632813 0.0488281 0.0645833 0.00176144
0 0.146582 0.532292 0.0201172 0.0354167 0.00175476
0 0.582422 0.51875 0.0117188 0.0229167 0.00175476
34 0.161719 0.569792 0.0308594 0.0375 0.00173378
38 0.0825928 0.544792 0.0195801 0.1 0.0017271
56 0.658594 0.543229 0.009375 0.028125 0.0017271
0 0.176611 0.564063 0.0217773 0.0520833 0.0017271
0 0.539844 0.547917 0.015625 0.0208333 0.00170708
0 0.701563 0.55 0.0390625 0.0708333 0.00170708
56 0.037793 0.576042 0.0277344 0.0635417 0.0017004
56 0.400781 0.558854 0.0265625 0.0510417 0.0017004
34 0.402734 0.667708 0.0585938 0.0541667 0.0017004
13 0.658594 0.543229 0.009375 0.028125 0.00169373
38 0.709375 0.585417 0.0265625 0.0145833 0.00168705
56 0.382031 0.565625 0.028125 0.05625 0.00168133
32 0.395703 0.488021 0.0148437 0.0260417 0.00164223
56 0.0716309 0.580208 0.0334961 0.03125 0.00163555
34 0.470313 0.619792 0.0335938 0.104167 0.00163555
0 0.396875 0.5625 0.040625 0.0625 0.00162888
13 0.810938 0.563021 0.0203125 0.0270833 0.00162315
38 0.081665 0.508333 0.0163574 0.025 0.00161648
13 0.0526367 0.581771 0.025 0.0333333 0.0015974
2 0.637109 0.510938 0.0398437 0.0208333 0.00159168
38 0.289062 0.513542 0.0195312 0.0229167 0.00158501
0 0.9375 0.5875 0.01875 0.0770833 0.00157928
1 0.0742676 0.578125 0.0450195 0.0375 0.00157356
56 0.0418457 0.591146 0.0172852 0.025 0.00156689
13 0.0985352 0.578125 0.0410156 0.0333333 0.00156116
0 0.086499 0.529167 0.0254395 0.0729167 0.00154305
13 0.607422 0.561458 0.0507812 0.0260417 0.00153637
38 0.395703 0.488021 0.0148437 0.0260417 0.00153065
2 0.947656 0.507292 0.025 0.0125 0.00151253
56 0.288281 0.519271 0.0210938 0.0270833 0.00151253
13 0.79082 0.570833 0.0402344 0.0208333 0.00151253
38 0.286914 0.515625 0.0246094 0.025 0.00150681
13 0.613281 0.556771 0.034375 0.0416667 0.00150681
32 0.0418457 0.591146 0.0172852 0.025 0.00150108
0 0.158789 0.572917 0.0300781 0.0375 0.00148964
0 0.186914 0.641667 0.0421875 0.0416667 0.00148964
32 0.309375 0.7125 0.0171875 0.0291667 0.00148964
0 0.289062 0.513542 0.0195312 0.0229167 0.00148392
34 0.458984 0.664583 0.0195312 0.0666667 0.0014782
38 0.0269409 0.564583 0.0330322 0.0875 0.00146675
24 0.435937 0.58125 0.0375 0.0708333 0.00146675
13 0.0742676 0.578125 0.0450195 0.0375 0.00146675
0 0.289062 0.91901 0.06875 0.157813 0.00146103
56 0.371484 0.567188 0.0117188 0.0583333 0.00145531
0 0.45625 0.569271 0.0210938 0.0927083 0.00143242
58 0.0985352 0.577083 0.0369141 0.0333333 0.0014267
0 0.663281 0.535417 0.0171875 0.0489583 0.0014267
13 0.9875 0.554167 0.025 0.0416667 0.00142097
38 0.0530273 0.571354 0.0392578 0.053125 0.00141621
33 0.310352 0.713542 0.01875 0.0291667 0.00141621
0 0.766797 0.526563 0.0117188 0.0229167 0.00139904
0 0.802344 0.544792 0.028125 0.0666667 0.00138283
38 0.11709 0.53125 0.0173828 0.0291667 0.00137806
0 0.154785 0.541667 0.0121094 0.0333333 0.00137806
24 0.0418457 0.591146 0.0172852 0.025 0.00137234
0 0.392188 0.525 0.0171875 0.1 0.00136662
0 0.177148 0.616667 0.0914062 0.102083 0.00136662
38 0.00639648 0.527083 0.012793 0.046875 0.00136185
2 0.992188 0.523438 0.015625 0.021875 0.00135612
24 0.284375 0.885677 0.0769531 0.0994792 0.00135612
38 0.402344 0.569792 0.0265625 0.0708333 0.00135136
36 0.405371 0.671875 0.0658203 0.0625 0.00134563
36 0.458984 0.664583 0.0195312 0.0666667 0.00130463
0 0.173047 0.555729 0.0269531 0.053125 0.00129414
0 0.624219 0.552083 0.0234375 0.0416667 0.00127888
24 0.177344 0.583333 0.0207031 0.0395833 0.00127888
9 0.268945 0.914844 0.108984 0.166146 0.00127888
38 0.149219 0.610417 0.0265625 0.0291667 0.00126457
1 0.665625 0.541667 0.0171875 0.0291667 0.0012598
38 0.379297 0.555729 0.0203125 0.0489583 0.0012598
0 0.842188 0.465625 0.0125 0.01875 0.00124931
0 0.583594 0.514583 0.0109375 0.0229167 0.00124454
0 0.5375 0.535417 0.0226563 0.0333333 0.00124454
0 0.0769531 0.507812 0.0238281 0.0229167 0.00123978
0 0.284375 0.885677 0.0769531 0.0994792 0.00123978
0 0.440234 0.611458 0.0601563 0.185417 0.862305
0 0.162109 0.601042 0.0554687 0.139583 0.82959
0 0.0270386 0.568229 0.0332275 0.0854167 0.731934
0 0.345898 0.554167 0.0160156 0.05 0.687012
0 0.709375 0.552083 0.021875 0.071875 0.685059
0 0.798438 0.548438 0.021875 0.0645833 0.618652
0 0.401563 0.557292 0.0234375 0.05 0.606934
0 0.269531 0.913542 0.109375 0.164583 0.578613
38 0.471484 0.636458 0.028125 0.0666667 0.294189
0 0.620313 0.554688 0.015625 0.0458333 0.282959
0 0.344727 0.551042 0.021875 0.0604167 0.108582
0 0.401953 0.548958 0.0195312 0.0604167 0.0991211
0 0.090332 0.577083 0.0275391 0.0354167 0.0923462
0 0.621094 0.565104 0.015625 0.0260417 0.0913696
0 0.0964844 0.576563 0.0382813 0.0354167 0.0878906
0 0.405859 0.554688 0.01875 0.0520833 0.0733032
0 0.0391602 0.577604 0.0253906 0.059375 0.069519
0 0.662109 0.542708 0.0132813 0.0291667 0.0673218
0 0.390625 0.546875 0.015625 0.0645833 0.0578003
38 0.401953 0.664063 0.0570313 0.0458333 0.0566406
38 0.0419922 0.590625 0.0173828 0.025 0.0495911
38 0.0537598 0.580729 0.0163086 0.0322917 0.0470886
0 0.658594 0.542708 0.00859375 0.0270833 0.0461121
38 0.18667 0.642708 0.0422852 0.0375 0.0453491
0 0.390625 0.555208 0.0148437 0.04375 0.0432739
0 0.00639648 0.527083 0.012793 0.0458333 0.0420837
0 0.0871094 0.572917 0.0216797 0.04375 0.0340881
0 0.372656 0.554167 0.0179687 0.0645833 0.0320435
38 0.0990234 0.577083 0.0355469 0.0333333 0.0309143
38 0.381934 0.657292 0.0158203 0.03125 0.029541
0 0.903125 0.505208 0.0109375 0.01875 0.0292053
34 0.471094 0.635417 0.0273438 0.0708333 0.025177
0 0.117188 0.530729 0.0171875 0.0291667 0.0250854
38 0.46875 0.608854 0.0328125 0.14375 0.0236969
38 0.470313 0.620833 0.034375 0.102083 0.0222931
34 0.467969 0.603125 0.03125 0.135417 0.0206451
0 0.37207 0.563542 0.0136719 0.0604167 0.0204468
38 0.460938 0.654688 0.0171875 0.0677083 0.0204163
1 0.0964844 0.576563 0.0382813 0.0354167 0.0201721
38 0.0537109 0.58125 0.0226563 0.0333333 0.0194244
0 0.665625 0.541667 0.0171875 0.0291667 0.0189056
34 0.462109 0.602083 0.021875 0.141667 0.0165253
0 0.372656 0.546875 0.025 0.06875 0.0154266
0 0.541406 0.538021 0.0179687 0.0333333 0.0147858
0 0.0861328 0.564583 0.0191406 0.0541667 0.0145569
38 0.4625 0.640625 0.0195312 0.08125 0.0142288
38 0.177344 0.582813 0.0207031 0.040625 0.0140076
0 0.379004 0.555729 0.0201172 0.0489583 0.0137939
38 0.0897461 0.577083 0.0267578 0.0354167 0.0131683
0 0.461328 0.602083 0.0210938 0.113542 0.0125732
38 0.387109 0.660417 0.0265625 0.0375 0.0119629
0 0.244141 0.535417 0.0125 0.0197917 0.0114212
0 0.341602 0.554688 0.0253906 0.053125 0.0114212
0 0.0826172 0.544792 0.0195312 0.1 0.0108185
0 0.348438 0.55 0.0226563 0.0625 0.0106964
0 0.38125 0.548958 0.0203125 0.059375 0.0106964
0 0.467969 0.603125 0.03125 0.135417 0.0106506
38 0.462109 0.602083 0.021875 0.141667 0.0102463
38 0.383594 0.654167 0.0203125 0.0291667 0.0102463
0 0.258008 0.530729 0.0125 0.021875 0.01017
0 0.0419922 0.590625 0.0173828 0.025 0.00989532
0 0.0871094 0.557292 0.0226563 0.0708333 0.00978088
0 0.385156 0.544792 0.0171875 0.0666667 0.00974274
0 0.081665 0.508333 0.0163574 0.025 0.00945282
38 0.0735352 0.578125 0.04375 0.0354167 0.00926971
38 0.458984 0.664583 0.0195312 0.065625 0.00912476
0 0.619141 0.543229 0.0179687 0.06875 0.00898743
0 0.992188 0.523438 0.015625 0.0208333 0.00831604
38 0.621094 0.565104 0.015625 0.0260417 0.00793457
0 0.021875 0.520833 0.0162109 0.05 0.00790405
38 0.421484 0.60625 0.021875 0.0270833 0.00790405
0 0.258984 0.5375 0.0117188 0.025 0.0078125
35 0.0419922 0.590625 0.0173828 0.025 0.00772476
0 0.366016 0.555729 0.0210938 0.0510417 0.00717545
38 0.480469 0.642708 0.0359375 0.0583333 0.00695801
0 0.659375 0.544792 0.0109375 0.0333333 0.00671768
38 0.0708496 0.580729 0.0317383 0.03125 0.00669098
34 0.4625 0.640625 0.0195312 0.08125 0.00669098
0 0.177344 0.582813 0.0207031 0.040625 0.0064888
0 0.438281 0.571875 0.0539063 0.101042 0.0064888
32 0.381934 0.657292 0.0158203 0.03125 0.00629044
0 0.417969 0.565625 0.0171875 0.0427083 0.00619125
0 0.211719 0.523438 0.0101563 0.0333333 0.00619125
0 0.615625 0.552083 0.03125 0.05 0.00605011
34 0.474609 0.638542 0.021875 0.0635417 0.00600433
38 0.471875 0.645833 0.0328125 0.0770833 0.00598145
38 0.143164 0.659375 0.0179687 0.0239583 0.00593567
34 0.460938 0.654688 0.0171875 0.0677083 0.00579834
38 0.401563 0.558333 0.0265625 0.05 0.00577545
56 0.0537598 0.580729 0.0163086 0.0322917 0.00575256
38 0.405566 0.671875 0.0654297 0.0625 0.00559998
38 0.177148 0.573958 0.0207031 0.0479167 0.0055542
0 0.0618164 0.582292 0.0249023 0.0416667 0.0055542
0 0.0240723 0.555208 0.0268555 0.1 0.00553513
0 0.339453 0.543229 0.025 0.0614583 0.00548935
26 0.177344 0.582813 0.0207031 0.040625 0.00521851
38 0.421484 0.617708 0.0210938 0.0208333 0.0051384
26 0.425 0.579167 0.0265625 0.0645833 0.00511932
34 0.177344 0.582813 0.0207031 0.040625 0.00498199
0 0.457813 0.595833 0.0203125 0.0958333 0.00479126
13 0.18667 0.642708 0.0422852 0.0375 0.00468063
38 0.0549805 0.5375 0.0211914 0.021875 0.00466537
0 0.557031 0.541667 0.0125 0.0229167 0.00460815
34 0.421484 0.60625 0.021875 0.0270833 0.00452042
0 0.0537598 0.580729 0.0163086 0.0322917 0.00448608
0 0.177148 0.545833 0.01875 0.0333333 0.00446701
0 0.917188 0.540625 0.0078125 0.015625 0.00445175
38 0.288281 0.519271 0.0210938 0.0260417 0.00439835
0 0.705469 0.563542 0.03125 0.05 0.00438309
9 0.892188 0.472917 0.009375 0.021875 0.00432968
38 0.145117 0.574479 0.0234375 0.0302083 0.00432968
0 0.110547 0.530208 0.0201172 0.0354167 0.00424957
32 0.580469 0.479167 0.0078125 0.0125 0.00418091
0 0.133301 0.53125 0.0175781 0.03125 0.00411606
38 0.158789 0.572396 0.0300781 0.0375 0.00411606
0 0.0273315 0.516146 0.0205322 0.0364583 0.0041008
38 0.0871094 0.572917 0.0216797 0.04375 0.00403976
0 0.779688 0.496875 0.0109375 0.0135417 0.00385475
0 0.778906 0.507292 0.0171875 0.0291667 0.00376511
1 0.090332 0.577083 0.0275391 0.0354167 0.00376511
38 0.400684 0.657292 0.0548828 0.0354167 0.00376511
0 0.594531 0.542708 0.0140625 0.0229167 0.00353813
0 0.653906 0.536458 0.0132813 0.0354167 0.00351143
0 0.00686035 0.554167 0.0137207 0.1 0.00349617
38 0.0939453 0.573958 0.0351562 0.0395833 0.00336266
38 0.309375 0.7125 0.0164063 0.0291667 0.00333786
26 0.436328 0.58125 0.0367188 0.0697917 0.00331116
0 0.603516 0.520833 0.0148437 0.021875 0.00325966
0 0.423047 0.583333 0.0265625 0.0729167 0.00323486
0 0.241797 0.531771 0.01875 0.0229167 0.00318527
0 0.469531 0.632813 0.0296875 0.0760417 0.00314713
35 0.177344 0.582813 0.0207031 0.040625 0.00311089
0 0.261719 0.548438 0.0101563 0.025 0.003088
0 0.992188 0.55625 0.015625 0.0333333 0.00307465
2 0.644531 0.522917 0.025 0.025 0.00302696
38 0.0391602 0.577604 0.0253906 0.059375 0.00302696
34 0.457813 0.595833 0.0203125 0.0958333 0.00302696
13 0.901563 0.541667 0.0484375 0.0197917 0.00300407
0 0.79375 0.545313 0.034375 0.0677083 0.00300407
0 0.892188 0.472917 0.009375 0.021875 0.0029583
0 0.557813 0.534375 0.0140625 0.0333333 0.0029583
0 0.233789 0.533854 0.015625 0.021875 0.00291252
38 0.186914 0.577604 0.0226563 0.0260417 0.00288963
0 0.536719 0.539583 0.0203125 0.0291667 0.00286674
0 0.707812 0.539583 0.015625 0.0854167 0.00284576
14 0.510938 0.9625 0.0359375 0.0291667 0.00284576
0 0.233203 0.530208 0.0160156 0.021875 0.00283432
16 0.0964844 0.576563 0.0382813 0.0354167 0.00281143
38 0.620313 0.554688 0.015625 0.0458333 0.00279045
2 0.665625 0.541667 0.0171875 0.0291667 0.00277901
9 0.269141 0.915625 0.108594 0.166667 0.00277901
0 0.151367 0.535938 0.0154297 0.0364583 0.00275803
13 0.859375 0.539062 0.0296875 0.01875 0.00273705
56 0.186914 0.641667 0.0421875 0.0416667 0.00271416
38 0.422266 0.5875 0.025 0.0645833 0.00270462
13 0.910937 0.558333 0.05625 0.025 0.00268364
0 0.395703 0.4875 0.0148437 0.025 0.0026722
24 0.278516 0.871875 0.0859375 0.075 0.00264168
13 0.0537598 0.580729 0.0163086 0.0322917 0.00261116
38 0.283594 0.521875 0.0183594 0.0197917 0.00258064
0 0.288281 0.519271 0.0210938 0.0260417 0.00251198
56 0.0990234 0.577083 0.0355469 0.0333333 0.00251198
13 0.612109 0.567188 0.0375 0.0229167 0.00244331
0 0.181641 0.632292 0.0496094 0.0645833 0.00244331
56 0.0537109 0.58125 0.0226563 0.0333333 0.00243378
13 0.665625 0.541667 0.0171875 0.0291667 0.002388
13 0.90625 0.541667 0.0328125 0.0166667 0.00231361
0 0.381641 0.565104 0.0273438 0.05625 0.00230598
26 0.457813 0.5875 0.021875 0.0791667 0.00228691
58 0.665625 0.541667 0.0171875 0.0291667 0.00227928
1 0.0537598 0.580729 0.0163086 0.0322917 0.00226974
0 0.283594 0.521875 0.0183594 0.0197917 0.00226021
56 0.0735352 0.578125 0.04375 0.0354167 0.00225258
0 0.75625 0.529167 0.0140625 0.0291667 0.00222588
0 0.40625 0.559375 0.034375 0.05625 0.00221634
2 0.953125 0.50625 0.0125 0.0125 0.00219917
34 0.0419922 0.590625 0.0173828 0.025 0.00219917
24 0.158789 0.572396 0.0300781 0.0375 0.00219154
2 0.987891 0.5125 0.0242188 0.0197917 0.00216484
0 0.177148 0.573958 0.0207031 0.0479167 0.00215721
13 0.8 0.547917 0.021875 0.0645833 0.00215721
0 0.208789 0.524479 0.0125 0.0385417 0.00213242
0 0.78125 0.522917 0.015625 0.025 0.00210762
13 0.145117 0.574479 0.0234375 0.0302083 0.00210762
0 0.112109 0.543229 0.0226563 0.053125 0.00209999
0 0.177295 0.616667 0.0899414 0.104167 0.00209999
34 0.177148 0.573958 0.0207031 0.0479167 0.00208282
34 0.309375 0.7125 0.0164063 0.0291667 0.00208282
38 0.144141 0.579167 0.0261719 0.0375 0.0020752
13 0.8125 0.566667 0.0234375 0.0208333 0.00206757
38 0.0847656 0.551042 0.01875 0.0875 0.00205803
38 0.134766 0.586458 0.0222656 0.0208333 0.00201035
0 0.14668 0.532292 0.0199219 0.0354167 0.00199509
0 0.310156 0.713021 0.0183594 0.028125 0.00199509
34 0.430469 0.579167 0.0382813 0.0791667 0.00198746
0 0.703906 0.549479 0.0265625 0.0677083 0.0019722
0 0.540234 0.547396 0.0164063 0.021875 0.00196457
0 0.934375 0.584896 0.01875 0.0760417 0.00195694
2 0.9875 0.508333 0.0234375 0.015625 0.00194931
13 0.896875 0.559896 0.0375 0.0197917 0.00194931
34 0.422266 0.5875 0.025 0.0645833 0.00194931
0 0.186914 0.641667 0.0421875 0.0416667 0.00194931
38 0.0394043 0.591146 0.0323242 0.0385417 0.00192642
0 0.829688 0.527083 0.015625 0.0291667 0.00191212
13 0.658594 0.542708 0.00859375 0.0270833 0.00190449
36 0.437891 0.689583 0.0289063 0.0270833 0.00190449
0 0.623438 0.5625 0.0203125 0.0291667 0.00188255
0 0.989844 0.542708 0.0203125 0.0625 0.00186729
0 0.176953 0.563542 0.0207031 0.05 0.00186062
34 0.470313 0.620833 0.034375 0.102083 0.00186062
0 0.326562 0.554167 0.0414063 0.0375 0.00183105
0 0.86875 0.539583 0.0125 0.0166667 0.00182438
13 0.858594 0.561458 0.0890625 0.0197917 0.0018034
0 0.709375 0.585417 0.0265625 0.0145833 0.00178909
0 0.898438 0.505208 0.0140625 0.0197917 0.00177479
13 0.645703 0.542708 0.0289063 0.0229167 0.00176144
56 0.665625 0.541667 0.0171875 0.0291667 0.00176144
1 0.0735352 0.578125 0.04375 0.0354167 0.00176144
2 0.632812 0.520313 0.0171875 0.0260417 0.00175476
13 0.613281 0.557292 0.034375 0.040625 0.00175476
13 0.666406 0.543229 0.0210938 0.0354167 0.00175476
13 0.381641 0.565104 0.0273438 0.05625 0.00175476
38 0.0871094 0.557292 0.0226563 0.0708333 0.00174809
0 0.288672 0.91901 0.0695313 0.157813 0.00174809
2 0.639844 0.510417 0.034375 0.0166667 0.00174141
0 0.289062 0.513542 0.0195312 0.0229167 0.00170708
0 0.0537109 0.58125 0.0226563 0.0333333 0.00170708
32 0.395703 0.4875 0.0148437 0.025 0.00168705
0 0.0865479 0.529167 0.0253418 0.0729167 0.00168133
0 0.582031 0.519271 0.0109375 0.021875 0.00166798
34 0.161719 0.569792 0.0308594 0.0375 0.00166798
13 0.607422 0.561458 0.05 0.025 0.00166798
13 0.0537109 0.58125 0.0226563 0.0333333 0.0016613
0 0.953125 0.50625 0.0125 0.0125 0.00165462
58 0.0990234 0.577083 0.0355469 0.0333333 0.00165462
32 0.0419922 0.590625 0.0173828 0.025 0.00165462
38 0.289062 0.513542 0.0195312 0.0229167 0.00164223
13 0.810938 0.5625 0.0203125 0.0270833 0.00161648
34 0.402734 0.667708 0.0585938 0.0520833 0.00161648
38 0.0538086 0.571875 0.0375 0.0520833 0.00161076
0 0.158789 0.572396 0.0300781 0.0375 0.00161076
38 0.612109 0.567188 0.0375 0.0229167 0.00161076
38 0.117188 0.530729 0.0171875 0.0291667 0.00160408
38 0.181641 0.632292 0.0496094 0.0645833 0.00159168
38 0.391406 0.655729 0.0390625 0.0333333 0.00158501
56 0.8 0.547917 0.021875 0.0645833 0.00156689
56 0.658594 0.542708 0.00859375 0.0270833 0.00156116
2 0.658594 0.542708 0.00859375 0.0270833 0.00155449
32 0.309375 0.7125 0.0164063 0.0291667 0.00155449
38 0.081665 0.508333 0.0163574 0.025 0.00154877
13 0.0735352 0.578125 0.04375 0.0354167 0.00154305
38 0.157422 0.65625 0.0421875 0.025 0.00154305
2 0.992188 0.523438 0.015625 0.0208333 0.00153637
56 0.0708496 0.580729 0.0317383 0.03125 0.00153637
38 0.395703 0.4875 0.0148437 0.025 0.00151253
38 0.157422 0.644271 0.0460938 0.053125 0.00151253
2 0.947656 0.507292 0.025 0.0125 0.00150108
13 0.0986328 0.578125 0.0402344 0.0333333 0.00150108
34 0.458984 0.664583 0.0195312 0.065625 0.00149536
13 0.865625 0.560938 0.059375 0.01875 0.00148964
56 0.401563 0.558333 0.0265625 0.05 0.00148964
0 0.5375 0.535417 0.0226563 0.0333333 0.0014782
38 0.460938 0.671875 0.0203125 0.05625 0.00147247
0 0.45625 0.56875 0.0203125 0.0916667 0.00145531
56 0.0391602 0.577604 0.0253906 0.059375 0.00145531
24 0.283984 0.886458 0.0773438 0.1 0.00145531
24 0.0419922 0.590625 0.0173828 0.025 0.00144386
0 0.396875 0.5625 0.0421875 0.0614583 0.00143242
56 0.0419922 0.590625 0.0173828 0.025 0.00142097
0 0.701563 0.55 0.0390625 0.06875 0.00142097
0 0.173047 0.554688 0.0265625 0.0510417 0.00141048
0 0.154688 0.541667 0.0121094 0.03125 0.00140476
38 0.0268555 0.564583 0.0326172 0.0895833 0.00139904
38 0.311719 0.715104 0.0210938 0.0333333 0.00139904
0 0.283984 0.886458 0.0773438 0.1 0.00139427
0 0.392188 0.525 0.0164063 0.1 0.00138283
56 0.288281 0.519271 0.0210938 0.0260417 0.00136662
0 0.401953 0.529167 0.0242188 0.0958333 0.00136185
13 0.9875 0.554167 0.025 0.0416667 0.00135136
56 0.381641 0.565104 0.0273438 0.05625 0.00135136
34 0.311719 0.715104 0.0210938 0.0333333 0.00134563
0 0.0768555 0.507292 0.0236328 0.0229167 0.00134087
38 0.709375 0.585417 0.0265625 0.0145833 0.00134087
24 0.285938 0.909375 0.075 0.14375 0.00133038
36 0.458984 0.664583 0.0195312 0.065625 0.00132465
0 0.474609 0.638542 0.021875 0.0635417 0.00129414
13 0.79082 0.570833 0.0402344 0.0208333 0.00128937
0 0.277734 0.86875 0.0804688 0.0708333 0.00128937
0 0.767188 0.527083 0.0109375 0.0229167 0.0012846
36 0.405566 0.671875 0.0654297 0.0625 0.0012846
13 0.623438 0.5625 0.0203125 0.0291667 0.00127888
38 0.00639648 0.527083 0.012793 0.0458333 0.00126934
2 0.86875 0.539583 0.0125 0.0166667 0.00126457
56 0.371484 0.566667 0.0117188 0.0583333 0.0012598
56 0.620313 0.554688 0.015625 0.0458333 0.00124454
2 0.645703 0.542708 0.0289063 0.0229167 0.00123978
33 0.310156 0.713021 0.0183594 0.028125 0.00122547
0 0.166016 0.571875 0.0425781 0.0604167 0.00121593
0 0.9375 0.585417 0.01875 0.0791667 0.00121593
38 0.379004 0.555729 0.0201172 0.0489583 0.00121117
0 0.440234 0.611979 0.0601563 0.184375 0.858887
0 0.162012 0.600521 0.0548828 0.138542 0.828613
0 0.0269043 0.567708 0.0331055 0.0854167 0.740723
0 0.346094 0.553646 0.0164063 0.0510417 0.698242
0 0.709375 0.552083 0.021875 0.071875 0.684082
0 0.401563 0.55625 0.0234375 0.05 0.616211
0 0.798438 0.547917 0.01875 0.0666667 0.613281
0 0.269531 0.913542 0.109375 0.164583 0.338867
38 0.471484 0.636458 0.028125 0.0666667 0.279785
0 0.620703 0.554688 0.0164063 0.0447917 0.270508
0 0.344922 0.551042 0.021875 0.0604167 0.109314
0 0.0892578 0.577083 0.0253906 0.0354167 0.108582
0 0.402344 0.548958 0.01875 0.0604167 0.100159
0 0.621484 0.565625 0.015625 0.025 0.0927124
0 0.0962891 0.576563 0.0378906 0.0354167 0.0913696
0 0.405469 0.554688 0.01875 0.0520833 0.078064
0 0.661719 0.542708 0.0125 0.0291667 0.0768433
0 0.0402344 0.579167 0.0238281 0.0552083 0.0668335
0 0.391016 0.546875 0.015625 0.0635417 0.0572815
38 0.401465 0.663021 0.0564453 0.04375 0.0541992
38 0.042041 0.590625 0.0175781 0.025 0.0492249
38 0.0537109 0.580208 0.0164063 0.0322917 0.0488586
0 0.658594 0.542708 0.00859375 0.0270833 0.0469971
0 0.390625 0.555208 0.0140625 0.0416667 0.0450134
0 0.00644531 0.527083 0.0128906 0.0458333 0.0433655
38 0.18667 0.642708 0.0422852 0.0375 0.0393372
0 0.0870117 0.572917 0.0212891 0.04375 0.0379639
34 0.471094 0.634896 0.028125 0.0697917 0.0318604
38 0.381934 0.656771 0.0158203 0.0302083 0.0316162
0 0.117285 0.530729 0.0171875 0.0291667 0.028656
0 0.372656 0.554167 0.0179687 0.0625 0.0284882
38 0.0994141 0.576563 0.0347656 0.0333333 0.0280151
0 0.903125 0.505208 0.0109375 0.01875 0.0279083
34 0.467969 0.602083 0.03125 0.135417 0.0233307
1 0.0962891 0.576563 0.0378906 0.0354167 0.0218658
0 0.665625 0.541667 0.0171875 0.0291667 0.0202179
9 0.269141 0.915625 0.107813 0.164583 0.0200195
38 0.46875 0.608333 0.0328125 0.14375 0.0198669
38 0.460938 0.654167 0.0171875 0.06875 0.0193481
34 0.461719 0.601042 0.021875 0.141667 0.0191193
0 0.541406 0.5375 0.0179687 0.0333333 0.0187683
38 0.470313 0.620833 0.034375 0.101042 0.0181274
0 0.372266 0.564063 0.0132813 0.0583333 0.0179138
0 0.461328 0.601042 0.021875 0.1125 0.0172424
38 0.4625 0.640625 0.01875 0.08125 0.0136337
0 0.372266 0.546875 0.0242188 0.065625 0.0135345
0 0.0859375 0.563542 0.01875 0.0520833 0.0131226
0 0.467969 0.602083 0.03125 0.135417 0.0127716
0 0.800781 0.546875 0.0265625 0.0625 0.0123367
38 0.177344 0.583333 0.0207031 0.0395833 0.0118713
0 0.244141 0.535417 0.0125 0.0197917 0.0115967
0 0.378906 0.555729 0.0195312 0.046875 0.0115967
38 0.0890625 0.577083 0.0253906 0.0354167 0.0115051
0 0.258008 0.530208 0.0125 0.0208333 0.0112457
0 0.042041 0.590625 0.0175781 0.025 0.0111618
38 0.386816 0.660417 0.0263672 0.0375 0.011116
0 0.0824463 0.54375 0.0194824 0.1 0.0108185
0 0.0847656 0.552083 0.01875 0.0854167 0.0106506
0 0.341406 0.554688 0.025 0.053125 0.0102921
38 0.38291 0.654167 0.0201172 0.0291667 0.0102081
0 0.081543 0.507812 0.0164063 0.025 0.00985718
0 0.0871094 0.557292 0.0226563 0.0708333 0.00985718
38 0.0725586 0.578125 0.0421875 0.0354167 0.00941467
0 0.992969 0.523438 0.0140625 0.0208333 0.00926971
0 0.177344 0.583333 0.0207031 0.0395833 0.00894928
38 0.458984 0.664063 0.0195312 0.0666667 0.00888062
38 0.461719 0.601042 0.021875 0.141667 0.00878143
0 0.380859 0.548958 0.0203125 0.0583333 0.00874329
34 0.4625 0.640625 0.01875 0.08125 0.0085144
38 0.404785 0.669792 0.0623047 0.05625 0.0085144
0 0.258984 0.536979 0.0117188 0.025 0.00831604
0 0.619141 0.543229 0.0171875 0.0677083 0.008255
0 0.438281 0.572396 0.053125 0.101042 0.00815582
35 0.042041 0.590625 0.0175781 0.025 0.00809479
38 0.421484 0.60625 0.021875 0.0270833 0.00809479
0 0.385156 0.544792 0.0171875 0.0645833 0.00793457
38 0.621484 0.565625 0.015625 0.025 0.00772476
34 0.474609 0.6375 0.021875 0.0645833 0.00754929
0 0.0219238 0.520313 0.0161133 0.05 0.00737381
0 0.0897461 0.551042 0.0175781 0.0770833 0.00737381
34 0.460938 0.654167 0.0171875 0.06875 0.00725937
26 0.177344 0.583333 0.0207031 0.0395833 0.00709534
38 0.480469 0.642188 0.0359375 0.059375 0.0069313
0 0.418359 0.565625 0.0179687 0.0427083 0.00656509
34 0.177344 0.583333 0.0207031 0.0395833 0.00653839
0 0.457813 0.594792 0.0203125 0.0958333 0.0064621
32 0.381934 0.656771 0.0158203 0.0302083 0.00638962
38 0.0702148 0.58125 0.0310547 0.03125 0.00636292
0 0.061377 0.582292 0.0239258 0.0395833 0.00634003
0 0.659375 0.544792 0.0109375 0.0333333 0.00631332
13 0.18667 0.642708 0.0422852 0.0375 0.00631332
0 0.211719 0.523438 0.0101563 0.0322917 0.00624084
0 0.365234 0.555208 0.0203125 0.05 0.00619125
38 0.142773 0.659375 0.0173828 0.0239583 0.00609589
0 0.615625 0.551563 0.03125 0.0489583 0.00566483
0 0.557031 0.541667 0.0125 0.0229167 0.00564194
38 0.421484 0.617708 0.0210938 0.0197917 0.00564194
56 0.0537109 0.580208 0.0164063 0.0322917 0.00559998
26 0.425 0.578646 0.0265625 0.0635417 0.00551224
0 0.0537109 0.580208 0.0164063 0.0322917 0.00548935
0 0.339453 0.541146 0.025 0.0572917 0.00530243
38 0.471875 0.645833 0.0328125 0.078125 0.00530243
0 0.0237793 0.555208 0.0262695 0.0979167 0.00526047
0 0.177148 0.545313 0.01875 0.0333333 0.00521851
38 0.401172 0.558333 0.0257812 0.05 0.00519943
38 0.177295 0.575 0.0204102 0.0458333 0.00498199
34 0.421484 0.60625 0.021875 0.0270833 0.00488663
9 0.892188 0.472917 0.009375 0.0208333 0.00475693
0 0.110547 0.529688 0.0199219 0.034375 0.00475693
0 0.133203 0.530729 0.0171875 0.0302083 0.00471878
0 0.705469 0.563542 0.03125 0.05 0.00450516
38 0.0550781 0.5375 0.0210938 0.021875 0.00445175
0 0.917188 0.540625 0.0078125 0.015625 0.00445175
0 0.182471 0.631771 0.0483398 0.0645833 0.00416565
1 0.0892578 0.577083 0.0253906 0.0354167 0.00415039
0 0.779688 0.496875 0.0109375 0.0135417 0.00403976
38 0.288086 0.519271 0.0207031 0.0260417 0.00391388
0 0.469922 0.633333 0.0304688 0.075 0.00388527
26 0.4375 0.580208 0.0335938 0.06875 0.00374985
0 0.0273315 0.515625 0.0201416 0.0354167 0.0037365
38 0.145313 0.575 0.0230469 0.0291667 0.00370789
34 0.457813 0.594792 0.0203125 0.0958333 0.00369263
0 0.778906 0.507292 0.0171875 0.0302083 0.00367928
0 0.423047 0.582292 0.0265625 0.0729167 0.00362206
32 0.580469 0.479167 0.0078125 0.0125 0.00359344
0 0.653906 0.536458 0.0132813 0.0354167 0.00359344
38 0.400098 0.656771 0.0544922 0.034375 0.00359344
0 0.536719 0.539583 0.0203125 0.0291667 0.00353813
38 0.158398 0.571875 0.0292969 0.0354167 0.00348282
0 0.241797 0.531771 0.0183594 0.0229167 0.00345612
0 0.603125 0.520833 0.0140625 0.021875 0.00340271
35 0.177344 0.583333 0.0207031 0.0395833 0.00340271
0 0.594531 0.542708 0.0140625 0.0229167 0.00333786
38 0.309375 0.711979 0.0167969 0.028125 0.00333786
0 0.557813 0.534375 0.0140625 0.0333333 0.00331116
0 0.613281 0.558333 0.034375 0.0375 0.00331116
0 0.992188 0.55625 0.015625 0.03125 0.00319672
13 0.901563 0.541667 0.046875 0.0197917 0.00317192
0 0.186914 0.641146 0.0421875 0.040625 0.00314713
0 0.233203 0.530208 0.015625 0.021875 0.00312424
2 0.665625 0.541667 0.0171875 0.0291667 0.00304031
13 0.0537109 0.580208 0.0164063 0.0322917 0.00304031
0 0.0067749 0.554167 0.0135498 0.1 0.00302696
0 0.233984 0.533854 0.015625 0.021875 0.00299263
16 0.0962891 0.576563 0.0378906 0.0354167 0.00296974
2 0.644922 0.523958 0.0242188 0.0229167 0.00291252
0 0.261719 0.547917 0.0101563 0.025 0.00290108
0 0.151367 0.535938 0.015625 0.0364583 0.00288963
38 0.0935547 0.573958 0.034375 0.0395833 0.00288963
0 0.288086 0.519271 0.0207031 0.0260417 0.00286674
13 0.859375 0.539062 0.028125 0.01875 0.00284576
0 0.707812 0.538542 0.015625 0.0833333 0.00279045
0 0.177295 0.575 0.0204102 0.0458333 0.00279045
0 0.892188 0.472917 0.009375 0.0208333 0.00276756
13 0.910156 0.558333 0.0546875 0.0229167 0.00271416
34 0.177295 0.575 0.0204102 0.0458333 0.00270462
13 0.90625 0.541667 0.03125 0.0166667 0.00269318
56 0.186914 0.641146 0.0421875 0.040625 0.00269318
13 0.611719 0.567708 0.0375 0.021875 0.00268364
0 0.396094 0.4875 0.015625 0.025 0.00265312
34 0.042041 0.590625 0.0175781 0.025 0.00265312
2 0.953125 0.50625 0.0125 0.0125 0.00264168
1 0.0537109 0.580208 0.0164063 0.0322917 0.00264168
38 0.0402344 0.579167 0.0238281 0.0552083 0.00263214
38 0.620703 0.554688 0.0164063 0.0447917 0.0026207
0 0.177344 0.617708 0.0898438 0.1 0.00260162
0 0.79375 0.545313 0.034375 0.0677083 0.00259018
0 0.283594 0.521875 0.0179687 0.0197917 0.00258064
38 0.422266 0.586458 0.025 0.0645833 0.00258064
26 0.457813 0.5875 0.021875 0.0791667 0.00256157
38 0.186914 0.577604 0.0222656 0.0260417 0.00256157
24 0.27832 0.870833 0.0859375 0.0729167 0.00247192
38 0.283594 0.521875 0.0179687 0.0197917 0.0024147
0 0.177148 0.5625 0.0203125 0.0479167 0.00239754
13 0.665625 0.541667 0.0171875 0.0291667 0.00236893
0 0.539844 0.546875 0.015625 0.0229167 0.00236893
0 0.309961 0.713021 0.0183594 0.0270833 0.00236893
56 0.0994141 0.576563 0.0347656 0.0333333 0.00235939
24 0.158398 0.571875 0.0292969 0.0354167 0.00235939
58 0.665625 0.541667 0.0171875 0.0291667 0.00234222
13 0.145313 0.575 0.0230469 0.0291667 0.00234222
14 0.510938 0.9625 0.0359375 0.0291667 0.00232315
34 0.309375 0.711979 0.0167969 0.028125 0.00229645
13 0.8 0.547917 0.021875 0.0645833 0.00226974
0 0.208789 0.523958 0.0125 0.0385417 0.00226021
0 0.75625 0.529167 0.0140625 0.0291667 0.00226021
0 0.277734 0.86875 0.0804688 0.0708333 0.00226021
0 0.14668 0.531771 0.0195312 0.034375 0.00225258
2 0.987891 0.5125 0.0242188 0.0208333 0.00224304
56 0.0725586 0.578125 0.0421875 0.0354167 0.00223351
0 0.287305 0.91875 0.0726563 0.15625 0.00222588
0 0.407031 0.559375 0.034375 0.05625 0.00219154
0 0.282813 0.88724 0.0796875 0.100521 0.00215721
0 0.111914 0.541667 0.0226563 0.05 0.00214958
1 0.0725586 0.578125 0.0421875 0.0354167 0.00211525
2 0.9875 0.508333 0.0234375 0.015625 0.00210762
34 0.422266 0.586458 0.025 0.0645833 0.00208282
0 0.703516 0.548958 0.0257812 0.0666667 0.00205803
0 0.78125 0.522917 0.015625 0.025 0.00205803
34 0.470313 0.620833 0.034375 0.101042 0.00204277
36 0.436719 0.690625 0.0265625 0.025 0.00201035
0 0.158398 0.571875 0.0292969 0.0354167 0.00197983
13 0.8125 0.566667 0.021875 0.0208333 0.00197983
38 0.0847656 0.552083 0.01875 0.0854167 0.00193405
0 0.38125 0.565104 0.0273438 0.0552083 0.00191212
13 0.658594 0.542708 0.00859375 0.0270833 0.00190449
13 0.896094 0.560417 0.0328125 0.01875 0.00190449
0 0.289062 0.513542 0.0195312 0.0229167 0.00188923
38 0.161523 0.56875 0.0300781 0.0354167 0.00188923
58 0.0994141 0.576563 0.0347656 0.0333333 0.00188923
34 0.430469 0.578125 0.0382813 0.08125 0.00188255
34 0.458984 0.664063 0.0195312 0.0666667 0.00187492
13 0.613281 0.558333 0.034375 0.0375 0.00186729
34 0.161523 0.56875 0.0300781 0.0354167 0.00185299
0 0.990234 0.542708 0.0195312 0.0625 0.0018177
13 0.0725586 0.578125 0.0421875 0.0354167 0.00181007
38 0.134863 0.586458 0.0224609 0.0208333 0.00179577
2 0.992969 0.523438 0.0140625 0.0208333 0.00178242
0 0.474609 0.6375 0.021875 0.0645833 0.00176144
0 0.898438 0.505208 0.0140625 0.0197917 0.00174809
13 0.38125 0.565104 0.0273438 0.0552083 0.00174141
0 0.86875 0.539583 0.0125 0.0166667 0.00173378
2 0.640625 0.510417 0.0335938 0.0145833 0.0017271
0 0.829688 0.526563 0.015625 0.028125 0.00172043
13 0.607031 0.561979 0.05 0.0239583 0.00172043
38 0.144531 0.579167 0.0257812 0.0375 0.00172043
0 0.5375 0.534896 0.0226563 0.034375 0.00171375
0 0.623438 0.563021 0.0203125 0.0270833 0.0017004
0 0.582422 0.519271 0.0109375 0.021875 0.00169373
13 0.645703 0.542188 0.0273438 0.0229167 0.00168705
2 0.658594 0.542708 0.00859375 0.0270833 0.00167465
0 0.173242 0.553646 0.0257812 0.0489583 0.00166798
38 0.0395996 0.590625 0.0317383 0.0395833 0.00166798
2 0.947656 0.507292 0.025 0.0125 0.0016613
2 0.632812 0.520313 0.015625 0.025 0.0016613
0 0.953125 0.50625 0.0125 0.0125 0.0016489
32 0.309375 0.711979 0.0167969 0.028125 0.0016489
38 0.0871094 0.557292 0.0226563 0.0708333 0.00162315
0 0.709375 0.585417 0.0265625 0.0145833 0.00161648
13 0.810938 0.563021 0.01875 0.0260417 0.00161076
13 0.666406 0.543229 0.0210938 0.0354167 0.00160408
32 0.042041 0.590625 0.0175781 0.025 0.00160408
0 0.154688 0.541146 0.0117188 0.03125 0.00159168
0 0.45625 0.568229 0.0203125 0.090625 0.00159168
13 0.0988281 0.577604 0.0396484 0.0322917 0.00158501
38 0.0540527 0.571354 0.0363281 0.0520833 0.00157928
24 0.042041 0.590625 0.0175781 0.025 0.00156116
39 0.269141 0.915625 0.107813 0.164583 0.00156116
0 0.16582 0.571875 0.0425781 0.0604167 0.00154305
0 0.0865234 0.527604 0.025 0.06875 0.00153637
38 0.117285 0.530729 0.0171875 0.0291667 0.00153637
32 0.396094 0.4875 0.015625 0.025 0.0015192
36 0.458984 0.664063 0.0195312 0.0666667 0.00150681
0 0.433594 0.580208 0.04375 0.0802083 0.00148964
0 0.934375 0.584375 0.01875 0.075 0.0014782
56 0.0702148 0.58125 0.0310547 0.03125 0.0014782
38 0.156055 0.65625 0.0429688 0.0270833 0.0014782
38 0.289062 0.513542 0.0195312 0.0229167 0.00147247
26 0.177295 0.575 0.0204102 0.0458333 0.00146103
38 0.0824463 0.54375 0.0194824 0.1 0.00145531
0 0.0767334 0.507292 0.0230957 0.0229167 0.00144958
38 0.157422 0.64375 0.0460938 0.0541667 0.00144958
0 0.402344 0.528646 0.0234375 0.0958333 0.00144386
26 0.158398 0.571875 0.0292969 0.0354167 0.00143242
38 0.611719 0.567708 0.0375 0.021875 0.00141621
2 0.636719 0.509896 0.0390625 0.01875 0.00141048
38 0.286719 0.515625 0.0242188 0.025 0.00140476
34 0.402246 0.667188 0.0580078 0.0520833 0.00140476
34 0.311719 0.714583 0.0210938 0.0322917 0.00139427
56 0.665625 0.541667 0.0171875 0.0291667 0.00138283
38 0.460938 0.675 0.0203125 0.0489583 0.00138283
24 0.282813 0.88724 0.0796875 0.100521 0.00138283
0 0.267188 0.866667 0.0578125 0.06875 0.00136662
38 0.390625 0.655208 0.0375 0.0333333 0.00136185
13 0.623438 0.563021 0.0203125 0.0270833 0.00134563
0 0.104297 0.576042 0.0398437 0.0354167 0.00134563
38 0.396094 0.4875 0.015625 0.025 0.00133514
2 0.86875 0.539583 0.0125 0.0166667 0.00133038
2 0.645703 0.542188 0.0273438 0.0229167 0.00131512
0 0.766797 0.526563 0.0109375 0.021875 0.00130939
0 0.326172 0.554167 0.040625 0.0375 0.00130939
13 0.9875 0.554688 0.025 0.0395833 0.00130463
56 0.8 0.547917 0.021875 0.0645833 0.00130463
38 0.081543 0.507812 0.0164063 0.025 0.00129986
0 0.492188 0.525 0.021875 0.0458333 0.00128937
34 0.158398 0.571875 0.0292969 0.0354167 0.00128937
34 0.427344 0.58125 0.028125 0.075 0.00127888
13 0.621484 0.565625 0.015625 0.025 0.00127888
56 0.288086 0.519271 0.0207031 0.0260417 0.00127411
13 0.858594 0.561458 0.0796875 0.01875 0.00127411
56 0.042041 0.590625 0.0175781 0.025 0.00127411
0 0.117871 0.523438 0.0228516 0.04375 0.00126934
34 0.439844 0.6125 0.0578125 0.177083 0.00126934
13 0.871875 0.560938 0.04375 0.0177083 0.00124931
38 0.182471 0.631771 0.0483398 0.0645833 0.00124931
0 0.0550781 0.5375 0.0210938 0.021875 0.00124454
38 0.311719 0.714583 0.0210938 0.0322917 0.00124454
0 0.397266 0.5625 0.0421875 0.0604167 0.00124454
24 0.177344 0.583333 0.0207031 0.0395833 0.00123024
56 0.658594 0.542708 0.00859375 0.0270833 0.00122547
0 0.440625 0.611458 0.059375 0.183333 0.847168
0 0.161914 0.600521 0.0546875 0.1375 0.821777
0 0.02677 0.567708 0.0327881 0.0854167 0.716309
0 0.346094 0.553646 0.0164063 0.0510417 0.682617
0 0.709375 0.552083 0.021875 0.0708333 0.652344
0 0.798438 0.547917 0.01875 0.0666667 0.583984
0 0.401563 0.55625 0.0234375 0.05 0.581543
38 0.471094 0.635417 0.028125 0.06875 0.27832
0 0.620703 0.554688 0.0164063 0.0447917 0.240112
0 0.26875 0.914323 0.108594 0.163021 0.2323
0 0.0878906 0.577083 0.0222656 0.0354167 0.105957
0 0.344922 0.551042 0.021875 0.0583333 0.0991211
0 0.402344 0.548958 0.01875 0.0604167 0.0927124
0 0.621484 0.566146 0.015625 0.0239583 0.0888062
0 0.405469 0.555208 0.01875 0.0520833 0.0770874
0 0.0961914 0.576563 0.0375 0.034375 0.0768433
0 0.662109 0.542708 0.0125 0.0291667 0.0761108
0 0.0408203 0.579688 0.0230469 0.0541667 0.0589905
0 0.390625 0.546875 0.015625 0.0625 0.0531006
38 0.0420898 0.590625 0.0178711 0.0239583 0.0481262
38 0.401953 0.6625 0.05625 0.0416667 0.0474243
38 0.0537109 0.580208 0.0166016 0.0322917 0.0456848
0 0.390625 0.555208 0.0140625 0.0416667 0.0453491
0 0.658594 0.542708 0.00859375 0.0270833 0.0452576
0 0.00651855 0.526042 0.0130371 0.0458333 0.0413818
38 0.18667 0.642708 0.0422852 0.0354167 0.0354004
38 0.381641 0.656771 0.015625 0.0302083 0.0290833
34 0.471094 0.634375 0.028125 0.0708333 0.0288696
0 0.117383 0.530208 0.0171875 0.0291667 0.0287628
0 0.711328 0.544792 0.0226563 0.05625 0.0275879
0 0.903125 0.505208 0.0125 0.01875 0.0255127
0 0.372852 0.554167 0.0175781 0.0625 0.025177
38 0.100195 0.576563 0.0333984 0.0333333 0.0238647
9 0.269141 0.915625 0.107813 0.164583 0.0229797
38 0.467969 0.608333 0.03125 0.14375 0.0226288
38 0.460938 0.654167 0.0171875 0.06875 0.0209656
0 0.460938 0.601042 0.021875 0.1125 0.0205994
0 0.541406 0.5375 0.0179687 0.0333333 0.0200653
0 0.666016 0.541146 0.0164063 0.0291667 0.0195618
34 0.467969 0.602083 0.03125 0.135417 0.0195618
1 0.0961914 0.576563 0.0375 0.034375 0.0186157
38 0.470313 0.620833 0.034375 0.101042 0.0184021
34 0.461719 0.601042 0.0210938 0.141667 0.0171814
0 0.372266 0.564583 0.0132813 0.05625 0.0158997
38 0.4625 0.640625 0.01875 0.08125 0.0156021
0 0.467969 0.602083 0.03125 0.135417 0.0124283
0 0.37207 0.546875 0.0238281 0.0645833 0.0120544
0 0.258203 0.530208 0.0125 0.0208333 0.0119629
0 0.244141 0.535417 0.0125 0.0197917 0.0112915
0 0.0420898 0.590625 0.0178711 0.0239583 0.0110321
0 0.0859375 0.563542 0.0179687 0.0520833 0.0109863
38 0.177393 0.583333 0.0209961 0.0395833 0.0107803
38 0.461719 0.601042 0.0210938 0.141667 0.0103302
0 0.800781 0.546875 0.0265625 0.0625 0.0102081
0 0.378516 0.555729 0.01875 0.0458333 0.0100098
38 0.458594 0.663542 0.0203125 0.0677083 0.00981903
0 0.0816406 0.507292 0.0162109 0.025 0.00971222
0 0.0847656 0.553125 0.01875 0.0833333 0.00955963
0 0.177393 0.583333 0.0209961 0.0395833 0.00955963
0 0.0824219 0.543229 0.0193359 0.0979167 0.00948334
0 0.348438 0.550521 0.0226563 0.0614583 0.00930023
38 0.0882813 0.577604 0.0234375 0.0354167 0.00923157
38 0.421484 0.605729 0.021875 0.0270833 0.00912476
0 0.992969 0.522917 0.0140625 0.0208333 0.00905609
0 0.438281 0.572917 0.053125 0.104167 0.00894928
38 0.382812 0.653646 0.0195312 0.028125 0.00894928
0 0.258984 0.536979 0.0121094 0.025 0.00878143
38 0.386719 0.660417 0.0257812 0.0375 0.0086441
0 0.0871094 0.557292 0.0222656 0.0697917 0.00854492
38 0.071582 0.578125 0.0402344 0.0354167 0.00834656
34 0.4625 0.640625 0.01875 0.08125 0.00821686
0 0.341602 0.554688 0.025 0.053125 0.00818634
0 0.380859 0.548958 0.0203125 0.0572917 0.00793457
0 0.61875 0.54375 0.0171875 0.0666667 0.00787354
0 0.385156 0.544792 0.0171875 0.0645833 0.00769424
38 0.621484 0.566146 0.015625 0.0239583 0.00760651
34 0.460938 0.654167 0.0171875 0.06875 0.00743103
0 0.458203 0.594792 0.0203125 0.0958333 0.00740433
26 0.177393 0.583333 0.0209961 0.0395833 0.00737381
38 0.404785 0.669792 0.0623047 0.05625 0.00720596
0 0.021875 0.519792 0.0158203 0.0489583 0.00701141
35 0.0420898 0.590625 0.0178711 0.0239583 0.00701141
38 0.480859 0.641667 0.0367188 0.059375 0.0069313
0 0.0902344 0.55 0.0164063 0.0739583 0.0068512
38 0.421484 0.617708 0.0210938 0.0208333 0.00682449
0 0.665625 0.539062 0.01875 0.0364583 0.00664139
0 0.211719 0.523438 0.00976562 0.0322917 0.00664139
13 0.18667 0.642708 0.0422852 0.0354167 0.00661469
0 0.0614258 0.582292 0.022168 0.0395833 0.00621796
0 0.557031 0.541667 0.0125 0.0229167 0.00614548
38 0.142676 0.659375 0.0173828 0.0229167 0.006073
34 0.177393 0.583333 0.0209961 0.0395833 0.00605011
0 0.41875 0.565625 0.01875 0.0416667 0.005867
0 0.177148 0.544792 0.01875 0.03125 0.00582123
38 0.0936523 0.576042 0.0330078 0.0354167 0.00577545
26 0.425 0.578125 0.0265625 0.0604167 0.00572968
38 0.0696289 0.58125 0.0300781 0.03125 0.00570679
32 0.381641 0.656771 0.015625 0.0302083 0.0055542
0 0.0537109 0.580208 0.0166016 0.0322917 0.00553513
0 0.182617 0.629167 0.0472656 0.06875 0.00553513
38 0.401172 0.558333 0.0257812 0.05 0.00534439
0 0.365234 0.555208 0.0195312 0.05 0.00530243
38 0.471875 0.645833 0.0328125 0.0791667 0.00524139
0 0.0233887 0.555208 0.0255859 0.0979167 0.00521851
0 0.659375 0.544792 0.0101563 0.0333333 0.00518036
38 0.177295 0.573958 0.0204102 0.046875 0.00516129
0 0.615625 0.551563 0.0304688 0.0479167 0.00511932
0 0.133203 0.530208 0.0169922 0.0291667 0.0050621
0 0.110352 0.529688 0.0195312 0.034375 0.0049057
56 0.0537109 0.580208 0.0166016 0.0322917 0.00482941
34 0.421484 0.605729 0.021875 0.0270833 0.00473785
0 0.705078 0.5625 0.03125 0.0520833 0.0046463
0 0.339258 0.538021 0.0246094 0.05 0.00462723
38 0.0550781 0.5375 0.0210938 0.021875 0.00421524
9 0.892188 0.472917 0.009375 0.0208333 0.00416565
0 0.469922 0.632292 0.0304688 0.075 0.00408554
0 0.917188 0.540625 0.0078125 0.015625 0.00407028
26 0.438281 0.579688 0.0320312 0.0666667 0.00403976
0 0.186914 0.640625 0.0421875 0.0395833 0.00397491
0 0.779688 0.496875 0.0125 0.0135417 0.00378036
1 0.0878906 0.577083 0.0222656 0.0354167 0.00376511
34 0.458203 0.594792 0.0203125 0.0958333 0.0037365
38 0.145605 0.574479 0.0228516 0.0291667 0.00367928
0 0.241797 0.531771 0.0179687 0.0229167 0.00363541
0 0.0273315 0.515104 0.019751 0.034375 0.00362206
0 0.536328 0.539583 0.0195312 0.0291667 0.0036068
38 0.158105 0.571875 0.0289063 0.0354167 0.00351143
0 0.557813 0.534375 0.0140625 0.0322917 0.00346947
0 0.233203 0.530208 0.015625 0.0208333 0.00344276
0 0.423438 0.582292 0.0265625 0.0729167 0.00340271
38 0.288281 0.519792 0.0203125 0.025 0.00325966
0 0.653906 0.536458 0.0125 0.0333333 0.00325966
38 0.309375 0.711979 0.0167969 0.028125 0.00325966
0 0.594922 0.542708 0.0132813 0.0229167 0.00319672
0 0.177295 0.573958 0.0204102 0.046875 0.00319672
0 0.778906 0.506771 0.0171875 0.0291667 0.00317192
0 0.603516 0.520833 0.0140625 0.0208333 0.00316048
0 0.992188 0.55625 0.015625 0.03125 0.00316048
0 0.151367 0.535938 0.0154297 0.0364583 0.00314713
38 0.475781 0.6375 0.03125 0.0645833 0.00311089
0 0.233984 0.533854 0.015625 0.021875 0.00305176
32 0.580469 0.479167 0.0078125 0.0125 0.00304031
38 0.400098 0.65625 0.0544922 0.0333333 0.00301552
0 0.178076 0.61875 0.0907227 0.0958333 0.00294685
0 0.288281 0.519792 0.0203125 0.025 0.00291252
0 0.261719 0.547917 0.00976562 0.0229167 0.00291252
0 0.613281 0.558333 0.034375 0.0375 0.0028553
0 0.00675049 0.554167 0.013501 0.1 0.00279999
26 0.458203 0.5875 0.0210938 0.0791667 0.00273705
13 0.902344 0.541667 0.0453125 0.0197917 0.0027256
0 0.177393 0.561458 0.0202148 0.046875 0.0027256
0 0.283594 0.521875 0.0175781 0.01875 0.00270462
2 0.953125 0.50625 0.0125 0.0125 0.00269318
34 0.177295 0.573958 0.0204102 0.046875 0.00269318
1 0.0537109 0.580208 0.0166016 0.0322917 0.00268364
38 0.422266 0.585938 0.025 0.065625 0.00266266
13 0.0537109 0.580208 0.0166016 0.0322917 0.00261116
0 0.396094 0.4875 0.015625 0.025 0.00257111
56 0.186914 0.640625 0.0421875 0.0395833 0.00257111
2 0.666016 0.541146 0.0164063 0.0291667 0.00255013
0 0.208789 0.523958 0.0125 0.0375 0.00252151
0 0.707812 0.536458 0.0148437 0.0791667 0.00251198
0 0.539844 0.546875 0.0148437 0.0229167 0.00250244
0 0.14668 0.531771 0.0195312 0.034375 0.0024929
38 0.620703 0.554688 0.0164063 0.0447917 0.00248146
34 0.0420898 0.590625 0.0178711 0.0239583 0.00248146
38 0.186914 0.577604 0.0222656 0.025 0.00247192
35 0.177393 0.583333 0.0209961 0.0395833 0.00245285
0 0.892188 0.472917 0.009375 0.0208333 0.00244331
2 0.645312 0.523958 0.0234375 0.0229167 0.00244331
38 0.0408203 0.579688 0.0230469 0.0541667 0.00239754
0 0.75625 0.529167 0.0140625 0.0270833 0.002388
0 0.158105 0.571875 0.0289063 0.0354167 0.00237846
13 0.90625 0.541667 0.03125 0.0166667 0.00236893
0 0.277734 0.86875 0.0804688 0.0708333 0.00234222
13 0.859375 0.538542 0.028125 0.01875 0.00233269
0 0.309961 0.713021 0.0179687 0.0270833 0.00233269
13 0.909375 0.558333 0.053125 0.0229167 0.00225258
0 0.282031 0.8875 0.0804688 0.1 0.00225258
16 0.0961914 0.576563 0.0375 0.034375 0.00222588
13 0.611719 0.567708 0.0375 0.021875 0.00221634
0 0.0316528 0.564583 0.0290771 0.08125 0.00219917
0 0.286328 0.91849 0.0742188 0.154688 0.00217438
38 0.105273 0.578646 0.0390625 0.0322917 0.00216484
1 0.071582 0.578125 0.0402344 0.0354167 0.00215721
39 0.269141 0.915625 0.107813 0.164583 0.00215721
58 0.666016 0.541146 0.0164063 0.0291667 0.00214958
24 0.278125 0.871094 0.0859375 0.0744792 0.00211525
24 0.158105 0.571875 0.0289063 0.0354167 0.00209999
0 0.474219 0.6375 0.021875 0.0645833 0.00209045
0 0.111914 0.538542 0.021875 0.04375 0.0020752
13 0.145605 0.574479 0.0228516 0.0291667 0.00201988
38 0.283594 0.521875 0.0175781 0.01875 0.00201035
0 0.703516 0.548958 0.0257812 0.0666667 0.00200272
13 0.8 0.547917 0.021875 0.0645833 0.00199509
34 0.422266 0.585938 0.025 0.065625 0.00199509
2 0.987891 0.5125 0.0242188 0.01875 0.00198746
34 0.458594 0.663542 0.0203125 0.0677083 0.00198746
0 0.79375 0.545313 0.034375 0.0666667 0.00197983
34 0.309375 0.711979 0.0167969 0.028125 0.00194168
38 0.161133 0.568229 0.0292969 0.034375 0.00191879
0 0.16582 0.571875 0.0429688 0.0625 0.00191879
2 0.9875 0.508333 0.0234375 0.0145833 0.00191212
0 0.407031 0.558333 0.034375 0.05625 0.00191212
58 0.100195 0.576563 0.0333984 0.0333333 0.00190449
13 0.666016 0.541146 0.0164063 0.0291667 0.00189686
0 0.289062 0.513021 0.0195312 0.021875 0.00186729
0 0.17334 0.552083 0.0255859 0.0458333 0.00185299
56 0.100195 0.576563 0.0333984 0.0333333 0.00183868
56 0.071582 0.578125 0.0402344 0.0354167 0.00183105
0 0.154688 0.540625 0.0117188 0.03125 0.00181007
0 0.78125 0.522917 0.015625 0.0239583 0.0018034
34 0.470313 0.620833 0.034375 0.101042 0.00178909
0 0.5375 0.534896 0.021875 0.0333333 0.00176811
38 0.0847656 0.553125 0.01875 0.0833333 0.0017271
0 0.898438 0.505208 0.0140625 0.01875 0.00172043
0 0.380469 0.564583 0.0257812 0.0541667 0.00170708
56 0.0936523 0.576042 0.0330078 0.0354167 0.00170708
2 0.992969 0.522917 0.0140625 0.0208333 0.00169373
0 0.45625 0.568229 0.0203125 0.090625 0.00168705
0 0.86875 0.539583 0.0125 0.0166667 0.00168705
38 0.135059 0.585938 0.0224609 0.021875 0.00168705
2 0.640625 0.509896 0.0328125 0.0145833 0.0016489
34 0.430469 0.577083 0.0375 0.08125 0.0016489
34 0.161133 0.568229 0.0292969 0.034375 0.00164223
13 0.8125 0.566667 0.021875 0.0208333 0.00164223
2 0.947656 0.507292 0.025 0.0125 0.00163555
0 0.582422 0.519271 0.0109375 0.021875 0.00163555
0 0.990234 0.542708 0.0195312 0.0614583 0.00161648
0 0.433594 0.579688 0.04375 0.08125 0.00161076
26 0.177295 0.573958 0.0204102 0.046875 0.00160408
0 0.953125 0.50625 0.0125 0.0125 0.0015974
36 0.436719 0.690625 0.0265625 0.025 0.00158501
0 0.829688 0.526042 0.015625 0.0270833 0.00157356
38 0.144727 0.579167 0.0253906 0.0385417 0.00156689
38 0.0396973 0.590104 0.0313477 0.040625 0.00154305
13 0.894531 0.559896 0.028125 0.01875 0.0015192
26 0.158105 0.571875 0.0289063 0.0354167 0.00151253
0 0.0767578 0.507292 0.0230469 0.0229167 0.00150108
13 0.071582 0.578125 0.0402344 0.0354167 0.00148392
38 0.460938 0.673958 0.0203125 0.0510417 0.00148392
38 0.157422 0.642188 0.0460938 0.0572917 0.0014782
38 0.117383 0.530208 0.0171875 0.0291667 0.00147247
38 0.0871094 0.557292 0.0222656 0.0697917 0.00147247
2 0.632031 0.520833 0.0140625 0.0239583 0.00146675
32 0.0420898 0.590625 0.0178711 0.0239583 0.00146675
13 0.658594 0.542708 0.00859375 0.0270833 0.00146103
13 0.613281 0.558333 0.034375 0.0375 0.00145531
24 0.0420898 0.590625 0.0178711 0.0239583 0.00145531
32 0.309375 0.711979 0.0167969 0.028125 0.00144958
38 0.156055 0.65625 0.0429688 0.0270833 0.00143814
0 0.0865479 0.525521 0.0245605 0.0645833 0.00141621
13 0.607422 0.561458 0.05 0.0229167 0.00141048
0 0.709375 0.585417 0.0265625 0.0145833 0.00140476
26 0.0420898 0.590625 0.0178711 0.0239583 0.00138855
14 0.510547 0.9625 0.0359375 0.0291667 0.00138855
2 0.658594 0.542708 0.00859375 0.0270833 0.00137806
38 0.0542969 0.571354 0.0352539 0.0510417 0.00137806
0 0.0550781 0.5375 0.0210938 0.021875 0.00136185
34 0.439844 0.6125 0.0578125 0.177083 0.00135136
0 0.623438 0.563542 0.0203125 0.0270833 0.00134563
0 0.766797 0.527083 0.0109375 0.0208333 0.00134087
0 0.401953 0.528125 0.0234375 0.0958333 0.00133514
0 0.492188 0.525 0.021875 0.0458333 0.00132465
12 0.26875 0.914583 0.108594 0.164583 0.00132465
13 0.0992187 0.578125 0.0386719 0.03125 0.00131989
2 0.636719 0.509896 0.0375 0.0177083 0.00131512
36 0.458594 0.663542 0.0203125 0.0677083 0.00131512
38 0.0824219 0.543229 0.0193359 0.0979167 0.00130939
13 0.646094 0.542188 0.0265625 0.021875 0.00130463
13 0.811719 0.5625 0.01875 0.025 0.00129414
38 0.611719 0.567708 0.0375 0.021875 0.0012846
0 0.267188 0.866667 0.0574219 0.06875 0.0012846
0 0.117871 0.522917 0.0224609 0.04375 0.00127888
38 0.0816406 0.507292 0.0162109 0.025 0.00127411
0 0.104883 0.576042 0.0386719 0.034375 0.00126934
0 0.438281 0.579688 0.0320312 0.0666667 0.0012598
32 0.396094 0.4875 0.015625 0.025 0.00124454
2 0.86875 0.539583 0.0125 0.0166667 0.00124454
13 0.380469 0.564583 0.0257812 0.0541667 0.00124454
24 0.282031 0.8875 0.0804688 0.1 0.00123978
38 0.289062 0.513021 0.0195312 0.021875 0.00122547
2 0.288281 0.519792 0.0203125 0.025 0.00122547
38 0.457031 0.688542 0.0234375 0.025 0.0012207
38 0.396094 0.4875 0.015625 0.025 0.00121593
0 0.427344 0.545313 0.0203125 0.0447917 0.00121593
0 0.305664 0.530208 0.0117188 0.0354167 0.00121117
0 0.935156 0.584896 0.01875 0.0770833 0.00121117
0 0.583203 0.514583 0.0109375 0.0208333 0.0012064
13 0.666406 0.543229 0.0210938 0.0354167 0.00120163
0 0.308203 0.541667 0.00898437 0.025 0.00118828
0 0.442969 0.635417 0.084375 0.125 0.00118351
34 0.427344 0.58125 0.028125 0.075 0.00117874
34 0.158105 0.571875 0.0289063 0.0354167 0.00117397
0 0.470313 0.620833 0.034375 0.101042 0.00117397
2 0.283594 0.521875 0.0175781 0.01875 0.0011692
38 0.390723 0.655729 0.0373047 0.0322917 0.0011692
0 0.135449 0.572917 0.0236328 0.0385417 0.00116539
29 0.422266 0.585938 0.025 0.065625 0.00116539
1 0.620703 0.554688 0.0164063 0.0447917 0.00116062
0 0.440234 0.611458 0.059375 0.183333 0.848633
0 0.161914 0.6 0.0542969 0.1375 0.823242
0 0.0264526 0.567708 0.032251 0.0854167 0.682617
0 0.346094 0.553646 0.0164063 0.0510417 0.662109
0 0.709375 0.552604 0.0234375 0.071875 0.625
0 0.798438 0.547917 0.01875 0.065625 0.554688
0 0.401563 0.55625 0.0234375 0.05 0.536133
38 0.471484 0.635417 0.0289063 0.06875 0.255371
0 0.620313 0.554167 0.0171875 0.0458333 0.220703
0 0.269531 0.914583 0.109375 0.1625 0.180664
0 0.0869141 0.577604 0.0203125 0.0354167 0.0977173
0 0.621484 0.565625 0.0164063 0.025 0.0930176
0 0.344922 0.551042 0.021875 0.0583333 0.0878906
0 0.402344 0.548438 0.01875 0.059375 0.0838623
0 0.662109 0.542708 0.0125 0.0291667 0.0755615
0 0.405859 0.555208 0.0179687 0.0510417 0.0701904
0 0.0958008 0.576563 0.0367188 0.034375 0.0632324
0 0.0414063 0.580208 0.0222656 0.0520833 0.0491333
0 0.390234 0.546354 0.0148437 0.0625 0.0475159
0 0.390234 0.555729 0.0132813 0.0416667 0.0448608
0 0.658594 0.542708 0.00859375 0.0270833 0.0438538
38 0.0421875 0.590625 0.0179687 0.025 0.0430298
38 0.401563 0.661458 0.05625 0.0416667 0.0402527
38 0.0537598 0.580208 0.0166992 0.0322917 0.0387573
0 0.00656738 0.526042 0.0131348 0.0458333 0.0378113
38 0.188281 0.640625 0.0417969 0.0375 0.0309143
34 0.471094 0.634375 0.028125 0.0708333 0.028656
0 0.117383 0.530208 0.0171875 0.0291667 0.0283813
9 0.268945 0.914323 0.107422 0.163021 0.0280151
38 0.381934 0.656771 0.0158203 0.0291667 0.0261536
0 0.0911133 0.573958 0.0294922 0.0395833 0.0258026
0 0.461328 0.601042 0.021875 0.114583 0.0256653
0 0.372852 0.554167 0.0175781 0.0625 0.0254669
0 0.903125 0.505208 0.0125 0.01875 0.0236969
38 0.460938 0.654167 0.0171875 0.0708333 0.0231476
0 0.711328 0.544792 0.0226563 0.0541667 0.0223694
38 0.466797 0.607292 0.0296875 0.147917 0.0197144
0 0.666406 0.541146 0.015625 0.0291667 0.0195007
38 0.100879 0.576042 0.0318359 0.0333333 0.0186157
0 0.541406 0.5375 0.0179687 0.0333333 0.0178528
34 0.467969 0.601042 0.0328125 0.1375 0.0178528
34 0.461719 0.601042 0.0203125 0.142708 0.016922
0 0.372266 0.564583 0.0140625 0.0583333 0.0165253
38 0.462109 0.640625 0.01875 0.08125 0.0162201
38 0.470313 0.620833 0.034375 0.102083 0.0160217
1 0.0958008 0.576563 0.0367188 0.034375 0.0150146
0 0.467969 0.601042 0.0328125 0.1375 0.0141144
0 0.258203 0.530208 0.0125 0.0208333 0.01297
0 0.243945 0.535417 0.0121094 0.0197917 0.0120544
0 0.371875 0.547917 0.0234375 0.0625 0.0118713
38 0.458594 0.663021 0.0203125 0.0677083 0.0109863
0 0.0421875 0.590625 0.0179687 0.025 0.0106964
0 0.177344 0.582813 0.0207031 0.0385417 0.0105667
0 0.25918 0.536979 0.0121094 0.025 0.00978088
0 0.378125 0.555208 0.0179687 0.0458333 0.00974274
0 0.0817383 0.507292 0.0162109 0.025 0.00963593
38 0.461719 0.601042 0.0203125 0.142708 0.00937653
34 0.462109 0.640625 0.01875 0.08125 0.00930023
38 0.421875 0.605208 0.021875 0.0270833 0.0091629
38 0.177344 0.582813 0.0207031 0.0385417 0.00908661
0 0.0859375 0.563542 0.0175781 0.0510417 0.00905609
0 0.800781 0.547396 0.0265625 0.0625 0.00888062
0 0.437891 0.573958 0.053125 0.104167 0.00867462
34 0.460938 0.654167 0.0171875 0.0708333 0.00867462
0 0.458594 0.594792 0.0203125 0.0958333 0.0086441
0 0.0824219 0.542708 0.0191406 0.0958333 0.0085144
0 0.084668 0.553125 0.0185547 0.0833333 0.0085144
0 0.992969 0.522917 0.0140625 0.0208333 0.00847626
0 0.385156 0.544792 0.0171875 0.0635417 0.00834656
0 0.348828 0.55 0.0226563 0.0604167 0.008255
0 0.380566 0.548958 0.0201172 0.0572917 0.00818634
0 0.619141 0.54375 0.0171875 0.0666667 0.00806427
38 0.382812 0.653646 0.0195312 0.028125 0.0077858
0 0.182812 0.625 0.0460938 0.075 0.00772476
26 0.177344 0.582813 0.0207031 0.0385417 0.00763702
0 0.0871094 0.557292 0.021875 0.0708333 0.00731659
38 0.0704102 0.578646 0.0382813 0.0354167 0.00717545
38 0.480859 0.641667 0.0367188 0.0604167 0.00706482
38 0.386719 0.659896 0.0257812 0.0364583 0.00706482
38 0.421484 0.617188 0.0210938 0.0208333 0.0068512
38 0.0875 0.577604 0.021875 0.0354167 0.00674438
0 0.211719 0.523438 0.009375 0.0322917 0.00674438
0 0.0218262 0.519792 0.0155273 0.0479167 0.00669098
13 0.186719 0.642188 0.0425781 0.0354167 0.00666809
0 0.341406 0.555208 0.0246094 0.0520833 0.00651169
38 0.142578 0.659375 0.0175781 0.0229167 0.0064888
0 0.0905273 0.546875 0.015625 0.06875 0.00643921
0 0.665625 0.538542 0.01875 0.0354167 0.00636292
38 0.621484 0.565625 0.0164063 0.025 0.00634003
38 0.404785 0.669271 0.0623047 0.05625 0.00634003
26 0.424609 0.577083 0.0257812 0.0583333 0.00616837
0 0.0537598 0.580208 0.0166992 0.0322917 0.00616837
0 0.0615234 0.582292 0.0211914 0.0395833 0.00616837
0 0.177148 0.544792 0.01875 0.03125 0.00605011
35 0.0421875 0.590625 0.0179687 0.025 0.00584412
0 0.0229736 0.554167 0.0247559 0.0979167 0.00551224
0 0.133008 0.530208 0.0167969 0.0291667 0.00548935
0 0.557031 0.542188 0.0125 0.021875 0.00544739
0 0.419531 0.565625 0.01875 0.0416667 0.00530243
38 0.177734 0.573958 0.0203125 0.0479167 0.00526047
38 0.401172 0.558333 0.0257812 0.05 0.00519943
0 0.615625 0.551563 0.0296875 0.0479167 0.00508118
34 0.177344 0.582813 0.0207031 0.0385417 0.0050621
38 0.0689453 0.58125 0.0291016 0.0302083 0.00503922
0 0.365625 0.555208 0.0195312 0.05 0.00500107
38 0.471875 0.645833 0.0328125 0.0791667 0.00498199
0 0.110059 0.529167 0.01875 0.0333333 0.0049057
0 0.705078 0.561458 0.03125 0.0541667 0.00482941
0 0.18667 0.640625 0.0422852 0.0395833 0.00479126
0 0.659375 0.544792 0.0109375 0.0333333 0.00473785
34 0.421875 0.605208 0.021875 0.0270833 0.00471878
32 0.381934 0.656771 0.0158203 0.0291667 0.0046463
0 0.469922 0.632292 0.0304688 0.075 0.00462723
38 0.0918945 0.576563 0.0294922 0.0354167 0.00443268
26 0.439453 0.578646 0.0296875 0.0645833 0.00438309
0 0.917188 0.540625 0.0078125 0.0145833 0.00411606
56 0.0537598 0.580208 0.0166992 0.0322917 0.0041008
0 0.241797 0.531771 0.0171875 0.021875 0.00407028
0 0.233008 0.530208 0.0152344 0.0208333 0.00400543
0 0.339063 0.535417 0.0234375 0.04375 0.00391388
34 0.458594 0.594792 0.0203125 0.0958333 0.00387001
0 0.177734 0.573958 0.0203125 0.0479167 0.00385475
38 0.0551758 0.5375 0.0208984 0.021875 0.00374985
38 0.145605 0.574479 0.0228516 0.0291667 0.00370789
0 0.0274536 0.514583 0.0191162 0.0333333 0.00358009
0 0.233984 0.533854 0.015625 0.021875 0.00341606
0 0.151367 0.535417 0.0152344 0.0354167 0.00340271
0 0.423438 0.582292 0.0265625 0.0729167 0.00335121
1 0.0869141 0.577604 0.0203125 0.0354167 0.00329781
0 0.779688 0.496875 0.0125 0.0135417 0.00327301
9 0.892188 0.472917 0.009375 0.0208333 0.00321007
0 0.261719 0.548438 0.009375 0.0239583 0.00321007
0 0.653906 0.535938 0.0125 0.0333333 0.00318527
38 0.157617 0.571875 0.028125 0.034375 0.00316048
0 0.208789 0.523958 0.0125 0.0385417 0.00313568
0 0.535937 0.539583 0.0195312 0.0291667 0.00313568
0 0.557813 0.534375 0.0140625 0.03125 0.00312424
0 0.177393 0.561458 0.0202148 0.046875 0.0030632
0 0.992188 0.55625 0.015625 0.03125 0.0030632
0 0.594922 0.542708 0.0132813 0.0229167 0.00296974
26 0.458203 0.588021 0.0210938 0.078125 0.0029583
0 0.614062 0.557813 0.034375 0.0385417 0.0029583
0 0.283594 0.521875 0.0171875 0.01875 0.00290108
0 0.288281 0.519792 0.0203125 0.025 0.00284576
0 0.174219 0.616667 0.0925781 0.0979167 0.00281143
0 0.146875 0.531771 0.0191406 0.0333333 0.00277901
38 0.309375 0.711979 0.0167969 0.028125 0.00277901
1 0.0537598 0.580208 0.0166992 0.0322917 0.00276756
0 0.778906 0.507292 0.0171875 0.0291667 0.00273705
2 0.953906 0.50625 0.0140625 0.0125 0.00273705
0 0.603906 0.521875 0.0132813 0.0208333 0.00273705
0 0.157617 0.571875 0.028125 0.034375 0.0027256
0 0.474219 0.6375 0.0234375 0.0645833 0.00266266
0 0.277734 0.86875 0.0804688 0.0708333 0.0026207
0 0.282617 0.8875 0.0796875 0.1 0.00260162
0 0.396094 0.4875 0.015625 0.025 0.00257111
0 0.756641 0.529167 0.0140625 0.0270833 0.00255013
0 0.00665283 0.553646 0.0133057 0.1 0.00255013
34 0.177734 0.573958 0.0203125 0.0479167 0.00255013
38 0.422266 0.585417 0.025 0.0666667 0.00255013
0 0.16582 0.572917 0.0429688 0.0645833 0.00252151
0 0.286719 0.91849 0.0734375 0.154688 0.00243378
0 0.309961 0.713542 0.0179687 0.0270833 0.00242424
38 0.288281 0.519792 0.0203125 0.025 0.00240517
38 0.187109 0.577083 0.0222656 0.025 0.00237846
0 0.707812 0.536458 0.0148437 0.0791667 0.00235939
1 0.0704102 0.578646 0.0382813 0.0354167 0.00233269
56 0.18667 0.640625 0.0422852 0.0395833 0.00226974
34 0.458594 0.663021 0.0203125 0.0677083 0.00226021
32 0.580469 0.479167 0.0078125 0.0125 0.00224304
0 0.892188 0.472917 0.009375 0.0208333 0.00224304
34 0.0421875 0.590625 0.0179687 0.025 0.00222588
13 0.903125 0.541667 0.04375 0.01875 0.00221634
38 0.0414063 0.580208 0.0222656 0.0520833 0.00218201
0 0.539844 0.546875 0.0148437 0.0229167 0.00218201
13 0.0537598 0.580208 0.0166992 0.0322917 0.00217438
0 0.0323364 0.564583 0.02771 0.0791667 0.00215721
39 0.268945 0.914323 0.107422 0.163021 0.00212479
2 0.666406 0.541146 0.015625 0.0291667 0.00208282
0 0.111914 0.535938 0.0210938 0.0385417 0.0020752
38 0.620313 0.554167 0.0171875 0.0458333 0.0020504
38 0.106445 0.578646 0.0371094 0.0322917 0.0020504
0 0.154688 0.540625 0.0121094 0.03125 0.00200272
2 0.645312 0.523958 0.0234375 0.021875 0.00195694
34 0.422266 0.585417 0.025 0.0666667 0.00195694
0 0.17334 0.550521 0.0251953 0.0427083 0.00194931
13 0.90625 0.541667 0.03125 0.0166667 0.00191879
0 0.379297 0.564583 0.0234375 0.0541667 0.00191212
58 0.666406 0.541146 0.015625 0.0291667 0.00190449
13 0.908594 0.558333 0.05 0.0229167 0.00190449
24 0.157617 0.571875 0.028125 0.034375 0.00189686
0 0.703125 0.548958 0.025 0.0666667 0.00186729
26 0.177734 0.573958 0.0203125 0.0479167 0.00183868
2 0.988281 0.5125 0.0234375 0.01875 0.00181007
13 0.859375 0.538542 0.028125 0.01875 0.00181007
38 0.16084 0.568229 0.0287109 0.0333333 0.00181007
35 0.177344 0.582813 0.0207031 0.0385417 0.00179577
0 0.898438 0.505208 0.0140625 0.01875 0.00176811
13 0.145605 0.574479 0.0228516 0.0291667 0.00174809
34 0.470313 0.620833 0.034375 0.102083 0.00173378
0 0.289258 0.513021 0.0191406 0.0208333 0.0017271
0 0.78125 0.522917 0.015625 0.0239583 0.0017271
38 0.157227 0.641667 0.0460938 0.0572917 0.0017271
2 0.9875 0.508333 0.0234375 0.0145833 0.00172043
0 0.148047 0.535417 0.0164063 0.0333333 0.00169373
58 0.100879 0.576042 0.0318359 0.0333333 0.00169373
0 0.45625 0.568229 0.0203125 0.090625 0.0016613
13 0.6125 0.567708 0.0359375 0.021875 0.0016613
38 0.135156 0.584896 0.0226563 0.0239583 0.0016613
2 0.992969 0.522917 0.0140625 0.0208333 0.0016489
0 0.407422 0.558854 0.0335938 0.05625 0.00163555
16 0.0958008 0.576563 0.0367188 0.034375 0.00162888
13 0.8 0.547917 0.021875 0.065625 0.00161648
0 0.86875 0.539583 0.0125 0.0166667 0.00160408
0 0.5375 0.534896 0.021875 0.0333333 0.00158501
2 0.641016 0.509896 0.0328125 0.0145833 0.00157356
2 0.948438 0.507292 0.025 0.0125 0.00157356
26 0.0421875 0.590625 0.0179687 0.025 0.00157356
26 0.157617 0.571875 0.028125 0.034375 0.00156689
38 0.460938 0.678125 0.0203125 0.0427083 0.00156689
56 0.0704102 0.578646 0.0382813 0.0354167 0.00154877
0 0.433594 0.579167 0.0429688 0.08125 0.00154877
0 0.953906 0.50625 0.0140625 0.0125 0.00152493
38 0.283594 0.521875 0.0171875 0.01875 0.00152493
34 0.309375 0.711979 0.0167969 0.028125 0.0015192
0 0.0766602 0.507292 0.0226563 0.021875 0.00151253
0 0.582422 0.519792 0.0109375 0.0208333 0.00151253
0 0.0551758 0.5375 0.0208984 0.021875 0.00151253
0 0.79375 0.545313 0.034375 0.0666667 0.00151253
12 0.26875 0.914323 0.107813 0.163021 0.00150108
38 0.156055 0.65625 0.0429688 0.0270833 0.00148392
38 0.144922 0.578646 0.025 0.0385417 0.00146675
38 0.084668 0.553125 0.0185547 0.0833333 0.00146103
0 0.990234 0.542708 0.0195312 0.0614583 0.00146103
0 0.470313 0.620833 0.034375 0.102083 0.00146103
0 0.0866211 0.524479 0.0238281 0.0614583 0.00145531
0 0.766406 0.527083 0.0109375 0.0208333 0.0014267
0 0.935156 0.584375 0.01875 0.0770833 0.0014267
0 0.44375 0.636458 0.084375 0.122917 0.0014267
36 0.436719 0.690625 0.0265625 0.025 0.00142097
13 0.813281 0.566667 0.021875 0.021875 0.00141621
13 0.666406 0.541146 0.015625 0.0291667 0.00141048
56 0.100879 0.576042 0.0318359 0.0333333 0.00140476
0 0.308203 0.541667 0.009375 0.025 0.00139904
34 0.429688 0.577083 0.0367188 0.0822917 0.00138283
0 0.208203 0.536458 0.0148437 0.0291667 0.00137806
34 0.16084 0.568229 0.0287109 0.0333333 0.00137806
38 0.457031 0.688542 0.0234375 0.0229167 0.00137234
34 0.439844 0.6125 0.0578125 0.176042 0.00136662
0 0.829688 0.526563 0.015625 0.0270833 0.00136185
0 0.305859 0.53125 0.0109375 0.0354167 0.00135612
38 0.0398437 0.589583 0.0310547 0.0416667 0.00133038
0 0.709375 0.585417 0.0265625 0.0145833 0.00131989
24 0.0421875 0.590625 0.0179687 0.025 0.00130939
0 0.117773 0.522917 0.0222656 0.04375 0.00130463
0 0.439453 0.578646 0.0296875 0.0645833 0.00130463
56 0.0918945 0.576563 0.0294922 0.0354167 0.00130463
38 0.117383 0.530208 0.0171875 0.0291667 0.00129414
2 0.635938 0.509896 0.0359375 0.0177083 0.0012846
0 0.492188 0.525 0.021875 0.0458333 0.00127888
34 0.421484 0.617188 0.0210938 0.0208333 0.00127888
0 0.267188 0.866667 0.0570313 0.06875 0.00127888
2 0.632031 0.520833 0.0132813 0.0229167 0.00126934
38 0.0871094 0.557292 0.021875 0.0708333 0.00126934
24 0.278125 0.870833 0.0851563 0.0708333 0.00126934
36 0.458594 0.663021 0.0203125 0.0677083 0.00126457
0 0.135352 0.572917 0.0234375 0.0395833 0.0012598
13 0.0704102 0.578646 0.0382813 0.0354167 0.00124931
0 0.105566 0.576042 0.0375 0.0333333 0.00124931
2 0.288281 0.519792 0.0203125 0.025 0.00124454
13 0.892188 0.560417 0.025 0.01875 0.00124454
26 0.426563 0.58125 0.028125 0.075 0.00124454
2 0.86875 0.539583 0.0125 0.0166667 0.00123501
0 0.401563 0.528125 0.0234375 0.0947917 0.00123024
38 0.0546387 0.571875 0.0341797 0.05 0.00122547
0 0.623438 0.563542 0.0203125 0.0270833 0.00121593
2 0.283594 0.521875 0.0171875 0.01875 0.00119686
0 0.166992 0.565625 0.0351562 0.0395833 0.00119686
32 0.0421875 0.590625 0.0179687 0.025 0.00118828
0 0.427344 0.545833 0.0203125 0.04375 0.00118351
1 0.621484 0.565625 0.0164063 0.025 0.00116062
0 0.583203 0.514583 0.0109375 0.0208333 0.00114727
38 0.378125 0.555208 0.0179687 0.0458333 0.00112438
38 0.0824219 0.542708 0.0191406 0.0958333 0.00112057
13 0.607813 0.560938 0.0484375 0.0239583 0.00111198
0 0.287109 0.519271 0.0148437 0.0208333 0.00111198
32 0.309375 0.711979 0.0167969 0.028125 0.00109482
0 0.625 0.55 0.021875 0.0395833 0.00109005
2 0.658594 0.542708 0.00859375 0.0270833 0.00109005
38 0.6125 0.567708 0.0359375 0.021875 0.00109005
0 0.460938 0.654167 0.0171875 0.0708333 0.00109005
29 0.422266 0.585417 0.025 0.0666667 0.00106525
0 0.322852 0.554167 0.0332031 0.0354167 0.00106525
38 0.0817383 0.507292 0.0162109 0.025 0.00106049
1 0.666406 0.541146 0.015625 0.0291667 0.00105667
13 0.658594 0.542708 0.00859375 0.0270833 0.00105286
34 0.426563 0.58125 0.028125 0.075 0.00104809
0 0.397656 0.5625 0.0414063 0.0604167 0.00104809
38 0.0729004 0.572917 0.0413086 0.046875 0.00104046
56 0.8 0.547917 0.021875 0.065625 0.00104046
0 0.439844 0.611458 0.059375 0.183333 0.862793
0 0.161719 0.600521 0.0542969 0.136458 0.833984
0 0.0263672 0.567708 0.0322266 0.084375 0.648926
0 0.346094 0.554167 0.0164063 0.05 0.63623
0 0.709375 0.552083 0.021875 0.0708333 0.59375
0 0.798438 0.547917 0.01875 0.0666667 0.529297
0 0.401563 0.55625 0.0234375 0.05 0.499023
38 0.471484 0.635417 0.0289063 0.06875 0.250977
0 0.620313 0.554167 0.0171875 0.0458333 0.184204
0 0.268359 0.914583 0.107813 0.1625 0.133179
0 0.0867188 0.577604 0.0203125 0.0354167 0.0793457
0 0.402344 0.547917 0.01875 0.0583333 0.0792236
0 0.344922 0.551042 0.021875 0.0583333 0.0762939
0 0.621484 0.565625 0.0164063 0.025 0.0751953
0 0.405469 0.555208 0.01875 0.0510417 0.0674438
0 0.662109 0.542708 0.0125 0.0291667 0.0663452
38 0.0421875 0.590625 0.0183594 0.025 0.0492249
0 0.100879 0.576563 0.0322266 0.0322917 0.0479431
0 0.390234 0.55625 0.0140625 0.0416667 0.0452576
0 0.390234 0.545833 0.0148437 0.0625 0.0445251
38 0.0537598 0.580208 0.0174805 0.0322917 0.0414734
0 0.0419434 0.581771 0.0217773 0.0489583 0.0403748
0 0.658594 0.542708 0.00859375 0.0270833 0.0376892
38 0.40166 0.661458 0.0560547 0.040625 0.0362244
0 0.00661621 0.526563 0.0132324 0.0447917 0.033783
38 0.188281 0.640625 0.0421875 0.0375 0.0325928
9 0.26875 0.915625 0.107031 0.1625 0.0293121
0 0.117383 0.530208 0.0173828 0.0291667 0.0292511
38 0.460547 0.653125 0.0179687 0.0729167 0.0282135
0 0.461328 0.600521 0.0210938 0.113542 0.0271149
0 0.0955078 0.577083 0.0378906 0.0354167 0.0266571
38 0.381641 0.657292 0.0164063 0.0291667 0.0249939
34 0.471094 0.634375 0.028125 0.0708333 0.0236969
0 0.373047 0.554167 0.0179687 0.0625 0.0227203
38 0.466406 0.607813 0.028125 0.148958 0.0224609
0 0.903125 0.505208 0.0125 0.01875 0.021698
0 0.090918 0.573958 0.0294922 0.0395833 0.0205231
38 0.462109 0.641146 0.01875 0.0822917 0.0197906
0 0.541406 0.5375 0.01875 0.0333333 0.0185394
38 0.100879 0.576563 0.0322266 0.0322917 0.0179901
0 0.711328 0.54375 0.0226563 0.0520833 0.016922
0 0.666406 0.541667 0.015625 0.0291667 0.0165253
38 0.470313 0.619792 0.034375 0.102083 0.0163422
34 0.461328 0.601042 0.0203125 0.141667 0.0145569
0 0.372266 0.564583 0.0140625 0.0572917 0.0141144
34 0.467969 0.601042 0.0328125 0.1375 0.0139008
0 0.467969 0.601042 0.0328125 0.1375 0.0130692
1 0.0956055 0.577083 0.0367188 0.0333333 0.0127258
38 0.458594 0.6625 0.0203125 0.06875 0.0126724
0 0.258203 0.530208 0.0128906 0.0208333 0.0123367
38 0.461328 0.601042 0.0203125 0.141667 0.0115967
0 0.372266 0.547396 0.0234375 0.0625 0.0112457
0 0.243945 0.535417 0.0125 0.0197917 0.0108185
38 0.421875 0.604167 0.021875 0.0291667 0.0107346
38 0.177393 0.582813 0.0209961 0.0395833 0.00952148
0 0.0818604 0.508333 0.0163574 0.025 0.00923157
0 0.25918 0.536979 0.0121094 0.025 0.00919342
0 0.177393 0.582813 0.0209961 0.0395833 0.00901794
0 0.458594 0.594792 0.0195312 0.0958333 0.00894928
34 0.462109 0.641146 0.01875 0.0822917 0.00871277
34 0.460547 0.653125 0.0179687 0.0729167 0.00854492
0 0.0421875 0.590625 0.0183594 0.025 0.00828552
38 0.421484 0.616667 0.0210938 0.0208333 0.00828552
0 0.992969 0.522917 0.0140625 0.0208333 0.00815582
0 0.384766 0.544792 0.0171875 0.0635417 0.00793457
0 0.0823242 0.540625 0.0191406 0.090625 0.00790405
0 0.0845703 0.554167 0.01875 0.08125 0.0078125
26 0.177393 0.582813 0.0209961 0.0395833 0.00775528
0 0.377734 0.555729 0.0179687 0.0458333 0.00751877
38 0.0700195 0.578646 0.0380859 0.0354167 0.00731659
0 0.349023 0.55 0.0222656 0.0604167 0.00723267
0 0.619141 0.54375 0.0171875 0.0666667 0.00723267
0 0.4375 0.575 0.053125 0.10625 0.00723267
0 0.800781 0.547917 0.0265625 0.0625 0.00706482
38 0.621484 0.565625 0.0164063 0.025 0.00703812
38 0.382812 0.654167 0.0195312 0.0270833 0.00695801
38 0.480859 0.641146 0.0367188 0.0604167 0.0068779
0 0.0859375 0.563542 0.0175781 0.0510417 0.0068512
0 0.380469 0.548958 0.0203125 0.0572917 0.00677109
0 0.182812 0.623958 0.0457031 0.078125 0.00677109
38 0.0955078 0.577083 0.0378906 0.0354167 0.00664139
38 0.142773 0.659375 0.0179687 0.0229167 0.00653839
38 0.0875 0.577604 0.0222656 0.0354167 0.00638962
0 0.087207 0.556771 0.0220703 0.0697917 0.00636292
0 0.0908203 0.54375 0.0152344 0.0604167 0.00629044
0 0.211719 0.523958 0.0101563 0.0333333 0.00629044
13 0.186719 0.642708 0.0425781 0.0354167 0.00609589
26 0.424609 0.576563 0.0257812 0.0583333 0.006073
38 0.400781 0.558854 0.0265625 0.05 0.00591278
0 0.176904 0.544792 0.0188477 0.03125 0.005867
0 0.133203 0.530208 0.0171875 0.0291667 0.00577545
38 0.405078 0.669792 0.0625 0.05625 0.00572968
0 0.021875 0.519792 0.015625 0.0479167 0.00568771
38 0.386328 0.660417 0.0257812 0.0354167 0.00568771
0 0.665625 0.539583 0.01875 0.0354167 0.00559998
0 0.0615234 0.582292 0.021875 0.0395833 0.00548935
38 0.177686 0.572917 0.0204102 0.05 0.00536346
0 0.557031 0.542188 0.0132813 0.021875 0.00527954
0 0.109961 0.529167 0.01875 0.0333333 0.00526047
0 0.341406 0.555208 0.0242188 0.0520833 0.00516129
0 0.0537598 0.580208 0.0174805 0.0322917 0.00503922
0 0.471484 0.635417 0.0289063 0.06875 0.00471878
38 0.471875 0.645833 0.0335938 0.0791667 0.00466537
0 0.704688 0.560417 0.03125 0.05625 0.0045929
0 0.615234 0.551042 0.0296875 0.0479167 0.00457382
26 0.439844 0.578125 0.028125 0.0635417 0.00457382
35 0.0421875 0.590625 0.0183594 0.025 0.00453949
0 0.0228516 0.554688 0.0246094 0.096875 0.00443268
38 0.0551758 0.5375 0.0212891 0.021875 0.00441742
0 0.365625 0.55625 0.0195312 0.05 0.00436401
0 0.419531 0.566146 0.01875 0.0416667 0.00429916
34 0.421875 0.604167 0.021875 0.0291667 0.00424957
38 0.145605 0.574479 0.0228516 0.0291667 0.00415039
34 0.177393 0.582813 0.0209961 0.0395833 0.00407028
0 0.186719 0.640625 0.0425781 0.0395833 0.00405502
32 0.381641 0.657292 0.0164063 0.0291667 0.00402451
0 0.233008 0.530208 0.015625 0.0208333 0.00397491
56 0.0537598 0.580208 0.0174805 0.0322917 0.00397491
34 0.458594 0.594792 0.0195312 0.0958333 0.00383949
0 0.659375 0.544792 0.0109375 0.0322917 0.00378036
0 0.241797 0.532292 0.0175781 0.0229167 0.00367928
0 0.917188 0.541146 0.009375 0.015625 0.00356483
0 0.151367 0.536458 0.015625 0.0354167 0.00351143
0 0.177686 0.572917 0.0204102 0.05 0.00338936
0 0.208594 0.523958 0.0125 0.0375 0.00337601
0 0.338672 0.533333 0.0234375 0.0395833 0.00336266
38 0.157617 0.571875 0.0283203 0.034375 0.00336266
0 0.535937 0.539583 0.0195312 0.0291667 0.00335121
26 0.458594 0.588021 0.0203125 0.078125 0.00333786
0 0.233984 0.533854 0.015625 0.021875 0.00331116
2 0.953906 0.50625 0.0140625 0.0125 0.00327301
0 0.992188 0.55625 0.015625 0.03125 0.00319672
0 0.0275879 0.514583 0.019043 0.0333333 0.00316048
0 0.557813 0.534375 0.0140625 0.03125 0.003088
0 0.146777 0.531771 0.0191406 0.0333333 0.00302696
1 0.0867188 0.577604 0.0203125 0.0354167 0.00301552
0 0.779688 0.496875 0.0125 0.0135417 0.00291252
0 0.261719 0.548438 0.0101563 0.025 0.00279045
0 0.177393 0.561458 0.0202148 0.0479167 0.00277901
0 0.283594 0.521875 0.0179687 0.01875 0.00276756
0 0.756641 0.529167 0.0140625 0.0270833 0.00276756
38 0.422656 0.584896 0.025 0.0677083 0.00276756
0 0.594922 0.542708 0.0140625 0.0229167 0.00275803
0 0.653906 0.535938 0.0125 0.0333333 0.00274658
1 0.0537598 0.580208 0.0174805 0.0322917 0.00273705
0 0.423438 0.582292 0.0265625 0.0729167 0.0026207
38 0.309375 0.711979 0.0171875 0.028125 0.0026207
0 0.174414 0.617708 0.0953125 0.09375 0.0026207
9 0.892188 0.472917 0.009375 0.0208333 0.00261116
0 0.288281 0.519792 0.0203125 0.025 0.00261116
38 0.288281 0.519792 0.0203125 0.025 0.00258064
38 0.0419434 0.581771 0.0217773 0.0489583 0.00256157
0 0.157617 0.571875 0.0283203 0.034375 0.0024929
0 0.603906 0.521875 0.0140625 0.0208333 0.00248146
0 0.779688 0.507812 0.0171875 0.0302083 0.0024147
0 0.613672 0.557292 0.0335938 0.0395833 0.00240517
38 0.187109 0.577083 0.0230469 0.025 0.002388
1 0.0700195 0.578646 0.0380859 0.0354167 0.00234222
0 0.165625 0.573958 0.0433594 0.06875 0.00233269
0 0.282422 0.888542 0.0804688 0.102083 0.00231361
38 0.10625 0.578125 0.0375 0.0333333 0.00225258
0 0.283203 0.91224 0.0804688 0.150521 0.00225258
56 0.186719 0.642708 0.0425781 0.0354167 0.00223351
2 0.666406 0.541667 0.015625 0.0291667 0.00221634
34 0.458594 0.6625 0.0203125 0.06875 0.00221634
38 0.620313 0.554167 0.0171875 0.0458333 0.00220871
0 0.707812 0.535417 0.0148437 0.0791667 0.00216484
0 0.396094 0.4875 0.015625 0.025 0.00214958
0 0.277734 0.86875 0.0804688 0.0708333 0.00209045
0 0.539844 0.546354 0.0148437 0.0239583 0.00209045
13 0.0537598 0.580208 0.0174805 0.0322917 0.00206757
58 0.666406 0.541667 0.015625 0.0291667 0.00205803
34 0.177686 0.572917 0.0204102 0.05 0.00203514
0 0.111914 0.534375 0.0210938 0.0375 0.00202751
38 0.160742 0.567708 0.0289063 0.0333333 0.00201988
0 0.00662842 0.553646 0.0132568 0.0989583 0.00201988
32 0.580469 0.479167 0.0078125 0.0125 0.00197983
2 0.644922 0.524479 0.0226563 0.021875 0.00195694
39 0.26875 0.915625 0.107031 0.1625 0.00194931
34 0.0421875 0.590625 0.0183594 0.025 0.00191879
0 0.154492 0.540625 0.0121094 0.03125 0.00190449
0 0.892188 0.472917 0.009375 0.0208333 0.00188255
0 0.17334 0.55 0.0251953 0.040625 0.00184631
13 0.903125 0.541667 0.04375 0.01875 0.00183868
2 0.988281 0.5125 0.0234375 0.01875 0.00183105
2 0.992969 0.522917 0.0140625 0.0208333 0.0018034
0 0.309961 0.713542 0.0179687 0.0270833 0.0018034
2 0.948438 0.507292 0.025 0.0125 0.00179577
0 0.5375 0.534896 0.021875 0.0333333 0.00176811
0 0.148047 0.535417 0.0164063 0.0333333 0.00176811
38 0.157422 0.640625 0.0460938 0.0604167 0.00174809
26 0.177686 0.572917 0.0204102 0.05 0.00174141
26 0.0421875 0.590625 0.0183594 0.025 0.00174141
0 0.898438 0.505208 0.0140625 0.01875 0.00173378
38 0.090918 0.573958 0.0294922 0.0395833 0.00172043
2 0.9875 0.508333 0.0234375 0.0145833 0.00171375
13 0.907031 0.541667 0.03125 0.0166667 0.00171375
58 0.0988281 0.577083 0.0392578 0.0333333 0.00171375
0 0.703125 0.548958 0.025 0.0645833 0.00170708
38 0.135547 0.583333 0.0234375 0.0270833 0.00169373
0 0.78125 0.522917 0.015625 0.0229167 0.00168133
12 0.268359 0.914323 0.107813 0.163021 0.00168133
0 0.444141 0.6375 0.0851563 0.11875 0.00167465
38 0.283594 0.521875 0.0179687 0.01875 0.00166798
13 0.859375 0.538542 0.028125 0.01875 0.0016613
13 0.907813 0.558333 0.046875 0.0229167 0.0016489
34 0.422656 0.584896 0.025 0.0677083 0.0016489
0 0.0327637 0.564063 0.0272461 0.078125 0.00163555
38 0.117383 0.530208 0.0173828 0.0291667 0.00161648
38 0.460938 0.678125 0.0203125 0.0416667 0.00161648
2 0.641406 0.509896 0.0328125 0.0145833 0.00161076
38 0.0845703 0.554167 0.01875 0.08125 0.00161076
0 0.289062 0.513542 0.0195312 0.0208333 0.00159168
24 0.157617 0.571875 0.0283203 0.034375 0.00157356
0 0.766406 0.527083 0.0109375 0.0208333 0.00156689
38 0.144922 0.578646 0.025 0.0385417 0.00156116
0 0.86875 0.539583 0.0125 0.0166667 0.00154877
13 0.145605 0.574479 0.0228516 0.0291667 0.00153637
0 0.117871 0.523438 0.0222656 0.0427083 0.00151253
0 0.0551758 0.5375 0.0212891 0.021875 0.00150681
38 0.457031 0.688542 0.0234375 0.0229167 0.00150108
0 0.0765625 0.507292 0.0226563 0.0229167 0.00149536
13 0.6125 0.567708 0.0359375 0.021875 0.00148392
13 0.8 0.547917 0.021875 0.0645833 0.00147247
26 0.157617 0.571875 0.0283203 0.034375 0.00146675
38 0.15752 0.65625 0.0423828 0.0229167 0.00146675
0 0.45625 0.56875 0.0203125 0.0916667 0.00146103
0 0.30625 0.53125 0.0109375 0.0354167 0.00145531
0 0.935938 0.584375 0.01875 0.0770833 0.00145531
0 0.582422 0.519792 0.0117188 0.0208333 0.00144386
34 0.470313 0.619792 0.034375 0.102083 0.00143814
0 0.470313 0.619792 0.034375 0.102083 0.00143242
0 0.953906 0.50625 0.0140625 0.0125 0.0014267
56 0.0700195 0.578646 0.0380859 0.0354167 0.00142097
38 0.087207 0.556771 0.0220703 0.0697917 0.00140476
0 0.308398 0.541667 0.009375 0.025 0.00140476
0 0.990234 0.542708 0.0195312 0.0604167 0.00140476
0 0.379297 0.564063 0.0226563 0.0552083 0.00140476
0 0.0869141 0.523958 0.0236328 0.0604167 0.00139427
0 0.208008 0.535938 0.0148437 0.0302083 0.00138855
2 0.288281 0.519792 0.0203125 0.025 0.00137806
0 0.433594 0.578646 0.04375 0.0822917 0.00136185
2 0.283594 0.521875 0.0179687 0.01875 0.00135612
0 0.492188 0.525 0.021875 0.0458333 0.00135136
38 0.0399536 0.589583 0.0314209 0.0416667 0.00135136
2 0.86875 0.539583 0.0125 0.0166667 0.00134563
0 0.829688 0.526563 0.015625 0.0270833 0.00134087
13 0.666406 0.541667 0.015625 0.0291667 0.00134087
38 0.0549805 0.570833 0.0335938 0.0520833 0.00130939
0 0.408203 0.558333 0.0328125 0.05625 0.00129986
16 0.100879 0.576563 0.0322266 0.0322917 0.00129414
34 0.439453 0.6125 0.0578125 0.175 0.00128937
2 0.635938 0.510417 0.0367188 0.01875 0.00127411
38 0.377734 0.555729 0.0179687 0.0458333 0.00127411
56 0.0913086 0.577083 0.0285156 0.0354167 0.00127411
13 0.813281 0.566667 0.021875 0.0229167 0.0012598
35 0.177393 0.582813 0.0209961 0.0395833 0.0012598
38 0.0823242 0.540625 0.0191406 0.090625 0.00124931
56 0.100879 0.576563 0.0322266 0.0322917 0.00124454
1 0.621484 0.565625 0.0164063 0.025 0.00124454
34 0.421484 0.616667 0.0210938 0.0208333 0.00124454
36 0.436328 0.691146 0.0265625 0.0239583 0.00124454
36 0.458594 0.6625 0.0203125 0.06875 0.00123978
2 0.632031 0.520833 0.0125 0.0229167 0.00123501
0 0.439844 0.578125 0.028125 0.0635417 0.0012207
26 0.426563 0.58125 0.028125 0.075 0.0012064
0 0.79375 0.545313 0.034375 0.0666667 0.00118828
38 0.0728027 0.572917 0.040918 0.046875 0.00117874
0 0.460547 0.653125 0.0179687 0.0729167 0.00117397
24 0.0421875 0.590625 0.0183594 0.025 0.00116539
0 0.401563 0.528125 0.0234375 0.0947917 0.00114727
2 0.658594 0.542708 0.00859375 0.0270833 0.0011425
13 0.0421875 0.590625 0.0183594 0.025 0.00113392
38 0.0818604 0.508333 0.0163574 0.025 0.00112438
38 0.6125 0.567708 0.0359375 0.021875 0.0011158
56 0.8 0.547917 0.021875 0.0645833 0.0011158
38 0.402344 0.569792 0.0257812 0.06875 0.0011158
56 0.0421875 0.590625 0.0183594 0.025 0.00109005
56 0.288281 0.519792 0.0203125 0.025 0.00108147
38 0.623828 0.569792 0.01875 0.0166667 0.00107765
34 0.429297 0.577083 0.0367188 0.0833333 0.00107288
0 0.492188 0.539062 0.0195312 0.0260417 0.00106907
0 0.135352 0.572917 0.0234375 0.0395833 0.00106907
0 0.427344 0.545833 0.0203125 0.0447917 0.00106525
13 0.0700195 0.578646 0.0380859 0.0354167 0.00106525
29 0.422656 0.584896 0.025 0.0677083 0.00106049
1 0.666406 0.541667 0.015625 0.0291667 0.00105667
34 0.160742 0.567708 0.0289063 0.0333333 0.00105667
38 0.177393 0.561458 0.0202148 0.0479167 0.00105667
0 0.269141 0.866146 0.0601563 0.0677083 0.00105667
13 0.892188 0.560417 0.021875 0.01875 0.00104809
0 0.17832 0.533854 0.01875 0.0229167 0.00104427
2 0.241797 0.532292 0.0175781 0.0229167 0.00104046
38 0.372266 0.564583 0.0140625 0.0572917 0.00104046
38 0.0259277 0.564583 0.0310547 0.0875 0.00103664
26 0.427344 0.545833 0.0203125 0.0447917 0.00103664
0 0.583594 0.514583 0.0109375 0.0208333 0.00103188
34 0.309375 0.711979 0.0171875 0.028125 0.00102425
38 0.138867 0.659375 0.01875 0.021875 0.00102043
1 0.620313 0.554167 0.0171875 0.0458333 0.00100422
0 0.439844 0.611458 0.059375 0.183333 0.877441
0 0.161719 0.6 0.0542969 0.1375 0.847168
0 0.0263794 0.567708 0.0322022 0.0854167 0.64502
0 0.346094 0.554167 0.0167969 0.05 0.637207
0 0.709375 0.553125 0.0234375 0.0708333 0.608398
0 0.798438 0.547917 0.01875 0.0666667 0.537109
0 0.401563 0.556771 0.0234375 0.05 0.496094
38 0.471094 0.635417 0.0296875 0.0697917 0.252441
0 0.620313 0.554167 0.0171875 0.046875 0.195557
0 0.268359 0.914323 0.107813 0.163021 0.133179
0 0.621094 0.563542 0.0171875 0.0291667 0.0825195
0 0.402344 0.547917 0.0195312 0.0604167 0.0809326
0 0.0867188 0.577604 0.0203125 0.0354167 0.0784912
0 0.344922 0.551042 0.021875 0.059375 0.0750122
0 0.661719 0.542708 0.0125 0.03125 0.0745239
0 0.405469 0.555208 0.01875 0.0520833 0.0687866
38 0.0422363 0.590625 0.0186523 0.025 0.0538025
0 0.390234 0.545833 0.0148437 0.0625 0.0484924
0 0.390234 0.555729 0.0140625 0.04375 0.0483093
38 0.0537109 0.580208 0.0180664 0.0333333 0.0467224
0 0.100684 0.576563 0.0328125 0.0333333 0.0452576
0 0.0420898 0.58125 0.0220703 0.05 0.0431213
0 0.658594 0.542708 0.00859375 0.0270833 0.0399475
38 0.40166 0.661979 0.0560547 0.0416667 0.0381775
38 0.188281 0.640625 0.0421875 0.0375 0.0354004
0 0.00666504 0.527083 0.0133301 0.0458333 0.0340271
0 0.117383 0.530208 0.0177734 0.0291667 0.031311
38 0.460547 0.652083 0.0179687 0.075 0.0290833
0 0.461328 0.6 0.021875 0.113542 0.0275879
0 0.373047 0.554688 0.0179687 0.0645833 0.0266113
38 0.466797 0.607813 0.0296875 0.148958 0.0261536
38 0.381641 0.657292 0.0164063 0.0291667 0.0255585
0 0.0912109 0.577083 0.0289063 0.0375 0.0255585
0 0.541406 0.5375 0.01875 0.0354167 0.0240479
0 0.903125 0.505208 0.0125 0.01875 0.0222473
38 0.462109 0.640625 0.01875 0.0833333 0.0214539
34 0.471094 0.634375 0.0289063 0.0708333 0.0195618
38 0.100684 0.576563 0.0328125 0.0333333 0.0190582
0 0.666406 0.541667 0.0171875 0.0291667 0.0173035
38 0.470313 0.61875 0.034375 0.104167 0.0172424
0 0.711328 0.544792 0.0226563 0.0541667 0.0164642
0 0.372266 0.564583 0.0140625 0.0604167 0.0157776
9 0.26875 0.914323 0.107031 0.163021 0.0156708
0 0.372266 0.547917 0.0234375 0.0625 0.0137405
0 0.258203 0.530208 0.0128906 0.0229167 0.0132751
38 0.461328 0.601042 0.0203125 0.142708 0.0131683
38 0.458594 0.6625 0.0203125 0.0708333 0.0130234
0 0.467969 0.601042 0.0328125 0.1375 0.0125275
34 0.461328 0.601042 0.0203125 0.142708 0.0121918
1 0.0955078 0.577083 0.0371094 0.0354167 0.0118256
38 0.421875 0.603646 0.021875 0.0322917 0.0113754
34 0.467969 0.601042 0.0328125 0.1375 0.0113297
0 0.0817383 0.508333 0.0166016 0.0270833 0.0112457
0 0.244141 0.535417 0.0132813 0.0208333 0.0104904
0 0.0844727 0.553125 0.0189453 0.0833333 0.00993347
0 0.25918 0.536458 0.0125 0.0270833 0.00989532
0 0.384766 0.544792 0.0171875 0.0645833 0.00974274
0 0.619141 0.54375 0.0179687 0.0666667 0.00971222
0 0.082251 0.540625 0.0194824 0.0916667 0.00963593
0 0.458594 0.594792 0.0195312 0.0958333 0.00912476
0 0.177148 0.582292 0.0210938 0.0416667 0.00905609
38 0.421875 0.616667 0.021875 0.0229167 0.00905609
38 0.177148 0.582292 0.0210938 0.0416667 0.0088501
0 0.0422363 0.590625 0.0186523 0.025 0.0085144
0 0.992969 0.523438 0.0140625 0.0208333 0.00841522
38 0.0700195 0.578125 0.0380859 0.0354167 0.00831604
0 0.349219 0.550521 0.021875 0.0604167 0.00803375
0 0.377734 0.555208 0.0179687 0.0479167 0.00796509
0 0.0855469 0.563542 0.0179687 0.0520833 0.00793457
38 0.621094 0.563542 0.0171875 0.0291667 0.00787354
34 0.460547 0.652083 0.0179687 0.075 0.00769424
0 0.380469 0.548958 0.0203125 0.0583333 0.00760651
0 0.8 0.547917 0.028125 0.0625 0.00760651
34 0.462109 0.640625 0.01875 0.0833333 0.00743103
0 0.0871094 0.556771 0.0226563 0.0708333 0.00717545
38 0.382812 0.654167 0.0195312 0.0291667 0.00712204
0 0.4375 0.576563 0.053125 0.110417 0.00709534
0 0.0908203 0.54375 0.015625 0.0625 0.00701141
0 0.183154 0.625 0.0461914 0.0770833 0.00701141
38 0.480859 0.640625 0.0375 0.0604167 0.00677109
38 0.0875 0.577604 0.0226563 0.0354167 0.00669098
26 0.177148 0.582292 0.0210938 0.0416667 0.00666809
0 0.557031 0.541667 0.0132813 0.0229167 0.00658798
0 0.211719 0.523958 0.0101563 0.0333333 0.00653839
38 0.142773 0.659375 0.0179687 0.0239583 0.00643921
0 0.133301 0.530208 0.0175781 0.03125 0.00638962
38 0.405078 0.669792 0.0625 0.0572917 0.00638962
0 0.021875 0.519792 0.015918 0.0479167 0.00626373
0 0.615625 0.551042 0.0296875 0.05 0.00612259
38 0.400781 0.559375 0.0265625 0.05 0.00605011
0 0.110059 0.529167 0.0191406 0.0354167 0.00579834
38 0.386328 0.660417 0.0257812 0.0364583 0.00570679
0 0.0615234 0.581771 0.0230469 0.040625 0.00564194
26 0.424609 0.577083 0.0257812 0.0583333 0.0055542
0 0.176953 0.544792 0.0191406 0.03125 0.00548935
0 0.341211 0.555208 0.0246094 0.053125 0.00547028
13 0.186523 0.642708 0.0429688 0.0364583 0.00542831
38 0.0551758 0.5375 0.0216797 0.0229167 0.00516129
38 0.177539 0.572917 0.0207031 0.0520833 0.00516129
0 0.0537109 0.580208 0.0180664 0.0333333 0.00502014
0 0.366016 0.55625 0.0195312 0.05 0.00492477
38 0.145508 0.575 0.0230469 0.0291667 0.00479126
0 0.471094 0.634375 0.0289063 0.0708333 0.00479126
0 0.186719 0.640625 0.0425781 0.0395833 0.00468063
38 0.471875 0.645833 0.034375 0.0791667 0.00453949
0 0.0228516 0.554167 0.024707 0.0979167 0.00445175
0 0.659375 0.544271 0.0109375 0.0333333 0.00441742
0 0.233203 0.530208 0.0164063 0.0229167 0.00432968
0 0.704688 0.557292 0.03125 0.0625 0.00428009
0 0.535937 0.539062 0.0203125 0.0302083 0.00421524
0 0.419531 0.566146 0.01875 0.0427083 0.00421524
26 0.439844 0.578125 0.028125 0.0645833 0.00419998
0 0.151367 0.536458 0.0160156 0.0375 0.00400543
0 0.208594 0.523958 0.0128906 0.0395833 0.00395966
0 0.557813 0.534375 0.0140625 0.0333333 0.00391388
34 0.421875 0.603646 0.021875 0.0322917 0.00383949
32 0.381641 0.657292 0.0164063 0.0291667 0.0037365
0 0.241602 0.531771 0.0183594 0.0229167 0.00369263
35 0.0422363 0.590625 0.0186523 0.025 0.00369263
0 0.338672 0.533854 0.0234375 0.0416667 0.00355148
0 0.0275513 0.515625 0.0195068 0.0354167 0.00353813
34 0.458594 0.594792 0.0195312 0.0958333 0.00353813
0 0.917188 0.541146 0.009375 0.015625 0.00351143
56 0.0537109 0.580208 0.0180664 0.0333333 0.00349617
38 0.157324 0.571875 0.0279297 0.034375 0.00345612
0 0.992188 0.556771 0.015625 0.03125 0.00344276
0 0.653516 0.536458 0.0132813 0.0333333 0.00342941
0 0.233984 0.533333 0.0164063 0.0229167 0.00342941
0 0.14668 0.531771 0.0195312 0.034375 0.00340271
2 0.953906 0.50625 0.0140625 0.0125 0.00337601
38 0.288086 0.519792 0.0210938 0.025 0.00327301
34 0.177148 0.582292 0.0210938 0.0416667 0.00321007
26 0.458594 0.588542 0.0203125 0.0791667 0.00316048
0 0.757031 0.529167 0.0140625 0.0291667 0.00312424
0 0.594922 0.542708 0.0140625 0.0239583 0.00311089
1 0.0875 0.577604 0.0226563 0.0354167 0.00304031
0 0.779688 0.496875 0.0125 0.0135417 0.00298119
0 0.177539 0.572917 0.0207031 0.0520833 0.00296974
38 0.309375 0.711979 0.0171875 0.028125 0.00292397
0 0.603906 0.522396 0.0140625 0.021875 0.00291252
0 0.283594 0.521875 0.0183594 0.0208333 0.00286674
38 0.422656 0.584375 0.025 0.06875 0.00286674
1 0.0537109 0.580208 0.0180664 0.0333333 0.00281143
0 0.261719 0.547917 0.0101563 0.0260417 0.00279999
0 0.779883 0.509375 0.0183594 0.0333333 0.00274658
38 0.105957 0.578125 0.0378906 0.0333333 0.00268364
0 0.288086 0.519792 0.0210938 0.025 0.0026722
0 0.174609 0.61875 0.096875 0.09375 0.0026722
38 0.0420898 0.58125 0.0220703 0.05 0.00257111
1 0.0700195 0.578125 0.0380859 0.0354167 0.00254059
0 0.539844 0.544792 0.015625 0.0270833 0.00254059
0 0.423438 0.581771 0.0265625 0.0739583 0.00253105
0 0.177344 0.561979 0.0203125 0.05 0.0024929
38 0.187109 0.577083 0.0234375 0.0260417 0.002388
38 0.400098 0.65625 0.0544922 0.0333333 0.002388
0 0.707812 0.535938 0.015625 0.0802083 0.00234985
38 0.620313 0.554167 0.0171875 0.046875 0.00234985
0 0.157324 0.571875 0.0279297 0.034375 0.00233269
0 0.5375 0.534896 0.021875 0.034375 0.00229645
56 0.186523 0.642708 0.0429688 0.0364583 0.00228691
0 0.396094 0.488021 0.015625 0.0260417 0.00222588
0 0.111719 0.535417 0.0214844 0.0395833 0.00221634
38 0.160352 0.56875 0.028125 0.0333333 0.00220871
38 0.117383 0.530208 0.0177734 0.0291667 0.00219154
0 0.282422 0.888542 0.0804688 0.1 0.00216484
58 0.666406 0.541667 0.0171875 0.0291667 0.00215721
38 0.283594 0.521875 0.0183594 0.0208333 0.00214958
0 0.154492 0.539583 0.0123047 0.0333333 0.00214958
0 0.283594 0.9125 0.0796875 0.15 0.00210762
0 0.16543 0.575521 0.0433594 0.0739583 0.0020752
38 0.0844727 0.553125 0.0189453 0.0833333 0.0020504
9 0.892188 0.472917 0.009375 0.021875 0.00201988
34 0.458594 0.6625 0.0203125 0.0708333 0.00199509
0 0.00668945 0.553646 0.0133789 0.1 0.00198746
0 0.27793 0.86875 0.0808594 0.0708333 0.00197983
0 0.117773 0.522917 0.0226563 0.04375 0.0019722
2 0.666406 0.541667 0.0171875 0.0291667 0.0019722
0 0.781055 0.521875 0.0160156 0.025 0.00193405
2 0.645312 0.524479 0.0234375 0.0229167 0.00192642
0 0.898438 0.505208 0.0140625 0.01875 0.00191879
0 0.892188 0.472917 0.009375 0.021875 0.00191212
38 0.135742 0.582292 0.0238281 0.0291667 0.00190449
32 0.580469 0.479688 0.00859375 0.0135417 0.00187492
2 0.948438 0.507292 0.025 0.0125 0.00185299
0 0.935938 0.584375 0.01875 0.0770833 0.00183105
0 0.0765625 0.507292 0.0228516 0.0229167 0.0018034
0 0.173242 0.55 0.025 0.0416667 0.0018034
0 0.30625 0.53125 0.0109375 0.0375 0.00179577
38 0.0910156 0.573958 0.0300781 0.0395833 0.00179577
0 0.766406 0.526563 0.0109375 0.021875 0.00178909
0 0.44375 0.636458 0.0859375 0.120833 0.00178242
0 0.582422 0.519792 0.0117188 0.0229167 0.00177479
0 0.86875 0.539062 0.0125 0.0166667 0.00176144
13 0.0537109 0.580208 0.0180664 0.0333333 0.00176144
2 0.987891 0.513542 0.0242188 0.0208333 0.00174809
38 0.144922 0.578646 0.025 0.0395833 0.00174141
0 0.0871094 0.523958 0.0242188 0.0604167 0.00172043
0 0.309766 0.713542 0.0179687 0.0270833 0.00171375
0 0.289062 0.513542 0.0203125 0.0229167 0.00169373
38 0.0871094 0.556771 0.0226563 0.0708333 0.00169373
34 0.0422363 0.590625 0.0186523 0.025 0.00168705
58 0.0987305 0.577083 0.0394531 0.0333333 0.00168705
0 0.990234 0.542708 0.0195312 0.0614583 0.00166798
34 0.177539 0.572917 0.0207031 0.0520833 0.0016613
0 0.308594 0.540625 0.009375 0.0270833 0.00165462
2 0.641406 0.510417 0.0328125 0.0166667 0.0016489
0 0.208008 0.534375 0.0148437 0.0333333 0.00164223
38 0.460547 0.676042 0.0210938 0.0458333 0.00163555
2 0.992969 0.523438 0.0140625 0.0208333 0.00161076
2 0.9875 0.508333 0.0234375 0.0145833 0.00160408
0 0.492188 0.525 0.021875 0.046875 0.00160408
38 0.0401855 0.588542 0.0317383 0.04375 0.00159168
38 0.0550293 0.570833 0.0334961 0.0520833 0.00157928
38 0.457031 0.688021 0.0234375 0.025 0.00157356
38 0.082251 0.540625 0.0194824 0.0916667 0.00156689
0 0.829688 0.526563 0.015625 0.0291667 0.00156689
38 0.157324 0.640104 0.0462891 0.0614583 0.00156689
0 0.953906 0.50625 0.0140625 0.0125 0.00154877
26 0.177539 0.572917 0.0207031 0.0520833 0.00154877
0 0.45625 0.568229 0.0210938 0.0927083 0.00153637
26 0.0422363 0.590625 0.0186523 0.025 0.00153637
0 0.0551758 0.5375 0.0216797 0.0229167 0.00150108
13 0.907813 0.558333 0.046875 0.0229167 0.00150108
13 0.903125 0.541667 0.04375 0.01875 0.0014782
38 0.0729492 0.572396 0.0404297 0.0479167 0.00146675
0 0.703125 0.548958 0.025 0.0645833 0.00146103
0 0.378809 0.564063 0.0220703 0.05625 0.00146103
38 0.15752 0.65625 0.0427734 0.0229167 0.00146103
39 0.26875 0.914323 0.107031 0.163021 0.00146103
0 0.0328979 0.564063 0.0271729 0.0791667 0.00144386
38 0.377734 0.555208 0.0179687 0.0479167 0.00144386
13 0.907031 0.541667 0.03125 0.0166667 0.00142097
34 0.422656 0.584375 0.025 0.06875 0.00142097
0 0.470313 0.61875 0.034375 0.104167 0.00142097
0 0.433594 0.578125 0.04375 0.0833333 0.00141621
0 0.792969 0.545313 0.034375 0.0677083 0.00141048
13 0.859375 0.538542 0.028125 0.01875 0.00136662
38 0.0817383 0.508333 0.0166016 0.0270833 0.00136185
0 0.401563 0.527083 0.0234375 0.0958333 0.00135136
24 0.157324 0.571875 0.0279297 0.034375 0.00135136
2 0.635938 0.510417 0.0367188 0.01875 0.00134563
2 0.283594 0.521875 0.0183594 0.0208333 0.00134087
38 0.623438 0.569792 0.0195312 0.0166667 0.00133514
0 0.492188 0.536458 0.0203125 0.03125 0.00133038
0 0.408594 0.558333 0.0328125 0.05625 0.00131512
38 0.612891 0.566667 0.0351562 0.025 0.00131512
13 0.145508 0.575 0.0230469 0.0291667 0.00129414
2 0.288086 0.519792 0.0210938 0.025 0.00127888
26 0.157324 0.571875 0.0279297 0.034375 0.00126934
2 0.632031 0.521354 0.0140625 0.0239583 0.00126457
12 0.268359 0.914323 0.107813 0.163021 0.00124931
0 0.439844 0.578125 0.028125 0.0645833 0.00124454
38 0.401953 0.569271 0.0257812 0.0697917 0.00124454
0 0.625 0.551042 0.0234375 0.0416667 0.00123978
13 0.612891 0.566667 0.0351562 0.025 0.00123501
38 0.372266 0.564583 0.0140625 0.0604167 0.0012207
16 0.100684 0.576563 0.0328125 0.0333333 0.0012207
34 0.470313 0.61875 0.034375 0.104167 0.0012207
56 0.0912109 0.577083 0.0289063 0.0375 0.00121593
1 0.621094 0.563542 0.0171875 0.0291667 0.0012064
34 0.421875 0.616667 0.021875 0.0229167 0.0012064
38 0.208008 0.534375 0.0148437 0.0333333 0.00119686
2 0.86875 0.539062 0.0125 0.0166667 0.00119686
34 0.439453 0.6125 0.0578125 0.175 0.00119209
56 0.0700195 0.578125 0.0380859 0.0354167 0.00118351
13 0.813281 0.566667 0.021875 0.0229167 0.00118351
38 0.289062 0.513542 0.0203125 0.0229167 0.00117874
0 0.583594 0.514583 0.0109375 0.0229167 0.0011692
38 0.0268555 0.559896 0.0326172 0.0989583 0.00114727
38 0.0702148 0.542708 0.0351562 0.0333333 0.00113392
13 0.666406 0.541667 0.0171875 0.0291667 0.00113392
36 0.458594 0.6625 0.0203125 0.0708333 0.00112915
0 0.709375 0.585417 0.0265625 0.0145833 0.00111198
13 0.8 0.547917 0.021875 0.065625 0.00110722
38 0.177344 0.561979 0.0203125 0.05 0.0011034
0 0.460547 0.652083 0.0179687 0.075 0.0011034
38 0.135352 0.572917 0.0238281 0.0395833 0.00109482
0 0.133301 0.539583 0.0203125 0.0458333 0.00109005
36 0.436719 0.690625 0.0265625 0.025 0.00109005
0 0.178467 0.533854 0.0188477 0.0229167 0.00108624
26 0.426563 0.58125 0.028125 0.075 0.00108147
0 0.135352 0.572917 0.0238281 0.0395833 0.00107765
56 0.100684 0.576563 0.0328125 0.0333333 0.00107765
0 0.427344 0.546875 0.0203125 0.0458333 0.00106049
38 0.138867 0.659375 0.01875 0.0229167 0.00105667
0 0.632031 0.521354 0.0140625 0.0239583 0.00105286
1 0.666406 0.541667 0.0171875 0.0291667 0.00105286
56 0.288086 0.519792 0.0210938 0.025 0.00104046
29 0.422656 0.584375 0.025 0.06875 0.00103664
38 0.709375 0.585417 0.0265625 0.0145833 0.00102425
38 0.311914 0.714583 0.0214844 0.0333333 0.00101185
0 0.439844 0.611458 0.059375 0.183333 0.892578
0 0.161523 0.6 0.0542969 0.1375 0.863281
0 0.0265503 0.567708 0.0328369 0.0854167 0.654785
0 0.346094 0.554167 0.0167969 0.0510417 0.644043
0 0.709375 0.551563 0.0234375 0.071875 0.607422
0 0.798438 0.548958 0.021875 0.0645833 0.558105
0 0.401563 0.557292 0.0234375 0.05 0.50293
38 0.471094 0.634375 0.0296875 0.0708333 0.245117
0 0.620313 0.553646 0.0171875 0.0479167 0.193726
0 0.268359 0.914323 0.107813 0.163021 0.121277
0 0.662109 0.542188 0.0132813 0.03125 0.108765
0 0.402344 0.548438 0.0203125 0.0604167 0.0878906
0 0.405469 0.555208 0.01875 0.053125 0.0805054
0 0.0873047 0.578125 0.0222656 0.0354167 0.0772095
0 0.621094 0.5625 0.0171875 0.0333333 0.0745239
38 0.0422363 0.590104 0.019043 0.0260417 0.0710449
0 0.344922 0.551042 0.021875 0.059375 0.0682983
0 0.390625 0.55625 0.0140625 0.0447917 0.0595398
38 0.0535156 0.580208 0.0191406 0.0333333 0.0587769
0 0.390625 0.546354 0.0148437 0.0625 0.0584412
0 0.658594 0.542708 0.00859375 0.0291667 0.0441895
0 0.0421875 0.582292 0.0226563 0.05 0.0437012
38 0.40166 0.661979 0.0560547 0.0416667 0.0405273
0 0.0958008 0.577083 0.0380859 0.0354167 0.0396423
0 0.541406 0.536979 0.01875 0.0354167 0.0394287
38 0.188281 0.640625 0.0421875 0.0385417 0.037323
0 0.117285 0.530208 0.0179687 0.0291667 0.036499
0 0.00664063 0.527083 0.0132813 0.0458333 0.0330811
38 0.468359 0.608333 0.0328125 0.14375 0.0297546
38 0.381641 0.656771 0.0164063 0.0302083 0.028656
38 0.460938 0.652083 0.0171875 0.0770833 0.028656
0 0.461719 0.598958 0.021875 0.113542 0.0272217
0 0.373047 0.554167 0.0179687 0.0635417 0.026413
0 0.903125 0.505208 0.0125 0.01875 0.0232849
38 0.4625 0.640625 0.01875 0.0833333 0.021286
38 0.1 0.576563 0.0351562 0.0333333 0.02034
0 0.666406 0.541146 0.0164063 0.0302083 0.0195618
38 0.470313 0.620313 0.034375 0.101042 0.0194244
34 0.471094 0.634375 0.0296875 0.0729167 0.0184021
0 0.372266 0.564583 0.0140625 0.0583333 0.0165253
0 0.258203 0.530729 0.0132813 0.021875 0.0151291
0 0.711328 0.543229 0.0226563 0.0510417 0.0147324
0 0.372266 0.547917 0.0234375 0.0614583 0.014061
38 0.461719 0.601042 0.0210938 0.141667 0.0136337
38 0.458594 0.6625 0.0203125 0.0708333 0.0131683
1 0.0958008 0.577083 0.0380859 0.0354167 0.012825
0 0.25918 0.536458 0.0125 0.0270833 0.0127258
38 0.421875 0.604167 0.021875 0.03125 0.0126266
38 0.460938 0.65 0.0203125 0.0958333 0.0120087
0 0.24375 0.535417 0.0132813 0.0208333 0.0118713
34 0.461719 0.601042 0.0210938 0.141667 0.0116425
0 0.557031 0.540625 0.0140625 0.025 0.0115051
38 0.421484 0.616667 0.0210938 0.021875 0.0106964
0 0.0816406 0.508854 0.0167969 0.0270833 0.0106125
38 0.621094 0.5625 0.0171875 0.0333333 0.0104904
0 0.619141 0.54375 0.0179687 0.0666667 0.0100937
9 0.269141 0.915625 0.107031 0.164583 0.0100555
0 0.0845703 0.555208 0.01875 0.0791667 0.00993347
34 0.468359 0.601042 0.0335938 0.1375 0.00989532
38 0.0703125 0.578125 0.0390625 0.0354167 0.00967407
0 0.458594 0.594792 0.0203125 0.0979167 0.00963593
38 0.177148 0.583333 0.0210938 0.0395833 0.00941467
0 0.0822266 0.536458 0.0193359 0.08125 0.00923157
0 0.384375 0.544792 0.0171875 0.0635417 0.00898743
0 0.211719 0.525 0.0101563 0.0354167 0.00861359
0 0.992969 0.523438 0.0140625 0.0208333 0.00844574
38 0.0882813 0.577604 0.025 0.0364583 0.00821686
0 0.468359 0.601042 0.0335938 0.1375 0.00815582
34 0.460938 0.652083 0.0171875 0.0770833 0.00809479
0 0.377734 0.555208 0.0179687 0.046875 0.00754929
0 0.349414 0.55 0.0222656 0.0604167 0.00740433
38 0.0551758 0.5375 0.022168 0.0229167 0.00731659
0 0.4375 0.579688 0.053125 0.117708 0.00714874
34 0.4625 0.640625 0.01875 0.0833333 0.00698471
38 0.405371 0.669792 0.0626953 0.0583333 0.00698471
0 0.0910156 0.540625 0.0154297 0.0541667 0.0069046
38 0.142773 0.659375 0.0181641 0.0239583 0.0069046
0 0.380078 0.548958 0.0203125 0.0583333 0.0068512
13 0.186523 0.642708 0.0429688 0.0375 0.00666809
0 0.11084 0.529167 0.0199219 0.034375 0.00664139
26 0.177148 0.583333 0.0210938 0.0395833 0.00651169
0 0.0856445 0.563542 0.0193359 0.053125 0.00651169
38 0.386328 0.660417 0.0257812 0.0364583 0.0064888
0 0.0422363 0.590104 0.019043 0.0260417 0.0064621
0 0.535547 0.538542 0.0195312 0.03125 0.00643921
0 0.133789 0.530208 0.0183594 0.03125 0.00638962
0 0.615234 0.551042 0.0296875 0.0489583 0.00638962
0 0.177148 0.583333 0.0210938 0.0395833 0.00638962
0 0.558203 0.534375 0.0148437 0.0333333 0.00629044
38 0.400781 0.558854 0.0265625 0.0510417 0.00616837
38 0.145898 0.575 0.0230469 0.0291667 0.005867
0 0.0220215 0.519792 0.0161133 0.0479167 0.00584412
38 0.480859 0.640625 0.0375 0.0614583 0.00575256
0 0.0618164 0.581771 0.0261719 0.0416667 0.00547028
0 0.471094 0.634375 0.0296875 0.0729167 0.00530243
0 0.176953 0.545313 0.0191406 0.0333333 0.00521851
0 0.341406 0.555208 0.0242188 0.053125 0.00510025
38 0.287891 0.520313 0.0214844 0.0260417 0.00488663
38 0.177344 0.572917 0.0210938 0.0520833 0.00488663
0 0.151367 0.536458 0.0160156 0.0375 0.00486755
0 0.366016 0.55625 0.0195312 0.05 0.00475693
0 0.183789 0.632292 0.0464844 0.0645833 0.00469971
0 0.992188 0.557292 0.015625 0.03125 0.00468063
34 0.458594 0.594792 0.0203125 0.0979167 0.00453949
0 0.659375 0.544271 0.0109375 0.0333333 0.00450516
0 0.540234 0.542708 0.0164063 0.0302083 0.00441742
34 0.421875 0.604167 0.021875 0.03125 0.00416565
26 0.424219 0.576042 0.0265625 0.0583333 0.00413513
38 0.157031 0.571875 0.0277344 0.0354167 0.00413513
0 0.208594 0.525 0.0132813 0.0395833 0.00408554
56 0.0535156 0.580208 0.0191406 0.0333333 0.00408554
0 0.594922 0.542708 0.0140625 0.025 0.00407028
0 0.233398 0.530208 0.0167969 0.0229167 0.00405502
34 0.177148 0.583333 0.0210938 0.0395833 0.00397491
0 0.704688 0.55625 0.03125 0.0645833 0.00391388
0 0.186719 0.641146 0.0429688 0.040625 0.00388527
35 0.0422363 0.590104 0.019043 0.0260417 0.00383949
0 0.261523 0.546875 0.0101563 0.0270833 0.0036068
2 0.953906 0.50625 0.0140625 0.0125 0.00359344
0 0.23418 0.533333 0.0167969 0.0229167 0.00358009
32 0.381641 0.656771 0.0164063 0.0302083 0.00355148
38 0.471875 0.645833 0.034375 0.0802083 0.00355148
0 0.419531 0.566146 0.01875 0.0427083 0.00353813
38 0.309375 0.711979 0.0171875 0.028125 0.00353813
0 0.146094 0.531771 0.0203125 0.0354167 0.00352478
0 0.603125 0.521875 0.0140625 0.021875 0.00351143
0 0.338477 0.53125 0.0234375 0.0354167 0.00349617
0 0.241406 0.532292 0.0195312 0.0229167 0.00342941
0 0.537891 0.534896 0.0226563 0.034375 0.00342941
0 0.653516 0.535938 0.0132813 0.0333333 0.00342941
26 0.439844 0.578646 0.028125 0.065625 0.00342941
0 0.779688 0.496875 0.0125 0.0135417 0.00336266
0 0.0276367 0.515625 0.0196289 0.0354167 0.00336266
0 0.756641 0.529167 0.0148437 0.0291667 0.00336266
0 0.0535156 0.580208 0.0191406 0.0333333 0.00329781
38 0.283594 0.521875 0.01875 0.0208333 0.00325966
0 0.917188 0.540625 0.009375 0.0166667 0.00317192
38 0.117285 0.530208 0.0179687 0.0291667 0.00316048
1 0.0873047 0.578125 0.0222656 0.0354167 0.00316048
38 0.422656 0.584896 0.025 0.0697917 0.00314713
38 0.0865234 0.572917 0.0210938 0.04375 0.00312424
0 0.0227783 0.554167 0.0245605 0.0958333 0.0029583
38 0.620313 0.553646 0.0171875 0.0479167 0.00294685
0 0.779883 0.509375 0.0183594 0.034375 0.00287819
38 0.0421875 0.582292 0.0226563 0.05 0.00281143
56 0.186719 0.641146 0.0429688 0.040625 0.00277901
1 0.0535156 0.580208 0.0191406 0.0333333 0.00275803
0 0.283594 0.521875 0.01875 0.0208333 0.00270462
26 0.458594 0.589583 0.0210938 0.08125 0.00270462
34 0.460938 0.65 0.0203125 0.0958333 0.0026722
38 0.0845703 0.555208 0.01875 0.0791667 0.00266266
0 0.117773 0.522917 0.0230469 0.04375 0.00263214
0 0.86875 0.538542 0.0125 0.0166667 0.0026207
0 0.177344 0.572917 0.0210938 0.0520833 0.00259018
38 0.160156 0.56875 0.028125 0.034375 0.00253105
38 0.475781 0.6375 0.0328125 0.0645833 0.00250244
13 0.0535156 0.580208 0.0191406 0.0333333 0.0024929
38 0.186914 0.577604 0.0238281 0.0260417 0.00248146
0 0.174121 0.619792 0.0986328 0.090625 0.00245285
0 0.582812 0.519792 0.0125 0.0229167 0.00242424
1 0.0703125 0.578125 0.0390625 0.0354167 0.00242424
0 0.287891 0.520313 0.0214844 0.0260417 0.0024147
0 0.154395 0.539583 0.0125 0.034375 0.00237846
0 0.176953 0.561979 0.0210938 0.0520833 0.00227928
2 0.645312 0.524479 0.0234375 0.0229167 0.00226974
9 0.892188 0.472917 0.009375 0.0229167 0.00222588
0 0.707812 0.534375 0.015625 0.075 0.00218201
0 0.157031 0.571875 0.0277344 0.0354167 0.00218201
34 0.458594 0.6625 0.0203125 0.0708333 0.00217438
58 0.666406 0.541146 0.0164063 0.0302083 0.00214958
0 0.892188 0.472917 0.009375 0.0229167 0.00211525
38 0.145117 0.578646 0.025 0.0395833 0.00211525
38 0.0816406 0.508854 0.0167969 0.0270833 0.00210762
2 0.666406 0.541146 0.0164063 0.0302083 0.00205803
38 0.0822266 0.536458 0.0193359 0.08125 0.00204277
38 0.0403809 0.588542 0.0326172 0.04375 0.00204277
0 0.491797 0.525 0.0226563 0.046875 0.00203514
0 0.442969 0.635417 0.0875 0.125 0.00202751
38 0.135937 0.582292 0.0242188 0.0291667 0.00201035
0 0.16543 0.576042 0.04375 0.0760417 0.00198746
0 0.898438 0.505208 0.015625 0.0208333 0.00197983
2 0.948438 0.507292 0.025 0.0125 0.0019722
0 0.781055 0.521875 0.0160156 0.0270833 0.0019722
34 0.0422363 0.590104 0.019043 0.0260417 0.00194931
58 0.0982422 0.577083 0.040625 0.0333333 0.00192642
0 0.30625 0.53125 0.0109375 0.0364583 0.00190449
0 0.829688 0.527083 0.015625 0.0302083 0.00190449
0 0.275 0.867708 0.071875 0.06875 0.00188255
0 0.17334 0.551042 0.0251953 0.04375 0.00186062
0 0.766406 0.527083 0.0109375 0.0229167 0.00185299
0 0.423438 0.582292 0.0265625 0.075 0.00183868
32 0.580469 0.479688 0.00859375 0.0135417 0.00182438
2 0.283594 0.521875 0.01875 0.0208333 0.00182438
38 0.612109 0.566667 0.0367188 0.025 0.0018177
38 0.623438 0.569271 0.0195312 0.0177083 0.0018034
0 0.0766602 0.508333 0.0232422 0.025 0.00177479
38 0.457031 0.686458 0.0234375 0.0291667 0.00176144
2 0.287891 0.520313 0.0214844 0.0260417 0.00175476
0 0.308398 0.540625 0.009375 0.0270833 0.00175476
0 0.309766 0.713542 0.0183594 0.028125 0.00175476
38 0.377734 0.555208 0.0179687 0.046875 0.00174809
0 0.703125 0.548958 0.025 0.0645833 0.00174141
0 0.935938 0.584896 0.01875 0.0770833 0.00174141
38 0.157617 0.65625 0.0425781 0.025 0.00174141
38 0.460547 0.673958 0.0210938 0.0520833 0.00174141
0 0.990234 0.542708 0.0195312 0.0604167 0.0017271
0 0.492188 0.536458 0.0203125 0.03125 0.00171375
0 0.433594 0.578125 0.04375 0.084375 0.00170708
34 0.177344 0.572917 0.0210938 0.0520833 0.0017004
38 0.0543945 0.569792 0.0347656 0.0541667 0.00169373
0 0.456641 0.56875 0.0210938 0.09375 0.00168133
0 0.281641 0.8875 0.0820312 0.0979167 0.00166798
0 0.208203 0.534375 0.0148437 0.034375 0.0016613
38 0.0731934 0.572917 0.0407227 0.0479167 0.0016613
2 0.992969 0.523438 0.0140625 0.0208333 0.0016489
38 0.372266 0.564583 0.0140625 0.0583333 0.00162888
13 0.907031 0.558854 0.0453125 0.0239583 0.00162315
38 0.0921875 0.573958 0.0326172 0.0395833 0.00161648
38 0.208203 0.534375 0.0148437 0.034375 0.00161076
38 0.288672 0.514583 0.0207031 0.0229167 0.00160408
0 0.953906 0.50625 0.0140625 0.0125 0.00160408
0 0.79082 0.545833 0.0402344 0.06875 0.00153065
13 0.859375 0.538542 0.028125 0.0208333 0.0015192
24 0.27832 0.870833 0.0851563 0.0708333 0.00151253
38 0.0689941 0.540625 0.0362305 0.0291667 0.00150681
13 0.145898 0.575 0.0230469 0.0291667 0.00150681
34 0.439844 0.6125 0.0578125 0.175 0.00150681
0 0.0551758 0.5375 0.022168 0.0229167 0.00150108
26 0.0422363 0.590104 0.019043 0.0260417 0.00149536
0 0.396094 0.4875 0.015625 0.025 0.00147247
0 0.282617 0.910417 0.0820312 0.145833 0.00147247
2 0.987891 0.513542 0.0242188 0.0208333 0.00146675
56 0.287891 0.520313 0.0214844 0.0260417 0.00146675
2 0.632031 0.521875 0.0125 0.025 0.00146675
13 0.903125 0.541667 0.04375 0.01875 0.00146103
38 0.157227 0.641146 0.0460938 0.059375 0.00144958
13 0.907031 0.541146 0.03125 0.0177083 0.00143242
38 0.402344 0.569792 0.025 0.06875 0.00143242
38 0.0269531 0.560417 0.0326172 0.0958333 0.00142097
34 0.422656 0.584896 0.025 0.0697917 0.00142097
0 0.583594 0.514583 0.0117188 0.0229167 0.00141048
2 0.641016 0.511458 0.0335938 0.0166667 0.00139904
0 0.288672 0.514583 0.0207031 0.0229167 0.00138855
56 0.1 0.576563 0.0351562 0.0333333 0.00137234
2 0.86875 0.538542 0.0125 0.0166667 0.00136662
1 0.621094 0.5625 0.0171875 0.0333333 0.00136662
2 0.9875 0.508854 0.0234375 0.015625 0.00134563
56 0.0703125 0.578125 0.0390625 0.0354167 0.00134087
0 0.402344 0.528646 0.0234375 0.0927083 0.00133514
0 0.869531 0.53125 0.0171875 0.0333333 0.00133514
12 0.26875 0.914323 0.107813 0.163021 0.00133514
38 0.208594 0.525 0.0132813 0.0395833 0.00133038
26 0.177344 0.572917 0.0210938 0.0520833 0.00131989
38 0.384375 0.544792 0.0171875 0.0635417 0.00131512
0 0.475781 0.6375 0.0328125 0.0645833 0.00131512
0 0.439844 0.578646 0.028125 0.065625 0.00130463
0 0.625 0.551042 0.0226563 0.0416667 0.00129986
0 0.0869141 0.522917 0.0248047 0.0583333 0.0012846
1 0.666406 0.541146 0.0164063 0.0302083 0.0012846
34 0.421484 0.616667 0.0210938 0.021875 0.0012846
38 0.373047 0.554167 0.0179687 0.0635417 0.00127888
13 0.612109 0.566667 0.0367188 0.025 0.00127411
38 0.709375 0.584896 0.0265625 0.015625 0.0012598
16 0.1 0.576563 0.0351562 0.0333333 0.00124454
0 0.760547 0.523958 0.015625 0.0291667 0.00123501
13 0.813281 0.566146 0.021875 0.0239583 0.0012207
0 0.470313 0.620313 0.034375 0.101042 0.0012207
56 0.0928711 0.577083 0.0326172 0.0375 0.0012207
0 0.408594 0.558333 0.03125 0.05625 0.00121593
0 0.559375 0.546875 0.0109375 0.0177083 0.0012064
34 0.430469 0.576042 0.0390625 0.0864583 0.00120163
34 0.470313 0.620313 0.034375 0.101042 0.00119686
38 0.38916 0.65625 0.0341797 0.0333333 0.00119686
0 0.00662842 0.554167 0.0132568 0.1 0.00119209
0 0.032605 0.564583 0.0277588 0.0791667 0.00118351
38 0.138965 0.659375 0.0189453 0.0229167 0.00117874
38 0.311914 0.714583 0.0214844 0.0333333 0.00117874
38 0.148242 0.609375 0.0242188 0.0291667 0.00117397
2 0.635938 0.511458 0.0375 0.0208333 0.00116062
2 0.241406 0.532292 0.0195312 0.0229167 0.00116062
39 0.269141 0.915625 0.107031 0.164583 0.00115108
38 0.0564453 0.534375 0.0277344 0.0302083 0.0011425
34 0.424219 0.576042 0.0265625 0.0583333 0.0011425
24 0.157031 0.571875 0.0277344 0.0354167 0.0011425
38 0.148145 0.534375 0.0167969 0.0364583 0.00113773
13 0.0422363 0.590104 0.019043 0.0260417 0.00113392
0 0.379297 0.564583 0.0234375 0.05625 0.00112915
29 0.422656 0.584896 0.025 0.0697917 0.00112915
0 0.17832 0.534375 0.0191406 0.0239583 0.00112057
38 0.390625 0.546354 0.0148437 0.0625 0.00111198
26 0.157031 0.571875 0.0277344 0.0354167 0.00110722
38 0.379297 0.564583 0.0234375 0.05625 0.00110722
38 0.258203 0.530729 0.0132813 0.021875 0.00109005
38 0.11084 0.529167 0.0199219 0.034375 0.00108624
0 0.733203 0.542708 0.0210938 0.0270833 0.00107288
38 0.176953 0.561979 0.0210938 0.0520833 0.00107288
0 0.623438 0.5625 0.0203125 0.0291667 0.00107288
38 0.380078 0.548958 0.0203125 0.0583333 0.00106525
38 0.346289 0.554688 0.0167969 0.053125 0.00106049
0 0.596094 0.523438 0.0242188 0.0260417 0.00105667
0 0.439844 0.611458 0.059375 0.184375 0.885254
0 0.161523 0.6 0.0539063 0.1375 0.86084
0 0.0282715 0.567708 0.0339844 0.0854167 0.638672
0 0.346094 0.554167 0.0167969 0.0510417 0.622559
0 0.709375 0.551563 0.0234375 0.071875 0.596191
0 0.798438 0.548958 0.021875 0.0645833 0.549805
0 0.401563 0.556771 0.0234375 0.0510417 0.475586
38 0.471094 0.634375 0.0296875 0.071875 0.222656
0 0.619531 0.552083 0.0171875 0.0510417 0.180054
0 0.6625 0.542188 0.0140625 0.03125 0.116943
0 0.402344 0.548438 0.0203125 0.0614583 0.0847778
38 0.0421875 0.590104 0.0193359 0.0260417 0.0742188
0 0.405469 0.555208 0.01875 0.0541667 0.0738525
38 0.0534668 0.579688 0.0201172 0.034375 0.0618896
0 0.344922 0.551042 0.021875 0.059375 0.0613098
0 0.621094 0.559375 0.0171875 0.0395833 0.0596619
0 0.268359 0.914323 0.107813 0.163021 0.0595398
0 0.390625 0.55625 0.0148437 0.0458333 0.0592041
0 0.390625 0.546875 0.015625 0.0625 0.0584412
0 0.0880859 0.578125 0.0242188 0.0354167 0.0578003
0 0.173145 0.608854 0.0708984 0.117708 0.0501404
0 0.541406 0.536979 0.0195312 0.0354167 0.0476074
0 0.658594 0.542708 0.009375 0.0291667 0.0374756
38 0.188281 0.640625 0.0421875 0.0395833 0.037323
0 0.0422363 0.582292 0.0231445 0.05 0.036499
38 0.40166 0.661458 0.0560547 0.0416667 0.0346069
0 0.117188 0.530208 0.0183594 0.0291667 0.0313721
0 0.0935547 0.577083 0.0337891 0.0375 0.0300446
38 0.469141 0.610417 0.0335938 0.1375 0.0293121
0 0.00668945 0.527083 0.0133789 0.0458333 0.0283813
0 0.0993164 0.577083 0.0367188 0.0333333 0.0282745
38 0.460938 0.652083 0.0171875 0.0791667 0.0253754
38 0.381641 0.657292 0.0164063 0.03125 0.0249939
0 0.461719 0.597917 0.021875 0.114583 0.023819
0 0.373047 0.554167 0.0179687 0.0645833 0.0219421
0 0.902344 0.505208 0.0125 0.01875 0.0219116
0 0.0867188 0.572917 0.021875 0.04375 0.0216522
38 0.0993164 0.577083 0.0367188 0.0333333 0.0193481
38 0.470703 0.621875 0.034375 0.0979167 0.0188293
38 0.4625 0.640104 0.01875 0.084375 0.0186157
0 0.666406 0.541146 0.0171875 0.0302083 0.0177155
34 0.471094 0.634375 0.0296875 0.0729167 0.0153046
0 0.557031 0.540104 0.0140625 0.025 0.0149002
0 0.372266 0.565625 0.0140625 0.0583333 0.0139542
0 0.258203 0.53125 0.0132813 0.0229167 0.0139008
0 0.372266 0.547917 0.0234375 0.0614583 0.012825
38 0.421875 0.604167 0.021875 0.03125 0.0127258
38 0.462109 0.601042 0.021875 0.139583 0.0122375
0 0.25918 0.536979 0.0128906 0.0270833 0.0121002
38 0.458984 0.6625 0.0203125 0.071875 0.0116882
0 0.711328 0.542708 0.0226563 0.05 0.0113297
1 0.0958984 0.577083 0.0386719 0.0354167 0.0113297
38 0.421484 0.616667 0.0210938 0.021875 0.0111618
38 0.460938 0.650521 0.0203125 0.096875 0.0106506
38 0.621094 0.559375 0.0171875 0.0395833 0.0106125
34 0.462109 0.601042 0.021875 0.139583 0.00985718
0 0.243945 0.535417 0.0136719 0.0208333 0.00971222
38 0.176904 0.583333 0.0211914 0.0395833 0.00948334
38 0.0705078 0.578125 0.0394531 0.0375 0.00941467
0 0.211719 0.525 0.0105469 0.0364583 0.00923157
38 0.0890625 0.577604 0.0265625 0.0364583 0.00867462
0 0.0816406 0.509375 0.0169922 0.028125 0.0085144
0 0.458594 0.594792 0.0203125 0.1 0.00847626
38 0.0551758 0.5375 0.0226563 0.0229167 0.00841522
0 0.0845703 0.55625 0.01875 0.0791667 0.00828552
0 0.558203 0.534375 0.0148437 0.0333333 0.008255
0 0.384375 0.544792 0.0171875 0.0645833 0.00793457
0 0.992578 0.523958 0.0148437 0.0208333 0.00769424
34 0.46875 0.602083 0.0328125 0.135417 0.00760651
0 0.0822022 0.533333 0.0191895 0.0760417 0.00757599
34 0.460938 0.652083 0.0171875 0.0791667 0.00748825
0 0.535156 0.538542 0.01875 0.03125 0.00728989
38 0.142969 0.659375 0.0183594 0.0239583 0.00666809
0 0.349414 0.55 0.0222656 0.059375 0.00653839
0 0.4375 0.583333 0.053125 0.127083 0.00651169
38 0.405371 0.670313 0.0626953 0.0583333 0.0064888
38 0.146094 0.575 0.0230469 0.03125 0.0064621
0 0.614844 0.551042 0.0296875 0.05 0.00634003
38 0.400781 0.558854 0.0265625 0.0510417 0.00621796
0 0.377734 0.555208 0.0171875 0.046875 0.005867
0 0.111328 0.529167 0.0205078 0.0354167 0.00584412
34 0.4625 0.640104 0.01875 0.084375 0.00584412
13 0.186523 0.642708 0.0429688 0.0375 0.00582123
0 0.540625 0.541146 0.0171875 0.0322917 0.00579834
0 0.0910156 0.539583 0.015625 0.0520833 0.00572968
9 0.269141 0.915625 0.107031 0.164583 0.00553513
38 0.386328 0.660417 0.025 0.0364583 0.00544739
0 0.379785 0.548958 0.0201172 0.0583333 0.00538635
38 0.287695 0.520313 0.021875 0.0260417 0.00530243
26 0.176904 0.583333 0.0211914 0.0395833 0.00530243
0 0.992188 0.557292 0.015625 0.03125 0.00511932
0 0.134082 0.530208 0.01875 0.03125 0.00510025
0 0.022168 0.519792 0.0163086 0.0479167 0.00494385
34 0.458594 0.594792 0.0203125 0.1 0.00492477
0 0.46875 0.602083 0.0328125 0.135417 0.00492477
38 0.177148 0.572396 0.0214844 0.0541667 0.00469971
38 0.480469 0.640625 0.0375 0.0625 0.0045929
0 0.177002 0.545833 0.0194336 0.0333333 0.00457382
0 0.176904 0.583333 0.0211914 0.0395833 0.00457382
0 0.151367 0.536458 0.0160156 0.0385417 0.00453949
38 0.156836 0.571875 0.0277344 0.0354167 0.00450516
0 0.471094 0.634375 0.0296875 0.0729167 0.00446701
0 0.341406 0.555208 0.0242188 0.053125 0.00428009
0 0.595313 0.542188 0.0140625 0.025 0.0042305
0 0.0421875 0.590104 0.0193359 0.0260417 0.00419998
0 0.538281 0.535417 0.0234375 0.0354167 0.00415039
34 0.421875 0.604167 0.021875 0.03125 0.00415039
0 0.0624023 0.58125 0.0275391 0.0416667 0.00415039
0 0.0859375 0.563542 0.0199219 0.0541667 0.00413513
34 0.176904 0.583333 0.0211914 0.0395833 0.00387001
0 0.603125 0.522396 0.0148437 0.0229167 0.00374985
38 0.117188 0.530208 0.0183594 0.0291667 0.00369263
0 0.261328 0.545833 0.0101563 0.0270833 0.00363541
0 0.779688 0.496875 0.0125 0.0145833 0.00358009
0 0.366406 0.55625 0.0195312 0.0510417 0.00356483
0 0.208789 0.525 0.0132813 0.040625 0.00348282
56 0.0534668 0.579688 0.0201172 0.034375 0.00348282
38 0.283594 0.521875 0.0195312 0.0208333 0.00345612
0 0.233594 0.530208 0.0171875 0.0229167 0.00336266
2 0.953125 0.50625 0.015625 0.0125 0.00333786
35 0.0421875 0.590104 0.0193359 0.0260417 0.00333786
0 0.184033 0.634375 0.0467773 0.0604167 0.00329781
38 0.309375 0.711979 0.0171875 0.0291667 0.00324821
32 0.381641 0.657292 0.0164063 0.03125 0.00323486
0 0.757031 0.529167 0.015625 0.0302083 0.00322342
26 0.424219 0.576042 0.0265625 0.0583333 0.00305176
0 0.338477 0.53125 0.0234375 0.0354167 0.00304031
38 0.422266 0.584896 0.0257812 0.0697917 0.00302696
0 0.0276855 0.515625 0.0198242 0.0354167 0.00301552
0 0.145703 0.531771 0.0210938 0.0354167 0.00301552
38 0.0867188 0.572917 0.021875 0.04375 0.00298119
0 0.186719 0.641667 0.0429688 0.0416667 0.00298119
0 0.653125 0.535417 0.0140625 0.0333333 0.00288963
0 0.704688 0.555208 0.03125 0.0666667 0.00286674
0 0.582812 0.519792 0.0125 0.025 0.00284576
38 0.0845703 0.55625 0.01875 0.0791667 0.00283432
38 0.620313 0.553125 0.0171875 0.0479167 0.00282288
0 0.867969 0.538542 0.0140625 0.0177083 0.00281143
0 0.779883 0.509896 0.0183594 0.0364583 0.00279999
1 0.0880859 0.578125 0.0242188 0.0354167 0.00277901
38 0.471875 0.645833 0.034375 0.08125 0.0027256
38 0.159863 0.56875 0.028125 0.034375 0.00271416
0 0.117773 0.522917 0.0234375 0.04375 0.00269318
38 0.0422363 0.582292 0.0231445 0.05 0.00269318
0 0.419922 0.566667 0.0195312 0.04375 0.0026722
26 0.439844 0.578646 0.028125 0.0666667 0.00266266
0 0.917188 0.540625 0.009375 0.0166667 0.0026207
0 0.241406 0.532292 0.0203125 0.0229167 0.00261116
38 0.0816406 0.509375 0.0169922 0.028125 0.00253105
13 0.0534668 0.579688 0.0201172 0.034375 0.00244331
38 0.186719 0.577604 0.0238281 0.0260417 0.00244331
56 0.186719 0.641667 0.0429688 0.0416667 0.00243378
0 0.173633 0.621354 0.0988281 0.0875 0.00236893
34 0.460938 0.650521 0.0203125 0.096875 0.00229645
0 0.491406 0.525 0.0234375 0.0479167 0.00227928
0 0.283594 0.521875 0.0195312 0.0208333 0.00225258
0 0.442188 0.634375 0.0875 0.129167 0.00225258
38 0.0822022 0.533333 0.0191895 0.0760417 0.00219154
1 0.0534668 0.579688 0.0201172 0.034375 0.00219154
38 0.0404297 0.588542 0.0332031 0.0447917 0.00219154
0 0.892188 0.473438 0.009375 0.0229167 0.00217438
26 0.458984 0.590104 0.0210938 0.084375 0.00216484
2 0.644922 0.525 0.0234375 0.0229167 0.00214958
0 0.154297 0.539062 0.0125 0.0354167 0.00211525
38 0.136133 0.583333 0.0246094 0.0291667 0.00211525
0 0.707812 0.533854 0.015625 0.075 0.00209045
0 0.0534668 0.579688 0.0201172 0.034375 0.00206757
0 0.830469 0.527083 0.0171875 0.03125 0.0020504
0 0.177148 0.572396 0.0214844 0.0541667 0.00201035
34 0.458984 0.6625 0.0203125 0.071875 0.00201035
0 0.287695 0.520313 0.021875 0.0260417 0.00199509
58 0.666406 0.541146 0.0171875 0.0302083 0.00198746
0 0.492188 0.535417 0.0210938 0.0333333 0.00197983
0 0.898438 0.505208 0.015625 0.0208333 0.00196457
0 0.176611 0.5625 0.0217773 0.0541667 0.00194168
2 0.666406 0.541146 0.0171875 0.0302083 0.00189686
1 0.0705078 0.578125 0.0394531 0.0375 0.00186729
0 0.0228516 0.554688 0.0246094 0.0947917 0.00185299
9 0.892188 0.473438 0.009375 0.0229167 0.00183105
2 0.948438 0.507292 0.025 0.0135417 0.00183105
2 0.283594 0.521875 0.0195312 0.0208333 0.00182438
0 0.156836 0.571875 0.0277344 0.0354167 0.00182438
38 0.611719 0.565625 0.0375 0.0270833 0.00182438
0 0.78125 0.521354 0.0171875 0.028125 0.00179577
34 0.0421875 0.590104 0.0193359 0.0260417 0.00178909
58 0.0981445 0.577604 0.0408203 0.034375 0.00178909
38 0.377734 0.555208 0.0171875 0.046875 0.00177479
38 0.372266 0.565625 0.0140625 0.0583333 0.00176811
0 0.766406 0.526563 0.0109375 0.0229167 0.00176144
38 0.157813 0.655729 0.0425781 0.025 0.00176144
2 0.287695 0.520313 0.021875 0.0260417 0.00175476
38 0.623438 0.569271 0.0203125 0.0177083 0.00174809
32 0.580469 0.479688 0.00859375 0.0135417 0.00172043
0 0.869531 0.530208 0.0171875 0.0354167 0.00172043
0 0.173242 0.551042 0.0253906 0.0458333 0.00172043
38 0.208203 0.533854 0.0148437 0.0364583 0.00172043
0 0.433594 0.577083 0.04375 0.0854167 0.0017004
38 0.457031 0.683854 0.0234375 0.0333333 0.0017004
0 0.456641 0.56875 0.0210938 0.09375 0.00168705
38 0.460547 0.670833 0.021875 0.05625 0.00168705
0 0.274609 0.867708 0.0710938 0.06875 0.00168705
34 0.439844 0.611979 0.0578125 0.176042 0.00168133
24 0.274609 0.867708 0.0710938 0.06875 0.00168133
0 0.30625 0.53125 0.0117188 0.0364583 0.00167465
0 0.990234 0.542708 0.0195312 0.0614583 0.0016613
38 0.288672 0.514583 0.0210938 0.0239583 0.00162315
0 0.309766 0.713542 0.0183594 0.028125 0.00162315
0 0.148242 0.534375 0.0167969 0.0375 0.00161648
0 0.165332 0.577083 0.0439453 0.0791667 0.00160408
38 0.0270386 0.560417 0.0326416 0.0958333 0.00159168
38 0.0682617 0.539583 0.0369141 0.0270833 0.00157928
38 0.0539551 0.56875 0.0352539 0.05625 0.00157928
0 0.953125 0.50625 0.015625 0.0125 0.00157356
38 0.0732422 0.572917 0.0408203 0.046875 0.00157356
0 0.583594 0.514583 0.0117188 0.0229167 0.00156689
0 0.760547 0.523958 0.015625 0.0291667 0.00154305
34 0.177148 0.572396 0.0214844 0.0541667 0.00153637
0 0.935938 0.584896 0.01875 0.0770833 0.00152493
0 0.703125 0.548958 0.025 0.065625 0.00150681
0 0.308594 0.540625 0.009375 0.0270833 0.00148964
0 0.475781 0.6375 0.0328125 0.0645833 0.00148392
56 0.287695 0.520313 0.021875 0.0260417 0.0014782
12 0.269141 0.915625 0.107031 0.164583 0.00147247
38 0.384375 0.544792 0.0171875 0.0645833 0.00146675
0 0.0767578 0.508333 0.0234375 0.025 0.00143814
38 0.208789 0.525 0.0132813 0.040625 0.00143814
0 0.789258 0.545833 0.0433594 0.06875 0.00143242
2 0.632031 0.521875 0.0125 0.025 0.00142097
38 0.0927734 0.573958 0.0339844 0.0395833 0.00141621
38 0.402344 0.569792 0.025 0.06875 0.00140476
38 0.147852 0.609896 0.0234375 0.028125 0.00140476
0 0.208203 0.533854 0.0148437 0.0364583 0.00139427
0 0.0253052 0.558333 0.036499 0.104167 0.00138855
0 0.559375 0.545833 0.0109375 0.01875 0.00138855
38 0.373047 0.554167 0.0179687 0.0645833 0.00135136
2 0.992578 0.523958 0.0148437 0.0208333 0.00134087
13 0.90625 0.558333 0.04375 0.025 0.00133038
0 0.423438 0.582292 0.0265625 0.075 0.00131989
13 0.146094 0.575 0.0230469 0.03125 0.00131512
38 0.0565918 0.534375 0.0282227 0.0302083 0.00130463
34 0.422266 0.584896 0.0257812 0.0697917 0.00130463
0 0.439844 0.578646 0.028125 0.0666667 0.00128937
13 0.859375 0.538021 0.028125 0.0208333 0.0012846
0 0.402344 0.528646 0.0234375 0.0927083 0.00127411
38 0.148242 0.534375 0.0167969 0.0375 0.00126934
34 0.430469 0.575 0.040625 0.0875 0.00126457
38 0.709375 0.585417 0.0265625 0.0145833 0.00126457
34 0.421484 0.616667 0.0210938 0.021875 0.0012598
0 0.0551758 0.5375 0.0226563 0.0229167 0.00125504
0 0.257422 0.90625 0.0828125 0.147917 0.00125504
56 0.0993164 0.577083 0.0367188 0.0333333 0.00124931
0 0.301953 0.914583 0.167187 0.166667 0.00124931
38 0.388184 0.65625 0.0330078 0.0333333 0.00123024
38 0.157324 0.641667 0.0458984 0.0583333 0.0012207
38 0.139063 0.659896 0.0191406 0.0229167 0.0012207
0 0.280859 0.886458 0.0835937 0.0979167 0.0012207
1 0.666406 0.541146 0.0171875 0.0302083 0.00121593
34 0.424219 0.576042 0.0265625 0.0583333 0.00121593
1 0.621094 0.559375 0.0171875 0.0395833 0.00119686
38 0.111328 0.529167 0.0205078 0.0354167 0.00119209
2 0.867969 0.538542 0.0140625 0.0177083 0.00117874
0 0.504687 0.532292 0.0132813 0.0375 0.00117397
38 0.390625 0.546875 0.015625 0.0625 0.00116539
0 0.625 0.551042 0.0226563 0.04375 0.00115108
38 0.258203 0.53125 0.0132813 0.0229167 0.00114727
0 0.396094 0.4875 0.015625 0.0270833 0.00113773
13 0.907813 0.541146 0.03125 0.0177083 0.00113773
29 0.422266 0.584896 0.0257812 0.0697917 0.00113773
0 0.521094 0.540625 0.01875 0.0229167 0.00112057
26 0.0421875 0.590104 0.0193359 0.0260417 0.00112057
38 0.379785 0.548958 0.0201172 0.0583333 0.0011158
2 0.641016 0.511979 0.0335938 0.01875 0.00111198
13 0.903125 0.541146 0.04375 0.0197917 0.00111198
0 0.596094 0.523958 0.025 0.0291667 0.0011034
13 0.611719 0.565625 0.0375 0.0270833 0.00109005
13 0.8125 0.566146 0.021875 0.0239583 0.00109005
0 0.17832 0.534375 0.0191406 0.025 0.00108624
38 0.379297 0.564583 0.0242188 0.05625 0.00107288
0 0.288672 0.514583 0.0210938 0.0239583 0.00106525
2 0.987891 0.514583 0.0242188 0.0229167 0.00106525
38 0.0910156 0.539583 0.015625 0.0520833 0.00106525
38 0.176611 0.5625 0.0217773 0.0541667 0.00106525
56 0.0705078 0.578125 0.0394531 0.0375 0.00105667
38 0.458594 0.594792 0.0203125 0.1 0.00105286
38 0.346484 0.554688 0.0171875 0.0541667 0.00104427
0 0.181201 0.602604 0.10166 0.115625 0.00104427
0 0.342578 0.561458 0.065625 0.05 0.00103188
34 0.426563 0.580208 0.0296875 0.0770833 0.00102806
34 0.470703 0.621875 0.034375 0.0979167 0.00102806
38 0.312109 0.714583 0.021875 0.0333333 0.00102806
2 0.241406 0.532292 0.0203125 0.0229167 0.00102425
38 0.142383 0.570833 0.0328125 0.0354167 0.00102425
0 0.439844 0.610938 0.0585938 0.184375 0.86377
0 0.161426 0.6 0.0537109 0.1375 0.847656
0 0.0283691 0.567708 0.034082 0.0854167 0.603027
0 0.346094 0.554167 0.0171875 0.0520833 0.589844
0 0.709375 0.552083 0.0234375 0.0729167 0.557129
0 0.798438 0.548438 0.021875 0.065625 0.536133
0 0.401563 0.556771 0.0234375 0.0510417 0.44165
38 0.471094 0.633854 0.0304688 0.0729167 0.196777
0 0.619531 0.552083 0.0171875 0.0520833 0.15918
0 0.6625 0.541667 0.0140625 0.03125 0.111816
0 0.402344 0.548958 0.0203125 0.0625 0.0794678
38 0.0421387 0.590104 0.0196289 0.0260417 0.0690308
0 0.405469 0.555208 0.01875 0.0541667 0.0588989
38 0.0533691 0.579688 0.0210938 0.034375 0.0574951
0 0.391016 0.546875 0.015625 0.0625 0.0541992
0 0.391406 0.55625 0.015625 0.0458333 0.0537109
0 0.344727 0.551042 0.0222656 0.0604167 0.0528259
0 0.541406 0.536458 0.0203125 0.0354167 0.0493164
0 0.177148 0.63125 0.0636719 0.0729167 0.0417786
0 0.621094 0.557292 0.0171875 0.0427083 0.0413208
0 0.0893555 0.578125 0.0267578 0.0354167 0.0402527
0 0.26875 0.914323 0.107813 0.163021 0.0382385
38 0.188281 0.640625 0.0421875 0.0395833 0.0328369
38 0.401563 0.661458 0.05625 0.0416667 0.0302124
0 0.658594 0.542708 0.009375 0.0291667 0.0301056
0 0.0422852 0.582292 0.0238281 0.05 0.0297089
38 0.469531 0.615625 0.034375 0.125 0.0273743
0 0.0942383 0.577083 0.0349609 0.0375 0.0247955
0 0.117188 0.529688 0.01875 0.0302083 0.0246124
0 0.00670166 0.527083 0.0134033 0.046875 0.0227203
38 0.381641 0.657292 0.0164063 0.03125 0.02211
0 0.902344 0.505208 0.0125 0.0197917 0.0203705
38 0.460938 0.652083 0.0171875 0.0791667 0.0201721
0 0.461719 0.597396 0.0226563 0.114583 0.0183716
38 0.0986328 0.577083 0.0382813 0.0333333 0.016983
0 0.557422 0.539583 0.0140625 0.0270833 0.0164642
0 0.373047 0.554167 0.0179687 0.0645833 0.0159607
0 0.0871094 0.573438 0.0226563 0.04375 0.0151901
38 0.462891 0.639583 0.0195312 0.084375 0.0149002
0 0.666406 0.540625 0.0171875 0.03125 0.0141754
34 0.471094 0.634375 0.0296875 0.0729167 0.012825
38 0.421484 0.605208 0.0226563 0.03125 0.0125275
0 0.258203 0.53125 0.0136719 0.0229167 0.0118713
38 0.421484 0.616667 0.0210938 0.0208333 0.0114212
38 0.4625 0.601563 0.0226563 0.1375 0.0109024
38 0.621094 0.557292 0.0171875 0.0427083 0.0106964
0 0.61875 0.54375 0.01875 0.0677083 0.0106125
0 0.259375 0.5375 0.0132813 0.0270833 0.0106125
0 0.37207 0.565625 0.0136719 0.05625 0.0103683
0 0.372461 0.547917 0.0238281 0.0625 0.0103302
38 0.458984 0.663021 0.0203125 0.071875 0.00974274
0 0.558203 0.534375 0.0148437 0.034375 0.00955963
38 0.460938 0.650521 0.0203125 0.096875 0.00930023
1 0.0958984 0.577083 0.0390625 0.0354167 0.00923157
0 0.211719 0.525 0.0109375 0.0375 0.0091629
34 0.460938 0.599479 0.0226563 0.142708 0.00905609
38 0.0551758 0.5375 0.0228516 0.0229167 0.0088501
0 0.711328 0.541667 0.0226563 0.05 0.00871277
38 0.176758 0.583854 0.0214844 0.0395833 0.00841522
38 0.0900391 0.577604 0.0285156 0.0364583 0.008255
38 0.0706543 0.578125 0.0401367 0.0375 0.00821686
0 0.535156 0.538021 0.01875 0.03125 0.00746155
0 0.243945 0.535417 0.0140625 0.0208333 0.00743103
0 0.458984 0.590625 0.0210938 0.0864583 0.00723267
34 0.460938 0.652083 0.0171875 0.0791667 0.00651169
0 0.081543 0.510417 0.0171875 0.0302083 0.00643921
0 0.0845703 0.555729 0.0185547 0.0791667 0.00643921
38 0.146094 0.575 0.0234375 0.03125 0.00638962
0 0.541406 0.540104 0.0171875 0.0333333 0.00634003
38 0.405469 0.670833 0.0632813 0.0583333 0.00631332
0 0.992578 0.523958 0.0148437 0.0229167 0.00629044
34 0.46875 0.603125 0.0328125 0.133333 0.00629044
38 0.400781 0.559375 0.0265625 0.0520833 0.00612259
38 0.142871 0.659375 0.0181641 0.0239583 0.00598145
0 0.0822266 0.53125 0.0193359 0.0729167 0.00584412
0 0.384375 0.544792 0.0171875 0.0645833 0.00579834
0 0.614844 0.55 0.03125 0.05 0.00551224
34 0.458984 0.594792 0.0210938 0.102083 0.00547028
0 0.349219 0.55 0.0226563 0.059375 0.00544739
0 0.992188 0.556771 0.015625 0.03125 0.00534439
13 0.186279 0.643229 0.0430664 0.0375 0.00524139
38 0.2875 0.520313 0.021875 0.0270833 0.0051384
38 0.386328 0.660417 0.025 0.0375 0.00488663
34 0.462891 0.639583 0.0195312 0.084375 0.00482941
0 0.111719 0.529167 0.0207031 0.0354167 0.00468063
38 0.156836 0.571875 0.028125 0.0354167 0.00450516
0 0.0908203 0.538542 0.0158203 0.05 0.00429916
34 0.421484 0.605208 0.0226563 0.03125 0.00426483
0 0.176953 0.545833 0.0191406 0.0333333 0.00405502
38 0.176758 0.571354 0.0222656 0.0572917 0.00403976
0 0.595313 0.541667 0.015625 0.025 0.00402451
0 0.151367 0.536458 0.0160156 0.0395833 0.00400543
0 0.377734 0.555208 0.0179687 0.0458333 0.00399017
38 0.117188 0.529688 0.01875 0.0302083 0.00392914
0 0.0223145 0.519792 0.0165039 0.0479167 0.00388527
26 0.176758 0.583854 0.0214844 0.0395833 0.00380898
0 0.134277 0.530208 0.0193359 0.03125 0.00374985
38 0.480469 0.640625 0.0375 0.0625 0.00369263
0 0.602734 0.522917 0.015625 0.0239583 0.00367928
34 0.176758 0.583854 0.0214844 0.0395833 0.00363541
0 0.779688 0.496875 0.0125 0.0145833 0.00359344
0 0.341406 0.555208 0.0242188 0.0541667 0.00359344
0 0.379688 0.548958 0.0203125 0.0583333 0.00356483
0 0.261328 0.544792 0.0105469 0.0270833 0.00341606
38 0.283789 0.522396 0.0199219 0.0208333 0.00335121
9 0.269141 0.915625 0.107031 0.164583 0.00333786
0 0.471094 0.634375 0.0296875 0.0729167 0.00322342
0 0.176758 0.583854 0.0214844 0.0395833 0.00313568
0 0.582812 0.519792 0.0125 0.025 0.00309944
56 0.0533691 0.579688 0.0210938 0.034375 0.00292397
35 0.0421387 0.590104 0.0196289 0.0260417 0.00291252
0 0.0628906 0.58125 0.0287109 0.0416667 0.00290108
32 0.381641 0.657292 0.0164063 0.03125 0.00288963
38 0.422266 0.584896 0.0257812 0.0697917 0.00286674
38 0.081543 0.510417 0.0171875 0.0302083 0.00277901
2 0.953125 0.50625 0.015625 0.0135417 0.00277901
0 0.0277222 0.516146 0.0199463 0.0364583 0.00273705
38 0.309375 0.711979 0.0171875 0.0291667 0.0027256
0 0.867969 0.538542 0.0140625 0.01875 0.00271416
0 0.757031 0.529167 0.015625 0.03125 0.00270462
38 0.0845703 0.555729 0.0185547 0.0791667 0.00269318
38 0.15957 0.56875 0.028125 0.034375 0.0026722
0 0.46875 0.603125 0.0328125 0.133333 0.00265312
0 0.0861328 0.563542 0.0207031 0.0541667 0.00264168
0 0.441406 0.634896 0.0875 0.13125 0.00263214
0 0.0421387 0.590104 0.0196289 0.0260417 0.0026207
0 0.208594 0.525 0.0132813 0.0416667 0.00259018
0 0.338477 0.530208 0.0234375 0.0333333 0.00253105
0 0.233594 0.530208 0.0175781 0.0229167 0.0024929
38 0.0871094 0.573438 0.0226563 0.04375 0.00248146
0 0.779883 0.510417 0.0183594 0.0375 0.00245285
0 0.117773 0.522917 0.0238281 0.04375 0.00243378
0 0.145117 0.531771 0.021875 0.0364583 0.00242424
0 0.173438 0.622396 0.0988281 0.0864583 0.0024147
38 0.0422852 0.582292 0.0238281 0.05 0.00240517
38 0.475391 0.6375 0.0328125 0.0645833 0.002388
13 0.0533691 0.579688 0.0210938 0.034375 0.00234222
0 0.184326 0.635938 0.0469727 0.0583333 0.00232315
1 0.0893555 0.578125 0.0267578 0.0354167 0.00226974
0 0.653125 0.535417 0.0140625 0.0333333 0.00224304
0 0.917188 0.540625 0.009375 0.0166667 0.00221634
0 0.491406 0.525 0.0234375 0.0479167 0.00219154
38 0.0822266 0.53125 0.0193359 0.0729167 0.00217438
0 0.366797 0.55625 0.0203125 0.0520833 0.00216484
38 0.0404297 0.588542 0.0338867 0.0447917 0.00215721
38 0.471875 0.646354 0.034375 0.08125 0.00213242
0 0.892188 0.473958 0.009375 0.0239583 0.00212479
0 0.186719 0.641667 0.0429688 0.0416667 0.00210762
38 0.186719 0.578125 0.0238281 0.025 0.00208282
56 0.186719 0.641667 0.0429688 0.0416667 0.0020752
0 0.830469 0.527083 0.0171875 0.0333333 0.00206757
34 0.441406 0.610417 0.0578125 0.170833 0.00205803
26 0.424219 0.576042 0.0265625 0.0604167 0.0020504
2 0.644922 0.524479 0.0234375 0.0239583 0.00198746
0 0.492188 0.533333 0.021875 0.0375 0.00198746
34 0.460938 0.650521 0.0203125 0.096875 0.00198746
38 0.136328 0.583333 0.0251953 0.0291667 0.0019722
0 0.704688 0.555208 0.0320312 0.0677083 0.00196457
0 0.86875 0.529167 0.01875 0.0395833 0.00193405
0 0.898438 0.505208 0.015625 0.0208333 0.00191879
26 0.439844 0.578646 0.0289063 0.0677083 0.00188255
0 0.760156 0.524479 0.015625 0.0302083 0.00186062
0 0.419922 0.566667 0.0195312 0.04375 0.00185299
34 0.458984 0.663021 0.0203125 0.071875 0.00185299
0 0.708203 0.533854 0.015625 0.075 0.00183868
0 0.154199 0.539062 0.0126953 0.0364583 0.00183868
0 0.241016 0.532292 0.0210938 0.0229167 0.00181007
58 0.666406 0.540625 0.0171875 0.03125 0.00176811
38 0.37207 0.565625 0.0136719 0.05625 0.00174809
38 0.610938 0.564583 0.0390625 0.0291667 0.0017271
24 0.278711 0.871094 0.0847656 0.0744792 0.00171375
38 0.377734 0.555208 0.0179687 0.0458333 0.00170708
1 0.0533691 0.579688 0.0210938 0.034375 0.00170708
38 0.158008 0.655208 0.0421875 0.025 0.00169373
58 0.0979492 0.577604 0.0412109 0.034375 0.00168133
0 0.301953 0.914583 0.166406 0.166667 0.00168133
38 0.0271484 0.560417 0.0326172 0.0958333 0.00167465
0 0.283789 0.522396 0.0199219 0.0208333 0.00165462
38 0.208203 0.533333 0.0148437 0.0375 0.00164223
2 0.666406 0.540625 0.0171875 0.03125 0.00163555
0 0.989844 0.542708 0.0203125 0.0614583 0.00163555
26 0.458984 0.590625 0.0210938 0.0864583 0.00163555
2 0.283789 0.522396 0.0199219 0.0208333 0.00162315
38 0.623047 0.569271 0.0203125 0.01875 0.00161648
0 0.583594 0.514583 0.0125 0.0229167 0.00160408
32 0.580469 0.479688 0.009375 0.0135417 0.0015974
0 0.173438 0.551563 0.0253906 0.0458333 0.0015974
34 0.0421387 0.590104 0.0196289 0.0260417 0.0015974
0 0.156836 0.571875 0.028125 0.0354167 0.00158501
0 0.176172 0.561458 0.0222656 0.0541667 0.00157928
38 0.457031 0.681771 0.0242188 0.0375 0.00157928
2 0.2875 0.520313 0.021875 0.0270833 0.00156689
38 0.387891 0.65625 0.03125 0.0333333 0.00156689
38 0.460547 0.670833 0.021875 0.0572917 0.00156116
38 0.147656 0.609375 0.0230469 0.0291667 0.00154877
2 0.948438 0.507292 0.028125 0.0135417 0.00154305
38 0.288477 0.515104 0.0210938 0.025 0.00153065
0 0.433594 0.576042 0.04375 0.0885417 0.00153065
0 0.309766 0.713542 0.0183594 0.028125 0.00150108
0 0.766406 0.526042 0.0109375 0.0239583 0.00149536
38 0.0678223 0.539583 0.037793 0.028125 0.00149536
0 0.2875 0.520313 0.021875 0.0270833 0.00148392
0 0.457031 0.56875 0.021875 0.0958333 0.00148392
0 0.953125 0.50625 0.015625 0.0135417 0.00147247
0 0.78125 0.520833 0.0171875 0.0291667 0.00146675
38 0.384375 0.544792 0.0171875 0.0645833 0.00144958
0 0.559375 0.544792 0.0117188 0.0208333 0.00143814
0 0.938281 0.585938 0.0171875 0.078125 0.0014267
0 0.475391 0.6375 0.0328125 0.0645833 0.0014267
9 0.892188 0.473958 0.009375 0.0239583 0.00142097
0 0.181201 0.602083 0.10166 0.114583 0.00141621
38 0.056543 0.534375 0.0285156 0.0302083 0.00140476
38 0.0732422 0.572917 0.0412109 0.0479167 0.00139427
0 0.269922 0.867708 0.0609375 0.06875 0.00138855
0 0.788281 0.545833 0.0453125 0.06875 0.00138855
38 0.0535156 0.56875 0.0361328 0.0583333 0.00138283
0 0.0533691 0.579688 0.0210938 0.034375 0.00138283
1 0.0706543 0.578125 0.0401367 0.0375 0.00137806
0 0.176758 0.571354 0.0222656 0.0572917 0.00137806
38 0.402734 0.569792 0.0242188 0.0697917 0.00136662
34 0.431641 0.574479 0.0421875 0.090625 0.00136662
34 0.176758 0.571354 0.0222656 0.0572917 0.00134563
12 0.269141 0.915625 0.107031 0.164583 0.00134563
38 0.148242 0.534375 0.0171875 0.0375 0.00134087
38 0.208594 0.525 0.0132813 0.0416667 0.00133514
2 0.632031 0.521875 0.0125 0.025 0.00130463
0 0.305859 0.53125 0.0117188 0.0375 0.00129986
0 0.165234 0.578125 0.0441406 0.0854167 0.00129986
34 0.421484 0.616667 0.0210938 0.0208333 0.00129414
0 0.148242 0.534375 0.0171875 0.0375 0.00127888
38 0.373047 0.554167 0.0179687 0.0645833 0.00127888
56 0.2875 0.520313 0.021875 0.0270833 0.00127411
38 0.709375 0.585417 0.0265625 0.0145833 0.00126934
26 0.269531 0.914583 0.107813 0.164583 0.00126934
0 0.0254395 0.558333 0.0367188 0.104167 0.0012598
34 0.424219 0.576042 0.0265625 0.0604167 0.00125504
0 0.703125 0.548958 0.025 0.0666667 0.00124454
0 0.521484 0.540104 0.01875 0.0239583 0.00123024
0 0.504687 0.532292 0.0132813 0.0375 0.00121117
38 0.139063 0.659375 0.0191406 0.0229167 0.00121117
34 0.422266 0.584896 0.0257812 0.0697917 0.00118828
38 0.111719 0.529167 0.0207031 0.0354167 0.00118351
0 0.439844 0.578646 0.0289063 0.0677083 0.00118351
0 0.308594 0.540625 0.009375 0.028125 0.00116539
0 0.0767578 0.509375 0.0236328 0.0270833 0.00115108
13 0.146094 0.575 0.0234375 0.03125 0.00114727
38 0.391016 0.546875 0.015625 0.0625 0.0011425
13 0.90625 0.558333 0.04375 0.025 0.00113773
56 0.0986328 0.577083 0.0382813 0.0333333 0.00113392
0 0.0229736 0.554688 0.0249512 0.0947917 0.00112915
0 0.341797 0.561458 0.0648438 0.05 0.00112057
29 0.422266 0.584896 0.0257812 0.0697917 0.0011158
0 0.402344 0.528125 0.0234375 0.09375 0.00110722
38 0.0933594 0.574479 0.0355469 0.0395833 0.00110722
38 0.258203 0.53125 0.0136719 0.0229167 0.00109863
34 0.426172 0.579688 0.0296875 0.0791667 0.00108624
0 0.208203 0.533333 0.0148437 0.0375 0.00106907
38 0.379688 0.548958 0.0203125 0.0583333 0.00106907
38 0.458984 0.594792 0.0210938 0.102083 0.00106525
1 0.666406 0.540625 0.0171875 0.03125 0.00106049
0 0.596094 0.525 0.025 0.0302083 0.00105667
0 0.280469 0.607292 0.296875 0.13125 0.00105667
38 0.142383 0.571875 0.0332031 0.0375 0.00104427
38 0.157422 0.641667 0.0457031 0.0583333 0.00104427
34 0.4375 0.591667 0.053125 0.14375 0.00102806
38 0.0908203 0.538542 0.0158203 0.05 0.00102043
38 0.619531 0.552083 0.0171875 0.0520833 0.00101662
13 0.859375 0.5375 0.028125 0.021875 0.00100422
0 0.439844 0.611458 0.0578125 0.185417 0.848145
0 0.161426 0.6 0.0533203 0.1375 0.831055
0 0.0271484 0.567708 0.0331055 0.0875 0.568848
0 0.346094 0.554167 0.0171875 0.0520833 0.550781
0 0.799219 0.548438 0.021875 0.065625 0.518555
0 0.709766 0.552604 0.0234375 0.071875 0.504883
0 0.401563 0.557292 0.0234375 0.0520833 0.388672
38 0.471094 0.633333 0.0304688 0.075 0.177856
0 0.619531 0.552083 0.0171875 0.0520833 0.131226
0 0.6625 0.541667 0.0140625 0.03125 0.0895996
0 0.402344 0.548958 0.0203125 0.0625 0.0713501
38 0.0420898 0.590104 0.0197266 0.0260417 0.0562439
38 0.0533203 0.579688 0.0212891 0.034375 0.0467224
0 0.391406 0.55625 0.015625 0.0458333 0.0462952
0 0.344531 0.551042 0.0226563 0.0604167 0.0455322
0 0.390625 0.546875 0.015625 0.0645833 0.0436096
0 0.541406 0.536458 0.0203125 0.0354167 0.042572
0 0.405859 0.554688 0.0179687 0.0552083 0.0423279
0 0.179492 0.6375 0.059375 0.059375 0.0321655
0 0.26875 0.914323 0.107813 0.163021 0.0313721
38 0.18833 0.640625 0.0420898 0.0395833 0.0288696
0 0.0899414 0.578125 0.0279297 0.0354167 0.0271759
0 0.621094 0.557292 0.0171875 0.04375 0.0265503
38 0.469531 0.617708 0.034375 0.11875 0.0236969
38 0.401953 0.661979 0.05625 0.0427083 0.0231476
0 0.042334 0.582292 0.0239258 0.05 0.02211
0 0.658594 0.542708 0.009375 0.0291667 0.0220795
38 0.381641 0.657292 0.0164063 0.03125 0.0179901
0 0.902344 0.505208 0.0125 0.0197917 0.0175781
0 0.00671387 0.527083 0.0134277 0.0479167 0.0175171
0 0.117188 0.529688 0.01875 0.0302083 0.0175171
38 0.460938 0.651563 0.0171875 0.0802083 0.0164642
0 0.461719 0.597396 0.0226563 0.115625 0.0144501
0 0.557422 0.539062 0.0140625 0.0270833 0.0138474
0 0.0984375 0.577083 0.0390625 0.0333333 0.0137405
38 0.0984375 0.577083 0.0390625 0.0333333 0.0133286
38 0.421484 0.605208 0.0226563 0.03125 0.01297
38 0.462891 0.639063 0.0195312 0.084375 0.0118713
38 0.421484 0.616667 0.0210938 0.021875 0.0113297
0 0.372852 0.554167 0.0183594 0.0625 0.0109863
34 0.471094 0.634375 0.03125 0.0729167 0.0102463
0 0.666406 0.540625 0.0171875 0.03125 0.0100098
0 0.0873047 0.573438 0.0230469 0.04375 0.00997162
38 0.621094 0.557292 0.0171875 0.04375 0.00997162
38 0.462891 0.602083 0.0234375 0.1375 0.00993347
0 0.258203 0.53125 0.0136719 0.0229167 0.00898743
0 0.259375 0.5375 0.0132813 0.0270833 0.00831604
38 0.458594 0.663021 0.0203125 0.071875 0.00831604
0 0.61875 0.54375 0.01875 0.0677083 0.008255
38 0.460938 0.65 0.0210938 0.0979167 0.00818634
0 0.558203 0.534375 0.0148437 0.034375 0.00815582
0 0.211719 0.525 0.0109375 0.0375 0.00815582
1 0.0958984 0.577083 0.0390625 0.0354167 0.00809479
34 0.461328 0.600521 0.0234375 0.146875 0.00803375
38 0.176611 0.583854 0.0217773 0.0395833 0.0078125
0 0.372266 0.547917 0.0242188 0.0625 0.00772476
38 0.0550781 0.536979 0.0230469 0.0239583 0.00757599
0 0.37207 0.565625 0.0136719 0.05625 0.00712204
38 0.090332 0.578125 0.0292969 0.0354167 0.00671768
0 0.711719 0.541667 0.0234375 0.05 0.00643921
0 0.534766 0.538021 0.01875 0.03125 0.00641251
0 0.459375 0.591667 0.021875 0.0875 0.00624084
38 0.070752 0.578125 0.0405273 0.0375 0.00621796
38 0.401172 0.559375 0.0265625 0.0520833 0.00577545
38 0.146094 0.575 0.0238281 0.03125 0.00575256
0 0.0933594 0.574479 0.0353516 0.0395833 0.00566483
0 0.243945 0.535417 0.0140625 0.0208333 0.0055542
34 0.459375 0.595833 0.021875 0.104167 0.00553513
38 0.142969 0.659375 0.0181641 0.0239583 0.00547028
34 0.460938 0.651563 0.0171875 0.0802083 0.00547028
34 0.46875 0.604167 0.0328125 0.13125 0.00534439
38 0.405859 0.670833 0.0640625 0.059375 0.0051384
0 0.992188 0.556771 0.015625 0.03125 0.00481033
0 0.992188 0.523958 0.015625 0.0229167 0.00477219
13 0.186523 0.643229 0.0429688 0.0375 0.00471878
0 0.081543 0.510417 0.0171875 0.0302083 0.00432968
0 0.349219 0.55 0.0226563 0.0583333 0.00429916
0 0.084668 0.55625 0.0183594 0.0791667 0.00426483
38 0.156836 0.571354 0.028125 0.0364583 0.00416565
0 0.614062 0.55 0.03125 0.0510417 0.00411606
34 0.421484 0.605208 0.0226563 0.03125 0.00408554
0 0.0830322 0.538542 0.0194824 0.0770833 0.00408554
0 0.384375 0.544792 0.0171875 0.0645833 0.00397491
38 0.2875 0.520313 0.0222656 0.0270833 0.00392914
38 0.385938 0.660417 0.025 0.0375 0.00387001
34 0.462891 0.639063 0.0195312 0.084375 0.00372124
0 0.176953 0.545833 0.0191406 0.034375 0.00370789
38 0.176611 0.569792 0.0225586 0.0604167 0.00363541
0 0.595313 0.541667 0.015625 0.025 0.00333786
0 0.111816 0.529167 0.0208984 0.0354167 0.00329781
0 0.151367 0.536458 0.0160156 0.0395833 0.00323486
0 0.779688 0.496875 0.0125 0.0145833 0.00319672
38 0.117188 0.529688 0.01875 0.0302083 0.00319672
34 0.176611 0.583854 0.0217773 0.0395833 0.00317192
0 0.261328 0.544792 0.0105469 0.0270833 0.00313568
0 0.440625 0.635417 0.0859375 0.13125 0.00311089
26 0.176611 0.583854 0.0217773 0.0395833 0.00302696
38 0.480469 0.640104 0.0375 0.0635417 0.00299263
0 0.0908203 0.5375 0.015625 0.0479167 0.00298119
0 0.02229 0.519792 0.0164551 0.0479167 0.00290108
0 0.602344 0.522917 0.015625 0.0239583 0.00288963
0 0.341602 0.555208 0.0246094 0.0541667 0.00286674
38 0.422266 0.585417 0.0257812 0.06875 0.00286674
0 0.582812 0.519792 0.0125 0.0260417 0.00264168
38 0.309766 0.713542 0.0183594 0.028125 0.00263214
9 0.269141 0.914583 0.107813 0.164583 0.00261116
38 0.283789 0.522396 0.0199219 0.0208333 0.00258064
0 0.176611 0.583854 0.0217773 0.0395833 0.00257111
0 0.134375 0.530208 0.0193359 0.03125 0.00255013
32 0.381641 0.657292 0.0164063 0.03125 0.00255013
35 0.0420898 0.590104 0.0197266 0.0260417 0.00250244
0 0.377734 0.555208 0.0179687 0.0458333 0.00246239
56 0.0533203 0.579688 0.0212891 0.034375 0.00243378
2 0.953125 0.50625 0.015625 0.0135417 0.00240517
38 0.081543 0.510417 0.0171875 0.0302083 0.002388
0 0.173438 0.622917 0.0988281 0.0854167 0.00234222
34 0.441797 0.6125 0.0554687 0.166667 0.00227928
0 0.0277344 0.515625 0.0198242 0.0354167 0.00226021
0 0.379688 0.548958 0.0203125 0.0583333 0.00223351
38 0.042334 0.582292 0.0239258 0.05 0.00219917
38 0.475391 0.6375 0.0328125 0.0645833 0.00218201
13 0.0533203 0.579688 0.0212891 0.034375 0.00217438
0 0.757031 0.528646 0.015625 0.03125 0.00216484
0 0.301953 0.914583 0.165625 0.166667 0.00206757
1 0.0899414 0.578125 0.0279297 0.0354167 0.00205803
38 0.084668 0.55625 0.0183594 0.0791667 0.00204277
0 0.867969 0.538021 0.0140625 0.01875 0.00203514
0 0.338672 0.530208 0.0234375 0.0333333 0.00202751
0 0.471094 0.634375 0.03125 0.0729167 0.00197983
0 0.0630371 0.58125 0.0288086 0.0416667 0.00194931
0 0.779688 0.510417 0.01875 0.0375 0.00193405
0 0.760156 0.524479 0.015625 0.0302083 0.00191879
38 0.0873047 0.573438 0.0230469 0.04375 0.00188923
0 0.208594 0.525 0.0132813 0.0416667 0.00183105
0 0.144922 0.531771 0.0222656 0.0364583 0.0018177
38 0.186768 0.578125 0.0241211 0.0270833 0.00181007
0 0.892188 0.473958 0.009375 0.0239583 0.0018034
0 0.233594 0.530208 0.0171875 0.0229167 0.00179577
2 0.644922 0.524479 0.0234375 0.0239583 0.00178909
0 0.917188 0.540625 0.009375 0.0166667 0.00178242
38 0.0403809 0.588542 0.034082 0.0447917 0.00178242
38 0.471875 0.645833 0.0351562 0.08125 0.00176144
38 0.0822266 0.529167 0.0191406 0.0666667 0.00175476
0 0.83125 0.527083 0.01875 0.0333333 0.00173378
0 0.117773 0.522917 0.0238281 0.04375 0.0017271
34 0.460938 0.65 0.0210938 0.0979167 0.0017271
0 0.898438 0.505208 0.015625 0.0208333 0.00168705
38 0.136523 0.582292 0.0257812 0.0291667 0.00168705
56 0.186719 0.641667 0.0429688 0.0416667 0.00168133
34 0.458594 0.663021 0.0203125 0.071875 0.00166798
0 0.46875 0.604167 0.0328125 0.13125 0.0016613
0 0.0420898 0.590104 0.0197266 0.0260417 0.00165462
38 0.147754 0.609375 0.0230469 0.0291667 0.00162315
2 0.666406 0.540625 0.0171875 0.03125 0.00161648
0 0.491406 0.525 0.0234375 0.0479167 0.00161076
38 0.37207 0.565625 0.0136719 0.05625 0.00160408
0 0.0864258 0.563542 0.0207031 0.0541667 0.00157928
0 0.182031 0.602083 0.102344 0.114583 0.00157928
0 0.707812 0.534375 0.015625 0.075 0.00157356
38 0.0271484 0.560417 0.0326172 0.0958333 0.00157356
26 0.424219 0.576563 0.0265625 0.0604167 0.00157356
58 0.0984375 0.577083 0.0390625 0.0333333 0.00156116
58 0.666406 0.540625 0.0171875 0.03125 0.00155449
0 0.704688 0.555208 0.0328125 0.0666667 0.00154877
38 0.158008 0.655208 0.0421875 0.0260417 0.00154877
0 0.86875 0.528125 0.01875 0.0395833 0.00153637
24 0.278906 0.872656 0.0847656 0.0755208 0.00153637
38 0.3875 0.65625 0.0304688 0.0333333 0.00153637
38 0.610156 0.564583 0.0398437 0.0291667 0.00151253
0 0.652344 0.535417 0.015625 0.0333333 0.00150681
0 0.154199 0.538542 0.0126953 0.0375 0.00150108
2 0.283789 0.522396 0.0199219 0.0208333 0.00148392
0 0.156836 0.571354 0.028125 0.0364583 0.0014782
38 0.377734 0.555208 0.0179687 0.0458333 0.00146675
26 0.439844 0.578646 0.028125 0.0677083 0.00146675
2 0.2875 0.520313 0.0222656 0.0270833 0.00144386
0 0.176172 0.561458 0.0222656 0.05625 0.00144386
32 0.580469 0.479688 0.009375 0.0135417 0.00143242
0 0.492188 0.533333 0.021875 0.0375 0.0014267
38 0.457031 0.680208 0.0242188 0.0416667 0.0014267
0 0.583594 0.515104 0.0125 0.0239583 0.00142097
38 0.460547 0.669792 0.021875 0.059375 0.00140476
0 0.173438 0.551042 0.0253906 0.0458333 0.00139904
26 0.269531 0.914583 0.107813 0.164583 0.00139904
1 0.0533203 0.579688 0.0212891 0.034375 0.00139427
38 0.623047 0.569271 0.0203125 0.01875 0.00137234
38 0.208203 0.533333 0.0148437 0.0375 0.00134563
34 0.432031 0.573958 0.04375 0.0916667 0.00134563
34 0.0420898 0.590104 0.0197266 0.0260417 0.00132465
0 0.939063 0.585938 0.01875 0.078125 0.00132465
2 0.948438 0.507292 0.028125 0.0145833 0.00131989
0 0.989844 0.542708 0.0203125 0.0625 0.00131512
26 0.459375 0.591667 0.021875 0.0875 0.00130463
34 0.421484 0.616667 0.0210938 0.021875 0.00129986
0 0.309766 0.713542 0.0183594 0.028125 0.00129986
0 0.420312 0.566667 0.0203125 0.04375 0.00129414
38 0.403125 0.570312 0.025 0.0708333 0.00129414
0 0.366992 0.55625 0.0207031 0.0520833 0.0012846
0 0.433594 0.575521 0.04375 0.0895833 0.00127888
0 0.186719 0.641667 0.0429688 0.0416667 0.00127411
12 0.269141 0.915625 0.107031 0.164583 0.00126934
0 0.7875 0.545833 0.046875 0.06875 0.00126457
38 0.384375 0.544792 0.0171875 0.0645833 0.00124931
0 0.276367 0.608333 0.287891 0.13125 0.00124931
0 0.559375 0.544792 0.0109375 0.0208333 0.00124454
0 0.953125 0.50625 0.015625 0.0135417 0.00123978
0 0.457031 0.56875 0.021875 0.0958333 0.00123501
38 0.0674316 0.539062 0.0379883 0.0270833 0.00123024
38 0.056543 0.534375 0.0287109 0.0302083 0.0012207
0 0.766406 0.526042 0.0109375 0.0239583 0.00121593
34 0.424219 0.576563 0.0265625 0.0604167 0.0012064
0 0.241016 0.532292 0.0210938 0.0229167 0.00119686
29 0.422266 0.585417 0.0257812 0.06875 0.0011692
0 0.269727 0.867708 0.0605469 0.06875 0.0011692
38 0.148242 0.534375 0.0171875 0.0375 0.00116539
34 0.176611 0.569792 0.0225586 0.0604167 0.00116539
0 0.341211 0.561458 0.0628906 0.0489583 0.00115585
38 0.288281 0.515104 0.0210938 0.025 0.00115108
38 0.710156 0.584896 0.0265625 0.0166667 0.00115108
0 0.283789 0.522396 0.0199219 0.0208333 0.0011425
38 0.139258 0.659375 0.0195312 0.0229167 0.00113773
2 0.632031 0.521875 0.0125 0.025 0.00112438
9 0.892188 0.473958 0.009375 0.0239583 0.00111198
38 0.372852 0.554167 0.0183594 0.0625 0.00110722
1 0.070752 0.578125 0.0405273 0.0375 0.0011034
0 0.475391 0.6375 0.0328125 0.0645833 0.0011034
38 0.459375 0.595833 0.021875 0.104167 0.00109863
38 0.157227 0.641667 0.0457031 0.0583333 0.00109005
0 0.781445 0.520833 0.0183594 0.0291667 0.00108624
13 0.90625 0.558333 0.04375 0.025 0.00108624
0 0.703125 0.548958 0.025 0.0666667 0.00107765
38 0.053418 0.568229 0.0363281 0.0572917 0.00107765
34 0.422266 0.585417 0.0257812 0.06875 0.00105286
34 0.426172 0.579167 0.0296875 0.0791667 0.00104809
0 0.439844 0.578646 0.028125 0.0677083 0.00104427
13 0.146094 0.575 0.0238281 0.03125 0.00104427
0 0.935938 0.584896 0.01875 0.0770833 0.00104046
38 0.390625 0.546875 0.015625 0.0645833 0.00103664
56 0.2875 0.520313 0.0222656 0.0270833 0.00103188
38 0.208594 0.525 0.0132813 0.0416667 0.00102806
0 0.165234 0.58125 0.0445313 0.09375 0.00102043
0 0.2875 0.520313 0.0222656 0.0270833 0.00100422
0 0.439844 0.611458 0.0578125 0.185417 0.837402
0 0.161523 0.6 0.053125 0.1375 0.820312
0 0.0271606 0.567708 0.0331787 0.0875 0.563965
0 0.346094 0.554167 0.0171875 0.0520833 0.516602
0 0.799219 0.548438 0.021875 0.065625 0.509766
0 0.710156 0.552083 0.0234375 0.0708333 0.472656
0 0.401563 0.55625 0.0234375 0.0520833 0.359375
38 0.471094 0.632813 0.03125 0.075 0.171021
0 0.619531 0.552083 0.0171875 0.0520833 0.103394
0 0.6625 0.541667 0.0140625 0.03125 0.0800781
0 0.402344 0.548958 0.0203125 0.0625 0.0671997
38 0.042041 0.590625 0.0199219 0.025 0.0495911
0 0.392188 0.55625 0.015625 0.0458333 0.0428162
38 0.053418 0.579688 0.021582 0.034375 0.0405273
0 0.541406 0.536458 0.0203125 0.0354167 0.0389099
0 0.391016 0.546875 0.015625 0.0645833 0.0381775
0 0.344531 0.551042 0.0230469 0.0604167 0.0379639
0 0.405469 0.554167 0.01875 0.05625 0.0343628
0 0.182617 0.640625 0.0535156 0.0541667 0.0293732
0 0.268945 0.914323 0.108203 0.163021 0.0275269
38 0.188281 0.640625 0.0421875 0.0395833 0.0246124
38 0.469922 0.622917 0.034375 0.10625 0.0227966
38 0.401953 0.661458 0.05625 0.0416667 0.0202484
0 0.0914062 0.578125 0.0308594 0.0354167 0.0196838
0 0.658594 0.542708 0.009375 0.0291667 0.0185394
0 0.0422852 0.582813 0.0240234 0.0489583 0.016922
38 0.381641 0.657292 0.0164063 0.03125 0.0167236
0 0.621094 0.557292 0.0171875 0.0427083 0.016098
0 0.902344 0.505208 0.0125 0.0197917 0.0157776
0 0.00671387 0.527083 0.0134277 0.0479167 0.0142288
38 0.460938 0.652083 0.0171875 0.0791667 0.014061
38 0.421484 0.605729 0.0226563 0.0302083 0.0134811
0 0.11709 0.530208 0.0189453 0.0291667 0.0132751
0 0.557422 0.539062 0.0140625 0.0270833 0.0129242
0 0.460938 0.602083 0.025 0.114583 0.0125275
38 0.403516 0.66875 0.0601563 0.0552083 0.0114212
38 0.421484 0.616667 0.0210938 0.0208333 0.0111618
38 0.621094 0.557292 0.0171875 0.0427083 0.0107803
38 0.0980469 0.577083 0.0398437 0.0333333 0.0104523
0 0.0980469 0.577083 0.0398437 0.0333333 0.0102921
34 0.471094 0.633854 0.03125 0.0739583 0.0100937
38 0.463281 0.602604 0.0234375 0.132292 0.00971222
38 0.463281 0.638542 0.0203125 0.0833333 0.00955963
34 0.461719 0.6 0.0234375 0.145833 0.00844574
0 0.666797 0.540625 0.0171875 0.03125 0.00837708
0 0.211914 0.526042 0.0105469 0.0375 0.0078125
38 0.460938 0.65 0.0210938 0.0979167 0.00751877
38 0.458594 0.663542 0.0203125 0.0708333 0.00746155
0 0.557813 0.534375 0.015625 0.034375 0.00737381
0 0.258203 0.53125 0.0136719 0.021875 0.00720596
38 0.0550293 0.536979 0.0231445 0.0239583 0.00698471
1 0.0959961 0.577083 0.0392578 0.0354167 0.00698471
0 0.372852 0.553125 0.0183594 0.0604167 0.00695801
0 0.25918 0.5375 0.0132813 0.0270833 0.0069313
38 0.176758 0.584375 0.0214844 0.0375 0.0068779
0 0.087793 0.573958 0.0238281 0.0427083 0.00671768
34 0.459375 0.595833 0.021875 0.104167 0.00664139
38 0.0910156 0.578125 0.0308594 0.0354167 0.00595856
38 0.401172 0.558854 0.0265625 0.0510417 0.00584412
0 0.534375 0.538542 0.01875 0.03125 0.00568771
0 0.711719 0.540625 0.0234375 0.0479167 0.00538635
0 0.459375 0.591667 0.0210938 0.0895833 0.00536346
0 0.372266 0.547917 0.0242188 0.0614583 0.00534439
0 0.992188 0.557292 0.015625 0.03125 0.00526047
34 0.46875 0.60625 0.0328125 0.127083 0.00524139
38 0.0708496 0.578125 0.0407227 0.0375 0.00516129
34 0.460938 0.652083 0.0171875 0.0791667 0.00508118
38 0.142969 0.659375 0.0179687 0.0239583 0.00498199
38 0.146191 0.575 0.0238281 0.03125 0.00496292
0 0.37207 0.566146 0.0136719 0.0541667 0.00479126
13 0.186279 0.642708 0.0430664 0.0375 0.00469971
34 0.421484 0.605729 0.0226563 0.0302083 0.00448608
0 0.24375 0.535417 0.0140625 0.0208333 0.00436401
0 0.992188 0.523958 0.015625 0.0229167 0.00391388
38 0.156641 0.571354 0.0285156 0.0364583 0.00383949
0 0.176953 0.545833 0.0191406 0.034375 0.00353813
38 0.386035 0.660417 0.0248047 0.0375 0.00351143
0 0.439844 0.636458 0.0859375 0.130208 0.00351143
34 0.463281 0.638542 0.0203125 0.0833333 0.00335121
0 0.0829834 0.535417 0.0191895 0.071875 0.00335121
34 0.176758 0.584375 0.0214844 0.0375 0.00332451
0 0.349609 0.548958 0.0226563 0.0572917 0.00325966
38 0.176563 0.569271 0.0226563 0.0625 0.00313568
38 0.2875 0.520313 0.0226563 0.0270833 0.00302696
0 0.261133 0.544792 0.0105469 0.0270833 0.00300407
38 0.422266 0.585417 0.0257812 0.06875 0.00294685
0 0.151562 0.536458 0.0160156 0.0395833 0.00288963
0 0.779688 0.496875 0.0140625 0.0145833 0.00287819
0 0.0814209 0.510417 0.0172363 0.0291667 0.00287819
35 0.042041 0.590625 0.0199219 0.025 0.00284576
0 0.614062 0.549479 0.03125 0.0489583 0.00283432
0 0.595313 0.541667 0.015625 0.025 0.00282288
0 0.302148 0.914583 0.165234 0.166667 0.00275803
38 0.309766 0.713542 0.0179687 0.028125 0.00273705
0 0.0847656 0.556771 0.0179687 0.078125 0.00269318
38 0.11709 0.530208 0.0189453 0.0291667 0.00264168
34 0.439063 0.611458 0.0578125 0.177083 0.00264168
26 0.176758 0.584375 0.0214844 0.0375 0.0026207
38 0.480469 0.639583 0.0375 0.0625 0.00255013
0 0.0822022 0.525521 0.0187988 0.059375 0.00254059
0 0.112109 0.528646 0.0210938 0.0354167 0.00253105
0 0.341797 0.555208 0.0246094 0.0541667 0.00247192
0 0.384375 0.544271 0.0171875 0.0635417 0.00243378
32 0.381641 0.657292 0.0164063 0.03125 0.00240517
13 0.053418 0.579688 0.021582 0.034375 0.002388
0 0.582812 0.519792 0.0125 0.025 0.00230598
38 0.475 0.6375 0.0328125 0.0645833 0.00226974
0 0.0223145 0.519271 0.0165039 0.0479167 0.00225258
0 0.602344 0.522396 0.0171875 0.0239583 0.00223351
38 0.0814209 0.510417 0.0172363 0.0291667 0.00216484
2 0.953125 0.50625 0.015625 0.0135417 0.00215721
0 0.760156 0.525 0.015625 0.03125 0.00214005
56 0.053418 0.579688 0.021582 0.034375 0.00208282
0 0.0912109 0.535417 0.0148437 0.04375 0.00204277
0 0.172949 0.623958 0.100977 0.0833333 0.00202751
38 0.283789 0.522396 0.0203125 0.0208333 0.00201988
38 0.0422852 0.582813 0.0240234 0.0489583 0.00201988
26 0.269531 0.914583 0.108203 0.164583 0.00195694
0 0.0277344 0.515625 0.0196289 0.0354167 0.00191879
0 0.176758 0.584375 0.0214844 0.0375 0.00186729
38 0.145313 0.579167 0.0255859 0.0416667 0.00185299
0 0.0873047 0.555208 0.0220703 0.06875 0.00179577
0 0.757031 0.528125 0.015625 0.03125 0.00177479
0 0.13457 0.530208 0.0195312 0.03125 0.00174809
38 0.386816 0.65625 0.0294922 0.0333333 0.00174809
2 0.644531 0.524479 0.0234375 0.0239583 0.0017271
38 0.147656 0.610417 0.0230469 0.0291667 0.00171375
24 0.279297 0.872917 0.084375 0.0770833 0.00171375
9 0.269141 0.914583 0.108594 0.164583 0.00171375
0 0.867969 0.538542 0.0140625 0.01875 0.00167465
34 0.458594 0.663542 0.0203125 0.0708333 0.00167465
34 0.460938 0.65 0.0210938 0.0979167 0.00166798
0 0.892188 0.473958 0.009375 0.025 0.00165462
0 0.338672 0.529688 0.0242188 0.0322917 0.00164223
0 0.898438 0.505729 0.015625 0.021875 0.00161076
2 0.666797 0.540625 0.0171875 0.03125 0.00161076
0 0.285352 0.878125 0.105859 0.0875 0.0015974
38 0.0847656 0.556771 0.0179687 0.078125 0.00156116
38 0.609375 0.565625 0.0421875 0.0270833 0.00155449
38 0.0402466 0.588542 0.0341553 0.04375 0.00154877
38 0.37207 0.566146 0.0136719 0.0541667 0.00154305
0 0.378125 0.55625 0.0179687 0.0416667 0.00154305
38 0.0271973 0.560417 0.0326172 0.0947917 0.00153637
58 0.0980469 0.577083 0.0398437 0.0333333 0.0015192
0 0.182812 0.602083 0.103906 0.1125 0.00151253
0 0.830469 0.527083 0.01875 0.034375 0.00150681
34 0.432813 0.572917 0.0453125 0.09375 0.00150108
0 0.536328 0.8625 0.633594 0.26875 0.00150108
38 0.0822022 0.525521 0.0187988 0.059375 0.00149536
38 0.186377 0.578125 0.0241211 0.0260417 0.00149536
0 0.917188 0.540625 0.009375 0.0166667 0.00148392
2 0.283789 0.522396 0.0203125 0.0208333 0.00146675
38 0.158398 0.655208 0.0414063 0.025 0.00146675
0 0.0634277 0.58125 0.0293945 0.0416667 0.00146675
0 0.779688 0.510417 0.01875 0.0375 0.00146103
38 0.087793 0.573958 0.0238281 0.0427083 0.00144958
38 0.278906 0.867708 0.08125 0.06875 0.00144958
2 0.2875 0.520313 0.0226563 0.0270833 0.00143242
0 0.156641 0.571354 0.0285156 0.0364583 0.00142097
38 0.457031 0.677604 0.025 0.0458333 0.00141048
0 0.447656 0.670313 0.0984375 0.0947917 0.00141048
38 0.378125 0.55625 0.0179687 0.0416667 0.00140476
58 0.666797 0.540625 0.0171875 0.03125 0.00139904
38 0.136719 0.583333 0.0257812 0.0291667 0.00139904
38 0.471875 0.645833 0.0351562 0.08125 0.00139904
0 0.275342 0.608854 0.284473 0.13125 0.00138855
0 0.17583 0.560417 0.0225586 0.05625 0.00138283
34 0.421484 0.616667 0.0210938 0.0208333 0.00137806
0 0.144434 0.531771 0.0226563 0.0364583 0.00137234
56 0.186719 0.641667 0.0429688 0.0416667 0.00135612
0 0.707812 0.533333 0.015625 0.0739583 0.00134563
0 0.173633 0.551042 0.0253906 0.0447917 0.00133514
38 0.459375 0.595833 0.021875 0.104167 0.00133514
0 0.939063 0.586458 0.01875 0.0770833 0.00133514
0 0.471094 0.633854 0.03125 0.0739583 0.00133038
0 0.86875 0.528125 0.01875 0.0395833 0.00132465
34 0.424219 0.577083 0.0265625 0.0604167 0.00131512
38 0.623438 0.569271 0.0203125 0.01875 0.00130463
38 0.403125 0.570833 0.0234375 0.0708333 0.00130463
0 0.154297 0.538542 0.0126953 0.0375 0.00129986
0 0.379688 0.548958 0.0203125 0.05625 0.00129986
34 0.042041 0.590625 0.0199219 0.025 0.00129986
0 0.786133 0.545833 0.0496094 0.06875 0.0012846
0 0.208594 0.525521 0.0132813 0.040625 0.00126934
0 0.583594 0.515104 0.0125 0.0239583 0.00126457
0 0.491406 0.525 0.0242188 0.046875 0.00126457
32 0.580469 0.479688 0.009375 0.0135417 0.0012598
0 0.341016 0.561458 0.0632813 0.0479167 0.00124931
0 0.117871 0.522917 0.0240234 0.0427083 0.00124454
0 0.167578 0.597917 0.105078 0.102083 0.00124454
0 0.704297 0.55625 0.0328125 0.0645833 0.00123501
0 0.309766 0.713542 0.0179687 0.028125 0.00123024
26 0.424219 0.577083 0.0265625 0.0604167 0.00121593
29 0.422266 0.585417 0.0257812 0.06875 0.00121117
0 0.703125 0.548958 0.0257812 0.0666667 0.0012064
26 0.440625 0.578125 0.028125 0.06875 0.0012064
0 0.559375 0.544271 0.0109375 0.0197917 0.0012064
0 0.233594 0.530208 0.0175781 0.0229167 0.00120163
1 0.053418 0.579688 0.021582 0.034375 0.00118828
38 0.710156 0.584896 0.0265625 0.0166667 0.00118828
0 0.433594 0.575 0.04375 0.090625 0.00118351
38 0.0565918 0.534375 0.0291992 0.0302083 0.00117874
0 0.269336 0.867708 0.059375 0.06875 0.00117397
0 0.0642578 0.576042 0.126367 0.08125 0.00116539
2 0.948438 0.507292 0.028125 0.0145833 0.00116062
0 0.989844 0.542708 0.0203125 0.0614583 0.00115585
0 0.042041 0.590625 0.0199219 0.025 0.00115108
34 0.176563 0.569271 0.0226563 0.0625 0.00114727
34 0.426172 0.579167 0.0296875 0.0802083 0.00113773
0 0.492188 0.533854 0.021875 0.0364583 0.00112915
38 0.384375 0.544271 0.0171875 0.0635417 0.00110722
38 0.139355 0.659375 0.0197266 0.0229167 0.00110722
38 0.0666992 0.538542 0.0382813 0.0260417 0.00109863
0 0.953125 0.50625 0.015625 0.0135417 0.00109482
26 0.459375 0.591667 0.0210938 0.0895833 0.00108147
34 0.422266 0.585417 0.0257812 0.06875 0.00107765
24 0.269531 0.915625 0.107031 0.164583 0.00107765
38 0.208203 0.533333 0.0148437 0.0375 0.00106907
13 0.146191 0.575 0.0238281 0.03125 0.00105667
0 0.652344 0.535417 0.015625 0.0333333 0.00105286
0 0.871289 0 0.257422 0 0.00105286
13 0.90625 0.558854 0.04375 0.025 0.00104809
0 0.457031 0.56875 0.021875 0.0958333 0.00104427
2 0.632422 0.521875 0.0132813 0.025 0.00101185
0 0.46875 0.60625 0.0328125 0.127083 0.00100803
38 0.157422 0.642708 0.0453125 0.05625 0.00100803
9 0.892188 0.473958 0.009375 0.025 0.00100422
38 0.442969 0.617708 0.0515625 0.155208 0.00100422
0 0.439844 0.611458 0.0578125 0.184375 0.831055
0 0.161523 0.6 0.053125 0.1375 0.813965
0 0.0271973 0.567708 0.0332031 0.0875 0.566895
0 0.799219 0.548438 0.021875 0.065625 0.503906
0 0.346484 0.554688 0.0160156 0.053125 0.5
0 0.710156 0.552083 0.0234375 0.0708333 0.460938
0 0.401563 0.55625 0.0234375 0.0520833 0.334473
0 0.798438 0.541146 0.01875 0.0552083 0.319092
38 0.471094 0.632813 0.03125 0.075 0.164551
0 0.619531 0.552083 0.0171875 0.0520833 0.0856934
0 0.662891 0.542188 0.0148437 0.03125 0.072876
0 0.402344 0.548958 0.0203125 0.0625 0.0647583
38 0.042041 0.590104 0.0199219 0.025 0.0453491
0 0.392188 0.55625 0.015625 0.0458333 0.0408325
38 0.0533691 0.579688 0.0217773 0.034375 0.037323
0 0.541406 0.536458 0.0203125 0.0354167 0.0353394
0 0.26875 0.914323 0.108594 0.163021 0.0348816
0 0.344531 0.551042 0.0234375 0.0604167 0.0344238
0 0.390625 0.546875 0.015625 0.0645833 0.033844
0 0.405469 0.554167 0.01875 0.05625 0.0309601
0 0.184033 0.640625 0.0514648 0.0520833 0.0279541
38 0.18833 0.640625 0.0420898 0.0395833 0.0244293
38 0.469922 0.625 0.034375 0.1 0.0227966
38 0.46875 0.60625 0.0328125 0.125 0.02211
38 0.401563 0.661458 0.05625 0.0416667 0.0200958
38 0.381641 0.657292 0.0164063 0.03125 0.016983
0 0.0922852 0.578125 0.0324219 0.0354167 0.016922
0 0.658594 0.542708 0.009375 0.0291667 0.0156708
0 0.902344 0.505208 0.0125 0.0197917 0.0144501
0 0.0422852 0.583333 0.0240234 0.0479167 0.0141754
38 0.421875 0.60625 0.021875 0.0291667 0.0141754
38 0.460938 0.652604 0.0171875 0.078125 0.01297
0 0.00671387 0.527083 0.0134277 0.0479167 0.0129242
0 0.460938 0.601563 0.0242188 0.113542 0.0128708
0 0.621094 0.557292 0.0171875 0.0416667 0.0116882
0 0.557422 0.538542 0.0140625 0.0270833 0.0115967
38 0.421484 0.616667 0.0210938 0.0208333 0.0111618
38 0.403516 0.66875 0.0601563 0.0552083 0.011116
38 0.0951172 0.577083 0.0363281 0.0354167 0.0109863
0 0.116992 0.530208 0.0191406 0.0291667 0.0107346
38 0.621094 0.557292 0.0171875 0.0416667 0.0105286
34 0.471094 0.634375 0.03125 0.0729167 0.00971222
38 0.463281 0.603125 0.0234375 0.129167 0.00959778
38 0.463281 0.638021 0.0203125 0.0822917 0.00874329
34 0.461719 0.6 0.0234375 0.145833 0.00809479
0 0.212109 0.525521 0.0109375 0.0375 0.00731659
0 0.666797 0.540625 0.0179687 0.03125 0.00717545
38 0.460938 0.65 0.0210938 0.0979167 0.00717545
38 0.458594 0.663542 0.0203125 0.0708333 0.00706482
1 0.0959961 0.577083 0.0392578 0.0354167 0.0069046
34 0.459766 0.595833 0.021875 0.105208 0.00677109
0 0.558203 0.534375 0.015625 0.034375 0.00658798
38 0.176904 0.585417 0.0211914 0.0375 0.00643921
38 0.0550781 0.536979 0.0232422 0.0239583 0.00634003
0 0.258203 0.53125 0.0136719 0.0208333 0.00629044
0 0.25918 0.5375 0.0132813 0.0270833 0.00612259
38 0.401172 0.558854 0.0265625 0.0510417 0.00605011
0 0.0880859 0.573958 0.0242188 0.0427083 0.00577545
0 0.372852 0.553125 0.0183594 0.0604167 0.0055542
0 0.992188 0.557292 0.015625 0.03125 0.00527954
0 0.459375 0.592188 0.021875 0.090625 0.0051384
0 0.533984 0.538542 0.0179687 0.03125 0.00511932
34 0.46875 0.60625 0.0328125 0.125 0.00510025
0 0.711719 0.540625 0.0234375 0.046875 0.0049057
38 0.146094 0.575 0.0242188 0.03125 0.00486755
38 0.142969 0.659375 0.0179687 0.0239583 0.00484848
34 0.460938 0.652604 0.0171875 0.078125 0.00484848
0 0.61875 0.542708 0.0171875 0.0666667 0.00482941
0 0.44375 0.621875 0.05 0.145833 0.00482941
34 0.421875 0.60625 0.021875 0.0291667 0.00475693
38 0.0709961 0.578125 0.0412109 0.0375 0.00468063
0 0.372266 0.547917 0.0242188 0.0604167 0.00438309
13 0.186279 0.643229 0.0430664 0.0375 0.00431442
34 0.469922 0.625 0.034375 0.1 0.00428009
0 0.37207 0.566146 0.0136719 0.053125 0.00391388
0 0.439453 0.6375 0.0859375 0.129167 0.00391388
0 0.243945 0.535417 0.0144531 0.0208333 0.00362206
38 0.385938 0.660417 0.0242188 0.0375 0.00359344
38 0.156641 0.571354 0.0285156 0.0364583 0.00352478
0 0.992188 0.523958 0.015625 0.0229167 0.00342941
34 0.176904 0.585417 0.0211914 0.0375 0.00329781
0 0.302148 0.914583 0.165234 0.166667 0.00318527
38 0.422266 0.585417 0.0257812 0.06875 0.00317192
0 0.176953 0.545833 0.0191406 0.034375 0.00316048
0 0.0832031 0.533854 0.0189453 0.0677083 0.00313568
34 0.463281 0.638021 0.0203125 0.0822917 0.00312424
35 0.042041 0.590104 0.0199219 0.025 0.003088
0 0.261133 0.544271 0.0105469 0.0260417 0.00305176
0 0.349414 0.548958 0.0222656 0.05625 0.0028553
38 0.176563 0.569271 0.0226563 0.0625 0.0028553
38 0.309766 0.713542 0.0179687 0.0291667 0.00282288
34 0.439063 0.611458 0.0578125 0.177083 0.00271416
38 0.2875 0.519792 0.0226563 0.0270833 0.00265312
0 0.779688 0.496875 0.0140625 0.0145833 0.00264168
26 0.176904 0.585417 0.0211914 0.0375 0.00258064
34 0.44375 0.621875 0.05 0.145833 0.00255013
38 0.480469 0.639583 0.0382813 0.0625 0.00250244
0 0.595313 0.541667 0.015625 0.025 0.0024929
0 0.151562 0.536458 0.0160156 0.0395833 0.00247192
38 0.116992 0.530208 0.0191406 0.0291667 0.00245285
38 0.475 0.6375 0.0328125 0.0645833 0.002388
32 0.381641 0.657292 0.0164063 0.03125 0.00236893
13 0.0533691 0.579688 0.0217773 0.034375 0.00235939
0 0.341797 0.555729 0.0246094 0.053125 0.00226974
0 0.613281 0.548958 0.03125 0.0479167 0.00226974
0 0.447656 0.670833 0.096875 0.09375 0.00224304
0 0.081543 0.510417 0.0171875 0.0291667 0.00217438
0 0.0849609 0.557292 0.0175781 0.0770833 0.00217438
0 0.0981445 0.578125 0.0394531 0.0333333 0.00216484
0 0.760156 0.524479 0.015625 0.0302083 0.00213242
0 0.112305 0.528125 0.0212891 0.0354167 0.00210762
2 0.953125 0.50625 0.015625 0.0135417 0.00206757
0 0.582812 0.519792 0.0125 0.025 0.0020504
0 0.285742 0.878125 0.104297 0.0875 0.00204277
38 0.278906 0.867708 0.08125 0.06875 0.00202751
38 0.081543 0.510417 0.0171875 0.0291667 0.00197983
0 0.082251 0.524479 0.0187012 0.05625 0.00197983
0 0.384766 0.54375 0.0179687 0.0645833 0.00192642
0 0.602344 0.522396 0.0171875 0.0239583 0.00192642
0 0.0223633 0.519271 0.0164063 0.0479167 0.00191879
0 0.172949 0.624479 0.101758 0.0822917 0.00188255
38 0.0422852 0.583333 0.0240234 0.0479167 0.00187492
0 0.531152 0.864583 0.62207 0.264583 0.00186729
38 0.147754 0.609896 0.0230469 0.028125 0.00178909
56 0.0533691 0.579688 0.0217773 0.034375 0.00177479
24 0.279297 0.872917 0.084375 0.0770833 0.00176811
38 0.283789 0.522396 0.0203125 0.0208333 0.00176144
2 0.666797 0.540625 0.0179687 0.03125 0.00168133
0 0.0276367 0.515625 0.0194336 0.0354167 0.00167465
34 0.458594 0.663542 0.0203125 0.0708333 0.0016489
2 0.644531 0.524479 0.0234375 0.0239583 0.00164223
34 0.460938 0.65 0.0210938 0.0979167 0.00164223
26 0.269531 0.914583 0.108203 0.164583 0.00163555
0 0.176904 0.585417 0.0211914 0.0375 0.00161648
0 0.0912109 0.534375 0.0144531 0.0416667 0.00160408
0 0.892188 0.473958 0.009375 0.025 0.00157928
0 0.182812 0.602083 0.104297 0.111458 0.00157356
38 0.37207 0.566146 0.0136719 0.053125 0.00156689
58 0.0978516 0.577083 0.0402344 0.0333333 0.00152493
34 0.433203 0.572917 0.0453125 0.09375 0.00150108
0 0.757031 0.528125 0.015625 0.03125 0.00148392
38 0.608594 0.565625 0.04375 0.0270833 0.0014782
38 0.0272583 0.560417 0.0325928 0.0947917 0.00146103
0 0.0875 0.554167 0.0214844 0.0666667 0.00145531
0 0.338672 0.529167 0.0242188 0.03125 0.00144958
0 0.898438 0.505729 0.015625 0.021875 0.00144386
34 0.421484 0.616667 0.0210938 0.0208333 0.0014267
38 0.457031 0.677083 0.025 0.046875 0.0014267
38 0.0401367 0.588542 0.0341797 0.04375 0.00142097
38 0.158594 0.655208 0.0410156 0.025 0.00142097
38 0.459766 0.595833 0.021875 0.105208 0.00141048
38 0.378125 0.55625 0.0179687 0.0416667 0.00140476
38 0.186523 0.578125 0.0238281 0.0260417 0.00140476
0 0.438281 0.594271 0.0796875 0.1375 0.00140476
38 0.0849609 0.557292 0.0175781 0.0770833 0.00139904
38 0.136719 0.583333 0.0261719 0.0291667 0.00139904
38 0.082251 0.524479 0.0187012 0.05625 0.00139427
0 0.272852 0.609375 0.279297 0.130208 0.00138855
0 0.939063 0.586458 0.01875 0.0770833 0.00138283
0 0.269141 0.867708 0.0585938 0.06875 0.00137806
2 0.283789 0.522396 0.0203125 0.0208333 0.00136662
2 0.2875 0.519792 0.0226563 0.0270833 0.00135612
0 0.86875 0.538021 0.015625 0.01875 0.00135136
58 0.666797 0.540625 0.0179687 0.03125 0.00134563
0 0.13457 0.529688 0.0195312 0.03125 0.00134087
38 0.0880859 0.573958 0.0242188 0.0427083 0.00134087
0 0.83125 0.526563 0.01875 0.034375 0.00133038
0 0.167578 0.597917 0.105469 0.102083 0.00132465
0 0.917188 0.540625 0.009375 0.0166667 0.00131512
38 0.403125 0.571875 0.0234375 0.0708333 0.00131512
0 0.156641 0.571354 0.0285156 0.0364583 0.00130463
0 0.341016 0.5625 0.0617188 0.0479167 0.00129986
34 0.424219 0.577083 0.0265625 0.0625 0.00129414
34 0.042041 0.590104 0.0199219 0.025 0.00127411
38 0.471875 0.646354 0.0351562 0.0822917 0.00127411
9 0.269141 0.914583 0.108594 0.164583 0.00126457
0 0.703125 0.548958 0.0257812 0.0666667 0.0012598
38 0.623438 0.569271 0.0203125 0.01875 0.0012598
0 0.17583 0.559896 0.0225586 0.0552083 0.00125504
0 0.309766 0.713542 0.0179687 0.0291667 0.00124931
0 0.0647949 0.577083 0.127441 0.08125 0.00124931
0 0.0637207 0.58125 0.0295898 0.0416667 0.00124454
0 0.785937 0.545833 0.05 0.06875 0.00123501
29 0.422266 0.585417 0.0257812 0.06875 0.00123024
0 0.707812 0.533333 0.0148437 0.0729167 0.0012207
0 0.779688 0.509896 0.01875 0.0364583 0.00121593
0 0.173633 0.551042 0.0253906 0.04375 0.00120163
0 0.559375 0.544271 0.0109375 0.0197917 0.00119686
32 0.580469 0.479688 0.009375 0.0135417 0.00118828
0 0.868164 0 0.263672 0 0.00117874
0 0.378125 0.55625 0.0179687 0.0416667 0.0011692
0 0.433594 0.573958 0.04375 0.0916667 0.0011692
38 0.710156 0.584896 0.0265625 0.0166667 0.0011692
0 0.86875 0.528125 0.01875 0.0395833 0.00115108
0 0.154297 0.538542 0.0125 0.0375 0.0011425
26 0.440625 0.578125 0.028125 0.06875 0.00113773
34 0.425781 0.579167 0.0296875 0.08125 0.00113392
38 0.103418 0.578646 0.0421875 0.0333333 0.00112438
0 0.583594 0.515104 0.0125 0.0239583 0.00112057
38 0.139453 0.659375 0.0199219 0.0229167 0.0011158
0 0.144238 0.531771 0.0230469 0.0364583 0.00111198
26 0.424219 0.577083 0.0265625 0.0625 0.00111198
34 0.422266 0.585417 0.0257812 0.06875 0.00111198
2 0.947656 0.507292 0.028125 0.0145833 0.00110722
38 0.0566406 0.534375 0.0292969 0.0302083 0.00110722
1 0.0533691 0.579688 0.0217773 0.034375 0.00109863
56 0.186719 0.641667 0.0429688 0.0416667 0.00109863
34 0.176563 0.569271 0.0226563 0.0625 0.00109005
38 0.384766 0.54375 0.0179687 0.0645833 0.00108147
0 0.491406 0.525 0.0242188 0.046875 0.00106907
0 0.471094 0.634375 0.03125 0.0729167 0.00106907
0 0.704297 0.557292 0.0328125 0.0625 0.00106049
38 0.44375 0.621875 0.05 0.145833 0.00105667
0 0.297314 0.666667 0.366309 0.220833 0.00105667
0 0.989844 0.542708 0.0203125 0.0625 0.00103188
13 0.146094 0.575 0.0242188 0.03125 0.00103188
0 0.122852 0.652083 0.217578 0.164583 0.00102425
38 0.0664062 0.538542 0.0382813 0.025 0.00101662
26 0.459375 0.592188 0.021875 0.090625 0.00101662
38 0.280078 0.8875 0.0863281 0.1 0.00101662
0 0.439844 0.611458 0.0578125 0.184375 0.840332
0 0.161523 0.6 0.0535156 0.1375 0.819824
0 0.0272583 0.567708 0.0331787 0.0875 0.580566
0 0.799219 0.548438 0.021875 0.065625 0.508789
0 0.346484 0.554688 0.0160156 0.053125 0.503906
0 0.710156 0.552083 0.0234375 0.0708333 0.473633
0 0.401563 0.556771 0.0234375 0.0510417 0.326904
0 0.798438 0.541667 0.01875 0.05625 0.325195
38 0.471094 0.632813 0.03125 0.075 0.171021
0 0.619531 0.552083 0.0171875 0.0520833 0.0917358
0 0.662891 0.542188 0.0148437 0.03125 0.0743408
0 0.402344 0.548958 0.0203125 0.0625 0.0652466
38 0.0419922 0.590104 0.0199219 0.025 0.0456848
0 0.392188 0.556771 0.015625 0.0458333 0.0419312
0 0.269141 0.914323 0.108594 0.163021 0.0409851
38 0.0532227 0.579688 0.021875 0.034375 0.0393372
0 0.344531 0.551042 0.0234375 0.0604167 0.035614
0 0.541406 0.536458 0.0203125 0.0354167 0.0345459
0 0.390625 0.546875 0.015625 0.0645833 0.0335999
0 0.405469 0.554167 0.01875 0.05625 0.0310822
38 0.188477 0.640625 0.0421875 0.0395833 0.028656
0 0.182861 0.639583 0.0538086 0.0541667 0.0244751
38 0.469531 0.625 0.034375 0.0989583 0.0238647
38 0.46875 0.60625 0.0328125 0.125 0.0224609
38 0.401563 0.661458 0.05625 0.0416667 0.02211
38 0.382031 0.657292 0.0164063 0.03125 0.0189819
0 0.0929688 0.578125 0.0335938 0.0354167 0.0155411
0 0.658984 0.542708 0.009375 0.0291667 0.0152512
38 0.421484 0.60625 0.0226563 0.0291667 0.0151901
38 0.0524414 0.580208 0.0306641 0.0354167 0.0149002
0 0.902344 0.505208 0.0125 0.0197917 0.0137405
0 0.460938 0.602083 0.0242188 0.114583 0.0136337
0 0.0421875 0.582813 0.0241211 0.0489583 0.0134811
38 0.460938 0.652083 0.0179687 0.0791667 0.0133286
0 0.00668945 0.527083 0.0133789 0.0479167 0.0123367
38 0.0953125 0.577083 0.0367188 0.0354167 0.0121002
38 0.421484 0.616667 0.0210938 0.0208333 0.011734
0 0.557422 0.538542 0.0140625 0.0270833 0.0109024
38 0.621094 0.55625 0.0171875 0.0458333 0.0106125
0 0.116992 0.529688 0.0191406 0.0291667 0.00971222
38 0.463281 0.603125 0.0234375 0.129167 0.00967407
34 0.471094 0.634375 0.03125 0.0729167 0.00919342
38 0.463281 0.638021 0.0203125 0.0822917 0.00888062
34 0.461719 0.6 0.0234375 0.147917 0.0078125
1 0.0960938 0.577083 0.0394531 0.0354167 0.00754929
0 0.212109 0.526042 0.0109375 0.0375 0.00751877
38 0.176904 0.585417 0.0211914 0.0375 0.00748825
38 0.460938 0.65 0.0210938 0.0979167 0.00743103
38 0.458594 0.663542 0.0203125 0.0708333 0.00720596
0 0.666797 0.540625 0.0179687 0.03125 0.00701141
38 0.401172 0.559375 0.0265625 0.0520833 0.00656509
34 0.459766 0.595833 0.021875 0.10625 0.00636292
0 0.558203 0.534375 0.015625 0.034375 0.00634003
38 0.0550293 0.536979 0.0233398 0.0239583 0.00631332
0 0.258203 0.53125 0.0136719 0.0208333 0.00579834
0 0.372852 0.553125 0.0183594 0.0604167 0.00572968
0 0.25918 0.5375 0.0132813 0.0270833 0.00566483
0 0.0881836 0.573958 0.0244141 0.0427083 0.00548935
0 0.61875 0.543229 0.0179687 0.0666667 0.00542831
38 0.146094 0.575 0.0242188 0.03125 0.00534439
0 0.459375 0.592708 0.0210938 0.0916667 0.00526047
0 0.44375 0.622396 0.05 0.144792 0.00521851
38 0.143164 0.659375 0.0183594 0.0239583 0.0051384
34 0.46875 0.60625 0.0328125 0.125 0.00510025
0 0.711719 0.540625 0.0226563 0.0479167 0.0050621
0 0.534375 0.538021 0.01875 0.03125 0.00494385
38 0.0711914 0.578125 0.0416016 0.0364583 0.0049057
0 0.992188 0.557292 0.015625 0.03125 0.00488663
34 0.460938 0.652083 0.0179687 0.0791667 0.00475693
34 0.421484 0.60625 0.0226563 0.0291667 0.00473785
38 0.40625 0.670833 0.0640625 0.0604167 0.00466537
0 0.372461 0.547917 0.0246094 0.0625 0.00446701
34 0.469531 0.625 0.034375 0.0989583 0.00436401
38 0.386035 0.659896 0.0248047 0.0364583 0.00415039
0 0.302148 0.914583 0.166016 0.166667 0.00392914
0 0.37207 0.566146 0.0136719 0.053125 0.00383949
13 0.186523 0.642708 0.0429688 0.0375 0.00376511
38 0.156836 0.571354 0.0289063 0.0375 0.00366402
0 0.439453 0.639583 0.0867188 0.125 0.00365067
38 0.422266 0.585938 0.0257812 0.0677083 0.00345612
0 0.24375 0.535417 0.0140625 0.0208333 0.00337601
0 0.0832031 0.533333 0.0189453 0.0677083 0.00323486
38 0.176611 0.569792 0.0225586 0.0604167 0.00322342
34 0.176904 0.585417 0.0211914 0.0375 0.00321007
0 0.261133 0.544271 0.0105469 0.0260417 0.00321007
35 0.0419922 0.590104 0.0199219 0.025 0.00319672
0 0.176953 0.545833 0.0191406 0.034375 0.00312424
34 0.463281 0.638021 0.0203125 0.0822917 0.0030632
38 0.30957 0.713542 0.0183594 0.0270833 0.00302696
0 0.992188 0.523958 0.015625 0.0229167 0.0029583
0 0.349219 0.548958 0.0226563 0.0583333 0.00293541
26 0.176904 0.585417 0.0211914 0.0375 0.00290108
38 0.479297 0.638021 0.0382813 0.0666667 0.00290108
34 0.439063 0.611979 0.0578125 0.178125 0.00266266
0 0.779688 0.496875 0.0140625 0.0145833 0.00261116
38 0.2875 0.519792 0.0226563 0.0270833 0.00253105
0 0.447266 0.670833 0.096875 0.0916667 0.00253105
0 0.595313 0.541667 0.015625 0.025 0.0024929
34 0.44375 0.622396 0.05 0.144792 0.0024929
38 0.116992 0.529688 0.0191406 0.0291667 0.00243378
0 0.613672 0.548958 0.0320312 0.0489583 0.002388
0 0.151562 0.536458 0.0160156 0.0395833 0.00236893
32 0.382031 0.657292 0.0164063 0.03125 0.00234222
0 0.341797 0.555729 0.0246094 0.053125 0.00226974
13 0.0532227 0.579688 0.021875 0.034375 0.00225258
38 0.278906 0.867708 0.08125 0.06875 0.00223351
0 0.760156 0.524479 0.015625 0.0302083 0.00220871
0 0.286328 0.877083 0.10625 0.0875 0.00216484
0 0.582812 0.519271 0.0125 0.025 0.00213242
0 0.0849609 0.556771 0.0175781 0.0770833 0.00212479
2 0.953125 0.50625 0.015625 0.0135417 0.00209999
0 0.526563 0.866667 0.615625 0.260417 0.00209999
0 0.081543 0.510417 0.0171875 0.0291667 0.00208282
0 0.384766 0.54375 0.0179687 0.0645833 0.00204277
38 0.147656 0.610417 0.0230469 0.0270833 0.00201988
38 0.081543 0.510417 0.0171875 0.0291667 0.00201035
38 0.145313 0.578646 0.0259766 0.0416667 0.00200272
38 0.0421875 0.582813 0.0241211 0.0489583 0.00194168
2 0.666797 0.540625 0.0179687 0.03125 0.00193405
0 0.602344 0.522917 0.0171875 0.025 0.00189686
0 0.02229 0.519271 0.0162598 0.0479167 0.00188923
0 0.112305 0.528646 0.0214844 0.034375 0.00186729
0 0.082251 0.525 0.0187012 0.05625 0.00183105
2 0.644531 0.524479 0.0234375 0.0239583 0.00181007
0 0.438281 0.592708 0.0804688 0.133333 0.00176811
24 0.279297 0.872917 0.084375 0.0770833 0.00170708
38 0.37207 0.566146 0.0136719 0.053125 0.00168133
38 0.283594 0.522917 0.0203125 0.0208333 0.00167465
0 0.0276367 0.515625 0.0194336 0.0354167 0.00166798
38 0.186377 0.578125 0.0241211 0.0260417 0.00165462
34 0.460938 0.65 0.0210938 0.0979167 0.0016489
58 0.0976562 0.577083 0.040625 0.0333333 0.00164223
38 0.608594 0.565104 0.04375 0.028125 0.00163555
0 0.173047 0.624479 0.102344 0.0822917 0.00163555
38 0.136816 0.584375 0.0261719 0.0270833 0.00162315
56 0.0532227 0.579688 0.021875 0.034375 0.00161076
34 0.458594 0.663542 0.0203125 0.0708333 0.00158501
0 0.182812 0.602083 0.104297 0.110417 0.00153637
0 0.176904 0.585417 0.0211914 0.0375 0.00152493
0 0.939063 0.586458 0.01875 0.0770833 0.0015192
9 0.269336 0.914583 0.108594 0.164583 0.0015192
0 0.892188 0.473958 0.009375 0.025 0.00150108
38 0.378125 0.55625 0.0179687 0.0416667 0.00150108
38 0.403125 0.571875 0.0242188 0.0708333 0.00150108
38 0.0400391 0.589063 0.034375 0.04375 0.00149536
2 0.2875 0.519792 0.0226563 0.0270833 0.00148964
0 0.0912109 0.534375 0.0144531 0.0416667 0.00148392
38 0.0849609 0.556771 0.0175781 0.0770833 0.0014782
2 0.283594 0.522917 0.0203125 0.0208333 0.00147247
34 0.421484 0.616667 0.0210938 0.0208333 0.00147247
38 0.457031 0.677083 0.025 0.046875 0.00147247
0 0.338672 0.529167 0.0242188 0.03125 0.00146103
38 0.0272461 0.560417 0.0326172 0.0958333 0.00145531
38 0.158008 0.655208 0.0421875 0.025 0.00145531
0 0.757031 0.528125 0.015625 0.0322917 0.00144958
34 0.433203 0.572917 0.0453125 0.09375 0.00144958
38 0.082251 0.525 0.0187012 0.05625 0.0014267
26 0.269531 0.914583 0.108594 0.164583 0.0014267
38 0.0881836 0.573958 0.0244141 0.0427083 0.00142097
38 0.459766 0.595833 0.021875 0.10625 0.00141048
0 0.703125 0.548958 0.0265625 0.0677083 0.00140476
0 0.269141 0.867708 0.0585938 0.06875 0.00140476
0 0.167969 0.597396 0.105078 0.101042 0.00139427
38 0.471875 0.646354 0.0351562 0.0822917 0.00138855
0 0.898438 0.505729 0.015625 0.021875 0.00137806
0 0.0873047 0.555208 0.0214844 0.0666667 0.00137234
38 0.623438 0.569271 0.0203125 0.01875 0.00136662
58 0.666797 0.540625 0.0179687 0.03125 0.00135612
0 0.271484 0.609896 0.276563 0.130208 0.00132465
0 0.917188 0.540625 0.009375 0.0166667 0.00131512
0 0.0649414 0.577083 0.127539 0.08125 0.00129986
0 0.341406 0.5625 0.0613281 0.046875 0.0012846
34 0.0419922 0.590104 0.0199219 0.025 0.00127888
0 0.785742 0.545833 0.0503906 0.06875 0.00127888
38 0.710156 0.584896 0.0265625 0.0166667 0.00127411
0 0.86875 0.538021 0.015625 0.01875 0.00125504
29 0.422266 0.585938 0.0257812 0.0677083 0.00125504
32 0.580469 0.479688 0.009375 0.0135417 0.00123501
0 0.707812 0.533854 0.0148437 0.0739583 0.00123501
0 0.156836 0.571354 0.0289063 0.0375 0.00123501
0 0.83125 0.527083 0.01875 0.034375 0.00123024
0 0.559375 0.544271 0.0109375 0.0197917 0.00123024
0 0.17583 0.560417 0.0225586 0.05625 0.00122547
34 0.424219 0.577083 0.0265625 0.0625 0.00122547
38 0.103125 0.579167 0.0425781 0.0333333 0.00122547
0 0.30957 0.713542 0.0183594 0.0270833 0.0012207
0 0.779688 0.509896 0.01875 0.0364583 0.00119209
0 0.13457 0.529688 0.0195312 0.03125 0.00118828
26 0.440625 0.578125 0.0273438 0.06875 0.00118828
38 0.139453 0.659375 0.0199219 0.0239583 0.00118828
0 0.0638672 0.58125 0.0300781 0.0416667 0.00118828
38 0.384766 0.54375 0.0179687 0.0645833 0.00118351
0 0.378125 0.55625 0.0179687 0.0416667 0.00118351
0 0.433594 0.574479 0.04375 0.0916667 0.00117397
0 0.173633 0.551042 0.0253906 0.04375 0.00116539
26 0.424219 0.577083 0.0265625 0.0625 0.00116539
0 0.583594 0.515104 0.0125 0.0239583 0.00115108
2 0.947656 0.506771 0.028125 0.0145833 0.00113392
38 0.056543 0.534375 0.0293945 0.0302083 0.00112915
0 0.154297 0.538542 0.0126953 0.0375 0.0011158
0 0.123047 0.652083 0.217578 0.164583 0.0011158
38 0.279883 0.886458 0.0863281 0.1 0.00109863
38 0.372852 0.553125 0.0183594 0.0604167 0.00108624
38 0.157227 0.642708 0.0453125 0.05625 0.00108147
38 0.44375 0.622396 0.05 0.144792 0.00107288
34 0.422266 0.585938 0.0257812 0.0677083 0.00106907
1 0.0532227 0.579688 0.021875 0.034375 0.00106049
34 0.176611 0.569792 0.0225586 0.0604167 0.00106049
34 0.425781 0.579167 0.0296875 0.08125 0.00106049
0 0.295117 0.666667 0.362891 0.216667 0.00105667
0 0.704297 0.557292 0.0328125 0.0625 0.00105286
38 0.0663086 0.538542 0.0384766 0.025 0.00104809
0 0.471094 0.634375 0.03125 0.0729167 0.00104046
26 0.459375 0.592708 0.0210938 0.0916667 0.00103664
2 0.632031 0.521354 0.0140625 0.0260417 0.00103188
38 0.208203 0.533333 0.0148437 0.0375 0.00102425
13 0.146094 0.575 0.0242188 0.03125 0.00102425
0 0.439844 0.611458 0.0578125 0.184375 0.847656
0 0.161523 0.6 0.0535156 0.1375 0.827148
0 0.0272461 0.567708 0.0333008 0.0875 0.592773
0 0.799219 0.547917 0.021875 0.0645833 0.514648
0 0.346484 0.555208 0.0160156 0.0520833 0.507812
0 0.710156 0.552083 0.0234375 0.0708333 0.486328
0 0.798438 0.541146 0.01875 0.0552083 0.331055
0 0.401563 0.556771 0.0234375 0.0510417 0.330322
38 0.471094 0.632813 0.03125 0.075 0.167725
0 0.619531 0.552083 0.0171875 0.0520833 0.0946655
0 0.662891 0.542188 0.0148437 0.03125 0.078064
0 0.402344 0.548958 0.0203125 0.0625 0.0674438
38 0.0419922 0.590625 0.0199219 0.025 0.0467224
0 0.269141 0.914323 0.108594 0.163021 0.0453491
0 0.392188 0.556771 0.0164063 0.0458333 0.0436096
38 0.0532227 0.579688 0.021875 0.034375 0.0399475
0 0.541406 0.536458 0.0203125 0.0354167 0.0361633
0 0.344336 0.551042 0.0234375 0.0604167 0.0352783
0 0.390625 0.546875 0.015625 0.0645833 0.0343018
0 0.405469 0.554167 0.01875 0.05625 0.0323486
38 0.188477 0.640625 0.0421875 0.0395833 0.0309143
38 0.469531 0.623958 0.034375 0.101042 0.0247955
38 0.401563 0.661458 0.0554687 0.0416667 0.0233307
38 0.382031 0.657292 0.0164063 0.03125 0.0201721
0 0.18125 0.638542 0.0566406 0.0583333 0.0200195
38 0.421875 0.60625 0.021875 0.0291667 0.0158997
0 0.658984 0.542708 0.009375 0.0291667 0.0158386
0 0.0933594 0.578125 0.034375 0.0354167 0.0153656
38 0.0523926 0.580208 0.0310547 0.0354167 0.0153656
0 0.460938 0.602083 0.0242188 0.114583 0.0150757
0 0.902344 0.505208 0.0125 0.0197917 0.0141754
0 0.0421875 0.582813 0.0242188 0.0489583 0.0135345
38 0.460938 0.652083 0.0179687 0.0791667 0.0132217
38 0.0954102 0.577083 0.0369141 0.0354167 0.0127716
0 0.00666504 0.527083 0.0133301 0.0479167 0.0123367
38 0.421484 0.616667 0.0210938 0.0208333 0.0120544
0 0.557422 0.539062 0.0140625 0.0270833 0.0112915
38 0.621094 0.55625 0.0171875 0.0458333 0.0108566
38 0.463281 0.603125 0.0234375 0.13125 0.00978088
0 0.116992 0.529688 0.0191406 0.0291667 0.00952148
38 0.463281 0.638021 0.0203125 0.0822917 0.00894928
34 0.470703 0.634375 0.03125 0.0729167 0.0088501
1 0.0961914 0.577083 0.0396484 0.0354167 0.00831604
38 0.176904 0.585417 0.0211914 0.0375 0.00809479
0 0.212109 0.526042 0.0109375 0.0375 0.0077858
34 0.461719 0.6 0.0242188 0.147917 0.00772476
38 0.460938 0.65 0.0210938 0.0979167 0.00760651
0 0.666797 0.540625 0.0179687 0.03125 0.00746155
38 0.458594 0.663542 0.0203125 0.0708333 0.00720596
38 0.401172 0.558854 0.0265625 0.0510417 0.00682449
38 0.0549805 0.536979 0.0234375 0.0239583 0.00643921
0 0.558203 0.534375 0.015625 0.034375 0.00636292
34 0.459766 0.595833 0.021875 0.10625 0.00626373
0 0.44375 0.621354 0.05 0.147917 0.00621796
0 0.372656 0.553125 0.01875 0.0604167 0.00595856
38 0.145996 0.575 0.0244141 0.03125 0.00579834
0 0.61875 0.542708 0.0171875 0.0666667 0.00557709
0 0.25918 0.5375 0.0132813 0.0270833 0.00557709
0 0.0882813 0.573958 0.0246094 0.0427083 0.0055542
0 0.258203 0.53125 0.0136719 0.0208333 0.00551224
38 0.143164 0.659375 0.0183594 0.0239583 0.00536346
0 0.533984 0.538542 0.0179687 0.03125 0.00518036
0 0.711719 0.540625 0.0226563 0.046875 0.0051384
38 0.0712891 0.578125 0.0417969 0.0364583 0.00510025
34 0.46875 0.60625 0.0328125 0.125 0.00498199
34 0.421875 0.60625 0.021875 0.0291667 0.00481033
0 0.992188 0.557292 0.015625 0.03125 0.00479126
38 0.40625 0.670833 0.0640625 0.0604167 0.00477219
0 0.302344 0.914583 0.166406 0.166667 0.0045929
0 0.372461 0.547917 0.0246094 0.0625 0.00457382
34 0.460938 0.652083 0.0179687 0.0791667 0.00457382
38 0.386035 0.659896 0.0248047 0.0364583 0.00457382
0 0.37207 0.566146 0.0136719 0.053125 0.00395966
13 0.186523 0.642708 0.0429688 0.0375 0.00369263
38 0.156836 0.571354 0.0289063 0.0364583 0.00366402
38 0.422266 0.586458 0.0257812 0.0666667 0.00365067
0 0.439844 0.640625 0.0875 0.120833 0.00356483
0 0.261133 0.544271 0.0105469 0.0260417 0.00342941
0 0.24375 0.535417 0.0144531 0.0208333 0.00340271
35 0.0419922 0.590625 0.0199219 0.025 0.00340271
38 0.176758 0.569792 0.0226563 0.0604167 0.00338936
26 0.176904 0.585417 0.0211914 0.0375 0.00336266
0 0.176953 0.545833 0.0195312 0.034375 0.00322342
0 0.0832031 0.533333 0.0189453 0.0666667 0.00321007
38 0.30957 0.713542 0.0183594 0.0270833 0.00319672
38 0.480469 0.639583 0.0382813 0.0635417 0.00317192
34 0.176904 0.585417 0.0211914 0.0375 0.00316048
0 0.349414 0.548958 0.0222656 0.0583333 0.00301552
34 0.463281 0.638021 0.0203125 0.0822917 0.00294685
38 0.475 0.6375 0.0328125 0.0645833 0.00284576
0 0.447656 0.671875 0.0984375 0.0895833 0.00265312
0 0.991797 0.523958 0.0164063 0.0229167 0.00261116
0 0.595313 0.541667 0.015625 0.025 0.00260162
0 0.779688 0.496875 0.0140625 0.0145833 0.00257111
34 0.439453 0.611979 0.0578125 0.178125 0.00257111
38 0.278906 0.867708 0.08125 0.06875 0.00255013
0 0.151758 0.536458 0.0160156 0.0395833 0.00253105
38 0.2875 0.520313 0.0226563 0.0270833 0.00248146
0 0.613672 0.548958 0.0320312 0.0489583 0.00244331
0 0.760156 0.524479 0.015625 0.0302083 0.0024147
0 0.530469 0.867708 0.626563 0.258333 0.0024147
38 0.116992 0.529688 0.0191406 0.0291667 0.00237846
0 0.341797 0.555729 0.025 0.053125 0.00235939
32 0.382031 0.657292 0.0164063 0.03125 0.00232315
0 0.287109 0.877083 0.107031 0.0875 0.00232315
2 0.953125 0.50625 0.015625 0.0135417 0.00230598
13 0.0532227 0.579688 0.021875 0.034375 0.00225258
38 0.147656 0.609896 0.0228516 0.0270833 0.00221634
0 0.582812 0.519271 0.0125 0.025 0.00220871
2 0.666797 0.540625 0.0179687 0.03125 0.00219154
0 0.438281 0.592708 0.08125 0.129167 0.00216484
38 0.145313 0.578125 0.0261719 0.0416667 0.00214005
0 0.384766 0.544271 0.0179687 0.0645833 0.00213242
0 0.0849609 0.557292 0.0175781 0.0770833 0.00213242
0 0.081543 0.510417 0.0171875 0.0291667 0.00201988
38 0.0421875 0.582813 0.0242188 0.0489583 0.00201035
38 0.081543 0.510417 0.0171875 0.0291667 0.00197983
2 0.644531 0.524479 0.0234375 0.0239583 0.0019722
0 0.0222656 0.519271 0.0162109 0.0479167 0.00192642
0 0.602344 0.522396 0.0171875 0.0239583 0.00191212
0 0.112402 0.528646 0.0214844 0.034375 0.00183868
38 0.186377 0.578125 0.0241211 0.0260417 0.00183868
24 0.279102 0.872656 0.084375 0.0755208 0.0018177
38 0.608203 0.565104 0.04375 0.028125 0.0018034
0 0.0821289 0.524479 0.01875 0.05625 0.00178909
38 0.136914 0.584375 0.0265625 0.0270833 0.00178909
0 0.703125 0.548958 0.0265625 0.0677083 0.00176811
38 0.37207 0.566146 0.0136719 0.053125 0.00176144
58 0.0976562 0.577083 0.0408203 0.0333333 0.00172043
34 0.460938 0.65 0.0210938 0.0979167 0.00168705
0 0.0276489 0.515625 0.0195068 0.0354167 0.00168133
38 0.283594 0.522917 0.0203125 0.0208333 0.00163555
38 0.403125 0.571875 0.025 0.071875 0.00163555
0 0.173242 0.624479 0.102734 0.0822917 0.00162315
2 0.2875 0.520313 0.0226563 0.0270833 0.00161076
9 0.269336 0.914583 0.108594 0.164583 0.00160408
0 0.182861 0.602083 0.10459 0.110417 0.00160408
0 0.757031 0.528125 0.015625 0.03125 0.0015974
38 0.0399536 0.589063 0.0345459 0.04375 0.0015974
0 0.269141 0.866406 0.0585938 0.0671875 0.0015974
2 0.283594 0.522917 0.0203125 0.0208333 0.00157356
0 0.939063 0.586458 0.01875 0.0770833 0.00157356
38 0.378125 0.55625 0.0179687 0.0416667 0.00154877
56 0.0532227 0.579688 0.021875 0.034375 0.00154877
38 0.0849609 0.557292 0.0175781 0.0770833 0.00153637
34 0.458594 0.663542 0.0203125 0.0708333 0.00153637
0 0.176904 0.585417 0.0211914 0.0375 0.00153065
34 0.421484 0.616667 0.0210938 0.0208333 0.0015192
38 0.457031 0.677083 0.025 0.0479167 0.00150108
38 0.0882813 0.573958 0.0246094 0.0427083 0.00148964
0 0.892188 0.473958 0.009375 0.0239583 0.00148392
0 0.338867 0.529167 0.0242188 0.03125 0.00148392
38 0.459766 0.595833 0.021875 0.10625 0.0014782
38 0.623438 0.569271 0.0203125 0.01875 0.0014782
38 0.157813 0.655208 0.0425781 0.025 0.00146103
38 0.0272461 0.560417 0.0326172 0.0958333 0.00145531
0 0.0913086 0.534375 0.0140625 0.0416667 0.00145531
34 0.433594 0.572917 0.0453125 0.09375 0.00144386
38 0.0821289 0.524479 0.01875 0.05625 0.00143814
38 0.471875 0.646354 0.0351562 0.0822917 0.00143242
0 0.0651855 0.577083 0.127441 0.08125 0.00142097
0 0.898438 0.505208 0.015625 0.0208333 0.00141621
58 0.666797 0.540625 0.0179687 0.03125 0.00139904
38 0.710156 0.585417 0.0265625 0.0166667 0.00139427
26 0.269531 0.914583 0.108594 0.164583 0.00137806
0 0.0875 0.554688 0.0214844 0.0666667 0.00136185
0 0.917188 0.540625 0.009375 0.0166667 0.00136185
0 0.27168 0.609896 0.277734 0.130208 0.00134563
0 0.559375 0.544271 0.0109375 0.0197917 0.00133514
38 0.10293 0.579167 0.0429688 0.0333333 0.00131512
0 0.341797 0.5625 0.0609375 0.046875 0.00131512
26 0.440625 0.578125 0.0273438 0.06875 0.00130939
34 0.0419922 0.590625 0.0199219 0.025 0.00130939
2 0.947656 0.506771 0.028125 0.0145833 0.00130463
0 0.175977 0.559896 0.0226563 0.0552083 0.00130463
0 0.86875 0.538542 0.015625 0.01875 0.00129986
0 0.0640625 0.58125 0.0302734 0.0416667 0.00129986
0 0.30957 0.713542 0.0183594 0.0270833 0.00129414
26 0.424219 0.577083 0.0265625 0.0625 0.0012846
38 0.384766 0.544271 0.0179687 0.0645833 0.00127888
29 0.422266 0.586458 0.0257812 0.0666667 0.00127411
38 0.139453 0.659375 0.0199219 0.0239583 0.00126934
0 0.785156 0.545833 0.0515625 0.06875 0.00126934
0 0.707812 0.533854 0.0148437 0.0739583 0.0012598
0 0.378125 0.55625 0.0179687 0.0416667 0.0012598
0 0.433594 0.575 0.04375 0.0916667 0.00122547
38 0.279687 0.886458 0.0867188 0.0979167 0.0012207
0 0.154297 0.538542 0.0126953 0.0375 0.00121593
0 0.156836 0.571354 0.0289063 0.0364583 0.00121117
34 0.424219 0.577083 0.0265625 0.0625 0.0012064
0 0.12334 0.652083 0.216992 0.164583 0.0012064
32 0.580469 0.479688 0.009375 0.0135417 0.00119686
0 0.173633 0.551042 0.0253906 0.04375 0.00119686
0 0.83125 0.527083 0.01875 0.0333333 0.00119209
38 0.372656 0.553125 0.01875 0.0604167 0.00118828
0 0.583594 0.514583 0.0125 0.0229167 0.00116539
38 0.157227 0.642708 0.0453125 0.05625 0.00116539
0 0.779688 0.509896 0.01875 0.0364583 0.00116062
38 0.0565918 0.534375 0.0295898 0.0302083 0.0011425
38 0.208203 0.533333 0.0148437 0.0375 0.00112915
38 0.0662109 0.538542 0.0388672 0.025 0.0011158
0 0.134668 0.529688 0.0197266 0.03125 0.00111198
0 0.703906 0.558333 0.0328125 0.0604167 0.00111198
2 0.632031 0.521354 0.0140625 0.0260417 0.00110722
26 0.459375 0.592708 0.021875 0.0916667 0.00110722
0 0.294189 0.666667 0.364746 0.216667 0.00110722
1 0.666797 0.540625 0.0179687 0.03125 0.00109005
0 0.471094 0.632813 0.03125 0.075 0.00109005
13 0.145996 0.575 0.0244141 0.03125 0.00108624
1 0.0532227 0.579688 0.021875 0.034375 0.00108147
13 0.907031 0.558333 0.046875 0.025 0.00107765
0 0.208789 0.525521 0.0136719 0.040625 0.00106525
34 0.422266 0.586458 0.0257812 0.0666667 0.00106525
38 0.44375 0.621354 0.05 0.147917 0.00106049
33 0.991797 0.523958 0.0164063 0.0229167 0.00105667
0 0.379688 0.548958 0.0203125 0.05625 0.00105286
34 0.176758 0.569792 0.0226563 0.0604167 0.00104809
9 0.892188 0.473958 0.009375 0.0239583 0.00104046
38 0.00666504 0.527083 0.0133301 0.0479167 0.00103664
38 0.414844 0.609896 0.028125 0.0208333 0.00103664
38 0.390625 0.546875 0.015625 0.0645833 0.00101662
0 0.279102 0.872656 0.084375 0.0755208 0.00101185
0 0.163672 0.657813 0.160547 0.139583 0.00100803
0 0.440625 0.578125 0.0273438 0.06875 0.00100422
0 0.439844 0.611458 0.0578125 0.184375 0.854492
0 0.161523 0.6 0.0535156 0.1375 0.833008
0 0.0272949 0.567708 0.0333008 0.0875 0.605957
0 0.799219 0.547917 0.021875 0.0645833 0.522461
0 0.346484 0.555208 0.0160156 0.0520833 0.516602
0 0.710156 0.552083 0.0234375 0.0708333 0.507812
0 0.401563 0.556771 0.0234375 0.0510417 0.345215
0 0.798438 0.540625 0.01875 0.0541667 0.337158
38 0.471094 0.633333 0.03125 0.075 0.17334
0 0.619531 0.552083 0.0171875 0.0520833 0.10376
0 0.662891 0.542188 0.0148437 0.03125 0.0858765
0 0.402344 0.548958 0.0203125 0.0635417 0.0725098
0 0.269141 0.914583 0.108594 0.164583 0.0519409
38 0.0419434 0.590625 0.0198242 0.025 0.0518494
0 0.392188 0.557292 0.0164063 0.0458333 0.0461121
38 0.053125 0.579167 0.021875 0.0333333 0.0440063
0 0.541797 0.536458 0.0203125 0.0354167 0.0397949
0 0.390625 0.546875 0.015625 0.0645833 0.0383301
38 0.188477 0.640625 0.0421875 0.0395833 0.035675
0 0.344141 0.551042 0.0234375 0.0604167 0.0353394
0 0.405469 0.554167 0.01875 0.05625 0.0342407
38 0.401465 0.660938 0.0548828 0.040625 0.0263519
38 0.469531 0.622917 0.034375 0.102083 0.0261536
0 0.183398 0.640625 0.0523438 0.0541667 0.0255585
38 0.382031 0.657292 0.0164063 0.03125 0.0231476
0 0.658984 0.542708 0.009375 0.0291667 0.0175781
38 0.421484 0.60625 0.0226563 0.0291667 0.0175781
0 0.460938 0.602083 0.0242188 0.114583 0.0175171
38 0.0523438 0.580208 0.03125 0.034375 0.016922
0 0.0935547 0.578125 0.0351562 0.0354167 0.0155411
0 0.901563 0.505208 0.0125 0.0197917 0.0144501
38 0.0955078 0.577083 0.0367188 0.0354167 0.0141754
38 0.403516 0.667708 0.059375 0.0541667 0.0141144
0 0.0422852 0.582813 0.0242188 0.0489583 0.0137405
38 0.460938 0.652083 0.0179687 0.0791667 0.0136871
38 0.421484 0.616667 0.0210938 0.0208333 0.0132217
0 0.557031 0.538542 0.0140625 0.0270833 0.0129242
0 0.00662842 0.527083 0.0132568 0.046875 0.0126724
38 0.621094 0.555208 0.0171875 0.0458333 0.0112457
38 0.463281 0.602604 0.0234375 0.13125 0.0102921
0 0.116992 0.529688 0.0189453 0.0291667 0.0102463
38 0.463281 0.6375 0.0203125 0.08125 0.00937653
1 0.0961914 0.577083 0.0396484 0.0354167 0.00919342
38 0.176904 0.584896 0.0211914 0.0364583 0.00894928
0 0.666797 0.540625 0.0179687 0.03125 0.00837708
34 0.470703 0.634375 0.03125 0.0729167 0.00837708
38 0.460938 0.65 0.0210938 0.0979167 0.00790405
0 0.211914 0.526042 0.0109375 0.0375 0.0077858
34 0.461719 0.6 0.0234375 0.147917 0.00763702
38 0.458594 0.663542 0.0203125 0.0708333 0.00737381
38 0.401172 0.558854 0.0265625 0.0510417 0.00725937
0 0.557813 0.534375 0.015625 0.034375 0.00717545
38 0.0549805 0.536979 0.0235352 0.0239583 0.00703812
38 0.146094 0.575 0.0244141 0.03125 0.00656509
0 0.444141 0.621875 0.05 0.146875 0.00641251
0 0.372656 0.553125 0.01875 0.0604167 0.00634003
34 0.459766 0.595833 0.021875 0.10625 0.00634003
0 0.61875 0.542708 0.0171875 0.0666667 0.00616837
0 0.25918 0.5375 0.0132813 0.0270833 0.00600433
0 0.533594 0.538021 0.0171875 0.0302083 0.00572968
38 0.143262 0.659375 0.0185547 0.0239583 0.00572968
0 0.258203 0.53125 0.0140625 0.0208333 0.00568771
0 0.0883789 0.573958 0.0248047 0.0427083 0.00561905
0 0.711719 0.540625 0.0226563 0.0458333 0.00559998
38 0.0712891 0.578125 0.0416016 0.0364583 0.00559998
0 0.302344 0.914583 0.167187 0.166667 0.00547028
38 0.386035 0.659896 0.0248047 0.0364583 0.00534439
0 0.992188 0.557292 0.015625 0.03125 0.0051384
34 0.421484 0.60625 0.0226563 0.0291667 0.00502014
0 0.372656 0.547917 0.025 0.0625 0.00477219
34 0.46875 0.605729 0.0328125 0.126042 0.00460815
34 0.460938 0.652083 0.0179687 0.0791667 0.00450516
0 0.37207 0.566146 0.0136719 0.053125 0.00432968
38 0.422266 0.586458 0.0257812 0.0666667 0.0041008
38 0.156836 0.571354 0.0289063 0.0364583 0.00399017
13 0.186279 0.642708 0.0430664 0.0375 0.0037365
38 0.176611 0.570833 0.0225586 0.0583333 0.00370789
35 0.0419434 0.590625 0.0198242 0.025 0.00367928
0 0.24375 0.535417 0.0144531 0.0208333 0.00366402
0 0.261133 0.54375 0.0105469 0.025 0.00366402
26 0.176904 0.584896 0.0211914 0.0364583 0.00356483
0 0.439844 0.641667 0.0875 0.11875 0.00355148
38 0.479297 0.6375 0.0382813 0.0666667 0.00351143
0 0.538281 0.535417 0.0242188 0.034375 0.00344276
38 0.309766 0.713542 0.0183594 0.028125 0.00340271
0 0.177002 0.545833 0.0194336 0.034375 0.00337601
0 0.0832275 0.532292 0.0190918 0.0645833 0.00327301
34 0.176904 0.584896 0.0211914 0.0364583 0.00319672
38 0.278906 0.867708 0.08125 0.06875 0.00312424
0 0.349609 0.548958 0.0226563 0.0583333 0.00307465
0 0.438281 0.591146 0.08125 0.126042 0.00302696
0 0.595313 0.541667 0.015625 0.025 0.00284576
34 0.463281 0.6375 0.0203125 0.08125 0.00282288
0 0.151758 0.536458 0.0158203 0.0395833 0.00277901
0 0.779688 0.496875 0.0125 0.0145833 0.00264168
38 0.147656 0.609375 0.0226563 0.0270833 0.00264168
0 0.613281 0.548438 0.03125 0.0479167 0.0026207
0 0.447656 0.671875 0.096875 0.0875 0.00261116
0 0.760156 0.525 0.015625 0.03125 0.00260162
38 0.287305 0.520313 0.0230469 0.0270833 0.00256157
0 0.2875 0.877083 0.107813 0.0854167 0.00252151
34 0.439063 0.611979 0.0578125 0.178125 0.00251198
2 0.953125 0.50625 0.015625 0.0135417 0.00248146
0 0.991797 0.523958 0.0164063 0.0229167 0.00248146
0 0.531641 0.867708 0.630469 0.25625 0.00246239
0 0.582812 0.519271 0.0125 0.025 0.00244331
38 0.116992 0.529688 0.0189453 0.0291667 0.00242424
32 0.382031 0.657292 0.0164063 0.03125 0.0024147
34 0.444141 0.621875 0.05 0.146875 0.00233269
2 0.666797 0.540625 0.0179687 0.03125 0.00228691
38 0.0422852 0.582813 0.0242188 0.0489583 0.00226021
0 0.703125 0.548958 0.0265625 0.0677083 0.00223351
0 0.384375 0.544271 0.0179687 0.0645833 0.00222588
0 0.0849609 0.557292 0.0175781 0.0760417 0.00222588
13 0.053125 0.579167 0.021875 0.0333333 0.00218201
38 0.081543 0.510417 0.0171875 0.0291667 0.00209999
38 0.186523 0.578125 0.0238281 0.025 0.00209999
2 0.644531 0.524479 0.0234375 0.0239583 0.00206757
0 0.601953 0.522917 0.0164063 0.0229167 0.00202751
38 0.136914 0.584375 0.0265625 0.0270833 0.00201988
38 0.608594 0.565625 0.04375 0.0270833 0.00201035
0 0.081543 0.510417 0.0171875 0.0291667 0.00200272
0 0.1125 0.528646 0.0214844 0.034375 0.00197983
24 0.279102 0.871094 0.084375 0.0744792 0.00188255
38 0.37207 0.566146 0.0136719 0.053125 0.00187492
38 0.403125 0.571875 0.025 0.0708333 0.00186729
0 0.0223145 0.519271 0.0162109 0.0479167 0.00185299
0 0.0821289 0.524479 0.01875 0.0552083 0.00181007
0 0.117188 0.526042 0.0210938 0.0375 0.00181007
0 0.26875 0.866406 0.0578125 0.0671875 0.0018034
38 0.0399536 0.589063 0.0347412 0.04375 0.00179577
58 0.0976562 0.577083 0.0410156 0.0333333 0.00178909
0 0.757031 0.528125 0.015625 0.03125 0.00174809
34 0.460938 0.65 0.0210938 0.0979167 0.00174809
2 0.287305 0.520313 0.0230469 0.0270833 0.00174141
2 0.283594 0.522396 0.0203125 0.0197917 0.00170708
38 0.283594 0.522396 0.0203125 0.0197917 0.00170708
38 0.459766 0.595833 0.021875 0.10625 0.00170708
0 0.0276489 0.515625 0.0193115 0.0354167 0.00168133
38 0.378125 0.55625 0.0179687 0.0416667 0.00166798
38 0.623047 0.569271 0.0203125 0.01875 0.00165462
38 0.0849609 0.557292 0.0175781 0.0760417 0.00164223
34 0.421484 0.616667 0.0210938 0.0208333 0.00162315
38 0.710156 0.585417 0.0265625 0.0166667 0.0015974
0 0.182422 0.602083 0.103906 0.110417 0.00158501
0 0.939063 0.586458 0.01875 0.0770833 0.00157928
0 0.17334 0.625 0.102148 0.08125 0.00157928
38 0.0883789 0.573958 0.0248047 0.0427083 0.00157356
0 0.339063 0.529167 0.0242188 0.03125 0.00156689
34 0.458594 0.663542 0.0203125 0.0708333 0.00154877
38 0.15791 0.655208 0.0423828 0.025 0.00154305
38 0.457031 0.676042 0.025 0.0479167 0.00154305
38 0.0272583 0.560417 0.0325928 0.09375 0.00153637
0 0.0914062 0.534375 0.0140625 0.0395833 0.00152493
56 0.053125 0.579167 0.021875 0.0333333 0.00152493
0 0.892188 0.473958 0.009375 0.0239583 0.0015192
0 0.176904 0.584896 0.0211914 0.0364583 0.00151253
38 0.471875 0.646354 0.0359375 0.0822917 0.00150681
38 0.0821289 0.524479 0.01875 0.0552083 0.00150108
0 0.559375 0.54375 0.0109375 0.0208333 0.00148964
26 0.440625 0.578646 0.0273438 0.0697917 0.0014782
0 0.917188 0.540625 0.009375 0.0166667 0.00147247
0 0.378125 0.55625 0.0179687 0.0416667 0.00147247
0 0.065625 0.577604 0.127344 0.0802083 0.00147247
58 0.666797 0.540625 0.0179687 0.03125 0.00146675
0 0.86875 0.538542 0.015625 0.01875 0.00146675
0 0.064209 0.58125 0.0301758 0.0416667 0.00146103
2 0.947656 0.506771 0.028125 0.0145833 0.00145531
38 0.384375 0.544271 0.0179687 0.0645833 0.00144386
38 0.279687 0.885417 0.0867188 0.0958333 0.00143814
9 0.269531 0.914583 0.108594 0.164583 0.00143242
0 0.898438 0.505208 0.015625 0.0208333 0.00142097
0 0.0875 0.554167 0.0214844 0.0666667 0.00141621
38 0.139453 0.659375 0.0199219 0.0229167 0.00141621
38 0.102832 0.579167 0.0431641 0.0333333 0.00141048
34 0.433594 0.572917 0.0460938 0.09375 0.00140476
26 0.424219 0.577604 0.0265625 0.0635417 0.00138855
26 0.269727 0.914583 0.108594 0.164583 0.00137806
34 0.0419434 0.590625 0.0198242 0.025 0.00137234
0 0.154297 0.538542 0.0126953 0.0375 0.00136662
0 0.175732 0.560417 0.0227539 0.05625 0.00135136
0 0.309766 0.713542 0.0183594 0.028125 0.00133514
0 0.433594 0.575 0.04375 0.0916667 0.00131989
0 0.707812 0.534375 0.0148437 0.075 0.00131512
0 0.785156 0.545833 0.0515625 0.06875 0.00131512
0 0.341797 0.5625 0.0609375 0.0458333 0.00130463
38 0.372656 0.553125 0.01875 0.0604167 0.00129986
0 0.17373 0.551042 0.0255859 0.04375 0.0012846
29 0.422266 0.586458 0.0257812 0.0666667 0.0012846
0 0.270898 0.610417 0.276172 0.129167 0.00127411
38 0.208203 0.533333 0.0148437 0.0375 0.00125504
0 0.156836 0.571354 0.0289063 0.0364583 0.00124931
32 0.580469 0.479688 0.009375 0.0135417 0.00124454
38 0.157227 0.642708 0.0453125 0.05625 0.00124454
38 0.0661133 0.538542 0.0390625 0.025 0.00123978
0 0.123438 0.652083 0.214844 0.1625 0.00123978
0 0.583594 0.514583 0.0125 0.0229167 0.00123501
38 0.056543 0.534375 0.0296875 0.0302083 0.00123501
0 0.703906 0.558333 0.0328125 0.0604167 0.00123024
26 0.459375 0.592708 0.021875 0.0916667 0.00121593
0 0.83125 0.527083 0.01875 0.0333333 0.00121117
38 0.444141 0.621875 0.05 0.146875 0.00120163
0 0.471094 0.633333 0.03125 0.075 0.00120163
34 0.424219 0.577604 0.0265625 0.0635417 0.00119686
33 0.991797 0.523958 0.0164063 0.0229167 0.00119209
1 0.666797 0.540625 0.0179687 0.03125 0.00119209
13 0.907031 0.558333 0.046875 0.025 0.0011692
9 0.892188 0.473958 0.009375 0.0239583 0.00116062
0 0.379785 0.548958 0.0201172 0.05625 0.00116062
0 0.134668 0.529167 0.0197266 0.03125 0.00115585
2 0.632031 0.521875 0.0125 0.025 0.00115585
38 0.414844 0.609896 0.0289063 0.0208333 0.00115585
0 0.779688 0.509375 0.01875 0.0354167 0.00114727
0 0.208789 0.525521 0.0136719 0.040625 0.00114727
38 0.00662842 0.527083 0.0132568 0.046875 0.00112438
0 0.260547 0.876042 0.0789063 0.0854167 0.00112057
1 0.053125 0.579167 0.021875 0.0333333 0.00110722
38 0.390625 0.546875 0.015625 0.0645833 0.00109482
13 0.146094 0.575 0.0244141 0.03125 0.00107765
34 0.422266 0.586458 0.0257812 0.0666667 0.00107288
0 0.46875 0.605729 0.0328125 0.126042 0.00106907
0 0.440625 0.578646 0.0273438 0.0697917 0.00106525
0 0.279102 0.871094 0.084375 0.0744792 0.00106525
0 0.293311 0.666667 0.361816 0.2125 0.00105667
34 0.176611 0.570833 0.0225586 0.0583333 0.00105286
38 0.141992 0.571875 0.034375 0.0375 0.00103188
0 0.164844 0.658333 0.155859 0.1375 0.00103188
38 0.379785 0.548958 0.0201172 0.05625 0.00102806
0 0.397266 0.632292 0.189063 0.120833 0.00102806
38 0.157422 0.632292 0.0425781 0.0625 0.00102425
38 0.412891 0.61875 0.0328125 0.0166667 0.00101662
0 0.935938 0.585417 0.01875 0.0770833 0.00101185
0 0.439844 0.611458 0.0578125 0.184375 0.858398
0 0.161523 0.6 0.0539063 0.1375 0.835449
0 0.0272949 0.567708 0.0333008 0.0875 0.615234
0 0.799219 0.547917 0.021875 0.0645833 0.525391
0 0.346484 0.555208 0.015625 0.0520833 0.521484
0 0.710156 0.552083 0.0234375 0.0708333 0.516602
0 0.401563 0.556771 0.0234375 0.0510417 0.354004
0 0.798438 0.540625 0.01875 0.0541667 0.34082
38 0.471094 0.632813 0.03125 0.075 0.176636
0 0.619141 0.552083 0.0171875 0.0520833 0.107422
0 0.663281 0.542188 0.015625 0.03125 0.0880127
0 0.402344 0.548958 0.0203125 0.0635417 0.0750122
0 0.269141 0.914583 0.108594 0.164583 0.0631104
38 0.0419922 0.590625 0.0197266 0.025 0.0522461
0 0.392188 0.557292 0.0164063 0.0458333 0.0478821
38 0.053125 0.579167 0.0220703 0.0333333 0.0453491
0 0.541797 0.536458 0.0203125 0.0354167 0.042572
0 0.390625 0.546875 0.015625 0.0645833 0.039856
38 0.188623 0.640625 0.0422852 0.0395833 0.0367737
0 0.344141 0.551042 0.0234375 0.0604167 0.0358887
0 0.405469 0.554167 0.01875 0.05625 0.0347595
38 0.401172 0.660938 0.0554687 0.040625 0.0280151
38 0.469531 0.622396 0.034375 0.103125 0.0269623
0 0.183789 0.640625 0.0515625 0.053125 0.0257111
38 0.382031 0.657292 0.0171875 0.03125 0.0247955
0 0.460938 0.601563 0.0242188 0.115625 0.0191193
0 0.658984 0.542708 0.009375 0.0291667 0.0184784
38 0.421484 0.60625 0.0226563 0.0291667 0.0181274
38 0.0525391 0.580208 0.0308594 0.034375 0.0173798
0 0.0935547 0.578125 0.0351562 0.0354167 0.016983
38 0.403516 0.667708 0.059375 0.0541667 0.0151291
0 0.901563 0.505208 0.0125 0.0197917 0.0146179
0 0.557031 0.538542 0.0140625 0.0270833 0.0146179
38 0.460938 0.652083 0.0179687 0.0791667 0.0143356
0 0.0423828 0.583333 0.0242188 0.0479167 0.014061
38 0.0955078 0.577604 0.0367188 0.0354167 0.0139542
38 0.421484 0.616146 0.0210938 0.021875 0.0134811
0 0.00661621 0.527083 0.0132324 0.046875 0.0130234
38 0.621094 0.555208 0.0171875 0.0458333 0.0115051
0 0.116992 0.530208 0.0189453 0.0291667 0.0108566
38 0.463281 0.602083 0.0234375 0.133333 0.0103683
38 0.463281 0.6375 0.0203125 0.08125 0.00963593
1 0.0961914 0.577083 0.0396484 0.0354167 0.00945282
0 0.666797 0.540625 0.0179687 0.0302083 0.00919342
38 0.176904 0.584896 0.0211914 0.0364583 0.00905609
34 0.470703 0.634375 0.03125 0.0729167 0.00837708
38 0.460938 0.65 0.0210938 0.0979167 0.00821686
0 0.211914 0.526042 0.0109375 0.0375 0.00815582
0 0.557813 0.534375 0.015625 0.0333333 0.00787354
34 0.461719 0.6 0.025 0.15 0.00763702
38 0.458594 0.663542 0.0203125 0.0708333 0.00757599
0 0.444141 0.621875 0.05 0.147917 0.00728989
38 0.401172 0.558854 0.0265625 0.0510417 0.00709534
38 0.0549805 0.536979 0.0236328 0.0239583 0.00701141
38 0.146191 0.575 0.0244141 0.03125 0.00682449
0 0.372656 0.553125 0.01875 0.0604167 0.00674438
0 0.459375 0.593229 0.021875 0.0916667 0.00666809
0 0.302344 0.914583 0.167187 0.166667 0.00653839
0 0.61875 0.542708 0.0171875 0.0666667 0.00651169
0 0.25918 0.5375 0.0132813 0.0270833 0.00641251
34 0.459766 0.595833 0.021875 0.10625 0.00629044
0 0.533594 0.538021 0.0171875 0.0302083 0.00621796
0 0.0883789 0.573958 0.0248047 0.0427083 0.00605011
38 0.143262 0.659375 0.0185547 0.025 0.00591278
0 0.258203 0.53125 0.0140625 0.0208333 0.005867
38 0.386035 0.659896 0.0248047 0.0364583 0.00572968
38 0.0710938 0.578125 0.0414063 0.0364583 0.00561905
0 0.711719 0.539583 0.0226563 0.0447917 0.00548935
0 0.992188 0.557292 0.015625 0.03125 0.00524139
34 0.421484 0.60625 0.0226563 0.0291667 0.0051384
0 0.372656 0.547917 0.025 0.0614583 0.00500107
0 0.37207 0.566146 0.0136719 0.053125 0.0046463
34 0.460938 0.652083 0.0179687 0.0791667 0.0046463
34 0.46875 0.605208 0.0328125 0.127083 0.00460815
38 0.422656 0.586458 0.0265625 0.0666667 0.00431442
0 0.260938 0.54375 0.0109375 0.025 0.00403976
38 0.156641 0.571354 0.0289063 0.0364583 0.00399017
35 0.0419922 0.590625 0.0197266 0.025 0.00399017
26 0.176904 0.584896 0.0211914 0.0364583 0.00391388
0 0.243555 0.535417 0.0144531 0.0208333 0.00387001
38 0.176758 0.570833 0.0226563 0.0583333 0.00378036
13 0.186523 0.642708 0.0429688 0.0375 0.00378036
38 0.478906 0.6375 0.0390625 0.0666667 0.00376511
0 0.538281 0.535417 0.0242188 0.034375 0.00365067
0 0.177002 0.545833 0.0194336 0.034375 0.00351143
38 0.309766 0.713542 0.0183594 0.028125 0.00349617
0 0.439844 0.643229 0.0875 0.115625 0.00345612
0 0.0831787 0.53125 0.0187988 0.0625 0.00344276
0 0.349609 0.548958 0.0222656 0.0583333 0.00317192
34 0.176904 0.584896 0.0211914 0.0364583 0.00317192
38 0.278906 0.867708 0.08125 0.06875 0.00313568
0 0.595313 0.541667 0.015625 0.025 0.00311089
0 0.438281 0.590625 0.08125 0.122917 0.00309944
0 0.151758 0.536458 0.0158203 0.0395833 0.00304031
0 0.613281 0.548438 0.03125 0.0479167 0.00287819
34 0.463281 0.6375 0.0203125 0.08125 0.00286674
0 0.760156 0.525 0.015625 0.03125 0.00284576
0 0.703125 0.548958 0.0265625 0.0677083 0.00281143
0 0.779492 0.496875 0.0128906 0.0145833 0.00279999
0 0.288281 0.877083 0.109375 0.0854167 0.00277901
38 0.147559 0.609375 0.0226563 0.0270833 0.00271416
0 0.582422 0.519271 0.0132813 0.025 0.00269318
2 0.953125 0.50625 0.015625 0.0135417 0.0026207
0 0.534766 0.86849 0.639844 0.254688 0.00257111
34 0.439453 0.611979 0.0578125 0.178125 0.00250244
2 0.666797 0.540625 0.0179687 0.0302083 0.0024929
0 0.447656 0.672917 0.096875 0.0875 0.0024929
32 0.382031 0.657292 0.0171875 0.03125 0.00242424
38 0.287305 0.520313 0.0230469 0.0270833 0.0024147
0 0.384375 0.544271 0.0179687 0.0645833 0.002388
0 0.0849609 0.557292 0.0175781 0.075 0.00235939
0 0.991797 0.523958 0.0164063 0.0229167 0.00233269
34 0.444141 0.621875 0.05 0.147917 0.00233269
38 0.116992 0.530208 0.0189453 0.0291667 0.00231361
2 0.644531 0.524479 0.0234375 0.0239583 0.00228691
38 0.0423828 0.583333 0.0242188 0.0479167 0.00227928
13 0.053125 0.579167 0.0220703 0.0333333 0.00227928
38 0.186523 0.578125 0.0238281 0.025 0.00222588
38 0.608594 0.565104 0.04375 0.028125 0.00219917
0 0.601953 0.522396 0.0164063 0.0229167 0.00215721
38 0.136816 0.584896 0.0265625 0.0260417 0.00212479
0 0.1125 0.528646 0.0214844 0.034375 0.00209045
0 0.081543 0.509896 0.0171875 0.028125 0.00204277
38 0.081543 0.509896 0.0171875 0.028125 0.00201988
0 0.757031 0.528125 0.0164063 0.03125 0.00201988
0 0.26875 0.866406 0.0578125 0.0671875 0.00193405
38 0.403125 0.571875 0.025 0.0708333 0.00191879
38 0.37207 0.566146 0.0136719 0.053125 0.00191212
0 0.0223389 0.51875 0.0162598 0.0479167 0.00190449
24 0.278906 0.871094 0.084375 0.0744792 0.00188923
2 0.287305 0.520313 0.0230469 0.0270833 0.00186062
0 0.117188 0.526042 0.0212891 0.0375 0.00186062
58 0.0976562 0.577083 0.0410156 0.0333333 0.00183868
34 0.460938 0.65 0.0210938 0.0979167 0.00183105
2 0.283594 0.522396 0.0203125 0.0197917 0.00181007
38 0.0399902 0.589583 0.0348633 0.04375 0.00176811
38 0.459766 0.595833 0.021875 0.10625 0.00175476
38 0.623047 0.569271 0.0203125 0.01875 0.00175476
0 0.0275879 0.515104 0.0192383 0.034375 0.00172043
34 0.421484 0.616146 0.0210938 0.021875 0.00168705
0 0.939063 0.586458 0.01875 0.0770833 0.00167465
38 0.710156 0.585417 0.0265625 0.0166667 0.00166798
38 0.377734 0.555729 0.0179687 0.0427083 0.0016613
0 0.0915039 0.533854 0.0136719 0.0395833 0.0016489
0 0.377734 0.555729 0.0179687 0.0427083 0.00164223
0 0.338867 0.529167 0.0242188 0.03125 0.00163555
0 0.867969 0.538542 0.015625 0.01875 0.00163555
0 0.176904 0.584896 0.0211914 0.0364583 0.00163555
0 0.0643066 0.58125 0.0299805 0.0416667 0.00163555
38 0.0849609 0.557292 0.0175781 0.075 0.00162888
0 0.16875 0.596875 0.103516 0.1 0.00162315
0 0.559375 0.54375 0.0109375 0.0197917 0.00161648
9 0.269531 0.914583 0.108594 0.164583 0.00160408
0 0.917188 0.540625 0.009375 0.0166667 0.0015974
38 0.283594 0.522396 0.0203125 0.0197917 0.00159168
26 0.440625 0.578646 0.0273438 0.0697917 0.00157928
34 0.458594 0.663542 0.0203125 0.0708333 0.00157928
38 0.471875 0.646354 0.0359375 0.0822917 0.00157928
2 0.948438 0.506771 0.028125 0.0145833 0.00157356
0 0.892188 0.473958 0.009375 0.0239583 0.00156689
38 0.15791 0.655208 0.0423828 0.025 0.00156689
0 0.173438 0.625 0.101953 0.08125 0.00156116
38 0.457031 0.675521 0.025 0.05 0.00155449
56 0.053125 0.579167 0.0220703 0.0333333 0.00154877
0 0.0875 0.553646 0.0210938 0.0645833 0.00153065
58 0.666797 0.540625 0.0179687 0.0302083 0.00153065
0 0.154297 0.538542 0.0125 0.0375 0.00152493
26 0.424609 0.577604 0.0265625 0.0635417 0.00150108
0 0.065332 0.577083 0.126367 0.0791667 0.00150108
38 0.0883789 0.573958 0.0248047 0.0427083 0.00149536
38 0.027356 0.560938 0.0325928 0.0947917 0.00148392
38 0.0821289 0.523958 0.01875 0.0541667 0.00148392
38 0.139453 0.659375 0.0199219 0.0239583 0.00145531
0 0.175977 0.560417 0.0226563 0.05625 0.00144958
0 0.898438 0.505208 0.015625 0.0208333 0.00144386
38 0.384375 0.544271 0.0179687 0.0645833 0.00143814
38 0.102734 0.579167 0.0433594 0.0333333 0.00143814
0 0.309766 0.713542 0.0183594 0.028125 0.00143242
34 0.0419922 0.590625 0.0197266 0.025 0.00141048
38 0.279687 0.885677 0.0867188 0.0953125 0.00141048
34 0.433594 0.572917 0.0453125 0.09375 0.00139904
0 0.433594 0.575 0.04375 0.0916667 0.00137806
0 0.707812 0.533854 0.0140625 0.0739583 0.00136662
38 0.372656 0.553125 0.01875 0.0604167 0.00134087
0 0.583594 0.514583 0.0125 0.0229167 0.00133038
0 0.785156 0.545833 0.0515625 0.06875 0.00133038
0 0.703906 0.558854 0.0328125 0.059375 0.00131989
0 0.471094 0.632813 0.03125 0.075 0.00131989
0 0.173633 0.551042 0.0257812 0.04375 0.00131512
33 0.991797 0.523958 0.0164063 0.0229167 0.00129986
9 0.892188 0.473958 0.009375 0.0239583 0.00129414
0 0.379297 0.548958 0.0203125 0.05625 0.00129414
0 0.156641 0.571354 0.0289063 0.0364583 0.00128937
29 0.422656 0.586458 0.0265625 0.0666667 0.00128937
0 0.341797 0.5625 0.0609375 0.0458333 0.00128937
38 0.157227 0.643229 0.0453125 0.0552083 0.00127411
32 0.580469 0.479688 0.009375 0.0135417 0.00126457
0 0.83125 0.527083 0.01875 0.0333333 0.00126457
38 0.065918 0.538021 0.0390625 0.025 0.00126457
38 0.208203 0.533333 0.0148437 0.0375 0.00126457
26 0.459375 0.593229 0.021875 0.0916667 0.00126457
0 0.123828 0.652083 0.213281 0.160417 0.00126457
38 0.0565918 0.534375 0.0297852 0.0302083 0.00123978
38 0.444141 0.621875 0.05 0.147917 0.00123978
2 0.632422 0.520833 0.0132813 0.025 0.00123501
1 0.666797 0.540625 0.0179687 0.0302083 0.00123501
0 0.260156 0.875 0.0789063 0.0854167 0.00123024
0 0.270264 0.610417 0.275098 0.129167 0.00123024
13 0.907031 0.558333 0.0484375 0.025 0.00122547
0 0.779688 0.509375 0.01875 0.0354167 0.00121117
0 0.208594 0.525521 0.0136719 0.040625 0.0012064
0 0.134766 0.529167 0.0199219 0.03125 0.00120163
38 0.414844 0.609896 0.0289063 0.0208333 0.00119209
34 0.424609 0.577604 0.0265625 0.0635417 0.00118828
26 0.269922 0.914583 0.108594 0.164583 0.0011692
0 0.46875 0.605208 0.0328125 0.127083 0.00114727
0 0.278906 0.871094 0.084375 0.0744792 0.0011425
1 0.053125 0.579167 0.0220703 0.0333333 0.00112915
0 0.440625 0.578646 0.0273438 0.0697917 0.00111198
0 0.935938 0.585417 0.01875 0.0770833 0.00110722
34 0.422656 0.586458 0.0265625 0.0666667 0.00109863
13 0.146191 0.575 0.0244141 0.03125 0.00109005
38 0.00661621 0.527083 0.0132324 0.046875 0.00108147
0 0.766406 0.526042 0.0109375 0.0239583 0.00108147
0 0.491797 0.534375 0.0226563 0.034375 0.00107765
38 0.157422 0.632292 0.0425781 0.0625 0.00107288
38 0.390625 0.546875 0.015625 0.0645833 0.00106049
34 0.176758 0.570833 0.0226563 0.0583333 0.00105667
2 0.867969 0.538542 0.015625 0.01875 0.00104809
38 0.4125 0.61875 0.0335938 0.0166667 0.00104809
0 0.164453 0.658333 0.155469 0.1375 0.00104427
38 0.141992 0.571875 0.034375 0.0375 0.00104046
38 0.379297 0.548958 0.0203125 0.05625 0.00103664
0 0.457031 0.570312 0.021875 0.0989583 0.00103664
0 0.340625 0.555208 0.0273438 0.05 0.00102806
0 0.398828 0.633333 0.185156 0.11875 0.00102043
0 0.143555 0.53125 0.0238281 0.0354167 0.00101662
38 0.403516 0.639583 0.0640625 0.06875 0.00101662
0 0.291797 0.667188 0.360938 0.210417 0.00101662
0 0.233984 0.533333 0.0179687 0.0229167 0.00100803
38 0.382031 0.565625 0.0296875 0.0541667 0.00100803
13 0.608594 0.565104 0.04375 0.028125 0.00100803
0 0.521484 0.539583 0.01875 0.0229167 0.00100422
0 0.439844 0.611458 0.0578125 0.184375 0.858398
0 0.161426 0.6 0.0537109 0.1375 0.835449
0 0.0272949 0.567708 0.0333008 0.0875 0.615234
0 0.799219 0.547917 0.021875 0.0645833 0.524414
0 0.346484 0.555208 0.015625 0.0520833 0.520508
0 0.710156 0.552083 0.0234375 0.0708333 0.516602
0 0.401563 0.556771 0.0234375 0.0510417 0.354004
0 0.798438 0.540625 0.01875 0.0541667 0.339844
38 0.471094 0.633333 0.03125 0.075 0.176636
0 0.619141 0.552083 0.0171875 0.0520833 0.107056
0 0.663281 0.542188 0.015625 0.03125 0.0883179
0 0.402344 0.548958 0.0203125 0.0635417 0.0736694
0 0.269141 0.914583 0.108594 0.164583 0.0647583
38 0.0419922 0.590625 0.0197266 0.025 0.0518494
0 0.392188 0.557292 0.0164063 0.0458333 0.0479431
38 0.053125 0.579167 0.0219727 0.0333333 0.0450134
0 0.541797 0.536458 0.0203125 0.0354167 0.0430298
0 0.390625 0.546875 0.015625 0.0645833 0.0393372
38 0.188623 0.640625 0.0422852 0.0395833 0.0367737
0 0.344141 0.551042 0.0234375 0.0604167 0.0360107
0 0.405469 0.554167 0.01875 0.05625 0.0345459
38 0.401563 0.660938 0.0554687 0.040625 0.0282135
38 0.469531 0.622396 0.034375 0.103125 0.0271759
0 0.183594 0.640625 0.0519531 0.0541667 0.0254211
38 0.382031 0.657292 0.0171875 0.03125 0.0247955
0 0.460938 0.601563 0.0242188 0.115625 0.0193481
0 0.658984 0.542708 0.009375 0.0291667 0.0184021
38 0.421484 0.60625 0.0226563 0.0291667 0.0182648
38 0.0525391 0.580208 0.0308594 0.034375 0.0173035
0 0.0936523 0.578125 0.0351562 0.0354167 0.0171814
0 0.901563 0.505208 0.0125 0.0197917 0.0148392
0 0.557031 0.538542 0.0140625 0.0270833 0.0147324
38 0.460938 0.652083 0.0179687 0.0791667 0.0142288
0 0.042334 0.583333 0.0241211 0.0479167 0.0141144
38 0.0955078 0.577604 0.0367188 0.0354167 0.014061
38 0.421875 0.616146 0.021875 0.021875 0.013588
0 0.00662842 0.527083 0.0132568 0.046875 0.0130234
38 0.621094 0.555208 0.0171875 0.0458333 0.0114212
0 0.116992 0.530208 0.0189453 0.0291667 0.0110321
38 0.463281 0.602083 0.0234375 0.133333 0.0103683
38 0.463281 0.6375 0.0203125 0.08125 0.00959778
1 0.0961914 0.577083 0.0396484 0.0354167 0.00948334
38 0.403223 0.668229 0.0576172 0.0541667 0.00930023
0 0.666797 0.540625 0.0179687 0.0302083 0.00919342
38 0.176904 0.584896 0.0211914 0.0364583 0.00898743
34 0.470703 0.634375 0.03125 0.0729167 0.00831604
38 0.460938 0.65 0.0210938 0.0979167 0.008255
0 0.211914 0.526042 0.0109375 0.0375 0.00821686
0 0.557813 0.534375 0.015625 0.0333333 0.00790405
38 0.458594 0.663542 0.0203125 0.0708333 0.00757599
34 0.461719 0.6 0.025 0.15 0.00754929
0 0.444141 0.621875 0.05 0.147917 0.00720596
38 0.401172 0.558854 0.0265625 0.0510417 0.00703812
38 0.0549805 0.536979 0.0235352 0.0239583 0.00701141
38 0.146094 0.575 0.0242188 0.03125 0.00698471
0 0.372656 0.553125 0.01875 0.0604167 0.00674438
0 0.459375 0.593229 0.021875 0.0916667 0.00674438
0 0.302344 0.914583 0.167187 0.166667 0.00651169
0 0.61875 0.542708 0.0171875 0.0666667 0.0064621
0 0.25918 0.5375 0.0132813 0.0270833 0.0064621
0 0.533594 0.538021 0.0171875 0.0302083 0.00626373
34 0.459766 0.595833 0.021875 0.10625 0.00626373
0 0.0884766 0.573958 0.025 0.0427083 0.00609589
38 0.143262 0.659375 0.0185547 0.025 0.00593567
0 0.258203 0.53125 0.0140625 0.0208333 0.00591278
38 0.386035 0.659896 0.0248047 0.0364583 0.00579834
38 0.0710938 0.578125 0.0414063 0.0364583 0.00561905
0 0.711719 0.539583 0.0226563 0.0447917 0.00559998
0 0.992188 0.557292 0.015625 0.03125 0.00521851
34 0.421484 0.60625 0.0226563 0.0291667 0.00516129
0 0.372656 0.547917 0.025 0.0614583 0.00498199
0 0.37207 0.566146 0.0136719 0.053125 0.0046463
34 0.460938 0.652083 0.0179687 0.0791667 0.00460815
34 0.46875 0.605208 0.0328125 0.127083 0.00457382
38 0.422656 0.586458 0.0265625 0.0666667 0.00434875
38 0.156641 0.571354 0.0289063 0.0364583 0.00402451
0 0.261133 0.54375 0.0105469 0.025 0.00402451
35 0.0419922 0.590625 0.0197266 0.025 0.00392914
0 0.243555 0.535417 0.0144531 0.0208333 0.00388527
26 0.176904 0.584896 0.0211914 0.0364583 0.00387001
38 0.176611 0.570833 0.0225586 0.0583333 0.00378036
13 0.186279 0.642708 0.0430664 0.0375 0.00378036
38 0.478906 0.6375 0.0390625 0.0666667 0.00376511
0 0.538281 0.535417 0.0242188 0.034375 0.00369263
0 0.176953 0.545833 0.0195312 0.034375 0.00351143
0 0.439844 0.643229 0.0875 0.115625 0.00351143
38 0.309766 0.713542 0.0183594 0.0270833 0.00345612
0 0.0832031 0.53125 0.0189453 0.0625 0.00341606
0 0.438281 0.590625 0.08125 0.122917 0.00322342
0 0.349609 0.548958 0.0222656 0.0572917 0.00319672
38 0.278906 0.86875 0.08125 0.06875 0.00313568
34 0.176904 0.584896 0.0211914 0.0364583 0.00312424
0 0.595313 0.541667 0.015625 0.025 0.00309944
0 0.151758 0.536458 0.0158203 0.0395833 0.00305176
0 0.613281 0.548438 0.03125 0.0479167 0.00287819
34 0.463281 0.6375 0.0203125 0.08125 0.00284576
0 0.760156 0.524479 0.015625 0.0302083 0.00283432
0 0.288281 0.877083 0.109375 0.0854167 0.00281143
0 0.779492 0.496875 0.0128906 0.0145833 0.00279999
0 0.703125 0.548958 0.0265625 0.0677083 0.00274658
38 0.147559 0.609375 0.0226563 0.0270833 0.00273705
0 0.582422 0.519271 0.0132813 0.025 0.00269318
2 0.953125 0.50625 0.015625 0.0135417 0.00259018
0 0.535059 0.86849 0.639258 0.254688 0.00257111
0 0.447656 0.672917 0.096875 0.0875 0.00252151
2 0.666797 0.540625 0.0179687 0.0302083 0.0024929
34 0.439453 0.611979 0.0578125 0.178125 0.0024929
32 0.382031 0.657292 0.0171875 0.03125 0.00242424
38 0.287305 0.520313 0.0230469 0.0270833 0.00240517
0 0.384375 0.544271 0.0179687 0.0645833 0.00239754
0 0.991797 0.523958 0.0164063 0.0229167 0.00235939
0 0.0849609 0.557292 0.0175781 0.075 0.00234985
38 0.116992 0.530208 0.0189453 0.0291667 0.00232315
34 0.444141 0.621875 0.05 0.147917 0.00231361
2 0.644531 0.524479 0.0234375 0.0239583 0.00230598
38 0.042334 0.583333 0.0241211 0.0479167 0.00225258
13 0.053125 0.579167 0.0219727 0.0333333 0.00225258
38 0.186523 0.578125 0.0238281 0.025 0.00220871
38 0.608594 0.565104 0.04375 0.028125 0.00219917
38 0.136816 0.584896 0.0265625 0.0260417 0.00215721
0 0.601953 0.522396 0.0164063 0.0229167 0.00214005
0 0.1125 0.528646 0.0214844 0.034375 0.00210762
0 0.081543 0.509896 0.0171875 0.028125 0.00203514
38 0.081543 0.509896 0.0171875 0.028125 0.00202751
0 0.757031 0.528125 0.0164063 0.03125 0.00199509
0 0.268555 0.866406 0.0578125 0.0671875 0.00196457
38 0.403125 0.571875 0.025 0.0708333 0.00193405
38 0.37207 0.566146 0.0136719 0.053125 0.00190449
0 0.0223145 0.51875 0.0162109 0.0479167 0.00189686
0 0.117188 0.526042 0.0212891 0.0375 0.00189686
24 0.278906 0.871094 0.084375 0.0744792 0.00188923
2 0.287305 0.520313 0.0230469 0.0270833 0.00188255
0 0.0820312 0.523958 0.01875 0.0541667 0.00185299
34 0.460938 0.65 0.0210938 0.0979167 0.00183868
2 0.283594 0.522396 0.0203125 0.0197917 0.00182438
58 0.0976562 0.577083 0.0410156 0.0333333 0.0018177
38 0.623047 0.569271 0.0203125 0.01875 0.00177479
38 0.459766 0.595833 0.021875 0.10625 0.00176811
38 0.0400269 0.589583 0.03479 0.04375 0.00176811
0 0.0275879 0.515104 0.0193359 0.034375 0.00170708
0 0.939063 0.586458 0.01875 0.0770833 0.00168705
9 0.269531 0.914583 0.108984 0.164583 0.00168705
34 0.421875 0.616146 0.021875 0.021875 0.00168133
38 0.710156 0.585417 0.0265625 0.0166667 0.00166798
0 0.867969 0.538542 0.015625 0.01875 0.0016613
38 0.377734 0.55625 0.0179687 0.0416667 0.0016613
0 0.176904 0.584896 0.0211914 0.0364583 0.0016613
0 0.338867 0.529167 0.0242188 0.03125 0.0016489
0 0.377734 0.55625 0.0179687 0.0416667 0.0016489
0 0.0916016 0.533854 0.0136719 0.0395833 0.00164223
0 0.917188 0.540625 0.009375 0.0166667 0.00162888
38 0.0849609 0.557292 0.0175781 0.075 0.00162315
0 0.559375 0.54375 0.0109375 0.0197917 0.00162315
0 0.168652 0.596875 0.10332 0.1 0.00162315
0 0.0642578 0.58125 0.0300781 0.0416667 0.00161648
0 0.182471 0.602083 0.103809 0.109375 0.00160408
38 0.471875 0.646354 0.0359375 0.0822917 0.00159168
38 0.283594 0.522396 0.0203125 0.0197917 0.00158501
26 0.440625 0.578646 0.0265625 0.0697917 0.00158501
34 0.458594 0.663542 0.0203125 0.0708333 0.00157928
2 0.948438 0.506771 0.028125 0.0145833 0.00157356
0 0.892188 0.473958 0.009375 0.0239583 0.00156689
38 0.157813 0.655208 0.0425781 0.025 0.00156116
0 0.173438 0.625 0.101953 0.08125 0.00156116
38 0.457031 0.675521 0.025 0.05 0.00155449
56 0.053125 0.579167 0.0219727 0.0333333 0.00154305
0 0.0875 0.553646 0.0210938 0.0645833 0.00153637
0 0.154297 0.538542 0.0125 0.0375 0.0015192
0 0.065332 0.577083 0.126367 0.0791667 0.00151253
58 0.666797 0.540625 0.0179687 0.0302083 0.00150681
26 0.424219 0.577604 0.0265625 0.0635417 0.00150108
38 0.0272949 0.560938 0.0326172 0.0947917 0.00149536
38 0.0884766 0.573958 0.025 0.0427083 0.00149536
38 0.0820312 0.523958 0.01875 0.0541667 0.00148392
38 0.139453 0.659375 0.0199219 0.0239583 0.00146103
38 0.102734 0.579167 0.0433594 0.0333333 0.00145531
0 0.309766 0.713542 0.0183594 0.0270833 0.00145531
0 0.898438 0.505208 0.015625 0.0208333 0.00144958
38 0.384375 0.544271 0.0179687 0.0645833 0.00144386
0 0.175977 0.560417 0.0226563 0.05625 0.00143814
34 0.0419922 0.590625 0.0197266 0.025 0.00141048
38 0.279687 0.885677 0.0867188 0.0953125 0.00141048
34 0.433594 0.572917 0.0460938 0.09375 0.00139904
0 0.433594 0.575 0.04375 0.0916667 0.00139427
0 0.707812 0.533333 0.0140625 0.0729167 0.00137234
38 0.372656 0.553125 0.01875 0.0604167 0.00133514
0 0.583594 0.514583 0.0125 0.0229167 0.00133038
0 0.785156 0.545833 0.0515625 0.06875 0.00133038
0 0.703906 0.558854 0.0328125 0.059375 0.00132465
0 0.173633 0.551042 0.0257812 0.04375 0.00131512
0 0.471094 0.633333 0.03125 0.075 0.00130463
0 0.379297 0.548958 0.0203125 0.05625 0.00129986
29 0.422656 0.586458 0.0265625 0.0666667 0.00129414
0 0.156641 0.571354 0.0289063 0.0364583 0.0012846
0 0.341797 0.5625 0.0609375 0.0458333 0.0012846
33 0.991797 0.523958 0.0164063 0.0229167 0.00127888
38 0.157227 0.643229 0.0453125 0.0552083 0.00127888
0 0.83125 0.527083 0.01875 0.0333333 0.00127411
38 0.0659668 0.538021 0.0389648 0.025 0.00126934
38 0.208203 0.533333 0.0148437 0.0375 0.00126457
0 0.12373 0.652083 0.213086 0.160417 0.00126457
9 0.892188 0.473958 0.009375 0.0239583 0.0012598
26 0.459375 0.593229 0.021875 0.0916667 0.0012598
2 0.632422 0.520833 0.0132813 0.025 0.00125504
0 0.260156 0.876042 0.0789063 0.0854167 0.00125504
32 0.580469 0.479688 0.009375 0.0135417 0.00124931
38 0.0565918 0.534375 0.0297852 0.0302083 0.00124454
38 0.444141 0.621875 0.05 0.147917 0.00124454
1 0.666797 0.540625 0.0179687 0.0302083 0.00123501
0 0.270117 0.610417 0.274609 0.129167 0.00123024
0 0.779688 0.509375 0.01875 0.0354167 0.0012207
0 0.208789 0.525521 0.0136719 0.040625 0.00121117
13 0.907031 0.558333 0.0484375 0.025 0.00121117
0 0.134766 0.529167 0.0199219 0.03125 0.0012064
38 0.414844 0.609896 0.0289063 0.0208333 0.00119686
34 0.424219 0.577604 0.0265625 0.0635417 0.00118351
26 0.269922 0.914583 0.108594 0.164583 0.00116062
0 0.278906 0.871094 0.084375 0.0744792 0.00115585
0 0.46875 0.605208 0.0328125 0.127083 0.00112915
0 0.440625 0.578646 0.0265625 0.0697917 0.00112438
0 0.935938 0.585417 0.01875 0.0770833 0.00112438
1 0.053125 0.579167 0.0219727 0.0333333 0.00112057
34 0.422656 0.586458 0.0265625 0.0666667 0.00109863
38 0.00662842 0.527083 0.0132568 0.046875 0.00108624
13 0.146094 0.575 0.0242188 0.03125 0.00108624
0 0.766406 0.526042 0.0109375 0.0239583 0.00108147
38 0.157422 0.632292 0.0425781 0.0625 0.00108147
0 0.491797 0.534375 0.0226563 0.0333333 0.00107288
38 0.390625 0.546875 0.015625 0.0645833 0.00106525
38 0.141992 0.571875 0.034375 0.0375 0.00106525
38 0.4125 0.61875 0.0335938 0.0166667 0.00105286
34 0.176611 0.570833 0.0225586 0.0583333 0.00104809
0 0.457031 0.570312 0.021875 0.0989583 0.00104427
0 0.164453 0.658333 0.155469 0.1375 0.00104046
38 0.379297 0.548958 0.0203125 0.05625 0.00103664
2 0.867969 0.538542 0.015625 0.01875 0.00103188
0 0.521484 0.540104 0.01875 0.0239583 0.00102425
38 0.403516 0.639583 0.0640625 0.06875 0.00102425
0 0.398828 0.633333 0.185156 0.11875 0.00102043
0 0.233984 0.533333 0.0179687 0.0229167 0.00101662
0 0.340625 0.555208 0.0273438 0.05 0.00101662
0 0.143555 0.53125 0.0238281 0.0354167 0.00101185
38 0.382031 0.565625 0.0296875 0.0541667 0.00101185
13 0.608594 0.565104 0.04375 0.028125 0.00101185
0 0.291748 0.667188 0.361035 0.211458 0.00101185
