77 0.479167 0.525781 0.95 0.9375 0.725098
0 0.677083 0.275781 0.472917 0.536719 0.585938
0 0.677604 0.500391 0.501042 0.986719 0.532227
77 0.302083 0.519141 0.6 0.947656 0.373779
0 0.480339 0.510938 0.94974 0.959375 0.137329
73 0.902083 0.274609 0.0854167 0.145313 0.105957
56 0.864583 0.563184 0.270833 0.79707 0.105225
73 0.890104 0.258594 0.090625 0.111719 0.10376
56 0.864062 0.305664 0.269792 0.277734 0.10376
56 0.783333 0.548438 0.43125 0.825 0.0987549
73 0.875 0.261133 0.1 0.113672 0.0875854
73 0.854167 0.26543 0.0958333 0.111719 0.0700684
73 0.905208 0.263672 0.0645833 0.119531 0.0698242
73 0.925 0.276172 0.09375 0.145313 0.0682983
56 0.865625 0.364795 0.26875 0.397754 0.0670776
73 0.892187 0.300391 0.0822917 0.109375 0.0648804
73 0.942708 0.28125 0.0645833 0.114063 0.0621033
73 0.872917 0.272656 0.0708333 0.0789063 0.0592041
56 0.7 0.574219 0.579167 0.851563 0.0562439
73 0.872917 0.280273 0.204167 0.158984 0.0516663
73 0.892708 0.273633 0.078125 0.108984 0.0509033
73 0.836458 0.270898 0.122917 0.120703 0.0490417
73 0.960417 0.250391 0.0375 0.0710938 0.0423889
73 0.959375 0.266211 0.0375 0.10625 0.0422363
73 0.932292 0.294141 0.0479167 0.0914063 0.0414734
73 0.938542 0.255859 0.08125 0.096875 0.0413208
73 0.878125 0.280469 0.0520833 0.0621094 0.0406799
73 0.903125 0.233594 0.0489583 0.0515625 0.0403748
77 0.688542 0.495703 0.514583 0.355469 0.0383301
73 0.898958 0.252539 0.0583333 0.0984375 0.0375977
73 0.864583 0.279102 0.0708333 0.0726563 0.035675
73 0.94401 0.298438 0.0578125 0.0871094 0.0350037
73 0.921354 0.236328 0.0489583 0.0484375 0.0306702
73 0.933333 0.229688 0.0895833 0.0679688 0.0296478
73 0.91875 0.254492 0.0770833 0.0976563 0.029541
73 0.876562 0.302734 0.219792 0.211719 0.029541
73 0.934375 0.304297 0.0416667 0.0773438 0.0292053
73 0.927083 0.30332 0.04375 0.0847656 0.0253754
73 0.95026 0.301563 0.0494792 0.0652344 0.025177
77 0.70625 0.581152 0.479167 0.762695 0.0227966
73 0.878646 0.239453 0.065625 0.0640625 0.0224609
73 0.880208 0.299023 0.06875 0.115625 0.0213623
73 0.916667 0.305078 0.0583333 0.0835938 0.0171051
73 0.961458 0.265234 0.0395833 0.142969 0.0167847
62 0.873958 0.0755615 0.252083 0.147705 0.0149536
57 0.860937 0.676563 0.273958 0.407813 0.0148392
73 0.865625 0.2375 0.0708333 0.05625 0.0145035
73 0.836458 0.279492 0.154167 0.154297 0.0140076
56 0.859375 0.646875 0.270833 0.478125 0.0137405
56 0.935417 0.455566 0.129167 0.216992 0.0136337
73 0.856771 0.289062 0.0729167 0.0851563 0.0133286
39 0.119792 0.0867188 0.0557292 0.0632813 0.0132217
73 0.907292 0.304883 0.05625 0.096875 0.0127258
56 0.941406 0.49375 0.117188 0.139063 0.0118256
0 0.661979 0.78457 0.198958 0.415234 0.011734
73 0.95625 0.304102 0.03125 0.0382813 0.0112457
56 0.834375 0.277344 0.210417 0.157422 0.0109024
39 0.116667 0.0849609 0.0401042 0.0601563 0.0108185
57 0.501562 0.770313 0.980208 0.445313 0.0108185
56 0.928646 0.314648 0.136458 0.263672 0.0106506
73 0.839583 0.280078 0.096875 0.0921875 0.0103302
73 0.854167 0.238477 0.0833333 0.0605469 0.0100937
57 0.861458 0.74375 0.275 0.289062 0.00945282
0 0.704167 0.35293 0.3875 0.289453 0.00930023
56 0.934375 0.397656 0.127083 0.0992188 0.00815582
39 0.11849 0.0870117 0.0796875 0.0650391 0.00775528
77 0.642708 0.514746 0.3125 0.379883 0.00725937
73 0.842708 0.232422 0.0385417 0.04375 0.00720596
56 0.832292 0.571484 0.2625 0.672656 0.00706482
73 0.825 0.239063 0.05 0.0492188 0.00671768
73 0.932813 0.41875 0.096875 0.0578125 0.00669098
57 0.0575521 0.866406 0.111979 0.257812 0.00638962
57 0.7875 0.707031 0.408333 0.426563 0.00602722
77 0.650521 0.775 0.196875 0.38125 0.00582123
73 0.9875 0.256641 0.025 0.164844 0.00568771
0 0.751042 0.739844 0.402083 0.501563 0.00540543
56 0.941146 0.5375 0.117708 0.221875 0.0053215
73 0.892708 0.333594 0.0416667 0.04375 0.00530243
56 0.940104 0.607031 0.119792 0.359375 0.00482941
60 0.942187 0.51875 0.115625 0.1875 0.00481033
56 0.0580729 0.86582 0.113542 0.258984 0.00481033
13 0.864062 0.305664 0.269792 0.277734 0.00481033
56 0.830208 0.354688 0.170833 0.302344 0.00471878
77 0.265039 0.344922 0.529297 0.571875 0.00460815
16 0.476562 0.517969 0.942708 0.93125 0.00450516
57 0.486458 0.42334 0.972917 0.75957 0.00446701
57 0.730208 0.5125 0.489583 0.904688 0.00432968
73 0.825 0.234961 0.0625 0.0464844 0.00429916
13 0.941927 0.494531 0.116146 0.1375 0.00424957
73 0.966667 0.255469 0.0333333 0.0914063 0.00416565
56 0.668229 0.289062 0.663542 0.3 0.00407028
73 0.9 0.33457 0.0260417 0.0375 0.00400543
73 0.927604 0.397266 0.113542 0.0890625 0.00387001
73 0.928125 0.317188 0.120833 0.25 0.00383949
56 0.863542 0.254102 0.26875 0.220313 0.00382423
77 0.685417 0.496875 0.55625 0.94375 0.00367928
0 0.857812 0.647266 0.271875 0.463281 0.00355148
73 0.880729 0.333984 0.053125 0.0445313 0.00342941
73 0.929688 0.382422 0.115625 0.0664062 0.00321007
56 0.872917 0.280273 0.204167 0.158984 0.00318527
77 0.758333 0.678906 0.425 0.615625 0.0030632
59 0.486458 0.42334 0.972917 0.75957 0.00290108
73 0.814583 0.254297 0.0583333 0.0671875 0.00279999
56 0.945312 0.677344 0.109375 0.1625 0.00277901
73 0.0643229 0.0761719 0.06875 0.0994141 0.00274658
60 0.0575521 0.866406 0.111979 0.257812 0.00270462
77 0.846875 0.677344 0.258333 0.407813 0.00265312
73 0.939844 0.238281 0.0828125 0.0882813 0.00263214
73 0.866667 0.298828 0.0833333 0.119141 0.00261116
73 0.113672 0.0910156 0.0914062 0.0736328 0.00257111
73 0.127995 0.085376 0.0648438 0.0624512 0.00255013
56 0.861458 0.74375 0.275 0.289062 0.00250244
77 0.696875 0.535938 0.44375 0.253125 0.00247192
57 0.772396 0.782031 0.446875 0.414063 0.00246239
13 0.836458 0.336523 0.325 0.331641 0.0024147
56 0.322396 0.0572266 0.215625 0.112891 0.00239754
73 0.808854 0.260352 0.0739583 0.0835938 0.00235939
77 0.756771 0.664844 0.09375 0.0734375 0.00229645
73 0.0953125 0.0843994 0.129167 0.0937012 0.00226974
57 0.495833 0.867383 0.991667 0.252734 0.00225258
59 0.501562 0.770313 0.980208 0.445313 0.00210762
0 0.594792 0.179492 0.314583 0.332813 0.00209999
73 0.853125 0.233594 0.222917 0.0851563 0.0020504
73 0.0863281 0.0682617 0.14974 0.130664 0.00203514
0 0.86875 0.758203 0.2625 0.238281 0.00201035
59 0.0575521 0.866406 0.111979 0.257812 0.00200272
57 0.851042 0.8 0.297917 0.384375 0.00200272
73 0.0192708 0.0797852 0.0354167 0.129102 0.00198746
0 0.816667 0.750391 0.202083 0.241406 0.00198746
56 0.7875 0.707031 0.408333 0.426563 0.00198746
0 0.491146 0.339063 0.815625 0.666406 0.0019722
57 0.852604 0.314063 0.290625 0.263281 0.00192642
73 0.955208 0.294922 0.0833333 0.232031 0.00191879
13 0.93125 0.396484 0.122917 0.0921875 0.00188923
73 0.816667 0.237891 0.0604167 0.04375 0.00186062
56 0.944271 0.651563 0.111458 0.23125 0.00184631
73 0.864062 0.254492 0.263542 0.224609 0.00182438
73 0.945312 0.689844 0.109375 0.14375 0.00178909
56 0.86875 0.172949 0.260417 0.0693359 0.00178909
56 0.934375 0.379688 0.129167 0.075 0.00178242
56 0.93724 0.406348 0.121354 0.0685547 0.00174141
57 0.832292 0.571484 0.2625 0.672656 0.0017004
73 0.870833 0.333008 0.247917 0.263672 0.00168705
26 0.945833 0.68125 0.108333 0.154688 0.00163555
13 0.783333 0.548438 0.43125 0.825 0.00163555
13 0.934375 0.379688 0.129167 0.075 0.00162888
13 0.668229 0.289062 0.663542 0.3 0.00162315
57 0.802604 0.521094 0.384375 0.839063 0.0015974
56 0.461458 0.446875 0.915625 0.86875 0.00157928
57 0.945312 0.677344 0.109375 0.1625 0.00155449
59 0.870833 0.742188 0.258333 0.271875 0.00153637
73 0.935417 0.3125 0.075 0.0804688 0.0015192
0 0.688542 0.495703 0.514583 0.355469 0.0015192
0 0.299219 0.546094 0.591146 0.898438 0.0014782
56 0.935156 0.270703 0.100521 0.158594 0.00146675
73 0.784896 0.255273 0.119792 0.103516 0.00144958
73 0.964583 0.286719 0.0270833 0.0949219 0.00141621
73 0.934375 0.371289 0.125 0.0605469 0.00141048
13 0.859375 0.649219 0.279167 0.454688 0.00141048
60 0.86875 0.176904 0.258333 0.0641602 0.00139427
57 0.758333 0.678906 0.425 0.615625 0.00137806
57 0.645833 0.789063 0.704167 0.404688 0.00136662
56 0.928125 0.401465 0.139583 0.129883 0.00134563
57 0.668229 0.289062 0.663542 0.3 0.00133514
59 0.863542 0.676563 0.272917 0.4125 0.00133514
56 0.51263 0.767969 0.95599 0.45 0.00133514
13 0.935417 0.455566 0.129167 0.216992 0.00123978
60 0.94349 0.460938 0.113021 0.0703125 0.00123024
56 0.938542 0.415625 0.10625 0.0585938 0.00122547
13 0.941146 0.542969 0.117708 0.234375 0.00121593
57 0.848958 0.895313 0.297917 0.203125 0.00121593
77 0.676562 0.596094 0.409375 0.423438 0.00117874
68 0.873958 0.075293 0.25 0.147461 0.00117397
77 0.814583 0.748438 0.204167 0.242188 0.0011692
73 0.86875 0.172949 0.260417 0.0693359 0.00115585
56 0.0199219 0.0696289 0.0364583 0.130664 0.00114727
73 0.93724 0.406348 0.121354 0.0685547 0.00113392
60 0.863021 0.300732 0.271875 0.292285 0.00112057
60 0.941146 0.497656 0.117708 0.126563 0.00109482
57 0.434896 0.305078 0.855208 0.592188 0.00106525
73 0.813542 0.271484 0.1 0.107031 0.00105667
56 0.839583 0.280078 0.096875 0.0921875 0.00104809
39 0.0976562 0.0873291 0.0911458 0.0667481 0.00104046
56 0.823438 0.277344 0.116667 0.110938 0.00104046
73 0.0546875 0.071582 0.0848958 0.119531 0.00103188
77 0.832292 0.571484 0.2625 0.672656 0.00102806
13 0.8625 0.578906 0.272917 0.842188 0.00101185
77 0.476042 0.519922 0.94375 0.927344 0.72168
0 0.677083 0.277734 0.475 0.541406 0.580566
0 0.679167 0.500781 0.504167 0.985938 0.518555
77 0.303385 0.520703 0.603646 0.944531 0.397949
56 0.864583 0.560156 0.270833 0.798438 0.157104
56 0.788542 0.549609 0.420833 0.825781 0.129883
56 0.863542 0.309766 0.270833 0.300781 0.122498
0 0.480208 0.510938 0.95 0.957813 0.112183
73 0.901042 0.274805 0.0875 0.145703 0.0957031
56 0.688021 0.571875 0.609375 0.85625 0.0953369
73 0.890104 0.258594 0.090625 0.111328 0.092041
56 0.861979 0.377344 0.273958 0.446875 0.0827026
73 0.853646 0.265625 0.0958333 0.111719 0.0637207
73 0.924479 0.276367 0.0947917 0.145703 0.0596619
73 0.905208 0.264063 0.0645833 0.121094 0.0592041
56 0.811458 0.345361 0.375 0.367871 0.055603
73 0.891667 0.3 0.0833333 0.109375 0.0549927
73 0.942708 0.282422 0.0625 0.108594 0.0534058
73 0.872917 0.273828 0.06875 0.0757813 0.0507202
73 0.872917 0.279102 0.208333 0.160547 0.0505066
73 0.892708 0.273438 0.0791667 0.109375 0.0432129
73 0.836458 0.270508 0.122917 0.119922 0.0428772
73 0.960417 0.250391 0.0375 0.0710938 0.0391846
73 0.959375 0.265234 0.0375 0.104688 0.0380249
73 0.938542 0.255078 0.08125 0.0949219 0.0367737
73 0.878125 0.280664 0.05 0.0621094 0.035553
73 0.932292 0.295898 0.0458333 0.0855469 0.0348816
77 0.690104 0.486719 0.519792 0.375 0.0347595
73 0.903125 0.233789 0.0479167 0.0511719 0.0344849
73 0.877083 0.257812 0.0791667 0.104688 0.0342407
73 0.938542 0.26875 0.0666667 0.084375 0.0339661
73 0.873958 0.321875 0.235417 0.253125 0.0322266
73 0.94375 0.298633 0.05625 0.084375 0.0321045
73 0.898438 0.253125 0.059375 0.0992188 0.0318604
73 0.864583 0.279297 0.0729167 0.0726563 0.0318604
73 0.921875 0.235938 0.05 0.0476563 0.0279083
73 0.932813 0.229297 0.090625 0.0679688 0.0276947
73 0.921875 0.255469 0.0833333 0.1 0.0270691
77 0.684375 0.494531 0.527083 0.957813 0.0253754
73 0.951042 0.301953 0.0458333 0.0609375 0.0233307
73 0.927083 0.303516 0.04375 0.084375 0.0223694
73 0.936458 0.303906 0.04375 0.0765625 0.0186157
73 0.878646 0.239063 0.0666667 0.0632813 0.0184784
73 0.879687 0.299219 0.0677083 0.114844 0.0176392
62 0.873958 0.0756104 0.252083 0.147998 0.0175171
57 0.861979 0.653906 0.276042 0.454688 0.0161591
56 0.859896 0.639844 0.273958 0.495313 0.0156708
73 0.960417 0.264844 0.0416667 0.142578 0.0156021
73 0.917708 0.305469 0.0604167 0.0828125 0.0153046
56 0.935417 0.455469 0.129167 0.21875 0.0151901
73 0.865104 0.237109 0.0697917 0.0554688 0.0126724
39 0.120182 0.0867188 0.0559896 0.0630859 0.0125732
73 0.841667 0.260156 0.0791667 0.1 0.0119629
0 0.6625 0.78457 0.2 0.415234 0.0117798
73 0.857292 0.289062 0.0729167 0.0847656 0.0113754
56 0.940625 0.491406 0.11875 0.145313 0.0112915
77 0.71875 0.638281 0.48125 0.634375 0.0110321
56 0.928646 0.314844 0.138542 0.264844 0.0109863
73 0.95625 0.303906 0.0291667 0.0375 0.0107346
39 0.116927 0.0849609 0.040625 0.0599609 0.0104065
73 0.907292 0.305859 0.05625 0.0945313 0.00997162
56 0.842187 0.276953 0.228125 0.159375 0.00978088
73 0.835417 0.278516 0.177083 0.15625 0.00912476
57 0.501172 0.771875 0.983073 0.442188 0.00891876
73 0.838542 0.280078 0.1 0.0929688 0.0086441
56 0.934375 0.398047 0.129167 0.100781 0.00854492
0 0.704167 0.351953 0.3875 0.288281 0.00847626
57 0.860937 0.743359 0.276042 0.286719 0.00815582
73 0.853646 0.238281 0.078125 0.0601563 0.00800323
56 0.829167 0.562891 0.275 0.699219 0.00790405
73 0.939844 0.305273 0.0703125 0.0949219 0.00757599
56 0.942187 0.51875 0.115625 0.1875 0.00740433
39 0.118099 0.0870117 0.0804688 0.0650391 0.00679779
73 0.842708 0.232422 0.0375 0.04375 0.00634003
13 0.863542 0.309766 0.270833 0.300781 0.00634003
56 0.628255 0.29082 0.74349 0.308203 0.00614548
56 0.934375 0.424316 0.129167 0.15293 0.00600433
57 0.729688 0.512109 0.507292 0.911719 0.00600433
77 0.651042 0.774219 0.197917 0.379688 0.00595856
57 0.802083 0.696094 0.383333 0.423438 0.00588989
73 0.826042 0.237695 0.0479167 0.0449219 0.00582123
73 0.93125 0.41875 0.1 0.0578125 0.00582123
73 0.905729 0.232031 0.0635417 0.0617188 0.00542831
77 0.641146 0.514063 0.307292 0.378125 0.00542831
56 0.0585938 0.86582 0.114583 0.258984 0.00534439
77 0.264844 0.319336 0.529688 0.521484 0.00534439
57 0.0575521 0.866406 0.1125 0.257812 0.00518036
73 0.9875 0.256592 0.025 0.164941 0.0051384
56 0.939583 0.553125 0.120833 0.251563 0.0051384
56 0.834375 0.355078 0.19375 0.305469 0.00498199
16 0.476042 0.519922 0.94375 0.927344 0.00496292
0 0.741667 0.734375 0.385417 0.5125 0.00492477
13 0.941667 0.495313 0.116667 0.139063 0.00484848
56 0.863542 0.251367 0.26875 0.226953 0.00471878
73 0.892708 0.333789 0.0416667 0.04375 0.00466537
56 0.940104 0.604688 0.119792 0.35625 0.00457382
60 0.942187 0.51875 0.115625 0.1875 0.00418091
0 0.858333 0.647266 0.275 0.464844 0.00418091
73 0.929167 0.317969 0.125 0.254688 0.00415039
73 0.927604 0.397559 0.113542 0.0892578 0.00365067
73 0.947917 0.308984 0.0520833 0.0835938 0.00359344
73 0.9 0.334766 0.0260417 0.0371094 0.00351143
73 0.966667 0.25625 0.0333333 0.09375 0.00348282
57 0.486458 0.422266 0.972917 0.760156 0.00344276
0 0.471354 0.345313 0.865625 0.678906 0.00332451
73 0.128125 0.0852539 0.0645833 0.0623047 0.00312424
73 0.88125 0.333984 0.053125 0.0445313 0.0030632
73 0.929688 0.382422 0.115625 0.0671875 0.0030632
73 0.0643229 0.0763672 0.0692708 0.0988281 0.00288963
73 0.111979 0.0911865 0.0947917 0.073877 0.00288963
13 0.811458 0.345361 0.375 0.367871 0.00284576
73 0.865625 0.264111 0.258333 0.194434 0.00273705
77 0.757292 0.664453 0.09375 0.0726563 0.00270462
56 0.945312 0.676953 0.109375 0.163281 0.00268364
56 0.876562 0.282031 0.217708 0.167188 0.00260162
73 0.0950521 0.0855713 0.129688 0.0921387 0.00255013
13 0.788542 0.549609 0.420833 0.825781 0.00255013
56 0.322396 0.0572266 0.215625 0.112891 0.00251198
60 0.0575521 0.866406 0.1125 0.257812 0.00251198
13 0.728125 0.50625 0.539583 0.934375 0.00247192
73 0.815625 0.25332 0.05625 0.0644531 0.00225258
56 0.860937 0.743359 0.276042 0.286719 0.00217438
13 0.932292 0.396484 0.122917 0.09375 0.00214958
57 0.795833 0.517969 0.402083 0.851563 0.00213242
73 0.0861979 0.0685547 0.15 0.130859 0.00211525
59 0.486458 0.422266 0.972917 0.760156 0.00209999
73 0.0192708 0.0797119 0.0351562 0.129248 0.00208282
57 0.829167 0.562891 0.275 0.699219 0.0020752
77 0.860417 0.668359 0.275 0.424219 0.00203514
56 0.86875 0.173047 0.260417 0.0699219 0.00201988
57 0.842708 0.315625 0.3125 0.275 0.00200272
73 0.866667 0.299219 0.0854167 0.11875 0.00199509
57 0.768229 0.782617 0.455208 0.412891 0.00198746
56 0.802083 0.696094 0.383333 0.423438 0.00197983
59 0.501172 0.771875 0.983073 0.442188 0.00197983
73 0.940625 0.237891 0.08125 0.0875 0.0019722
26 0.945833 0.681641 0.108333 0.155469 0.00194931
73 0.808854 0.260156 0.075 0.0828125 0.00194168
77 0.697396 0.534766 0.442708 0.25 0.00194168
13 0.934375 0.381152 0.129167 0.0783203 0.00193405
56 0.934375 0.381152 0.129167 0.0783203 0.00193405
13 0.628255 0.29082 0.74349 0.308203 0.00192642
73 0.945312 0.689844 0.109375 0.142969 0.00191212
0 0.594271 0.178711 0.314583 0.330078 0.00189686
0 0.816667 0.75 0.204167 0.242188 0.00188923
0 0.868229 0.757813 0.263542 0.239063 0.00186729
57 0.496354 0.873438 0.992708 0.240625 0.00185299
56 0.463542 0.445313 0.923958 0.865625 0.00179577
56 0.944271 0.65 0.111458 0.234375 0.00174809
59 0.0575521 0.866406 0.1125 0.257812 0.00166798
13 0.8625 0.575391 0.272917 0.849219 0.00164223
73 0.855208 0.232813 0.229167 0.0851563 0.00163555
57 0.628255 0.29082 0.74349 0.308203 0.00157928
60 0.86875 0.176953 0.258333 0.0640625 0.00153637
13 0.859375 0.648828 0.279167 0.453906 0.00153637
73 0.816667 0.237695 0.0604167 0.0433594 0.00145531
59 0.870833 0.742188 0.258333 0.271875 0.00143814
57 0.85 0.800781 0.3 0.384375 0.00143814
13 0.941146 0.539844 0.117708 0.228125 0.00139427
73 0.95625 0.300977 0.08125 0.244922 0.00136662
13 0.861979 0.377344 0.273958 0.446875 0.00135612
59 0.863021 0.66875 0.273958 0.428125 0.00135612
56 0.813542 0.287109 0.183333 0.178125 0.00135136
57 0.945312 0.676953 0.109375 0.163281 0.00135136
26 0.872396 0.0757813 0.253125 0.148438 0.00134563
13 0.935417 0.455469 0.129167 0.21875 0.00131512
73 0.783333 0.254688 0.125 0.104688 0.00129414
73 0.934375 0.371484 0.125 0.0601563 0.00129414
0 0.690104 0.486719 0.519792 0.375 0.00129414
56 0.924479 0.40166 0.146875 0.137305 0.00126457
73 0.964583 0.290625 0.0270833 0.0859375 0.00124454
56 0.934375 0.271094 0.10625 0.161719 0.00122547
57 0.758333 0.679297 0.429167 0.613281 0.00118351
26 0.853125 0.932813 0.291667 0.128125 0.00117397
56 0.926562 0.411719 0.109375 0.0671875 0.0011692
60 0.942708 0.460938 0.114583 0.0703125 0.0011692
56 0.513542 0.769531 0.960417 0.446875 0.00115108
68 0.873958 0.0753662 0.25 0.147705 0.00114727
73 0.86875 0.173047 0.260417 0.0699219 0.00112438
77 0.814583 0.748047 0.20625 0.241406 0.0011158
60 0.864062 0.252295 0.265625 0.229785 0.00111198
60 0.941146 0.497656 0.117708 0.126563 0.00109005
73 0.233333 0.0767334 0.0270833 0.0633301 0.00108147
73 0.278646 0.073877 0.08125 0.0786133 0.00108147
73 0.0546875 0.0717773 0.0859375 0.118945 0.00106525
57 0.848958 0.895313 0.297917 0.203125 0.00104046
60 0.8625 0.299219 0.272917 0.307031 0.00104046
56 0.0199219 0.0696289 0.0364583 0.130664 0.00103188
56 0.49375 0.0388672 0.139583 0.0771484 0.00102806
28 0.872917 0.0753906 0.252083 0.147656 0.00101662
77 0.48125 0.517188 0.945833 0.951563 0.759277
0 0.677604 0.279297 0.477083 0.544531 0.57959
0 0.680208 0.501563 0.50625 0.984375 0.504883
77 0.298698 0.528906 0.592187 0.929688 0.230957
56 0.861979 0.571094 0.273958 0.857813 0.225464
56 0.810417 0.546875 0.379167 0.834375 0.164551
56 0.680729 0.567188 0.628125 0.865625 0.160278
56 0.863542 0.318555 0.272917 0.343359 0.157104
56 0.861458 0.426953 0.275 0.564063 0.114746
0 0.48125 0.5125 0.95 0.95625 0.101074
73 0.9 0.275 0.0916667 0.146875 0.0766602
73 0.889583 0.258594 0.0916667 0.110547 0.0726318
56 0.828125 0.361328 0.34375 0.426563 0.0708008
73 0.852083 0.266016 0.1 0.111719 0.0545959
73 0.871354 0.276172 0.228125 0.16875 0.0535889
73 0.923958 0.276367 0.0979167 0.146094 0.0477905
73 0.948958 0.273047 0.0541667 0.121875 0.0450134
73 0.904167 0.265234 0.0645833 0.123047 0.0441895
73 0.891667 0.3 0.0854167 0.110156 0.042572
73 0.871875 0.274414 0.0677083 0.0730469 0.0374756
73 0.960417 0.250391 0.0375 0.0710938 0.0359497
73 0.871875 0.322461 0.245833 0.259766 0.035553
73 0.835417 0.26875 0.135417 0.120313 0.0337219
73 0.959375 0.264648 0.0375 0.102734 0.0330811
73 0.892708 0.274414 0.0791667 0.111719 0.0319824
73 0.93776 0.253906 0.0828125 0.0929688 0.0316162
77 0.690625 0.468848 0.522917 0.40918 0.0299835
77 0.685937 0.49375 0.530208 0.953125 0.0283356
73 0.94375 0.298047 0.05625 0.0820313 0.0281067
73 0.878125 0.280469 0.05 0.0617188 0.0275879
73 0.933333 0.296484 0.04375 0.0820313 0.0269623
73 0.939583 0.266016 0.0645833 0.071875 0.0266571
73 0.8625 0.279297 0.075 0.0734375 0.0258636
73 0.903125 0.239063 0.05625 0.0671875 0.0257568
73 0.903125 0.233984 0.0479167 0.0507813 0.0255585
56 0.876042 0.318945 0.24375 0.260547 0.0254669
73 0.877083 0.299609 0.0802083 0.108594 0.024231
73 0.926042 0.256641 0.0916667 0.103906 0.0238647
73 0.876562 0.257422 0.0822917 0.103906 0.0237732
73 0.932292 0.229102 0.0916667 0.0679688 0.0236969
73 0.922917 0.235938 0.0541667 0.0476563 0.0236969
73 0.897917 0.253516 0.0614583 0.1 0.0230713
57 0.861458 0.653906 0.277083 0.454688 0.0217743
73 0.952083 0.301758 0.04375 0.0570313 0.0213623
62 0.873437 0.0753662 0.253125 0.147705 0.0210419
73 0.926562 0.303906 0.0447917 0.084375 0.0184784
56 0.860417 0.628516 0.277083 0.524219 0.0180511
56 0.935156 0.455859 0.129688 0.220313 0.0161591
73 0.93724 0.303906 0.0421875 0.075 0.0159607
73 0.960417 0.264258 0.0416667 0.142969 0.0140076
56 0.759896 0.291016 0.480208 0.311719 0.0137405
73 0.879167 0.239063 0.06875 0.0632813 0.0127716
73 0.920312 0.305859 0.0635417 0.0828125 0.0125275
56 0.860417 0.276563 0.258333 0.163672 0.0117798
56 0.939583 0.485938 0.120833 0.159375 0.011467
39 0.120052 0.0867188 0.0546875 0.0628906 0.0114212
73 0.95625 0.303906 0.0291667 0.0367188 0.0103302
56 0.927083 0.314453 0.141667 0.266406 0.00985718
39 0.116667 0.0848633 0.0395833 0.0595703 0.00974274
73 0.864583 0.237305 0.06875 0.0558594 0.00955963
73 0.839583 0.259375 0.0875 0.0984375 0.00955963
56 0.934375 0.398438 0.129167 0.103125 0.00955963
13 0.863542 0.318555 0.272917 0.343359 0.00908661
73 0.858333 0.289648 0.0770833 0.0867188 0.00815582
56 0.942187 0.517969 0.115625 0.1875 0.00815582
0 0.653646 0.785156 0.192708 0.364063 0.00812531
77 0.266406 0.424121 0.529688 0.729883 0.00812531
57 0.502083 0.772656 0.983333 0.440625 0.00775528
77 0.719792 0.633203 0.479167 0.646094 0.00763702
57 0.729167 0.509375 0.525 0.928125 0.00751877
56 0.863021 0.249561 0.269792 0.231348 0.00723267
0 0.703125 0.351172 0.389583 0.285938 0.00712204
73 0.907292 0.307422 0.05625 0.0914063 0.00701141
57 0.860417 0.744531 0.277083 0.282813 0.00669098
73 0.938542 0.306055 0.0708333 0.09375 0.00643921
77 0.650521 0.774219 0.196875 0.379688 0.00636292
16 0.477083 0.523438 0.94375 0.921875 0.006073
0 0.859375 0.646875 0.279167 0.465625 0.006073
39 0.117969 0.0870117 0.0807292 0.0648438 0.00572968
73 0.838021 0.280469 0.105208 0.09375 0.00557709
56 0.827083 0.271875 0.201042 0.152344 0.00547028
57 0.816146 0.691797 0.359375 0.430469 0.00544739
77 0.264583 0.300781 0.529167 0.484375 0.00536346
13 0.941667 0.495313 0.116667 0.140625 0.00530243
73 0.851042 0.238281 0.0791667 0.0601563 0.00508118
56 0.939323 0.558594 0.121354 0.2625 0.00502014
73 0.9875 0.256445 0.025 0.165625 0.00481033
73 0.842708 0.232422 0.0375 0.0433594 0.00468063
73 0.929688 0.41875 0.103125 0.0578125 0.0046463
56 0.0585938 0.86582 0.115104 0.258984 0.00446701
73 0.927083 0.317773 0.135417 0.258203 0.00445175
57 0.48125 0.517188 0.945833 0.951563 0.00436401
13 0.810417 0.546875 0.379167 0.834375 0.00432968
73 0.826042 0.237891 0.0479167 0.0433594 0.00429916
77 0.638542 0.513672 0.3 0.377344 0.0042305
13 0.726042 0.505078 0.545833 0.939844 0.00407028
73 0.128125 0.0852539 0.0645833 0.0619141 0.0039444
73 0.891667 0.333789 0.04375 0.04375 0.0039444
57 0.0575521 0.866406 0.1125 0.257812 0.00385475
60 0.941927 0.495313 0.116146 0.140625 0.00365067
0 0.464583 0.34375 0.89375 0.673438 0.00353813
0 0.743229 0.732422 0.388542 0.516406 0.00348282
73 0.0643229 0.0765869 0.0692708 0.0979981 0.00329781
56 0.834896 0.364844 0.183333 0.320313 0.00327301
73 0.905208 0.231445 0.0791667 0.0617188 0.00321007
73 0.109115 0.0913818 0.100521 0.0742676 0.00319672
13 0.828125 0.361328 0.34375 0.426563 0.00319672
56 0.322396 0.0570801 0.215625 0.112793 0.00317192
26 0.872396 0.0757813 0.253125 0.148438 0.00305176
13 0.861979 0.571094 0.273958 0.857813 0.00305176
73 0.9 0.335156 0.025 0.0367188 0.00301552
0 0.65625 0.746875 0.220833 0.490625 0.00300407
26 0.945833 0.681641 0.108333 0.15625 0.00298119
73 0.928125 0.397559 0.114583 0.0908203 0.0029583
73 0.947917 0.309766 0.0520833 0.0824219 0.00294685
73 0.0945312 0.0853516 0.130729 0.0933594 0.00294685
77 0.756771 0.664063 0.09375 0.071875 0.00292397
73 0.895833 0.335938 0.03125 0.0414063 0.00288963
57 0.863542 0.291064 0.272917 0.308496 0.00284576
13 0.932292 0.396973 0.122917 0.0951172 0.00281143
57 0.817708 0.549902 0.316667 0.74082 0.00279999
56 0.86875 0.173242 0.260417 0.0707031 0.00276756
73 0.966667 0.257422 0.0354167 0.0980469 0.00274658
56 0.945312 0.676563 0.109375 0.164063 0.00263214
73 0.88125 0.333984 0.0541667 0.0445313 0.00255013
73 0.0192708 0.0795899 0.0348958 0.128906 0.00244331
73 0.825 0.234766 0.0604167 0.0460938 0.00244331
73 0.0861979 0.0687988 0.15 0.130957 0.00232315
13 0.759896 0.291016 0.480208 0.311719 0.00232315
73 0.945312 0.689844 0.109375 0.142188 0.00222588
56 0.467578 0.440625 0.933594 0.851563 0.00220871
77 0.860417 0.661328 0.277083 0.438281 0.00219154
13 0.861458 0.426953 0.275 0.564063 0.00218201
56 0.927083 0.580469 0.145833 0.320313 0.00216484
59 0.502083 0.772656 0.983333 0.440625 0.00203514
56 0.816146 0.691797 0.359375 0.430469 0.00202751
28 0.872917 0.0753906 0.252083 0.147656 0.00201035
56 0.86875 0.732813 0.2625 0.289062 0.0019722
57 0.759896 0.291016 0.480208 0.311719 0.0019722
60 0.86875 0.176563 0.258333 0.0640625 0.00194931
57 0.76875 0.730078 0.435417 0.521094 0.00188923
60 0.0575521 0.866406 0.1125 0.257812 0.00183868
56 0.94349 0.641016 0.113021 0.252344 0.00182438
26 0.853646 0.932031 0.290625 0.128125 0.00181007
57 0.496875 0.883008 0.99375 0.221484 0.00181007
0 0.86875 0.757813 0.2625 0.239063 0.00178909
0 0.816667 0.749219 0.204167 0.24375 0.00176144
13 0.859896 0.648438 0.280208 0.45625 0.00174141
73 0.930208 0.373438 0.114583 0.0515625 0.00163555
56 0.930208 0.384766 0.116667 0.071875 0.00159168
60 0.864583 0.251758 0.266667 0.232422 0.00158501
73 0.815104 0.254688 0.0583333 0.065625 0.00152493
73 0.864583 0.249268 0.2625 0.22959 0.00151253
61 0.477083 0.523438 0.94375 0.921875 0.00148392
13 0.941146 0.538281 0.117708 0.225 0.00146675
56 0.926042 0.408984 0.110417 0.0757813 0.00145531
59 0.8625 0.663281 0.275 0.440625 0.00143242
73 0.808854 0.260547 0.0760417 0.08125 0.00141048
56 0.929688 0.41875 0.103125 0.0578125 0.00137234
60 0.941146 0.536719 0.117708 0.221875 0.00136662
13 0.935156 0.455859 0.129688 0.220313 0.00134563
73 0.278385 0.0737793 0.0807292 0.078418 0.00133514
73 0.940625 0.2375 0.0791667 0.0863281 0.00133038
56 0.494792 0.0387817 0.139583 0.077124 0.00130463
73 0.822917 0.277734 0.195833 0.160156 0.00129986
56 0.917708 0.403223 0.160417 0.14668 0.00129414
77 0.697917 0.533984 0.441667 0.247656 0.0012598
59 0.0575521 0.866406 0.1125 0.257812 0.00124454
26 0.86875 0.756641 0.260417 0.242969 0.00123501
65 0.789062 0.133789 0.0822917 0.0277344 0.00123024
59 0.870833 0.741797 0.258333 0.272656 0.00122547
60 0.863542 0.318555 0.272917 0.343359 0.00122547
0 0.690625 0.468848 0.522917 0.40918 0.0012207
59 0.479167 0.519531 0.94375 0.921875 0.00121593
73 0.0549479 0.072168 0.0854167 0.117383 0.0012064
57 0.850521 0.923438 0.298958 0.146875 0.00119209
73 0.233333 0.0766602 0.0270833 0.0634766 0.00118828
60 0.942708 0.460938 0.114583 0.0703125 0.0011692
57 0.945312 0.676563 0.109375 0.164063 0.0011692
56 0.854167 0.932813 0.289583 0.128125 0.00116062
57 0.848437 0.800781 0.303125 0.385938 0.00112915
73 0.857292 0.23125 0.239583 0.0867188 0.0011158
73 0.964583 0.294922 0.0270833 0.0765625 0.00109005
73 0.903125 0.271484 0.175 0.166406 0.00108624
73 0.86875 0.173242 0.260417 0.0707031 0.00108147
0 0.59375 0.177539 0.313542 0.326953 0.00107288
77 0.814583 0.747656 0.20625 0.240625 0.00106525
73 0.0627604 0.0919922 0.0645833 0.0671875 0.00105667
73 0.934375 0.384375 0.129167 0.084375 0.00104809
56 0.838542 0.271094 0.110417 0.114453 0.00104046
57 0.940365 0.594531 0.119271 0.35 0.00103188
59 0.709375 0.496094 0.5625 0.951563 0.00103188
56 0.0197917 0.0694336 0.0364583 0.130469 0.00100803
56 0.854167 0.678125 0.275 0.3625 0.00100803
77 0.481771 0.51875 0.944792 0.951563 0.803223
0 0.678646 0.282422 0.480208 0.551563 0.526367
0 0.685417 0.502344 0.516667 0.98125 0.503906
56 0.861979 0.568359 0.273958 0.863281 0.344238
56 0.676042 0.564453 0.641667 0.871094 0.287842
56 0.8625 0.33667 0.275 0.396973 0.216675
56 0.864062 0.421094 0.271875 0.563281 0.181274
77 0.299219 0.528906 0.593229 0.932813 0.144165
56 0.820833 0.461328 0.358333 0.653906 0.0984497
56 0.759375 0.512891 0.479167 0.911719 0.076416
0 0.482292 0.514063 0.952083 0.95625 0.0703125
73 0.9 0.275391 0.0979167 0.148438 0.0507202
73 0.889062 0.258984 0.0927083 0.1125 0.0469055
77 0.689583 0.492969 0.5375 0.948438 0.0440063
73 0.86875 0.279297 0.241667 0.180469 0.0411377
73 0.848958 0.266602 0.10625 0.113672 0.0383301
56 0.866667 0.327734 0.2625 0.269531 0.0370483
73 0.948958 0.272461 0.0541667 0.120703 0.0366211
77 0.693229 0.450781 0.526042 0.44375 0.0348816
73 0.923437 0.276563 0.101042 0.147656 0.0325928
73 0.94375 0.283203 0.0604167 0.096875 0.0311432
73 0.960417 0.250586 0.0375 0.0714844 0.0284424
73 0.904167 0.267969 0.06875 0.129297 0.0267639
73 0.891667 0.299609 0.0875 0.111719 0.0264587
73 0.958333 0.264453 0.0375 0.101563 0.0256653
57 0.861979 0.653125 0.276042 0.457813 0.0248871
73 0.870833 0.321094 0.252083 0.264063 0.0244293
73 0.944792 0.297266 0.05625 0.0796875 0.0217743
73 0.870833 0.274219 0.06875 0.0726563 0.021286
73 0.938542 0.249609 0.08125 0.0835938 0.0210419
73 0.93125 0.301172 0.0395833 0.0757813 0.0185394
73 0.893229 0.275781 0.0802083 0.122656 0.0182648
73 0.927604 0.258203 0.096875 0.108984 0.0175171
73 0.878125 0.280469 0.05 0.0625 0.0170441
73 0.940625 0.263672 0.0625 0.0648438 0.0168457
73 0.860417 0.278516 0.08125 0.0765625 0.0166626
73 0.874479 0.299219 0.0875 0.110938 0.0162811
62 0.873437 0.0753906 0.253125 0.147461 0.0162811
73 0.903125 0.250781 0.0583333 0.090625 0.016098
73 0.953125 0.301953 0.0416667 0.053125 0.016098
56 0.859896 0.646094 0.278125 0.46875 0.0158997
56 0.934375 0.457031 0.13125 0.225 0.0156708
73 0.924479 0.236719 0.059375 0.05 0.0149536
13 0.8625 0.33667 0.275 0.396973 0.0149002
56 0.865625 0.251904 0.266667 0.23291 0.014389
56 0.859375 0.275391 0.2625 0.166406 0.0142288
73 0.902083 0.23418 0.0479167 0.0503906 0.014061
73 0.880208 0.285156 0.0604167 0.0761719 0.0138474
73 0.935417 0.237109 0.0895833 0.0828125 0.0132217
57 0.727604 0.508594 0.538542 0.94375 0.0124283
73 0.875521 0.257422 0.0864583 0.104688 0.0119629
73 0.9375 0.304102 0.0416667 0.0738281 0.0115509
77 0.267448 0.397656 0.532812 0.676563 0.011467
73 0.960417 0.263672 0.0416667 0.14375 0.0112915
73 0.940625 0.307422 0.05625 0.0789063 0.0109863
13 0.838542 0.546094 0.322917 0.848438 0.0107803
13 0.719792 0.507812 0.560417 0.94375 0.0103302
73 0.913021 0.231641 0.071875 0.0609375 0.0102921
56 0.941927 0.495703 0.116146 0.141406 0.00948334
13 0.864062 0.421094 0.271875 0.563281 0.00948334
56 0.934375 0.401563 0.129167 0.111719 0.00891876
39 0.120052 0.0867188 0.0526042 0.0626953 0.00874329
56 0.920312 0.313867 0.157292 0.268359 0.00857544
73 0.95625 0.303711 0.0291667 0.0363281 0.00854492
73 0.924479 0.306641 0.0697917 0.0835938 0.00812531
39 0.116406 0.0847412 0.0385417 0.0590332 0.00772476
57 0.481771 0.51875 0.944792 0.951563 0.00725937
77 0.720833 0.619922 0.479167 0.678906 0.00714874
73 0.879167 0.239063 0.0729167 0.0640625 0.00634003
0 0.653125 0.785156 0.19375 0.365625 0.00629044
77 0.651042 0.775 0.197917 0.38125 0.006073
16 0.478125 0.527344 0.94375 0.915625 0.00568771
56 0.939583 0.596875 0.120833 0.35625 0.00564194
13 0.941667 0.495703 0.116667 0.141406 0.00553513
0 0.859896 0.646094 0.278125 0.46875 0.00538635
73 0.863021 0.237891 0.071875 0.0570313 0.00524139
73 0.923958 0.2875 0.13125 0.2 0.00519943
56 0.86875 0.173828 0.2625 0.0699219 0.0051384
0 0.703125 0.350391 0.391667 0.285156 0.00503922
73 0.938542 0.306836 0.0708333 0.0925781 0.00479126
56 0.941146 0.536328 0.117708 0.221875 0.00479126
57 0.797396 0.686719 0.401042 0.490625 0.00475693
77 0.260938 0.289453 0.521875 0.464844 0.00468063
57 0.503255 0.773438 0.983073 0.439063 0.00443268
73 0.128255 0.0853516 0.0643229 0.0617188 0.00436401
73 0.934375 0.225 0.09375 0.0617188 0.00432968
39 0.118099 0.0871338 0.0804688 0.0647949 0.00429916
73 0.9875 0.256641 0.025 0.167188 0.00426483
73 0.905208 0.308398 0.0604167 0.0898438 0.00413513
26 0.872917 0.076001 0.254167 0.148389 0.00413513
56 0.842708 0.364063 0.210417 0.321875 0.00400543
57 0.871354 0.740625 0.257292 0.273438 0.00392914
13 0.933073 0.396094 0.129688 0.104688 0.00388527
73 0.117969 0.0881836 0.08125 0.0675781 0.00340271
57 0.863542 0.292578 0.272917 0.314844 0.00340271
77 0.640625 0.511719 0.302083 0.373438 0.00337601
56 0.474479 0.4375 0.948958 0.8375 0.00335121
56 0.0589844 0.865625 0.115625 0.259375 0.00332451
0 0.46862 0.355859 0.92526 0.692969 0.00332451
56 0.322396 0.0570313 0.215625 0.1125 0.00327301
77 0.757292 0.664063 0.09375 0.071875 0.00319672
73 0.0645833 0.0767334 0.0697917 0.0973145 0.00309944
73 0.911979 0.317578 0.169792 0.261719 0.00309944
73 0.104427 0.0918945 0.110417 0.075 0.00304031
60 0.941146 0.496875 0.117708 0.140625 0.00291252
73 0.09375 0.0849854 0.133333 0.0956543 0.00283432
73 0.8375 0.280859 0.110417 0.096875 0.0026722
73 0.928125 0.416406 0.108333 0.0625 0.00259018
26 0.945833 0.68125 0.108333 0.157031 0.00259018
73 0.842187 0.232617 0.0385417 0.0433594 0.00255013
60 0.86875 0.176611 0.260417 0.0639648 0.00247192
73 0.890625 0.333594 0.0458333 0.0445313 0.00245285
28 0.873437 0.0753906 0.253125 0.147656 0.00245285
0 0.747396 0.718359 0.398958 0.546094 0.00237846
77 0.861458 0.655859 0.277083 0.450781 0.00236893
57 0.0579427 0.866406 0.11276 0.257812 0.00234222
73 0.844271 0.238477 0.090625 0.0613281 0.00233269
73 0.0192708 0.0792969 0.0354167 0.129297 0.00228691
73 0.826562 0.239063 0.0489583 0.04375 0.00226974
60 0.865625 0.251904 0.266667 0.23291 0.00216484
73 0.945573 0.689844 0.108854 0.142188 0.00214958
56 0.709896 0.262891 0.557292 0.464844 0.00214005
73 0.0854167 0.0689941 0.152083 0.131543 0.00211525
13 0.861458 0.583203 0.275 0.633594 0.00211525
73 0.899479 0.335156 0.0260417 0.0367188 0.00200272
56 0.869792 0.730859 0.260417 0.292969 0.00190449
57 0.46862 0.355859 0.92526 0.692969 0.00190449
56 0.945312 0.666406 0.109375 0.184375 0.00189686
26 0.854167 0.93125 0.291667 0.128125 0.00178909
59 0.48112 0.523828 0.946094 0.914844 0.00175476
73 0.966667 0.258594 0.0375 0.104688 0.00174141
73 0.894792 0.335742 0.0333333 0.0414063 0.00172043
73 0.928125 0.398828 0.114583 0.0929688 0.00172043
59 0.727604 0.508594 0.538542 0.94375 0.00171375
56 0.797396 0.686719 0.401042 0.490625 0.00171375
13 0.941146 0.534375 0.117708 0.21875 0.00163555
61 0.478125 0.527344 0.94375 0.915625 0.00160408
13 0.934375 0.457031 0.13125 0.225 0.0014782
77 0.405729 0.421875 0.811458 0.740625 0.00146675
60 0.8625 0.33667 0.275 0.396973 0.00146675
60 0.0579427 0.866406 0.11276 0.257812 0.00145531
73 0.278125 0.0738281 0.0802083 0.078125 0.00144386
59 0.8625 0.657031 0.275 0.454688 0.00143814
56 0.927083 0.405469 0.110417 0.0851563 0.00142097
57 0.775 0.774219 0.4375 0.432813 0.00142097
59 0.503255 0.773438 0.983073 0.439063 0.00141621
0 0.65625 0.729688 0.23125 0.525 0.00140476
56 0.494792 0.0388184 0.140625 0.0770508 0.00138855
73 0.896354 0.230859 0.128125 0.0628906 0.00136662
56 0.930208 0.3875 0.11875 0.0773438 0.00136662
26 0.86875 0.75625 0.260417 0.24375 0.00136185
73 0.233333 0.0767822 0.0270833 0.063623 0.00127411
13 0.865625 0.251904 0.266667 0.23291 0.00127411
0 0.86875 0.757813 0.2625 0.239063 0.00125504
57 0.763021 0.677344 0.440625 0.621875 0.0012207
73 0.825 0.234766 0.0583333 0.0453125 0.00118828
57 0.648828 0.561719 0.702344 0.85 0.00118828
65 0.789062 0.133789 0.0822917 0.0277344 0.00116539
57 0.496875 0.890625 0.99375 0.209375 0.00116539
59 0.865625 0.251904 0.266667 0.23291 0.00115108
73 0.0643229 0.0919922 0.0677083 0.0671875 0.00111198
0 0.816667 0.748828 0.202083 0.242969 0.00111198
73 0.872917 0.076001 0.254167 0.148389 0.00110722
57 0.939583 0.596875 0.120833 0.35625 0.00110722
73 0.0539063 0.0720703 0.0880208 0.117773 0.00109863
73 0.0988281 0.104102 0.11901 0.0464844 0.00109863
57 0.851042 0.926563 0.297917 0.1375 0.00108147
56 0.804167 0.366016 0.2 0.333594 0.00107288
13 0.940104 0.607031 0.119792 0.360938 0.00107288
56 0.854167 0.93125 0.291667 0.128125 0.00107288
56 0.838542 0.271094 0.113542 0.114844 0.00106525
60 0.941146 0.536328 0.117708 0.221875 0.00104809
56 0.890625 0.396094 0.216667 0.2 0.00103188
59 0.871354 0.740625 0.257292 0.273438 0.00102425
77 0.698438 0.533203 0.442708 0.246875 0.00100803
0 0.693229 0.450781 0.526042 0.44375 0.00100422
77 0.483854 0.528125 0.948958 0.934375 0.822266
0 0.690104 0.502344 0.526042 0.979688 0.472656
0 0.679167 0.284766 0.483333 0.554688 0.47168
56 0.861979 0.567578 0.273958 0.864844 0.373779
56 0.684245 0.563672 0.62526 0.872656 0.364746
56 0.8625 0.362109 0.275 0.452344 0.24585
77 0.304948 0.532031 0.606771 0.926563 0.153076
77 0.692187 0.492969 0.540625 0.940625 0.0766602
56 0.863542 0.293018 0.272917 0.31709 0.0616455
0 0.482812 0.520313 0.953125 0.945313 0.0518494
73 0.9 0.275391 0.1 0.148438 0.0472412
77 0.694792 0.437402 0.527083 0.473633 0.0467224
73 0.888542 0.258594 0.09375 0.110938 0.0456848
73 0.848958 0.266406 0.108333 0.113281 0.037323
73 0.948958 0.272266 0.0541667 0.119531 0.0372009
73 0.869792 0.280078 0.239583 0.18125 0.0366211
57 0.861458 0.64375 0.277083 0.473438 0.0319824
73 0.94375 0.283398 0.0604167 0.09375 0.0305634
73 0.960417 0.25 0.0354167 0.0703125 0.0299835
73 0.923437 0.276563 0.101042 0.147266 0.0298767
13 0.846875 0.548047 0.304167 0.857031 0.0296478
13 0.746354 0.516016 0.507292 0.925781 0.0273743
73 0.958333 0.263477 0.0375 0.0996094 0.0264587
73 0.904687 0.266797 0.0697917 0.126563 0.0259552
73 0.891146 0.299609 0.0885417 0.111719 0.0234222
13 0.8625 0.362109 0.275 0.452344 0.0232391
73 0.94375 0.29707 0.05625 0.0792969 0.0222931
73 0.870313 0.274023 0.0697917 0.0722656 0.0218658
73 0.871354 0.321094 0.251042 0.263281 0.0204926
56 0.861458 0.64375 0.277083 0.473438 0.0201721
73 0.939583 0.249609 0.0791667 0.0808594 0.0197144
73 0.93125 0.301172 0.0395833 0.0753906 0.0193481
57 0.728646 0.513281 0.540625 0.945313 0.0184021
73 0.89375 0.275781 0.08125 0.121094 0.0180511
73 0.877604 0.280469 0.05 0.0625 0.0172424
73 0.927083 0.258008 0.0958333 0.107422 0.0171814
73 0.859375 0.278516 0.0833333 0.0765625 0.0167847
73 0.954167 0.302344 0.0416667 0.0523438 0.0165253
73 0.902604 0.250977 0.0572917 0.090625 0.0161591
73 0.940625 0.263672 0.0625 0.0570313 0.0159607
56 0.859896 0.274805 0.263542 0.167578 0.0159607
56 0.934375 0.456641 0.13125 0.225781 0.0149002
73 0.873958 0.299219 0.0895833 0.110938 0.0147324
62 0.873958 0.0751953 0.252083 0.146875 0.0145569
73 0.902083 0.233984 0.0479167 0.05 0.0142288
73 0.924479 0.236719 0.059375 0.0492188 0.0140076
73 0.880208 0.285547 0.0604167 0.0765625 0.0133286
77 0.267708 0.354297 0.533333 0.582813 0.0123367
73 0.960417 0.262891 0.0416667 0.144531 0.0120544
73 0.875 0.257617 0.0875 0.103906 0.0120087
73 0.930729 0.229297 0.090625 0.0671875 0.0116882
73 0.9375 0.304297 0.0416667 0.0742188 0.0116882
57 0.483854 0.528125 0.948958 0.934375 0.0111618
73 0.940625 0.307422 0.05625 0.0789063 0.0108185
73 0.910417 0.231641 0.0666667 0.0601563 0.00967407
73 0.95625 0.303711 0.0291667 0.0367188 0.00891876
56 0.942708 0.495313 0.114583 0.142188 0.00837708
56 0.935156 0.403906 0.129688 0.117969 0.00821686
73 0.924479 0.306641 0.0697917 0.0835938 0.00809479
56 0.919792 0.313281 0.158333 0.26875 0.00806427
73 0.882292 0.304297 0.0666667 0.104688 0.00746155
56 0.855208 0.349609 0.277083 0.305469 0.00712204
13 0.941667 0.495313 0.116667 0.140625 0.00712204
77 0.721354 0.603906 0.480208 0.717188 0.00698471
56 0.869271 0.174219 0.261458 0.0707031 0.00653839
39 0.119792 0.0866211 0.0510417 0.0623047 0.00643921
73 0.878646 0.239063 0.0739583 0.0640625 0.00634003
39 0.115885 0.0845703 0.0375 0.0585938 0.00631332
13 0.933073 0.396191 0.129688 0.106055 0.00629044
16 0.479167 0.535156 0.947917 0.901563 0.006073
73 0.923958 0.291992 0.13125 0.208984 0.00568771
77 0.651042 0.775 0.195833 0.38125 0.0055542
56 0.939583 0.597656 0.120833 0.359375 0.00551224
73 0.861458 0.237109 0.06875 0.0554688 0.00534439
57 0.8625 0.558203 0.275 0.705469 0.00530243
13 0.863542 0.292773 0.272917 0.312891 0.00521851
73 0.128646 0.0852539 0.0640625 0.0613281 0.00511932
57 0.777083 0.694922 0.441667 0.539844 0.00500107
56 0.68125 0.288672 0.483333 0.560156 0.00498199
73 0.9875 0.256592 0.025 0.168066 0.00492477
0 0.653646 0.785156 0.191667 0.365625 0.00481033
0 0.702604 0.350391 0.392708 0.285156 0.00466537
56 0.941146 0.535156 0.117708 0.220313 0.0046463
73 0.938542 0.306836 0.0708333 0.0921875 0.0045929
73 0.103125 0.0916992 0.113542 0.0746094 0.00415039
73 0.904687 0.308594 0.0614583 0.0890625 0.00413513
73 0.117448 0.0881836 0.0828125 0.0673828 0.00405502
57 0.871875 0.740234 0.25625 0.274219 0.00405502
77 0.642708 0.508594 0.308333 0.367188 0.00402451
73 0.0643229 0.0770508 0.0697917 0.0962891 0.00385475
56 0.48112 0.434375 0.954427 0.81875 0.00385475
73 0.110937 0.0967773 0.0942708 0.0501953 0.00356483
77 0.757292 0.663672 0.0947917 0.0710938 0.00352478
0 0.861458 0.64375 0.277083 0.473438 0.00348282
56 0.322396 0.0569824 0.217708 0.112207 0.00342941
73 0.0190104 0.0789307 0.0354167 0.129639 0.00322342
39 0.117708 0.0870117 0.08125 0.0646484 0.00317192
26 0.872917 0.0757813 0.252083 0.147656 0.00316048
56 0.0591146 0.865625 0.115625 0.259375 0.00299263
60 0.86875 0.176123 0.260417 0.0633789 0.00296974
57 0.865625 0.252295 0.266667 0.23291 0.00296974
59 0.728646 0.513281 0.540625 0.945313 0.0028553
0 0.477214 0.364453 0.941406 0.700781 0.00279999
57 0.477214 0.364453 0.941406 0.700781 0.00279999
73 0.842187 0.232422 0.0385417 0.0429688 0.00277901
56 0.764062 0.522656 0.467708 0.870313 0.00277901
60 0.941146 0.496875 0.117708 0.140625 0.00270462
73 0.0861979 0.0699219 0.150521 0.129102 0.00259018
73 0.913021 0.317188 0.169792 0.261719 0.00255013
77 0.264062 0.469141 0.523958 0.683594 0.00251198
73 0.826042 0.238672 0.0479167 0.0421875 0.00246239
73 0.8375 0.280859 0.110417 0.0960938 0.0024147
57 0.504036 0.776563 0.979427 0.432813 0.002388
60 0.865625 0.252295 0.266667 0.23291 0.00237846
13 0.861979 0.634375 0.276042 0.496875 0.00236893
57 0.861979 0.298242 0.276042 0.323828 0.00232315
73 0.842708 0.238477 0.09375 0.0613281 0.00230598
73 0.890625 0.333594 0.0458333 0.0445313 0.00230598
59 0.482161 0.532422 0.948177 0.899219 0.00228691
73 0.278125 0.073877 0.0791667 0.077832 0.00225258
77 0.861979 0.653906 0.276042 0.454688 0.00221634
13 0.942187 0.523828 0.115625 0.200781 0.00218201
73 0.945573 0.689844 0.108854 0.141406 0.00215721
26 0.945833 0.680859 0.108333 0.157813 0.00209999
73 0.233333 0.0766602 0.0270833 0.0638672 0.0020504
56 0.869792 0.728906 0.260417 0.295313 0.00203514
13 0.934375 0.456641 0.13125 0.225781 0.00202751
73 0.899479 0.334961 0.0260417 0.0367188 0.00194168
77 0.371875 0.418359 0.741667 0.727344 0.00194168
73 0.927604 0.414844 0.111458 0.0671875 0.00183868
28 0.872917 0.0751709 0.252083 0.146924 0.00182438
77 0.402214 0.159863 0.135156 0.20957 0.00175476
60 0.8625 0.362109 0.275 0.452344 0.00173378
57 0.0579427 0.865625 0.11276 0.257812 0.00171375
0 0.751042 0.710938 0.40625 0.559375 0.00170708
73 0.966667 0.258984 0.0375 0.107813 0.0016613
77 0.244531 0.261914 0.481771 0.394922 0.00165462
61 0.482161 0.532422 0.948177 0.899219 0.00163555
56 0.945312 0.660156 0.109375 0.195313 0.00161648
59 0.863542 0.655469 0.272917 0.457813 0.00155449
73 0.894792 0.335547 0.0333333 0.0414063 0.00153065
56 0.777083 0.694922 0.441667 0.539844 0.0015192
26 0.854167 0.932813 0.289583 0.128125 0.00150681
73 0.0645833 0.0920898 0.06875 0.0669922 0.0014782
77 0.401172 0.12666 0.13099 0.141211 0.00143242
73 0.0549479 0.0732422 0.0859375 0.115039 0.00142097
73 0.0989583 0.104688 0.11875 0.0449219 0.00141048
57 0.385417 0.429297 0.770833 0.732031 0.00138855
60 0.0579427 0.865625 0.11276 0.257812 0.00137806
56 0.494792 0.0387817 0.141667 0.077124 0.00136662
56 0.814062 0.355273 0.191667 0.319141 0.00130463
13 0.940104 0.603906 0.119792 0.354688 0.00130463
59 0.477214 0.364453 0.941406 0.700781 0.00130463
77 0.411979 0.230908 0.155208 0.353027 0.00129414
56 0.927604 0.414844 0.111458 0.0671875 0.00127888
73 0.825 0.23457 0.0583333 0.0449219 0.00126457
0 0.686979 0.779492 0.267708 0.422266 0.00126457
65 0.789062 0.133789 0.0822917 0.0273438 0.00123501
73 0.928125 0.398828 0.116667 0.09375 0.00122547
77 0.679167 0.284766 0.483333 0.554688 0.00122547
73 0.872917 0.0757813 0.252083 0.147656 0.00121593
26 0.867708 0.750781 0.2625 0.251563 0.0012064
56 0.838542 0.271094 0.114583 0.114453 0.00119686
56 0.868229 0.236523 0.263542 0.196484 0.00117397
73 0.115885 0.0845703 0.0375 0.0585938 0.0011692
73 0.889062 0.230664 0.144792 0.0628906 0.00115108
56 0.930208 0.387402 0.11875 0.0783203 0.00109863
77 0.764583 0.675684 0.447917 0.626758 0.00106525
59 0.871875 0.740234 0.25625 0.274219 0.00104046
59 0.865625 0.252295 0.266667 0.23291 0.00103664
59 0.861979 0.298242 0.276042 0.323828 0.00103188
77 0.698438 0.532813 0.44375 0.248438 0.00102425
57 0.939583 0.597656 0.120833 0.359375 0.00102425
57 0.299219 0.535547 0.593229 0.919531 0.00102425
77 0.483854 0.535156 0.953125 0.920313 0.817383
0 0.691667 0.501172 0.529167 0.974219 0.472656
0 0.677083 0.283203 0.479167 0.55 0.460938
56 0.690625 0.563672 0.6125 0.872656 0.402588
56 0.861458 0.567578 0.275 0.864844 0.37207
56 0.861979 0.378027 0.276042 0.483008 0.245117
56 0.861458 0.299561 0.277083 0.325879 0.178955
77 0.304167 0.537891 0.605208 0.913281 0.172119
77 0.69375 0.485938 0.541667 0.921875 0.0994873
77 0.69375 0.411035 0.535417 0.64668 0.0632324
13 0.741667 0.518359 0.516667 0.928906 0.0539856
13 0.848958 0.55 0.3 0.859375 0.0524292
0 0.482812 0.525391 0.953125 0.935156 0.0432739
73 0.900521 0.275391 0.105208 0.149219 0.0368958
73 0.888021 0.258789 0.0947917 0.112109 0.036499
73 0.95026 0.271875 0.0536458 0.119531 0.0337219
73 0.86875 0.280078 0.241667 0.182813 0.0323486
57 0.863542 0.651563 0.272917 0.459375 0.0317383
13 0.861979 0.378027 0.276042 0.483008 0.03125
73 0.847396 0.266797 0.111458 0.114844 0.0307922
73 0.960417 0.25 0.0354167 0.0695313 0.0278015
73 0.94349 0.283594 0.0588542 0.0914063 0.0264587
56 0.865625 0.252148 0.266667 0.232422 0.0254669
73 0.922917 0.276563 0.102083 0.147656 0.0250854
73 0.958333 0.263477 0.0375 0.0996094 0.0243378
77 0.707292 0.469531 0.497917 0.391406 0.0238647
56 0.861979 0.642969 0.276042 0.475 0.0228882
73 0.905208 0.266992 0.0729167 0.127734 0.0205688
73 0.94349 0.296875 0.0546875 0.078125 0.0197906
57 0.729167 0.516406 0.539583 0.942188 0.0186157
73 0.891146 0.299609 0.090625 0.1125 0.0181885
73 0.870313 0.320117 0.253125 0.264453 0.0177155
73 0.869271 0.272656 0.0729167 0.075 0.0174408
73 0.939583 0.249609 0.0791667 0.0804688 0.0172424
73 0.93125 0.301172 0.0395833 0.075 0.0167847
13 0.861458 0.299561 0.277083 0.325879 0.0164642
73 0.927083 0.258203 0.0979167 0.109375 0.0151291
73 0.954167 0.302344 0.0395833 0.0515625 0.0150146
62 0.873958 0.075 0.252083 0.146289 0.0150146
73 0.858333 0.277734 0.0875 0.078125 0.014061
73 0.877604 0.280469 0.0510417 0.0625 0.0138474
73 0.89375 0.276953 0.0833333 0.126563 0.0137405
56 0.858333 0.276563 0.2625 0.164063 0.0134277
73 0.941927 0.263672 0.0619792 0.0542969 0.0133286
56 0.935156 0.456152 0.129688 0.225195 0.0133286
57 0.483333 0.532031 0.952083 0.928125 0.0131683
73 0.902604 0.253516 0.0583333 0.0960938 0.01297
77 0.266732 0.330273 0.53112 0.523828 0.0127716
73 0.872917 0.298828 0.0927083 0.111719 0.012146
73 0.924479 0.2375 0.0614583 0.0519531 0.0115967
73 0.960417 0.261523 0.0416667 0.146484 0.011467
73 0.902083 0.233984 0.0479167 0.05 0.0113754
73 0.879687 0.287891 0.0645833 0.0835938 0.0108185
56 0.875 0.319531 0.239583 0.255469 0.0108185
73 0.9375 0.304688 0.0416667 0.0742188 0.0104904
73 0.939844 0.307617 0.0578125 0.0789063 0.00971222
73 0.873958 0.257812 0.0916667 0.104688 0.00930023
73 0.930208 0.229297 0.0916667 0.0671875 0.0091629
13 0.941667 0.495313 0.116667 0.140625 0.00888062
73 0.95625 0.303516 0.0291667 0.0367188 0.00857544
56 0.917708 0.312891 0.1625 0.269531 0.00818634
56 0.869271 0.174121 0.261458 0.0705078 0.00775528
56 0.942708 0.495313 0.114583 0.141406 0.00769424
13 0.933073 0.396484 0.129688 0.107031 0.00746155
73 0.913542 0.23125 0.0729167 0.0609375 0.00737381
16 0.479687 0.539062 0.953125 0.890625 0.00725937
56 0.680208 0.290234 0.483333 0.560938 0.00723267
56 0.935156 0.408691 0.129688 0.12793 0.00701141
73 0.926042 0.307031 0.0729167 0.0835938 0.0069046
77 0.721354 0.602441 0.480208 0.713867 0.0068512
57 0.775 0.699609 0.447917 0.558594 0.00598145
73 0.882292 0.304297 0.0666667 0.104688 0.00572968
77 0.651042 0.774609 0.195833 0.380469 0.00572968
56 0.939583 0.598438 0.120833 0.3625 0.00568771
73 0.9875 0.25625 0.025 0.16875 0.00548935
56 0.852083 0.364063 0.241667 0.321875 0.00548935
73 0.128646 0.0851563 0.0640625 0.0609375 0.00534439
0 0.702083 0.350391 0.39375 0.284375 0.00527954
73 0.951042 0.247266 0.0583333 0.0847656 0.00518036
73 0.915104 0.30293 0.151042 0.233203 0.00503922
56 0.7625 0.522656 0.472917 0.892188 0.00503922
73 0.878125 0.239063 0.0770833 0.0640625 0.0049057
73 0.0940104 0.0882813 0.133854 0.0875 0.00481033
77 0.642187 0.503809 0.308333 0.358008 0.00481033
0 0.654167 0.78457 0.191667 0.365234 0.0046463
56 0.941146 0.534375 0.117708 0.21875 0.00462723
73 0.116927 0.0881104 0.0833333 0.0671387 0.0045929
39 0.115365 0.084375 0.0359375 0.0580078 0.00445175
56 0.483333 0.428516 0.95 0.794531 0.00436401
73 0.860937 0.2375 0.0708333 0.05625 0.00432968
57 0.871875 0.739063 0.25625 0.275 0.00429916
26 0.872917 0.0756104 0.252083 0.147217 0.00415039
39 0.119271 0.0865234 0.0489583 0.0619141 0.00413513
56 0.822396 0.596484 0.353125 0.663281 0.00413513
73 0.0190104 0.0786133 0.0354167 0.129492 0.00405502
73 0.0645833 0.0772461 0.0703125 0.0955078 0.00397491
56 0.322396 0.0568359 0.217708 0.111719 0.00397491
57 0.865625 0.252148 0.266667 0.232422 0.00395966
73 0.110937 0.0981445 0.0947917 0.0472656 0.00391388
57 0.863542 0.549121 0.272917 0.739258 0.00355148
73 0.902604 0.308594 0.065625 0.0890625 0.00342941
57 0.482292 0.365625 0.9375 0.692969 0.00342941
60 0.868229 0.176172 0.261458 0.0632813 0.00329781
56 0.059375 0.864844 0.115625 0.259375 0.00327301
77 0.757292 0.663281 0.0958333 0.0703125 0.00318527
59 0.729167 0.516406 0.539583 0.942188 0.00314713
0 0.8625 0.653125 0.275 0.454688 0.00307465
57 0.822396 0.596484 0.353125 0.663281 0.00300407
77 0.264323 0.465234 0.523438 0.677344 0.00294685
73 0.0863281 0.0699219 0.150781 0.128125 0.00291252
73 0.277865 0.0737305 0.0786458 0.0775391 0.00287819
13 0.942187 0.524219 0.115625 0.201563 0.00283432
13 0.8625 0.625879 0.275 0.518555 0.00277901
73 0.861458 0.292578 0.0916667 0.0964844 0.00273705
59 0.482812 0.525391 0.953125 0.935156 0.00266266
73 0.233333 0.0765625 0.0270833 0.0636719 0.00265312
0 0.482292 0.365625 0.9375 0.692969 0.00265312
60 0.865625 0.252148 0.266667 0.232422 0.0026207
77 0.402995 0.161816 0.135677 0.213086 0.00257111
77 0.359375 0.412598 0.707292 0.710742 0.00255013
60 0.941146 0.496484 0.117708 0.141406 0.00245285
13 0.935156 0.456152 0.129688 0.225195 0.0024147
77 0.8625 0.653125 0.275 0.454688 0.00234222
57 0.504167 0.776563 0.979167 0.432813 0.00234222
57 0.861458 0.299561 0.277083 0.325879 0.00232315
28 0.872917 0.0750977 0.252083 0.14668 0.00229645
56 0.870313 0.727344 0.259375 0.295313 0.00229645
77 0.24349 0.26543 0.479687 0.387891 0.00228691
73 0.842187 0.232617 0.0385417 0.0433594 0.00219917
77 0.413021 0.224805 0.157292 0.340234 0.00217438
39 0.117448 0.0868897 0.0817708 0.064502 0.0020752
26 0.945833 0.680469 0.108333 0.157813 0.00205803
13 0.865625 0.252148 0.266667 0.232422 0.0020504
73 0.826042 0.239063 0.0479167 0.0421875 0.0019722
56 0.928125 0.399121 0.116667 0.0939453 0.00196457
73 0.890104 0.333398 0.046875 0.0445313 0.00191212
56 0.775 0.699609 0.447917 0.558594 0.00184631
73 0.945573 0.689844 0.108854 0.140625 0.00183868
77 0.401042 0.126929 0.130208 0.141455 0.00183105
60 0.861979 0.378027 0.276042 0.483008 0.00182438
73 0.839583 0.238672 0.1 0.0617188 0.00179577
26 0.854688 0.932813 0.288542 0.128125 0.00177479
57 0.857292 0.766797 0.283333 0.361719 0.00174809
73 0.0648438 0.0919922 0.06875 0.0666016 0.00171375
26 0.867708 0.749609 0.2625 0.252344 0.00169373
73 0.836458 0.280859 0.1125 0.096875 0.00168705
73 0.899479 0.334961 0.0260417 0.0367188 0.00167465
57 0.0578125 0.865625 0.11276 0.257812 0.0016613
60 0.863542 0.481152 0.272917 0.687695 0.00163555
73 0.119271 0.0865234 0.0489583 0.0619141 0.00162888
56 0.945312 0.657031 0.109375 0.202344 0.00162888
73 0.0984375 0.104688 0.119792 0.0445313 0.00162315
73 0.947917 0.310938 0.0520833 0.0796875 0.0015974
73 0.0544271 0.0732422 0.0869792 0.114844 0.00158501
61 0.479687 0.539062 0.953125 0.890625 0.00158501
13 0.940104 0.600781 0.119792 0.348438 0.00153637
59 0.482292 0.365625 0.9375 0.692969 0.00153637
56 0.813542 0.353516 0.191667 0.316406 0.00150681
0 0.754167 0.711328 0.4125 0.558594 0.00149536
59 0.864062 0.655078 0.271875 0.458594 0.00146675
73 0.967708 0.25918 0.0375 0.111719 0.00145531
77 0.678646 0.285547 0.484375 0.553906 0.0014267
56 0.494792 0.0386719 0.141667 0.0769531 0.00139904
60 0.0578125 0.865625 0.11276 0.257812 0.00136662
73 0.927083 0.414063 0.1125 0.06875 0.00135612
60 0.741667 0.518359 0.516667 0.928906 0.00132465
73 0.115365 0.084375 0.0359375 0.0580078 0.00131512
73 0.872917 0.0756104 0.252083 0.147217 0.00131512
60 0.861458 0.299561 0.277083 0.325879 0.00131512
56 0.834896 0.270703 0.130208 0.120313 0.00129414
77 0.698438 0.532813 0.442708 0.25 0.00123501
73 0.89375 0.335547 0.0333333 0.0414063 0.00122547
59 0.865625 0.252148 0.266667 0.232422 0.00118828
73 0.285937 0.0556641 0.123958 0.109961 0.0011692
56 0.927083 0.414063 0.1125 0.06875 0.00116062
0 0.69375 0.411035 0.535417 0.64668 0.00116062
65 0.789062 0.133789 0.0822917 0.0269531 0.00114727
77 0.766667 0.673828 0.45 0.632031 0.00109863
73 0.258333 0.0746094 0.0385417 0.0685547 0.00109482
56 0.852083 0.932813 0.295833 0.128125 0.00106907
73 0.063151 0.0637207 0.0617188 0.0702148 0.00105667
0 0.7 0.779883 0.29375 0.421484 0.00105667
73 0.0880208 0.0873291 0.111458 0.0667481 0.00104809
56 0.815625 0.292578 0.198958 0.189844 0.00104809
13 0.934375 0.373242 0.13125 0.0675781 0.00104427
13 0.93125 0.388184 0.11875 0.0798828 0.00103664
59 0.870313 0.727344 0.259375 0.295313 0.00103188
57 0.851042 0.926563 0.297917 0.1375 0.00102425
57 0.298177 0.540625 0.591146 0.909375 0.00102043
77 0.483854 0.532031 0.953125 0.926563 0.813965
0 0.694271 0.502344 0.534375 0.976563 0.518555
0 0.677604 0.283398 0.482292 0.548828 0.46582
56 0.69375 0.563672 0.60625 0.872656 0.398926
56 0.860417 0.567578 0.277083 0.864844 0.327637
56 0.861458 0.385938 0.277083 0.497656 0.228882
56 0.861458 0.301123 0.277083 0.328223 0.174438
77 0.296875 0.540625 0.5875 0.909375 0.10376
13 0.847917 0.551563 0.302083 0.859375 0.085083
13 0.738542 0.520313 0.522917 0.93125 0.0820923
77 0.694271 0.489844 0.544792 0.929688 0.0708008
77 0.692187 0.425781 0.534375 0.496094 0.0512695
13 0.861458 0.385938 0.277083 0.497656 0.0446777
0 0.482812 0.525781 0.955208 0.932813 0.033844
56 0.865625 0.252344 0.264583 0.232813 0.0273743
57 0.864062 0.651953 0.271875 0.458594 0.0236053
73 0.866667 0.288281 0.247917 0.203125 0.0228882
13 0.861458 0.301123 0.277083 0.328223 0.0227203
73 0.94974 0.270703 0.0505208 0.117969 0.021286
73 0.960417 0.249023 0.0354167 0.0679688 0.0193481
73 0.8875 0.260156 0.0979167 0.115625 0.0190582
73 0.903125 0.275391 0.116667 0.15 0.0189056
73 0.845312 0.267969 0.115625 0.117188 0.0185394
56 0.8625 0.642969 0.275 0.476563 0.0179138
57 0.711458 0.503906 0.572917 0.953125 0.0175781
56 0.873437 0.318945 0.244792 0.257422 0.0166626
73 0.958333 0.260742 0.0375 0.09375 0.0156708
13 0.672396 0.504785 0.655208 0.74668 0.0154266
73 0.94401 0.283398 0.0578125 0.0835938 0.0145035
56 0.857812 0.275781 0.263542 0.166406 0.0145035
77 0.268164 0.328906 0.532422 0.5125 0.0121918
62 0.873958 0.0751953 0.252083 0.146094 0.011734
56 0.935156 0.456348 0.129688 0.226367 0.0113754
73 0.939583 0.249609 0.0791667 0.0804688 0.0110321
57 0.483854 0.532031 0.953125 0.926563 0.0110321
73 0.925 0.271875 0.1 0.145313 0.0108566
73 0.9375 0.303516 0.0395833 0.0695313 0.0107346
13 0.941667 0.495313 0.116667 0.140625 0.0104904
73 0.867708 0.272656 0.075 0.0757813 0.01017
73 0.909375 0.268359 0.0854167 0.13125 0.0101318
73 0.955208 0.302539 0.0375 0.0480469 0.0100937
13 0.933073 0.396777 0.129688 0.108008 0.0100937
73 0.890625 0.299414 0.0958333 0.113672 0.00989532
73 0.93125 0.300977 0.0375 0.0746094 0.00971222
56 0.682292 0.290625 0.4875 0.55625 0.00871277
73 0.85625 0.277344 0.0916667 0.08125 0.00854492
56 0.913021 0.311914 0.171875 0.271484 0.00844574
57 0.784375 0.652344 0.429167 0.54375 0.00844574
73 0.877083 0.280664 0.0520833 0.0644531 0.00828552
56 0.86875 0.174316 0.2625 0.0708984 0.00763702
73 0.867708 0.260156 0.121875 0.114063 0.00737381
73 0.960417 0.259961 0.0416667 0.148828 0.00731659
73 0.871875 0.298438 0.0979167 0.113281 0.00706482
73 0.957292 0.303516 0.0291667 0.0359375 0.00679779
73 0.941406 0.263281 0.0588542 0.0484375 0.00671768
73 0.926042 0.239844 0.06875 0.0585938 0.00664139
73 0.927083 0.305664 0.0520833 0.0855469 0.00658798
73 0.893229 0.278906 0.084375 0.132031 0.00653839
16 0.480339 0.541016 0.95599 0.886719 0.00653839
73 0.903125 0.257031 0.0604167 0.104688 0.0064888
56 0.941927 0.495313 0.116146 0.142188 0.00634003
73 0.878125 0.29082 0.0708333 0.0914063 0.00629044
56 0.853646 0.364063 0.255208 0.321875 0.00619125
77 0.6375 0.503906 0.296875 0.357813 0.00616837
56 0.934375 0.421875 0.13125 0.154688 0.00588989
73 0.895833 0.27168 0.18125 0.172266 0.00584412
73 0.939323 0.308203 0.0588542 0.0796875 0.00570679
57 0.865625 0.252344 0.264583 0.232813 0.00561905
73 0.902083 0.234766 0.05 0.0507813 0.00559998
0 0.701042 0.351172 0.395833 0.284375 0.00548935
77 0.651042 0.774609 0.195833 0.380469 0.00548935
56 0.784375 0.652344 0.429167 0.54375 0.00540543
0 0.654167 0.785156 0.189583 0.365625 0.00494385
56 0.939583 0.599609 0.120833 0.367969 0.00486755
73 0.934375 0.237891 0.0916667 0.0835938 0.00475693
56 0.485417 0.421094 0.947917 0.771875 0.00469971
56 0.933073 0.396777 0.129688 0.108008 0.00445175
26 0.872917 0.0758789 0.252083 0.14707 0.0042305
73 0.128646 0.0853516 0.0645833 0.0611328 0.00413513
59 0.711458 0.503906 0.572917 0.953125 0.00413513
39 0.120052 0.0867188 0.053125 0.0621094 0.0041008
56 0.941146 0.534375 0.117708 0.21875 0.0041008
73 0.9875 0.255811 0.025 0.169629 0.00403976
57 0.4875 0.366016 0.9375 0.686719 0.00400543
39 0.116146 0.0845947 0.0380208 0.0585449 0.00397491
73 0.0929687 0.0861572 0.135937 0.0925293 0.0039444
73 0.889062 0.311914 0.207292 0.256641 0.0039444
77 0.721875 0.601465 0.477083 0.714258 0.0039444
57 0.872396 0.739063 0.255208 0.275 0.00392914
73 0.116797 0.0882813 0.0841146 0.0671875 0.00378036
56 0.322396 0.0568359 0.217708 0.111328 0.0036068
73 0.923958 0.230664 0.0958333 0.0636719 0.00346947
73 0.110937 0.0974609 0.0958333 0.0490234 0.00340271
13 0.942187 0.524609 0.115625 0.202344 0.00337601
73 0.860937 0.256445 0.263542 0.205859 0.00333786
77 0.757292 0.663281 0.0958333 0.0703125 0.00328636
73 0.0191406 0.0783447 0.0356771 0.129639 0.00319672
13 0.935677 0.45459 0.128646 0.217383 0.00319672
73 0.963542 0.255078 0.0354167 0.0835938 0.00317192
13 0.863021 0.616797 0.273958 0.547656 0.00309944
77 0.361458 0.410547 0.7 0.704688 0.0030632
60 0.868229 0.176172 0.261458 0.0636719 0.00304031
0 0.863542 0.652734 0.272917 0.455469 0.00302696
56 0.0595052 0.864844 0.115365 0.259375 0.00294685
13 0.934375 0.421875 0.13125 0.154688 0.00292397
73 0.0645833 0.0771484 0.0703125 0.0957031 0.00288963
13 0.865625 0.252344 0.264583 0.232813 0.00286674
73 0.882292 0.304688 0.06875 0.103906 0.00283432
77 0.403646 0.164063 0.136458 0.216406 0.00279999
73 0.951823 0.307813 0.0421875 0.0636719 0.00279045
73 0.952344 0.247461 0.0536458 0.0835938 0.00269318
60 0.865625 0.252344 0.264583 0.232813 0.00269318
57 0.861458 0.301123 0.277083 0.328223 0.00257111
77 0.263542 0.466797 0.521875 0.675781 0.00254059
77 0.413542 0.225195 0.158333 0.340234 0.00253105
59 0.482812 0.525781 0.955208 0.932813 0.00251198
73 0.877083 0.240234 0.08125 0.0671875 0.00247192
73 0.0852865 0.0691406 0.153385 0.130078 0.00246239
73 0.859375 0.239063 0.075 0.059375 0.00234222
0 0.4875 0.366016 0.9375 0.686719 0.00234222
56 0.870833 0.726563 0.258333 0.296875 0.00232315
73 0.278125 0.0736816 0.0791667 0.0774414 0.00224304
26 0.86875 0.749609 0.260417 0.252344 0.00222588
57 0.863542 0.54375 0.272917 0.773438 0.00221634
77 0.244206 0.270313 0.480339 0.385938 0.00219917
73 0.898958 0.308594 0.0791667 0.0914063 0.00219154
28 0.872917 0.0751953 0.252083 0.14668 0.00215721
73 0.233333 0.0765625 0.0270833 0.0636719 0.00209045
39 0.116406 0.0871094 0.0848958 0.0646484 0.00206757
60 0.941146 0.496094 0.117708 0.142188 0.00187492
60 0.861458 0.385938 0.277083 0.497656 0.0018034
13 0.940104 0.601562 0.119792 0.35 0.00178909
77 0.401042 0.127637 0.130208 0.142383 0.00176811
26 0.945833 0.680469 0.108333 0.15625 0.00176811
77 0.863542 0.652734 0.272917 0.455469 0.00173378
56 0.803125 0.367578 0.204167 0.335938 0.00168705
26 0.855208 0.932813 0.2875 0.126563 0.00161076
77 0.697917 0.533594 0.44375 0.25 0.00160408
60 0.863542 0.494922 0.272917 0.714844 0.00160408
59 0.865625 0.252344 0.264583 0.232813 0.0015974
57 0.497917 0.787695 0.995833 0.412109 0.00158501
59 0.4875 0.366016 0.9375 0.686719 0.00154877
61 0.480339 0.541016 0.95599 0.886719 0.00154877
60 0.711458 0.503906 0.572917 0.953125 0.00154877
56 0.834375 0.271094 0.13125 0.121875 0.00152493
56 0.945312 0.658594 0.109375 0.198438 0.00150108
57 0.0579427 0.86543 0.11276 0.256641 0.00150108
56 0.494792 0.0387817 0.141667 0.0769287 0.00149536
73 0.945573 0.690234 0.108854 0.141406 0.00142097
60 0.861458 0.301123 0.277083 0.328223 0.00139427
73 0.0984375 0.104785 0.122396 0.0451172 0.00138283
0 0.754167 0.715625 0.4125 0.548438 0.00135136
77 0.103646 0.642188 0.202604 0.267188 0.00131512
77 0.679167 0.285547 0.485417 0.552344 0.00129414
73 0.0652344 0.0920898 0.0697917 0.0666016 0.00128937
59 0.864583 0.655469 0.270833 0.459375 0.00125504
13 0.934375 0.374219 0.13125 0.0695313 0.00121593
73 0.842187 0.232813 0.0395833 0.04375 0.00119686
60 0.0579427 0.86543 0.11276 0.256641 0.00117874
73 0.0518229 0.0714355 0.0927083 0.119043 0.00116062
57 0.361458 0.410547 0.7 0.704688 0.0011425
56 0.927604 0.412109 0.113542 0.071875 0.00113392
57 0.855208 0.782031 0.2875 0.384375 0.00112915
15 0.263802 0.304492 0.524479 0.467578 0.00112438
73 0.826042 0.242383 0.05 0.046875 0.0011158
73 0.872917 0.0758789 0.252083 0.14707 0.0011158
56 0.361458 0.410547 0.7 0.704688 0.0011158
73 0.889583 0.333398 0.0479167 0.0445313 0.00111198
13 0.927604 0.412109 0.113542 0.071875 0.0011034
13 0.870313 0.173633 0.259375 0.0683594 0.00106525
59 0.870833 0.726563 0.258333 0.296875 0.00106525
73 0.116146 0.0845947 0.0380208 0.0585449 0.00104809
0 0.554688 0.373828 0.104167 0.0960938 0.00104427
73 0.898958 0.334961 0.028125 0.0371094 0.00103188
57 0.861458 0.385938 0.277083 0.497656 0.00103188
56 0.680208 0.231641 0.639583 0.453906 0.00100422
77 0.484375 0.532813 0.954167 0.925 0.809082
0 0.696354 0.502734 0.538542 0.978906 0.515625
0 0.678125 0.283203 0.483333 0.547656 0.457031
56 0.694792 0.561719 0.60625 0.876563 0.386719
56 0.860417 0.567578 0.277083 0.864844 0.293457
56 0.859896 0.422656 0.280208 0.574219 0.212036
56 0.861458 0.301953 0.277083 0.328906 0.163452
13 0.844792 0.551563 0.310417 0.8625 0.108215
13 0.720833 0.514063 0.558333 0.94375 0.0970459
77 0.298438 0.539844 0.590625 0.907813 0.0844727
77 0.695312 0.492969 0.546875 0.935938 0.0598755
13 0.861979 0.380371 0.276042 0.486133 0.0541992
77 0.691146 0.420703 0.536458 0.508594 0.0423889
13 0.861458 0.301953 0.277083 0.328906 0.0280151
56 0.859375 0.272266 0.264583 0.173438 0.0275879
0 0.482812 0.525781 0.955208 0.932813 0.024704
73 0.865625 0.289062 0.25 0.205469 0.0231476
57 0.864583 0.652734 0.270833 0.457031 0.0214539
13 0.635417 0.507422 0.729167 0.752344 0.0212097
57 0.709375 0.503516 0.577083 0.953906 0.0192719
73 0.95 0.269922 0.05 0.116406 0.0184784
73 0.960417 0.248828 0.0354167 0.0675781 0.0181274
56 0.871875 0.31875 0.245833 0.258594 0.0177155
73 0.844792 0.26875 0.116667 0.11875 0.0154877
73 0.904167 0.275391 0.11875 0.150781 0.0154266
73 0.8875 0.260938 0.1 0.117188 0.0147858
56 0.8625 0.642969 0.275 0.476563 0.0142822
73 0.958333 0.259375 0.0375 0.0914063 0.0141144
77 0.268229 0.329688 0.532292 0.507812 0.0128708
13 0.933073 0.397266 0.129688 0.108594 0.0124817
13 0.941667 0.494922 0.116667 0.140625 0.0122375
73 0.922917 0.276563 0.102083 0.148047 0.012146
73 0.944792 0.283203 0.05625 0.0796875 0.0119171
62 0.873958 0.0751709 0.252083 0.146143 0.0108566
57 0.481771 0.528906 0.959375 0.929688 0.0106964
56 0.683333 0.289062 0.4875 0.55 0.0106506
56 0.935156 0.456641 0.129688 0.225781 0.0105667
73 0.9625 0.262109 0.0375 0.111719 0.00974274
73 0.938542 0.303711 0.0416667 0.0691406 0.00926971
73 0.955208 0.302539 0.0375 0.0472656 0.00912476
73 0.940625 0.249609 0.0770833 0.0796875 0.00894928
56 0.914583 0.311328 0.16875 0.272656 0.0086441
77 0.6375 0.503516 0.295833 0.35625 0.0086441
73 0.866667 0.272461 0.0770833 0.0773438 0.008255
73 0.930729 0.301172 0.0385417 0.0746094 0.00812531
73 0.890625 0.299414 0.0958333 0.113672 0.00796509
73 0.910417 0.26875 0.0895833 0.132812 0.0078125
73 0.928125 0.258984 0.0979167 0.1125 0.00737381
56 0.86875 0.174414 0.260417 0.0707031 0.00712204
73 0.855729 0.277344 0.0927083 0.0828125 0.00709534
73 0.877083 0.280859 0.0541667 0.065625 0.00679779
73 0.960417 0.25918 0.0416667 0.148828 0.00658798
73 0.957292 0.303711 0.0291667 0.0355469 0.00653839
16 0.480729 0.540625 0.955208 0.8875 0.00653839
57 0.780208 0.652344 0.4375 0.545313 0.00653839
77 0.381771 0.465625 0.763542 0.771875 0.0064888
56 0.853125 0.364063 0.258333 0.321875 0.00609589
56 0.941927 0.494922 0.116146 0.141406 0.00600433
77 0.651042 0.774219 0.194792 0.379688 0.00588989
57 0.865625 0.252344 0.264583 0.232813 0.005867
73 0.867188 0.260547 0.123958 0.114844 0.00582123
73 0.871875 0.298438 0.0979167 0.113281 0.00568771
73 0.927083 0.305859 0.0541667 0.0859375 0.00557709
0 0.7 0.351563 0.395833 0.285938 0.00534439
73 0.926042 0.239844 0.0666667 0.0578125 0.00526047
0 0.654167 0.785156 0.189583 0.365625 0.00519943
73 0.941927 0.263281 0.0578125 0.0453125 0.00518036
73 0.878125 0.291406 0.0729167 0.0929688 0.0051384
73 0.89375 0.279102 0.0854167 0.134375 0.00510025
56 0.486458 0.414063 0.94375 0.75625 0.00510025
73 0.891146 0.27168 0.190625 0.173047 0.00503922
73 0.903125 0.257031 0.0604167 0.104688 0.00498199
73 0.939583 0.308594 0.0604167 0.0796875 0.00481033
73 0.886979 0.312109 0.211458 0.257812 0.0046463
57 0.490625 0.366406 0.935417 0.684375 0.00453949
26 0.872917 0.0759766 0.252083 0.14707 0.00443268
59 0.709375 0.503516 0.577083 0.953906 0.00443268
73 0.902083 0.234961 0.05 0.0511719 0.00431442
56 0.933073 0.397266 0.129688 0.108594 0.00426483
13 0.934375 0.448438 0.13125 0.207813 0.0042305
56 0.941146 0.533594 0.117708 0.217188 0.00416565
57 0.872396 0.7375 0.255208 0.276563 0.00413513
73 0.9875 0.255518 0.025 0.170215 0.00403976
13 0.942187 0.525 0.115625 0.203125 0.00397491
56 0.939583 0.599609 0.120833 0.369531 0.00391388
73 0.128646 0.0853516 0.0645833 0.0609375 0.00385475
73 0.0921875 0.0850586 0.1375 0.0945313 0.00385475
56 0.780208 0.652344 0.4375 0.545313 0.00385475
73 0.0994792 0.0918945 0.121875 0.0744141 0.00380898
73 0.934375 0.237891 0.0916667 0.0835938 0.00365067
73 0.116927 0.0882813 0.084375 0.0669922 0.00351143
39 0.120573 0.0867188 0.053125 0.0619141 0.00342941
77 0.757812 0.663281 0.096875 0.0703125 0.00342941
39 0.116016 0.0845703 0.0377604 0.0582031 0.00335121
13 0.8625 0.615625 0.272917 0.55 0.00333786
73 0.110677 0.0982422 0.0973958 0.0478516 0.00314713
56 0.322135 0.0567871 0.217187 0.111035 0.00312424
13 0.865625 0.252344 0.264583 0.232813 0.00309944
77 0.403646 0.167676 0.136458 0.223242 0.00287819
77 0.721875 0.597656 0.477083 0.725 0.00286674
77 0.264323 0.46416 0.523438 0.681055 0.00284576
73 0.0191406 0.0780273 0.0359375 0.129492 0.00277901
77 0.413411 0.227148 0.15651 0.344141 0.00277901
77 0.245378 0.274219 0.483203 0.382813 0.00277901
56 0.0595052 0.864844 0.115365 0.259375 0.00271416
60 0.867708 0.176221 0.2625 0.0639648 0.00268364
73 0.925521 0.230469 0.0989583 0.0640625 0.00261116
57 0.861458 0.301953 0.277083 0.328906 0.00253105
59 0.482812 0.525781 0.955208 0.932813 0.0024929
0 0.863542 0.653906 0.272917 0.454688 0.0024929
60 0.865625 0.252344 0.264583 0.232813 0.00246239
73 0.0648438 0.0771484 0.0713542 0.0953125 0.00239754
77 0.698958 0.533594 0.44375 0.25 0.002388
73 0.951042 0.308008 0.04375 0.0636719 0.00235939
56 0.920833 0.582031 0.158333 0.335938 0.00233269
0 0.490625 0.366406 0.935417 0.684375 0.00230598
73 0.278125 0.0736816 0.0791667 0.0772461 0.00228691
56 0.870833 0.725781 0.258333 0.298438 0.00228691
73 0.0847656 0.0689941 0.154427 0.130371 0.00226974
73 0.954167 0.247656 0.05 0.0820313 0.00225258
73 0.882292 0.305078 0.06875 0.103125 0.00219154
26 0.86875 0.749219 0.260417 0.251563 0.00215721
57 0.498958 0.789844 0.995833 0.407813 0.0020504
28 0.873437 0.075293 0.251042 0.146484 0.00202751
13 0.940104 0.598438 0.119792 0.34375 0.00201988
73 0.233333 0.0765869 0.0276042 0.063623 0.00194168
60 0.709375 0.503516 0.577083 0.953906 0.00193405
77 0.103516 0.641406 0.202344 0.265625 0.00191212
73 0.898958 0.308789 0.08125 0.0910156 0.00187492
73 0.877604 0.240625 0.0802083 0.0671875 0.00186729
73 0.859375 0.239453 0.0729167 0.0601563 0.00185299
56 0.804167 0.367578 0.202083 0.3375 0.00183868
60 0.861979 0.380371 0.276042 0.486133 0.0018034
57 0.863542 0.539062 0.272917 0.776563 0.00177479
59 0.865625 0.252344 0.264583 0.232813 0.00175476
39 0.116667 0.0871338 0.0848958 0.0647949 0.00174809
15 0.263802 0.307813 0.523438 0.467188 0.00163555
77 0.401042 0.128711 0.130208 0.144531 0.00162888
57 0.0578125 0.864844 0.1125 0.257812 0.00161076
60 0.941146 0.496094 0.117708 0.142188 0.00156689
60 0.863542 0.496875 0.272917 0.71875 0.00156116
56 0.494792 0.038855 0.141667 0.0769775 0.00154877
13 0.927604 0.4125 0.113542 0.071875 0.00154877
60 0.861458 0.301953 0.277083 0.328906 0.00154305
59 0.490625 0.366406 0.935417 0.684375 0.00153637
56 0.834375 0.271484 0.132292 0.122656 0.00151253
56 0.945312 0.657031 0.109375 0.2 0.0014782
0 0.747917 0.725 0.4 0.529688 0.00146675
26 0.945573 0.680469 0.108854 0.15625 0.00145531
13 0.934375 0.374219 0.13125 0.0703125 0.00139904
61 0.480729 0.540625 0.955208 0.8875 0.00138855
73 0.0981771 0.10498 0.123438 0.0449219 0.00135612
77 0.679688 0.284961 0.484375 0.551172 0.00134563
13 0.870313 0.45 0.257292 0.209375 0.00124454
57 0.372396 0.409766 0.7125 0.703125 0.00123501
56 0.927604 0.4125 0.113542 0.071875 0.00123024
73 0.945573 0.690234 0.108854 0.141406 0.00118828
57 0.854688 0.787695 0.288542 0.383984 0.00118828
26 0.855208 0.932813 0.2875 0.126563 0.00117874
77 0.863542 0.653906 0.272917 0.454688 0.0011692
56 0.686458 0.231055 0.627083 0.453516 0.00116539
73 0.0671875 0.0921875 0.0739583 0.0667969 0.00115585
56 0.867708 0.238477 0.2625 0.199609 0.00112438
59 0.864583 0.65625 0.270833 0.459375 0.00111198
73 0.872917 0.0759766 0.252083 0.14707 0.0011034
0 0.555208 0.373633 0.104167 0.0964844 0.00108624
13 0.869792 0.173633 0.258333 0.0683594 0.00108147
59 0.870833 0.725781 0.258333 0.298438 0.00107288
0 0.757812 0.663281 0.096875 0.0703125 0.00105286
27 0.758333 0.664063 0.0947917 0.0703125 0.00105286
57 0.713021 0.250391 0.544792 0.449219 0.00104427
60 0.0578125 0.864844 0.1125 0.257812 0.00104046
16 0.263802 0.307813 0.523438 0.467188 0.00104046
73 0.261458 0.074707 0.0458333 0.0691406 0.00102425
73 0.759375 0.666016 0.0895833 0.0640625 0.00100803
77 0.483203 0.538281 0.948177 0.909375 0.854004
0 0.694271 0.501172 0.530208 0.978906 0.526367
0 0.675 0.282031 0.477083 0.546875 0.509766
56 0.703125 0.557813 0.589583 0.884375 0.344238
56 0.859896 0.566797 0.280208 0.866406 0.282959
56 0.861458 0.386621 0.277083 0.50332 0.254639
56 0.8625 0.299219 0.272917 0.323438 0.157104
13 0.851562 0.544531 0.296875 0.870313 0.14856
13 0.725521 0.507422 0.548958 0.952344 0.128052
77 0.297917 0.545313 0.589583 0.89375 0.0970459
73 0.897917 0.274219 0.09375 0.146094 0.0637207
73 0.871875 0.276172 0.222917 0.165625 0.0634766
77 0.694792 0.491406 0.541667 0.929688 0.0634766
13 0.8625 0.356445 0.272917 0.440234 0.0598755
73 0.888542 0.257812 0.0916667 0.107031 0.055603
73 0.948958 0.27168 0.0520833 0.118359 0.0458679
73 0.85 0.266797 0.104167 0.1125 0.0455322
57 0.865104 0.653906 0.269792 0.45625 0.0455322
73 0.960417 0.249219 0.0354167 0.0671875 0.0430298
73 0.924479 0.276172 0.0947917 0.14375 0.0397949
73 0.94375 0.285547 0.0583333 0.090625 0.0375977
73 0.958333 0.260938 0.0375 0.09375 0.0370483
73 0.902604 0.261719 0.0635417 0.114844 0.0358276
73 0.870833 0.273828 0.0729167 0.0726563 0.0343628
73 0.871875 0.322656 0.247917 0.263281 0.0322266
73 0.931771 0.302539 0.0385417 0.0769531 0.0317383
73 0.941927 0.298828 0.0536458 0.0785156 0.0296478
73 0.891667 0.3 0.0875 0.109375 0.029541
77 0.690625 0.394531 0.535417 0.564844 0.0254669
73 0.892708 0.278516 0.0791667 0.105469 0.0250854
73 0.954167 0.302344 0.0375 0.0523438 0.024704
73 0.878125 0.280273 0.0520833 0.0625 0.0239563
73 0.902083 0.237109 0.053125 0.0609375 0.0227203
73 0.941927 0.251953 0.0703125 0.0742188 0.02211
73 0.859375 0.278516 0.084375 0.0765625 0.0213623
13 0.934375 0.397656 0.129167 0.109375 0.0211182
73 0.940625 0.265234 0.0583333 0.04375 0.0200958
56 0.863021 0.644141 0.273958 0.477344 0.0197144
73 0.875 0.256445 0.0833333 0.0996094 0.0195618
73 0.923958 0.255078 0.0833333 0.0953125 0.0194244
0 0.481771 0.527734 0.955208 0.927344 0.0193787
13 0.941667 0.494531 0.116667 0.139063 0.0191956
56 0.863542 0.250391 0.26875 0.229688 0.0181274
73 0.894792 0.250391 0.0645833 0.0921875 0.0177765
73 0.960417 0.260547 0.0416667 0.144531 0.0175781
56 0.859375 0.275977 0.260417 0.163672 0.0175781
73 0.922917 0.236328 0.05 0.0429688 0.0165253
73 0.875 0.3 0.0854167 0.107031 0.0165253
77 0.266667 0.325391 0.529167 0.494531 0.0152512
73 0.920833 0.306641 0.0645833 0.0828125 0.0142288
73 0.95625 0.303711 0.0291667 0.0371094 0.0137405
73 0.928646 0.229297 0.084375 0.0652344 0.0132751
56 0.935417 0.454297 0.129167 0.221875 0.0130234
56 0.680208 0.285938 0.479167 0.546094 0.0126724
62 0.873958 0.075415 0.252083 0.146436 0.0119171
57 0.710938 0.501563 0.573958 0.95625 0.011467
57 0.775 0.650781 0.45 0.545313 0.0109863
73 0.877604 0.238672 0.06875 0.0617188 0.0106506
73 0.9875 0.254492 0.025 0.167188 0.00945282
73 0.856771 0.235547 0.0552083 0.0507813 0.00923157
56 0.853646 0.351172 0.273958 0.307031 0.00898743
56 0.826042 0.271875 0.2 0.152344 0.00891876
13 0.935417 0.454297 0.129167 0.221875 0.00891876
73 0.957292 0.248828 0.04375 0.0789063 0.00881195
57 0.480729 0.532422 0.957292 0.919531 0.00837708
73 0.830208 0.264453 0.114583 0.107813 0.00831604
0 0.649479 0.405859 0.594792 0.772656 0.00818634
56 0.321875 0.0569824 0.216667 0.111621 0.00793457
73 0.907292 0.309375 0.05625 0.0875 0.00772476
73 0.839063 0.257422 0.0760417 0.09375 0.00766754
56 0.928646 0.310742 0.138542 0.273828 0.00723267
77 0.24401 0.276758 0.480729 0.373047 0.00723267
13 0.858854 0.289648 0.282292 0.312891 0.00709534
16 0.478125 0.537109 0.95 0.888281 0.00709534
77 0.634896 0.493652 0.285417 0.336133 0.00698471
13 0.863021 0.609766 0.271875 0.560156 0.00698471
73 0.0932292 0.0857422 0.135417 0.0953125 0.0068779
56 0.941927 0.494531 0.116146 0.140625 0.00679779
13 0.941406 0.525391 0.117188 0.204688 0.00671768
56 0.877604 0.31875 0.228125 0.248438 0.00653839
77 0.391146 0.405469 0.780208 0.65 0.0064621
56 0.869792 0.174414 0.260417 0.0699219 0.00593567
57 0.480729 0.38916 0.917708 0.706055 0.00577545
0 0.654687 0.785742 0.188542 0.366016 0.00542831
26 0.873437 0.0761475 0.251042 0.147314 0.00534439
56 0.941146 0.53125 0.117708 0.2125 0.0053215
73 0.842708 0.232031 0.0364583 0.0421875 0.00518036
73 0.859375 0.292578 0.0864583 0.0929688 0.00518036
57 0.872917 0.736719 0.254167 0.279688 0.00496292
56 0.934375 0.397656 0.129167 0.109375 0.0049057
73 0.938542 0.306445 0.06875 0.0925781 0.00479126
73 0.129036 0.0850586 0.0643229 0.0605469 0.00469971
73 0.848958 0.238281 0.08125 0.059375 0.00457382
73 0.824479 0.2375 0.04375 0.0398438 0.00429916
56 0.775 0.650781 0.45 0.545313 0.00426483
77 0.403646 0.168945 0.135417 0.226172 0.00424957
56 0.480729 0.38916 0.917708 0.706055 0.0041008
77 0.41263 0.227002 0.15599 0.344434 0.00399017
73 0.928125 0.317188 0.135417 0.260156 0.00391388
59 0.710938 0.501563 0.573958 0.95625 0.00391388
73 0.116927 0.0882813 0.0838542 0.0671875 0.00387001
73 0.0648438 0.0769531 0.0708333 0.0957031 0.00385475
73 0.110937 0.0994141 0.0958333 0.0457031 0.00380898
73 0.0860677 0.0696289 0.151823 0.130859 0.00372124
0 0.697917 0.352539 0.396875 0.289453 0.00369263
60 0.710938 0.501563 0.573958 0.95625 0.00359344
60 0.8625 0.356445 0.272917 0.440234 0.00356483
39 0.114974 0.0842041 0.0351562 0.0573731 0.00352478
77 0.652083 0.771875 0.19375 0.371875 0.00349617
73 0.8375 0.280859 0.108333 0.0953125 0.00345612
73 0.891667 0.333984 0.04375 0.04375 0.00340271
73 0.0191406 0.0779297 0.0359375 0.130078 0.00335121
73 0.0963542 0.0911133 0.130208 0.0685547 0.00332451
39 0.11901 0.0866211 0.0473958 0.0615234 0.00327301
56 0.939583 0.596875 0.120833 0.367188 0.00325966
39 0.127474 0.0844727 0.0606771 0.0591797 0.00311089
60 0.868229 0.176123 0.261458 0.0633789 0.00309944
73 0.9 0.335547 0.0260417 0.0359375 0.00302696
15 0.2625 0.308008 0.520833 0.463672 0.00298119
13 0.940104 0.564844 0.119792 0.275 0.00293541
73 0.966667 0.258203 0.0375 0.0992188 0.0028553
13 0.927083 0.411621 0.1125 0.0736328 0.00275803
16 0.2625 0.308008 0.520833 0.463672 0.00261116
77 0.701562 0.460059 0.511458 0.408008 0.00261116
77 0.103906 0.630859 0.203646 0.257031 0.00255013
57 0.856771 0.789844 0.284375 0.392188 0.00251198
73 0.221094 0.0709961 0.427604 0.135352 0.00243378
57 0.500521 0.792188 0.990625 0.404688 0.00243378
73 0.233333 0.0767334 0.028125 0.0637207 0.0024147
60 0.865625 0.252734 0.264583 0.23125 0.00239754
56 0.481771 0.527734 0.955208 0.927344 0.00237846
73 0.823958 0.234766 0.05625 0.0449219 0.00234222
56 0.0596354 0.863281 0.115625 0.260938 0.00234222
77 0.401042 0.128223 0.129167 0.143555 0.00232315
13 0.884375 0.450781 0.229167 0.210156 0.00229645
56 0.494792 0.0390137 0.140625 0.0774414 0.00218201
73 0.894792 0.335938 0.03125 0.0414063 0.00216484
59 0.481771 0.527734 0.955208 0.927344 0.00215721
0 0.863542 0.655469 0.272917 0.453125 0.00214005
0 0.490104 0.347266 0.905208 0.644531 0.00212479
57 0.864062 0.542871 0.271875 0.750195 0.00211525
77 0.697917 0.535547 0.439583 0.253125 0.00209999
56 0.91875 0.571094 0.1625 0.315625 0.00209999
56 0.870833 0.723047 0.258333 0.302344 0.00209999
77 0.757812 0.663672 0.096875 0.0710938 0.0020752
13 0.934375 0.372852 0.13125 0.0675781 0.0019722
57 0.0579427 0.864063 0.11276 0.259375 0.00194931
39 0.118229 0.0871338 0.0802083 0.0647949 0.00191212
56 0.811979 0.34668 0.189583 0.301953 0.00191212
73 0.948958 0.310156 0.05 0.0808594 0.00189686
73 0.278385 0.073584 0.0807292 0.0780273 0.00188255
73 0.88125 0.33418 0.0541667 0.0449219 0.00185299
0 0.763021 0.753516 0.436458 0.472656 0.00179577
73 0.964583 0.265625 0.0291667 0.142969 0.00178909
57 0.773958 0.791406 0.45 0.398438 0.00176811
13 0.911979 0.471875 0.173958 0.253906 0.00174141
73 0.0976562 0.105078 0.122917 0.0449219 0.00173378
60 0.8625 0.569141 0.272917 0.861719 0.0017271
28 0.873437 0.0754883 0.251042 0.146875 0.00168705
60 0.942187 0.521094 0.115625 0.195313 0.00167465
57 0.865625 0.252734 0.264583 0.23125 0.00166798
56 0.927083 0.411621 0.1125 0.0736328 0.0016489
77 0.0601562 0.195117 0.116146 0.1375 0.00162315
73 0.0651042 0.0922119 0.0697917 0.0671387 0.0015974
13 0.865625 0.252734 0.264583 0.23125 0.00156116
56 0.945312 0.651563 0.109375 0.210938 0.00156116
73 0.965625 0.291211 0.0270833 0.0894531 0.00153065
77 0.723437 0.586328 0.473958 0.733594 0.00153065
56 0.225781 0.0709473 0.433854 0.134668 0.0014782
73 0.0518229 0.0707031 0.0932292 0.120898 0.00145531
77 0.676042 0.283008 0.479167 0.549609 0.00145531
15 0.680208 0.285938 0.479167 0.546094 0.00145531
56 0.988542 0.255859 0.0229167 0.159375 0.00144386
56 0.8375 0.271094 0.1125 0.114844 0.00140476
59 0.865625 0.658203 0.26875 0.457031 0.00139904
73 0.813542 0.250391 0.0541667 0.0523438 0.00137806
56 0.6125 0.0383789 0.375 0.0751953 0.00134563
56 0.7 0.229102 0.6 0.451172 0.00134563
26 0.86875 0.747656 0.260417 0.25625 0.00133514
73 0.894792 0.23125 0.1 0.0617188 0.00133038
72 0.321875 0.0568359 0.214583 0.111133 0.00133038
73 0.826042 0.271875 0.2 0.152344 0.00127888
73 0.11901 0.0866211 0.0473958 0.0615234 0.00127411
62 0.617708 0.038623 0.383333 0.075293 0.00126457
56 0.344792 0.380469 0.658333 0.644531 0.00126457
60 0.0579427 0.864063 0.11276 0.259375 0.00124931
73 0.808333 0.260352 0.0770833 0.0773438 0.00123978
73 0.0632813 0.0624023 0.0619792 0.0681641 0.00122547
77 0.155469 0.184424 0.303125 0.146777 0.00122547
13 0.876042 0.491406 0.24375 0.282813 0.00122547
56 0.884375 0.450781 0.229167 0.210156 0.00121593
56 0.911979 0.471875 0.173958 0.253906 0.00121593
73 0.322135 0.0566406 0.216146 0.110156 0.0012064
73 0.114974 0.0842041 0.0351562 0.0573731 0.00119686
61 0.478125 0.537109 0.95 0.888281 0.00118828
56 0.532292 0.039209 0.214583 0.0762695 0.00117874
56 0.476172 0.0763428 0.63724 0.149658 0.00117874
73 0.866667 0.250586 0.2625 0.228516 0.00116062
56 0.081901 0.070166 0.159115 0.137402 0.00115108
77 0.0626302 0.227734 0.121354 0.208203 0.0011425
62 0.532292 0.039209 0.214583 0.0762695 0.00108147
0 0.757812 0.663672 0.096875 0.0710938 0.00106907
59 0.870833 0.723047 0.258333 0.302344 0.00105667
65 0.788542 0.134082 0.0822917 0.0265625 0.00104427
13 0.870833 0.173828 0.258333 0.0683594 0.00103188
77 0.691146 0.48916 0.421875 0.32168 0.00103188
0 0.81875 0.749219 0.195833 0.240625 0.00101185
77 0.482812 0.538281 0.946875 0.910938 0.871582
0 0.672396 0.281055 0.473958 0.547266 0.479492
0 0.692708 0.501172 0.527083 0.982031 0.467773
56 0.704167 0.557031 0.5875 0.885938 0.294189
56 0.860417 0.567188 0.279167 0.865625 0.24585
56 0.861979 0.377051 0.276042 0.484961 0.241455
13 0.854688 0.542578 0.290625 0.867969 0.17334
56 0.859896 0.314844 0.280208 0.3375 0.154053
13 0.727604 0.506641 0.544792 0.952344 0.154053
73 0.898438 0.273047 0.0885417 0.142969 0.0800781
73 0.870833 0.27793 0.210417 0.160156 0.0720825
73 0.888542 0.257812 0.0895833 0.104688 0.0658569
77 0.694792 0.498438 0.539583 0.94375 0.0658569
77 0.296354 0.544531 0.5875 0.896875 0.0618896
57 0.865625 0.653906 0.26875 0.45625 0.058136
13 0.863021 0.352344 0.271875 0.43125 0.0562439
73 0.948958 0.272266 0.0520833 0.11875 0.0534058
73 0.852604 0.266406 0.0989583 0.110156 0.0514526
73 0.924479 0.276172 0.0927083 0.142188 0.0503235
73 0.960417 0.249219 0.0354167 0.0671875 0.0497742
73 0.94401 0.285938 0.0578125 0.0929688 0.0469055
73 0.872917 0.258984 0.1 0.107813 0.0458679
73 0.902604 0.258594 0.0604167 0.107813 0.0455322
73 0.871354 0.275195 0.071875 0.0703125 0.0451965
73 0.958333 0.260938 0.0375 0.0929688 0.0435181
73 0.933333 0.298828 0.0416667 0.0757813 0.0433655
73 0.892187 0.300586 0.0864583 0.107422 0.0377502
73 0.871875 0.323047 0.239583 0.258594 0.0368958
73 0.902604 0.233984 0.046875 0.0507813 0.0319824
73 0.878125 0.280273 0.0520833 0.0621094 0.0310211
73 0.891667 0.280273 0.0770833 0.0910156 0.0309143
73 0.953125 0.302148 0.0395833 0.0542969 0.0302124
73 0.835417 0.271484 0.126042 0.121094 0.0298767
13 0.861979 0.446094 0.273958 0.621094 0.0296478
73 0.927604 0.304688 0.0447917 0.0835938 0.028656
73 0.941406 0.251563 0.0671875 0.071875 0.0275879
73 0.875521 0.254297 0.0791667 0.0945313 0.0271759
73 0.940625 0.26543 0.0583333 0.0429688 0.0271759
13 0.934375 0.397656 0.129167 0.109375 0.025177
73 0.860417 0.279297 0.08125 0.0734375 0.024704
73 0.894792 0.242969 0.0625 0.0769531 0.0229797
73 0.918229 0.25 0.0677083 0.0824219 0.0227966
13 0.941667 0.494141 0.116667 0.139844 0.021286
73 0.922396 0.235938 0.0447917 0.0421875 0.0208893
56 0.863021 0.643359 0.273958 0.478906 0.0207214
73 0.960417 0.261719 0.0416667 0.141406 0.0205688
73 0.877083 0.300391 0.08125 0.105469 0.0200195
73 0.917708 0.306641 0.0604167 0.0824219 0.0198669
73 0.939844 0.307227 0.0578125 0.0804688 0.0195007
56 0.845833 0.276367 0.2375 0.159766 0.0191956
73 0.927604 0.229297 0.0802083 0.0640625 0.0176392
73 0.95625 0.303516 0.0291667 0.0382813 0.0157166
73 0.877083 0.238086 0.0666667 0.0601563 0.0154266
56 0.877604 0.317969 0.240625 0.263281 0.0152512
57 0.777083 0.647266 0.445833 0.539844 0.0141144
0 0.48125 0.526953 0.95625 0.930469 0.014061
56 0.863542 0.250391 0.26875 0.228906 0.0135345
73 0.856771 0.235156 0.0541667 0.05 0.0125275
77 0.267643 0.326172 0.53138 0.502344 0.0124817
13 0.935417 0.454004 0.129167 0.22168 0.0123367
56 0.678125 0.285156 0.475 0.54375 0.0120544
73 0.907812 0.309375 0.0552083 0.0875 0.0118713
13 0.942187 0.521875 0.115625 0.196875 0.0115967
73 0.9875 0.253906 0.025 0.166406 0.0112457
62 0.873958 0.0755859 0.252083 0.146875 0.0109482
56 0.935417 0.454004 0.129167 0.22168 0.0108566
56 0.322135 0.0571777 0.216146 0.111816 0.01017
77 0.690625 0.381152 0.533333 0.611133 0.00997162
13 0.864062 0.652344 0.271875 0.467188 0.00930023
73 0.838542 0.254492 0.065625 0.0875 0.00905609
57 0.710938 0.5 0.573958 0.95625 0.00871277
0 0.625911 0.425 0.63776 0.814063 0.00787354
73 0.09375 0.0874024 0.133854 0.0933594 0.0077858
77 0.240365 0.278467 0.473437 0.381348 0.00746155
73 0.858333 0.292188 0.08125 0.0898438 0.00728989
57 0.48125 0.526953 0.95625 0.930469 0.00725937
73 0.842708 0.232031 0.0364583 0.0425781 0.00717545
73 0.851562 0.238086 0.078125 0.0585938 0.00706482
16 0.478125 0.535938 0.947917 0.890625 0.00679779
13 0.859375 0.289258 0.28125 0.311328 0.00651169
77 0.389062 0.407813 0.776042 0.661719 0.00621796
77 0.625911 0.425 0.63776 0.814063 0.00612259
56 0.930208 0.310498 0.135417 0.273535 0.00602722
56 0.941927 0.494531 0.116146 0.142188 0.00582123
73 0.823958 0.237109 0.0416667 0.0390625 0.00551224
77 0.633333 0.49209 0.278125 0.331445 0.00544739
26 0.873437 0.0763428 0.251042 0.147705 0.00540543
57 0.476953 0.379688 0.914844 0.690625 0.00536346
56 0.941146 0.530859 0.117708 0.211719 0.00519943
0 0.655208 0.785156 0.1875 0.365625 0.00510025
57 0.870833 0.721484 0.258333 0.303906 0.00503922
73 0.8375 0.280859 0.104167 0.0921875 0.0049057
73 0.129297 0.0848633 0.0643229 0.0603516 0.00457382
73 0.892708 0.333984 0.0416667 0.0441406 0.00453949
56 0.934375 0.397656 0.129167 0.109375 0.00436401
56 0.877083 0.291016 0.222917 0.188281 0.00431442
56 0.777083 0.647266 0.445833 0.539844 0.00429916
60 0.710938 0.5 0.573958 0.95625 0.00428009
73 0.9 0.335352 0.0260417 0.0367188 0.0042305
56 0.869792 0.174609 0.260417 0.0699219 0.0042305
73 0.966667 0.256641 0.0354167 0.0917969 0.0041008
73 0.0648438 0.0768555 0.0703125 0.0958984 0.00402451
73 0.110937 0.0995117 0.0942708 0.0451172 0.00391388
73 0.0872396 0.0706055 0.148958 0.130078 0.00388527
56 0.476953 0.379688 0.914844 0.690625 0.00388527
60 0.8625 0.316211 0.272917 0.358984 0.00374985
73 0.117188 0.0883057 0.0828125 0.0671387 0.00366402
56 0.857292 0.363672 0.245833 0.326563 0.00363541
39 0.114323 0.0839844 0.0338542 0.0566406 0.00351143
56 0.939583 0.596094 0.120833 0.365625 0.00341606
73 0.823958 0.234766 0.05625 0.0449219 0.00337601
73 0.929167 0.318359 0.125 0.254688 0.00337601
13 0.927083 0.410938 0.1125 0.075 0.00333786
73 0.219792 0.0710938 0.425 0.136328 0.00329781
57 0.860937 0.788281 0.278125 0.392188 0.00325966
77 0.403125 0.169531 0.134375 0.227344 0.00317192
59 0.710938 0.5 0.573958 0.95625 0.00312424
39 0.127083 0.0842773 0.059375 0.0587891 0.00309944
73 0.895833 0.335938 0.03125 0.0414063 0.0029583
13 0.9 0.439453 0.197917 0.1875 0.00284576
60 0.86875 0.176367 0.260417 0.0632813 0.00281143
77 0.411979 0.230078 0.154167 0.350781 0.00275803
0 0.696875 0.353125 0.397917 0.289844 0.00275803
56 0.814062 0.283398 0.188542 0.172266 0.00274658
60 0.864583 0.423828 0.26875 0.575 0.00251198
73 0.0191406 0.0779297 0.0359375 0.130078 0.00247192
73 0.95026 0.309375 0.0494792 0.0828125 0.00247192
13 0.913021 0.475879 0.171875 0.262305 0.00247192
73 0.88125 0.333984 0.0541667 0.0453125 0.00245285
56 0.22474 0.0711426 0.431771 0.13584 0.00244331
0 0.485938 0.339063 0.903125 0.632813 0.0024147
56 0.91875 0.564453 0.1625 0.302344 0.00232315
57 0.506771 0.785938 0.976042 0.415625 0.00223351
73 0.233073 0.0768555 0.028125 0.0636719 0.00221634
15 0.26224 0.306836 0.520312 0.469141 0.00220871
56 0.813542 0.338672 0.189583 0.285938 0.00219917
57 0.864062 0.536719 0.271875 0.75 0.00219917
60 0.865625 0.252783 0.264583 0.230371 0.00217438
73 0.964583 0.265625 0.0291667 0.140625 0.00215721
56 0.478125 0.535938 0.947917 0.890625 0.00214005
57 0.773958 0.792188 0.45 0.396875 0.00213242
77 0.652604 0.770313 0.192708 0.36875 0.00211525
77 0.673958 0.282422 0.477083 0.550781 0.00209999
16 0.26224 0.306836 0.520312 0.469141 0.00208282
56 0.494792 0.0390137 0.140625 0.0774414 0.00206757
77 0.103776 0.629688 0.203385 0.25625 0.00206757
13 0.934375 0.372852 0.13125 0.0675781 0.00204277
73 0.898958 0.23125 0.0770833 0.0609375 0.00201988
73 0.964583 0.287109 0.0291667 0.0992188 0.00199509
56 0.870833 0.721484 0.258333 0.303906 0.00198746
56 0.059375 0.8625 0.115104 0.2625 0.00194168
56 0.482292 0.0772461 0.6125 0.151367 0.00192642
77 0.401042 0.127539 0.129167 0.142188 0.00188255
73 0.813542 0.24668 0.0520833 0.0457031 0.00181007
73 0.820833 0.276953 0.191667 0.159375 0.00176811
57 0.0579427 0.864063 0.11276 0.259375 0.00176811
13 0.878125 0.492578 0.239583 0.285938 0.00174141
60 0.942187 0.521875 0.115625 0.196875 0.00174141
59 0.48125 0.526953 0.95625 0.930469 0.00174141
72 0.321875 0.0571289 0.214583 0.111523 0.0017004
56 0.548047 0.0860107 0.453906 0.168994 0.0017004
60 0.8625 0.569141 0.272917 0.861719 0.0017004
56 0.945052 0.648438 0.109896 0.217188 0.00167465
73 0.0973958 0.105078 0.121875 0.0449219 0.00166798
0 0.864583 0.657031 0.270833 0.451563 0.00164223
56 0.6125 0.0383789 0.375 0.0751953 0.00160408
15 0.678125 0.285156 0.475 0.54375 0.00159168
56 0.334375 0.369141 0.657292 0.625 0.00157928
56 0.927083 0.410938 0.1125 0.075 0.00156116
28 0.873437 0.0756104 0.251042 0.147217 0.00154305
73 0.107031 0.0892334 0.1375 0.0762207 0.00152493
73 0.0645833 0.0921631 0.06875 0.0672363 0.00149536
57 0.405208 0.15 0.795833 0.29375 0.0014782
73 0.063151 0.0619141 0.0611979 0.065625 0.00146675
56 0.989583 0.255859 0.0208333 0.158594 0.00145531
73 0.808854 0.259766 0.0760417 0.078125 0.0014267
57 0.423047 0.0715332 0.726823 0.140332 0.0014267
0 0.766667 0.769531 0.445833 0.440625 0.00140476
77 0.147135 0.18457 0.286979 0.147266 0.00139904
77 0.758333 0.663672 0.0979167 0.0710938 0.00138855
56 0.535417 0.0393066 0.220833 0.0762695 0.00137234
60 0.941667 0.494141 0.116667 0.139844 0.00135612
73 0.0523437 0.0708496 0.0921875 0.12041 0.00134563
56 0.913021 0.475879 0.171875 0.262305 0.00133514
56 0.944792 0.68125 0.110417 0.153906 0.00133514
0 0.769792 0.673047 0.452083 0.632031 0.00131989
56 0.70625 0.228125 0.5875 0.448438 0.00131512
56 0.0822917 0.070166 0.159375 0.137598 0.00128937
0 0.81875 0.749609 0.195833 0.239844 0.00128937
57 0.334375 0.369141 0.657292 0.625 0.0012846
56 0.8375 0.271875 0.110417 0.1125 0.00126457
59 0.865625 0.658984 0.26875 0.457031 0.00125504
73 0.278646 0.0734375 0.08125 0.0783203 0.00123501
60 0.0579427 0.864063 0.11276 0.259375 0.0012064
73 0.114323 0.0839844 0.0338542 0.0566406 0.00118828
56 0.884896 0.453516 0.228125 0.216406 0.00118351
62 0.615625 0.0386719 0.380208 0.0753906 0.00114727
73 0.866667 0.250586 0.260417 0.228516 0.00114727
0 0.683333 0.775 0.25625 0.36875 0.00113392
73 0.815625 0.238281 0.05625 0.0414063 0.00109005
13 0.890104 0.413281 0.217708 0.175781 0.00105667
73 0.322135 0.0568359 0.216146 0.110547 0.00104809
56 0.0195312 0.0678711 0.0369792 0.132227 0.00102806
61 0.478125 0.535938 0.947917 0.890625 0.00102425
56 0.296354 0.544531 0.5875 0.896875 0.00102043
77 0.0608073 0.194922 0.116927 0.133984 0.00101662
65 0.788542 0.133984 0.0822917 0.0265625 0.00101185
39 0.111458 0.0886963 0.0942708 0.0675293 0.00100803
77 0.696875 0.536719 0.4375 0.254688 0.00100803
13 0.935156 0.317383 0.129688 0.262109 0.00100422
77 0.483333 0.537109 0.95 0.913281 0.881836
0 0.670833 0.280469 0.472917 0.546875 0.413086
0 0.692708 0.5 0.527083 0.985938 0.39502
56 0.700521 0.557031 0.594792 0.885938 0.27832
56 0.860417 0.567188 0.279167 0.865625 0.211426
56 0.8625 0.386328 0.275 0.503906 0.206909
13 0.85625 0.542188 0.2875 0.865625 0.202393
13 0.729688 0.50625 0.540625 0.953125 0.197388
56 0.859896 0.318701 0.280208 0.340723 0.130737
73 0.898958 0.272656 0.0854167 0.142188 0.0803833
73 0.869792 0.278516 0.2125 0.160156 0.0670776
77 0.694792 0.500391 0.539583 0.952344 0.0658569
73 0.888542 0.258203 0.0875 0.103906 0.0630493
13 0.864583 0.453027 0.26875 0.633008 0.0560303
57 0.866667 0.659766 0.266667 0.458594 0.0552063
73 0.948958 0.272461 0.0520833 0.119141 0.053009
73 0.925 0.275977 0.0916667 0.141797 0.0524292
73 0.854167 0.266406 0.0958333 0.109375 0.0488586
73 0.94375 0.285938 0.0583333 0.0964844 0.0488586
73 0.960417 0.249219 0.0375 0.0671875 0.0469055
73 0.933333 0.299023 0.0416667 0.0761719 0.0469055
73 0.871875 0.275781 0.0708333 0.0691406 0.0460205
73 0.902083 0.257812 0.0604167 0.105469 0.0448608
73 0.872917 0.258789 0.0989583 0.107422 0.0446777
73 0.958333 0.2625 0.0375 0.0960938 0.0430298
73 0.891667 0.300586 0.0854167 0.107031 0.0380249
73 0.940625 0.3 0.05 0.0792969 0.0377502
73 0.872917 0.322656 0.233333 0.25625 0.0324707
73 0.902083 0.233984 0.0479167 0.0507813 0.0311432
73 0.878646 0.280078 0.053125 0.0621094 0.0306702
73 0.890625 0.282031 0.0770833 0.0859375 0.0303345
73 0.953125 0.301953 0.0416667 0.0546875 0.0303345
73 0.835417 0.271875 0.125 0.121875 0.0298767
73 0.940625 0.266016 0.0583333 0.04375 0.0288696
73 0.927604 0.304688 0.0447917 0.0835938 0.028656
77 0.29401 0.542188 0.582812 0.903125 0.0267639
73 0.875 0.253906 0.0791667 0.09375 0.0263519
73 0.941667 0.251563 0.0666667 0.071875 0.0262604
13 0.934375 0.398047 0.129167 0.110156 0.0253754
73 0.861458 0.279492 0.0802083 0.0722656 0.0230713
73 0.895312 0.239844 0.0614583 0.0703125 0.0220337
73 0.916667 0.248633 0.0625 0.0796875 0.0217743
56 0.84375 0.276172 0.233333 0.160156 0.0207214
73 0.916667 0.306641 0.0604167 0.0820313 0.0201721
73 0.960417 0.262109 0.0416667 0.139844 0.0199432
73 0.921354 0.236133 0.0427083 0.0425781 0.0197906
13 0.941667 0.494531 0.116667 0.140625 0.0189819
56 0.863542 0.642969 0.272917 0.479688 0.0183411
13 0.863021 0.298438 0.269792 0.321875 0.0177765
73 0.927083 0.229492 0.0770833 0.0636719 0.0161591
73 0.957292 0.30332 0.03125 0.0394531 0.0153046
73 0.877083 0.237891 0.065625 0.0601563 0.0149536
13 0.935417 0.454688 0.129167 0.222656 0.0131683
0 0.478646 0.528906 0.948958 0.896875 0.012825
73 0.857812 0.235156 0.0572917 0.0507813 0.0122375
56 0.863542 0.250195 0.26875 0.228516 0.0119629
73 0.9875 0.253516 0.025 0.166406 0.0117798
57 0.775 0.651172 0.45 0.547656 0.0116882
13 0.864062 0.650781 0.269792 0.471875 0.0110703
56 0.322135 0.0573242 0.216146 0.112109 0.0107346
13 0.942187 0.522656 0.115625 0.2 0.0106964
56 0.679167 0.285156 0.477083 0.542188 0.0106506
56 0.879167 0.317773 0.2375 0.263672 0.0103683
77 0.26901 0.329297 0.534896 0.521875 0.00997162
62 0.875 0.0753662 0.25 0.146924 0.00874329
73 0.838021 0.25332 0.065625 0.0851563 0.00837708
57 0.478646 0.528906 0.948958 0.896875 0.00806427
56 0.935417 0.454688 0.129167 0.222656 0.00760651
16 0.479167 0.533203 0.95 0.896094 0.00757599
73 0.858333 0.292969 0.08125 0.090625 0.00751877
73 0.850521 0.238086 0.0833333 0.0589844 0.00717545
57 0.710417 0.500391 0.575 0.957031 0.00717545
73 0.842708 0.232227 0.0364583 0.0429688 0.0069046
77 0.585417 0.45625 0.71875 0.88125 0.00656509
26 0.872917 0.0765381 0.252083 0.148486 0.00651169
0 0.585417 0.45625 0.71875 0.88125 0.00651169
73 0.0934896 0.0851563 0.134375 0.0996094 0.00616837
73 0.939583 0.305273 0.06875 0.0945313 0.00568771
73 0.822917 0.236914 0.0416667 0.0378906 0.00536346
73 0.838021 0.28125 0.103125 0.0910156 0.00516129
77 0.238281 0.278711 0.469271 0.403516 0.0050621
57 0.475911 0.375391 0.91901 0.688281 0.00471878
77 0.390885 0.4375 0.778646 0.7375 0.00471878
56 0.930208 0.310352 0.135417 0.273828 0.00446701
73 0.966667 0.255469 0.0354167 0.0878906 0.00441742
73 0.891667 0.333594 0.04375 0.0453125 0.00413513
73 0.9 0.335156 0.0270833 0.0375 0.00405502
60 0.710417 0.500391 0.575 0.957031 0.00405502
56 0.941667 0.494531 0.116667 0.140625 0.00391388
73 0.21875 0.0711426 0.422917 0.137012 0.00388527
56 0.941406 0.530469 0.117188 0.210938 0.00382423
77 0.629167 0.49209 0.26875 0.329883 0.00379562
56 0.223438 0.0711914 0.428125 0.136719 0.00370789
57 0.870313 0.719531 0.259375 0.307813 0.00365067
0 0.654167 0.769531 0.19375 0.364063 0.0036068
56 0.939583 0.597656 0.120833 0.370313 0.00353813
56 0.475911 0.375391 0.91901 0.688281 0.00342941
60 0.863542 0.361328 0.270833 0.45 0.00342941
0 0.483203 0.334766 0.91276 0.634375 0.00332451
73 0.823438 0.234766 0.05625 0.0453125 0.00329781
73 0.0648438 0.0766602 0.0703125 0.0962891 0.00327301
56 0.775 0.651172 0.45 0.547656 0.00324821
39 0.114062 0.0837891 0.0330729 0.05625 0.00322342
56 0.934375 0.398047 0.129167 0.110156 0.00322342
73 0.129427 0.084668 0.0640625 0.0603516 0.00312424
60 0.864583 0.292383 0.270833 0.315234 0.00305176
39 0.126693 0.084082 0.0585938 0.0585938 0.00298119
56 0.869792 0.174902 0.260417 0.0705078 0.00298119
73 0.927604 0.317969 0.121875 0.25 0.00298119
13 0.910417 0.482422 0.177083 0.275781 0.00294685
73 0.088151 0.0708008 0.147135 0.130664 0.00290108
56 0.478646 0.528906 0.948958 0.896875 0.00288963
56 0.860417 0.363086 0.25 0.328516 0.00286674
13 0.927083 0.409375 0.1125 0.078125 0.00279999
73 0.110937 0.0992188 0.0932292 0.0453125 0.00277901
56 0.422917 0.0708008 0.723958 0.138867 0.00277901
13 0.886458 0.439844 0.225 0.189844 0.00269318
73 0.895833 0.335742 0.03125 0.0414063 0.00266266
77 0.672917 0.282813 0.477083 0.553125 0.00261116
56 0.917708 0.572656 0.164583 0.321875 0.00257111
57 0.859375 0.788281 0.28125 0.403125 0.00254059
60 0.868229 0.176367 0.259375 0.0636719 0.00251198
73 0.820833 0.276758 0.191667 0.159766 0.00247192
73 0.117708 0.0882813 0.08125 0.0669922 0.00246239
56 0.551042 0.0887695 0.448958 0.174414 0.00236893
73 0.95 0.308594 0.05 0.0835938 0.00234222
59 0.710417 0.500391 0.575 0.957031 0.00232315
56 0.815625 0.331641 0.189583 0.271875 0.00231361
73 0.964583 0.265625 0.0291667 0.139063 0.00226021
0 0.695833 0.354492 0.4 0.291016 0.00223351
57 0.404687 0.148828 0.790625 0.292188 0.00223351
73 0.88125 0.333594 0.0541667 0.0460938 0.00219917
13 0.877604 0.494434 0.240625 0.29082 0.00219917
56 0.495833 0.0395996 0.141667 0.078418 0.00215721
73 0.899479 0.231641 0.0760417 0.0617188 0.00213242
57 0.422917 0.0708008 0.723958 0.138867 0.00213242
57 0.517187 0.783594 0.963542 0.41875 0.00211525
73 0.0953125 0.0911133 0.128125 0.0681641 0.0020504
77 0.333333 0.3625 0.665625 0.617969 0.0020504
57 0.773958 0.792969 0.45 0.395313 0.0019722
56 0.6125 0.0383301 0.375 0.075293 0.00188255
59 0.478646 0.528906 0.948958 0.896875 0.00181007
60 0.858854 0.509375 0.280208 0.88125 0.00174141
73 0.814062 0.245313 0.0520833 0.0429688 0.00172043
56 0.708854 0.22793 0.582292 0.448828 0.00171375
15 0.26224 0.305469 0.521354 0.478906 0.00171375
16 0.263607 0.30625 0.526953 0.485938 0.00171375
56 0.870313 0.719531 0.259375 0.307813 0.0017004
13 0.934375 0.373633 0.13125 0.0699219 0.00169373
57 0.359375 0.341602 0.71875 0.557422 0.00166798
73 0.019401 0.0776367 0.0372396 0.132031 0.00165462
56 0.059375 0.8625 0.115104 0.2625 0.00161648
57 0.864062 0.52959 0.271875 0.770508 0.0015974
56 0.333333 0.3625 0.665625 0.617969 0.00159168
72 0.321875 0.0574219 0.214583 0.111914 0.00158501
56 0.539583 0.0393066 0.227083 0.0760742 0.00153637
77 0.103776 0.628125 0.203385 0.253125 0.00152493
28 0.872917 0.0765381 0.252083 0.148486 0.00148964
56 0.945052 0.644531 0.109896 0.223438 0.00148392
61 0.478646 0.528906 0.948958 0.896875 0.0014782
73 0.867708 0.3 0.0854167 0.115625 0.00138855
56 0.404687 0.148828 0.790625 0.292188 0.00136662
73 0.063151 0.0618164 0.0611979 0.0654297 0.00135612
56 0.0825521 0.0701172 0.159375 0.137891 0.00135136
73 0.233073 0.0769531 0.028125 0.0636719 0.00134563
73 0.809375 0.259375 0.0770833 0.0789063 0.00127411
56 0.989583 0.255664 0.0208333 0.158594 0.00127411
77 0.654167 0.769531 0.19375 0.364063 0.00127411
57 0.0579427 0.864063 0.11276 0.259375 0.00126457
77 0.139062 0.18457 0.271354 0.147656 0.00125504
0 0.866667 0.659766 0.266667 0.458594 0.00124454
0 0.81875 0.75 0.195833 0.240625 0.00122547
72 0.138021 0.0581543 0.194792 0.113184 0.0012064
60 0.942187 0.522656 0.115625 0.2 0.00120163
56 0.585417 0.45625 0.71875 0.88125 0.00117874
73 0.0970052 0.104883 0.120573 0.0451172 0.0011692
56 0.910417 0.482422 0.177083 0.275781 0.0011692
56 0.944792 0.68125 0.110417 0.153125 0.00115108
77 0.401953 0.176563 0.133594 0.241406 0.00114727
0 0.697917 0.774219 0.283333 0.373438 0.0011425
13 0.935156 0.318164 0.129688 0.260547 0.00112438
73 0.815104 0.238281 0.0572917 0.0414063 0.00109863
56 0.927083 0.409375 0.1125 0.078125 0.00109863
13 0.939583 0.597656 0.120833 0.370313 0.00109863
73 0.0645833 0.0919922 0.06875 0.0679688 0.00109482
39 0.111458 0.0886475 0.09375 0.0672363 0.00109005
73 0.0520833 0.0705078 0.0921875 0.121289 0.00108147
0 0.6125 0.0383301 0.375 0.075293 0.00107288
39 0.0976562 0.0925537 0.124479 0.0781738 0.00107288
15 0.679167 0.285156 0.477083 0.542188 0.00105667
60 0.866667 0.659766 0.266667 0.458594 0.00104427
56 0.56875 0.131738 0.501042 0.257227 0.00103188
59 0.866667 0.659766 0.266667 0.458594 0.00102425
56 0.838021 0.28125 0.103125 0.0910156 0.00102043
56 0.0304687 0.0711914 0.0601562 0.139063 0.00101662
57 0.585417 0.45625 0.71875 0.88125 0.00101662
77 0.484896 0.535938 0.953125 0.91875 0.873047
0 0.670833 0.281445 0.475 0.549609 0.358398
0 0.693229 0.498828 0.528125 0.986719 0.346924
56 0.697786 0.557813 0.602344 0.884375 0.247314
13 0.698958 0.516406 0.6 0.929688 0.235107
13 0.857292 0.544531 0.285417 0.857813 0.211426
56 0.861979 0.399121 0.276042 0.529883 0.186523
56 0.860937 0.567188 0.278125 0.865625 0.184204
56 0.863021 0.322705 0.273958 0.372559 0.118774
73 0.898958 0.273242 0.0875 0.14375 0.0692749
77 0.695833 0.500781 0.541667 0.954688 0.0628052
73 0.864583 0.277734 0.222917 0.161719 0.0605164
13 0.863021 0.373633 0.271875 0.474609 0.0531921
73 0.888542 0.258203 0.0875 0.103125 0.0518494
57 0.866667 0.661719 0.266667 0.460938 0.0507202
73 0.924479 0.276172 0.0927083 0.142969 0.0469055
73 0.948958 0.272461 0.0520833 0.119141 0.0463867
73 0.94375 0.285742 0.0583333 0.0980469 0.0430298
73 0.853125 0.266406 0.1 0.110156 0.0409851
73 0.960417 0.249219 0.0375 0.0671875 0.0402527
73 0.933333 0.299023 0.0416667 0.0769531 0.0401001
73 0.871875 0.275391 0.0708333 0.0695313 0.0379028
73 0.958333 0.263672 0.0375 0.0980469 0.0377502
73 0.902083 0.258398 0.0604167 0.107422 0.0372009
73 0.872917 0.258984 0.1 0.107813 0.0335999
73 0.891667 0.300586 0.0854167 0.107422 0.0319824
73 0.870313 0.323438 0.242708 0.260938 0.0317383
56 0.763021 0.291211 0.473958 0.322266 0.0305634
73 0.953125 0.301953 0.0416667 0.0546875 0.0261536
73 0.834896 0.27207 0.126042 0.122266 0.0256653
73 0.940625 0.266797 0.0583333 0.046875 0.0252686
73 0.891146 0.282422 0.0770833 0.0875 0.0249939
13 0.934375 0.398047 0.129167 0.110156 0.0243378
73 0.878646 0.280078 0.0541667 0.0617188 0.0239563
73 0.902083 0.233984 0.0479167 0.0507813 0.0237732
73 0.927083 0.304688 0.0458333 0.0835938 0.0236969
73 0.941406 0.251953 0.0671875 0.0742188 0.0222015
56 0.767187 0.505469 0.465625 0.951563 0.0199432
56 0.848437 0.275977 0.244792 0.160938 0.0196381
73 0.861458 0.278906 0.08125 0.0726563 0.0188293
73 0.917188 0.251953 0.0697917 0.0875 0.0186157
73 0.895833 0.240234 0.0625 0.0710938 0.0172424
73 0.960417 0.261914 0.0416667 0.141016 0.0171814
73 0.939583 0.307031 0.0583333 0.08125 0.0171814
73 0.880208 0.284766 0.0635417 0.0753906 0.016983
73 0.917708 0.306445 0.0604167 0.0824219 0.0168457
13 0.941667 0.495313 0.116667 0.142188 0.0167847
73 0.877083 0.300391 0.08125 0.10625 0.0166626
73 0.921354 0.235938 0.0447917 0.0429688 0.0163422
56 0.864062 0.64375 0.271875 0.48125 0.0155411
13 0.863542 0.299805 0.270833 0.324609 0.0147858
0 0.478646 0.526172 0.951042 0.903906 0.0145569
73 0.95625 0.30332 0.0333333 0.0394531 0.0134277
73 0.926562 0.229297 0.078125 0.0640625 0.0128708
13 0.935417 0.455371 0.129167 0.225195 0.0128708
56 0.863542 0.249805 0.26875 0.228906 0.0125275
77 0.286198 0.533984 0.568229 0.913281 0.0121002
56 0.321875 0.0575195 0.216667 0.112305 0.0115051
73 0.9875 0.253174 0.025 0.16709 0.0114212
73 0.877083 0.237891 0.0666667 0.0601563 0.0112915
13 0.864583 0.65 0.26875 0.476563 0.0106964
73 0.907292 0.308984 0.05625 0.0882813 0.00993347
57 0.774479 0.657031 0.451042 0.560938 0.00985718
13 0.942187 0.523047 0.115625 0.200781 0.00981903
73 0.858333 0.235352 0.0604167 0.0511719 0.00945282
16 0.481771 0.530469 0.953125 0.901563 0.00945282
56 0.877083 0.317383 0.24375 0.266016 0.00874329
57 0.478646 0.526172 0.951042 0.903906 0.00871277
56 0.709375 0.253711 0.533333 0.467578 0.0086441
77 0.270833 0.341016 0.538542 0.552344 0.0077858
62 0.875 0.0756104 0.25 0.147217 0.00698471
26 0.872917 0.0768555 0.252083 0.149023 0.00677109
77 0.578646 0.471484 0.734375 0.913281 0.00656509
73 0.859375 0.294141 0.0854167 0.0945313 0.00634003
73 0.8375 0.255469 0.0729167 0.0890625 0.00629044
57 0.710938 0.5 0.576042 0.957813 0.00602722
56 0.935417 0.455371 0.129167 0.225195 0.005867
73 0.847917 0.238281 0.0895833 0.0597656 0.00557709
0 0.578646 0.471484 0.734375 0.913281 0.00536346
73 0.842708 0.232422 0.0375 0.0433594 0.00498199
56 0.222135 0.0711426 0.427604 0.137207 0.00494385
13 0.763021 0.291211 0.473958 0.322266 0.00486755
73 0.0917969 0.0792969 0.13776 0.113281 0.00460815
73 0.8375 0.28125 0.104167 0.0921875 0.00418091
0 0.485938 0.330859 0.907292 0.632813 0.00411606
73 0.966667 0.255469 0.0354167 0.0882813 0.00407028
73 0.823438 0.237109 0.0427083 0.0375 0.00397491
77 0.2375 0.276953 0.46875 0.409375 0.00382423
57 0.477214 0.371094 0.916406 0.689844 0.00379562
73 0.0973958 0.0924805 0.125 0.0798828 0.00376511
56 0.423958 0.0698242 0.722917 0.136719 0.00374985
56 0.930208 0.309961 0.1375 0.274609 0.00362206
77 0.626042 0.491309 0.2625 0.326758 0.00356483
60 0.710938 0.5 0.576042 0.957813 0.00355148
56 0.939583 0.599219 0.120833 0.373438 0.00351143
57 0.405729 0.150586 0.790625 0.295703 0.00349617
73 0.21849 0.0710938 0.424479 0.137305 0.00341606
73 0.9 0.335156 0.0270833 0.0375 0.00337601
73 0.891667 0.333203 0.04375 0.0453125 0.00325966
57 0.423958 0.0698242 0.722917 0.136719 0.00318527
56 0.539453 0.0910156 0.477344 0.178906 0.00317192
0 0.654167 0.76875 0.19375 0.360938 0.00313568
60 0.863021 0.373633 0.271875 0.474609 0.00311089
56 0.941406 0.525 0.117188 0.201563 0.00309944
77 0.396354 0.466406 0.789583 0.804688 0.003088
13 0.905208 0.486621 0.1875 0.28457 0.00307465
56 0.478646 0.526172 0.951042 0.903906 0.00302696
57 0.870313 0.717969 0.259375 0.3125 0.00294685
60 0.864062 0.293164 0.269792 0.315234 0.00294685
39 0.114062 0.0835693 0.0333333 0.0559082 0.00293541
56 0.477214 0.371094 0.916406 0.689844 0.00284576
39 0.126563 0.0839844 0.0583333 0.0585938 0.00279045
77 0.672396 0.28457 0.480208 0.557422 0.00270462
73 0.929167 0.318555 0.122917 0.253516 0.00266266
56 0.919271 0.578516 0.161458 0.335156 0.00264168
56 0.934375 0.398047 0.129167 0.110156 0.0026207
56 0.774479 0.657031 0.451042 0.560938 0.00253105
73 0.0648438 0.0763916 0.0697917 0.0968262 0.00243378
13 0.927083 0.408496 0.1125 0.0798828 0.00243378
13 0.875 0.466016 0.247917 0.242188 0.00242424
56 0.865104 0.252686 0.267708 0.393848 0.0024147
73 0.129427 0.0845947 0.0640625 0.0604981 0.00240517
56 0.495833 0.0396973 0.141667 0.078418 0.00234222
60 0.868229 0.176367 0.259375 0.0636719 0.00228691
73 0.823958 0.234766 0.05625 0.0453125 0.00226974
56 0.589583 0.040332 0.329167 0.0759766 0.00226974
56 0.673958 0.328125 0.479167 0.64375 0.00226974
57 0.857292 0.787305 0.285417 0.406641 0.00224304
73 0.110937 0.0988281 0.0921875 0.0460938 0.00223351
73 0.825 0.276563 0.2 0.160156 0.00221634
56 0.869271 0.175 0.261458 0.0714844 0.00219917
73 0.895833 0.335742 0.0333333 0.0417969 0.00213242
0 0.697917 0.355664 0.398958 0.295703 0.00209045
56 0.817708 0.340234 0.191667 0.290625 0.00206757
59 0.478646 0.526172 0.951042 0.903906 0.00206757
73 0.11849 0.0881836 0.0796875 0.0669922 0.00198746
73 0.964583 0.283594 0.0291667 0.107031 0.00196457
57 0.519661 0.783594 0.958594 0.41875 0.00194168
73 0.948958 0.308789 0.0520833 0.0835938 0.00191879
56 0.405729 0.150586 0.790625 0.295703 0.00188923
57 0.774479 0.792969 0.448958 0.395313 0.00188255
73 0.898958 0.231836 0.08125 0.0625 0.00187492
56 0.939323 0.484375 0.121354 0.164063 0.00186729
61 0.478646 0.526172 0.951042 0.903906 0.00184631
60 0.859375 0.513281 0.279167 0.879688 0.00184631
59 0.710938 0.5 0.576042 0.957813 0.00174809
73 0.88125 0.333398 0.05625 0.0464844 0.00174141
56 0.0591146 0.861719 0.114583 0.264063 0.0015974
57 0.338802 0.357031 0.676562 0.616406 0.00157928
56 0.556771 0.12998 0.536458 0.254102 0.00154305
72 0.139583 0.0582031 0.192708 0.113281 0.00153637
56 0.870313 0.717969 0.259375 0.3125 0.00153637
13 0.934375 0.374609 0.13125 0.0726563 0.00152493
56 0.0825521 0.0702148 0.159896 0.138086 0.00150108
56 0.274479 0.0572266 0.309375 0.110938 0.0014782
16 0.265169 0.307227 0.530078 0.491797 0.00144386
72 0.321875 0.0577148 0.214583 0.112305 0.00141048
0 0.611979 0.0383789 0.375 0.0755859 0.00138855
73 0.0854167 0.0825195 0.109896 0.0847656 0.00136662
15 0.26276 0.304883 0.522396 0.482422 0.00136662
57 0.539453 0.0910156 0.477344 0.178906 0.00135612
56 0.338802 0.357031 0.676562 0.616406 0.00135136
13 0.939583 0.599219 0.120833 0.373438 0.00133514
56 0.944271 0.641406 0.111458 0.229688 0.00131512
28 0.872917 0.0768555 0.252083 0.149023 0.00130463
0 0.866667 0.661719 0.266667 0.460938 0.00129986
77 0.103776 0.626953 0.203385 0.252344 0.00125504
57 0.864062 0.530859 0.271875 0.788281 0.00125504
0 0.81875 0.75 0.195833 0.240625 0.00123501
0 0.423958 0.0698242 0.722917 0.136719 0.00122547
57 0.0578125 0.864063 0.1125 0.259375 0.0012207
73 0.0195312 0.0775391 0.0377604 0.132227 0.0012064
73 0.814062 0.246094 0.0520833 0.04375 0.00119686
56 0.989583 0.255469 0.0208333 0.158594 0.00117874
0 0.709896 0.774219 0.307292 0.376563 0.00117397
73 0.0632813 0.0616699 0.0614583 0.0665039 0.00115108
56 0.578646 0.471484 0.734375 0.913281 0.0011425
39 0.111458 0.0885742 0.0932292 0.0671875 0.00112915
56 0.0329427 0.0711914 0.0651042 0.139258 0.00112438
77 0.45 0.329688 0.9 0.645313 0.0011158
72 0.689583 0.5 0.55 0.9375 0.0011158
77 0.135937 0.184717 0.266146 0.147754 0.00110722
39 0.0973958 0.0924805 0.125 0.0798828 0.00108147
13 0.935156 0.318164 0.129688 0.259766 0.00108147
13 0.769271 0.572559 0.461458 0.750195 0.00107765
15 0.672396 0.28457 0.480208 0.557422 0.00104046
60 0.866667 0.661719 0.266667 0.460938 0.00102043
56 0.0197917 0.0677734 0.0375 0.132617 0.00101662
48 0.478646 0.526172 0.951042 0.903906 0.00100803
77 0.486458 0.535156 0.95625 0.920313 0.855957
0 0.670833 0.28125 0.475 0.55 0.344238
0 0.693229 0.498438 0.528125 0.9875 0.318359
56 0.699089 0.556641 0.59974 0.886719 0.236572
13 0.698828 0.514844 0.60026 0.932813 0.231567
56 0.860937 0.567188 0.278125 0.865625 0.190674
56 0.861979 0.39834 0.276042 0.52832 0.189575
13 0.855729 0.542969 0.288542 0.859375 0.189575
56 0.8625 0.315625 0.272917 0.358594 0.112427
13 0.784375 0.503125 0.43125 0.959375 0.0923462
73 0.898958 0.272656 0.0854167 0.142969 0.072876
73 0.861979 0.27793 0.228125 0.161719 0.0598755
77 0.696354 0.499219 0.542708 0.954688 0.0570679
73 0.888542 0.258594 0.0854167 0.101563 0.0549927
0 0.598958 0.472266 0.6625 0.939844 0.0522461
73 0.924479 0.275977 0.0927083 0.142578 0.0512695
57 0.867188 0.663281 0.265625 0.464063 0.0503235
73 0.948958 0.272852 0.0520833 0.119922 0.0477905
73 0.94349 0.285547 0.0588542 0.101563 0.0476074
73 0.934375 0.299219 0.0416667 0.078125 0.0453491
73 0.854167 0.266602 0.0958333 0.109375 0.0438538
73 0.872917 0.275781 0.0708333 0.06875 0.0420837
73 0.960417 0.249609 0.0375 0.0675781 0.0403748
13 0.863021 0.36582 0.271875 0.458984 0.0402527
73 0.958333 0.26582 0.0375 0.101953 0.0399475
73 0.902083 0.256836 0.0604167 0.104297 0.0397949
73 0.872917 0.258789 0.0979167 0.107422 0.036499
73 0.895833 0.301172 0.0854167 0.0984375 0.0347595
73 0.872917 0.323047 0.235417 0.258594 0.0311432
73 0.940625 0.26875 0.0583333 0.0523438 0.0293121
56 0.760938 0.29082 0.478125 0.326172 0.0289764
73 0.834896 0.272266 0.125 0.122656 0.028656
73 0.953125 0.301953 0.0416667 0.0554688 0.0285492
73 0.902083 0.233984 0.0479167 0.0511719 0.0271759
73 0.890625 0.283203 0.0760417 0.0828125 0.0270691
73 0.879167 0.279883 0.0552083 0.0621094 0.0262604
73 0.927083 0.304297 0.0458333 0.0835938 0.0254669
13 0.934375 0.397754 0.13125 0.110742 0.0253754
73 0.939583 0.249219 0.0666667 0.071875 0.0240479
56 0.846354 0.275781 0.240625 0.160938 0.0222015
73 0.861458 0.279297 0.0802083 0.071875 0.0207214
56 0.784375 0.503125 0.43125 0.959375 0.0206451
73 0.913542 0.248828 0.0625 0.0820313 0.0199432
73 0.896354 0.237109 0.0604167 0.0648438 0.0191193
73 0.939323 0.307031 0.0588542 0.08125 0.0189819
73 0.916146 0.30625 0.059375 0.0820313 0.0185394
73 0.919792 0.235938 0.04375 0.04375 0.0177765
73 0.878125 0.300391 0.08125 0.105469 0.0177155
73 0.960417 0.261328 0.0416667 0.142969 0.0164642
56 0.864062 0.644922 0.271875 0.480469 0.0150146
73 0.95625 0.30332 0.0333333 0.0398438 0.0142822
13 0.941667 0.496094 0.116667 0.14375 0.0142822
73 0.925521 0.229492 0.0760417 0.0640625 0.0139542
73 0.877083 0.237695 0.0666667 0.0601563 0.0132751
0 0.478646 0.524219 0.953125 0.907813 0.01297
73 0.9875 0.253125 0.025 0.168359 0.0129242
56 0.863542 0.249805 0.26875 0.228516 0.0120544
16 0.482812 0.530078 0.955208 0.902344 0.0120544
13 0.935417 0.457031 0.129167 0.228125 0.0118256
73 0.858333 0.235156 0.059375 0.0507813 0.011116
56 0.321875 0.0575195 0.216667 0.1125 0.0110703
77 0.284375 0.532422 0.564583 0.917969 0.0109863
13 0.865104 0.654297 0.267708 0.471094 0.0106125
13 0.863542 0.298633 0.270833 0.322266 0.00993347
56 0.682292 0.282813 0.483333 0.541406 0.00948334
57 0.774479 0.662109 0.451042 0.566406 0.0086441
26 0.872917 0.0770508 0.254167 0.149414 0.00857544
13 0.942187 0.528516 0.115625 0.211719 0.00806427
57 0.478646 0.524219 0.953125 0.907813 0.00793457
62 0.875 0.0755127 0.25 0.147412 0.00725937
73 0.858333 0.293555 0.0833333 0.0929688 0.00706482
56 0.221354 0.0712402 0.427083 0.137988 0.00701141
56 0.879167 0.316406 0.239583 0.266406 0.00698471
73 0.8375 0.25293 0.06875 0.084375 0.0069046
73 0.847917 0.238281 0.0916667 0.0601563 0.00677109
77 0.271094 0.342578 0.540104 0.559375 0.00631332
73 0.842708 0.232422 0.0375 0.04375 0.00593567
57 0.711458 0.499219 0.575 0.960938 0.00591278
56 0.935417 0.457031 0.129167 0.228125 0.00521851
73 0.838021 0.281641 0.103125 0.090625 0.0049057
0 0.48763 0.328516 0.903906 0.633594 0.0049057
73 0.823438 0.237109 0.0427083 0.0367188 0.00475693
56 0.940365 0.601562 0.119271 0.379688 0.00445175
73 0.966667 0.255469 0.0354167 0.0875 0.00443268
57 0.404687 0.169141 0.788542 0.333203 0.00431442
73 0.9 0.334961 0.0270833 0.0378906 0.00429916
73 0.089974 0.0741211 0.141406 0.125195 0.00421524
56 0.420703 0.0689453 0.727344 0.135352 0.0041008
73 0.930729 0.230078 0.107292 0.0625 0.00397491
73 0.892708 0.333008 0.04375 0.0460938 0.00397491
57 0.420703 0.0689453 0.727344 0.135352 0.00382423
13 0.935417 0.375391 0.129167 0.149219 0.00376511
13 0.760938 0.29082 0.478125 0.326172 0.00369263
56 0.710938 0.22793 0.578125 0.450391 0.00348282
56 0.534375 0.09375 0.49375 0.184766 0.00346947
73 0.0984375 0.0920898 0.122917 0.0814453 0.00341606
56 0.920833 0.585156 0.158333 0.35 0.00341606
60 0.711458 0.499219 0.575 0.960938 0.00332451
56 0.930208 0.30918 0.1375 0.275391 0.00328636
77 0.626042 0.488965 0.2625 0.320508 0.00328636
57 0.479036 0.369336 0.914844 0.691797 0.00327301
73 0.218229 0.0710938 0.425 0.137891 0.00319672
60 0.863542 0.293164 0.270833 0.315234 0.00316048
77 0.238542 0.275391 0.470833 0.413281 0.003088
13 0.901563 0.490625 0.194792 0.292188 0.00300407
73 0.825 0.276563 0.2 0.160156 0.00298119
56 0.941146 0.557422 0.117708 0.2625 0.00293541
60 0.863021 0.36582 0.271875 0.458984 0.00291252
39 0.114062 0.0833984 0.0333333 0.0556641 0.00290108
39 0.126172 0.0837891 0.0575521 0.0582031 0.00279999
73 0.823438 0.23457 0.0572917 0.0449219 0.00277901
73 0.928125 0.31543 0.120833 0.244922 0.00276756
0 0.655208 0.768359 0.19375 0.357031 0.00275803
73 0.895833 0.335742 0.0333333 0.0417969 0.00271416
56 0.495833 0.0396973 0.141667 0.078418 0.00270462
56 0.934375 0.397754 0.13125 0.110742 0.0026722
77 0.598958 0.472266 0.6625 0.939844 0.00263214
56 0.478646 0.524219 0.953125 0.907813 0.00263214
56 0.479036 0.369336 0.914844 0.691797 0.00258064
60 0.86875 0.176367 0.258333 0.0636719 0.00256157
56 0.591667 0.0402344 0.333333 0.0761719 0.00252151
56 0.941667 0.496094 0.116667 0.14375 0.00245285
77 0.686458 0.287109 0.497917 0.567969 0.00245285
57 0.520964 0.782617 0.958073 0.419141 0.002388
56 0.774479 0.662109 0.451042 0.566406 0.00235939
57 0.858854 0.785938 0.282292 0.410938 0.00234222
13 0.926562 0.408594 0.111458 0.0789063 0.00233269
56 0.818229 0.336914 0.192708 0.284766 0.00229645
73 0.964583 0.280469 0.0291667 0.113281 0.00227928
57 0.869792 0.715625 0.260417 0.31875 0.00227928
60 0.864062 0.470703 0.269792 0.667969 0.00225258
56 0.865104 0.238672 0.267708 0.421875 0.00218201
13 0.877604 0.439941 0.242708 0.191992 0.00214958
73 0.880729 0.333203 0.0552083 0.046875 0.00214005
73 0.0648438 0.0762695 0.0697917 0.0974609 0.00213242
56 0.404687 0.169141 0.788542 0.333203 0.00213242
73 0.948958 0.308203 0.0520833 0.084375 0.00211525
59 0.478646 0.524219 0.953125 0.907813 0.00210762
73 0.129427 0.0844727 0.0640625 0.0603516 0.00204277
73 0.110937 0.0984375 0.0911458 0.0464844 0.00201988
0 0.697917 0.35625 0.4 0.297656 0.0019722
57 0.775 0.792969 0.45 0.395313 0.00194168
72 0.141081 0.0581055 0.190755 0.113281 0.00192642
61 0.478646 0.524219 0.953125 0.907813 0.00186729
56 0.869271 0.175049 0.261458 0.0717773 0.00185299
56 0.551042 0.130859 0.564583 0.25625 0.00182438
56 0.0825521 0.0702637 0.160417 0.138379 0.00173378
56 0.606771 0.0921875 0.376042 0.180469 0.0017271
57 0.534375 0.09375 0.49375 0.184766 0.0017004
73 0.119792 0.0880859 0.0765625 0.0667969 0.00169373
0 0.420703 0.0689453 0.727344 0.135352 0.00167465
59 0.711458 0.499219 0.575 0.960938 0.00161076
13 0.940365 0.601562 0.119271 0.379688 0.0015974
13 0.934375 0.375781 0.13125 0.075 0.00156116
0 0.6125 0.0383301 0.375 0.0754883 0.00152493
56 0.869792 0.715625 0.260417 0.31875 0.00150108
0 0.867188 0.663281 0.265625 0.464063 0.00150108
56 0.598958 0.472266 0.6625 0.939844 0.00148392
57 0.343229 0.351758 0.683333 0.613672 0.00146103
56 0.251823 0.0572754 0.354687 0.111621 0.00142097
73 0.814062 0.244531 0.0520833 0.040625 0.00140476
16 0.266081 0.307813 0.53138 0.495313 0.00138855
56 0.935417 0.375391 0.129167 0.149219 0.00136662
0 0.404687 0.169141 0.788542 0.333203 0.00135612
77 0.447135 0.33125 0.894271 0.653125 0.00135612
56 0.944792 0.637109 0.110417 0.238281 0.00133514
56 0.0591146 0.861719 0.114583 0.265625 0.00133514
0 0.819792 0.750781 0.197917 0.240625 0.00131989
72 0.691667 0.499609 0.55 0.941406 0.00130463
28 0.873958 0.0771484 0.252083 0.15 0.00129986
43 0.117578 0.0861572 0.0419271 0.0604981 0.0012846
0 0.723958 0.773047 0.335417 0.377344 0.00127888
57 0.0578125 0.864063 0.1125 0.259375 0.00127411
56 0.0365885 0.0712402 0.0721354 0.139355 0.00126934
39 0.111458 0.0884766 0.0921875 0.0669922 0.00122547
56 0.0501302 0.0675781 0.0960938 0.132227 0.0012207
56 0.343229 0.351758 0.683333 0.613672 0.0012207
77 0.103906 0.625781 0.203646 0.251563 0.00121593
56 0.989583 0.255469 0.0208333 0.158594 0.00121117
73 0.863542 0.298633 0.270833 0.322266 0.00121117
73 0.0846354 0.0807617 0.108333 0.0878906 0.0012064
73 0.0634115 0.0620117 0.0617188 0.0681641 0.00120163
39 0.0984375 0.0920898 0.122917 0.0814453 0.00119686
15 0.263802 0.305078 0.524479 0.485156 0.00119209
56 0.127083 0.0641113 0.23125 0.126465 0.00118828
57 0.864062 0.525 0.271875 0.809375 0.00117397
13 0.935156 0.317969 0.129688 0.260156 0.00116062
60 0.857292 0.524609 0.283333 0.914844 0.00116062
60 0.867188 0.663281 0.265625 0.464063 0.00114727
72 0.321875 0.0577637 0.214583 0.112598 0.0011425
77 0.404687 0.169141 0.788542 0.333203 0.00113392
56 0.869271 0.372656 0.261458 0.317969 0.00107288
72 0.238021 0.0576172 0.378125 0.113672 0.00104809
56 0.0221354 0.0724609 0.0416667 0.14082 0.00104046
77 0.486589 0.534375 0.95599 0.921875 0.845703
0 0.671875 0.280664 0.475 0.549609 0.351318
0 0.693229 0.498438 0.528125 0.989063 0.32251
56 0.700521 0.556641 0.596875 0.886719 0.221313
13 0.7 0.514453 0.597917 0.930469 0.21936
56 0.861979 0.392676 0.276042 0.517773 0.189575
56 0.860937 0.567188 0.278125 0.865625 0.187134
13 0.855208 0.542969 0.289583 0.85625 0.184204
56 0.859375 0.317773 0.28125 0.339453 0.11676
13 0.797917 0.502344 0.404167 0.957813 0.0769653
73 0.898958 0.272266 0.0854167 0.142969 0.0651245
73 0.859375 0.277344 0.235417 0.1625 0.0587769
77 0.696875 0.498828 0.54375 0.955469 0.0548096
0 0.585286 0.473047 0.691927 0.941406 0.0517578
73 0.888542 0.258984 0.0854167 0.1 0.0484924
73 0.924479 0.275781 0.0927083 0.142578 0.0469055
57 0.867188 0.663281 0.265625 0.464063 0.0445251
73 0.94375 0.285742 0.0583333 0.100781 0.0432129
73 0.948958 0.272656 0.0520833 0.119531 0.0432129
73 0.934375 0.299414 0.0416667 0.0777344 0.0419312
73 0.854167 0.266797 0.0958333 0.108594 0.0403748
73 0.872917 0.276367 0.06875 0.0675781 0.037323
73 0.958333 0.267188 0.0375 0.104688 0.036499
73 0.960417 0.25 0.0375 0.0679688 0.0359497
13 0.863021 0.358984 0.271875 0.445313 0.035553
73 0.902083 0.257031 0.0604167 0.104688 0.0351562
73 0.870313 0.323242 0.244792 0.262109 0.0322266
73 0.894792 0.301367 0.0854167 0.0980469 0.0303345
73 0.872396 0.258789 0.0989583 0.107422 0.0301056
56 0.746354 0.29082 0.507292 0.330078 0.0294189
13 0.934375 0.397754 0.13125 0.110742 0.0275879
73 0.940625 0.269531 0.0583333 0.0539063 0.0267639
73 0.954167 0.301953 0.0416667 0.053125 0.0261536
73 0.834896 0.271875 0.125 0.121875 0.0257568
73 0.890104 0.282813 0.075 0.0804688 0.0239563
73 0.902083 0.233984 0.0479167 0.0511719 0.0232391
73 0.927604 0.304492 0.046875 0.0832031 0.0227966
56 0.850521 0.275781 0.248958 0.161328 0.0222015
73 0.939323 0.249609 0.0671875 0.0726563 0.02211
56 0.797917 0.502344 0.404167 0.957813 0.0189819
73 0.861458 0.279297 0.0791667 0.0710938 0.0188293
73 0.913542 0.251172 0.0645833 0.0867188 0.0181885
73 0.939323 0.307031 0.0588542 0.0804688 0.0168457
73 0.896354 0.236914 0.0604167 0.0644531 0.0164032
73 0.916667 0.306445 0.0604167 0.0816406 0.0163422
73 0.919792 0.235938 0.04375 0.04375 0.0157776
73 0.877083 0.3 0.08125 0.105469 0.0155411
56 0.863021 0.249609 0.269792 0.228906 0.014389
73 0.961458 0.260156 0.0395833 0.145313 0.0141754
16 0.483333 0.529688 0.954167 0.903125 0.0139542
56 0.864062 0.646094 0.271875 0.479688 0.0139542
73 0.957292 0.303125 0.03125 0.0382813 0.0136337
0 0.478646 0.523047 0.953125 0.910156 0.0131683
13 0.941667 0.496484 0.116667 0.146094 0.01297
73 0.9875 0.252783 0.025 0.169434 0.0128708
73 0.925521 0.229688 0.078125 0.0648438 0.0121002
13 0.935417 0.457813 0.129167 0.229688 0.0116882
73 0.877083 0.2375 0.0677083 0.0601563 0.0111618
56 0.321875 0.0575684 0.216667 0.112598 0.0110703
56 0.682292 0.28125 0.483333 0.542188 0.0106506
77 0.284115 0.53125 0.565104 0.921875 0.0102081
73 0.907292 0.309766 0.05625 0.0875 0.01017
13 0.865104 0.655859 0.267708 0.467969 0.00978088
73 0.857812 0.235352 0.0604167 0.0511719 0.00971222
57 0.777083 0.665625 0.445833 0.56875 0.00905609
26 0.872917 0.0771729 0.254167 0.149951 0.00834656
56 0.220833 0.0710938 0.427083 0.138281 0.00831604
13 0.942187 0.528125 0.115625 0.211719 0.00812531
57 0.478646 0.523047 0.953125 0.910156 0.00728989
56 0.877083 0.315625 0.24375 0.267969 0.0069046
62 0.874479 0.0756104 0.251042 0.147607 0.00664139
13 0.864062 0.293359 0.269792 0.310156 0.00643921
73 0.858333 0.292969 0.0822917 0.0914063 0.00629044
73 0.836458 0.253906 0.0729167 0.0859375 0.00609589
57 0.403125 0.183545 0.7875 0.362598 0.00602722
57 0.711979 0.498438 0.573958 0.960938 0.00600433
73 0.844792 0.238281 0.0979167 0.0609375 0.00584412
0 0.486979 0.32793 0.901042 0.634766 0.00547028
77 0.271875 0.345703 0.541667 0.566406 0.00524139
57 0.417187 0.0695313 0.733333 0.136523 0.00502014
73 0.842187 0.232422 0.0375 0.04375 0.00494385
56 0.940365 0.602344 0.119271 0.38125 0.00484848
56 0.935417 0.457813 0.129167 0.229688 0.00479126
56 0.417187 0.0695313 0.733333 0.136523 0.00471878
56 0.711458 0.22832 0.577083 0.451953 0.00460815
56 0.5375 0.0963623 0.485417 0.190088 0.00445175
73 0.8375 0.281641 0.103125 0.090625 0.00432968
73 0.823438 0.237109 0.0427083 0.0367188 0.0042305
73 0.9 0.335156 0.0270833 0.0375 0.0041008
77 0.627083 0.4875 0.264583 0.317969 0.00400543
57 0.444792 0.332031 0.889583 0.657031 0.00397491
73 0.966667 0.256641 0.0354167 0.0898438 0.00387001
13 0.935417 0.366797 0.129167 0.167969 0.00372124
73 0.892708 0.333203 0.04375 0.0457031 0.00370789
73 0.0880208 0.0713867 0.145313 0.131836 0.00356483
60 0.711979 0.498438 0.573958 0.960938 0.00328636
56 0.496354 0.0396606 0.142708 0.0784912 0.00324821
56 0.930208 0.308936 0.1375 0.275879 0.00319672
13 0.746354 0.29082 0.507292 0.330078 0.00317192
39 0.121615 0.0868164 0.0645833 0.0636719 0.00305176
56 0.593229 0.0401367 0.3375 0.0761719 0.00305176
13 0.897396 0.491016 0.203125 0.292969 0.00305176
39 0.117708 0.0859131 0.0416667 0.0602051 0.00300407
60 0.863542 0.294092 0.270833 0.316504 0.00298119
77 0.239583 0.273633 0.472917 0.410547 0.00296974
0 0.655208 0.767578 0.19375 0.355469 0.00293541
56 0.941146 0.558594 0.117708 0.265625 0.00286674
60 0.86875 0.176367 0.258333 0.0636719 0.00281143
73 0.0989583 0.0914063 0.121875 0.0832031 0.00273705
73 0.217708 0.0708984 0.425 0.137891 0.00269318
56 0.934375 0.397754 0.13125 0.110742 0.00265312
56 0.403125 0.183545 0.7875 0.362598 0.00265312
73 0.895833 0.335742 0.0333333 0.0417969 0.0026207
56 0.55 0.128516 0.546875 0.252344 0.0026207
73 0.929167 0.317969 0.122917 0.253125 0.00253105
57 0.521745 0.783594 0.95651 0.41875 0.00253105
56 0.478646 0.368555 0.915625 0.694922 0.00251198
57 0.861458 0.786719 0.277083 0.409375 0.0024929
56 0.777083 0.665625 0.445833 0.56875 0.00243378
77 0.686458 0.287891 0.497917 0.569531 0.00242424
77 0.585286 0.473047 0.691927 0.941406 0.0024147
13 0.926042 0.407422 0.1125 0.08125 0.002388
56 0.478646 0.523047 0.953125 0.910156 0.00235939
57 0.869792 0.714844 0.260417 0.320313 0.00233269
73 0.823958 0.234375 0.0583333 0.0453125 0.00231361
57 0.5375 0.0963623 0.485417 0.190088 0.00226974
56 0.865625 0.233203 0.266667 0.435156 0.00226021
57 0.419271 0.128809 0.832292 0.249805 0.00225258
56 0.941667 0.496484 0.116667 0.146094 0.00217438
73 0.964583 0.280664 0.0291667 0.111719 0.00214958
60 0.859375 0.50625 0.279167 0.898438 0.00214958
13 0.876042 0.439844 0.245833 0.191406 0.00213242
57 0.775521 0.793945 0.448958 0.396484 0.00213242
73 0.898438 0.232813 0.084375 0.0648438 0.00211525
0 0.417187 0.0695313 0.733333 0.136523 0.00211525
56 0.815104 0.365234 0.217708 0.344531 0.0020752
59 0.478646 0.523047 0.953125 0.910156 0.00205803
56 0.0824219 0.0703125 0.159635 0.137891 0.00202751
0 0.683333 0.7875 0.241667 0.370313 0.00201988
73 0.88125 0.333203 0.05625 0.046875 0.00200272
0 0.697917 0.35625 0.4 0.298438 0.00195694
77 0.444792 0.332031 0.889583 0.657031 0.00191212
72 0.141927 0.0580566 0.190625 0.113379 0.00190449
0 0.403125 0.183545 0.7875 0.362598 0.00184631
73 0.0638021 0.0725586 0.0671875 0.101758 0.00183868
73 0.948958 0.308594 0.0520833 0.0835938 0.00183868
56 0.869271 0.175049 0.261458 0.0725586 0.00183105
61 0.478646 0.523047 0.953125 0.910156 0.00181007
60 0.861979 0.392676 0.276042 0.517773 0.0018034
43 0.117708 0.0859131 0.0416667 0.0602051 0.00174141
0 0.611458 0.0382324 0.375 0.0754883 0.00174141
0 0.867188 0.663281 0.265625 0.464063 0.00171375
13 0.940365 0.602344 0.119271 0.38125 0.00168705
77 0.360938 0.323828 0.709375 0.503906 0.00167465
73 0.129297 0.0843994 0.0643229 0.0604981 0.0016613
73 0.110937 0.0980469 0.090625 0.0470703 0.0016613
13 0.934375 0.377344 0.13125 0.078125 0.00165462
0 0.819792 0.751172 0.197917 0.241406 0.00157928
56 0.869792 0.714844 0.260417 0.320313 0.00157928
59 0.711979 0.498438 0.573958 0.960938 0.00154877
57 0.0575521 0.863281 0.1125 0.260938 0.00154305
77 0.403125 0.183545 0.7875 0.362598 0.00154305
60 0.797917 0.502344 0.404167 0.957813 0.00151253
56 0.526563 0.0387207 0.203125 0.0749023 0.00150681
0 0.727083 0.772266 0.341667 0.377344 0.00149536
56 0.126563 0.0640625 0.233854 0.126563 0.00144958
56 0.248437 0.0574219 0.3625 0.112109 0.00144386
39 0.111589 0.0883789 0.0914062 0.0667969 0.00140476
56 0.05 0.0674805 0.0958333 0.132227 0.00138855
56 0.94401 0.635938 0.111979 0.240625 0.00136185
56 0.585286 0.473047 0.691927 0.941406 0.00135612
56 0.0588542 0.861719 0.114583 0.265625 0.00135136
56 0.935417 0.366797 0.129167 0.167969 0.00134563
72 0.692708 0.499219 0.552083 0.942188 0.00133514
16 0.266667 0.30625 0.532292 0.492969 0.00131512
56 0.670833 0.152441 0.5 0.299414 0.00130939
56 0.989062 0.255469 0.021875 0.158594 0.0012846
57 0.55 0.128516 0.546875 0.252344 0.00124454
13 0.769792 0.574219 0.460417 0.7375 0.00124454
39 0.0989583 0.0914063 0.121875 0.0832031 0.00123501
77 0.103906 0.625 0.204167 0.250781 0.00121117
56 0.352083 0.349609 0.702083 0.617188 0.00119686
60 0.867188 0.663281 0.265625 0.464063 0.00118351
73 0.814062 0.245117 0.0520833 0.0410156 0.00116539
13 0.934896 0.317773 0.130208 0.259766 0.00116539
56 0.419271 0.128809 0.832292 0.249805 0.00114727
72 0.238021 0.0577148 0.378125 0.113672 0.00112915
56 0.0223958 0.0723633 0.0421875 0.140625 0.0011158
57 0.347396 0.323047 0.689583 0.528906 0.00111198
28 0.873958 0.077124 0.252083 0.150049 0.0011034
57 0.864583 0.526563 0.270833 0.809375 0.0011034
73 0.0635417 0.0620117 0.0619792 0.0701172 0.00104809
26 0.863542 0.294092 0.270833 0.316504 0.00104809
56 0.942708 0.728906 0.114583 0.2875 0.00102806
73 0.111589 0.0883789 0.0914062 0.0667969 0.00102425
0 0.419271 0.128809 0.832292 0.249805 0.00102425
15 0.264128 0.303906 0.525911 0.484375 0.00102425
56 0.944792 0.68125 0.110417 0.153906 0.00101185
56 0.869271 0.372266 0.261458 0.316406 0.00100803
77 0.486589 0.534375 0.953906 0.921875 0.852051
0 0.671875 0.279297 0.475 0.547656 0.396973
0 0.693229 0.499219 0.526042 0.989063 0.394287
56 0.701562 0.557813 0.592708 0.884375 0.220703
13 0.702604 0.514844 0.592708 0.928125 0.206299
56 0.861979 0.385547 0.276042 0.503125 0.192505
13 0.855208 0.54375 0.289583 0.853125 0.188354
56 0.860937 0.567578 0.278125 0.864844 0.182983
56 0.859375 0.317188 0.28125 0.341406 0.119629
73 0.867188 0.275781 0.230208 0.164844 0.062561
73 0.899479 0.273047 0.0864583 0.144531 0.058136
13 0.790104 0.502344 0.419792 0.957813 0.0579224
13 0.864062 0.442285 0.269792 0.612305 0.0566406
57 0.867188 0.663672 0.265625 0.463281 0.0440063
73 0.924479 0.275781 0.0927083 0.142969 0.0433655
73 0.865104 0.313281 0.248958 0.239844 0.0422363
73 0.888542 0.258594 0.0854167 0.101563 0.0420837
77 0.697396 0.499609 0.542708 0.953906 0.0403748
73 0.948958 0.272656 0.0520833 0.119531 0.0402527
73 0.94375 0.285547 0.0583333 0.100781 0.0393372
73 0.853125 0.266992 0.0989583 0.110547 0.0372009
73 0.934375 0.299219 0.0416667 0.078125 0.036499
73 0.958333 0.26875 0.0375 0.107813 0.0347595
73 0.960417 0.250586 0.0375 0.0691406 0.0334778
73 0.872396 0.276172 0.06875 0.0675781 0.0316162
73 0.902083 0.258203 0.0625 0.107813 0.03125
56 0.733854 0.29082 0.532292 0.332422 0.0298767
13 0.934375 0.397754 0.13125 0.110742 0.0289764
73 0.891667 0.300391 0.0854167 0.107813 0.0263519
73 0.940625 0.271094 0.0604167 0.0585938 0.0249939
73 0.871875 0.258984 0.1 0.108203 0.0241394
73 0.834375 0.27207 0.127083 0.122656 0.0240479
73 0.954167 0.301953 0.0416667 0.0523438 0.0239563
56 0.853125 0.275781 0.254167 0.161719 0.0222931
73 0.940625 0.249805 0.06875 0.0738281 0.0208893
73 0.890625 0.283398 0.075 0.0839844 0.0206451
73 0.927083 0.304492 0.0458333 0.0832031 0.0201721
73 0.902083 0.233984 0.0489583 0.0507813 0.0191193
56 0.8625 0.249268 0.270833 0.22959 0.0180511
73 0.916667 0.255078 0.0729167 0.096875 0.0167847
73 0.860417 0.279297 0.08125 0.071875 0.0167847
56 0.790104 0.502344 0.419792 0.957813 0.0165253
73 0.939323 0.307031 0.0588542 0.0804688 0.0150757
73 0.917708 0.306445 0.0604167 0.0816406 0.0145569
73 0.880208 0.286719 0.065625 0.0804688 0.0142822
73 0.919792 0.235938 0.0458333 0.04375 0.0140076
73 0.876562 0.3 0.0822917 0.10625 0.0139542
56 0.864062 0.646094 0.271875 0.479688 0.0139542
73 0.896875 0.238281 0.0604167 0.0671875 0.0138474
16 0.483854 0.529688 0.953125 0.903125 0.0136871
73 0.9875 0.25293 0.025 0.169922 0.0136337
73 0.9625 0.258203 0.0375 0.0898438 0.0134811
0 0.479167 0.523828 0.952083 0.908594 0.0134811
13 0.941667 0.496875 0.116667 0.146875 0.0131683
73 0.961458 0.258789 0.0395833 0.148828 0.0127716
73 0.957292 0.30332 0.03125 0.0382813 0.0127716
56 0.321875 0.0575195 0.216667 0.112695 0.0125275
56 0.709896 0.251172 0.536458 0.477344 0.0119171
13 0.935417 0.457813 0.129167 0.230469 0.0116882
73 0.925521 0.229688 0.0822917 0.0664062 0.0108566
57 0.777604 0.667188 0.444792 0.571875 0.01017
77 0.284635 0.531641 0.566146 0.919531 0.00967407
73 0.877083 0.2375 0.0697917 0.0605469 0.00912476
13 0.942187 0.527344 0.115625 0.210938 0.00871277
56 0.220768 0.0712891 0.427214 0.138477 0.0086441
73 0.907292 0.310156 0.05625 0.0867188 0.00857544
13 0.863021 0.300342 0.271875 0.325879 0.0085144
26 0.872917 0.0771729 0.254167 0.149951 0.00841522
13 0.865104 0.654688 0.267708 0.471875 0.00837708
73 0.858333 0.235547 0.0625 0.0519531 0.00828552
57 0.401562 0.18208 0.788542 0.359277 0.008255
56 0.875 0.314844 0.247917 0.270313 0.00763702
57 0.479167 0.523828 0.952083 0.908594 0.00701141
57 0.7125 0.498438 0.570833 0.959375 0.00638962
57 0.415495 0.070459 0.735677 0.138379 0.00624084
62 0.874479 0.0753906 0.251042 0.147461 0.00619125
56 0.468229 0.0806641 0.64375 0.158789 0.00577545
56 0.542578 0.0971436 0.473177 0.19165 0.00572968
73 0.858854 0.293359 0.084375 0.0929688 0.00568771
73 0.836458 0.257227 0.0854167 0.0933594 0.00542831
0 0.485547 0.326172 0.89974 0.630469 0.00536346
77 0.627604 0.486816 0.265625 0.316992 0.00530243
56 0.940625 0.601953 0.11875 0.382031 0.00526047
56 0.935417 0.457813 0.129167 0.230469 0.00484848
73 0.839583 0.238672 0.110417 0.0617188 0.00482941
77 0.271615 0.339453 0.541146 0.550781 0.00479126
57 0.443229 0.324609 0.886458 0.642188 0.00455475
77 0.590625 0.478125 0.71875 0.929688 0.00446701
0 0.590625 0.478125 0.71875 0.929688 0.00411606
56 0.496354 0.0397339 0.142708 0.07854 0.00399017
73 0.842187 0.232617 0.0385417 0.0441406 0.00391388
73 0.836458 0.281641 0.10625 0.0914063 0.00378036
73 0.0878906 0.0711426 0.146094 0.132715 0.00370789
73 0.9 0.335352 0.0270833 0.0371094 0.00363541
13 0.935417 0.362891 0.129167 0.178125 0.00362206
73 0.823958 0.2375 0.04375 0.0371094 0.00353813
56 0.59375 0.0400391 0.339583 0.0761719 0.00353813
77 0.239583 0.273047 0.473958 0.404688 0.00351143
0 0.654687 0.767969 0.19375 0.357813 0.00344276
56 0.401562 0.18208 0.788542 0.359277 0.00337601
60 0.7125 0.498438 0.570833 0.959375 0.00333786
56 0.930208 0.308545 0.1375 0.277441 0.00329781
73 0.891667 0.333203 0.04375 0.0453125 0.00324821
39 0.113802 0.0833984 0.0330729 0.0554688 0.00319672
60 0.86875 0.176367 0.258333 0.0636719 0.00319672
13 0.733854 0.29082 0.532292 0.332422 0.00317192
13 0.895312 0.490234 0.207292 0.292188 0.00316048
39 0.12526 0.0836914 0.0557292 0.0580078 0.00312424
57 0.8625 0.788281 0.275 0.404688 0.003088
56 0.941146 0.557031 0.117708 0.2625 0.00298119
57 0.520964 0.78457 0.958073 0.418359 0.00294685
57 0.542578 0.0971436 0.473177 0.19165 0.00292397
73 0.930208 0.317773 0.127083 0.258203 0.0028553
57 0.417187 0.126465 0.830208 0.244727 0.00284576
57 0.775521 0.792969 0.448958 0.396875 0.00284576
57 0.869792 0.716406 0.260417 0.317188 0.00279999
56 0.934375 0.397754 0.13125 0.110742 0.00277901
73 0.0981771 0.0911133 0.123438 0.084375 0.00268364
60 0.864062 0.29375 0.269792 0.310938 0.00268364
56 0.777604 0.667188 0.444792 0.571875 0.0026722
56 0.477604 0.366016 0.915625 0.691406 0.00261116
56 0.865625 0.231836 0.266667 0.434766 0.00255013
13 0.926042 0.40625 0.1125 0.0835938 0.00254059
60 0.863021 0.356641 0.271875 0.441406 0.00250244
73 0.217643 0.0710938 0.42513 0.138086 0.0024929
0 0.415495 0.070459 0.735677 0.138379 0.00245285
0 0.683333 0.7875 0.241667 0.36875 0.00243378
77 0.443229 0.324609 0.886458 0.642188 0.00242424
73 0.895833 0.335742 0.0333333 0.0417969 0.00233269
56 0.0822917 0.0705078 0.159896 0.138086 0.00232315
56 0.479167 0.523828 0.952083 0.908594 0.00229645
0 0.401562 0.18208 0.788542 0.359277 0.00224304
13 0.876042 0.439941 0.245833 0.191992 0.00222588
56 0.941667 0.496875 0.116667 0.146875 0.00216484
60 0.860417 0.508594 0.277083 0.892188 0.00214005
56 0.814062 0.364844 0.219792 0.344531 0.00209999
57 0.0575521 0.863281 0.1125 0.2625 0.00209999
0 0.697917 0.356055 0.4 0.297266 0.0020504
77 0.686458 0.279492 0.495833 0.553516 0.0020504
13 0.932292 0.415625 0.114583 0.0640625 0.00199509
73 0.964583 0.278906 0.0291667 0.115625 0.00198746
56 0.86875 0.175195 0.2625 0.0734375 0.00197983
59 0.479167 0.523828 0.952083 0.908594 0.00197983
73 0.896354 0.233398 0.096875 0.0660156 0.00196457
0 0.81875 0.751172 0.198958 0.241406 0.00194931
0 0.610937 0.0381714 0.373958 0.075415 0.00194168
77 0.401562 0.18208 0.788542 0.359277 0.00193405
0 0.867188 0.663672 0.265625 0.463281 0.00191879
61 0.479167 0.523828 0.952083 0.908594 0.00190449
56 0.675 0.327734 0.48125 0.644531 0.00189686
72 0.141211 0.0580566 0.191536 0.113574 0.00183868
73 0.0638021 0.0725586 0.0671875 0.101758 0.00181007
73 0.823958 0.234375 0.0604167 0.0453125 0.0018034
73 0.88125 0.333203 0.05625 0.046875 0.0018034
0 0.727604 0.771875 0.342708 0.376563 0.00178909
73 0.948958 0.308594 0.0520833 0.0835938 0.00175476
56 0.869792 0.716406 0.260417 0.317188 0.0017271
73 0.110937 0.0983398 0.090625 0.0466797 0.0017004
13 0.934375 0.377344 0.13125 0.078125 0.0017004
13 0.940625 0.601953 0.11875 0.382031 0.0017004
56 0.601562 0.133887 0.497917 0.261914 0.00168705
73 0.129297 0.084375 0.0643229 0.0605469 0.0016613
56 0.665104 0.157617 0.490625 0.310156 0.0016613
56 0.529167 0.0386597 0.208333 0.0748291 0.00161076
56 0.248958 0.0574707 0.361458 0.112207 0.00161076
43 0.117318 0.0858398 0.0408854 0.0599609 0.0015974
77 0.365104 0.324609 0.715625 0.500781 0.00157928
59 0.7125 0.498438 0.570833 0.959375 0.00157928
56 0.0382813 0.0712402 0.0760417 0.139355 0.00153637
56 0.989062 0.255273 0.021875 0.158984 0.00146675
72 0.693229 0.499609 0.551042 0.938281 0.00145531
56 0.126563 0.0644043 0.234896 0.127051 0.00144386
56 0.944792 0.638281 0.110417 0.2375 0.00143242
56 0.0575521 0.863281 0.1125 0.2625 0.00143242
39 0.111589 0.0883789 0.0914062 0.0667969 0.00142097
56 0.363802 0.349805 0.726562 0.619922 0.00142097
56 0.935417 0.362891 0.129167 0.178125 0.00139904
77 0.103906 0.625 0.204167 0.251563 0.00134563
16 0.266211 0.304102 0.532161 0.486328 0.00130939
56 0.417187 0.126465 0.830208 0.244727 0.00129986
57 0.864583 0.252148 0.266667 0.230859 0.00127411
73 0.863021 0.300342 0.271875 0.325879 0.0012598
57 0.355208 0.323633 0.70625 0.529297 0.00124931
77 0.654687 0.767969 0.19375 0.357813 0.00123501
56 0.632292 0.104102 0.4125 0.205078 0.00119686
72 0.237956 0.0577148 0.378255 0.113867 0.00118828
56 0.0222656 0.0724121 0.0424479 0.140723 0.00117874
39 0.0981771 0.0911133 0.123438 0.084375 0.00117874
77 0.132292 0.184326 0.259896 0.148535 0.00117874
0 0.417187 0.126465 0.830208 0.244727 0.00117874
56 0.942708 0.730469 0.114583 0.284375 0.0011692
60 0.0575521 0.863281 0.1125 0.2625 0.0011692
77 0.415495 0.070459 0.735677 0.138379 0.00115108
13 0.934896 0.317383 0.130208 0.260547 0.00112438
56 0.944792 0.68125 0.110417 0.154688 0.00110722
26 0.864583 0.294336 0.270833 0.317578 0.0011034
56 0.4 0.0580566 0.38125 0.113574 0.00109863
57 0.942708 0.730469 0.114583 0.284375 0.00108147
60 0.867188 0.663672 0.265625 0.463281 0.00108147
28 0.873958 0.0771484 0.252083 0.150195 0.00106525
0 0.870313 0.757031 0.259375 0.240625 0.00105667
57 0.864062 0.531641 0.271875 0.802344 0.00105667
77 0.69375 0.487109 0.41875 0.321094 0.00105286
73 0.111589 0.0883789 0.0914062 0.0667969 0.00104809
56 0.869271 0.371875 0.261458 0.314063 0.00104427
56 0.854167 0.932031 0.289583 0.128125 0.00102425
73 0.0635417 0.0619141 0.0619792 0.0699219 0.00101662
57 0.235872 0.0710449 0.442839 0.138379 0.00101185
77 0.48737 0.535156 0.952344 0.91875 0.856934
0 0.692708 0.499609 0.525 0.988281 0.484375
0 0.672396 0.278125 0.476042 0.545313 0.44751
56 0.704167 0.557813 0.5875 0.884375 0.223999
56 0.861979 0.371094 0.276042 0.474219 0.201172
13 0.705729 0.514063 0.586458 0.928125 0.187744
56 0.860937 0.567578 0.278125 0.864844 0.187134
13 0.855208 0.542969 0.289583 0.851563 0.187134
56 0.863021 0.299805 0.271875 0.325391 0.119995
73 0.867708 0.275977 0.229167 0.164453 0.0632324
73 0.899479 0.272266 0.0864583 0.143359 0.0607605
13 0.864583 0.421777 0.26875 0.570508 0.0564575
73 0.924479 0.275391 0.0927083 0.142578 0.0460205
73 0.888542 0.258594 0.0854167 0.101172 0.0451965
57 0.866146 0.655859 0.267708 0.460156 0.0451965
13 0.792188 0.501563 0.415625 0.95625 0.0448608
73 0.865625 0.314063 0.247917 0.240625 0.0428772
73 0.94349 0.285547 0.0588542 0.100781 0.0417786
73 0.948958 0.272656 0.0541667 0.119531 0.0413208
73 0.853125 0.266797 0.0989583 0.110156 0.0401001
73 0.934375 0.299219 0.0416667 0.078125 0.0381775
73 0.958333 0.268359 0.0375 0.107031 0.0359497
56 0.764062 0.291357 0.471875 0.328223 0.0343628
73 0.960417 0.247656 0.0375 0.0648438 0.0342407
73 0.872396 0.276172 0.0697917 0.0679688 0.0340881
13 0.934375 0.397656 0.13125 0.110938 0.0340881
73 0.902083 0.257422 0.0614583 0.105469 0.032959
77 0.700521 0.500391 0.540625 0.989844 0.0280151
73 0.898958 0.292188 0.0916667 0.114063 0.0272675
73 0.940625 0.272266 0.0604167 0.0617188 0.0270691
73 0.871875 0.258789 0.1 0.107813 0.0268555
73 0.834375 0.271875 0.127083 0.121875 0.0267639
73 0.953125 0.301953 0.0416667 0.053125 0.0253754
56 0.852083 0.275781 0.254167 0.161719 0.0237732
73 0.939583 0.249609 0.06875 0.0734375 0.0228882
73 0.902083 0.233984 0.0489583 0.0507813 0.0217743
73 0.890104 0.282617 0.0760417 0.0816406 0.0216217
73 0.927083 0.304297 0.0479167 0.0835938 0.0207977
73 0.860417 0.279297 0.0822917 0.0726563 0.0182648
73 0.914583 0.253711 0.0708333 0.09375 0.0180511
56 0.8625 0.249561 0.270833 0.229004 0.0175781
73 0.91875 0.235938 0.0479167 0.0445313 0.0154877
73 0.939323 0.307031 0.0588542 0.0804688 0.0153656
73 0.896875 0.237109 0.0604167 0.0648438 0.0152512
73 0.917188 0.306445 0.0614583 0.0816406 0.0148392
13 0.941667 0.496875 0.116667 0.146875 0.0145569
56 0.321875 0.0575195 0.216667 0.112695 0.0145035
73 0.9875 0.252783 0.025 0.170215 0.014389
0 0.479297 0.525 0.951823 0.903125 0.0141754
56 0.863542 0.646875 0.272917 0.478125 0.0141754
73 0.876562 0.3 0.0822917 0.10625 0.0140076
56 0.792188 0.501563 0.415625 0.95625 0.0139542
73 0.9625 0.257812 0.0375 0.0890625 0.0137405
73 0.957292 0.303516 0.03125 0.0382813 0.0133743
16 0.484375 0.530469 0.952083 0.898438 0.0132217
73 0.9625 0.258203 0.0416667 0.15 0.0131226
56 0.68125 0.280859 0.479167 0.542969 0.0125732
13 0.935417 0.456934 0.129167 0.22832 0.0123367
57 0.783854 0.664453 0.432292 0.563281 0.0122375
73 0.925 0.229688 0.0833333 0.0664062 0.0121918
73 0.877083 0.2375 0.0697917 0.0601563 0.0106506
57 0.775 0.753516 0.45 0.477344 0.0102081
13 0.942969 0.526563 0.114062 0.209375 0.00989532
77 0.284896 0.534375 0.566667 0.914063 0.00985718
73 0.857292 0.235547 0.0614583 0.0515625 0.00974274
73 0.907292 0.310156 0.05625 0.0859375 0.00923157
57 0.400521 0.171973 0.789583 0.339258 0.00912476
56 0.857812 0.351953 0.278125 0.317969 0.0086441
56 0.220573 0.0715332 0.426562 0.13877 0.0085144
13 0.864583 0.654688 0.26875 0.470313 0.00844574
13 0.863021 0.299805 0.271875 0.325391 0.00841522
57 0.479297 0.525 0.951823 0.903125 0.00679779
57 0.415625 0.0708496 0.735417 0.13916 0.00664139
56 0.542578 0.0962647 0.473177 0.189893 0.00653839
26 0.872917 0.0771484 0.254167 0.149805 0.00636292
56 0.469271 0.0810547 0.639583 0.15957 0.00636292
57 0.713542 0.498438 0.570833 0.95625 0.00634003
77 0.630208 0.486621 0.26875 0.31582 0.00629044
73 0.835417 0.256641 0.084375 0.0921875 0.00619125
73 0.858333 0.292578 0.0833333 0.090625 0.00593567
56 0.708854 0.221094 0.551042 0.435938 0.00582123
62 0.874479 0.0753662 0.251042 0.147314 0.00575256
73 0.839583 0.238477 0.108333 0.0617188 0.00568771
56 0.940625 0.600781 0.11875 0.379688 0.00542831
0 0.485417 0.326563 0.9 0.628906 0.00518036
56 0.935417 0.456934 0.129167 0.22832 0.00516129
77 0.254167 0.290625 0.50625 0.460938 0.00494385
56 0.496875 0.0397461 0.14375 0.0785156 0.0049057
73 0.841667 0.232813 0.0395833 0.0445313 0.00466537
73 0.0885417 0.0722656 0.144792 0.130469 0.00441742
57 0.44375 0.319531 0.8875 0.629688 0.00431442
73 0.823958 0.2375 0.0458333 0.0375 0.00428009
0 0.65625 0.785156 0.185417 0.364063 0.00426483
73 0.836458 0.281641 0.10625 0.0910156 0.00413513
60 0.86875 0.176123 0.258333 0.0633789 0.0041008
13 0.935417 0.364063 0.129167 0.172656 0.00405502
73 0.9 0.335352 0.0270833 0.0371094 0.00397491
56 0.59375 0.0399902 0.339583 0.0762695 0.00388527
56 0.4375 0.170117 0.739583 0.335938 0.00385475
57 0.864062 0.788867 0.271875 0.403516 0.00370789
73 0.891667 0.333203 0.0458333 0.0453125 0.00362206
56 0.930208 0.308594 0.1375 0.277344 0.00353813
60 0.713542 0.498438 0.570833 0.95625 0.00351143
39 0.113672 0.0832031 0.0328125 0.0550781 0.00348282
77 0.607812 0.474609 0.684375 0.919531 0.00345612
39 0.12474 0.0836914 0.0546875 0.0578125 0.00335121
13 0.894271 0.489063 0.209375 0.289844 0.00332451
56 0.941146 0.551563 0.117708 0.251563 0.00329781
57 0.864583 0.735547 0.26875 0.275781 0.00329781
57 0.520312 0.784375 0.959375 0.417188 0.00328636
57 0.542578 0.0962647 0.473177 0.189893 0.00321007
73 0.0986979 0.091626 0.122917 0.0831543 0.00317192
56 0.783854 0.664453 0.432292 0.563281 0.00307465
56 0.934375 0.397656 0.13125 0.110938 0.00305176
13 0.926042 0.40625 0.1125 0.0835938 0.00300407
13 0.764062 0.291357 0.471875 0.328223 0.00296974
73 0.930208 0.317773 0.127083 0.258203 0.00286674
57 0.413672 0.125098 0.82474 0.238477 0.00286674
56 0.865625 0.314063 0.247917 0.240625 0.00277901
60 0.864062 0.29375 0.269792 0.3125 0.00277901
56 0.478646 0.366016 0.917708 0.688281 0.00275803
0 0.415625 0.0708496 0.735417 0.13916 0.00264168
77 0.44375 0.319531 0.8875 0.629688 0.00264168
73 0.895833 0.335938 0.0333333 0.0414063 0.00255013
56 0.0825521 0.0705078 0.159896 0.138281 0.00247192
73 0.217122 0.0712402 0.424089 0.138379 0.00247192
13 0.880208 0.439063 0.239583 0.190625 0.00245285
0 0.400521 0.171973 0.789583 0.339258 0.00245285
0 0.81875 0.750781 0.2 0.240625 0.00236893
56 0.941667 0.496875 0.116667 0.146875 0.00235939
57 0.0575521 0.863281 0.1125 0.2625 0.00235939
77 0.333333 0.319141 0.666667 0.513281 0.00232315
56 0.813542 0.364648 0.21875 0.344141 0.00228691
73 0.823958 0.234375 0.0604167 0.0453125 0.00227928
56 0.479297 0.525 0.951823 0.903125 0.00226974
0 0.695312 0.354883 0.405208 0.289453 0.00221634
73 0.89375 0.233203 0.104167 0.0664062 0.00219917
60 0.860937 0.509766 0.276042 0.883594 0.00219917
0 0.866667 0.663281 0.266667 0.460938 0.00216484
56 0.86875 0.175 0.2625 0.0730469 0.00214958
73 0.964583 0.278516 0.0291667 0.114844 0.00214005
0 0.727083 0.771094 0.34375 0.375 0.0020752
73 0.88125 0.333203 0.05625 0.046875 0.00203514
77 0.400521 0.171973 0.789583 0.339258 0.00202751
61 0.479297 0.525 0.951823 0.903125 0.00201988
0 0.610417 0.0380981 0.372917 0.0753662 0.00201035
73 0.0638021 0.0733887 0.0666667 0.0993164 0.00195694
56 0.596745 0.130859 0.483594 0.25625 0.00194931
73 0.129427 0.0843506 0.0640625 0.0602051 0.00194168
73 0.110677 0.0993164 0.090625 0.0447266 0.00193405
59 0.479297 0.525 0.951823 0.903125 0.00193405
13 0.934375 0.376465 0.13125 0.0767578 0.00191212
72 0.142187 0.0579102 0.189583 0.113281 0.00186062
56 0.250065 0.0574219 0.360286 0.112109 0.00183868
60 0.864583 0.421777 0.26875 0.570508 0.00182438
56 0.869792 0.717578 0.260417 0.314844 0.0018177
56 0.658333 0.155762 0.477083 0.306445 0.00178242
56 0.529167 0.038623 0.208333 0.0749023 0.00173378
77 0.132292 0.184424 0.260417 0.149121 0.00172043
13 0.940625 0.600781 0.11875 0.379688 0.00169373
56 0.0388021 0.0711426 0.0770833 0.139355 0.00167465
77 0.103906 0.625781 0.204687 0.251563 0.00167465
77 0.685417 0.273242 0.491667 0.541016 0.0016489
43 0.116927 0.0857178 0.0395833 0.0594238 0.00162888
56 0.989062 0.255469 0.021875 0.158594 0.00157928
56 0.935417 0.364063 0.129167 0.172656 0.00157356
59 0.713542 0.498438 0.570833 0.95625 0.00157356
56 0.3625 0.350391 0.722917 0.616406 0.00155449
77 0.654167 0.767188 0.19375 0.359375 0.00154305
56 0.944792 0.640625 0.110417 0.232813 0.00153637
16 0.26569 0.303516 0.53112 0.482813 0.00152493
56 0.0575521 0.863281 0.1125 0.2625 0.00151253
77 0.69375 0.4875 0.41875 0.320313 0.00148964
56 0.126823 0.0643066 0.234896 0.126855 0.00146675
57 0.367969 0.327148 0.730729 0.534766 0.00143814
72 0.692708 0.5 0.55 0.934375 0.00143242
39 0.111198 0.0883057 0.0911458 0.0667481 0.00137806
0 0.869792 0.757031 0.260417 0.239063 0.00136662
60 0.0575521 0.863281 0.1125 0.2625 0.00135136
56 0.413672 0.125098 0.82474 0.238477 0.00133514
56 0.622917 0.0990234 0.39375 0.194922 0.00132465
56 0.942708 0.73125 0.114583 0.28125 0.00129986
57 0.942708 0.73125 0.114583 0.28125 0.00127411
56 0.399479 0.0580078 0.380208 0.113672 0.00126457
56 0.944271 0.692188 0.111458 0.148438 0.00124454
0 0.413672 0.125098 0.82474 0.238477 0.00123978
56 0.854167 0.932031 0.289583 0.128125 0.00123501
57 0.864583 0.252295 0.266667 0.230566 0.00122547
56 0.0223958 0.0724121 0.0421875 0.140723 0.00121593
73 0.111198 0.0883057 0.0911458 0.0667481 0.0012064
39 0.0986979 0.091626 0.122917 0.0831543 0.00120163
72 0.238281 0.0577148 0.377604 0.113867 0.00118351
56 0.775 0.753516 0.45 0.477344 0.00118351
73 0.863021 0.299805 0.271875 0.325391 0.00117874
73 0.813542 0.246289 0.0541667 0.0441406 0.00117397
77 0.415625 0.0708496 0.735417 0.13916 0.00117397
13 0.934896 0.317578 0.130208 0.260156 0.00115108
77 0.275 0.222656 0.545833 0.376563 0.00115108
73 0.0634115 0.0615234 0.0617188 0.0669922 0.00110722
15 0.263281 0.303516 0.524479 0.477344 0.00108147
56 0.866146 0.217969 0.263542 0.154688 0.00106907
77 0.698958 0.542188 0.464583 0.28125 0.00106525
60 0.866667 0.663281 0.266667 0.460938 0.00105667
56 0.908333 0.539062 0.183333 0.239063 0.00104046
0 0.555729 0.124316 0.498958 0.243945 0.00104046
73 0.0848958 0.0799805 0.108333 0.0892578 0.00103664
57 0.864062 0.534473 0.271875 0.788867 0.00102425
60 0.942187 0.521875 0.115625 0.2 0.00102043
26 0.864583 0.294336 0.270833 0.319141 0.00101662
77 0.486589 0.535547 0.951823 0.916406 0.856934
0 0.692708 0.5 0.522917 0.9875 0.512695
0 0.671875 0.277344 0.473958 0.54375 0.478516
56 0.704167 0.558984 0.5875 0.882031 0.220703
56 0.861979 0.362305 0.276042 0.456641 0.20813
56 0.860417 0.567578 0.279167 0.864844 0.191284
13 0.854688 0.54375 0.290625 0.85 0.180664
13 0.705729 0.514844 0.586458 0.926563 0.179565
56 0.864583 0.29458 0.270833 0.320215 0.0817871
73 0.867188 0.275781 0.232292 0.164844 0.0668335
73 0.899479 0.27168 0.0864583 0.142578 0.0592041
13 0.864062 0.411719 0.269792 0.550781 0.0535889
73 0.924479 0.275391 0.0927083 0.142188 0.0453491
13 0.790104 0.501563 0.419792 0.95625 0.0453491
57 0.866667 0.65625 0.266667 0.459375 0.0446777
73 0.888542 0.258789 0.0854167 0.100391 0.044342
73 0.866667 0.317578 0.247917 0.248438 0.042572
73 0.94375 0.285938 0.0583333 0.0984375 0.041626
73 0.853125 0.266797 0.0979167 0.109375 0.0411377
73 0.948958 0.272266 0.0520833 0.119531 0.0403748
73 0.934375 0.299219 0.0416667 0.078125 0.0384521
73 0.958333 0.267773 0.0375 0.105859 0.0354004
73 0.960417 0.247656 0.0375 0.0648438 0.0342407
73 0.871875 0.276563 0.06875 0.0671875 0.0342407
13 0.934375 0.398047 0.13125 0.110938 0.0339661
73 0.902083 0.256641 0.0604167 0.104297 0.0323486
77 0.7 0.500781 0.539583 0.989063 0.0285492
73 0.831771 0.269531 0.140625 0.119531 0.0269623
73 0.898958 0.292969 0.0895833 0.1125 0.0267639
73 0.940625 0.271484 0.0604167 0.0589844 0.0266571
73 0.871354 0.258594 0.1 0.107031 0.0258636
73 0.954167 0.301953 0.0416667 0.0523438 0.0258636
56 0.852604 0.275781 0.255208 0.161719 0.0245209
73 0.939323 0.249609 0.0671875 0.0730469 0.0230713
73 0.902083 0.233984 0.0489583 0.0507813 0.0220337
73 0.889583 0.282227 0.075 0.0796875 0.0213623
73 0.927083 0.304297 0.0458333 0.0832031 0.02034
73 0.860417 0.279688 0.08125 0.071875 0.0187683
73 0.913542 0.253125 0.06875 0.0921875 0.0179901
56 0.790104 0.501563 0.419792 0.95625 0.0167847
73 0.91875 0.235938 0.0458333 0.0445313 0.0156708
56 0.322135 0.0575195 0.217187 0.112695 0.0154266
73 0.896875 0.236523 0.0604167 0.0632813 0.0151291
73 0.939323 0.307031 0.0588542 0.0800781 0.0149002
73 0.9875 0.252686 0.025 0.17041 0.0147324
0 0.479167 0.525781 0.95 0.901563 0.0147324
13 0.941927 0.517969 0.116146 0.190625 0.0146713
73 0.917188 0.306445 0.0614583 0.0816406 0.0144501
56 0.863542 0.647266 0.272917 0.477344 0.0141754
73 0.957292 0.30332 0.03125 0.0375 0.0139008
73 0.876042 0.299805 0.0833333 0.105859 0.0135345
73 0.9625 0.257812 0.0375 0.0886719 0.0134277
73 0.9625 0.257617 0.0416667 0.151172 0.0126266
16 0.483333 0.531641 0.95 0.896094 0.0125732
73 0.925 0.229688 0.0854167 0.0667969 0.0125275
13 0.935417 0.457031 0.129167 0.228125 0.0124817
57 0.780729 0.665625 0.438542 0.565625 0.012146
56 0.680208 0.280859 0.477083 0.541406 0.0120544
57 0.775 0.757813 0.45 0.46875 0.0109024
73 0.876562 0.2375 0.0697917 0.0601563 0.0107803
73 0.857292 0.235547 0.0604167 0.0515625 0.01017
77 0.284375 0.535547 0.565625 0.910156 0.00963593
57 0.399479 0.17334 0.788542 0.341992 0.00941467
73 0.907292 0.310742 0.05625 0.0851563 0.0091629
56 0.220312 0.071875 0.426042 0.139453 0.0088501
56 0.858333 0.352344 0.277083 0.31875 0.00878143
73 0.836458 0.275 0.10625 0.106641 0.00841522
13 0.864583 0.655469 0.26875 0.46875 0.00787354
13 0.863021 0.300391 0.271875 0.326563 0.00769424
57 0.479167 0.525781 0.95 0.901563 0.00695801
57 0.416146 0.0708984 0.733333 0.139258 0.00679779
77 0.631771 0.485547 0.272917 0.314063 0.00677109
56 0.533854 0.0960693 0.488542 0.189502 0.00653839
73 0.833854 0.256445 0.0864583 0.0917969 0.00643921
56 0.467708 0.08125 0.639583 0.159961 0.00641251
57 0.7125 0.499219 0.570833 0.954688 0.00631332
73 0.839063 0.238477 0.111458 0.0621094 0.00582123
77 0.254167 0.290039 0.50625 0.458203 0.00568771
56 0.940625 0.601172 0.11875 0.380469 0.0055542
26 0.872917 0.0772461 0.254167 0.149805 0.00538635
62 0.874479 0.0753174 0.251042 0.147412 0.00519943
56 0.496354 0.0396484 0.142708 0.0785156 0.00516129
56 0.707812 0.220313 0.548958 0.433594 0.00502014
56 0.935417 0.457031 0.129167 0.228125 0.00498199
0 0.484245 0.325391 0.896094 0.625781 0.00494385
73 0.841667 0.232813 0.0395833 0.0445313 0.00479126
73 0.0895833 0.0736328 0.142708 0.127734 0.00477219
73 0.823958 0.2375 0.0458333 0.0375 0.00453949
0 0.656771 0.786133 0.185417 0.365234 0.00446701
60 0.86875 0.176172 0.258333 0.0632813 0.00439835
73 0.9 0.335547 0.0270833 0.0367188 0.0042305
57 0.864583 0.789258 0.270833 0.402734 0.0042305
39 0.113672 0.0833008 0.0328125 0.0550781 0.0041008
57 0.519271 0.784375 0.961458 0.41875 0.00407028
56 0.433854 0.171387 0.740625 0.338477 0.00403976
39 0.124219 0.0836914 0.053125 0.0578125 0.00400543
13 0.935417 0.361914 0.129167 0.179297 0.00397491
57 0.442708 0.31582 0.885417 0.620703 0.00395966
73 0.891667 0.333398 0.0458333 0.0453125 0.00387001
56 0.59375 0.0399414 0.3375 0.0761719 0.00382423
57 0.872396 0.735156 0.255208 0.284375 0.00367928
60 0.7125 0.499219 0.570833 0.954688 0.00355148
73 0.0989583 0.0922119 0.122396 0.0819824 0.00351143
73 0.967708 0.25918 0.0375 0.0972656 0.00345612
56 0.930208 0.308594 0.1375 0.277344 0.00342941
56 0.941146 0.548828 0.117708 0.246094 0.00335121
57 0.533854 0.0960693 0.488542 0.189502 0.00335121
13 0.894792 0.488672 0.208333 0.289062 0.00329781
56 0.780729 0.665625 0.438542 0.565625 0.00312424
56 0.934375 0.398047 0.13125 0.110938 0.0029583
13 0.926042 0.405566 0.1125 0.0857422 0.00294685
77 0.442708 0.31582 0.885417 0.620703 0.00288963
73 0.93125 0.317578 0.127083 0.259375 0.00282288
60 0.864583 0.252539 0.266667 0.230859 0.00279999
57 0.411458 0.126074 0.820833 0.236914 0.00276756
0 0.416146 0.0708984 0.733333 0.139258 0.00274658
57 0.0572917 0.862305 0.1125 0.262891 0.0027256
56 0.477083 0.365625 0.916667 0.6875 0.00271416
73 0.895833 0.335742 0.0333333 0.0417969 0.00270462
0 0.399479 0.17334 0.788542 0.341992 0.00265312
60 0.863021 0.341406 0.271875 0.410938 0.00252151
56 0.0825521 0.0705078 0.159896 0.138281 0.0024929
0 0.81875 0.751563 0.198958 0.240625 0.00242424
73 0.823958 0.23457 0.0614583 0.0457031 0.0024147
13 0.880208 0.439453 0.239583 0.191406 0.00239754
73 0.216927 0.0714355 0.424479 0.13877 0.00233269
0 0.867188 0.663281 0.265625 0.459375 0.00233269
56 0.8125 0.364453 0.216667 0.344531 0.00232315
56 0.941667 0.497656 0.116667 0.148438 0.00230598
73 0.964583 0.278906 0.0291667 0.113281 0.00226974
13 0.932292 0.415234 0.114583 0.0648438 0.00226974
77 0.331771 0.319141 0.663542 0.511719 0.00225258
77 0.399479 0.17334 0.788542 0.341992 0.00224304
73 0.891667 0.233398 0.1125 0.0664062 0.00223351
60 0.861458 0.509766 0.275 0.886719 0.00223351
0 0.695833 0.354297 0.404167 0.288281 0.00219917
56 0.479167 0.525781 0.95 0.901563 0.00219917
73 0.88125 0.333398 0.05625 0.0464844 0.00218201
77 0.131771 0.18418 0.259375 0.149219 0.00216484
61 0.479167 0.525781 0.95 0.901563 0.00216484
0 0.727604 0.770703 0.34375 0.374219 0.00215721
56 0.248177 0.0586914 0.366146 0.113281 0.00214958
56 0.86875 0.175 0.2625 0.0730469 0.00214958
59 0.479167 0.525781 0.95 0.901563 0.00214958
56 0.8375 0.249658 0.28125 0.214746 0.00206757
77 0.104167 0.625781 0.204687 0.251563 0.0020504
73 0.110677 0.0992188 0.090625 0.0449219 0.00204277
73 0.0635417 0.0736816 0.0666667 0.0991211 0.00202751
77 0.654687 0.767188 0.19375 0.359375 0.00202751
56 0.589063 0.12832 0.478125 0.250781 0.00201035
0 0.610417 0.0380737 0.372917 0.0752197 0.00194168
73 0.129167 0.0843506 0.0640625 0.0602051 0.00192642
56 0.869792 0.717969 0.260417 0.314063 0.00188923
56 0.697396 0.454688 0.519792 0.901563 0.00188923
13 0.934375 0.377344 0.13125 0.078125 0.00186062
72 0.141927 0.0578613 0.189583 0.113184 0.00181007
56 0.653125 0.152148 0.466667 0.299219 0.0017271
56 0.528646 0.038562 0.207292 0.0748291 0.00172043
56 0.0395833 0.0711914 0.0786458 0.139453 0.0017004
59 0.7125 0.499219 0.570833 0.954688 0.0017004
13 0.940625 0.601172 0.11875 0.380469 0.00162315
56 0.0572917 0.862305 0.1125 0.262891 0.00160408
77 0.683854 0.271484 0.488542 0.536719 0.0015974
56 0.944792 0.641016 0.110417 0.232031 0.00157928
39 0.111198 0.0883789 0.090625 0.0666016 0.00157356
77 0.69375 0.4875 0.416667 0.31875 0.00157356
56 0.989062 0.255469 0.021875 0.158594 0.00156116
56 0.935417 0.361914 0.129167 0.179297 0.00154877
16 0.264583 0.303711 0.528125 0.481641 0.00151253
0 0.869792 0.757031 0.260417 0.239063 0.00150681
77 0.265039 0.216406 0.526172 0.35625 0.00150681
56 0.360938 0.349219 0.719792 0.613281 0.00150108
43 0.117057 0.0857422 0.0398437 0.0595703 0.00149536
72 0.693229 0.500781 0.548958 0.929688 0.00144958
60 0.0572917 0.862305 0.1125 0.262891 0.00144386
0 0.773958 0.785156 0.447917 0.410938 0.00143242
57 0.942708 0.731641 0.114583 0.282031 0.00139904
56 0.127083 0.0645996 0.234375 0.127637 0.00136662
56 0.854167 0.93125 0.289583 0.128125 0.00136185
56 0.942708 0.731641 0.114583 0.282031 0.00135136
56 0.617708 0.0966553 0.383333 0.189893 0.00135136
56 0.399479 0.0580078 0.380208 0.113672 0.00134563
39 0.0989583 0.0922119 0.122396 0.0819824 0.00131989
56 0.411458 0.126074 0.820833 0.236914 0.00130463
56 0.944271 0.692188 0.111458 0.148438 0.00129986
57 0.864583 0.252539 0.266667 0.230859 0.00127888
56 0.775 0.757813 0.45 0.46875 0.00126934
0 0.411458 0.126074 0.820833 0.236914 0.00126457
73 0.813542 0.246094 0.0541667 0.04375 0.00123978
77 0.416146 0.0708984 0.733333 0.139258 0.00123501
56 0.0222656 0.0724121 0.0424479 0.140723 0.00122547
77 0.245833 0.165234 0.491667 0.227734 0.00121593
73 0.111198 0.0883789 0.090625 0.0666016 0.00120163
72 0.238021 0.057666 0.378125 0.113965 0.0011692
73 0.863021 0.300391 0.271875 0.326563 0.0011692
13 0.934896 0.317578 0.130208 0.260156 0.00115108
0 0.549479 0.123242 0.5 0.241797 0.00115108
77 0.401953 0.175977 0.133594 0.241016 0.00114727
73 0.0632813 0.0616211 0.0614583 0.0669922 0.00113392
77 0.411458 0.126074 0.820833 0.236914 0.00112915
77 0.702083 0.541797 0.458333 0.278906 0.00112438
56 0.866146 0.219922 0.263542 0.158594 0.0011158
15 0.2625 0.304102 0.522917 0.476953 0.0011034
60 0.942969 0.521875 0.114062 0.2 0.00107288
56 0.90625 0.539062 0.1875 0.239063 0.00106525
73 0.084375 0.0800781 0.107292 0.0890625 0.00105667
15 0.680208 0.280859 0.477083 0.541406 0.00105667
26 0.859896 0.312109 0.280208 0.339844 0.00105667
57 0.864062 0.536328 0.271875 0.785156 0.00104809
77 0.0807292 0.184961 0.15625 0.14375 0.00100803
56 0.775521 0.341406 0.260417 0.2875 0.00100803
77 0.486979 0.536719 0.951042 0.914063 0.862305
0 0.691667 0.500391 0.520833 0.988281 0.566895
0 0.671875 0.276953 0.472917 0.542969 0.505859
56 0.704687 0.558594 0.586458 0.882813 0.21936
56 0.8625 0.35332 0.275 0.438672 0.209473
56 0.860417 0.567969 0.279167 0.864063 0.192505
13 0.854167 0.542969 0.291667 0.85 0.187744
13 0.707292 0.514844 0.583333 0.926563 0.163452
73 0.866667 0.276172 0.23125 0.164844 0.0678101
73 0.898958 0.271094 0.0854167 0.141406 0.0614319
13 0.864583 0.402441 0.270833 0.532617 0.0539856
57 0.866146 0.65625 0.267708 0.459375 0.0472412
73 0.924479 0.275195 0.0927083 0.141406 0.0470886
73 0.888542 0.25918 0.0833333 0.0996094 0.0465393
73 0.853646 0.266797 0.096875 0.108984 0.0433655
73 0.94375 0.286328 0.0583333 0.096875 0.0432129
73 0.866667 0.312695 0.245833 0.237891 0.0427246
56 0.830208 0.292578 0.339583 0.324219 0.0423889
13 0.8 0.502344 0.4 0.951563 0.0420837
73 0.948958 0.272266 0.0520833 0.11875 0.0414734
73 0.934375 0.299219 0.0416667 0.0773438 0.0405273
13 0.934375 0.398047 0.13125 0.110938 0.0380249
73 0.958333 0.266602 0.0375 0.103516 0.036499
73 0.960417 0.247656 0.0375 0.0648438 0.0360718
73 0.872396 0.276563 0.0677083 0.0664062 0.0359497
73 0.902083 0.256055 0.0604167 0.102734 0.0337219
73 0.831771 0.269336 0.140625 0.119141 0.0290833
73 0.898958 0.293359 0.0895833 0.111719 0.0279083
73 0.940625 0.270508 0.0583333 0.0558594 0.0278015
73 0.871354 0.258594 0.0989583 0.107031 0.0275879
73 0.954167 0.301563 0.0416667 0.0515625 0.0273743
56 0.852083 0.275781 0.254167 0.161719 0.0253754
77 0.699479 0.501172 0.536458 0.989844 0.024704
73 0.940625 0.249609 0.0666667 0.0726563 0.0246124
73 0.902083 0.233984 0.0489583 0.0507813 0.024231
73 0.889062 0.281641 0.0739583 0.0773438 0.0222015
73 0.927083 0.304297 0.0458333 0.0828125 0.0213623
73 0.859896 0.279688 0.0822917 0.071875 0.0198669
73 0.9125 0.250586 0.0645833 0.0867188 0.0189056
56 0.866667 0.332227 0.2625 0.283203 0.0182648
73 0.91875 0.235742 0.0458333 0.0441406 0.016922
56 0.322135 0.0574707 0.217187 0.112793 0.0162811
56 0.8 0.502344 0.4 0.951563 0.0162201
73 0.896875 0.235938 0.0604167 0.0625 0.0161591
13 0.941927 0.518359 0.116146 0.190625 0.0161591
56 0.8625 0.249561 0.270833 0.229004 0.0159607
73 0.939323 0.307031 0.0588542 0.0796875 0.0154266
73 0.917188 0.30625 0.0614583 0.08125 0.0150757
73 0.9875 0.252686 0.025 0.17041 0.0149536
73 0.957292 0.30332 0.03125 0.0367188 0.0147858
56 0.863542 0.647266 0.272917 0.477344 0.0144501
0 0.479297 0.526172 0.94974 0.897656 0.0143356
57 0.788542 0.664844 0.422917 0.560938 0.0141144
73 0.9625 0.257031 0.0375 0.0871094 0.0140076
73 0.876562 0.299805 0.0822917 0.105469 0.0138474
73 0.924479 0.229688 0.084375 0.0667969 0.0137405
13 0.935417 0.456348 0.129167 0.22793 0.0135345
73 0.9625 0.257812 0.0416667 0.150781 0.0130234
16 0.483464 0.532813 0.94974 0.89375 0.0120544
73 0.876562 0.237305 0.06875 0.0601563 0.0118713
56 0.679167 0.281445 0.473958 0.541797 0.011734
73 0.855729 0.235352 0.0583333 0.0511719 0.011467
57 0.775 0.766797 0.45 0.450781 0.0113297
57 0.398438 0.169922 0.788542 0.335547 0.00978088
73 0.907812 0.310938 0.0552083 0.084375 0.00971222
73 0.836458 0.275 0.10625 0.105859 0.00908661
56 0.220573 0.0720703 0.425521 0.139844 0.00891876
77 0.284635 0.5375 0.566146 0.90625 0.00888062
13 0.864583 0.653906 0.26875 0.471875 0.00800323
13 0.863542 0.299805 0.270833 0.325391 0.00793457
77 0.633854 0.485059 0.277083 0.314258 0.00725937
73 0.832812 0.255469 0.0833333 0.0898438 0.00717545
57 0.417187 0.0712402 0.730208 0.139941 0.00712204
57 0.479297 0.526172 0.94974 0.897656 0.00701141
56 0.536328 0.0957031 0.48151 0.189063 0.00695801
56 0.469271 0.0820557 0.634375 0.16167 0.00664139
77 0.239844 0.272461 0.474479 0.387891 0.00661469
73 0.839583 0.238477 0.109375 0.0617188 0.00658798
57 0.713021 0.5 0.569792 0.953125 0.00629044
73 0.841667 0.232617 0.0395833 0.0445313 0.00559998
77 0.279427 0.3 0.558854 0.478125 0.0055542
56 0.940625 0.599609 0.11875 0.377344 0.00553513
73 0.823958 0.237305 0.0447917 0.0375 0.00542831
56 0.496875 0.0396973 0.14375 0.0786133 0.00538635
0 0.656771 0.786133 0.185417 0.365234 0.00527954
56 0.935417 0.456348 0.129167 0.22793 0.0051384
57 0.865104 0.788867 0.269792 0.400391 0.0050621
60 0.86875 0.176221 0.258333 0.0631836 0.00498199
39 0.113281 0.0831055 0.0322917 0.0546875 0.00494385
73 0.0903646 0.075293 0.141146 0.124219 0.00494385
39 0.123307 0.0836182 0.0513021 0.0577637 0.00492477
62 0.875 0.075293 0.25 0.147266 0.0049057
26 0.872917 0.0771729 0.254167 0.149951 0.00481033
57 0.509505 0.789258 0.972656 0.408984 0.00471878
73 0.9 0.335547 0.0270833 0.0367188 0.00457382
13 0.935417 0.367383 0.129167 0.166016 0.00438309
56 0.431771 0.17207 0.738542 0.340234 0.00432968
73 0.891667 0.333398 0.0458333 0.0449219 0.00426483
56 0.70625 0.219141 0.545833 0.432031 0.00426483
0 0.482812 0.324023 0.896875 0.620703 0.00426483
57 0.871875 0.735547 0.25625 0.283594 0.00399017
56 0.59375 0.0399536 0.3375 0.0761475 0.0039444
73 0.100521 0.0925781 0.11875 0.0806641 0.00370789
57 0.476562 0.365625 0.917708 0.6875 0.00366402
60 0.713021 0.5 0.569792 0.953125 0.00359344
56 0.941406 0.544922 0.117188 0.238281 0.00355148
57 0.536328 0.0957031 0.48151 0.189063 0.00353813
56 0.930208 0.308789 0.1375 0.276953 0.00351143
13 0.895312 0.4875 0.207292 0.2875 0.00345612
13 0.926042 0.405566 0.1125 0.0857422 0.00344276
56 0.788542 0.664844 0.422917 0.560938 0.00344276
56 0.934375 0.398047 0.13125 0.110938 0.00319672
77 0.441146 0.312305 0.882292 0.609766 0.00312424
60 0.864583 0.29458 0.270833 0.320215 0.00312424
77 0.132161 0.183936 0.260156 0.149316 0.00302696
57 0.0572917 0.8625 0.1125 0.264063 0.00301552
0 0.81875 0.751563 0.2 0.240625 0.00300407
73 0.823438 0.23457 0.0625 0.0457031 0.00299263
73 0.895833 0.335938 0.0333333 0.0414063 0.00298119
73 0.930208 0.317969 0.127083 0.258594 0.00274658
13 0.883333 0.43916 0.233333 0.19043 0.00269318
56 0.0825521 0.0705078 0.159896 0.138086 0.0026722
0 0.417187 0.0712402 0.730208 0.139941 0.00266266
56 0.476562 0.365625 0.917708 0.6875 0.00265312
57 0.409896 0.12832 0.817708 0.234766 0.00263214
56 0.865625 0.248633 0.264583 0.396484 0.00263214
0 0.398438 0.169922 0.788542 0.335547 0.00261116
13 0.932292 0.415234 0.114583 0.0648438 0.00260162
73 0.965625 0.279688 0.0270833 0.109375 0.00247192
77 0.398438 0.169922 0.788542 0.335547 0.00245285
73 0.88125 0.333594 0.05625 0.0460938 0.0024147
56 0.811979 0.364844 0.213542 0.344531 0.00236893
73 0.890625 0.233398 0.1125 0.0664062 0.00233269
60 0.861458 0.5125 0.275 0.878125 0.00232315
0 0.867188 0.664063 0.265625 0.457813 0.00231361
0 0.727083 0.771094 0.341667 0.373438 0.00230598
77 0.654167 0.767188 0.19375 0.360938 0.00228691
56 0.941667 0.497656 0.116667 0.148438 0.00227928
56 0.24974 0.0587402 0.363021 0.113184 0.00224304
77 0.103906 0.625391 0.204687 0.252344 0.00221634
0 0.695833 0.354297 0.404167 0.288281 0.00218201
56 0.586589 0.125781 0.46849 0.245703 0.00218201
56 0.86875 0.174805 0.2625 0.0722656 0.00216484
56 0.479297 0.526172 0.94974 0.897656 0.00216484
0 0.775 0.788281 0.447917 0.404688 0.00216484
59 0.479297 0.526172 0.94974 0.897656 0.00214958
61 0.479297 0.526172 0.94974 0.897656 0.00214958
73 0.110677 0.0996094 0.0901042 0.0441406 0.00213242
77 0.258919 0.206836 0.514453 0.329688 0.0020504
73 0.215625 0.0712891 0.425 0.137695 0.00203514
73 0.0635417 0.0741211 0.0666667 0.0978516 0.00201035
13 0.934375 0.376953 0.13125 0.0773438 0.0019722
73 0.129297 0.0843506 0.0638021 0.0602051 0.00195694
0 0.610417 0.0380005 0.372917 0.0751709 0.00194168
77 0.694271 0.487598 0.416667 0.318555 0.00194168
0 0.869792 0.757031 0.260417 0.239063 0.00192642
56 0.0403646 0.0711914 0.0802083 0.139453 0.00191212
72 0.142448 0.057666 0.189062 0.112793 0.00188255
56 0.869792 0.71875 0.260417 0.3125 0.00183868
39 0.111068 0.0883789 0.0903646 0.0666016 0.0018177
77 0.244792 0.164063 0.489583 0.222656 0.00181007
77 0.37526 0.329492 0.732812 0.497266 0.00171375
56 0.529167 0.038562 0.208333 0.0748291 0.00170708
59 0.713021 0.5 0.569792 0.953125 0.0017004
56 0.648958 0.150098 0.458333 0.295508 0.00168705
43 0.116667 0.0856445 0.0390625 0.059375 0.00168133
60 0.864583 0.402441 0.270833 0.532617 0.00168133
56 0.0572917 0.8625 0.1125 0.264063 0.00167465
56 0.944792 0.642188 0.110417 0.229688 0.0016489
57 0.942708 0.732031 0.114583 0.28125 0.00163555
16 0.264323 0.303906 0.527604 0.48125 0.00161648
13 0.940625 0.599609 0.11875 0.377344 0.00161076
77 0.401953 0.173145 0.133594 0.234961 0.00160408
56 0.819792 0.283594 0.202083 0.174219 0.0015974
56 0.935417 0.367383 0.129167 0.166016 0.0015974
56 0.989062 0.255469 0.021875 0.158594 0.00158501
60 0.0572917 0.8625 0.1125 0.264063 0.00156116
56 0.854167 0.93125 0.289583 0.128125 0.00151253
73 0.813542 0.245117 0.0541667 0.0421875 0.00150108
57 0.35625 0.349219 0.710417 0.609375 0.00150108
56 0.695833 0.448828 0.514583 0.888281 0.00148964
77 0.703125 0.541406 0.458333 0.279688 0.00145531
56 0.35625 0.349219 0.710417 0.609375 0.00145531
56 0.942708 0.732031 0.114583 0.28125 0.00143242
39 0.100521 0.0925781 0.11875 0.0806641 0.00142097
77 0.682292 0.270313 0.485417 0.534375 0.00142097
77 0.409896 0.12832 0.817708 0.234766 0.00141621
56 0.944271 0.692188 0.111458 0.149219 0.00141048
56 0.614062 0.0949219 0.375 0.186719 0.00138855
72 0.693229 0.501563 0.546875 0.926563 0.00138855
77 0.0800781 0.184961 0.155469 0.14375 0.00137806
56 0.398958 0.0580078 0.379167 0.113672 0.00133514
56 0.0222656 0.0724609 0.0424479 0.140625 0.00131512
56 0.127734 0.0645508 0.234115 0.127539 0.00129414
0 0.788542 0.664844 0.422917 0.560938 0.00129414
56 0.775 0.766797 0.45 0.450781 0.00128937
0 0.55 0.121582 0.490625 0.238867 0.00126934
77 0.417187 0.0712402 0.730208 0.139941 0.00124454
56 0.409896 0.12832 0.817708 0.234766 0.00124454
73 0.111068 0.0883789 0.0903646 0.0666016 0.00123501
60 0.8 0.502344 0.4 0.951563 0.0012207
56 0.221419 0.0966797 0.436328 0.151758 0.00121593
77 0.410417 0.234717 0.152083 0.361816 0.00119209
0 0.409896 0.12832 0.817708 0.234766 0.00119209
57 0.864583 0.252686 0.266667 0.230566 0.00117874
73 0.863542 0.299805 0.270833 0.325391 0.00117874
13 0.934896 0.318164 0.130208 0.259766 0.00116539
60 0.942187 0.521875 0.115625 0.199219 0.00116062
72 0.238281 0.0576172 0.377604 0.113867 0.00115585
56 0.866146 0.219092 0.263542 0.157129 0.00112915
73 0.0632813 0.0615234 0.0614583 0.0660156 0.0011158
56 0.907292 0.539062 0.185417 0.239063 0.0011158
57 0.863542 0.541504 0.272917 0.774805 0.0011158
15 0.679167 0.281445 0.473958 0.541797 0.00110722
73 0.807813 0.260547 0.0822917 0.0789063 0.0011034
15 0.2625 0.304297 0.522917 0.475 0.00109482
26 0.859896 0.310889 0.280208 0.336035 0.00107765
73 0.0829427 0.0801758 0.104427 0.0886719 0.00106525
72 0.321094 0.0575195 0.216146 0.112305 0.00105667
56 0.778125 0.340625 0.252083 0.285938 0.00105667
13 0.941146 0.492188 0.117708 0.132812 0.00105286
13 0.880729 0.396094 0.238542 0.240625 0.00104809
57 0.509896 0.8875 0.957292 0.214063 0.00104809
77 0.401172 0.125586 0.128906 0.138281 0.00104046
56 0.833854 0.271484 0.127083 0.121094 0.00103188
56 0.926042 0.405566 0.1125 0.0857422 0.00103188
77 0.486979 0.536719 0.951042 0.914063 0.862305
0 0.691667 0.500781 0.520833 0.9875 0.564941
0 0.671875 0.276953 0.472917 0.542969 0.503906
56 0.704687 0.558594 0.586458 0.882813 0.21936
56 0.8625 0.353711 0.275 0.439453 0.210815
56 0.860417 0.567578 0.279167 0.864844 0.192505
13 0.854688 0.542969 0.290625 0.85 0.188354
13 0.706771 0.514844 0.584375 0.926563 0.165649
73 0.867188 0.276172 0.232292 0.164844 0.0673218
73 0.898958 0.270898 0.0854167 0.141016 0.0603027
13 0.864583 0.402246 0.270833 0.531445 0.0545959
57 0.866146 0.65625 0.267708 0.459375 0.0467224
73 0.924479 0.275 0.0927083 0.141406 0.0462036
73 0.888542 0.25918 0.0833333 0.0996094 0.0455322
13 0.797917 0.502344 0.404167 0.951563 0.0432129
56 0.832812 0.292578 0.334375 0.324219 0.0428772
73 0.853646 0.266797 0.096875 0.108594 0.042572
73 0.94375 0.286328 0.0583333 0.096875 0.042572
73 0.866667 0.315234 0.247917 0.242969 0.0414734
73 0.948958 0.272266 0.0520833 0.11875 0.0409851
73 0.934375 0.299219 0.0416667 0.0773438 0.0402527
13 0.934375 0.398047 0.13125 0.110938 0.0386047
73 0.958333 0.266406 0.0375 0.103125 0.0359497
73 0.960417 0.247656 0.0375 0.0648438 0.0358276
73 0.872396 0.276953 0.0677083 0.0664062 0.035553
73 0.902083 0.256055 0.0604167 0.102734 0.0332031
73 0.831771 0.269336 0.140625 0.119141 0.0285492
73 0.898958 0.293555 0.0895833 0.111328 0.0275879
73 0.940625 0.270117 0.0583333 0.0550781 0.0273743
73 0.954167 0.301563 0.0416667 0.0515625 0.0272675
73 0.871354 0.258594 0.0989583 0.107031 0.0267639
56 0.852083 0.275781 0.254167 0.161719 0.0253754
77 0.699479 0.501172 0.536458 0.989844 0.0250854
73 0.940625 0.249609 0.0666667 0.0726563 0.0244293
73 0.902083 0.233984 0.0489583 0.0507813 0.0239563
73 0.889062 0.281641 0.0739583 0.0773438 0.0219421
73 0.927083 0.304297 0.0458333 0.0828125 0.021286
73 0.859896 0.279688 0.0822917 0.071875 0.0195007
73 0.9125 0.250586 0.0666667 0.0871094 0.018692
56 0.866146 0.332031 0.263542 0.282813 0.0184784
73 0.91875 0.235742 0.0458333 0.0441406 0.0167236
56 0.797917 0.502344 0.404167 0.951563 0.0165863
13 0.941927 0.518359 0.116146 0.190625 0.0164032
56 0.322135 0.0575195 0.217187 0.112695 0.0162811
56 0.8625 0.249561 0.270833 0.229004 0.016098
73 0.896354 0.235938 0.059375 0.0625 0.0157776
73 0.939323 0.307031 0.0588542 0.0796875 0.0153046
73 0.917188 0.306445 0.0614583 0.0816406 0.0149536
73 0.957292 0.30332 0.03125 0.0367188 0.0147858
73 0.9875 0.252686 0.025 0.17041 0.0146179
56 0.863542 0.647266 0.272917 0.477344 0.0143356
73 0.9625 0.256836 0.0375 0.0867188 0.0139008
57 0.7875 0.664453 0.425 0.561719 0.0138474
73 0.924479 0.229688 0.084375 0.0667969 0.0136337
73 0.876562 0.299805 0.0822917 0.105469 0.013588
13 0.935417 0.456348 0.129167 0.22793 0.0135345
73 0.9625 0.257812 0.0416667 0.150781 0.0129242
56 0.679167 0.281445 0.472917 0.541797 0.0117798
73 0.876562 0.2375 0.06875 0.0601563 0.011734
16 0.483464 0.532422 0.94974 0.892969 0.0116882
0 0.479297 0.526172 0.94974 0.897656 0.0115967
73 0.85625 0.235156 0.0583333 0.0515625 0.0113297
57 0.775 0.767969 0.45 0.448438 0.0113297
57 0.398438 0.17002 0.788542 0.335352 0.00981903
73 0.907812 0.310938 0.0552083 0.0847656 0.00963593
56 0.220573 0.0720703 0.425521 0.139648 0.00891876
73 0.836458 0.275 0.10625 0.105859 0.00878143
77 0.284635 0.537109 0.566146 0.905469 0.00854492
13 0.864583 0.654297 0.26875 0.471094 0.00796509
13 0.863542 0.299805 0.270833 0.325391 0.0078125
57 0.416797 0.0713379 0.73099 0.140137 0.00714874
73 0.832292 0.255273 0.0833333 0.0898438 0.00712204
77 0.634375 0.485156 0.277083 0.314063 0.00712204
56 0.536979 0.0957031 0.48125 0.189063 0.0069313
77 0.239844 0.272266 0.474479 0.386719 0.00677109
56 0.469271 0.082251 0.634375 0.162061 0.00658798
73 0.839583 0.238281 0.110417 0.0617188 0.0064888
57 0.479297 0.526172 0.94974 0.897656 0.0064888
57 0.713542 0.5 0.570833 0.951563 0.00624084
56 0.940625 0.599609 0.11875 0.377344 0.00559998
73 0.841667 0.232617 0.0395833 0.0445313 0.00553513
77 0.26875 0.320898 0.535417 0.503516 0.00547028
56 0.496875 0.0397461 0.14375 0.0787109 0.00540543
73 0.823958 0.237109 0.0447917 0.0375 0.0053215
0 0.656771 0.786133 0.185417 0.365234 0.00524139
56 0.935417 0.456348 0.129167 0.22793 0.00510025
57 0.865104 0.788867 0.269792 0.400391 0.00498199
60 0.86875 0.176221 0.25625 0.0631836 0.00496292
73 0.0902344 0.0749023 0.141406 0.125 0.00496292
39 0.113281 0.0831055 0.0322917 0.0546875 0.0049057
39 0.123177 0.0836182 0.0510417 0.0577637 0.0049057
62 0.875 0.075293 0.25 0.147266 0.00486755
26 0.872917 0.0771729 0.254167 0.149951 0.00475693
57 0.509505 0.789258 0.972656 0.408984 0.0046463
73 0.9 0.335547 0.0270833 0.0367188 0.00455475
13 0.935417 0.367969 0.129167 0.164844 0.00443268
56 0.431771 0.172266 0.738542 0.340625 0.00432968
56 0.707292 0.219141 0.545833 0.432031 0.00426483
73 0.891667 0.333398 0.0458333 0.0449219 0.0042305
0 0.482812 0.323828 0.896875 0.620313 0.00418091
57 0.871875 0.735547 0.25625 0.283594 0.0039444
56 0.59375 0.0399414 0.3375 0.0761719 0.00391388
73 0.100391 0.0924805 0.119531 0.0808594 0.00369263
57 0.476562 0.365625 0.917708 0.6875 0.00367928
60 0.713542 0.5 0.570833 0.951563 0.00362206
56 0.941146 0.544922 0.117708 0.238281 0.00359344
57 0.536979 0.0957031 0.48125 0.189063 0.00355148
56 0.930208 0.308789 0.1375 0.276953 0.00351143
13 0.895312 0.4875 0.207292 0.2875 0.00346947
13 0.926042 0.405371 0.1125 0.0861328 0.00345612
56 0.7875 0.664453 0.425 0.561719 0.00340271
56 0.934375 0.398047 0.13125 0.110938 0.00318527
77 0.441406 0.312109 0.882812 0.609375 0.00317192
60 0.864583 0.29458 0.270833 0.320215 0.00314713
77 0.132161 0.18418 0.260156 0.149609 0.00311089
57 0.0572917 0.8625 0.11224 0.264063 0.0030632
0 0.81875 0.751563 0.2 0.240625 0.00300407
73 0.823438 0.23457 0.0625 0.0457031 0.00294685
73 0.895833 0.335938 0.0333333 0.0414063 0.00294685
56 0.0825521 0.070459 0.159896 0.138184 0.00271416
73 0.930208 0.317969 0.127083 0.258594 0.00270462
13 0.883333 0.43916 0.233333 0.19043 0.00269318
56 0.476562 0.365625 0.917708 0.6875 0.0026722
0 0.416797 0.0713379 0.73099 0.140137 0.0026207
57 0.409896 0.128711 0.817708 0.234766 0.0026207
13 0.932292 0.415234 0.114583 0.0648438 0.00261116
0 0.398438 0.17002 0.788542 0.335352 0.00259018
56 0.865625 0.246875 0.266667 0.4 0.00259018
73 0.965625 0.280469 0.0270833 0.107813 0.00247192
77 0.398438 0.17002 0.788542 0.335352 0.00246239
73 0.88125 0.333594 0.05625 0.0460938 0.00239754
56 0.811979 0.364648 0.213542 0.344141 0.002388
77 0.654167 0.767188 0.19375 0.360938 0.00231361
60 0.861458 0.5125 0.275 0.878125 0.00231361
73 0.890625 0.233398 0.1125 0.0664062 0.00230598
0 0.867188 0.664063 0.265625 0.457813 0.00230598
0 0.728125 0.771094 0.34375 0.373438 0.00229645
56 0.941667 0.497656 0.116667 0.148438 0.00226974
56 0.24974 0.0587402 0.363021 0.113184 0.00226021
77 0.103906 0.625 0.204687 0.251563 0.00225258
0 0.695833 0.354297 0.404167 0.2875 0.00218201
56 0.585938 0.125195 0.46875 0.244922 0.00218201
56 0.86875 0.174707 0.2625 0.0724609 0.00215721
73 0.110677 0.0996094 0.0901042 0.0441406 0.00213242
77 0.258398 0.206445 0.513411 0.328125 0.00212479
73 0.0635417 0.0740234 0.0666667 0.0980469 0.00201035
73 0.216667 0.0714844 0.422917 0.139063 0.00201035
56 0.479297 0.526172 0.94974 0.897656 0.00200272
13 0.934375 0.377441 0.13125 0.0779297 0.00199509
61 0.479297 0.526172 0.94974 0.897656 0.00198746
73 0.129297 0.0843506 0.0638021 0.0602051 0.00195694
59 0.479297 0.526172 0.94974 0.897656 0.00195694
0 0.610417 0.0380737 0.372917 0.0752197 0.00194168
56 0.040625 0.0711914 0.0807292 0.139453 0.00193405
0 0.869792 0.757031 0.260417 0.239063 0.00191879
77 0.69375 0.487598 0.416667 0.318555 0.00189686
77 0.244792 0.163672 0.489583 0.221875 0.00188923
72 0.142253 0.057666 0.189453 0.112793 0.00186729
56 0.869792 0.71875 0.260417 0.3125 0.00183105
39 0.111068 0.0882568 0.0903646 0.0664551 0.0018034
43 0.116667 0.0855713 0.0390625 0.0593262 0.00170708
56 0.0572917 0.8625 0.11224 0.264063 0.0017004
56 0.648958 0.149023 0.458333 0.293359 0.0017004
59 0.713542 0.5 0.570833 0.951563 0.0017004
77 0.375 0.329688 0.73125 0.497656 0.00169373
0 0.771354 0.7875 0.453125 0.40625 0.00168705
56 0.528646 0.038562 0.207292 0.0748291 0.00167465
77 0.402083 0.172559 0.133333 0.233789 0.00167465
60 0.864583 0.402246 0.270833 0.531445 0.00167465
56 0.944792 0.642188 0.110417 0.229688 0.00163555
13 0.940625 0.599609 0.11875 0.377344 0.00162315
57 0.942708 0.732031 0.114583 0.28125 0.00162315
56 0.935417 0.367969 0.129167 0.164844 0.00158501
56 0.989062 0.255469 0.021875 0.158594 0.00157928
60 0.0572917 0.8625 0.11224 0.264063 0.00154877
16 0.264062 0.304102 0.527083 0.480859 0.00154877
56 0.819792 0.283789 0.202083 0.174609 0.00151253
56 0.854167 0.93125 0.289583 0.128125 0.00150108
57 0.375 0.333984 0.745833 0.547656 0.00150108
56 0.695833 0.448438 0.514583 0.8875 0.00148964
73 0.813542 0.245117 0.0541667 0.0421875 0.00147247
56 0.354687 0.348828 0.707292 0.608594 0.00145531
77 0.409896 0.128711 0.817708 0.234766 0.00144386
77 0.682292 0.270313 0.485417 0.534375 0.00143814
56 0.942708 0.732031 0.114583 0.28125 0.00143242
77 0.703125 0.541406 0.45625 0.279688 0.0014267
56 0.944271 0.692188 0.111458 0.148438 0.00142097
77 0.0800781 0.185156 0.155469 0.14375 0.00141621
39 0.100391 0.0924805 0.119531 0.0808594 0.00140476
72 0.692708 0.501563 0.547917 0.926563 0.00139904
56 0.614062 0.0949219 0.376042 0.186719 0.00138283
56 0.398958 0.0580078 0.379167 0.113672 0.00131989
56 0.0223958 0.0724121 0.0427083 0.140723 0.00131989
56 0.127734 0.0645508 0.234115 0.127539 0.00130939
56 0.775 0.767969 0.45 0.448438 0.00129414
0 0.7875 0.664453 0.425 0.561719 0.0012846
0 0.550521 0.121289 0.489583 0.238281 0.0012598
77 0.410417 0.234717 0.152083 0.361816 0.00125504
73 0.111068 0.0882568 0.0903646 0.0664551 0.00124454
77 0.416797 0.0713379 0.73099 0.140137 0.00124454
56 0.409896 0.128711 0.817708 0.234766 0.00123501
56 0.221419 0.0978516 0.436328 0.152734 0.0012064
57 0.864583 0.252539 0.266667 0.230859 0.00118351
13 0.934896 0.318359 0.130208 0.259375 0.00118351
0 0.409896 0.128711 0.817708 0.234766 0.00117397
73 0.863542 0.299805 0.270833 0.325391 0.00116539
72 0.238281 0.0576172 0.377604 0.113867 0.00116062
60 0.942187 0.521875 0.115625 0.199219 0.00115585
15 0.679167 0.281445 0.472917 0.541797 0.00113392
56 0.866146 0.219482 0.263542 0.15791 0.00112438
56 0.907292 0.539062 0.185417 0.239063 0.00112438
73 0.0632813 0.0615723 0.0614583 0.0661133 0.00110722
57 0.863542 0.541797 0.272917 0.775781 0.00110722
77 0.401042 0.125488 0.128125 0.138086 0.00109005
15 0.262435 0.304297 0.523047 0.475 0.00108624
26 0.859896 0.310938 0.280208 0.335938 0.00108147
73 0.0829427 0.0800537 0.104427 0.0887207 0.00107288
73 0.807813 0.260547 0.0822917 0.0789063 0.00107288
72 0.321094 0.0575195 0.216146 0.112305 0.00106525
13 0.880729 0.395313 0.238542 0.242969 0.00106525
56 0.833854 0.271484 0.127083 0.121094 0.00106049
13 0.941146 0.492188 0.117708 0.132812 0.00105286
56 0.778125 0.340625 0.254167 0.285938 0.00105286
57 0.510286 0.8875 0.95651 0.214063 0.00103188
56 0.926042 0.405371 0.1125 0.0861328 0.00102043
60 0.868229 0.240625 0.263542 0.20625 0.00100422
