0 0.911058 0.419531 0.177885 0.526563 0.868164
0 0.582782 0.365234 0.473858 0.563281 0.853027
0 0.196514 0.396875 0.375 0.68125 0.839355
60 0.53125 0.801562 0.9375 0.379688 0.788086
41 0.241286 0.761719 0.111178 0.0890625 0.609375
56 0.403245 0.648438 0.390625 0.109375 0.607422
55 0.676082 0.78125 0.614183 0.207813 0.607422
43 0.658053 0.633594 0.102163 0.135937 0.592773
45 0.785457 0.660156 0.165865 0.059375 0.350342
43 0.652644 0.620313 0.0961538 0.104688 0.184814
56 0.105469 0.948438 0.207332 0.103125 0.166626
55 0.589543 0.75625 0.383413 0.157813 0.165649
55 0.621394 0.769531 0.466346 0.185938 0.142212
56 0.798077 0.511719 0.126202 0.235938 0.118774
43 0.676683 0.638281 0.127404 0.132812 0.105225
43 0.682692 0.648438 0.0961538 0.113281 0.0797729
39 0.848558 0.312695 0.0793269 0.126953 0.0794678
60 0.778846 0.277344 0.305288 0.186719 0.0750122
56 0.719952 0.58125 0.0588942 0.11875 0.0470886
60 0.777644 0.21582 0.305288 0.0617188 0.0435181
44 0.676683 0.638281 0.127404 0.132812 0.0417786
56 0.171575 0.947656 0.331731 0.0984375 0.0402527
39 0.932692 0.168359 0.0384615 0.0417969 0.0390625
43 0.647837 0.642969 0.0528846 0.0671875 0.0359497
0 0.454327 0.209033 0.0745192 0.0881836 0.0340271
75 0.710938 0.168164 0.0612981 0.040625 0.0322266
43 0.637019 0.639063 0.0576923 0.0742188 0.0289764
56 0.847356 0.313281 0.0793269 0.13125 0.028656
40 0.80649 0.0504883 0.0324519 0.0268555 0.0240479
60 0.779447 0.228125 0.298077 0.0890625 0.0236053
43 0.641827 0.608984 0.134615 0.110156 0.0215302
56 0.465294 0.518359 0.766526 0.257812 0.0210419
43 0.733173 0.642969 0.233173 0.153125 0.0209656
56 0.401442 0.15957 0.21875 0.185938 0.0202484
56 0.739183 0.314453 0.170673 0.133594 0.0201721
56 0.200421 0.904688 0.254207 0.184375 0.0196381
0 0.435697 0.405078 0.844952 0.674219 0.0192413
43 0.66226 0.633984 0.0817308 0.0984375 0.0191956
45 0.746394 0.660156 0.245192 0.06875 0.0177765
44 0.686298 0.660156 0.0985577 0.0953125 0.0173035
42 0.665865 0.635547 0.115385 0.132031 0.016983
42 0.682692 0.648438 0.0961538 0.113281 0.0165863
42 0.651442 0.623828 0.0961538 0.114844 0.0164032
41 0.78726 0.658984 0.167067 0.0585938 0.0157776
42 0.647837 0.642969 0.0528846 0.0671875 0.0156021
56 0.560697 0.44375 0.543269 0.391406 0.0155411
56 0.742788 0.516406 0.240385 0.242188 0.0153656
41 0.710938 0.168164 0.0612981 0.040625 0.0147324
43 0.670673 0.648438 0.0829327 0.0984375 0.0136337
43 0.647236 0.602734 0.102163 0.134375 0.0127258
43 0.516827 0.583203 0.151442 0.0242188 0.0124283
56 0.0539363 0.573828 0.101863 0.314844 0.0123367
44 0.733173 0.642969 0.233173 0.153125 0.0123367
42 0.670673 0.648438 0.0829327 0.0984375 0.012291
41 0.847356 0.313281 0.0769231 0.119531 0.0120087
43 0.669471 0.553906 0.0673077 0.034375 0.0120087
56 0.414513 0.248438 0.110877 0.0132813 0.011734
39 0.360577 0.231641 0.0432692 0.0351562 0.0116425
46 0.450721 0.232813 0.0540865 0.0351562 0.0116425
56 0.732572 0.578125 0.0396635 0.115625 0.011116
40 0.932692 0.136719 0.0432692 0.084375 0.0108566
49 0.450721 0.232813 0.0540865 0.0347656 0.0108566
58 0.0192308 0.279883 0.0366587 0.176953 0.0108185
55 0.669471 0.750391 0.504808 0.155469 0.0106964
56 0.429688 0.288281 0.140625 0.0882813 0.0102921
44 0.711538 0.167383 0.0625 0.0417969 0.0102463
43 0.643029 0.592188 0.0600962 0.119531 0.0102463
0 0.459135 0.196045 0.0865385 0.111035 0.0102463
40 0.848558 0.165625 0.0492788 0.0417969 0.00952148
75 0.852764 0.166016 0.0576923 0.0425781 0.00952148
43 0.664663 0.590625 0.0721154 0.109375 0.00948334
75 0.932692 0.168359 0.0384615 0.0417969 0.00912476
56 0.694712 0.583203 0.106971 0.125 0.00908661
63 0.402794 0.646094 0.391526 0.110937 0.00905609
40 0.858173 0.143652 0.0673077 0.0857422 0.00891876
43 0.689303 0.554297 0.121394 0.0460938 0.00891876
43 0.645433 0.603906 0.0697115 0.0882813 0.0088501
0 0.925481 0.258789 0.149038 0.205078 0.00874329
45 0.240385 0.761719 0.111779 0.090625 0.00874329
56 0.164964 0.9 0.192909 0.1875 0.00871277
40 0.908654 0.138086 0.0480769 0.0753906 0.00857544
46 0.361178 0.232422 0.0408654 0.034375 0.00847626
40 0.804688 0.140527 0.0444712 0.0888672 0.00844574
39 0.941106 0.168359 0.0576923 0.0445313 0.00828552
0 0.360577 0.231641 0.0432692 0.0351562 0.00828552
46 0.71274 0.119629 0.0625 0.0476562 0.00815582
0 0.972356 0.317969 0.0528846 0.0554687 0.00806427
44 0.253606 0.719531 0.0841346 0.0453125 0.00772476
43 0.65625 0.567187 0.0480769 0.0695313 0.00766754
40 0.798678 0.161328 0.03125 0.0390625 0.00760651
44 0.652644 0.620313 0.0961538 0.104688 0.00743103
43 0.248197 0.708594 0.0492788 0.0242188 0.00743103
57 0.487831 0.374219 0.940204 0.628125 0.00740433
44 0.254507 0.708203 0.0534856 0.0242188 0.00737381
40 0.935096 0.168555 0.0456731 0.04375 0.00734711
56 0.572716 0.310937 0.485577 0.129688 0.00734711
43 0.691106 0.579688 0.110577 0.11875 0.00720596
43 0.923678 0.691797 0.152644 0.0585938 0.00695801
40 0.858774 0.160645 0.0709135 0.0521484 0.0069313
74 0.71274 0.119531 0.0625 0.0464844 0.0068779
73 0.104868 0.946875 0.205529 0.1 0.0068779
41 0.234375 0.761328 0.0877404 0.0757812 0.00679779
39 0.84976 0.166992 0.0528846 0.0394531 0.00671768
40 0.712139 0.167187 0.0625 0.0414063 0.00653839
42 0.733173 0.642969 0.233173 0.153125 0.0064621
58 0.0201322 0.316211 0.0390625 0.247266 0.00643921
60 0.777644 0.17168 0.330529 0.158203 0.00636292
56 0.222957 0.883594 0.295072 0.229687 0.00636292
57 0.563702 0.164258 0.810096 0.217969 0.00626373
40 0.804688 0.0585449 0.0432692 0.0393555 0.00609589
40 0.936899 0.129297 0.0336538 0.0667969 0.00605011
40 0.911058 0.131348 0.0384615 0.0646484 0.00602722
13 0.104567 0.948438 0.204327 0.1 0.00602722
56 0.641827 0.314844 0.367788 0.136719 0.00591278
27 0.262019 0.255469 0.0769231 0.0652344 0.00588989
40 0.908053 0.142969 0.0829327 0.0875 0.00570679
40 0.754808 0.160742 0.0336538 0.0382813 0.00570679
39 0.861779 0.307031 0.0504808 0.102344 0.00568771
67 0.241286 0.761719 0.111178 0.0890625 0.00553513
69 0.0525841 0.607031 0.101563 0.242188 0.00544739
42 0.248197 0.708594 0.0492788 0.0242188 0.00530243
43 0.574519 0.593359 0.257212 0.0789063 0.00516129
0 0.757212 0.415527 0.286058 0.500195 0.00511932
56 0.759615 0.294531 0.223558 0.166406 0.00510025
56 0.759615 0.304492 0.151442 0.126953 0.0050621
56 0.578275 0.503125 0.478065 0.283594 0.00494385
56 0.109976 0.907813 0.216346 0.171875 0.00494385
40 0.782452 0.161816 0.0348558 0.0435547 0.00492477
60 0.435096 0.287891 0.15024 0.0890625 0.00492477
39 0.49399 0.23125 0.0480769 0.0375 0.00486755
42 0.637019 0.639063 0.0576923 0.0742188 0.00486755
45 0.710938 0.168164 0.0612981 0.040625 0.00482941
40 0.890625 0.142188 0.0721154 0.0882813 0.00453949
56 0.740385 0.523438 0.15625 0.234375 0.00453949
56 0.0563401 0.58125 0.109075 0.44375 0.00452042
25 0.778846 0.277344 0.305288 0.186719 0.00446701
44 0.24399 0.721875 0.0961538 0.0546875 0.00445175
43 0.636418 0.59375 0.0612981 0.0765625 0.00439835
0 0.452524 0.231445 0.0625 0.0390625 0.00434875
0 0.35637 0.231641 0.0552885 0.0402344 0.00429916
42 0.643029 0.592188 0.0600962 0.119531 0.00421524
41 0.813702 0.7375 0.0973558 0.0703125 0.00421524
40 0.766226 0.139746 0.0600962 0.0916016 0.00419998
75 0.941106 0.168359 0.0576923 0.0445313 0.00416565
55 0.583534 0.471191 0.300481 0.210742 0.0041008
40 0.859976 0.121289 0.0600962 0.040625 0.00402451
32 0.71274 0.119141 0.0625 0.0464844 0.00395966
44 0.658053 0.633594 0.102163 0.135937 0.00395966
0 0.75 0.276953 0.21875 0.191016 0.00392914
44 0.71274 0.14043 0.0673077 0.0929688 0.00391388
43 0.648438 0.548438 0.0288462 0.028125 0.00391388
58 0.019381 0.255469 0.038762 0.127344 0.00387001
40 0.71274 0.14043 0.0673077 0.0929688 0.00385475
40 0.803486 0.126563 0.0288462 0.0585938 0.00383949
43 0.695913 0.6625 0.078125 0.0882813 0.00383949
41 0.861779 0.307031 0.0504808 0.102344 0.00382423
57 0.403245 0.158105 0.213942 0.18457 0.00380898
44 0.676082 0.645312 0.0949519 0.120313 0.00379562
42 0.253606 0.719531 0.0841346 0.0453125 0.00379562
40 0.898438 0.133398 0.0348558 0.0683594 0.00378036
0 0.920072 0.35957 0.159856 0.404297 0.00374985
41 0.360577 0.231641 0.0432692 0.0351562 0.0037365
44 0.647837 0.642969 0.0528846 0.0671875 0.00369263
53 0.59375 0.755469 0.382212 0.154688 0.00369263
0 0.75601 0.305078 0.16226 0.120313 0.00367928
42 0.805889 0.735547 0.112981 0.0757812 0.00367928
41 0.819712 0.749219 0.0697115 0.04375 0.00365067
42 0.819712 0.746875 0.0817308 0.05 0.00363541
56 0.509165 0.511719 0.981671 0.316406 0.00355148
60 0.847356 0.675 0.300481 0.0953125 0.00348282
76 0.665865 0.635547 0.115385 0.132031 0.00345612
43 0.660457 0.607813 0.0673077 0.096875 0.00340271
56 0.361178 0.232422 0.0456731 0.0359375 0.00340271
0 0.711538 0.143359 0.0661058 0.0960938 0.00338936
0 0.846755 0.313086 0.078125 0.130078 0.00338936
39 0.710938 0.168164 0.0612981 0.040625 0.00337601
14 0.71274 0.119629 0.0625 0.0476562 0.00336266
56 0.65625 0.580859 0.197115 0.124219 0.00335121
56 0.991587 0.633203 0.0168269 0.103125 0.00333786
56 0.0507813 0.611719 0.0973558 0.229687 0.00332451
13 0.402794 0.646094 0.391526 0.110937 0.00332451
57 0.538311 0.295312 0.783954 0.477344 0.00331116
53 0.675631 0.77793 0.617488 0.203516 0.00329781
48 0.676683 0.782617 0.615385 0.216016 0.00329781
60 0.535457 0.871094 0.924279 0.24375 0.00327301
41 0.805288 0.0510742 0.0360577 0.0257812 0.00324821
55 0.787861 0.658984 0.167067 0.0578125 0.00323486
39 0.798077 0.162695 0.0408654 0.0421875 0.00322342
43 0.629808 0.600781 0.0637019 0.078125 0.00319672
25 0.777043 0.215234 0.30649 0.0625 0.00319672
56 0.759615 0.405859 0.204327 0.316406 0.00317192
49 0.362981 0.232227 0.0396635 0.0335938 0.00314713
42 0.789663 0.728906 0.146635 0.084375 0.00314713
26 0.652644 0.620313 0.0961538 0.104688 0.00312424
45 0.745192 0.677344 0.251202 0.103906 0.003088
26 0.100285 0.514746 0.180439 0.298633 0.00305176
47 0.71274 0.119531 0.0625 0.0464844 0.00304031
55 0.617788 0.714844 0.411058 0.215625 0.00304031
56 0.361779 0.545703 0.0384615 0.152344 0.00302696
45 0.78726 0.650781 0.16226 0.0390625 0.00302696
0 0.397686 0.159351 0.223858 0.183643 0.00301552
60 0.61899 0.409863 0.597356 0.470898 0.00300407
56 0.652644 0.620313 0.0961538 0.104688 0.00298119
60 0.799279 0.510156 0.126202 0.245312 0.00298119
60 0.36268 0.840625 0.608774 0.304688 0.00296974
56 0.739183 0.311328 0.129808 0.115625 0.0029583
39 0.454327 0.205908 0.0721154 0.0874023 0.00293541
56 0.521034 0.413281 0.957933 0.509375 0.00290108
75 0.857572 0.120703 0.0552885 0.0417969 0.00288963
45 0.784856 0.686328 0.155048 0.0453125 0.00288963
39 0.104642 0.948438 0.205379 0.1 0.00287819
0 0.858173 0.142578 0.0673077 0.0863281 0.00286674
47 0.972356 0.318359 0.0552885 0.0539063 0.00286674
43 0.717548 0.579688 0.0600962 0.120313 0.00284576
45 0.786058 0.670313 0.15625 0.071875 0.00282288
56 0.686899 0.532422 0.258413 0.216406 0.00281143
43 0.635216 0.578906 0.0649038 0.107813 0.00279999
60 0.397837 0.645312 0.390625 0.104688 0.00279999
43 0.652644 0.550781 0.0384615 0.0398437 0.00277901
40 0.887019 0.149414 0.0600962 0.0734375 0.00275803
0 0.411659 0.18042 0.168269 0.142285 0.00273705
44 0.361178 0.232422 0.0408654 0.034375 0.0027256
43 0.645433 0.542188 0.0480769 0.0390625 0.00271416
56 0.0537861 0.669531 0.105168 0.36875 0.00271416
25 0.779447 0.228125 0.298077 0.0890625 0.00269318
40 0.360577 0.231641 0.0432692 0.0351562 0.00265312
55 0.823317 0.752344 0.0769231 0.053125 0.00264168
57 0.347055 0.15166 0.326322 0.194336 0.00264168
40 0.810096 0.131738 0.0408654 0.0732422 0.00263214
69 0.397837 0.645312 0.390625 0.104688 0.00263214
42 0.65625 0.567187 0.0480769 0.0695313 0.0026207
44 0.637019 0.639063 0.0576923 0.0742188 0.00260162
55 0.686298 0.778125 0.139423 0.075 0.00260162
41 0.971154 0.317969 0.0552885 0.0546875 0.00259018
43 0.669471 0.578906 0.173077 0.124219 0.00259018
40 0.856971 0.169336 0.0504808 0.034375 0.00257111
40 0.75601 0.138086 0.0456731 0.0925781 0.00256157
39 0.856971 0.169336 0.0504808 0.034375 0.00256157
41 0.944111 0.168652 0.0625 0.0443359 0.00256157
56 0.273738 0.872656 0.406851 0.251563 0.00255013
56 0.71875 0.565234 0.0769231 0.11875 0.00253105
44 0.526442 0.582031 0.182692 0.025 0.00253105
56 0.492638 0.620313 0.745493 0.157813 0.00251198
39 0.242488 0.760938 0.108774 0.0875 0.00250244
40 0.719952 0.163574 0.0649038 0.0447266 0.0024929
26 0.847356 0.313477 0.0769231 0.124609 0.00247192
56 0.819111 0.419141 0.0324519 0.0492188 0.00247192
42 0.657452 0.655078 0.0649038 0.0773438 0.00247192
74 0.711538 0.167383 0.0625 0.0417969 0.00246239
67 0.652644 0.620313 0.0961538 0.104688 0.00246239
0 0.426082 0.225391 0.138221 0.0539063 0.00245285
73 0.730769 0.134375 0.454327 0.1125 0.00243378
40 0.788462 0.162891 0.0552885 0.04375 0.00242424
42 0.824519 0.738281 0.117788 0.0734375 0.00239754
26 0.105469 0.948438 0.207332 0.103125 0.002388
43 0.633413 0.630078 0.0673077 0.0882813 0.00236893
43 0.520433 0.5875 0.144231 0.028125 0.00234985
74 0.859976 0.121289 0.0600962 0.040625 0.00234222
55 0.657452 0.758594 0.199519 0.114063 0.00232315
47 0.450721 0.232813 0.0540865 0.0351562 0.00230598
42 0.695913 0.6625 0.078125 0.0882813 0.00230598
42 0.669471 0.553906 0.0673077 0.034375 0.00229645
44 0.700721 0.667578 0.09375 0.0867188 0.00228691
43 0.253606 0.719531 0.0841346 0.0453125 0.00228691
40 0.777644 0.0584961 0.0408654 0.0355469 0.00227928
60 0.0528846 0.566797 0.103365 0.326562 0.00226974
0 0.560096 0.294922 0.516827 0.152344 0.00226021
26 0.665865 0.635547 0.115385 0.132031 0.00226021
60 0.763221 0.288281 0.209135 0.136719 0.00225258
26 0.400391 0.647656 0.39393 0.109375 0.00225258
40 0.801683 0.162891 0.0504808 0.0421875 0.00223351
75 0.847957 0.3125 0.078125 0.126563 0.00223351
43 0.652644 0.542969 0.0432692 0.0359375 0.00222588
0 0.45012 0.190186 0.0637019 0.0500977 0.00221634
56 0.0486779 0.864062 0.094351 0.101562 0.00221634
57 0.759615 0.294531 0.223558 0.166406 0.00221634
57 0.61899 0.409863 0.597356 0.470898 0.00221634
40 0.861779 0.307031 0.0504808 0.102344 0.00219154
75 0.856971 0.169336 0.0504808 0.034375 0.00217438
42 0.664663 0.590625 0.0721154 0.109375 0.00217438
42 0.24399 0.721875 0.0961538 0.0546875 0.00216484
56 0.887019 0.516016 0.223558 0.274219 0.00216484
0 0.82512 0.417285 0.34976 0.504492 0.00216484
43 0.242488 0.710938 0.0703125 0.028125 0.00215721
56 0.0252404 0.439844 0.0486779 0.127344 0.00214958
55 0.582933 0.446875 0.298077 0.144531 0.00214958
56 0.070012 0.501563 0.135216 0.43125 0.00213242
75 0.359675 0.232031 0.0438702 0.0351562 0.00209999
26 0.719952 0.582812 0.0600962 0.120313 0.00209045
44 0.789663 0.728906 0.146635 0.084375 0.00209045
41 0.21244 0.763281 0.168269 0.101562 0.00209045
44 0.643029 0.592188 0.0600962 0.119531 0.00206757
44 0.771635 0.633203 0.132212 0.0226563 0.00206757
42 0.923678 0.691797 0.152644 0.0585938 0.00206757
41 0.804688 0.733594 0.135817 0.075 0.00206757
26 0.682091 0.582812 0.138221 0.125 0.00206757
0 0.0754207 0.463184 0.14363 0.51582 0.0020504
14 0.71274 0.14043 0.0673077 0.0929688 0.00203514
55 0.819712 0.75 0.0649038 0.04375 0.00203514
57 0.435096 0.287891 0.15024 0.0890625 0.00202751
0 0.910457 0.419922 0.177885 0.528125 0.878906
0 0.582332 0.366016 0.47476 0.564844 0.864258
0 0.197115 0.400391 0.375 0.6875 0.862305
60 0.53125 0.804688 0.9375 0.371875 0.796875
55 0.676082 0.784375 0.617788 0.220313 0.757812
56 0.402644 0.648047 0.389423 0.110937 0.673828
41 0.241286 0.761328 0.111779 0.0898438 0.672363
43 0.658654 0.634375 0.104567 0.135937 0.654785
45 0.785457 0.660156 0.165865 0.0609375 0.432129
56 0.105769 0.948438 0.207332 0.103125 0.212769
55 0.644231 0.769531 0.507212 0.1875 0.212036
43 0.652644 0.620703 0.0985577 0.103906 0.17334
55 0.586538 0.757812 0.384615 0.1625 0.157104
43 0.676683 0.639063 0.127404 0.132812 0.143188
56 0.798077 0.511719 0.125 0.234375 0.124207
39 0.848558 0.312695 0.0793269 0.126953 0.0953369
60 0.778245 0.277344 0.304087 0.186719 0.0917358
43 0.682692 0.648438 0.0961538 0.1125 0.0786133
44 0.676683 0.639063 0.127404 0.132812 0.0545959
56 0.719952 0.580469 0.0600962 0.120313 0.0514526
39 0.932091 0.168359 0.0384615 0.0417969 0.0501404
60 0.777644 0.215625 0.305288 0.0617188 0.0495911
75 0.710938 0.168262 0.0612981 0.0404297 0.0433655
56 0.846755 0.313672 0.0793269 0.132031 0.0399475
43 0.647837 0.642969 0.0528846 0.065625 0.0393372
56 0.403696 0.158105 0.214243 0.185352 0.0370483
56 0.168945 0.947656 0.325571 0.0984375 0.0360718
43 0.719952 0.641406 0.206731 0.146875 0.03125
40 0.80649 0.0506836 0.03125 0.0269531 0.0301056
43 0.637019 0.639063 0.0576923 0.0742188 0.0296478
45 0.75 0.660547 0.237981 0.0695313 0.0246124
41 0.710938 0.168262 0.0612981 0.0404297 0.0243378
56 0.739183 0.313477 0.182692 0.133203 0.0238647
41 0.786058 0.6625 0.165865 0.065625 0.0231476
0 0.454327 0.208936 0.0745192 0.0875977 0.0231018
56 0.200045 0.904688 0.253756 0.184375 0.0224609
43 0.641226 0.609375 0.137019 0.107813 0.0222015
44 0.686899 0.660156 0.0985577 0.0953125 0.0216217
43 0.661659 0.634375 0.0829327 0.1 0.0208893
42 0.665865 0.636719 0.117788 0.132812 0.0198669
42 0.647837 0.642969 0.0528846 0.065625 0.0164642
42 0.682692 0.648438 0.0961538 0.1125 0.0160217
42 0.652644 0.620703 0.0985577 0.103906 0.0158997
44 0.719952 0.641406 0.206731 0.146875 0.0156708
56 0.429688 0.288281 0.140625 0.0882813 0.0153046
56 0.0540865 0.56875 0.102163 0.326562 0.0152512
41 0.847356 0.312891 0.0769231 0.119531 0.0150757
44 0.679087 0.649219 0.0889423 0.110937 0.0147858
43 0.670673 0.648438 0.0841346 0.0984375 0.0144501
56 0.554237 0.427344 0.552584 0.427344 0.0143356
56 0.460938 0.517969 0.769231 0.260938 0.0141144
57 0.485727 0.379395 0.934796 0.639648 0.0137939
56 0.74399 0.516406 0.235577 0.242969 0.0137405
39 0.360577 0.231641 0.0426683 0.0351562 0.0136871
40 0.932692 0.135937 0.0432692 0.0832031 0.0132217
56 0.730769 0.578125 0.0432692 0.115625 0.0131226
40 0.848558 0.165625 0.0480769 0.0414063 0.0125732
56 0.414663 0.248438 0.109375 0.0132813 0.0125732
42 0.670673 0.648438 0.0841346 0.0984375 0.0124817
44 0.711538 0.16748 0.0625 0.0416016 0.0124283
49 0.450721 0.232813 0.0552885 0.034375 0.0123367
56 0.164739 0.898438 0.194561 0.190625 0.0123367
43 0.516827 0.582812 0.151442 0.0234375 0.0120544
0 0.925481 0.259424 0.149038 0.206152 0.0119171
75 0.852764 0.166211 0.0576923 0.0421875 0.011734
40 0.907452 0.136328 0.0432692 0.0714844 0.0115967
57 0.488131 0.15459 0.617488 0.19707 0.0112457
40 0.798678 0.161328 0.03125 0.0386719 0.0110703
43 0.668269 0.553906 0.0625 0.0328125 0.0109024
44 0.254808 0.719531 0.0805288 0.0453125 0.0108185
43 0.248197 0.708594 0.0492788 0.0234375 0.0107803
44 0.248197 0.708594 0.0492788 0.0234375 0.0107346
56 0.694712 0.582812 0.108173 0.126563 0.0106125
46 0.450721 0.233008 0.0528846 0.0351562 0.0105286
75 0.932091 0.168359 0.0384615 0.0417969 0.0104065
39 0.940505 0.168457 0.0564904 0.0443359 0.0100937
45 0.240385 0.761719 0.111779 0.090625 0.00993347
43 0.645433 0.601562 0.105769 0.135937 0.00985718
40 0.858173 0.142676 0.0673077 0.0861328 0.00967407
40 0.804688 0.139941 0.0432692 0.0876953 0.00945282
0 0.972356 0.317969 0.0528846 0.0550781 0.00945282
46 0.71274 0.119727 0.0625 0.0472656 0.00933838
39 0.84976 0.167187 0.0516827 0.0390625 0.00919342
40 0.858173 0.162695 0.0697115 0.0480469 0.00908661
43 0.64363 0.591797 0.0612981 0.119531 0.00898743
41 0.234375 0.761719 0.0877404 0.075 0.00898743
56 0.734375 0.308203 0.141827 0.114844 0.00894928
40 0.935096 0.168555 0.0456731 0.0433594 0.00891876
40 0.712139 0.167383 0.0625 0.0410156 0.00867462
40 0.911058 0.130469 0.0336538 0.0628906 0.00847626
57 0.403996 0.15791 0.213642 0.18457 0.00844574
40 0.754207 0.160742 0.0336538 0.0382813 0.00837708
44 0.652644 0.620703 0.0985577 0.103906 0.008255
58 0.019381 0.279687 0.0360577 0.177344 0.00818634
56 0.578125 0.310937 0.475962 0.130469 0.00818634
40 0.936298 0.128516 0.0336538 0.0652344 0.00815582
43 0.924279 0.692187 0.151442 0.0578125 0.00815582
74 0.71274 0.119727 0.0625 0.0464844 0.00812531
42 0.719952 0.641406 0.206731 0.146875 0.00800323
56 0.224459 0.882031 0.298077 0.23125 0.00796509
43 0.664062 0.590625 0.0697115 0.10625 0.00793457
56 0.759615 0.304688 0.151442 0.127344 0.00790405
43 0.644832 0.603516 0.0697115 0.0867188 0.00775528
43 0.689904 0.553906 0.120192 0.0445313 0.00772476
63 0.397686 0.644922 0.38732 0.105469 0.00772476
42 0.248197 0.708594 0.0492788 0.0234375 0.00760651
39 0.860577 0.307422 0.0528846 0.103516 0.00757599
60 0.776442 0.19082 0.326923 0.119531 0.00754929
40 0.804087 0.0588867 0.0432692 0.0396484 0.00740433
40 0.908654 0.142969 0.0769231 0.0871094 0.00728989
39 0.49399 0.231641 0.0480769 0.0375 0.00717545
43 0.657452 0.566406 0.0480769 0.0679687 0.00698471
56 0.759615 0.294336 0.221154 0.167578 0.00695801
0 0.360577 0.231641 0.0426683 0.0351562 0.0069046
60 0.434946 0.287891 0.149339 0.0890625 0.00679779
0 0.457933 0.165625 0.09375 0.172266 0.00679779
40 0.781851 0.162109 0.0336538 0.0429688 0.00674438
56 0.66226 0.314844 0.326923 0.136719 0.00674438
45 0.710938 0.168262 0.0612981 0.0404297 0.00658798
67 0.241286 0.761328 0.111779 0.0898438 0.00638962
44 0.244892 0.721875 0.093149 0.0546875 0.00629044
57 0.347656 0.152051 0.326322 0.195117 0.00616837
46 0.361478 0.232422 0.0408654 0.0339844 0.00614548
41 0.360577 0.231641 0.0426683 0.0351562 0.00605011
27 0.262019 0.255469 0.0757212 0.0648438 0.00605011
41 0.860577 0.307422 0.0528846 0.103516 0.00600433
40 0.859976 0.120898 0.0600962 0.040625 0.00595856
73 0.104492 0.946875 0.205679 0.1 0.00595856
43 0.691106 0.579688 0.110577 0.119531 0.00593567
56 0.0558894 0.585156 0.108173 0.45 0.005867
41 0.813702 0.737891 0.0961538 0.0703125 0.00579834
13 0.104868 0.948438 0.203726 0.1 0.00572968
32 0.71274 0.119336 0.0637019 0.0460938 0.00544739
45 0.786659 0.65 0.16226 0.0585938 0.00544739
0 0.439904 0.406641 0.855769 0.678125 0.00544739
57 0.50015 0.212646 0.660757 0.311426 0.00542831
40 0.898438 0.128711 0.0348558 0.0585938 0.00538635
41 0.819712 0.75 0.0673077 0.04375 0.00534439
42 0.637019 0.639063 0.0576923 0.0742188 0.00519943
55 0.824519 0.752344 0.0769231 0.053125 0.00511932
56 0.109675 0.9125 0.214543 0.164062 0.00510025
0 0.920072 0.35332 0.159856 0.391797 0.00508118
69 0.0525841 0.607031 0.101563 0.242188 0.00503922
56 0.739183 0.524219 0.146635 0.234375 0.00502014
42 0.254808 0.719531 0.0805288 0.0453125 0.00498199
44 0.658654 0.634375 0.104567 0.135937 0.0049057
45 0.748798 0.675391 0.242788 0.0984375 0.0049057
40 0.889423 0.142383 0.0637019 0.0878906 0.00486755
44 0.647837 0.642969 0.0528846 0.065625 0.00484848
40 0.765625 0.139551 0.0600962 0.0908203 0.00482941
53 0.67488 0.782813 0.617788 0.214062 0.00481033
56 0.0525841 0.6125 0.101563 0.229687 0.00475693
40 0.712139 0.140137 0.0661058 0.0943359 0.00473785
44 0.71274 0.14043 0.0661058 0.0925781 0.00453949
39 0.798077 0.162695 0.0396635 0.0421875 0.00453949
75 0.940505 0.168457 0.0564904 0.0443359 0.00452042
0 0.463942 0.189795 0.0949519 0.121191 0.00450516
56 0.361178 0.232422 0.0450721 0.0351562 0.00450516
58 0.0210337 0.31875 0.0390625 0.251563 0.00448608
75 0.857572 0.120703 0.0540865 0.0414063 0.00446701
41 0.805288 0.0513184 0.0360577 0.0258789 0.00443268
40 0.803486 0.123438 0.0276442 0.0521484 0.00441742
56 0.272837 0.872656 0.405048 0.251563 0.00432968
55 0.685096 0.778125 0.141827 0.075 0.00429916
43 0.575721 0.594531 0.257212 0.0796875 0.00426483
39 0.710938 0.168262 0.0612981 0.0404297 0.0042305
0 0.452524 0.231641 0.0625 0.0382813 0.0042305
25 0.778245 0.277344 0.304087 0.186719 0.00421524
0 0.751202 0.416504 0.284856 0.501367 0.00418091
56 0.757212 0.398438 0.199519 0.301563 0.00416565
0 0.846154 0.312891 0.0769231 0.130469 0.00413513
60 0.847356 0.675 0.300481 0.0953125 0.00413513
40 0.360577 0.231641 0.0426683 0.0351562 0.00411606
42 0.64363 0.591797 0.0612981 0.119531 0.00408554
56 0.347656 0.152051 0.326322 0.195117 0.00408554
43 0.695913 0.6625 0.0793269 0.0875 0.00400543
56 0.659255 0.579688 0.19351 0.126563 0.0039444
56 0.577524 0.501563 0.478365 0.288281 0.00391388
43 0.635817 0.59375 0.0625 0.0765625 0.00385475
0 0.35607 0.231641 0.0552885 0.0402344 0.00382423
40 0.858774 0.169531 0.0456731 0.0339844 0.00380898
41 0.971154 0.317969 0.0552885 0.0546875 0.00380898
41 0.94351 0.168848 0.0625 0.0439453 0.00379562
57 0.540264 0.164941 0.852163 0.214258 0.00379562
0 0.754808 0.277344 0.228365 0.191406 0.00374985
56 0.652644 0.620703 0.0985577 0.103906 0.00370789
39 0.454327 0.205859 0.0721154 0.0875 0.00367928
45 0.78726 0.649219 0.161058 0.0359375 0.00365067
40 0.788462 0.162891 0.0528846 0.04375 0.0036068
58 0.0192308 0.255078 0.0384615 0.126563 0.0036068
55 0.582332 0.469922 0.299279 0.214844 0.00358009
44 0.361478 0.232422 0.0408654 0.0339844 0.00355148
76 0.665865 0.636719 0.117788 0.132812 0.00353813
42 0.819712 0.747656 0.0817308 0.0484375 0.00352478
47 0.71274 0.119727 0.0625 0.0464844 0.00351143
40 0.88762 0.15625 0.0516827 0.059375 0.00351143
0 0.711538 0.143457 0.0661058 0.0962891 0.00351143
13 0.402043 0.646094 0.388221 0.1125 0.00349617
14 0.71274 0.119727 0.0625 0.0472656 0.00345612
43 0.648438 0.548047 0.0288462 0.0273438 0.00341606
39 0.858774 0.169531 0.0456731 0.0339844 0.00337601
40 0.860577 0.307422 0.0528846 0.103516 0.00337601
44 0.637019 0.639063 0.0576923 0.0742188 0.00337601
0 0.75601 0.305078 0.161058 0.121094 0.00336266
41 0.798678 0.161328 0.03125 0.0386719 0.00335121
74 0.860577 0.121484 0.0600962 0.0402344 0.00332451
40 0.722957 0.163672 0.0588942 0.0441406 0.00332451
75 0.854567 0.171289 0.0528846 0.0316406 0.00331116
56 0.0252404 0.438965 0.0486779 0.12832 0.00331116
57 0.609375 0.410938 0.610577 0.471875 0.00329781
56 0.361178 0.545313 0.0384615 0.153125 0.00328636
43 0.659856 0.607813 0.0697115 0.0953125 0.00328636
42 0.80649 0.735547 0.112981 0.075 0.00324821
55 0.78726 0.658984 0.165865 0.0578125 0.00322342
56 0.777644 0.276367 0.289663 0.186328 0.00318527
43 0.254808 0.719531 0.0805288 0.0453125 0.00316048
57 0.759615 0.294336 0.221154 0.167578 0.00316048
45 0.784856 0.6875 0.155048 0.0453125 0.00313568
40 0.810096 0.129492 0.0384615 0.0683594 0.00312424
56 0.0880409 0.525 0.155649 0.314844 0.003088
40 0.896635 0.109961 0.0228365 0.0207031 0.00307465
43 0.242788 0.710547 0.0685096 0.0273438 0.00307465
60 0.609375 0.410938 0.610577 0.471875 0.00307465
0 0.858173 0.142676 0.0673077 0.0861328 0.00304031
25 0.777043 0.215234 0.305288 0.0625 0.00302696
75 0.847356 0.3125 0.0769231 0.126563 0.00301552
39 0.105769 0.948438 0.203726 0.1 0.00300407
26 0.847356 0.313281 0.0769231 0.125 0.00299263
49 0.362981 0.232422 0.0396635 0.0335938 0.00298119
56 0.819111 0.419141 0.0336538 0.0492188 0.0029583
40 0.75601 0.138184 0.0432692 0.0916016 0.00293541
56 0.991587 0.633203 0.0168269 0.103125 0.00293541
56 0.688702 0.532422 0.235577 0.216406 0.00287819
56 0.0540865 0.666406 0.105769 0.367188 0.00287819
74 0.711538 0.16748 0.0625 0.0416016 0.00286674
57 0.434946 0.287891 0.149339 0.0890625 0.00286674
42 0.657452 0.655469 0.0649038 0.0765625 0.00284576
56 0.506611 0.501172 0.986779 0.342969 0.00284576
39 0.859976 0.120898 0.0600962 0.040625 0.00282288
60 0.799279 0.510156 0.126202 0.245312 0.00282288
47 0.972356 0.318359 0.0552885 0.0539063 0.00281143
26 0.652644 0.620703 0.0985577 0.103906 0.00279999
56 0.0486779 0.864062 0.094351 0.103125 0.00279999
48 0.67488 0.784375 0.614183 0.217188 0.00279999
40 0.776442 0.0587402 0.0384615 0.0360352 0.00279045
40 0.802284 0.162891 0.0492788 0.0417969 0.00279045
42 0.244892 0.721875 0.093149 0.0546875 0.00279045
43 0.262019 0.709375 0.0685096 0.0265625 0.00277901
26 0.100361 0.517578 0.180889 0.304688 0.00277901
60 0.764423 0.289844 0.209135 0.132812 0.00276756
45 0.786058 0.671094 0.15625 0.0726563 0.00276756
56 0.519231 0.413281 0.961538 0.5125 0.00275803
67 0.652644 0.620703 0.0985577 0.103906 0.00274658
42 0.657452 0.566406 0.0480769 0.0679687 0.00273705
43 0.665865 0.619141 0.0673077 0.103906 0.00271416
53 0.593149 0.754687 0.382212 0.154688 0.00271416
56 0.719952 0.564453 0.0769231 0.121094 0.0026722
60 0.397686 0.644922 0.38732 0.105469 0.0026722
47 0.450721 0.233008 0.0528846 0.0351562 0.00265312
44 0.700721 0.667969 0.09375 0.0859375 0.00265312
60 0.80649 0.311719 0.164663 0.142969 0.00265312
40 0.957933 0.0398315 0.0576923 0.0761963 0.00261116
55 0.610577 0.729688 0.379808 0.18125 0.00260162
41 0.212139 0.763281 0.169471 0.103125 0.00259018
60 0.737981 0.241357 0.425481 0.199316 0.00258064
26 0.665865 0.636719 0.117788 0.132812 0.00258064
44 0.772837 0.633203 0.129808 0.0226563 0.00257111
40 0.932692 0.163184 0.0324519 0.0423828 0.00256157
42 0.924279 0.692187 0.151442 0.0578125 0.00255013
55 0.655048 0.758203 0.206731 0.113281 0.00255013
60 0.0527344 0.561719 0.103065 0.3375 0.00255013
69 0.397686 0.644922 0.38732 0.105469 0.00255013
43 0.653245 0.55 0.0384615 0.0382813 0.00253105
42 0.789663 0.728125 0.144231 0.0820312 0.00252151
57 0.782452 0.279297 0.295673 0.19375 0.00251198
0 0.399038 0.159009 0.222356 0.184326 0.00250244
56 0.75601 0.312695 0.103365 0.114453 0.0024929
43 0.244892 0.721875 0.093149 0.0546875 0.00247192
56 0.0643029 0.517578 0.122596 0.402344 0.00247192
75 0.359375 0.231836 0.0432692 0.0351562 0.00246239
41 0.932091 0.168359 0.0384615 0.0417969 0.00243378
42 0.262019 0.709375 0.0685096 0.0265625 0.00242424
39 0.242488 0.760938 0.108774 0.0875 0.00240517
42 0.242788 0.710547 0.0685096 0.0273438 0.00239754
60 0.432091 0.698438 0.454327 0.132812 0.00239754
40 0.652043 0.130078 0.03125 0.0832031 0.002388
56 0.366587 0.5375 0.0432692 0.16875 0.00237846
56 0.150916 0.873438 0.217398 0.242188 0.00237846
42 0.668269 0.553906 0.0625 0.0328125 0.00235939
56 0.885817 0.516016 0.225962 0.270313 0.00235939
73 0.730769 0.134766 0.455529 0.114453 0.00235939
44 0.450721 0.233008 0.0528846 0.0351562 0.00234985
44 0.524038 0.581641 0.177885 0.025 0.00234985
41 0.857572 0.120703 0.0540865 0.0414063 0.00234222
60 0.447716 0.667188 0.447115 0.0796875 0.00234222
56 0.488131 0.15459 0.617488 0.19707 0.00234222
42 0.695913 0.6625 0.0793269 0.0875 0.00233269
43 0.717548 0.579688 0.0600962 0.120313 0.00232315
74 0.955529 0.0594238 0.0504808 0.034082 0.00230598
56 0.019982 0.439844 0.039363 0.0914062 0.00230598
0 0.909856 0.419922 0.177885 0.528906 0.880371
0 0.197716 0.401172 0.376202 0.689063 0.868164
0 0.582332 0.366797 0.475962 0.566406 0.863281
60 0.53125 0.805469 0.9375 0.371875 0.801758
55 0.675481 0.785156 0.617788 0.220313 0.789062
56 0.40024 0.647656 0.387019 0.110937 0.692871
43 0.659255 0.634766 0.106971 0.135156 0.6875
41 0.240986 0.761328 0.111779 0.0898438 0.686035
45 0.785457 0.660547 0.165865 0.0617188 0.503906
56 0.10607 0.948438 0.208534 0.103125 0.224731
55 0.640625 0.770312 0.5 0.1875 0.222656
43 0.652644 0.621094 0.0985577 0.103125 0.17334
55 0.58774 0.760156 0.387019 0.165625 0.161377
56 0.798678 0.511719 0.126202 0.234375 0.11438
39 0.848558 0.312695 0.0793269 0.126953 0.103027
43 0.68149 0.638281 0.137019 0.139844 0.0994873
60 0.778846 0.277344 0.305288 0.186719 0.0966797
43 0.682692 0.648828 0.0961538 0.1125 0.076416
44 0.676683 0.639063 0.127404 0.132812 0.0675659
39 0.932091 0.168359 0.0384615 0.0414063 0.058136
75 0.710938 0.168359 0.0612981 0.0402344 0.0507202
56 0.719952 0.580469 0.0600962 0.120313 0.0499573
60 0.777644 0.215625 0.304087 0.0617188 0.0479431
56 0.847356 0.313672 0.0793269 0.132031 0.0420837
43 0.648438 0.643359 0.0528846 0.065625 0.0396423
40 0.80649 0.0507324 0.03125 0.0270508 0.0380249
43 0.71274 0.641016 0.19351 0.146094 0.0372009
56 0.403846 0.158008 0.216346 0.185547 0.0352783
56 0.16857 0.948438 0.32512 0.1 0.0342407
41 0.710938 0.168359 0.0612981 0.0402344 0.032959
45 0.754808 0.660937 0.228365 0.0703125 0.0316162
43 0.637019 0.639063 0.0576923 0.0734375 0.0294189
41 0.786058 0.6625 0.165865 0.065625 0.0285492
56 0.756611 0.305078 0.161058 0.121094 0.0244293
44 0.686899 0.660547 0.0985577 0.0945313 0.0236053
43 0.641226 0.610156 0.138221 0.107031 0.0231476
42 0.673678 0.639063 0.128606 0.13125 0.0230713
56 0.200045 0.904688 0.253756 0.184375 0.0222931
0 0.454327 0.208789 0.0745192 0.0878906 0.0219421
43 0.661058 0.634375 0.0841346 0.1 0.0218658
44 0.71274 0.641016 0.19351 0.146094 0.0183411
41 0.847356 0.312891 0.0769231 0.119531 0.0181274
56 0.746394 0.325977 0.185096 0.151172 0.0165253
42 0.648438 0.643359 0.0528846 0.065625 0.0161591
39 0.360577 0.231641 0.0420673 0.0347656 0.0158997
42 0.652644 0.621094 0.0985577 0.103125 0.0158386
56 0.429688 0.287891 0.140625 0.0882813 0.0157166
0 0.926683 0.260938 0.146635 0.208984 0.0155411
56 0.0540865 0.566406 0.102764 0.33125 0.0153046
42 0.682692 0.648828 0.0961538 0.1125 0.0151291
57 0.488582 0.383203 0.9375 0.648438 0.0150146
44 0.711538 0.167383 0.0625 0.0414063 0.0146713
43 0.670673 0.649219 0.0829327 0.096875 0.0146179
40 0.847957 0.165723 0.046875 0.0412109 0.0141144
49 0.450721 0.232813 0.0552885 0.034375 0.0141144
44 0.247897 0.708594 0.0486779 0.0234375 0.0137405
40 0.932692 0.135742 0.0432692 0.0824219 0.0136871
44 0.255108 0.719141 0.078726 0.0445313 0.0133743
56 0.164588 0.898438 0.196064 0.19375 0.0133286
40 0.906851 0.134961 0.0420673 0.0683594 0.0132217
56 0.730769 0.578125 0.0432692 0.115625 0.0130692
75 0.852163 0.166211 0.0576923 0.0417969 0.0129242
40 0.799279 0.16123 0.03125 0.0384766 0.0128708
56 0.546875 0.422266 0.566106 0.439844 0.0127716
39 0.356971 0.230664 0.0528846 0.0398437 0.0127258
56 0.742788 0.516406 0.235577 0.24375 0.0125732
42 0.676082 0.65625 0.078125 0.0890625 0.0124283
43 0.247897 0.708594 0.0486779 0.0234375 0.0124283
39 0.939904 0.168359 0.0552885 0.0441406 0.0119171
56 0.414513 0.248242 0.108474 0.0128906 0.0115967
46 0.71274 0.119727 0.0625 0.0472656 0.0112915
39 0.84976 0.167187 0.0516827 0.0386719 0.0112457
56 0.694712 0.582812 0.108173 0.126563 0.0110703
75 0.932091 0.168359 0.0384615 0.0414063 0.0108566
43 0.516827 0.582812 0.151442 0.0234375 0.0108185
57 0.520433 0.154883 0.682692 0.198047 0.0108185
46 0.450721 0.233008 0.0528846 0.0351562 0.0107346
45 0.240385 0.761719 0.111779 0.090625 0.0107346
56 0.459736 0.517969 0.771635 0.2625 0.0106506
40 0.754808 0.160547 0.0336538 0.0375 0.0101318
40 0.804688 0.139453 0.0420673 0.0867188 0.0100555
40 0.858173 0.142773 0.0673077 0.0855469 0.0100098
40 0.856971 0.16377 0.0673077 0.0455078 0.0100098
0 0.972356 0.317969 0.0528846 0.0546875 0.00993347
40 0.911058 0.129688 0.0324519 0.0609375 0.00981903
43 0.667067 0.553906 0.0600962 0.03125 0.00981903
74 0.71274 0.119727 0.0625 0.0460938 0.00978088
40 0.711538 0.167383 0.0625 0.0410156 0.00978088
44 0.652644 0.621094 0.0985577 0.103125 0.00948334
41 0.234075 0.7625 0.0871394 0.0734375 0.00948334
40 0.935096 0.168555 0.0444712 0.0433594 0.00926971
40 0.804087 0.0588867 0.0432692 0.0398437 0.00919342
40 0.936298 0.12793 0.0336538 0.0636719 0.00891876
42 0.247897 0.708594 0.0486779 0.0234375 0.00891876
42 0.71274 0.641016 0.19351 0.146094 0.00874329
39 0.860577 0.307813 0.0528846 0.103906 0.00871277
43 0.643029 0.601562 0.110577 0.135937 0.00867462
45 0.710938 0.168359 0.0612981 0.0402344 0.00857544
39 0.49399 0.231641 0.0480769 0.0371094 0.00831604
56 0.22476 0.882617 0.299279 0.231641 0.00809479
40 0.908654 0.142969 0.0769231 0.0867188 0.00800323
44 0.245192 0.721875 0.0913462 0.0546875 0.0077858
41 0.360577 0.231641 0.0420673 0.0347656 0.00772476
57 0.403245 0.15791 0.215144 0.184961 0.00772476
43 0.924279 0.692187 0.151442 0.0578125 0.00769424
56 0.763221 0.290625 0.230769 0.176563 0.00769424
43 0.64363 0.591406 0.0612981 0.11875 0.00766754
56 0.569712 0.310742 0.49399 0.131641 0.00760651
40 0.78125 0.162109 0.0336538 0.0429688 0.00757599
60 0.777644 0.201563 0.324519 0.0976562 0.00746155
40 0.859976 0.120898 0.0600962 0.0404297 0.00737381
41 0.860577 0.307813 0.0528846 0.103906 0.00737381
67 0.240986 0.761328 0.111779 0.0898438 0.00695801
41 0.820313 0.75 0.0673077 0.04375 0.0069313
58 0.0192308 0.279687 0.0360577 0.177344 0.0069313
32 0.71274 0.119336 0.0637019 0.0457031 0.0069046
43 0.644832 0.603125 0.0697115 0.0859375 0.0068512
43 0.689904 0.553906 0.120192 0.04375 0.00682449
53 0.67488 0.78418 0.617788 0.216016 0.00682449
41 0.814303 0.737891 0.0949519 0.0695313 0.00679779
60 0.434946 0.287891 0.149339 0.0882813 0.00677109
43 0.664062 0.590625 0.0685096 0.103125 0.00669098
40 0.898438 0.124902 0.0336538 0.0509766 0.00653839
0 0.360577 0.231641 0.0420673 0.0347656 0.00653839
45 0.786659 0.650391 0.16226 0.05625 0.00634003
43 0.658053 0.564453 0.0504808 0.0632813 0.00631332
57 0.532452 0.267773 0.734375 0.423047 0.00614548
41 0.805288 0.0513672 0.0360577 0.0259766 0.00612259
55 0.825721 0.752734 0.0793269 0.0523438 0.00609589
27 0.262019 0.255664 0.0769231 0.0644531 0.00602722
46 0.361178 0.232422 0.0408654 0.0335938 0.00598145
63 0.397987 0.645312 0.386719 0.10625 0.00598145
0 0.457933 0.166797 0.09375 0.170313 0.00595856
56 0.639423 0.314648 0.375 0.137109 0.00591278
0 0.920072 0.348633 0.159856 0.382422 0.00591278
69 0.0525841 0.607031 0.101563 0.24375 0.00582123
56 0.0552885 0.595996 0.106971 0.470508 0.00582123
75 0.859375 0.120801 0.0588942 0.0419922 0.00570679
39 0.798077 0.162695 0.0396635 0.0421875 0.00568771
56 0.109675 0.911719 0.214543 0.165625 0.00566483
57 0.347356 0.152051 0.328125 0.195508 0.0055542
0 0.356971 0.230664 0.0528846 0.0398437 0.00551224
44 0.648438 0.643359 0.0528846 0.065625 0.00548935
42 0.255108 0.719141 0.078726 0.0445313 0.00538635
42 0.637019 0.639063 0.0576923 0.0734375 0.00526047
13 0.105168 0.948438 0.204327 0.1 0.00526047
40 0.766226 0.139063 0.0588942 0.0898438 0.00518036
73 0.105168 0.948438 0.206731 0.1 0.00516129
0 0.454327 0.40791 0.887019 0.681055 0.00511932
56 0.734976 0.524219 0.145433 0.234375 0.0050621
40 0.712139 0.140039 0.0661058 0.0941406 0.00500107
43 0.691106 0.579688 0.110577 0.119531 0.00494385
39 0.710938 0.168359 0.0612981 0.0402344 0.0049057
44 0.675481 0.645312 0.0961538 0.11875 0.00488663
44 0.71274 0.140332 0.0661058 0.0923828 0.00484848
55 0.684495 0.778125 0.143029 0.075 0.00484848
40 0.889423 0.142383 0.0600962 0.0875 0.00482941
40 0.803486 0.121094 0.0264423 0.0476562 0.00473785
41 0.799279 0.16123 0.03125 0.0384766 0.00473785
41 0.971755 0.317773 0.0552885 0.0542969 0.00473785
40 0.360577 0.231641 0.0420673 0.0347656 0.00469971
41 0.939904 0.168359 0.0552885 0.0441406 0.00468063
74 0.860577 0.121484 0.0600962 0.0398437 0.00455475
56 0.272311 0.872656 0.404898 0.251563 0.00455475
40 0.860577 0.169727 0.0432692 0.0332031 0.00453949
75 0.939904 0.168359 0.0552885 0.0441406 0.00453949
0 0.452524 0.231641 0.0625 0.0382813 0.00452042
56 0.360577 0.232227 0.0432692 0.0347656 0.00443268
56 0.0525841 0.6125 0.102163 0.23125 0.00443268
40 0.788462 0.162891 0.0528846 0.0433594 0.00431442
0 0.846154 0.312891 0.0769231 0.130469 0.00431442
0 0.463942 0.191406 0.0961538 0.118359 0.00429916
56 0.660457 0.579297 0.192308 0.127344 0.00424957
60 0.847356 0.675 0.300481 0.0953125 0.00424957
39 0.860577 0.169727 0.0432692 0.0332031 0.0042305
56 0.652644 0.621094 0.0985577 0.103125 0.00421524
56 0.778846 0.276563 0.293269 0.186719 0.00418091
39 0.454327 0.205859 0.0721154 0.0875 0.0041008
47 0.71274 0.119727 0.0625 0.0460938 0.00408554
45 0.787861 0.648438 0.159856 0.0328125 0.00408554
44 0.361178 0.232422 0.0408654 0.0335938 0.00407028
25 0.778846 0.277344 0.305288 0.186719 0.00405502
56 0.757812 0.389941 0.199519 0.28418 0.00403976
40 0.772837 0.143359 0.0456731 0.0804688 0.00399017
40 0.896635 0.109668 0.0228365 0.0199219 0.00397491
41 0.356971 0.230664 0.0528846 0.0398437 0.00391388
44 0.637019 0.639063 0.0576923 0.0734375 0.00390053
0 0.711538 0.143457 0.0661058 0.0958984 0.00390053
43 0.695913 0.662891 0.0793269 0.0875 0.00382423
76 0.673678 0.639063 0.128606 0.13125 0.00382423
40 0.725962 0.163574 0.0528846 0.0435547 0.00376511
42 0.64363 0.591406 0.0612981 0.11875 0.00376511
55 0.582332 0.468848 0.299279 0.21543 0.00376511
57 0.588942 0.411621 0.647837 0.47207 0.00376511
40 0.888221 0.15957 0.0492788 0.0527344 0.00374985
0 0.76262 0.277734 0.245192 0.191406 0.00374985
0 0.747596 0.41709 0.293269 0.501758 0.00369263
56 0.347356 0.152051 0.328125 0.195508 0.00367928
57 0.763221 0.290625 0.230769 0.176563 0.00365067
56 0.740385 0.30293 0.126202 0.0996094 0.00362206
56 0.0250901 0.439453 0.0486779 0.128906 0.00359344
43 0.575721 0.594531 0.257212 0.078125 0.00359344
58 0.0213341 0.318555 0.0396635 0.250391 0.00359344
43 0.255108 0.719141 0.078726 0.0445313 0.00355148
13 0.401442 0.646484 0.388221 0.1125 0.00355148
39 0.859976 0.120898 0.0600962 0.0404297 0.00353813
40 0.77524 0.0585938 0.0408654 0.0365234 0.00352478
40 0.860577 0.307813 0.0528846 0.103906 0.00352478
14 0.71274 0.119727 0.0625 0.0472656 0.00351143
43 0.242788 0.710156 0.0673077 0.0265625 0.00351143
56 0.577975 0.501172 0.478666 0.291406 0.00351143
40 0.810096 0.127539 0.0384615 0.0648438 0.00341606
45 0.784856 0.688281 0.153846 0.04375 0.00340271
75 0.855769 0.171777 0.0504808 0.0306641 0.00338936
56 0.0763221 0.533496 0.135216 0.339258 0.00338936
43 0.635817 0.59375 0.0625 0.075 0.00337601
56 0.0486779 0.864062 0.094351 0.101562 0.00337601
74 0.711538 0.167383 0.0625 0.0414063 0.00328636
58 0.019381 0.254688 0.038762 0.125781 0.00328636
41 0.857572 0.120605 0.0540865 0.0412109 0.00324821
40 0.758413 0.130859 0.0384615 0.0761719 0.00323486
0 0.858173 0.142773 0.0673077 0.0855469 0.00322342
75 0.847356 0.3125 0.0769231 0.126563 0.00322342
40 0.957933 0.0396484 0.0576923 0.0759766 0.00318527
41 0.713341 0.120703 0.0637019 0.0472656 0.00317192
43 0.262019 0.709375 0.0685096 0.0265625 0.00317192
42 0.820313 0.748047 0.0805288 0.046875 0.00316048
41 0.211538 0.763281 0.169471 0.101562 0.00314713
26 0.847356 0.313281 0.0769231 0.125 0.00313568
40 0.802284 0.162891 0.0480769 0.0417969 0.00311089
43 0.648438 0.548047 0.0288462 0.0273438 0.00311089
47 0.972356 0.318359 0.0552885 0.0539063 0.00309944
43 0.658654 0.608203 0.0721154 0.09375 0.00307465
60 0.588942 0.411621 0.647837 0.47207 0.0030632
48 0.674429 0.785156 0.615084 0.21875 0.00302696
45 0.71274 0.119727 0.0625 0.0460938 0.00301552
25 0.777644 0.215234 0.305288 0.0625 0.00301552
41 0.932091 0.168359 0.0384615 0.0414063 0.00300407
56 0.819111 0.419141 0.0324519 0.0492188 0.00300407
42 0.245192 0.721875 0.0913462 0.0546875 0.00298119
60 0.808293 0.311914 0.161058 0.142578 0.00298119
56 0.6875 0.532031 0.237981 0.217188 0.00298119
26 0.665865 0.636719 0.117788 0.132812 0.00298119
67 0.652644 0.621094 0.0985577 0.103125 0.0029583
57 0.781851 0.279687 0.295673 0.19375 0.00292397
41 0.49399 0.231641 0.0480769 0.0371094 0.00291252
0 0.756611 0.305078 0.161058 0.121094 0.00291252
42 0.657452 0.655859 0.0649038 0.0765625 0.00291252
57 0.434946 0.287891 0.149339 0.0882813 0.00290108
45 0.786058 0.671484 0.15625 0.071875 0.00290108
74 0.955529 0.0594238 0.0504808 0.0338867 0.00287819
49 0.362981 0.232227 0.0396635 0.0332031 0.0028553
56 0.361178 0.545313 0.0384615 0.152344 0.00284576
60 0.765625 0.291406 0.211538 0.128906 0.00282288
47 0.450721 0.233008 0.0528846 0.0351562 0.00281143
42 0.807692 0.735547 0.110577 0.0742188 0.00281143
60 0.730769 0.24458 0.444712 0.174121 0.00279999
42 0.262019 0.709375 0.0685096 0.0265625 0.00279045
40 0.651442 0.12959 0.03125 0.0822266 0.00277901
75 0.359675 0.231836 0.0432692 0.0347656 0.00276756
56 0.754808 0.312891 0.103365 0.114844 0.00276756
42 0.242788 0.710156 0.0673077 0.0265625 0.00276756
43 0.245192 0.721875 0.0913462 0.0546875 0.00276756
44 0.772837 0.633203 0.129808 0.0226563 0.00275803
40 0.932692 0.162695 0.03125 0.0414063 0.00274658
55 0.78726 0.658594 0.165865 0.0578125 0.00273705
44 0.701923 0.667969 0.09375 0.0859375 0.00271416
44 0.450721 0.233008 0.0528846 0.0351562 0.00270462
60 0.0528846 0.558594 0.103365 0.34375 0.0026722
39 0.450721 0.233008 0.0528846 0.0351562 0.00261116
42 0.658053 0.564453 0.0504808 0.0632813 0.00261116
43 0.664663 0.619922 0.0697115 0.101562 0.00261116
56 0.516977 0.414062 0.966046 0.514063 0.00261116
42 0.924279 0.692187 0.151442 0.0578125 0.00260162
60 0.605919 0.275 0.583834 0.186719 0.00260162
60 0.799279 0.510156 0.126202 0.245312 0.00260162
60 0.397987 0.645312 0.386719 0.10625 0.00259018
56 0.0612981 0.523438 0.116587 0.390625 0.00259018
0 0.399038 0.15896 0.223558 0.184424 0.00257111
56 0.0435697 0.545313 0.0793269 0.357812 0.00257111
60 0.430889 0.697656 0.450721 0.13125 0.00257111
56 0.149639 0.873438 0.220553 0.242188 0.00256157
26 0.652644 0.621094 0.0985577 0.103125 0.00254059
53 0.59375 0.754687 0.384615 0.154688 0.00254059
41 0.855769 0.171777 0.0504808 0.0306641 0.00253105
56 0.719952 0.564063 0.0769231 0.121875 0.00252151
56 0.0205829 0.439844 0.0405649 0.0984375 0.00250244
69 0.397987 0.645312 0.386719 0.10625 0.0024929
39 0.106445 0.948438 0.204177 0.1 0.0024929
40 0.0104417 0.336328 0.0208834 0.0617188 0.00242424
39 0.712139 0.140039 0.0661058 0.0941406 0.0024147
55 0.652644 0.758594 0.211538 0.1125 0.002388
44 0.262019 0.709375 0.0685096 0.0265625 0.00237846
41 0.227764 0.776563 0.0697115 0.0421875 0.00237846
26 0.100361 0.516016 0.18149 0.302344 0.00237846
60 0.44351 0.667578 0.432692 0.0796875 0.00237846
56 0.504808 0.494629 0.990385 0.35918 0.00237846
0 0.84976 0.167187 0.0516827 0.0386719 0.00235939
43 0.653245 0.55 0.0384615 0.0375 0.00235939
56 0.991587 0.633203 0.0168269 0.103125 0.00235939
0 0.909856 0.419531 0.177885 0.530469 0.884277
0 0.197716 0.402246 0.377404 0.69082 0.87207
0 0.582782 0.367969 0.473858 0.56875 0.867676
55 0.67488 0.785156 0.61899 0.221875 0.825684
60 0.53125 0.80625 0.9375 0.370313 0.798828
43 0.659255 0.635156 0.106971 0.134375 0.70752
56 0.40009 0.648047 0.384916 0.111719 0.705566
41 0.240986 0.761719 0.111779 0.090625 0.686035
45 0.785457 0.660937 0.165865 0.0632813 0.544922
56 0.10607 0.948438 0.209135 0.103125 0.230957
55 0.635817 0.770312 0.492788 0.189063 0.213379
43 0.652644 0.621094 0.0985577 0.102344 0.180054
43 0.680889 0.638281 0.137019 0.139063 0.115967
55 0.58774 0.762891 0.377404 0.172656 0.113586
39 0.848558 0.3125 0.0793269 0.126563 0.112793
56 0.798077 0.511719 0.125 0.235938 0.108948
60 0.778846 0.277539 0.305288 0.187109 0.0957031
44 0.676683 0.639453 0.127404 0.132812 0.0803833
43 0.682692 0.649219 0.0961538 0.111719 0.0747681
39 0.932091 0.168359 0.0372596 0.0414063 0.0656128
75 0.710938 0.168359 0.0612981 0.0398437 0.0549927
56 0.846755 0.313672 0.0793269 0.132031 0.0490417
56 0.719952 0.580469 0.0600962 0.120313 0.0469055
60 0.778245 0.215625 0.304087 0.0617188 0.0467224
56 0.403696 0.157715 0.216647 0.186133 0.0413208
43 0.707933 0.640625 0.182692 0.145313 0.0413208
41 0.786058 0.663281 0.165865 0.0671875 0.0413208
43 0.649038 0.64375 0.0528846 0.0648438 0.0408325
40 0.80649 0.0506348 0.03125 0.0268555 0.0405273
41 0.710938 0.168359 0.0612981 0.0398437 0.0391846
45 0.762019 0.660937 0.213942 0.0703125 0.0348816
56 0.757212 0.305273 0.161058 0.121094 0.0323486
43 0.63762 0.639063 0.0576923 0.0734375 0.0297546
42 0.674279 0.639063 0.129808 0.130469 0.0266571
44 0.6875 0.660547 0.0985577 0.0945313 0.0262604
43 0.641827 0.610938 0.137019 0.10625 0.0262604
41 0.23738 0.760156 0.0925481 0.0765625 0.0248871
56 0.170072 0.948438 0.328125 0.1 0.0245209
43 0.661058 0.634375 0.0841346 0.0984375 0.0233307
44 0.707933 0.640625 0.182692 0.145313 0.0219421
41 0.847356 0.312891 0.0769231 0.119531 0.0207977
56 0.199444 0.904688 0.253756 0.185938 0.02034
44 0.679688 0.649219 0.0901442 0.109375 0.0191193
0 0.454327 0.208789 0.0745192 0.0875 0.0189056
0 0.926082 0.260938 0.147837 0.209375 0.018158
39 0.359675 0.231641 0.0432692 0.034375 0.0178528
57 0.491737 0.386328 0.927584 0.65625 0.0178528
45 0.786058 0.653125 0.161058 0.0453125 0.0171814
42 0.657452 0.622656 0.100962 0.107813 0.016922
56 0.430439 0.287891 0.141526 0.0875 0.0167847
44 0.25601 0.71875 0.0769231 0.0421875 0.0167847
44 0.248197 0.708594 0.0492788 0.0234375 0.0166626
56 0.746995 0.325391 0.186298 0.150781 0.0165863
44 0.711538 0.167578 0.0625 0.040625 0.0162811
42 0.649038 0.64375 0.0528846 0.0648438 0.0155411
56 0.0540865 0.563281 0.102764 0.3375 0.0150757
43 0.670673 0.649219 0.0829327 0.0953125 0.0147324
49 0.450721 0.232813 0.0552885 0.034375 0.0141144
42 0.682692 0.649219 0.0961538 0.111719 0.0141144
43 0.248197 0.708594 0.0492788 0.0234375 0.0140076
40 0.847356 0.165723 0.0456731 0.0408203 0.0138474
39 0.84976 0.167383 0.0504808 0.0378906 0.0136337
39 0.939904 0.168359 0.0552885 0.04375 0.0134277
57 0.53125 0.155762 0.701923 0.199414 0.0131683
56 0.164663 0.895312 0.197716 0.196875 0.0130692
40 0.799279 0.160449 0.03125 0.0369141 0.0130234
56 0.743389 0.516406 0.234375 0.24375 0.0128708
40 0.90625 0.133691 0.0408654 0.0658203 0.0127258
75 0.852163 0.166406 0.0576923 0.0414063 0.0126724
42 0.676082 0.657031 0.078125 0.0875 0.0125732
46 0.71274 0.119727 0.0625 0.0466797 0.0122375
56 0.730769 0.578125 0.0432692 0.115625 0.0122375
40 0.932091 0.135742 0.0444712 0.0820312 0.0118256
56 0.414063 0.248047 0.106971 0.0125 0.0116882
74 0.71274 0.119727 0.0625 0.0457031 0.0112915
45 0.772236 0.673438 0.195913 0.0914062 0.0112
43 0.516226 0.582812 0.151442 0.0234375 0.011116
46 0.450721 0.233008 0.0528846 0.0347656 0.0110703
56 0.541466 0.419531 0.578125 0.446875 0.0110703
44 0.652644 0.621094 0.0985577 0.102344 0.0110321
40 0.754808 0.160254 0.0336538 0.0365234 0.0105286
45 0.240385 0.761719 0.111779 0.090625 0.0104904
75 0.932091 0.168359 0.0372596 0.0414063 0.0103302
42 0.248197 0.708594 0.0492788 0.0234375 0.0103302
56 0.694712 0.582812 0.108173 0.125 0.0102463
39 0.859976 0.308203 0.0540865 0.103906 0.0101318
40 0.711538 0.167578 0.0625 0.040625 0.00985718
42 0.707933 0.640625 0.182692 0.145313 0.00981903
56 0.766827 0.286719 0.239183 0.185156 0.00971222
40 0.910457 0.129102 0.03125 0.0595703 0.00955963
40 0.804087 0.0586914 0.0432692 0.0396484 0.00952148
44 0.245493 0.721875 0.0901442 0.053125 0.00948334
40 0.856971 0.164551 0.0673077 0.0435547 0.00937653
43 0.667067 0.554297 0.0600962 0.0304688 0.00937653
32 0.71274 0.119434 0.0637019 0.0455078 0.00926971
39 0.49399 0.231641 0.0480769 0.0367188 0.00926971
41 0.360577 0.231641 0.0420673 0.034375 0.00919342
40 0.798077 0.162695 0.0396635 0.0421875 0.0091629
40 0.858173 0.142773 0.0673077 0.0855469 0.00908661
0 0.971755 0.317578 0.0552885 0.0535156 0.00905609
45 0.710938 0.168359 0.0612981 0.0398437 0.00898743
41 0.859976 0.308203 0.0540865 0.103906 0.00874329
53 0.67488 0.785156 0.617788 0.21875 0.00871277
40 0.935096 0.168457 0.0444712 0.0431641 0.00867462
57 0.402494 0.157617 0.216647 0.185547 0.0086441
57 0.540865 0.292188 0.75 0.471875 0.00861359
40 0.805288 0.138574 0.0408654 0.0853516 0.00844574
41 0.820913 0.749609 0.0673077 0.04375 0.00841522
43 0.643029 0.601953 0.110577 0.136719 0.008255
40 0.936298 0.127344 0.0336538 0.0628906 0.00793457
56 0.460938 0.519141 0.772837 0.2625 0.0078125
56 0.567308 0.310156 0.5 0.132812 0.00775528
40 0.908654 0.143164 0.0769231 0.0863281 0.00751877
67 0.240986 0.761719 0.111779 0.090625 0.00740433
40 0.859976 0.120898 0.0600962 0.0402344 0.00734711
40 0.78125 0.162109 0.03125 0.0421875 0.00731659
41 0.814904 0.737891 0.09375 0.0679687 0.00728989
41 0.805288 0.0511719 0.0360577 0.0257812 0.00725937
60 0.434495 0.2875 0.15024 0.0882813 0.00725937
27 0.261418 0.255469 0.0769231 0.0640625 0.00714874
56 0.225886 0.88125 0.301833 0.234375 0.00714874
43 0.644231 0.591016 0.0625 0.11875 0.00712204
56 0.051232 0.605469 0.0988582 0.246875 0.00712204
75 0.859375 0.120703 0.0576923 0.0417969 0.00709534
43 0.924279 0.692187 0.151442 0.0578125 0.00709534
55 0.826923 0.752734 0.0817308 0.0523438 0.00677109
43 0.690505 0.553125 0.11899 0.0421875 0.0064888
0 0.920072 0.341992 0.159856 0.369922 0.00641251
40 0.898438 0.122949 0.0336538 0.0470703 0.00638962
43 0.644832 0.603125 0.0709135 0.084375 0.00638962
39 0.798077 0.162695 0.0396635 0.0421875 0.00626373
46 0.361478 0.232422 0.0402644 0.0335938 0.00626373
44 0.649038 0.64375 0.0528846 0.0648438 0.00624084
42 0.25601 0.71875 0.0769231 0.0421875 0.00621796
43 0.664663 0.589844 0.0673077 0.1 0.00619125
57 0.346755 0.152441 0.328125 0.195898 0.00619125
0 0.360577 0.231641 0.0420673 0.034375 0.00598145
39 0.710938 0.168359 0.0612981 0.0398437 0.00595856
43 0.659856 0.563281 0.0528846 0.0609375 0.00588989
74 0.860577 0.121289 0.0600962 0.0394531 0.00579834
56 0.738582 0.311719 0.129808 0.117188 0.00579834
41 0.799279 0.160449 0.03125 0.0369141 0.00572968
69 0.0525841 0.60625 0.101563 0.245312 0.00572968
0 0.461538 0.409473 0.903846 0.687305 0.00570679
55 0.820913 0.749609 0.0673077 0.04375 0.0055542
58 0.0192308 0.279687 0.0360577 0.177344 0.00547028
40 0.360577 0.231641 0.0420673 0.034375 0.00534439
42 0.63762 0.639063 0.0576923 0.0734375 0.00534439
0 0.356971 0.230469 0.0528846 0.0398437 0.00530243
56 0.054387 0.602344 0.10637 0.482812 0.00530243
41 0.971755 0.317578 0.0552885 0.0535156 0.00524139
56 0.109675 0.910937 0.214543 0.16875 0.00518036
39 0.861178 0.169727 0.0408654 0.0328125 0.00516129
56 0.734976 0.523828 0.155048 0.235156 0.00510025
39 0.799279 0.160449 0.03125 0.0369141 0.0050621
40 0.861178 0.169727 0.0408654 0.0328125 0.00502014
41 0.939904 0.168359 0.0552885 0.04375 0.00500107
56 0.361178 0.232422 0.0450721 0.0347656 0.00488663
73 0.105093 0.948438 0.206881 0.1 0.00486755
56 0.346755 0.152441 0.328125 0.195898 0.00484848
40 0.711538 0.140137 0.0649038 0.0939453 0.00481033
41 0.356971 0.230469 0.0528846 0.0398437 0.00479126
44 0.71274 0.140234 0.0661058 0.0917969 0.00475693
13 0.10607 0.948438 0.209135 0.103125 0.00475693
56 0.272236 0.872656 0.405048 0.251563 0.00471878
43 0.691106 0.579688 0.110577 0.11875 0.00468063
0 0.456731 0.163062 0.0985577 0.177783 0.00468063
47 0.71274 0.119727 0.0625 0.0457031 0.00462723
45 0.78726 0.646875 0.158654 0.0304688 0.00462723
57 0.652644 0.412109 0.507212 0.471094 0.00457382
44 0.63762 0.639063 0.0576923 0.0734375 0.00452042
0 0.452524 0.232031 0.0625 0.0375 0.00450516
56 0.652644 0.621094 0.0985577 0.102344 0.00450516
55 0.684495 0.778125 0.143029 0.075 0.00441742
63 0.397236 0.645312 0.385817 0.10625 0.00441742
44 0.361478 0.232422 0.0402644 0.0335938 0.00438309
56 0.758413 0.378125 0.201923 0.260938 0.00436401
40 0.788462 0.162988 0.0528846 0.0431641 0.00434875
40 0.765625 0.138281 0.0576923 0.0886719 0.00429916
39 0.454327 0.205859 0.0721154 0.0871094 0.00429916
40 0.79988 0.156055 0.0276442 0.0292969 0.00428009
0 0.770433 0.277734 0.262019 0.191406 0.00426483
57 0.766827 0.286719 0.239183 0.185156 0.00424957
60 0.824519 0.675 0.346154 0.096875 0.0042305
60 0.784856 0.205273 0.317308 0.0878906 0.00421524
40 0.889423 0.142383 0.0600962 0.0875 0.00416565
43 0.25601 0.71875 0.0769231 0.0421875 0.00416565
39 0.859976 0.120898 0.0600962 0.0402344 0.00413513
0 0.846154 0.312891 0.0769231 0.130469 0.00408554
40 0.804087 0.117969 0.0264423 0.0414063 0.00407028
40 0.896635 0.109473 0.0216346 0.0193359 0.00403976
25 0.778846 0.277539 0.305288 0.187109 0.00400543
41 0.49399 0.231641 0.0480769 0.0367188 0.00399017
56 0.661058 0.578516 0.192308 0.128906 0.0039444
56 0.0249399 0.439063 0.0486779 0.129688 0.00392914
41 0.71274 0.120605 0.0625 0.0466797 0.00387001
56 0.0483774 0.864062 0.094351 0.1 0.00385475
40 0.725361 0.163672 0.0528846 0.0429688 0.00383949
0 0.858173 0.142773 0.0673077 0.0855469 0.00382423
75 0.939904 0.168359 0.0552885 0.04375 0.00380898
43 0.242788 0.710156 0.0673077 0.0265625 0.00378036
42 0.644231 0.591016 0.0625 0.11875 0.00376511
0 0.749399 0.417188 0.282452 0.501563 0.00376511
74 0.711538 0.167383 0.0625 0.0410156 0.0037365
56 0.0739183 0.534473 0.13101 0.341992 0.0037365
0 0.711538 0.143359 0.0649038 0.0957031 0.00372124
76 0.665865 0.637109 0.117788 0.132031 0.00372124
40 0.772837 0.146289 0.0456731 0.0738281 0.00370789
40 0.774038 0.0583984 0.0408654 0.0365234 0.00369263
40 0.859976 0.308203 0.0540865 0.103906 0.00369263
14 0.71274 0.119727 0.0625 0.0466797 0.0036068
45 0.71274 0.119727 0.0625 0.0457031 0.00358009
43 0.26262 0.709375 0.0673077 0.0265625 0.00358009
0 0.465144 0.190039 0.0985577 0.121094 0.00358009
41 0.210938 0.763281 0.171875 0.101562 0.00356483
56 0.652644 0.412109 0.507212 0.471094 0.00356483
41 0.857572 0.120508 0.0540865 0.0410156 0.00351143
40 0.888221 0.160449 0.0480769 0.0505859 0.00351143
43 0.695913 0.663281 0.0793269 0.0867188 0.00351143
56 0.53125 0.155762 0.701923 0.199414 0.00348282
56 0.491737 0.386328 0.927584 0.65625 0.00348282
26 0.847356 0.313281 0.0769231 0.124219 0.00346947
74 0.955529 0.059375 0.0504808 0.0337891 0.00345612
55 0.581731 0.468066 0.298077 0.21543 0.00345612
43 0.575721 0.594141 0.257212 0.075 0.00342941
25 0.777644 0.215234 0.305288 0.0625 0.00335121
42 0.245493 0.721875 0.0901442 0.053125 0.00332451
43 0.657452 0.608594 0.0733173 0.0921875 0.00329781
26 0.665865 0.637109 0.117788 0.132031 0.00329781
56 0.749399 0.417188 0.282452 0.501563 0.00329781
41 0.932091 0.168359 0.0372596 0.0414063 0.00324821
45 0.784856 0.6875 0.153846 0.0445313 0.00323486
42 0.26262 0.709375 0.0673077 0.0265625 0.00317192
60 0.740986 0.245312 0.426683 0.150781 0.00316048
67 0.652644 0.621094 0.0985577 0.102344 0.00313568
0 0.847356 0.165723 0.0456731 0.0408203 0.00312424
41 0.826923 0.752734 0.0817308 0.0523438 0.00312424
75 0.847356 0.312305 0.0769231 0.126172 0.003088
43 0.635817 0.592969 0.0625 0.0742188 0.003088
43 0.245493 0.721875 0.0901442 0.053125 0.003088
41 0.856971 0.171973 0.0480769 0.0298828 0.00307465
56 0.819111 0.419141 0.0324519 0.0492188 0.00307465
42 0.242788 0.710156 0.0673077 0.0265625 0.00307465
40 0.810096 0.125391 0.0384615 0.0601563 0.00304031
75 0.856971 0.171973 0.0480769 0.0298828 0.00302696
42 0.820913 0.748438 0.0793269 0.046875 0.00302696
60 0.801683 0.311328 0.175481 0.14375 0.00302696
41 0.798077 0.162695 0.0396635 0.0421875 0.00301552
39 0.450721 0.233008 0.0528846 0.0347656 0.0029583
43 0.648438 0.547656 0.0288462 0.0265625 0.0029583
13 0.401442 0.646484 0.387019 0.113281 0.0029583
73 0.73137 0.135254 0.455529 0.113867 0.0029583
44 0.450721 0.233008 0.0528846 0.0347656 0.00293541
60 0.609375 0.275195 0.582933 0.186328 0.00288963
48 0.674129 0.785742 0.615685 0.219141 0.00288963
44 0.26262 0.709375 0.0673077 0.0265625 0.00286674
58 0.0192308 0.254297 0.0384615 0.125 0.0028553
42 0.658053 0.65625 0.0649038 0.075 0.0028553
47 0.450721 0.233008 0.0528846 0.0347656 0.00283432
44 0.701923 0.667969 0.09375 0.084375 0.00283432
0 0.932091 0.168359 0.0372596 0.0414063 0.00282288
75 0.359675 0.231641 0.0432692 0.034375 0.00282288
57 0.434495 0.2875 0.15024 0.0882813 0.00281143
0 0.857572 0.120508 0.0540865 0.0410156 0.00279999
40 0.758413 0.129102 0.0360577 0.0726563 0.00279999
56 0.689303 0.531641 0.241587 0.217969 0.00279999
41 0.450721 0.233008 0.0528846 0.0347656 0.00277901
44 0.772837 0.633594 0.129808 0.021875 0.00276756
56 0.0210337 0.439063 0.0417668 0.104688 0.00275803
49 0.362981 0.232227 0.0390625 0.0328125 0.00274658
58 0.0219351 0.317969 0.0411659 0.249219 0.00273705
40 0.651442 0.128125 0.03125 0.0792969 0.0027256
47 0.972356 0.318359 0.0552885 0.0535156 0.0027256
41 0.845553 0.274609 0.0661058 0.0484375 0.00269318
40 0.932692 0.162109 0.03125 0.0402344 0.00268364
42 0.647837 0.614453 0.0865385 0.0976562 0.00268364
56 0.577524 0.500781 0.478365 0.29375 0.0026722
60 0.652644 0.412109 0.507212 0.471094 0.00266266
44 0.242788 0.710156 0.0673077 0.0265625 0.00265312
60 0.397236 0.645312 0.385817 0.10625 0.00265312
60 0.429087 0.697266 0.448317 0.130469 0.00265312
56 0.147761 0.87168 0.22491 0.244141 0.00263214
39 0.711538 0.140137 0.0649038 0.0939453 0.00261116
60 0.768029 0.292773 0.216346 0.126172 0.00261116
43 0.632212 0.601562 0.0721154 0.075 0.00261116
56 0.808894 0.349805 0.151442 0.203516 0.00260162
40 0.957933 0.0394043 0.0576923 0.0756836 0.00259018
40 0.754808 0.139844 0.0384615 0.0859375 0.00257111
14 0.711538 0.167578 0.0625 0.040625 0.00256157
42 0.924279 0.692187 0.151442 0.0578125 0.00254059
40 0.0103666 0.336133 0.0207332 0.0613281 0.00253105
42 0.659856 0.563281 0.0528846 0.0609375 0.00253105
57 0.489784 0.436719 0.719952 0.410938 0.00253105
0 0.757212 0.305273 0.161058 0.121094 0.00252151
39 0.242488 0.760938 0.108774 0.0875 0.00252151
41 0.444712 0.188623 0.0528846 0.0461914 0.00251198
0 0.400841 0.158423 0.213942 0.184717 0.00251198
55 0.78726 0.658594 0.165865 0.0570313 0.00250244
45 0.785457 0.671094 0.155048 0.071875 0.00250244
42 0.808894 0.735156 0.110577 0.0734375 0.0024929
0 0.909856 0.419434 0.180288 0.533008 0.890625
0 0.198017 0.404297 0.378005 0.694531 0.878906
0 0.582933 0.366797 0.47476 0.567969 0.870117
55 0.673678 0.785937 0.621394 0.221875 0.831055
60 0.530799 0.806055 0.938401 0.369141 0.79834
43 0.659856 0.635938 0.110577 0.132812 0.716797
56 0.399639 0.648047 0.384615 0.111719 0.702637
41 0.240986 0.761719 0.111779 0.090625 0.665527
45 0.786058 0.661719 0.165865 0.0640625 0.607422
56 0.10637 0.948438 0.209736 0.103125 0.230957
55 0.632212 0.770312 0.485577 0.189063 0.190674
43 0.653245 0.621484 0.0997596 0.101562 0.177856
43 0.679688 0.638281 0.134615 0.139063 0.140381
44 0.676683 0.639844 0.127404 0.132031 0.108215
39 0.848558 0.312891 0.0793269 0.127344 0.102295
56 0.798077 0.511328 0.125 0.236719 0.0875854
55 0.594351 0.754297 0.388221 0.152344 0.0726318
60 0.778846 0.277734 0.302885 0.186719 0.0715942
39 0.932091 0.168262 0.0372596 0.0412109 0.0703125
43 0.682692 0.649219 0.0961538 0.110937 0.0675659
41 0.785457 0.663672 0.167067 0.0679687 0.0605164
75 0.710938 0.168164 0.0612981 0.0398437 0.0574951
56 0.847356 0.314063 0.0793269 0.133594 0.0490417
40 0.807091 0.0505859 0.03125 0.0265625 0.0414734
41 0.710938 0.168164 0.0612981 0.0398437 0.0377502
56 0.403245 0.157617 0.217548 0.186328 0.037323
60 0.778846 0.21582 0.302885 0.0617188 0.0368958
56 0.719952 0.580469 0.0600962 0.120313 0.0367737
43 0.648438 0.64375 0.0516827 0.0640625 0.0362244
42 0.674279 0.639063 0.129808 0.129688 0.0324707
56 0.757212 0.305469 0.159856 0.121094 0.0317383
44 0.686899 0.660547 0.0985577 0.09375 0.0296478
44 0.699519 0.639844 0.165865 0.14375 0.0273743
43 0.645433 0.620703 0.139423 0.108594 0.0264587
43 0.638221 0.639063 0.0576923 0.0734375 0.0259552
43 0.661058 0.635156 0.0865385 0.1 0.0233307
44 0.679087 0.649219 0.0889423 0.109375 0.0229797
41 0.23768 0.760156 0.0925481 0.0765625 0.0210419
44 0.25601 0.717969 0.0757212 0.040625 0.0198669
0 0.454327 0.208594 0.0745192 0.0875 0.0197601
39 0.359976 0.231641 0.0432692 0.034375 0.0197144
42 0.658053 0.624219 0.104567 0.107813 0.0193481
44 0.247596 0.708594 0.0492788 0.0234375 0.0191193
41 0.847356 0.312891 0.0769231 0.119531 0.0179901
56 0.169171 0.948438 0.325721 0.0984375 0.0176392
56 0.736779 0.303516 0.15625 0.108594 0.0172424
45 0.786058 0.652344 0.161058 0.0421875 0.0165863
39 0.84976 0.167187 0.0504808 0.0382813 0.0163422
56 0.197416 0.903906 0.254207 0.1875 0.0163422
0 0.925481 0.259766 0.149038 0.207813 0.0162811
44 0.711538 0.167578 0.0625 0.040625 0.0158997
49 0.450721 0.232813 0.0540865 0.0339844 0.0154266
56 0.433293 0.2875 0.146635 0.0867188 0.0147324
56 0.747596 0.325391 0.1875 0.15 0.0146179
39 0.939904 0.168164 0.0552885 0.04375 0.014389
46 0.713341 0.119727 0.0625 0.0464844 0.0141754
44 0.653245 0.621484 0.0997596 0.101562 0.0141754
42 0.648438 0.64375 0.0516827 0.0640625 0.0138474
40 0.799279 0.159961 0.0300481 0.0359375 0.0137939
43 0.247596 0.708594 0.0492788 0.0234375 0.0136871
40 0.847356 0.165625 0.0456731 0.040625 0.013588
74 0.71274 0.119922 0.0625 0.0453125 0.0128708
56 0.0540865 0.557813 0.103365 0.347656 0.0126266
43 0.671274 0.649609 0.0841346 0.0960938 0.0125732
42 0.675481 0.657031 0.078125 0.0875 0.0125275
40 0.905048 0.13291 0.0384615 0.0642578 0.0124817
42 0.682692 0.649219 0.0961538 0.110937 0.0124283
75 0.852163 0.166309 0.0576923 0.0412109 0.0123367
57 0.495192 0.392969 0.903846 0.667969 0.0123367
57 0.476563 0.156543 0.590144 0.199414 0.0122375
40 0.754808 0.159863 0.03125 0.0357422 0.0121002
46 0.450721 0.233203 0.0528846 0.034375 0.0116425
53 0.674429 0.785937 0.619892 0.21875 0.011467
44 0.245793 0.721094 0.0889423 0.0515625 0.0112915
42 0.247596 0.708594 0.0492788 0.0234375 0.0109482
56 0.164663 0.890625 0.200721 0.20625 0.0108185
42 0.699519 0.639844 0.165865 0.14375 0.0107803
32 0.71274 0.119336 0.0625 0.0453125 0.0106125
56 0.770433 0.284961 0.245192 0.192578 0.0104523
39 0.859375 0.308789 0.0528846 0.105078 0.0103683
39 0.49399 0.231641 0.046875 0.0367188 0.01017
56 0.413462 0.248047 0.105769 0.0125 0.01017
41 0.360577 0.231641 0.0420673 0.034375 0.00997162
40 0.711538 0.167578 0.0625 0.040625 0.00993347
40 0.93149 0.135645 0.0456731 0.0822266 0.00985718
56 0.730769 0.578125 0.0432692 0.115625 0.00978088
40 0.798077 0.162695 0.0384615 0.0421875 0.00955963
75 0.932091 0.168262 0.0372596 0.0412109 0.00952148
40 0.804087 0.0586914 0.0432692 0.0398437 0.00933838
40 0.85637 0.164844 0.0649038 0.0429688 0.00933838
45 0.240385 0.7625 0.112981 0.090625 0.00933838
0 0.971755 0.317383 0.0552885 0.053125 0.00926971
27 0.261118 0.255469 0.077524 0.0632813 0.00923157
56 0.178185 0.925 0.282452 0.146875 0.00919342
56 0.742788 0.516016 0.233173 0.245312 0.00912476
40 0.910457 0.128418 0.0288462 0.0583984 0.00901794
56 0.694712 0.582812 0.108173 0.125 0.00847626
40 0.805288 0.137988 0.0408654 0.0841797 0.00831604
45 0.710938 0.168164 0.0612981 0.0398437 0.00831604
57 0.527043 0.306055 0.719952 0.497266 0.008255
40 0.858774 0.142676 0.0673077 0.0853516 0.00809479
75 0.859375 0.120605 0.0576923 0.0414063 0.00806427
41 0.859375 0.308789 0.0528846 0.105078 0.00806427
57 0.571064 0.171094 0.788161 0.230469 0.00803375
40 0.935096 0.168359 0.0432692 0.0429688 0.00800323
56 0.0525841 0.605469 0.101563 0.246875 0.00800323
41 0.805288 0.0510742 0.0360577 0.0253906 0.00766754
41 0.820913 0.749609 0.0685096 0.04375 0.00763702
67 0.240986 0.761719 0.111779 0.090625 0.00754929
74 0.860577 0.121191 0.0588942 0.0392578 0.00751877
40 0.859976 0.120801 0.0600962 0.0398437 0.00748825
40 0.78125 0.162109 0.03125 0.0421875 0.00737381
40 0.908654 0.142969 0.0721154 0.0863281 0.00723267
57 0.402043 0.157593 0.217548 0.185596 0.00720596
56 0.564303 0.309375 0.508413 0.135937 0.00717545
60 0.434495 0.2875 0.15024 0.0882813 0.00714874
0 0.459736 0.414062 0.902644 0.697656 0.00712204
40 0.755409 0.163184 0.0384615 0.0419922 0.00703812
44 0.648438 0.64375 0.0516827 0.0640625 0.00701141
43 0.667067 0.554688 0.0600962 0.0296875 0.0069313
40 0.936899 0.127051 0.0324519 0.0625 0.0068779
43 0.515625 0.582812 0.153846 0.0226563 0.0068779
43 0.643029 0.603125 0.115385 0.1375 0.0068779
40 0.897837 0.121777 0.0336538 0.0449219 0.0068512
39 0.710938 0.168164 0.0612981 0.0398437 0.00682449
39 0.798077 0.162695 0.0384615 0.0421875 0.00674438
41 0.814904 0.738281 0.09375 0.0671875 0.00674438
41 0.799279 0.159961 0.0300481 0.0359375 0.00661469
69 0.0525841 0.605469 0.101563 0.246875 0.00658798
42 0.25601 0.717969 0.0757212 0.040625 0.00651169
39 0.861779 0.169727 0.0396635 0.0324219 0.00631332
46 0.361478 0.232031 0.0402644 0.0332031 0.00621796
0 0.360577 0.231641 0.0420673 0.034375 0.00614548
40 0.360577 0.231641 0.0420673 0.034375 0.00602722
0 0.920072 0.332813 0.159856 0.353125 0.00593567
55 0.828125 0.752734 0.0841346 0.0523438 0.00584412
39 0.799279 0.159961 0.0300481 0.0359375 0.00582123
56 0.547476 0.397656 0.563702 0.494531 0.00568771
40 0.861779 0.169727 0.0396635 0.0324219 0.00559998
0 0.356971 0.230469 0.0528846 0.0394531 0.0055542
57 0.347055 0.152637 0.328726 0.195117 0.00542831
56 0.227163 0.878906 0.304688 0.2375 0.00534439
41 0.971755 0.317383 0.0552885 0.053125 0.0053215
43 0.644832 0.603125 0.0721154 0.084375 0.00527954
56 0.360877 0.232031 0.0456731 0.0347656 0.00526047
41 0.49399 0.231641 0.046875 0.0367188 0.0051384
43 0.644231 0.591406 0.0649038 0.120313 0.0051384
41 0.939904 0.168164 0.0552885 0.04375 0.00511932
44 0.638221 0.639063 0.0576923 0.0734375 0.00508118
41 0.356971 0.230469 0.0528846 0.0394531 0.00502014
56 0.347055 0.152637 0.328726 0.195117 0.00502014
42 0.638221 0.639063 0.0576923 0.0734375 0.00498199
0 0.772236 0.27832 0.266827 0.192578 0.00481033
47 0.71274 0.119922 0.0625 0.0453125 0.00469971
39 0.859976 0.120801 0.0600962 0.0398437 0.00468063
0 0.452524 0.232031 0.0625 0.0375 0.0045929
43 0.690505 0.553125 0.11899 0.0421875 0.00453949
56 0.467548 0.517188 0.764423 0.270313 0.00453949
40 0.711538 0.140039 0.0649038 0.09375 0.00452042
55 0.820913 0.749609 0.0685096 0.04375 0.00452042
56 0.748798 0.413379 0.3125 0.47168 0.00450516
40 0.787861 0.162891 0.0516827 0.0433594 0.00446701
45 0.788462 0.646094 0.158654 0.028125 0.00445175
43 0.924279 0.690625 0.151442 0.0609375 0.00445175
43 0.664062 0.589453 0.0661058 0.096875 0.00439835
0 0.457933 0.163672 0.0961538 0.176172 0.00439835
40 0.896635 0.10918 0.0216346 0.01875 0.00434875
56 0.0537861 0.614941 0.105168 0.510742 0.00432968
74 0.711538 0.167285 0.0600962 0.0408203 0.00431442
44 0.361478 0.232031 0.0402644 0.0332031 0.00431442
76 0.665865 0.6375 0.120192 0.13125 0.00431442
40 0.79988 0.154883 0.0264423 0.0267578 0.00429916
39 0.454327 0.205664 0.0721154 0.0871094 0.00429916
57 0.770433 0.284961 0.245192 0.192578 0.00428009
56 0.735577 0.523047 0.161058 0.236719 0.00428009
74 0.955529 0.0592773 0.0504808 0.0335938 0.0042305
44 0.71274 0.140039 0.0649038 0.0917969 0.0042305
0 0.858774 0.142676 0.0673077 0.0853516 0.0042305
56 0.476563 0.156543 0.590144 0.199414 0.0042305
0 0.711538 0.143457 0.0649038 0.0951172 0.00421524
13 0.105168 0.946875 0.206731 0.1 0.00421524
43 0.25601 0.717969 0.0757212 0.040625 0.00419998
40 0.765625 0.137891 0.0576923 0.0886719 0.00415039
56 0.653245 0.621484 0.0997596 0.101562 0.00415039
0 0.847356 0.165625 0.0456731 0.040625 0.00413513
43 0.659856 0.564063 0.0552885 0.0625 0.00413513
56 0.480619 0.435547 0.747897 0.41875 0.00408554
40 0.803486 0.115625 0.0252404 0.0365234 0.00405502
40 0.725962 0.163477 0.0504808 0.0429688 0.00405502
60 0.819712 0.675 0.358173 0.0960938 0.00402451
41 0.71274 0.120508 0.0625 0.0464844 0.00400543
0 0.75601 0.417969 0.271635 0.503125 0.00400543
55 0.683894 0.778125 0.144231 0.075 0.00395966
40 0.772837 0.058252 0.0408654 0.0366211 0.00388527
0 0.846154 0.312891 0.0769231 0.132031 0.00380898
58 0.0190805 0.279297 0.0360577 0.177344 0.00379562
56 0.759014 0.362695 0.203125 0.230859 0.00379562
56 0.109375 0.910937 0.213942 0.16875 0.00379562
40 0.889423 0.142285 0.0552885 0.0873047 0.00374985
43 0.26262 0.709375 0.0673077 0.0265625 0.0037365
40 0.774038 0.147363 0.0432692 0.0716797 0.00372124
57 0.748798 0.413379 0.3125 0.47168 0.00369263
41 0.209736 0.764063 0.173678 0.101562 0.00367928
73 0.105243 0.947656 0.207782 0.1 0.00367928
56 0.495192 0.392969 0.903846 0.667969 0.00367928
41 0.856971 0.12041 0.0528846 0.040625 0.00365067
14 0.713341 0.119727 0.0625 0.0464844 0.00362206
40 0.888221 0.162207 0.0456731 0.0466797 0.0036068
43 0.242488 0.710156 0.0661058 0.0257812 0.00358009
56 0.776442 0.309766 0.290865 0.247656 0.00358009
45 0.71274 0.119922 0.0625 0.0453125 0.00353813
41 0.450721 0.233203 0.0528846 0.034375 0.00353813
25 0.778846 0.277734 0.302885 0.186719 0.00353813
56 0.0247897 0.438184 0.0483774 0.129883 0.00351143
42 0.245793 0.721094 0.0889423 0.0515625 0.00349617
0 0.465144 0.190576 0.0985577 0.119629 0.00349617
26 0.665865 0.6375 0.120192 0.13125 0.00348282
41 0.932091 0.168262 0.0372596 0.0412109 0.00345612
41 0.857572 0.171875 0.046875 0.0300781 0.00344276
56 0.0483774 0.864062 0.094351 0.101562 0.00342941
42 0.26262 0.709375 0.0673077 0.0265625 0.00338936
63 0.401442 0.646484 0.388221 0.113281 0.00336266
0 0.860577 0.121191 0.0588942 0.0392578 0.00333786
44 0.26262 0.709375 0.0673077 0.0265625 0.00333786
56 0.659856 0.576563 0.197115 0.132031 0.00333786
39 0.450721 0.233203 0.0528846 0.034375 0.00324821
41 0.798077 0.162695 0.0384615 0.0421875 0.00322342
43 0.655649 0.608984 0.0769231 0.090625 0.00322342
75 0.939904 0.168164 0.0552885 0.04375 0.00314713
44 0.661058 0.635156 0.0865385 0.1 0.00314713
25 0.778245 0.21543 0.304087 0.0621094 0.00314713
0 0.932091 0.168262 0.0372596 0.0412109 0.00313568
43 0.690505 0.579688 0.111779 0.119531 0.00313568
42 0.644231 0.591406 0.0649038 0.120313 0.00313568
49 0.362981 0.232031 0.0390625 0.0324219 0.003088
42 0.242488 0.710156 0.0661058 0.0257812 0.003088
43 0.245793 0.721094 0.0889423 0.0515625 0.00307465
40 0.810096 0.123438 0.0360577 0.05625 0.0030632
44 0.450721 0.233203 0.0528846 0.034375 0.0030632
40 0.859375 0.308789 0.0528846 0.105078 0.00305176
73 0.731971 0.135449 0.456731 0.113477 0.00302696
43 0.695312 0.663281 0.078125 0.0867188 0.00298119
41 0.444111 0.188281 0.0504808 0.0453125 0.00296974
40 0.757212 0.128516 0.0360577 0.0714844 0.00294685
56 0.754207 0.3125 0.105769 0.114844 0.00287819
14 0.711538 0.167578 0.0625 0.040625 0.00286674
75 0.359976 0.231641 0.0432692 0.034375 0.00286674
44 0.242488 0.710156 0.0661058 0.0257812 0.00286674
56 0.527043 0.306055 0.719952 0.497266 0.00286674
67 0.653245 0.621484 0.0997596 0.101562 0.00284576
0 0.398438 0.158496 0.22476 0.184961 0.00284576
56 0.0754207 0.534766 0.135216 0.345313 0.00284576
45 0.784856 0.687109 0.153846 0.0453125 0.00283432
47 0.450721 0.233203 0.0528846 0.034375 0.00282288
42 0.657452 0.65625 0.0649038 0.0757812 0.00281143
41 0.846154 0.267773 0.0625 0.0347656 0.00279999
47 0.971755 0.317578 0.0552885 0.0539063 0.00279999
41 0.828125 0.752734 0.0841346 0.0523438 0.00279999
44 0.701923 0.667969 0.0913462 0.0835937 0.00276756
75 0.861779 0.169727 0.0396635 0.0324219 0.00275803
69 0.0540865 0.557813 0.103365 0.347656 0.00275803
26 0.847356 0.313281 0.0769231 0.124219 0.00274658
39 0.711538 0.140039 0.0649038 0.09375 0.00265312
39 0.242488 0.760938 0.108774 0.0875 0.00264168
0 0.822716 0.417285 0.354567 0.513867 0.00264168
56 0.819712 0.419141 0.0336538 0.0492188 0.00263214
56 0.807692 0.341016 0.153846 0.186719 0.00263214
60 0.427734 0.696875 0.447416 0.129688 0.00263214
75 0.847356 0.3125 0.0769231 0.126563 0.00261116
60 0.731971 0.24292 0.447115 0.152441 0.00260162
40 0.932692 0.161719 0.03125 0.0394531 0.00256157
40 0.94351 0.16875 0.0612981 0.0429688 0.00256157
40 0.754808 0.142188 0.0360577 0.0792969 0.00255013
42 0.820913 0.748438 0.0817308 0.046875 0.00254059
40 0.760817 0.0529785 0.0408654 0.0458008 0.00253105
0 0.94351 0.16875 0.0612981 0.0429688 0.00253105
39 0.0103666 0.335938 0.0207332 0.0609375 0.00252151
48 0.674429 0.785937 0.619892 0.21875 0.00251198
40 0.651442 0.129297 0.0300481 0.0816406 0.0024929
26 0.399189 0.647266 0.389123 0.110156 0.00248146
47 0.362981 0.232031 0.0390625 0.0324219 0.00246239
75 0.450721 0.233203 0.0528846 0.034375 0.00246239
69 0.396635 0.644922 0.385817 0.10625 0.00246239
58 0.0190805 0.253906 0.0381611 0.124609 0.00244331
60 0.792668 0.311328 0.19351 0.146875 0.00242424
55 0.579327 0.466797 0.295673 0.214844 0.0024147
43 0.635817 0.592969 0.0625 0.075 0.00239754
42 0.647236 0.615625 0.0865385 0.0953125 0.00239754
56 0.685697 0.529688 0.25601 0.220313 0.002388
39 0.754808 0.159863 0.03125 0.0357422 0.00237846
60 0.605769 0.275195 0.578125 0.186328 0.00237846
40 0.0103666 0.335938 0.0207332 0.0609375 0.00236893
13 0.401442 0.646484 0.388221 0.113281 0.00236893
40 0.957933 0.0394043 0.0564904 0.0749023 0.00235939
57 0.434495 0.2875 0.15024 0.0882813 0.00234985
0 0.861779 0.169727 0.0396635 0.0324219 0.00233269
60 0.396635 0.644922 0.385817 0.10625 0.00232315
56 0.058143 0.488184 0.110877 0.461133 0.00232315
60 0.439904 0.66875 0.419471 0.078125 0.00229645
0 0.712139 0.166113 0.0637019 0.0412109 0.00226021
0 0.910457 0.41875 0.179087 0.532813 0.896484
0 0.197115 0.394141 0.375 0.677344 0.895508
0 0.583534 0.367578 0.475962 0.567969 0.877441
55 0.672025 0.786719 0.6247 0.220313 0.832031
60 0.530198 0.806055 0.939603 0.369141 0.809082
56 0.398438 0.647656 0.382212 0.109375 0.72168
43 0.661058 0.635938 0.110577 0.132812 0.680664
45 0.786058 0.6625 0.165865 0.065625 0.665527
41 0.241587 0.761719 0.111779 0.090625 0.640625
56 0.105243 0.948438 0.207782 0.1 0.248657
43 0.652644 0.621484 0.100962 0.100781 0.199341
55 0.624399 0.770312 0.472356 0.189063 0.153076
44 0.676683 0.640234 0.127404 0.130469 0.150024
41 0.786058 0.664062 0.165865 0.06875 0.0939941
39 0.848558 0.312695 0.078125 0.127734 0.0923462
56 0.798678 0.510938 0.125 0.2375 0.0778198
39 0.932091 0.168164 0.0372596 0.0410156 0.0766602
75 0.710938 0.168066 0.0612981 0.0400391 0.0670776
55 0.594952 0.753906 0.389423 0.151562 0.0643921
60 0.778846 0.277734 0.302885 0.186719 0.0639648
43 0.683293 0.65 0.0973558 0.109375 0.0614319
40 0.807091 0.0504395 0.03125 0.0264648 0.0470886
56 0.847356 0.313867 0.0793269 0.132422 0.0419312
41 0.710938 0.168066 0.0612981 0.0400391 0.0408325
44 0.686899 0.660547 0.0997596 0.0945313 0.0396423
56 0.719952 0.580469 0.0600962 0.11875 0.0377502
42 0.665865 0.6375 0.120192 0.129688 0.0370483
44 0.698918 0.639063 0.164663 0.142188 0.035553
44 0.679087 0.649219 0.0913462 0.109375 0.033844
43 0.698918 0.639063 0.164663 0.142188 0.033844
60 0.778846 0.215625 0.301683 0.0609375 0.0322266
43 0.647837 0.64375 0.0528846 0.065625 0.0321045
43 0.645433 0.621875 0.139423 0.10625 0.0289764
56 0.402494 0.157617 0.216647 0.185547 0.0274811
56 0.757212 0.305859 0.158654 0.121094 0.0272675
44 0.255409 0.71875 0.0757212 0.0414063 0.0265503
44 0.652644 0.621484 0.100962 0.100781 0.0253754
43 0.661058 0.635547 0.0889423 0.100781 0.0252686
0 0.454327 0.208398 0.0745192 0.0875 0.0248413
44 0.254808 0.708594 0.0516827 0.0234375 0.024231
43 0.63762 0.639063 0.0576923 0.0734375 0.0232391
44 0.711538 0.16748 0.0625 0.0404297 0.0216217
0 0.925481 0.25918 0.149038 0.206641 0.02034
42 0.658053 0.624219 0.104567 0.105469 0.0202484
39 0.84976 0.166895 0.0504808 0.0384766 0.0197144
39 0.359976 0.23125 0.0432692 0.0335938 0.0195618
49 0.450721 0.232813 0.0528846 0.0339844 0.0194244
39 0.939904 0.168066 0.0552885 0.0439453 0.0166626
46 0.713341 0.119531 0.0625 0.0466797 0.0162201
56 0.735577 0.303711 0.152644 0.108203 0.0162201
40 0.799279 0.159961 0.0288462 0.0363281 0.0161591
41 0.847356 0.3125 0.0769231 0.119531 0.0154877
45 0.786058 0.650781 0.161058 0.0390625 0.0154877
44 0.245793 0.721484 0.0889423 0.0515625 0.0154877
39 0.356971 0.230273 0.0528846 0.0394531 0.0151901
40 0.754808 0.159766 0.03125 0.0351562 0.0150757
74 0.71274 0.119727 0.0625 0.0453125 0.0150146
53 0.672025 0.786719 0.622296 0.217188 0.0149536
56 0.16857 0.948438 0.321514 0.0984375 0.0146179
56 0.746394 0.325781 0.188702 0.150781 0.0142822
40 0.847356 0.165527 0.0456731 0.0404297 0.0142288
75 0.852163 0.166113 0.0576923 0.0416016 0.0140076
42 0.647837 0.64375 0.0528846 0.065625 0.0137405
56 0.195237 0.903125 0.252554 0.1875 0.0136871
40 0.905048 0.131543 0.0372596 0.0615234 0.0136337
42 0.683293 0.65 0.0973558 0.109375 0.0131683
42 0.675481 0.656641 0.0769231 0.0875 0.0127716
27 0.260817 0.255273 0.078125 0.0636719 0.0123825
56 0.433293 0.2875 0.146635 0.0871094 0.0123825
46 0.450721 0.232813 0.0528846 0.034375 0.0119629
43 0.254808 0.708594 0.0516827 0.0234375 0.0119171
39 0.49399 0.231445 0.046875 0.0367188 0.0116425
42 0.247596 0.708203 0.0480769 0.0226563 0.0115051
75 0.932091 0.168164 0.0372596 0.0410156 0.0112
42 0.698918 0.639063 0.164663 0.142188 0.0110321
40 0.804087 0.0586914 0.0420673 0.0398437 0.0109863
43 0.671274 0.65 0.0853365 0.096875 0.0108566
56 0.0539363 0.560156 0.103065 0.340625 0.0107346
40 0.798077 0.1625 0.0384615 0.0421875 0.0105667
40 0.711538 0.16748 0.0625 0.0404297 0.0105286
39 0.859375 0.308789 0.0528846 0.105859 0.0103302
41 0.360577 0.23125 0.0420673 0.034375 0.0102463
0 0.971755 0.317383 0.0552885 0.053125 0.0100098
56 0.163987 0.886719 0.200871 0.214062 0.0100098
74 0.860577 0.121094 0.0588942 0.0390625 0.00989532
40 0.855769 0.165332 0.0637019 0.0419922 0.00978088
56 0.768029 0.284961 0.240385 0.191016 0.00963593
40 0.910457 0.127344 0.0264423 0.0560547 0.00959778
44 0.647837 0.64375 0.0528846 0.065625 0.00937653
56 0.412861 0.248047 0.104567 0.0121094 0.00933838
40 0.93149 0.135352 0.0456731 0.0816406 0.00930023
57 0.369591 0.157007 0.372596 0.198486 0.00926971
32 0.71274 0.119336 0.0625 0.0453125 0.00919342
56 0.729567 0.578906 0.046875 0.115625 0.0091629
0 0.460337 0.416504 0.90625 0.701367 0.0091629
75 0.859375 0.12041 0.0576923 0.0412109 0.0088501
41 0.805288 0.0509277 0.0360577 0.025293 0.00861359
40 0.804688 0.1375 0.0396635 0.0832031 0.00857544
40 0.78125 0.162109 0.0300481 0.0421875 0.00847626
45 0.710938 0.168066 0.0612981 0.0400391 0.00844574
40 0.75601 0.163086 0.0384615 0.0417969 0.00834656
40 0.939904 0.168066 0.0552885 0.0439453 0.00834656
40 0.897837 0.120996 0.0324519 0.0435547 0.00831604
56 0.745192 0.515625 0.225962 0.245312 0.00831604
45 0.240385 0.7625 0.111779 0.0921875 0.00806427
56 0.176082 0.929688 0.278846 0.134375 0.00800323
60 0.435096 0.287695 0.15024 0.0886719 0.00775528
41 0.236178 0.760938 0.0913462 0.0765625 0.00772476
39 0.86238 0.169727 0.0384615 0.0324219 0.00766754
40 0.859976 0.120605 0.0600962 0.0396484 0.00763702
40 0.908053 0.142773 0.0697115 0.0859375 0.00763702
41 0.799279 0.159961 0.0288462 0.0363281 0.00763702
56 0.694712 0.582812 0.106971 0.125 0.00763702
39 0.710938 0.168066 0.0612981 0.0400391 0.00754929
0 0.459736 0.178564 0.0901442 0.145996 0.00754929
56 0.565505 0.30918 0.50601 0.135547 0.00751877
39 0.798077 0.1625 0.0384615 0.0421875 0.00743103
40 0.858173 0.142578 0.0673077 0.0851563 0.00717545
56 0.15024 0.9125 0.220553 0.171875 0.00717545
0 0.360577 0.23125 0.0420673 0.034375 0.00714874
0 0.920072 0.322852 0.159856 0.335547 0.0069313
0 0.356971 0.230273 0.0528846 0.0394531 0.0069046
67 0.241587 0.761719 0.111779 0.090625 0.0068779
42 0.255409 0.71875 0.0757212 0.0414063 0.0068512
69 0.0525841 0.605078 0.100962 0.246875 0.00679779
40 0.936899 0.12666 0.0324519 0.0619141 0.00674438
46 0.361478 0.231836 0.0402644 0.0332031 0.00674438
44 0.63762 0.639063 0.0576923 0.0734375 0.00669098
41 0.859375 0.308789 0.0528846 0.105859 0.00664139
39 0.799279 0.159961 0.0288462 0.0363281 0.00656509
41 0.820913 0.748828 0.0697115 0.0429688 0.00621796
40 0.86238 0.169727 0.0384615 0.0324219 0.00619125
43 0.641226 0.603125 0.117788 0.1375 0.00612259
43 0.666466 0.555078 0.0576923 0.0289063 0.006073
41 0.939904 0.168066 0.0552885 0.0439453 0.00591278
56 0.360577 0.231641 0.0456731 0.0351562 0.00591278
41 0.49399 0.231445 0.046875 0.0367188 0.005867
41 0.971755 0.317383 0.0552885 0.053125 0.00577545
40 0.360577 0.23125 0.0420673 0.034375 0.00570679
44 0.661058 0.635547 0.0889423 0.100781 0.00564194
56 0.369591 0.157007 0.372596 0.198486 0.00540543
41 0.814303 0.737891 0.0949519 0.0671875 0.00538635
43 0.644231 0.603125 0.0733173 0.084375 0.00534439
57 0.464994 0.300781 0.586839 0.484375 0.00534439
57 0.495042 0.388184 0.863281 0.658008 0.00534439
74 0.711538 0.16709 0.0600962 0.0404297 0.00524139
0 0.451923 0.232031 0.0625 0.0371094 0.00521851
57 0.401292 0.15752 0.216647 0.184961 0.00521851
40 0.93149 0.166602 0.0360577 0.0433594 0.00519943
42 0.63762 0.639063 0.0576923 0.0734375 0.00516129
40 0.896635 0.108984 0.0216346 0.0183594 0.0051384
74 0.955529 0.0591797 0.0504808 0.0333984 0.00511932
40 0.78726 0.162695 0.0492788 0.0433594 0.00511932
0 0.847356 0.165527 0.0456731 0.0404297 0.0050621
13 0.105168 0.947656 0.206731 0.1 0.0050621
0 0.771635 0.278125 0.264423 0.192188 0.00502014
44 0.71274 0.139941 0.0649038 0.0916016 0.00494385
76 0.665865 0.6375 0.120192 0.129688 0.00486755
57 0.563702 0.18418 0.78125 0.255078 0.00486755
40 0.79988 0.154883 0.0264423 0.0265625 0.00484848
56 0.759014 0.413672 0.28726 0.471094 0.00479126
41 0.356971 0.230273 0.0528846 0.0394531 0.00471878
55 0.828125 0.753125 0.0853365 0.0515625 0.00471878
56 0.0509315 0.603906 0.0982572 0.248438 0.00471878
56 0.274038 0.871875 0.409856 0.253125 0.00471878
44 0.361478 0.231836 0.0402644 0.0332031 0.00468063
40 0.771635 0.058252 0.0408654 0.0368164 0.00466537
40 0.712139 0.139941 0.0649038 0.0935547 0.00460815
47 0.71274 0.119727 0.0625 0.0453125 0.0045929
56 0.054387 0.640527 0.106971 0.587695 0.0045929
39 0.859976 0.120605 0.0600962 0.0396484 0.00457382
40 0.765625 0.1375 0.0576923 0.0875 0.00455475
40 0.727163 0.163379 0.0456731 0.0423828 0.00455475
56 0.739784 0.522656 0.147837 0.2375 0.00450516
41 0.71274 0.12041 0.0625 0.0462891 0.00446701
39 0.453726 0.205469 0.0721154 0.0867188 0.00436401
43 0.644231 0.591406 0.0661058 0.120313 0.00434875
49 0.362981 0.231836 0.0396635 0.0324219 0.00426483
45 0.789663 0.645312 0.15625 0.0265625 0.00426483
40 0.774038 0.149023 0.0420673 0.0675781 0.00416565
56 0.652644 0.621484 0.100962 0.100781 0.00416565
40 0.803486 0.113965 0.0240385 0.0330078 0.00415039
44 0.659856 0.626563 0.108173 0.128125 0.00399017
0 0.858173 0.142578 0.0673077 0.0851563 0.00397491
56 0.482121 0.434766 0.744892 0.421875 0.00397491
14 0.713341 0.119531 0.0625 0.0466797 0.00395966
56 0.663462 0.576563 0.189904 0.13125 0.0039444
57 0.768029 0.284961 0.240385 0.191016 0.00392914
41 0.858173 0.17207 0.0456731 0.0292969 0.00387001
43 0.255409 0.71875 0.0757212 0.0414063 0.00385475
40 0.888221 0.16416 0.0432692 0.0427734 0.00383949
0 0.759615 0.417969 0.274038 0.503125 0.00383949
0 0.860577 0.121094 0.0588942 0.0390625 0.00382423
42 0.245793 0.721484 0.0889423 0.0515625 0.00380898
40 0.889423 0.142188 0.0528846 0.0871094 0.00376511
41 0.450721 0.232813 0.0528846 0.034375 0.0037365
43 0.664663 0.589063 0.0625 0.0929688 0.00372124
44 0.26262 0.709375 0.0673077 0.0265625 0.00372124
56 0.542067 0.393652 0.573317 0.504883 0.00370789
58 0.0189303 0.27793 0.0354567 0.174609 0.00367928
43 0.691106 0.553516 0.116587 0.040625 0.00366402
56 0.1093 0.909375 0.212891 0.171875 0.00366402
14 0.711538 0.16748 0.0625 0.0404297 0.00363541
0 0.398438 0.158618 0.22476 0.184717 0.00359344
60 0.814904 0.675391 0.367788 0.0945313 0.00359344
0 0.711538 0.144336 0.0649038 0.0925781 0.00358009
43 0.661058 0.564844 0.0564904 0.0640625 0.00355148
43 0.515024 0.582812 0.153846 0.0226563 0.00355148
45 0.71274 0.12041 0.0625 0.0462891 0.00353813
41 0.932091 0.168164 0.0372596 0.0410156 0.00353813
41 0.798077 0.1625 0.0384615 0.0421875 0.00351143
56 0.0477764 0.864062 0.09375 0.103125 0.00351143
41 0.856971 0.120313 0.0528846 0.0402344 0.00348282
0 0.846755 0.312695 0.0757212 0.131641 0.00348282
47 0.972356 0.317969 0.0552885 0.053125 0.00346947
41 0.208534 0.764063 0.176683 0.101562 0.00345612
40 0.757812 0.127344 0.0348558 0.0691406 0.00341606
75 0.939904 0.168066 0.0552885 0.0439453 0.00340271
43 0.655048 0.609375 0.0793269 0.0890625 0.00338936
44 0.450721 0.232813 0.0528846 0.034375 0.00337601
39 0.240986 0.7625 0.111779 0.090625 0.00335121
56 0.464994 0.300781 0.586839 0.484375 0.00333786
55 0.820913 0.749609 0.0685096 0.04375 0.00332451
56 0.471154 0.51875 0.763221 0.270313 0.00329781
56 0.0243389 0.438281 0.0480769 0.130469 0.00328636
39 0.450721 0.232813 0.0528846 0.034375 0.00327301
44 0.701923 0.668359 0.0913462 0.0828125 0.00325966
56 0.757212 0.352148 0.199519 0.209766 0.00324821
75 0.359976 0.23125 0.0432692 0.0335938 0.00321007
75 0.86238 0.169727 0.0384615 0.0324219 0.00319672
26 0.665865 0.6375 0.120192 0.129688 0.00319672
42 0.26262 0.709375 0.0673077 0.0265625 0.00318527
0 0.93149 0.16748 0.0360577 0.0423828 0.00314713
40 0.809495 0.121289 0.0360577 0.0515625 0.00312424
55 0.683293 0.778125 0.146635 0.075 0.00311089
44 0.242188 0.710156 0.0655048 0.0257812 0.0030632
40 0.760817 0.0525391 0.0396635 0.0466797 0.00301552
43 0.26262 0.709375 0.0673077 0.0265625 0.00301552
56 0.495042 0.388184 0.863281 0.658008 0.00300407
48 0.672025 0.786719 0.622296 0.217188 0.00300407
42 0.644231 0.591406 0.0661058 0.120313 0.00299263
55 0.652644 0.778125 0.203125 0.0765625 0.00299263
60 0.426683 0.697656 0.445913 0.13125 0.00294685
43 0.242188 0.710156 0.0655048 0.0257812 0.00293541
39 0.754808 0.159766 0.03125 0.0351562 0.00288963
42 0.242188 0.710156 0.0655048 0.0257812 0.00288963
43 0.245793 0.721484 0.0889423 0.0515625 0.00287819
40 0.754808 0.144336 0.0360577 0.0738281 0.00286674
41 0.44351 0.187939 0.0504808 0.0452148 0.00286674
58 0.0189303 0.25293 0.0378606 0.122656 0.00283432
42 0.657452 0.65625 0.0649038 0.0765625 0.00283432
39 0.0103666 0.335938 0.0207332 0.0609375 0.00279999
56 0.688702 0.527344 0.25 0.225 0.00279999
41 0.846154 0.266016 0.0600962 0.0308594 0.00276756
73 0.731971 0.135547 0.454327 0.111719 0.00274658
0 0.86238 0.169727 0.0384615 0.0324219 0.00273705
47 0.450721 0.232813 0.0528846 0.034375 0.0027256
42 0.647236 0.615625 0.0877404 0.0945313 0.0027256
0 0.819712 0.41709 0.360577 0.514258 0.0027256
67 0.479567 0.195312 0.0336538 0.0359375 0.00271416
25 0.778846 0.277734 0.302885 0.186719 0.00270462
39 0.712139 0.139941 0.0649038 0.0935547 0.00269318
75 0.450721 0.232813 0.0528846 0.034375 0.00269318
0 0.94351 0.168555 0.0600962 0.0433594 0.0026722
41 0.754808 0.159766 0.03125 0.0351562 0.00265312
57 0.759014 0.413672 0.28726 0.471094 0.00265312
60 0.740385 0.244873 0.430288 0.15166 0.00264168
63 0.401442 0.646875 0.387019 0.110937 0.00264168
40 0.651442 0.129688 0.0300481 0.0824219 0.00263214
43 0.695913 0.663281 0.0793269 0.0867188 0.00260162
56 0.753606 0.312109 0.106971 0.114063 0.00259018
73 0.105243 0.948438 0.207782 0.1 0.00257111
75 0.847356 0.312109 0.0769231 0.126563 0.00256157
56 0.819712 0.41875 0.0336538 0.0484375 0.00253105
40 0.957933 0.039502 0.0552885 0.0741211 0.00252151
54 0.362981 0.231836 0.0396635 0.0324219 0.00251198
67 0.652644 0.621484 0.100962 0.100781 0.00250244
40 0.932692 0.161719 0.03125 0.0390625 0.00244331
47 0.362981 0.231836 0.0396635 0.0324219 0.00243378
44 0.644231 0.591406 0.0661058 0.120313 0.00243378
42 0.822115 0.748047 0.0817308 0.0460938 0.002388
26 0.847356 0.312891 0.0793269 0.128906 0.002388
56 0.0570913 0.467578 0.109375 0.501563 0.00235939
25 0.778846 0.215234 0.302885 0.0617188 0.00232315
0 0.712139 0.166211 0.0637019 0.0410156 0.00231361
27 0.252404 0.247852 0.09375 0.0726563 0.00231361
40 0.859375 0.308789 0.0528846 0.105859 0.00229645
41 0.84976 0.166895 0.0504808 0.0384766 0.00228691
41 0.828125 0.753125 0.0853365 0.0515625 0.00228691
26 0.397987 0.647266 0.386719 0.108594 0.00227928
43 0.691106 0.579688 0.110577 0.11875 0.00226974
56 0.0772236 0.531152 0.138221 0.34082 0.00226974
0 0.447115 0.187695 0.0552885 0.0445313 0.00226021
40 0.0103666 0.335938 0.0207332 0.0609375 0.00226021
40 0.814303 0.737891 0.0949519 0.0671875 0.00226021
42 0.641827 0.613281 0.139423 0.107813 0.00226021
39 0.44351 0.186719 0.0516827 0.0476562 0.00225258
43 0.923678 0.6875 0.152644 0.065625 0.00223351
60 0.439904 0.670313 0.413462 0.0796875 0.00223351
56 0.142954 0.868945 0.234525 0.252734 0.00223351
0 0.196439 0.394141 0.372746 0.675781 0.908203
0 0.911058 0.418066 0.177885 0.532617 0.901367
0 0.583534 0.367773 0.477163 0.566797 0.88623
55 0.670523 0.786719 0.627704 0.21875 0.832031
60 0.530048 0.807617 0.939904 0.369141 0.808105
56 0.398438 0.647656 0.38101 0.107813 0.708984
43 0.661058 0.635938 0.110577 0.132031 0.65332
45 0.786058 0.6625 0.165865 0.065625 0.649414
41 0.240986 0.761719 0.111779 0.090625 0.563965
56 0.105168 0.948438 0.206731 0.1 0.268066
43 0.652644 0.621484 0.100962 0.100781 0.213379
44 0.676683 0.640234 0.127404 0.129688 0.177856
55 0.628606 0.769922 0.483173 0.188281 0.132935
41 0.786058 0.664844 0.165865 0.06875 0.0847778
39 0.848558 0.3125 0.078125 0.127344 0.0809326
56 0.799279 0.510547 0.125 0.236719 0.0718384
39 0.932091 0.168164 0.0372596 0.0410156 0.0710449
43 0.683293 0.65 0.0973558 0.109375 0.0632324
55 0.59375 0.754297 0.391827 0.150781 0.0616455
75 0.710938 0.167969 0.0612981 0.0398437 0.0587769
60 0.778846 0.277734 0.302885 0.185938 0.0520325
44 0.6875 0.660156 0.100962 0.0953125 0.0507202
40 0.807091 0.0503906 0.03125 0.0265625 0.0430298
41 0.710938 0.167969 0.0612981 0.0398437 0.0430298
44 0.679087 0.649219 0.0913462 0.109375 0.0414734
42 0.67488 0.639844 0.13101 0.128125 0.0391846
56 0.847356 0.313281 0.0793269 0.13125 0.0370483
44 0.652644 0.621484 0.100962 0.100781 0.036499
43 0.694712 0.639063 0.15625 0.142188 0.0347595
56 0.719952 0.580469 0.0600962 0.11875 0.0328369
43 0.647837 0.642969 0.0528846 0.065625 0.0328369
44 0.254808 0.719141 0.0763221 0.0421875 0.0306702
43 0.646635 0.622266 0.139423 0.105469 0.0290833
60 0.778846 0.215625 0.300481 0.0605469 0.0272675
44 0.254808 0.708594 0.0516827 0.0234375 0.0271759
0 0.454327 0.208545 0.0721154 0.0868164 0.0269623
44 0.711538 0.167578 0.0612981 0.0402344 0.0267639
43 0.661058 0.635938 0.0889423 0.103125 0.0230713
43 0.638221 0.639063 0.0576923 0.0734375 0.0228882
0 0.925481 0.258984 0.149038 0.20625 0.0226288
56 0.757212 0.305859 0.158654 0.120703 0.0224609
56 0.402644 0.157788 0.216346 0.185205 0.021286
42 0.658654 0.624219 0.105769 0.104688 0.0207214
49 0.450721 0.232813 0.0528846 0.0339844 0.0197144
39 0.84976 0.166895 0.0504808 0.0380859 0.0195007
44 0.245493 0.721875 0.0883413 0.0515625 0.0180511
39 0.359976 0.23125 0.0432692 0.0335938 0.0179901
40 0.799279 0.160156 0.0300481 0.0367188 0.0165253
27 0.259615 0.255078 0.0793269 0.0640625 0.0163422
40 0.754808 0.15957 0.03125 0.0347656 0.0157776
56 0.734976 0.303906 0.15024 0.107813 0.0157776
74 0.71274 0.119727 0.0625 0.0457031 0.0154877
39 0.940505 0.167969 0.0552885 0.04375 0.0151291
56 0.745192 0.326172 0.188702 0.150781 0.0145035
46 0.713341 0.119531 0.0625 0.0464844 0.014389
45 0.786659 0.65 0.159856 0.0367188 0.0142288
53 0.669621 0.786719 0.6247 0.215625 0.0137939
41 0.847356 0.312305 0.0769231 0.119531 0.013588
42 0.675481 0.65625 0.0769231 0.0890625 0.0134277
42 0.647837 0.642969 0.0528846 0.065625 0.0131226
56 0.170147 0.885938 0.198167 0.21875 0.0131226
42 0.694712 0.639063 0.15625 0.142188 0.0130692
56 0.167593 0.948438 0.31866 0.096875 0.0130234
40 0.847356 0.165625 0.0456731 0.0402344 0.01297
75 0.852163 0.166016 0.0576923 0.0414063 0.01297
40 0.905048 0.130469 0.0372596 0.0595703 0.0125732
42 0.683293 0.65 0.0973558 0.109375 0.0124817
56 0.195012 0.902344 0.25 0.189063 0.0119629
74 0.860577 0.120801 0.0600962 0.0402344 0.0118713
39 0.49399 0.231445 0.046875 0.0367188 0.0117798
75 0.932091 0.168164 0.0372596 0.0410156 0.0113297
44 0.647837 0.642969 0.0528846 0.065625 0.0112915
40 0.798077 0.1625 0.0384615 0.0421875 0.0109863
56 0.433293 0.287891 0.146635 0.0875 0.0109482
43 0.671274 0.65 0.0865385 0.0984375 0.0108185
43 0.254808 0.708594 0.0516827 0.0234375 0.0108185
40 0.804087 0.0586914 0.0408654 0.0400391 0.0106964
42 0.247596 0.708203 0.047476 0.0226563 0.0106125
46 0.450721 0.233008 0.0528846 0.034375 0.0105667
56 0.0537861 0.564063 0.102764 0.329688 0.0104065
40 0.711538 0.167578 0.0612981 0.0402344 0.00971222
41 0.360577 0.23125 0.0420673 0.0339844 0.00963593
0 0.971755 0.317188 0.0552885 0.053125 0.00952148
0 0.459736 0.194922 0.0877404 0.1125 0.00941467
40 0.75601 0.163086 0.0384615 0.0417969 0.00926971
56 0.412861 0.248047 0.104567 0.0117188 0.00905609
0 0.463341 0.414746 0.913462 0.69707 0.00901794
39 0.859375 0.308594 0.0552885 0.107031 0.00891876
56 0.763822 0.288086 0.229567 0.181641 0.00891876
40 0.78125 0.162109 0.0300481 0.0421875 0.00867462
40 0.909856 0.12627 0.0264423 0.0539063 0.00847626
41 0.805288 0.0508789 0.0360577 0.0253906 0.00841522
56 0.730769 0.578906 0.0456731 0.115625 0.00818634
40 0.898438 0.120508 0.0324519 0.0425781 0.00815582
40 0.804688 0.137695 0.0396635 0.0832031 0.00809479
40 0.940505 0.167969 0.0552885 0.04375 0.00803375
56 0.566106 0.30957 0.503606 0.133984 0.00800323
0 0.920072 0.316797 0.159856 0.325 0.00796509
40 0.930889 0.135156 0.0456731 0.08125 0.00790405
0 0.356971 0.230078 0.0528846 0.0390625 0.00790405
60 0.435096 0.287695 0.15024 0.0886719 0.00787354
44 0.638221 0.639063 0.0576923 0.0734375 0.00784302
75 0.856971 0.120215 0.0540865 0.0400391 0.00772476
0 0.360577 0.23125 0.0420673 0.0339844 0.00772476
39 0.798077 0.1625 0.0384615 0.0421875 0.00766754
41 0.799279 0.160156 0.0300481 0.0367188 0.00760651
57 0.354567 0.157031 0.341346 0.197656 0.00757599
39 0.862981 0.169922 0.0384615 0.0320312 0.00751877
56 0.746394 0.515625 0.221154 0.245312 0.00737381
32 0.71274 0.119434 0.0625 0.0451172 0.00723267
56 0.173978 0.932813 0.277043 0.129688 0.00723267
45 0.710938 0.167969 0.0612981 0.0398437 0.00717545
40 0.859976 0.120703 0.0600962 0.0394531 0.00712204
40 0.908053 0.142676 0.0673077 0.0857422 0.00712204
56 0.148137 0.914062 0.218149 0.16875 0.0069046
44 0.661058 0.635938 0.0889423 0.103125 0.0068779
56 0.360577 0.23125 0.0456731 0.0351562 0.0068512
39 0.710938 0.167969 0.0612981 0.0398437 0.00682449
56 0.694712 0.583203 0.105769 0.125 0.00674438
40 0.858173 0.142676 0.0673077 0.0849609 0.00664139
67 0.240986 0.761719 0.111779 0.090625 0.00656509
39 0.799279 0.160156 0.0300481 0.0367188 0.0064621
45 0.240385 0.7625 0.111779 0.0921875 0.0064621
42 0.254808 0.719141 0.0763221 0.0421875 0.00636292
44 0.71274 0.139746 0.0649038 0.0908203 0.00631332
56 0.354567 0.157031 0.341346 0.197656 0.00621796
46 0.361478 0.231641 0.0402644 0.0328125 0.00614548
69 0.0524339 0.604688 0.100661 0.246875 0.00614548
43 0.665865 0.555469 0.0564904 0.028125 0.00605011
41 0.49399 0.231445 0.046875 0.0367188 0.00584412
56 0.779447 0.276172 0.293269 0.185938 0.00584412
41 0.940505 0.167969 0.0552885 0.04375 0.00570679
40 0.936298 0.126465 0.0336538 0.0615234 0.00568771
40 0.862981 0.169922 0.0384615 0.0320312 0.00568771
41 0.859375 0.308594 0.0552885 0.107031 0.00564194
40 0.360577 0.23125 0.0420673 0.0339844 0.00559998
40 0.786659 0.162695 0.0480769 0.0429688 0.00553513
41 0.971755 0.317188 0.0552885 0.053125 0.00542831
43 0.640625 0.603125 0.11899 0.1375 0.00540543
13 0.105243 0.946875 0.206581 0.1 0.00536346
74 0.711538 0.16709 0.0600962 0.0400391 0.00534439
56 0.0537861 0.636328 0.105168 0.588281 0.00526047
41 0.820313 0.748828 0.0709135 0.0429688 0.00521851
0 0.451923 0.232031 0.0625 0.0371094 0.00518036
43 0.644231 0.603125 0.0745192 0.0828125 0.00518036
74 0.955529 0.0591309 0.0504808 0.0331055 0.00510025
56 0.27494 0.871094 0.411659 0.254688 0.00510025
76 0.666466 0.6375 0.120192 0.129688 0.00508118
56 0.757212 0.413965 0.288462 0.470508 0.0050621
49 0.362981 0.231641 0.0396635 0.0324219 0.00503922
44 0.361478 0.231641 0.0402644 0.0328125 0.00502014
42 0.638221 0.639063 0.0576923 0.0734375 0.00498199
40 0.799279 0.155664 0.0264423 0.028125 0.00492477
40 0.896635 0.108789 0.0216346 0.0181641 0.00479126
0 0.847356 0.165625 0.0456731 0.0402344 0.00475693
40 0.771034 0.0582031 0.0408654 0.0371094 0.00471878
41 0.71274 0.12041 0.0625 0.0458984 0.00468063
40 0.729567 0.163281 0.0420673 0.0417969 0.0046463
40 0.932091 0.166699 0.0360577 0.0431641 0.00462723
40 0.711538 0.140039 0.0649038 0.0933594 0.00460815
56 0.73738 0.522266 0.143029 0.236719 0.0045929
44 0.659856 0.626953 0.108173 0.127344 0.00457382
0 0.764423 0.277344 0.25 0.191016 0.00453949
40 0.765625 0.137305 0.0576923 0.0867188 0.00443268
41 0.356971 0.230078 0.0528846 0.0390625 0.00439835
44 0.701322 0.66875 0.09375 0.0828125 0.00436401
56 0.109075 0.904688 0.212139 0.18125 0.00429916
41 0.813702 0.7375 0.0961538 0.0671875 0.00424957
47 0.71274 0.12041 0.0625 0.0458984 0.00421524
56 0.668269 0.575781 0.180288 0.132812 0.00419998
39 0.859976 0.120703 0.0600962 0.0394531 0.00416565
43 0.64363 0.590625 0.0661058 0.11875 0.00413513
45 0.789663 0.645312 0.15625 0.025 0.00411606
41 0.859375 0.172461 0.0432692 0.0285156 0.00405502
40 0.774639 0.149414 0.0420673 0.0664062 0.00403976
57 0.401292 0.157617 0.216647 0.184766 0.00402451
39 0.453125 0.204883 0.0721154 0.0851563 0.00392914
55 0.828726 0.752344 0.0865385 0.0515625 0.00388527
57 0.421274 0.294336 0.492788 0.470703 0.00388527
40 0.803486 0.113379 0.0240385 0.0318359 0.00383949
56 0.492788 0.434375 0.71875 0.421875 0.00382423
40 0.888822 0.164941 0.0420673 0.0408203 0.00380898
0 0.759615 0.417578 0.271635 0.502344 0.00380898
44 0.26262 0.709375 0.0673077 0.0265625 0.00379562
41 0.798077 0.1625 0.0384615 0.0421875 0.0037365
56 0.421274 0.294336 0.492788 0.470703 0.00370789
42 0.245493 0.721875 0.0883413 0.0515625 0.00367928
56 0.0485276 0.864062 0.0946514 0.101562 0.00367928
39 0.240986 0.762891 0.111178 0.0914062 0.00366402
56 0.652644 0.621484 0.100962 0.100781 0.00365067
43 0.664062 0.589063 0.0625 0.09375 0.00362206
40 0.889423 0.14209 0.0504808 0.0865234 0.0036068
67 0.479567 0.195312 0.0336538 0.0359375 0.0036068
47 0.971755 0.317383 0.0552885 0.0535156 0.0036068
0 0.397837 0.158887 0.22476 0.18418 0.00359344
57 0.559495 0.197461 0.777644 0.280078 0.00359344
41 0.450721 0.233008 0.0528846 0.034375 0.00356483
0 0.407302 0.180811 0.175781 0.140723 0.00355148
43 0.254808 0.719141 0.0763221 0.0421875 0.00352478
40 0.757812 0.126563 0.0348558 0.0675781 0.00351143
44 0.450721 0.233008 0.0528846 0.034375 0.00351143
43 0.661058 0.567187 0.0576923 0.06875 0.00349617
43 0.654447 0.609375 0.0793269 0.0890625 0.00345612
14 0.713341 0.119531 0.0625 0.0464844 0.00342941
0 0.860577 0.121094 0.0588942 0.0386719 0.00342941
43 0.691106 0.553906 0.115385 0.040625 0.00337601
41 0.932091 0.168164 0.0372596 0.0410156 0.00335121
60 0.811298 0.675781 0.372596 0.0921875 0.00332451
45 0.71274 0.12041 0.0625 0.0458984 0.00327301
57 0.763822 0.288086 0.229567 0.181641 0.00324821
58 0.01878 0.276953 0.0348558 0.172656 0.00323486
14 0.711538 0.167578 0.0612981 0.0402344 0.00322342
48 0.669621 0.786719 0.6247 0.215625 0.00317192
39 0.450721 0.233008 0.0528846 0.034375 0.00314713
57 0.494141 0.377246 0.836238 0.63457 0.00314713
75 0.940505 0.167969 0.0552885 0.04375 0.00311089
41 0.856971 0.120215 0.0540865 0.0400391 0.00309944
75 0.359976 0.23125 0.0432692 0.0335938 0.00307465
0 0.846755 0.3125 0.0757212 0.13125 0.0030632
56 0.544471 0.395703 0.567308 0.500781 0.00305176
40 0.760817 0.0522949 0.0408654 0.0473633 0.00304031
42 0.657452 0.655859 0.0649038 0.078125 0.00302696
56 0.754808 0.348633 0.197115 0.202734 0.00301552
39 0.0104417 0.335742 0.0208834 0.0609375 0.00300407
56 0.695913 0.526563 0.233173 0.225781 0.00300407
56 0.0243389 0.437891 0.047476 0.130469 0.00299263
60 0.425481 0.698828 0.445913 0.132812 0.0029583
39 0.754808 0.15957 0.03125 0.0347656 0.00293541
40 0.754808 0.144531 0.0360577 0.0722656 0.00292397
0 0.93149 0.167578 0.0360577 0.0421875 0.00292397
44 0.241887 0.710156 0.0655048 0.025 0.00291252
41 0.206731 0.764063 0.180288 0.101562 0.00291252
75 0.862981 0.169922 0.0384615 0.0320312 0.00288963
40 0.809495 0.120703 0.0360577 0.05 0.00286674
0 0.455529 0.195703 0.0757212 0.0644531 0.0028553
43 0.694712 0.663281 0.0793269 0.0875 0.0028553
73 0.732572 0.135156 0.455529 0.110156 0.00284576
42 0.64363 0.590625 0.0661058 0.11875 0.00282288
41 0.754808 0.15957 0.03125 0.0347656 0.00277901
0 0.858173 0.142676 0.0673077 0.0849609 0.00275803
41 0.442909 0.186133 0.046875 0.0402344 0.00275803
58 0.0188552 0.251563 0.0377103 0.120313 0.00275803
56 0.542668 0.412598 0.914663 0.524805 0.00275803
56 0.477163 0.519531 0.75601 0.26875 0.00275803
42 0.26262 0.709375 0.0673077 0.0265625 0.00271416
44 0.64363 0.590625 0.0661058 0.11875 0.00268364
43 0.245493 0.721875 0.0883413 0.0515625 0.00268364
0 0.833534 0.419141 0.332933 0.510156 0.00265312
56 0.138296 0.86875 0.242638 0.25 0.00261116
44 0.717548 0.680469 0.100962 0.0625 0.00260162
75 0.847356 0.312109 0.0769231 0.126563 0.00259018
41 0.846154 0.26543 0.0576923 0.0296875 0.00254059
43 0.26262 0.709375 0.0673077 0.0265625 0.00254059
75 0.450721 0.233008 0.0528846 0.034375 0.00253105
55 0.820913 0.749609 0.0685096 0.04375 0.00253105
26 0.666466 0.6375 0.120192 0.129688 0.00253105
40 0.651442 0.128613 0.0300481 0.0802734 0.00252151
0 0.862981 0.169922 0.0384615 0.0320312 0.00251198
27 0.251803 0.247656 0.0949519 0.0726563 0.00250244
39 0.711538 0.140039 0.0649038 0.0933594 0.0024929
76 0.652644 0.621484 0.100962 0.100781 0.00248146
56 0.819712 0.41875 0.0324519 0.0484375 0.00247192
60 0.743389 0.245361 0.419471 0.156152 0.00245285
42 0.241887 0.710156 0.0655048 0.025 0.00244331
43 0.241887 0.710156 0.0655048 0.025 0.00244331
41 0.84976 0.166895 0.0504808 0.0380859 0.00243378
54 0.362981 0.231641 0.0396635 0.0324219 0.00243378
43 0.515024 0.582812 0.155048 0.021875 0.00243378
60 0.924279 0.682813 0.151442 0.0734375 0.0024147
60 0.412861 0.703906 0.578125 0.146875 0.00240517
42 0.643029 0.614062 0.139423 0.10625 0.00237846
47 0.450721 0.233008 0.0528846 0.034375 0.00236893
32 0.495793 0.231836 0.0456731 0.0363281 0.00236893
26 0.847356 0.3125 0.078125 0.128125 0.00236893
40 0.0104417 0.335742 0.0208834 0.0609375 0.00235939
42 0.646635 0.615625 0.0889423 0.09375 0.00235939
0 0.940505 0.167969 0.0552885 0.04375 0.00234985
40 0.957332 0.0394043 0.0552885 0.0737305 0.00234222
0 0.711538 0.14668 0.0649038 0.0875 0.00231361
0 0.424279 0.223438 0.141827 0.0546875 0.00231361
63 0.401442 0.646875 0.387019 0.109375 0.00230598
44 0.847356 0.165625 0.0456731 0.0402344 0.00227928
0 0.446514 0.187451 0.0552885 0.0438477 0.00226974
56 0.753005 0.312109 0.106971 0.114063 0.00226974
26 0.397837 0.647266 0.384615 0.107031 0.00224304
60 0.428936 0.275391 0.13732 0.0648438 0.00223351
47 0.362981 0.231641 0.0396635 0.0324219 0.00221634
0 0.561298 0.290625 0.510817 0.161719 0.00220871
39 0.44351 0.186523 0.0516827 0.046875 0.00219917
60 0.439904 0.671094 0.41226 0.08125 0.00219917
56 0.478365 0.539062 0.262019 0.164062 0.00218201
56 0.0567909 0.45625 0.108774 0.523438 0.00218201
67 0.652644 0.621484 0.100962 0.100781 0.00216484
56 0.078125 0.525781 0.140024 0.332031 0.00216484
44 0.713942 0.119922 0.0625 0.0445313 0.00215721
67 0.477163 0.18208 0.0444712 0.0702148 0.00213242
0 0.49399 0.230469 0.046875 0.0367188 0.00212479
44 0.657452 0.655859 0.0649038 0.078125 0.00212479
55 0.650841 0.778125 0.207933 0.0765625 0.00211525
56 0.0363582 0.508984 0.0679087 0.290625 0.00211525
0 0.196514 0.394141 0.371394 0.676562 0.913574
0 0.911058 0.417188 0.177885 0.532813 0.903809
0 0.583984 0.367969 0.476262 0.567187 0.891113
55 0.66887 0.787305 0.628606 0.212891 0.845703
60 0.530649 0.807617 0.938702 0.369141 0.814453
56 0.398438 0.648438 0.38101 0.107813 0.710449
45 0.786058 0.6625 0.163462 0.065625 0.640625
43 0.66226 0.635938 0.112981 0.132812 0.611328
41 0.240986 0.7625 0.111178 0.090625 0.507812
56 0.105243 0.948438 0.206581 0.0984375 0.276611
43 0.652644 0.621484 0.100962 0.100781 0.222656
44 0.677885 0.640625 0.127404 0.129688 0.178955
55 0.639423 0.770312 0.507212 0.1875 0.119202
41 0.786058 0.664844 0.165865 0.0703125 0.0809326
39 0.848558 0.312109 0.0769231 0.127344 0.0713501
39 0.932091 0.168164 0.0372596 0.0410156 0.064209
43 0.683293 0.65 0.0985577 0.109375 0.0632324
44 0.6875 0.660547 0.100962 0.0953125 0.0609741
56 0.799279 0.509766 0.123798 0.236719 0.0552063
44 0.652644 0.621484 0.100962 0.100781 0.0518494
55 0.592548 0.754687 0.391827 0.151562 0.0499573
44 0.679087 0.649219 0.0913462 0.109375 0.0495911
75 0.710938 0.167969 0.0612981 0.0398437 0.0450134
41 0.710938 0.167969 0.0612981 0.0398437 0.0427246
42 0.675481 0.639844 0.13101 0.128125 0.0423889
40 0.805288 0.0510742 0.0360577 0.0255859 0.0368958
60 0.778846 0.277344 0.302885 0.185156 0.0347595
44 0.253906 0.719531 0.077524 0.0421875 0.0346069
43 0.691106 0.639063 0.146635 0.140625 0.033844
43 0.647236 0.643359 0.0516827 0.065625 0.0334778
44 0.254808 0.708594 0.0516827 0.0234375 0.0304413
44 0.247596 0.708594 0.046875 0.021875 0.0285492
56 0.847356 0.312891 0.078125 0.130469 0.0282135
43 0.646635 0.622656 0.140625 0.10625 0.0274811
44 0.711538 0.167578 0.0612981 0.0402344 0.0268555
0 0.454327 0.209814 0.0697115 0.0850586 0.0255585
56 0.719952 0.580859 0.0600962 0.117969 0.0253754
0 0.925481 0.259033 0.149038 0.206152 0.0238647
43 0.637019 0.639063 0.0576923 0.0734375 0.0233307
43 0.661058 0.6375 0.0913462 0.103125 0.0226288
42 0.658654 0.625 0.105769 0.10625 0.0223694
44 0.245192 0.721875 0.0895433 0.0507812 0.0212097
60 0.778846 0.21582 0.300481 0.0601563 0.0209656
56 0.734375 0.311133 0.163462 0.126953 0.0206451
49 0.450721 0.232813 0.0528846 0.0335938 0.0197906
39 0.849159 0.166992 0.0492788 0.0378906 0.0183411
27 0.259014 0.254883 0.0811298 0.0648438 0.0179138
40 0.799279 0.160156 0.0300481 0.0367188 0.0166626
39 0.359675 0.23125 0.0432692 0.0335938 0.0166626
40 0.754808 0.159375 0.03125 0.034375 0.0165253
56 0.757212 0.305859 0.158654 0.119922 0.0152512
74 0.71274 0.119824 0.0625 0.0451172 0.0142822
42 0.67488 0.655469 0.078125 0.090625 0.014061
39 0.939904 0.168164 0.0552885 0.04375 0.0139008
44 0.647236 0.643359 0.0516827 0.065625 0.0137939
42 0.647236 0.643359 0.0516827 0.065625 0.0133286
46 0.713341 0.119727 0.0625 0.0460938 0.0132751
42 0.683293 0.65 0.0985577 0.109375 0.0124283
56 0.170373 0.88125 0.197716 0.228125 0.0122375
56 0.402644 0.158008 0.216346 0.184766 0.0121918
53 0.669321 0.786719 0.625301 0.214062 0.0121918
46 0.450721 0.233203 0.0528846 0.034375 0.012146
40 0.846755 0.165625 0.0444712 0.0398437 0.0120544
41 0.847356 0.312109 0.0769231 0.119531 0.0117798
45 0.786659 0.649219 0.161058 0.0359375 0.0116425
56 0.74399 0.326758 0.189904 0.151953 0.011467
56 0.169997 0.947656 0.321064 0.0984375 0.0112457
40 0.798077 0.1625 0.0384615 0.0421875 0.0112
0 0.459135 0.202295 0.0865385 0.0969727 0.0109863
43 0.671274 0.65 0.0877404 0.0984375 0.0109482
56 0.194712 0.901563 0.250601 0.190625 0.0109482
75 0.852163 0.166211 0.0576923 0.0414063 0.0108185
39 0.49399 0.231641 0.046875 0.0367188 0.0108185
40 0.905048 0.130859 0.0384615 0.0601563 0.0104523
74 0.860577 0.120703 0.0600962 0.0398437 0.0100937
42 0.247596 0.708594 0.046875 0.021875 0.0100937
0 0.971755 0.317188 0.0552885 0.053125 0.00993347
40 0.75601 0.163086 0.0372596 0.0414063 0.00981903
56 0.0537861 0.563281 0.102163 0.329688 0.00978088
0 0.468149 0.414453 0.921875 0.692969 0.00974274
75 0.932091 0.168164 0.0372596 0.0410156 0.00971222
43 0.254808 0.708594 0.0516827 0.0234375 0.00967407
44 0.637019 0.639063 0.0576923 0.0734375 0.00945282
43 0.247596 0.708594 0.046875 0.021875 0.00919342
40 0.804087 0.0587891 0.0408654 0.0400391 0.00901794
42 0.254808 0.708594 0.0516827 0.0234375 0.00901794
41 0.360577 0.231055 0.0432692 0.0339844 0.00894928
40 0.78125 0.162012 0.03125 0.0419922 0.0088501
0 0.920072 0.323047 0.159856 0.340625 0.0088501
40 0.711538 0.167578 0.0612981 0.0402344 0.00881195
44 0.661058 0.6375 0.0913462 0.103125 0.00871277
0 0.356971 0.230078 0.0528846 0.0390625 0.00857544
40 0.939904 0.168164 0.0552885 0.04375 0.008255
56 0.429688 0.287891 0.140625 0.0882813 0.00812531
39 0.860577 0.308594 0.0528846 0.107813 0.00809479
41 0.799279 0.160156 0.0300481 0.0367188 0.00790405
40 0.855769 0.166016 0.0625 0.0398437 0.00775528
56 0.41226 0.248047 0.103365 0.0117188 0.00760651
40 0.897837 0.120508 0.03125 0.0425781 0.00757599
41 0.805288 0.0510742 0.0360577 0.0255859 0.00751877
67 0.240986 0.7625 0.111178 0.090625 0.00751877
13 0.105243 0.947656 0.206581 0.0984375 0.00751877
39 0.798077 0.1625 0.0384615 0.0421875 0.00737381
56 0.758413 0.297852 0.213942 0.158984 0.00728989
56 0.173377 0.934375 0.277043 0.125 0.00728989
60 0.434495 0.287891 0.15024 0.0890625 0.00725937
56 0.733173 0.578906 0.0408654 0.115625 0.00723267
56 0.564904 0.309375 0.503606 0.132812 0.0068512
39 0.863582 0.170215 0.0360577 0.0310547 0.00669098
40 0.909856 0.126465 0.0264423 0.0542969 0.00664139
56 0.14671 0.91875 0.214994 0.15625 0.00643921
0 0.361178 0.231641 0.0408654 0.0332031 0.00638962
40 0.858173 0.142773 0.0673077 0.0847656 0.00634003
40 0.804087 0.138086 0.0396635 0.0839844 0.00624084
44 0.71274 0.139648 0.0649038 0.0902344 0.00624084
41 0.49399 0.231641 0.046875 0.0367188 0.00619125
40 0.930288 0.135156 0.046875 0.08125 0.00616837
40 0.859375 0.120605 0.0600962 0.0390625 0.00614548
39 0.710938 0.167969 0.0612981 0.0398437 0.00614548
43 0.665865 0.555078 0.0564904 0.0289063 0.00598145
39 0.799279 0.160156 0.0300481 0.0367188 0.00595856
56 0.747596 0.516406 0.209135 0.246875 0.00593567
75 0.856971 0.120117 0.0528846 0.0398437 0.00591278
32 0.712139 0.119531 0.0625 0.0449219 0.00591278
45 0.710938 0.167969 0.0612981 0.0398437 0.005867
40 0.908654 0.142578 0.0673077 0.0855469 0.00584412
44 0.361178 0.231641 0.0408654 0.0332031 0.00584412
56 0.694712 0.583594 0.105769 0.125 0.00577545
40 0.786058 0.162695 0.0456731 0.0429688 0.00575256
42 0.253906 0.719531 0.077524 0.0421875 0.00575256
46 0.361178 0.231641 0.0408654 0.0332031 0.00568771
56 0.0537861 0.631348 0.103966 0.588867 0.00568771
44 0.701923 0.66875 0.09375 0.0828125 0.00564194
40 0.360577 0.231055 0.0432692 0.0339844 0.00561905
76 0.667067 0.637891 0.120192 0.128906 0.0055542
56 0.360577 0.23125 0.0456731 0.0351562 0.00553513
69 0.0524339 0.603906 0.100661 0.248438 0.00547028
41 0.939904 0.168164 0.0552885 0.04375 0.00540543
42 0.637019 0.639063 0.0576923 0.0734375 0.00534439
40 0.863582 0.170215 0.0360577 0.0310547 0.00521851
44 0.659856 0.628125 0.110577 0.128125 0.00516129
56 0.275841 0.870117 0.41226 0.256641 0.00496292
74 0.710938 0.167187 0.0600962 0.0398437 0.00492477
43 0.644231 0.603125 0.0745192 0.0828125 0.00488663
56 0.130709 0.899219 0.257812 0.196875 0.00482941
67 0.479567 0.195703 0.0336538 0.0351562 0.00468063
40 0.79988 0.155664 0.0276442 0.0277344 0.00466537
0 0.451923 0.232031 0.0612981 0.0367188 0.00466537
43 0.641827 0.603906 0.120192 0.1375 0.0046463
40 0.731971 0.163281 0.0384615 0.0410156 0.00460815
41 0.819712 0.748828 0.0697115 0.0429688 0.00457382
40 0.770433 0.0583008 0.0420673 0.0375 0.00452042
41 0.860577 0.308594 0.0528846 0.107813 0.00446701
40 0.932091 0.166797 0.0360577 0.0429688 0.00439835
41 0.971755 0.317188 0.0552885 0.053125 0.00436401
74 0.954928 0.0591797 0.0504808 0.0330078 0.00432968
44 0.450721 0.233203 0.0528846 0.034375 0.00429916
45 0.240385 0.762891 0.111779 0.0914062 0.00429916
40 0.936298 0.126758 0.0336538 0.0625 0.00428009
0 0.759615 0.416797 0.259615 0.500781 0.00428009
41 0.713341 0.120508 0.0637019 0.0455078 0.0042305
49 0.362981 0.231641 0.0396635 0.0328125 0.0042305
0 0.758413 0.297852 0.213942 0.158984 0.00421524
40 0.711538 0.140039 0.0649038 0.0929688 0.00418091
0 0.846755 0.165625 0.0444712 0.0398437 0.00416565
41 0.798077 0.1625 0.0384615 0.0421875 0.00413513
44 0.26262 0.709375 0.0673077 0.0265625 0.00407028
56 0.733173 0.522266 0.141827 0.236719 0.00407028
41 0.860577 0.173047 0.0408654 0.0273438 0.00397491
40 0.896635 0.108594 0.0216346 0.0179687 0.00392914
56 0.0485276 0.864062 0.0946514 0.101562 0.00392914
43 0.644231 0.591016 0.0649038 0.119531 0.00380898
41 0.832332 0.75 0.0901442 0.04375 0.00379562
41 0.450721 0.233203 0.0528846 0.034375 0.00378036
40 0.775841 0.153125 0.0396635 0.0585938 0.0037365
40 0.765625 0.137402 0.0576923 0.0861328 0.00370789
40 0.888822 0.165527 0.0408654 0.0396484 0.00369263
56 0.669471 0.575 0.177885 0.132812 0.00369263
39 0.859375 0.120605 0.0600962 0.0390625 0.00367928
56 0.778846 0.276172 0.290865 0.185156 0.00367928
57 0.372596 0.161426 0.379808 0.204492 0.00365067
45 0.789663 0.644922 0.15625 0.025 0.00363541
43 0.664663 0.589844 0.0625 0.0953125 0.0036068
43 0.654447 0.609375 0.0793269 0.0890625 0.0036068
40 0.889423 0.141992 0.0480769 0.0863281 0.00359344
42 0.245192 0.721875 0.0895433 0.0507812 0.00358009
56 0.752404 0.415234 0.302885 0.469531 0.00353813
47 0.713341 0.120508 0.0637019 0.0455078 0.00345612
41 0.813702 0.737891 0.0961538 0.0671875 0.00345612
43 0.660457 0.568359 0.0564904 0.0710938 0.00342941
0 0.846755 0.312109 0.0757212 0.130469 0.00338936
42 0.657452 0.655859 0.0649038 0.0789063 0.00333786
39 0.240986 0.763672 0.110577 0.0929688 0.00333786
0 0.411659 0.198047 0.167067 0.105469 0.00331116
73 0.731971 0.134766 0.455529 0.108203 0.00327301
39 0.453125 0.203174 0.0709135 0.0803711 0.00322342
40 0.757212 0.126367 0.0336538 0.0671875 0.00317192
43 0.691707 0.553906 0.114183 0.040625 0.00316048
55 0.829928 0.753125 0.0889423 0.0515625 0.00314713
43 0.253906 0.719531 0.077524 0.0421875 0.00313568
41 0.932091 0.168164 0.0372596 0.0410156 0.00312424
44 0.241587 0.710156 0.0661058 0.025 0.00309944
0 0.860577 0.121094 0.0588942 0.0382813 0.00307465
44 0.644231 0.591016 0.0649038 0.119531 0.0030632
0 0.783053 0.279687 0.288462 0.192188 0.0030632
60 0.807692 0.675781 0.379808 0.0921875 0.00302696
39 0.450721 0.233203 0.0528846 0.034375 0.00300407
41 0.206731 0.764063 0.179087 0.101562 0.00299263
41 0.754808 0.159375 0.03125 0.034375 0.0029583
76 0.652644 0.621484 0.100962 0.100781 0.0029583
44 0.717548 0.679297 0.0985577 0.0648438 0.00293541
63 0.401442 0.646875 0.387019 0.107813 0.00293541
40 0.760817 0.0523438 0.0408654 0.0476562 0.00292397
14 0.713341 0.119727 0.0625 0.0460938 0.00291252
40 0.803486 0.112305 0.0240385 0.0292969 0.00290108
0 0.397837 0.15918 0.22476 0.183203 0.00288963
56 0.372596 0.161426 0.379808 0.204492 0.00288963
43 0.695913 0.663281 0.0793269 0.0875 0.0028553
42 0.644231 0.591016 0.0649038 0.119531 0.00282288
48 0.669321 0.786719 0.625301 0.214062 0.00282288
41 0.442308 0.186133 0.0456731 0.0402344 0.00279999
39 0.754808 0.159375 0.03125 0.034375 0.00277901
44 0.657452 0.655859 0.0649038 0.0789063 0.00277901
47 0.971154 0.317578 0.0552885 0.053125 0.00276756
14 0.711538 0.167578 0.0612981 0.0402344 0.00273705
42 0.643029 0.614062 0.141827 0.10625 0.0027256
0 0.93149 0.167578 0.0360577 0.0421875 0.00271416
67 0.477163 0.182422 0.0432692 0.0691406 0.00270462
75 0.359675 0.23125 0.0432692 0.0335938 0.00265312
45 0.713341 0.120508 0.0637019 0.0455078 0.00261116
40 0.753606 0.151465 0.0336538 0.0556641 0.00261116
60 0.42488 0.701563 0.445913 0.1375 0.00261116
32 0.496394 0.232031 0.0456731 0.0359375 0.00259018
56 0.652644 0.621484 0.100962 0.100781 0.00259018
42 0.26262 0.709375 0.0673077 0.0265625 0.00256157
27 0.2503 0.247656 0.0985577 0.0726563 0.00255013
56 0.697115 0.526563 0.230769 0.225 0.00255013
75 0.939904 0.168164 0.0552885 0.04375 0.00254059
43 0.245192 0.721875 0.0895433 0.0507812 0.00254059
41 0.856971 0.120117 0.0528846 0.0398437 0.00253105
60 0.924279 0.682813 0.151442 0.0734375 0.00253105
41 0.849159 0.166992 0.0492788 0.0378906 0.00251198
39 0.0105168 0.335938 0.0210337 0.0609375 0.00251198
56 0.0241887 0.436719 0.047476 0.130469 0.00251198
56 0.739183 0.303516 0.129808 0.101562 0.00248146
44 0.846755 0.165625 0.0444712 0.0398437 0.00247192
75 0.847356 0.311719 0.0769231 0.126563 0.00242424
58 0.0189303 0.250781 0.0378606 0.11875 0.0024147
42 0.241587 0.710156 0.0661058 0.025 0.00239754
0 0.840745 0.418848 0.31851 0.510742 0.002388
67 0.469952 0.19043 0.0456731 0.0460938 0.00237846
67 0.455529 0.194922 0.0757212 0.0613281 0.00237846
60 0.428035 0.276172 0.136719 0.0664062 0.00237846
43 0.657452 0.655859 0.0649038 0.0789063 0.00237846
57 0.401292 0.157715 0.216647 0.18457 0.00237846
57 0.758413 0.297852 0.213942 0.158984 0.00237846
39 0.00961538 0.342383 0.0180288 0.0496094 0.00236893
56 0.819712 0.419141 0.03125 0.0484375 0.00235939
44 0.707933 0.657031 0.0817308 0.0625 0.00234985
0 0.560096 0.293164 0.512019 0.155859 0.00232315
26 0.397837 0.647656 0.384615 0.10625 0.00232315
56 0.510817 0.431641 0.675481 0.424219 0.00231361
40 0.651442 0.127148 0.03125 0.0769531 0.00230598
26 0.847356 0.312109 0.0793269 0.128125 0.00230598
44 0.713942 0.119922 0.0625 0.04375 0.00229645
43 0.241587 0.710156 0.0661058 0.025 0.00228691
56 0.772837 0.319531 0.295673 0.264062 0.00228691
56 0.557542 0.412109 0.884916 0.526563 0.00228691
43 0.26262 0.709375 0.0673077 0.0265625 0.00226974
60 0.40625 0.705469 0.592548 0.148438 0.00223351
56 0.753606 0.350391 0.194712 0.20625 0.00221634
0 0.455529 0.194922 0.0757212 0.0613281 0.00220871
0 0.939904 0.168164 0.0552885 0.04375 0.00219154
0 0.424279 0.225781 0.140625 0.05 0.00219154
40 0.809495 0.118555 0.0348558 0.0453125 0.00218201
0 0.757212 0.305859 0.158654 0.119922 0.00218201
58 0.01878 0.276367 0.0345553 0.171484 0.00218201
41 0.79988 0.155664 0.0276442 0.0277344 0.00217438
56 0.477013 0.538672 0.257512 0.164062 0.00216484
75 0.863582 0.170215 0.0360577 0.0310547 0.00215721
57 0.783053 0.279687 0.288462 0.192188 0.00215721
43 0.629808 0.629687 0.0697115 0.0890625 0.00214958
41 0.846154 0.266406 0.0588942 0.0316406 0.00214005
40 0.0105168 0.335938 0.0210337 0.0609375 0.00212479
75 0.450721 0.233203 0.0528846 0.034375 0.00209045
60 0.438552 0.672656 0.416166 0.0828125 0.00208282
42 0.646635 0.616016 0.0865385 0.0929688 0.0020752
0 0.863582 0.170215 0.0360577 0.0310547 0.00206757
13 0.0510817 0.603125 0.0973558 0.248438 0.00206757
56 0.482121 0.521484 0.759315 0.267188 0.0020504
0 0.49399 0.230469 0.0456731 0.0359375 0.00204277
26 0.667067 0.637891 0.120192 0.128906 0.00204277
54 0.362981 0.231641 0.0396635 0.0328125 0.00203514
41 0.78125 0.162012 0.03125 0.0419922 0.00201988
44 0.644231 0.603125 0.0745192 0.0828125 0.00201988
0 0.858173 0.142773 0.0673077 0.0847656 0.00200272
0 0.445913 0.1875 0.0528846 0.0433594 0.00199509
56 0.0793269 0.524609 0.141827 0.33125 0.00199509
47 0.450721 0.233203 0.0528846 0.034375 0.00198746
42 0.822115 0.748438 0.0817308 0.046875 0.00198746
0 0.196214 0.393848 0.370192 0.67793 0.917969
0 0.911058 0.416406 0.177885 0.534375 0.904785
0 0.583534 0.368359 0.47476 0.571094 0.890137
55 0.66887 0.786719 0.628606 0.210938 0.868164
60 0.531851 0.807031 0.936298 0.36875 0.841309
56 0.397837 0.649219 0.379808 0.107813 0.757812
43 0.66226 0.636328 0.112981 0.132812 0.629883
45 0.786058 0.663281 0.163462 0.065625 0.609375
41 0.240685 0.761719 0.111779 0.090625 0.462891
56 0.104868 0.948438 0.20613 0.0984375 0.318359
43 0.652644 0.621484 0.103365 0.100781 0.190674
44 0.677885 0.640625 0.129808 0.129688 0.158203
41 0.786058 0.665625 0.165865 0.0703125 0.093689
41 0.710938 0.168359 0.0612981 0.0394531 0.0803833
44 0.688702 0.660547 0.103365 0.0960938 0.0670776
39 0.847957 0.311914 0.078125 0.126953 0.0639648
55 0.617638 0.771094 0.476262 0.190625 0.0634766
44 0.652644 0.621484 0.103365 0.100781 0.0609741
39 0.932091 0.168359 0.0384615 0.0410156 0.0579224
43 0.683894 0.65 0.0997596 0.110156 0.0562439
44 0.679087 0.649609 0.09375 0.109375 0.053009
40 0.805288 0.0514648 0.0360577 0.0264648 0.0526123
42 0.675481 0.639844 0.132212 0.129688 0.0446777
75 0.710938 0.168359 0.0612981 0.0394531 0.0420837
55 0.591947 0.755469 0.390625 0.151562 0.0396423
44 0.711538 0.167871 0.0612981 0.0400391 0.0387573
56 0.799279 0.508594 0.122596 0.235938 0.0363464
43 0.688702 0.639063 0.144231 0.140625 0.0351562
44 0.253005 0.720703 0.0793269 0.0429688 0.0342407
44 0.254808 0.708594 0.0522837 0.0234375 0.0313721
43 0.646635 0.64375 0.0504808 0.0648438 0.0307922
43 0.646635 0.623438 0.141827 0.107813 0.028656
40 0.754808 0.159473 0.0324519 0.0341797 0.0267639
40 0.799279 0.161035 0.03125 0.0380859 0.0261536
42 0.658654 0.625781 0.105769 0.10625 0.024231
56 0.733173 0.310937 0.159856 0.125781 0.0235138
0 0.925481 0.258984 0.149038 0.205859 0.0235138
56 0.719351 0.58125 0.0600962 0.117188 0.0225372
44 0.245192 0.722656 0.0901442 0.0515625 0.0213623
43 0.63762 0.639063 0.0576923 0.0734375 0.0210419
60 0.778846 0.277539 0.300481 0.184766 0.0206451
49 0.450721 0.233203 0.0528846 0.034375 0.0205688
40 0.798077 0.162598 0.0408654 0.0419922 0.0199432
56 0.847356 0.312695 0.078125 0.130078 0.0191956
27 0.257812 0.254688 0.0829327 0.065625 0.0189819
40 0.905048 0.129004 0.0372596 0.0564453 0.0179901
40 0.75601 0.163281 0.0384615 0.0414063 0.0178528
39 0.359675 0.23125 0.0432692 0.0335938 0.0177155
0 0.454327 0.215625 0.0673077 0.0734375 0.016922
44 0.646635 0.64375 0.0504808 0.0648438 0.0160217
39 0.848558 0.167383 0.0492788 0.0375 0.0159607
43 0.661058 0.637891 0.0925481 0.104688 0.0158997
40 0.846154 0.165918 0.0432692 0.0396484 0.0156021
40 0.898438 0.120313 0.0324519 0.0419922 0.0154877
41 0.360577 0.23125 0.0432692 0.0339844 0.0151291
46 0.450721 0.233203 0.0528846 0.034375 0.014389
40 0.78125 0.162305 0.03125 0.0417969 0.0143356
42 0.675481 0.654688 0.078125 0.0921875 0.0139542
56 0.169546 0.948438 0.320763 0.096875 0.0138474
42 0.646635 0.64375 0.0504808 0.0648438 0.0137939
39 0.939904 0.168359 0.0552885 0.04375 0.013588
41 0.49399 0.231641 0.0480769 0.0367188 0.0134811
41 0.799279 0.161035 0.03125 0.0380859 0.0134277
40 0.804087 0.0588867 0.0408654 0.0404297 0.0131683
60 0.778245 0.216016 0.299279 0.0597656 0.0131683
39 0.49399 0.231641 0.0480769 0.0367188 0.0124283
0 0.457933 0.204736 0.0841346 0.0928711 0.0120544
75 0.932091 0.168359 0.0384615 0.0410156 0.0119629
74 0.71274 0.119824 0.0625 0.0455078 0.0117798
40 0.939904 0.168359 0.0552885 0.04375 0.0115967
42 0.683894 0.65 0.0997596 0.110156 0.011467
46 0.71274 0.12002 0.0625 0.0460938 0.0112915
44 0.63762 0.639063 0.0576923 0.0734375 0.011116
56 0.170072 0.875781 0.196514 0.2375 0.0109024
41 0.805288 0.0514648 0.0360577 0.0264648 0.0108566
56 0.757212 0.305859 0.158654 0.119531 0.0108566
40 0.711538 0.167871 0.0612981 0.0400391 0.0108185
40 0.856971 0.166602 0.0625 0.0390625 0.0108185
75 0.852163 0.166406 0.0564904 0.0421875 0.0106125
44 0.71274 0.139453 0.0649038 0.0886719 0.0105667
56 0.74399 0.327148 0.186298 0.151953 0.0105667
67 0.240685 0.7625 0.111779 0.090625 0.0105667
40 0.860577 0.121289 0.0600962 0.0378906 0.0102921
40 0.786058 0.162793 0.0456731 0.0427734 0.0102463
41 0.847356 0.312109 0.0769231 0.119141 0.00985718
13 0.104868 0.948438 0.206731 0.1 0.00985718
40 0.93149 0.133984 0.0456731 0.0792969 0.00971222
74 0.860577 0.120898 0.0600962 0.0394531 0.00967407
40 0.910457 0.142188 0.0637019 0.0851563 0.00967407
56 0.19381 0.9 0.252404 0.19375 0.00963593
40 0.910457 0.124121 0.0264423 0.0494141 0.00941467
0 0.971154 0.317578 0.0552885 0.053125 0.00933838
53 0.668119 0.786133 0.625301 0.212109 0.00926971
56 0.0534856 0.560156 0.102163 0.334375 0.00919342
41 0.939904 0.168359 0.0552885 0.04375 0.0091629
41 0.798077 0.162598 0.0408654 0.0419922 0.00871277
0 0.920072 0.334961 0.159856 0.367578 0.00871277
44 0.361178 0.232031 0.0408654 0.0335938 0.0086441
40 0.858173 0.142969 0.0673077 0.084375 0.00854492
43 0.675481 0.654688 0.078125 0.0921875 0.00847626
42 0.247596 0.708594 0.046875 0.0226563 0.00831604
45 0.710938 0.168359 0.0612981 0.0394531 0.008255
41 0.450721 0.233203 0.0528846 0.034375 0.00812531
44 0.661058 0.637891 0.0925481 0.104688 0.00806427
0 0.473558 0.414062 0.930288 0.689063 0.00790405
40 0.804087 0.137695 0.0408654 0.0828125 0.0077858
39 0.798077 0.162598 0.0408654 0.0419922 0.00772476
45 0.786659 0.65 0.16226 0.0375 0.00751877
40 0.864183 0.170703 0.0360577 0.0304688 0.00743103
41 0.861779 0.173828 0.0396635 0.0261719 0.00714874
40 0.769231 0.0584961 0.0432692 0.0388672 0.00701141
40 0.360577 0.23125 0.0432692 0.0339844 0.00695801
56 0.56851 0.310547 0.492788 0.129688 0.0068512
40 0.936298 0.126465 0.0336538 0.0613281 0.00682449
44 0.450721 0.233203 0.0528846 0.034375 0.00674438
39 0.860577 0.308594 0.0528846 0.107813 0.00671768
39 0.864183 0.170703 0.0360577 0.0304688 0.00661469
44 0.701923 0.66875 0.0949519 0.0828125 0.00661469
41 0.713341 0.120703 0.0637019 0.0457031 0.0064888
40 0.932692 0.166797 0.0360577 0.0429688 0.0064621
43 0.254808 0.708594 0.0522837 0.0234375 0.0064621
75 0.859375 0.120703 0.0588942 0.0404297 0.00643921
56 0.733774 0.578906 0.0384615 0.114063 0.00643921
40 0.734976 0.163281 0.0336538 0.040625 0.00631332
44 0.660457 0.628516 0.110577 0.128906 0.00629044
76 0.667067 0.637891 0.122596 0.128906 0.00626373
40 0.896635 0.108594 0.0228365 0.0179687 0.00614548
40 0.890625 0.141016 0.0444712 0.0835937 0.00600433
0 0.360577 0.23125 0.0432692 0.0339844 0.00600433
39 0.799279 0.161035 0.03125 0.0380859 0.00591278
43 0.665865 0.555469 0.0564904 0.0296875 0.00591278
40 0.711538 0.140039 0.0649038 0.0921875 0.00577545
41 0.932091 0.168359 0.0384615 0.0410156 0.00575256
42 0.63762 0.639063 0.0576923 0.0734375 0.00570679
69 0.0522837 0.603516 0.100361 0.249219 0.00566483
40 0.889423 0.166016 0.0384615 0.0386719 0.00564194
56 0.401442 0.157837 0.216346 0.183936 0.00559998
56 0.429087 0.288086 0.139423 0.0886719 0.00557709
56 0.115685 0.904688 0.227163 0.1875 0.00557709
39 0.711538 0.167773 0.0625 0.0398437 0.00542831
40 0.757212 0.126074 0.0336538 0.0662109 0.0053215
40 0.777043 0.155469 0.0396635 0.0535156 0.0053215
67 0.479567 0.196094 0.0336538 0.034375 0.00526047
56 0.411659 0.248047 0.103365 0.0117188 0.00526047
41 0.754808 0.159473 0.0324519 0.0341797 0.00518036
41 0.971154 0.317578 0.0552885 0.053125 0.00511932
43 0.64363 0.605078 0.117788 0.139063 0.00503922
40 0.765625 0.137109 0.0576923 0.0851563 0.00502014
41 0.442308 0.186377 0.0456731 0.0405273 0.00496292
60 0.433894 0.288086 0.15024 0.0894531 0.00492477
41 0.847356 0.167383 0.0456731 0.0378906 0.0049057
56 0.745192 0.516016 0.209135 0.246094 0.0049057
56 0.0534856 0.627734 0.103365 0.572656 0.00486755
40 0.760817 0.0520996 0.0408654 0.0491211 0.00484848
56 0.695312 0.583594 0.104567 0.123438 0.00479126
46 0.361178 0.232031 0.0408654 0.0335938 0.00471878
41 0.820913 0.75 0.0697115 0.04375 0.0046463
56 0.0480769 0.864062 0.0949519 0.1 0.00453949
56 0.360577 0.231445 0.0444712 0.0351562 0.00443268
73 0.736779 0.134961 0.444712 0.107813 0.00443268
56 0.144231 0.932813 0.211538 0.13125 0.00429916
56 0.276442 0.86875 0.411058 0.260938 0.00416565
74 0.710938 0.167383 0.0600962 0.0394531 0.00408554
45 0.71274 0.119824 0.0625 0.0455078 0.00407028
0 0.452524 0.198779 0.0697115 0.0711914 0.00407028
42 0.253005 0.720703 0.0793269 0.0429688 0.00407028
44 0.713942 0.120117 0.0625 0.04375 0.00405502
0 0.759014 0.416406 0.253606 0.5 0.00403976
0 0.753606 0.308008 0.201923 0.136328 0.00395966
74 0.954928 0.0592285 0.0504808 0.0331055 0.00391388
41 0.860577 0.308594 0.0528846 0.107813 0.00391388
44 0.26262 0.709766 0.0679087 0.0265625 0.00388527
32 0.71274 0.119824 0.0625 0.0455078 0.00387001
41 0.856971 0.120313 0.0528846 0.0398437 0.00385475
43 0.644231 0.603125 0.0745192 0.084375 0.00382423
44 0.846154 0.165918 0.0432692 0.0396484 0.00380898
49 0.362981 0.231641 0.0408654 0.0328125 0.0037365
40 0.753606 0.153809 0.0348558 0.0494141 0.00369263
43 0.664663 0.589844 0.0600962 0.0953125 0.00369263
39 0.450721 0.233203 0.0528846 0.034375 0.00366402
63 0.400841 0.648047 0.385817 0.107813 0.0036068
56 0.728365 0.522656 0.134615 0.235156 0.00359344
44 0.644231 0.590625 0.0649038 0.119531 0.00356483
43 0.644231 0.590625 0.0649038 0.119531 0.00353813
0 0.847356 0.311719 0.0769231 0.130469 0.00349617
40 0.957933 0.0390625 0.0552885 0.0742188 0.00348282
43 0.658654 0.570312 0.0528846 0.075 0.00342941
40 0.804087 0.111523 0.0240385 0.028125 0.00338936
42 0.656851 0.655469 0.0637019 0.0796875 0.00338936
40 0.650841 0.126367 0.03125 0.0753906 0.00336266
0 0.355769 0.23125 0.0552885 0.0394531 0.00329781
41 0.78125 0.162305 0.03125 0.0417969 0.00324821
44 0.656851 0.655469 0.0637019 0.0796875 0.00322342
56 0.670072 0.575781 0.176683 0.132812 0.00322342
39 0.455529 0.194336 0.0769231 0.0582031 0.00319672
42 0.643029 0.614844 0.141827 0.109375 0.00319672
44 0.716947 0.678125 0.0985577 0.06875 0.00318527
39 0.859375 0.120703 0.0600962 0.0390625 0.00317192
0 0.451923 0.232422 0.0600962 0.0363281 0.00304031
0 0.734375 0.276953 0.182692 0.188281 0.00302696
41 0.75601 0.163281 0.0384615 0.0414063 0.00300407
40 0.452524 0.198779 0.0697115 0.0711914 0.00300407
32 0.496394 0.232031 0.0456731 0.0359375 0.00296974
75 0.359675 0.23125 0.0432692 0.0335938 0.0029583
43 0.691106 0.554688 0.115385 0.0421875 0.0029583
43 0.654447 0.609375 0.0793269 0.0890625 0.0029583
75 0.939904 0.168359 0.0552885 0.04375 0.00288963
56 0.132737 0.869531 0.25015 0.248438 0.00286674
41 0.813101 0.738281 0.0973558 0.0671875 0.00284576
39 0.754808 0.159473 0.0324519 0.0341797 0.00282288
41 0.205529 0.764063 0.18149 0.101562 0.00282288
44 0.241587 0.710156 0.0661058 0.025 0.00281143
42 0.644231 0.590625 0.0649038 0.119531 0.00279999
56 0.734375 0.276953 0.182692 0.188281 0.00279999
67 0.455529 0.194336 0.0769231 0.0582031 0.00276756
45 0.240385 0.762891 0.111779 0.0914062 0.00275803
39 0.240685 0.763281 0.111178 0.0921875 0.00274658
43 0.695913 0.6625 0.0793269 0.0890625 0.00271416
67 0.477163 0.182373 0.0432692 0.0680664 0.00270462
75 0.450721 0.233203 0.0528846 0.034375 0.00270462
41 0.734976 0.163281 0.0336538 0.040625 0.00269318
42 0.245192 0.722656 0.0901442 0.0515625 0.00268364
76 0.652644 0.621484 0.103365 0.100781 0.00264168
60 0.80649 0.675781 0.384615 0.0921875 0.00261116
67 0.47476 0.191211 0.0360577 0.0433594 0.00254059
40 0.809495 0.116797 0.0348558 0.0414063 0.00252151
13 0.0510817 0.602344 0.0979567 0.25 0.0024929
44 0.706731 0.657813 0.0865385 0.0640625 0.00247192
0 0.846154 0.165918 0.0432692 0.0396484 0.00245285
75 0.847356 0.311328 0.0769231 0.125781 0.0024147
39 0.0105168 0.335938 0.0210337 0.0601563 0.0024147
45 0.789062 0.645312 0.157452 0.025 0.0024147
41 0.786058 0.162793 0.0456731 0.0427734 0.00240517
56 0.819111 0.419531 0.03125 0.0484375 0.00237846
60 0.924279 0.682813 0.151442 0.0734375 0.00234985
55 0.830529 0.753516 0.0913462 0.0523438 0.00234985
56 0.0244892 0.435937 0.0480769 0.132031 0.00234222
27 0.249399 0.247656 0.100962 0.0734375 0.00233269
40 0.759615 0.0588867 0.0408654 0.0378906 0.00231361
39 0.00961538 0.345898 0.0177284 0.0425781 0.00228691
39 0.454327 0.215625 0.0673077 0.0734375 0.00228691
43 0.656851 0.655469 0.0637019 0.0796875 0.00227928
40 0.49399 0.230664 0.0456731 0.0359375 0.00225258
56 0.75 0.417285 0.310096 0.466992 0.00225258
14 0.71274 0.12002 0.0625 0.0460938 0.00224304
47 0.713341 0.120703 0.0637019 0.0457031 0.00223351
40 0.933293 0.159082 0.03125 0.0333984 0.00223351
56 0.0790264 0.525879 0.141226 0.335742 0.00221634
60 0.424129 0.70625 0.445012 0.145313 0.00221634
40 0.0105168 0.335938 0.0210337 0.0601563 0.00220871
0 0.414513 0.209326 0.158954 0.0821289 0.00219917
40 0.753005 0.0535645 0.0432692 0.0487305 0.00219154
41 0.846154 0.266406 0.0576923 0.03125 0.00218201
56 0.695312 0.526953 0.228365 0.221094 0.00216484
75 0.861779 0.173828 0.0396635 0.0261719 0.00215721
71 0.414063 0.24707 0.0997596 0.0101563 0.00215721
0 0.561298 0.300391 0.507212 0.141406 0.00215721
0 0.851563 0.419141 0.296875 0.513281 0.00214958
39 0.442308 0.186328 0.0504808 0.0445313 0.00212479
0 0.757212 0.305859 0.158654 0.119531 0.00211525
0 0.856971 0.120313 0.0528846 0.0398437 0.00210762
45 0.450721 0.233203 0.0528846 0.034375 0.00208282
47 0.971154 0.317578 0.0552885 0.053125 0.00205803
44 0.644231 0.603125 0.0745192 0.084375 0.00205803
13 0.79988 0.510938 0.123798 0.23125 0.00205803
40 0.786058 0.6625 0.163462 0.0664062 0.00205803
56 0.0414663 0.533594 0.0757212 0.351562 0.00204277
43 0.629808 0.629687 0.0697115 0.0890625 0.00203514
42 0.822115 0.748438 0.0817308 0.046875 0.00203514
48 0.668119 0.786133 0.625301 0.212109 0.00203514
44 0.35637 0.23125 0.0528846 0.0382813 0.00201988
42 0.26262 0.709766 0.0679087 0.0265625 0.00201035
43 0.253005 0.720703 0.0793269 0.0429688 0.00200272
56 0.783654 0.279492 0.283654 0.191797 0.00199509
56 0.739183 0.303906 0.129808 0.103125 0.0019722
56 0.652644 0.621484 0.103365 0.100781 0.0019722
40 0.757212 0.105762 0.0240385 0.0261719 0.00196457
58 0.0189303 0.25 0.0378606 0.117188 0.00192642
0 0.463341 0.222852 0.078125 0.0582031 0.00191879
26 0.847356 0.312109 0.0793269 0.127344 0.00191212
42 0.241587 0.710156 0.0661058 0.025 0.00190449
56 0.489032 0.542188 0.279147 0.160938 0.00190449
13 0.0521334 0.547266 0.101863 0.35625 0.00190449
41 0.895433 0.179883 0.0384615 0.0128906 0.00189686
41 0.830529 0.753516 0.0913462 0.0523438 0.00189686
40 0.811899 0.152344 0.0612981 0.0609375 0.00188923
72 0.847356 0.314844 0.0793269 0.128906 0.00188923
0 0.123272 0.95 0.180138 0.096875 0.00188255
40 0.954327 0.0592773 0.0516827 0.0337891 0.00187492
42 0.658654 0.570312 0.0528846 0.075 0.00187492
40 0.804688 0.163672 0.0612981 0.0429688 0.00186729
57 0.753606 0.308008 0.201923 0.136328 0.00186062
60 0.823918 0.414062 0.0456731 0.0515625 0.00185299
14 0.711538 0.167871 0.0612981 0.0400391 0.00183105
0 0.783654 0.279492 0.283654 0.191797 0.00182438
40 0.629808 0.109375 0.0336538 0.0390625 0.0018177
60 0.439303 0.674219 0.419471 0.0867188 0.0018177
44 0.658654 0.570312 0.0528846 0.075 0.0018034
43 0.634615 0.592188 0.0637019 0.0703125 0.00178909
26 0.397236 0.648438 0.383413 0.10625 0.00178242
0 0.196214 0.39375 0.369591 0.679688 0.917969
0 0.911659 0.415723 0.176683 0.535742 0.908203
55 0.668419 0.785937 0.629507 0.2125 0.890137
0 0.584285 0.370313 0.473257 0.575 0.886719
60 0.533053 0.807813 0.933894 0.36875 0.858398
56 0.397837 0.65 0.378606 0.108594 0.779785
43 0.663462 0.635938 0.115385 0.134375 0.638672
45 0.786058 0.664062 0.163462 0.0679687 0.541016
41 0.240385 0.7625 0.111779 0.090625 0.434082
56 0.104567 0.948438 0.205529 0.0984375 0.337158
43 0.652644 0.621484 0.103365 0.101562 0.138428
41 0.710938 0.168457 0.0612981 0.0396484 0.133911
44 0.677885 0.640234 0.129808 0.13125 0.126831
41 0.786058 0.665625 0.165865 0.071875 0.110107
40 0.805288 0.0517578 0.0360577 0.0275391 0.0665894
39 0.847356 0.310937 0.0769231 0.125781 0.0611877
44 0.689904 0.660156 0.106971 0.096875 0.0592041
44 0.711538 0.167969 0.0612981 0.0402344 0.0545959
39 0.932091 0.168457 0.0384615 0.0412109 0.0524292
44 0.652644 0.621484 0.103365 0.101562 0.0503235
42 0.675481 0.639063 0.132212 0.13125 0.0448608
55 0.591346 0.763672 0.401442 0.172656 0.0445251
44 0.679087 0.649609 0.0961538 0.110156 0.0430298
43 0.684495 0.65 0.102163 0.110937 0.0408325
43 0.6875 0.638672 0.141827 0.142969 0.0370483
75 0.710938 0.168457 0.0612981 0.0396484 0.0343628
44 0.252404 0.721094 0.0805288 0.0445313 0.033844
40 0.799279 0.161816 0.0324519 0.0396484 0.0328369
40 0.754808 0.160352 0.0324519 0.0359375 0.0318604
44 0.254808 0.708594 0.0534856 0.0234375 0.0314941
43 0.644231 0.615625 0.141827 0.114063 0.029541
56 0.800481 0.509375 0.120192 0.239844 0.0272675
49 0.450721 0.233594 0.0528846 0.0351562 0.0255585
43 0.646034 0.644141 0.0504808 0.0648438 0.025177
41 0.49399 0.232031 0.0456731 0.0367188 0.0248871
42 0.659856 0.626563 0.108173 0.109375 0.0246124
40 0.905048 0.129004 0.0372596 0.0568359 0.0238647
41 0.360577 0.23125 0.0432692 0.034375 0.0228882
56 0.733173 0.310937 0.157452 0.125781 0.0224609
40 0.898438 0.120508 0.0324519 0.0425781 0.0222931
0 0.925481 0.25918 0.149038 0.205859 0.0211182
40 0.846154 0.166113 0.0432692 0.0396484 0.0193481
41 0.799279 0.161816 0.0324519 0.0396484 0.0181885
56 0.719952 0.58125 0.0600962 0.117188 0.0180511
40 0.804087 0.0591797 0.0408654 0.0410156 0.0175781
44 0.71274 0.139258 0.0649038 0.0878906 0.0174408
40 0.782452 0.1625 0.0336538 0.0421875 0.0171814
39 0.359375 0.231445 0.0432692 0.0339844 0.0171051
27 0.257812 0.254688 0.0841346 0.0671875 0.0170441
43 0.63762 0.639453 0.0576923 0.0734375 0.0167847
0 0.454327 0.207471 0.0733173 0.0881836 0.0154266
46 0.450721 0.233594 0.0528846 0.0351562 0.0153046
40 0.860577 0.121484 0.0600962 0.0382813 0.0152512
41 0.450721 0.233594 0.0528846 0.0351562 0.0152512
41 0.805288 0.0517578 0.0360577 0.0275391 0.0149002
56 0.847356 0.3125 0.078125 0.130469 0.0145569
40 0.858173 0.166699 0.0637019 0.0392578 0.0145035
0 0.453125 0.219922 0.0673077 0.0644531 0.0144501
40 0.939904 0.168359 0.0552885 0.0441406 0.0143356
41 0.939904 0.168359 0.0552885 0.0441406 0.0143356
44 0.646034 0.644141 0.0504808 0.0648438 0.0143356
56 0.170373 0.948438 0.322716 0.096875 0.0141754
55 0.646484 0.783594 0.697416 0.276563 0.0136337
75 0.932091 0.168457 0.0384615 0.0412109 0.0135345
39 0.846154 0.166113 0.0432692 0.0396484 0.0132217
67 0.240385 0.7625 0.111779 0.090625 0.0132217
40 0.93149 0.133789 0.0432692 0.0792969 0.0130692
39 0.939904 0.168359 0.0552885 0.0441406 0.0129242
42 0.646034 0.644141 0.0504808 0.0648438 0.0126266
40 0.711538 0.167969 0.0612981 0.0402344 0.0124283
42 0.676082 0.653125 0.0793269 0.0953125 0.0123825
39 0.49399 0.232031 0.0456731 0.0367188 0.012291
60 0.778846 0.277539 0.298077 0.184766 0.012291
40 0.911659 0.141992 0.0625 0.0851563 0.0121002
45 0.710938 0.168457 0.0612981 0.0396484 0.0118713
13 0.104642 0.948438 0.206581 0.1 0.0118713
44 0.361178 0.232031 0.0408654 0.0335938 0.0117798
41 0.861178 0.173828 0.0396635 0.0265625 0.0115967
40 0.911058 0.124805 0.0264423 0.0507812 0.0112915
40 0.858774 0.143066 0.0673077 0.0845703 0.0112915
44 0.63762 0.639453 0.0576923 0.0734375 0.0103683
41 0.713942 0.120898 0.0625 0.0460938 0.0102081
41 0.932091 0.168457 0.0384615 0.0412109 0.0100555
46 0.71274 0.120313 0.0625 0.0464844 0.00985718
40 0.804688 0.137891 0.0408654 0.0835937 0.00971222
40 0.864183 0.170898 0.0360577 0.0308594 0.00955963
75 0.852163 0.166992 0.0576923 0.0410156 0.00952148
40 0.76863 0.0585938 0.0444712 0.0402344 0.00941467
56 0.74399 0.327344 0.185096 0.152344 0.00941467
40 0.936298 0.126855 0.0336538 0.0621094 0.00937653
56 0.170072 0.872656 0.197115 0.245312 0.00937653
41 0.846755 0.167578 0.0444712 0.0378906 0.00930023
44 0.450721 0.233594 0.0528846 0.0351562 0.00930023
43 0.661058 0.638281 0.0961538 0.107813 0.00919342
74 0.860577 0.121484 0.0600962 0.0382813 0.00908661
74 0.71274 0.12002 0.0625 0.0457031 0.0086441
56 0.757212 0.305469 0.158654 0.119531 0.00857544
53 0.667668 0.785937 0.623798 0.2125 0.00854492
56 0.193209 0.898438 0.254808 0.196875 0.00831604
42 0.684495 0.65 0.102163 0.110937 0.00828552
40 0.932692 0.166992 0.0360577 0.0433594 0.008255
0 0.920673 0.341992 0.158654 0.383203 0.008255
41 0.442308 0.186719 0.0456731 0.0410156 0.00818634
0 0.971154 0.317578 0.0552885 0.0539063 0.00818634
40 0.360577 0.23125 0.0432692 0.034375 0.00796509
41 0.846755 0.311719 0.0769231 0.119531 0.00796509
60 0.777644 0.216406 0.298077 0.0601563 0.00775528
56 0.0537861 0.559375 0.101563 0.335938 0.00775528
0 0.472957 0.41416 0.929087 0.687305 0.00775528
40 0.896635 0.108691 0.0228365 0.0181641 0.00769424
40 0.757812 0.126367 0.0348558 0.0666016 0.00769424
40 0.711538 0.140332 0.0649038 0.0919922 0.00746155
40 0.889423 0.140332 0.0432692 0.0822266 0.00734711
42 0.247897 0.708594 0.047476 0.0234375 0.00731659
40 0.736178 0.163477 0.0324519 0.040625 0.00717545
39 0.798077 0.162695 0.0408654 0.0421875 0.00714874
43 0.676082 0.653125 0.0793269 0.0953125 0.00714874
40 0.889423 0.166211 0.0384615 0.0386719 0.00709534
44 0.713942 0.120313 0.0625 0.0441406 0.0068512
40 0.760817 0.0520996 0.0420673 0.0500977 0.00682449
41 0.754808 0.160352 0.0324519 0.0359375 0.00677109
44 0.661058 0.628906 0.110577 0.13125 0.00674438
40 0.801683 0.162891 0.0480769 0.0417969 0.00669098
76 0.667668 0.638281 0.122596 0.129688 0.00669098
45 0.71274 0.12002 0.0625 0.0457031 0.00658798
44 0.701923 0.66875 0.0961538 0.084375 0.00653839
56 0.570913 0.310742 0.485577 0.129297 0.00643921
40 0.777043 0.15459 0.0408654 0.0556641 0.00641251
75 0.859375 0.120898 0.0588942 0.0404297 0.00638962
40 0.766226 0.137305 0.0564904 0.0851563 0.00636292
39 0.864183 0.170898 0.0360577 0.0308594 0.00621796
39 0.861178 0.308594 0.0516827 0.108594 0.00614548
44 0.852163 0.166602 0.0564904 0.0421875 0.00598145
56 0.734375 0.578906 0.0372596 0.114063 0.00591278
0 0.461538 0.198389 0.0889423 0.102441 0.00591278
43 0.645433 0.606641 0.117788 0.141406 0.00566483
41 0.856971 0.120508 0.0528846 0.0402344 0.0055542
42 0.63762 0.639453 0.0576923 0.0734375 0.00542831
56 0.114784 0.904688 0.225361 0.1875 0.00542831
41 0.971154 0.317578 0.0552885 0.0539063 0.00538635
45 0.786659 0.650781 0.16226 0.0390625 0.0053215
56 0.0480769 0.864844 0.0949519 0.101562 0.00500107
40 0.957933 0.0390137 0.0552885 0.074707 0.00498199
67 0.479567 0.196289 0.0336538 0.034375 0.00486755
43 0.665865 0.555469 0.0576923 0.03125 0.00481033
43 0.254808 0.708594 0.0534856 0.0234375 0.00481033
56 0.428486 0.288086 0.138221 0.0890625 0.00473785
40 0.753606 0.15166 0.0360577 0.0576172 0.00469971
39 0.712139 0.167969 0.0625 0.0398437 0.00466537
0 0.360577 0.23125 0.0432692 0.034375 0.0045929
46 0.361178 0.232031 0.0408654 0.0335938 0.00452042
56 0.362981 0.231836 0.0402644 0.0332031 0.00432968
56 0.411058 0.248047 0.103365 0.0121094 0.00429916
60 0.433894 0.288086 0.149038 0.0898438 0.00424957
40 0.650841 0.124609 0.03125 0.071875 0.00421524
63 0.400841 0.648828 0.384615 0.108594 0.00415039
0 0.847356 0.311719 0.0769231 0.130469 0.00411606
49 0.362981 0.231836 0.0402644 0.0332031 0.00407028
56 0.0537861 0.630078 0.103365 0.569531 0.00405502
41 0.782452 0.1625 0.0336538 0.0421875 0.00403976
56 0.695913 0.583594 0.103365 0.123438 0.00403976
44 0.26262 0.709766 0.0685096 0.0273438 0.00402451
40 0.804087 0.111719 0.0240385 0.028125 0.00395966
40 0.451923 0.197461 0.0685096 0.0679687 0.00391388
56 0.740385 0.515625 0.21274 0.245312 0.00382423
39 0.450721 0.233594 0.0528846 0.0351562 0.00378036
56 0.401292 0.157813 0.214243 0.183594 0.00362206
56 0.142127 0.940625 0.209736 0.115625 0.00362206
73 0.742788 0.135352 0.432692 0.106641 0.0036068
69 0.0521334 0.603125 0.10006 0.248438 0.00352478
56 0.276743 0.866406 0.410457 0.265625 0.00351143
0 0.752404 0.309766 0.197115 0.132812 0.00348282
41 0.820913 0.750391 0.0673077 0.0445313 0.00346947
42 0.644231 0.615625 0.141827 0.114063 0.00344276
74 0.710938 0.167578 0.0600962 0.0398437 0.00338936
42 0.252404 0.721094 0.0805288 0.0445313 0.00338936
41 0.736178 0.163477 0.0324519 0.040625 0.00337601
45 0.450721 0.233594 0.0528846 0.0351562 0.00337601
74 0.954928 0.0592773 0.0504808 0.0333984 0.00336266
39 0.455529 0.194531 0.0769231 0.0589844 0.00331116
41 0.861178 0.308594 0.0516827 0.108594 0.00329781
75 0.450721 0.233594 0.0528846 0.0351562 0.00328636
32 0.496394 0.232031 0.0456731 0.0359375 0.00321007
0 0.759615 0.416699 0.252404 0.499414 0.00317192
75 0.359375 0.231445 0.0432692 0.0339844 0.00316048
44 0.644231 0.590625 0.0649038 0.120313 0.00312424
13 0.0510817 0.602344 0.0979567 0.25 0.00312424
42 0.65625 0.655469 0.0625 0.0796875 0.00311089
44 0.716346 0.675391 0.0973558 0.0734375 0.00311089
43 0.664663 0.589844 0.0612981 0.096875 0.00309944
40 0.753005 0.0534668 0.0432692 0.0495117 0.003088
75 0.939904 0.168359 0.0552885 0.0441406 0.003088
56 0.721154 0.524219 0.129808 0.23125 0.00307465
44 0.65625 0.655469 0.0625 0.0796875 0.00299263
32 0.71274 0.12002 0.0625 0.0457031 0.00298119
0 0.355469 0.23125 0.0552885 0.0398437 0.0029583
40 0.809495 0.116797 0.0348558 0.0417969 0.00284576
67 0.455529 0.194531 0.0769231 0.0589844 0.00283432
39 0.859375 0.120898 0.0600962 0.0390625 0.00277901
43 0.658654 0.572656 0.0528846 0.078125 0.00276756
44 0.241887 0.710547 0.0673077 0.0257812 0.00274658
43 0.644231 0.590625 0.0649038 0.120313 0.00271416
44 0.736178 0.163477 0.0324519 0.040625 0.00269318
44 0.35637 0.23125 0.0528846 0.0390625 0.00268364
40 0.933293 0.158984 0.03125 0.0328125 0.00265312
56 0.731971 0.279492 0.173077 0.182422 0.00265312
71 0.413311 0.247266 0.0988582 0.0101563 0.00263214
41 0.205529 0.764063 0.18149 0.101562 0.0026207
75 0.847356 0.310937 0.0769231 0.125781 0.00261116
39 0.453125 0.219922 0.0673077 0.0644531 0.00261116
56 0.132512 0.869531 0.250601 0.248438 0.00261116
40 0.757212 0.106152 0.0240385 0.0271484 0.00259018
40 0.786058 0.663281 0.163462 0.06875 0.00259018
56 0.667668 0.576563 0.18149 0.130469 0.00257111
40 0.49399 0.230859 0.0456731 0.0359375 0.00254059
43 0.644231 0.603125 0.0757212 0.084375 0.00253105
43 0.695913 0.661719 0.0793269 0.090625 0.0024929
39 0.240385 0.763281 0.111178 0.0921875 0.0024929
39 0.754808 0.160352 0.0324519 0.0359375 0.00245285
56 0.819111 0.419141 0.0324519 0.0492188 0.00244331
60 0.805288 0.675781 0.384615 0.0921875 0.00244331
67 0.477163 0.182471 0.0432692 0.0686523 0.00243378
41 0.895433 0.180127 0.0384615 0.0131836 0.00243378
40 0.811298 0.151758 0.0600962 0.0625 0.002388
44 0.451923 0.197461 0.0685096 0.0679687 0.002388
0 0.451923 0.232617 0.0600962 0.0363281 0.00236893
45 0.44351 0.18667 0.0480769 0.0407227 0.00234985
60 0.651593 0.781445 0.67518 0.249609 0.00231361
43 0.691106 0.55625 0.115385 0.046875 0.00230598
56 0.076848 0.527344 0.137169 0.340625 0.00230598
42 0.644231 0.590625 0.0649038 0.120313 0.00229645
67 0.47476 0.191406 0.0360577 0.04375 0.00228691
40 0.630409 0.109473 0.0336538 0.0398437 0.00226021
60 0.924279 0.682813 0.151442 0.0742188 0.00226021
0 0.731971 0.279492 0.173077 0.182422 0.00226021
40 0.651442 0.107813 0.0288462 0.0410156 0.00225258
60 0.404898 0.708594 0.594051 0.153125 0.00225258
40 0.954327 0.059375 0.0516827 0.0339844 0.00224304
40 0.0105168 0.336328 0.0210337 0.0601563 0.00221634
41 0.955529 0.0592773 0.0504808 0.0335938 0.00219917
41 0.845553 0.267969 0.0588942 0.0351562 0.00218201
39 0.442308 0.186328 0.0504808 0.0449219 0.00214958
40 0.816106 0.0537598 0.0625 0.0504883 0.00213242
0 0.46274 0.225781 0.0721154 0.0523438 0.00213242
40 0.878606 0.142383 0.115385 0.0882813 0.00212479
13 0.800481 0.510156 0.122596 0.229687 0.00211525
56 0.0246394 0.436035 0.0480769 0.132617 0.00208282
56 0.0366587 0.507812 0.0679087 0.285938 0.00206757
13 0.0522837 0.547559 0.102163 0.356445 0.00206757
75 0.864183 0.170898 0.0360577 0.0308594 0.00204277
43 0.655048 0.609766 0.0793269 0.0890625 0.00201035
44 0.859375 0.120801 0.0588942 0.0396484 0.00200272
42 0.819712 0.749219 0.0697115 0.04375 0.00200272
40 0.647837 0.141602 0.0396635 0.105859 0.00199509
43 0.65625 0.655469 0.0625 0.0796875 0.00198746
27 0.248798 0.247656 0.102163 0.0734375 0.0019722
41 0.8125 0.738281 0.0973558 0.06875 0.00195694
45 0.239784 0.7625 0.111779 0.0921875 0.00194931
43 0.763221 0.680469 0.300481 0.229687 0.00194168
0 0.415264 0.210889 0.155048 0.0790039 0.00191879
72 0.847356 0.314844 0.078125 0.128906 0.00191212
44 0.758413 0.135937 0.0456731 0.0859375 0.00190449
39 0.0105168 0.336328 0.0210337 0.0601563 0.00190449
0 0.122897 0.95 0.180889 0.096875 0.00189686
39 0.00961538 0.347461 0.0174279 0.0394531 0.00188255
42 0.26262 0.709766 0.0685096 0.0273438 0.00186729
44 0.762019 0.664062 0.211538 0.0734375 0.00186729
71 0.782452 0.215234 0.296875 0.0609375 0.00186062
40 0.807692 0.045105 0.0360577 0.0429932 0.00185299
76 0.652644 0.621484 0.103365 0.101562 0.00185299
13 0.400841 0.648828 0.384615 0.108594 0.00182438
26 0.847356 0.311914 0.0793269 0.127734 0.0018177
14 0.71274 0.119727 0.0625 0.0453125 0.00178909
45 0.789062 0.645312 0.157452 0.0265625 0.00176811
41 0.95012 0.171094 0.0733173 0.0402344 0.00175476
0 0.834135 0.417285 0.331731 0.513867 0.00175476
45 0.411058 0.248047 0.103365 0.0121094 0.00174809
56 0.738582 0.303906 0.13101 0.103906 0.00174141
60 0.823918 0.414062 0.0456731 0.053125 0.0017271
42 0.241887 0.710547 0.0673077 0.0257812 0.00172043
45 0.859976 0.120801 0.0600962 0.0394531 0.00170708
39 0.454327 0.207471 0.0733173 0.0881836 0.0017004
40 0.627404 0.105664 0.0324519 0.0378906 0.00169373
47 0.713942 0.120898 0.0625 0.0460938 0.00169373
56 0.821514 0.416406 0.0420673 0.0546875 0.00169373
0 0.560096 0.303516 0.507212 0.135156 0.00169373
56 0.652644 0.621484 0.103365 0.101562 0.00168705
43 0.629808 0.629687 0.0721154 0.0898438 0.00168705
56 0.688702 0.528125 0.235577 0.215625 0.00168705
56 0.489032 0.542969 0.279147 0.160938 0.00168705
26 0.667668 0.638281 0.122596 0.129688 0.00167465
69 0.400841 0.648828 0.384615 0.108594 0.00166798
40 0.901442 0.141992 0.0985577 0.0886719 0.0016489
44 0.658654 0.572656 0.0528846 0.078125 0.00164223
60 0.845553 0.724219 0.302885 0.182812 0.00164223
41 0.804087 0.0591797 0.0408654 0.0410156 0.00163555
42 0.658654 0.572656 0.0528846 0.078125 0.00163555
47 0.450721 0.233594 0.0528846 0.0351562 0.00162888
46 0.49399 0.232031 0.0456731 0.0367188 0.00162315
76 0.711538 0.142188 0.0649038 0.0902344 0.00161648
0 0.196439 0.39375 0.369141 0.679688 0.917969
0 0.91226 0.416016 0.175481 0.535937 0.913574
55 0.667668 0.785937 0.626202 0.217188 0.902832
0 0.585487 0.371484 0.470853 0.577344 0.894043
60 0.534255 0.807617 0.93149 0.369141 0.872559
56 0.397837 0.650781 0.377404 0.109375 0.820801
43 0.667067 0.637891 0.120192 0.133594 0.700684
45 0.786058 0.665625 0.163462 0.0703125 0.453369
41 0.239784 0.7625 0.111779 0.0921875 0.424316
56 0.103666 0.948438 0.204327 0.1 0.39502
41 0.710938 0.168652 0.0600962 0.0400391 0.194336
41 0.786058 0.666797 0.163462 0.0726563 0.112427
44 0.676683 0.640234 0.13101 0.132812 0.0856934
40 0.805889 0.0523438 0.0348558 0.0291016 0.0838623
43 0.652644 0.621484 0.103365 0.102344 0.0758667
44 0.711538 0.168164 0.0600962 0.0402344 0.0700684
39 0.93149 0.168164 0.0360577 0.0429688 0.0503235
40 0.799279 0.162402 0.0324519 0.0408203 0.0463867
39 0.847957 0.311328 0.0769231 0.126563 0.0451965
41 0.49399 0.232031 0.0456731 0.0367188 0.0435181
42 0.674279 0.639063 0.132212 0.132812 0.0419312
55 0.600962 0.765625 0.427885 0.176563 0.0411377
40 0.754808 0.16084 0.0324519 0.0369141 0.0402527
40 0.905649 0.12832 0.0360577 0.0554687 0.037323
44 0.689904 0.660547 0.108173 0.0976562 0.0370483
40 0.899038 0.120703 0.0324519 0.0429688 0.035553
41 0.362981 0.232031 0.0402644 0.0335938 0.0352783
43 0.643029 0.616797 0.144231 0.119531 0.0304413
41 0.450721 0.233594 0.0528846 0.0351562 0.0296478
44 0.252103 0.721094 0.0805288 0.0460938 0.028656
75 0.710938 0.168652 0.0600962 0.0400391 0.0276947
44 0.254808 0.708984 0.0528846 0.025 0.0276947
49 0.450721 0.233594 0.0528846 0.0351562 0.0268555
40 0.803486 0.0595215 0.0408654 0.0418945 0.0263519
40 0.846154 0.166211 0.0432692 0.0398437 0.0262604
41 0.799279 0.162402 0.0324519 0.0408203 0.0252686
44 0.652644 0.621484 0.103365 0.102344 0.024704
44 0.679087 0.649609 0.0973558 0.110156 0.0237732
42 0.659856 0.628125 0.108173 0.1125 0.0234222
56 0.733173 0.311133 0.158654 0.126172 0.0233307
41 0.940505 0.168457 0.0552885 0.0443359 0.0232391
44 0.71274 0.139258 0.0649038 0.0871094 0.0231476
43 0.685096 0.65 0.103365 0.110937 0.0226288
40 0.781851 0.162402 0.0324519 0.0423828 0.0225372
40 0.860577 0.121582 0.0600962 0.0384766 0.0218658
41 0.860577 0.173633 0.0408654 0.0273438 0.0205688
41 0.93149 0.168555 0.0384615 0.0414063 0.0204926
40 0.859375 0.166602 0.0649038 0.0398437 0.0200195
0 0.925481 0.259033 0.149038 0.206152 0.0199432
40 0.933293 0.132812 0.0408654 0.0775391 0.0195618
0 0.453726 0.207617 0.0721154 0.0886719 0.0189819
67 0.239784 0.7625 0.111779 0.0921875 0.0187683
40 0.940505 0.168457 0.0552885 0.0443359 0.0184784
41 0.805889 0.0523438 0.0348558 0.0291016 0.0183411
40 0.91226 0.141309 0.0552885 0.0841797 0.0183411
41 0.846154 0.167773 0.0432692 0.0382813 0.0179138
39 0.359976 0.231445 0.0420673 0.0347656 0.0177155
56 0.801082 0.509375 0.121394 0.239063 0.0176392
13 0.104041 0.947656 0.205379 0.1 0.0167236
41 0.35637 0.230469 0.0528846 0.0398437 0.0165863
75 0.93149 0.168555 0.0384615 0.0414063 0.0165253
56 0.719952 0.583594 0.0600962 0.11875 0.0164032
0 0.453125 0.223828 0.0649038 0.0570313 0.0162811
43 0.645433 0.64375 0.0504808 0.065625 0.0161591
45 0.710938 0.168652 0.0600962 0.0400391 0.0155411
40 0.858173 0.143262 0.0673077 0.0845703 0.0151291
41 0.713341 0.120996 0.0625 0.0462891 0.0150757
40 0.911058 0.124414 0.0252404 0.05 0.0145569
46 0.450721 0.233594 0.0528846 0.0351562 0.0144501
40 0.804087 0.137305 0.0396635 0.0824219 0.0143356
40 0.936899 0.126855 0.0324519 0.0621094 0.0142822
56 0.167142 0.948438 0.317157 0.096875 0.0139542
40 0.711538 0.168164 0.0600962 0.0402344 0.0139008
44 0.361478 0.232422 0.0396635 0.034375 0.0134277
40 0.769231 0.0587891 0.0432692 0.0417969 0.0133743
39 0.35637 0.230469 0.0528846 0.0398437 0.0131683
39 0.846154 0.166211 0.0432692 0.0398437 0.0131226
40 0.758413 0.126172 0.0360577 0.0664062 0.0129242
40 0.864183 0.170996 0.0348558 0.0314453 0.0125732
40 0.93149 0.168164 0.0360577 0.0429688 0.0125732
27 0.256911 0.254297 0.0859375 0.06875 0.0124817
41 0.442308 0.186914 0.0456731 0.0417969 0.012291
39 0.940505 0.168457 0.0552885 0.0443359 0.0121918
44 0.450721 0.233594 0.0528846 0.0351562 0.0121002
39 0.49399 0.232031 0.0456731 0.0367188 0.0115051
40 0.712139 0.142188 0.0649038 0.090625 0.0113297
40 0.896635 0.108691 0.0228365 0.0185547 0.0111618
43 0.637019 0.639453 0.0576923 0.0742188 0.011116
42 0.645433 0.64375 0.0504808 0.065625 0.0105667
56 0.847356 0.3125 0.078125 0.13125 0.0105667
42 0.676683 0.653125 0.0793269 0.096875 0.0104523
40 0.760817 0.0521484 0.0420673 0.0513672 0.01017
40 0.889423 0.166309 0.0384615 0.0388672 0.0100937
45 0.71274 0.120313 0.0625 0.0457031 0.00989532
56 0.170373 0.871094 0.197716 0.248438 0.00959778
44 0.71274 0.120313 0.0625 0.0457031 0.00955963
40 0.766827 0.137012 0.0552885 0.0845703 0.00948334
40 0.890625 0.137891 0.0384615 0.0773438 0.00948334
40 0.801683 0.163086 0.0480769 0.0421875 0.00948334
44 0.645433 0.64375 0.0504808 0.065625 0.00948334
56 0.74399 0.327344 0.185096 0.152344 0.00948334
75 0.852163 0.167187 0.0564904 0.0410156 0.00937653
40 0.360877 0.23125 0.0426683 0.034375 0.00926971
41 0.754808 0.16084 0.0324519 0.0369141 0.00905609
74 0.860577 0.121582 0.0600962 0.0384766 0.00894928
44 0.852163 0.166797 0.0564904 0.0425781 0.00871277
0 0.460337 0.198779 0.0877404 0.102441 0.0086441
40 0.777644 0.154297 0.0396635 0.05625 0.0085144
74 0.713341 0.120508 0.0625 0.0466797 0.00847626
41 0.859375 0.121094 0.0576923 0.0396484 0.00834656
46 0.713341 0.120508 0.0625 0.0466797 0.00821686
60 0.778846 0.277734 0.295673 0.185938 0.00815582
40 0.736779 0.163574 0.03125 0.0408203 0.00809479
0 0.921274 0.344531 0.157452 0.389844 0.00793457
44 0.637019 0.639453 0.0576923 0.0742188 0.00748825
39 0.797476 0.162891 0.0396635 0.0425781 0.00737381
56 0.598558 0.311328 0.427885 0.128906 0.00714874
44 0.846154 0.167773 0.0432692 0.0382813 0.00703812
56 0.193435 0.897656 0.253756 0.2 0.0069313
42 0.247897 0.708594 0.046875 0.0234375 0.0068512
40 0.957933 0.0391113 0.0552885 0.075293 0.00682449
40 0.753606 0.148828 0.0360577 0.0648438 0.00677109
56 0.0482272 0.864062 0.0952524 0.103125 0.00664139
41 0.784856 0.162891 0.0444712 0.0429688 0.00653839
0 0.971154 0.317773 0.0552885 0.0542969 0.00653839
55 0.619141 0.808594 0.759315 0.348438 0.00636292
56 0.362981 0.232031 0.0402644 0.0335938 0.00616837
56 0.0537861 0.5625 0.100962 0.33125 0.00616837
39 0.864183 0.170996 0.0348558 0.0314453 0.00600433
56 0.757212 0.305078 0.157452 0.119531 0.00591278
76 0.667668 0.638281 0.122596 0.132031 0.00577545
40 0.650841 0.124219 0.03125 0.0710938 0.00566483
75 0.859375 0.121094 0.0588942 0.040625 0.00559998
45 0.450721 0.233594 0.0528846 0.0351562 0.00559998
42 0.689904 0.660547 0.108173 0.0976562 0.00559998
53 0.665264 0.785156 0.621394 0.214062 0.00559998
40 0.804087 0.111914 0.0240385 0.0289063 0.00557709
56 0.734375 0.578906 0.0384615 0.113281 0.00542831
56 0.112305 0.904688 0.221304 0.1875 0.00538635
44 0.661058 0.630469 0.111779 0.135156 0.00521851
43 0.676683 0.653125 0.0793269 0.096875 0.00502014
60 0.782452 0.217188 0.28726 0.0664062 0.00494385
41 0.847356 0.312109 0.0769231 0.121875 0.00492477
42 0.637019 0.639453 0.0576923 0.0742188 0.00482941
0 0.847356 0.311719 0.0769231 0.13125 0.00482941
41 0.971154 0.317773 0.0552885 0.0542969 0.00481033
0 0.471154 0.413281 0.923077 0.68125 0.00481033
43 0.66226 0.638281 0.0985577 0.110937 0.00479126
44 0.701923 0.669141 0.0961538 0.084375 0.00477219
40 0.752404 0.053418 0.0408654 0.0505859 0.00473785
40 0.451322 0.196875 0.0673077 0.0671875 0.00468063
13 0.0513822 0.603125 0.0985577 0.246875 0.00457382
56 0.427885 0.287891 0.135817 0.0890625 0.00455475
67 0.479567 0.19668 0.0324519 0.0390625 0.00448608
39 0.860577 0.308203 0.0504808 0.109375 0.00436401
41 0.736779 0.163574 0.03125 0.0408203 0.00416565
41 0.852163 0.166797 0.0564904 0.0425781 0.00407028
63 0.400391 0.649609 0.384315 0.108594 0.00403976
39 0.450721 0.233594 0.0528846 0.0351562 0.00400543
40 0.757212 0.107227 0.0228365 0.0296875 0.00397491
75 0.450721 0.233594 0.0528846 0.0351562 0.0039444
46 0.361478 0.232422 0.0396635 0.034375 0.00388527
60 0.432542 0.287695 0.146935 0.0898438 0.00385475
40 0.35637 0.230469 0.0528846 0.0398437 0.00383949
40 0.933894 0.158203 0.03125 0.0314453 0.00379562
40 0.809495 0.116797 0.0348558 0.0417969 0.00378036
44 0.736779 0.163574 0.03125 0.0408203 0.00372124
0 0.360877 0.23125 0.0426683 0.034375 0.00372124
44 0.26262 0.710156 0.0685096 0.028125 0.00370789
56 0.410006 0.248047 0.103065 0.0125 0.00369263
39 0.712139 0.168066 0.0625 0.0400391 0.00366402
39 0.455529 0.194727 0.0769231 0.0601563 0.00363541
56 0.696514 0.583984 0.102163 0.122656 0.00363541
40 0.871995 0.143457 0.0985577 0.0873047 0.00359344
0 0.75 0.310937 0.189904 0.130469 0.00348282
40 0.810697 0.151758 0.0588942 0.0628906 0.00341606
43 0.665865 0.555469 0.0600962 0.034375 0.00340271
40 0.786058 0.664062 0.163462 0.0703125 0.00338936
56 0.275165 0.864844 0.4064 0.26875 0.00338936
44 0.451322 0.196875 0.0673077 0.0671875 0.00335121
49 0.362981 0.232031 0.0402644 0.0335938 0.00332451
43 0.254808 0.708984 0.0528846 0.025 0.00325966
0 0.35637 0.231641 0.0528846 0.0398437 0.00324821
32 0.496394 0.232422 0.0456731 0.0359375 0.00322342
74 0.710337 0.167871 0.0600962 0.0404297 0.00319672
75 0.359976 0.231445 0.0420673 0.0347656 0.00318527
44 0.35637 0.231641 0.0528846 0.0398437 0.00318527
42 0.643029 0.616797 0.144231 0.119531 0.00317192
40 0.49399 0.230859 0.0456731 0.0359375 0.00316048
75 0.940505 0.168457 0.0552885 0.0443359 0.00313568
41 0.895433 0.179688 0.0384615 0.0136719 0.00312424
0 0.463942 0.226562 0.0649038 0.0492188 0.00311089
40 0.63101 0.109766 0.0336538 0.0412109 0.00309944
40 0.651442 0.107813 0.0288462 0.0416016 0.00298119
45 0.44351 0.187061 0.0480769 0.0415039 0.00298119
40 0.807692 0.0453247 0.0360577 0.0439209 0.00294685
56 0.738582 0.514844 0.211538 0.245312 0.00293541
45 0.786659 0.651953 0.163462 0.0429688 0.00292397
42 0.65625 0.655469 0.0625 0.0796875 0.00292397
40 0.817308 0.0540527 0.0600962 0.0526367 0.00290108
71 0.413612 0.24707 0.0982572 0.0105469 0.00288963
42 0.252103 0.721094 0.0805288 0.0460938 0.00286674
56 0.719952 0.527344 0.127404 0.224219 0.00286674
44 0.759615 0.135254 0.0432692 0.0849609 0.00279999
67 0.455529 0.194727 0.0769231 0.0601563 0.00279999
56 0.819111 0.41875 0.0324519 0.05 0.00279999
41 0.819712 0.750781 0.0661058 0.0453125 0.00276756
74 0.954928 0.0593262 0.0504808 0.0336914 0.0027256
56 0.0751202 0.532129 0.132212 0.348242 0.00270462
44 0.241587 0.710938 0.0673077 0.0265625 0.00268364
39 0.453125 0.223828 0.0649038 0.0570313 0.0026722
41 0.20643 0.764063 0.179087 0.101562 0.00265312
44 0.859375 0.121094 0.0576923 0.0396484 0.00261116
45 0.859375 0.121094 0.0600962 0.0394531 0.00260162
43 0.763822 0.678125 0.304087 0.235938 0.00258064
40 0.954327 0.0594238 0.0516827 0.0342773 0.00257111
41 0.955529 0.0592773 0.0504808 0.0339844 0.00257111
41 0.860577 0.308203 0.0504808 0.109375 0.00257111
56 0.667067 0.576563 0.185096 0.129688 0.00257111
40 0.647837 0.141406 0.0396635 0.105469 0.00250244
32 0.71274 0.120313 0.0625 0.0457031 0.00250244
44 0.65625 0.655469 0.0625 0.0796875 0.00250244
44 0.715144 0.673828 0.09375 0.0765625 0.00245285
39 0.859375 0.121094 0.0588942 0.0394531 0.00243378
56 0.0310998 0.489063 0.0567909 0.249219 0.00239754
13 0.0527344 0.552344 0.102464 0.348438 0.002388
41 0.846154 0.267969 0.0564904 0.0351562 0.00235939
56 0.0548377 0.630859 0.104267 0.571094 0.00235939
41 0.803486 0.0595215 0.0408654 0.0418945 0.00234222
41 0.949519 0.170801 0.0721154 0.0412109 0.00234222
13 0.800481 0.510156 0.122596 0.228125 0.00234222
56 0.1407 0.945312 0.206581 0.10625 0.00234222
75 0.847356 0.310547 0.0769231 0.125781 0.00230598
40 0.627404 0.106055 0.0336538 0.0390625 0.00229645
45 0.410006 0.248047 0.103065 0.0125 0.00228691
42 0.81851 0.749219 0.0673077 0.04375 0.00226974
41 0.759615 0.0585938 0.0396635 0.0396484 0.00224304
39 0.442909 0.186328 0.0492788 0.0453125 0.00223351
43 0.664062 0.589063 0.0612981 0.0984375 0.00223351
60 0.403696 0.710156 0.586839 0.15625 0.00223351
39 0.754808 0.16084 0.0324519 0.0369141 0.00221634
56 0.0246394 0.435547 0.0480769 0.132031 0.00219917
0 0.730769 0.294531 0.167067 0.151562 0.00219917
39 0.239784 0.762891 0.111779 0.0929688 0.00219917
0 0.450721 0.232813 0.0600962 0.0367188 0.00219154
40 0.742788 0.068457 0.0216346 0.0189453 0.00218201
60 0.924279 0.682813 0.151442 0.075 0.00218201
40 0.902043 0.141992 0.0949519 0.0890625 0.00217438
40 0.0103666 0.336328 0.0207332 0.0601563 0.00214958
56 0.727163 0.575781 0.0528846 0.110937 0.00214958
56 0.0440204 0.532031 0.0802284 0.339063 0.00213242
60 0.804087 0.676172 0.387019 0.0929688 0.00213242
44 0.758413 0.126172 0.0360577 0.0664062 0.00209999
40 0.71274 0.119727 0.0625 0.0457031 0.00208282
44 0.644231 0.590625 0.0649038 0.121875 0.00208282
40 0.78125 0.164453 0.0456731 0.0417969 0.0020752
13 0.400391 0.649609 0.384315 0.108594 0.0020752
75 0.864183 0.170996 0.0348558 0.0314453 0.00202751
55 0.61238 0.751563 0.336538 0.148438 0.0019722
40 0.655048 0.118945 0.0240385 0.0585938 0.00195694
43 0.658053 0.573438 0.0516827 0.08125 0.00195694
76 0.712139 0.142188 0.0649038 0.090625 0.00194931
41 0.855168 0.263281 0.0408654 0.0265625 0.00194168
72 0.847356 0.315039 0.078125 0.130078 0.00193405
40 0.450721 0.233398 0.0528846 0.0347656 0.00192642
60 0.823317 0.414453 0.0456731 0.0539063 0.00191879
67 0.477163 0.182031 0.0432692 0.0699219 0.00189686
45 0.360877 0.23125 0.0426683 0.034375 0.00189686
43 0.644231 0.590625 0.0649038 0.121875 0.00189686
41 0.801683 0.163086 0.0480769 0.0421875 0.00188255
45 0.49399 0.232031 0.0456731 0.0367188 0.00187492
71 0.78125 0.215234 0.290865 0.0609375 0.00186729
0 0.122671 0.95 0.18134 0.096875 0.00186729
43 0.695913 0.661719 0.0793269 0.0921875 0.00185299
56 0.489333 0.54375 0.278546 0.160938 0.00183105
0 0.759615 0.41709 0.245192 0.495508 0.0018177
44 0.786058 0.664453 0.163462 0.0703125 0.00181007
39 0.451923 0.20625 0.0649038 0.0859375 0.0018034
42 0.644231 0.590625 0.0649038 0.121875 0.00179577
26 0.847356 0.312109 0.078125 0.128125 0.00179577
73 0.75601 0.136426 0.403846 0.105273 0.00179577
41 0.651442 0.107813 0.0288462 0.0416016 0.00178242
42 0.26262 0.710156 0.0685096 0.028125 0.00177479
41 0.742788 0.068457 0.0216346 0.0189453 0.00176811
0 0.911058 0.492188 0.175481 0.364063 0.00176144
58 0.846755 0.312109 0.0757212 0.121875 0.00175476
56 0.0491286 0.895312 0.0964543 0.16875 0.00175476
56 0.402043 0.157837 0.21274 0.183545 0.00173378
41 0.766827 0.137012 0.0552885 0.0845703 0.0017271
0 0.580679 0.305859 0.463642 0.130859 0.0017271
42 0.241587 0.710938 0.0673077 0.0265625 0.00170708
40 0.935096 0.161914 0.0408654 0.0523438 0.00169373
44 0.864183 0.170996 0.0348558 0.0314453 0.00169373
67 0.47476 0.191406 0.0360577 0.0453125 0.00169373
41 0.896635 0.108691 0.0228365 0.0185547 0.00168705
44 0.932692 0.166992 0.0360577 0.04375 0.00168705
0 0.419621 0.210742 0.146334 0.0796875 0.00168705
40 0.461538 0.230859 0.046875 0.0359375 0.00168133
56 0.6875 0.528906 0.237981 0.2125 0.00167465
56 0.823317 0.414453 0.0456731 0.0539063 0.0016613
0 0.91226 0.416797 0.175481 0.533594 0.916016
0 0.196514 0.396484 0.369591 0.682031 0.912598
55 0.668269 0.785156 0.627404 0.21875 0.905762
0 0.584736 0.37207 0.469952 0.577734 0.894531
60 0.534255 0.808008 0.93149 0.371484 0.869141
56 0.398438 0.65 0.378606 0.109375 0.834473
43 0.667067 0.638281 0.120192 0.134375 0.749023
41 0.239784 0.7625 0.111779 0.0921875 0.437744
56 0.10329 0.948438 0.203275 0.0984375 0.42627
45 0.786058 0.666406 0.163462 0.071875 0.381104
41 0.710938 0.16875 0.0600962 0.0398437 0.221313
41 0.786659 0.667188 0.163462 0.0734375 0.124634
40 0.80649 0.0525879 0.0336538 0.0293945 0.0797729
44 0.711538 0.168164 0.0600962 0.0402344 0.0656128
44 0.676082 0.640234 0.13101 0.133594 0.0632324
41 0.494591 0.232227 0.0456731 0.0363281 0.0592041
40 0.799279 0.162207 0.03125 0.0404297 0.0534058
39 0.93149 0.168164 0.0360577 0.0429688 0.0510864
41 0.362981 0.232031 0.0390625 0.0335938 0.0479431
43 0.652644 0.621094 0.103365 0.103125 0.0474243
41 0.450721 0.233594 0.0528846 0.0351562 0.0458679
40 0.754808 0.160449 0.03125 0.0361328 0.0446777
55 0.610427 0.766406 0.454627 0.18125 0.0414734
42 0.674279 0.639063 0.132212 0.132812 0.0396423
40 0.90625 0.128027 0.0360577 0.0548828 0.0387573
39 0.847957 0.310937 0.0769231 0.126563 0.0380249
40 0.899038 0.120703 0.03125 0.0425781 0.0372009
41 0.799279 0.162207 0.03125 0.0404297 0.0296478
43 0.647236 0.627734 0.149038 0.127344 0.0294189
40 0.846154 0.166211 0.0408654 0.0398437 0.028656
40 0.804087 0.059668 0.0408654 0.0417969 0.0273743
41 0.860577 0.173633 0.0408654 0.0269531 0.0266571
40 0.782452 0.1625 0.03125 0.0421875 0.0262604
40 0.852163 0.166797 0.0552885 0.0421875 0.0261536
41 0.845553 0.167871 0.0408654 0.0380859 0.0257568
41 0.939904 0.168457 0.0552885 0.0443359 0.0254669
41 0.93149 0.168555 0.0360577 0.0410156 0.0252686
49 0.450721 0.233594 0.0528846 0.0351562 0.0235138
40 0.860577 0.12168 0.0600962 0.0378906 0.0234222
56 0.732572 0.311133 0.158654 0.126172 0.0234222
75 0.710938 0.16875 0.0600962 0.0398437 0.0232391
42 0.661058 0.630078 0.108173 0.116406 0.0225372
44 0.254808 0.708984 0.0528846 0.025 0.0223694
41 0.35637 0.230469 0.0516827 0.0398437 0.0217743
44 0.690505 0.660156 0.108173 0.096875 0.0216217
44 0.251202 0.721875 0.0817308 0.046875 0.0213623
40 0.934495 0.132422 0.0384615 0.0761719 0.0201721
67 0.239784 0.7625 0.111779 0.0921875 0.0200195
44 0.71274 0.139063 0.0625 0.0855469 0.0196381
40 0.91226 0.140918 0.0504808 0.0830078 0.0190582
40 0.939904 0.168457 0.0552885 0.0443359 0.0190582
39 0.359976 0.23125 0.0420673 0.034375 0.0188293
41 0.852163 0.167383 0.0564904 0.040625 0.0183411
41 0.713942 0.121094 0.0625 0.0460938 0.0175171
0 0.453125 0.207813 0.0697115 0.0882813 0.0171814
41 0.80649 0.0525879 0.0336538 0.0293945 0.0168457
45 0.710938 0.16875 0.0600962 0.0398437 0.0165863
13 0.104041 0.947656 0.205379 0.1 0.0158997
41 0.442308 0.186914 0.0444712 0.0414063 0.0156021
56 0.801683 0.508594 0.121394 0.239063 0.0156021
43 0.685096 0.65 0.103365 0.110937 0.0154266
40 0.804087 0.136621 0.0384615 0.0806641 0.0149002
40 0.858774 0.143457 0.0661058 0.0841797 0.0147858
40 0.9375 0.126953 0.03125 0.0621094 0.0146713
40 0.711538 0.168164 0.0600962 0.0402344 0.0146179
0 0.925481 0.259375 0.149038 0.206641 0.0145569
0 0.452524 0.225 0.0637019 0.0539063 0.0144501
40 0.758413 0.125977 0.0348558 0.065625 0.014389
40 0.769231 0.0588379 0.0432692 0.0416992 0.0143356
75 0.93149 0.168555 0.0360577 0.0410156 0.0143356
40 0.93149 0.168164 0.0360577 0.0429688 0.0140076
40 0.911659 0.124414 0.0240385 0.05 0.0139008
39 0.846154 0.166211 0.0408654 0.0398437 0.0136337
40 0.864784 0.171094 0.0336538 0.0308594 0.0136337
44 0.678486 0.65 0.0985577 0.109375 0.0136337
56 0.163762 0.949219 0.3125 0.096875 0.0136337
56 0.719952 0.583594 0.0600962 0.11875 0.0134811
39 0.852163 0.167383 0.0564904 0.040625 0.0132751
40 0.71274 0.141992 0.0649038 0.0902344 0.0124817
43 0.645433 0.644141 0.0480769 0.0648438 0.0121918
44 0.361779 0.232422 0.0390625 0.034375 0.0118713
41 0.864784 0.171094 0.0336538 0.0308594 0.011734
44 0.652644 0.621094 0.103365 0.103125 0.0116882
44 0.450721 0.233594 0.0528846 0.0351562 0.011467
46 0.450721 0.233594 0.0528846 0.0351562 0.011467
39 0.494591 0.232227 0.0456731 0.0363281 0.011467
40 0.896635 0.108789 0.0216346 0.01875 0.0113754
45 0.71274 0.120508 0.0612981 0.0453125 0.0111618
40 0.801683 0.163086 0.0480769 0.0421875 0.0109863
39 0.939904 0.168457 0.0552885 0.0443359 0.0109863
40 0.889423 0.166211 0.0360577 0.0386719 0.0109024
40 0.760817 0.0521484 0.0408654 0.0515625 0.0106125
27 0.256911 0.254297 0.0859375 0.06875 0.0103683
41 0.754808 0.160449 0.03125 0.0361328 0.0102463
40 0.891226 0.135547 0.0360577 0.071875 0.0100555
40 0.766827 0.136719 0.0552885 0.0828125 0.00997162
56 0.170748 0.870313 0.199369 0.25 0.00971222
56 0.744591 0.327734 0.183894 0.153906 0.00941467
40 0.778846 0.156641 0.0384615 0.0511719 0.00937653
40 0.360877 0.23125 0.0420673 0.034375 0.00933838
56 0.847356 0.312891 0.0769231 0.13125 0.00933838
41 0.859375 0.121289 0.0576923 0.0390625 0.00908661
43 0.637019 0.639453 0.0552885 0.0742188 0.00898743
42 0.645433 0.644141 0.0480769 0.0648438 0.00881195
74 0.860577 0.121484 0.0600962 0.0390625 0.00861359
75 0.852163 0.167383 0.0564904 0.040625 0.00854492
44 0.71274 0.120508 0.0612981 0.0453125 0.00844574
42 0.677284 0.652344 0.078125 0.0984375 0.00834656
40 0.737981 0.163477 0.0300481 0.0402344 0.00821686
0 0.460337 0.198389 0.0865385 0.102441 0.00815582
74 0.71274 0.120703 0.0625 0.0464844 0.00796509
44 0.852163 0.166797 0.0552885 0.0421875 0.00784302
39 0.798077 0.162891 0.0384615 0.0421875 0.00784302
41 0.784856 0.162891 0.0408654 0.0425781 0.0078125
56 0.627404 0.311328 0.370192 0.128906 0.00769424
60 0.778846 0.278125 0.293269 0.186719 0.00763702
45 0.450721 0.233594 0.0528846 0.0351562 0.00734711
40 0.753606 0.153125 0.0360577 0.053125 0.00725937
44 0.846154 0.166211 0.0408654 0.0398437 0.00720596
56 0.0480769 0.864062 0.0949519 0.103125 0.00712204
56 0.362981 0.232031 0.0390625 0.0335938 0.00653839
42 0.247596 0.708594 0.046274 0.0234375 0.00651169
40 0.860577 0.173633 0.0408654 0.0269531 0.0064621
56 0.194111 0.896094 0.253606 0.203125 0.00634003
44 0.645433 0.644141 0.0480769 0.0648438 0.00619125
40 0.774038 0.0603516 0.0360577 0.0371094 0.00614548
39 0.864784 0.171094 0.0336538 0.0308594 0.00614548
0 0.921274 0.344092 0.157452 0.388379 0.006073
56 0.0540865 0.558594 0.100962 0.342187 0.00602722
40 0.809495 0.131934 0.046875 0.0771484 0.00598145
40 0.651442 0.124609 0.03125 0.0714844 0.005867
46 0.71274 0.120703 0.0625 0.0464844 0.00575256
40 0.804087 0.111719 0.0228365 0.0285156 0.00564194
43 0.645433 0.609375 0.120192 0.15 0.00553513
40 0.957933 0.0391113 0.0552885 0.0756836 0.00540543
44 0.637019 0.639453 0.0552885 0.0742188 0.0053215
39 0.860577 0.173633 0.0408654 0.0269531 0.00530243
56 0.111178 0.904688 0.21875 0.1875 0.00530243
40 0.450721 0.196533 0.0661058 0.0663086 0.00521851
40 0.752404 0.0532715 0.0408654 0.0506836 0.00511932
0 0.971154 0.317773 0.0552885 0.0542969 0.00510025
13 0.0515325 0.602344 0.0988582 0.248438 0.0050621
0 0.847356 0.311719 0.0769231 0.13125 0.00488663
56 0.757212 0.304688 0.157452 0.119531 0.00482941
56 0.735577 0.578906 0.0360577 0.1125 0.00471878
41 0.737981 0.163477 0.0300481 0.0402344 0.00466537
75 0.859375 0.121094 0.0576923 0.0402344 0.00450516
76 0.667668 0.638281 0.122596 0.132812 0.00446701
55 0.604417 0.810742 0.791166 0.362891 0.00445175
60 0.783053 0.228125 0.284856 0.0890625 0.00443268
75 0.845553 0.167871 0.0408654 0.0380859 0.00441742
39 0.450721 0.233594 0.0528846 0.0351562 0.00436401
42 0.637019 0.639453 0.0552885 0.0742188 0.00432968
60 0.777644 0.217188 0.293269 0.0617188 0.00432968
40 0.933894 0.157813 0.0300481 0.0308594 0.00418091
75 0.450721 0.233594 0.0528846 0.0351562 0.00415039
40 0.757212 0.107031 0.0228365 0.0289063 0.00413513
56 0.427284 0.287695 0.134615 0.0890625 0.0041008
42 0.690505 0.660156 0.108173 0.096875 0.00403976
67 0.479567 0.19668 0.0324519 0.0386719 0.00402451
39 0.455529 0.194727 0.0745192 0.0605469 0.00388527
0 0.467398 0.4125 0.916166 0.678125 0.00380898
41 0.971154 0.317773 0.0552885 0.0542969 0.00378036
40 0.810096 0.116113 0.0336538 0.0404297 0.00374985
41 0.847957 0.310937 0.0769231 0.126563 0.00370789
43 0.677284 0.652344 0.078125 0.0984375 0.00370789
40 0.810096 0.153906 0.0576923 0.0582031 0.00369263
56 0.273137 0.864062 0.403245 0.270313 0.00365067
40 0.86899 0.142773 0.0925481 0.0878906 0.00363541
40 0.494591 0.230859 0.0444712 0.0359375 0.00359344
60 0.432692 0.2875 0.146635 0.0898438 0.00359344
44 0.701322 0.669141 0.0973558 0.084375 0.00356483
40 0.786058 0.664844 0.163462 0.071875 0.00351143
39 0.860577 0.308203 0.0504808 0.109375 0.00348282
56 0.0710637 0.536719 0.124099 0.35625 0.00345612
53 0.666016 0.784375 0.615084 0.220313 0.00345612
41 0.895433 0.179297 0.0384615 0.0144531 0.00342941
45 0.44351 0.186914 0.0456731 0.0414063 0.00342941
44 0.450721 0.196533 0.0661058 0.0663086 0.00342941
44 0.737981 0.163477 0.0300481 0.0402344 0.00338936
39 0.71274 0.168164 0.0625 0.0398437 0.00336266
56 0.0521334 0.603906 0.10006 0.246875 0.00327301
40 0.63101 0.109961 0.03125 0.0414063 0.00325966
43 0.763221 0.676953 0.305288 0.238281 0.00322342
44 0.26232 0.710156 0.0685096 0.028125 0.00319672
32 0.496394 0.232813 0.0444712 0.0351562 0.00314713
63 0.400841 0.65 0.384615 0.107813 0.00314713
43 0.66226 0.638281 0.0985577 0.1125 0.00309944
44 0.35637 0.231641 0.0516827 0.0398437 0.00305176
40 0.651442 0.108008 0.0276442 0.0416016 0.00300407
56 0.697115 0.583984 0.100962 0.121875 0.00300407
56 0.138897 0.889063 0.24985 0.215625 0.00300407
41 0.207933 0.764063 0.175481 0.101562 0.00293541
71 0.409255 0.248047 0.103365 0.0125 0.00290108
75 0.359976 0.23125 0.0420673 0.034375 0.00288963
46 0.361779 0.232422 0.0390625 0.034375 0.00288963
0 0.749399 0.310937 0.186298 0.130469 0.00288963
74 0.710938 0.167969 0.0588942 0.0402344 0.00287819
42 0.64363 0.618359 0.146635 0.123438 0.00287819
0 0.360877 0.23125 0.0420673 0.034375 0.0028553
0 0.463942 0.227148 0.0625 0.0472656 0.00283432
56 0.819712 0.41875 0.0336538 0.05 0.00282288
0 0.355469 0.23125 0.0546875 0.0398437 0.00279999
13 0.800481 0.510156 0.122596 0.229687 0.00273705
40 0.817308 0.0537598 0.0600962 0.0532227 0.0027256
56 0.740385 0.514844 0.206731 0.245312 0.00270462
40 0.805889 0.0426758 0.0396635 0.0511719 0.00269318
45 0.859375 0.121289 0.0600962 0.0390625 0.00268364
43 0.247596 0.708594 0.046274 0.0234375 0.00266266
56 0.72476 0.524609 0.141827 0.229687 0.00266266
56 0.409255 0.248047 0.103365 0.0125 0.0026207
13 0.0530349 0.551172 0.102464 0.353906 0.0026207
40 0.648438 0.141016 0.0384615 0.104297 0.00261116
49 0.362981 0.232031 0.0390625 0.0335938 0.00260162
39 0.452524 0.225 0.0637019 0.0539063 0.00259018
41 0.802885 0.163867 0.0576923 0.0429688 0.00258064
40 0.78125 0.164453 0.0420673 0.0414063 0.00255013
67 0.455529 0.194727 0.0745192 0.0605469 0.00254059
56 0.0324519 0.48916 0.0588942 0.249805 0.00254059
39 0.859375 0.121094 0.0576923 0.0392578 0.00252151
42 0.655048 0.655078 0.0600962 0.0804688 0.00252151
41 0.846154 0.267969 0.0552885 0.0351562 0.00250244
75 0.939904 0.168457 0.0552885 0.0443359 0.00246239
44 0.240986 0.710938 0.0661058 0.0265625 0.00246239
41 0.949519 0.170508 0.0697115 0.0414063 0.00243378
40 0.742788 0.0683106 0.0216346 0.0192383 0.00242424
32 0.71274 0.120703 0.0625 0.0464844 0.00242424
41 0.804087 0.059668 0.0408654 0.0417969 0.00239754
44 0.759615 0.13457 0.0432692 0.0828125 0.002388
44 0.859375 0.121289 0.0576923 0.0390625 0.00236893
40 0.45012 0.233594 0.0516827 0.034375 0.00236893
43 0.666466 0.55625 0.0600962 0.0375 0.00236893
42 0.251202 0.721875 0.0817308 0.046875 0.00234985
45 0.494591 0.232227 0.0456731 0.0363281 0.00233269
56 0.667067 0.575391 0.1875 0.132031 0.00233269
41 0.759615 0.0584961 0.0384615 0.0398437 0.00230598
40 0.628005 0.106152 0.0324519 0.0392578 0.00230598
45 0.413311 0.24707 0.0964543 0.0105469 0.00226021
39 0.754808 0.160449 0.03125 0.0361328 0.00225258
41 0.855168 0.263477 0.0396635 0.0265625 0.00225258
41 0.955529 0.059375 0.0492788 0.0337891 0.00221634
0 0.730769 0.298633 0.165865 0.143359 0.00221634
42 0.81851 0.749219 0.0673077 0.04375 0.00220871
40 0.903245 0.142383 0.0913462 0.0882813 0.00219917
74 0.954928 0.059375 0.0492788 0.0335938 0.00219154
45 0.362981 0.232031 0.0390625 0.0335938 0.00219154
0 0.911058 0.493652 0.175481 0.35957 0.00218201
39 0.442909 0.186377 0.0492788 0.0452148 0.00214958
13 0.400841 0.65 0.384615 0.107813 0.00214958
60 0.924279 0.682813 0.151442 0.0742188 0.00212479
56 0.0246394 0.435156 0.0480769 0.132812 0.00209999
56 0.0489784 0.891406 0.0961538 0.159375 0.00209999
40 0.71274 0.119824 0.0612981 0.0455078 0.0020752
40 0.655048 0.119238 0.0240385 0.0589844 0.00206757
60 0.808293 0.676562 0.378606 0.0921875 0.00206757
41 0.860577 0.308203 0.0504808 0.109375 0.0020504
58 0.846755 0.312109 0.0757212 0.121875 0.00203514
44 0.758413 0.125977 0.0348558 0.065625 0.00201988
71 0.780048 0.215234 0.286058 0.0609375 0.00201988
40 0.461538 0.230469 0.046875 0.0351562 0.00200272
56 0.0555889 0.628125 0.105168 0.571875 0.00195694
41 0.651442 0.108008 0.0276442 0.0416016 0.00194168
60 0.823918 0.414062 0.0444712 0.0546875 0.00194168
44 0.715144 0.672656 0.0913462 0.0789063 0.00194168
41 0.819712 0.750781 0.0649038 0.0445313 0.00194168
0 0.450721 0.232813 0.0576923 0.0363281 0.00193405
60 0.403846 0.710938 0.586538 0.159375 0.00192642
44 0.695913 0.660937 0.078125 0.0921875 0.00191879
44 0.655048 0.655078 0.0600962 0.0804688 0.00189686
40 0.954327 0.0594727 0.0504808 0.0341797 0.00187492
0 0.616587 0.30625 0.391827 0.130469 0.00186729
44 0.786058 0.665234 0.163462 0.071875 0.00186729
56 0.727163 0.575781 0.0540865 0.110937 0.00184631
0 0.12192 0.95 0.181641 0.096875 0.00184631
41 0.742788 0.0683106 0.0216346 0.0192383 0.00183868
41 0.461538 0.230469 0.046875 0.0351562 0.00183868
40 0.0103666 0.336523 0.0207332 0.0597656 0.00183105
39 0.239483 0.763281 0.111779 0.09375 0.00181007
75 0.847356 0.310156 0.0769231 0.125781 0.00179577
72 0.847356 0.312891 0.0769231 0.13125 0.00178909
41 0.71274 0.139063 0.0625 0.0855469 0.00176811
45 0.786659 0.651953 0.163462 0.0445313 0.00176811
71 0.400841 0.65 0.384615 0.107813 0.00176811
56 0.140325 0.946875 0.20613 0.103125 0.00176144
39 0.451923 0.20625 0.0649038 0.0859375 0.00175476
41 0.766827 0.136719 0.0552885 0.0828125 0.00174141
40 0.935697 0.161816 0.0396635 0.0521484 0.00173378
41 0.896635 0.108789 0.0216346 0.01875 0.0017271
56 0.823918 0.414062 0.0444712 0.0546875 0.00171375
40 0.949519 0.170508 0.0697115 0.0414063 0.00170708
42 0.240986 0.710938 0.0661058 0.0265625 0.00170708
41 0.774038 0.0603516 0.0360577 0.0371094 0.00168705
75 0.864784 0.171094 0.0336538 0.0308594 0.00168705
75 0.860577 0.173633 0.0408654 0.0269531 0.00168705
42 0.26232 0.710156 0.0685096 0.028125 0.00168705
41 0.90625 0.128027 0.0360577 0.0548828 0.00164223
43 0.664663 0.588672 0.0600962 0.0976562 0.00162888
56 0.695312 0.526563 0.236779 0.21875 0.00162315
44 0.864784 0.171094 0.0336538 0.0308594 0.00161648
0 0.450721 0.196533 0.0661058 0.0663086 0.00161648
0 0.91226 0.417871 0.175481 0.531445 0.914062
55 0.668419 0.785742 0.627103 0.219141 0.911621
0 0.196514 0.397656 0.370192 0.684375 0.907715
0 0.584285 0.372656 0.470853 0.578125 0.891113
60 0.533804 0.808008 0.932392 0.371484 0.86084
56 0.399038 0.65 0.379808 0.107813 0.833496
43 0.667067 0.638281 0.122596 0.133594 0.773438
41 0.239483 0.762109 0.11238 0.0914062 0.44165
56 0.103666 0.948438 0.203726 0.0984375 0.435791
45 0.786058 0.666406 0.163462 0.071875 0.336426
41 0.710938 0.16875 0.0600962 0.0394531 0.245117
41 0.78726 0.667188 0.163462 0.0734375 0.127197
40 0.80649 0.0527344 0.0336538 0.0294922 0.0856934
41 0.494591 0.232422 0.0456731 0.0359375 0.0715942
44 0.711538 0.168164 0.0600962 0.0398437 0.0614319
40 0.800481 0.162305 0.03125 0.040625 0.0605164
41 0.450721 0.233594 0.0516827 0.0351562 0.0596619
41 0.362981 0.232031 0.0390625 0.0335938 0.0548096
44 0.676082 0.640234 0.132212 0.133594 0.0541992
39 0.93149 0.168164 0.0360577 0.0425781 0.0505066
40 0.757212 0.163477 0.0384615 0.0414063 0.0481262
40 0.90625 0.127539 0.0348558 0.0539063 0.0470886
40 0.899038 0.120703 0.03125 0.0423828 0.0423889
55 0.618389 0.767188 0.473558 0.182812 0.0399475
42 0.674279 0.639063 0.134615 0.132812 0.0393372
43 0.652644 0.621484 0.103365 0.102344 0.0375977
39 0.847957 0.310547 0.0769231 0.125781 0.0359497
41 0.800481 0.162305 0.03125 0.040625 0.032959
40 0.804087 0.0598145 0.0396635 0.0418945 0.0313721
41 0.845553 0.167969 0.0408654 0.0375 0.0311432
41 0.860577 0.17373 0.0408654 0.0267578 0.0311432
40 0.782452 0.1625 0.03125 0.0417969 0.0310211
43 0.647236 0.628906 0.151442 0.13125 0.0302124
41 0.93149 0.168555 0.0360577 0.0410156 0.0301056
40 0.846154 0.166211 0.0408654 0.0398437 0.0296478
41 0.939904 0.168359 0.0552885 0.0441406 0.028656
40 0.935096 0.132031 0.0360577 0.075 0.025177
41 0.35637 0.230469 0.0516827 0.0398437 0.0247955
40 0.860577 0.121875 0.0600962 0.0378906 0.0246124
40 0.91226 0.140527 0.0480769 0.0814453 0.0237732
56 0.732572 0.310937 0.158654 0.125781 0.0236969
41 0.852163 0.167383 0.0564904 0.0402344 0.0224609
49 0.450721 0.233594 0.0516827 0.0351562 0.0224609
75 0.710938 0.16875 0.0600962 0.0394531 0.021698
40 0.939904 0.168359 0.0552885 0.0441406 0.021286
40 0.861178 0.166895 0.0661058 0.0392578 0.0206451
44 0.254507 0.708984 0.0534856 0.025 0.0206451
41 0.713942 0.121094 0.0625 0.0457031 0.0202484
67 0.239483 0.762109 0.11238 0.0914062 0.0201721
41 0.442308 0.186914 0.0444712 0.0414063 0.0189056
39 0.359976 0.231445 0.0420673 0.034375 0.018692
44 0.2503 0.721875 0.0835337 0.0484375 0.018692
40 0.804087 0.136133 0.0384615 0.0792969 0.0179901
56 0.161659 0.949219 0.309495 0.096875 0.0178528
44 0.71274 0.13877 0.0625 0.0841797 0.0177765
45 0.710938 0.16875 0.0600962 0.0394531 0.0177765
44 0.691106 0.660156 0.108173 0.0976562 0.0172424
40 0.758413 0.125977 0.0348558 0.065625 0.0165253
41 0.80649 0.0527344 0.0336538 0.0294922 0.0164032
56 0.801683 0.508984 0.121394 0.239063 0.0159607
40 0.93149 0.168164 0.0360577 0.0425781 0.0158386
40 0.911659 0.123438 0.0228365 0.0476562 0.0157166
40 0.770433 0.059082 0.0408654 0.0412109 0.0156021
40 0.858173 0.143555 0.0649038 0.0839844 0.0153046
40 0.711538 0.168164 0.0600962 0.0398437 0.0148392
40 0.71274 0.141895 0.0637019 0.0896484 0.0146713
40 0.864784 0.171094 0.0324519 0.0304688 0.0142822
0 0.453726 0.208154 0.0709135 0.0875977 0.0142822
75 0.93149 0.168555 0.0360577 0.0410156 0.0141754
13 0.104267 0.948438 0.204928 0.1 0.0139008
41 0.864784 0.171094 0.0324519 0.0304688 0.0136871
39 0.846154 0.166211 0.0408654 0.0398437 0.0133743
43 0.691106 0.660156 0.108173 0.0976562 0.0133743
40 0.896635 0.108887 0.0216346 0.01875 0.0130692
40 0.801683 0.163086 0.0480769 0.0421875 0.0127716
39 0.852163 0.167383 0.0564904 0.0402344 0.0127716
56 0.719952 0.583203 0.0600962 0.117969 0.0122375
0 0.452524 0.226172 0.0637019 0.0507812 0.012146
46 0.450721 0.233594 0.0516827 0.0351562 0.0120544
40 0.767428 0.136816 0.0552885 0.0818359 0.0120087
45 0.71274 0.120605 0.0612981 0.0451172 0.0120087
40 0.890024 0.166211 0.0360577 0.0386719 0.0119171
0 0.925481 0.25957 0.149038 0.206641 0.0117798
40 0.891827 0.13418 0.0360577 0.06875 0.0116882
39 0.494591 0.232422 0.0456731 0.0359375 0.011467
40 0.760817 0.0521484 0.0408654 0.0513672 0.0113754
40 0.778846 0.156738 0.0384615 0.0509766 0.0113297
41 0.754808 0.160742 0.0324519 0.0363281 0.011116
44 0.361779 0.232422 0.0390625 0.0339844 0.0108566
43 0.645433 0.644531 0.0480769 0.0640625 0.0108566
44 0.450721 0.233594 0.0516827 0.0351562 0.0107803
39 0.939904 0.168359 0.0552885 0.0441406 0.0107346
56 0.170974 0.870508 0.20012 0.249609 0.0103302
41 0.859375 0.121289 0.0576923 0.0388672 0.0102463
44 0.678486 0.65 0.0997596 0.109375 0.0102463
27 0.256611 0.254297 0.0865385 0.0679687 0.00997162
56 0.745192 0.32793 0.185096 0.153516 0.00967407
56 0.847356 0.312695 0.0769231 0.130859 0.00948334
40 0.360577 0.23125 0.0420673 0.034375 0.00941467
41 0.784255 0.162793 0.0408654 0.0423828 0.00937653
40 0.851563 0.168164 0.0552885 0.0386719 0.00881195
74 0.860577 0.121484 0.0600962 0.0386719 0.00874329
60 0.778846 0.278125 0.293269 0.186719 0.0086441
43 0.637019 0.639844 0.0552885 0.0734375 0.00847626
40 0.754808 0.15332 0.0360577 0.053125 0.00841522
75 0.852163 0.167383 0.0564904 0.0402344 0.00841522
45 0.450721 0.233594 0.0516827 0.0351562 0.00828552
40 0.739183 0.163281 0.0300481 0.0398437 0.00815582
39 0.798077 0.162891 0.0384615 0.0421875 0.00809479
42 0.645433 0.644531 0.0480769 0.0640625 0.00796509
44 0.71274 0.120605 0.0612981 0.0451172 0.00793457
44 0.852163 0.166895 0.0552885 0.0419922 0.00793457
56 0.635817 0.311328 0.353365 0.128906 0.0077858
44 0.652644 0.621484 0.103365 0.102344 0.00766754
74 0.71274 0.120703 0.0625 0.0460938 0.00737381
56 0.0480769 0.864062 0.094351 0.103125 0.00734711
42 0.677284 0.651953 0.078125 0.0984375 0.00725937
56 0.362981 0.232031 0.0390625 0.0335938 0.00723267
40 0.809495 0.13125 0.0456731 0.0753906 0.00709534
40 0.77524 0.0604492 0.0336538 0.0369141 0.00706482
40 0.860577 0.17373 0.0408654 0.0267578 0.00677109
40 0.759615 0.0586426 0.0372596 0.0395508 0.00666809
0 0.460337 0.198828 0.0865385 0.101953 0.00666809
42 0.247596 0.708594 0.046274 0.0234375 0.00664139
56 0.194712 0.895312 0.253606 0.203125 0.00664139
40 0.651442 0.123828 0.0300481 0.0695313 0.00661469
40 0.804087 0.111719 0.0228365 0.0285156 0.00658798
56 0.0540865 0.558984 0.100962 0.344531 0.00658798
44 0.845553 0.167969 0.0408654 0.0375 0.0064621
39 0.864784 0.171094 0.0324519 0.0304688 0.00619125
40 0.957933 0.0390625 0.0564904 0.0757812 0.00595856
40 0.450721 0.195508 0.0673077 0.0636719 0.00584412
43 0.644231 0.609375 0.125 0.153125 0.00564194
40 0.752404 0.0533203 0.0396635 0.0503906 0.00551224
13 0.0516827 0.601953 0.0991587 0.249219 0.00527954
39 0.860577 0.17373 0.0408654 0.0267578 0.00526047
43 0.678486 0.65 0.0997596 0.109375 0.00524139
41 0.739183 0.163281 0.0300481 0.0398437 0.0050621
0 0.921274 0.342383 0.157452 0.384766 0.00502014
40 0.933894 0.157813 0.0288462 0.0304688 0.00498199
44 0.645433 0.644531 0.0480769 0.0640625 0.00498199
60 0.777644 0.217188 0.293269 0.0617188 0.00498199
56 0.110877 0.904688 0.218149 0.1875 0.00482941
60 0.783654 0.241406 0.283654 0.116406 0.00479126
55 0.608173 0.812305 0.783654 0.359766 0.00475693
56 0.757212 0.304492 0.15625 0.119141 0.00471878
0 0.847356 0.311914 0.0769231 0.130859 0.00471878
40 0.757212 0.106836 0.0228365 0.0287109 0.00469971
39 0.450721 0.233594 0.0516827 0.0351562 0.0045929
46 0.71274 0.120703 0.0625 0.0460938 0.00453949
56 0.735577 0.578906 0.0336538 0.111719 0.00450516
44 0.637019 0.639844 0.0552885 0.0734375 0.00448608
75 0.859375 0.121191 0.0576923 0.0398437 0.00439835
40 0.810697 0.154297 0.0564904 0.0574219 0.00439835
75 0.845553 0.167969 0.0408654 0.0375 0.00434875
40 0.810096 0.115625 0.0336538 0.0394531 0.00431442
0 0.971154 0.317578 0.0552885 0.0539063 0.00421524
42 0.637019 0.639844 0.0552885 0.0734375 0.00419998
39 0.455529 0.194727 0.0745192 0.0605469 0.0041008
41 0.847957 0.310547 0.0769231 0.125781 0.00402451
41 0.896635 0.179102 0.0360577 0.0148437 0.00400543
67 0.479567 0.196484 0.0324519 0.0386719 0.00400543
76 0.668269 0.638672 0.122596 0.132031 0.00400543
56 0.272236 0.864062 0.401442 0.270313 0.00400543
42 0.652644 0.621484 0.103365 0.102344 0.0039444
56 0.0698618 0.538184 0.122296 0.358008 0.00391388
45 0.44351 0.187109 0.0456731 0.0410156 0.00385475
56 0.427284 0.287695 0.134615 0.0890625 0.00385475
32 0.496394 0.233203 0.0444712 0.034375 0.00379562
43 0.76262 0.675391 0.302885 0.235156 0.00378036
44 0.450721 0.195508 0.0673077 0.0636719 0.00376511
75 0.450721 0.233594 0.0516827 0.0351562 0.00376511
40 0.63101 0.10957 0.03125 0.040625 0.0037365
40 0.786058 0.664844 0.163462 0.071875 0.00370789
60 0.432692 0.2875 0.146635 0.0898438 0.00369263
41 0.971154 0.317578 0.0552885 0.0539063 0.00362206
40 0.494591 0.230859 0.0444712 0.0351562 0.0036068
42 0.691106 0.660156 0.108173 0.0976562 0.0036068
39 0.860577 0.308008 0.0516827 0.109766 0.00342941
40 0.651442 0.108008 0.0276442 0.0414063 0.00335121
44 0.739183 0.163281 0.0300481 0.0398437 0.00332451
41 0.802284 0.16377 0.0576923 0.0427734 0.00331116
39 0.71274 0.168359 0.0625 0.0394531 0.00327301
44 0.700721 0.669141 0.0985577 0.084375 0.00327301
56 0.0521334 0.603516 0.10006 0.246875 0.00327301
41 0.209435 0.764453 0.172476 0.100781 0.00325966
40 0.88101 0.144727 0.0853365 0.0824219 0.00322342
0 0.463942 0.411719 0.908654 0.676562 0.00319672
40 0.817308 0.0540039 0.0600962 0.053125 0.00313568
44 0.262019 0.710156 0.0685096 0.028125 0.003088
56 0.131611 0.86875 0.251202 0.25 0.003088
39 0.452524 0.226172 0.0637019 0.0507812 0.00301552
40 0.649038 0.14082 0.0384615 0.103516 0.00300407
45 0.859375 0.121289 0.0588942 0.0386719 0.0029583
46 0.361779 0.232422 0.0390625 0.0339844 0.00293541
71 0.412861 0.24707 0.0961538 0.0105469 0.00292397
40 0.805889 0.0427612 0.0396635 0.0511963 0.00288963
56 0.697115 0.583594 0.100962 0.121875 0.00288963
44 0.35637 0.231445 0.0516827 0.0394531 0.0028553
42 0.643029 0.619531 0.149038 0.125 0.00283432
41 0.846755 0.268359 0.0552885 0.0359375 0.00282288
13 0.800481 0.510156 0.122596 0.229687 0.00282288
56 0.819712 0.41875 0.0336538 0.05 0.00281143
53 0.666016 0.784375 0.615084 0.220313 0.00279999
13 0.0531851 0.551953 0.102764 0.353906 0.00277901
40 0.742788 0.0682617 0.0216346 0.0193359 0.00273705
0 0.749399 0.310937 0.186298 0.129688 0.00273705
67 0.455529 0.194727 0.0745192 0.0605469 0.0027256
0 0.465144 0.22793 0.0600962 0.0449219 0.00271416
63 0.401292 0.649219 0.384916 0.107813 0.00270462
32 0.71274 0.120703 0.0625 0.0460938 0.00268364
56 0.740385 0.514844 0.206731 0.24375 0.0026722
39 0.859375 0.121094 0.0576923 0.0390625 0.00265312
41 0.949519 0.170508 0.0697115 0.0414063 0.00265312
40 0.903846 0.142676 0.0889423 0.0876953 0.00263214
74 0.710938 0.168066 0.0588942 0.0404297 0.00263214
43 0.247596 0.708594 0.046274 0.0234375 0.0026207
0 0.360577 0.23125 0.0420673 0.034375 0.00257111
0 0.355769 0.23125 0.0540865 0.0398437 0.00257111
43 0.66226 0.638672 0.0997596 0.111719 0.00256157
75 0.359976 0.231445 0.0420673 0.034375 0.00255013
40 0.45012 0.233594 0.0516827 0.034375 0.00255013
56 0.0338041 0.488965 0.0615986 0.248633 0.00255013
41 0.855168 0.263281 0.0396635 0.0265625 0.00253105
45 0.494591 0.232422 0.0456731 0.0359375 0.0024929
44 0.241286 0.710938 0.0667067 0.0265625 0.0024929
41 0.804087 0.0598145 0.0396635 0.0418945 0.00247192
44 0.71274 0.15293 0.0625 0.0707031 0.00247192
0 0.911058 0.494922 0.175481 0.357812 0.00245285
56 0.408654 0.248047 0.103365 0.0125 0.00244331
75 0.939904 0.168359 0.0552885 0.0441406 0.00240517
41 0.955529 0.0594238 0.0492788 0.0336914 0.00237846
56 0.0489784 0.885938 0.0955529 0.148438 0.00235939
44 0.859375 0.121289 0.0576923 0.0388672 0.00234222
41 0.759615 0.0586426 0.0372596 0.0395508 0.00232315
44 0.760216 0.134375 0.0432692 0.0820312 0.00232315
41 0.461538 0.230469 0.046875 0.0351562 0.00232315
45 0.362981 0.232031 0.0390625 0.0335938 0.00230598
42 0.655048 0.654688 0.0600962 0.0796875 0.00230598
0 0.730769 0.293945 0.167067 0.152734 0.00230598
60 0.924279 0.682813 0.151442 0.0742188 0.00229645
49 0.362981 0.232031 0.0390625 0.0335938 0.00227928
40 0.655649 0.118945 0.0240385 0.0582031 0.00225258
39 0.754808 0.160742 0.0324519 0.0363281 0.00224304
45 0.412861 0.24707 0.0961538 0.0105469 0.00224304
42 0.2503 0.721875 0.0835337 0.0484375 0.00223351
74 0.954928 0.059375 0.0492788 0.0333984 0.00220871
41 0.651442 0.108008 0.0276442 0.0414063 0.00219917
41 0.71274 0.13877 0.0625 0.0841797 0.00218201
41 0.860577 0.308008 0.0516827 0.109766 0.00218201
42 0.81851 0.749219 0.0673077 0.04375 0.00216484
40 0.71274 0.119922 0.0612981 0.0453125 0.00214958
43 0.667067 0.555859 0.0600962 0.0375 0.00214958
13 0.401292 0.649219 0.384916 0.107813 0.00214958
40 0.461538 0.230469 0.046875 0.0351562 0.00214005
60 0.822115 0.413672 0.0456731 0.0554687 0.00214005
44 0.758413 0.125977 0.0348558 0.065625 0.00211525
56 0.0228365 0.428906 0.0414663 0.14375 0.00211525
60 0.807091 0.676562 0.382212 0.0921875 0.00211525
44 0.786058 0.665625 0.163462 0.071875 0.00209045
40 0.936298 0.161523 0.0384615 0.0523438 0.00205803
56 0.666466 0.574219 0.192308 0.134375 0.00205803
41 0.767428 0.136816 0.0552885 0.0818359 0.00203514
39 0.442909 0.186523 0.0492788 0.0449219 0.00203514
0 0.626803 0.305273 0.371394 0.132422 0.00201988
40 0.954327 0.0595215 0.0504808 0.034082 0.00199509
60 0.399639 0.711328 0.594952 0.161719 0.0019722
41 0.896635 0.108887 0.0216346 0.01875 0.00196457
41 0.90625 0.127539 0.0348558 0.0539063 0.00196457
58 0.847356 0.311719 0.0745192 0.121875 0.00196457
40 0.884615 0.141895 0.141827 0.0884766 0.00192642
40 0.949519 0.170508 0.0697115 0.0414063 0.00191879
41 0.742788 0.0682617 0.0216346 0.0193359 0.00189686
71 0.780048 0.215234 0.283654 0.0601563 0.00189686
40 0.0103666 0.336523 0.0207332 0.0597656 0.00188255
42 0.241286 0.710938 0.0667067 0.0265625 0.00183105
39 0.453726 0.208154 0.0709135 0.0875977 0.00179577
42 0.262019 0.710156 0.0685096 0.028125 0.00178909
41 0.890024 0.166211 0.0360577 0.0386719 0.00178242
56 0.823317 0.414062 0.0456731 0.0546875 0.00178242
39 0.239183 0.763281 0.111779 0.09375 0.00178242
44 0.715144 0.671875 0.0913462 0.0796875 0.00177479
40 0.814904 0.137891 0.0576923 0.084375 0.00175476
41 0.759615 0.176904 0.03125 0.0172852 0.00174141
41 0.878005 0.259766 0.0228365 0.028125 0.00174141
0 0.121995 0.95 0.183894 0.096875 0.0017271
40 0.655649 0.138086 0.0264423 0.0960938 0.00171375
71 0.401292 0.649219 0.384916 0.107813 0.00171375
40 0.768029 0.041687 0.0552885 0.0687744 0.00170708
41 0.819712 0.750781 0.0637019 0.0445313 0.00170708
44 0.864784 0.171094 0.0324519 0.0304688 0.0017004
41 0.77524 0.0604492 0.0336538 0.0369141 0.00169373
75 0.847356 0.310156 0.0757212 0.125391 0.00169373
40 0.9375 0.108594 0.0240385 0.0242188 0.00168705
45 0.860577 0.17373 0.0408654 0.0267578 0.00167465
40 0.939904 0.127148 0.0336538 0.0660156 0.00166798
32 0.451923 0.234766 0.0504808 0.0335938 0.00166798
0 0.450721 0.232813 0.0576923 0.0359375 0.0016489
72 0.847356 0.31543 0.0769231 0.130078 0.0016489
75 0.864784 0.171094 0.0324519 0.0304688 0.00164223
0 0.911659 0.41875 0.176683 0.529688 0.916016
55 0.66887 0.785156 0.627404 0.220313 0.907227
0 0.196815 0.399609 0.370793 0.686719 0.900391
0 0.585938 0.374609 0.471154 0.582031 0.883789
60 0.533654 0.807031 0.932692 0.371875 0.848145
56 0.398888 0.649219 0.380108 0.107813 0.835449
43 0.668269 0.638281 0.123798 0.134375 0.79834
56 0.103441 0.948438 0.204177 0.0984375 0.44751
41 0.239183 0.761719 0.112981 0.0921875 0.397949
45 0.786659 0.665625 0.163462 0.071875 0.286133
41 0.710938 0.168848 0.0600962 0.0388672 0.235107
41 0.78726 0.666406 0.163462 0.0726563 0.101257
41 0.494591 0.232422 0.0456731 0.0351562 0.088501
40 0.80649 0.0529297 0.0336538 0.0296875 0.0803833
41 0.450721 0.233594 0.0516827 0.034375 0.0769653
40 0.798077 0.162891 0.0384615 0.0417969 0.0623169
41 0.362981 0.232031 0.0384615 0.0328125 0.0605164
44 0.711538 0.168262 0.0600962 0.0396484 0.0554199
39 0.93149 0.168066 0.0360577 0.0423828 0.0488586
40 0.757212 0.163379 0.0372596 0.0408203 0.0484924
44 0.676082 0.639844 0.133413 0.135937 0.0438538
40 0.906851 0.12793 0.0336538 0.0546875 0.0427246
42 0.674279 0.639063 0.134615 0.134375 0.0380249
39 0.848558 0.310547 0.0769231 0.125781 0.0375977
40 0.899038 0.120508 0.03125 0.0421875 0.036499
41 0.845553 0.167969 0.0408654 0.0371094 0.0354004
41 0.800481 0.162305 0.03125 0.0402344 0.0342407
41 0.860577 0.173633 0.0408654 0.0265625 0.0339661
41 0.93149 0.168555 0.0360577 0.040625 0.033844
40 0.782452 0.162402 0.03125 0.0416016 0.0335999
40 0.804087 0.0599121 0.0396635 0.0416992 0.0313721
43 0.647236 0.629687 0.15625 0.142188 0.0305634
41 0.940505 0.168359 0.0552885 0.04375 0.0296478
40 0.846154 0.166309 0.0408654 0.0392578 0.0281067
41 0.852163 0.167578 0.0552885 0.0394531 0.0263519
41 0.35637 0.230469 0.0510817 0.0390625 0.0263519
40 0.852163 0.166992 0.0552885 0.0417969 0.0258636
40 0.935697 0.132031 0.0360577 0.0746094 0.025177
40 0.860577 0.121973 0.0588942 0.0371094 0.0250854
41 0.442308 0.18667 0.0444712 0.0407227 0.0230713
40 0.914663 0.14043 0.0456731 0.08125 0.0222931
40 0.940505 0.168359 0.0552885 0.04375 0.0219421
41 0.713942 0.121094 0.0625 0.0453125 0.0212097
67 0.239183 0.7625 0.112981 0.0921875 0.0212097
43 0.653846 0.621094 0.103365 0.103125 0.0211182
56 0.733173 0.310937 0.158654 0.125 0.0210419
56 0.159931 0.949219 0.307542 0.096875 0.0196381
40 0.86238 0.166895 0.0685096 0.0388672 0.0185394
39 0.360276 0.23125 0.0414663 0.0335938 0.0181885
75 0.711538 0.168555 0.0600962 0.0398437 0.0179138
40 0.804087 0.136719 0.0384615 0.0800781 0.0178528
49 0.450721 0.233984 0.0528846 0.0339844 0.0177155
40 0.800481 0.160938 0.0288462 0.0382813 0.0173798
40 0.93149 0.168066 0.0360577 0.0423828 0.0167847
45 0.710938 0.168848 0.0600962 0.0388672 0.0167847
40 0.759014 0.12627 0.0348558 0.0654297 0.0165253
40 0.771635 0.0591797 0.0384615 0.0410156 0.0164642
56 0.801683 0.509375 0.121394 0.239063 0.0155411
40 0.713341 0.141797 0.0637019 0.0890625 0.0153656
40 0.711538 0.168262 0.0600962 0.0396484 0.0151901
41 0.864784 0.171191 0.0324519 0.0302734 0.0148392
44 0.71274 0.139063 0.0625 0.0835937 0.0145569
44 0.247596 0.708594 0.0480769 0.0234375 0.0142822
40 0.858774 0.14375 0.0661058 0.0835937 0.0141144
41 0.80649 0.0529297 0.0336538 0.0296875 0.0139542
39 0.846154 0.166309 0.0408654 0.0392578 0.0135345
40 0.91226 0.124707 0.0228365 0.0501953 0.0134811
40 0.864784 0.171191 0.0324519 0.0302734 0.0131683
39 0.852163 0.167578 0.0552885 0.0394531 0.01297
39 0.35637 0.230469 0.0510817 0.0390625 0.0124283
13 0.104267 0.947656 0.204928 0.1 0.0122375
40 0.768029 0.137109 0.0552885 0.08125 0.012146
44 0.248798 0.722266 0.0889423 0.0476562 0.0121002
40 0.780048 0.157422 0.0384615 0.0492188 0.0120087
40 0.890625 0.166211 0.0360577 0.0386719 0.0119629
40 0.760817 0.0522949 0.0396635 0.0508789 0.0116425
75 0.93149 0.168555 0.0360577 0.040625 0.0114212
45 0.71274 0.120703 0.0612981 0.0445313 0.0112915
40 0.896635 0.108789 0.0216346 0.01875 0.0112
40 0.891827 0.133887 0.0336538 0.0677734 0.0112
39 0.494591 0.232422 0.0456731 0.0351562 0.0110703
55 0.628456 0.76875 0.502704 0.184375 0.0110321
41 0.754808 0.160547 0.03125 0.0359375 0.0109482
44 0.450721 0.233594 0.0516827 0.034375 0.0104523
0 0.453726 0.208203 0.0709135 0.0871094 0.0103302
41 0.860577 0.121973 0.0588942 0.0371094 0.0102921
0 0.925481 0.259375 0.149038 0.20625 0.0102463
41 0.784255 0.162891 0.0396635 0.0417969 0.0101318
44 0.691106 0.659375 0.110577 0.0984375 0.0100098
56 0.170974 0.869531 0.200721 0.25 0.00993347
43 0.691106 0.659375 0.110577 0.0984375 0.00985718
39 0.940505 0.168359 0.0552885 0.04375 0.00967407
40 0.713942 0.156738 0.0625 0.0626953 0.00952148
45 0.450721 0.233594 0.0516827 0.034375 0.00945282
46 0.450721 0.233594 0.0516827 0.034375 0.00945282
0 0.453125 0.227734 0.0625 0.046875 0.00933838
74 0.860577 0.121582 0.0600962 0.0382813 0.00930023
56 0.719952 0.583203 0.0600962 0.117969 0.00898743
44 0.361779 0.232422 0.0384615 0.0335938 0.0088501
40 0.754808 0.154297 0.0360577 0.0511719 0.00878143
39 0.798077 0.162891 0.0384615 0.0417969 0.00871277
56 0.745192 0.328516 0.185096 0.154688 0.00857544
40 0.361178 0.23125 0.0420673 0.0335938 0.00834656
43 0.644832 0.645312 0.0456731 0.0625 0.00793457
56 0.847356 0.312695 0.0769231 0.130859 0.00784302
27 0.256911 0.254102 0.0853365 0.0679687 0.00769424
40 0.740385 0.163281 0.03125 0.0394531 0.00766754
75 0.852163 0.167578 0.0552885 0.0394531 0.00743103
56 0.651442 0.311328 0.322115 0.128906 0.00740433
60 0.778846 0.278125 0.293269 0.1875 0.00731659
74 0.71274 0.120703 0.0625 0.0457031 0.00720596
44 0.71274 0.120703 0.0612981 0.0445313 0.00712204
40 0.759615 0.0587891 0.0360577 0.0392578 0.00695801
43 0.645433 0.611719 0.125 0.159375 0.00682449
40 0.809495 0.131543 0.0456731 0.0755859 0.00677109
56 0.362981 0.232031 0.0384615 0.0328125 0.00671768
43 0.637019 0.639844 0.0528846 0.071875 0.00671768
44 0.852163 0.166992 0.0552885 0.0417969 0.00653839
56 0.0482272 0.864062 0.0940505 0.103125 0.0064621
40 0.802284 0.163672 0.0564904 0.0421875 0.00643921
56 0.0545373 0.55625 0.100661 0.35625 0.00643921
40 0.450721 0.194189 0.0649038 0.0600586 0.00631332
40 0.651442 0.123242 0.0288462 0.0683594 0.00621796
56 0.195012 0.895312 0.253005 0.20625 0.00614548
40 0.804087 0.111719 0.0240385 0.0285156 0.006073
40 0.860577 0.173633 0.0408654 0.0265625 0.00605011
39 0.864784 0.171191 0.0324519 0.0302734 0.00602722
42 0.644832 0.645312 0.0456731 0.0625 0.00588989
44 0.846154 0.166309 0.0408654 0.0392578 0.00577545
40 0.752404 0.053418 0.0384615 0.05 0.00564194
44 0.678486 0.65 0.100962 0.109375 0.00559998
13 0.0519832 0.601172 0.0997596 0.250781 0.0055542
40 0.935096 0.158008 0.0288462 0.03125 0.0050621
41 0.740385 0.163281 0.03125 0.0394531 0.00498199
42 0.677885 0.65 0.0793269 0.101562 0.00498199
42 0.247596 0.708594 0.0480769 0.0234375 0.00498199
43 0.762019 0.675 0.302885 0.2375 0.00498199
39 0.860577 0.173633 0.0408654 0.0265625 0.00482941
39 0.450721 0.233594 0.0516827 0.034375 0.00479126
40 0.959135 0.039209 0.0576923 0.0760742 0.00466537
0 0.460337 0.199023 0.0889423 0.101562 0.0045929
40 0.810096 0.155078 0.0552885 0.0554687 0.00453949
60 0.777644 0.217188 0.293269 0.0617188 0.00448608
40 0.35637 0.230469 0.0510817 0.0390625 0.00446701
40 0.451923 0.206445 0.0625 0.0855469 0.00443268
40 0.757212 0.10791 0.0228365 0.0306641 0.00441742
45 0.44351 0.186914 0.0456731 0.0402344 0.00436401
40 0.872596 0.142773 0.0985577 0.0875 0.00429916
0 0.847356 0.311914 0.0769231 0.130859 0.00429916
60 0.783654 0.248438 0.283654 0.13125 0.00400543
39 0.455529 0.194727 0.0745192 0.0601563 0.00399017
41 0.848558 0.310547 0.0769231 0.125781 0.00392914
44 0.450721 0.194189 0.0649038 0.0600586 0.00390053
41 0.802284 0.163672 0.0564904 0.0421875 0.00388527
41 0.896635 0.178711 0.0360577 0.0152344 0.00388527
40 0.810096 0.11543 0.0336538 0.0386719 0.00383949
56 0.27156 0.864062 0.400391 0.270313 0.00383949
56 0.757212 0.304297 0.15625 0.11875 0.00378036
32 0.496394 0.233594 0.0444712 0.0335938 0.00374985
75 0.845553 0.167969 0.0408654 0.0371094 0.00370789
56 0.130409 0.895312 0.257212 0.20625 0.00370789
75 0.859375 0.121289 0.0576923 0.0394531 0.00367928
43 0.678486 0.65 0.100962 0.109375 0.00365067
0 0.921274 0.34292 0.157452 0.386035 0.00355148
75 0.450721 0.233594 0.0516827 0.034375 0.00353813
40 0.631611 0.10957 0.03125 0.0402344 0.00352478
55 0.599609 0.8125 0.800781 0.364063 0.00352478
40 0.495192 0.230859 0.0432692 0.0351562 0.00349617
40 0.786058 0.664844 0.163462 0.071875 0.00349617
0 0.911659 0.49834 0.175481 0.351758 0.00348282
76 0.668269 0.638672 0.125 0.132812 0.00346947
56 0.737981 0.578906 0.03125 0.110937 0.00345612
42 0.637019 0.639844 0.0528846 0.071875 0.00335121
44 0.653846 0.621094 0.103365 0.103125 0.00331116
67 0.479567 0.196484 0.03125 0.0382813 0.00327301
56 0.0522837 0.603125 0.100361 0.246875 0.00324821
0 0.971154 0.317773 0.0552885 0.0539063 0.00322342
41 0.971154 0.317578 0.0552885 0.0535156 0.00319672
41 0.210337 0.764453 0.170673 0.100781 0.00319672
39 0.860577 0.307813 0.0516827 0.110156 0.00318527
44 0.644832 0.645312 0.0456731 0.0625 0.00316048
39 0.453125 0.227734 0.0625 0.046875 0.00312424
44 0.637019 0.639844 0.0528846 0.071875 0.00311089
71 0.412861 0.246875 0.0961538 0.0101563 0.0030632
0 0.463792 0.411621 0.908954 0.675195 0.00305176
40 0.652043 0.108008 0.0276442 0.0410156 0.00302696
40 0.649038 0.140625 0.0372596 0.102734 0.00300407
40 0.817308 0.0539063 0.0600962 0.0535156 0.00299263
41 0.460938 0.230273 0.046875 0.0347656 0.00292397
13 0.0534856 0.551562 0.102764 0.358594 0.00291252
60 0.432692 0.2875 0.146635 0.0898438 0.00290108
46 0.71274 0.120703 0.0625 0.0457031 0.00286674
44 0.740385 0.163281 0.03125 0.0394531 0.00286674
39 0.71274 0.168359 0.0625 0.0390625 0.00286674
13 0.800481 0.510938 0.122596 0.229687 0.00286674
40 0.743389 0.0681641 0.0216346 0.0195312 0.00282288
40 0.45012 0.233398 0.0516827 0.0339844 0.00279999
40 0.80649 0.0429565 0.0384615 0.0517822 0.00279045
56 0.428486 0.287109 0.137019 0.0859375 0.00279045
42 0.643029 0.620703 0.151442 0.134375 0.00276756
45 0.859375 0.121484 0.0588942 0.0380859 0.0027256
41 0.846755 0.270313 0.0552885 0.0390625 0.0027256
56 0.729567 0.578906 0.0480769 0.117188 0.00271416
45 0.494591 0.232422 0.0456731 0.0351562 0.00270462
56 0.0338041 0.488281 0.0612981 0.246875 0.00264168
41 0.949519 0.170215 0.0709135 0.0412109 0.00263214
41 0.855769 0.263281 0.0384615 0.0261719 0.00259018
44 0.700721 0.66875 0.100962 0.084375 0.00259018
56 0.0725661 0.542188 0.125901 0.353125 0.00259018
39 0.858774 0.121094 0.0576923 0.0386719 0.00256157
32 0.71274 0.120703 0.0625 0.0457031 0.00253105
71 0.401442 0.649219 0.385817 0.107813 0.00253105
40 0.904447 0.142773 0.0889423 0.0875 0.00252151
60 0.924279 0.682813 0.151442 0.0734375 0.00250244
74 0.710938 0.167969 0.0588942 0.0398437 0.0024929
56 0.741587 0.515234 0.204327 0.244531 0.0024929
56 0.819712 0.41875 0.0324519 0.05 0.00247192
45 0.784856 0.658594 0.165865 0.05 0.00243378
44 0.78726 0.665234 0.163462 0.071875 0.00243378
67 0.455529 0.194727 0.0745192 0.0601563 0.00240517
44 0.35637 0.23125 0.0516827 0.0390625 0.002388
45 0.362981 0.232031 0.0384615 0.0328125 0.00237846
44 0.713942 0.156738 0.0625 0.0626953 0.00237846
42 0.691106 0.659375 0.110577 0.0984375 0.00234985
44 0.262019 0.709375 0.0697115 0.028125 0.00233269
56 0.0228365 0.429785 0.0408654 0.141992 0.00231361
40 0.460938 0.230273 0.046875 0.0347656 0.00229645
41 0.804087 0.0599121 0.0396635 0.0416992 0.00226974
41 0.759615 0.0587891 0.0360577 0.0392578 0.00221634
53 0.662861 0.785156 0.614183 0.217188 0.00221634
41 0.71274 0.139063 0.0625 0.0835937 0.00219917
60 0.801683 0.676953 0.393029 0.0914062 0.00215721
40 0.655649 0.118945 0.0240385 0.0578125 0.00214958
39 0.754808 0.160547 0.03125 0.0359375 0.00213242
41 0.652043 0.108008 0.0276442 0.0410156 0.00210762
40 0.936298 0.160938 0.0384615 0.0535156 0.00209999
73 0.766226 0.136133 0.388221 0.101953 0.00209999
45 0.412861 0.246875 0.0961538 0.0101563 0.00209045
41 0.86238 0.166895 0.0685096 0.0388672 0.00208282
0 0.466346 0.228906 0.0552885 0.0421875 0.00208282
0 0.355769 0.23125 0.0540865 0.0390625 0.0020752
75 0.360276 0.23125 0.0414663 0.0335938 0.00206757
41 0.768029 0.137109 0.0552885 0.08125 0.00201988
39 0.442909 0.186377 0.0492788 0.0444336 0.00200272
42 0.653846 0.621094 0.103365 0.103125 0.00200272
44 0.858774 0.121289 0.0564904 0.0382813 0.00199509
75 0.940505 0.168359 0.0552885 0.04375 0.00199509
41 0.955529 0.0595215 0.0492788 0.0334961 0.00198746
40 0.949519 0.170215 0.0709135 0.0412109 0.00198746
56 0.697115 0.583984 0.100962 0.121094 0.00198746
60 0.822115 0.413672 0.0456731 0.0554687 0.00197983
40 0.71274 0.119922 0.0612981 0.0451172 0.00194168
0 0.361178 0.23125 0.0420673 0.0335938 0.00192642
72 0.847356 0.312695 0.0769231 0.130859 0.00192642
42 0.817909 0.749219 0.0673077 0.04375 0.00191212
74 0.954928 0.0594727 0.0492788 0.0332031 0.00188923
60 0.392879 0.7125 0.613281 0.165625 0.00187492
44 0.759014 0.12627 0.0348558 0.0654297 0.00186729
46 0.361779 0.232422 0.0384615 0.0335938 0.00186729
41 0.743389 0.0681641 0.0216346 0.0195312 0.00185299
41 0.890625 0.166211 0.0360577 0.0386719 0.00185299
71 0.780649 0.215234 0.284856 0.0601563 0.00185299
43 0.247596 0.708594 0.0480769 0.0234375 0.00185299
39 0.453726 0.208203 0.0709135 0.0871094 0.00185299
41 0.860577 0.307813 0.0516827 0.110156 0.00184631
44 0.760817 0.13457 0.0432692 0.0816406 0.00183105
41 0.906851 0.12793 0.0336538 0.0546875 0.0018177
0 0.75 0.310937 0.1875 0.129688 0.00179577
41 0.896635 0.108789 0.0216346 0.01875 0.00178909
63 0.401442 0.649219 0.385817 0.107813 0.00178909
41 0.878005 0.259766 0.0228365 0.0277344 0.00178242
42 0.81851 0.745313 0.0817308 0.053125 0.00177479
40 0.655649 0.138281 0.0264423 0.0957031 0.00174809
44 0.241587 0.710938 0.0691106 0.0273438 0.00174809
58 0.847356 0.311719 0.0745192 0.121875 0.0017271
40 0.76863 0.0420898 0.0540865 0.0689453 0.00170708
40 0.813702 0.138672 0.0552885 0.0828125 0.00170708
40 0.0105168 0.336719 0.0207332 0.059375 0.00170708
42 0.762019 0.675 0.302885 0.2375 0.0016613
45 0.860577 0.173633 0.0408654 0.0265625 0.0016489
13 0.401442 0.649219 0.385817 0.107813 0.0016489
39 0.239183 0.763281 0.112981 0.09375 0.0016489
40 0.939904 0.127539 0.0336538 0.0664062 0.00164223
56 0.823918 0.414062 0.0444712 0.0546875 0.00163555
0 0.640024 0.305859 0.344952 0.13125 0.00163555
41 0.77524 0.0605469 0.0336538 0.0367188 0.00162315
56 0.408053 0.248047 0.103365 0.0125 0.00162315
42 0.655048 0.654688 0.0600962 0.0804688 0.00162315
74 0.71274 0.129883 0.0625 0.0664062 0.00159168
32 0.451923 0.234961 0.0504808 0.0332031 0.00158501
43 0.677885 0.65 0.173077 0.165625 0.00154305
40 0.954327 0.0595215 0.0504808 0.0338867 0.0015192
42 0.248798 0.722266 0.0889423 0.0476562 0.0015192
56 0.668269 0.571875 0.199519 0.139063 0.0015192
40 0.9375 0.108984 0.0240385 0.025 0.00150108
43 0.667668 0.556641 0.0637019 0.0414063 0.00150108
13 0.0486779 0.876563 0.0955529 0.13125 0.00150108
40 0.885817 0.141406 0.149038 0.0898438 0.00149536
56 0.0555889 0.626953 0.105168 0.563281 0.00149536
41 0.759615 0.176367 0.03125 0.01875 0.00148964
0 0.911058 0.418359 0.177885 0.529688 0.91748
55 0.669471 0.785156 0.628606 0.220313 0.916016
0 0.196514 0.401563 0.370192 0.690625 0.896484
0 0.585186 0.375781 0.471454 0.583594 0.880371
56 0.399639 0.649219 0.38101 0.107813 0.845703
60 0.533504 0.807031 0.932993 0.371875 0.84375
43 0.66887 0.638281 0.125 0.135937 0.805664
56 0.103441 0.948438 0.204177 0.0984375 0.488281
41 0.240385 0.763281 0.112981 0.0921875 0.370117
45 0.786659 0.665625 0.163462 0.071875 0.255371
41 0.710938 0.168945 0.0600962 0.0382813 0.223999
41 0.495192 0.232422 0.0456731 0.0351562 0.105591
41 0.786659 0.665625 0.16226 0.071875 0.0977173
41 0.450721 0.233594 0.0516827 0.034375 0.0939941
40 0.80649 0.0530273 0.0336538 0.0296875 0.078064
41 0.362981 0.232031 0.0390625 0.0324219 0.0673218
40 0.798678 0.162891 0.0384615 0.0414063 0.0646362
44 0.711538 0.168164 0.0600962 0.0394531 0.0499573
40 0.757212 0.163379 0.0372596 0.0404297 0.0481262
39 0.93149 0.168066 0.0360577 0.0419922 0.0460205
40 0.907452 0.12793 0.0336538 0.0546875 0.0430298
39 0.848558 0.310547 0.0769231 0.125781 0.0427246
42 0.673678 0.639063 0.134615 0.135937 0.0409851
44 0.673678 0.639063 0.134615 0.135937 0.0386047
41 0.846154 0.167969 0.0420673 0.0367188 0.0379028
41 0.93149 0.168555 0.0360577 0.0402344 0.0377502
41 0.859976 0.173633 0.0420673 0.0265625 0.0358276
41 0.800481 0.162305 0.03125 0.0402344 0.0354004
40 0.804087 0.0599609 0.0384615 0.0416016 0.0346069
40 0.784255 0.162891 0.0396635 0.0414063 0.0344849
43 0.6875 0.642969 0.149038 0.154688 0.0343628
40 0.899639 0.120605 0.0324519 0.0419922 0.0330811
43 0.646635 0.628125 0.161058 0.153125 0.0316162
41 0.941106 0.168555 0.0552885 0.0433594 0.0309143
41 0.442308 0.186768 0.0456731 0.0405273 0.0284424
41 0.35637 0.230469 0.0516827 0.0390625 0.0280151
40 0.936298 0.131836 0.0348558 0.0738281 0.0274811
40 0.846154 0.166309 0.0420673 0.0388672 0.0269623
40 0.860577 0.122168 0.0588942 0.0365234 0.0267639
67 0.239183 0.7625 0.112981 0.0921875 0.0238647
40 0.915264 0.140137 0.0444712 0.0802734 0.0233307
41 0.713942 0.121094 0.0625 0.0449219 0.0222015
40 0.941106 0.168555 0.0552885 0.0433594 0.0220337
56 0.733173 0.310352 0.157452 0.124219 0.0204163
56 0.160757 0.949219 0.309495 0.0984375 0.0184784
40 0.804087 0.136719 0.0384615 0.0800781 0.0176392
39 0.360276 0.23125 0.0414663 0.0335938 0.0176392
40 0.863582 0.166992 0.0709135 0.0386719 0.0174408
40 0.93149 0.168066 0.0360577 0.0419922 0.0174408
40 0.771635 0.0592285 0.0384615 0.0407227 0.0173035
41 0.864183 0.171191 0.0336538 0.0298828 0.0164642
75 0.711538 0.168555 0.0600962 0.0390625 0.0161591
45 0.710938 0.168945 0.0600962 0.0382813 0.0155411
49 0.450721 0.233984 0.0528846 0.0335938 0.0154877
56 0.801683 0.509375 0.120192 0.239063 0.0154266
40 0.759014 0.126465 0.0348558 0.0654297 0.0150757
40 0.711538 0.168164 0.0600962 0.0394531 0.0147858
40 0.713341 0.141797 0.0637019 0.0882813 0.0143356
43 0.653846 0.621875 0.103365 0.103125 0.0141144
40 0.858774 0.143848 0.0661058 0.0833984 0.0138474
39 0.846154 0.166309 0.0420673 0.0388672 0.0133743
41 0.80649 0.0530273 0.0336538 0.0296875 0.0122375
44 0.712139 0.141016 0.0637019 0.0898438 0.012146
40 0.768029 0.137598 0.0552885 0.0810547 0.0121002
40 0.91226 0.125488 0.0228365 0.0513672 0.0120544
40 0.78125 0.15791 0.0384615 0.0482422 0.0120544
40 0.864183 0.171191 0.0336538 0.0298828 0.0120087
40 0.760817 0.0523438 0.0384615 0.0505859 0.0115967
39 0.35637 0.230469 0.0516827 0.0390625 0.0114212
40 0.890625 0.166211 0.0348558 0.0382813 0.0113754
39 0.495192 0.232422 0.0456731 0.0351562 0.0113297
13 0.104267 0.947656 0.204928 0.1 0.0111618
40 0.893029 0.132031 0.0336538 0.0634766 0.0110703
41 0.860577 0.122168 0.0588942 0.0365234 0.0109863
74 0.860577 0.12168 0.0600962 0.0378906 0.0107803
45 0.71274 0.120898 0.0625 0.0441406 0.0106125
41 0.784255 0.162891 0.0396635 0.0414063 0.0105667
44 0.248197 0.708594 0.0492788 0.0234375 0.0104065
41 0.754808 0.160449 0.03125 0.0357422 0.0103302
75 0.93149 0.168555 0.0360577 0.0402344 0.0102921
44 0.450721 0.233594 0.0516827 0.034375 0.0100937
39 0.852163 0.168457 0.0552885 0.0376953 0.0100555
40 0.896635 0.108887 0.0228365 0.0185547 0.00978088
45 0.450721 0.233594 0.0516827 0.034375 0.00978088
39 0.798678 0.162891 0.0384615 0.0414063 0.0091629
0 0.925481 0.25957 0.149038 0.20625 0.00898743
40 0.754808 0.154199 0.0372596 0.0513672 0.00891876
39 0.941106 0.168555 0.0552885 0.0433594 0.0086441
56 0.170974 0.869531 0.201322 0.25 0.0086441
40 0.776442 0.0606445 0.03125 0.0365234 0.00834656
0 0.453726 0.208398 0.0709135 0.0867188 0.00828552
40 0.713942 0.158691 0.0625 0.0583984 0.008255
44 0.248197 0.723047 0.0913462 0.046875 0.00806427
56 0.847356 0.312695 0.0769231 0.130859 0.00793457
56 0.744591 0.328711 0.186298 0.155078 0.0078125
43 0.646635 0.614844 0.125 0.166406 0.00775528
40 0.361178 0.23125 0.0408654 0.0335938 0.00772476
27 0.257812 0.254297 0.0829327 0.0667969 0.00763702
46 0.450721 0.233594 0.0516827 0.034375 0.00757599
74 0.713341 0.120703 0.0625 0.0453125 0.00751877
40 0.450721 0.193359 0.0649038 0.0578125 0.00748825
40 0.852163 0.168457 0.0552885 0.0376953 0.00746155
0 0.453125 0.228516 0.0625 0.0457031 0.00740433
56 0.671875 0.311133 0.28125 0.128516 0.00740433
44 0.361779 0.232227 0.0384615 0.0328125 0.00734711
56 0.719952 0.583594 0.0600962 0.11875 0.00725937
75 0.852163 0.167676 0.0552885 0.0388672 0.00723267
43 0.692308 0.659375 0.112981 0.0984375 0.00720596
40 0.760216 0.0588867 0.0360577 0.0390625 0.00717545
55 0.593149 0.765625 0.444712 0.178125 0.00703812
40 0.802284 0.163672 0.0564904 0.0417969 0.00695801
40 0.741587 0.163281 0.03125 0.0390625 0.00669098
41 0.852163 0.166992 0.0552885 0.0414063 0.00661469
60 0.777644 0.278906 0.288462 0.185938 0.0064621
40 0.809495 0.131055 0.0456731 0.0742188 0.00638962
56 0.362981 0.232031 0.0390625 0.0324219 0.00638962
43 0.760216 0.675 0.300481 0.239063 0.00634003
44 0.71274 0.120898 0.0625 0.0441406 0.00631332
56 0.0546875 0.554688 0.100361 0.3625 0.00619125
44 0.852163 0.166992 0.0552885 0.0414063 0.00602722
39 0.864183 0.171191 0.0336538 0.0298828 0.00600433
44 0.692308 0.659375 0.112981 0.0984375 0.00593567
40 0.752404 0.053418 0.0384615 0.0496094 0.00577545
43 0.644832 0.645312 0.0456731 0.0625 0.00577545
56 0.194411 0.895312 0.254207 0.20625 0.00575256
40 0.651442 0.124414 0.0288462 0.0703125 0.00568771
56 0.0480769 0.864062 0.09375 0.103125 0.00564194
43 0.637019 0.640625 0.0528846 0.071875 0.00557709
40 0.804087 0.111719 0.0240385 0.028125 0.00542831
40 0.859976 0.173633 0.0420673 0.0265625 0.00542831
13 0.0519832 0.600391 0.0991587 0.252344 0.00538635
40 0.935096 0.157715 0.0288462 0.0304688 0.00511932
40 0.451322 0.206445 0.0637019 0.0851563 0.00511932
39 0.450721 0.233594 0.0516827 0.034375 0.00510025
40 0.959135 0.03927 0.0576923 0.0761475 0.00508118
45 0.44351 0.186768 0.0456731 0.0397461 0.00496292
44 0.846154 0.167969 0.0420673 0.0367188 0.00479126
40 0.810096 0.155566 0.0552885 0.0544922 0.00477219
41 0.741587 0.163281 0.03125 0.0390625 0.00466537
40 0.35637 0.230469 0.0516827 0.0390625 0.00450516
39 0.859976 0.173633 0.0420673 0.0265625 0.00446701
41 0.848558 0.310547 0.0769231 0.125781 0.00446701
40 0.873798 0.142871 0.100962 0.0876953 0.00445175
41 0.802284 0.163672 0.0564904 0.0417969 0.00436401
42 0.644832 0.645312 0.0456731 0.0625 0.00432968
42 0.248197 0.708594 0.0492788 0.0234375 0.00411606
44 0.450721 0.193359 0.0649038 0.0578125 0.00400543
40 0.757212 0.108594 0.0228365 0.0316406 0.00395966
42 0.679087 0.648438 0.0793269 0.105469 0.00390053
39 0.455529 0.194922 0.0757212 0.0589844 0.00383949
32 0.496394 0.233789 0.0444712 0.0332031 0.00376511
56 0.756611 0.304688 0.155048 0.117969 0.00376511
0 0.847356 0.312109 0.0769231 0.130469 0.00376511
41 0.461538 0.230078 0.0456731 0.034375 0.00374985
40 0.495192 0.230859 0.0432692 0.034375 0.00359344
60 0.777644 0.217188 0.293269 0.0625 0.00353813
0 0.460337 0.199023 0.0889423 0.101562 0.00349617
41 0.971154 0.317383 0.0552885 0.0527344 0.00345612
75 0.450721 0.233594 0.0516827 0.034375 0.00344276
76 0.673678 0.639063 0.134615 0.135937 0.00344276
40 0.632212 0.10957 0.03125 0.0402344 0.00338936
40 0.810096 0.115039 0.0336538 0.0375 0.00336266
40 0.786058 0.664453 0.163462 0.071875 0.00336266
44 0.679087 0.65 0.103365 0.109375 0.00332451
39 0.861779 0.308203 0.0504808 0.109766 0.00328636
42 0.646635 0.628125 0.161058 0.153125 0.00327301
41 0.896635 0.178564 0.0360577 0.0155273 0.00322342
40 0.71274 0.128711 0.0625 0.0640625 0.00321007
40 0.449519 0.233398 0.0528846 0.0335938 0.00319672
41 0.211538 0.764453 0.168269 0.100781 0.00319672
75 0.859375 0.121191 0.0576923 0.0388672 0.00318527
40 0.817308 0.0541016 0.0600962 0.053125 0.00317192
56 0.271034 0.864258 0.40024 0.271484 0.00317192
55 0.612981 0.812305 0.772837 0.362891 0.00312424
71 0.412861 0.246875 0.0949519 0.0101563 0.00309944
56 0.130334 0.895312 0.257362 0.20625 0.00309944
40 0.649038 0.140918 0.0360577 0.10293 0.003088
0 0.46274 0.411035 0.907452 0.674805 0.0030632
39 0.453125 0.228516 0.0625 0.0457031 0.00298119
40 0.80649 0.0434082 0.0396635 0.0512695 0.0029583
67 0.479567 0.19668 0.03125 0.0378906 0.0029583
13 0.801082 0.511328 0.121394 0.228906 0.0029583
13 0.0534856 0.551953 0.102764 0.360938 0.0029583
44 0.78726 0.664844 0.161058 0.071875 0.00291252
0 0.971154 0.317578 0.0552885 0.0539063 0.00287819
0 0.921274 0.345264 0.157452 0.392285 0.00287819
42 0.645433 0.642969 0.0649038 0.0671875 0.00284576
40 0.743389 0.0680664 0.0216346 0.0197266 0.00283432
71 0.401593 0.648828 0.386719 0.108594 0.00283432
56 0.0333534 0.488184 0.0606971 0.24707 0.00281143
41 0.855769 0.263281 0.0384615 0.0257812 0.00279999
41 0.846755 0.270703 0.0552885 0.0402344 0.00276756
56 0.738582 0.578906 0.0288462 0.110937 0.00275803
60 0.924279 0.682813 0.151442 0.0726563 0.00273705
56 0.0524339 0.603125 0.100661 0.248438 0.00273705
45 0.495192 0.232422 0.0456731 0.0351562 0.00271416
32 0.713341 0.120703 0.0625 0.0453125 0.00264168
45 0.859375 0.12168 0.0588942 0.0375 0.00261116
40 0.651442 0.108105 0.0288462 0.0408203 0.00259018
39 0.71274 0.168555 0.0625 0.0386719 0.00258064
44 0.71274 0.128711 0.0625 0.0640625 0.00258064
56 0.0225361 0.431152 0.0402644 0.142383 0.00257111
74 0.710938 0.167969 0.0588942 0.0398437 0.00255013
40 0.90625 0.142969 0.0865385 0.0867188 0.00252151
43 0.679087 0.65 0.103365 0.109375 0.00251198
0 0.911659 0.498828 0.175481 0.352344 0.00251198
73 0.77524 0.13623 0.372596 0.100977 0.00250244
40 0.461538 0.230078 0.0456731 0.034375 0.0024929
44 0.741587 0.163281 0.03125 0.0390625 0.00248146
56 0.428486 0.287109 0.137019 0.0859375 0.00247192
56 0.0407151 0.506934 0.0742188 0.283008 0.00246239
53 0.662861 0.785156 0.614183 0.21875 0.00245285
60 0.432692 0.287695 0.145433 0.0902344 0.00244331
44 0.713942 0.158691 0.0625 0.0583984 0.0024147
56 0.741587 0.515625 0.204327 0.24375 0.00240517
39 0.855769 0.120508 0.0528846 0.0392578 0.00239754
44 0.645433 0.642969 0.0649038 0.0671875 0.00239754
41 0.71274 0.139063 0.0625 0.0824219 0.00237846
45 0.362981 0.232031 0.0390625 0.0324219 0.00234222
56 0.819712 0.41875 0.0336538 0.05 0.00234222
45 0.784856 0.657813 0.165865 0.05 0.00231361
67 0.455529 0.194922 0.0757212 0.0589844 0.00225258
41 0.804087 0.0599609 0.0384615 0.0416016 0.00223351
41 0.863582 0.166992 0.0709135 0.0386719 0.00219917
40 0.936298 0.160547 0.0384615 0.0539063 0.00219154
72 0.847356 0.314844 0.0769231 0.129688 0.00218201
39 0.44351 0.186328 0.0480769 0.0441406 0.00211525
56 0.731971 0.578906 0.0432692 0.116406 0.00210762
44 0.644832 0.645312 0.0456731 0.0625 0.00209999
60 0.805288 0.676562 0.387019 0.0921875 0.00209999
41 0.760216 0.0588867 0.0360577 0.0390625 0.0020752
42 0.760216 0.675 0.300481 0.239063 0.0020504
44 0.35637 0.23125 0.0516827 0.0382813 0.00201988
41 0.861779 0.308203 0.0504808 0.109766 0.00201988
40 0.628606 0.106055 0.03125 0.0386719 0.00198746
41 0.955529 0.0595703 0.0492788 0.0333984 0.0019722
41 0.878005 0.259766 0.0228365 0.0273438 0.0019722
40 0.655649 0.119629 0.0240385 0.0589844 0.00196457
46 0.713341 0.120703 0.0625 0.0453125 0.00192642
41 0.768029 0.137598 0.0552885 0.0810547 0.00192642
45 0.412861 0.246875 0.0949519 0.0101563 0.00191879
64 0.713341 0.120703 0.0625 0.0453125 0.00191212
74 0.954928 0.0594238 0.0492788 0.0331055 0.00188923
0 0.355769 0.23125 0.0540865 0.0390625 0.00188923
60 0.822115 0.414062 0.0456731 0.0546875 0.00186062
41 0.651442 0.108105 0.0288462 0.0408203 0.00185299
40 0.940505 0.127734 0.0324519 0.0664062 0.00185299
39 0.754808 0.160449 0.03125 0.0357422 0.00185299
40 0.76863 0.0424805 0.0528846 0.0685547 0.00183868
41 0.890625 0.166211 0.0348558 0.0382813 0.00183105
75 0.360276 0.23125 0.0414663 0.0335938 0.0018034
41 0.743389 0.0680664 0.0216346 0.0197266 0.00179577
44 0.261418 0.709375 0.0697115 0.028125 0.00178242
56 0.0730168 0.508594 0.128005 0.285938 0.00178242
44 0.858774 0.121484 0.0564904 0.0375 0.00176811
39 0.453726 0.208398 0.0709135 0.0867188 0.00174141
41 0.907452 0.12793 0.0336538 0.0546875 0.0017271
44 0.653846 0.621875 0.103365 0.103125 0.0017271
40 0.655649 0.138672 0.0264423 0.0960938 0.00172043
42 0.817909 0.749219 0.0685096 0.04375 0.00170708
75 0.941106 0.168555 0.0552885 0.0433594 0.0017004
71 0.780048 0.215234 0.28125 0.059375 0.0017004
42 0.817909 0.742969 0.0853365 0.0578125 0.0017004
71 0.529447 0.807031 0.936298 0.373437 0.0017004
44 0.759014 0.126465 0.0348558 0.0654297 0.00169373
40 0.0105168 0.337109 0.0207332 0.0585938 0.0016613
56 0.823918 0.414453 0.0444712 0.0539063 0.0016613
41 0.326022 0.223828 0.046274 0.034375 0.0016489
41 0.896635 0.108887 0.0228365 0.0185547 0.00163555
0 0.467548 0.229883 0.0528846 0.0402344 0.00161648
0 0.362981 0.232031 0.0390625 0.0324219 0.00161076
74 0.71274 0.128711 0.0625 0.0640625 0.0015974
63 0.401593 0.648828 0.386719 0.108594 0.00157928
45 0.859976 0.173633 0.0420673 0.0265625 0.00157356
32 0.451923 0.235156 0.0504808 0.0328125 0.00156689
42 0.692308 0.659375 0.112981 0.0984375 0.00156116
56 0.534856 0.640625 0.78125 0.15625 0.00156116
60 0.393029 0.714063 0.615385 0.170313 0.00154877
39 0.238882 0.763672 0.113582 0.0945313 0.00154305
41 0.776442 0.0606445 0.03125 0.0365234 0.00152493
44 0.760817 0.134766 0.0432692 0.08125 0.00152493
43 0.586538 0.603125 0.262019 0.180469 0.00152493
40 0.885817 0.141309 0.149038 0.0896484 0.0015192
41 0.455529 0.194922 0.0757212 0.0589844 0.00151253
44 0.859976 0.173633 0.0420673 0.0265625 0.00149536
43 0.254808 0.708594 0.0564904 0.025 0.00149536
13 0.271034 0.864258 0.40024 0.271484 0.00149536
40 0.954327 0.0595215 0.0504808 0.0336914 0.00148392
44 0.742788 0.665625 0.252404 0.078125 0.00148392
13 0.401593 0.648828 0.386719 0.108594 0.0014782
56 0.698317 0.584375 0.0985577 0.121094 0.00147247
40 0.9375 0.10918 0.0240385 0.025 0.00144386
45 0.742788 0.665625 0.252404 0.078125 0.00143242
56 0.584285 0.519141 0.475661 0.274219 0.00141621
60 0.847356 0.723828 0.300481 0.182031 0.00139904
44 0.655649 0.138672 0.0264423 0.0960938 0.00139427
58 0.847356 0.311719 0.0745192 0.121875 0.00138855
45 0.35637 0.230469 0.0516827 0.0390625 0.00136662
42 0.655048 0.653906 0.0600962 0.08125 0.00135612
44 0.864183 0.171191 0.0336538 0.0298828 0.00135136
55 0.669321 0.784375 0.627704 0.221875 0.926758
0 0.910457 0.417969 0.179087 0.529688 0.918945
0 0.196214 0.402344 0.36899 0.69375 0.897461
0 0.585186 0.375781 0.471454 0.584375 0.881348
56 0.399038 0.648828 0.379808 0.108594 0.874023
60 0.532452 0.807031 0.935096 0.371875 0.861816
43 0.66887 0.638281 0.125 0.135937 0.812988
56 0.103365 0.948438 0.203726 0.1 0.539062
41 0.240084 0.764063 0.113582 0.09375 0.395996
45 0.78726 0.665234 0.163462 0.071875 0.271973
41 0.710938 0.168945 0.0600962 0.0378906 0.250977
41 0.495192 0.232617 0.0456731 0.0347656 0.124634
41 0.450721 0.233594 0.0528846 0.0339844 0.112793
41 0.786058 0.665625 0.163462 0.071875 0.0897827
40 0.80649 0.0529785 0.0336538 0.0297852 0.0769653
41 0.36268 0.232031 0.0390625 0.0320312 0.0723877
40 0.798077 0.162891 0.0384615 0.0414063 0.0646362
44 0.711538 0.168359 0.0600962 0.0390625 0.0562439
39 0.848558 0.310156 0.0769231 0.125 0.0524292
40 0.757212 0.163477 0.0384615 0.0402344 0.0460205
39 0.93149 0.167969 0.0360577 0.0417969 0.0440063
42 0.673077 0.639063 0.134615 0.135937 0.0437012
41 0.932091 0.16875 0.0372596 0.0398437 0.0432129
41 0.852163 0.168555 0.0552885 0.0371094 0.0427246
44 0.673077 0.639063 0.134615 0.135937 0.0403748
40 0.907452 0.12793 0.0336538 0.0546875 0.0396423
41 0.858774 0.173633 0.0444712 0.0265625 0.0387573
40 0.804688 0.0599609 0.0396635 0.0414063 0.0381775
41 0.442308 0.18667 0.0456731 0.0399414 0.0377502
41 0.800481 0.1625 0.0336538 0.0402344 0.0350037
40 0.784856 0.162891 0.0408654 0.0414063 0.0348816
43 0.645433 0.625781 0.165865 0.160938 0.0346069
41 0.941106 0.168457 0.0576923 0.0431641 0.0339661
41 0.35607 0.230273 0.0516827 0.0386719 0.0303345
43 0.694712 0.651563 0.163462 0.171875 0.0298767
40 0.936298 0.131738 0.0348558 0.0732422 0.0281067
40 0.899639 0.120508 0.0324519 0.0417969 0.0274811
40 0.860577 0.122266 0.0600962 0.0367188 0.0269623
41 0.71274 0.120996 0.0625 0.0439453 0.0268555
40 0.846154 0.166406 0.0432692 0.0386719 0.0258636
67 0.239183 0.763281 0.113582 0.09375 0.0236969
40 0.915865 0.140137 0.0456731 0.0798828 0.0226288
40 0.941106 0.168457 0.0576923 0.0431641 0.0214539
56 0.733173 0.30957 0.157452 0.123047 0.0189056
40 0.804688 0.137305 0.0384615 0.0808594 0.0188293
41 0.862981 0.171191 0.0360577 0.0294922 0.0181885
40 0.771635 0.059082 0.0384615 0.0408203 0.0173035
49 0.450721 0.233984 0.0528846 0.0335938 0.0172424
45 0.710938 0.168945 0.0600962 0.0378906 0.0167847
40 0.93149 0.167969 0.0360577 0.0417969 0.0166626
56 0.801683 0.509375 0.117788 0.239063 0.0166626
40 0.864183 0.16709 0.0733173 0.0388672 0.0161591
39 0.360276 0.23125 0.0414663 0.0328125 0.016098
75 0.711538 0.168555 0.0600962 0.0390625 0.0153046
56 0.162335 0.949219 0.31235 0.0984375 0.0147858
40 0.759615 0.126758 0.0360577 0.0654297 0.014389
40 0.858774 0.143945 0.0661058 0.0832031 0.0142288
40 0.711538 0.168359 0.0600962 0.0390625 0.0140076
44 0.712139 0.141211 0.0637019 0.0890625 0.0137939
39 0.852163 0.167969 0.0552885 0.0382813 0.0134277
40 0.71274 0.141406 0.0625 0.0871094 0.0134277
40 0.769231 0.138281 0.0552885 0.08125 0.0130692
74 0.860577 0.12168 0.0600962 0.0375 0.0120544
41 0.860577 0.122266 0.0600962 0.0367188 0.0120544
43 0.653846 0.621875 0.103365 0.103125 0.0120544
40 0.78125 0.157031 0.0396635 0.05 0.0119629
40 0.760817 0.0523438 0.0396635 0.0505859 0.0112
44 0.450721 0.233594 0.0528846 0.0339844 0.0112
39 0.495192 0.232617 0.0456731 0.0347656 0.0110321
41 0.784856 0.162891 0.0408654 0.0414063 0.0109482
45 0.71274 0.120996 0.0625 0.0439453 0.0109024
41 0.80649 0.0529785 0.0336538 0.0297852 0.0107346
13 0.103891 0.947656 0.204477 0.1 0.0106964
41 0.757212 0.163477 0.0384615 0.0402344 0.0106506
40 0.91226 0.125977 0.0228365 0.0521484 0.0106125
40 0.862981 0.171191 0.0360577 0.0294922 0.0105667
39 0.35607 0.230273 0.0516827 0.0386719 0.0104523
40 0.890625 0.166211 0.0360577 0.0382813 0.0103302
45 0.450721 0.233594 0.0528846 0.0339844 0.0101318
56 0.847356 0.3125 0.0769231 0.130469 0.00993347
75 0.932091 0.16875 0.0372596 0.0398437 0.00978088
40 0.893029 0.13125 0.0324519 0.0617188 0.00971222
39 0.798077 0.162891 0.0384615 0.0414063 0.00941467
40 0.75601 0.151562 0.0408654 0.0597656 0.00908661
43 0.75601 0.675 0.293269 0.239063 0.00901794
40 0.45012 0.192139 0.0649038 0.0547852 0.00867462
40 0.776442 0.0606445 0.03125 0.0363281 0.0086441
44 0.248197 0.708594 0.0516827 0.0242188 0.0085144
39 0.941106 0.168457 0.0576923 0.0431641 0.008255
60 0.777644 0.278516 0.288462 0.185938 0.00821686
40 0.896635 0.108984 0.0228365 0.0183594 0.00815582
44 0.361779 0.232031 0.0384615 0.0320312 0.00812531
27 0.258413 0.254297 0.0817308 0.065625 0.00784302
44 0.71274 0.120996 0.0625 0.0439453 0.00743103
75 0.852163 0.167969 0.0552885 0.0382813 0.00743103
0 0.924279 0.259814 0.149038 0.206934 0.00740433
40 0.802284 0.163672 0.0564904 0.0417969 0.00734711
44 0.694712 0.651563 0.163462 0.171875 0.00712204
46 0.450721 0.233594 0.0528846 0.0339844 0.00709534
40 0.760216 0.0588867 0.0360577 0.0390625 0.00701141
56 0.743389 0.329492 0.189904 0.157422 0.0069313
56 0.170373 0.868945 0.201322 0.252734 0.0069313
56 0.670072 0.310547 0.284856 0.128906 0.0069046
74 0.713341 0.120898 0.0625 0.0449219 0.0068512
44 0.852163 0.167187 0.0552885 0.0410156 0.00669098
56 0.36268 0.232031 0.0390625 0.0320312 0.00669098
0 0.453726 0.208984 0.0709135 0.0859375 0.00658798
44 0.247596 0.723437 0.09375 0.046875 0.00651169
45 0.442909 0.186914 0.046875 0.0394531 0.00641251
43 0.69351 0.658594 0.115385 0.1 0.00641251
40 0.809495 0.131152 0.0456731 0.0736328 0.00636292
40 0.361178 0.231055 0.0408654 0.0332031 0.00624084
56 0.0482272 0.864062 0.0934495 0.103125 0.00621796
39 0.862981 0.171191 0.0360577 0.0294922 0.00619125
41 0.848558 0.310156 0.0769231 0.125 0.00595856
40 0.752404 0.0533691 0.0396635 0.0495117 0.005867
40 0.451322 0.206641 0.0637019 0.0847656 0.00584412
56 0.719952 0.583594 0.0600962 0.11875 0.00579834
0 0.452524 0.228906 0.0637019 0.0453125 0.00575256
40 0.742188 0.163379 0.0324519 0.0388672 0.00564194
56 0.054988 0.55625 0.0997596 0.3625 0.0055542
44 0.846154 0.168164 0.0432692 0.0363281 0.00542831
40 0.810096 0.155469 0.0552885 0.0546875 0.00540543
56 0.195012 0.89375 0.254207 0.20625 0.00534439
40 0.959135 0.0392456 0.0588942 0.0761963 0.0053215
40 0.651442 0.123047 0.0300481 0.0671875 0.0051384
40 0.804087 0.112109 0.0240385 0.0285156 0.00508118
13 0.0516827 0.6 0.0991587 0.253125 0.00508118
39 0.450721 0.233594 0.0528846 0.0339844 0.0050621
40 0.873798 0.143066 0.100962 0.0873047 0.00503922
40 0.935096 0.157324 0.0288462 0.0296875 0.00500107
41 0.802284 0.163672 0.0564904 0.0417969 0.00500107
43 0.637019 0.640625 0.0528846 0.0710938 0.00500107
40 0.858774 0.173633 0.0444712 0.0265625 0.00498199
56 0.757212 0.304297 0.15625 0.11875 0.00486755
41 0.461538 0.230078 0.0456731 0.0339844 0.00473785
32 0.496394 0.233984 0.0444712 0.0328125 0.0045929
44 0.69351 0.658594 0.115385 0.1 0.00455475
41 0.742188 0.163379 0.0324519 0.0388672 0.00446701
44 0.45012 0.192139 0.0649038 0.0547852 0.00443268
39 0.858774 0.173633 0.0444712 0.0265625 0.00438309
43 0.644832 0.645703 0.0456731 0.0617188 0.00436401
60 0.777644 0.217188 0.293269 0.0625 0.00429916
40 0.35607 0.230273 0.0516827 0.0386719 0.00428009
42 0.694712 0.651563 0.163462 0.171875 0.00407028
42 0.645433 0.625781 0.165865 0.160938 0.00402451
39 0.455529 0.194922 0.0757212 0.0585938 0.0039444
0 0.847356 0.311719 0.0769231 0.130469 0.00390053
39 0.861779 0.308203 0.0504808 0.109375 0.00382423
40 0.817909 0.054248 0.0600962 0.052832 0.00363541
44 0.78726 0.664844 0.161058 0.0726563 0.00362206
60 0.924279 0.682813 0.151442 0.071875 0.0036068
40 0.757212 0.108789 0.0228365 0.0320312 0.00355148
71 0.412861 0.246875 0.0949519 0.0101563 0.00355148
42 0.248197 0.708594 0.0516827 0.0242188 0.00351143
55 0.628606 0.759375 0.46875 0.170313 0.00351143
71 0.40009 0.648438 0.384916 0.109375 0.00345612
76 0.673077 0.639063 0.134615 0.135937 0.00344276
41 0.21244 0.764844 0.166466 0.101562 0.00337601
42 0.679087 0.646875 0.0817308 0.109375 0.00336266
40 0.80649 0.0441406 0.0396635 0.0501953 0.00333786
40 0.649038 0.141113 0.0384615 0.10293 0.00333786
40 0.495192 0.230859 0.0456731 0.034375 0.00333786
41 0.855769 0.263281 0.0384615 0.0257812 0.00324821
41 0.846154 0.270313 0.0552885 0.0390625 0.00324821
40 0.786058 0.664062 0.163462 0.071875 0.00324821
40 0.449519 0.233203 0.0528846 0.0335938 0.00323486
13 0.801082 0.511328 0.120192 0.228125 0.00323486
41 0.971154 0.317188 0.0552885 0.0523438 0.00319672
40 0.632212 0.10918 0.03125 0.0390625 0.00313568
42 0.644832 0.645703 0.0456731 0.0617188 0.00313568
41 0.71274 0.138086 0.0637019 0.0796875 0.00312424
55 0.626803 0.814258 0.74399 0.362109 0.00309944
40 0.810096 0.115137 0.0336538 0.0373047 0.0030632
42 0.75601 0.675 0.293269 0.239063 0.0030632
75 0.859375 0.121289 0.0576923 0.0386719 0.00304031
32 0.713341 0.120898 0.0625 0.0449219 0.00302696
39 0.452524 0.228906 0.0637019 0.0453125 0.00302696
75 0.450721 0.233594 0.0528846 0.0339844 0.00296974
40 0.71274 0.126172 0.0625 0.0585938 0.00296974
56 0.110276 0.904688 0.216947 0.1875 0.00296974
56 0.428486 0.287109 0.137019 0.0867188 0.00294685
41 0.896635 0.178711 0.0360577 0.0152344 0.00290108
0 0.461538 0.410254 0.90625 0.676367 0.00288963
56 0.27156 0.864062 0.401593 0.271875 0.00277901
45 0.859375 0.121777 0.0600962 0.0373047 0.00276756
73 0.784255 0.136523 0.352163 0.100781 0.00273705
44 0.742188 0.163379 0.0324519 0.0388672 0.0027256
40 0.742788 0.0678711 0.0216346 0.0201172 0.00269318
0 0.971154 0.317773 0.0552885 0.0535156 0.00268364
67 0.479567 0.196875 0.03125 0.0382813 0.0026722
42 0.644231 0.642969 0.0649038 0.0671875 0.00266266
45 0.495192 0.232617 0.0456731 0.0347656 0.00264168
60 0.432692 0.287891 0.144231 0.090625 0.0026207
39 0.712139 0.168555 0.0612981 0.0382813 0.00261116
56 0.0324519 0.484277 0.0588942 0.239258 0.00260162
53 0.662861 0.785156 0.614183 0.220313 0.00256157
0 0.921274 0.348633 0.157452 0.399609 0.00255013
56 0.820313 0.41875 0.0336538 0.05 0.00254059
41 0.861779 0.308203 0.0504808 0.109375 0.00253105
64 0.713341 0.120898 0.0625 0.0449219 0.00252151
44 0.680288 0.650391 0.104567 0.108594 0.00251198
13 0.0533353 0.553906 0.102464 0.359375 0.00250244
40 0.90625 0.143262 0.0877404 0.0865234 0.00247192
56 0.0522837 0.603125 0.100361 0.248438 0.00247192
40 0.461538 0.230078 0.0456731 0.0339844 0.00246239
39 0.85637 0.120605 0.0528846 0.0392578 0.00239754
56 0.0222356 0.430371 0.0402644 0.142383 0.00239754
56 0.740385 0.515625 0.206731 0.242188 0.00236893
40 0.761418 0.135254 0.0444712 0.0818359 0.00234222
45 0.36268 0.232031 0.0390625 0.0320312 0.00233269
56 0.0396635 0.505078 0.0727163 0.279687 0.00232315
74 0.710938 0.167969 0.0588942 0.0394531 0.00231361
41 0.878005 0.259766 0.0228365 0.0273438 0.00228691
45 0.739784 0.664844 0.258413 0.0789063 0.00228691
40 0.651442 0.108008 0.0288462 0.0404297 0.00227928
67 0.455529 0.194922 0.0757212 0.0585938 0.00227928
0 0.460938 0.198047 0.0901442 0.103516 0.00227928
41 0.864183 0.16709 0.0733173 0.0388672 0.00223351
40 0.936298 0.160156 0.0384615 0.0542969 0.00221634
60 0.811298 0.676953 0.375 0.0914062 0.00221634
41 0.804688 0.0599609 0.0396635 0.0414063 0.00216484
56 0.739183 0.579297 0.0264423 0.110156 0.00216484
45 0.412861 0.246875 0.0949519 0.0101563 0.00214005
39 0.442909 0.186279 0.0492788 0.0438477 0.00213242
44 0.644231 0.642969 0.0649038 0.0671875 0.00213242
41 0.769231 0.138281 0.0552885 0.08125 0.00211525
44 0.35637 0.231055 0.0522837 0.0378906 0.00209999
60 0.822115 0.413672 0.0456731 0.0546875 0.00209999
44 0.739784 0.664844 0.258413 0.0789063 0.00209045
45 0.784856 0.657813 0.165865 0.0484375 0.00208282
41 0.455529 0.194922 0.0757212 0.0585938 0.0020504
40 0.768029 0.0428711 0.0528846 0.0679687 0.00204277
56 0.539663 0.641406 0.776442 0.15625 0.00204277
56 0.130484 0.866406 0.252254 0.257812 0.00203514
44 0.858173 0.121484 0.0576923 0.0375 0.00201035
41 0.955529 0.0595703 0.0480769 0.0333984 0.00200272
41 0.325721 0.223438 0.046875 0.0335938 0.00200272
56 0.563101 0.546875 0.539663 0.214062 0.00200272
40 0.941106 0.127832 0.03125 0.0662109 0.00197983
43 0.680288 0.650391 0.104567 0.108594 0.00197983
0 0.355769 0.231445 0.0540865 0.0386719 0.00194931
41 0.760216 0.0588867 0.0360577 0.0390625 0.00194168
44 0.759615 0.126758 0.0360577 0.0654297 0.00194168
56 0.823317 0.414453 0.0456731 0.0539063 0.00194168
74 0.955529 0.059375 0.0504808 0.0330078 0.00192642
40 0.0105168 0.3375 0.0210337 0.0578125 0.00189686
72 0.847356 0.314844 0.0769231 0.128906 0.00188255
40 0.885817 0.141406 0.149038 0.0894531 0.00184631
40 0.811899 0.139648 0.0528846 0.08125 0.00183105
32 0.451923 0.235156 0.0504808 0.0324219 0.00179577
41 0.890625 0.166211 0.0360577 0.0382813 0.00178242
44 0.858774 0.173633 0.0444712 0.0265625 0.00178242
40 0.655649 0.119043 0.0240385 0.0574219 0.00177479
40 0.861779 0.308203 0.0504808 0.109375 0.00176811
40 0.655649 0.138867 0.0264423 0.0960938 0.00176144
39 0.453726 0.208984 0.0709135 0.0859375 0.00174141
44 0.655649 0.138867 0.0264423 0.0960938 0.00173378
41 0.651442 0.108008 0.0288462 0.0404297 0.00171375
44 0.761418 0.135254 0.0444712 0.0818359 0.00171375
71 0.529447 0.806445 0.938702 0.374609 0.0017004
41 0.742788 0.0678711 0.0216346 0.0201172 0.00168705
56 0.733173 0.578906 0.0408654 0.116406 0.00168133
71 0.780048 0.215039 0.28125 0.0589844 0.00167465
42 0.817308 0.740625 0.0889423 0.0625 0.00164223
41 0.907452 0.12793 0.0336538 0.0546875 0.00163555
45 0.858774 0.173633 0.0444712 0.0265625 0.00163555
56 0.910457 0.414453 0.179087 0.545313 0.00162888
42 0.817308 0.748438 0.0697115 0.04375 0.00160408
39 0.238582 0.764844 0.114183 0.096875 0.00160408
75 0.360276 0.23125 0.0414663 0.0328125 0.0015974
39 0.754808 0.160938 0.0336538 0.0363281 0.00157928
75 0.941106 0.168457 0.0576923 0.0431641 0.00157928
56 0.584135 0.509375 0.47476 0.296875 0.00154305
56 0.0731671 0.509766 0.128906 0.288281 0.0015192
41 0.896635 0.108984 0.0228365 0.0183594 0.00150681
75 0.847356 0.309766 0.0769231 0.125 0.00150681
44 0.644832 0.645703 0.0456731 0.0617188 0.00150681
44 0.862981 0.171191 0.0360577 0.0294922 0.00150108
44 0.261418 0.709375 0.0709135 0.028125 0.00150108
60 0.846154 0.723047 0.300481 0.180469 0.00150108
46 0.713341 0.120898 0.0625 0.0449219 0.00148964
43 0.581731 0.604688 0.274038 0.186719 0.00148964
13 0.40009 0.648438 0.384916 0.109375 0.00148964
0 0.361779 0.232031 0.0384615 0.0320312 0.00148392
13 0.27156 0.864062 0.401593 0.271875 0.0014782
44 0.44351 0.187305 0.0480769 0.0410156 0.00147247
40 0.44351 0.187305 0.0480769 0.0410156 0.00146103
56 0.449519 0.233203 0.0528846 0.0335938 0.00146103
60 0.394231 0.714453 0.612981 0.175781 0.00145531
39 0.474159 0.191211 0.0372596 0.04375 0.00143242
63 0.40009 0.648438 0.384916 0.109375 0.0014267
60 0.821514 0.395313 0.046875 0.0210938 0.00142097
41 0.776442 0.0606445 0.03125 0.0363281 0.00141048
40 0.479567 0.196875 0.03125 0.0382813 0.00139904
45 0.35607 0.230273 0.0516827 0.0386719 0.00139904
44 0.864183 0.16709 0.0733173 0.0388672 0.00139427
40 0.954327 0.0595215 0.0516827 0.0336914 0.00138855
44 0.802885 0.139648 0.0492788 0.0871094 0.00138283
44 0.75601 0.675 0.293269 0.239063 0.00138283
55 0.668419 0.784375 0.627103 0.221875 0.940918
0 0.909856 0.417578 0.180288 0.530469 0.920898
0 0.196514 0.401563 0.36899 0.69375 0.90332
56 0.398438 0.649219 0.379808 0.109375 0.894043
0 0.584135 0.375391 0.473558 0.584375 0.881836
60 0.531851 0.80625 0.936298 0.373437 0.881836
43 0.668269 0.637891 0.125 0.136719 0.819824
56 0.103365 0.948438 0.203125 0.1 0.584961
41 0.239784 0.764453 0.114183 0.0945313 0.414795
45 0.786659 0.664844 0.16226 0.071875 0.291016
41 0.710938 0.16875 0.0600962 0.0382813 0.279785
41 0.495192 0.232813 0.0456731 0.034375 0.149536
41 0.450721 0.233594 0.0528846 0.0339844 0.128052
40 0.80649 0.0526367 0.0348558 0.0295898 0.0894775
44 0.711538 0.168262 0.0600962 0.0392578 0.076416
41 0.36268 0.232031 0.0390625 0.0320312 0.0750122
41 0.786058 0.665234 0.163462 0.071875 0.0690308
40 0.798077 0.162891 0.0384615 0.0410156 0.0628052
39 0.848558 0.309961 0.0769231 0.124609 0.0594177
40 0.804688 0.0598145 0.0396635 0.0413086 0.0510864
39 0.93149 0.167969 0.0360577 0.0417969 0.0490417
41 0.851563 0.168457 0.0552885 0.0373047 0.0477905
41 0.932091 0.168652 0.0372596 0.0400391 0.0477905
41 0.442308 0.186523 0.0456731 0.0402344 0.0469055
42 0.665264 0.638281 0.11899 0.134375 0.0450134
40 0.757212 0.163379 0.0384615 0.0400391 0.0420837
41 0.857572 0.173242 0.046875 0.0273438 0.041626
40 0.907452 0.127539 0.0336538 0.0539063 0.0408325
44 0.673077 0.638672 0.134615 0.136719 0.0399475
43 0.64363 0.624219 0.168269 0.167187 0.0380249
41 0.941106 0.168359 0.0576923 0.0433594 0.0363464
41 0.71274 0.120996 0.0625 0.0439453 0.035675
41 0.798077 0.162891 0.0384615 0.0410156 0.0346069
40 0.784856 0.162695 0.0408654 0.0414063 0.0327148
41 0.355769 0.230078 0.0516827 0.0382813 0.0322266
40 0.936298 0.131445 0.0336538 0.0722656 0.0319824
40 0.860577 0.122266 0.0600962 0.0367188 0.0290833
43 0.704327 0.663281 0.185096 0.195312 0.0279083
40 0.899038 0.120508 0.0324519 0.0416016 0.0264587
67 0.239183 0.762891 0.114183 0.0945313 0.026062
40 0.846154 0.166406 0.0432692 0.0386719 0.0254669
40 0.915865 0.139941 0.0456731 0.0791016 0.0240479
40 0.771635 0.0585938 0.0384615 0.0414063 0.0217743
44 0.712139 0.141211 0.0649038 0.0886719 0.0214539
41 0.86238 0.171094 0.0372596 0.0296875 0.0207977
40 0.804688 0.137402 0.0384615 0.0806641 0.0204926
40 0.941106 0.168359 0.0576923 0.0433594 0.0201721
45 0.710938 0.16875 0.0600962 0.0382813 0.0183411
49 0.450721 0.233984 0.0528846 0.0335938 0.0178528
56 0.801082 0.509375 0.117788 0.2375 0.0166626
40 0.863582 0.166797 0.0745192 0.0394531 0.0162201
40 0.93149 0.167969 0.0360577 0.0417969 0.0161591
40 0.762019 0.0509277 0.0408654 0.0512695 0.0156021
75 0.711538 0.168457 0.0600962 0.0388672 0.0154266
40 0.858173 0.144043 0.0673077 0.0833984 0.0153046
39 0.359976 0.23125 0.0420673 0.0328125 0.0152512
74 0.860577 0.121777 0.0600962 0.0375 0.014389
56 0.733173 0.308984 0.158654 0.121875 0.0143356
39 0.852163 0.167871 0.0564904 0.0384766 0.0142822
13 0.104041 0.946875 0.204177 0.1 0.0142288
40 0.769231 0.13877 0.0540865 0.0818359 0.014061
40 0.759615 0.126953 0.0360577 0.0660156 0.0137939
44 0.450721 0.233594 0.0528846 0.0339844 0.0137405
56 0.163762 0.95 0.314904 0.1 0.0133743
41 0.860577 0.122266 0.0600962 0.0367188 0.0133286
44 0.71274 0.120996 0.0625 0.0439453 0.0126266
45 0.71274 0.120996 0.0625 0.0439453 0.0121002
40 0.711538 0.168262 0.0600962 0.0392578 0.0116882
43 0.653846 0.621875 0.103365 0.103906 0.011467
40 0.71274 0.140234 0.0625 0.0851563 0.0113297
43 0.751803 0.674219 0.28726 0.2375 0.0113297
75 0.932091 0.168652 0.0372596 0.0400391 0.0112457
40 0.776442 0.0605469 0.03125 0.0363281 0.0112
41 0.784856 0.162695 0.0408654 0.0414063 0.0110321
39 0.495192 0.232813 0.0456731 0.034375 0.0109863
40 0.780649 0.155469 0.0396635 0.0535156 0.0107346
41 0.757212 0.163379 0.0384615 0.0400391 0.0107346
41 0.80649 0.0526367 0.0348558 0.0295898 0.0104904
40 0.890625 0.166113 0.0348558 0.0384766 0.0104065
45 0.450721 0.233594 0.0528846 0.0339844 0.0103683
39 0.798077 0.162891 0.0384615 0.0410156 0.00993347
40 0.91226 0.125586 0.0228365 0.0511719 0.00974274
40 0.893029 0.129102 0.03125 0.0572266 0.00971222
40 0.86238 0.171094 0.0372596 0.0296875 0.00971222
39 0.355769 0.230078 0.0516827 0.0382813 0.00963593
56 0.847356 0.312305 0.0769231 0.129297 0.00930023
60 0.778846 0.277344 0.290865 0.186719 0.0088501
40 0.449519 0.19043 0.0649038 0.0515625 0.00878143
40 0.760216 0.0585938 0.0360577 0.0394531 0.00867462
44 0.852163 0.16709 0.0564904 0.0412109 0.0086441
40 0.75601 0.145605 0.0408654 0.0712891 0.00861359
44 0.361779 0.232031 0.0396635 0.0320312 0.00861359
75 0.852163 0.167871 0.0564904 0.0384766 0.00844574
39 0.941106 0.168359 0.0576923 0.0433594 0.00841522
40 0.752404 0.0530762 0.0408654 0.0495117 0.00821686
44 0.248197 0.708594 0.0540865 0.0234375 0.00821686
40 0.896635 0.108789 0.0228365 0.0179687 0.00784302
45 0.442909 0.186719 0.046875 0.0394531 0.00775528
40 0.802284 0.163477 0.0564904 0.0417969 0.00725937
40 0.959135 0.039209 0.0576923 0.0762695 0.00701141
27 0.258413 0.254297 0.0817308 0.065625 0.00701141
46 0.450721 0.233594 0.0528846 0.0339844 0.00698471
0 0.924279 0.260107 0.151442 0.207129 0.0069046
74 0.713341 0.120898 0.0625 0.0449219 0.00677109
39 0.86238 0.171094 0.0372596 0.0296875 0.00664139
56 0.36268 0.232031 0.0390625 0.0320312 0.0064888
41 0.848558 0.309961 0.0769231 0.124609 0.0064621
44 0.704327 0.663281 0.185096 0.195312 0.00638962
44 0.246995 0.723437 0.0961538 0.046875 0.00636292
40 0.808894 0.130469 0.0456731 0.0722656 0.00626373
43 0.69351 0.658594 0.115385 0.1 0.00602722
40 0.451322 0.206641 0.0637019 0.0847656 0.00593567
40 0.810096 0.15459 0.0552885 0.0568359 0.00584412
41 0.461538 0.229687 0.0456731 0.0328125 0.00582123
56 0.169471 0.869531 0.201923 0.251563 0.00557709
56 0.739784 0.330273 0.198317 0.158984 0.00551224
56 0.65024 0.310352 0.326923 0.129297 0.00548935
40 0.81851 0.0544434 0.0576923 0.0520508 0.00547028
44 0.449519 0.19043 0.0649038 0.0515625 0.00547028
56 0.0483774 0.864062 0.093149 0.103125 0.00547028
41 0.802284 0.163477 0.0564904 0.0417969 0.00544739
40 0.934495 0.156836 0.0300481 0.0285156 0.00516129
39 0.450721 0.233594 0.0528846 0.0339844 0.00508118
0 0.453125 0.209375 0.0721154 0.0851563 0.00503922
56 0.195613 0.89375 0.254207 0.20625 0.00503922
40 0.80649 0.0449707 0.0396635 0.0477539 0.00502014
56 0.719952 0.583594 0.0612981 0.119531 0.00502014
56 0.0558894 0.559375 0.0979567 0.357812 0.00500107
40 0.804087 0.111621 0.0240385 0.0275391 0.00488663
40 0.360877 0.23125 0.0414663 0.0328125 0.00486755
13 0.0516827 0.599609 0.0985577 0.253906 0.00481033
42 0.64363 0.624219 0.168269 0.167187 0.00468063
43 0.636418 0.640625 0.0540865 0.071875 0.00455475
56 0.756611 0.303906 0.155048 0.11875 0.00453949
0 0.452524 0.230469 0.0637019 0.0421875 0.00452042
44 0.78726 0.664453 0.161058 0.0726563 0.00448608
39 0.857572 0.173242 0.046875 0.0273438 0.00445175
32 0.496394 0.233984 0.0444712 0.0328125 0.00443268
60 0.777644 0.217188 0.290865 0.0632813 0.00443268
40 0.857572 0.173242 0.046875 0.0273438 0.00439835
39 0.861779 0.308203 0.0492788 0.109375 0.00439835
40 0.740986 0.163281 0.0324519 0.0382813 0.00436401
40 0.651442 0.12207 0.0300481 0.0652344 0.0042305
39 0.455529 0.194531 0.0757212 0.0574219 0.0042305
42 0.751803 0.674219 0.28726 0.2375 0.0041008
55 0.639573 0.814844 0.716046 0.351562 0.00408554
0 0.847356 0.311719 0.0769231 0.129688 0.00405502
41 0.740986 0.163281 0.0324519 0.0382813 0.00403976
40 0.355769 0.230078 0.0516827 0.0382813 0.00399017
60 0.924279 0.682813 0.151442 0.071875 0.00387001
44 0.740986 0.163281 0.0324519 0.0382813 0.00379562
45 0.737981 0.664062 0.262019 0.0796875 0.00374985
41 0.71274 0.136328 0.0637019 0.0761719 0.0037365
41 0.855769 0.263086 0.0384615 0.0253906 0.00370789
44 0.69351 0.658594 0.115385 0.1 0.00370789
41 0.21244 0.764453 0.166466 0.102344 0.00362206
42 0.704327 0.663281 0.185096 0.195312 0.00358009
42 0.248197 0.708594 0.0540865 0.0234375 0.00356483
39 0.452524 0.230469 0.0637019 0.0421875 0.00351143
71 0.413462 0.24668 0.0949519 0.0101563 0.00346947
43 0.644231 0.645312 0.0456731 0.0625 0.00346947
56 0.111704 0.903906 0.2189 0.1875 0.00340271
13 0.800481 0.510938 0.120192 0.226562 0.00335121
76 0.673077 0.638672 0.134615 0.136719 0.00331116
40 0.757212 0.108398 0.0228365 0.03125 0.00329781
41 0.971154 0.317188 0.0552885 0.0523438 0.00327301
40 0.743389 0.067627 0.0228365 0.0204102 0.00325966
40 0.88101 0.145508 0.0817308 0.0808594 0.00324821
41 0.846755 0.268359 0.0552885 0.0359375 0.00324821
71 0.399038 0.648047 0.384615 0.109375 0.00319672
42 0.678486 0.646094 0.0817308 0.110937 0.00314713
40 0.649038 0.141211 0.0384615 0.103125 0.00313568
64 0.713341 0.120898 0.0625 0.0449219 0.00313568
40 0.768029 0.0439453 0.0504808 0.0658203 0.00311089
44 0.737981 0.664062 0.262019 0.0796875 0.00311089
75 0.859375 0.121387 0.0588942 0.0384766 0.00305176
40 0.495192 0.230859 0.0456731 0.034375 0.00302696
40 0.632212 0.108789 0.03125 0.0378906 0.00300407
40 0.449519 0.233203 0.0528846 0.0335938 0.00300407
0 0.458534 0.410156 0.90024 0.676562 0.00293541
67 0.479567 0.196484 0.03125 0.0375 0.00290108
40 0.808894 0.114844 0.0336538 0.0367188 0.00286674
44 0.759615 0.126953 0.0360577 0.0660156 0.0028553
45 0.859375 0.121777 0.0600962 0.0373047 0.00284576
43 0.68149 0.649219 0.165865 0.1625 0.00284576
41 0.878005 0.259766 0.0228365 0.0273438 0.00279045
41 0.896635 0.178711 0.0360577 0.0152344 0.00275803
45 0.495192 0.232813 0.0456731 0.034375 0.00273705
56 0.820313 0.41875 0.0348558 0.05 0.00269318
44 0.760817 0.135059 0.0456731 0.0814453 0.0026722
56 0.0309495 0.474316 0.0570913 0.220117 0.0026722
39 0.71274 0.168555 0.0600962 0.0382813 0.00266266
41 0.861779 0.308203 0.0492788 0.109375 0.00265312
75 0.450721 0.233594 0.0528846 0.0339844 0.00264168
40 0.877404 0.142383 0.126202 0.0871094 0.00264168
40 0.786058 0.663672 0.163462 0.0726563 0.00263214
40 0.71274 0.123047 0.0625 0.0527344 0.0026207
42 0.644231 0.642969 0.0673077 0.0679687 0.00258064
55 0.63762 0.760547 0.490385 0.175781 0.00258064
56 0.428486 0.287305 0.137019 0.0871094 0.00256157
44 0.860577 0.121777 0.0600962 0.0375 0.00255013
56 0.569862 0.546094 0.526142 0.2125 0.00255013
32 0.713341 0.120898 0.0625 0.0449219 0.00254059
0 0.971154 0.317578 0.0564904 0.0535156 0.00252151
41 0.449519 0.19043 0.0649038 0.0515625 0.00251198
56 0.0213341 0.429785 0.039363 0.14043 0.00251198
56 0.545673 0.641797 0.764423 0.153906 0.00251198
53 0.663612 0.785156 0.615084 0.221875 0.00250244
40 0.908654 0.143457 0.0829327 0.0861328 0.00246239
39 0.85637 0.120605 0.0528846 0.0392578 0.00245285
56 0.0384615 0.49834 0.0709135 0.26582 0.00243378
41 0.804688 0.0598145 0.0396635 0.0413086 0.0024147
0 0.920673 0.348633 0.158654 0.400391 0.0024147
40 0.941106 0.127832 0.03125 0.0660156 0.00240517
67 0.455529 0.194531 0.0757212 0.0574219 0.00240517
44 0.65625 0.139063 0.0264423 0.0964844 0.00239754
42 0.644231 0.645312 0.0456731 0.0625 0.00236893
40 0.760817 0.135059 0.0456731 0.0814453 0.00234985
41 0.863582 0.166797 0.0745192 0.0394531 0.00230598
45 0.36268 0.232031 0.0390625 0.0320312 0.00228691
45 0.413462 0.24668 0.0949519 0.0101563 0.00228691
40 0.936899 0.159473 0.0372596 0.0537109 0.00227928
41 0.325421 0.222852 0.046274 0.0324219 0.00226974
39 0.442909 0.186279 0.0492788 0.0438477 0.00226021
56 0.0524339 0.602344 0.10006 0.248438 0.00225258
41 0.955529 0.0594727 0.0480769 0.0333984 0.00223351
44 0.857572 0.173242 0.046875 0.0273438 0.00222588
56 0.271034 0.864844 0.402644 0.270313 0.00221634
40 0.0104417 0.337695 0.0208834 0.0574219 0.00219917
56 0.738582 0.516406 0.21274 0.240625 0.00219917
74 0.954327 0.0593262 0.0504808 0.0331055 0.00218201
41 0.769231 0.13877 0.0540865 0.0818359 0.00218201
60 0.816106 0.676953 0.364183 0.090625 0.00214005
41 0.760216 0.0585938 0.0360577 0.0394531 0.00213242
44 0.35637 0.230859 0.0528846 0.0375 0.00212479
40 0.461538 0.229687 0.0456731 0.0328125 0.00210762
40 0.828125 0.0625 0.0456731 0.0507812 0.00208282
13 0.0534856 0.555469 0.102163 0.357031 0.00208282
60 0.822115 0.413672 0.046875 0.0546875 0.0020752
40 0.861779 0.308203 0.0492788 0.109375 0.00204277
56 0.823317 0.414062 0.0456731 0.053125 0.00204277
44 0.644231 0.642969 0.0673077 0.0679687 0.00202751
42 0.816106 0.738281 0.0913462 0.0671875 0.00199509
40 0.811298 0.139355 0.0528846 0.0818359 0.00197983
39 0.453125 0.209375 0.0721154 0.0851563 0.0019722
40 0.651442 0.107813 0.0288462 0.0400391 0.00196457
44 0.680889 0.650781 0.104567 0.108594 0.00194931
44 0.86238 0.171094 0.0372596 0.0296875 0.00190449
42 0.816106 0.747656 0.0721154 0.0453125 0.00190449
41 0.743389 0.067627 0.0228365 0.0204102 0.00188255
44 0.442909 0.186719 0.046875 0.0394531 0.00187492
60 0.432692 0.2875 0.145433 0.090625 0.00186729
44 0.863582 0.166797 0.0745192 0.0394531 0.00185299
45 0.785457 0.657813 0.164663 0.0484375 0.00185299
0 0.355469 0.23125 0.0546875 0.0382813 0.00184631
39 0.238582 0.764844 0.114183 0.096875 0.00183868
74 0.710337 0.167773 0.0600962 0.0394531 0.0018177
44 0.754808 0.160938 0.0336538 0.0363281 0.00181007
41 0.890625 0.166113 0.0348558 0.0384766 0.00179577
44 0.802885 0.139746 0.0480769 0.0869141 0.00178909
56 0.584736 0.507812 0.477163 0.301563 0.00178909
56 0.739784 0.578906 0.0264423 0.110937 0.00178242
44 0.451322 0.206641 0.0637019 0.0847656 0.00176811
56 0.127404 0.852344 0.253005 0.2875 0.00176144
44 0.771635 0.142969 0.046875 0.0796875 0.00172043
72 0.847356 0.314258 0.0769231 0.128516 0.00172043
44 0.757212 0.108398 0.0228365 0.03125 0.00171375
43 0.678486 0.646094 0.0817308 0.110937 0.00171375
13 0.399038 0.648047 0.384615 0.109375 0.0017004
56 0.909856 0.415527 0.180288 0.542383 0.0017004
43 0.924279 0.6875 0.151442 0.065625 0.00168705
40 0.954327 0.0594727 0.0516827 0.0335938 0.00167465
32 0.451923 0.235156 0.0504808 0.0324219 0.00167465
44 0.751803 0.674219 0.28726 0.2375 0.00166798
75 0.941106 0.168359 0.0576923 0.0433594 0.0016613
45 0.857572 0.173242 0.046875 0.0273438 0.0016613
44 0.75601 0.145605 0.0408654 0.0712891 0.00165462
40 0.65625 0.139063 0.0264423 0.0964844 0.00162888
43 0.579327 0.60625 0.280048 0.190625 0.00162315
2 0.104642 0.947656 0.205379 0.101562 0.0015974
75 0.847356 0.309375 0.0769231 0.125 0.00159168
42 0.924279 0.6875 0.151442 0.065625 0.00158501
41 0.651442 0.107813 0.0288462 0.0400391 0.00157356
0 0.461538 0.198096 0.0913462 0.103809 0.00156689
46 0.713341 0.120898 0.0625 0.0449219 0.00155449
41 0.896635 0.108789 0.0228365 0.0179687 0.00154877
39 0.47476 0.191016 0.0360577 0.0433594 0.00154877
41 0.776442 0.0605469 0.03125 0.0363281 0.0015192
40 0.628606 0.105664 0.03125 0.0375 0.0015192
40 0.655649 0.11875 0.0240385 0.0566406 0.00151253
71 0.780048 0.214844 0.278846 0.0585938 0.00150108
41 0.907452 0.127539 0.0336538 0.0539063 0.00148964
41 0.760216 0.176123 0.03125 0.0180664 0.00148964
44 0.261118 0.709375 0.0715144 0.028125 0.00148964
13 0.271034 0.864844 0.402644 0.270313 0.0014782
75 0.359976 0.23125 0.0420673 0.0328125 0.00146675
56 0.449519 0.233203 0.0528846 0.0335938 0.00146675
41 0.00946514 0.350391 0.0168269 0.0335938 0.00146675
60 0.397686 0.714453 0.601262 0.178906 0.00146675
44 0.907452 0.127539 0.0336538 0.0539063 0.00144958
55 0.668269 0.784375 0.625 0.223438 0.948242
0 0.908654 0.417188 0.182692 0.530469 0.92627
0 0.196514 0.400391 0.370192 0.691406 0.912598
60 0.53125 0.806445 0.9375 0.374609 0.911621
56 0.397987 0.65 0.379507 0.109375 0.906738
0 0.584135 0.377344 0.477163 0.585938 0.886719
43 0.668269 0.6375 0.125 0.1375 0.825684
56 0.10329 0.947656 0.203275 0.1 0.635254
41 0.239784 0.764844 0.114183 0.0953125 0.449463
41 0.710938 0.168652 0.0600962 0.0384766 0.310791
45 0.786058 0.664844 0.163462 0.071875 0.287842
41 0.495192 0.232813 0.0456731 0.034375 0.157104
41 0.450721 0.233594 0.0528846 0.034375 0.136108
44 0.711538 0.168164 0.0600962 0.0394531 0.106689
40 0.80649 0.0521973 0.0348558 0.0294922 0.100891
41 0.36238 0.232031 0.0396635 0.0320312 0.0720825
39 0.848558 0.309766 0.0769231 0.124219 0.0670776
40 0.805288 0.059668 0.0408654 0.0412109 0.0618896
40 0.798678 0.162695 0.0396635 0.0414063 0.0549927
41 0.442308 0.186768 0.0456731 0.0405273 0.053009
41 0.786058 0.664844 0.163462 0.071875 0.0528259
39 0.93149 0.167871 0.0360577 0.0419922 0.0520325
41 0.932692 0.168652 0.0384615 0.0404297 0.0510864
41 0.852163 0.168359 0.0552885 0.0378906 0.0495911
42 0.665865 0.638281 0.120192 0.135937 0.0469055
41 0.71274 0.120898 0.0625 0.0441406 0.0458679
41 0.855769 0.172852 0.0504808 0.028125 0.041626
40 0.907452 0.127344 0.0336538 0.0535156 0.0399475
43 0.643029 0.623438 0.170673 0.170313 0.0394897
41 0.941106 0.168164 0.0576923 0.04375 0.0374756
44 0.671875 0.638281 0.132212 0.1375 0.0374756
40 0.9375 0.13125 0.0336538 0.071875 0.035675
44 0.712139 0.141211 0.0649038 0.0886719 0.0344849
40 0.757212 0.163281 0.0384615 0.0402344 0.0339661
41 0.798678 0.162695 0.0396635 0.0414063 0.0322266
41 0.355769 0.230078 0.0528846 0.0386719 0.0319824
40 0.860577 0.122266 0.0600962 0.0371094 0.0301056
67 0.239183 0.763281 0.114183 0.0953125 0.0274811
43 0.706731 0.667969 0.189904 0.20625 0.0269623
40 0.784856 0.1625 0.0432692 0.0417969 0.0256653
40 0.852163 0.166992 0.0576923 0.0414063 0.0250854
40 0.915865 0.139746 0.0456731 0.0787109 0.0248871
40 0.899038 0.120313 0.0324519 0.0414063 0.024231
40 0.771034 0.057959 0.0396635 0.0426758 0.0241394
44 0.71274 0.120898 0.0625 0.0441406 0.0228882
41 0.861779 0.171094 0.0384615 0.0300781 0.0220337
40 0.804688 0.137793 0.0396635 0.0814453 0.0216217
40 0.761418 0.0509277 0.0408654 0.0512695 0.0209656
40 0.941106 0.168164 0.0576923 0.04375 0.0189819
45 0.710938 0.168652 0.0600962 0.0384766 0.0189056
13 0.103966 0.946875 0.203726 0.1 0.0187683
56 0.800481 0.509375 0.117788 0.2375 0.0184021
40 0.858173 0.14375 0.0649038 0.0839844 0.0172424
49 0.45012 0.233984 0.0540865 0.0335938 0.0165863
45 0.78726 0.657031 0.165865 0.0507812 0.0165253
40 0.93149 0.167871 0.0360577 0.0419922 0.0157166
44 0.450721 0.233594 0.0528846 0.034375 0.0154877
74 0.860577 0.12168 0.0600962 0.0378906 0.0152512
75 0.711538 0.168359 0.0600962 0.0394531 0.0150146
56 0.734375 0.30918 0.158654 0.122266 0.0149002
41 0.860577 0.122266 0.0600962 0.0371094 0.0145035
39 0.359976 0.231055 0.0432692 0.0332031 0.014389
40 0.769231 0.139063 0.0540865 0.0828125 0.0142822
39 0.852163 0.167676 0.0564904 0.0388672 0.0139542
40 0.759615 0.127148 0.0360577 0.0667969 0.0133286
75 0.932692 0.168652 0.0384615 0.0404297 0.012825
40 0.858173 0.129883 0.0600962 0.0566406 0.0127258
40 0.776442 0.0603516 0.03125 0.0367188 0.0126266
43 0.748197 0.675781 0.282452 0.239063 0.0124283
45 0.71274 0.120898 0.0625 0.0441406 0.0121002
56 0.847356 0.312109 0.0769231 0.128906 0.0119171
44 0.852163 0.166992 0.0576923 0.0414063 0.0115509
43 0.653846 0.621875 0.105769 0.105469 0.0115051
40 0.71274 0.139746 0.0637019 0.0845703 0.0108566
60 0.778846 0.277344 0.288462 0.186719 0.0106964
40 0.752404 0.052832 0.0408654 0.0498047 0.0102463
41 0.80649 0.0521973 0.0348558 0.0294922 0.01017
40 0.890625 0.166211 0.0360577 0.0386719 0.0100555
45 0.450721 0.233594 0.0528846 0.034375 0.0100555
56 0.165565 0.95 0.319111 0.1 0.0100555
39 0.798678 0.162695 0.0396635 0.0414063 0.00997162
41 0.784856 0.1625 0.0432692 0.0417969 0.00978088
40 0.760216 0.058252 0.0360577 0.0401367 0.00974274
41 0.757212 0.163281 0.0384615 0.0402344 0.00974274
40 0.711538 0.168164 0.0600962 0.0394531 0.00971222
40 0.958534 0.039209 0.0588942 0.0762695 0.00941467
39 0.495192 0.232813 0.0456731 0.034375 0.00930023
40 0.892428 0.128516 0.03125 0.0560547 0.00919342
40 0.779447 0.151758 0.0408654 0.0613281 0.00901794
75 0.852163 0.167676 0.0564904 0.0388672 0.00898743
40 0.91226 0.125195 0.0228365 0.0505859 0.00881195
44 0.36238 0.232031 0.0396635 0.0320312 0.00874329
40 0.861779 0.171094 0.0384615 0.0300781 0.00847626
39 0.941106 0.168164 0.0576923 0.04375 0.00841522
40 0.45012 0.190039 0.0649038 0.0503906 0.00834656
56 0.36238 0.232031 0.0396635 0.0320312 0.00834656
45 0.442909 0.186719 0.0480769 0.0394531 0.00831604
40 0.757212 0.139746 0.0432692 0.0857422 0.00815582
44 0.248197 0.708594 0.0576923 0.025 0.00784302
40 0.819111 0.0544922 0.0576923 0.0515625 0.00772476
41 0.848558 0.309766 0.0769231 0.124219 0.00723267
40 0.808894 0.0466797 0.0336538 0.0425781 0.00714874
40 0.896034 0.108594 0.0228365 0.0175781 0.00712204
27 0.258413 0.254297 0.0829327 0.0660156 0.00712204
39 0.861779 0.171094 0.0384615 0.0300781 0.00656509
40 0.802885 0.163379 0.0576923 0.0419922 0.00634003
0 0.923077 0.260352 0.151442 0.207813 0.00629044
40 0.810096 0.152734 0.0576923 0.0613281 0.00626373
40 0.808894 0.130664 0.0456731 0.0728516 0.00619125
44 0.246995 0.723828 0.0973558 0.0476562 0.00602722
56 0.73137 0.330078 0.217548 0.157813 0.00600433
40 0.450721 0.206641 0.0649038 0.084375 0.00598145
44 0.45012 0.190039 0.0649038 0.0503906 0.00598145
46 0.450721 0.233594 0.0528846 0.034375 0.00595856
74 0.713341 0.120801 0.0625 0.0451172 0.00593567
55 0.651593 0.809375 0.6872 0.33125 0.00588989
43 0.69351 0.658203 0.115385 0.101562 0.005867
44 0.739183 0.163477 0.0336538 0.0382813 0.00572968
56 0.0560397 0.5625 0.0970553 0.353125 0.00566483
41 0.802885 0.163379 0.0576923 0.0419922 0.00551224
56 0.756611 0.303906 0.155048 0.119141 0.00547028
13 0.0516827 0.598828 0.0985577 0.255469 0.00547028
40 0.934495 0.156445 0.0300481 0.0277344 0.00542831
41 0.460337 0.229102 0.0480769 0.0324219 0.00540543
42 0.635817 0.623438 0.173077 0.1625 0.00538635
56 0.628005 0.310547 0.373798 0.129688 0.00534439
56 0.169171 0.870313 0.204327 0.251563 0.00534439
44 0.706731 0.667969 0.189904 0.20625 0.00530243
39 0.861779 0.308203 0.0504808 0.110156 0.00508118
44 0.78726 0.664844 0.161058 0.071875 0.00503922
56 0.196514 0.89375 0.253606 0.20625 0.00498199
60 0.778245 0.216992 0.289663 0.0632813 0.00494385
40 0.804087 0.111328 0.0240385 0.0269531 0.00481033
39 0.450721 0.233594 0.0528846 0.034375 0.00477219
44 0.760817 0.135156 0.0456731 0.0820312 0.00471878
56 0.719952 0.583594 0.0612981 0.120313 0.00471878
44 0.759615 0.127148 0.0360577 0.0667969 0.00453949
56 0.0483774 0.864062 0.093149 0.103125 0.00448608
39 0.455529 0.194336 0.0757212 0.0570313 0.00446701
41 0.71274 0.136621 0.0637019 0.0767578 0.00443268
45 0.736779 0.663281 0.263221 0.08125 0.00438309
42 0.748197 0.675781 0.282452 0.239063 0.00436401
39 0.855769 0.172852 0.0504808 0.028125 0.00432968
0 0.847356 0.311523 0.0769231 0.129297 0.00431442
40 0.767428 0.0449097 0.0492788 0.0636963 0.00429916
43 0.636418 0.640625 0.0540865 0.071875 0.00426483
0 0.453125 0.209814 0.0721154 0.0842773 0.00426483
0 0.451923 0.230469 0.0649038 0.0429688 0.00405502
60 0.924279 0.682813 0.151442 0.071875 0.00399017
44 0.736779 0.663281 0.263221 0.08125 0.00399017
13 0.800481 0.510547 0.120192 0.225781 0.0039444
40 0.855769 0.172852 0.0504808 0.028125 0.00392914
40 0.360577 0.231055 0.0420673 0.0332031 0.00391388
41 0.855769 0.262891 0.0384615 0.0253906 0.00387001
56 0.575721 0.544531 0.514423 0.2125 0.00379562
40 0.88101 0.145313 0.120192 0.08125 0.00378036
56 0.11268 0.903906 0.221154 0.1875 0.0037365
32 0.496394 0.233984 0.0432692 0.0324219 0.00370789
41 0.212139 0.764844 0.167067 0.103125 0.00367928
40 0.355769 0.230078 0.0528846 0.0386719 0.00366402
64 0.713341 0.120801 0.0625 0.0451172 0.00355148
42 0.248197 0.708594 0.0576923 0.025 0.00355148
40 0.742788 0.0674805 0.0240385 0.0207031 0.00353813
40 0.651442 0.118555 0.0300481 0.0582031 0.00348282
44 0.860577 0.12168 0.0600962 0.0378906 0.00345612
41 0.739183 0.163477 0.0336538 0.0382813 0.00345612
40 0.879808 0.145508 0.0829327 0.0808594 0.00344276
39 0.451923 0.230469 0.0649038 0.0429688 0.00337601
40 0.739183 0.163477 0.0336538 0.0382813 0.00328636
41 0.877404 0.259766 0.0240385 0.0273438 0.00328636
67 0.479567 0.196289 0.03125 0.0378906 0.00322342
43 0.682091 0.646875 0.164663 0.159375 0.00321007
44 0.65625 0.139453 0.0264423 0.096875 0.00319672
41 0.45012 0.190039 0.0649038 0.0503906 0.00317192
44 0.69351 0.658203 0.115385 0.101562 0.00317192
41 0.846154 0.267969 0.0552885 0.0351562 0.00314713
43 0.644231 0.645312 0.0480769 0.0640625 0.00311089
76 0.671875 0.638281 0.132212 0.1375 0.00309944
75 0.859375 0.121387 0.0600962 0.0386719 0.00305176
67 0.455529 0.194336 0.0757212 0.0570313 0.00304031
40 0.757212 0.108789 0.0228365 0.0324219 0.00301552
41 0.861779 0.308203 0.0504808 0.110156 0.0029583
0 0.452073 0.409473 0.886719 0.676367 0.00294685
40 0.828125 0.0623047 0.0432692 0.0507812 0.00293541
42 0.706731 0.667969 0.189904 0.20625 0.00293541
44 0.855769 0.172852 0.0504808 0.028125 0.00292397
56 0.428486 0.287109 0.137019 0.0875 0.00291252
40 0.449519 0.233203 0.0528846 0.0335938 0.00288963
41 0.971154 0.317578 0.0564904 0.0539063 0.00283432
45 0.859375 0.12168 0.0612981 0.0375 0.00282288
56 0.820913 0.418359 0.0360577 0.0507812 0.00282288
56 0.0304988 0.471484 0.0573918 0.213281 0.00282288
41 0.955529 0.0594238 0.0480769 0.0334961 0.00279999
42 0.677885 0.645312 0.0841346 0.110937 0.00279999
40 0.809495 0.114844 0.0336538 0.0367188 0.00279045
40 0.649038 0.141699 0.0384615 0.104102 0.00279045
71 0.413462 0.24668 0.0949519 0.0101563 0.00279045
56 0.0381611 0.494434 0.0709135 0.258008 0.00274658
71 0.398438 0.648438 0.383413 0.109375 0.0027256
44 0.771635 0.142578 0.0456731 0.08125 0.00271416
45 0.495192 0.233203 0.046875 0.034375 0.00271416
40 0.71274 0.122461 0.0612981 0.0519531 0.00271416
39 0.71274 0.168457 0.0600962 0.0388672 0.00269318
74 0.954327 0.0592285 0.0504808 0.0331055 0.00268364
40 0.632212 0.108203 0.03125 0.0371094 0.00265312
56 0.0207332 0.430859 0.0396635 0.141406 0.00259018
44 0.861779 0.171094 0.0384615 0.0300781 0.00258064
44 0.755409 0.161328 0.0336538 0.0371094 0.00257111
44 0.802885 0.139844 0.0492788 0.0875 0.00256157
56 0.0712139 0.542969 0.128606 0.359375 0.00255013
40 0.910457 0.143555 0.0793269 0.0859375 0.00253105
41 0.805288 0.059668 0.0408654 0.0412109 0.00251198
56 0.585337 0.506348 0.478365 0.30293 0.00251198
41 0.896635 0.178906 0.0372596 0.0148437 0.0024929
56 0.549279 0.641797 0.757212 0.152344 0.0024929
41 0.32512 0.222656 0.046875 0.0320312 0.00247192
42 0.644231 0.642969 0.0673077 0.06875 0.00246239
39 0.855769 0.120605 0.0528846 0.0394531 0.00243378
53 0.66241 0.784375 0.61268 0.223438 0.00243378
40 0.861779 0.308203 0.0504808 0.110156 0.0024147
0 0.920072 0.349805 0.159856 0.401953 0.00240517
40 0.494591 0.230859 0.0456731 0.0339844 0.002388
56 0.0525841 0.602344 0.0991587 0.25 0.00237846
40 0.9375 0.158105 0.0360577 0.0529297 0.00236893
56 0.735577 0.516406 0.221154 0.239063 0.00236893
56 0.0450721 0.530469 0.0841346 0.334375 0.00235939
40 0.0103666 0.3375 0.0207332 0.0578125 0.00232315
40 0.786058 0.663281 0.163462 0.0734375 0.00230598
56 0.129132 0.845313 0.25616 0.303125 0.00228691
41 0.862981 0.166211 0.0769231 0.0410156 0.00227928
45 0.413462 0.24668 0.0949519 0.0101563 0.00227928
44 0.757212 0.108789 0.0228365 0.0324219 0.00226021
40 0.954327 0.059375 0.0528846 0.0335938 0.00225258
39 0.44351 0.187109 0.0504808 0.0414063 0.00225258
75 0.450721 0.233594 0.0528846 0.034375 0.00222588
39 0.239784 0.766406 0.114183 0.1 0.00222588
32 0.713341 0.120801 0.0625 0.0451172 0.00220871
41 0.769231 0.139063 0.0540865 0.0828125 0.00219917
56 0.823317 0.414062 0.0456731 0.053125 0.00219917
44 0.442909 0.186719 0.0480769 0.0394531 0.00218201
13 0.0534856 0.556641 0.102163 0.357031 0.00218201
41 0.760216 0.058252 0.0360577 0.0401367 0.00214958
45 0.36238 0.232031 0.0396635 0.0320312 0.00214958
43 0.924279 0.688281 0.151442 0.0640625 0.00213242
56 0.733173 0.288672 0.170673 0.161719 0.00213242
0 0.971154 0.317578 0.0564904 0.0539063 0.00211525
56 0.270433 0.866406 0.403846 0.267188 0.00211525
42 0.814904 0.7375 0.0913462 0.06875 0.00210762
60 0.817308 0.676953 0.361779 0.0898438 0.0020752
60 0.822115 0.413281 0.046875 0.0546875 0.00201035
40 0.846154 0.141016 0.0997596 0.0875 0.00200272
44 0.450721 0.206641 0.0649038 0.084375 0.00199509
39 0.453125 0.209814 0.0721154 0.0842773 0.00199509
44 0.355769 0.230859 0.0540865 0.0378906 0.00198746
56 0.909856 0.416016 0.180288 0.539062 0.00197983
0 0.355168 0.23125 0.0552885 0.0390625 0.0019722
42 0.924279 0.688281 0.151442 0.0640625 0.0019722
44 0.644231 0.642969 0.0673077 0.06875 0.00196457
42 0.814904 0.746094 0.0757212 0.0484375 0.00195694
41 0.742788 0.0674805 0.0240385 0.0207031 0.00193405
56 0.449519 0.233203 0.0528846 0.0335938 0.00191879
75 0.847356 0.309375 0.0769231 0.125 0.00191879
55 0.64363 0.762109 0.508413 0.182031 0.00191212
42 0.644231 0.645312 0.0480769 0.0640625 0.00188923
44 0.9375 0.13125 0.0336538 0.071875 0.00185299
13 0.398438 0.648438 0.383413 0.109375 0.00183868
2 0.104567 0.947656 0.204928 0.101562 0.00183868
43 0.677885 0.645312 0.0841346 0.110937 0.00181007
43 0.579327 0.610156 0.278846 0.189063 0.00179577
40 0.651442 0.10752 0.0288462 0.0396484 0.00178909
75 0.944111 0.168652 0.0612981 0.0423828 0.00178909
44 0.907452 0.127344 0.0336538 0.0535156 0.00177479
60 0.432692 0.287305 0.145433 0.090625 0.00176811
41 0.890625 0.166211 0.0360577 0.0386719 0.00174141
50 0.66241 0.784375 0.61268 0.223438 0.0017271
40 0.460337 0.229102 0.0480769 0.0324219 0.0017004
56 0.355769 0.230859 0.0540865 0.0378906 0.0016613
44 0.748197 0.675781 0.282452 0.239063 0.00164223
45 0.855769 0.172852 0.0504808 0.028125 0.00162315
41 0.0093149 0.350195 0.0168269 0.0339844 0.00162315
43 0.677284 0.646875 0.120192 0.110156 0.00161648
56 0.739183 0.578906 0.0264423 0.110937 0.00161076
40 0.794471 0.139648 0.0745192 0.0878906 0.0015974
60 0.399038 0.714844 0.600962 0.178125 0.00158501
13 0.270433 0.866406 0.403846 0.267188 0.00157356
75 0.861779 0.171094 0.0384615 0.0300781 0.00156116
41 0.760216 0.176367 0.03125 0.0179687 0.00156116
44 0.915865 0.139746 0.0456731 0.0787109 0.00154877
44 0.932692 0.166797 0.0360577 0.0429688 0.00154877
45 0.932692 0.168652 0.0384615 0.0404297 0.00153637
41 0.896034 0.108594 0.0228365 0.0175781 0.00152493
41 0.754207 0.0634277 0.0252404 0.0235352 0.00151253
46 0.713341 0.120801 0.0625 0.0451172 0.00150681
39 0.473558 0.19082 0.0384615 0.0445313 0.00150681
26 0.664062 0.632031 0.11899 0.148438 0.00150108
72 0.847356 0.314063 0.0769231 0.128125 0.00149536
44 0.260817 0.709375 0.0721154 0.028125 0.00148392
41 0.776442 0.0603516 0.03125 0.0367188 0.0014782
56 0.0209585 0.436719 0.0419171 0.1 0.00147247
67 0.473558 0.19082 0.0384615 0.0445313 0.00146103
55 0.667668 0.78457 0.623798 0.224609 0.95166
60 0.530649 0.806445 0.938702 0.374609 0.932617
0 0.908654 0.417188 0.182692 0.530469 0.931152
0 0.19659 0.399219 0.371244 0.689063 0.921387
56 0.397837 0.650391 0.378606 0.110156 0.906738
0 0.584135 0.377344 0.478365 0.585938 0.894043
43 0.668269 0.637109 0.125 0.1375 0.813965
56 0.10329 0.948438 0.203275 0.1 0.656738
41 0.239183 0.765625 0.115385 0.096875 0.453369
41 0.710938 0.168555 0.0600962 0.0390625 0.350342
45 0.786659 0.665625 0.16226 0.071875 0.284668
41 0.495192 0.232617 0.0456731 0.0347656 0.181274
41 0.450721 0.233594 0.0528846 0.034375 0.153564
44 0.711538 0.168164 0.0600962 0.0398437 0.127686
40 0.80649 0.0520508 0.0360577 0.0304688 0.12085
40 0.807692 0.0599609 0.0360577 0.0435547 0.0820923
41 0.36238 0.232031 0.0396635 0.0324219 0.0772095
39 0.847356 0.309375 0.0769231 0.125 0.0739746
41 0.442308 0.186719 0.046875 0.040625 0.0639648
41 0.71274 0.120703 0.0625 0.0445313 0.0598755
41 0.932091 0.168652 0.0384615 0.0408203 0.0566406
39 0.93149 0.167773 0.0372596 0.0421875 0.0548096
40 0.798678 0.162793 0.0408654 0.0416016 0.0545959
41 0.852163 0.168359 0.0552885 0.0382813 0.053009
40 0.936899 0.131348 0.0348558 0.0720703 0.0460205
44 0.712139 0.141113 0.0649038 0.0888672 0.0460205
40 0.906851 0.127344 0.0336538 0.0539063 0.0440063
42 0.665264 0.637891 0.120192 0.135937 0.041626
41 0.941707 0.167969 0.0576923 0.0441406 0.0411377
43 0.641827 0.623438 0.173077 0.171875 0.0387573
40 0.860577 0.122266 0.0600962 0.0375 0.0354004
41 0.355469 0.230078 0.0534856 0.0390625 0.0354004
41 0.786058 0.665625 0.163462 0.0726563 0.0339661
44 0.71274 0.120703 0.0625 0.0445313 0.0335999
41 0.798678 0.162793 0.0408654 0.0416016 0.0335999
40 0.757212 0.163281 0.0384615 0.040625 0.0321045
44 0.671875 0.638281 0.132212 0.1375 0.0309143
40 0.915865 0.140039 0.0456731 0.0792969 0.0298767
40 0.858173 0.14375 0.0637019 0.0828125 0.0293121
40 0.769231 0.0568359 0.0408654 0.0451172 0.0283356
40 0.761418 0.0507935 0.0420673 0.0517334 0.0281067
67 0.238882 0.763672 0.114784 0.0960938 0.0275879
40 0.852764 0.166992 0.0576923 0.0417969 0.0273743
40 0.899038 0.120508 0.0336538 0.0417969 0.0270691
40 0.804688 0.138281 0.0408654 0.0828125 0.0261536
40 0.784856 0.1625 0.0456731 0.0417969 0.0249939
43 0.710337 0.669531 0.199519 0.209375 0.0239563
41 0.860577 0.170898 0.0408654 0.0308594 0.0236053
13 0.103966 0.947656 0.203726 0.1 0.0230713
40 0.941707 0.167969 0.0576923 0.0441406 0.0201721
45 0.710938 0.168555 0.0600962 0.0390625 0.0199432
40 0.858173 0.127832 0.0600962 0.0521484 0.0187683
56 0.800481 0.509375 0.117788 0.2375 0.0186157
40 0.863582 0.164648 0.078125 0.0445313 0.0176392
40 0.769231 0.139258 0.0552885 0.0835937 0.0172424
44 0.450721 0.233594 0.0528846 0.034375 0.0170441
40 0.759615 0.127441 0.0360577 0.0675781 0.016922
40 0.93149 0.167773 0.0372596 0.0421875 0.016922
41 0.860577 0.122266 0.0600962 0.0375 0.0158386
49 0.45012 0.233984 0.0540865 0.034375 0.0156708
75 0.711538 0.168359 0.0600962 0.0394531 0.0150146
40 0.77524 0.0601074 0.0324519 0.037207 0.0147324
39 0.36238 0.232031 0.0396635 0.0324219 0.0147324
39 0.852163 0.167578 0.0564904 0.0394531 0.0146179
45 0.78726 0.657031 0.165865 0.05 0.014061
56 0.734976 0.309375 0.158654 0.122656 0.0138474
74 0.860577 0.121875 0.0600962 0.0382813 0.0136871
44 0.846154 0.166406 0.0456731 0.0390625 0.013588
75 0.932091 0.168652 0.0384615 0.0408203 0.013588
40 0.752404 0.0525391 0.0432692 0.0503906 0.012825
43 0.653846 0.622266 0.105769 0.107031 0.0125275
40 0.958534 0.0392578 0.0588942 0.0765625 0.0124817
43 0.745192 0.675 0.276442 0.2375 0.0123825
56 0.846755 0.312305 0.078125 0.128516 0.0122375
45 0.71274 0.120703 0.0625 0.0445313 0.0121002
40 0.712139 0.139453 0.0637019 0.084375 0.0118713
60 0.780048 0.277344 0.286058 0.185938 0.0115051
40 0.760817 0.0577148 0.0372596 0.0412109 0.0113297
40 0.819712 0.0544434 0.0576923 0.0520508 0.0112915
40 0.890625 0.166211 0.0360577 0.0390625 0.011116
40 0.893029 0.131348 0.0336538 0.0619141 0.0109863
40 0.808894 0.0467285 0.0336538 0.0430664 0.0105286
39 0.798678 0.162793 0.0408654 0.0416016 0.0105286
40 0.757212 0.138867 0.0456731 0.0894531 0.0102463
40 0.779447 0.147852 0.0432692 0.0695313 0.01017
41 0.757212 0.163281 0.0384615 0.040625 0.01017
41 0.784856 0.1625 0.0456731 0.0417969 0.01017
41 0.80649 0.0520508 0.0360577 0.0304688 0.00985718
75 0.852163 0.167578 0.0564904 0.0394531 0.00974274
45 0.450721 0.233594 0.0528846 0.034375 0.00959778
40 0.91226 0.125977 0.0240385 0.0523438 0.00933838
44 0.36238 0.232031 0.0396635 0.0324219 0.00923157
39 0.495192 0.232617 0.0456731 0.0347656 0.00908661
40 0.711538 0.168164 0.0600962 0.0398437 0.00905609
45 0.44351 0.186719 0.0480769 0.0398437 0.00894928
40 0.45012 0.189648 0.0649038 0.0492188 0.0086441
56 0.36238 0.232031 0.0396635 0.0324219 0.0086441
39 0.355469 0.230078 0.0534856 0.0390625 0.00857544
39 0.941707 0.167969 0.0576923 0.0441406 0.0085144
40 0.810096 0.150391 0.0576923 0.0664062 0.00841522
56 0.167668 0.95 0.322716 0.1 0.00837708
40 0.860577 0.170898 0.0408654 0.0308594 0.00806427
41 0.848558 0.309375 0.0769231 0.124219 0.00787354
44 0.760817 0.135547 0.0456731 0.0832031 0.00754929
40 0.896635 0.108789 0.0240385 0.0179687 0.00731659
44 0.739183 0.163672 0.0336538 0.0386719 0.00720596
44 0.247897 0.708594 0.0594952 0.025 0.00709534
40 0.802885 0.163281 0.0576923 0.0421875 0.0069046
44 0.45012 0.189648 0.0649038 0.0492188 0.0068512
40 0.934495 0.157129 0.03125 0.0292969 0.00679779
27 0.257812 0.254297 0.0841346 0.0664062 0.00669098
44 0.759615 0.127441 0.0360577 0.0675781 0.00666809
39 0.860577 0.170898 0.0408654 0.0308594 0.00664139
40 0.450721 0.206592 0.0649038 0.0836914 0.00658798
41 0.802885 0.163281 0.0576923 0.0421875 0.00651169
56 0.0561899 0.562891 0.0967548 0.355469 0.00629044
40 0.766827 0.0455078 0.0504808 0.0626953 0.00612259
0 0.923077 0.260498 0.153846 0.20791 0.00609589
56 0.719952 0.329688 0.240385 0.157813 0.00595856
43 0.694111 0.658203 0.116587 0.101562 0.00582123
41 0.71274 0.137305 0.0637019 0.0785156 0.00575256
44 0.246394 0.723437 0.0997596 0.0484375 0.00575256
41 0.460337 0.228906 0.0480769 0.0320312 0.00570679
40 0.804087 0.112109 0.0240385 0.0285156 0.00564194
46 0.450721 0.233594 0.0528846 0.034375 0.0055542
42 0.626202 0.624219 0.192308 0.165625 0.00548935
39 0.86238 0.308203 0.0492788 0.110156 0.00540543
13 0.0513822 0.597656 0.0985577 0.25625 0.00540543
56 0.0667067 0.536621 0.121394 0.368945 0.00526047
56 0.757212 0.303711 0.15625 0.119531 0.00521851
40 0.88101 0.145996 0.117788 0.0798828 0.00521851
60 0.778846 0.217188 0.288462 0.0632813 0.00510025
56 0.170673 0.877344 0.207933 0.221875 0.00502014
56 0.617788 0.310937 0.396635 0.129688 0.00488663
39 0.450721 0.233594 0.0528846 0.034375 0.00486755
74 0.713341 0.120801 0.0625 0.0455078 0.00479126
39 0.455529 0.194189 0.0757212 0.0561523 0.00471878
0 0.847356 0.311719 0.0769231 0.128906 0.00468063
40 0.879808 0.145313 0.0817308 0.08125 0.00466537
13 0.800481 0.510156 0.120192 0.225781 0.00466537
56 0.578275 0.543359 0.506911 0.213281 0.0046463
56 0.196514 0.89375 0.254808 0.207813 0.00457382
44 0.787861 0.665234 0.159856 0.0726563 0.00452042
67 0.479567 0.196094 0.03125 0.0382813 0.00438309
43 0.636418 0.641406 0.0552885 0.071875 0.00434875
41 0.45012 0.189648 0.0649038 0.0492188 0.00432968
44 0.710337 0.669531 0.199519 0.209375 0.00432968
60 0.924279 0.683203 0.151442 0.071875 0.00428009
41 0.855769 0.262891 0.0396635 0.025 0.00426483
56 0.719952 0.583594 0.0612981 0.121875 0.00426483
40 0.828125 0.0620605 0.0432692 0.0508789 0.00424957
44 0.860577 0.121875 0.0600962 0.0382813 0.00424957
42 0.745192 0.675 0.276442 0.2375 0.00419998
67 0.455529 0.194189 0.0757212 0.0561523 0.00416565
44 0.65625 0.139453 0.0264423 0.096875 0.00413513
41 0.877404 0.259766 0.0240385 0.0273438 0.00392914
40 0.742788 0.0669922 0.0240385 0.021875 0.00388527
0 0.453125 0.210156 0.0721154 0.0835937 0.00382423
45 0.736779 0.663281 0.264423 0.0828125 0.0037365
40 0.651442 0.117969 0.03125 0.0574219 0.00369263
56 0.113882 0.903125 0.223558 0.1875 0.00367928
44 0.771635 0.141895 0.046875 0.0826172 0.00365067
39 0.451923 0.231055 0.0649038 0.0414063 0.00365067
41 0.212139 0.765625 0.167067 0.103125 0.00365067
0 0.451923 0.231055 0.0649038 0.0414063 0.00362206
40 0.355469 0.230078 0.0534856 0.0390625 0.00356483
42 0.247897 0.708594 0.0594952 0.025 0.00353813
32 0.495793 0.233984 0.0444712 0.0328125 0.00349617
44 0.736779 0.663281 0.264423 0.0828125 0.00342941
44 0.854567 0.172461 0.0528846 0.0292969 0.00341606
40 0.757212 0.112988 0.0240385 0.0412109 0.00338936
64 0.713341 0.120801 0.0625 0.0455078 0.00338936
40 0.360577 0.23125 0.0420673 0.0335938 0.00336266
41 0.954327 0.0592285 0.0504808 0.0334961 0.00335121
41 0.847356 0.266797 0.0552885 0.0335938 0.00335121
40 0.911058 0.143555 0.0793269 0.0859375 0.00328636
41 0.739183 0.163672 0.0336538 0.0386719 0.00327301
43 0.682091 0.645312 0.164663 0.15625 0.00324821
75 0.859375 0.121387 0.0600962 0.0390625 0.00318527
44 0.802885 0.139746 0.0504808 0.0876953 0.00318527
44 0.863582 0.164648 0.078125 0.0445313 0.00316048
40 0.809495 0.11543 0.0336538 0.0382813 0.00314713
44 0.755409 0.162012 0.0348558 0.0388672 0.00313568
41 0.86238 0.308203 0.0492788 0.110156 0.00312424
40 0.649038 0.141895 0.0384615 0.104492 0.003088
40 0.71274 0.122852 0.0625 0.0527344 0.003088
43 0.644231 0.645312 0.0480769 0.065625 0.00305176
56 0.0483774 0.864062 0.093149 0.103125 0.00304031
41 0.971154 0.317578 0.0564904 0.0539063 0.00302696
40 0.86238 0.308203 0.0492788 0.110156 0.00298119
56 0.129808 0.839844 0.257812 0.314063 0.00291252
40 0.954327 0.059375 0.0528846 0.0335938 0.00290108
40 0.739183 0.163672 0.0336538 0.0386719 0.00288963
56 0.820913 0.417969 0.0360577 0.0515625 0.00287819
40 0.936899 0.156738 0.0372596 0.0548828 0.0028553
41 0.805288 0.0595215 0.0408654 0.0413086 0.00284576
41 0.32512 0.222266 0.046875 0.0316406 0.00284576
56 0.0372596 0.492969 0.0703125 0.255469 0.00284576
74 0.954327 0.0592285 0.0504808 0.0334961 0.00283432
40 0.449519 0.233203 0.0528846 0.0335938 0.00283432
42 0.814303 0.737109 0.0925481 0.0695313 0.00282288
40 0.632212 0.108008 0.03125 0.0375 0.00276756
45 0.495192 0.233203 0.046875 0.034375 0.00274658
42 0.813702 0.744922 0.0793269 0.0507812 0.00274658
56 0.0303486 0.472656 0.0576923 0.215625 0.00274658
0 0.920072 0.349414 0.159856 0.401172 0.00270462
40 0.794471 0.14043 0.0721154 0.0859375 0.00269318
76 0.671875 0.638281 0.132212 0.1375 0.00269318
39 0.855769 0.120703 0.0528846 0.0398437 0.00268364
44 0.694111 0.658203 0.116587 0.101562 0.00268364
56 0.585337 0.50166 0.477163 0.312305 0.00268364
44 0.757212 0.112988 0.0240385 0.0412109 0.00266266
39 0.239183 0.76875 0.115385 0.103125 0.00261116
42 0.677885 0.646094 0.0841346 0.110937 0.00258064
39 0.71274 0.168457 0.0600962 0.0392578 0.00257111
40 0.84375 0.141016 0.0973558 0.0867188 0.00257111
45 0.859375 0.12168 0.0625 0.0378906 0.00255013
41 0.769231 0.139258 0.0552885 0.0835937 0.00253105
44 0.44351 0.186719 0.0480769 0.0398437 0.00252151
56 0.0524339 0.601562 0.0988582 0.25 0.00252151
41 0.896635 0.178711 0.0384615 0.015625 0.00251198
56 0.428936 0.287305 0.13732 0.0878906 0.00251198
56 0.0441707 0.529297 0.0823317 0.332031 0.00250244
42 0.644231 0.642969 0.0673077 0.06875 0.00247192
56 0.0201322 0.433594 0.0390625 0.146094 0.00243378
39 0.44351 0.187109 0.0504808 0.0414063 0.00242424
44 0.450721 0.206592 0.0649038 0.0836914 0.00242424
40 0.0103666 0.3375 0.0207332 0.0578125 0.00239754
56 0.556641 0.641406 0.73768 0.149219 0.00239754
45 0.413311 0.24668 0.0940505 0.0101563 0.00234985
41 0.863582 0.164648 0.078125 0.0445313 0.00234222
43 0.924279 0.689063 0.151442 0.0625 0.00233269
41 0.760817 0.0577148 0.0372596 0.0412109 0.00229645
56 0.733173 0.516406 0.223558 0.239063 0.00225258
53 0.661659 0.784375 0.609375 0.223438 0.00225258
56 0.823317 0.414062 0.0456731 0.0539063 0.00223351
42 0.710337 0.669531 0.199519 0.209375 0.00223351
0 0.445763 0.409375 0.875301 0.675781 0.00223351
39 0.453125 0.210156 0.0721154 0.0835937 0.00219917
44 0.936899 0.131348 0.0348558 0.0720703 0.00219154
71 0.413311 0.24668 0.0940505 0.0101563 0.00214005
40 0.494591 0.230859 0.0456731 0.034375 0.00210762
42 0.924279 0.689063 0.151442 0.0625 0.00209999
13 0.397686 0.648438 0.382512 0.108594 0.00209999
13 0.0534856 0.55625 0.102163 0.359375 0.0020752
60 0.820313 0.676953 0.355769 0.0882813 0.00206757
67 0.47476 0.19082 0.0372596 0.0445313 0.00205803
45 0.36238 0.232031 0.0396635 0.0324219 0.00205803
44 0.906851 0.127344 0.0336538 0.0539063 0.0020504
0 0.355168 0.23125 0.0558894 0.0390625 0.0020504
60 0.822115 0.413281 0.046875 0.0554687 0.00202751
44 0.915865 0.140039 0.0456731 0.0792969 0.00197983
75 0.847356 0.309375 0.0769231 0.125 0.0019722
50 0.661659 0.784375 0.609375 0.223438 0.00195694
43 0.677885 0.646094 0.0841346 0.110937 0.00194931
56 0.449519 0.233203 0.0528846 0.0335938 0.00194168
44 0.644231 0.642969 0.0673077 0.06875 0.00191879
71 0.397686 0.648438 0.382512 0.108594 0.00191879
41 0.742788 0.0669922 0.0240385 0.021875 0.00191212
32 0.713341 0.120801 0.0625 0.0455078 0.00190449
56 0.355769 0.230859 0.0540865 0.0378906 0.00189686
75 0.450721 0.233594 0.0528846 0.034375 0.00189686
75 0.944111 0.168555 0.0612981 0.0429688 0.00188923
44 0.355769 0.230859 0.0540865 0.0378906 0.00188255
40 0.651442 0.10752 0.0288462 0.0396484 0.00187492
41 0.759615 0.175586 0.03125 0.0199219 0.00186729
56 0.269832 0.867188 0.403846 0.265625 0.00185299
41 0.890625 0.166211 0.0360577 0.0390625 0.00183868
44 0.703125 0.120703 0.0444712 0.0394531 0.00182438
41 0.754808 0.0631836 0.0264423 0.0244141 0.00181007
2 0.104492 0.947656 0.204477 0.101562 0.00179577
56 0.909255 0.416504 0.18149 0.535742 0.00179577
67 0.477163 0.18418 0.0432692 0.0636719 0.00178242
41 0.0093149 0.349805 0.0171274 0.0347656 0.00171375
26 0.847356 0.311719 0.0769231 0.125781 0.00171375
75 0.860577 0.170898 0.0408654 0.0308594 0.00170708
39 0.712139 0.141113 0.0649038 0.0888672 0.0017004
42 0.644231 0.645312 0.0480769 0.065625 0.00168133
43 0.574519 0.611719 0.288462 0.189063 0.00167465
0 0.971154 0.317578 0.0564904 0.0539063 0.00166798
40 0.951322 0.168359 0.0745192 0.0472656 0.00165462
40 0.738582 0.139258 0.0949519 0.0914062 0.00164223
44 0.93149 0.167773 0.0372596 0.0421875 0.00162888
13 0.269832 0.867188 0.403846 0.265625 0.00162315
40 0.65625 0.139453 0.0264423 0.096875 0.00160408
45 0.932091 0.168652 0.0384615 0.0408203 0.00160408
41 0.896635 0.108789 0.0240385 0.0179687 0.0015974
60 0.399639 0.715625 0.606971 0.176563 0.0015974
75 0.71274 0.120117 0.0612981 0.0453125 0.00159168
55 0.644231 0.7625 0.512019 0.184375 0.00159168
41 0.651442 0.10752 0.0288462 0.0396484 0.00157356
45 0.854567 0.172461 0.0528846 0.0292969 0.00157356
40 0.786058 0.664062 0.163462 0.0734375 0.00156689
41 0.759615 0.127441 0.0360577 0.0675781 0.00156116
44 0.802885 0.162695 0.0480769 0.0421875 0.00156116
41 0.322716 0.213281 0.0402644 0.0183594 0.00156116
44 0.745192 0.675 0.276442 0.2375 0.00156116
40 0.9375 0.108887 0.0240385 0.0240234 0.00155449
56 0.751803 0.341602 0.201923 0.187109 0.00154305
44 0.860577 0.144824 0.0697115 0.0845703 0.00153637
55 0.667218 0.783594 0.622296 0.223438 0.953125
60 0.530649 0.806445 0.938702 0.374609 0.94043
0 0.908654 0.41709 0.182692 0.529883 0.929688
0 0.197115 0.397656 0.370793 0.685938 0.922852
56 0.397686 0.651172 0.377704 0.110156 0.898926
0 0.585186 0.378125 0.478666 0.5875 0.896484
43 0.667668 0.636719 0.123798 0.138281 0.769043
56 0.103365 0.948438 0.203726 0.1 0.654785
41 0.239183 0.766406 0.115986 0.0984375 0.44751
41 0.710938 0.168652 0.0600962 0.0392578 0.422607
45 0.786058 0.666406 0.163462 0.0734375 0.264404
41 0.495192 0.232617 0.0456731 0.0347656 0.222656
41 0.450721 0.233594 0.0528846 0.034375 0.179565
44 0.711538 0.168164 0.0600962 0.0398437 0.139404
40 0.80649 0.0520508 0.0360577 0.0311523 0.134766
40 0.807692 0.0599121 0.0360577 0.043457 0.0960083
41 0.36238 0.232031 0.0396635 0.0324219 0.0923462
41 0.71274 0.120703 0.0625 0.0449219 0.0866089
39 0.847356 0.308984 0.0769231 0.125 0.0844727
41 0.442308 0.186719 0.0480769 0.0410156 0.0783691
41 0.932692 0.168652 0.0384615 0.0408203 0.0668335
41 0.852163 0.168262 0.0552885 0.0384766 0.0656128
39 0.93149 0.167773 0.0384615 0.0425781 0.0632324
44 0.712139 0.140918 0.0649038 0.0884766 0.0562439
40 0.798678 0.162695 0.0420673 0.0417969 0.0518494
40 0.936298 0.131445 0.0360577 0.0722656 0.0495911
41 0.942308 0.168066 0.0576923 0.0443359 0.0484924
44 0.71274 0.120703 0.0625 0.0449219 0.0460205
40 0.90625 0.127539 0.0336538 0.0539063 0.0433655
41 0.355168 0.230078 0.0528846 0.0390625 0.0408325
40 0.860577 0.122266 0.0600962 0.0378906 0.0405273
40 0.858774 0.142773 0.0637019 0.0804688 0.0386047
42 0.66226 0.636328 0.117788 0.141406 0.0375977
41 0.798678 0.162695 0.0420673 0.0417969 0.0368958
43 0.640625 0.622656 0.175481 0.175 0.036499
40 0.760817 0.0507935 0.0432692 0.0519287 0.0360718
40 0.769231 0.055957 0.0432692 0.0466797 0.0319824
40 0.915865 0.140039 0.0456731 0.0792969 0.03125
40 0.853365 0.166992 0.0576923 0.0417969 0.0307922
45 0.786058 0.658203 0.163462 0.0507812 0.0296478
40 0.805288 0.138281 0.0408654 0.0828125 0.0285492
41 0.859375 0.170703 0.0432692 0.03125 0.0284424
40 0.757212 0.163184 0.0408654 0.0408203 0.0282135
40 0.899038 0.120703 0.0336538 0.0417969 0.0280151
43 0.717548 0.671484 0.213942 0.213281 0.0258636
67 0.238882 0.764453 0.114784 0.0976562 0.0258636
13 0.103966 0.947656 0.204327 0.1 0.0236969
41 0.786058 0.666406 0.163462 0.0734375 0.0236053
40 0.785457 0.162305 0.0480769 0.0421875 0.0233307
44 0.671274 0.6375 0.13101 0.139063 0.0231476
45 0.710938 0.168652 0.0600962 0.0392578 0.02211
41 0.860577 0.122266 0.0600962 0.0378906 0.0200195
56 0.79988 0.509375 0.116587 0.239063 0.0194244
40 0.864183 0.1625 0.0793269 0.0488281 0.0192719
44 0.449519 0.233203 0.0528846 0.0339844 0.018692
40 0.769231 0.13916 0.0552885 0.0833984 0.0186157
40 0.942308 0.168066 0.0576923 0.0443359 0.0185394
40 0.759615 0.127344 0.0372596 0.0675781 0.0178528
49 0.450721 0.233984 0.0528846 0.034375 0.0165863
40 0.77524 0.0599609 0.0336538 0.0375 0.0164642
39 0.852163 0.16748 0.0576923 0.0396484 0.0163422
39 0.36238 0.232031 0.0396635 0.0324219 0.016098
40 0.93149 0.167773 0.0384615 0.0425781 0.0160217
40 0.752404 0.0523926 0.0432692 0.0506836 0.0158997
40 0.957933 0.0393677 0.0576923 0.0767334 0.0157166
44 0.846154 0.166406 0.0456731 0.0394531 0.0153046
75 0.711538 0.168457 0.0600962 0.0396484 0.0143356
75 0.932692 0.168652 0.0384615 0.0408203 0.0142822
40 0.819712 0.0543945 0.0552885 0.0523438 0.0140076
40 0.808894 0.0466797 0.0336538 0.043457 0.0137939
45 0.71274 0.120703 0.0625 0.0449219 0.0132751
40 0.760817 0.057373 0.0384615 0.0420898 0.0131226
44 0.701923 0.167383 0.0432692 0.0394531 0.0128708
43 0.654447 0.622656 0.106971 0.109375 0.0126266
40 0.893029 0.132617 0.0360577 0.0644531 0.0121918
40 0.890625 0.166016 0.0384615 0.0394531 0.0117798
56 0.734375 0.30957 0.158654 0.122656 0.0117798
40 0.758413 0.138867 0.0480769 0.090625 0.0116425
39 0.798678 0.162695 0.0420673 0.0417969 0.0113297
40 0.778846 0.145898 0.0456731 0.0738281 0.0112
41 0.785457 0.162305 0.0480769 0.0421875 0.0109482
40 0.712139 0.1375 0.0637019 0.0800781 0.0109482
41 0.757212 0.163184 0.0408654 0.0408203 0.0107346
44 0.760216 0.135937 0.046875 0.0835937 0.0104065
74 0.860577 0.121875 0.0612981 0.0386719 0.0103683
40 0.810096 0.149219 0.0576923 0.0691406 0.0103683
45 0.44351 0.186719 0.0492788 0.0398437 0.0100555
41 0.80649 0.0520508 0.0360577 0.0311523 0.00997162
44 0.36238 0.232031 0.0396635 0.0324219 0.00997162
56 0.846755 0.312305 0.078125 0.128516 0.00997162
75 0.852163 0.16748 0.0576923 0.0396484 0.00993347
60 0.780649 0.277344 0.283654 0.185938 0.00989532
45 0.450721 0.233594 0.0528846 0.034375 0.00967407
39 0.495192 0.232617 0.0456731 0.0347656 0.00919342
39 0.942308 0.168066 0.0576923 0.0443359 0.00912476
40 0.91226 0.126563 0.0240385 0.053125 0.00888062
39 0.355168 0.230078 0.0528846 0.0390625 0.0086441
44 0.759615 0.127344 0.0372596 0.0675781 0.00861359
44 0.739784 0.163672 0.0360577 0.0390625 0.0085144
41 0.71274 0.135547 0.0637019 0.075 0.00847626
44 0.45012 0.189453 0.0649038 0.0488281 0.00847626
40 0.711538 0.168164 0.0600962 0.0398437 0.00803375
41 0.848558 0.309375 0.0769231 0.124219 0.00800323
40 0.766827 0.0459106 0.0504808 0.0616943 0.00796509
40 0.45012 0.189453 0.0649038 0.0488281 0.00793457
56 0.168269 0.95 0.323317 0.1 0.0078125
40 0.933894 0.157422 0.03125 0.0298828 0.00772476
40 0.859375 0.170703 0.0432692 0.03125 0.00746155
56 0.36238 0.232031 0.0396635 0.0324219 0.00740433
40 0.896635 0.108984 0.0240385 0.0181641 0.00734711
39 0.859375 0.170703 0.0432692 0.03125 0.00717545
41 0.461538 0.228516 0.046875 0.0316406 0.00671768
56 0.0558894 0.563672 0.0967548 0.355469 0.00658798
40 0.450721 0.20625 0.0649038 0.0828125 0.00653839
27 0.257212 0.254102 0.0853365 0.0671875 0.00638962
44 0.248197 0.708594 0.0625 0.025 0.00636292
39 0.862981 0.308203 0.0480769 0.110156 0.00619125
40 0.804087 0.112988 0.0252404 0.0302734 0.00616837
0 0.923077 0.260596 0.153846 0.208496 0.00591278
43 0.685096 0.645312 0.108173 0.120313 0.00582123
40 0.88101 0.147949 0.115385 0.0759766 0.00577545
41 0.45012 0.189453 0.0649038 0.0488281 0.00572968
13 0.051232 0.597266 0.0982572 0.257812 0.00570679
40 0.879808 0.14541 0.0817308 0.0810547 0.00568771
43 0.69351 0.658594 0.117788 0.103125 0.00564194
44 0.246094 0.723437 0.100962 0.05 0.00557709
42 0.621394 0.623828 0.204327 0.16875 0.0055542
56 0.716346 0.329297 0.247596 0.15625 0.00551224
44 0.65625 0.138965 0.0252404 0.0958984 0.00548935
56 0.117488 0.864062 0.230168 0.267188 0.00530243
40 0.828125 0.0619141 0.0432692 0.0507812 0.00524139
44 0.860577 0.121875 0.0612981 0.0386719 0.00524139
67 0.479567 0.196094 0.03125 0.0382813 0.00521851
13 0.800481 0.509766 0.117788 0.225781 0.00521851
56 0.171349 0.87793 0.210186 0.222266 0.00519943
39 0.455529 0.193945 0.0757212 0.0554687 0.00518036
56 0.0661058 0.536328 0.121394 0.369531 0.00518036
56 0.586538 0.541406 0.486779 0.215625 0.0051384
39 0.450721 0.233594 0.0528846 0.034375 0.0050621
46 0.450721 0.233594 0.0528846 0.034375 0.0049057
44 0.771635 0.141895 0.046875 0.0830078 0.00469971
39 0.238582 0.765234 0.115385 0.100781 0.00453949
0 0.847356 0.311719 0.0769231 0.128906 0.00452042
60 0.924279 0.683203 0.151442 0.071875 0.00445175
67 0.455529 0.193945 0.0757212 0.0554687 0.00443268
56 0.634014 0.311133 0.364183 0.129297 0.00441742
43 0.636418 0.641406 0.0552885 0.071875 0.00439835
40 0.742788 0.0666016 0.0240385 0.0228516 0.00438309
39 0.451923 0.231836 0.0649038 0.0402344 0.00432968
42 0.742188 0.675 0.272837 0.235938 0.00432968
56 0.75601 0.303516 0.15625 0.119922 0.00428009
41 0.855769 0.262891 0.0408654 0.025 0.00426483
41 0.954327 0.0592285 0.0504808 0.0336914 0.0042305
41 0.877404 0.259766 0.0240385 0.0277344 0.00418091
44 0.853365 0.17207 0.0552885 0.0304688 0.00415039
56 0.114183 0.903125 0.22476 0.1875 0.00397491
60 0.780048 0.217578 0.286058 0.0640625 0.00395966
44 0.717548 0.671484 0.213942 0.213281 0.00390053
44 0.75601 0.1625 0.0360577 0.0402344 0.00385475
41 0.971154 0.317578 0.0564904 0.0539063 0.00382423
56 0.719952 0.583594 0.0625 0.121875 0.00380898
44 0.802885 0.139844 0.0528846 0.0878906 0.00376511
44 0.864183 0.1625 0.0793269 0.0488281 0.00376511
40 0.651442 0.117871 0.03125 0.0572266 0.00372124
40 0.911659 0.143652 0.078125 0.0857422 0.00366402
40 0.954327 0.059375 0.0528846 0.0337891 0.0036068
40 0.757212 0.116699 0.0240385 0.0490234 0.0036068
44 0.787861 0.665625 0.159856 0.0734375 0.0036068
41 0.211839 0.765625 0.167668 0.104688 0.00353813
40 0.941106 0.12793 0.03125 0.0664062 0.00346947
75 0.859375 0.121387 0.0600962 0.0392578 0.00344276
32 0.496394 0.233984 0.0456731 0.0335938 0.00341606
41 0.32512 0.222461 0.046875 0.0320312 0.00340271
41 0.739784 0.163672 0.0360577 0.0390625 0.00338936
40 0.809495 0.116211 0.0348558 0.0398437 0.00336266
40 0.794471 0.141211 0.0697115 0.084375 0.00336266
44 0.44351 0.186719 0.0492788 0.0398437 0.00331116
40 0.355168 0.230078 0.0528846 0.0390625 0.00331116
0 0.453125 0.210156 0.0721154 0.0835937 0.00331116
43 0.682692 0.646094 0.165865 0.157813 0.00331116
39 0.85637 0.120801 0.0540865 0.0400391 0.00327301
40 0.862981 0.308203 0.0480769 0.110156 0.00327301
64 0.713341 0.120898 0.0625 0.0457031 0.00321007
41 0.846755 0.267188 0.0564904 0.034375 0.00319672
44 0.757212 0.116699 0.0240385 0.0490234 0.00318527
74 0.713341 0.120898 0.0625 0.0457031 0.00317192
42 0.248197 0.708594 0.0625 0.025 0.00317192
43 0.644231 0.645312 0.0504808 0.0671875 0.00314713
41 0.805288 0.0594727 0.0408654 0.0412109 0.00313568
0 0.451923 0.231836 0.0649038 0.0402344 0.00313568
40 0.649038 0.141797 0.0384615 0.104297 0.00312424
44 0.450721 0.20625 0.0649038 0.0828125 0.00312424
42 0.813702 0.74375 0.0793269 0.053125 0.00312424
42 0.813702 0.736719 0.09375 0.0703125 0.00311089
45 0.495192 0.233203 0.046875 0.034375 0.00309944
0 0.920072 0.350977 0.159856 0.404297 0.00309944
39 0.44351 0.187109 0.0504808 0.0417969 0.00300407
41 0.862981 0.308203 0.0480769 0.110156 0.00298119
40 0.936899 0.155273 0.0372596 0.0566406 0.0029583
40 0.71274 0.121582 0.0625 0.0503906 0.00288963
41 0.769231 0.13916 0.0552885 0.0833984 0.00286674
56 0.0363582 0.49209 0.0691106 0.25332 0.00286674
40 0.360577 0.23125 0.0420673 0.0332031 0.00284576
56 0.820913 0.417969 0.0384615 0.0515625 0.00284576
45 0.736779 0.663672 0.263221 0.084375 0.00279999
40 0.632212 0.108008 0.03125 0.0373047 0.00277901
39 0.453125 0.210156 0.0721154 0.0835937 0.00271416
45 0.859375 0.12168 0.0625 0.0380859 0.00268364
41 0.896635 0.178564 0.0384615 0.0163086 0.0026722
56 0.0294471 0.471484 0.0564904 0.213281 0.0026722
39 0.71274 0.168359 0.0600962 0.0394531 0.00265312
41 0.864183 0.1625 0.0793269 0.0488281 0.00264168
40 0.842548 0.141016 0.0961538 0.0859375 0.00263214
74 0.954327 0.0592285 0.0504808 0.0336914 0.00261116
44 0.936298 0.131445 0.0360577 0.0722656 0.00261116
40 0.449519 0.233203 0.0528846 0.0339844 0.00257111
45 0.413311 0.24668 0.0940505 0.0101563 0.00256157
40 0.739784 0.163672 0.0360577 0.0390625 0.00255013
40 0.0103666 0.3375 0.0207332 0.0578125 0.00252151
44 0.736779 0.663672 0.263221 0.084375 0.00252151
42 0.644231 0.643359 0.0673077 0.0695313 0.00250244
56 0.0522837 0.601172 0.0985577 0.250781 0.0024929
13 0.397837 0.649219 0.382212 0.107813 0.0024929
44 0.915865 0.140039 0.0456731 0.0792969 0.00248146
41 0.760817 0.057373 0.0384615 0.0420898 0.00247192
56 0.0434195 0.527441 0.0814303 0.32793 0.00245285
56 0.0480769 0.864062 0.093149 0.103125 0.00239754
41 0.759615 0.175586 0.03125 0.0199219 0.00237846
44 0.90625 0.127539 0.0336538 0.0539063 0.00236893
56 0.5625 0.641406 0.725962 0.146875 0.00235939
44 0.703125 0.120703 0.0432692 0.0398437 0.00233269
56 0.0196815 0.436621 0.0384615 0.151758 0.00232315
44 0.69351 0.658594 0.117788 0.103125 0.00231361
42 0.677885 0.646484 0.0865385 0.110156 0.00230598
53 0.661058 0.783594 0.606971 0.223438 0.00230598
43 0.924279 0.688672 0.151442 0.0632813 0.00225258
56 0.733173 0.516016 0.221154 0.239844 0.00223351
13 0.0534856 0.557031 0.102163 0.360938 0.00222588
56 0.585938 0.485254 0.475962 0.345117 0.00221634
67 0.477163 0.183203 0.0432692 0.0660156 0.00218201
45 0.36238 0.232031 0.0396635 0.0324219 0.00218201
67 0.47476 0.19082 0.0360577 0.0449219 0.00216484
60 0.822115 0.413281 0.046875 0.0554687 0.00214005
42 0.924279 0.688672 0.151442 0.0632813 0.00211525
41 0.754808 0.0630859 0.0264423 0.0251953 0.00208282
0 0.355168 0.23125 0.0552885 0.0390625 0.0020752
76 0.671274 0.6375 0.13101 0.139063 0.0020752
41 0.890625 0.166016 0.0384615 0.0394531 0.00206757
41 0.742788 0.0666016 0.0240385 0.0228516 0.00204277
75 0.944712 0.168652 0.0625 0.0431641 0.00204277
75 0.847356 0.308984 0.0769231 0.125 0.00204277
50 0.661058 0.783594 0.606971 0.223438 0.00204277
60 0.822716 0.677344 0.350962 0.0875 0.00201988
39 0.71274 0.135547 0.0637019 0.075 0.00201035
56 0.822115 0.413281 0.046875 0.0554687 0.00200272
56 0.0558894 0.640234 0.106971 0.588281 0.00194931
44 0.644231 0.643359 0.0673077 0.0695313 0.00194168
40 0.754808 0.0630859 0.0264423 0.0251953 0.00192642
44 0.355769 0.230859 0.0540865 0.0382813 0.00191879
44 0.649038 0.141797 0.0384615 0.104297 0.00190449
40 0.651442 0.107422 0.0288462 0.0394531 0.00189686
44 0.861178 0.144824 0.0709135 0.0845703 0.00189686
56 0.909255 0.417578 0.18149 0.532031 0.00189686
75 0.71274 0.120117 0.0625 0.0453125 0.00188255
40 0.831731 0.0457031 0.0456731 0.0628906 0.00185299
41 0.759615 0.127344 0.0372596 0.0675781 0.00185299
0 0.440054 0.408496 0.86268 0.673633 0.00185299
44 0.802885 0.162598 0.0504808 0.0423828 0.00182438
75 0.859375 0.170703 0.0432692 0.03125 0.00182438
41 0.0093149 0.349219 0.0174279 0.0359375 0.00182438
26 0.847356 0.311719 0.0769231 0.125781 0.00182438
44 0.778846 0.145898 0.0456731 0.0738281 0.0018177
71 0.407302 0.247656 0.103666 0.0125 0.0018177
41 0.450721 0.20625 0.0649038 0.0828125 0.00181007
56 0.355769 0.230859 0.0540865 0.0382813 0.00181007
40 0.494591 0.230859 0.0456731 0.034375 0.0018034
45 0.932692 0.168652 0.0384615 0.0408203 0.00179577
40 0.638221 0.0438477 0.0480769 0.0675781 0.00178909
39 0.47476 0.19082 0.0360577 0.0449219 0.00178909
56 0.428936 0.2875 0.13732 0.0886719 0.00178242
56 0.26893 0.867969 0.402043 0.264062 0.00177479
44 0.65625 0.15 0.0408654 0.109766 0.00174809
41 0.322716 0.213281 0.0402644 0.0183594 0.00174809
75 0.450721 0.233594 0.0528846 0.034375 0.00174809
2 0.104567 0.948438 0.204327 0.1 0.00174809
41 0.651442 0.107422 0.0288462 0.0394531 0.0017271
44 0.93149 0.167773 0.0384615 0.0425781 0.0017271
40 0.742788 0.138867 0.0865385 0.090625 0.0017271
39 0.0103666 0.3375 0.0207332 0.0578125 0.0017004
43 0.574519 0.6125 0.290865 0.192188 0.00169373
41 0.896635 0.108984 0.0240385 0.0181641 0.00168705
45 0.853365 0.17207 0.0552885 0.0304688 0.00168705
40 0.65625 0.138965 0.0252404 0.0958984 0.0016489
44 0.65625 0.117188 0.0240385 0.0539063 0.00163555
44 0.800481 0.161719 0.0348558 0.0417969 0.00163555
40 0.451923 0.231836 0.0649038 0.0402344 0.00163555
39 0.0093149 0.349219 0.0174279 0.0359375 0.00161648
42 0.736178 0.705078 0.260817 0.153906 0.00161076
40 0.936899 0.109277 0.0252404 0.0246094 0.0015974
56 0.449519 0.233203 0.0528846 0.0339844 0.0015974
55 0.666466 0.783594 0.621394 0.223438 0.95166
60 0.530649 0.806445 0.938702 0.374609 0.938965
0 0.908654 0.417578 0.182692 0.529688 0.925293
0 0.197716 0.396875 0.370192 0.684375 0.91748
56 0.398438 0.651172 0.378606 0.110156 0.901855
0 0.585337 0.378223 0.478365 0.588867 0.897461
43 0.665865 0.635547 0.122596 0.141406 0.762207
56 0.103666 0.948438 0.203726 0.1 0.668945
41 0.710938 0.168945 0.0600962 0.0394531 0.611328
41 0.239183 0.766406 0.116587 0.1 0.470703
41 0.495192 0.232813 0.0456731 0.0347656 0.334473
41 0.450721 0.233398 0.0528846 0.0347656 0.289307
45 0.786058 0.666797 0.163462 0.0734375 0.24939
41 0.71274 0.120898 0.0625 0.0449219 0.199341
41 0.36238 0.232227 0.0396635 0.0324219 0.166626
40 0.80649 0.0523438 0.0360577 0.0318359 0.158203
41 0.442308 0.186768 0.0456731 0.0413086 0.133423
44 0.711538 0.168359 0.0600962 0.0398437 0.132935
41 0.852163 0.168359 0.0552885 0.0382813 0.126831
40 0.807692 0.0600586 0.0360577 0.04375 0.115173
41 0.932692 0.168848 0.0384615 0.0412109 0.112793
39 0.93149 0.167969 0.0384615 0.0425781 0.0803833
39 0.847957 0.308984 0.0757212 0.125 0.0800781
41 0.942308 0.168164 0.0588942 0.0441406 0.0758667
40 0.800481 0.162695 0.0384615 0.0414063 0.0705566
41 0.800481 0.162695 0.0384615 0.0414063 0.064209
41 0.355469 0.230273 0.0528846 0.0386719 0.0637207
40 0.936899 0.130957 0.0348558 0.0708984 0.0566406
40 0.906851 0.126758 0.0336538 0.0523438 0.0518494
41 0.858774 0.170801 0.0456731 0.0314453 0.0499573
40 0.858774 0.136133 0.0625 0.0664062 0.0455322
40 0.760817 0.0508301 0.0420673 0.0516602 0.0453491
41 0.858173 0.12168 0.0600962 0.0378906 0.0446777
44 0.71274 0.14043 0.0649038 0.0871094 0.0430298
44 0.71274 0.128809 0.0625 0.0607422 0.0430298
40 0.860577 0.122266 0.0600962 0.0378906 0.0408325
40 0.914663 0.138281 0.0432692 0.075 0.0396423
40 0.852764 0.166992 0.0576923 0.0417969 0.0390625
40 0.757212 0.163184 0.0408654 0.0408203 0.0383301
40 0.769832 0.0560059 0.0420673 0.0467773 0.0381775
40 0.786058 0.162305 0.0492788 0.0421875 0.0350037
40 0.805288 0.136523 0.0408654 0.0789063 0.0348816
40 0.899038 0.120703 0.0336538 0.0417969 0.0344849
45 0.786058 0.658203 0.164663 0.0507812 0.0343628
42 0.66226 0.636719 0.117788 0.139844 0.0333252
45 0.710938 0.168359 0.0612981 0.0390625 0.0330811
43 0.640625 0.625 0.176683 0.170313 0.0294189
13 0.105469 0.95 0.203726 0.1 0.0250854
40 0.770433 0.138477 0.0552885 0.0800781 0.0247955
45 0.71274 0.120898 0.0625 0.0449219 0.0238647
40 0.759615 0.126563 0.0360577 0.0660156 0.0237732
67 0.239183 0.764844 0.115385 0.0984375 0.0234222
39 0.36238 0.232227 0.0396635 0.0324219 0.0223694
43 0.711538 0.671094 0.201923 0.210938 0.0220337
39 0.852163 0.167578 0.0576923 0.0398437 0.0217743
75 0.711538 0.168652 0.0600962 0.0396484 0.021698
40 0.865385 0.165234 0.0817308 0.04375 0.0210419
40 0.752404 0.0523926 0.0432692 0.0506836 0.0209656
40 0.775841 0.0599609 0.0324519 0.0375 0.0200195
41 0.786058 0.162305 0.0492788 0.0421875 0.0200195
41 0.757212 0.163184 0.0408654 0.0408203 0.0199432
40 0.942308 0.168164 0.0588942 0.0441406 0.0184784
40 0.957933 0.0394043 0.0576923 0.0762695 0.0183411
56 0.800481 0.508594 0.115385 0.239063 0.0181885
44 0.449519 0.233203 0.0528846 0.034375 0.0179901
49 0.450721 0.233984 0.0528846 0.0347656 0.0179901
41 0.786058 0.666797 0.163462 0.0734375 0.0179901
75 0.932692 0.168848 0.0384615 0.0412109 0.0179138
44 0.671274 0.637891 0.129808 0.138281 0.0175171
41 0.802284 0.163086 0.0564904 0.0425781 0.0171814
40 0.820913 0.0544922 0.0552885 0.0529297 0.016922
40 0.808894 0.0466797 0.0336538 0.0432617 0.0166626
40 0.759615 0.0571777 0.0360577 0.0424805 0.0166626
40 0.93149 0.167969 0.0384615 0.0425781 0.0163422
40 0.780048 0.148926 0.0456731 0.0673828 0.0158386
40 0.862981 0.144824 0.0721154 0.0830078 0.0157776
75 0.852163 0.167578 0.0576923 0.0398437 0.0154266
44 0.852764 0.166992 0.0576923 0.0417969 0.0151291
39 0.799279 0.162695 0.0432692 0.0417969 0.0149002
43 0.655048 0.622656 0.108173 0.109375 0.0147858
40 0.757212 0.140039 0.0480769 0.0855469 0.0145569
40 0.894231 0.12793 0.0336538 0.0542969 0.0144501
41 0.71274 0.14043 0.0649038 0.0871094 0.014389
40 0.890625 0.166016 0.0384615 0.0394531 0.0143356
40 0.810697 0.152539 0.0576923 0.0621094 0.0139008
45 0.44351 0.18667 0.0480769 0.0399414 0.0139008
45 0.450721 0.233398 0.0528846 0.0347656 0.0136337
41 0.461538 0.228711 0.0456731 0.03125 0.0133743
41 0.80649 0.0523438 0.0360577 0.0318359 0.0130234
40 0.71274 0.14043 0.0649038 0.0871094 0.0126266
39 0.495192 0.232813 0.0456731 0.0347656 0.0123367
43 0.742188 0.675391 0.270433 0.235156 0.0120087
40 0.712139 0.128516 0.0625 0.0613281 0.0113297
39 0.942308 0.168164 0.0588942 0.0441406 0.011116
40 0.851563 0.158984 0.0661058 0.0539063 0.0106506
40 0.810096 0.126563 0.0456731 0.0648438 0.0104523
39 0.355469 0.230273 0.0528846 0.0386719 0.0104523
60 0.780048 0.277734 0.283654 0.185156 0.0104065
44 0.760216 0.134375 0.046875 0.0792969 0.0101318
40 0.91226 0.125586 0.0240385 0.0507812 0.00985718
40 0.802284 0.163086 0.0564904 0.0425781 0.00978088
44 0.712139 0.119434 0.0612981 0.0455078 0.00971222
40 0.766827 0.0462036 0.0504808 0.0603271 0.00963593
40 0.449519 0.189111 0.0637019 0.0483398 0.00930023
41 0.449519 0.189111 0.0637019 0.0483398 0.00926971
39 0.858774 0.170801 0.0456731 0.0314453 0.00923157
40 0.896635 0.109082 0.0240385 0.0181641 0.00919342
40 0.933894 0.156836 0.03125 0.0289063 0.00908661
56 0.734976 0.30918 0.16226 0.122266 0.00905609
44 0.36238 0.232227 0.0396635 0.0324219 0.00891876
74 0.860577 0.121973 0.0612981 0.0388672 0.00871277
41 0.848558 0.309375 0.0769231 0.124219 0.00861359
44 0.759615 0.126563 0.0360577 0.0660156 0.0085144
40 0.858774 0.170801 0.0456731 0.0314453 0.00841522
56 0.36238 0.232227 0.0396635 0.0324219 0.00828552
40 0.711538 0.168359 0.0600962 0.0398437 0.00815582
56 0.847356 0.312305 0.078125 0.128516 0.00803375
40 0.804087 0.112891 0.0240385 0.0296875 0.00800323
44 0.742788 0.163379 0.0360577 0.0388672 0.0078125
43 0.685096 0.645312 0.105769 0.120313 0.00746155
56 0.16887 0.95 0.323317 0.1 0.00746155
39 0.450721 0.233984 0.0528846 0.0347656 0.00743103
40 0.450721 0.20625 0.0637019 0.0832031 0.00734711
27 0.257212 0.253906 0.0865385 0.0671875 0.00734711
39 0.455529 0.19375 0.0757212 0.0554687 0.00712204
41 0.954327 0.0593262 0.0504808 0.0338867 0.00706482
44 0.449519 0.189111 0.0637019 0.0483398 0.00701141
39 0.864183 0.308789 0.0456731 0.108203 0.00664139
41 0.742788 0.163379 0.0360577 0.0388672 0.00661469
40 0.88101 0.153613 0.105769 0.0646484 0.00658798
43 0.69351 0.658594 0.116587 0.101562 0.00656509
40 0.828726 0.0619141 0.0420673 0.0509766 0.00653839
41 0.971154 0.317578 0.0564904 0.0539063 0.00629044
0 0.923077 0.260596 0.153846 0.208496 0.00629044
40 0.88101 0.145703 0.0793269 0.0800781 0.00626373
41 0.855769 0.263086 0.0408654 0.0257812 0.00614548
44 0.248197 0.708594 0.0612981 0.025 0.00605011
56 0.117112 0.860742 0.228516 0.272266 0.00600433
44 0.246094 0.724609 0.100361 0.0484375 0.00598145
41 0.877404 0.259961 0.0240385 0.0277344 0.00593567
44 0.65625 0.137207 0.0252404 0.0919922 0.00591278
44 0.860577 0.122266 0.0600962 0.0378906 0.00584412
75 0.859375 0.121484 0.0600962 0.0394531 0.00582123
56 0.0555889 0.564063 0.0961538 0.354688 0.00577545
40 0.742788 0.0665039 0.0240385 0.0230469 0.00561905
40 0.651442 0.116016 0.03125 0.0535156 0.00561905
13 0.800481 0.510156 0.117788 0.226562 0.00553513
56 0.172175 0.878906 0.210938 0.221875 0.00542831
44 0.772837 0.143164 0.0456731 0.0796875 0.00524139
60 0.924279 0.683203 0.151442 0.071875 0.00519943
40 0.954327 0.0594238 0.0528846 0.0338867 0.00510025
13 0.0513822 0.597656 0.0979567 0.257812 0.0050621
39 0.238582 0.766016 0.115385 0.102344 0.0050621
43 0.636418 0.641406 0.0552885 0.071875 0.00503922
41 0.32512 0.223047 0.046875 0.0328125 0.00500107
39 0.85637 0.120898 0.0540865 0.0400391 0.00498199
41 0.865385 0.165234 0.0817308 0.04375 0.00498199
67 0.479567 0.196094 0.03125 0.0375 0.00496292
56 0.71875 0.32793 0.242788 0.153516 0.0049057
45 0.859375 0.121777 0.0625 0.0382813 0.00488663
40 0.757212 0.115039 0.0240385 0.0457031 0.00481033
0 0.847356 0.311719 0.0769231 0.128906 0.00468063
0 0.452524 0.209961 0.0709135 0.084375 0.0045929
41 0.847957 0.265625 0.0540865 0.0304688 0.00450516
45 0.495192 0.233203 0.046875 0.034375 0.00448608
40 0.914663 0.144141 0.0697115 0.084375 0.00443268
39 0.44351 0.187061 0.0504808 0.0415039 0.00439835
41 0.760216 0.175586 0.0324519 0.0199219 0.00438309
56 0.0667067 0.535937 0.121394 0.36875 0.00432968
56 0.588942 0.538672 0.478365 0.219531 0.00432968
42 0.612981 0.624219 0.221154 0.167187 0.00431442
40 0.810096 0.115625 0.0336538 0.0384766 0.00428009
40 0.649038 0.141211 0.0372596 0.102734 0.00421524
41 0.770433 0.138477 0.0552885 0.0800781 0.00421524
44 0.802885 0.140039 0.0504808 0.0871094 0.00415039
41 0.805288 0.0596191 0.0408654 0.0415039 0.00413513
40 0.632212 0.108105 0.0324519 0.0369141 0.00413513
41 0.896635 0.178516 0.0384615 0.0164063 0.00413513
44 0.858774 0.170801 0.0456731 0.0314453 0.00408554
46 0.450721 0.233398 0.0528846 0.0347656 0.00408554
0 0.451322 0.232422 0.0637019 0.0390625 0.00407028
60 0.780048 0.217969 0.286058 0.0648438 0.00403976
44 0.75601 0.162305 0.0360577 0.0398437 0.00400543
44 0.865385 0.165234 0.0817308 0.04375 0.00390053
40 0.864183 0.308789 0.0456731 0.108203 0.00374985
43 0.644231 0.644922 0.0504808 0.0679687 0.00374985
40 0.795673 0.142969 0.0673077 0.0804688 0.0037365
56 0.114784 0.903125 0.225361 0.1875 0.0037365
56 0.647837 0.310937 0.338942 0.128906 0.00372124
44 0.757212 0.115039 0.0240385 0.0457031 0.00366402
41 0.864183 0.308789 0.0456731 0.108203 0.00358009
39 0.71274 0.168652 0.0600962 0.0392578 0.00356483
56 0.757212 0.303125 0.15625 0.121094 0.00356483
41 0.890625 0.166016 0.0384615 0.0394531 0.00355148
56 0.719952 0.583594 0.0625 0.122656 0.00351143
32 0.496394 0.23418 0.0444712 0.0332031 0.00344276
64 0.713341 0.121094 0.0625 0.0457031 0.00338936
42 0.742188 0.675391 0.270433 0.235156 0.00332451
41 0.210938 0.766406 0.169471 0.104688 0.00332451
40 0.936899 0.154492 0.0372596 0.0535156 0.00331116
75 0.71274 0.120898 0.0625 0.0449219 0.00328636
56 0.820913 0.417969 0.0384615 0.0515625 0.00327301
40 0.355469 0.230273 0.0528846 0.0386719 0.00325966
40 0.449519 0.233203 0.0528846 0.034375 0.00325966
67 0.455529 0.19375 0.0757212 0.0554687 0.00324821
44 0.65625 0.143945 0.03125 0.10625 0.00322342
44 0.914663 0.138281 0.0432692 0.075 0.00319672
45 0.36238 0.232227 0.0396635 0.0324219 0.00313568
41 0.759615 0.0571777 0.0360577 0.0424805 0.00309944
44 0.44351 0.18667 0.0480769 0.0399414 0.00305176
42 0.814303 0.7375 0.0925481 0.06875 0.00304031
44 0.936899 0.130957 0.0348558 0.0708984 0.00302696
40 0.742788 0.163379 0.0360577 0.0388672 0.00301552
42 0.813702 0.745313 0.0793269 0.05 0.00299263
45 0.413311 0.24668 0.0940505 0.0101563 0.00298119
44 0.906851 0.126758 0.0336538 0.0523438 0.00296974
75 0.450721 0.233398 0.0528846 0.0347656 0.00287819
42 0.248197 0.708594 0.0612981 0.025 0.00282288
41 0.759615 0.126563 0.0360577 0.0660156 0.00281143
41 0.651442 0.107422 0.0288462 0.0394531 0.00279999
0 0.355168 0.231445 0.0552885 0.0390625 0.00279999
0 0.920072 0.35 0.159856 0.403125 0.00279045
56 0.034405 0.489844 0.0652043 0.25 0.00277901
39 0.47476 0.19082 0.0360577 0.0449219 0.00276756
40 0.360577 0.23125 0.0420673 0.0335938 0.00276756
40 0.0103666 0.3375 0.0207332 0.0578125 0.00275803
44 0.787861 0.666016 0.159856 0.0742188 0.00274658
44 0.711538 0.671094 0.201923 0.210938 0.00274658
40 0.887019 0.142773 0.132212 0.0867188 0.00273705
56 0.0279447 0.467285 0.0534856 0.204492 0.00273705
42 0.644231 0.643359 0.0685096 0.0703125 0.0027256
43 0.682692 0.644922 0.165865 0.153906 0.00271416
74 0.954327 0.0593262 0.0504808 0.0338867 0.00269318
41 0.742788 0.0665039 0.0240385 0.0230469 0.0026722
39 0.452524 0.209961 0.0709135 0.084375 0.0026722
45 0.932692 0.168848 0.0384615 0.0412109 0.00266266
56 0.0189303 0.435254 0.0366587 0.14668 0.00263214
44 0.703726 0.120898 0.0456731 0.040625 0.0026207
39 0.71274 0.14043 0.0649038 0.0871094 0.00259018
40 0.844952 0.140234 0.0913462 0.0832031 0.00259018
75 0.858774 0.170801 0.0456731 0.0314453 0.00258064
45 0.852163 0.168359 0.0552885 0.0382813 0.00258064
60 0.822115 0.413281 0.046875 0.0554687 0.00258064
44 0.69351 0.658594 0.116587 0.101562 0.00255013
53 0.659255 0.783008 0.602163 0.224609 0.00255013
75 0.944712 0.16875 0.0625 0.0429688 0.00253105
40 0.651442 0.107422 0.0288462 0.0394531 0.0024929
39 0.71274 0.128809 0.0625 0.0607422 0.0024929
13 0.397686 0.649219 0.382512 0.107813 0.00247192
41 0.896635 0.109082 0.0240385 0.0181641 0.00245285
41 0.322716 0.213281 0.0396635 0.0183594 0.00245285
56 0.0241887 0.434473 0.046875 0.12793 0.0024147
56 0.0482272 0.864062 0.0934495 0.103125 0.00240517
41 0.47476 0.19082 0.0360577 0.0449219 0.002388
41 0.450721 0.20625 0.0637019 0.0832031 0.00237846
40 0.494591 0.231055 0.0456731 0.034375 0.00236893
44 0.450721 0.20625 0.0637019 0.0832031 0.00234985
44 0.644231 0.643359 0.0685096 0.0703125 0.00233269
42 0.677885 0.647656 0.0841346 0.10625 0.00233269
41 0.760216 0.134375 0.046875 0.0792969 0.00232315
56 0.822115 0.413281 0.046875 0.0554687 0.00228691
41 0.0093149 0.349023 0.0174279 0.0367188 0.00225258
56 0.0417668 0.525879 0.078125 0.324805 0.00223351
50 0.659255 0.783008 0.602163 0.224609 0.00223351
74 0.713341 0.121094 0.0625 0.0457031 0.00222588
40 0.638822 0.044043 0.046875 0.0669922 0.00219917
75 0.847957 0.308984 0.0757212 0.125 0.00219154
40 0.755409 0.0630859 0.0264423 0.0253906 0.00219154
40 0.795673 0.137695 0.0865385 0.0875 0.00218201
41 0.755409 0.0630859 0.0264423 0.0253906 0.00217438
40 0.832933 0.0458496 0.0432692 0.0618164 0.00216484
41 0.906851 0.126758 0.0336538 0.0523438 0.00216484
40 0.65625 0.137207 0.0252404 0.0919922 0.00212479
13 0.0534856 0.557813 0.101563 0.360156 0.00211525
39 0.0103666 0.3375 0.0207332 0.0578125 0.00206757
40 0.65625 0.116211 0.0240385 0.0519531 0.00205803
45 0.355469 0.230273 0.0528846 0.0386719 0.00203514
56 0.35607 0.23125 0.0534856 0.0382813 0.00201035
42 0.924279 0.6875 0.151442 0.065625 0.00197983
60 0.820913 0.677344 0.354567 0.0875 0.00197983
44 0.65625 0.116211 0.0240385 0.0519531 0.00195694
41 0.645433 0.192578 0.0288462 0.03125 0.00195694
43 0.924279 0.6875 0.151442 0.065625 0.00195694
56 0.0521334 0.601172 0.0982572 0.250781 0.00195694
41 0.775841 0.0599609 0.0324519 0.0375 0.00194168
39 0.0093149 0.349023 0.0174279 0.0367188 0.00194168
56 0.570312 0.640625 0.717548 0.14375 0.00194168
32 0.713341 0.121094 0.0625 0.0457031 0.00193405
44 0.649038 0.141211 0.0372596 0.102734 0.00192642
2 0.104567 0.948438 0.204327 0.1 0.00191879
44 0.780048 0.148926 0.0456731 0.0673828 0.00191212
40 0.632212 0.119531 0.0384615 0.0527344 0.00188923
39 0.479567 0.196094 0.03125 0.0375 0.00188255
44 0.802885 0.162598 0.0504808 0.0423828 0.00186729
56 0.736779 0.515234 0.211538 0.241406 0.00186062
40 0.951923 0.168359 0.0745192 0.0476562 0.00185299
56 0.910457 0.417969 0.179087 0.529688 0.00185299
44 0.861779 0.144727 0.0697115 0.0839844 0.00184631
42 0.654447 0.654688 0.0612981 0.08125 0.00183868
54 0.71274 0.120117 0.0625 0.0470703 0.00182438
55 0.667218 0.783594 0.619892 0.223438 0.944824
60 0.530198 0.806055 0.939603 0.372266 0.942871
0 0.909255 0.417578 0.180288 0.530469 0.921875
0 0.197416 0.396875 0.369591 0.683594 0.913574
56 0.398438 0.650781 0.377404 0.109375 0.901367
0 0.585337 0.378516 0.477163 0.589844 0.898438
43 0.665865 0.635938 0.121394 0.140625 0.790527
41 0.710938 0.169141 0.0600962 0.0394531 0.733887
56 0.104567 0.948438 0.204327 0.1 0.673828
41 0.239183 0.767188 0.116587 0.1 0.484375
41 0.495192 0.233008 0.0456731 0.034375 0.44751
41 0.450721 0.233594 0.0528846 0.0351562 0.407227
41 0.713341 0.121094 0.0612981 0.0449219 0.336426
41 0.36238 0.232422 0.0396635 0.0328125 0.276611
45 0.786659 0.666797 0.16226 0.0734375 0.233765
41 0.849159 0.167773 0.0504808 0.0378906 0.222656
41 0.442308 0.186768 0.0456731 0.0413086 0.216064
41 0.932692 0.168945 0.0384615 0.0414063 0.182983
40 0.80649 0.0524414 0.0360577 0.0320312 0.163452
40 0.807692 0.0601563 0.0360577 0.0439453 0.12085
44 0.711538 0.168359 0.0600962 0.0398437 0.119995
41 0.944712 0.168945 0.0625 0.0429688 0.114746
41 0.800481 0.162695 0.0384615 0.0414063 0.10376
40 0.800481 0.162695 0.0384615 0.0414063 0.0939941
41 0.355469 0.230273 0.0522837 0.0386719 0.0939941
39 0.932091 0.168066 0.0372596 0.0427734 0.0913696
41 0.858774 0.12168 0.0588942 0.0378906 0.0827026
41 0.858173 0.170801 0.0456731 0.0314453 0.0761108
39 0.847957 0.308789 0.0757212 0.125 0.0690308
40 0.9375 0.130664 0.0336538 0.0695313 0.0632324
40 0.907452 0.126172 0.0336538 0.0511719 0.0600891
40 0.785457 0.162305 0.0480769 0.0421875 0.0495911
40 0.757212 0.163281 0.0408654 0.040625 0.0492249
40 0.91226 0.13584 0.0384615 0.0693359 0.0484924
45 0.710938 0.168555 0.0612981 0.0390625 0.0483093
40 0.859375 0.128516 0.0625 0.0503906 0.0467224
40 0.760817 0.0508301 0.0408654 0.0514648 0.0460205
40 0.852163 0.16709 0.0576923 0.0416016 0.044342
45 0.786058 0.658203 0.164663 0.0507812 0.0423889
40 0.899038 0.120703 0.0336538 0.0414063 0.0414734
45 0.713341 0.121094 0.0612981 0.0449219 0.0394897
40 0.804087 0.13418 0.0384615 0.0738281 0.0393372
40 0.770433 0.0564453 0.0408654 0.0460938 0.0377502
41 0.785457 0.162305 0.0480769 0.0421875 0.0346069
40 0.858173 0.153906 0.0673077 0.0664062 0.0328369
41 0.757212 0.163281 0.0408654 0.040625 0.0322266
44 0.71274 0.125391 0.0625 0.0527344 0.0321045
40 0.759014 0.126074 0.0360577 0.0646484 0.0298767
40 0.770433 0.1375 0.0528846 0.0761719 0.0294189
42 0.66226 0.637109 0.117788 0.138281 0.0290833
75 0.711538 0.168848 0.0600962 0.0396484 0.0287628
41 0.802284 0.163086 0.0552885 0.0425781 0.0287628
39 0.36238 0.232422 0.0396635 0.0328125 0.0287628
44 0.71274 0.139941 0.0625 0.0861328 0.0285492
39 0.852163 0.167773 0.0564904 0.0394531 0.0262604
13 0.105769 0.95 0.203726 0.1 0.0246124
41 0.71274 0.139941 0.0625 0.0861328 0.0236053
40 0.859375 0.121875 0.0576923 0.0394531 0.0232391
41 0.462139 0.228906 0.0444712 0.03125 0.0227203
43 0.640625 0.628125 0.175481 0.160938 0.0222931
67 0.239183 0.765234 0.115385 0.0992187 0.0220337
40 0.780048 0.151758 0.0456731 0.0609375 0.0219421
40 0.752404 0.0524902 0.0432692 0.0504883 0.0216217
40 0.866587 0.166602 0.0817308 0.0410156 0.0216217
75 0.852163 0.16709 0.0576923 0.0416016 0.021286
40 0.776442 0.0600586 0.03125 0.0375 0.0207214
49 0.450721 0.233984 0.0528846 0.0347656 0.0197144
75 0.932692 0.168945 0.0384615 0.0414063 0.0196381
45 0.442909 0.18667 0.0480769 0.0399414 0.0195618
40 0.942308 0.168262 0.0588942 0.0443359 0.0195007
43 0.69351 0.666406 0.163462 0.2 0.0182648
40 0.757212 0.143945 0.0456731 0.0730469 0.0181274
40 0.759615 0.0572266 0.0360577 0.0423828 0.0177765
40 0.894832 0.125781 0.0336538 0.05 0.0177155
40 0.820913 0.0544434 0.0540865 0.0530273 0.0176392
40 0.802885 0.140234 0.0480769 0.0859375 0.0175781
44 0.449519 0.233203 0.0528846 0.034375 0.0175781
56 0.801082 0.509375 0.112981 0.239063 0.0173798
39 0.799279 0.162598 0.0432692 0.0419922 0.0173035
40 0.957933 0.0393555 0.0576923 0.0759766 0.0172424
40 0.890625 0.166016 0.0384615 0.0394531 0.0172424
40 0.932692 0.16709 0.0360577 0.0439453 0.0172424
45 0.450721 0.233594 0.0528846 0.0351562 0.0171814
43 0.655048 0.622656 0.108173 0.109375 0.0171814
40 0.808894 0.046582 0.0336538 0.0431641 0.0171051
41 0.80649 0.0524414 0.0360577 0.0320312 0.0162811
40 0.810697 0.154785 0.0564904 0.0568359 0.0162201
44 0.671274 0.638281 0.128606 0.1375 0.0154877
39 0.495192 0.233008 0.0456731 0.034375 0.0148392
41 0.448317 0.188867 0.0625 0.0476562 0.0142288
44 0.852163 0.16709 0.0576923 0.0416016 0.0137405
40 0.71274 0.139941 0.0625 0.0861328 0.0136337
41 0.786659 0.666797 0.16226 0.0734375 0.013588
39 0.942308 0.168262 0.0588942 0.0443359 0.0127258
40 0.810096 0.123047 0.0432692 0.0574219 0.0126266
40 0.712139 0.123145 0.0625 0.0501953 0.0125732
40 0.802284 0.163086 0.0552885 0.0425781 0.0124283
40 0.862981 0.144922 0.0721154 0.0824219 0.012291
60 0.780048 0.277734 0.283654 0.185156 0.0120544
41 0.74399 0.163086 0.0384615 0.0386719 0.011467
39 0.355469 0.230273 0.0522837 0.0386719 0.011467
40 0.448317 0.188867 0.0625 0.0476562 0.0113754
40 0.772837 0.144727 0.0432692 0.0753906 0.0113297
40 0.896635 0.10918 0.0240385 0.0183594 0.0110321
40 0.911058 0.124023 0.0240385 0.0476562 0.0110321
41 0.455529 0.193701 0.0757212 0.0555664 0.0108566
39 0.858173 0.170801 0.0456731 0.0314453 0.0108185
40 0.934495 0.156348 0.03125 0.0279297 0.0106125
43 0.685096 0.645703 0.105769 0.119531 0.00989532
56 0.36238 0.232422 0.0396635 0.0328125 0.00971222
41 0.954928 0.059375 0.0492788 0.0339844 0.00967407
40 0.766827 0.0460083 0.0492788 0.0597412 0.00959778
39 0.450721 0.233984 0.0528846 0.0347656 0.00959778
41 0.971154 0.317578 0.0552885 0.0535156 0.00952148
40 0.804087 0.112305 0.0240385 0.0285156 0.00945282
40 0.858173 0.170801 0.0456731 0.0314453 0.00941467
27 0.257212 0.253906 0.0865385 0.0675781 0.00941467
41 0.855168 0.263086 0.0396635 0.0257812 0.00933838
43 0.742788 0.675781 0.268029 0.232813 0.00930023
41 0.848558 0.309375 0.0769231 0.124219 0.00926971
56 0.167067 0.95 0.320913 0.1 0.00891876
41 0.877404 0.260156 0.0228365 0.0277344 0.0088501
40 0.711538 0.168359 0.0600962 0.0398437 0.00878143
40 0.450721 0.20625 0.0625 0.0835937 0.00857544
40 0.455529 0.193701 0.0757212 0.0555664 0.00847626
56 0.847356 0.3125 0.078125 0.128906 0.00841522
75 0.859375 0.121582 0.0600962 0.0392578 0.008255
44 0.760817 0.133105 0.0456731 0.0753906 0.008255
44 0.36238 0.232422 0.0396635 0.0328125 0.00818634
41 0.866587 0.166602 0.0817308 0.0410156 0.00812531
39 0.455529 0.193701 0.0757212 0.0555664 0.00809479
43 0.69351 0.659375 0.115385 0.1 0.00787354
40 0.651442 0.114453 0.0300481 0.0503906 0.0077858
40 0.882212 0.158594 0.0961538 0.0542969 0.00772476
45 0.859375 0.121875 0.0612981 0.0382813 0.00769424
41 0.324519 0.222656 0.0456731 0.0328125 0.00769424
56 0.734976 0.309375 0.164663 0.123047 0.00766754
41 0.84976 0.264844 0.0480769 0.0289063 0.00751877
41 0.760216 0.175586 0.0324519 0.0199219 0.00731659
40 0.829327 0.0620117 0.0396635 0.0511719 0.00728989
39 0.448317 0.188867 0.0625 0.0476562 0.00720596
0 0.451923 0.209814 0.0697115 0.0850586 0.00720596
40 0.760817 0.133105 0.0456731 0.0753906 0.00717545
39 0.856971 0.120898 0.0528846 0.0402344 0.00709534
44 0.74399 0.163086 0.0384615 0.0386719 0.00709534
44 0.759014 0.126074 0.0360577 0.0646484 0.00703812
74 0.860577 0.12207 0.0612981 0.0390625 0.00701141
44 0.246094 0.725391 0.0991587 0.0476562 0.00701141
40 0.884014 0.145898 0.0721154 0.0792969 0.00695801
56 0.115685 0.866406 0.225361 0.260938 0.0069046
41 0.896635 0.178174 0.0384615 0.0170898 0.0068779
39 0.864183 0.309375 0.0432692 0.10625 0.0068512
44 0.247897 0.708594 0.0606971 0.025 0.00669098
0 0.923077 0.260498 0.153846 0.208691 0.00656509
60 0.92488 0.683594 0.15024 0.071875 0.00638962
43 0.635817 0.641406 0.0540865 0.0726563 0.00634003
40 0.742788 0.066748 0.0240385 0.0227539 0.00616837
40 0.757212 0.110156 0.0240385 0.0363281 0.00612259
45 0.495192 0.233398 0.046875 0.034375 0.00609589
13 0.800481 0.510156 0.117788 0.226562 0.00600433
40 0.954327 0.0594238 0.0516827 0.0338867 0.00598145
44 0.65625 0.134961 0.0240385 0.0871094 0.00588989
75 0.713341 0.121094 0.0612981 0.0449219 0.005867
44 0.860577 0.122461 0.0600962 0.0378906 0.005867
56 0.172175 0.878125 0.209736 0.221875 0.005867
44 0.448317 0.188867 0.0625 0.0476562 0.00584412
40 0.631611 0.108203 0.0324519 0.0363281 0.00577545
0 0.847356 0.312109 0.0757212 0.128906 0.00577545
39 0.238582 0.766406 0.115385 0.103125 0.00577545
41 0.890625 0.166016 0.0384615 0.0394531 0.00557709
39 0.442909 0.187061 0.0492788 0.0415039 0.0055542
41 0.770433 0.1375 0.0528846 0.0761719 0.00548935
0 0.450721 0.232422 0.0625 0.0390625 0.00547028
40 0.916466 0.144531 0.0612981 0.0832031 0.00540543
43 0.644231 0.644922 0.0480769 0.0679687 0.00527954
40 0.649038 0.140625 0.0360577 0.101562 0.00526047
56 0.722356 0.326172 0.233173 0.15 0.0051384
60 0.779447 0.217773 0.28726 0.0652344 0.00511932
40 0.809495 0.114844 0.0336538 0.0367188 0.0050621
44 0.772837 0.144727 0.0432692 0.0753906 0.0050621
41 0.805288 0.059668 0.0408654 0.0416016 0.00498199
41 0.47476 0.190576 0.0360577 0.0446289 0.00498199
39 0.71274 0.16875 0.0600962 0.0390625 0.00468063
45 0.36238 0.232422 0.0396635 0.0328125 0.00453949
67 0.479567 0.196289 0.0300481 0.0375 0.00448608
56 0.0561899 0.565234 0.094351 0.350781 0.00445175
56 0.198242 0.895312 0.25015 0.20625 0.00429916
41 0.651442 0.107422 0.0288462 0.0390625 0.00426483
44 0.858173 0.170801 0.0456731 0.0314453 0.00419998
40 0.864183 0.309375 0.0432692 0.10625 0.00418091
41 0.864183 0.309375 0.0432692 0.10625 0.00413513
75 0.449519 0.233203 0.0528846 0.034375 0.0041008
44 0.802885 0.140234 0.0480769 0.0859375 0.00402451
41 0.760817 0.133105 0.0456731 0.0753906 0.0039444
44 0.770433 0.1375 0.0528846 0.0761719 0.00392914
41 0.757212 0.143945 0.0456731 0.0730469 0.00392914
44 0.75601 0.162109 0.0360577 0.0394531 0.00391388
56 0.820913 0.417969 0.0384615 0.0515625 0.00391388
41 0.759014 0.126074 0.0360577 0.0646484 0.00385475
45 0.850962 0.168359 0.0540865 0.0367188 0.00385475
40 0.449519 0.233203 0.0528846 0.034375 0.00374985
40 0.74399 0.163086 0.0384615 0.0386719 0.00372124
45 0.932692 0.168945 0.0384615 0.0414063 0.00372124
44 0.757212 0.110156 0.0240385 0.0363281 0.00370789
40 0.811298 0.137598 0.0480769 0.0710938 0.00370789
40 0.9375 0.153809 0.0360577 0.0498047 0.00370789
0 0.355769 0.231641 0.0540865 0.0390625 0.00370789
44 0.866587 0.166602 0.0817308 0.0410156 0.00369263
13 0.0510817 0.598437 0.0973558 0.25625 0.00366402
45 0.412861 0.24668 0.09375 0.0101563 0.00365067
41 0.322115 0.213281 0.0396635 0.0179687 0.00362206
41 0.759615 0.0572266 0.0360577 0.0423828 0.00359344
46 0.450721 0.233594 0.0528846 0.0351562 0.00358009
40 0.795673 0.145313 0.0649038 0.0746094 0.00355148
41 0.907452 0.126172 0.0336538 0.0511719 0.00351143
44 0.91226 0.13584 0.0384615 0.0693359 0.00349617
32 0.496394 0.23457 0.0444712 0.0324219 0.00348282
64 0.713341 0.121289 0.0625 0.0457031 0.00342941
39 0.47476 0.190576 0.0360577 0.0446289 0.00340271
41 0.645433 0.192969 0.0288462 0.03125 0.00340271
56 0.652644 0.310742 0.329327 0.129297 0.00340271
41 0.211538 0.766406 0.168269 0.10625 0.00340271
60 0.822115 0.413281 0.046875 0.0554687 0.00337601
41 0.896635 0.10918 0.0240385 0.0183594 0.00335121
44 0.69351 0.659375 0.115385 0.1 0.00331116
44 0.907452 0.126172 0.0336538 0.0511719 0.00328636
56 0.0679087 0.534375 0.121394 0.367188 0.00324821
56 0.590745 0.535156 0.469952 0.226562 0.00324821
43 0.677885 0.649219 0.0817308 0.103125 0.00323486
41 0.742788 0.066748 0.0240385 0.0227539 0.00319672
40 0.651442 0.107422 0.0288462 0.0390625 0.00317192
42 0.644231 0.642969 0.0673077 0.0703125 0.00317192
41 0.450721 0.20625 0.0625 0.0835937 0.00313568
40 0.355469 0.230273 0.0522837 0.0386719 0.00313568
56 0.757212 0.302344 0.15625 0.121875 0.00312424
75 0.858173 0.170801 0.0456731 0.0314453 0.00311089
44 0.644231 0.642969 0.0673077 0.0703125 0.00309944
56 0.0181791 0.430859 0.0345553 0.135156 0.00307465
40 0.494591 0.231055 0.0456731 0.034375 0.00305176
0 0.920072 0.348242 0.159856 0.400391 0.00305176
44 0.9375 0.130664 0.0336538 0.0695313 0.00304031
44 0.757212 0.143945 0.0456731 0.0730469 0.00304031
41 0.780048 0.151758 0.0456731 0.0609375 0.00298119
42 0.608774 0.625391 0.229567 0.1625 0.0029583
53 0.658053 0.782813 0.59375 0.225 0.00288963
42 0.814904 0.738281 0.0913462 0.0671875 0.00287819
40 0.0102163 0.3375 0.0204327 0.0578125 0.0028553
42 0.677885 0.649219 0.0817308 0.103125 0.0028553
44 0.442909 0.18667 0.0480769 0.0399414 0.00284576
56 0.822115 0.413281 0.046875 0.0554687 0.00282288
56 0.0253906 0.457715 0.0477764 0.18457 0.00282288
44 0.657452 0.143945 0.0288462 0.105859 0.00281143
75 0.944712 0.168945 0.0625 0.0429688 0.00281143
42 0.247897 0.708594 0.0606971 0.025 0.00279999
32 0.713341 0.121289 0.0625 0.0457031 0.00279045
56 0.719952 0.583594 0.0625 0.123438 0.00276756
54 0.71274 0.119922 0.0600962 0.046875 0.00276756
40 0.65625 0.11543 0.0240385 0.0501953 0.00275803
40 0.360577 0.231445 0.0420673 0.0335938 0.00273705
44 0.704327 0.121094 0.0456731 0.040625 0.0027256
42 0.814904 0.746484 0.0745192 0.046875 0.00271416
45 0.355469 0.230273 0.0522837 0.0386719 0.00269318
40 0.63101 0.118359 0.0384615 0.0488281 0.0026722
41 0.0093149 0.349023 0.0168269 0.0367188 0.0026722
56 0.0480769 0.864062 0.09375 0.103125 0.00263214
40 0.65625 0.134961 0.0240385 0.0871094 0.0026207
44 0.703125 0.141406 0.0504808 0.0914062 0.00259018
39 0.71274 0.139941 0.0625 0.0861328 0.00259018
39 0.71274 0.125391 0.0625 0.0527344 0.00257111
56 0.0323017 0.486328 0.0603966 0.242969 0.00257111
41 0.651442 0.114453 0.0300481 0.0503906 0.00256157
40 0.887019 0.142969 0.129808 0.0855469 0.00255013
40 0.847356 0.138086 0.0841346 0.0785156 0.00253105
0 0.460337 0.200732 0.0889423 0.0969727 0.00251198
74 0.954928 0.059375 0.0492788 0.0339844 0.00250244
13 0.398438 0.649219 0.382212 0.107813 0.00245285
67 0.455529 0.193701 0.0757212 0.0555664 0.0024147
39 0.479567 0.196289 0.0300481 0.0375 0.00235939
42 0.653846 0.654688 0.0600962 0.0796875 0.00234222
39 0.451923 0.209814 0.0697115 0.0850586 0.00232315
44 0.788462 0.665625 0.158654 0.0734375 0.00231361
42 0.644231 0.644922 0.0480769 0.0679687 0.00226021
56 0.35637 0.23125 0.0528846 0.0382813 0.00224304
56 0.0208834 0.435156 0.0417668 0.103125 0.00223351
54 0.711538 0.169141 0.0600962 0.0414063 0.00223351
44 0.65625 0.11543 0.0240385 0.0501953 0.00222588
41 0.776442 0.0600586 0.03125 0.0375 0.00221634
40 0.832933 0.0458862 0.0432692 0.0609619 0.00220871
43 0.682692 0.64375 0.165865 0.15 0.00220871
39 0.75601 0.162109 0.0360577 0.0394531 0.00219917
42 0.742788 0.675781 0.268029 0.232813 0.00219917
50 0.658053 0.782813 0.59375 0.225 0.00218201
41 0.629207 0.105371 0.0336538 0.0373047 0.00216484
41 0.757212 0.110156 0.0240385 0.0363281 0.00214958
41 0.810697 0.154785 0.0564904 0.0568359 0.00214958
40 0.639423 0.0440918 0.0456731 0.0665039 0.00214005
75 0.847957 0.308789 0.0757212 0.125 0.00212479
44 0.804087 0.13418 0.0384615 0.0738281 0.00210762
39 0.782452 0.164062 0.0408654 0.0414063 0.00209999
60 0.820913 0.395313 0.0480769 0.0210938 0.00209045
60 0.530649 0.806055 0.938702 0.372266 0.943359
55 0.671725 0.783008 0.622897 0.227734 0.94043
0 0.909856 0.417871 0.177885 0.531445 0.916504
0 0.197416 0.396875 0.36899 0.682813 0.910156
0 0.585938 0.378906 0.477163 0.590625 0.894043
56 0.397987 0.650391 0.377103 0.108594 0.888184
43 0.665865 0.635938 0.121394 0.140625 0.803223
41 0.710938 0.169336 0.0600962 0.0390625 0.78125
56 0.104868 0.948438 0.204327 0.1 0.666992
41 0.495192 0.233203 0.0456731 0.034375 0.539062
41 0.450721 0.233594 0.0528846 0.0351562 0.486328
41 0.238582 0.769531 0.116587 0.10625 0.476562
41 0.713341 0.121387 0.0612981 0.0447266 0.428223
41 0.36238 0.232422 0.0396635 0.0328125 0.354004
41 0.849159 0.167969 0.0504808 0.0375 0.307373
41 0.442308 0.186523 0.0456731 0.0410156 0.282959
41 0.932692 0.169043 0.0384615 0.0412109 0.237915
45 0.786659 0.666406 0.16226 0.0726563 0.206909
40 0.80649 0.0523438 0.0348558 0.03125 0.158203
41 0.800481 0.162695 0.0372596 0.0414063 0.139893
41 0.944712 0.169043 0.0625 0.0427734 0.137085
41 0.858774 0.121777 0.0588942 0.0380859 0.12085
41 0.355168 0.230469 0.0516827 0.0386719 0.119995
40 0.807692 0.0601563 0.0336538 0.04375 0.115967
44 0.711538 0.168555 0.0600962 0.0398437 0.108948
41 0.858173 0.170898 0.0480769 0.03125 0.10376
40 0.800481 0.162695 0.0372596 0.0414063 0.102295
39 0.93149 0.168066 0.0360577 0.0427734 0.0888062
40 0.9375 0.130078 0.0336538 0.0675781 0.0609741
40 0.907452 0.125684 0.03125 0.0498047 0.0592041
45 0.710938 0.168652 0.0612981 0.0388672 0.0587769
45 0.71274 0.121094 0.0625 0.0445313 0.0570679
39 0.847957 0.308984 0.0757212 0.123438 0.0558167
40 0.784856 0.162305 0.0480769 0.0417969 0.0554199
40 0.911659 0.132812 0.0360577 0.0621094 0.0507202
40 0.757812 0.163281 0.0396635 0.040625 0.0507202
45 0.786058 0.658203 0.164663 0.0507812 0.0456848
40 0.859375 0.124023 0.0625 0.040625 0.0446777
40 0.760817 0.0508789 0.0408654 0.0511719 0.044342
41 0.784856 0.162305 0.0480769 0.0417969 0.0440063
40 0.852163 0.167187 0.0552885 0.0414063 0.0417786
40 0.899038 0.120508 0.0336538 0.0410156 0.0402527
41 0.757812 0.163281 0.0396635 0.040625 0.0393372
41 0.801683 0.163086 0.0552885 0.0421875 0.0377502
40 0.804087 0.130566 0.0360577 0.0664062 0.0370483
40 0.770433 0.0569336 0.0408654 0.0449219 0.0352783
41 0.46274 0.228906 0.0432692 0.0304688 0.0321045
39 0.36238 0.232422 0.0396635 0.0328125 0.0318604
41 0.71274 0.139453 0.0625 0.0847656 0.0313721
39 0.852163 0.167969 0.0564904 0.0390625 0.0281067
40 0.758413 0.125684 0.0348558 0.0636719 0.0280151
75 0.711538 0.168945 0.0600962 0.0394531 0.0278015
40 0.770433 0.136133 0.0516827 0.071875 0.0273743
75 0.852163 0.167187 0.0552885 0.0414063 0.0263519
44 0.71274 0.124414 0.0625 0.0498047 0.0255585
13 0.10607 0.95 0.203726 0.1 0.0250854
42 0.66226 0.637109 0.116587 0.138281 0.024704
45 0.442909 0.18667 0.046875 0.0399414 0.0244293
40 0.780048 0.153906 0.0432692 0.0558594 0.0243378
67 0.239183 0.765234 0.115385 0.0992187 0.0230713
49 0.450721 0.233984 0.0528846 0.0351562 0.0224609
44 0.71274 0.139453 0.0625 0.0847656 0.0223694
40 0.752404 0.0525879 0.0420673 0.0500977 0.0207977
40 0.858774 0.144531 0.0661058 0.0828125 0.0205688
40 0.776442 0.0601563 0.03125 0.0373047 0.0200195
40 0.866587 0.166992 0.0793269 0.0398437 0.0195618
43 0.639423 0.629687 0.177885 0.157031 0.0191956
45 0.450721 0.233594 0.0528846 0.0351562 0.0190582
40 0.75601 0.149414 0.0432692 0.0542969 0.018692
39 0.800481 0.162695 0.0372596 0.0414063 0.0184784
75 0.932692 0.169043 0.0384615 0.0412109 0.0184784
43 0.690505 0.661719 0.155048 0.190625 0.0184784
41 0.80649 0.0523438 0.0348558 0.03125 0.0183411
41 0.448317 0.188672 0.0612981 0.0476562 0.0183411
40 0.890625 0.166016 0.0384615 0.0394531 0.0181274
40 0.759615 0.0574707 0.0348558 0.0418945 0.0177765
40 0.942308 0.168359 0.0588942 0.0441406 0.0175781
40 0.894832 0.124414 0.0324519 0.0464844 0.0173798
40 0.820913 0.0544434 0.0528846 0.0524414 0.0172424
44 0.449519 0.233203 0.0528846 0.034375 0.0167236
39 0.495192 0.233203 0.0456731 0.034375 0.0167236
40 0.957332 0.0393677 0.0564904 0.0755615 0.0166626
40 0.808894 0.0465332 0.0324519 0.0422852 0.0165863
40 0.932692 0.16709 0.0360577 0.0439453 0.0163422
41 0.744591 0.162695 0.0384615 0.0382813 0.016098
40 0.803486 0.140039 0.0444712 0.0839844 0.0159607
40 0.810697 0.156445 0.0552885 0.0535156 0.0157776
43 0.655048 0.621875 0.108173 0.109375 0.0157166
41 0.455529 0.193799 0.0757212 0.0553711 0.0143356
44 0.852163 0.167187 0.0552885 0.0414063 0.013588
41 0.854567 0.263281 0.0384615 0.0257812 0.01297
40 0.801683 0.163086 0.0552885 0.0421875 0.0129242
41 0.971154 0.317578 0.0552885 0.0535156 0.0127258
44 0.671274 0.638281 0.128606 0.1375 0.0127258
41 0.954327 0.059375 0.0480769 0.0339844 0.0124817
56 0.801683 0.508984 0.112981 0.239063 0.0124283
40 0.810096 0.120313 0.0420673 0.0519531 0.0123367
39 0.942308 0.168359 0.0588942 0.0441406 0.0120544
41 0.78726 0.666406 0.167067 0.0726563 0.0119171
27 0.25631 0.253516 0.0877404 0.0679687 0.0118256
39 0.355168 0.230469 0.0516827 0.0386719 0.0117798
39 0.858173 0.170898 0.0480769 0.03125 0.011734
41 0.866587 0.166992 0.0793269 0.0398437 0.0115967
41 0.324519 0.222656 0.0444712 0.0320312 0.0115051
43 0.602163 0.625781 0.242788 0.160156 0.0115051
41 0.877404 0.260156 0.0228365 0.0273438 0.0113754
40 0.448317 0.188672 0.0612981 0.0476562 0.0113297
40 0.712139 0.121875 0.0625 0.0464844 0.0112
40 0.772837 0.145703 0.0420673 0.071875 0.011116
40 0.896635 0.109082 0.0240385 0.0181641 0.0110703
40 0.71274 0.139453 0.0625 0.0847656 0.0110703
39 0.450721 0.233984 0.0528846 0.0351562 0.0110703
45 0.859375 0.121973 0.0612981 0.0382813 0.0110321
60 0.780649 0.277734 0.282452 0.185547 0.0110321
40 0.911058 0.120605 0.0228365 0.040625 0.0103683
40 0.934495 0.155273 0.0300481 0.0257812 0.0102081
43 0.685096 0.645703 0.105769 0.119531 0.0102081
41 0.760817 0.176563 0.03125 0.0179687 0.0100098
56 0.164964 0.948438 0.317308 0.1 0.00981903
44 0.702524 0.167969 0.0444712 0.0394531 0.00974274
40 0.804087 0.111523 0.0228365 0.0269531 0.00945282
43 0.741587 0.673828 0.262019 0.225781 0.00926971
40 0.858173 0.170898 0.0480769 0.03125 0.00908661
40 0.766827 0.0459961 0.0480769 0.0587891 0.00901794
0 0.451923 0.209424 0.0697115 0.0850586 0.00894928
56 0.36238 0.232422 0.0396635 0.0328125 0.00874329
41 0.896635 0.178516 0.0384615 0.0164063 0.0086441
40 0.450721 0.205811 0.0625 0.0829102 0.00857544
40 0.455529 0.193799 0.0757212 0.0553711 0.00844574
39 0.455529 0.193799 0.0757212 0.0553711 0.00837708
39 0.85637 0.120996 0.0528846 0.0400391 0.00828552
41 0.847957 0.308984 0.0757212 0.123438 0.00821686
75 0.859375 0.12168 0.0588942 0.0392578 0.00818634
40 0.884014 0.161621 0.0865385 0.0478516 0.00796509
41 0.890625 0.166016 0.0384615 0.0394531 0.0077858
39 0.448317 0.188672 0.0612981 0.0476562 0.00775528
44 0.245793 0.725781 0.0985577 0.046875 0.00766754
40 0.651442 0.113672 0.0288462 0.0486328 0.00763702
45 0.495192 0.233594 0.046875 0.034375 0.00763702
43 0.692909 0.659375 0.115385 0.0992187 0.00763702
56 0.847356 0.312305 0.078125 0.129297 0.00763702
44 0.36238 0.232422 0.0396635 0.0328125 0.00754929
60 0.92488 0.683203 0.15024 0.0710938 0.00754929
41 0.475361 0.190967 0.0348558 0.0438477 0.00751877
40 0.711538 0.168555 0.0600962 0.0398437 0.00746155
56 0.734976 0.309375 0.164663 0.123438 0.00734711
40 0.829327 0.0620117 0.0384615 0.0509766 0.00731659
44 0.247596 0.708594 0.0588942 0.025 0.00714874
44 0.760817 0.131934 0.0456731 0.0714844 0.00703812
44 0.744591 0.162695 0.0384615 0.0382813 0.00703812
40 0.954327 0.0594727 0.0504808 0.0337891 0.0068512
75 0.713341 0.121387 0.0612981 0.0447266 0.0068512
44 0.25601 0.708594 0.0637019 0.0273438 0.00664139
43 0.635817 0.641406 0.0528846 0.0734375 0.00658798
40 0.760817 0.131934 0.0456731 0.0714844 0.00656509
40 0.742788 0.0669922 0.0240385 0.0220703 0.0064621
56 0.115084 0.874219 0.223558 0.245312 0.00643921
41 0.75601 0.149414 0.0432692 0.0542969 0.00641251
39 0.864183 0.309375 0.0432692 0.103906 0.00641251
0 0.923077 0.260352 0.153846 0.208594 0.00638962
40 0.885216 0.146289 0.0697115 0.0785156 0.00636292
40 0.757212 0.10498 0.0216346 0.0259766 0.00621796
56 0.171274 0.871094 0.205529 0.248438 0.00619125
44 0.656851 0.131348 0.0240385 0.0798828 0.00616837
0 0.847356 0.312109 0.0769231 0.128906 0.006073
74 0.860577 0.122461 0.0600962 0.0378906 0.00602722
44 0.758413 0.125684 0.0348558 0.0636719 0.00598145
40 0.63101 0.108398 0.03125 0.0359375 0.00591278
44 0.860577 0.122461 0.0600962 0.0378906 0.00584412
43 0.64363 0.644531 0.0480769 0.06875 0.00584412
39 0.238582 0.766406 0.115385 0.103125 0.00579834
0 0.451322 0.232813 0.0625 0.0382813 0.00572968
13 0.801683 0.510156 0.117788 0.226562 0.00572968
44 0.448317 0.188672 0.0612981 0.0476562 0.00548935
41 0.770433 0.136133 0.0516827 0.071875 0.00544739
45 0.36238 0.232422 0.0396635 0.0328125 0.00542831
41 0.321815 0.213086 0.0384615 0.0179687 0.00538635
40 0.918269 0.14502 0.0552885 0.0814453 0.00536346
41 0.645433 0.192969 0.0288462 0.0304688 0.00524139
75 0.450721 0.233594 0.0528846 0.0351562 0.00516129
45 0.850962 0.168457 0.0540865 0.0365234 0.0051384
41 0.804688 0.0597656 0.0396635 0.0414063 0.00508118
40 0.809495 0.113965 0.0324519 0.0349609 0.00508118
56 0.72476 0.325 0.225962 0.147656 0.00508118
41 0.651442 0.107324 0.0276442 0.0392578 0.00496292
44 0.772837 0.145703 0.0420673 0.071875 0.00496292
41 0.760817 0.131934 0.0456731 0.0714844 0.0049057
45 0.932692 0.169043 0.0384615 0.0412109 0.0049057
60 0.779447 0.217773 0.286058 0.0652344 0.0049057
40 0.649038 0.140039 0.0360577 0.1 0.00486755
41 0.907452 0.125684 0.03125 0.0498047 0.00479126
39 0.71274 0.168945 0.0600962 0.0390625 0.00468063
44 0.858173 0.170898 0.0480769 0.03125 0.00441742
56 0.198618 0.895312 0.249399 0.203125 0.00429916
0 0.355769 0.231641 0.0540865 0.0390625 0.00424957
45 0.412109 0.24668 0.0916466 0.00976562 0.0042305
67 0.479567 0.196484 0.0300481 0.0367188 0.00421524
44 0.755409 0.161719 0.0348558 0.0386719 0.00419998
41 0.780048 0.153906 0.0432692 0.0558594 0.00415039
56 0.820913 0.417969 0.0360577 0.0515625 0.00413513
44 0.803486 0.140039 0.0444712 0.0839844 0.00411606
41 0.864183 0.309375 0.0432692 0.103906 0.0041008
44 0.757212 0.10498 0.0216346 0.0259766 0.00400543
41 0.896635 0.109082 0.0240385 0.0181641 0.00397491
40 0.744591 0.162695 0.0384615 0.0382813 0.00391388
44 0.866587 0.166992 0.0793269 0.0398437 0.00391388
40 0.447115 0.232617 0.0504808 0.0363281 0.00390053
44 0.770433 0.136133 0.0516827 0.071875 0.00385475
60 0.822115 0.413281 0.0456731 0.0554687 0.00383949
40 0.864183 0.309375 0.0432692 0.103906 0.00376511
41 0.759615 0.0574707 0.0348558 0.0418945 0.0037365
32 0.496394 0.234766 0.0444712 0.0320312 0.0037365
41 0.758413 0.125684 0.0348558 0.0636719 0.00372124
44 0.907452 0.125684 0.03125 0.0498047 0.00372124
44 0.911659 0.132812 0.0360577 0.0621094 0.00372124
39 0.475361 0.190967 0.0348558 0.0438477 0.00370789
41 0.450721 0.205811 0.0625 0.0829102 0.00367928
32 0.713341 0.121484 0.0625 0.0455078 0.00359344
56 0.0570913 0.567578 0.0925481 0.346094 0.00356483
39 0.442308 0.185107 0.046875 0.0407227 0.00353813
41 0.742788 0.0669922 0.0240385 0.0220703 0.00351143
75 0.858173 0.170898 0.0480769 0.03125 0.00351143
0 0.460337 0.201367 0.0889423 0.0957031 0.00351143
64 0.713341 0.121484 0.0625 0.0455078 0.00349617
40 0.938101 0.152051 0.0348558 0.0431641 0.00346947
43 0.677284 0.649609 0.0805288 0.102344 0.00345612
54 0.71274 0.120117 0.0600962 0.0464844 0.00344276
56 0.669471 0.310937 0.295673 0.128906 0.00340271
44 0.644231 0.643359 0.0673077 0.0710938 0.00332451
40 0.495192 0.23125 0.0456731 0.034375 0.00324821
44 0.692909 0.659375 0.115385 0.0992187 0.00323486
42 0.644231 0.643359 0.0673077 0.0710938 0.00319672
46 0.450721 0.233594 0.0528846 0.0351562 0.00318527
45 0.355168 0.230469 0.0516827 0.0386719 0.00317192
53 0.656851 0.782813 0.590144 0.225 0.00307465
44 0.9375 0.130078 0.0336538 0.0675781 0.00302696
41 0.00916466 0.349609 0.0165264 0.0355469 0.00302696
56 0.0180288 0.430078 0.0336538 0.13125 0.00302696
13 0.0510817 0.598437 0.0973558 0.254688 0.0029583
42 0.815505 0.738672 0.0889423 0.065625 0.00293541
40 0.0100661 0.337891 0.0201322 0.0570313 0.00292397
56 0.822115 0.413281 0.0456731 0.0554687 0.00287819
41 0.210337 0.766406 0.171875 0.10625 0.00286674
42 0.247596 0.708594 0.0588942 0.025 0.0028553
44 0.75601 0.149414 0.0432692 0.0542969 0.00284576
56 0.0240385 0.433594 0.046274 0.125 0.00284576
40 0.629808 0.118359 0.0372596 0.046875 0.00281143
44 0.704327 0.121289 0.0456731 0.0410156 0.00281143
40 0.65625 0.114844 0.0240385 0.0492188 0.00279999
39 0.479567 0.196484 0.0300481 0.0367188 0.00279999
40 0.355168 0.230469 0.0516827 0.0386719 0.00279999
42 0.677284 0.649609 0.0805288 0.102344 0.00279999
0 0.909856 0.508203 0.177885 0.347656 0.00277901
45 0.858173 0.170898 0.0480769 0.03125 0.00276756
44 0.442909 0.18667 0.046875 0.0399414 0.00276756
40 0.811298 0.138379 0.0456731 0.0533203 0.00275803
56 0.0691106 0.533691 0.121394 0.36543 0.00269318
74 0.954327 0.059375 0.0480769 0.0339844 0.00268364
40 0.795673 0.147656 0.0625 0.0679687 0.00268364
56 0.757212 0.302148 0.157452 0.122266 0.00265312
41 0.757212 0.10498 0.0216346 0.0259766 0.00263214
41 0.810697 0.156445 0.0552885 0.0535156 0.00261116
42 0.815505 0.746875 0.0733173 0.0453125 0.00261116
56 0.0479267 0.863281 0.0934495 0.103125 0.00261116
75 0.944712 0.169043 0.0625 0.0427734 0.00260162
44 0.657452 0.143555 0.0288462 0.105078 0.00259018
44 0.65625 0.114844 0.0240385 0.0492188 0.00258064
0 0.920072 0.346484 0.159856 0.398438 0.00258064
41 0.628606 0.105273 0.0336538 0.0371094 0.00257111
56 0.0249399 0.452344 0.046274 0.173438 0.00255013
13 0.399038 0.648438 0.382212 0.107813 0.00253105
40 0.656851 0.131348 0.0240385 0.0798828 0.00252151
39 0.755409 0.161719 0.0348558 0.0386719 0.00251198
42 0.653846 0.655469 0.0600962 0.0796875 0.00250244
42 0.25601 0.708594 0.0637019 0.0273438 0.0024929
40 0.360577 0.231641 0.0420673 0.0335938 0.00246239
41 0.772837 0.145703 0.0420673 0.071875 0.00245285
41 0.911058 0.120605 0.0228365 0.040625 0.00244331
39 0.71274 0.120605 0.0612981 0.0447266 0.00243378
39 0.450721 0.205811 0.0625 0.0829102 0.00240517
60 0.821514 0.395313 0.046875 0.0210938 0.00239754
39 0.78125 0.16416 0.0396635 0.0412109 0.00236893
41 0.817308 0.164258 0.0504808 0.0417969 0.00235939
56 0.719952 0.583594 0.0625 0.123438 0.00235939
41 0.655649 0.105078 0.0228365 0.0306641 0.00234985
45 0.71274 0.139453 0.0625 0.0847656 0.00234222
42 0.64363 0.644531 0.0480769 0.06875 0.00232315
40 0.84976 0.133887 0.0805288 0.0689453 0.00232315
75 0.36238 0.232422 0.0396635 0.0328125 0.00231361
56 0.591947 0.535156 0.465144 0.225 0.00231361
54 0.711538 0.169141 0.0600962 0.0414063 0.00228691
42 0.602163 0.625781 0.242788 0.160156 0.00228691
39 0.71274 0.139453 0.0625 0.0847656 0.00225258
56 0.0315505 0.483984 0.0582933 0.2375 0.00225258
41 0.776442 0.0601563 0.03125 0.0373047 0.00223351
39 0.0100661 0.337891 0.0201322 0.0570313 0.00223351
75 0.442909 0.18667 0.046875 0.0399414 0.00220871
39 0.877404 0.263281 0.0216346 0.0289063 0.00219917
0 0.47476 0.233594 0.0384615 0.0324219 0.00219917
44 0.804087 0.130566 0.0360577 0.0664062 0.00219154
60 0.530649 0.806445 0.938702 0.374609 0.938477
55 0.671875 0.781445 0.625 0.227734 0.9375
0 0.911058 0.417969 0.177885 0.53125 0.914062
0 0.19704 0.396973 0.369141 0.681055 0.90918
0 0.586689 0.379297 0.478065 0.589844 0.890625
56 0.398438 0.649219 0.376202 0.10625 0.874023
43 0.665865 0.636328 0.122596 0.139844 0.799316
41 0.710938 0.169336 0.0600962 0.0390625 0.790527
56 0.105243 0.948438 0.205379 0.1 0.656738
41 0.495192 0.233398 0.0456731 0.0339844 0.584961
41 0.450721 0.233594 0.0516827 0.0347656 0.527344
41 0.238281 0.76875 0.117788 0.104688 0.480469
41 0.71274 0.121484 0.0625 0.0445313 0.455078
41 0.36238 0.232422 0.0396635 0.0328125 0.37207
41 0.84976 0.168164 0.0504808 0.0371094 0.350342
41 0.442308 0.186523 0.0456731 0.0410156 0.319092
41 0.933293 0.169141 0.0396635 0.0410156 0.265869
45 0.78726 0.665625 0.163462 0.0710938 0.184204
41 0.800481 0.162598 0.0384615 0.0412109 0.160278
40 0.80649 0.0522461 0.0348558 0.0307617 0.151001
41 0.944712 0.169336 0.0625 0.0425781 0.147095
41 0.858774 0.121777 0.0588942 0.0380859 0.141235
41 0.355168 0.230469 0.0510817 0.0382813 0.127686
41 0.855769 0.171094 0.0504808 0.0308594 0.121704
40 0.807692 0.0602051 0.0336538 0.0436523 0.10968
40 0.800481 0.162598 0.0384615 0.0412109 0.105225
44 0.711538 0.168555 0.0600962 0.0398437 0.083313
39 0.932091 0.168164 0.0372596 0.0425781 0.0769653
45 0.71274 0.121289 0.0625 0.0445313 0.0658569
40 0.936899 0.129883 0.0336538 0.0667969 0.0632324
45 0.710938 0.168848 0.0612981 0.0388672 0.0628052
40 0.907452 0.125195 0.03125 0.0488281 0.0605164
40 0.784856 0.162305 0.0480769 0.0417969 0.0592041
40 0.91226 0.130859 0.0360577 0.0578125 0.0558167
40 0.757212 0.163281 0.0408654 0.040625 0.0499573
41 0.784856 0.162305 0.0480769 0.0417969 0.0483093
39 0.847356 0.310937 0.0757212 0.121094 0.0455322
40 0.859375 0.122852 0.0625 0.0378906 0.0455322
40 0.760817 0.0508301 0.0408654 0.0508789 0.0450134
41 0.754808 0.161523 0.0360577 0.0382813 0.0433655
41 0.801683 0.163086 0.0552885 0.0421875 0.0417786
40 0.899038 0.120313 0.0336538 0.040625 0.0405273
41 0.46274 0.228711 0.0408654 0.0304688 0.0389099
40 0.852163 0.167187 0.0552885 0.0414063 0.0380249
40 0.804087 0.12832 0.0336538 0.0617188 0.0367737
41 0.71274 0.139258 0.0625 0.0835937 0.0346069
40 0.770433 0.0571289 0.0408654 0.0441406 0.033844
40 0.758413 0.125586 0.0348558 0.0632813 0.0296478
39 0.36238 0.232422 0.0396635 0.0328125 0.0290833
40 0.780048 0.155371 0.0432692 0.0525391 0.0284424
75 0.852163 0.167187 0.0552885 0.0414063 0.0281067
39 0.852163 0.168164 0.0564904 0.0386719 0.0274811
45 0.442909 0.186719 0.046875 0.0398437 0.0269623
40 0.770433 0.134863 0.0504808 0.0685547 0.0265503
13 0.10637 0.95 0.204327 0.096875 0.0250854
49 0.450721 0.233984 0.0528846 0.0347656 0.0247955
75 0.711538 0.169043 0.0600962 0.0392578 0.0246124
67 0.239183 0.764453 0.115385 0.0976562 0.0246124
41 0.447716 0.188477 0.0600962 0.046875 0.0213623
40 0.755409 0.152246 0.0432692 0.0466797 0.0212097
40 0.752404 0.0525391 0.0420673 0.05 0.0211182
40 0.776442 0.0602051 0.03125 0.037207 0.0197144
42 0.661659 0.636719 0.116587 0.1375 0.0191956
41 0.745793 0.162695 0.0396635 0.0386719 0.0191193
45 0.450721 0.233594 0.0516827 0.0347656 0.0186157
40 0.890625 0.165918 0.0396635 0.0396484 0.0181274
40 0.759014 0.0574707 0.0348558 0.0418945 0.0179138
41 0.80649 0.0522461 0.0348558 0.0307617 0.0178528
39 0.800481 0.162598 0.0384615 0.0412109 0.0177765
56 0.160983 0.949219 0.311448 0.0984375 0.0177765
39 0.495192 0.233398 0.0456731 0.0339844 0.0174408
40 0.867188 0.167187 0.0793269 0.0394531 0.0172424
40 0.894832 0.123828 0.0324519 0.0451172 0.0171814
41 0.455529 0.193945 0.0757212 0.0550781 0.016983
43 0.639423 0.630469 0.177885 0.154688 0.0166626
44 0.71274 0.124219 0.0625 0.0488281 0.0165863
43 0.6875 0.650781 0.149038 0.167187 0.0165253
40 0.820313 0.0546875 0.0540865 0.0517578 0.0164642
40 0.810697 0.157324 0.0552885 0.0513672 0.0164032
40 0.858173 0.144727 0.0649038 0.0824219 0.016098
40 0.932692 0.16709 0.0360577 0.0439453 0.0160217
40 0.802885 0.139844 0.0432692 0.0828125 0.0157776
75 0.933293 0.169141 0.0396635 0.0410156 0.0157166
41 0.854567 0.263477 0.0384615 0.0261719 0.0155411
40 0.942909 0.168555 0.0600962 0.04375 0.0154266
41 0.971154 0.317578 0.0552885 0.0523438 0.0151291
44 0.71274 0.139258 0.0625 0.0835937 0.0150757
40 0.808894 0.046582 0.0324519 0.0412109 0.0150146
45 0.78726 0.657031 0.165865 0.05 0.0149536
44 0.449519 0.233203 0.0528846 0.034375 0.0147858
43 0.655048 0.621875 0.108173 0.107813 0.0145569
40 0.956731 0.03927 0.0552885 0.0751709 0.0145035
27 0.255409 0.253516 0.0889423 0.0679687 0.014389
41 0.867188 0.167187 0.0793269 0.0394531 0.014061
41 0.323918 0.222656 0.0444712 0.0320312 0.0137939
40 0.801683 0.163086 0.0552885 0.0421875 0.0128708
45 0.859375 0.121973 0.0600962 0.0380859 0.0126266
40 0.712139 0.121875 0.0637019 0.0453125 0.0124817
40 0.810096 0.118945 0.0420673 0.0492188 0.0124283
41 0.954327 0.0594238 0.0480769 0.0338867 0.012291
41 0.877404 0.260352 0.0228365 0.0277344 0.012146
40 0.772837 0.145801 0.0408654 0.0701172 0.0119629
41 0.78726 0.665625 0.167067 0.071875 0.0115051
39 0.450721 0.233984 0.0528846 0.0347656 0.0113297
39 0.855769 0.171094 0.0504808 0.0308594 0.0112915
40 0.896635 0.108984 0.0240385 0.0183594 0.011116
39 0.355168 0.230469 0.0510817 0.0382813 0.0110703
44 0.84976 0.168164 0.0504808 0.0371094 0.0109482
41 0.759615 0.177148 0.03125 0.0167969 0.0106506
40 0.447716 0.188477 0.0600962 0.046875 0.0106506
40 0.911058 0.117969 0.0228365 0.0353516 0.0105286
39 0.942909 0.168555 0.0600962 0.04375 0.0105286
43 0.685096 0.646094 0.105769 0.117969 0.0104523
43 0.598558 0.625781 0.25 0.159375 0.0104065
40 0.934495 0.154883 0.0300481 0.0253906 0.0102463
40 0.804087 0.111523 0.0228365 0.0267578 0.00989532
44 0.671875 0.638281 0.129808 0.135937 0.00974274
40 0.71274 0.139258 0.0625 0.0835937 0.00959778
41 0.890625 0.165918 0.0396635 0.0396484 0.00955963
41 0.475962 0.191016 0.0336538 0.0433594 0.00945282
0 0.451923 0.20957 0.0685096 0.084375 0.00871277
41 0.896635 0.178516 0.0384615 0.0164063 0.0086441
40 0.766827 0.0462402 0.0480769 0.0571289 0.00861359
41 0.755409 0.152246 0.0432692 0.0466797 0.00861359
40 0.884615 0.163086 0.0817308 0.0449219 0.00861359
40 0.651442 0.113184 0.0288462 0.0476562 0.00854492
39 0.859375 0.12168 0.0588942 0.0392578 0.0085144
40 0.855769 0.171094 0.0504808 0.0308594 0.00818634
45 0.495192 0.233594 0.046875 0.034375 0.00818634
40 0.455529 0.193945 0.0757212 0.0550781 0.00809479
43 0.692909 0.659375 0.114183 0.0984375 0.00800323
44 0.245493 0.726562 0.0985577 0.0453125 0.00790405
43 0.741587 0.673828 0.260817 0.224219 0.00790405
40 0.450721 0.205273 0.0625 0.08125 0.00784302
39 0.447716 0.188477 0.0600962 0.046875 0.0078125
56 0.801082 0.508984 0.112981 0.238281 0.0078125
39 0.455529 0.193945 0.0757212 0.0550781 0.00772476
44 0.702524 0.168164 0.0444712 0.0390625 0.00763702
60 0.924279 0.683203 0.151442 0.0710938 0.00760651
44 0.246995 0.708594 0.0576923 0.025 0.00746155
40 0.760817 0.131738 0.0456731 0.0699219 0.00723267
60 0.78125 0.278125 0.283654 0.185938 0.00717545
40 0.829327 0.0621582 0.0384615 0.0508789 0.00712204
75 0.859375 0.12168 0.0588942 0.0392578 0.00706482
75 0.71274 0.121484 0.0625 0.0445313 0.00698471
44 0.255409 0.708594 0.0637019 0.0273438 0.0069313
41 0.645433 0.193164 0.0288462 0.0304688 0.00677109
0 0.923678 0.260156 0.152644 0.208203 0.00677109
40 0.712139 0.169141 0.0612981 0.0378906 0.00674438
40 0.742788 0.0670898 0.0240385 0.021875 0.00664139
41 0.321514 0.212891 0.0384615 0.0179687 0.00661469
40 0.954327 0.0594727 0.0504808 0.0337891 0.00658798
40 0.756611 0.104102 0.0216346 0.0242188 0.00656509
43 0.635216 0.641406 0.0528846 0.0734375 0.00656509
40 0.63101 0.108398 0.0324519 0.0359375 0.00651169
56 0.734375 0.308984 0.163462 0.122656 0.0064888
41 0.847957 0.308984 0.0757212 0.123438 0.00641251
41 0.760817 0.131738 0.0456731 0.0699219 0.00631332
43 0.643029 0.645312 0.0456731 0.0671875 0.00626373
44 0.36238 0.232422 0.0396635 0.0328125 0.00624084
56 0.171575 0.871875 0.203726 0.245312 0.00614548
74 0.860577 0.122559 0.0600962 0.0376953 0.00602722
40 0.884615 0.14668 0.0697115 0.0777344 0.00600433
0 0.847356 0.3125 0.0769231 0.128906 0.00593567
45 0.361478 0.232617 0.0390625 0.0328125 0.00584412
56 0.360877 0.232422 0.0420673 0.0351562 0.00577545
45 0.852163 0.16875 0.0552885 0.0378906 0.00572968
40 0.919471 0.145508 0.0528846 0.0796875 0.00570679
45 0.933293 0.169141 0.0396635 0.0410156 0.00564194
41 0.907452 0.125195 0.03125 0.0488281 0.00557709
44 0.656851 0.127539 0.0240385 0.071875 0.00548935
44 0.745793 0.162695 0.0396635 0.0386719 0.00544739
56 0.847356 0.312109 0.078125 0.128906 0.00544739
75 0.450721 0.233594 0.0516827 0.0347656 0.00542831
39 0.864784 0.309766 0.0420673 0.101562 0.00542831
40 0.649038 0.139258 0.0360577 0.0980469 0.00536346
41 0.651442 0.107324 0.0276442 0.0392578 0.00534439
40 0.809495 0.113672 0.0324519 0.034375 0.00534439
0 0.451322 0.233008 0.0612981 0.0371094 0.00534439
44 0.760817 0.131738 0.0456731 0.0699219 0.0053215
41 0.770433 0.134863 0.0504808 0.0685547 0.00526047
56 0.114859 0.881445 0.223407 0.230859 0.00521851
41 0.780048 0.155371 0.0432692 0.0525391 0.00498199
39 0.238582 0.765234 0.115986 0.100781 0.00494385
44 0.447716 0.188477 0.0600962 0.046875 0.00482941
41 0.804688 0.0597656 0.0396635 0.0414063 0.00468063
44 0.860577 0.122559 0.0600962 0.0376953 0.00462723
44 0.758413 0.125586 0.0348558 0.0632813 0.00455475
56 0.198618 0.896875 0.248798 0.201563 0.00441742
13 0.801683 0.510547 0.117788 0.225781 0.00439835
45 0.411659 0.24668 0.0913462 0.00976562 0.00436401
56 0.721154 0.323828 0.230769 0.145313 0.00436401
54 0.71274 0.120117 0.0600962 0.0460938 0.00434875
0 0.355769 0.231836 0.0540865 0.0386719 0.00424957
40 0.745793 0.162695 0.0396635 0.0386719 0.00408554
41 0.896635 0.108984 0.0240385 0.0183594 0.00407028
32 0.71274 0.121484 0.0625 0.0453125 0.00400543
39 0.711538 0.168555 0.0600962 0.0398437 0.00400543
44 0.772837 0.145801 0.0408654 0.0701172 0.00399017
32 0.496394 0.234961 0.0444712 0.0316406 0.00395966
56 0.820313 0.417969 0.0360577 0.0515625 0.00395966
41 0.450721 0.205273 0.0625 0.08125 0.0039444
39 0.442308 0.185156 0.0456731 0.040625 0.00391388
40 0.447115 0.232813 0.0480769 0.0359375 0.00391388
0 0.459736 0.201953 0.0865385 0.0941406 0.00387001
41 0.758413 0.125586 0.0348558 0.0632813 0.00385475
44 0.855769 0.171094 0.0504808 0.0308594 0.00378036
60 0.822115 0.413281 0.0456731 0.0546875 0.00374985
43 0.677284 0.65 0.0793269 0.101562 0.00365067
40 0.938101 0.152246 0.0348558 0.0410156 0.0036068
0 0.911058 0.509766 0.177885 0.344531 0.0036068
41 0.759014 0.0574707 0.0348558 0.0418945 0.00358009
44 0.756611 0.104102 0.0216346 0.0242188 0.00358009
44 0.907452 0.125195 0.03125 0.0488281 0.00358009
39 0.475962 0.191016 0.0336538 0.0433594 0.00358009
44 0.802885 0.139844 0.0432692 0.0828125 0.00356483
67 0.479567 0.196484 0.0288462 0.0367188 0.00356483
75 0.855769 0.171094 0.0504808 0.0308594 0.00352478
44 0.754808 0.161523 0.0360577 0.0382813 0.00349617
41 0.742788 0.0670898 0.0240385 0.021875 0.00346947
41 0.864784 0.309766 0.0420673 0.101562 0.00344276
44 0.867188 0.167187 0.0793269 0.0394531 0.00341606
44 0.644231 0.642969 0.0673077 0.0703125 0.00340271
60 0.780048 0.217383 0.288462 0.0644531 0.00338936
44 0.91226 0.130859 0.0360577 0.0578125 0.00331116
40 0.629207 0.11875 0.0372596 0.0464844 0.00324821
44 0.770433 0.134863 0.0504808 0.0685547 0.00324821
44 0.692909 0.659375 0.114183 0.0984375 0.00324821
41 0.00916466 0.350195 0.016226 0.034375 0.00322342
42 0.644231 0.642969 0.0673077 0.0703125 0.00319672
64 0.71274 0.121484 0.0625 0.0453125 0.00316048
40 0.495192 0.23125 0.0456731 0.034375 0.00313568
53 0.65625 0.782813 0.591346 0.225 0.00313568
56 0.677885 0.310742 0.276442 0.127734 0.00312424
40 0.65625 0.114551 0.0240385 0.0484375 0.00309944
40 0.864784 0.309766 0.0420673 0.101562 0.003088
45 0.355168 0.230469 0.0510817 0.0382813 0.00307465
41 0.810697 0.157324 0.0552885 0.0513672 0.0029583
39 0.479567 0.196484 0.0288462 0.0367188 0.00291252
56 0.0177284 0.429297 0.0330529 0.129688 0.00288963
41 0.772837 0.145801 0.0408654 0.0701172 0.00282288
42 0.677284 0.65 0.0793269 0.101562 0.00282288
41 0.628606 0.105371 0.0336538 0.0375 0.00281143
74 0.954327 0.0594238 0.0480769 0.0338867 0.00279045
41 0.756611 0.104102 0.0216346 0.0242188 0.00279045
40 0.656851 0.127539 0.0240385 0.071875 0.00279045
40 0.00991587 0.337891 0.0198317 0.0570313 0.00277901
46 0.450721 0.233594 0.0516827 0.0347656 0.00271416
42 0.246995 0.708594 0.0576923 0.025 0.00271416
41 0.655649 0.105371 0.0228365 0.03125 0.00269318
56 0.0576923 0.570312 0.0913462 0.339063 0.00266266
56 0.822115 0.413281 0.0456731 0.0546875 0.00265312
44 0.936899 0.129883 0.0336538 0.0667969 0.00261116
40 0.795673 0.149023 0.0625 0.0636719 0.00260162
32 0.450721 0.235156 0.0528846 0.0328125 0.00258064
41 0.911058 0.117969 0.0228365 0.0353516 0.00257111
56 0.023738 0.433594 0.0456731 0.123438 0.00257111
42 0.816106 0.739844 0.0865385 0.0640625 0.00257111
42 0.653846 0.655859 0.0588942 0.078125 0.00255013
45 0.71274 0.139258 0.0625 0.0835937 0.00250244
44 0.442909 0.186719 0.046875 0.0398437 0.00248146
39 0.00991587 0.337891 0.0198317 0.0570313 0.00247192
41 0.817909 0.164453 0.0492788 0.0414063 0.00246239
54 0.711538 0.169238 0.0600962 0.0412109 0.00246239
0 0.476563 0.233984 0.0336538 0.03125 0.00244331
60 0.821514 0.395313 0.046875 0.0210938 0.00243378
39 0.71274 0.120703 0.0625 0.0443359 0.00242424
39 0.78125 0.16416 0.0396635 0.0408203 0.00239754
39 0.00916466 0.350195 0.016226 0.034375 0.00239754
40 0.8125 0.139063 0.0456731 0.04375 0.002388
41 0.208534 0.766016 0.175481 0.105469 0.002388
39 0.450721 0.205273 0.0625 0.08125 0.00237846
56 0.0204327 0.435937 0.0408654 0.0984375 0.00237846
42 0.643029 0.645312 0.0456731 0.0671875 0.00236893
39 0.754808 0.161523 0.0360577 0.0382813 0.00235939
75 0.442909 0.186719 0.046875 0.0398437 0.00235939
40 0.355168 0.230469 0.0510817 0.0382813 0.00235939
42 0.255409 0.708594 0.0637019 0.0273438 0.00235939
41 0.667067 0.194922 0.0480769 0.0203125 0.00234222
40 0.850962 0.129102 0.0769231 0.0589844 0.00234222
44 0.705529 0.121289 0.0480769 0.0410156 0.00233269
13 0.399639 0.648438 0.383413 0.10625 0.00233269
40 0.638221 0.0446777 0.0432692 0.0647461 0.00232315
13 0.051232 0.6 0.0976562 0.251563 0.00232315
44 0.65625 0.114551 0.0240385 0.0484375 0.00230598
75 0.944712 0.169336 0.0625 0.0425781 0.00228691
49 0.36238 0.232422 0.0396635 0.0328125 0.00226021
44 0.698918 0.669531 0.0997596 0.08125 0.00226021
41 0.628005 0.234961 0.0252404 0.0230469 0.00225258
44 0.658053 0.142969 0.0276442 0.103906 0.00218201
41 0.986779 0.175391 0.0264423 0.0347656 0.00216484
41 0.754207 0.0635742 0.0228365 0.0234375 0.00216484
39 0.890625 0.165918 0.0396635 0.0396484 0.00214958
41 0.479567 0.196484 0.0288462 0.0367188 0.00214958
56 0.0109675 0.403809 0.0216346 0.0736328 0.00214958
43 0.653846 0.655859 0.0588942 0.078125 0.00214958
41 0.776442 0.0602051 0.03125 0.037207 0.00213242
41 0.899038 0.120313 0.0336538 0.040625 0.00213242
56 0.0479267 0.864062 0.0934495 0.103125 0.00209999
45 0.321514 0.212891 0.0384615 0.0179687 0.0020752
55 0.672476 0.78125 0.627404 0.228125 0.933594
60 0.530198 0.806445 0.939603 0.374609 0.926758
0 0.911659 0.417871 0.176683 0.531445 0.913086
0 0.196514 0.401563 0.371995 0.695312 0.908691
0 0.586388 0.378809 0.478666 0.589258 0.884766
56 0.398438 0.649219 0.376202 0.105469 0.876465
43 0.666466 0.636719 0.122596 0.139063 0.788086
41 0.710938 0.169336 0.0600962 0.0390625 0.773438
56 0.105694 0.948438 0.205679 0.1 0.654785
41 0.495192 0.233594 0.0456731 0.0335938 0.598145
41 0.450721 0.233594 0.0516827 0.034375 0.537109
41 0.237981 0.76875 0.117788 0.103125 0.486328
41 0.71274 0.121484 0.0625 0.0445313 0.449463
41 0.84976 0.167969 0.0504808 0.0371094 0.357666
41 0.36238 0.232422 0.0396635 0.0320312 0.352295
41 0.442308 0.186523 0.0456731 0.040625 0.315674
41 0.933894 0.169141 0.0408654 0.0410156 0.259766
45 0.786659 0.664844 0.163462 0.0695313 0.172119
41 0.800481 0.1625 0.0372596 0.0410156 0.157715
40 0.80649 0.0519531 0.0336538 0.0302734 0.142212
41 0.859375 0.12168 0.0576923 0.0378906 0.139404
41 0.944712 0.169238 0.0625 0.0423828 0.138916
41 0.355168 0.230469 0.0504808 0.0382813 0.124634
41 0.855769 0.171191 0.0516827 0.0306641 0.120422
40 0.808293 0.0600586 0.0336538 0.0435547 0.10376
40 0.800481 0.1625 0.0372596 0.0410156 0.103027
45 0.71274 0.121289 0.0625 0.0445313 0.069519
39 0.93149 0.167969 0.0384615 0.0425781 0.0670776
40 0.783654 0.162207 0.0456731 0.0416016 0.0618896
40 0.9375 0.129688 0.0336538 0.065625 0.0596619
44 0.710938 0.168555 0.0600962 0.0394531 0.0596619
45 0.710938 0.16875 0.0612981 0.0386719 0.0589905
40 0.906851 0.124805 0.03125 0.0482422 0.0566406
40 0.911659 0.12998 0.0348558 0.0560547 0.0549927
40 0.757212 0.163281 0.0408654 0.0402344 0.0510864
40 0.859375 0.122656 0.0625 0.0371094 0.0492249
41 0.783654 0.162207 0.0456731 0.0416016 0.0462036
41 0.754808 0.161328 0.0348558 0.0375 0.0445251
40 0.760216 0.0506836 0.0396635 0.0505859 0.044342
41 0.46274 0.228711 0.0408654 0.0300781 0.0405273
40 0.856971 0.167969 0.0673077 0.0378906 0.0397949
40 0.899038 0.120117 0.0324519 0.0402344 0.0384521
41 0.801683 0.163086 0.0552885 0.0417969 0.0380249
39 0.847356 0.310937 0.0769231 0.120313 0.0380249
40 0.802885 0.126953 0.0336538 0.0589844 0.0368958
41 0.71274 0.138867 0.0625 0.0832031 0.0321045
40 0.770433 0.0573242 0.0384615 0.0431641 0.03125
40 0.758413 0.125391 0.0336538 0.0628906 0.0307922
40 0.779447 0.155957 0.0420673 0.0509766 0.0304413
40 0.846154 0.166602 0.0456731 0.0386719 0.0296478
75 0.851563 0.167383 0.0552885 0.0410156 0.0287628
39 0.852163 0.168164 0.0564904 0.0382813 0.0274811
13 0.106671 0.95 0.204928 0.096875 0.0272675
40 0.771034 0.134375 0.0504808 0.0667969 0.0269623
67 0.239183 0.764063 0.115986 0.096875 0.0258636
45 0.442308 0.186768 0.0456731 0.0397461 0.024704
49 0.450721 0.233984 0.0528846 0.034375 0.024704
56 0.158654 0.949219 0.309495 0.0984375 0.024704
39 0.36238 0.232422 0.0396635 0.0320312 0.0245209
75 0.710938 0.168555 0.0600962 0.0394531 0.0228882
40 0.754808 0.15293 0.0432692 0.0425781 0.0226288
41 0.447716 0.188281 0.0588942 0.0464844 0.0222931
40 0.752404 0.0524414 0.0408654 0.0498047 0.021286
41 0.746394 0.162402 0.0396635 0.0380859 0.0205688
40 0.776442 0.0602539 0.0300481 0.0369141 0.0192719
41 0.455529 0.19375 0.0745192 0.0550781 0.0188293
40 0.890625 0.16582 0.0384615 0.0394531 0.0186157
40 0.759014 0.0573242 0.0336538 0.0419922 0.0178528
43 0.689904 0.65625 0.15625 0.178125 0.0173035
39 0.800481 0.1625 0.0372596 0.0410156 0.0170441
45 0.450721 0.233594 0.0516827 0.034375 0.016983
40 0.894832 0.123438 0.03125 0.0441406 0.0167236
40 0.802885 0.139648 0.0420673 0.0816406 0.0164642
39 0.495192 0.233594 0.0456731 0.0335938 0.0164642
40 0.820913 0.0543945 0.0528846 0.0509766 0.0162201
40 0.810697 0.157617 0.0552885 0.0503906 0.0158386
42 0.66226 0.6375 0.117788 0.1375 0.0157166
41 0.80649 0.0519531 0.0336538 0.0302734 0.0156021
41 0.854567 0.263477 0.0384615 0.0261719 0.0152512
43 0.638822 0.63125 0.180288 0.153125 0.0152512
40 0.932692 0.166992 0.0360577 0.04375 0.0150146
40 0.808894 0.046582 0.03125 0.040625 0.0149002
27 0.254507 0.253125 0.0907452 0.06875 0.0141754
41 0.867788 0.167187 0.0793269 0.0390625 0.0140076
40 0.942909 0.168555 0.0600962 0.0433594 0.0139008
40 0.858173 0.144922 0.0649038 0.0820312 0.0136871
41 0.323918 0.222266 0.0438702 0.03125 0.0136871
40 0.712139 0.121875 0.0637019 0.0449219 0.0133286
75 0.933894 0.169141 0.0408654 0.0410156 0.0131226
40 0.772837 0.145703 0.0408654 0.0691406 0.0129242
40 0.810096 0.118164 0.0408654 0.0472656 0.0125732
43 0.655048 0.621875 0.109375 0.107813 0.0124283
40 0.801683 0.163086 0.0552885 0.0417969 0.0123367
41 0.971154 0.317578 0.0552885 0.0523438 0.012291
40 0.956731 0.0393066 0.0552885 0.0749023 0.012146
44 0.449519 0.233203 0.0528846 0.0339844 0.0121002
45 0.859375 0.121973 0.0600962 0.0380859 0.0117798
41 0.954327 0.059375 0.0480769 0.0337891 0.0114212
41 0.78726 0.664844 0.168269 0.0695313 0.011116
39 0.450721 0.233984 0.0528846 0.034375 0.0110703
41 0.877404 0.260352 0.0216346 0.0273438 0.0110703
40 0.896635 0.108984 0.0216346 0.0183594 0.0106506
41 0.890625 0.16582 0.0384615 0.0394531 0.0104523
44 0.71274 0.124023 0.0625 0.0480469 0.0102081
39 0.355168 0.230469 0.0504808 0.0382813 0.01017
40 0.804087 0.111426 0.0216346 0.0265625 0.0101318
41 0.47476 0.19082 0.0360577 0.0433594 0.00993347
40 0.935096 0.154785 0.0288462 0.0248047 0.00985718
40 0.911058 0.116602 0.0216346 0.0324219 0.00978088
43 0.594952 0.626563 0.258413 0.157813 0.00974274
41 0.759615 0.177002 0.03125 0.0170898 0.00967407
40 0.447716 0.188281 0.0588942 0.0464844 0.00937653
41 0.754808 0.15293 0.0432692 0.0425781 0.00923157
44 0.71274 0.138867 0.0625 0.0832031 0.00919342
40 0.886418 0.163867 0.0769231 0.0429688 0.00901794
39 0.942909 0.168555 0.0600962 0.0433594 0.00894928
43 0.685096 0.646094 0.104567 0.117188 0.00894928
40 0.651442 0.112695 0.0288462 0.0464844 0.00888062
40 0.766827 0.0463867 0.0480769 0.0558594 0.00874329
43 0.739183 0.671875 0.254808 0.220313 0.00854492
44 0.851563 0.167383 0.0552885 0.0410156 0.0085144
39 0.855769 0.120898 0.0528846 0.0398437 0.00844574
0 0.451923 0.209766 0.0673077 0.0835937 0.00834656
40 0.826923 0.0507324 0.0444712 0.055957 0.00821686
40 0.760216 0.131445 0.0444712 0.06875 0.00809479
40 0.71274 0.138867 0.0625 0.0832031 0.00796509
40 0.855769 0.171191 0.0516827 0.0306641 0.00790405
41 0.896635 0.17832 0.0384615 0.0164063 0.00784302
45 0.495192 0.233594 0.046875 0.0335938 0.00784302
60 0.924279 0.683203 0.151442 0.0710938 0.00766754
40 0.712139 0.169043 0.0612981 0.0376953 0.00763702
39 0.447716 0.188281 0.0588942 0.0464844 0.00737381
44 0.245192 0.726562 0.0985577 0.0445313 0.00734711
43 0.692308 0.659766 0.115385 0.096875 0.00728989
40 0.830529 0.0620605 0.0372596 0.0504883 0.00723267
40 0.455529 0.19375 0.0745192 0.0550781 0.00720596
44 0.671875 0.637891 0.129808 0.135937 0.00712204
39 0.455529 0.19375 0.0745192 0.0550781 0.00709534
44 0.246695 0.708203 0.0570913 0.0242188 0.00698471
41 0.760216 0.131445 0.0444712 0.06875 0.00695801
40 0.450721 0.204492 0.0625 0.0800781 0.0069046
40 0.63101 0.108496 0.03125 0.0353516 0.0068779
41 0.321514 0.213086 0.0372596 0.0175781 0.0068512
40 0.742788 0.0671875 0.0240385 0.0214844 0.00682449
40 0.756611 0.103613 0.0216346 0.0234375 0.00679779
41 0.645433 0.193359 0.0288462 0.0296875 0.00671768
75 0.71274 0.121484 0.0625 0.0445313 0.00666809
0 0.847957 0.3125 0.0769231 0.128906 0.00653839
74 0.860577 0.122461 0.0600962 0.0375 0.00638962
40 0.954327 0.0594727 0.0504808 0.0335938 0.00605011
56 0.734375 0.308594 0.163462 0.121875 0.00600433
0 0.923678 0.260156 0.152644 0.208203 0.00600433
43 0.634615 0.640625 0.0528846 0.0734375 0.00593567
43 0.643029 0.646094 0.0456731 0.065625 0.00588989
75 0.855769 0.120898 0.0528846 0.0398437 0.00584412
40 0.920072 0.145703 0.0504808 0.0789063 0.00579834
40 0.884615 0.146875 0.0673077 0.0769531 0.00575256
60 0.780649 0.278125 0.282452 0.185938 0.00570679
40 0.809495 0.113281 0.0324519 0.0333984 0.0055542
56 0.172175 0.87168 0.203726 0.244141 0.00551224
0 0.451923 0.233203 0.0600962 0.0367188 0.00548935
45 0.852163 0.16875 0.0552885 0.0378906 0.00547028
40 0.649038 0.13877 0.0360577 0.0970703 0.00542831
56 0.801082 0.508594 0.114183 0.2375 0.00538635
41 0.906851 0.124805 0.03125 0.0482422 0.00534439
45 0.933894 0.169141 0.0408654 0.0410156 0.0053215
75 0.449519 0.233203 0.0528846 0.0339844 0.0053215
43 0.64363 0.642969 0.0661058 0.0703125 0.00530243
45 0.361478 0.232617 0.0390625 0.0324219 0.00527954
41 0.651442 0.107227 0.0276442 0.0390625 0.00524139
41 0.779447 0.155957 0.0420673 0.0509766 0.00494385
54 0.71274 0.120117 0.0600962 0.0457031 0.00494385
44 0.36238 0.232422 0.0396635 0.0320312 0.0049057
41 0.771034 0.134375 0.0504808 0.0667969 0.00479126
56 0.847356 0.312109 0.0793269 0.128906 0.00479126
56 0.361178 0.232422 0.0420673 0.034375 0.00460815
32 0.71274 0.121484 0.0625 0.0449219 0.00457382
39 0.238582 0.764063 0.116587 0.0984375 0.00457382
39 0.865385 0.30957 0.0408654 0.0996094 0.00450516
0 0.355769 0.231836 0.0534856 0.0382813 0.00446701
41 0.847356 0.308789 0.0769231 0.122656 0.00445175
56 0.198242 0.896875 0.248948 0.2 0.00431442
40 0.746394 0.162402 0.0396635 0.0380859 0.00428009
44 0.657452 0.125391 0.0240385 0.0675781 0.00413513
32 0.496394 0.235156 0.0444712 0.03125 0.00411606
41 0.804087 0.059668 0.0384615 0.0412109 0.00408554
44 0.760216 0.131445 0.0444712 0.06875 0.00403976
44 0.746394 0.162402 0.0396635 0.0380859 0.00402451
41 0.450721 0.204492 0.0625 0.0800781 0.00391388
56 0.819712 0.417969 0.0360577 0.0515625 0.00391388
41 0.896635 0.108984 0.0216346 0.0183594 0.00385475
45 0.411058 0.24668 0.0913462 0.00976562 0.00383949
39 0.710938 0.168555 0.0600962 0.0394531 0.00382423
39 0.442308 0.185156 0.0456731 0.040625 0.00376511
44 0.447716 0.188281 0.0588942 0.0464844 0.00376511
40 0.447115 0.232813 0.0480769 0.0359375 0.00376511
56 0.717548 0.323242 0.237981 0.144922 0.00374985
41 0.758413 0.125391 0.0336538 0.0628906 0.00370789
60 0.822115 0.413281 0.0456731 0.0546875 0.00366402
0 0.459736 0.202148 0.0865385 0.09375 0.00366402
44 0.859375 0.121973 0.0600962 0.0380859 0.00362206
40 0.938702 0.151953 0.0336538 0.0394531 0.00355148
44 0.758413 0.125391 0.0336538 0.0628906 0.00351143
56 0.114859 0.882617 0.224609 0.225391 0.00349617
13 0.801683 0.510156 0.117788 0.225 0.00348282
40 0.628606 0.118457 0.0360577 0.0449219 0.00346947
43 0.677885 0.650781 0.0793269 0.1 0.00333786
75 0.855769 0.171191 0.0516827 0.0306641 0.00332451
0 0.911659 0.507031 0.176683 0.35 0.00332451
44 0.772837 0.145703 0.0408654 0.0691406 0.00325966
41 0.742788 0.0671875 0.0240385 0.0214844 0.00324821
41 0.759014 0.0573242 0.0336538 0.0419922 0.00321007
40 0.65625 0.114258 0.0240385 0.0478516 0.00318527
67 0.479567 0.196484 0.0288462 0.0359375 0.00317192
39 0.47476 0.19082 0.0360577 0.0433594 0.00314713
60 0.780048 0.217188 0.288462 0.0632813 0.00312424
44 0.906851 0.124805 0.03125 0.0482422 0.00311089
44 0.756611 0.103613 0.0216346 0.0234375 0.00307465
44 0.802885 0.139648 0.0420673 0.0816406 0.0030632
54 0.712139 0.169043 0.0612981 0.0376953 0.0030632
32 0.450721 0.235352 0.0528846 0.0328125 0.00302696
44 0.64363 0.642969 0.0661058 0.0703125 0.00296974
44 0.855769 0.171191 0.0516827 0.0306641 0.0029583
56 0.680288 0.310547 0.271635 0.127344 0.00294685
74 0.954327 0.059375 0.0480769 0.0337891 0.00293541
41 0.00901442 0.35 0.016226 0.034375 0.00293541
42 0.64363 0.642969 0.0661058 0.0703125 0.00291252
53 0.65625 0.782031 0.596154 0.226562 0.00290108
41 0.628606 0.105371 0.0336538 0.0373047 0.00288963
64 0.71274 0.121484 0.0625 0.0449219 0.00282288
44 0.867788 0.167187 0.0793269 0.0390625 0.00281143
41 0.655649 0.105078 0.0228365 0.0304688 0.00279999
41 0.772837 0.145703 0.0408654 0.0691406 0.00279999
45 0.355168 0.230469 0.0504808 0.0382813 0.00279999
44 0.692308 0.659766 0.115385 0.096875 0.00279999
40 0.657452 0.125391 0.0240385 0.0675781 0.00279045
41 0.756611 0.103613 0.0216346 0.0234375 0.00275803
44 0.754808 0.161328 0.0348558 0.0375 0.00275803
41 0.810697 0.157617 0.0552885 0.0503906 0.00274658
42 0.634615 0.640625 0.0528846 0.0734375 0.00274658
44 0.771034 0.134375 0.0504808 0.0667969 0.00273705
44 0.911659 0.12998 0.0348558 0.0560547 0.00273705
40 0.495192 0.23125 0.0456731 0.0339844 0.00271416
40 0.795673 0.149316 0.0600962 0.0611328 0.00270462
44 0.634615 0.640625 0.0528846 0.0734375 0.00268364
39 0.00976562 0.337891 0.0195312 0.05625 0.00265312
40 0.00976562 0.337891 0.0195312 0.05625 0.00258064
0 0.477163 0.23418 0.03125 0.0308594 0.00257111
13 0.399639 0.648438 0.384615 0.104688 0.00257111
56 0.822115 0.413281 0.0456731 0.0546875 0.00255013
39 0.712139 0.120703 0.0612981 0.0441406 0.00253105
42 0.246695 0.708203 0.0570913 0.0242188 0.00252151
39 0.479567 0.196484 0.0288462 0.0359375 0.00251198
60 0.821514 0.395313 0.046875 0.0203125 0.0024929
41 0.865385 0.30957 0.0408654 0.0996094 0.00247192
42 0.815505 0.739844 0.0865385 0.0625 0.00247192
40 0.850962 0.126367 0.0769231 0.053125 0.00247192
56 0.0177284 0.429785 0.0336538 0.131055 0.00247192
41 0.667067 0.194727 0.0480769 0.0199219 0.00243378
41 0.628606 0.235156 0.0240385 0.0226563 0.00243378
40 0.754808 0.0635742 0.0216346 0.0230469 0.00242424
41 0.911058 0.116602 0.0216346 0.0324219 0.0024147
39 0.00901442 0.35 0.016226 0.034375 0.0024147
42 0.677885 0.650781 0.0793269 0.1 0.0024147
40 0.638221 0.0449219 0.0432692 0.0638672 0.00240517
39 0.78125 0.16416 0.0384615 0.0408203 0.00237846
56 0.0204327 0.436719 0.0405649 0.0976562 0.00237846
56 0.023738 0.434277 0.0450721 0.12207 0.00237846
41 0.754808 0.0635742 0.0216346 0.0230469 0.00237846
45 0.71274 0.138867 0.0625 0.0832031 0.00234222
40 0.865385 0.30957 0.0408654 0.0996094 0.00232315
40 0.8125 0.138672 0.0444712 0.0398437 0.00228691
39 0.450721 0.204492 0.0625 0.0800781 0.00227928
42 0.653846 0.65625 0.0576923 0.0773438 0.00225258
56 0.0582933 0.572656 0.0907452 0.332813 0.00225258
41 0.819712 0.164453 0.0480769 0.0410156 0.00224304
46 0.450721 0.233594 0.0516827 0.034375 0.00224304
49 0.36238 0.232422 0.0396635 0.0320312 0.00220871
39 0.754808 0.161328 0.0348558 0.0375 0.00219917
39 0.890625 0.16582 0.0384615 0.0394531 0.00219917
56 0.0109675 0.403125 0.0213341 0.071875 0.00219917
75 0.442308 0.186768 0.0456731 0.0397461 0.00216484
44 0.9375 0.129688 0.0336538 0.065625 0.00215721
39 0.941106 0.1125 0.0216346 0.0335938 0.00212479
0 0.74399 0.309375 0.177885 0.125 0.00209999
42 0.643029 0.646094 0.0456731 0.065625 0.00209045
41 0.479567 0.196484 0.0288462 0.0359375 0.0020504
40 0.355168 0.230469 0.0504808 0.0382813 0.0020504
41 0.899038 0.120117 0.0324519 0.0402344 0.00203514
41 0.802885 0.139648 0.0420673 0.0816406 0.00203514
45 0.321514 0.213086 0.0372596 0.0175781 0.00201035
41 0.986779 0.175195 0.0264423 0.0347656 0.00200272
41 0.208233 0.765625 0.176082 0.104688 0.00200272
41 0.935096 0.154785 0.0288462 0.0248047 0.00197983
43 0.653846 0.65625 0.0576923 0.0773438 0.0019722
44 0.442308 0.186768 0.0456731 0.0397461 0.00193405
75 0.944712 0.169238 0.0625 0.0423828 0.00192642
42 0.815505 0.747656 0.0721154 0.04375 0.00191879
41 0.776442 0.0602539 0.0300481 0.0369141 0.00191212
75 0.36238 0.232422 0.0396635 0.0320312 0.00188923
55 0.672025 0.78125 0.629507 0.228125 0.930176
60 0.530048 0.80625 0.939904 0.375 0.922363
0 0.912861 0.416797 0.174279 0.532031 0.913574
0 0.196214 0.401563 0.371995 0.695312 0.911621
56 0.398888 0.649219 0.377704 0.104688 0.890137
0 0.586538 0.378516 0.479567 0.588281 0.881348
41 0.711538 0.168945 0.0600962 0.0386719 0.782715
43 0.667067 0.6375 0.122596 0.1375 0.777344
56 0.10607 0.948438 0.20613 0.1 0.668945
41 0.495192 0.233594 0.0456731 0.0328125 0.622559
41 0.450721 0.233594 0.0528846 0.034375 0.563965
41 0.238582 0.767578 0.117788 0.100781 0.509766
41 0.71274 0.121484 0.0625 0.0441406 0.464844
41 0.84976 0.167969 0.0504808 0.0367188 0.370117
41 0.36238 0.232422 0.0396635 0.0320312 0.361084
41 0.442308 0.186328 0.0456731 0.040625 0.341553
41 0.933894 0.169043 0.0408654 0.0408203 0.262939
41 0.852163 0.172168 0.0576923 0.0302734 0.210815
45 0.786659 0.664062 0.163462 0.0671875 0.199341
41 0.859375 0.12168 0.0576923 0.0376953 0.151489
41 0.800481 0.1625 0.0360577 0.0410156 0.150024
41 0.945313 0.169238 0.0637019 0.0419922 0.144653
40 0.80649 0.0518066 0.0336538 0.0297852 0.133911
41 0.355168 0.230469 0.0504808 0.0378906 0.132568
40 0.800481 0.1625 0.0360577 0.0410156 0.105957
40 0.808293 0.0600098 0.0336538 0.043457 0.0960083
45 0.71274 0.121289 0.0625 0.0443359 0.0775146
40 0.783654 0.162109 0.0444712 0.0414063 0.0618896
45 0.710938 0.168652 0.0612981 0.0384766 0.0618896
40 0.9375 0.12959 0.0336538 0.0650391 0.0614319
39 0.93149 0.167969 0.0372596 0.0421875 0.0611877
40 0.907452 0.124414 0.03125 0.0472656 0.0554199
40 0.91226 0.129492 0.0336538 0.0546875 0.0549927
40 0.859375 0.122852 0.0625 0.0367188 0.0544128
40 0.757212 0.163281 0.0396635 0.0398437 0.0510864
44 0.710938 0.168555 0.0600962 0.0394531 0.0495911
41 0.46274 0.228516 0.0408654 0.0296875 0.0453491
40 0.759615 0.0505859 0.0384615 0.0503906 0.0446777
41 0.754808 0.160938 0.0348558 0.0367188 0.0428772
41 0.783654 0.162109 0.0444712 0.0414063 0.0405273
40 0.856971 0.168359 0.0673077 0.0371094 0.0402527
40 0.899038 0.119922 0.03125 0.0398437 0.0375977
39 0.847356 0.310742 0.0769231 0.119922 0.0372009
40 0.802885 0.124609 0.03125 0.0539063 0.0362244
41 0.801683 0.162988 0.0552885 0.0416016 0.0342407
41 0.71274 0.137988 0.0625 0.0806641 0.0334778
40 0.779447 0.156445 0.0408654 0.0496094 0.0317383
40 0.757812 0.125195 0.0336538 0.0625 0.0299835
40 0.771635 0.0572754 0.0384615 0.0428711 0.029541
40 0.846154 0.166602 0.0456731 0.0386719 0.0294189
75 0.851563 0.167285 0.0552885 0.0408203 0.0289764
56 0.157452 0.949219 0.307091 0.0984375 0.0267639
40 0.771034 0.133789 0.0492788 0.0646484 0.0266571
39 0.852163 0.168164 0.0564904 0.0378906 0.0259552
41 0.447115 0.188086 0.0588942 0.0457031 0.0259552
49 0.45012 0.233984 0.0528846 0.034375 0.0258636
13 0.107272 0.95 0.204327 0.096875 0.0254669
45 0.442308 0.186719 0.0456731 0.0394531 0.025177
67 0.239183 0.763672 0.115986 0.0945313 0.025177
40 0.754808 0.15332 0.0420673 0.0394531 0.0230713
39 0.36238 0.232422 0.0396635 0.0320312 0.0227966
75 0.710337 0.16875 0.0600962 0.0398437 0.0215302
40 0.751803 0.0522949 0.0408654 0.049707 0.0213623
41 0.455529 0.193311 0.0745192 0.0540039 0.0204926
27 0.254808 0.25293 0.0907452 0.0683594 0.0197144
41 0.746394 0.162207 0.0408654 0.0376953 0.0196381
40 0.890625 0.165625 0.0384615 0.0394531 0.0189056
40 0.776442 0.0601563 0.0288462 0.0369141 0.0185394
43 0.6875 0.648438 0.151442 0.160938 0.0179138
40 0.758413 0.0570801 0.0324519 0.0422852 0.0173798
41 0.854567 0.263477 0.0384615 0.0261719 0.0171814
45 0.450721 0.233594 0.0528846 0.034375 0.016922
40 0.894231 0.123047 0.0288462 0.0433594 0.0159607
40 0.802885 0.13916 0.0408654 0.0802734 0.0157776
39 0.495192 0.233594 0.0456731 0.0328125 0.0157776
40 0.811298 0.158008 0.0552885 0.0492188 0.0157166
41 0.323918 0.22207 0.0432692 0.0308594 0.0156708
40 0.821514 0.0542969 0.0516827 0.0507812 0.0155411
39 0.800481 0.1625 0.0360577 0.0410156 0.0152512
40 0.932692 0.166992 0.0360577 0.0433594 0.0150757
40 0.86899 0.16709 0.0793269 0.0388672 0.0150146
40 0.808894 0.0464844 0.03125 0.0402344 0.0145569
42 0.66226 0.6375 0.116587 0.135937 0.014389
40 0.712139 0.12207 0.0637019 0.0441406 0.0142288
43 0.63762 0.632422 0.182692 0.15 0.0139008
41 0.86899 0.16709 0.0793269 0.0388672 0.0137939
45 0.859375 0.12207 0.0600962 0.0378906 0.0134277
41 0.80649 0.0518066 0.0336538 0.0297852 0.0131683
40 0.94351 0.16875 0.0600962 0.0425781 0.0131226
40 0.772837 0.145703 0.0396635 0.0679687 0.0130234
75 0.933894 0.169043 0.0408654 0.0408203 0.0128708
41 0.971154 0.317578 0.0552885 0.0523438 0.0125732
40 0.858173 0.145117 0.0649038 0.0816406 0.0124283
43 0.655048 0.621484 0.108173 0.10625 0.0124283
40 0.801683 0.162988 0.0552885 0.0416016 0.0118713
40 0.810096 0.11748 0.0408654 0.0458984 0.0117798
39 0.45012 0.233984 0.0528846 0.034375 0.0110321
41 0.47476 0.19082 0.0360577 0.0425781 0.0109863
44 0.449519 0.233203 0.0528846 0.0335938 0.0109482
41 0.954327 0.059375 0.0492788 0.0335938 0.0108566
41 0.877404 0.260352 0.0216346 0.0269531 0.0107803
41 0.890625 0.165625 0.0384615 0.0394531 0.0107346
41 0.78726 0.663281 0.167067 0.0671875 0.0105667
40 0.896635 0.108984 0.0216346 0.0177734 0.0104904
40 0.956731 0.0393555 0.0552885 0.0748047 0.0104523
40 0.935096 0.154688 0.0288462 0.0246094 0.0102081
40 0.650841 0.111719 0.0288462 0.0443359 0.01017
40 0.804087 0.11123 0.0216346 0.0259766 0.0100937
41 0.754808 0.15332 0.0420673 0.0394531 0.00978088
39 0.355168 0.230469 0.0504808 0.0378906 0.00978088
40 0.447115 0.188086 0.0588942 0.0457031 0.00974274
40 0.911058 0.115625 0.0216346 0.0302734 0.00941467
40 0.888221 0.164648 0.0697115 0.0414063 0.0091629
43 0.685096 0.646875 0.103365 0.115625 0.00894928
43 0.590144 0.626953 0.266827 0.155469 0.00891876
40 0.766827 0.0464355 0.0456731 0.0551758 0.00888062
41 0.759615 0.177148 0.03125 0.0160156 0.00841522
40 0.827524 0.0508301 0.0420673 0.0555664 0.00812531
39 0.855769 0.120898 0.0528846 0.0394531 0.00812531
45 0.495192 0.233789 0.0456731 0.0335938 0.00793457
40 0.71274 0.169043 0.0625 0.0373047 0.00790405
40 0.760216 0.131055 0.0444712 0.0675781 0.00787354
39 0.94351 0.16875 0.0600962 0.0425781 0.00787354
40 0.855769 0.171289 0.0528846 0.0300781 0.0078125
44 0.71274 0.123828 0.0625 0.0476562 0.0077858
44 0.851563 0.167285 0.0552885 0.0408203 0.00772476
43 0.692308 0.660156 0.112981 0.0953125 0.00766754
41 0.321514 0.212891 0.0372596 0.0171875 0.00757599
40 0.629808 0.108594 0.03125 0.0347656 0.00754929
60 0.92488 0.683203 0.15024 0.0703125 0.00751877
39 0.447115 0.188086 0.0588942 0.0457031 0.00734711
44 0.71274 0.137988 0.0625 0.0806641 0.00723267
41 0.646034 0.193555 0.0276442 0.0289063 0.00723267
44 0.245793 0.727344 0.0961538 0.0421875 0.00723267
40 0.455529 0.193311 0.0745192 0.0540039 0.00714874
43 0.736779 0.671875 0.252404 0.217188 0.00714874
40 0.45012 0.203467 0.0612981 0.0774414 0.00709534
74 0.860577 0.122461 0.0600962 0.0371094 0.00706482
40 0.830529 0.0619629 0.0360577 0.0504883 0.00703812
40 0.756611 0.102832 0.0216346 0.0216797 0.00703812
40 0.71274 0.137988 0.0625 0.0806641 0.00701141
0 0.451923 0.210156 0.0673077 0.0820312 0.00701141
41 0.896034 0.178711 0.0396635 0.015625 0.00695801
40 0.742788 0.0672363 0.0228365 0.0213867 0.0069046
44 0.246394 0.708203 0.0540865 0.0234375 0.0069046
75 0.71274 0.121484 0.0625 0.0441406 0.00671768
0 0.847957 0.312695 0.0769231 0.128516 0.00664139
41 0.760216 0.131055 0.0444712 0.0675781 0.00651169
56 0.734375 0.308594 0.163462 0.121094 0.0064888
39 0.455529 0.193311 0.0745192 0.0540039 0.0064621
44 0.254808 0.708594 0.0625 0.0265625 0.00643921
0 0.923678 0.260205 0.152644 0.208496 0.00629044
43 0.643029 0.646484 0.0444712 0.0632813 0.00619125
40 0.649038 0.137695 0.0360577 0.0945313 0.00612259
40 0.921274 0.145996 0.0480769 0.0779297 0.00591278
43 0.634615 0.640625 0.0528846 0.0734375 0.00588989
44 0.671875 0.638281 0.129808 0.134375 0.00588989
40 0.954327 0.059375 0.0504808 0.0333984 0.00584412
45 0.852163 0.16875 0.0552885 0.0375 0.00582123
56 0.172476 0.873242 0.202524 0.241016 0.00566483
75 0.855769 0.120898 0.0528846 0.0394531 0.00564194
54 0.71274 0.120215 0.0612981 0.0455078 0.00561905
40 0.884615 0.147266 0.0673077 0.0761719 0.00559998
40 0.809495 0.112891 0.03125 0.0324219 0.0055542
75 0.449519 0.233203 0.0528846 0.0335938 0.00548935
41 0.651442 0.107227 0.0276442 0.0386719 0.00536346
45 0.933894 0.169043 0.0408654 0.0408203 0.00534439
56 0.801683 0.509375 0.115385 0.236719 0.00534439
45 0.361178 0.232422 0.0384615 0.0320312 0.00524139
43 0.644231 0.643359 0.0649038 0.0695313 0.00521851
32 0.71274 0.121484 0.0625 0.0449219 0.00500107
41 0.907452 0.124414 0.03125 0.0472656 0.00488663
0 0.451923 0.233203 0.0600962 0.0367188 0.00484848
41 0.779447 0.156445 0.0408654 0.0496094 0.00477219
40 0.905048 0.119531 0.03125 0.0410156 0.00460815
0 0.355769 0.231836 0.0528846 0.0382813 0.00453949
44 0.36238 0.232422 0.0396635 0.0320312 0.00448608
39 0.865385 0.309766 0.0408654 0.0984375 0.00446701
56 0.847356 0.3125 0.0793269 0.128125 0.00443268
56 0.197716 0.898438 0.248798 0.196875 0.00443268
41 0.45012 0.203467 0.0612981 0.0774414 0.00441742
32 0.496394 0.235352 0.0432692 0.0304688 0.00441742
41 0.771034 0.133789 0.0492788 0.0646484 0.00438309
40 0.746394 0.162207 0.0408654 0.0376953 0.00415039
45 0.410457 0.246484 0.0901442 0.009375 0.0041008
40 0.447115 0.232813 0.0480769 0.0351562 0.00400543
40 0.628005 0.117773 0.0360577 0.0425781 0.0039444
56 0.820313 0.417969 0.0360577 0.0515625 0.0039444
60 0.822115 0.413672 0.0456731 0.0546875 0.00392914
56 0.114483 0.889063 0.224159 0.214062 0.00392914
60 0.780649 0.278516 0.282452 0.185938 0.00391388
56 0.361178 0.232422 0.0420673 0.034375 0.00388527
40 0.938702 0.150586 0.0324519 0.0371094 0.00387001
39 0.442308 0.185156 0.0456731 0.040625 0.00383949
41 0.896635 0.108984 0.0216346 0.0177734 0.00370789
41 0.847356 0.308594 0.0769231 0.121875 0.00367928
56 0.713341 0.322656 0.24399 0.14375 0.00363541
44 0.657452 0.122461 0.0240385 0.0613281 0.00362206
39 0.239183 0.766406 0.116587 0.1 0.00362206
32 0.450721 0.235352 0.0528846 0.0324219 0.0036068
40 0.65625 0.11377 0.0240385 0.0466797 0.00359344
39 0.710938 0.168555 0.0600962 0.0394531 0.00353813
0 0.911659 0.505078 0.176683 0.353906 0.00353813
44 0.746394 0.162207 0.0408654 0.0376953 0.00351143
54 0.71274 0.169043 0.0625 0.0373047 0.00345612
41 0.804087 0.059668 0.0384615 0.0412109 0.00340271
74 0.954327 0.059375 0.0492788 0.0335938 0.00337601
43 0.677284 0.651563 0.078125 0.0976562 0.00332451
41 0.757812 0.125195 0.0336538 0.0625 0.00329781
44 0.447115 0.188086 0.0588942 0.0457031 0.00329781
44 0.760216 0.131055 0.0444712 0.0675781 0.00328636
43 0.619591 0.617188 0.182692 0.173438 0.00327301
75 0.855769 0.171289 0.0528846 0.0300781 0.00325966
64 0.71274 0.121484 0.0625 0.0449219 0.00322342
44 0.859375 0.12207 0.0600962 0.0378906 0.00317192
13 0.801082 0.510938 0.11899 0.225 0.00307465
56 0.679087 0.310547 0.271635 0.126563 0.0030632
44 0.907452 0.124414 0.03125 0.0472656 0.00305176
41 0.628606 0.235156 0.0240385 0.0226563 0.00305176
44 0.756611 0.102832 0.0216346 0.0216797 0.00302696
67 0.479567 0.196484 0.0288462 0.0359375 0.00302696
41 0.65625 0.104492 0.0216346 0.0292969 0.00301552
0 0.459736 0.202539 0.0865385 0.0925781 0.00301552
41 0.628606 0.105469 0.0336538 0.0371094 0.00300407
41 0.742788 0.0672363 0.0228365 0.0213867 0.00298119
40 0.657452 0.122461 0.0240385 0.0613281 0.00298119
44 0.757812 0.125195 0.0336538 0.0625 0.00298119
39 0.47476 0.19082 0.0360577 0.0425781 0.00294685
53 0.657302 0.78125 0.601262 0.226562 0.00287819
44 0.772837 0.145703 0.0396635 0.0679687 0.00286674
41 0.00901442 0.35 0.0159255 0.034375 0.00286674
44 0.802885 0.13916 0.0408654 0.0802734 0.00281143
41 0.758413 0.0570801 0.0324519 0.0422852 0.00277901
60 0.821514 0.395313 0.046875 0.0203125 0.00277901
13 0.399639 0.648438 0.384615 0.103125 0.00275803
41 0.756611 0.102832 0.0216346 0.0216797 0.00274658
45 0.355168 0.230469 0.0504808 0.0378906 0.00274658
42 0.644231 0.643359 0.0649038 0.0695313 0.00273705
39 0.00961538 0.338281 0.0192308 0.05625 0.0027256
44 0.644231 0.643359 0.0649038 0.0695313 0.00269318
44 0.855769 0.171289 0.0528846 0.0300781 0.00268364
41 0.772837 0.145703 0.0396635 0.0679687 0.0026722
40 0.754207 0.0634766 0.0216346 0.0228516 0.0026722
44 0.86899 0.16709 0.0793269 0.0388672 0.00264168
41 0.668269 0.194922 0.0456731 0.0195312 0.00263214
40 0.495192 0.23125 0.0456731 0.0339844 0.00263214
44 0.692308 0.660156 0.112981 0.0953125 0.00263214
44 0.91226 0.129492 0.0336538 0.0546875 0.00261116
40 0.00961538 0.338281 0.0192308 0.05625 0.00259018
42 0.634615 0.640625 0.0528846 0.0734375 0.00258064
40 0.852163 0.124414 0.0745192 0.0480469 0.00258064
40 0.795673 0.149707 0.0576923 0.0587891 0.00258064
42 0.246394 0.708203 0.0540865 0.0234375 0.00257111
41 0.811298 0.158008 0.0552885 0.0492188 0.00256157
56 0.822115 0.413672 0.0456731 0.0546875 0.00255013
44 0.771034 0.133789 0.0492788 0.0646484 0.00251198
40 0.638221 0.0449219 0.0408654 0.0634766 0.00247192
44 0.754808 0.160938 0.0348558 0.0367188 0.00247192
44 0.634615 0.640625 0.0528846 0.0734375 0.00247192
45 0.71274 0.137988 0.0625 0.0806641 0.00246239
0 0.478365 0.234375 0.0288462 0.0304688 0.00246239
39 0.712139 0.120898 0.0612981 0.04375 0.0024147
39 0.00901442 0.35 0.0159255 0.034375 0.002388
41 0.754207 0.0634766 0.0216346 0.0228516 0.002388
49 0.36238 0.232422 0.0396635 0.0320312 0.00237846
39 0.86899 0.300391 0.0360577 0.100781 0.00237846
39 0.479567 0.196484 0.0288462 0.0359375 0.00236893
40 0.865385 0.309766 0.0408654 0.0984375 0.00234222
56 0.0177284 0.430859 0.0333534 0.132031 0.00234222
56 0.0579928 0.574219 0.0919471 0.328906 0.00229645
39 0.45012 0.203467 0.0612981 0.0774414 0.00225258
56 0.0205829 0.4375 0.0405649 0.096875 0.00223351
42 0.815505 0.741016 0.0841346 0.0601563 0.00222588
42 0.677284 0.651563 0.078125 0.0976562 0.00220871
41 0.911058 0.115625 0.0216346 0.0302734 0.00219917
41 0.479567 0.196484 0.0288462 0.0359375 0.00219917
42 0.254808 0.708594 0.0625 0.0265625 0.00219917
39 0.941106 0.1125 0.0216346 0.0332031 0.00219917
41 0.865385 0.309766 0.0408654 0.0984375 0.00219154
56 0.023738 0.434375 0.0450721 0.121875 0.00215721
75 0.442308 0.186719 0.0456731 0.0394531 0.00213242
45 0.321514 0.212891 0.0372596 0.0171875 0.00213242
40 0.355168 0.230469 0.0504808 0.0378906 0.00213242
39 0.780649 0.16416 0.0372596 0.0404297 0.00212479
56 0.0109675 0.402734 0.0213341 0.0710938 0.00211525
60 0.778846 0.215625 0.290865 0.0601563 0.00211525
39 0.890625 0.165625 0.0384615 0.0394531 0.00209999
41 0.821514 0.164746 0.0456731 0.0404297 0.00209999
44 0.9375 0.12959 0.0336538 0.0650391 0.0020752
54 0.859375 0.122168 0.0576923 0.0380859 0.0020504
41 0.935096 0.154688 0.0288462 0.0246094 0.00203514
41 0.986779 0.175195 0.0264423 0.034375 0.00203514
42 0.653846 0.65625 0.0576923 0.075 0.00203514
42 0.643029 0.646484 0.0444712 0.0632813 0.00201988
41 0.986178 0.158789 0.0264423 0.028125 0.0019722
46 0.450721 0.235352 0.0528846 0.0324219 0.0019722
40 0.813101 0.138086 0.0432692 0.0347656 0.00195694
75 0.36238 0.232422 0.0396635 0.0320312 0.00195694
75 0.945313 0.169238 0.0637019 0.0419922 0.00188923
44 0.804087 0.11123 0.0216346 0.0259766 0.00188255
55 0.672025 0.781055 0.631911 0.228516 0.925781
60 0.530649 0.807031 0.938702 0.375 0.925293
0 0.912861 0.416309 0.174279 0.531445 0.913574
0 0.196214 0.402344 0.371995 0.696875 0.910645
56 0.399038 0.649219 0.378606 0.104688 0.908691
0 0.587139 0.378125 0.479567 0.5875 0.875488
43 0.667067 0.6375 0.122596 0.135937 0.779785
41 0.711538 0.168848 0.0600962 0.0388672 0.764648
56 0.10637 0.948438 0.20613 0.1 0.712402
41 0.495192 0.233594 0.0456731 0.0328125 0.611328
41 0.45012 0.233398 0.0516827 0.034375 0.542969
41 0.239183 0.767188 0.117788 0.1 0.501953
41 0.71274 0.121484 0.0625 0.0441406 0.414795
41 0.84976 0.167969 0.0504808 0.0367188 0.357666
41 0.36238 0.232422 0.0396635 0.0320312 0.320801
41 0.442308 0.186328 0.0456731 0.040625 0.319092
41 0.933894 0.168945 0.0408654 0.040625 0.240723
45 0.786659 0.663281 0.163462 0.065625 0.222656
41 0.945913 0.169336 0.0649038 0.0417969 0.139893
41 0.859375 0.12168 0.0588942 0.0376953 0.133423
40 0.80649 0.0514648 0.0336538 0.0291016 0.13208
41 0.800481 0.1625 0.0360577 0.040625 0.126831
41 0.854567 0.171289 0.0528846 0.0300781 0.113159
41 0.354868 0.230469 0.0504808 0.0375 0.113159
40 0.800481 0.1625 0.0360577 0.040625 0.108215
40 0.808894 0.0598633 0.0336538 0.0431641 0.0966797
45 0.71274 0.121289 0.0625 0.0445313 0.0761108
40 0.9375 0.129492 0.03125 0.0644531 0.0665894
40 0.782452 0.162109 0.0432692 0.0414063 0.0628052
40 0.859375 0.122852 0.0625 0.0367188 0.0596619
40 0.907452 0.123535 0.0288462 0.0455078 0.0587769
40 0.91226 0.129102 0.0336538 0.0535156 0.0579224
45 0.710938 0.168555 0.0612981 0.0386719 0.0574951
40 0.757212 0.163281 0.0384615 0.0398437 0.0526123
39 0.93149 0.167969 0.0384615 0.0421875 0.0526123
40 0.759615 0.0504395 0.0384615 0.050293 0.0460205
41 0.463942 0.228906 0.0384615 0.0296875 0.0446777
44 0.711538 0.168457 0.0600962 0.0392578 0.0440063
40 0.856971 0.168457 0.0673077 0.0369141 0.0409851
40 0.899038 0.119531 0.03125 0.0390625 0.0386047
40 0.802284 0.123633 0.03125 0.0519531 0.0368958
41 0.754808 0.160742 0.0348558 0.0363281 0.036499
39 0.847356 0.310937 0.0769231 0.119531 0.0346069
40 0.778846 0.156055 0.0408654 0.05 0.0333252
41 0.782452 0.162109 0.0432692 0.0414063 0.0319824
40 0.757212 0.125293 0.0336538 0.0625 0.0304413
40 0.846154 0.166699 0.0456731 0.0384766 0.0303345
41 0.71274 0.137695 0.0625 0.0796875 0.0297546
40 0.804087 0.1625 0.0504808 0.0417969 0.0290833
75 0.851563 0.167285 0.0552885 0.0408203 0.0287628
56 0.15595 0.949219 0.304688 0.0984375 0.0284424
40 0.771635 0.133984 0.0480769 0.0642578 0.0282135
41 0.802885 0.163086 0.0552885 0.0414063 0.0280151
40 0.772236 0.0571289 0.0360577 0.0425781 0.0278015
40 0.754808 0.15293 0.0408654 0.0386719 0.0244293
39 0.852163 0.168164 0.0564904 0.0378906 0.0243378
41 0.447115 0.187842 0.0588942 0.0454102 0.0241394
49 0.45012 0.233789 0.0528846 0.034375 0.0241394
67 0.239183 0.763281 0.115385 0.09375 0.0239563
13 0.107497 0.95 0.204477 0.096875 0.0236969
45 0.442308 0.186719 0.0456731 0.0394531 0.0231476
75 0.710337 0.16875 0.0600962 0.0398437 0.0219421
27 0.254808 0.252734 0.0913462 0.06875 0.0212097
40 0.751202 0.0520996 0.0408654 0.0495117 0.0211182
39 0.359375 0.231641 0.0420673 0.0328125 0.0210419
40 0.890625 0.165625 0.0384615 0.0394531 0.0193481
40 0.777043 0.0601563 0.0276442 0.0367188 0.018692
41 0.455529 0.193408 0.0745192 0.0538086 0.0185394
41 0.854567 0.263281 0.0384615 0.0257812 0.0173035
40 0.758413 0.0568848 0.03125 0.0424805 0.0171814
40 0.802284 0.139258 0.0396635 0.0800781 0.0165253
40 0.822716 0.0540039 0.0492788 0.0501953 0.0164642
43 0.6875 0.649219 0.15024 0.161719 0.0163422
40 0.808894 0.0464844 0.03125 0.0398437 0.0162811
40 0.811298 0.15791 0.0552885 0.0494141 0.0162811
40 0.71274 0.122266 0.0649038 0.0439453 0.0162811
40 0.893029 0.122852 0.0288462 0.0425781 0.0160217
40 0.932692 0.166895 0.0360577 0.0431641 0.0158997
39 0.495192 0.233594 0.0456731 0.0328125 0.0155411
41 0.745793 0.162109 0.0396635 0.0375 0.0154266
45 0.450721 0.233594 0.0540865 0.034375 0.0148392
41 0.323618 0.221484 0.0432692 0.0296875 0.0147858
40 0.86899 0.166992 0.0793269 0.0390625 0.0146179
40 0.772837 0.145801 0.0384615 0.0677734 0.0139542
42 0.66226 0.6375 0.115385 0.135937 0.0139542
39 0.800481 0.1625 0.0360577 0.040625 0.0132751
40 0.94351 0.168945 0.0612981 0.0421875 0.0131226
43 0.633413 0.633203 0.192308 0.147656 0.0126266
45 0.859375 0.121973 0.0612981 0.0376953 0.0121918
43 0.655048 0.621484 0.108173 0.105469 0.012146
75 0.933894 0.168945 0.0408654 0.040625 0.0119629
40 0.858173 0.145313 0.0649038 0.08125 0.011734
41 0.86899 0.166992 0.0793269 0.0390625 0.011734
40 0.810096 0.117188 0.0408654 0.0453125 0.0114212
39 0.45012 0.233789 0.0528846 0.034375 0.0112
40 0.956731 0.0394531 0.0552885 0.0746094 0.0110703
40 0.935096 0.154395 0.0288462 0.0240234 0.0107803
40 0.651442 0.110645 0.0288462 0.0419922 0.0106964
41 0.80649 0.0514648 0.0336538 0.0291016 0.0106125
40 0.896034 0.108789 0.0216346 0.0175781 0.0104904
41 0.47476 0.19082 0.0336538 0.0421875 0.0102921
40 0.766827 0.0464844 0.0456731 0.0545898 0.01017
41 0.954327 0.0593262 0.0480769 0.0333008 0.0101318
40 0.804087 0.110742 0.0216346 0.0248047 0.0101318
41 0.877404 0.260547 0.0216346 0.0265625 0.0100555
40 0.890625 0.165234 0.0649038 0.040625 0.00989532
41 0.890625 0.165625 0.0384615 0.0394531 0.00978088
41 0.971154 0.317578 0.0552885 0.0523438 0.00974274
44 0.449519 0.233203 0.0528846 0.0339844 0.00971222
40 0.911058 0.113477 0.0216346 0.0261719 0.00967407
74 0.860577 0.12207 0.0600962 0.0386719 0.00959778
40 0.447115 0.187842 0.0588942 0.0454102 0.00933838
40 0.829327 0.050769 0.0384615 0.0551025 0.00923157
41 0.787861 0.6625 0.167067 0.0648438 0.00919342
41 0.754808 0.15293 0.0408654 0.0386719 0.00908661
40 0.71274 0.169141 0.0625 0.0375 0.00898743
40 0.760216 0.131445 0.0444712 0.0675781 0.0085144
40 0.629808 0.108594 0.03125 0.0341797 0.00834656
43 0.685096 0.647656 0.103365 0.114063 0.00831604
43 0.580529 0.627344 0.286058 0.154688 0.00821686
40 0.854567 0.171289 0.0528846 0.0300781 0.0077858
60 0.92488 0.683203 0.15024 0.0703125 0.00754929
40 0.831731 0.0617188 0.0336538 0.0501953 0.00748825
44 0.851563 0.167285 0.0552885 0.0408203 0.00746155
41 0.646034 0.19375 0.0276442 0.0285156 0.00731659
41 0.321514 0.212891 0.0372596 0.0171875 0.00728989
39 0.855769 0.120898 0.0528846 0.0394531 0.00720596
39 0.447115 0.187842 0.0588942 0.0454102 0.00706482
44 0.71274 0.120898 0.0600962 0.0433594 0.00703812
40 0.75601 0.102051 0.0216346 0.0201172 0.00701141
45 0.495192 0.233789 0.046875 0.0332031 0.00698471
40 0.742788 0.0672852 0.0216346 0.0210938 0.0068779
40 0.455529 0.193408 0.0745192 0.0538086 0.0068779
40 0.45012 0.202393 0.0612981 0.0749023 0.0068512
44 0.245793 0.726562 0.0949519 0.0429688 0.00679779
41 0.759615 0.177344 0.03125 0.015625 0.00674438
0 0.848558 0.312891 0.0769231 0.128906 0.00671768
0 0.923678 0.260156 0.152644 0.208203 0.00669098
39 0.94351 0.168945 0.0612981 0.0421875 0.00666809
44 0.246094 0.707812 0.0534856 0.0234375 0.00664139
40 0.649038 0.136328 0.0348558 0.0914062 0.00651169
56 0.734375 0.308594 0.163462 0.121875 0.0064621
75 0.71274 0.121484 0.0625 0.0441406 0.00641251
40 0.921875 0.146289 0.0480769 0.0769531 0.00636292
43 0.737981 0.672266 0.252404 0.217969 0.00636292
40 0.954327 0.0593262 0.0504808 0.0333008 0.00626373
40 0.71274 0.137695 0.0625 0.0796875 0.00619125
41 0.760216 0.131445 0.0444712 0.0675781 0.00616837
43 0.643029 0.646875 0.0432692 0.0617188 0.00616837
44 0.254207 0.708594 0.0612981 0.0265625 0.00616837
44 0.71274 0.137695 0.0625 0.0796875 0.00614548
54 0.71274 0.120313 0.0612981 0.0453125 0.00605011
56 0.171875 0.873438 0.20012 0.240625 0.00591278
39 0.455529 0.193408 0.0745192 0.0538086 0.005867
0 0.451923 0.210547 0.0673077 0.08125 0.005867
41 0.896034 0.178711 0.0396635 0.015625 0.00577545
44 0.671274 0.638281 0.129808 0.133594 0.00575256
40 0.884615 0.147363 0.0661058 0.0759766 0.00561905
40 0.808894 0.1125 0.03125 0.0316406 0.00559998
43 0.634615 0.640625 0.0528846 0.0726563 0.0055542
75 0.449519 0.233203 0.0528846 0.0339844 0.00551224
45 0.852163 0.16875 0.0552885 0.0375 0.00544739
40 0.904447 0.118359 0.0288462 0.0378906 0.00538635
56 0.801082 0.509375 0.115385 0.235938 0.00524139
45 0.933894 0.168945 0.0408654 0.040625 0.00518036
75 0.855769 0.120898 0.0528846 0.0394531 0.0050621
43 0.644231 0.64375 0.0661058 0.06875 0.00492477
41 0.651442 0.107227 0.0264423 0.0382813 0.00488663
32 0.71274 0.121484 0.0625 0.0445313 0.0045929
45 0.360577 0.232031 0.0432692 0.0328125 0.00443268
32 0.496394 0.235547 0.0432692 0.0296875 0.00431442
0 0.451923 0.233203 0.0600962 0.0367188 0.00431442
56 0.197791 0.898438 0.248648 0.196875 0.00431442
40 0.628005 0.116016 0.0348558 0.0386719 0.00428009
56 0.848558 0.3125 0.0793269 0.128125 0.00421524
0 0.35637 0.231641 0.0528846 0.0382813 0.00419998
40 0.938702 0.149805 0.03125 0.0347656 0.00418091
60 0.822115 0.413672 0.0456731 0.0546875 0.00418091
56 0.820313 0.417969 0.0360577 0.0515625 0.00418091
41 0.907452 0.123535 0.0288462 0.0455078 0.00416565
40 0.942308 0.126758 0.0288462 0.0625 0.00416565
41 0.45012 0.202393 0.0612981 0.0749023 0.00416565
39 0.865385 0.309766 0.0408654 0.0992187 0.00416565
74 0.954327 0.0593262 0.0480769 0.0333008 0.0041008
41 0.778846 0.156055 0.0408654 0.05 0.00407028
40 0.447716 0.232813 0.0480769 0.0351562 0.00403976
0 0.91226 0.508594 0.175481 0.347656 0.00403976
44 0.36238 0.232422 0.0396635 0.0320312 0.00399017
56 0.713942 0.322266 0.241587 0.142969 0.00399017
40 0.745793 0.162109 0.0396635 0.0375 0.00387001
56 0.114183 0.890625 0.223558 0.209375 0.00387001
41 0.771635 0.133984 0.0480769 0.0642578 0.00385475
54 0.71274 0.169141 0.0625 0.0375 0.00382423
60 0.780649 0.278906 0.282452 0.185938 0.00380898
39 0.442308 0.185156 0.0456731 0.040625 0.00379562
32 0.450721 0.235156 0.0516827 0.0320312 0.00372124
40 0.65625 0.113379 0.0228365 0.0458984 0.00369263
45 0.410457 0.246484 0.0889423 0.009375 0.00367928
39 0.239483 0.765625 0.116587 0.096875 0.00359344
44 0.657452 0.120117 0.0240385 0.05625 0.00351143
56 0.361178 0.232422 0.0420673 0.034375 0.00342941
41 0.896034 0.108789 0.0216346 0.0175781 0.00328636
64 0.71274 0.121484 0.0625 0.0445313 0.00323486
39 0.711538 0.168457 0.0600962 0.0392578 0.00322342
56 0.674279 0.310937 0.283654 0.126563 0.00322342
75 0.854567 0.171289 0.0528846 0.0300781 0.00321007
43 0.677284 0.652344 0.0769231 0.0953125 0.00321007
40 0.753606 0.0634766 0.0216346 0.0228516 0.00321007
41 0.628606 0.235156 0.0240385 0.0222656 0.00319672
44 0.907452 0.123535 0.0288462 0.0455078 0.00317192
44 0.447115 0.187842 0.0588942 0.0454102 0.00317192
44 0.75601 0.102051 0.0216346 0.0201172 0.00316048
44 0.745793 0.162109 0.0396635 0.0375 0.00313568
40 0.657452 0.120117 0.0240385 0.05625 0.00311089
60 0.821514 0.395313 0.046875 0.0203125 0.00298119
40 0.639423 0.0449219 0.0408654 0.0630859 0.00296974
41 0.628606 0.105273 0.0336538 0.0371094 0.0029583
43 0.614784 0.616797 0.191106 0.174219 0.0029583
44 0.760216 0.131445 0.0444712 0.0675781 0.00294685
41 0.847356 0.308789 0.0769231 0.121484 0.00292397
41 0.65625 0.103906 0.0216346 0.028125 0.00288963
0 0.459135 0.20293 0.0865385 0.0917969 0.00286674
41 0.804087 0.0594727 0.0384615 0.0408203 0.00279999
13 0.801082 0.510938 0.11899 0.225 0.00279999
13 0.399639 0.648438 0.385817 0.103125 0.00277901
0 0.737981 0.311523 0.170673 0.128516 0.00276756
44 0.757212 0.125293 0.0336538 0.0625 0.00275803
44 0.859375 0.121973 0.0612981 0.0376953 0.00275803
39 0.00961538 0.338281 0.0192308 0.0554687 0.00275803
39 0.47476 0.19082 0.0336538 0.0421875 0.0027256
40 0.852764 0.123242 0.0733173 0.0455078 0.00271416
41 0.757212 0.125293 0.0336538 0.0625 0.00269318
44 0.772837 0.145801 0.0384615 0.0677734 0.00269318
44 0.802284 0.139258 0.0396635 0.0800781 0.00268364
41 0.00901442 0.35 0.015625 0.034375 0.0026722
40 0.795673 0.149609 0.0564904 0.0578125 0.0026722
67 0.479567 0.196484 0.0288462 0.0359375 0.00264168
56 0.822115 0.413672 0.0456731 0.0546875 0.00263214
44 0.854567 0.171289 0.0528846 0.0300781 0.00260162
40 0.495192 0.23125 0.0456731 0.0335938 0.00260162
40 0.00961538 0.338281 0.0192308 0.0554687 0.00260162
41 0.742788 0.0672852 0.0216346 0.0210938 0.00259018
56 0.0174279 0.430859 0.0330529 0.13125 0.00259018
44 0.91226 0.129102 0.0336538 0.0535156 0.00258064
42 0.644231 0.64375 0.0661058 0.06875 0.00257111
44 0.86899 0.166992 0.0793269 0.0390625 0.00256157
44 0.692308 0.660156 0.112981 0.09375 0.00255013
41 0.668269 0.194531 0.0456731 0.01875 0.00254059
41 0.753606 0.0634766 0.0216346 0.0228516 0.00251198
0 0.478365 0.234766 0.0276442 0.0304688 0.00248146
41 0.75601 0.102051 0.0216346 0.0201172 0.00246239
41 0.772837 0.145801 0.0384615 0.0677734 0.00245285
44 0.771635 0.133984 0.0480769 0.0642578 0.00243378
42 0.246094 0.707812 0.0534856 0.0234375 0.00243378
40 0.865385 0.309766 0.0408654 0.0992187 0.00242424
44 0.644231 0.64375 0.0661058 0.06875 0.00242424
39 0.00901442 0.35 0.015625 0.034375 0.00237846
42 0.634615 0.640625 0.0528846 0.0726563 0.00237846
39 0.941106 0.112402 0.0216346 0.0330078 0.00234222
53 0.659856 0.78125 0.608173 0.228125 0.00234222
42 0.814904 0.739844 0.0841346 0.0625 0.00233269
39 0.71274 0.120898 0.0600962 0.0433594 0.00230598
44 0.754808 0.160742 0.0348558 0.0363281 0.00230598
54 0.859375 0.122266 0.0576923 0.0378906 0.00229645
45 0.354868 0.230469 0.0504808 0.0375 0.00228691
41 0.758413 0.0568848 0.03125 0.0424805 0.00226974
56 0.0204327 0.4375 0.0402644 0.096875 0.00226021
44 0.634615 0.640625 0.0528846 0.0726563 0.00226021
45 0.71274 0.137695 0.0625 0.0796875 0.00225258
60 0.778846 0.216016 0.290865 0.0609375 0.00223351
40 0.628606 0.0479614 0.0432692 0.0560303 0.00222588
39 0.479567 0.196484 0.0288462 0.0359375 0.00219917
39 0.86899 0.300195 0.0360577 0.100391 0.00219917
49 0.36238 0.232422 0.0396635 0.0320312 0.00218201
56 0.0108173 0.402344 0.0210337 0.0710938 0.00218201
39 0.451923 0.210547 0.0673077 0.08125 0.00215721
41 0.811298 0.15791 0.0552885 0.0494141 0.00214958
75 0.442308 0.186719 0.0456731 0.0394531 0.00214958
40 0.935096 0.148828 0.0384615 0.0632813 0.00214958
39 0.35637 0.231641 0.0528846 0.0382813 0.00209045
41 0.479567 0.196484 0.0288462 0.0359375 0.00208282
56 0.0235877 0.434766 0.0450721 0.121094 0.00208282
42 0.677284 0.652344 0.0769231 0.0953125 0.00208282
40 0.834135 0.0459106 0.0372596 0.0560303 0.0020752
45 0.321514 0.212891 0.0372596 0.0171875 0.0020752
42 0.254207 0.708594 0.0612981 0.0265625 0.0020752
56 0.0582933 0.576563 0.0913462 0.325 0.00205803
44 0.9375 0.129492 0.03125 0.0644531 0.0020504
39 0.780649 0.16416 0.0360577 0.0404297 0.00202751
40 0.665865 0.0427246 0.0360577 0.0672852 0.00201988
41 0.657452 0.215234 0.0625 0.059375 0.00201988
67 0.668269 0.6375 0.122596 0.13125 0.00201988
73 0.238582 0.763281 0.116587 0.0921875 0.00201035
40 0.354868 0.230469 0.0504808 0.0375 0.00196457
75 0.36238 0.232422 0.0396635 0.0320312 0.00196457
42 0.643029 0.646875 0.0432692 0.0617188 0.00196457
41 0.935096 0.154395 0.0288462 0.0240234 0.00194168
44 0.804087 0.110742 0.0216346 0.0248047 0.00192642
40 0.813702 0.137695 0.0420673 0.0332031 0.00190449
41 0.911058 0.113477 0.0216346 0.0261719 0.00189686
60 0.530649 0.807031 0.938702 0.375 0.928711
55 0.66887 0.781445 0.628606 0.227734 0.928711
56 0.399189 0.649219 0.379507 0.104688 0.919434
0 0.912861 0.416406 0.174279 0.53125 0.908691
0 0.196214 0.403125 0.371995 0.698438 0.901367
0 0.587139 0.378027 0.480769 0.587695 0.859375
43 0.667067 0.6375 0.122596 0.135937 0.790527
41 0.711538 0.16875 0.0600962 0.0390625 0.741699
56 0.106445 0.948438 0.206581 0.1 0.73877
41 0.495192 0.233594 0.0456731 0.0328125 0.588867
41 0.45012 0.233398 0.0516827 0.034375 0.515625
41 0.239183 0.766797 0.116587 0.0992187 0.492188
41 0.71274 0.121484 0.0625 0.0445313 0.364746
41 0.84976 0.168066 0.0504808 0.0369141 0.336426
41 0.442308 0.186914 0.0480769 0.0410156 0.286133
41 0.36238 0.232422 0.0396635 0.0320312 0.27832
45 0.786058 0.662891 0.163462 0.0648438 0.255371
41 0.934495 0.169141 0.0420673 0.040625 0.213379
41 0.945913 0.169336 0.0649038 0.0417969 0.131226
40 0.80649 0.0513672 0.0336538 0.0291016 0.122498
41 0.859375 0.12168 0.0588942 0.0378906 0.113953
40 0.800481 0.162402 0.0360577 0.0408203 0.103027
41 0.854567 0.171191 0.0552885 0.0302734 0.102661
41 0.355168 0.230469 0.0504808 0.0375 0.100525
41 0.800481 0.162402 0.0360577 0.0408203 0.0974121
40 0.808293 0.0598145 0.0324519 0.0432617 0.0881958
45 0.71274 0.121289 0.0625 0.0445313 0.0692749
40 0.9375 0.129492 0.03125 0.0644531 0.0646362
40 0.859375 0.122852 0.0625 0.0367188 0.0594177
40 0.782452 0.162109 0.0432692 0.0414063 0.0587769
40 0.907452 0.123242 0.0288462 0.0449219 0.0549927
40 0.91226 0.129004 0.0336538 0.0537109 0.0538025
45 0.710938 0.168555 0.0612981 0.0386719 0.0510864
40 0.757212 0.163184 0.0384615 0.0400391 0.0507202
39 0.93149 0.167969 0.0384615 0.0421875 0.0456848
40 0.759615 0.0503906 0.0384615 0.0503906 0.0427246
41 0.463942 0.228906 0.0384615 0.0296875 0.0419312
44 0.711538 0.168359 0.0600962 0.0394531 0.0405273
40 0.857572 0.16875 0.0661058 0.0367188 0.0380249
39 0.847356 0.310937 0.0769231 0.119531 0.0351562
40 0.898438 0.119336 0.0300481 0.0386719 0.0347595
40 0.801683 0.122949 0.03125 0.0507812 0.0334778
40 0.778846 0.156738 0.0384615 0.0490234 0.0313721
40 0.846154 0.166699 0.0456731 0.0384766 0.0310211
41 0.754808 0.160742 0.0348558 0.0367188 0.0289764
40 0.804087 0.1625 0.0504808 0.0417969 0.0287628
75 0.852163 0.167187 0.0552885 0.0410156 0.0273743
40 0.757212 0.125293 0.0336538 0.0626953 0.0269623
41 0.71274 0.138281 0.0625 0.08125 0.0264587
40 0.771034 0.133984 0.0480769 0.0644531 0.0259552
67 0.239483 0.763281 0.115986 0.0921875 0.0255585
40 0.772837 0.0570313 0.0360577 0.0425781 0.0247955
27 0.255409 0.252734 0.0901442 0.0695313 0.0245209
56 0.153921 0.95 0.300331 0.1 0.0241394
41 0.782452 0.162109 0.0432692 0.0414063 0.0233307
39 0.84976 0.168066 0.0504808 0.0369141 0.0232391
40 0.754808 0.15332 0.0408654 0.0378906 0.0229797
49 0.45012 0.233789 0.0528846 0.034375 0.0226288
75 0.710938 0.16875 0.0600962 0.0402344 0.0216217
41 0.804087 0.163086 0.0576923 0.0414063 0.0216217
45 0.442308 0.186768 0.0456731 0.0397461 0.0210419
13 0.107497 0.95 0.204477 0.096875 0.0201721
40 0.751202 0.052002 0.0396635 0.0495117 0.0197906
39 0.359675 0.231641 0.0426683 0.0328125 0.0197906
40 0.71274 0.122266 0.0637019 0.0441406 0.0181885
40 0.890625 0.165723 0.0384615 0.0396484 0.0177765
40 0.777043 0.0601074 0.0276442 0.0366211 0.0173798
43 0.689904 0.655859 0.15625 0.175 0.0170441
41 0.455529 0.193164 0.0745192 0.053125 0.0164032
42 0.66226 0.637891 0.116587 0.135156 0.016098
40 0.932692 0.166992 0.0360577 0.0433594 0.0160217
40 0.758413 0.0566895 0.03125 0.0426758 0.0159607
40 0.805889 0.045459 0.0384615 0.0427734 0.0156708
40 0.822716 0.0540039 0.0480769 0.05 0.0154266
40 0.808894 0.0464844 0.0288462 0.0395508 0.0153656
40 0.811298 0.158008 0.0552885 0.0496094 0.0151901
41 0.854567 0.263281 0.0384615 0.0257812 0.0151291
41 0.323317 0.22168 0.0432692 0.0300781 0.0147858
39 0.495192 0.233594 0.0456731 0.0328125 0.0147858
40 0.802885 0.139258 0.0384615 0.0800781 0.0144501
43 0.628606 0.632812 0.199519 0.146875 0.0143356
45 0.450721 0.233594 0.0540865 0.0347656 0.014061
40 0.893029 0.122656 0.0288462 0.0421875 0.0139008
40 0.867788 0.16709 0.0817308 0.0392578 0.0136337
40 0.772236 0.145898 0.0384615 0.0679687 0.012291
40 0.94351 0.168945 0.0612981 0.0421875 0.0122375
74 0.860577 0.12207 0.0600962 0.0386719 0.0121918
40 0.650841 0.110937 0.0288462 0.0425781 0.0116882
45 0.860577 0.122266 0.0576923 0.0378906 0.0115051
40 0.956731 0.0395996 0.0552885 0.0745117 0.011467
75 0.934495 0.169141 0.0420673 0.040625 0.0112915
43 0.655649 0.621875 0.108173 0.105469 0.0112915
41 0.745793 0.162207 0.0396635 0.0380859 0.0110321
39 0.45012 0.233789 0.0528846 0.034375 0.0109863
40 0.858173 0.145313 0.0649038 0.0816406 0.0107803
40 0.935096 0.154492 0.0288462 0.0242188 0.0103302
39 0.798678 0.162402 0.0408654 0.0416016 0.0102463
40 0.766827 0.0464844 0.0432692 0.0545898 0.00993347
40 0.71274 0.169238 0.0625 0.0373047 0.00974274
40 0.810096 0.116992 0.0396635 0.0451172 0.00971222
44 0.449519 0.233203 0.0528846 0.0339844 0.00967407
41 0.971154 0.317578 0.0552885 0.0527344 0.00959778
43 0.576322 0.627344 0.294471 0.154688 0.00952148
40 0.895433 0.108691 0.0216346 0.0175781 0.00945282
40 0.804087 0.110547 0.0216346 0.0246094 0.00930023
41 0.867788 0.16709 0.0817308 0.0392578 0.0091629
40 0.891226 0.165625 0.0637019 0.0402344 0.0091629
40 0.629808 0.108691 0.03125 0.0341797 0.00908661
41 0.787861 0.662109 0.167067 0.0640625 0.00894928
41 0.475962 0.191016 0.0336538 0.0417969 0.00888062
40 0.911058 0.113281 0.0204327 0.0257812 0.00881195
40 0.447115 0.187842 0.0588942 0.0454102 0.00874329
40 0.829327 0.0509644 0.0384615 0.0545166 0.00861359
41 0.954327 0.0592773 0.0480769 0.0333984 0.00857544
41 0.877404 0.260547 0.0216346 0.0273438 0.00834656
41 0.80649 0.0513672 0.0336538 0.0291016 0.00812531
39 0.854567 0.171191 0.0552885 0.0302734 0.00803375
43 0.692308 0.660937 0.112981 0.0921875 0.00787354
41 0.890625 0.165723 0.0384615 0.0396484 0.00754929
41 0.754808 0.15332 0.0408654 0.0378906 0.00748825
40 0.854567 0.171191 0.0552885 0.0302734 0.00748825
60 0.92488 0.683594 0.15024 0.0703125 0.00748825
41 0.321514 0.212891 0.0372596 0.0171875 0.00746155
43 0.686298 0.65 0.09375 0.109375 0.00728989
44 0.246394 0.725781 0.09375 0.04375 0.00725937
40 0.759615 0.131641 0.0432692 0.0683594 0.00723267
40 0.649038 0.136133 0.0360577 0.0910156 0.00720596
41 0.646034 0.19375 0.0276442 0.0289063 0.00717545
40 0.831731 0.0616211 0.0324519 0.0501953 0.00712204
44 0.852163 0.167187 0.0552885 0.0410156 0.00703812
44 0.245793 0.707812 0.0528846 0.0234375 0.00701141
44 0.71274 0.120898 0.0600962 0.04375 0.00677109
39 0.447115 0.187842 0.0588942 0.0454102 0.00664139
40 0.75601 0.101758 0.0216346 0.0197266 0.00661469
45 0.495192 0.233594 0.046875 0.0335938 0.00658798
44 0.671274 0.638281 0.129808 0.132812 0.00658798
40 0.449519 0.201563 0.0625 0.0734375 0.00656509
40 0.742788 0.0670898 0.0216346 0.0212891 0.00653839
44 0.254207 0.708594 0.0612981 0.0265625 0.00651169
40 0.455529 0.193164 0.0745192 0.053125 0.00638962
0 0.923678 0.260156 0.152644 0.208203 0.00638962
54 0.71274 0.120215 0.0612981 0.0451172 0.00634003
40 0.954327 0.0593262 0.0504808 0.0333008 0.00619125
0 0.848558 0.313281 0.0769231 0.128906 0.00598145
56 0.171875 0.872656 0.199519 0.240625 0.00595856
40 0.923077 0.14668 0.0480769 0.0769531 0.00593567
0 0.91226 0.508203 0.175481 0.348438 0.005867
43 0.737981 0.672656 0.252404 0.220313 0.00584412
56 0.734375 0.308984 0.163462 0.121875 0.00582123
75 0.71274 0.121484 0.0625 0.0445313 0.00575256
40 0.71274 0.138281 0.0625 0.08125 0.00575256
39 0.945913 0.169336 0.0649038 0.0417969 0.00572968
39 0.855769 0.120996 0.0528846 0.0394531 0.00570679
45 0.360577 0.232227 0.0432692 0.0335938 0.00557709
44 0.71274 0.138281 0.0625 0.08125 0.00548935
43 0.64363 0.647266 0.0444712 0.0609375 0.00542831
39 0.455529 0.193164 0.0745192 0.053125 0.00534439
75 0.45012 0.233398 0.0516827 0.034375 0.00519943
40 0.808894 0.1125 0.03125 0.0316406 0.00516129
74 0.954327 0.0592773 0.0480769 0.0333984 0.00510025
41 0.759615 0.177539 0.03125 0.0152344 0.00510025
45 0.852163 0.16875 0.0552885 0.0375 0.00510025
40 0.883413 0.147559 0.0649038 0.0759766 0.00494385
40 0.904447 0.118555 0.0288462 0.0382813 0.00492477
43 0.635817 0.641016 0.0528846 0.0726563 0.00482941
40 0.627404 0.116699 0.0360577 0.0398437 0.00471878
45 0.934495 0.169141 0.0420673 0.040625 0.00460815
41 0.651442 0.107227 0.0264423 0.0382813 0.00436401
41 0.895433 0.178711 0.0408654 0.015625 0.00429916
75 0.855769 0.120996 0.0528846 0.0394531 0.00426483
40 0.938702 0.150293 0.03125 0.0355469 0.00426483
0 0.452524 0.210938 0.0673077 0.0804688 0.0042305
41 0.759615 0.131641 0.0432692 0.0683594 0.00419998
44 0.36238 0.232422 0.0396635 0.0320312 0.00419998
56 0.197716 0.898438 0.248798 0.196875 0.00413513
56 0.801082 0.509375 0.116587 0.235938 0.0041008
40 0.447115 0.232813 0.0480769 0.0355469 0.00408554
32 0.713341 0.121387 0.0625 0.0447266 0.00407028
56 0.820913 0.417969 0.0360577 0.0523438 0.00407028
40 0.942308 0.126758 0.0288462 0.0625 0.00403976
40 0.65625 0.113477 0.0240385 0.0460938 0.00395966
32 0.495793 0.235352 0.0444712 0.0300781 0.00395966
41 0.449519 0.201563 0.0625 0.0734375 0.00391388
39 0.865385 0.310156 0.0408654 0.1 0.00388527
0 0.35637 0.231641 0.0528846 0.0382813 0.00387001
54 0.71274 0.169238 0.0625 0.0373047 0.00382423
60 0.822115 0.413672 0.0456731 0.0546875 0.00380898
39 0.442308 0.185156 0.0456731 0.040625 0.0037365
39 0.239784 0.764844 0.116587 0.0953125 0.00359344
32 0.450721 0.235156 0.0516827 0.0320312 0.00352478
56 0.713942 0.321875 0.240385 0.142188 0.00345612
40 0.754207 0.0635742 0.0216346 0.0232422 0.00342941
45 0.409856 0.246484 0.0889423 0.009375 0.00340271
40 0.745793 0.162207 0.0396635 0.0380859 0.00336266
44 0.447115 0.187842 0.0588942 0.0454102 0.00335121
43 0.611779 0.616406 0.197115 0.173438 0.00335121
41 0.628606 0.235156 0.0240385 0.0226563 0.00332451
44 0.657452 0.119727 0.0240385 0.0558594 0.00327301
64 0.713341 0.121387 0.0625 0.0447266 0.00325966
41 0.778846 0.156738 0.0384615 0.0490234 0.00322342
44 0.907452 0.123242 0.0288462 0.0449219 0.00321007
56 0.848558 0.312695 0.0793269 0.128516 0.00321007
0 0.451923 0.233203 0.0600962 0.0367188 0.00318527
44 0.75601 0.101758 0.0216346 0.0197266 0.00317192
41 0.907452 0.123242 0.0288462 0.0449219 0.00314713
41 0.771034 0.133984 0.0480769 0.0644531 0.00312424
40 0.639423 0.0450073 0.0384615 0.062915 0.00311089
39 0.711538 0.168359 0.0600962 0.0394531 0.00305176
75 0.854567 0.171191 0.0552885 0.0302734 0.00305176
56 0.682692 0.310937 0.266827 0.126563 0.00305176
56 0.113507 0.891406 0.222506 0.207813 0.00298119
43 0.676683 0.653125 0.0769231 0.0945313 0.00288963
60 0.821514 0.395313 0.046875 0.0203125 0.00279045
41 0.628606 0.105469 0.0336538 0.0373047 0.00274658
41 0.895433 0.108691 0.0216346 0.0175781 0.00273705
40 0.853365 0.122852 0.0721154 0.0445313 0.00270462
41 0.65625 0.103809 0.0216346 0.0279297 0.0026722
0 0.737981 0.311523 0.170673 0.128516 0.00263214
44 0.745793 0.162207 0.0396635 0.0380859 0.00261116
39 0.00961538 0.338477 0.0186298 0.0550781 0.00261116
40 0.495192 0.23125 0.0456731 0.0335938 0.00260162
40 0.00961538 0.338477 0.0186298 0.0550781 0.00260162
56 0.0174279 0.43125 0.0324519 0.132031 0.00259018
41 0.754207 0.0635742 0.0216346 0.0232422 0.00257111
39 0.475962 0.191016 0.0336538 0.0417969 0.00255013
56 0.361178 0.232422 0.0432692 0.0339844 0.00255013
60 0.78125 0.279297 0.28125 0.186719 0.0024929
13 0.40024 0.648438 0.385817 0.103125 0.0024929
41 0.847957 0.308984 0.0757212 0.121875 0.00246239
44 0.692308 0.660937 0.112981 0.0921875 0.00246239
44 0.859375 0.12168 0.0588942 0.0378906 0.00245285
44 0.91226 0.129004 0.0336538 0.0537109 0.00245285
40 0.865385 0.310156 0.0408654 0.1 0.00244331
44 0.802885 0.139258 0.0384615 0.0800781 0.00243378
41 0.00901442 0.350195 0.0153245 0.0339844 0.00243378
39 0.452524 0.210938 0.0673077 0.0804688 0.00243378
44 0.757212 0.125293 0.0336538 0.0626953 0.00242424
44 0.854567 0.171191 0.0552885 0.0302734 0.00242424
42 0.245793 0.707812 0.0528846 0.0234375 0.00242424
40 0.628606 0.0480469 0.0432692 0.0558594 0.00237846
44 0.867788 0.16709 0.0817308 0.0392578 0.00236893
56 0.822115 0.413672 0.0456731 0.0546875 0.00235939
40 0.935096 0.150195 0.0384615 0.0609375 0.00235939
73 0.238582 0.763281 0.116587 0.0921875 0.00234222
54 0.860577 0.122266 0.0576923 0.0378906 0.00233269
67 0.479567 0.196484 0.0288462 0.0359375 0.00231361
44 0.759615 0.131641 0.0432692 0.0683594 0.00229645
41 0.478966 0.234766 0.0264423 0.0304688 0.00229645
41 0.742788 0.0670898 0.0216346 0.0212891 0.00228691
42 0.644231 0.64375 0.0673077 0.06875 0.00228691
40 0.795673 0.150195 0.0552885 0.05625 0.00228691
44 0.772236 0.145898 0.0384615 0.0679687 0.00226021
41 0.803486 0.0594238 0.0372596 0.0407227 0.00225258
44 0.771034 0.133984 0.0480769 0.0644531 0.00224304
0 0.459736 0.203516 0.0853365 0.090625 0.00224304
41 0.668269 0.194531 0.0456731 0.01875 0.00219917
39 0.00901442 0.350195 0.0153245 0.0339844 0.00219917
56 0.0109675 0.402344 0.0210337 0.0703125 0.00218201
13 0.801082 0.510938 0.11899 0.223438 0.00218201
67 0.668269 0.6375 0.122596 0.130469 0.00214958
40 0.665865 0.0427612 0.0348558 0.0672119 0.00214005
0 0.478966 0.234766 0.0264423 0.0304688 0.00214005
56 0.0207332 0.438281 0.0408654 0.096875 0.00213242
39 0.941106 0.112402 0.0204327 0.0332031 0.00213242
39 0.35637 0.231641 0.0528846 0.0382813 0.00210762
44 0.644231 0.64375 0.0673077 0.06875 0.00210762
41 0.75601 0.101758 0.0216346 0.0197266 0.00209999
41 0.657452 0.215234 0.0625 0.059375 0.00209999
44 0.754808 0.160742 0.0348558 0.0367188 0.00209045
45 0.321514 0.212891 0.0372596 0.0171875 0.00205803
39 0.86899 0.300195 0.0360577 0.1 0.00205803
39 0.479567 0.196484 0.0288462 0.0359375 0.0020504
49 0.36238 0.232422 0.0396635 0.0320312 0.00202751
42 0.254207 0.708594 0.0612981 0.0265625 0.00202751
56 0.0243389 0.445703 0.0444712 0.158594 0.00201035
44 0.9375 0.129492 0.03125 0.0644531 0.00197983
53 0.66226 0.780469 0.616587 0.229687 0.0019722
41 0.479567 0.196484 0.0288462 0.0359375 0.00195694
40 0.644832 0.0492065 0.0252404 0.0570557 0.00194931
44 0.804087 0.110547 0.0216346 0.0246094 0.00194931
56 0.0301983 0.472266 0.0555889 0.210938 0.00193405
39 0.71274 0.120898 0.0600962 0.04375 0.00192642
41 0.757212 0.125293 0.0336538 0.0626953 0.00192642
41 0.772236 0.145898 0.0384615 0.0679687 0.00192642
45 0.71274 0.138281 0.0625 0.08125 0.00192642
41 0.758413 0.0566895 0.03125 0.0426758 0.00190449
75 0.442308 0.186768 0.0456731 0.0397461 0.00188923
40 0.834135 0.0460449 0.0360577 0.0556641 0.00188255
40 0.355168 0.230469 0.0504808 0.0375 0.00187492
42 0.814904 0.740625 0.0841346 0.0625 0.00186062
42 0.676683 0.653125 0.0769231 0.0945313 0.00185299
40 0.941106 0.112402 0.0204327 0.0332031 0.00185299
44 0.895433 0.108691 0.0216346 0.0175781 0.00181007
74 0.713341 0.121387 0.0625 0.0447266 0.00179577
46 0.45012 0.233398 0.0516827 0.034375 0.00179577
75 0.848558 0.308594 0.0769231 0.122656 0.00179577
75 0.945913 0.169336 0.0649038 0.0417969 0.00178242
41 0.64363 0.225195 0.0516827 0.04375 0.00178242
40 0.644832 0.109766 0.0396635 0.0332031 0.00178242
75 0.36238 0.232422 0.0396635 0.0320312 0.00177479
55 0.669321 0.782031 0.630108 0.228125 0.937988
60 0.530649 0.807617 0.938702 0.375391 0.932617
56 0.40009 0.649609 0.380108 0.105469 0.924805
0 0.912861 0.416016 0.174279 0.53125 0.905762
0 0.196514 0.403516 0.371394 0.699219 0.896973
0 0.58774 0.377246 0.480769 0.587695 0.850586
43 0.667067 0.6375 0.122596 0.135937 0.79834
56 0.107272 0.948438 0.20613 0.1 0.751953
41 0.711538 0.16875 0.0600962 0.0390625 0.720215
41 0.495192 0.233594 0.0456731 0.0332031 0.567871
41 0.45012 0.233594 0.0516827 0.034375 0.488281
41 0.239483 0.762891 0.115986 0.0929688 0.484375
41 0.713341 0.121387 0.0625 0.0449219 0.324219
41 0.850361 0.167969 0.0516827 0.0371094 0.315674
45 0.786058 0.662891 0.163462 0.065625 0.270508
41 0.442308 0.186768 0.0480769 0.0413086 0.258301
41 0.36238 0.232422 0.0396635 0.0320312 0.245117
41 0.934495 0.169043 0.0420673 0.0408203 0.190674
41 0.945913 0.169336 0.0649038 0.0417969 0.117554
40 0.80649 0.0512207 0.0336538 0.0291992 0.111267
41 0.859375 0.12168 0.0588942 0.0378906 0.101562
40 0.800481 0.1625 0.0360577 0.0410156 0.0907593
41 0.354868 0.230664 0.0510817 0.0378906 0.0841675
41 0.800481 0.1625 0.0360577 0.0410156 0.0778198
40 0.808293 0.0597168 0.0324519 0.0432617 0.0775146
45 0.71274 0.121289 0.0625 0.0449219 0.0632324
40 0.859375 0.122852 0.0625 0.0371094 0.0594177
40 0.936899 0.129688 0.0324519 0.0652344 0.0570679
40 0.782452 0.162109 0.0432692 0.0414063 0.0507202
40 0.907452 0.122949 0.0288462 0.0443359 0.0474243
45 0.710938 0.168555 0.0612981 0.0386719 0.0465393
40 0.912861 0.129297 0.0336538 0.0542969 0.0453491
40 0.756611 0.163086 0.0384615 0.0402344 0.0427246
41 0.464543 0.228906 0.0384615 0.0300781 0.0414734
44 0.711538 0.168457 0.0600962 0.0396484 0.0411377
39 0.93149 0.167969 0.0384615 0.0421875 0.0403748
40 0.759615 0.0503906 0.0384615 0.0505859 0.0393372
40 0.857572 0.168848 0.0661058 0.0369141 0.0377502
39 0.847356 0.310937 0.0769231 0.119531 0.0370483
40 0.846755 0.166797 0.046875 0.0386719 0.0284424
40 0.897837 0.119336 0.0288462 0.0386719 0.0280151
40 0.778245 0.156934 0.0396635 0.0486328 0.0279083
40 0.801683 0.122852 0.03125 0.0507812 0.0278015
67 0.239483 0.762891 0.115986 0.0929688 0.0263519
75 0.852163 0.167187 0.0552885 0.0410156 0.0259552
41 0.71274 0.13877 0.0625 0.0822266 0.0250854
41 0.754808 0.161035 0.0348558 0.0373047 0.0232391
49 0.45012 0.233789 0.0528846 0.034375 0.0230713
40 0.770433 0.13457 0.0480769 0.0652344 0.0224609
40 0.772837 0.0568359 0.0348558 0.0429688 0.02211
39 0.850361 0.167969 0.0516827 0.0371094 0.0214539
40 0.757212 0.125391 0.0324519 0.0632813 0.0211182
56 0.152569 0.95 0.295823 0.1 0.0207977
75 0.710938 0.168848 0.0600962 0.0404297 0.0197144
40 0.754808 0.153516 0.0408654 0.0382813 0.0193481
45 0.442308 0.186719 0.046875 0.0398437 0.0191956
27 0.255409 0.252734 0.0907452 0.0699219 0.0190582
13 0.108474 0.95 0.204327 0.096875 0.0186157
42 0.66226 0.6375 0.115385 0.134375 0.0181885
40 0.71274 0.122266 0.0637019 0.0445313 0.0181274
39 0.359675 0.231641 0.0426683 0.0328125 0.0180511
43 0.69351 0.6625 0.163462 0.189063 0.0179901
40 0.751202 0.0519531 0.0396635 0.0498047 0.0179138
41 0.782452 0.162109 0.0432692 0.0414063 0.0178528
41 0.804087 0.163086 0.0576923 0.0417969 0.0171051
43 0.622596 0.632812 0.211538 0.148438 0.0162811
40 0.777644 0.0600098 0.0264423 0.0366211 0.0156708
40 0.890625 0.165625 0.0384615 0.0398437 0.0151901
41 0.455529 0.193408 0.0745192 0.0538086 0.0150146
40 0.805288 0.045459 0.0384615 0.0426758 0.0145569
40 0.757812 0.0564941 0.0300481 0.0430664 0.014389
40 0.935096 0.167969 0.0360577 0.0398437 0.0141754
40 0.808894 0.0464844 0.0288462 0.0392578 0.0139542
45 0.450721 0.233594 0.0540865 0.034375 0.013588
40 0.822716 0.0538574 0.0480769 0.0500977 0.0134811
39 0.495192 0.233594 0.0456731 0.0332031 0.0134811
41 0.323317 0.221875 0.0432692 0.0304688 0.0134277
41 0.854567 0.263281 0.0396635 0.0265625 0.0133743
45 0.860577 0.122266 0.0576923 0.0378906 0.0130234
40 0.811298 0.158105 0.0552885 0.0498047 0.01297
74 0.860577 0.121973 0.0612981 0.0388672 0.0126724
40 0.802885 0.139453 0.0384615 0.08125 0.011734
40 0.956731 0.0396484 0.0552885 0.075 0.0109482
43 0.570913 0.626953 0.305288 0.154688 0.0109482
40 0.891827 0.122559 0.0264423 0.0419922 0.0106125
43 0.655649 0.621875 0.108173 0.10625 0.0105667
40 0.94351 0.168945 0.0625 0.0421875 0.0104904
39 0.45012 0.233789 0.0528846 0.034375 0.0103302
40 0.650841 0.111621 0.0288462 0.0441406 0.0102463
40 0.771635 0.146191 0.0384615 0.0685547 0.0100937
75 0.934495 0.169043 0.0420673 0.0408203 0.00997162
40 0.71274 0.169336 0.0625 0.0375 0.00974274
40 0.858173 0.145313 0.0649038 0.0820312 0.00963593
44 0.449519 0.233203 0.0528846 0.034375 0.00963593
40 0.766827 0.046582 0.0432692 0.0546875 0.00945282
39 0.798077 0.162402 0.0408654 0.0416016 0.00908661
40 0.935096 0.154688 0.0288462 0.0242188 0.00901794
40 0.804087 0.163086 0.0576923 0.0417969 0.00901794
41 0.745192 0.1625 0.0408654 0.0386719 0.00861359
40 0.891827 0.165625 0.0649038 0.040625 0.00831604
41 0.787861 0.662109 0.167067 0.0640625 0.00821686
40 0.629808 0.108789 0.03125 0.034375 0.00812531
40 0.895433 0.108594 0.0216346 0.0173828 0.00796509
40 0.447115 0.187891 0.0588942 0.0457031 0.00787354
44 0.671274 0.638281 0.129808 0.132812 0.00787354
41 0.866587 0.167187 0.0817308 0.0394531 0.00784302
41 0.475962 0.191064 0.0336538 0.0420898 0.00772476
40 0.803486 0.110352 0.0204327 0.0238281 0.00766754
40 0.829327 0.0510254 0.0384615 0.0543945 0.00751877
40 0.810096 0.116992 0.0396635 0.0451172 0.00751877
40 0.911058 0.112891 0.0204327 0.0251953 0.00737381
43 0.692308 0.660937 0.111779 0.0921875 0.00737381
0 0.91226 0.506641 0.175481 0.353125 0.00734711
41 0.954327 0.0592285 0.0480769 0.0334961 0.00723267
41 0.971154 0.317578 0.0552885 0.053125 0.00723267
44 0.852163 0.167187 0.0552885 0.0410156 0.00720596
44 0.246394 0.725781 0.09375 0.0453125 0.00717545
41 0.877404 0.260547 0.0216346 0.0273438 0.00712204
41 0.321514 0.212891 0.0372596 0.0171875 0.0069313
60 0.92488 0.683594 0.15024 0.0703125 0.0069313
44 0.245793 0.707812 0.0534856 0.0234375 0.0069046
54 0.71274 0.120313 0.0612981 0.0453125 0.0068779
45 0.360877 0.232227 0.0432692 0.0339844 0.0068512
41 0.646034 0.19375 0.0276442 0.0289063 0.00682449
44 0.71274 0.120898 0.0600962 0.04375 0.00679779
41 0.80649 0.0512207 0.0336538 0.0291992 0.00677109
40 0.853365 0.171191 0.0552885 0.0306641 0.00664139
40 0.647837 0.136523 0.0360577 0.0921875 0.0064888
44 0.254207 0.708594 0.0612981 0.0265625 0.0064621
41 0.754808 0.153516 0.0408654 0.0382813 0.00638962
56 0.172776 0.871875 0.200721 0.242188 0.00634003
39 0.447115 0.187891 0.0588942 0.0457031 0.00619125
43 0.685096 0.648438 0.103365 0.1125 0.00619125
40 0.831731 0.0615234 0.03125 0.0501953 0.00614548
41 0.890625 0.165625 0.0384615 0.0398437 0.00614548
45 0.495192 0.233594 0.046875 0.0335938 0.00612259
40 0.449519 0.201221 0.0625 0.0725586 0.00602722
43 0.737981 0.672656 0.254808 0.221875 0.00602722
40 0.742188 0.0670898 0.0216346 0.0212891 0.00598145
0 0.923678 0.260156 0.152644 0.208203 0.00577545
44 0.71274 0.13877 0.0625 0.0822266 0.00572968
40 0.455529 0.193408 0.0745192 0.0538086 0.00561905
40 0.759615 0.132227 0.0444712 0.0699219 0.00547028
40 0.75601 0.101465 0.0204327 0.0191406 0.00544739
0 0.848558 0.313086 0.0769231 0.129297 0.00542831
74 0.954327 0.0592285 0.0480769 0.0334961 0.00530243
56 0.735577 0.308984 0.163462 0.122656 0.00530243
40 0.954327 0.0593262 0.0504808 0.0334961 0.00521851
40 0.71274 0.13877 0.0625 0.0822266 0.0050621
39 0.945913 0.169336 0.0649038 0.0417969 0.00503922
40 0.923077 0.146777 0.0480769 0.0775391 0.00496292
45 0.852163 0.16875 0.0552885 0.0375 0.00492477
43 0.64363 0.647266 0.0456731 0.0609375 0.0049057
39 0.855769 0.121094 0.0528846 0.0396484 0.00482941
39 0.455529 0.193408 0.0745192 0.0538086 0.00482941
75 0.71274 0.121484 0.0625 0.0445313 0.00462723
75 0.45012 0.233594 0.0516827 0.034375 0.00457382
44 0.36238 0.232422 0.0396635 0.0320312 0.00445175
40 0.904447 0.118945 0.0288462 0.0390625 0.00443268
43 0.635817 0.640625 0.0540865 0.0734375 0.00436401
40 0.808894 0.112598 0.0300481 0.0316406 0.00426483
40 0.451923 0.233203 0.0600962 0.0375 0.0042305
40 0.627404 0.117383 0.0360577 0.0414063 0.00421524
41 0.759615 0.17793 0.03125 0.0144531 0.00419998
45 0.934495 0.169043 0.0420673 0.0408203 0.00418091
56 0.820913 0.417969 0.0372596 0.053125 0.00403976
56 0.197416 0.898438 0.25 0.196875 0.00400543
40 0.882212 0.147461 0.0673077 0.0761719 0.00392914
54 0.71274 0.169336 0.0625 0.0375 0.00392914
75 0.855769 0.121094 0.0528846 0.0396484 0.00383949
40 0.938702 0.150977 0.0324519 0.0363281 0.00383949
39 0.864784 0.309766 0.0420673 0.101562 0.00383949
41 0.651442 0.107227 0.0264423 0.0386719 0.00376511
41 0.449519 0.201221 0.0625 0.0725586 0.00372124
32 0.495793 0.235352 0.0444712 0.0300781 0.00370789
40 0.753606 0.0637695 0.0216346 0.0232422 0.00369263
64 0.713341 0.121387 0.0625 0.0449219 0.00363541
40 0.942308 0.126953 0.0288462 0.0628906 0.00362206
32 0.713341 0.121387 0.0625 0.0449219 0.00358009
44 0.447115 0.187891 0.0588942 0.0457031 0.00356483
56 0.801082 0.509375 0.117788 0.235938 0.00355148
0 0.35607 0.231641 0.0534856 0.0382813 0.00352478
32 0.450721 0.235156 0.0516827 0.0320312 0.00348282
60 0.822115 0.413672 0.0456731 0.0554687 0.00344276
39 0.239784 0.764453 0.115986 0.0945313 0.00342941
40 0.65625 0.113867 0.0240385 0.046875 0.00341606
39 0.442308 0.185156 0.0456731 0.0410156 0.00340271
56 0.716947 0.32168 0.236779 0.142578 0.00335121
45 0.409856 0.246484 0.0877404 0.009375 0.00327301
44 0.907452 0.122949 0.0288462 0.0443359 0.00325966
41 0.895433 0.178906 0.0408654 0.0152344 0.00324821
44 0.75601 0.101465 0.0204327 0.0191406 0.00323486
44 0.656851 0.120703 0.0240385 0.0582031 0.00319672
41 0.628606 0.235156 0.0240385 0.0226563 0.0030632
41 0.759615 0.132227 0.0444712 0.0699219 0.00305176
0 0.451923 0.210938 0.0673077 0.0808594 0.00304031
56 0.113882 0.89375 0.222957 0.204688 0.00299263
56 0.682692 0.311133 0.264423 0.127344 0.00298119
41 0.479567 0.234766 0.0252404 0.0304688 0.00291252
40 0.639423 0.044873 0.0372596 0.0633789 0.00288963
39 0.711538 0.168457 0.0600962 0.0396484 0.00288963
39 0.451923 0.210938 0.0673077 0.0808594 0.00277901
41 0.778245 0.156934 0.0396635 0.0486328 0.00275803
41 0.770433 0.13457 0.0480769 0.0652344 0.0027256
40 0.745192 0.1625 0.0408654 0.0386719 0.00268364
41 0.753606 0.0637695 0.0216346 0.0232422 0.0026722
39 0.00961538 0.338672 0.0186298 0.0550781 0.00265312
40 0.853365 0.123047 0.0721154 0.0445313 0.00264168
56 0.848558 0.312891 0.0793269 0.128906 0.00264168
40 0.00961538 0.338672 0.0186298 0.0550781 0.00263214
54 0.860577 0.122266 0.0576923 0.0378906 0.00259018
40 0.864784 0.309766 0.0420673 0.101562 0.00258064
60 0.821514 0.395313 0.046875 0.0203125 0.00258064
43 0.676683 0.653125 0.0769231 0.09375 0.00257111
56 0.0174279 0.432129 0.0324519 0.13418 0.00253105
41 0.907452 0.122949 0.0288462 0.0443359 0.00245285
44 0.745192 0.1625 0.0408654 0.0386719 0.00245285
40 0.935096 0.150781 0.0384615 0.0609375 0.00245285
44 0.859375 0.12168 0.0588942 0.0378906 0.00242424
0 0.451923 0.233203 0.0600962 0.0375 0.0024147
41 0.628606 0.105566 0.0336538 0.0375 0.00237846
44 0.802885 0.139453 0.0384615 0.08125 0.00236893
41 0.895433 0.108594 0.0216346 0.0173828 0.00234222
39 0.475962 0.191064 0.0336538 0.0420898 0.00234222
44 0.912861 0.129297 0.0336538 0.0542969 0.00233269
44 0.866587 0.167187 0.0817308 0.0394531 0.00233269
42 0.245793 0.707812 0.0534856 0.0234375 0.00233269
56 0.361178 0.232422 0.0432692 0.0339844 0.00232315
41 0.65625 0.103711 0.0216346 0.0277344 0.00230598
44 0.757212 0.125391 0.0324519 0.0632813 0.00228691
40 0.495192 0.23125 0.0456731 0.0339844 0.00228691
0 0.738582 0.311719 0.173077 0.128906 0.00228691
73 0.238582 0.763281 0.116587 0.0921875 0.00228691
41 0.847957 0.308984 0.0757212 0.121875 0.00225258
60 0.667668 0.778906 0.626202 0.248438 0.00225258
41 0.00901442 0.349805 0.0153245 0.034375 0.00223351
67 0.667668 0.6375 0.123798 0.130469 0.00220871
40 0.628606 0.0479614 0.0432692 0.0560303 0.00219154
44 0.770433 0.13457 0.0480769 0.0652344 0.00219154
13 0.400841 0.648438 0.387019 0.104688 0.00218201
44 0.692308 0.660937 0.111779 0.0921875 0.00217438
44 0.771635 0.146191 0.0384615 0.0685547 0.00213242
56 0.0109675 0.401953 0.0210337 0.0703125 0.00213242
39 0.00901442 0.349805 0.0153245 0.034375 0.00211525
60 0.780649 0.278906 0.286058 0.186719 0.00211525
39 0.86899 0.300391 0.0360577 0.100781 0.00206757
40 0.665264 0.042627 0.0348558 0.0674805 0.00205803
41 0.657452 0.215234 0.0625 0.0597656 0.0020504
42 0.644231 0.64375 0.0673077 0.06875 0.0020504
39 0.941106 0.1125 0.0216346 0.0332031 0.00204277
44 0.759615 0.132227 0.0444712 0.0699219 0.00202751
42 0.570913 0.626953 0.305288 0.154688 0.00201988
44 0.754808 0.161035 0.0348558 0.0373047 0.00201035
56 0.0249399 0.446777 0.046274 0.161133 0.00201035
41 0.742188 0.0670898 0.0216346 0.0212891 0.00200272
67 0.479567 0.196289 0.0288462 0.0359375 0.00200272
75 0.848558 0.308594 0.0769231 0.122656 0.00199509
56 0.030649 0.471875 0.0564904 0.210156 0.00198746
49 0.36238 0.232422 0.0396635 0.0320312 0.0019722
39 0.35607 0.231641 0.0534856 0.0382813 0.0019722
56 0.0207332 0.438281 0.0408654 0.0976562 0.00195694
42 0.254207 0.708594 0.0612981 0.0265625 0.00195694
40 0.795673 0.150586 0.0540865 0.05625 0.00195694
64 0.711538 0.16875 0.0600962 0.0390625 0.00193405
45 0.321514 0.212891 0.0372596 0.0171875 0.00193405
44 0.803486 0.110352 0.0204327 0.0238281 0.00192642
41 0.668269 0.194727 0.0456731 0.0191406 0.00191212
40 0.941106 0.1125 0.0216346 0.0332031 0.00189686
41 0.211538 0.764844 0.170673 0.0984375 0.00189686
44 0.936899 0.129688 0.0324519 0.0652344 0.00186729
41 0.479567 0.196289 0.0288462 0.0359375 0.00186062
44 0.646034 0.19375 0.0276442 0.0289063 0.00185299
39 0.479567 0.196289 0.0288462 0.0359375 0.00185299
13 0.801082 0.510938 0.120192 0.223438 0.00185299
41 0.803486 0.0593262 0.0372596 0.0407227 0.00183868
41 0.75601 0.101465 0.0204327 0.0191406 0.00183868
44 0.644231 0.64375 0.0673077 0.06875 0.00182438
0 0.479567 0.234766 0.0252404 0.0304688 0.00181007
56 0.586689 0.639453 0.651142 0.128906 0.0018034
45 0.71274 0.13877 0.0625 0.0822266 0.00179577
53 0.664062 0.780469 0.621394 0.23125 0.00178909
44 0.895433 0.108594 0.0216346 0.0173828 0.00178242
40 0.644832 0.0490723 0.0252404 0.0573242 0.00177479
40 0.644832 0.109961 0.0396635 0.0335938 0.00177479
74 0.71274 0.120313 0.0612981 0.0453125 0.00176144
46 0.45012 0.233594 0.0516827 0.034375 0.00174141
72 0.848558 0.313086 0.078125 0.126172 0.00172043
41 0.64363 0.224609 0.0516827 0.0449219 0.00170708
40 0.854567 0.134375 0.0697115 0.0597656 0.00170708
71 0.407602 0.247656 0.0958534 0.0117188 0.0017004
0 0.459135 0.203857 0.0841346 0.0899414 0.00168705
56 0.60637 0.313867 0.441106 0.133203 0.00168133
40 0.354868 0.230664 0.0510817 0.0378906 0.00165462
39 0.71274 0.120898 0.0600962 0.04375 0.0016489
45 0.464543 0.228906 0.0384615 0.0300781 0.0016489
41 0.941106 0.1125 0.0216346 0.0332031 0.00163555
45 0.354868 0.230664 0.0510817 0.0378906 0.00162888
40 0.834135 0.0459961 0.0360577 0.0554687 0.00162315
41 0.757812 0.0564941 0.0300481 0.0430664 0.00161076
41 0.771635 0.146191 0.0384615 0.0685547 0.00161076
55 0.669321 0.782031 0.630108 0.229687 0.938965
60 0.5311 0.807813 0.937801 0.375 0.935547
56 0.40024 0.65 0.38101 0.10625 0.926758
0 0.91226 0.416016 0.175481 0.530469 0.905762
0 0.197115 0.403125 0.371394 0.7 0.895996
0 0.58774 0.376953 0.480769 0.588281 0.847656
43 0.667067 0.6375 0.122596 0.135937 0.803223
56 0.107497 0.948438 0.205679 0.1 0.759277
41 0.711538 0.16875 0.0600962 0.0390625 0.705566
41 0.495192 0.233594 0.0456731 0.0335938 0.558105
41 0.239784 0.762891 0.115385 0.0929688 0.525391
41 0.45012 0.233594 0.0516827 0.034375 0.488281
41 0.850962 0.168066 0.0528846 0.0373047 0.309082
41 0.713341 0.121289 0.0625 0.0449219 0.300781
45 0.786058 0.663281 0.164663 0.0671875 0.27832
41 0.442308 0.186914 0.0480769 0.0414063 0.246582
41 0.36238 0.232422 0.0396635 0.0328125 0.233765
41 0.933894 0.168945 0.0408654 0.0410156 0.193115
41 0.945913 0.169141 0.0649038 0.0421875 0.118408
40 0.80649 0.0511719 0.0336538 0.0294922 0.106689
41 0.859375 0.12168 0.0588942 0.0382813 0.100891
40 0.800481 0.162598 0.0360577 0.0412109 0.0869141
41 0.354567 0.230664 0.0516827 0.0382813 0.0755615
40 0.808894 0.0596191 0.0336538 0.0432617 0.0747681
41 0.800481 0.162598 0.0360577 0.0412109 0.0745239
40 0.803486 0.0592285 0.0372596 0.0407227 0.0705566
40 0.859976 0.122754 0.0612981 0.0373047 0.0616455
45 0.71274 0.121289 0.0625 0.0451172 0.0558167
40 0.936899 0.129883 0.0336538 0.0662109 0.0541992
40 0.783053 0.162109 0.0444712 0.0417969 0.0460205
40 0.907452 0.123242 0.0288462 0.0449219 0.0446777
45 0.712139 0.169434 0.0612981 0.0404297 0.0437012
39 0.847356 0.310937 0.0769231 0.119531 0.0435181
44 0.711538 0.168457 0.0600962 0.0396484 0.0427246
41 0.463942 0.229102 0.0384615 0.0304688 0.0422363
40 0.913462 0.129785 0.0336538 0.0558594 0.0420837
39 0.93149 0.168066 0.0384615 0.0423828 0.0408325
40 0.857572 0.168945 0.0661058 0.0371094 0.0393372
40 0.759615 0.0504395 0.0384615 0.0508789 0.0386047
40 0.756611 0.163086 0.0396635 0.040625 0.0379028
40 0.847356 0.166797 0.0480769 0.0390625 0.0270691
40 0.778245 0.157031 0.0408654 0.0492188 0.0267639
40 0.802284 0.124414 0.03125 0.0541016 0.0258636
67 0.239784 0.762891 0.115385 0.0929688 0.0256653
49 0.45012 0.233789 0.0528846 0.034375 0.0250854
40 0.897837 0.119336 0.0300481 0.0386719 0.0245209
41 0.71274 0.138867 0.0625 0.0828125 0.0244293
75 0.852163 0.167383 0.0552885 0.0410156 0.0241394
39 0.850962 0.168066 0.0528846 0.0373047 0.0213623
42 0.66226 0.6375 0.115385 0.134375 0.0213623
40 0.772837 0.056543 0.0360577 0.04375 0.0211182
40 0.770433 0.135156 0.0492788 0.0671875 0.0208893
40 0.71274 0.122266 0.0637019 0.0447266 0.0208893
41 0.754808 0.161523 0.0348558 0.0382813 0.0207214
43 0.694712 0.664062 0.168269 0.192188 0.0191956
40 0.757212 0.125586 0.0336538 0.0636719 0.0188293
56 0.164062 0.951563 0.278846 0.09375 0.0187683
43 0.61899 0.632031 0.221154 0.148438 0.0182648
45 0.442308 0.186719 0.0480769 0.0402344 0.0181885
13 0.108699 0.95 0.203275 0.096875 0.0180511
40 0.754808 0.153711 0.0432692 0.0414063 0.0179901
41 0.804087 0.163086 0.0576923 0.0417969 0.0170441
39 0.359675 0.231641 0.0426683 0.0328125 0.016983
41 0.783053 0.162109 0.0444712 0.0417969 0.016922
40 0.751202 0.0518555 0.0396635 0.05 0.0165253
75 0.710938 0.168848 0.0600962 0.0404297 0.0163422
41 0.455529 0.193164 0.0745192 0.0546875 0.0158997
40 0.935697 0.167773 0.0372596 0.0402344 0.0144501
40 0.777644 0.0598633 0.0264423 0.0369141 0.014389
40 0.890625 0.16582 0.0384615 0.0398437 0.0141754
40 0.805288 0.0456055 0.0384615 0.0429688 0.0141144
40 0.808894 0.046582 0.0288462 0.0394531 0.0134277
27 0.255108 0.252734 0.0919471 0.0703125 0.0134277
45 0.450721 0.233594 0.0540865 0.034375 0.0133743
40 0.758413 0.0563477 0.03125 0.0433594 0.0133286
40 0.811298 0.158203 0.0552885 0.05 0.0129242
40 0.822716 0.0538086 0.0480769 0.0501953 0.0128708
45 0.860577 0.122266 0.0576923 0.0382813 0.0127716
39 0.495192 0.233594 0.0456731 0.0335938 0.0127258
41 0.323618 0.221875 0.0426683 0.0304688 0.0124817
43 0.567308 0.626563 0.3125 0.154688 0.0124817
41 0.854567 0.263281 0.0396635 0.0265625 0.0115967
74 0.860577 0.121973 0.0600962 0.0390625 0.0113297
40 0.802885 0.140039 0.0384615 0.0828125 0.0104523
40 0.71274 0.169531 0.0612981 0.0375 0.0102081
39 0.45012 0.233789 0.0528846 0.034375 0.0100937
40 0.956731 0.039563 0.0552885 0.0753662 0.0100555
44 0.449519 0.233203 0.0528846 0.034375 0.0100098
40 0.94351 0.168848 0.0612981 0.0427734 0.00981903
43 0.65625 0.622266 0.108173 0.10625 0.00971222
40 0.858173 0.145117 0.0649038 0.0824219 0.00959778
39 0.798678 0.162402 0.0408654 0.0419922 0.00937653
40 0.650841 0.112402 0.0300481 0.0460938 0.00933838
75 0.933894 0.168945 0.0408654 0.0410156 0.00926971
40 0.766827 0.0466797 0.0444712 0.0553711 0.00923157
40 0.771635 0.146484 0.0408654 0.0695313 0.00908661
40 0.891827 0.122461 0.0288462 0.0421875 0.00898743
44 0.671274 0.638281 0.129808 0.134375 0.0088501
40 0.892428 0.16543 0.0637019 0.0414063 0.00871277
40 0.935096 0.154883 0.0300481 0.025 0.00867462
40 0.804087 0.163086 0.0576923 0.0417969 0.00837708
41 0.745192 0.162695 0.0408654 0.0390625 0.00800323
41 0.787861 0.6625 0.168269 0.0648438 0.00766754
0 0.91226 0.507031 0.175481 0.353125 0.00766754
40 0.447115 0.187891 0.0588942 0.0457031 0.00757599
41 0.866587 0.167187 0.0817308 0.0398437 0.00748825
56 0.173002 0.871094 0.202073 0.24375 0.00746155
44 0.852163 0.167383 0.0552885 0.0410156 0.00743103
54 0.71274 0.12041 0.0600962 0.0455078 0.00743103
40 0.629808 0.108594 0.0324519 0.0349609 0.00737381
45 0.360877 0.232031 0.0432692 0.034375 0.00728989
41 0.47476 0.191016 0.0360577 0.0433594 0.00723267
40 0.895433 0.108594 0.0216346 0.0175781 0.00709534
40 0.829327 0.0512695 0.0384615 0.0544922 0.00703812
40 0.803486 0.110352 0.0204327 0.0242188 0.00703812
60 0.92488 0.683594 0.15024 0.0703125 0.00698471
40 0.911058 0.113477 0.0204327 0.0263672 0.00682449
44 0.246394 0.725391 0.09375 0.046875 0.00677109
44 0.71274 0.120898 0.0612981 0.0441406 0.00669098
43 0.692308 0.660937 0.111779 0.0921875 0.00666809
41 0.80649 0.0511719 0.0336538 0.0294922 0.00661469
41 0.321514 0.212891 0.0372596 0.0171875 0.00661469
41 0.877404 0.260547 0.0216346 0.028125 0.00653839
40 0.810096 0.117188 0.0408654 0.0457031 0.00651169
44 0.245793 0.707812 0.0540865 0.0234375 0.0064621
41 0.954327 0.0591797 0.0480769 0.0335938 0.00638962
41 0.646034 0.19375 0.0276442 0.0289063 0.00638962
39 0.354567 0.230664 0.0516827 0.0382813 0.00624084
41 0.971154 0.317578 0.0552885 0.053125 0.00619125
40 0.853365 0.171191 0.0552885 0.0310547 0.00612259
44 0.254507 0.708203 0.0612981 0.0265625 0.00609589
44 0.71274 0.138867 0.0625 0.0828125 0.00605011
39 0.447115 0.187891 0.0588942 0.0457031 0.00605011
43 0.737981 0.673438 0.257212 0.223438 0.00600433
40 0.648438 0.1375 0.0372596 0.0949219 0.00598145
41 0.754808 0.153711 0.0432692 0.0414063 0.00593567
40 0.449519 0.200781 0.0625 0.071875 0.00591278
40 0.831731 0.061377 0.0324519 0.0500977 0.00572968
45 0.495192 0.233594 0.046875 0.0335938 0.00570679
0 0.924279 0.260156 0.151442 0.208203 0.00568771
43 0.685096 0.648438 0.102163 0.1125 0.00564194
41 0.890625 0.16582 0.0384615 0.0398437 0.00561905
40 0.455529 0.193164 0.0745192 0.0546875 0.00548935
40 0.742188 0.0671875 0.0216346 0.0210938 0.00534439
56 0.735577 0.309375 0.16226 0.124219 0.00526047
74 0.954327 0.0591797 0.0480769 0.0335938 0.00508118
39 0.945913 0.169141 0.0649038 0.0421875 0.00502014
40 0.75601 0.101465 0.0216346 0.0193359 0.00494385
40 0.71274 0.138867 0.0625 0.0828125 0.0049057
40 0.451923 0.233203 0.0576923 0.0375 0.00486755
0 0.848558 0.313281 0.0769231 0.129688 0.00486755
45 0.853365 0.170996 0.0552885 0.0376953 0.00482941
40 0.759615 0.133203 0.0456731 0.0722656 0.00479126
39 0.455529 0.193164 0.0745192 0.0546875 0.00471878
44 0.36238 0.232422 0.0396635 0.0328125 0.00471878
40 0.922476 0.14668 0.0504808 0.0785156 0.00469971
40 0.954327 0.0593262 0.0504808 0.0336914 0.00466537
43 0.644231 0.646875 0.0456731 0.0617188 0.00462723
39 0.855769 0.121094 0.0528846 0.0398437 0.00446701
43 0.635817 0.640625 0.0552885 0.0734375 0.00432968
39 0.864784 0.30957 0.0420673 0.103516 0.00419998
56 0.820913 0.417578 0.0372596 0.053125 0.0041008
56 0.197416 0.898438 0.251202 0.196875 0.00408554
41 0.449519 0.200781 0.0625 0.071875 0.00407028
45 0.933894 0.168945 0.0408654 0.0410156 0.00400543
75 0.45012 0.233594 0.0516827 0.034375 0.00399017
40 0.808894 0.112793 0.03125 0.0322266 0.00392914
41 0.759615 0.177734 0.03125 0.0148437 0.00391388
40 0.627404 0.117773 0.0360577 0.04375 0.00379562
64 0.713341 0.121387 0.0625 0.0451172 0.00379562
40 0.938702 0.151953 0.0324519 0.0382813 0.00376511
44 0.447115 0.187891 0.0588942 0.0457031 0.00376511
40 0.881611 0.147461 0.0697115 0.0765625 0.00367928
75 0.855769 0.121094 0.0528846 0.0398437 0.00363541
40 0.754207 0.0639648 0.0216346 0.0232422 0.0036068
41 0.650841 0.107324 0.0276442 0.0390625 0.00359344
32 0.496394 0.235156 0.0456731 0.0304688 0.00358009
54 0.71274 0.169531 0.0612981 0.0375 0.00356483
56 0.722356 0.32168 0.225962 0.142578 0.00356483
32 0.450721 0.235156 0.0516827 0.0324219 0.00353813
40 0.941707 0.126953 0.0288462 0.0632813 0.00351143
75 0.713341 0.121289 0.0625 0.0449219 0.00346947
56 0.114108 0.895312 0.222506 0.201563 0.00345612
45 0.409706 0.246484 0.0868389 0.009375 0.00340271
0 0.35607 0.231641 0.0534856 0.0382813 0.00335121
44 0.907452 0.123242 0.0288462 0.0449219 0.00327301
39 0.239784 0.764453 0.115385 0.0945313 0.00324821
44 0.75601 0.101465 0.0216346 0.0193359 0.00322342
60 0.822115 0.413281 0.0456731 0.05625 0.00321007
56 0.800481 0.509375 0.117788 0.235938 0.00319672
39 0.451923 0.210938 0.0661058 0.08125 0.00317192
44 0.656851 0.122949 0.0240385 0.0628906 0.00312424
40 0.65625 0.114453 0.0240385 0.0484375 0.00311089
41 0.479567 0.234766 0.0240385 0.0308594 0.00311089
32 0.713341 0.121387 0.0625 0.0451172 0.00305176
39 0.442308 0.185352 0.0456731 0.0410156 0.00305176
40 0.639423 0.0448242 0.0384615 0.0634766 0.00300407
56 0.679087 0.311328 0.274038 0.128125 0.00300407
41 0.628606 0.235156 0.0240385 0.0226563 0.00298119
41 0.895433 0.178711 0.0408654 0.015625 0.00279999
41 0.770433 0.135156 0.0492788 0.0671875 0.00279045
41 0.759615 0.133203 0.0456731 0.0722656 0.00277901
39 0.711538 0.168457 0.0600962 0.0396484 0.00277901
40 0.864784 0.30957 0.0420673 0.103516 0.00277901
60 0.666917 0.778906 0.625301 0.25 0.00270462
40 0.00961538 0.338672 0.0192308 0.0550781 0.00268364
41 0.778245 0.157031 0.0408654 0.0492188 0.0026722
41 0.754207 0.0639648 0.0216346 0.0232422 0.00265312
40 0.853365 0.123438 0.0721154 0.0453125 0.00265312
44 0.745192 0.162695 0.0408654 0.0390625 0.0026207
40 0.935096 0.150586 0.0384615 0.0621094 0.00259018
56 0.0174279 0.431641 0.0324519 0.133594 0.00259018
39 0.00961538 0.338672 0.0192308 0.0550781 0.00255013
44 0.859375 0.12168 0.0588942 0.0382813 0.00254059
54 0.860577 0.122266 0.0576923 0.0382813 0.00254059
42 0.567308 0.626563 0.3125 0.154688 0.00247192
56 0.361178 0.232422 0.0432692 0.034375 0.00244331
0 0.451923 0.210938 0.0661058 0.08125 0.00244331
40 0.745192 0.162695 0.0408654 0.0390625 0.0024147
60 0.821514 0.395313 0.046875 0.0210938 0.0024147
44 0.802885 0.140039 0.0384615 0.0828125 0.00235939
41 0.21274 0.764844 0.168269 0.0984375 0.00235939
44 0.866587 0.167187 0.0817308 0.0398437 0.00234985
44 0.757212 0.125586 0.0336538 0.0636719 0.00233269
44 0.913462 0.129785 0.0336538 0.0558594 0.00231361
40 0.628606 0.0479614 0.0432692 0.0560303 0.00229645
67 0.667668 0.6375 0.123798 0.13125 0.00229645
56 0.0111178 0.402246 0.0210337 0.0705078 0.00228691
43 0.676683 0.653125 0.0769231 0.0945313 0.00228691
41 0.628606 0.105664 0.0336538 0.0378906 0.00226974
75 0.848558 0.308984 0.0769231 0.122656 0.00226974
41 0.00901442 0.35 0.015625 0.034375 0.00226974
39 0.86899 0.300781 0.0360577 0.101562 0.00226021
56 0.848558 0.312891 0.078125 0.128906 0.00225258
42 0.245793 0.707812 0.0540865 0.0234375 0.00222588
44 0.770433 0.135156 0.0492788 0.0671875 0.00221634
41 0.907452 0.123242 0.0288462 0.0449219 0.00221634
40 0.795072 0.150684 0.0540865 0.0572266 0.00217438
41 0.847957 0.308984 0.0757212 0.121875 0.00216484
56 0.0207332 0.438281 0.0411659 0.0984375 0.00216484
39 0.47476 0.191016 0.0360577 0.0433594 0.00214958
41 0.65625 0.104395 0.0216346 0.0292969 0.00213242
41 0.895433 0.108594 0.0216346 0.0175781 0.00213242
44 0.771635 0.146484 0.0408654 0.0695313 0.00213242
73 0.238882 0.763281 0.116587 0.0921875 0.00211525
40 0.495192 0.23125 0.0456731 0.0339844 0.00209999
64 0.711538 0.16875 0.0600962 0.0390625 0.00209045
56 0.0249399 0.446875 0.046875 0.160156 0.00208282
56 0.0309495 0.471484 0.0576923 0.208594 0.00208282
13 0.401292 0.649219 0.38732 0.10625 0.00208282
44 0.754808 0.161523 0.0348558 0.0382813 0.00206757
40 0.665264 0.0425903 0.0348558 0.0679443 0.00202751
44 0.759615 0.133203 0.0456731 0.0722656 0.00201035
39 0.00901442 0.35 0.015625 0.034375 0.00200272
60 0.780048 0.278906 0.286058 0.1875 0.00197983
41 0.657452 0.215234 0.0625 0.0601563 0.0019722
39 0.941106 0.1125 0.0216346 0.0335938 0.0019722
0 0.451923 0.233203 0.0576923 0.0375 0.0019722
42 0.644231 0.64375 0.0673077 0.06875 0.00196457
49 0.36238 0.232422 0.0396635 0.0328125 0.00195694
40 0.941106 0.1125 0.0216346 0.0335938 0.00193405
44 0.803486 0.110352 0.0204327 0.0242188 0.00191879
40 0.854567 0.135742 0.0697115 0.0625 0.00190449
45 0.321514 0.212891 0.0372596 0.0171875 0.00188923
41 0.742188 0.0671875 0.0216346 0.0210938 0.00186729
44 0.936899 0.129883 0.0336538 0.0662109 0.00186062
42 0.254507 0.708203 0.0612981 0.0265625 0.00185299
56 0.583984 0.639844 0.644531 0.129688 0.00184631
44 0.646034 0.19375 0.0276442 0.0289063 0.00183868
67 0.479567 0.196289 0.0288462 0.0363281 0.00182438
46 0.45012 0.233594 0.0516827 0.034375 0.00178909
40 0.644832 0.0488281 0.0252404 0.0578125 0.00178242
72 0.848558 0.313281 0.0793269 0.126563 0.00176811
40 0.644832 0.110254 0.0396635 0.0345703 0.00175476
41 0.803486 0.0592285 0.0372596 0.0407227 0.00174141
44 0.895433 0.108594 0.0216346 0.0175781 0.00174141
44 0.692308 0.660937 0.111779 0.0921875 0.00173378
74 0.71274 0.12041 0.0600962 0.0455078 0.00173378
0 0.739183 0.311719 0.173077 0.129688 0.00173378
56 0.605769 0.314063 0.44351 0.133594 0.00172043
41 0.479567 0.196289 0.0288462 0.0363281 0.00170708
13 0.801082 0.510938 0.120192 0.223438 0.00170708
40 0.90625 0.142285 0.0865385 0.0783203 0.0017004
53 0.664513 0.779883 0.622897 0.233984 0.0017004
41 0.668269 0.194727 0.0456731 0.0191406 0.00169373
41 0.75601 0.101465 0.0216346 0.0193359 0.00168705
45 0.71274 0.138867 0.0625 0.0828125 0.00168705
71 0.407302 0.247656 0.0940505 0.0117188 0.00168705
41 0.644231 0.224609 0.0528846 0.0453125 0.00168133
42 0.737981 0.673438 0.257212 0.223438 0.00168133
41 0.941106 0.1125 0.0216346 0.0335938 0.0016489
39 0.479567 0.196289 0.0288462 0.0363281 0.00162888
45 0.463942 0.229102 0.0384615 0.0304688 0.00162888
44 0.802284 0.124414 0.03125 0.0541016 0.00161648
44 0.644231 0.64375 0.0673077 0.06875 0.00159168
60 0.609976 0.676562 0.774038 0.139063 0.00159168
39 0.479567 0.234766 0.0240385 0.0308594 0.00157928
0 0.479567 0.234766 0.0240385 0.0308594 0.00157356
40 0.479567 0.234766 0.0240385 0.0308594 0.00156689
56 0.0585938 0.571875 0.093149 0.335938 0.00156689
55 0.668119 0.782031 0.630108 0.229687 0.942871
60 0.530649 0.808008 0.938702 0.374609 0.941406
56 0.400391 0.65 0.381911 0.107813 0.922363
0 0.91226 0.415527 0.175481 0.529883 0.908203
0 0.197191 0.403125 0.371244 0.699219 0.89502
0 0.585487 0.373828 0.478065 0.600781 0.847656
43 0.667668 0.6375 0.121394 0.135937 0.804199
56 0.107647 0.949219 0.205379 0.1 0.760742
41 0.711538 0.16875 0.0600962 0.0390625 0.702637
41 0.239784 0.7625 0.115385 0.09375 0.563965
41 0.495192 0.233594 0.0456731 0.0335938 0.558105
41 0.450721 0.233594 0.0504808 0.034375 0.507812
41 0.850962 0.168164 0.0528846 0.0375 0.303955
41 0.713341 0.121289 0.0625 0.0449219 0.294189
45 0.786058 0.663672 0.165865 0.0679687 0.253906
41 0.442308 0.186914 0.0480769 0.0417969 0.250977
41 0.36238 0.232422 0.0408654 0.0328125 0.2323
41 0.934495 0.168945 0.0420673 0.0410156 0.201782
41 0.945913 0.169141 0.0649038 0.0421875 0.122131
41 0.859375 0.12168 0.0588942 0.0386719 0.103027
40 0.80649 0.0513184 0.0348558 0.0296875 0.101562
40 0.800481 0.1625 0.0360577 0.0414063 0.0844727
41 0.354567 0.230664 0.0528846 0.0382813 0.0720825
40 0.808894 0.0595703 0.0336538 0.0433594 0.0705566
41 0.800481 0.1625 0.0360577 0.0414063 0.0705566
40 0.859976 0.122656 0.0612981 0.0375 0.0592041
39 0.847356 0.310937 0.0769231 0.119531 0.0552063
40 0.936298 0.130273 0.0336538 0.0675781 0.0518494
45 0.71274 0.121289 0.0625 0.0453125 0.0490417
40 0.783654 0.162109 0.046875 0.0417969 0.0433655
41 0.464543 0.229102 0.0384615 0.0304688 0.0430298
44 0.711538 0.168555 0.0600962 0.0394531 0.0427246
45 0.712139 0.169434 0.0612981 0.0404297 0.0422363
40 0.907452 0.123633 0.0288462 0.0457031 0.0420837
39 0.932692 0.168164 0.0384615 0.0425781 0.0411377
40 0.914063 0.130859 0.0360577 0.0582031 0.0399475
40 0.759615 0.0504883 0.0384615 0.0509766 0.0367737
40 0.858173 0.16875 0.0673077 0.0375 0.0362244
40 0.756611 0.163086 0.0396635 0.040625 0.0351562
49 0.45012 0.233789 0.0528846 0.034375 0.0282135
40 0.778846 0.156836 0.0408654 0.05 0.0265503
40 0.847356 0.166895 0.0480769 0.0388672 0.0265503
41 0.71274 0.139258 0.0625 0.0835937 0.0261536
40 0.801683 0.125879 0.03125 0.0572266 0.0255585
42 0.66226 0.637109 0.115385 0.135156 0.024704
67 0.238882 0.762891 0.116587 0.0929688 0.0245209
40 0.897837 0.119336 0.03125 0.0390625 0.0224609
75 0.852163 0.167383 0.0564904 0.0410156 0.021698
40 0.71274 0.12207 0.0625 0.0449219 0.021698
40 0.770433 0.135645 0.0504808 0.0685547 0.0207977
43 0.614183 0.63125 0.228365 0.15 0.0206451
43 0.698918 0.666406 0.175481 0.198437 0.0206451
56 0.165264 0.951563 0.28125 0.09375 0.0204926
39 0.850962 0.168164 0.0528846 0.0375 0.0204163
40 0.772837 0.056543 0.0360577 0.04375 0.0202484
40 0.808894 0.0497559 0.0264423 0.0307617 0.0199432
41 0.756611 0.163086 0.0396635 0.040625 0.0195618
40 0.757212 0.125781 0.0336538 0.0644531 0.0189819
40 0.754808 0.154395 0.0432692 0.0443359 0.0176392
45 0.442308 0.186768 0.0480769 0.0405273 0.0173798
41 0.804087 0.162988 0.0576923 0.0419922 0.016922
41 0.455529 0.193311 0.0745192 0.0547852 0.0168457
39 0.36238 0.232422 0.0408654 0.0328125 0.0163422
40 0.751202 0.0518555 0.0408654 0.0501953 0.0155411
41 0.783654 0.162109 0.046875 0.0417969 0.0155411
13 0.109675 0.95 0.202524 0.096875 0.0151901
75 0.711538 0.168945 0.0600962 0.040625 0.0145035
43 0.564904 0.626172 0.317308 0.157031 0.0142822
40 0.935697 0.167969 0.0372596 0.0402344 0.0139008
40 0.777644 0.0598633 0.0288462 0.0369141 0.0134811
40 0.811298 0.158105 0.0552885 0.0505859 0.0133286
40 0.890024 0.16582 0.0396635 0.0402344 0.0133286
45 0.450721 0.233398 0.0528846 0.0347656 0.0131226
40 0.805288 0.0457031 0.0408654 0.0431641 0.01297
40 0.758413 0.0562988 0.03125 0.0432617 0.0126266
41 0.323618 0.22207 0.0426683 0.0308594 0.012146
39 0.495192 0.233594 0.0456731 0.0335938 0.0120544
40 0.809495 0.0466797 0.0300481 0.0396484 0.0119629
45 0.860577 0.122363 0.0576923 0.0386719 0.011467
40 0.822115 0.0538086 0.0492788 0.0503906 0.0114212
44 0.449519 0.233203 0.0528846 0.034375 0.0106506
41 0.854567 0.263281 0.0408654 0.0265625 0.0105667
27 0.254507 0.252734 0.093149 0.0710938 0.0104904
40 0.65024 0.113867 0.03125 0.0492188 0.0103302
40 0.802885 0.14043 0.0408654 0.0839844 0.0102921
40 0.858173 0.145117 0.0649038 0.0824219 0.01017
40 0.71274 0.169531 0.0612981 0.0375 0.00985718
44 0.671875 0.638281 0.129808 0.134375 0.00985718
74 0.860577 0.122266 0.0600962 0.0378906 0.00978088
40 0.94351 0.16875 0.0612981 0.0429688 0.00959778
39 0.45012 0.233789 0.0528846 0.034375 0.00959778
40 0.957332 0.0395996 0.0552885 0.0758789 0.00937653
43 0.655649 0.622266 0.108173 0.10625 0.00905609
39 0.798077 0.162402 0.0408654 0.0419922 0.00901794
40 0.770433 0.146582 0.0408654 0.0705078 0.00891876
40 0.766827 0.0467651 0.0444712 0.0558838 0.00854492
40 0.891827 0.164844 0.0673077 0.0425781 0.00854492
40 0.935096 0.155566 0.03125 0.0263672 0.0085144
75 0.934495 0.168945 0.0420673 0.0410156 0.00847626
56 0.174204 0.87168 0.204477 0.244141 0.00844574
40 0.890625 0.122461 0.0288462 0.0421875 0.00818634
54 0.71274 0.120313 0.0600962 0.0457031 0.00809479
40 0.804087 0.162988 0.0576923 0.0419922 0.00803375
40 0.629808 0.108691 0.0336538 0.0355469 0.00769424
41 0.745192 0.162891 0.0420673 0.0398437 0.00769424
44 0.847356 0.166895 0.0480769 0.0388672 0.00748825
41 0.787861 0.663281 0.169471 0.065625 0.00743103
45 0.360877 0.232031 0.0438702 0.034375 0.00737381
41 0.866587 0.16709 0.0841346 0.0400391 0.00720596
41 0.474159 0.191016 0.0372596 0.04375 0.00720596
40 0.447115 0.187891 0.0588942 0.0457031 0.00717545
40 0.803486 0.110547 0.0216346 0.0246094 0.00698471
44 0.71274 0.120996 0.0612981 0.0443359 0.0069046
40 0.647837 0.137793 0.0384615 0.0955078 0.00671768
40 0.895433 0.108594 0.0216346 0.0175781 0.00658798
41 0.646034 0.19375 0.0276442 0.0289063 0.00658798
43 0.692308 0.661328 0.111779 0.0929688 0.00656509
0 0.91226 0.505469 0.175481 0.35625 0.0064888
40 0.911058 0.114453 0.0204327 0.0285156 0.00643921
44 0.71274 0.139258 0.0625 0.0835937 0.00643921
41 0.80649 0.0513184 0.0348558 0.0296875 0.00641251
40 0.810096 0.117383 0.0408654 0.0464844 0.00624084
44 0.246394 0.725 0.0949519 0.0484375 0.00624084
41 0.321514 0.212891 0.0366587 0.0171875 0.00621796
60 0.924279 0.683594 0.151442 0.0703125 0.00619125
39 0.447115 0.187891 0.0588942 0.0457031 0.00598145
44 0.245793 0.707812 0.0552885 0.0234375 0.00598145
39 0.35637 0.231641 0.0528846 0.0375 0.00584412
41 0.877404 0.260547 0.0216346 0.028125 0.00582123
41 0.954327 0.0591309 0.0480769 0.0336914 0.00579834
43 0.739183 0.673438 0.259615 0.226562 0.00577545
41 0.754808 0.154395 0.0432692 0.0443359 0.00564194
40 0.853365 0.171094 0.0552885 0.03125 0.00564194
40 0.449519 0.200391 0.0612981 0.0714844 0.00561905
44 0.254507 0.708203 0.0625 0.0265625 0.00559998
41 0.971154 0.317578 0.0552885 0.053125 0.00544739
43 0.686298 0.650781 0.09375 0.107813 0.00544739
45 0.495192 0.233594 0.046875 0.0335938 0.00542831
43 0.649038 0.632812 0.163462 0.14375 0.00536346
0 0.924279 0.260352 0.151442 0.208203 0.00527954
40 0.71274 0.139258 0.0625 0.0835937 0.00524139
40 0.451923 0.233203 0.0576923 0.0382813 0.00518036
40 0.455529 0.193311 0.0745192 0.0547852 0.00516129
41 0.890024 0.16582 0.0396635 0.0402344 0.0051384
44 0.36238 0.232422 0.0408654 0.0328125 0.00510025
40 0.75601 0.101855 0.0216346 0.0203125 0.00508118
40 0.831731 0.0614746 0.0336538 0.0500977 0.00502014
40 0.741587 0.067041 0.0216346 0.0213867 0.00492477
39 0.945913 0.169141 0.0649038 0.0421875 0.0049057
45 0.853365 0.171289 0.0564904 0.0371094 0.00486755
39 0.865385 0.309375 0.0432692 0.104688 0.00468063
40 0.921875 0.146484 0.0540865 0.0796875 0.0046463
40 0.759615 0.13418 0.0456731 0.075 0.00457382
56 0.735577 0.309766 0.16226 0.125 0.00453949
56 0.197416 0.897656 0.252404 0.198437 0.00443268
40 0.941106 0.128809 0.0288462 0.0642578 0.00438309
39 0.455529 0.193311 0.0745192 0.0547852 0.00436401
56 0.114784 0.895312 0.223558 0.201563 0.00436401
41 0.449519 0.200391 0.0612981 0.0714844 0.00429916
43 0.644231 0.646875 0.046875 0.0625 0.00428009
43 0.636418 0.640625 0.0552885 0.0734375 0.00421524
74 0.954327 0.0591309 0.0480769 0.0336914 0.00419998
40 0.627404 0.119629 0.0384615 0.0478516 0.00418091
39 0.85637 0.121289 0.0528846 0.0402344 0.00415039
0 0.849159 0.313086 0.0769231 0.130078 0.00413513
40 0.651442 0.107617 0.0288462 0.0394531 0.00411606
40 0.954327 0.0592773 0.0504808 0.0337891 0.00397491
44 0.447115 0.187891 0.0588942 0.0457031 0.00397491
44 0.852163 0.171484 0.0576923 0.03125 0.00391388
56 0.820913 0.417188 0.0384615 0.053125 0.00391388
40 0.808894 0.113184 0.03125 0.0332031 0.00387001
40 0.938702 0.154492 0.0336538 0.0441406 0.00385475
45 0.934495 0.168945 0.0420673 0.0410156 0.00378036
41 0.651442 0.107617 0.0288462 0.0394531 0.00372124
64 0.713341 0.121387 0.0625 0.0453125 0.00366402
41 0.759615 0.177686 0.03125 0.0149414 0.00362206
54 0.71274 0.169531 0.0612981 0.0375 0.0036068
32 0.450721 0.235156 0.0516827 0.0324219 0.00358009
40 0.88101 0.147461 0.0721154 0.0769531 0.00355148
32 0.496394 0.235156 0.0456731 0.0304688 0.00352478
45 0.409255 0.246484 0.0865385 0.009375 0.00349617
39 0.451923 0.210938 0.0649038 0.0816406 0.00346947
75 0.85637 0.121289 0.0528846 0.0402344 0.00336266
75 0.450721 0.233594 0.0504808 0.034375 0.00336266
40 0.65625 0.115234 0.0240385 0.05 0.00333786
44 0.907452 0.123633 0.0288462 0.0457031 0.00333786
44 0.656851 0.124609 0.0240385 0.0664062 0.00328636
44 0.75601 0.101855 0.0216346 0.0203125 0.00322342
60 0.666466 0.778906 0.626202 0.251563 0.00319672
0 0.355769 0.231641 0.0540865 0.0382813 0.00314713
39 0.239784 0.764844 0.115986 0.0953125 0.003088
40 0.754207 0.0640625 0.0216346 0.0232422 0.00307465
56 0.722957 0.321875 0.225962 0.142969 0.00305176
40 0.865385 0.309375 0.0432692 0.104688 0.00304031
41 0.480168 0.234766 0.0240385 0.0304688 0.00302696
42 0.564904 0.626172 0.317308 0.157031 0.00299263
41 0.214543 0.764063 0.164663 0.0984375 0.00298119
56 0.800481 0.508984 0.117788 0.235938 0.00291252
39 0.442308 0.185352 0.0456731 0.0410156 0.00290108
41 0.770433 0.135645 0.0504808 0.0685547 0.00288963
75 0.713341 0.121289 0.0625 0.0449219 0.0028553
41 0.628606 0.234766 0.0252404 0.0234375 0.00284576
60 0.822115 0.413281 0.0456731 0.05625 0.00284576
40 0.639423 0.0447754 0.0384615 0.0637695 0.00282288
39 0.711538 0.168555 0.0600962 0.0394531 0.00282288
40 0.656851 0.124609 0.0240385 0.0664062 0.00279999
44 0.859375 0.12168 0.0588942 0.0386719 0.00273705
41 0.778846 0.156836 0.0408654 0.05 0.00260162
41 0.759615 0.13418 0.0456731 0.075 0.00259018
41 0.895433 0.178467 0.0420673 0.0157227 0.00259018
40 0.00961538 0.338672 0.0192308 0.0554687 0.00258064
40 0.853365 0.124316 0.0721154 0.0472656 0.00255013
40 0.935096 0.150195 0.0384615 0.0652344 0.00255013
32 0.713341 0.121387 0.0625 0.0453125 0.00252151
56 0.669471 0.311523 0.293269 0.128516 0.00252151
44 0.745192 0.162891 0.0420673 0.0398437 0.00250244
75 0.848558 0.308984 0.0769231 0.121875 0.00247192
41 0.754207 0.0640625 0.0216346 0.0232422 0.00247192
44 0.757212 0.125781 0.0336538 0.0644531 0.0024147
39 0.00961538 0.338672 0.0192308 0.0554687 0.0024147
56 0.0175781 0.43125 0.0327524 0.133594 0.0024147
54 0.860577 0.122363 0.0576923 0.0386719 0.00235939
44 0.802885 0.14043 0.0408654 0.0839844 0.00234985
41 0.628606 0.105957 0.0360577 0.0384766 0.00232315
41 0.847957 0.30918 0.0757212 0.121484 0.00232315
44 0.914063 0.130859 0.0360577 0.0582031 0.00225258
40 0.745192 0.162891 0.0420673 0.0398437 0.00225258
56 0.0109675 0.402246 0.0213341 0.0705078 0.00225258
44 0.770433 0.135645 0.0504808 0.0685547 0.00224304
44 0.866587 0.16709 0.0841346 0.0400391 0.00223351
42 0.245793 0.707812 0.0552885 0.0234375 0.00220871
41 0.00916466 0.350391 0.015625 0.0335938 0.00219917
40 0.794471 0.150684 0.0552885 0.0587891 0.00219917
60 0.821514 0.395313 0.046875 0.021875 0.00218201
41 0.65024 0.113867 0.03125 0.0492188 0.00217438
64 0.711538 0.16875 0.0600962 0.0390625 0.00216484
67 0.667668 0.6375 0.123798 0.13125 0.00215721
40 0.628606 0.0479492 0.0432692 0.05625 0.00213242
41 0.907452 0.123633 0.0288462 0.0457031 0.00208282
56 0.0207332 0.439063 0.0414663 0.0976562 0.0020752
41 0.655649 0.105273 0.0228365 0.03125 0.00206757
56 0.361478 0.232422 0.0438702 0.034375 0.00206757
49 0.36238 0.232422 0.0408654 0.0328125 0.00205803
41 0.895433 0.108594 0.0216346 0.0175781 0.00203514
44 0.770433 0.146582 0.0408654 0.0705078 0.00203514
44 0.754808 0.161719 0.0360577 0.0390625 0.00201035
39 0.474159 0.191016 0.0372596 0.04375 0.00198746
56 0.0320012 0.472266 0.0591947 0.210156 0.0019722
44 0.803486 0.110547 0.0216346 0.0246094 0.00196457
44 0.759615 0.13418 0.0456731 0.075 0.00195694
56 0.0255409 0.446484 0.047476 0.160156 0.00194931
44 0.646034 0.19375 0.0276442 0.0289063 0.00193405
41 0.657452 0.215234 0.0625 0.0601563 0.00192642
42 0.644231 0.64375 0.0673077 0.0695313 0.00190449
40 0.665264 0.0425659 0.0360577 0.0679932 0.00189686
42 0.614183 0.63125 0.228365 0.15 0.00189686
40 0.495192 0.23125 0.0456731 0.034375 0.00187492
13 0.401442 0.649219 0.388221 0.107813 0.00185299
39 0.00916466 0.350391 0.015625 0.0335938 0.00184631
44 0.936298 0.130273 0.0336538 0.0675781 0.00182438
45 0.73738 0.662109 0.263221 0.0773438 0.00182438
56 0.585938 0.639844 0.647837 0.132812 0.0018177
42 0.254507 0.708203 0.0625 0.0265625 0.0018034
40 0.941106 0.112598 0.0216346 0.0341797 0.00178909
44 0.895433 0.108594 0.0216346 0.0175781 0.00176811
60 0.780048 0.279297 0.288462 0.188281 0.00176811
41 0.741587 0.067041 0.0216346 0.0213867 0.00175476
45 0.321514 0.212891 0.0366587 0.0171875 0.00175476
56 0.848558 0.313477 0.078125 0.126953 0.00175476
42 0.739183 0.673438 0.259615 0.226562 0.00174809
46 0.450721 0.233594 0.0504808 0.034375 0.00174141
40 0.902644 0.143164 0.0949519 0.0804688 0.00174141
41 0.479567 0.196094 0.0288462 0.0367188 0.0017271
0 0.451923 0.210938 0.0649038 0.0816406 0.0017271
72 0.848558 0.313477 0.078125 0.126953 0.0017271
73 0.238882 0.762891 0.116587 0.0929688 0.0017271
40 0.645433 0.110937 0.0408654 0.0363281 0.00172043
39 0.941106 0.112598 0.0216346 0.0341797 0.00171375
41 0.647837 0.21875 0.0480769 0.05625 0.00170708
40 0.644231 0.048584 0.0264423 0.0583008 0.00168705
41 0.804087 0.0591797 0.0384615 0.0408203 0.00168705
41 0.667668 0.194922 0.046875 0.0195312 0.00168705
44 0.801683 0.125879 0.03125 0.0572266 0.00166798
45 0.71274 0.139258 0.0625 0.0835937 0.00165462
44 0.657452 0.142188 0.0276442 0.102344 0.00164223
74 0.71274 0.120313 0.0600962 0.0457031 0.00163555
44 0.692308 0.661328 0.111779 0.0929688 0.00162888
67 0.479567 0.196094 0.0288462 0.0367188 0.00162315
41 0.75601 0.101855 0.0216346 0.0203125 0.00161076
56 0.0582933 0.571094 0.094351 0.339063 0.00159168
60 0.602764 0.676562 0.78726 0.142188 0.00158501
45 0.464543 0.229102 0.0384615 0.0304688 0.00156116
44 0.449519 0.200391 0.0612981 0.0714844 0.00155449
71 0.408053 0.247656 0.09375 0.0117188 0.00155449
44 0.698918 0.666406 0.175481 0.198437 0.00154877
40 0.480168 0.234766 0.0240385 0.0304688 0.00154305
60 0.387019 0.712891 0.622596 0.185156 0.00153637
53 0.664062 0.779688 0.623798 0.234375 0.00153065
41 0.770433 0.146582 0.0408654 0.0705078 0.00151253
39 0.479567 0.196094 0.0288462 0.0367188 0.00151253
60 0.530048 0.808008 0.939904 0.374609 0.946289
55 0.668119 0.783008 0.630108 0.230859 0.941406
56 0.401292 0.650781 0.384916 0.109375 0.917969
0 0.91226 0.415625 0.175481 0.529688 0.915039
0 0.197641 0.403125 0.370343 0.698438 0.902832
0 0.585186 0.373828 0.476262 0.600781 0.857422
43 0.667067 0.636719 0.120192 0.1375 0.799316
56 0.107497 0.949219 0.204477 0.1 0.763672
41 0.711538 0.168848 0.0600962 0.0392578 0.710449
41 0.239483 0.7625 0.115385 0.09375 0.600098
41 0.495192 0.233594 0.0456731 0.0335938 0.57373
41 0.450721 0.233594 0.0504808 0.034375 0.546875
41 0.852163 0.168164 0.0564904 0.0382813 0.315674
41 0.713341 0.121289 0.0625 0.0449219 0.303955
41 0.442308 0.187061 0.0480769 0.0415039 0.273682
41 0.36238 0.232617 0.0408654 0.0324219 0.262939
41 0.934495 0.169043 0.0420673 0.0408203 0.23938
45 0.785457 0.664062 0.164663 0.06875 0.221313
41 0.945913 0.169141 0.0649038 0.0421875 0.137939
41 0.859375 0.12168 0.0600962 0.0386719 0.112427
40 0.80649 0.0513672 0.0348558 0.0296875 0.0960083
40 0.79988 0.1625 0.0372596 0.0414063 0.0820923
41 0.353966 0.230859 0.0528846 0.0382813 0.0809326
41 0.79988 0.1625 0.0372596 0.0414063 0.0731812
39 0.847356 0.310937 0.0757212 0.119531 0.0692749
40 0.808894 0.0595703 0.0336538 0.0431641 0.0680542
40 0.859375 0.122656 0.0625 0.0375 0.0545959
40 0.936298 0.130371 0.0336538 0.0675781 0.0522461
44 0.711538 0.168555 0.0600962 0.0394531 0.0456848
45 0.71274 0.121289 0.0625 0.0453125 0.0445251
41 0.464543 0.228906 0.0384615 0.0304688 0.0441895
40 0.907452 0.123633 0.0288462 0.0460938 0.0427246
40 0.783654 0.162109 0.0480769 0.0417969 0.0414734
39 0.932692 0.168164 0.0384615 0.0425781 0.0414734
40 0.914663 0.130859 0.0360577 0.0585938 0.0399475
45 0.710938 0.168555 0.0612981 0.0386719 0.0391846
40 0.759615 0.0504883 0.0384615 0.0509766 0.0348816
40 0.858173 0.168457 0.0673077 0.0380859 0.0328369
40 0.756611 0.162988 0.0408654 0.0408203 0.0322266
49 0.450721 0.233789 0.0528846 0.034375 0.0303345
41 0.71274 0.139063 0.0625 0.0835937 0.0287628
40 0.778846 0.156641 0.0420673 0.0503906 0.0271759
40 0.801683 0.127344 0.0336538 0.0601563 0.0258636
42 0.662861 0.636719 0.115385 0.135937 0.0250854
40 0.847356 0.166992 0.0480769 0.0386719 0.0245209
67 0.238582 0.762891 0.116587 0.0929688 0.024231
40 0.897837 0.119336 0.03125 0.0390625 0.0231476
43 0.615385 0.630469 0.225962 0.152344 0.0223694
43 0.701923 0.668359 0.182692 0.203125 0.0222931
39 0.852163 0.168164 0.0564904 0.0382813 0.021286
40 0.769832 0.135742 0.0504808 0.06875 0.0209656
41 0.756611 0.162988 0.0408654 0.0408203 0.0205688
41 0.455529 0.193359 0.0745192 0.0550781 0.0204926
40 0.71274 0.121973 0.0637019 0.0449219 0.0202484
75 0.852163 0.167383 0.0564904 0.0410156 0.0200195
40 0.757812 0.125781 0.0348558 0.0644531 0.0196381
40 0.772837 0.0564941 0.0360577 0.0438477 0.0192719
40 0.808894 0.0498047 0.0264423 0.0306641 0.0190582
56 0.165264 0.951563 0.280649 0.09375 0.0184021
45 0.442308 0.186914 0.0480769 0.0402344 0.0177765
40 0.755409 0.153809 0.0444712 0.0455078 0.0171814
41 0.783654 0.162109 0.0480769 0.0417969 0.016922
41 0.804087 0.162891 0.0600962 0.0421875 0.016922
39 0.36238 0.232617 0.0408654 0.0324219 0.0157776
43 0.563702 0.625781 0.319712 0.157813 0.0157166
40 0.751202 0.0518555 0.0408654 0.0501953 0.0141144
40 0.936899 0.16875 0.0456731 0.0445313 0.0138474
45 0.450721 0.233594 0.0528846 0.0347656 0.0138474
75 0.711538 0.168848 0.0600962 0.0404297 0.0136871
40 0.811298 0.158008 0.0552885 0.0507812 0.013588
41 0.323918 0.222266 0.0432692 0.03125 0.01297
40 0.890625 0.165723 0.0408654 0.0400391 0.012825
40 0.777644 0.0598633 0.0288462 0.0369141 0.0126266
40 0.805288 0.0456543 0.0408654 0.043457 0.0124283
13 0.110051 0.95 0.201773 0.096875 0.0123825
40 0.758413 0.0563965 0.03125 0.0432617 0.0120087
40 0.809495 0.0466797 0.0300481 0.0400391 0.0114212
44 0.449519 0.233203 0.0528846 0.034375 0.0112
40 0.858173 0.14502 0.0649038 0.0826172 0.011116
39 0.495192 0.233594 0.0456731 0.0335938 0.0110703
41 0.854567 0.263281 0.0408654 0.0265625 0.0107803
40 0.822115 0.0536133 0.0504808 0.0503906 0.0106506
40 0.65024 0.113379 0.03125 0.0482422 0.0103683
40 0.802885 0.140527 0.0408654 0.0841797 0.0102921
45 0.860577 0.122266 0.0576923 0.0390625 0.00967407
39 0.798678 0.162305 0.0420673 0.0421875 0.00919342
40 0.771034 0.146484 0.0420673 0.0710938 0.00908661
56 0.174279 0.871094 0.205529 0.245312 0.00905609
43 0.655649 0.621875 0.108173 0.10625 0.00894928
40 0.71274 0.169727 0.0612981 0.0375 0.00888062
39 0.451322 0.233203 0.0576923 0.0382813 0.00888062
40 0.935096 0.155664 0.03125 0.0265625 0.00881195
44 0.671274 0.638281 0.129808 0.134375 0.00867462
40 0.957933 0.0395996 0.0552885 0.0762695 0.0085144
40 0.891226 0.122363 0.0288462 0.0421875 0.008255
54 0.71274 0.120313 0.0600962 0.0457031 0.00818634
40 0.766827 0.0466919 0.0456731 0.0564209 0.00815582
40 0.890625 0.16416 0.0709135 0.0439453 0.00809479
41 0.78726 0.664062 0.163462 0.06875 0.00793457
41 0.745192 0.162793 0.0432692 0.0396484 0.00790405
44 0.847356 0.166992 0.0480769 0.0386719 0.00790405
75 0.934495 0.169043 0.0420673 0.0408203 0.00787354
41 0.472957 0.191016 0.0396635 0.0441406 0.00784302
27 0.253606 0.252734 0.0949519 0.0710938 0.00784302
40 0.447115 0.187891 0.0600962 0.0457031 0.00760651
40 0.629808 0.108594 0.0348558 0.0359375 0.00754929
74 0.861178 0.122266 0.0600962 0.0378906 0.00751877
41 0.866587 0.16709 0.0841346 0.0400391 0.00737381
40 0.804087 0.162891 0.0600962 0.0421875 0.00734711
44 0.71274 0.120996 0.0612981 0.0443359 0.00725937
40 0.803486 0.110742 0.0216346 0.025 0.00712204
44 0.71274 0.139063 0.0625 0.0835937 0.0069046
41 0.80649 0.0513672 0.0348558 0.0296875 0.00682449
45 0.360577 0.232031 0.0444712 0.034375 0.00682449
40 0.647837 0.137695 0.0384615 0.0957031 0.00679779
40 0.895433 0.108789 0.0216346 0.0179687 0.00677109
40 0.911058 0.114844 0.0204327 0.0292969 0.00671768
60 0.924279 0.683594 0.151442 0.0710938 0.00658798
41 0.646635 0.19375 0.0288462 0.0289063 0.00656509
41 0.321514 0.212891 0.0372596 0.0171875 0.00638962
43 0.692308 0.661328 0.112981 0.0929688 0.00638962
41 0.877404 0.260547 0.0240385 0.028125 0.00636292
43 0.737981 0.673828 0.259615 0.227344 0.00624084
39 0.447115 0.187891 0.0600962 0.0457031 0.00616837
40 0.810096 0.117578 0.0408654 0.046875 0.00609589
41 0.954928 0.0591797 0.0492788 0.0337891 0.00591278
44 0.246094 0.724609 0.0961538 0.0492188 0.00588989
40 0.449519 0.200195 0.0612981 0.0707031 0.005867
56 0.734976 0.309766 0.16226 0.125 0.00582123
41 0.755409 0.153809 0.0444712 0.0455078 0.00579834
43 0.649639 0.632031 0.16226 0.145313 0.00579834
44 0.246094 0.707812 0.0564904 0.0234375 0.00575256
44 0.36238 0.232617 0.0408654 0.0324219 0.00570679
39 0.355769 0.231641 0.0528846 0.0375 0.00564194
40 0.71274 0.139063 0.0625 0.0835937 0.0055542
40 0.451322 0.233203 0.0576923 0.0382813 0.00544739
40 0.455529 0.193359 0.0745192 0.0550781 0.00540543
40 0.828726 0.0511597 0.0396635 0.0551025 0.00538635
44 0.254507 0.708594 0.0637019 0.0265625 0.00536346
40 0.756611 0.102344 0.0216346 0.0214844 0.0053215
41 0.449519 0.200195 0.0612981 0.0707031 0.00530243
45 0.495192 0.233594 0.046875 0.0335938 0.00527954
43 0.685096 0.648438 0.103365 0.1125 0.00518036
56 0.11546 0.894531 0.224609 0.203125 0.00518036
41 0.890625 0.165723 0.0408654 0.0400391 0.00516129
40 0.853365 0.171094 0.0552885 0.03125 0.0051384
39 0.94351 0.168945 0.0612981 0.0429688 0.00510025
39 0.864784 0.309375 0.0432692 0.104688 0.00494385
40 0.921274 0.146484 0.0564904 0.0796875 0.00481033
0 0.923678 0.260547 0.152644 0.208594 0.00479126
40 0.831731 0.0614746 0.0336538 0.0500977 0.00475693
0 0.91226 0.503516 0.174279 0.360156 0.00460815
45 0.852163 0.16875 0.0552885 0.0375 0.00455475
43 0.636418 0.640625 0.0552885 0.0734375 0.00452042
40 0.759615 0.13418 0.0456731 0.075 0.00450516
40 0.741587 0.0671875 0.0216346 0.0210938 0.00446701
39 0.455529 0.193359 0.0745192 0.0550781 0.00443268
39 0.85637 0.121289 0.0528846 0.0402344 0.00436401
43 0.644231 0.646875 0.0480769 0.0625 0.00429916
56 0.197416 0.896875 0.253606 0.2 0.00429916
40 0.627404 0.119336 0.0396635 0.0476562 0.00415039
0 0.84976 0.312891 0.0769231 0.130469 0.00415039
41 0.650841 0.107617 0.0288462 0.0394531 0.00413513
56 0.800481 0.508984 0.117788 0.236719 0.0041008
45 0.934495 0.169043 0.0420673 0.0408203 0.00408554
56 0.820913 0.417188 0.0384615 0.053125 0.00407028
40 0.938702 0.154102 0.0336538 0.0445313 0.00400543
44 0.447115 0.187891 0.0600962 0.0457031 0.00399017
44 0.852163 0.17168 0.0576923 0.0308594 0.00397491
41 0.971154 0.317578 0.0552885 0.053125 0.00397491
40 0.809495 0.113281 0.03125 0.0335938 0.00391388
56 0.727163 0.321875 0.216346 0.142969 0.00385475
41 0.216947 0.764063 0.159856 0.0984375 0.00383949
45 0.409255 0.246484 0.0865385 0.009375 0.00380898
60 0.665264 0.779492 0.623798 0.253516 0.0037365
40 0.88101 0.147363 0.0721154 0.0771484 0.00372124
32 0.496394 0.235352 0.0456731 0.0300781 0.00370789
41 0.759615 0.177539 0.03125 0.0152344 0.00367928
39 0.451923 0.210889 0.0649038 0.0813477 0.00367928
32 0.450721 0.235156 0.0528846 0.0324219 0.00365067
64 0.713341 0.121387 0.0625 0.0453125 0.0036068
75 0.85637 0.121289 0.0528846 0.0402344 0.00355148
44 0.907452 0.123633 0.0288462 0.0460938 0.00355148
54 0.71274 0.169727 0.0612981 0.0375 0.00355148
40 0.954327 0.0592773 0.0504808 0.0339844 0.00352478
40 0.942308 0.127246 0.0288462 0.0640625 0.00351143
44 0.657452 0.124512 0.0240385 0.0662109 0.00344276
42 0.563702 0.625781 0.319712 0.157813 0.00336266
40 0.65625 0.115137 0.0240385 0.0496094 0.00335121
40 0.864784 0.309375 0.0432692 0.104688 0.00333786
41 0.769832 0.135742 0.0504808 0.06875 0.00329781
74 0.954928 0.0591797 0.0492788 0.0337891 0.00327301
44 0.756611 0.102344 0.0216346 0.0214844 0.00325966
41 0.847957 0.30918 0.0757212 0.121094 0.00322342
44 0.859375 0.12168 0.0600962 0.0386719 0.00321007
56 0.668269 0.311328 0.293269 0.128906 0.00314713
39 0.239483 0.764844 0.115986 0.0953125 0.00313568
41 0.628606 0.234766 0.0252404 0.0234375 0.00309944
39 0.711538 0.168555 0.0600962 0.0394531 0.00300407
0 0.355769 0.231641 0.0540865 0.0382813 0.00298119
75 0.450721 0.233594 0.0504808 0.034375 0.00292397
60 0.822115 0.413281 0.0456731 0.05625 0.00292397
40 0.945913 0.169141 0.0649038 0.0421875 0.00287819
75 0.848558 0.308984 0.0769231 0.121875 0.00286674
41 0.759615 0.13418 0.0456731 0.075 0.00283432
40 0.93149 0.168457 0.0384615 0.0392578 0.00283432
41 0.895433 0.178467 0.0420673 0.0157227 0.00279999
40 0.657452 0.124512 0.0240385 0.0662109 0.00279045
41 0.778846 0.156641 0.0420673 0.0503906 0.00277901
40 0.00961538 0.338672 0.0192308 0.0554687 0.0027256
39 0.442308 0.185352 0.0456731 0.0410156 0.00264168
44 0.757812 0.125781 0.0348558 0.0644531 0.00263214
41 0.480168 0.23457 0.0252404 0.0308594 0.00263214
75 0.713341 0.121289 0.0625 0.0449219 0.0026207
44 0.745192 0.162793 0.0432692 0.0396484 0.00260162
40 0.935096 0.149902 0.0384615 0.0666016 0.00258064
40 0.754207 0.0640625 0.0228365 0.0232422 0.00254059
41 0.628606 0.106055 0.0360577 0.0386719 0.00250244
44 0.802885 0.140527 0.0408654 0.0841797 0.0024929
40 0.638822 0.0445435 0.0396635 0.0642334 0.00245285
56 0.0177284 0.431348 0.0330529 0.132617 0.00242424
44 0.769832 0.135742 0.0504808 0.06875 0.0024147
49 0.36238 0.232617 0.0408654 0.0324219 0.00239754
41 0.00916466 0.350586 0.0159255 0.0328125 0.00239754
40 0.853365 0.125391 0.0721154 0.0496094 0.00236893
64 0.711538 0.168848 0.0600962 0.0392578 0.00234985
41 0.907452 0.123633 0.0288462 0.0460938 0.00234222
56 0.361178 0.232422 0.0444712 0.034375 0.00232315
32 0.713341 0.121387 0.0625 0.0453125 0.00228691
44 0.914663 0.130859 0.0360577 0.0585938 0.00227928
60 0.821514 0.395703 0.046875 0.021875 0.00227928
39 0.00961538 0.338672 0.0192308 0.0554687 0.00225258
44 0.866587 0.16709 0.0841346 0.0400391 0.00222588
60 0.779447 0.278906 0.288462 0.1875 0.00222588
41 0.655649 0.105859 0.0228365 0.0320312 0.00221634
56 0.0109675 0.40166 0.0216346 0.0701172 0.00221634
56 0.848558 0.313672 0.0769231 0.126563 0.00221634
41 0.754207 0.0640625 0.0228365 0.0232422 0.00219917
42 0.246094 0.707812 0.0564904 0.0234375 0.00216484
40 0.794471 0.150293 0.0552885 0.0595703 0.00216484
44 0.771034 0.146484 0.0420673 0.0710938 0.00215721
41 0.895433 0.108789 0.0216346 0.0179687 0.00214958
41 0.657452 0.215234 0.0625 0.0601563 0.00209999
44 0.803486 0.110742 0.0216346 0.025 0.00209045
44 0.759615 0.13418 0.0456731 0.075 0.00209045
44 0.754808 0.161719 0.0360577 0.0390625 0.0020752
67 0.667668 0.6375 0.123798 0.13125 0.0020504
40 0.745192 0.162793 0.0432692 0.0396484 0.00204277
42 0.615385 0.630469 0.225962 0.152344 0.00204277
56 0.0207332 0.439453 0.0408654 0.0960938 0.00203514
43 0.676683 0.653125 0.0793269 0.0953125 0.00201988
54 0.860577 0.122266 0.0576923 0.0390625 0.00201988
41 0.647837 0.21875 0.0492788 0.05625 0.00201035
56 0.0333534 0.473047 0.0615986 0.211719 0.00201035
56 0.0262921 0.445996 0.0492788 0.15957 0.00196457
39 0.472957 0.191016 0.0396635 0.0441406 0.00194168
44 0.646635 0.19375 0.0288462 0.0289063 0.00192642
44 0.895433 0.108789 0.0216346 0.0179687 0.00191879
44 0.936298 0.130371 0.0336538 0.0675781 0.00190449
42 0.737981 0.673828 0.259615 0.227344 0.00188923
42 0.644231 0.64375 0.0673077 0.0695313 0.00188255
56 0.0585938 0.573438 0.09375 0.334375 0.00188255
13 0.401442 0.649219 0.387019 0.107813 0.0018177
13 0.801683 0.510156 0.120192 0.223438 0.00181007
40 0.628606 0.0477417 0.0432692 0.0564697 0.00179577
41 0.757812 0.125781 0.0348558 0.0644531 0.00179577
56 0.138522 0.863867 0.24399 0.259766 0.00179577
44 0.801683 0.127344 0.0336538 0.0601563 0.00178909
56 0.605769 0.313867 0.442308 0.133984 0.00178242
45 0.321514 0.212891 0.0372596 0.0171875 0.00177479
41 0.480168 0.196094 0.0300481 0.0367188 0.00177479
40 0.495192 0.23125 0.0456731 0.0335938 0.00176811
42 0.254507 0.708594 0.0637019 0.0265625 0.00174809
40 0.941707 0.112891 0.0228365 0.0347656 0.00174809
40 0.898438 0.143359 0.105769 0.0816406 0.00171375
41 0.804087 0.0591309 0.0384615 0.0407227 0.0017004
41 0.667668 0.194922 0.046875 0.0195312 0.00169373
41 0.741587 0.0671875 0.0216346 0.0210938 0.00168705
41 0.756611 0.102344 0.0216346 0.0214844 0.00168705
45 0.71274 0.139063 0.0625 0.0835937 0.00168705
40 0.665865 0.0423828 0.0360577 0.0683594 0.0016613
44 0.657452 0.142188 0.0276442 0.102344 0.0016613
39 0.00916466 0.350586 0.0159255 0.0328125 0.0016613
56 0.428035 0.286719 0.134315 0.0882813 0.00165462
45 0.736779 0.662109 0.264423 0.078125 0.0016489
60 0.597206 0.677344 0.798377 0.145313 0.0016489
41 0.771034 0.146484 0.0420673 0.0710938 0.00164223
44 0.449519 0.200195 0.0612981 0.0707031 0.00164223
67 0.480168 0.196094 0.0300481 0.0367188 0.00164223
56 0.0804537 0.534277 0.143179 0.34707 0.00164223
56 0.585938 0.639844 0.645433 0.135156 0.00163555
53 0.663462 0.779688 0.622596 0.235938 0.00163555
39 0.941707 0.112891 0.0228365 0.0347656 0.00161076
60 0.385216 0.712109 0.623798 0.189844 0.0015974
58 0.847957 0.311328 0.0757212 0.119531 0.00159168
41 0.00961538 0.338672 0.0192308 0.0554687 0.00158501
46 0.450721 0.233594 0.0504808 0.034375 0.00157356
56 0.023738 0.436719 0.0456731 0.121875 0.00156689
44 0.803486 0.1625 0.0516827 0.0421875 0.00155449
44 0.701923 0.668359 0.182692 0.203125 0.00155449
60 0.530048 0.808008 0.939904 0.374609 0.949707
55 0.668119 0.783008 0.630108 0.230859 0.942383
0 0.91226 0.415625 0.175481 0.529688 0.91748
56 0.400391 0.650781 0.384315 0.108594 0.911133
0 0.197716 0.402734 0.370192 0.697656 0.905762
0 0.585487 0.373437 0.475661 0.6 0.861328
43 0.667067 0.636719 0.120192 0.1375 0.790527
56 0.109375 0.95 0.201923 0.096875 0.762207
41 0.711538 0.16875 0.0600962 0.0390625 0.730957
41 0.495192 0.233789 0.0456731 0.0332031 0.592773
41 0.239183 0.7625 0.115385 0.09375 0.583008
41 0.450721 0.233594 0.0504808 0.034375 0.575684
41 0.852163 0.16875 0.0552885 0.0371094 0.346924
41 0.713341 0.121289 0.0625 0.0449219 0.329346
41 0.442308 0.187061 0.0480769 0.0415039 0.291016
41 0.935096 0.169141 0.0432692 0.040625 0.273682
41 0.362981 0.232617 0.0408654 0.0324219 0.270508
45 0.784856 0.664062 0.165865 0.06875 0.181885
41 0.945913 0.169238 0.0649038 0.0419922 0.154541
41 0.858774 0.121875 0.0588942 0.0382813 0.136597
40 0.80649 0.0512695 0.0348558 0.0295898 0.102295
41 0.800481 0.162402 0.0384615 0.0412109 0.0900879
40 0.800481 0.162402 0.0384615 0.0412109 0.0894775
39 0.847356 0.310937 0.0769231 0.119141 0.0872803
41 0.353966 0.230859 0.0540865 0.0382813 0.0847778
40 0.808894 0.0595215 0.0336538 0.0430664 0.0726318
40 0.936298 0.129883 0.0336538 0.0664062 0.0596619
40 0.859976 0.122754 0.0612981 0.0373047 0.0568542
44 0.711538 0.168555 0.0600962 0.0394531 0.0503235
40 0.907452 0.123145 0.0288462 0.0451172 0.0499573
41 0.465144 0.228906 0.0384615 0.0300781 0.0472412
40 0.914063 0.129492 0.0360577 0.0558594 0.0463867
45 0.71274 0.121484 0.0625 0.0453125 0.0438538
40 0.784255 0.162109 0.0516827 0.0417969 0.0420837
39 0.932692 0.168164 0.0384615 0.0425781 0.0406799
45 0.710938 0.168555 0.0612981 0.0386719 0.0397949
40 0.759615 0.0503784 0.0384615 0.0508057 0.0393372
41 0.71274 0.138867 0.0625 0.0828125 0.032959
40 0.852163 0.16748 0.0552885 0.0408203 0.0305634
40 0.756611 0.162891 0.0420673 0.040625 0.0304413
49 0.450721 0.233789 0.0528846 0.034375 0.0302124
40 0.802284 0.124805 0.0324519 0.0554687 0.0298767
40 0.778846 0.155957 0.0432692 0.0513672 0.0297546
40 0.897837 0.119336 0.03125 0.0386719 0.0283356
42 0.66226 0.636328 0.115385 0.135937 0.0240479
67 0.238582 0.763281 0.116587 0.09375 0.0230713
40 0.769832 0.134766 0.0504808 0.0667969 0.0229797
43 0.616587 0.630469 0.223558 0.151562 0.0224609
40 0.71274 0.121973 0.0625 0.0447266 0.0223694
41 0.756611 0.162891 0.0420673 0.040625 0.0222931
43 0.701923 0.667188 0.182692 0.201563 0.0222015
40 0.758413 0.125781 0.0360577 0.0640625 0.02211
39 0.852163 0.168262 0.0552885 0.0380859 0.021698
41 0.455529 0.192969 0.0745192 0.0546875 0.0216217
40 0.771635 0.0560547 0.0384615 0.0441406 0.0209656
41 0.805288 0.162891 0.0600962 0.0421875 0.0204926
40 0.808894 0.0498047 0.0264423 0.0304688 0.0202484
75 0.852163 0.16748 0.0552885 0.0408203 0.0200958
45 0.442308 0.186914 0.0480769 0.0402344 0.0196381
41 0.784255 0.162109 0.0516827 0.0417969 0.0191956
40 0.755409 0.153027 0.0456731 0.0466797 0.0179901
40 0.811298 0.157813 0.0552885 0.0507812 0.0166626
43 0.566707 0.625 0.313702 0.157813 0.0161591
40 0.751803 0.051709 0.0420673 0.0500977 0.0158386
39 0.362981 0.232617 0.0408654 0.0324219 0.0157776
40 0.936899 0.16875 0.0456731 0.0441406 0.0149002
45 0.45012 0.233594 0.0540865 0.034375 0.0146713
75 0.711538 0.168945 0.0600962 0.0402344 0.014389
40 0.805288 0.0454956 0.0408654 0.0433838 0.0142288
41 0.323918 0.222461 0.0432692 0.0316406 0.0135345
40 0.777644 0.0597168 0.0288462 0.0368164 0.0134811
56 0.164964 0.951563 0.282452 0.09375 0.0132217
40 0.758413 0.0562012 0.03125 0.043457 0.0130234
40 0.890625 0.165723 0.0408654 0.0400391 0.0126724
40 0.809495 0.0464844 0.0300481 0.0400391 0.0125275
44 0.449519 0.233398 0.0528846 0.0339844 0.0120087
40 0.802885 0.140332 0.0408654 0.0833984 0.0119629
13 0.10607 0.948438 0.20613 0.1 0.011734
39 0.495192 0.233789 0.0456731 0.0332031 0.0115051
40 0.822115 0.0535156 0.0504808 0.0501953 0.0113297
40 0.65024 0.113086 0.03125 0.0476562 0.0113297
41 0.854567 0.263281 0.0408654 0.0265625 0.0112915
40 0.858173 0.145117 0.0649038 0.0824219 0.0111618
45 0.860577 0.122461 0.0576923 0.0386719 0.0108566
40 0.867188 0.167187 0.0841346 0.0398437 0.0105667
40 0.771034 0.146289 0.0420673 0.0707031 0.01017
43 0.655649 0.621875 0.106971 0.105469 0.00981903
40 0.957933 0.0396606 0.0552885 0.0763428 0.00959778
40 0.935096 0.155176 0.03125 0.0255859 0.00948334
40 0.71274 0.169629 0.0612981 0.0373047 0.00948334
39 0.798678 0.162305 0.0432692 0.0417969 0.00945282
40 0.891827 0.122266 0.0288462 0.0417969 0.00923157
39 0.451322 0.233203 0.0576923 0.0382813 0.0091629
40 0.766827 0.046582 0.0456731 0.0564453 0.00908661
44 0.847356 0.166992 0.0480769 0.0386719 0.00881195
41 0.867188 0.167187 0.0841346 0.0398437 0.00861359
44 0.71274 0.120996 0.0612981 0.0441406 0.00857544
40 0.803486 0.11084 0.0216346 0.0251953 0.0085144
41 0.746394 0.162793 0.0432692 0.0396484 0.0085144
56 0.173678 0.870313 0.205529 0.246875 0.0085144
54 0.71274 0.12041 0.0600962 0.0457031 0.00841522
41 0.78726 0.664062 0.163462 0.06875 0.00837708
40 0.629808 0.108691 0.0360577 0.0357422 0.00815582
41 0.473558 0.191064 0.0384615 0.0436523 0.00815582
40 0.447115 0.187891 0.0600962 0.0457031 0.00812531
40 0.896034 0.108789 0.0216346 0.0179687 0.00809479
40 0.911058 0.114063 0.0204327 0.0277344 0.00806427
44 0.71274 0.138867 0.0625 0.0828125 0.0078125
41 0.80649 0.0512695 0.0348558 0.0295898 0.00775528
40 0.805288 0.162891 0.0600962 0.0421875 0.00775528
40 0.891827 0.164453 0.0697115 0.0433594 0.00766754
40 0.810096 0.117188 0.0408654 0.0464844 0.00748825
75 0.935096 0.169141 0.0432692 0.040625 0.00748825
40 0.647837 0.137305 0.0396635 0.0949219 0.00737381
44 0.671274 0.637891 0.128606 0.135156 0.00731659
60 0.924279 0.683594 0.151442 0.0703125 0.00728989
41 0.755409 0.153027 0.0456731 0.0466797 0.00723267
41 0.646635 0.19375 0.0288462 0.0296875 0.00723267
41 0.954327 0.0591309 0.0480769 0.0336914 0.00703812
41 0.877404 0.260547 0.0240385 0.028125 0.00703812
43 0.692308 0.660937 0.111779 0.0921875 0.00703812
45 0.360577 0.232031 0.0444712 0.0339844 0.0069313
41 0.321514 0.212891 0.0372596 0.0171875 0.00661469
39 0.447115 0.187891 0.0600962 0.0457031 0.00629044
44 0.362981 0.232617 0.0408654 0.0324219 0.00629044
56 0.114784 0.894531 0.222356 0.203125 0.00624084
27 0.253305 0.252734 0.0955529 0.0710938 0.00612259
40 0.756611 0.102637 0.0216346 0.021875 0.00605011
40 0.449519 0.199658 0.0612981 0.0694336 0.00605011
56 0.734375 0.30957 0.16226 0.124609 0.00600433
41 0.890625 0.165723 0.0408654 0.0400391 0.00582123
44 0.246094 0.724609 0.0961538 0.0484375 0.00579834
74 0.861178 0.122461 0.0600962 0.0378906 0.00577545
39 0.355769 0.231836 0.0528846 0.0375 0.00577545
43 0.649639 0.631641 0.16226 0.146094 0.00568771
40 0.828726 0.0509766 0.0396635 0.0548828 0.00566483
41 0.449519 0.199658 0.0612981 0.0694336 0.00566483
40 0.451322 0.233203 0.0576923 0.0382813 0.00566483
40 0.455529 0.192969 0.0745192 0.0546875 0.00557709
40 0.71274 0.138867 0.0625 0.0828125 0.0055542
44 0.246394 0.707812 0.0564904 0.0234375 0.00553513
39 0.944111 0.168945 0.0612981 0.0425781 0.00536346
45 0.495192 0.233594 0.046875 0.0335938 0.00534439
39 0.864183 0.30918 0.0432692 0.105078 0.00534439
40 0.921875 0.146582 0.0552885 0.0791016 0.00527954
44 0.254207 0.708594 0.0637019 0.0265625 0.00519943
43 0.739183 0.674219 0.262019 0.229687 0.00510025
41 0.650841 0.107617 0.0288462 0.0394531 0.00502014
45 0.852163 0.16875 0.0552885 0.0371094 0.00502014
43 0.637019 0.640625 0.0552885 0.0734375 0.00500107
40 0.759615 0.133887 0.0456731 0.0740234 0.00498199
56 0.800481 0.508984 0.117788 0.236719 0.00498199
0 0.923678 0.260596 0.152644 0.208496 0.00492477
45 0.935096 0.169141 0.0432692 0.040625 0.0049057
40 0.831731 0.061377 0.0336538 0.0499023 0.00488663
39 0.856971 0.121289 0.0528846 0.0402344 0.00484848
40 0.808894 0.113281 0.03125 0.0335938 0.00468063
40 0.742188 0.0669922 0.0228365 0.0214844 0.00466537
44 0.852163 0.17168 0.0576923 0.0308594 0.00466537
43 0.644231 0.646875 0.0480769 0.0625 0.00462723
40 0.627404 0.120215 0.0420673 0.0494141 0.00460815
44 0.447115 0.187891 0.0600962 0.0457031 0.00457382
44 0.907452 0.123145 0.0288462 0.0451172 0.00438309
39 0.455529 0.192969 0.0745192 0.0546875 0.00438309
40 0.938702 0.153027 0.0336538 0.0419922 0.00434875
45 0.409255 0.246484 0.0865385 0.009375 0.00419998
41 0.847957 0.309375 0.0757212 0.121094 0.00419998
56 0.730769 0.32168 0.209135 0.142578 0.00418091
44 0.657452 0.122656 0.0240385 0.0625 0.00407028
40 0.941707 0.127148 0.0300481 0.0636719 0.00405502
60 0.665264 0.779688 0.623798 0.25625 0.00405502
0 0.84976 0.313867 0.0757212 0.131641 0.00402451
41 0.759615 0.177539 0.03125 0.0152344 0.00400543
56 0.820913 0.417188 0.0384615 0.053125 0.00397491
0 0.91226 0.508594 0.174279 0.348438 0.00397491
41 0.769832 0.134766 0.0504808 0.0667969 0.00392914
40 0.88101 0.147461 0.0733173 0.0769531 0.00392914
44 0.858774 0.121875 0.0588942 0.0382813 0.00390053
56 0.197641 0.896094 0.253756 0.201563 0.00385475
75 0.856971 0.121289 0.0528846 0.0402344 0.00383949
41 0.971154 0.317578 0.0552885 0.053125 0.00378036
39 0.451322 0.211279 0.0649038 0.0805664 0.00378036
41 0.759615 0.133887 0.0456731 0.0740234 0.00376511
32 0.496394 0.235352 0.0444712 0.0300781 0.00376511
44 0.756611 0.102637 0.0216346 0.021875 0.00374985
32 0.450721 0.235156 0.0528846 0.0320312 0.00370789
40 0.864183 0.30918 0.0432692 0.105078 0.00367928
40 0.954327 0.0592773 0.0504808 0.0337891 0.00366402
40 0.65625 0.114941 0.0240385 0.0490234 0.00362206
54 0.71274 0.169629 0.0612981 0.0373047 0.00362206
64 0.713341 0.121387 0.0625 0.0451172 0.00352478
41 0.778846 0.155957 0.0432692 0.0513672 0.00351143
42 0.566707 0.625 0.313702 0.157813 0.00345612
39 0.239183 0.764844 0.116587 0.0953125 0.00342941
56 0.676683 0.311328 0.276442 0.128125 0.00341606
41 0.215144 0.764063 0.163462 0.0984375 0.00335121
39 0.711538 0.168555 0.0600962 0.0394531 0.00331116
75 0.848558 0.308984 0.0769231 0.121875 0.00322342
41 0.628606 0.23457 0.0252404 0.0238281 0.00319672
41 0.895433 0.178564 0.0420673 0.0163086 0.00309944
44 0.758413 0.125781 0.0360577 0.0640625 0.0030632
40 0.00961538 0.338672 0.0192308 0.0554687 0.00300407
41 0.907452 0.123145 0.0288462 0.0451172 0.00299263
44 0.802885 0.140332 0.0408654 0.0833984 0.00299263
60 0.822115 0.413281 0.0456731 0.05625 0.00298119
41 0.628606 0.106055 0.0372596 0.0386719 0.0029583
40 0.657452 0.122656 0.0240385 0.0625 0.00292397
74 0.954327 0.0591309 0.0480769 0.0336914 0.00290108
75 0.450721 0.233594 0.0504808 0.034375 0.0028553
40 0.93149 0.168359 0.0384615 0.0390625 0.00283432
44 0.746394 0.162793 0.0432692 0.0396484 0.00279999
39 0.442308 0.185352 0.0456731 0.0410156 0.00279999
44 0.769832 0.134766 0.0504808 0.0667969 0.00279045
40 0.945913 0.169238 0.0649038 0.0419922 0.00277901
40 0.638221 0.0443359 0.0408654 0.0644531 0.00273705
44 0.914063 0.129492 0.0360577 0.0558594 0.0026722
0 0.355769 0.231641 0.0540865 0.0382813 0.0026722
41 0.00916466 0.350586 0.0159255 0.0328125 0.00263214
75 0.713341 0.121289 0.0625 0.0449219 0.0026207
40 0.754808 0.0638672 0.0240385 0.0238281 0.00261116
41 0.480769 0.234375 0.0240385 0.0304688 0.00259018
41 0.896034 0.108789 0.0216346 0.0179687 0.00258064
41 0.655649 0.10625 0.0228365 0.0330078 0.00257111
44 0.771034 0.146289 0.0420673 0.0707031 0.00257111
40 0.79387 0.150391 0.0552885 0.0585938 0.00257111
40 0.935096 0.149121 0.0408654 0.0658203 0.00254059
44 0.759615 0.133887 0.0456731 0.0740234 0.00250244
49 0.362981 0.232617 0.0408654 0.0324219 0.00248146
56 0.0180288 0.432129 0.0336538 0.13418 0.00247192
44 0.803486 0.11084 0.0216346 0.0251953 0.00246239
44 0.867188 0.167187 0.0841346 0.0398437 0.00245285
40 0.852764 0.123828 0.0721154 0.0464844 0.00242424
60 0.821514 0.395313 0.046875 0.021875 0.00240517
64 0.711538 0.16875 0.0600962 0.0390625 0.002388
44 0.646635 0.19375 0.0288462 0.0296875 0.00234985
39 0.00961538 0.338672 0.0192308 0.0554687 0.00232315
44 0.896034 0.108789 0.0216346 0.0179687 0.00231361
41 0.758413 0.125781 0.0360577 0.0640625 0.00228691
41 0.754808 0.0638672 0.0240385 0.0238281 0.00228691
56 0.361478 0.232422 0.0438702 0.0339844 0.00226974
44 0.754808 0.161719 0.0384615 0.0390625 0.00225258
41 0.657452 0.215234 0.0625 0.0601563 0.00223351
54 0.860577 0.122461 0.0576923 0.0386719 0.00223351
56 0.0111178 0.401563 0.0216346 0.0695313 0.00219917
44 0.9375 0.125781 0.03125 0.0576172 0.00218201
42 0.246394 0.707812 0.0564904 0.0234375 0.00218201
40 0.451322 0.211279 0.0649038 0.0805664 0.00218201
56 0.848558 0.313281 0.0769231 0.126563 0.00218201
41 0.647837 0.218359 0.0480769 0.0566406 0.00217438
60 0.780048 0.279297 0.283654 0.1875 0.00214958
56 0.138822 0.8625 0.243389 0.2625 0.00214958
56 0.058143 0.572656 0.0940505 0.335938 0.00213242
43 0.676683 0.652734 0.0793269 0.0960938 0.00211525
32 0.713341 0.121387 0.0625 0.0451172 0.00209045
56 0.0345553 0.476172 0.0643029 0.217969 0.00209045
41 0.811298 0.157813 0.0552885 0.0507812 0.00208282
44 0.802284 0.124805 0.0324519 0.0554687 0.0020752
41 0.771034 0.146289 0.0420673 0.0707031 0.0020752
56 0.0207332 0.439844 0.0408654 0.096875 0.00205803
56 0.428936 0.285156 0.13732 0.0835937 0.0020504
42 0.616587 0.630469 0.223558 0.151562 0.00203514
40 0.628606 0.047644 0.0432692 0.0564697 0.0019722
44 0.657452 0.141602 0.0276442 0.101172 0.0019722
40 0.941707 0.112598 0.0228365 0.0345703 0.00196457
56 0.027494 0.448828 0.0513822 0.164844 0.00196457
39 0.473558 0.191064 0.0384615 0.0436523 0.00195694
41 0.480168 0.196094 0.0300481 0.0367188 0.00195694
40 0.746394 0.162793 0.0432692 0.0396484 0.00194931
13 0.801683 0.510156 0.120192 0.223438 0.00192642
56 0.60637 0.313672 0.438702 0.133594 0.00191879
41 0.756611 0.102637 0.0216346 0.021875 0.00189686
42 0.644231 0.64375 0.0673077 0.0703125 0.00188923
41 0.804087 0.0590332 0.0384615 0.0405273 0.00188255
56 0.0788011 0.535547 0.140475 0.35 0.00188255
67 0.667067 0.6375 0.122596 0.130469 0.00186729
40 0.853365 0.137305 0.0697115 0.0648438 0.00186062
40 0.665865 0.0421875 0.0372596 0.0685547 0.00185299
44 0.449519 0.199658 0.0612981 0.0694336 0.00185299
45 0.321514 0.212891 0.0372596 0.0171875 0.00183868
41 0.742188 0.0669922 0.0228365 0.0214844 0.00183105
40 0.495192 0.23125 0.0456731 0.0335938 0.00182438
40 0.629808 0.136328 0.0528846 0.0847656 0.0018034
45 0.71274 0.138867 0.0625 0.0828125 0.00179577
44 0.804087 0.162402 0.0528846 0.0423828 0.00179577
41 0.00961538 0.338672 0.0192308 0.0554687 0.00179577
42 0.254207 0.708594 0.0637019 0.0265625 0.00178909
60 0.644832 0.82207 0.703125 0.333984 0.00178909
41 0.941707 0.112598 0.0228365 0.0345703 0.00178242
60 0.605168 0.676562 0.783654 0.145313 0.00176144
40 0.644832 0.111426 0.0396635 0.0373047 0.00175476
13 0.401442 0.649219 0.387019 0.107813 0.00174141
53 0.663462 0.779688 0.622596 0.235938 0.00174141
39 0.941707 0.112598 0.0228365 0.0345703 0.0017271
41 0.758413 0.0562012 0.03125 0.043457 0.00172043
41 0.667067 0.194922 0.0480769 0.0195312 0.00171375
40 0.644231 0.0481445 0.0264423 0.0589844 0.00168133
41 0.935096 0.155176 0.03125 0.0255859 0.00168133
40 0.903245 0.143164 0.0949519 0.0800781 0.00165462
39 0.00916466 0.350586 0.0159255 0.0328125 0.00164223
56 0.0240385 0.436719 0.046274 0.122656 0.00164223
60 0.529447 0.808008 0.941106 0.374609 0.949219
55 0.668119 0.782031 0.630108 0.229687 0.943359
0 0.91226 0.415625 0.175481 0.528906 0.920898
0 0.197716 0.401953 0.370192 0.696094 0.910645
56 0.40024 0.650781 0.384615 0.107813 0.894043
0 0.584736 0.373633 0.47476 0.599609 0.864746
43 0.667067 0.636328 0.120192 0.136719 0.778809
41 0.711538 0.168945 0.0600962 0.0386719 0.746094
56 0.109375 0.95 0.201923 0.096875 0.73584
41 0.450721 0.233594 0.0504808 0.034375 0.598145
41 0.495192 0.233984 0.0456731 0.0328125 0.596191
41 0.239183 0.7625 0.115385 0.09375 0.554688
41 0.852163 0.168945 0.0552885 0.0367188 0.373779
41 0.713341 0.121387 0.0625 0.0445313 0.343262
41 0.442909 0.186914 0.0492788 0.0414063 0.307373
41 0.935096 0.169141 0.0432692 0.040625 0.295898
41 0.362981 0.232617 0.0408654 0.0320312 0.291016
41 0.945913 0.169336 0.0649038 0.0417969 0.162964
45 0.784856 0.664062 0.165865 0.06875 0.157715
41 0.858774 0.121973 0.0588942 0.0380859 0.154541
40 0.80649 0.0511719 0.0360577 0.0296875 0.105957
39 0.847356 0.310937 0.0769231 0.119141 0.103394
41 0.800481 0.1625 0.0384615 0.0410156 0.101257
41 0.353365 0.230664 0.0546875 0.0378906 0.0953369
40 0.800481 0.1625 0.0384615 0.0410156 0.0875854
40 0.808894 0.059375 0.0336538 0.0429688 0.076416
40 0.936298 0.129688 0.0348558 0.0660156 0.0574951
40 0.859976 0.122656 0.0612981 0.0371094 0.0545959
44 0.711538 0.168555 0.0600962 0.0390625 0.0541992
40 0.907452 0.12334 0.0300481 0.0453125 0.0510864
41 0.464543 0.228516 0.0384615 0.0296875 0.0486755
40 0.914663 0.129199 0.0372596 0.0548828 0.0463867
45 0.71274 0.121484 0.0625 0.0449219 0.0445251
40 0.759615 0.0503418 0.0384615 0.0506836 0.0423889
45 0.710938 0.168555 0.0612981 0.0382813 0.0419312
40 0.784856 0.162012 0.0540865 0.0416016 0.0414734
39 0.933293 0.168164 0.0396635 0.0421875 0.0405273
41 0.71274 0.13877 0.0625 0.0822266 0.0368958
49 0.450721 0.233789 0.0528846 0.0339844 0.036499
40 0.779447 0.155273 0.0444712 0.0527344 0.0302124
40 0.802284 0.124414 0.0324519 0.0542969 0.0301056
40 0.852163 0.16748 0.0552885 0.0404297 0.0298767
40 0.75601 0.162891 0.0432692 0.040625 0.028656
40 0.897837 0.119336 0.03125 0.0386719 0.0281067
41 0.754808 0.161719 0.0384615 0.0390625 0.0247955
41 0.455529 0.192969 0.0745192 0.0546875 0.0244293
40 0.758413 0.125586 0.0360577 0.0636719 0.0238647
42 0.66226 0.635938 0.115385 0.135937 0.0235138
43 0.61899 0.629687 0.21875 0.153125 0.0233307
41 0.804087 0.162695 0.0600962 0.0421875 0.0231476
40 0.770433 0.134277 0.0504808 0.0650391 0.0227203
43 0.703125 0.667188 0.185096 0.201563 0.0227203
40 0.771635 0.0558105 0.0384615 0.0442383 0.0224609
67 0.238582 0.763281 0.116587 0.09375 0.0219421
40 0.71274 0.121875 0.0625 0.0441406 0.0218658
39 0.852163 0.168359 0.0552885 0.0375 0.0217743
45 0.442308 0.186914 0.0480769 0.0398437 0.021286
41 0.784856 0.162012 0.0540865 0.0416016 0.0212097
40 0.808894 0.0497559 0.0264423 0.0301758 0.0204163
75 0.852163 0.16748 0.0552885 0.0404297 0.0198669
40 0.755409 0.15293 0.0456731 0.0476562 0.0177155
40 0.811298 0.157813 0.0552885 0.0507812 0.0173798
40 0.752404 0.0516113 0.0432692 0.0500977 0.0173035
43 0.566106 0.625 0.314904 0.159375 0.0171814
39 0.362981 0.232617 0.0408654 0.0320312 0.0163422
75 0.711538 0.169043 0.0600962 0.0400391 0.016098
45 0.45012 0.233594 0.0540865 0.034375 0.0153656
40 0.936899 0.168555 0.0456731 0.0441406 0.0153046
41 0.323918 0.222656 0.0432692 0.0320312 0.0146713
40 0.805288 0.04552 0.0408654 0.043335 0.0145569
40 0.777043 0.059668 0.0288462 0.0369141 0.0143356
40 0.759014 0.0560547 0.0324519 0.0435547 0.014061
40 0.809495 0.0464355 0.0300481 0.0399414 0.0125275
40 0.65024 0.1125 0.03125 0.0460938 0.0125275
13 0.105769 0.947656 0.206731 0.0984375 0.0125275
40 0.890625 0.165625 0.0408654 0.0398437 0.012291
44 0.449519 0.233594 0.0528846 0.0335938 0.0121918
40 0.802885 0.140723 0.0420673 0.0830078 0.0119629
41 0.854567 0.263281 0.0408654 0.0265625 0.0117798
56 0.16534 0.951563 0.283504 0.09375 0.0115967
40 0.822115 0.0531738 0.0504808 0.0499023 0.0113297
45 0.859375 0.12207 0.0600962 0.0378906 0.0109863
40 0.858173 0.145117 0.0649038 0.0824219 0.0109024
39 0.495192 0.233984 0.0456731 0.0328125 0.0108185
43 0.655048 0.621875 0.105769 0.104688 0.0106506
40 0.867188 0.167187 0.0841346 0.0394531 0.0104065
40 0.771635 0.146387 0.0432692 0.0701172 0.0103683
44 0.847356 0.16709 0.0480769 0.0380859 0.00985718
41 0.867188 0.167187 0.0841346 0.0394531 0.00985718
44 0.71274 0.121094 0.0600962 0.04375 0.00978088
39 0.799279 0.162305 0.0432692 0.0417969 0.00959778
41 0.746394 0.162891 0.0456731 0.0398437 0.00952148
40 0.766827 0.0465698 0.0456731 0.0562744 0.00941467
40 0.935096 0.155273 0.03125 0.0257812 0.00937653
40 0.71274 0.169727 0.0612981 0.0371094 0.00933838
39 0.451322 0.233008 0.0576923 0.0378906 0.0091629
54 0.71274 0.120313 0.0600962 0.0457031 0.00905609
40 0.630409 0.108789 0.0372596 0.0355469 0.00878143
41 0.78726 0.664062 0.163462 0.06875 0.00878143
40 0.957933 0.039502 0.0564904 0.0764648 0.00871277
40 0.803486 0.110742 0.0216346 0.025 0.00871277
40 0.447115 0.187891 0.0600962 0.0453125 0.00871277
41 0.472356 0.19082 0.0408654 0.04375 0.00867462
40 0.891827 0.122266 0.0288462 0.0410156 0.00857544
44 0.71274 0.13877 0.0625 0.0822266 0.00854492
41 0.755409 0.15293 0.0456731 0.0476562 0.00854492
41 0.80649 0.0511719 0.0360577 0.0296875 0.00847626
40 0.911058 0.114453 0.0216346 0.0283203 0.00841522
40 0.647236 0.137109 0.0408654 0.0941406 0.00831604
40 0.896034 0.108789 0.0216346 0.0175781 0.008255
56 0.173678 0.87168 0.205529 0.244141 0.00800323
41 0.646635 0.19375 0.0288462 0.0289063 0.00784302
56 0.114108 0.894531 0.221304 0.203125 0.00775528
40 0.804087 0.162695 0.0600962 0.0421875 0.00772476
40 0.810096 0.116992 0.0408654 0.0458984 0.00748825
40 0.890625 0.164062 0.0733173 0.04375 0.00743103
60 0.924279 0.683594 0.151442 0.0703125 0.00731659
75 0.935096 0.169141 0.0432692 0.040625 0.00725937
41 0.877404 0.260547 0.0240385 0.0277344 0.00725937
41 0.321514 0.212891 0.0372596 0.0171875 0.00698471
43 0.692308 0.660937 0.112981 0.0921875 0.00698471
45 0.360577 0.232031 0.0456731 0.0335938 0.0069046
44 0.670673 0.6375 0.127404 0.134375 0.00674438
41 0.954327 0.0591797 0.0480769 0.0335938 0.00671768
41 0.890625 0.165625 0.0408654 0.0398437 0.00653839
39 0.447115 0.187891 0.0600962 0.0453125 0.0064888
44 0.362981 0.232617 0.0408654 0.0320312 0.0064888
44 0.245793 0.724219 0.0973558 0.0484375 0.00643921
56 0.801082 0.509375 0.117788 0.2375 0.00641251
40 0.756611 0.10293 0.0216346 0.0222656 0.00636292
40 0.449519 0.199023 0.0600962 0.0683594 0.00624084
56 0.734375 0.308984 0.161058 0.123438 0.00624084
41 0.650841 0.107617 0.0288462 0.0390625 0.00616837
43 0.686298 0.650781 0.09375 0.107813 0.00609589
41 0.449519 0.199023 0.0600962 0.0683594 0.006073
40 0.455529 0.192969 0.0745192 0.0546875 0.00588989
44 0.246394 0.708203 0.0576923 0.0234375 0.00588989
40 0.451322 0.233008 0.0576923 0.0378906 0.00579834
40 0.71274 0.13877 0.0625 0.0822266 0.00577545
39 0.355769 0.231836 0.0540865 0.0371094 0.00577545
43 0.65024 0.630859 0.161058 0.146875 0.00577545
45 0.495192 0.233984 0.046875 0.0328125 0.00572968
41 0.847957 0.30918 0.0757212 0.120703 0.00564194
45 0.852163 0.168945 0.0552885 0.0367188 0.00559998
39 0.864183 0.308789 0.0456731 0.105469 0.0055542
39 0.94351 0.169141 0.0600962 0.0421875 0.00551224
44 0.852764 0.171875 0.0576923 0.0304688 0.00547028
44 0.254207 0.708594 0.0649038 0.0265625 0.00547028
40 0.628606 0.12002 0.0432692 0.0494141 0.00524139
40 0.921274 0.146582 0.0576923 0.0787109 0.00521851
45 0.935096 0.169141 0.0432692 0.040625 0.0051384
40 0.759615 0.133789 0.0456731 0.0738281 0.00510025
39 0.856971 0.121289 0.0528846 0.0398437 0.0050621
74 0.861178 0.122461 0.0600962 0.0375 0.0050621
27 0.253005 0.252734 0.0961538 0.0710938 0.00503922
43 0.637019 0.640625 0.0564904 0.0734375 0.00498199
43 0.738582 0.674219 0.260817 0.229687 0.00496292
40 0.742188 0.066748 0.0228365 0.0217773 0.00486755
40 0.808894 0.113281 0.03125 0.0332031 0.00481033
44 0.907452 0.12334 0.0300481 0.0453125 0.00481033
40 0.830529 0.0612793 0.0360577 0.0499023 0.00477219
45 0.408654 0.246484 0.0865385 0.009375 0.00475693
44 0.858774 0.121973 0.0588942 0.0380859 0.00469971
56 0.730769 0.321875 0.207933 0.142969 0.00462723
41 0.759615 0.133789 0.0456731 0.0738281 0.00460815
44 0.447115 0.187891 0.0600962 0.0453125 0.00453949
41 0.770433 0.134277 0.0504808 0.0650391 0.00450516
39 0.455529 0.192969 0.0745192 0.0546875 0.00445175
40 0.938702 0.15332 0.0336538 0.0429688 0.00441742
75 0.856971 0.121289 0.0528846 0.0398437 0.00438309
44 0.657452 0.121875 0.0240385 0.0609375 0.00438309
0 0.923678 0.260742 0.152644 0.208203 0.00438309
43 0.644231 0.646875 0.0492788 0.0625 0.00434875
41 0.759615 0.177148 0.03125 0.0160156 0.0042305
54 0.71274 0.169727 0.0612981 0.0371094 0.0042305
41 0.779447 0.155273 0.0444712 0.0527344 0.00416565
40 0.941707 0.126953 0.0300481 0.0636719 0.00413513
60 0.664663 0.779688 0.622596 0.25625 0.00408554
44 0.756611 0.10293 0.0216346 0.0222656 0.00405502
32 0.450721 0.235352 0.0528846 0.0320312 0.00400543
40 0.65625 0.114648 0.0240385 0.0480469 0.00390053
32 0.496394 0.235547 0.0456731 0.0296875 0.00390053
56 0.821514 0.417188 0.0396635 0.0539063 0.00388527
56 0.198017 0.896875 0.253606 0.2 0.00385475
40 0.864183 0.308789 0.0456731 0.105469 0.00383949
40 0.879808 0.147461 0.0745192 0.0765625 0.00380898
64 0.713341 0.121387 0.0625 0.0447266 0.0037365
39 0.450721 0.211133 0.0649038 0.0804688 0.0037365
42 0.566106 0.625 0.314904 0.159375 0.00369263
75 0.848558 0.308984 0.0769231 0.121094 0.00365067
39 0.239183 0.765234 0.116587 0.0960938 0.00365067
44 0.758413 0.125586 0.0360577 0.0636719 0.00362206
0 0.84976 0.313672 0.0757212 0.13125 0.00362206
39 0.711538 0.168555 0.0600962 0.0390625 0.00356483
56 0.675481 0.310937 0.276442 0.127734 0.00355148
41 0.629207 0.105957 0.0384615 0.0384766 0.00353813
41 0.217548 0.764453 0.158654 0.0976562 0.00348282
41 0.907452 0.12334 0.0300481 0.0453125 0.00342941
44 0.802885 0.140723 0.0420673 0.0830078 0.00336266
41 0.895433 0.17832 0.0432692 0.0164063 0.00333786
40 0.954327 0.0593262 0.0504808 0.0336914 0.00331116
41 0.628606 0.234766 0.0252404 0.0234375 0.00322342
0 0.91226 0.510938 0.174279 0.34375 0.00311089
40 0.00976562 0.338672 0.0195312 0.0554687 0.00309944
41 0.971154 0.317969 0.0552885 0.0539063 0.00307465
44 0.770433 0.134277 0.0504808 0.0650391 0.0030632
49 0.362981 0.232617 0.0408654 0.0320312 0.00302696
44 0.759615 0.133789 0.0456731 0.0738281 0.0029583
44 0.746394 0.162891 0.0456731 0.0398437 0.00294685
60 0.822115 0.413281 0.046875 0.05625 0.00294685
56 0.428936 0.285156 0.13732 0.0835937 0.00294685
41 0.655649 0.10625 0.0228365 0.0328125 0.00293541
41 0.758413 0.125586 0.0360577 0.0636719 0.00293541
44 0.771635 0.146387 0.0432692 0.0701172 0.00292397
41 0.896034 0.108789 0.0216346 0.0175781 0.00291252
44 0.914663 0.129199 0.0372596 0.0548828 0.00290108
75 0.450721 0.233594 0.0504808 0.034375 0.00290108
40 0.793269 0.150391 0.0564904 0.0585938 0.00283432
75 0.71274 0.121094 0.0600962 0.04375 0.00279999
40 0.93149 0.168555 0.0384615 0.0386719 0.00277901
40 0.945913 0.169336 0.0649038 0.0417969 0.00277901
41 0.00916466 0.350781 0.0159255 0.0320312 0.00277901
40 0.638221 0.0441528 0.0408654 0.064624 0.00276756
39 0.442308 0.185352 0.046875 0.0410156 0.00275803
44 0.867188 0.167187 0.0841346 0.0394531 0.00271416
74 0.954327 0.0591797 0.0480769 0.0335938 0.0026722
44 0.803486 0.110742 0.0216346 0.025 0.0026722
0 0.355469 0.231641 0.0546875 0.0382813 0.00264168
40 0.754808 0.0635742 0.0240385 0.0242188 0.00261116
64 0.711538 0.168945 0.0600962 0.0386719 0.00260162
60 0.780048 0.279102 0.283654 0.186719 0.00256157
56 0.361478 0.232422 0.0438702 0.0335938 0.00252151
44 0.896034 0.108789 0.0216346 0.0175781 0.0024929
41 0.771635 0.146387 0.0432692 0.0701172 0.00247192
41 0.811298 0.157813 0.0552885 0.0507812 0.00247192
41 0.647837 0.218555 0.0480769 0.0558594 0.00246239
40 0.852764 0.123926 0.0721154 0.0466797 0.00245285
41 0.657452 0.215234 0.0637019 0.0601563 0.0024147
44 0.754808 0.161719 0.0384615 0.0390625 0.00240517
56 0.848558 0.313281 0.0769231 0.125781 0.00239754
60 0.821514 0.395313 0.046875 0.0210938 0.002388
41 0.754808 0.0635742 0.0240385 0.0242188 0.00234222
44 0.9375 0.125781 0.03125 0.0574219 0.00231361
44 0.646635 0.19375 0.0288462 0.0289063 0.00230598
40 0.935096 0.148438 0.0408654 0.0671875 0.00230598
40 0.450721 0.211133 0.0649038 0.0804688 0.00230598
56 0.0579928 0.574219 0.094351 0.33125 0.00230598
54 0.860577 0.122363 0.0576923 0.0386719 0.00228691
44 0.802284 0.124414 0.0324519 0.0542969 0.00227928
13 0.801683 0.510156 0.120192 0.223438 0.00227928
42 0.246394 0.708203 0.0576923 0.0234375 0.00225258
39 0.00976562 0.338672 0.0195312 0.0554687 0.00221634
56 0.0181791 0.431934 0.0345553 0.13457 0.00219917
40 0.630409 0.136133 0.0540865 0.0847656 0.00218201
41 0.756611 0.10293 0.0216346 0.0222656 0.00216484
56 0.120493 0.848437 0.238582 0.295312 0.00216484
41 0.480168 0.234375 0.0252404 0.0304688 0.00213242
42 0.61899 0.629687 0.21875 0.153125 0.00209045
41 0.804087 0.0589355 0.0396635 0.040332 0.00208282
32 0.713341 0.121387 0.0625 0.0447266 0.00208282
60 0.433744 0.286719 0.146935 0.0890625 0.0020752
44 0.657452 0.141504 0.0288462 0.100586 0.00204277
44 0.804087 0.162305 0.0528846 0.0421875 0.00203514
41 0.668269 0.194922 0.0480769 0.0195312 0.00200272
56 0.0111178 0.401563 0.0216346 0.06875 0.00200272
56 0.0365084 0.478125 0.0682091 0.222656 0.00198746
39 0.472356 0.19082 0.0408654 0.04375 0.00197983
41 0.480168 0.196094 0.0300481 0.0367188 0.00197983
40 0.629207 0.0474731 0.0444712 0.0566162 0.0019722
45 0.71274 0.13877 0.0625 0.0822266 0.00196457
41 0.759014 0.0560547 0.0324519 0.0435547 0.00195694
45 0.321514 0.212891 0.0372596 0.0171875 0.00194168
56 0.606971 0.313281 0.4375 0.132812 0.00193405
41 0.742188 0.066748 0.0228365 0.0217773 0.00192642
40 0.746394 0.162891 0.0456731 0.0398437 0.00191212
41 0.00976562 0.338672 0.0195312 0.0554687 0.00191212
44 0.449519 0.199023 0.0600962 0.0683594 0.00190449
56 0.0784255 0.535547 0.140625 0.350781 0.00189686
40 0.941707 0.112695 0.0228365 0.0351562 0.00188923
56 0.0207332 0.439453 0.0411659 0.0960938 0.00188255
42 0.644231 0.64375 0.0673077 0.0703125 0.00187492
60 0.606971 0.676562 0.780048 0.151562 0.00187492
40 0.665865 0.0420044 0.0372596 0.0687256 0.00185299
60 0.646785 0.823242 0.699219 0.331641 0.00183868
40 0.853365 0.137305 0.0697115 0.0640625 0.00183105
42 0.254207 0.708594 0.0649038 0.0265625 0.0018177
49 0.495192 0.233984 0.046875 0.0328125 0.00181007
56 0.585186 0.639063 0.651743 0.1375 0.00181007
44 0.810096 0.116992 0.0408654 0.0458984 0.0018034
56 0.0288462 0.450391 0.0540865 0.167969 0.00179577
13 0.401442 0.649219 0.387019 0.107813 0.00178909
44 0.800481 0.161719 0.0348558 0.0410156 0.00177479
41 0.935096 0.155273 0.03125 0.0257812 0.00176144
40 0.644231 0.047937 0.0288462 0.0593994 0.00175476
45 0.353365 0.230664 0.0546875 0.0378906 0.00175476
41 0.941707 0.112695 0.0228365 0.0351562 0.00175476
53 0.662861 0.779688 0.622596 0.235938 0.00175476
67 0.480168 0.196094 0.0300481 0.0367188 0.00174809
40 0.644231 0.111523 0.0408654 0.0376953 0.00173378
41 0.986779 0.175195 0.0264423 0.0335938 0.00168705
60 0.529447 0.808008 0.941106 0.374609 0.945801
55 0.668269 0.782813 0.63101 0.228125 0.936523
0 0.91226 0.415625 0.175481 0.529688 0.924316
0 0.197416 0.402344 0.370192 0.696875 0.915039
56 0.40024 0.65 0.384615 0.107813 0.876465
0 0.584736 0.373828 0.473558 0.599219 0.868164
43 0.667067 0.635938 0.120192 0.1375 0.763672
41 0.711538 0.168945 0.0600962 0.0382813 0.760742
56 0.108849 0.95 0.201773 0.096875 0.712402
41 0.450721 0.233594 0.0504808 0.0339844 0.622559
41 0.495192 0.233984 0.0456731 0.0320312 0.605957
41 0.239183 0.763281 0.115385 0.09375 0.521484
41 0.852163 0.168945 0.0552885 0.0367188 0.392334
41 0.713942 0.121484 0.0625 0.0441406 0.352295
41 0.442909 0.187158 0.0492788 0.0413086 0.336426
41 0.362981 0.232617 0.0402644 0.0316406 0.329346
41 0.935096 0.169238 0.0432692 0.0404297 0.32251
41 0.94351 0.169238 0.0600962 0.0419922 0.179565
41 0.858774 0.121973 0.0588942 0.0378906 0.171631
45 0.784856 0.664062 0.165865 0.06875 0.1427
40 0.80649 0.0510742 0.0360577 0.0292969 0.12085
39 0.848558 0.308984 0.0769231 0.121094 0.117554
41 0.800481 0.1625 0.0384615 0.0410156 0.110107
41 0.353365 0.230859 0.0540865 0.0375 0.108215
40 0.800481 0.1625 0.0384615 0.0410156 0.0933228
40 0.808894 0.0593262 0.0336538 0.0426758 0.0894775
40 0.936298 0.129492 0.0336538 0.0652344 0.064209
40 0.907452 0.123047 0.0300481 0.0445313 0.0587769
44 0.711538 0.168555 0.0600962 0.0386719 0.0570679
40 0.859976 0.122656 0.0612981 0.0367188 0.0564575
40 0.914663 0.128711 0.0360577 0.0537109 0.0526123
41 0.464543 0.228516 0.0384615 0.0289063 0.0499573
39 0.932692 0.168164 0.0384615 0.0421875 0.0484924
40 0.759615 0.050293 0.0384615 0.0505859 0.0474243
45 0.710938 0.168555 0.0612981 0.0378906 0.0455322
45 0.71274 0.121484 0.0625 0.0447266 0.0453491
40 0.784856 0.162012 0.0528846 0.0416016 0.0446777
49 0.450721 0.233984 0.0528846 0.0335938 0.0408325
41 0.71274 0.138086 0.0625 0.0804688 0.037323
40 0.897837 0.119238 0.03125 0.0382813 0.0350037
40 0.802284 0.123438 0.0324519 0.0523438 0.0330811
40 0.780048 0.155078 0.0444712 0.053125 0.0328369
40 0.75601 0.162891 0.0432692 0.040625 0.03125
40 0.852163 0.167578 0.0552885 0.0402344 0.0299835
41 0.754808 0.161621 0.0384615 0.0388672 0.0281067
40 0.758413 0.125391 0.0360577 0.0636719 0.0272675
41 0.804087 0.162695 0.0600962 0.0421875 0.0255585
40 0.771635 0.055957 0.0384615 0.04375 0.025177
40 0.770433 0.13418 0.0492788 0.0644531 0.0250854
39 0.852163 0.168359 0.0552885 0.0375 0.024704
41 0.455529 0.192773 0.0745192 0.0539063 0.0246124
40 0.808894 0.0498047 0.0264423 0.0298828 0.0237732
41 0.784856 0.162012 0.0528846 0.0416016 0.0236969
43 0.699519 0.665625 0.177885 0.2 0.0232391
45 0.442308 0.186914 0.0480769 0.0394531 0.0228882
43 0.620192 0.629687 0.216346 0.153125 0.0227203
40 0.71274 0.121875 0.0625 0.0441406 0.0219421
42 0.662861 0.635938 0.114183 0.135937 0.0218658
75 0.852163 0.167578 0.0552885 0.0402344 0.0216217
40 0.751803 0.0515625 0.0432692 0.05 0.0197144
67 0.238582 0.763281 0.116587 0.09375 0.0194244
40 0.755409 0.153125 0.0456731 0.0472656 0.0192719
75 0.711538 0.169043 0.0600962 0.0396484 0.0191193
39 0.362981 0.232617 0.0402644 0.0316406 0.018692
40 0.811298 0.157813 0.0552885 0.0503906 0.0184784
40 0.805288 0.0455078 0.0408654 0.0429688 0.0178528
43 0.564904 0.625 0.317308 0.159375 0.0167847
40 0.936899 0.168652 0.0456731 0.0439453 0.0166626
41 0.323618 0.222266 0.0426683 0.0308594 0.0166626
40 0.777043 0.0596191 0.0288462 0.0368164 0.0163422
40 0.759014 0.0560547 0.0324519 0.0435547 0.0160217
45 0.45012 0.233594 0.0540865 0.034375 0.0159607
40 0.809495 0.0463867 0.0300481 0.0398437 0.0151291
41 0.855168 0.263281 0.0396635 0.0261719 0.0137939
40 0.65024 0.112695 0.03125 0.0464844 0.0136871
40 0.890024 0.165625 0.0408654 0.0398437 0.0134811
40 0.822115 0.0530273 0.0504808 0.0494141 0.0132751
40 0.802885 0.140625 0.0420673 0.0828125 0.0131683
13 0.105469 0.947656 0.20613 0.0984375 0.0130692
44 0.449519 0.233594 0.0528846 0.0335938 0.0127716
45 0.859375 0.12207 0.0600962 0.0376953 0.012146
40 0.858173 0.145313 0.0649038 0.0820312 0.012146
43 0.655048 0.621875 0.105769 0.105469 0.0118713
39 0.495192 0.233984 0.0456731 0.0320312 0.011467
40 0.771635 0.146387 0.0420673 0.0697266 0.0114212
41 0.867788 0.167187 0.0841346 0.0390625 0.0110703
40 0.766827 0.0465332 0.0456731 0.0561523 0.0109863
40 0.867788 0.167187 0.0841346 0.0390625 0.0109863
39 0.799279 0.162305 0.0432692 0.0417969 0.0109863
41 0.746394 0.162793 0.0456731 0.0392578 0.0109482
44 0.847356 0.166992 0.0480769 0.0378906 0.0109024
40 0.935096 0.155078 0.03125 0.0253906 0.0105667
44 0.71274 0.121094 0.0600962 0.0433594 0.0103683
40 0.891827 0.122266 0.0288462 0.040625 0.0103302
41 0.80649 0.0510742 0.0360577 0.0292969 0.0100937
40 0.629808 0.108887 0.0360577 0.0349609 0.0100555
40 0.447716 0.187891 0.0588942 0.0453125 0.0100098
40 0.911058 0.113867 0.0216346 0.0269531 0.00993347
39 0.450721 0.233594 0.0504808 0.0339844 0.00985718
40 0.895433 0.108789 0.0216346 0.0175781 0.00978088
40 0.803486 0.110742 0.0216346 0.0246094 0.00971222
54 0.71274 0.120313 0.0600962 0.0453125 0.00971222
40 0.71274 0.169531 0.0612981 0.0371094 0.00971222
41 0.755409 0.153125 0.0456731 0.0472656 0.00963593
40 0.957933 0.0395996 0.0564904 0.0764648 0.00941467
41 0.473558 0.19082 0.0384615 0.0429688 0.00930023
40 0.646635 0.137305 0.0408654 0.0945313 0.00905609
44 0.71274 0.138086 0.0625 0.0804688 0.00854492
41 0.877404 0.260547 0.0240385 0.0273438 0.00854492
40 0.810096 0.116797 0.0408654 0.0455078 0.00844574
40 0.804087 0.162695 0.0600962 0.0421875 0.00828552
75 0.935096 0.169238 0.0432692 0.0404297 0.00818634
60 0.924279 0.683594 0.151442 0.0703125 0.00818634
56 0.113582 0.890625 0.219952 0.209375 0.00818634
41 0.646635 0.194141 0.0288462 0.0289063 0.00815582
41 0.78726 0.664062 0.163462 0.06875 0.00812531
56 0.165189 0.951563 0.285006 0.09375 0.00793457
41 0.890024 0.165625 0.0408654 0.0398437 0.0077858
41 0.954327 0.0591797 0.0480769 0.0333984 0.00766754
41 0.321514 0.212891 0.0360577 0.0171875 0.00766754
40 0.893029 0.164551 0.0673077 0.0423828 0.00763702
56 0.801082 0.508984 0.117788 0.2375 0.00746155
40 0.756611 0.102734 0.0216346 0.021875 0.00714874
41 0.650841 0.107617 0.0288462 0.0390625 0.00703812
40 0.449519 0.199023 0.0600962 0.0683594 0.00698471
44 0.245793 0.724609 0.0973558 0.046875 0.00695801
39 0.447716 0.187891 0.0588942 0.0453125 0.0068779
43 0.692308 0.660937 0.112981 0.0921875 0.0068512
56 0.173077 0.871094 0.205529 0.24375 0.0068512
39 0.94351 0.169238 0.0600962 0.0419922 0.00674438
40 0.829327 0.0504761 0.0384615 0.054126 0.0064888
45 0.360577 0.231836 0.0450721 0.0332031 0.00643921
43 0.685096 0.648438 0.102163 0.1125 0.00641251
39 0.355769 0.231641 0.0540865 0.0367188 0.00636292
44 0.362981 0.232617 0.0402644 0.0316406 0.00636292
40 0.455529 0.192773 0.0745192 0.0539063 0.00634003
39 0.856971 0.121289 0.0528846 0.0394531 0.00626373
41 0.449519 0.199023 0.0600962 0.0683594 0.00626373
56 0.734375 0.308984 0.161058 0.123438 0.00624084
44 0.852764 0.171973 0.0576923 0.0298828 0.00621796
44 0.246394 0.707812 0.0570913 0.0234375 0.00616837
41 0.847957 0.30918 0.0757212 0.120703 0.00612259
40 0.71274 0.138086 0.0625 0.0804688 0.00602722
39 0.864183 0.308984 0.0444712 0.104688 0.00602722
45 0.495192 0.233984 0.0456731 0.0320312 0.00598145
45 0.852163 0.168945 0.0552885 0.0367188 0.00593567
40 0.628005 0.119531 0.0432692 0.0476562 0.00588989
40 0.450721 0.232813 0.0576923 0.0375 0.00588989
40 0.760216 0.133594 0.0456731 0.0734375 0.005867
40 0.921875 0.146777 0.0564904 0.0783203 0.00579834
44 0.254207 0.708594 0.0637019 0.0265625 0.00570679
44 0.670673 0.6375 0.127404 0.134375 0.00570679
40 0.831731 0.0611328 0.0336538 0.0496094 0.00561905
44 0.858774 0.121973 0.0588942 0.0378906 0.00559998
41 0.760216 0.133594 0.0456731 0.0734375 0.00559998
44 0.907452 0.123047 0.0300481 0.0445313 0.00548935
40 0.809495 0.113086 0.03125 0.0328125 0.00544739
40 0.742188 0.0668457 0.0228365 0.021582 0.00540543
45 0.935096 0.169238 0.0432692 0.0404297 0.00540543
45 0.408654 0.24668 0.0865385 0.009375 0.00540543
75 0.856971 0.121289 0.0528846 0.0394531 0.00526047
43 0.637019 0.640625 0.0552885 0.0734375 0.00518036
41 0.770433 0.13418 0.0492788 0.0644531 0.00503922
54 0.71274 0.169531 0.0612981 0.0371094 0.00498199
41 0.759615 0.176904 0.03125 0.0165039 0.0049057
41 0.780048 0.155078 0.0444712 0.053125 0.00488663
40 0.939303 0.152344 0.0324519 0.0410156 0.00488663
27 0.253005 0.25293 0.0967548 0.0707031 0.00477219
40 0.942308 0.126953 0.0288462 0.0632813 0.00473785
56 0.730769 0.321875 0.206731 0.142969 0.00471878
39 0.455529 0.192773 0.0745192 0.0539063 0.0045929
44 0.657452 0.12207 0.0240385 0.0611328 0.00455475
40 0.881611 0.147656 0.0721154 0.0761719 0.00448608
43 0.738582 0.673438 0.259615 0.229687 0.00448608
74 0.859375 0.121777 0.0600962 0.0388672 0.00446701
44 0.756611 0.102734 0.0216346 0.021875 0.00439835
40 0.65625 0.114746 0.0240385 0.0482422 0.00429916
44 0.447716 0.187891 0.0588942 0.0453125 0.00429916
41 0.628606 0.105859 0.0384615 0.0382813 0.00424957
32 0.451322 0.235547 0.0516827 0.0316406 0.00421524
41 0.907452 0.123047 0.0300481 0.0445313 0.00418091
56 0.821514 0.417188 0.0396635 0.0539063 0.00418091
43 0.644231 0.646875 0.0480769 0.0625 0.00418091
39 0.239183 0.765625 0.116587 0.096875 0.00415039
39 0.711538 0.168555 0.0600962 0.0386719 0.00403976
0 0.923678 0.260742 0.152644 0.208594 0.00403976
44 0.758413 0.125391 0.0360577 0.0636719 0.00400543
32 0.496394 0.235547 0.0444712 0.0289063 0.00400543
41 0.896034 0.178174 0.0408654 0.0163086 0.00399017
40 0.864183 0.308984 0.0444712 0.104688 0.0039444
44 0.802885 0.140625 0.0420673 0.0828125 0.00378036
75 0.848558 0.308984 0.0769231 0.121094 0.00372124
60 0.664663 0.780469 0.622596 0.257812 0.00372124
56 0.675481 0.310937 0.278846 0.127344 0.00362206
64 0.713341 0.121484 0.0625 0.0445313 0.0036068
39 0.450721 0.211133 0.0649038 0.0800781 0.0036068
49 0.362981 0.232617 0.0402644 0.0316406 0.00359344
42 0.564904 0.625 0.317308 0.159375 0.00358009
40 0.954327 0.059375 0.0504808 0.0335938 0.00352478
41 0.895433 0.108789 0.0216346 0.0175781 0.00351143
41 0.758413 0.125391 0.0360577 0.0636719 0.00348282
56 0.197641 0.896094 0.253756 0.201563 0.00342941
56 0.429087 0.284961 0.138221 0.0832031 0.00341606
0 0.84976 0.313672 0.0745192 0.13125 0.00340271
44 0.760216 0.133594 0.0456731 0.0734375 0.00337601
44 0.770433 0.13418 0.0492788 0.0644531 0.00335121
44 0.771635 0.146387 0.0420673 0.0697266 0.00335121
60 0.822115 0.413281 0.0480769 0.05625 0.00335121
40 0.657452 0.12207 0.0240385 0.0611328 0.00333786
44 0.914663 0.128711 0.0360577 0.0537109 0.00329781
75 0.450721 0.233594 0.0504808 0.0339844 0.00329781
40 0.00976562 0.338672 0.0195312 0.0554687 0.00329781
41 0.655649 0.106055 0.0228365 0.0324219 0.00327301
41 0.628606 0.234766 0.0252404 0.0226563 0.00327301
40 0.945913 0.169336 0.0649038 0.0414063 0.00323486
40 0.93149 0.168555 0.0384615 0.0386719 0.00322342
75 0.71274 0.121094 0.0600962 0.0433594 0.00318527
44 0.746394 0.162793 0.0456731 0.0392578 0.00317192
40 0.793269 0.150391 0.0552885 0.0578125 0.00312424
56 0.361779 0.232422 0.0432692 0.0335938 0.0030632
39 0.442308 0.185352 0.0456731 0.040625 0.00305176
60 0.779447 0.278906 0.284856 0.186719 0.00305176
44 0.867788 0.167187 0.0841346 0.0390625 0.00304031
40 0.754808 0.0633789 0.0240385 0.0240234 0.00301552
40 0.638221 0.0439941 0.0420673 0.0647461 0.00294685
44 0.803486 0.110742 0.0216346 0.0246094 0.00292397
0 0.355168 0.231641 0.0552885 0.0378906 0.00287819
41 0.771635 0.146387 0.0420673 0.0697266 0.00284576
44 0.895433 0.108789 0.0216346 0.0175781 0.00282288
41 0.0093149 0.350781 0.016226 0.0328125 0.00282288
41 0.811298 0.157813 0.0552885 0.0503906 0.00279999
41 0.971154 0.317969 0.0552885 0.0539063 0.00279999
41 0.648438 0.219141 0.0492788 0.0546875 0.00271416
54 0.860577 0.122461 0.0576923 0.0382813 0.00271416
64 0.711538 0.168945 0.0600962 0.0382813 0.0026722
56 0.848558 0.312891 0.0769231 0.125781 0.0026722
60 0.433744 0.286914 0.146935 0.0890625 0.00266266
60 0.821514 0.395313 0.046875 0.0210938 0.00266266
40 0.852163 0.123145 0.0721154 0.0451172 0.00264168
56 0.118314 0.846875 0.233323 0.298438 0.00263214
41 0.657452 0.215234 0.0625 0.0597656 0.0026207
44 0.754808 0.161621 0.0384615 0.0388672 0.00260162
44 0.9375 0.125488 0.03125 0.0568359 0.00259018
40 0.935096 0.148633 0.0408654 0.0648438 0.00259018
41 0.756611 0.102734 0.0216346 0.021875 0.00253105
41 0.754808 0.0633789 0.0240385 0.0240234 0.00251198
74 0.954327 0.0591797 0.0480769 0.0333984 0.0024929
44 0.802284 0.123438 0.0324519 0.0523438 0.00248146
42 0.246394 0.707812 0.0570913 0.0234375 0.00246239
40 0.629808 0.13623 0.0528846 0.0845703 0.00244331
13 0.801683 0.509766 0.120192 0.223438 0.00243378
41 0.644231 0.224609 0.0528846 0.0445313 0.0024147
40 0.450721 0.211133 0.0649038 0.0800781 0.0024147
41 0.668269 0.194922 0.046875 0.0191406 0.00235939
56 0.0579928 0.575 0.094351 0.329688 0.00235939
41 0.804087 0.0587891 0.0396635 0.0400391 0.00234222
39 0.00976562 0.338672 0.0195312 0.0554687 0.00232315
32 0.713341 0.121484 0.0625 0.0445313 0.00231361
40 0.941707 0.112402 0.0228365 0.034375 0.00228691
44 0.646635 0.194141 0.0288462 0.0289063 0.00227928
0 0.91226 0.512891 0.174279 0.338281 0.00226974
41 0.759014 0.0560547 0.0324519 0.0435547 0.00225258
43 0.676683 0.653125 0.0793269 0.0953125 0.00218201
41 0.742188 0.0668457 0.0228365 0.021582 0.00217438
44 0.804087 0.162305 0.0528846 0.0421875 0.00217438
40 0.746394 0.162793 0.0456731 0.0392578 0.00212479
40 0.628606 0.0473755 0.0432692 0.0566162 0.00211525
45 0.321514 0.212891 0.0360577 0.0171875 0.00209999
44 0.658053 0.141504 0.0276442 0.100586 0.00209045
41 0.941707 0.112402 0.0228365 0.034375 0.00209045
39 0.473558 0.19082 0.0384615 0.0429688 0.0020752
41 0.935096 0.155078 0.03125 0.0253906 0.00206757
41 0.00976562 0.338672 0.0195312 0.0554687 0.00205803
56 0.0183293 0.432422 0.0348558 0.135156 0.0020504
44 0.800481 0.161719 0.0348558 0.0410156 0.00204277
45 0.71274 0.138086 0.0625 0.0804688 0.00202751
44 0.810096 0.116797 0.0408654 0.0455078 0.00201988
56 0.0111178 0.40166 0.0219351 0.0701172 0.00200272
42 0.611178 0.613672 0.200721 0.175781 0.00199509
41 0.808894 0.0498047 0.0264423 0.0298828 0.00198746
41 0.480168 0.196094 0.0300481 0.0367188 0.00198746
39 0.941707 0.112402 0.0228365 0.034375 0.00198746
42 0.254207 0.708594 0.0637019 0.0265625 0.00197983
40 0.665865 0.0417969 0.0372596 0.06875 0.00196457
56 0.583534 0.639063 0.652644 0.1375 0.00196457
41 0.986178 0.158008 0.0264423 0.0296875 0.00194931
67 0.480168 0.196094 0.0300481 0.0367188 0.00194168
44 0.911058 0.113867 0.0216346 0.0269531 0.00193405
45 0.353365 0.230859 0.0540865 0.0375 0.00193405
40 0.644231 0.111621 0.0408654 0.0376953 0.00192642
44 0.65625 0.114746 0.0240385 0.0482422 0.00191212
41 0.911058 0.113867 0.0216346 0.0269531 0.00191212
56 0.0372596 0.479688 0.0697115 0.225781 0.00191212
60 0.645433 0.823242 0.701923 0.328516 0.00190449
56 0.0784255 0.536035 0.141226 0.354492 0.00189686
40 0.64363 0.0477051 0.0288462 0.059668 0.00188255
56 0.0207332 0.439453 0.0408654 0.0960938 0.00188255
56 0.606971 0.313281 0.435096 0.132031 0.00188255
53 0.662861 0.780469 0.621394 0.232813 0.00187492
49 0.495192 0.233984 0.0456731 0.0320312 0.00186729
60 0.529297 0.808008 0.941406 0.374609 0.943848
55 0.668419 0.782813 0.631911 0.228125 0.936035
0 0.91226 0.416016 0.175481 0.528906 0.927734
0 0.197115 0.402441 0.370793 0.69668 0.92041
0 0.58774 0.375781 0.477163 0.583594 0.875
56 0.400391 0.65 0.384315 0.10625 0.868164
41 0.711538 0.168945 0.0600962 0.0382813 0.779785
43 0.667067 0.635938 0.120192 0.1375 0.760742
56 0.109075 0.95 0.201322 0.096875 0.700684
41 0.450721 0.233594 0.0504808 0.0339844 0.631836
41 0.495192 0.23418 0.0456731 0.0316406 0.611328
41 0.238882 0.763281 0.115986 0.09375 0.529297
41 0.852163 0.168945 0.0552885 0.0367188 0.420654
41 0.713341 0.121484 0.0625 0.0445313 0.375732
41 0.442308 0.18667 0.0456731 0.0407227 0.364746
41 0.362981 0.232617 0.0402644 0.0316406 0.359375
41 0.935096 0.169141 0.0432692 0.0402344 0.355713
41 0.94351 0.169238 0.0600962 0.0416016 0.209473
41 0.858774 0.121973 0.0588942 0.0376953 0.201172
45 0.784856 0.664062 0.165865 0.06875 0.150513
40 0.80649 0.0509766 0.0360577 0.0292969 0.137573
39 0.848558 0.308984 0.0769231 0.121094 0.131592
41 0.353365 0.230859 0.0552885 0.0375 0.123352
41 0.800481 0.162402 0.0384615 0.0408203 0.118408
40 0.808894 0.0592773 0.0336538 0.0425781 0.107422
40 0.800481 0.162402 0.0384615 0.0408203 0.10376
40 0.936298 0.129199 0.0336538 0.0646484 0.0731812
40 0.907452 0.122852 0.0300481 0.0441406 0.069519
44 0.711538 0.168555 0.0600962 0.0386719 0.0623169
40 0.859976 0.122656 0.0600962 0.0371094 0.0614319
40 0.914063 0.12832 0.0360577 0.0529297 0.0609741
40 0.759615 0.0501953 0.0384615 0.0505859 0.0549927
45 0.710938 0.168457 0.0612981 0.0376953 0.0538025
39 0.932692 0.168164 0.0384615 0.0417969 0.0522461
41 0.464543 0.228516 0.0384615 0.0289063 0.0514526
45 0.713942 0.121484 0.0625 0.0441406 0.0509033
40 0.784856 0.162012 0.0528846 0.0416016 0.0507202
49 0.450721 0.233984 0.0528846 0.0335938 0.0479431
40 0.897837 0.119141 0.03125 0.0382813 0.0433655
41 0.71274 0.137402 0.0625 0.0791016 0.0397949
40 0.801683 0.122852 0.03125 0.0507812 0.0377502
40 0.780048 0.154883 0.0444712 0.0535156 0.0366211
40 0.75601 0.162891 0.0432692 0.040625 0.0335999
40 0.758413 0.125391 0.0360577 0.0632813 0.0334778
40 0.858173 0.169141 0.0649038 0.0359375 0.032959
41 0.755409 0.161719 0.0396635 0.0390625 0.0305634
40 0.804688 0.162305 0.0540865 0.0421875 0.0305634
40 0.808894 0.0497559 0.0264423 0.0298828 0.0289764
40 0.770433 0.133984 0.0480769 0.0636719 0.028656
40 0.771034 0.0557617 0.0384615 0.0441406 0.0284424
41 0.804688 0.162695 0.0600962 0.0421875 0.0274811
41 0.784856 0.162012 0.0528846 0.0416016 0.0269623
41 0.455529 0.192578 0.0745192 0.0535156 0.0268555
40 0.847356 0.16709 0.046875 0.0376953 0.0261536
39 0.852163 0.168359 0.0552885 0.0371094 0.0256653
45 0.442308 0.186914 0.0480769 0.0394531 0.0252686
40 0.71274 0.121777 0.0625 0.0439453 0.024704
43 0.623798 0.628906 0.210337 0.154688 0.0237732
75 0.852163 0.167383 0.0552885 0.0402344 0.0234222
40 0.751803 0.0515137 0.0432692 0.0500977 0.0231476
75 0.711538 0.168945 0.0600962 0.0394531 0.0229797
43 0.697115 0.6625 0.170673 0.19375 0.0227966
40 0.805288 0.0455078 0.0408654 0.0429688 0.02211
40 0.75601 0.15293 0.0456731 0.0480469 0.0217743
42 0.66226 0.635938 0.115385 0.135937 0.0217743
40 0.811298 0.157813 0.0552885 0.0503906 0.0207214
39 0.362981 0.232617 0.0402644 0.0316406 0.0202484
40 0.809495 0.0463867 0.0300481 0.0398437 0.0189819
40 0.776442 0.0595703 0.0288462 0.0369141 0.0188293
40 0.936899 0.168555 0.0456731 0.04375 0.0188293
40 0.759014 0.0559082 0.0324519 0.0438477 0.018692
67 0.238281 0.763281 0.117188 0.09375 0.0185394
41 0.323918 0.222266 0.0420673 0.0308594 0.0181885
43 0.567909 0.624219 0.311298 0.160938 0.0181274
45 0.45012 0.233789 0.0540865 0.0339844 0.016983
40 0.65024 0.1125 0.03125 0.0457031 0.016922
40 0.823317 0.0527344 0.0480769 0.0494141 0.016098
41 0.855168 0.263281 0.0396635 0.0261719 0.016098
40 0.802885 0.140625 0.0408654 0.0824219 0.0149536
45 0.858774 0.12207 0.0600962 0.0375 0.0145569
40 0.890625 0.165625 0.0408654 0.0398437 0.0143356
44 0.449519 0.233594 0.0528846 0.0335938 0.0134811
40 0.858173 0.145313 0.0649038 0.0820312 0.0133743
40 0.766827 0.0465698 0.0444712 0.0560791 0.0132217
40 0.772837 0.146387 0.0408654 0.0697266 0.0131226
44 0.850962 0.168555 0.0528846 0.0359375 0.0131226
43 0.655048 0.621875 0.108173 0.105469 0.01297
13 0.105769 0.948438 0.205529 0.1 0.0126266
40 0.629808 0.108984 0.0360577 0.0345703 0.0124817
41 0.867788 0.167285 0.0841346 0.0388672 0.0123825
40 0.911058 0.113477 0.0216346 0.0261719 0.0121002
44 0.71274 0.121094 0.0600962 0.0433594 0.0120087
39 0.495192 0.23418 0.0456731 0.0316406 0.0119171
40 0.892428 0.122168 0.0288462 0.0404297 0.0118713
41 0.746995 0.162793 0.046875 0.0392578 0.0118713
40 0.935096 0.154883 0.03125 0.025 0.0117798
40 0.896034 0.108691 0.0216346 0.0175781 0.0116425
40 0.447115 0.187891 0.0576923 0.0449219 0.0116425
39 0.799279 0.162305 0.0432692 0.0417969 0.0114212
41 0.80649 0.0509766 0.0360577 0.0292969 0.0112
40 0.646635 0.136914 0.0408654 0.09375 0.0111618
40 0.803486 0.110742 0.0216346 0.0246094 0.011116
54 0.71274 0.120313 0.0600962 0.0453125 0.011116
41 0.75601 0.15293 0.0456731 0.0480469 0.0109482
40 0.957933 0.0395508 0.0552885 0.0763672 0.0107803
41 0.877404 0.260547 0.0240385 0.0273438 0.0106506
39 0.450721 0.233594 0.0504808 0.0339844 0.0105667
40 0.71274 0.169531 0.0600962 0.0371094 0.0105286
60 0.924279 0.683594 0.151442 0.0703125 0.0100937
41 0.472957 0.19082 0.0396635 0.0429688 0.00981903
40 0.810096 0.116797 0.0408654 0.0453125 0.00967407
75 0.935096 0.169141 0.0432692 0.0402344 0.00930023
44 0.71274 0.137402 0.0625 0.0791016 0.00919342
41 0.890625 0.165625 0.0408654 0.0398437 0.00881195
41 0.954327 0.0591797 0.0480769 0.0332031 0.00874329
40 0.756611 0.102637 0.0216346 0.0214844 0.00867462
41 0.646635 0.194141 0.0288462 0.028125 0.00867462
56 0.801683 0.509375 0.117788 0.2375 0.00867462
56 0.113657 0.889063 0.221004 0.2125 0.0086441
41 0.650841 0.10752 0.0288462 0.0388672 0.0085144
40 0.895433 0.165039 0.0625 0.0414063 0.00828552
41 0.321514 0.212695 0.0360577 0.0167969 0.008255
40 0.829327 0.0501831 0.0384615 0.0543213 0.00809479
44 0.245793 0.724219 0.0973558 0.046875 0.00809479
40 0.449519 0.198242 0.0600962 0.0667969 0.00793457
41 0.78726 0.664453 0.163462 0.0679687 0.00790405
39 0.94351 0.169238 0.0600962 0.0416016 0.00775528
39 0.447115 0.187891 0.0576923 0.0449219 0.00751877
43 0.692308 0.660937 0.112981 0.0929688 0.00748825
40 0.627404 0.119043 0.0432692 0.0460938 0.00731659
39 0.856971 0.121094 0.0528846 0.0394531 0.00723267
40 0.455529 0.192578 0.0745192 0.0535156 0.00720596
43 0.685096 0.648438 0.103365 0.1125 0.00717545
40 0.760817 0.133594 0.0456731 0.0730469 0.00706482
56 0.734375 0.308594 0.161058 0.122656 0.00706482
41 0.760817 0.133594 0.0456731 0.0730469 0.00695801
44 0.858774 0.121973 0.0588942 0.0376953 0.0069046
41 0.449519 0.198242 0.0600962 0.0667969 0.0069046
45 0.852163 0.168945 0.0552885 0.0367188 0.0068779
44 0.246394 0.707812 0.0576923 0.0234375 0.00679779
39 0.355769 0.231836 0.0540865 0.0367188 0.00677109
56 0.164663 0.951563 0.284255 0.09375 0.00674438
40 0.831731 0.0609863 0.0336538 0.049707 0.00671768
45 0.360577 0.231641 0.0456731 0.0328125 0.00671768
39 0.864183 0.308984 0.0432692 0.104688 0.00669098
40 0.450721 0.232813 0.0576923 0.0375 0.00666809
44 0.362981 0.232617 0.0402644 0.0316406 0.00664139
75 0.856971 0.121094 0.0528846 0.0394531 0.00653839
40 0.921875 0.146777 0.0552885 0.0779297 0.00653839
45 0.495192 0.23418 0.0456731 0.0316406 0.00653839
44 0.907452 0.122852 0.0300481 0.0441406 0.00643921
40 0.71274 0.137402 0.0625 0.0791016 0.00643921
41 0.847957 0.309375 0.0757212 0.120313 0.00643921
45 0.935096 0.169141 0.0432692 0.0402344 0.00641251
40 0.809495 0.113086 0.03125 0.0324219 0.00638962
44 0.254808 0.708594 0.0649038 0.0265625 0.00629044
56 0.172401 0.871094 0.205679 0.24375 0.00629044
45 0.408654 0.246484 0.0865385 0.009375 0.00621796
40 0.742188 0.0668457 0.0228365 0.021582 0.00619125
54 0.71274 0.169531 0.0600962 0.0371094 0.00577545
41 0.780048 0.154883 0.0444712 0.0535156 0.00568771
41 0.770433 0.133984 0.0480769 0.0636719 0.00561905
40 0.942308 0.126855 0.0288462 0.0632813 0.00559998
41 0.759615 0.176758 0.03125 0.0164063 0.00559998
43 0.637019 0.640625 0.0564904 0.0742188 0.0055542
40 0.939303 0.151758 0.0324519 0.0394531 0.00547028
40 0.65625 0.114648 0.0240385 0.0480469 0.00536346
41 0.628606 0.105859 0.0384615 0.0380859 0.00527954
44 0.670673 0.637109 0.127404 0.135156 0.00521851
56 0.733173 0.321484 0.201923 0.142188 0.00518036
41 0.907452 0.122852 0.0300481 0.0441406 0.00511932
44 0.657452 0.121582 0.0240385 0.0599609 0.00510025
40 0.882212 0.147656 0.0697115 0.0761719 0.00510025
44 0.756611 0.102637 0.0216346 0.0214844 0.00508118
39 0.455529 0.192578 0.0745192 0.0535156 0.00486755
49 0.362981 0.232617 0.0402644 0.0316406 0.00481033
32 0.451322 0.235547 0.0516827 0.03125 0.00477219
44 0.758413 0.125391 0.0360577 0.0632813 0.00473785
27 0.253005 0.25293 0.0973558 0.0707031 0.00471878
40 0.864183 0.308984 0.0432692 0.104688 0.00469971
0 0.84976 0.313672 0.0745192 0.130469 0.00462723
41 0.895433 0.17832 0.0408654 0.0160156 0.00457382
74 0.859375 0.121875 0.0588942 0.0386719 0.00453949
39 0.239183 0.765625 0.116587 0.096875 0.00453949
32 0.496394 0.235547 0.0444712 0.0289063 0.00445175
41 0.758413 0.125391 0.0360577 0.0632813 0.00443268
75 0.848558 0.308984 0.0769231 0.121094 0.00443268
56 0.822115 0.417188 0.0408654 0.0539063 0.00443268
44 0.447115 0.187891 0.0576923 0.0449219 0.00439835
44 0.802885 0.140625 0.0408654 0.0824219 0.00434875
43 0.644231 0.646875 0.0492788 0.0625 0.00434875
56 0.695913 0.310547 0.236779 0.127344 0.00428009
41 0.896034 0.108691 0.0216346 0.0175781 0.00416565
43 0.738582 0.673438 0.258413 0.229687 0.00415039
39 0.711538 0.168555 0.0600962 0.0386719 0.00413513
44 0.760817 0.133594 0.0456731 0.0730469 0.00407028
56 0.429087 0.285156 0.138221 0.0828125 0.00407028
40 0.954327 0.0593262 0.0504808 0.0334961 0.00399017
41 0.655649 0.105859 0.0228365 0.0320312 0.00397491
75 0.450721 0.233594 0.0504808 0.0339844 0.00397491
0 0.923678 0.260547 0.152644 0.208203 0.00391388
44 0.772837 0.146387 0.0408654 0.0697266 0.00390053
40 0.793269 0.150098 0.0552885 0.0572266 0.00390053
60 0.822115 0.413281 0.0480769 0.05625 0.00388527
56 0.361779 0.232422 0.0432692 0.0332031 0.00383949
42 0.567909 0.624219 0.311298 0.160938 0.00382423
44 0.770433 0.133984 0.0480769 0.0636719 0.00379562
44 0.914063 0.12832 0.0360577 0.0529297 0.00379562
40 0.852764 0.17207 0.0576923 0.0296875 0.00378036
75 0.71274 0.121094 0.0600962 0.0433594 0.00376511
40 0.945913 0.169238 0.0649038 0.0412109 0.00370789
40 0.754808 0.0631836 0.0240385 0.0240234 0.00366402
40 0.00976562 0.338281 0.0195312 0.0554687 0.0036068
64 0.713341 0.121484 0.0625 0.0445313 0.00359344
44 0.867788 0.167285 0.0841346 0.0388672 0.00359344
39 0.450721 0.211279 0.0637019 0.0790039 0.00358009
44 0.746995 0.162793 0.046875 0.0392578 0.00356483
60 0.665264 0.78125 0.623798 0.259375 0.00355148
40 0.93149 0.168457 0.0384615 0.0384766 0.00351143
41 0.628606 0.234766 0.0252404 0.0226563 0.00344276
60 0.433744 0.287109 0.146935 0.0890625 0.00342941
40 0.638221 0.0437988 0.0408654 0.0649414 0.00341606
54 0.860577 0.122461 0.0564904 0.0382813 0.00341606
44 0.803486 0.110742 0.0216346 0.0246094 0.00336266
44 0.896034 0.108691 0.0216346 0.0175781 0.00331116
41 0.772837 0.146387 0.0408654 0.0697266 0.00329781
41 0.971154 0.317969 0.0552885 0.0539063 0.00328636
0 0.355168 0.231641 0.0552885 0.0378906 0.00327301
41 0.648438 0.219141 0.0492788 0.0546875 0.00317192
56 0.118389 0.845313 0.233173 0.301563 0.00316048
41 0.811298 0.157813 0.0552885 0.0503906 0.00314713
40 0.935096 0.14873 0.0408654 0.0634766 0.00314713
56 0.197716 0.895312 0.254207 0.203125 0.00314713
60 0.821514 0.395313 0.046875 0.0210938 0.00305176
41 0.756611 0.102637 0.0216346 0.0214844 0.00301552
40 0.629808 0.135937 0.0528846 0.0839844 0.00300407
60 0.780048 0.279102 0.283654 0.186328 0.00300407
44 0.9375 0.125195 0.03125 0.05625 0.00299263
41 0.657452 0.215234 0.0649038 0.059375 0.00299263
40 0.852163 0.122461 0.0721154 0.04375 0.00298119
64 0.711538 0.168945 0.0600962 0.0394531 0.00296974
41 0.00916466 0.350781 0.016226 0.0328125 0.0029583
44 0.755409 0.161719 0.0396635 0.0390625 0.00287819
40 0.941707 0.112207 0.0228365 0.0339844 0.00284576
40 0.450721 0.211279 0.0637019 0.0790039 0.00282288
44 0.801683 0.122852 0.03125 0.0507812 0.00281143
41 0.754808 0.0631836 0.0240385 0.0240234 0.00273705
56 0.848558 0.312891 0.0769231 0.125781 0.00273705
41 0.644231 0.224805 0.0528846 0.0441406 0.00271416
42 0.246394 0.707812 0.0576923 0.0234375 0.00270462
41 0.668269 0.194922 0.0480769 0.0191406 0.0026722
32 0.713341 0.121484 0.0625 0.0445313 0.00263214
41 0.941707 0.112207 0.0228365 0.0339844 0.00263214
41 0.804087 0.0587402 0.0396635 0.0399414 0.0026207
74 0.954327 0.0591797 0.0480769 0.0332031 0.00260162
41 0.759014 0.0559082 0.0324519 0.0438477 0.00259018
13 0.801683 0.509766 0.120192 0.223438 0.00258064
44 0.646635 0.194141 0.0288462 0.028125 0.00254059
44 0.804688 0.162305 0.0540865 0.0421875 0.00248146
56 0.0579928 0.576563 0.09375 0.325 0.00247192
41 0.935096 0.154883 0.03125 0.025 0.00246239
40 0.628606 0.0472534 0.0432692 0.0564697 0.00244331
43 0.676683 0.652344 0.0793269 0.096875 0.00244331
41 0.742188 0.0668457 0.0228365 0.021582 0.00243378
40 0.644231 0.110742 0.0408654 0.0361328 0.00242424
56 0.450721 0.232813 0.0576923 0.0375 0.00239754
44 0.800481 0.161719 0.0360577 0.0410156 0.00235939
39 0.00976562 0.338281 0.0195312 0.0554687 0.00235939
44 0.810096 0.116797 0.0408654 0.0453125 0.00234985
41 0.911058 0.113477 0.0216346 0.0261719 0.00233269
44 0.911058 0.113477 0.0216346 0.0261719 0.00232315
40 0.746995 0.162793 0.046875 0.0392578 0.00230598
39 0.941707 0.112207 0.0228365 0.0339844 0.00230598
44 0.658053 0.141406 0.0276442 0.100391 0.00229645
45 0.321514 0.212695 0.0360577 0.0167969 0.00229645
42 0.61238 0.613281 0.198317 0.175 0.00229645
45 0.353365 0.230859 0.0552885 0.0375 0.00228691
40 0.665865 0.0416016 0.0372596 0.0689453 0.00224304
67 0.480168 0.195898 0.0300481 0.0367188 0.00224304
41 0.808894 0.0497559 0.0264423 0.0298828 0.00223351
45 0.71274 0.137402 0.0625 0.0791016 0.00222588
41 0.00976562 0.338281 0.0195312 0.0554687 0.00220871
39 0.472957 0.19082 0.0396635 0.0429688 0.00219917
40 0.64363 0.0474487 0.0288462 0.0599854 0.00219154
41 0.986178 0.157422 0.0264423 0.0298828 0.00218201
42 0.254808 0.708594 0.0649038 0.0265625 0.00218201
56 0.608173 0.313086 0.430288 0.131641 0.00213242
41 0.644231 0.110742 0.0408654 0.0361328 0.00210762
41 0.897837 0.119141 0.03125 0.0382813 0.0020504
56 0.0111178 0.401563 0.0216346 0.0695313 0.00203514
56 0.0183293 0.431641 0.0348558 0.133594 0.00203514
53 0.66226 0.779492 0.620192 0.231641 0.00203514
41 0.480168 0.195898 0.0300481 0.0367188 0.00201988
41 0.802885 0.140625 0.0408654 0.0824219 0.00200272
39 0.71274 0.137402 0.0625 0.0791016 0.00200272
39 0.782452 0.164258 0.0420673 0.0402344 0.00200272
41 0.986779 0.175195 0.0264423 0.0332031 0.00199509
49 0.495192 0.23418 0.0456731 0.0316406 0.00198746
60 0.646635 0.824805 0.700721 0.328516 0.0019722
45 0.784856 0.657813 0.163462 0.0484375 0.00195694
60 0.528395 0.808008 0.943209 0.374609 0.939941
55 0.66887 0.782031 0.638221 0.229687 0.934082
0 0.91226 0.41709 0.175481 0.529883 0.930176
0 0.19704 0.403027 0.371544 0.69707 0.922852
0 0.587891 0.375879 0.478065 0.58418 0.874023
56 0.399639 0.65 0.383413 0.10625 0.863281
41 0.711538 0.168945 0.0600962 0.0382813 0.791992
43 0.666466 0.635938 0.120192 0.1375 0.762207
56 0.109375 0.95 0.200721 0.096875 0.694336
41 0.450721 0.233594 0.0504808 0.0339844 0.645996
41 0.495192 0.234375 0.0456731 0.03125 0.618652
41 0.238882 0.763281 0.115986 0.09375 0.571777
41 0.852163 0.168945 0.0552885 0.0363281 0.443604
41 0.713341 0.121387 0.0625 0.0445313 0.390381
41 0.442308 0.18667 0.0456731 0.0407227 0.386719
41 0.935096 0.169141 0.0432692 0.0402344 0.38501
41 0.362981 0.232617 0.0402644 0.0316406 0.381104
41 0.94351 0.169141 0.0600962 0.0417969 0.229492
41 0.858774 0.12207 0.0588942 0.0378906 0.217285
45 0.785457 0.664062 0.164663 0.06875 0.150024
39 0.847356 0.310937 0.0757212 0.11875 0.146118
40 0.80649 0.0509766 0.0360577 0.0294922 0.140381
41 0.353365 0.230859 0.0552885 0.0375 0.137939
41 0.800481 0.1625 0.0396635 0.0410156 0.12085
40 0.808894 0.0591309 0.0336538 0.0424805 0.115173
40 0.800481 0.1625 0.0396635 0.0410156 0.0987549
40 0.936298 0.129199 0.0336538 0.0646484 0.0769653
40 0.907452 0.123242 0.0300481 0.0449219 0.0715942
40 0.859976 0.122559 0.0600962 0.0371094 0.0656128
44 0.711538 0.168457 0.0600962 0.0384766 0.0646362
40 0.914663 0.128516 0.0384615 0.0533203 0.0628052
45 0.710938 0.168457 0.0612981 0.0376953 0.0585632
40 0.760216 0.0501831 0.0396635 0.0506104 0.0566406
45 0.71274 0.121484 0.0625 0.0441406 0.0538025
39 0.933293 0.168164 0.0396635 0.0417969 0.053009
41 0.463942 0.228516 0.0384615 0.0289063 0.0520325
49 0.450721 0.233984 0.0528846 0.0335938 0.0518494
40 0.784856 0.162012 0.0552885 0.0416016 0.0488586
40 0.897837 0.119238 0.03125 0.0380859 0.0437012
41 0.71274 0.138086 0.0625 0.0808594 0.0403748
40 0.801683 0.123438 0.03125 0.0519531 0.0366211
40 0.780048 0.154492 0.0456731 0.0546875 0.0362244
40 0.858173 0.168945 0.0649038 0.0363281 0.035553
40 0.758413 0.125391 0.0360577 0.0634766 0.0354004
40 0.75601 0.162793 0.0444712 0.0408203 0.0309143
40 0.808894 0.0499023 0.0264423 0.0300781 0.0306702
41 0.755409 0.162109 0.0408654 0.0402344 0.0304413
40 0.770433 0.0554687 0.0384615 0.0447266 0.0290833
41 0.455529 0.192578 0.0745192 0.0535156 0.0288696
41 0.804087 0.162695 0.0600962 0.0421875 0.028656
40 0.770433 0.13418 0.0480769 0.0636719 0.0282135
41 0.784856 0.162012 0.0552885 0.0416016 0.0282135
45 0.442308 0.187158 0.0480769 0.0397461 0.0263519
40 0.71274 0.12168 0.0625 0.0441406 0.0258636
43 0.625 0.628906 0.209135 0.154688 0.0254669
40 0.847356 0.167187 0.0480769 0.0375 0.0248871
39 0.852163 0.168457 0.0552885 0.0373047 0.0247955
75 0.711538 0.168945 0.0600962 0.0394531 0.0240479
40 0.751803 0.051416 0.0432692 0.050293 0.0236969
75 0.852163 0.16748 0.0552885 0.0400391 0.0232391
40 0.805288 0.0455566 0.0408654 0.0432617 0.0230713
43 0.69351 0.658594 0.164663 0.185938 0.0219421
40 0.75601 0.153027 0.0480769 0.0533203 0.0217743
39 0.362981 0.232617 0.0402644 0.0316406 0.0213623
42 0.662861 0.635547 0.115385 0.136719 0.0211182
40 0.810697 0.157813 0.0552885 0.0507812 0.0207214
40 0.936899 0.168555 0.0456731 0.04375 0.0200958
40 0.776442 0.0595703 0.0288462 0.0369141 0.0199432
41 0.323918 0.22207 0.0420673 0.0308594 0.0198669
40 0.759615 0.0557617 0.0336538 0.0441406 0.0196381
43 0.566106 0.624219 0.316106 0.160938 0.0191956
67 0.238882 0.763281 0.115986 0.09375 0.0180511
40 0.823317 0.0525391 0.0480769 0.0496094 0.0173035
40 0.65024 0.112402 0.03125 0.0453125 0.0172424
41 0.855168 0.263281 0.0396635 0.0261719 0.0167847
45 0.45012 0.233594 0.0540865 0.0335938 0.0167236
45 0.858774 0.12207 0.0612981 0.0375 0.0158386
44 0.850962 0.168555 0.0528846 0.0359375 0.0148392
40 0.802284 0.140918 0.0432692 0.0830078 0.0146713
40 0.890024 0.165527 0.0420673 0.0396484 0.0143356
13 0.105243 0.947656 0.206581 0.0984375 0.0140076
40 0.858173 0.145313 0.0649038 0.0820312 0.0138474
43 0.655048 0.621875 0.108173 0.10625 0.0138474
40 0.766827 0.0466797 0.0444712 0.05625 0.013588
44 0.449519 0.233594 0.0528846 0.0335938 0.0132217
40 0.772837 0.146484 0.0420673 0.0703125 0.0131226
41 0.867788 0.167187 0.0841346 0.0390625 0.0130692
40 0.911058 0.113672 0.0216346 0.0265625 0.0129242
40 0.447115 0.187695 0.0588942 0.0449219 0.0129242
40 0.935096 0.154883 0.03125 0.0251953 0.0125732
40 0.629808 0.108984 0.0384615 0.0347656 0.0125275
41 0.747596 0.163184 0.0480769 0.0400391 0.0123825
44 0.71274 0.121094 0.0600962 0.0433594 0.0122375
39 0.495192 0.234375 0.0456731 0.03125 0.0118713
41 0.80649 0.0509766 0.0360577 0.0294922 0.0118256
41 0.877404 0.260547 0.0240385 0.0273438 0.0118256
40 0.896034 0.108789 0.0216346 0.0175781 0.0117798
60 0.924279 0.683594 0.151442 0.0703125 0.0116425
40 0.893029 0.122266 0.0288462 0.0402344 0.0115967
40 0.646635 0.136914 0.0408654 0.09375 0.011467
41 0.75601 0.153027 0.0480769 0.0533203 0.0113754
39 0.799279 0.162305 0.0456731 0.0417969 0.0112
40 0.71274 0.169531 0.0600962 0.0371094 0.0112
54 0.71274 0.120215 0.0600962 0.0453125 0.0111618
39 0.450721 0.233594 0.0504808 0.0339844 0.0109863
40 0.803486 0.110645 0.0216346 0.0244141 0.0107346
40 0.957933 0.039502 0.0564904 0.0764648 0.0102921
41 0.472356 0.190576 0.0408654 0.0430664 0.0101318
75 0.935096 0.169141 0.0432692 0.0402344 0.00974274
41 0.890024 0.165527 0.0420673 0.0396484 0.00952148
40 0.896635 0.164844 0.0600962 0.0417969 0.00945282
40 0.810096 0.116797 0.0408654 0.0457031 0.00933838
44 0.245793 0.723437 0.0985577 0.0476562 0.00926971
41 0.954327 0.0591797 0.0480769 0.0332031 0.00923157
44 0.71274 0.138086 0.0625 0.0808594 0.0091629
41 0.650841 0.107617 0.0288462 0.0390625 0.00908661
41 0.321514 0.212891 0.0360577 0.0171875 0.00898743
40 0.449519 0.197852 0.0600962 0.065625 0.00891876
40 0.829327 0.05 0.0384615 0.0550781 0.00871277
40 0.804087 0.162695 0.0600962 0.0421875 0.00871277
56 0.113882 0.890625 0.220553 0.2125 0.00871277
40 0.756611 0.102734 0.0216346 0.0214844 0.00867462
39 0.94351 0.169141 0.0600962 0.0417969 0.00847626
41 0.760216 0.13418 0.046875 0.0746094 0.00815582
41 0.449519 0.197852 0.0600962 0.065625 0.00809479
56 0.801082 0.509375 0.116587 0.2375 0.00806427
41 0.646635 0.194141 0.0288462 0.028125 0.00793457
39 0.447115 0.187695 0.0588942 0.0449219 0.00787354
43 0.685096 0.647656 0.103365 0.114063 0.0078125
43 0.692308 0.660937 0.112981 0.09375 0.00775528
39 0.864183 0.308594 0.0432692 0.104688 0.00766754
44 0.858774 0.12207 0.0588942 0.0378906 0.00760651
40 0.455529 0.192578 0.0745192 0.0535156 0.00760651
41 0.78726 0.664062 0.169471 0.0671875 0.00760651
44 0.246394 0.707812 0.0588942 0.0234375 0.00757599
40 0.628005 0.11875 0.0444712 0.0457031 0.00754929
40 0.760216 0.13418 0.046875 0.0746094 0.00754929
39 0.856971 0.121191 0.0528846 0.0392578 0.00746155
45 0.852163 0.168945 0.0552885 0.0363281 0.00740433
40 0.450721 0.232813 0.0576923 0.0375 0.00725937
40 0.831731 0.0608398 0.0336538 0.0498047 0.00720596
41 0.847957 0.30918 0.0757212 0.120313 0.00714874
40 0.921875 0.146875 0.0564904 0.0773438 0.00709534
75 0.856971 0.121191 0.0528846 0.0392578 0.00701141
45 0.935096 0.169141 0.0432692 0.0402344 0.0069313
39 0.353365 0.230859 0.0552885 0.0375 0.0069313
45 0.495192 0.234375 0.0456731 0.03125 0.0069046
56 0.734976 0.308594 0.161058 0.122656 0.0068512
45 0.408654 0.246484 0.0865385 0.009375 0.00671768
44 0.907452 0.123242 0.0300481 0.0449219 0.00669098
40 0.71274 0.138086 0.0625 0.0808594 0.00669098
44 0.362981 0.232617 0.0402644 0.0316406 0.00656509
45 0.359976 0.231641 0.0456731 0.0328125 0.00638962
41 0.780048 0.154492 0.0456731 0.0546875 0.00634003
40 0.809495 0.113184 0.03125 0.0328125 0.00631332
43 0.637019 0.640625 0.0564904 0.075 0.00621796
40 0.742188 0.0666992 0.0228365 0.021875 0.00616837
40 0.942308 0.126855 0.0288462 0.0634766 0.00612259
54 0.71274 0.169531 0.0600962 0.0371094 0.00612259
41 0.759014 0.176563 0.0324519 0.0167969 0.00602722
41 0.770433 0.13418 0.0480769 0.0636719 0.00600433
0 0.84976 0.313281 0.0745192 0.130469 0.00598145
40 0.939303 0.151953 0.0324519 0.0402344 0.00584412
41 0.628606 0.105957 0.0384615 0.0380859 0.00579834
40 0.853365 0.17168 0.0552885 0.0296875 0.00579834
49 0.362981 0.232617 0.0402644 0.0316406 0.00575256
56 0.172175 0.870313 0.205529 0.245312 0.00564194
41 0.907452 0.123242 0.0300481 0.0449219 0.0055542
40 0.882212 0.147754 0.0721154 0.0759766 0.00547028
32 0.450721 0.235352 0.0528846 0.0316406 0.00544739
40 0.864183 0.308594 0.0432692 0.104688 0.00544739
56 0.164363 0.950781 0.283053 0.0953125 0.00542831
40 0.65625 0.114648 0.0240385 0.0480469 0.00540543
41 0.758413 0.125391 0.0360577 0.0634766 0.00530243
44 0.758413 0.125391 0.0360577 0.0634766 0.00518036
44 0.756611 0.102734 0.0216346 0.0214844 0.00516129
44 0.657452 0.12207 0.0240385 0.0609375 0.00510025
56 0.734375 0.321484 0.201923 0.142188 0.00503922
41 0.895433 0.178125 0.0420673 0.0164063 0.00502014
39 0.455529 0.192578 0.0745192 0.0535156 0.00502014
75 0.847957 0.308984 0.0757212 0.121094 0.00502014
27 0.253005 0.252734 0.0967548 0.0710938 0.00498199
32 0.496394 0.235547 0.0444712 0.0289063 0.00492477
56 0.361779 0.232422 0.0432692 0.0328125 0.00469971
40 0.792067 0.149902 0.0576923 0.0583984 0.00468063
56 0.429237 0.284766 0.139123 0.0828125 0.00466537
74 0.859375 0.121875 0.0588942 0.0386719 0.00457382
44 0.760216 0.13418 0.046875 0.0746094 0.00457382
56 0.822115 0.417188 0.0408654 0.0546875 0.00457382
44 0.670673 0.637109 0.127404 0.135156 0.00457382
43 0.644231 0.646875 0.0492788 0.0640625 0.00453949
39 0.238882 0.765625 0.117188 0.096875 0.00453949
41 0.896034 0.108789 0.0216346 0.0175781 0.00450516
44 0.802284 0.140918 0.0432692 0.0830078 0.00441742
44 0.447115 0.187695 0.0588942 0.0449219 0.00438309
60 0.822115 0.413281 0.0480769 0.05625 0.00436401
75 0.450721 0.233594 0.0504808 0.0339844 0.00429916
60 0.434495 0.287109 0.147837 0.0890625 0.00429916
43 0.73738 0.671875 0.25601 0.226562 0.00418091
40 0.945313 0.169238 0.0637019 0.0412109 0.00415039
56 0.698918 0.310547 0.230769 0.127344 0.00415039
39 0.711538 0.168457 0.0600962 0.0384766 0.00413513
40 0.954327 0.059375 0.0504808 0.0333984 0.00411606
41 0.655649 0.106055 0.0228365 0.0324219 0.0041008
44 0.772837 0.146484 0.0420673 0.0703125 0.00408554
42 0.566106 0.624219 0.316106 0.160938 0.00405502
40 0.754808 0.0629883 0.0240385 0.0242188 0.00397491
40 0.657452 0.12207 0.0240385 0.0609375 0.00391388
44 0.914663 0.128516 0.0384615 0.0533203 0.00391388
44 0.867788 0.167187 0.0841346 0.0390625 0.00391388
75 0.71274 0.121094 0.0600962 0.0433594 0.00390053
44 0.770433 0.13418 0.0480769 0.0636719 0.00380898
0 0.355168 0.231641 0.0552885 0.0378906 0.00378036
40 0.00976562 0.338281 0.0195312 0.0554687 0.00376511
44 0.747596 0.163184 0.0480769 0.0400391 0.00374985
54 0.860577 0.122266 0.0576923 0.0382813 0.0037365
64 0.713341 0.121387 0.0625 0.0445313 0.00370789
40 0.935096 0.148145 0.0408654 0.0634766 0.00370789
41 0.628606 0.234961 0.0252404 0.0226563 0.00363541
41 0.649038 0.219141 0.0504808 0.0546875 0.0036068
41 0.772837 0.146484 0.0420673 0.0703125 0.00359344
40 0.93149 0.168555 0.0384615 0.0382813 0.00359344
0 0.924279 0.260547 0.151442 0.207813 0.00351143
60 0.821514 0.395313 0.046875 0.0203125 0.00348282
41 0.971154 0.317969 0.0552885 0.0535156 0.00345612
60 0.780048 0.279102 0.283654 0.186328 0.00345612
39 0.450721 0.211279 0.0649038 0.0790039 0.00341606
44 0.803486 0.110645 0.0216346 0.0244141 0.00337601
44 0.896034 0.108789 0.0216346 0.0175781 0.00337601
41 0.810697 0.157813 0.0552885 0.0507812 0.00336266
40 0.638221 0.0437012 0.0432692 0.0651367 0.00335121
64 0.711538 0.168945 0.0600962 0.0394531 0.00333786
32 0.713341 0.121387 0.0625 0.0445313 0.00327301
39 0.442308 0.185352 0.0456731 0.040625 0.00324821
41 0.657452 0.215234 0.0649038 0.0597656 0.00324821
40 0.941707 0.112305 0.0228365 0.034375 0.00323486
40 0.450721 0.211279 0.0649038 0.0790039 0.00319672
41 0.756611 0.102734 0.0216346 0.0214844 0.00318527
40 0.629808 0.135937 0.0552885 0.0839844 0.00318527
42 0.246394 0.707812 0.0588942 0.0234375 0.00316048
40 0.852163 0.122461 0.0721154 0.04375 0.00314713
44 0.9375 0.125391 0.03125 0.0566406 0.003088
41 0.941707 0.112305 0.0228365 0.034375 0.00305176
41 0.00916466 0.350781 0.016226 0.0328125 0.00300407
44 0.755409 0.162109 0.0408654 0.0402344 0.00291252
41 0.759615 0.0557617 0.0336538 0.0441406 0.00288963
41 0.644231 0.225391 0.0528846 0.04375 0.00288963
56 0.118465 0.843555 0.233023 0.303516 0.00287819
41 0.804087 0.0586914 0.0396635 0.0398437 0.00286674
56 0.450721 0.232813 0.0576923 0.0375 0.00286674
56 0.197641 0.895312 0.253756 0.203125 0.00286674
44 0.801683 0.123438 0.03125 0.0519531 0.00284576
41 0.754808 0.0629883 0.0240385 0.0242188 0.00284576
43 0.676683 0.652344 0.0817308 0.096875 0.00277901
56 0.848558 0.312695 0.0769231 0.125391 0.00271416
74 0.954327 0.0591797 0.0480769 0.0332031 0.00265312
44 0.804688 0.162305 0.0540865 0.0421875 0.00263214
41 0.935096 0.154883 0.03125 0.0251953 0.00259018
41 0.668269 0.194922 0.0480769 0.01875 0.00259018
39 0.941707 0.112305 0.0228365 0.034375 0.00257111
41 0.911058 0.113672 0.0216346 0.0265625 0.00255013
45 0.353365 0.230859 0.0552885 0.0375 0.00253105
13 0.801683 0.509375 0.120192 0.223438 0.0024929
44 0.646635 0.194141 0.0288462 0.028125 0.00247192
56 0.0584435 0.578906 0.0928486 0.320312 0.00247192
45 0.321514 0.212891 0.0360577 0.0171875 0.00246239
41 0.742188 0.0666992 0.0228365 0.021875 0.00245285
42 0.610577 0.613672 0.204327 0.175781 0.00244331
44 0.800481 0.161914 0.0360577 0.0410156 0.00243378
40 0.644231 0.110547 0.0408654 0.0359375 0.00243378
44 0.810096 0.116797 0.0408654 0.0457031 0.00242424
44 0.911058 0.113672 0.0216346 0.0265625 0.00239754
67 0.480168 0.195703 0.0300481 0.0367188 0.00239754
45 0.784856 0.657813 0.163462 0.0484375 0.00239754
40 0.628606 0.0471558 0.0456731 0.056665 0.002388
44 0.65625 0.114648 0.0240385 0.0480469 0.00236893
39 0.00976562 0.338281 0.0195312 0.0554687 0.00235939
60 0.645282 0.825781 0.704627 0.328125 0.00231361
41 0.808894 0.0499023 0.0264423 0.0300781 0.00230598
41 0.985577 0.157422 0.0264423 0.0302734 0.00230598
41 0.00976562 0.338281 0.0195312 0.0554687 0.00230598
44 0.658053 0.141504 0.0276442 0.100586 0.00227928
40 0.643029 0.0472168 0.0288462 0.0604492 0.00224304
41 0.897837 0.119238 0.03125 0.0380859 0.00223351
40 0.747596 0.163184 0.0480769 0.0400391 0.00223351
45 0.71274 0.138086 0.0625 0.0808594 0.00222588
41 0.644231 0.110547 0.0408654 0.0359375 0.00221634
40 0.951923 0.167773 0.0721154 0.0488281 0.00218201
40 0.353365 0.230859 0.0552885 0.0375 0.00218201
39 0.472356 0.190576 0.0408654 0.0430664 0.00217438
39 0.71274 0.138086 0.0625 0.0808594 0.00216484
40 0.834135 0.0459839 0.0360577 0.0574463 0.00215721
39 0.782452 0.164062 0.0432692 0.0402344 0.00215721
41 0.802284 0.140918 0.0432692 0.0830078 0.00214958
40 0.665865 0.0414917 0.0384615 0.0689697 0.00214005
41 0.337139 0.224609 0.0588942 0.0402344 0.00211525
53 0.661659 0.780469 0.61899 0.23125 0.00211525
44 0.933293 0.166992 0.0360577 0.0433594 0.00209999
56 0.924279 0.683594 0.151442 0.0703125 0.00209999
45 0.94351 0.169141 0.0600962 0.0417969 0.00209045
55 0.66887 0.781055 0.638221 0.228516 0.938965
60 0.528245 0.808008 0.94351 0.374609 0.9375
0 0.91226 0.417578 0.175481 0.529688 0.933594
0 0.196815 0.403125 0.371995 0.696875 0.924805
0 0.585337 0.375391 0.475962 0.600781 0.875
56 0.399639 0.65 0.383413 0.10625 0.871582
41 0.711538 0.168848 0.0600962 0.0384766 0.790527
43 0.666466 0.635156 0.120192 0.139063 0.740234
56 0.109976 0.95 0.200721 0.096875 0.702637
41 0.450721 0.233594 0.0504808 0.0339844 0.65332
41 0.495192 0.234375 0.0456731 0.0316406 0.611328
41 0.238582 0.762891 0.116587 0.0945313 0.584961
41 0.852163 0.169141 0.0552885 0.0363281 0.453369
41 0.935096 0.169141 0.0432692 0.0402344 0.399902
41 0.442308 0.187109 0.0480769 0.0410156 0.388672
41 0.71274 0.121387 0.0625 0.0443359 0.386719
41 0.362981 0.232617 0.0396635 0.0316406 0.38501
41 0.94351 0.169336 0.0612981 0.0417969 0.245117
41 0.859375 0.12207 0.0600962 0.0378906 0.210815
39 0.847356 0.310937 0.0757212 0.11875 0.151978
40 0.80649 0.0508789 0.0360577 0.0297852 0.148071
41 0.353365 0.230859 0.0552885 0.0375 0.147095
45 0.784856 0.664062 0.165865 0.0679687 0.138916
40 0.808894 0.059082 0.0336538 0.0423828 0.121704
41 0.800481 0.1625 0.0408654 0.0410156 0.111633
40 0.800481 0.1625 0.0408654 0.0410156 0.0960083
40 0.859375 0.122461 0.0600962 0.0371094 0.0736694
40 0.936298 0.129492 0.0360577 0.065625 0.0690308
40 0.907452 0.123633 0.03125 0.0457031 0.0675659
44 0.711538 0.168555 0.0600962 0.0382813 0.0651245
40 0.760216 0.0501953 0.0396635 0.0507812 0.0605164
45 0.710938 0.168555 0.0612981 0.0378906 0.0587769
40 0.915264 0.129004 0.0396635 0.0544922 0.0583496
49 0.450721 0.233789 0.0528846 0.0335938 0.0577087
39 0.933293 0.168164 0.0396635 0.0421875 0.0522461
41 0.463942 0.228906 0.0384615 0.0296875 0.0501404
40 0.784856 0.162109 0.0552885 0.0417969 0.0499573
45 0.71274 0.121387 0.0625 0.0443359 0.049408
41 0.71274 0.138281 0.0625 0.0816406 0.0393372
40 0.858173 0.16875 0.0649038 0.0371094 0.0393372
40 0.898438 0.119336 0.03125 0.0382813 0.0390625
40 0.780649 0.154297 0.046875 0.0554687 0.0359497
40 0.801683 0.126758 0.0336538 0.0582031 0.0352783
40 0.758413 0.125586 0.0360577 0.0636719 0.0351562
40 0.75601 0.162695 0.0456731 0.0410156 0.0316162
41 0.455529 0.192236 0.0745192 0.0538086 0.0314941
40 0.770433 0.0552734 0.0408654 0.0453125 0.0313721
40 0.71274 0.121484 0.0625 0.0443359 0.0284424
41 0.804688 0.162695 0.0612981 0.0425781 0.0282135
40 0.770433 0.135156 0.0504808 0.0660156 0.0278015
41 0.754808 0.162305 0.0408654 0.040625 0.0275879
41 0.784856 0.162109 0.0552885 0.0417969 0.0273743
43 0.626803 0.627734 0.205529 0.157031 0.0254669
40 0.752404 0.0513672 0.0432692 0.0503906 0.0252686
45 0.442308 0.187158 0.0480769 0.0397461 0.0245209
40 0.805288 0.0457031 0.0408654 0.0432617 0.0244293
39 0.852163 0.168555 0.0552885 0.0371094 0.0244293
40 0.847356 0.167187 0.046875 0.0375 0.0236969
75 0.711538 0.168945 0.0600962 0.0394531 0.0234222
40 0.75601 0.152637 0.0480769 0.0580078 0.0222015
42 0.662861 0.635156 0.115385 0.1375 0.0219421
40 0.776442 0.0594727 0.03125 0.0371094 0.0214539
75 0.852163 0.167578 0.0552885 0.0398437 0.021286
40 0.9375 0.168652 0.0456731 0.0435547 0.0210419
43 0.694712 0.660156 0.167067 0.189063 0.0210419
40 0.759615 0.0556641 0.0336538 0.0443359 0.0209656
40 0.811298 0.157813 0.0552885 0.0511719 0.0207977
39 0.362981 0.232617 0.0396635 0.0316406 0.0202484
67 0.238582 0.762891 0.116587 0.0945313 0.0199432
43 0.570913 0.623828 0.307692 0.161719 0.0194244
41 0.323918 0.222266 0.0420673 0.03125 0.0191956
40 0.822716 0.0523926 0.0492788 0.049707 0.0181274
40 0.65024 0.113672 0.03125 0.0476562 0.0167847
41 0.855769 0.263281 0.0408654 0.0261719 0.016098
45 0.45012 0.233594 0.0540865 0.0335938 0.0156021
40 0.858173 0.145117 0.0649038 0.0824219 0.0149536
44 0.850962 0.16875 0.0528846 0.0359375 0.0149536
45 0.858774 0.12207 0.0612981 0.0375 0.0146179
40 0.801683 0.141309 0.0456731 0.0841797 0.0142822
13 0.105469 0.946875 0.206731 0.1 0.0141144
40 0.766827 0.046875 0.0444712 0.05625 0.014061
43 0.655048 0.621875 0.108173 0.10625 0.0137939
40 0.889423 0.165625 0.0432692 0.0398437 0.0134811
44 0.449519 0.233594 0.0528846 0.0335938 0.0132217
40 0.447115 0.187695 0.0588942 0.0449219 0.0131683
60 0.924279 0.683984 0.151442 0.0695313 0.01297
41 0.867788 0.167285 0.0841346 0.0388672 0.012825
40 0.772837 0.146582 0.0432692 0.0708984 0.0126266
40 0.911058 0.114453 0.0216346 0.028125 0.0124817
41 0.80649 0.0508789 0.0360577 0.0297852 0.0124283
40 0.712139 0.169336 0.0612981 0.0375 0.012146
40 0.935096 0.155273 0.03125 0.0257812 0.0120544
40 0.629808 0.108984 0.0384615 0.0351562 0.0118256
44 0.71274 0.120996 0.0600962 0.0435547 0.0115509
39 0.495192 0.234375 0.0456731 0.0316406 0.0115509
41 0.876803 0.260547 0.0228365 0.0273438 0.0115509
41 0.747596 0.163379 0.0480769 0.0404297 0.0114212
40 0.646635 0.137695 0.0408654 0.0957031 0.0113297
40 0.896034 0.108789 0.0216346 0.0175781 0.0110703
39 0.798678 0.162305 0.0444712 0.0417969 0.0110321
39 0.450721 0.233594 0.0504808 0.0339844 0.0108185
40 0.895433 0.164062 0.0649038 0.0433594 0.0105667
41 0.468149 0.190576 0.0492788 0.0438477 0.0103683
41 0.75601 0.152637 0.0480769 0.0580078 0.0103302
40 0.893029 0.122461 0.03125 0.0402344 0.0102921
40 0.802885 0.110742 0.0216346 0.0246094 0.01017
44 0.245793 0.722656 0.0985577 0.0484375 0.0100937
54 0.71274 0.120117 0.0600962 0.0453125 0.0100937
56 0.114258 0.890625 0.221004 0.209375 0.00948334
75 0.935096 0.169141 0.0432692 0.0402344 0.00945282
40 0.829327 0.0498169 0.0384615 0.055249 0.00905609
44 0.71274 0.138281 0.0625 0.0816406 0.00905609
40 0.804688 0.162695 0.0612981 0.0425781 0.00901794
39 0.94351 0.169336 0.0612981 0.0417969 0.00901794
40 0.449519 0.197656 0.0600962 0.065625 0.00901794
40 0.957933 0.0394653 0.0564904 0.0765381 0.00894928
41 0.889423 0.165625 0.0432692 0.0398437 0.00874329
41 0.65024 0.107715 0.0288462 0.0392578 0.00867462
40 0.810096 0.117188 0.0408654 0.0464844 0.0086441
41 0.954327 0.0592285 0.0480769 0.0331055 0.00861359
41 0.321514 0.212891 0.0360577 0.0171875 0.00857544
40 0.75601 0.103418 0.0216346 0.0228516 0.00854492
41 0.449519 0.197656 0.0600962 0.065625 0.00821686
43 0.692308 0.660547 0.112981 0.0945313 0.00821686
44 0.246695 0.708203 0.0594952 0.0226563 0.00803375
40 0.455529 0.192236 0.0745192 0.0538086 0.00800323
43 0.685096 0.647656 0.103365 0.114844 0.00796509
39 0.447115 0.187695 0.0588942 0.0449219 0.00787354
41 0.760216 0.135352 0.046875 0.0773438 0.0077858
39 0.864784 0.308594 0.0432692 0.104688 0.0077858
41 0.78726 0.663672 0.170673 0.0671875 0.00775528
40 0.760216 0.135352 0.046875 0.0773438 0.00760651
44 0.254507 0.708203 0.0661058 0.0257812 0.00748825
44 0.859375 0.12207 0.0600962 0.0378906 0.00743103
75 0.856971 0.121191 0.0528846 0.0392578 0.00740433
40 0.831731 0.0607422 0.0348558 0.0496094 0.00737381
45 0.852163 0.169141 0.0552885 0.0363281 0.00737381
40 0.450721 0.232813 0.0576923 0.0375 0.00728989
40 0.628606 0.119727 0.0456731 0.0488281 0.00723267
40 0.71274 0.138281 0.0625 0.0816406 0.00720596
56 0.801082 0.508984 0.116587 0.2375 0.00717545
39 0.856971 0.121191 0.0528846 0.0392578 0.00714874
39 0.353365 0.230859 0.0552885 0.0375 0.00712204
41 0.646635 0.194336 0.0288462 0.0277344 0.00703812
45 0.408654 0.246484 0.0865385 0.009375 0.00703812
0 0.849159 0.313281 0.0757212 0.130469 0.00703812
40 0.920673 0.146875 0.0600962 0.078125 0.00695801
45 0.935096 0.169141 0.0432692 0.0402344 0.0069313
41 0.847957 0.309375 0.0757212 0.120313 0.00679779
45 0.495192 0.234375 0.0456731 0.03125 0.00666809
49 0.362981 0.232617 0.0396635 0.0316406 0.00661469
43 0.637019 0.640625 0.0552885 0.075 0.00631332
56 0.734976 0.308398 0.161058 0.122656 0.00629044
40 0.742188 0.0665039 0.0228365 0.0222656 0.00626373
44 0.362981 0.232617 0.0396635 0.0316406 0.006073
40 0.864784 0.308594 0.0432692 0.104688 0.006073
40 0.808894 0.113477 0.03125 0.0332031 0.00605011
44 0.907452 0.123633 0.03125 0.0457031 0.00598145
32 0.450721 0.235352 0.0528846 0.0316406 0.00598145
41 0.780649 0.154297 0.046875 0.0554687 0.00588989
41 0.759014 0.176514 0.0324519 0.0172852 0.005867
41 0.770433 0.135156 0.0504808 0.0660156 0.00582123
40 0.853365 0.17168 0.0552885 0.0296875 0.00582123
40 0.938702 0.153906 0.0336538 0.04375 0.00570679
45 0.359375 0.231445 0.0456731 0.0328125 0.00561905
56 0.163987 0.950781 0.2814 0.0953125 0.00559998
40 0.792067 0.149414 0.0576923 0.0609375 0.0055542
54 0.712139 0.169336 0.0612981 0.0375 0.00553513
41 0.628606 0.106055 0.0384615 0.0382813 0.00548935
56 0.171875 0.868555 0.20613 0.247266 0.00548935
40 0.941707 0.126953 0.0300481 0.0640625 0.00547028
56 0.359375 0.231445 0.0456731 0.0328125 0.00542831
27 0.253005 0.25293 0.0961538 0.0707031 0.00538635
41 0.758413 0.125586 0.0360577 0.0636719 0.00534439
40 0.882212 0.147656 0.0745192 0.0761719 0.00534439
40 0.65625 0.11543 0.0240385 0.0492188 0.00519943
41 0.907452 0.123633 0.03125 0.0457031 0.00511932
39 0.455529 0.192236 0.0745192 0.0538086 0.00511932
32 0.496394 0.235547 0.0444712 0.0289063 0.00511932
75 0.847957 0.308984 0.0757212 0.121094 0.00511932
44 0.758413 0.125586 0.0360577 0.0636719 0.00508118
41 0.894832 0.178076 0.0420673 0.0165039 0.00498199
74 0.859375 0.121875 0.0588942 0.0386719 0.00486755
44 0.657452 0.125098 0.0240385 0.0671875 0.00481033
44 0.75601 0.103418 0.0216346 0.0228516 0.00469971
44 0.760216 0.135352 0.046875 0.0773438 0.00466537
60 0.434495 0.287109 0.147837 0.0890625 0.0046463
39 0.238882 0.766016 0.117188 0.0976562 0.00460815
60 0.822115 0.413281 0.0480769 0.05625 0.00457382
40 0.945313 0.169238 0.0637019 0.0412109 0.00455475
75 0.450721 0.233594 0.0504808 0.0339844 0.00455475
0 0.355168 0.231641 0.0552885 0.0378906 0.00450516
56 0.822115 0.417188 0.0408654 0.0546875 0.00450516
43 0.644231 0.646484 0.0492788 0.0640625 0.00450516
56 0.734976 0.321289 0.201923 0.142578 0.00450516
42 0.570913 0.623828 0.307692 0.161719 0.00434875
41 0.896034 0.108789 0.0216346 0.0175781 0.00431442
44 0.447115 0.187695 0.0588942 0.0449219 0.00428009
56 0.429688 0.284766 0.139423 0.0828125 0.00426483
44 0.670673 0.636719 0.127404 0.135937 0.00418091
44 0.801683 0.141309 0.0456731 0.0841797 0.00413513
41 0.971154 0.317578 0.0564904 0.0527344 0.0041008
75 0.71274 0.120996 0.0600962 0.0435547 0.00403976
43 0.736779 0.672266 0.254808 0.228906 0.00400543
39 0.711538 0.168555 0.0600962 0.0382813 0.00397491
40 0.754207 0.0626953 0.0252404 0.0246094 0.00391388
44 0.772837 0.146582 0.0432692 0.0708984 0.00388527
44 0.867788 0.167285 0.0841346 0.0388672 0.00380898
40 0.00976562 0.338281 0.0195312 0.05625 0.00379562
40 0.954327 0.0594238 0.0504808 0.0334961 0.00376511
41 0.655649 0.106445 0.0228365 0.0330078 0.00376511
56 0.703125 0.310547 0.223558 0.127344 0.00376511
40 0.657452 0.125098 0.0240385 0.0671875 0.00374985
60 0.821514 0.395313 0.046875 0.0203125 0.00369263
44 0.747596 0.163379 0.0480769 0.0404297 0.00366402
41 0.649038 0.219141 0.0504808 0.0546875 0.00366402
44 0.915264 0.129004 0.0396635 0.0544922 0.00359344
40 0.93149 0.168652 0.0384615 0.0384766 0.00359344
44 0.770433 0.135156 0.0504808 0.0660156 0.00352478
40 0.933894 0.147656 0.0432692 0.0675781 0.00346947
64 0.713341 0.121289 0.0625 0.0445313 0.00345612
40 0.450721 0.211133 0.0649038 0.0792969 0.00344276
40 0.63762 0.0435547 0.0432692 0.0652344 0.00342941
41 0.628606 0.235156 0.0264423 0.0226563 0.00342941
0 0.924279 0.260352 0.151442 0.207422 0.00342941
32 0.713341 0.121289 0.0625 0.0445313 0.00341606
42 0.246695 0.708203 0.0594952 0.0226563 0.00341606
41 0.772837 0.146582 0.0432692 0.0708984 0.00337601
40 0.852163 0.122852 0.0721154 0.0453125 0.00335121
60 0.780048 0.279297 0.283654 0.186719 0.00332451
41 0.657452 0.215234 0.0649038 0.0597656 0.00329781
41 0.811298 0.157813 0.0552885 0.0511719 0.00325966
64 0.711538 0.168945 0.0600962 0.0394531 0.00324821
41 0.759615 0.0556641 0.0336538 0.0443359 0.00318527
56 0.450721 0.232813 0.0576923 0.0375 0.00317192
44 0.896034 0.108789 0.0216346 0.0175781 0.00314713
54 0.859976 0.122266 0.0564904 0.0382813 0.00313568
39 0.442308 0.185596 0.0456731 0.0405273 0.003088
40 0.629808 0.13623 0.0552885 0.0853516 0.00307465
41 0.804087 0.0585938 0.0396635 0.0398437 0.00305176
44 0.802885 0.110742 0.0216346 0.0246094 0.00305176
39 0.450721 0.211133 0.0649038 0.0792969 0.00305176
56 0.118465 0.843945 0.233023 0.305859 0.00305176
41 0.00916466 0.350391 0.016226 0.0332031 0.00299263
43 0.676683 0.651563 0.0817308 0.0984375 0.00298119
41 0.75601 0.103418 0.0216346 0.0228516 0.0029583
45 0.784856 0.657813 0.163462 0.0476562 0.00291252
44 0.754808 0.162305 0.0408654 0.040625 0.00282288
41 0.644231 0.225 0.0528846 0.0445313 0.00282288
41 0.754207 0.0626953 0.0252404 0.0246094 0.00282288
40 0.941106 0.112695 0.0240385 0.0355469 0.00282288
42 0.254507 0.708203 0.0661058 0.0257812 0.00275803
41 0.941106 0.112695 0.0240385 0.0355469 0.00273705
42 0.614183 0.614062 0.197115 0.175 0.0027256
44 0.936899 0.125977 0.0324519 0.0578125 0.00271416
56 0.198017 0.892969 0.253606 0.207813 0.00269318
44 0.801683 0.126758 0.0336538 0.0582031 0.00264168
45 0.353365 0.230859 0.0552885 0.0375 0.00264168
44 0.804087 0.162207 0.0552885 0.0423828 0.00259018
41 0.742188 0.0665039 0.0228365 0.0222656 0.0024929
56 0.848558 0.312695 0.0769231 0.125391 0.00248146
40 0.353365 0.230859 0.0552885 0.0375 0.00243378
40 0.628606 0.0470215 0.0456731 0.0567383 0.00242424
41 0.66887 0.194922 0.046875 0.01875 0.0024147
74 0.954327 0.0592285 0.0480769 0.0331055 0.00239754
41 0.911058 0.114453 0.0216346 0.028125 0.00239754
40 0.909856 0.142676 0.0793269 0.0779297 0.00237846
56 0.0584435 0.576953 0.0928486 0.325781 0.00235939
40 0.644231 0.111133 0.0408654 0.0376953 0.00234222
40 0.643029 0.0470215 0.0300481 0.0608398 0.00232315
45 0.321514 0.212891 0.0360577 0.0171875 0.00231361
41 0.935096 0.155273 0.03125 0.0257812 0.00230598
67 0.480168 0.195703 0.0300481 0.0367188 0.00229645
56 0.408654 0.247461 0.0913462 0.0109375 0.00229645
39 0.941106 0.112695 0.0240385 0.0355469 0.00229645
44 0.800481 0.161816 0.0360577 0.0412109 0.00228691
13 0.801683 0.509375 0.120192 0.222656 0.00228691
44 0.810096 0.117188 0.0408654 0.0464844 0.00227928
44 0.646635 0.194336 0.0288462 0.0277344 0.00227928
39 0.00976562 0.338281 0.0195312 0.05625 0.00226974
40 0.834135 0.0460815 0.0372596 0.0578369 0.00225258
39 0.71274 0.138281 0.0625 0.0816406 0.00225258
41 0.00976562 0.338281 0.0195312 0.05625 0.00225258
44 0.657452 0.141992 0.0288462 0.101953 0.00223351
71 0.408654 0.247461 0.0913462 0.0109375 0.00221634
56 0.924279 0.683984 0.151442 0.0695313 0.00221634
44 0.65625 0.11543 0.0240385 0.0492188 0.00219154
41 0.985577 0.157617 0.0264423 0.0304688 0.00216484
40 0.747596 0.163379 0.0480769 0.0404297 0.00215721
40 0.665865 0.0414185 0.0384615 0.0691162 0.00214958
44 0.911058 0.114453 0.0216346 0.028125 0.00214005
44 0.933894 0.166992 0.0360577 0.0433594 0.00214005
75 0.362981 0.232617 0.0396635 0.0316406 0.00214005
39 0.783053 0.164062 0.0432692 0.040625 0.00213242
41 0.820913 0.164453 0.0480769 0.0410156 0.00211525
39 0.468149 0.190576 0.0492788 0.0438477 0.00211525
41 0.33774 0.225 0.0600962 0.0410156 0.00209999
53 0.662109 0.779883 0.620493 0.230859 0.00209999
60 0.645433 0.826367 0.705529 0.328516 0.00209045
45 0.94351 0.169336 0.0612981 0.0417969 0.00208282
55 0.668269 0.781055 0.639423 0.228516 0.940918
0 0.91226 0.417578 0.175481 0.530469 0.936035
60 0.528245 0.808008 0.94351 0.374609 0.932617
0 0.196815 0.403516 0.372596 0.697656 0.926758
56 0.398888 0.65 0.382512 0.10625 0.884766
0 0.585938 0.375391 0.475962 0.600781 0.874512
41 0.711538 0.16875 0.0600962 0.0386719 0.803223
43 0.666466 0.635156 0.120192 0.139063 0.756348
56 0.110051 0.949219 0.200571 0.0984375 0.720215
41 0.45012 0.233594 0.0516827 0.0339844 0.663574
41 0.495192 0.234375 0.0456731 0.0316406 0.633301
41 0.238882 0.763281 0.116587 0.0953125 0.600098
41 0.852163 0.169043 0.0552885 0.0365234 0.486328
41 0.935096 0.169141 0.0432692 0.0402344 0.418701
41 0.442308 0.186914 0.0456731 0.0410156 0.399902
41 0.362981 0.232813 0.0396635 0.0320312 0.399902
41 0.713341 0.121289 0.0625 0.0449219 0.395996
41 0.94351 0.169336 0.0612981 0.0417969 0.259766
41 0.859375 0.12207 0.0600962 0.0376953 0.229492
41 0.353365 0.230859 0.0552885 0.0375 0.162354
40 0.80649 0.0508301 0.0360577 0.0301758 0.15918
39 0.847356 0.310937 0.0757212 0.11875 0.158203
45 0.785457 0.664062 0.164663 0.06875 0.1427
40 0.808894 0.0589844 0.0336538 0.0423828 0.137573
41 0.800481 0.1625 0.0408654 0.0410156 0.121704
40 0.800481 0.1625 0.0408654 0.0410156 0.105225
40 0.936298 0.129492 0.0360577 0.065625 0.085083
40 0.859375 0.122461 0.0600962 0.0371094 0.0809326
40 0.907452 0.123438 0.03125 0.0453125 0.0786133
40 0.759615 0.0501953 0.0408654 0.0509766 0.0753174
40 0.914663 0.128906 0.0384615 0.0542969 0.0680542
45 0.710938 0.168555 0.0612981 0.0378906 0.0653687
44 0.711538 0.168555 0.0600962 0.0382813 0.0637207
49 0.450721 0.233789 0.0528846 0.0339844 0.0600891
45 0.71274 0.121289 0.0625 0.0445313 0.0574951
40 0.784856 0.162109 0.0552885 0.0417969 0.0541992
39 0.933293 0.168164 0.0408654 0.0421875 0.0539856
41 0.463942 0.228906 0.0384615 0.0296875 0.0526123
40 0.857572 0.168848 0.0649038 0.0369141 0.0476074
40 0.898438 0.119336 0.03125 0.0382813 0.0467224
41 0.71274 0.139063 0.0625 0.0835937 0.0419312
40 0.758413 0.125586 0.0360577 0.0640625 0.0405273
40 0.78125 0.153906 0.046875 0.05625 0.0390625
40 0.801683 0.126563 0.0324519 0.0582031 0.0387573
40 0.769832 0.0546875 0.0408654 0.0466797 0.0359497
40 0.71274 0.121484 0.0625 0.0445313 0.0343628
40 0.75601 0.162793 0.0456731 0.0412109 0.0328369
40 0.752404 0.0512695 0.0456731 0.0505859 0.0323486
40 0.805288 0.0456543 0.0408654 0.043457 0.0321045
41 0.804688 0.162695 0.0625 0.0425781 0.0313721
41 0.784856 0.162109 0.0552885 0.0417969 0.0303345
40 0.771034 0.135352 0.0492788 0.0664062 0.0302124
41 0.754808 0.162402 0.0408654 0.0408203 0.0302124
41 0.455529 0.192188 0.0745192 0.0535156 0.0278015
40 0.844952 0.165039 0.0504808 0.0417969 0.0271759
43 0.627404 0.628125 0.204327 0.15625 0.0264587
40 0.759615 0.0552734 0.0336538 0.0453125 0.0262604
40 0.775841 0.0593262 0.03125 0.0374023 0.0258636
75 0.710938 0.168945 0.0600962 0.0394531 0.0255585
39 0.852163 0.168457 0.0552885 0.0373047 0.0255585
45 0.442308 0.187158 0.0480769 0.0397461 0.0253754
40 0.75601 0.153125 0.0480769 0.0585938 0.0248871
42 0.66226 0.635156 0.115385 0.1375 0.0230713
40 0.9375 0.16875 0.0456731 0.04375 0.0225372
40 0.810697 0.157813 0.0564904 0.0511719 0.0222015
75 0.852163 0.167578 0.0552885 0.0398437 0.021698
67 0.238882 0.763281 0.116587 0.0953125 0.0214539
40 0.823918 0.0523438 0.046875 0.05 0.0212097
41 0.323918 0.222656 0.0420673 0.0320312 0.0210419
40 0.649639 0.115039 0.0324519 0.0507812 0.0209656
43 0.69351 0.657031 0.163462 0.184375 0.0207214
39 0.362981 0.232813 0.0396635 0.0320312 0.0202484
43 0.570312 0.623438 0.308894 0.1625 0.0200195
40 0.766827 0.0471802 0.0444712 0.0562256 0.0191193
41 0.855769 0.263281 0.0408654 0.0265625 0.0177155
45 0.45012 0.233789 0.0540865 0.0339844 0.0174408
41 0.783053 0.164062 0.0420673 0.040625 0.016922
40 0.801683 0.141309 0.0456731 0.0845703 0.0159607
44 0.850962 0.16875 0.0528846 0.0359375 0.0157166
40 0.629808 0.10918 0.0384615 0.0351562 0.0156708
45 0.858774 0.12207 0.0612981 0.0375 0.0156708
40 0.858173 0.145117 0.0649038 0.0824219 0.0153656
60 0.924279 0.684375 0.151442 0.06875 0.0149536
40 0.911058 0.114063 0.0216346 0.0271484 0.0144501
40 0.889423 0.165625 0.0432692 0.0398437 0.014389
40 0.646635 0.1375 0.0408654 0.0949219 0.0143356
40 0.712139 0.169238 0.0612981 0.0376953 0.0141754
13 0.105243 0.946875 0.206581 0.1 0.0141754
40 0.773438 0.14668 0.0432692 0.0710938 0.0141144
43 0.655649 0.621875 0.108173 0.107031 0.0137405
41 0.867788 0.167285 0.0841346 0.0388672 0.0135345
44 0.449519 0.233594 0.0528846 0.0335938 0.0135345
40 0.957933 0.0396973 0.0552885 0.0764648 0.0133743
41 0.876803 0.260547 0.0228365 0.028125 0.0133743
40 0.896034 0.108789 0.0216346 0.0175781 0.0131226
40 0.935096 0.155078 0.03125 0.0253906 0.0131226
41 0.80649 0.0508301 0.0360577 0.0301758 0.0130234
44 0.71274 0.121094 0.0600962 0.04375 0.0129242
40 0.447115 0.187695 0.0576923 0.0449219 0.012825
39 0.495192 0.234375 0.0456731 0.0316406 0.0125732
40 0.897236 0.164355 0.0588942 0.0431641 0.0122375
40 0.893029 0.122461 0.0300481 0.0402344 0.012146
39 0.45012 0.233594 0.0516827 0.0339844 0.0118713
40 0.802885 0.110937 0.0216346 0.0246094 0.0113297
41 0.75601 0.153125 0.0480769 0.0585938 0.0112915
40 0.830529 0.049707 0.0372596 0.0558594 0.0112457
39 0.799279 0.162305 0.0456731 0.0421875 0.0112457
44 0.245793 0.722656 0.0997596 0.0484375 0.0110321
41 0.954327 0.0592285 0.0480769 0.0333008 0.0107346
54 0.71274 0.120117 0.0600962 0.0457031 0.0106506
56 0.113882 0.892969 0.220553 0.204688 0.0102463
75 0.935096 0.169141 0.0432692 0.0402344 0.01017
41 0.472356 0.190576 0.0408654 0.0430664 0.00989532
40 0.628606 0.121289 0.0456731 0.0515625 0.00985718
40 0.756611 0.103906 0.0228365 0.0240234 0.00981903
41 0.760216 0.135742 0.046875 0.0785156 0.00967407
40 0.804688 0.162695 0.0625 0.0425781 0.00948334
41 0.65024 0.107813 0.0288462 0.0392578 0.00941467
41 0.889423 0.165625 0.0432692 0.0398437 0.00941467
40 0.810096 0.117188 0.0408654 0.0464844 0.00937653
44 0.71274 0.139063 0.0625 0.0835937 0.00933838
0 0.849159 0.313477 0.0757212 0.130859 0.00933838
41 0.321514 0.212891 0.0360577 0.0171875 0.00926971
39 0.94351 0.169336 0.0612981 0.0417969 0.00923157
40 0.760216 0.135742 0.046875 0.0785156 0.00919342
44 0.246695 0.708203 0.0594952 0.0226563 0.00881195
40 0.832332 0.0606445 0.0336538 0.0498047 0.00878143
40 0.449519 0.198437 0.0600962 0.0671875 0.00874329
39 0.865385 0.308594 0.0432692 0.104688 0.00871277
43 0.686298 0.649609 0.0949519 0.111719 0.0086441
41 0.646635 0.194141 0.0288462 0.028125 0.00861359
39 0.447115 0.187695 0.0576923 0.0449219 0.00818634
44 0.254207 0.708203 0.0661058 0.0257812 0.00818634
40 0.65024 0.107813 0.0288462 0.0392578 0.00812531
45 0.408654 0.246484 0.0865385 0.009375 0.00812531
41 0.787861 0.664062 0.16226 0.0671875 0.00806427
40 0.450721 0.232813 0.0576923 0.0382813 0.00790405
45 0.852163 0.169043 0.0552885 0.0365234 0.00784302
40 0.455529 0.192188 0.0745192 0.0535156 0.0078125
40 0.742188 0.0663086 0.0240385 0.0226563 0.00772476
45 0.935096 0.169141 0.0432692 0.0402344 0.00772476
39 0.353365 0.230859 0.0552885 0.0375 0.00769424
44 0.859375 0.12207 0.0600962 0.0376953 0.00763702
40 0.921875 0.146875 0.0576923 0.078125 0.00754929
49 0.362981 0.232813 0.0396635 0.0320312 0.00737381
41 0.449519 0.198437 0.0600962 0.0671875 0.00725937
40 0.71274 0.139063 0.0625 0.0835937 0.00723267
39 0.856971 0.121191 0.0528846 0.0392578 0.00717545
45 0.495192 0.234375 0.046875 0.03125 0.00717545
40 0.792067 0.149219 0.0576923 0.0621094 0.00712204
75 0.856971 0.121191 0.0528846 0.0392578 0.0069313
41 0.758413 0.176367 0.0336538 0.0171875 0.0068512
56 0.801683 0.508984 0.117788 0.238281 0.0068512
43 0.637019 0.640625 0.0552885 0.075 0.00674438
40 0.808894 0.113477 0.03125 0.0335938 0.00671768
40 0.941707 0.126953 0.0300481 0.0640625 0.00669098
40 0.904447 0.11875 0.0336538 0.0404297 0.00666809
41 0.628606 0.10625 0.0384615 0.0386719 0.00661469
44 0.907452 0.123438 0.03125 0.0453125 0.00658798
40 0.865385 0.308594 0.0432692 0.104688 0.0064621
41 0.78125 0.153906 0.046875 0.05625 0.00636292
40 0.939303 0.153418 0.0324519 0.0419922 0.00629044
40 0.65625 0.11582 0.0240385 0.0501953 0.00626373
45 0.359375 0.231445 0.0456731 0.0332031 0.00624084
40 0.783053 0.164062 0.0420673 0.040625 0.00621796
41 0.771034 0.135352 0.0492788 0.0664062 0.00605011
41 0.758413 0.125586 0.0360577 0.0640625 0.00602722
40 0.882212 0.147656 0.0745192 0.0761719 0.00591278
40 0.853365 0.171875 0.0564904 0.0296875 0.00591278
41 0.847356 0.309375 0.0745192 0.120313 0.00591278
54 0.712139 0.169238 0.0612981 0.0376953 0.00584412
56 0.734976 0.308594 0.16226 0.123438 0.00582123
32 0.450721 0.235547 0.0528846 0.0320312 0.00579834
40 0.754207 0.0623047 0.0252404 0.0259766 0.00579834
27 0.253305 0.25293 0.0961538 0.0707031 0.00575256
56 0.171575 0.869531 0.204928 0.248438 0.00568771
44 0.362981 0.232813 0.0396635 0.0320312 0.00559998
56 0.359375 0.231445 0.0456731 0.0332031 0.00551224
40 0.638221 0.0436035 0.0408654 0.0651367 0.00547028
44 0.758413 0.125586 0.0360577 0.0640625 0.00536346
41 0.907452 0.123438 0.03125 0.0453125 0.00536346
41 0.895433 0.178076 0.0432692 0.0165039 0.00527954
75 0.45012 0.233594 0.0516827 0.0339844 0.00519943
44 0.756611 0.103906 0.0228365 0.0240234 0.00516129
44 0.657452 0.124219 0.0240385 0.0652344 0.0051384
41 0.971154 0.317578 0.0552885 0.053125 0.00508118
39 0.455529 0.192188 0.0745192 0.0535156 0.00502014
60 0.822115 0.413281 0.046875 0.0554687 0.00502014
56 0.162936 0.950781 0.278696 0.0953125 0.00502014
41 0.649639 0.115039 0.0324519 0.0507812 0.00500107
44 0.760216 0.135742 0.046875 0.0785156 0.00500107
32 0.496394 0.235547 0.0444712 0.0289063 0.00494385
75 0.847957 0.308984 0.0757212 0.121094 0.00494385
0 0.355168 0.231641 0.0552885 0.0382813 0.00482941
40 0.954327 0.0594238 0.0504808 0.0334961 0.00475693
56 0.822115 0.417188 0.0408654 0.0546875 0.00473785
40 0.657452 0.124219 0.0240385 0.0652344 0.00460815
41 0.896034 0.108789 0.0216346 0.0175781 0.0045929
60 0.434495 0.287109 0.147837 0.0890625 0.0045929
43 0.644231 0.646094 0.0492788 0.0640625 0.0045929
39 0.239183 0.766406 0.117788 0.0984375 0.00453949
40 0.00976562 0.338086 0.0195312 0.0558594 0.00443268
74 0.859375 0.121875 0.0600962 0.0386719 0.00438309
40 0.63101 0.136035 0.0552885 0.0849609 0.00436401
40 0.945313 0.169238 0.0637019 0.0416016 0.00436401
42 0.570312 0.623438 0.308894 0.1625 0.00436401
40 0.933894 0.146875 0.0432692 0.0679687 0.00428009
75 0.713341 0.121289 0.0625 0.0449219 0.00421524
44 0.447115 0.187695 0.0576923 0.0449219 0.00421524
60 0.821514 0.395313 0.046875 0.0203125 0.00416565
56 0.429688 0.284766 0.139423 0.0828125 0.00416565
44 0.801683 0.141309 0.0456731 0.0845703 0.00413513
56 0.736779 0.320703 0.197115 0.142188 0.00413513
41 0.655649 0.10625 0.0228365 0.0328125 0.0041008
41 0.649038 0.21875 0.0504808 0.0554687 0.0041008
44 0.867788 0.167285 0.0841346 0.0388672 0.00400543
39 0.711538 0.168555 0.0600962 0.0382813 0.0039444
43 0.737981 0.671875 0.25601 0.228125 0.00392914
44 0.773438 0.14668 0.0432692 0.0710938 0.00388527
40 0.628606 0.0471802 0.0456731 0.0566162 0.00385475
41 0.759615 0.0552734 0.0336538 0.0453125 0.00385475
41 0.657452 0.215234 0.0649038 0.0597656 0.00385475
40 0.450721 0.210938 0.0649038 0.0796875 0.00382423
44 0.914663 0.128906 0.0384615 0.0542969 0.00380898
40 0.93149 0.168555 0.0384615 0.0386719 0.00379562
41 0.628606 0.234961 0.0252404 0.0230469 0.00379562
44 0.670673 0.636719 0.127404 0.135937 0.00379562
40 0.644231 0.11084 0.0408654 0.0373047 0.00374985
41 0.773438 0.14668 0.0432692 0.0710938 0.00366402
40 0.852163 0.122363 0.0721154 0.0443359 0.00365067
44 0.896034 0.108789 0.0216346 0.0175781 0.0036068
41 0.941106 0.112207 0.0228365 0.0349609 0.00359344
42 0.246695 0.708203 0.0594952 0.0226563 0.00358009
44 0.771034 0.135352 0.0492788 0.0664062 0.00356483
41 0.754207 0.0623047 0.0252404 0.0259766 0.00356483
40 0.941106 0.112207 0.0228365 0.0349609 0.00356483
40 0.64363 0.0472168 0.0288462 0.0606445 0.00355148
41 0.810697 0.157813 0.0564904 0.0511719 0.00351143
44 0.748197 0.163477 0.0480769 0.0410156 0.00349617
0 0.92488 0.260205 0.15024 0.207715 0.00346947
40 0.665865 0.0414185 0.0372596 0.0691162 0.00344276
41 0.804087 0.0584961 0.0408654 0.0398437 0.00333786
54 0.859976 0.122266 0.0564904 0.0382813 0.00331116
44 0.802885 0.110937 0.0216346 0.0246094 0.00329781
41 0.00916466 0.35 0.016226 0.034375 0.00329781
41 0.644231 0.224219 0.0528846 0.0453125 0.00327301
60 0.780048 0.279687 0.283654 0.186719 0.00313568
45 0.784856 0.657813 0.163462 0.0476562 0.00312424
56 0.450721 0.232813 0.0576923 0.0382813 0.00312424
39 0.450721 0.210938 0.0649038 0.0796875 0.00311089
41 0.756611 0.103906 0.0228365 0.0240234 0.00305176
41 0.644231 0.11084 0.0408654 0.0373047 0.00305176
56 0.118089 0.843945 0.231971 0.305859 0.00296974
44 0.936899 0.125684 0.0324519 0.0572266 0.0029583
64 0.713341 0.121289 0.0625 0.0449219 0.00294685
42 0.614784 0.614062 0.195913 0.176563 0.00293541
64 0.710938 0.168945 0.0600962 0.0394531 0.00292397
39 0.941106 0.112207 0.0228365 0.0349609 0.00287819
41 0.742188 0.0663086 0.0240385 0.0226563 0.00286674
45 0.353365 0.230859 0.0552885 0.0375 0.00286674
42 0.254207 0.708203 0.0661058 0.0257812 0.00286674
44 0.646635 0.194141 0.0288462 0.028125 0.00277901
41 0.668269 0.194922 0.046875 0.01875 0.00277901
32 0.713341 0.121289 0.0625 0.0449219 0.00275803
40 0.913462 0.141895 0.0721154 0.0763672 0.00273705
40 0.68149 0.0400879 0.03125 0.0681641 0.0027256
44 0.801683 0.126563 0.0324519 0.0582031 0.00271416
41 0.755409 0.100391 0.0216346 0.0191406 0.0026722
39 0.00976562 0.338086 0.0195312 0.0558594 0.0026722
56 0.198392 0.89375 0.252254 0.20625 0.0026722
40 0.354567 0.18457 0.0528846 0.04375 0.00263214
41 0.00976562 0.338086 0.0195312 0.0558594 0.00261116
44 0.804688 0.162207 0.0552885 0.0423828 0.00257111
45 0.321514 0.212891 0.0360577 0.0171875 0.00257111
44 0.657452 0.141602 0.0288462 0.101172 0.00256157
41 0.911058 0.114063 0.0216346 0.0271484 0.00255013
56 0.924279 0.684375 0.151442 0.06875 0.00253105
41 0.935096 0.155078 0.03125 0.0253906 0.00251198
71 0.408654 0.247656 0.0913462 0.0109375 0.00251198
40 0.353365 0.230859 0.0552885 0.0375 0.0024929
44 0.911058 0.114063 0.0216346 0.0271484 0.00245285
41 0.986178 0.157227 0.0264423 0.0296875 0.00243378
74 0.954327 0.0592285 0.0480769 0.0333008 0.00242424
44 0.810096 0.117188 0.0408654 0.0464844 0.00240517
41 0.822115 0.164551 0.0480769 0.0408203 0.00240517
0 0.450721 0.210938 0.0649038 0.0796875 0.00239754
53 0.661659 0.780469 0.621394 0.229687 0.00236893
67 0.480168 0.195703 0.0300481 0.0367188 0.00234222
0 0.171575 0.869531 0.204928 0.248438 0.00234222
75 0.362981 0.232813 0.0396635 0.0320312 0.00233269
39 0.783053 0.164062 0.0420673 0.040625 0.00232315
39 0.71274 0.139063 0.0625 0.0835937 0.00229645
56 0.0584435 0.577344 0.0922476 0.324219 0.00228691
56 0.0111178 0.401172 0.0216346 0.06875 0.00227928
41 0.898438 0.119336 0.03125 0.0382813 0.00225258
45 0.94351 0.169336 0.0612981 0.0417969 0.00223351
41 0.801683 0.141309 0.0456731 0.0845703 0.00221634
40 0.748197 0.163477 0.0480769 0.0410156 0.00219154
39 0.472356 0.190576 0.0408654 0.0430664 0.00219154
44 0.65625 0.11582 0.0240385 0.0501953 0.00218201
55 0.668269 0.781055 0.639423 0.228516 0.94043
0 0.91226 0.418066 0.175481 0.531055 0.935547
60 0.528245 0.808594 0.94351 0.373437 0.926758
0 0.196815 0.404004 0.371995 0.698242 0.924316
56 0.399038 0.65 0.382212 0.10625 0.892578
0 0.585938 0.375781 0.477163 0.6 0.872559
41 0.711538 0.16875 0.0600962 0.0386719 0.794434
43 0.666466 0.635156 0.120192 0.139063 0.762207
56 0.110877 0.949219 0.198317 0.0984375 0.73584
41 0.45012 0.233594 0.0516827 0.034375 0.672363
41 0.495192 0.234375 0.0456731 0.0320312 0.642578
41 0.238582 0.763281 0.116587 0.0953125 0.616699
41 0.852163 0.169043 0.0552885 0.0365234 0.486328
41 0.935096 0.169238 0.0444712 0.0404297 0.418701
41 0.36268 0.232813 0.0402644 0.0320312 0.407227
41 0.442308 0.186914 0.0456731 0.0410156 0.394287
41 0.71274 0.121289 0.0625 0.0445313 0.373779
41 0.945913 0.169238 0.0649038 0.0416016 0.252441
41 0.859375 0.12207 0.0600962 0.0378906 0.216064
39 0.847356 0.310742 0.0757212 0.119141 0.164551
41 0.353365 0.230859 0.0552885 0.0375 0.163452
40 0.805889 0.0509277 0.0372596 0.0305664 0.147095
45 0.785457 0.664062 0.164663 0.06875 0.143677
40 0.808894 0.0589844 0.0336538 0.0423828 0.134766
41 0.800481 0.1625 0.0408654 0.0414063 0.110107
40 0.800481 0.1625 0.0408654 0.0414063 0.0953369
40 0.859375 0.122559 0.0600962 0.0373047 0.0875854
40 0.936298 0.12959 0.0360577 0.0658203 0.0856934
40 0.907452 0.123633 0.03125 0.0457031 0.0731812
40 0.759615 0.0501953 0.0408654 0.0511719 0.0685425
40 0.915865 0.129102 0.0408654 0.0546875 0.0646362
44 0.711538 0.168457 0.0600962 0.0384766 0.0632324
45 0.710938 0.168555 0.0612981 0.0382813 0.0616455
49 0.450721 0.233789 0.0528846 0.0339844 0.0560303
41 0.464543 0.229102 0.0384615 0.0300781 0.0534058
45 0.71274 0.121289 0.0625 0.0445313 0.0520325
39 0.933293 0.168164 0.0408654 0.0421875 0.0520325
40 0.856971 0.16875 0.0649038 0.0375 0.0488586
40 0.785457 0.162012 0.0564904 0.0419922 0.0477905
40 0.898438 0.119531 0.03125 0.0386719 0.0427246
41 0.71274 0.139453 0.0625 0.084375 0.0419312
40 0.758413 0.125781 0.0360577 0.0644531 0.0358276
40 0.78125 0.153418 0.0480769 0.0576172 0.035553
40 0.71274 0.121484 0.0625 0.0449219 0.035553
40 0.801683 0.127832 0.0336538 0.0611328 0.0352783
40 0.805288 0.0456055 0.0408654 0.0439453 0.0323486
40 0.769231 0.0545898 0.0408654 0.0472656 0.0321045
40 0.752404 0.0513672 0.0456731 0.0507812 0.029541
40 0.75601 0.162695 0.0456731 0.0414063 0.0288696
41 0.805288 0.162695 0.0637019 0.0425781 0.0288696
43 0.628606 0.627344 0.201923 0.157813 0.0272675
40 0.770433 0.135645 0.0504808 0.0669922 0.0271759
41 0.75601 0.162695 0.0456731 0.0414063 0.0268555
41 0.785457 0.162012 0.0564904 0.0419922 0.0268555
40 0.844952 0.165039 0.0528846 0.0421875 0.0267639
39 0.852163 0.168457 0.0552885 0.0373047 0.0249939
40 0.759615 0.0552734 0.0348558 0.0453125 0.0248871
41 0.455529 0.192383 0.0745192 0.0535156 0.0246124
42 0.662861 0.634766 0.115385 0.139063 0.0246124
40 0.775841 0.0593262 0.03125 0.0375977 0.0243378
45 0.442308 0.187109 0.0480769 0.0398437 0.0241394
41 0.323618 0.222852 0.0426683 0.0324219 0.0230713
40 0.75601 0.152441 0.0480769 0.0615234 0.0228882
75 0.710938 0.168945 0.0600962 0.0394531 0.0225372
40 0.9375 0.168652 0.0456731 0.0439453 0.0218658
67 0.238582 0.763281 0.116587 0.0953125 0.021698
43 0.573317 0.623438 0.302885 0.1625 0.0207977
43 0.69351 0.657031 0.163462 0.184375 0.0207977
40 0.810697 0.157813 0.0564904 0.0515625 0.0206451
40 0.824519 0.0523438 0.0480769 0.0503906 0.0204926
40 0.649639 0.115527 0.0324519 0.0517578 0.0199432
39 0.36268 0.232813 0.0402644 0.0320312 0.0197144
75 0.852163 0.167578 0.0552885 0.0398437 0.0195618
40 0.766827 0.0470703 0.0444712 0.0570313 0.018692
45 0.45012 0.233594 0.0540865 0.034375 0.018692
41 0.783053 0.164062 0.0432692 0.040625 0.016983
41 0.855769 0.263281 0.0408654 0.0265625 0.0164642
60 0.924279 0.684375 0.151442 0.06875 0.0159607
44 0.850962 0.16875 0.0540865 0.0363281 0.0153046
40 0.858173 0.145117 0.0649038 0.0824219 0.0151291
40 0.629808 0.109375 0.0384615 0.0359375 0.0150146
45 0.858774 0.12207 0.0612981 0.0375 0.0149002
40 0.801683 0.141406 0.0456731 0.0847656 0.0147858
40 0.957933 0.0396973 0.0552885 0.0766602 0.0144501
40 0.712139 0.169336 0.0612981 0.0378906 0.0142288
40 0.897837 0.163672 0.0600962 0.0445313 0.0139542
40 0.911058 0.114063 0.0216346 0.0273438 0.0139008
13 0.105168 0.946875 0.20613 0.1 0.0137939
40 0.646034 0.1375 0.0420673 0.0953125 0.0137405
40 0.889423 0.165625 0.0432692 0.0402344 0.013588
44 0.449519 0.233594 0.0528846 0.0339844 0.0133743
39 0.495192 0.234375 0.0456731 0.0320312 0.0132751
41 0.876803 0.260547 0.0228365 0.028125 0.0130234
40 0.935096 0.155176 0.03125 0.0257812 0.0127716
40 0.447115 0.187695 0.0576923 0.0449219 0.0127258
43 0.655048 0.621875 0.108173 0.107813 0.0127258
40 0.772837 0.14668 0.0444712 0.0714844 0.0126724
40 0.896034 0.108789 0.0216346 0.0175781 0.0125275
39 0.45012 0.233594 0.0516827 0.034375 0.0124283
41 0.867788 0.167285 0.0841346 0.0392578 0.0123825
41 0.805889 0.0509277 0.0372596 0.0305664 0.012146
44 0.71274 0.121094 0.0600962 0.04375 0.0118713
0 0.848558 0.313477 0.0745192 0.130859 0.0113754
40 0.893029 0.122656 0.03125 0.0402344 0.0113297
40 0.867788 0.167285 0.0841346 0.0392578 0.0112
44 0.245793 0.722656 0.0997596 0.0484375 0.0111618
41 0.748197 0.163672 0.0492788 0.0414063 0.0110321
41 0.954327 0.0592285 0.0492788 0.0334961 0.0107803
40 0.830529 0.0496948 0.0372596 0.0564697 0.0106964
40 0.802885 0.111133 0.0216346 0.025 0.0106125
41 0.75601 0.152441 0.0480769 0.0615234 0.0102921
39 0.798678 0.162305 0.0456731 0.0421875 0.0100098
56 0.113882 0.894531 0.219952 0.201563 0.00978088
41 0.321514 0.212891 0.0366587 0.0171875 0.00974274
40 0.628606 0.122168 0.0456731 0.0535156 0.00967407
44 0.71274 0.139453 0.0625 0.084375 0.00963593
75 0.935096 0.169238 0.0444712 0.0404297 0.00963593
54 0.71274 0.119922 0.0600962 0.0457031 0.00959778
39 0.864784 0.308594 0.0420673 0.104688 0.00905609
44 0.246394 0.707812 0.0600962 0.0234375 0.00905609
40 0.449519 0.198242 0.0600962 0.0667969 0.00894928
41 0.473558 0.191016 0.0384615 0.0429688 0.00891876
40 0.756611 0.104297 0.0228365 0.025 0.00888062
43 0.686298 0.649219 0.09375 0.113281 0.0088501
40 0.832332 0.0605469 0.0336538 0.0498047 0.00878143
41 0.760216 0.136328 0.0480769 0.0800781 0.00871277
39 0.94351 0.169141 0.0612981 0.0421875 0.0086441
41 0.65024 0.107813 0.0288462 0.0394531 0.00857544
40 0.805288 0.162695 0.0637019 0.0425781 0.00857544
41 0.889423 0.165625 0.0432692 0.0402344 0.00854492
40 0.810096 0.117188 0.0432692 0.0472656 0.0085144
43 0.692909 0.659766 0.114183 0.0960938 0.0085144
45 0.408654 0.246484 0.0865385 0.009375 0.00844574
40 0.45012 0.232617 0.0588942 0.0382813 0.00844574
41 0.646635 0.194141 0.0288462 0.0285156 0.00841522
40 0.760216 0.136328 0.0480769 0.0800781 0.00834656
39 0.447115 0.187695 0.0576923 0.0449219 0.00831604
40 0.65024 0.107813 0.0288462 0.0394531 0.00784302
45 0.935096 0.169238 0.0444712 0.0404297 0.00769424
45 0.852163 0.169043 0.0552885 0.0365234 0.00754929
41 0.787861 0.664453 0.16226 0.0679687 0.00754929
39 0.353365 0.230859 0.0552885 0.0375 0.00740433
49 0.36268 0.232813 0.0402644 0.0320312 0.00740433
41 0.449519 0.198242 0.0600962 0.0667969 0.00737381
40 0.790865 0.148828 0.0600962 0.0640625 0.00737381
40 0.455529 0.192383 0.0745192 0.0535156 0.00731659
40 0.71274 0.139453 0.0625 0.084375 0.00728989
40 0.920673 0.14707 0.0600962 0.078125 0.00728989
40 0.742188 0.0661133 0.0240385 0.0232422 0.00723267
41 0.758413 0.176367 0.0336538 0.0175781 0.00698471
45 0.495192 0.234375 0.046875 0.0320312 0.00698471
44 0.859375 0.12207 0.0600962 0.0378906 0.00695801
43 0.637019 0.640234 0.0552885 0.0757812 0.00695801
40 0.904447 0.119238 0.0348558 0.0416016 0.0069046
40 0.864784 0.308594 0.0420673 0.104688 0.0068779
40 0.941707 0.127051 0.0300481 0.0640625 0.00682449
27 0.253606 0.253125 0.0949519 0.0703125 0.00664139
41 0.628606 0.106348 0.0384615 0.0388672 0.00641251
44 0.907452 0.123633 0.03125 0.0457031 0.00634003
56 0.801683 0.508984 0.117788 0.238281 0.00634003
40 0.809495 0.113672 0.0324519 0.0339844 0.00629044
45 0.359375 0.23125 0.0456731 0.0335938 0.00626373
39 0.85637 0.121289 0.0540865 0.0394531 0.00619125
75 0.85637 0.121289 0.0540865 0.0394531 0.006073
40 0.938702 0.15332 0.0336538 0.0419922 0.00600433
41 0.847356 0.309375 0.0745192 0.120703 0.00593567
40 0.754207 0.062207 0.0252404 0.0265625 0.00593567
40 0.65625 0.116016 0.0240385 0.0505859 0.005867
56 0.735577 0.308789 0.163462 0.123828 0.00579834
56 0.171349 0.868945 0.204177 0.249609 0.00577545
41 0.78125 0.153418 0.0480769 0.0576172 0.00570679
40 0.783053 0.164062 0.0432692 0.040625 0.00570679
40 0.88101 0.147754 0.0745192 0.0763672 0.00568771
41 0.971154 0.317578 0.0552885 0.053125 0.00561905
40 0.638221 0.0435059 0.0408654 0.0655273 0.00557709
32 0.450721 0.235352 0.0528846 0.0320312 0.00557709
40 0.853365 0.171777 0.0564904 0.0298828 0.00551224
41 0.770433 0.135645 0.0504808 0.0669922 0.00548935
44 0.36268 0.232813 0.0402644 0.0320312 0.00544739
41 0.758413 0.125781 0.0360577 0.0644531 0.00536346
60 0.822115 0.413281 0.0480769 0.05625 0.00536346
56 0.359375 0.23125 0.0456731 0.0335938 0.00534439
54 0.712139 0.169336 0.0612981 0.0378906 0.00510025
41 0.895433 0.178174 0.0432692 0.0170898 0.00508118
44 0.758413 0.125781 0.0360577 0.0644531 0.00503922
44 0.656851 0.125 0.0252404 0.0669922 0.00502014
75 0.45012 0.233594 0.0516827 0.034375 0.00502014
32 0.496394 0.235547 0.0456731 0.0289063 0.00500107
41 0.907452 0.123633 0.03125 0.0457031 0.00492477
56 0.162861 0.950781 0.275841 0.0953125 0.00486755
44 0.756611 0.104297 0.0228365 0.025 0.00484848
75 0.847957 0.30918 0.0757212 0.121484 0.00484848
40 0.954327 0.0594238 0.0504808 0.0336914 0.00481033
42 0.573317 0.623438 0.302885 0.1625 0.00477219
44 0.760216 0.136328 0.0480769 0.0800781 0.00475693
56 0.822115 0.417188 0.0408654 0.0546875 0.00473785
39 0.455529 0.192383 0.0745192 0.0535156 0.00468063
43 0.644231 0.646484 0.0492788 0.0648438 0.00468063
0 0.354868 0.231641 0.0558894 0.0382813 0.0045929
60 0.434495 0.287109 0.147837 0.0890625 0.00455475
40 0.933894 0.146289 0.0432692 0.0699219 0.00455475
41 0.649639 0.115527 0.0324519 0.0517578 0.00453949
39 0.238281 0.763281 0.117188 0.09375 0.00452042
40 0.63101 0.136133 0.0552885 0.0851563 0.00448608
60 0.821514 0.394922 0.046875 0.0203125 0.00446701
40 0.00976562 0.337891 0.0195312 0.05625 0.00443268
41 0.896034 0.108789 0.0216346 0.0175781 0.00436401
41 0.648438 0.21875 0.0504808 0.0554687 0.00431442
56 0.429688 0.284766 0.139423 0.0832031 0.00426483
41 0.628606 0.234766 0.0264423 0.0234375 0.0042305
44 0.447115 0.187695 0.0576923 0.0449219 0.00421524
40 0.945913 0.169238 0.0649038 0.0416016 0.00419998
74 0.859375 0.121875 0.0600962 0.0388672 0.00418091
56 0.738582 0.320703 0.195913 0.142188 0.00413513
40 0.450721 0.210742 0.0649038 0.0800781 0.00411606
41 0.657452 0.215234 0.0649038 0.0601563 0.00399017
40 0.628606 0.047168 0.0456731 0.0568359 0.00395966
43 0.736779 0.671094 0.254808 0.226562 0.00392914
44 0.801683 0.141406 0.0456731 0.0847656 0.00391388
40 0.851563 0.122559 0.0733173 0.0449219 0.00385475
44 0.867788 0.167285 0.0841346 0.0392578 0.00383949
40 0.941106 0.112207 0.0228365 0.0353516 0.00382423
41 0.759615 0.0552734 0.0348558 0.0453125 0.00380898
41 0.941106 0.112207 0.0228365 0.0353516 0.00379562
42 0.246394 0.707812 0.0600962 0.0234375 0.00378036
40 0.644231 0.11123 0.0408654 0.0384766 0.00378036
75 0.71274 0.121094 0.0600962 0.04375 0.00376511
39 0.711538 0.168457 0.0600962 0.0384766 0.0037365
40 0.64363 0.0471558 0.0288462 0.0607666 0.00372124
41 0.655649 0.106445 0.0228365 0.0332031 0.00367928
40 0.93149 0.168652 0.0384615 0.0388672 0.00366402
44 0.915865 0.129102 0.0408654 0.0546875 0.0036068
44 0.772837 0.14668 0.0444712 0.0714844 0.00359344
44 0.670673 0.636328 0.127404 0.136719 0.00359344
40 0.665865 0.0398437 0.0408654 0.0700195 0.00356483
41 0.644231 0.224609 0.0528846 0.0453125 0.00355148
41 0.754207 0.062207 0.0252404 0.0265625 0.00351143
44 0.896034 0.108789 0.0216346 0.0175781 0.00349617
44 0.748197 0.163672 0.0492788 0.0414063 0.00340271
0 0.92488 0.260352 0.15024 0.208203 0.00338936
42 0.61899 0.614062 0.1875 0.176563 0.00338936
60 0.780048 0.279687 0.283654 0.187109 0.00332451
41 0.772837 0.14668 0.0444712 0.0714844 0.00329781
39 0.450721 0.210742 0.0649038 0.0800781 0.00329781
44 0.770433 0.135645 0.0504808 0.0669922 0.00328636
41 0.804087 0.0585938 0.0408654 0.0400391 0.00327301
41 0.00916466 0.349609 0.016226 0.0351562 0.00319672
41 0.810697 0.157813 0.0564904 0.0515625 0.00317192
44 0.802885 0.111133 0.0216346 0.025 0.00312424
45 0.784856 0.657813 0.163462 0.0476562 0.00307465
39 0.941106 0.112207 0.0228365 0.0353516 0.0030632
41 0.644231 0.11123 0.0408654 0.0384766 0.00300407
54 0.859976 0.122266 0.0564904 0.0382813 0.0029583
56 0.118465 0.841992 0.231821 0.306641 0.0029583
40 0.68149 0.0400879 0.03125 0.0683594 0.00294685
56 0.45012 0.232617 0.0588942 0.0382813 0.00293541
44 0.646635 0.194141 0.0288462 0.0285156 0.00283432
44 0.936899 0.125781 0.0324519 0.0574219 0.00282288
64 0.710938 0.168945 0.0600962 0.0394531 0.00279045
40 0.353966 0.185156 0.0528846 0.0453125 0.00276756
39 0.00976562 0.337891 0.0195312 0.05625 0.00276756
41 0.742188 0.0661133 0.0240385 0.0232422 0.00273705
41 0.756611 0.104297 0.0228365 0.025 0.0027256
64 0.713341 0.121289 0.0625 0.0449219 0.00270462
0 0.739183 0.311133 0.175481 0.129297 0.00268364
45 0.321514 0.212891 0.0366587 0.0171875 0.00266266
44 0.755409 0.1625 0.0420673 0.0414063 0.00263214
56 0.197716 0.892969 0.251803 0.207813 0.00263214
44 0.801683 0.127832 0.0336538 0.0611328 0.00259018
41 0.668269 0.194922 0.0480769 0.0191406 0.00259018
56 0.924279 0.684375 0.151442 0.06875 0.00259018
44 0.657452 0.141602 0.0288462 0.101172 0.00257111
32 0.713341 0.121289 0.0625 0.0449219 0.00254059
40 0.353365 0.230859 0.0552885 0.0375 0.00250244
41 0.00976562 0.337891 0.0195312 0.05625 0.0024929
44 0.804688 0.162207 0.0564904 0.0427734 0.00247192
0 0.171349 0.868945 0.204177 0.249609 0.00247192
41 0.755409 0.100391 0.0216346 0.0191406 0.00243378
41 0.985577 0.157422 0.0264423 0.0304688 0.00242424
41 0.822716 0.164453 0.0492788 0.0410156 0.0024147
71 0.408504 0.247656 0.0916466 0.0109375 0.0024147
44 0.911058 0.114063 0.0216346 0.0273438 0.00240517
53 0.661659 0.780469 0.621394 0.229687 0.00240517
41 0.911058 0.114063 0.0216346 0.0273438 0.00239754
56 0.0111178 0.400879 0.0213341 0.0685547 0.002388
74 0.954327 0.0592285 0.0492788 0.0334961 0.00237846
41 0.935096 0.155176 0.03125 0.0257812 0.00233269
44 0.810096 0.117188 0.0432692 0.0472656 0.00231361
39 0.71274 0.139453 0.0625 0.084375 0.00230598
43 0.254207 0.708203 0.0673077 0.0257812 0.00230598
0 0.450721 0.210742 0.0649038 0.0800781 0.00227928
67 0.479567 0.195898 0.03125 0.0371094 0.00224304
40 0.661058 0.0450684 0.03125 0.0665039 0.00223351
75 0.36268 0.232813 0.0402644 0.0320312 0.00222588
40 0.794471 0.13457 0.0697115 0.0792969 0.00220871
42 0.814904 0.740625 0.0841346 0.0625 0.00218201
56 0.0195312 0.438281 0.0390625 0.09375 0.00216484
40 0.936298 0.108984 0.0240385 0.0230469 0.00213242
39 0.473558 0.191016 0.0384615 0.0429688 0.00213242
39 0.783053 0.164062 0.0432692 0.040625 0.00212479
55 0.668419 0.78125 0.636719 0.228125 0.953125
0 0.911659 0.417871 0.176683 0.529883 0.943359
0 0.196815 0.404687 0.371394 0.695312 0.936523
60 0.527043 0.808594 0.94351 0.373437 0.931641
56 0.397837 0.65 0.379808 0.10625 0.905273
0 0.587139 0.382422 0.478365 0.600781 0.884766
56 0.109075 0.949219 0.202524 0.0984375 0.803223
41 0.711538 0.16875 0.0600962 0.0390625 0.796875
43 0.665865 0.634375 0.120192 0.140625 0.773438
41 0.495192 0.234375 0.0456731 0.0320312 0.682617
41 0.238882 0.762891 0.117188 0.0945313 0.649414
41 0.45012 0.233594 0.0516827 0.034375 0.640625
41 0.852163 0.169141 0.0552885 0.0367188 0.537109
41 0.936899 0.169336 0.0480769 0.0402344 0.439697
41 0.713341 0.121289 0.0625 0.0453125 0.394287
41 0.36268 0.232813 0.0402644 0.0320312 0.388672
41 0.442909 0.186914 0.046875 0.0417969 0.379395
41 0.858774 0.122168 0.0600962 0.0380859 0.226807
40 0.808894 0.0585449 0.0336538 0.0418945 0.176636
41 0.353365 0.230859 0.0540865 0.0375 0.169434
39 0.847356 0.310742 0.0757212 0.119141 0.162964
40 0.805889 0.050293 0.0372596 0.0300781 0.15918
41 0.800481 0.1625 0.0432692 0.0410156 0.133423
45 0.786058 0.664844 0.165865 0.06875 0.112427
40 0.859375 0.122559 0.0588942 0.0375 0.10968
40 0.936298 0.129102 0.0360577 0.0648438 0.103027
40 0.760817 0.0498535 0.0408654 0.0518555 0.101562
40 0.800481 0.1625 0.0432692 0.0410156 0.0974121
40 0.906851 0.121484 0.0300481 0.0417969 0.0888062
40 0.915865 0.12832 0.0384615 0.0535156 0.0769653
49 0.45012 0.233594 0.0516827 0.034375 0.076416
44 0.711538 0.168359 0.0600962 0.0390625 0.0736694
40 0.856971 0.168848 0.0649038 0.0380859 0.0687866
40 0.805288 0.0447266 0.0420673 0.0456055 0.0646362
45 0.710938 0.168555 0.0612981 0.0386719 0.0639648
41 0.933894 0.166992 0.0360577 0.0433594 0.0618896
45 0.713341 0.121289 0.0625 0.0449219 0.0605164
40 0.898438 0.11875 0.0324519 0.0375 0.0566406
41 0.466346 0.229297 0.0360577 0.0296875 0.0545959
40 0.784856 0.162012 0.0576923 0.0419922 0.0518494
41 0.71274 0.139844 0.0625 0.0851563 0.0509033
40 0.752404 0.0508301 0.0456731 0.0512695 0.0456848
39 0.935096 0.168164 0.0432692 0.0425781 0.0453491
40 0.71274 0.12168 0.0625 0.0457031 0.0453491
40 0.759014 0.125879 0.0372596 0.0654297 0.044342
40 0.84375 0.164941 0.0504808 0.0427734 0.0435181
40 0.801683 0.126758 0.0336538 0.059375 0.0420837
40 0.766827 0.0464966 0.0444712 0.0581787 0.0386047
40 0.780649 0.152539 0.0480769 0.0597656 0.0368958
40 0.770433 0.136035 0.0504808 0.0681641 0.0344849
41 0.805889 0.162695 0.0649038 0.0425781 0.0333252
40 0.774639 0.0588867 0.0324519 0.0384766 0.0318604
41 0.784856 0.162012 0.0576923 0.0419922 0.0309143
40 0.935697 0.167676 0.0408654 0.0412109 0.0287628
41 0.754808 0.162695 0.0456731 0.0417969 0.0285492
40 0.826923 0.0510742 0.0432692 0.0509766 0.0278015
43 0.620192 0.626563 0.216346 0.159375 0.0274811
39 0.852163 0.168555 0.0552885 0.0375 0.0265503
41 0.323618 0.223047 0.0426683 0.0328125 0.0257568
40 0.956731 0.0397949 0.0552885 0.0762695 0.0254669
40 0.754808 0.148828 0.0504808 0.0703125 0.0254669
67 0.238882 0.762891 0.117188 0.0945313 0.0252686
40 0.754808 0.162598 0.0480769 0.0416016 0.0249939
75 0.852163 0.167578 0.0564904 0.0402344 0.0245209
41 0.455529 0.191992 0.0757212 0.0519531 0.0243378
42 0.66226 0.634375 0.115385 0.139063 0.0230713
45 0.442308 0.187109 0.0480769 0.0402344 0.0229797
60 0.924279 0.685156 0.151442 0.06875 0.0227203
40 0.810096 0.157617 0.0576923 0.0519531 0.0226288
75 0.710938 0.168945 0.0600962 0.0398437 0.0225372
43 0.694712 0.654297 0.165865 0.180469 0.0225372
41 0.947716 0.169727 0.0673077 0.0421875 0.0217743
43 0.561298 0.621875 0.326923 0.165625 0.0208893
40 0.65024 0.112695 0.03125 0.0464844 0.0191956
45 0.450721 0.233594 0.0552885 0.034375 0.0191956
44 0.850962 0.168848 0.0552885 0.0365234 0.0189056
40 0.629808 0.109082 0.0360577 0.0349609 0.0186157
41 0.855769 0.263281 0.0408654 0.0265625 0.0186157
40 0.800481 0.141016 0.0480769 0.0855469 0.0184021
41 0.876803 0.260547 0.0228365 0.028125 0.0183411
45 0.78726 0.657031 0.167067 0.0484375 0.0180511
41 0.759615 0.136719 0.0480769 0.0808594 0.0179901
39 0.36268 0.232813 0.0402644 0.0320312 0.0179901
40 0.898438 0.164062 0.0588942 0.0445313 0.0177765
40 0.911058 0.112109 0.0216346 0.0236328 0.016922
40 0.712139 0.169336 0.0612981 0.0386719 0.016922
40 0.832933 0.0481934 0.0360577 0.0583008 0.0168457
41 0.805889 0.050293 0.0372596 0.0300781 0.0164032
40 0.772837 0.146289 0.0432692 0.0722656 0.0157776
0 0.848558 0.313477 0.0757212 0.130859 0.0154266
39 0.495192 0.234375 0.0456731 0.0320312 0.0153046
13 0.105168 0.946875 0.206731 0.1 0.0152512
40 0.896034 0.109082 0.0228365 0.0183594 0.0151291
41 0.867788 0.167383 0.0841346 0.0394531 0.0148392
45 0.858774 0.122168 0.0612981 0.0376953 0.0144501
40 0.754808 0.0608398 0.0276442 0.0294922 0.0142822
41 0.954327 0.0592285 0.0504808 0.0334961 0.0141754
40 0.857572 0.145117 0.0649038 0.0828125 0.0141144
40 0.944712 0.169434 0.0625 0.0416016 0.0139542
40 0.89363 0.122266 0.03125 0.0402344 0.0137405
44 0.71274 0.121094 0.0600962 0.0441406 0.0135345
40 0.935697 0.154688 0.03125 0.0246094 0.0133743
40 0.888822 0.165625 0.0456731 0.040625 0.0133743
40 0.647236 0.134082 0.0396635 0.0880859 0.0130234
40 0.759615 0.136719 0.0480769 0.0808594 0.0129242
40 0.802885 0.111133 0.0216346 0.0251953 0.0126724
40 0.45012 0.232813 0.0588942 0.0382813 0.0125732
40 0.834135 0.0598145 0.0336538 0.0500977 0.0123367
41 0.754808 0.148828 0.0504808 0.0703125 0.0121918
44 0.71274 0.139844 0.0625 0.0851563 0.0120544
49 0.36268 0.232813 0.0402644 0.0320312 0.0120544
56 0.115084 0.89375 0.222957 0.203125 0.0120544
40 0.640024 0.0431641 0.0396635 0.0658203 0.0119629
39 0.450721 0.233789 0.0528846 0.0339844 0.0117798
44 0.245192 0.721875 0.102163 0.05 0.0117798
41 0.646635 0.19375 0.0288462 0.0296875 0.0112915
40 0.810697 0.116992 0.0432692 0.0476562 0.0112
40 0.447115 0.187695 0.0600962 0.0449219 0.0112
40 0.789663 0.14707 0.0625 0.0683594 0.011116
54 0.71274 0.120117 0.0600962 0.0462891 0.0110703
44 0.449519 0.233594 0.0528846 0.0339844 0.0109863
39 0.865385 0.307617 0.0432692 0.105078 0.0106125
40 0.867788 0.167383 0.0841346 0.0394531 0.0104523
39 0.800481 0.163184 0.0384615 0.0416016 0.0104523
41 0.321514 0.212891 0.0360577 0.0171875 0.0104523
40 0.628606 0.116992 0.0408654 0.0417969 0.0102081
39 0.447115 0.187695 0.0600962 0.0449219 0.0101318
40 0.75601 0.10293 0.0216346 0.0230469 0.00997162
45 0.359375 0.231445 0.0456731 0.0335938 0.00997162
40 0.742788 0.0650391 0.0240385 0.0253906 0.00974274
43 0.655649 0.621484 0.108173 0.108594 0.00971222
45 0.408654 0.24668 0.0865385 0.00898437 0.00952148
41 0.888822 0.165625 0.0456731 0.040625 0.00948334
44 0.246094 0.707812 0.0594952 0.0234375 0.00941467
40 0.665865 0.0399292 0.0420673 0.0705322 0.00919342
45 0.936899 0.169336 0.0480769 0.0402344 0.00919342
75 0.936899 0.169336 0.0480769 0.0402344 0.00891876
56 0.801683 0.508594 0.116587 0.239063 0.0088501
41 0.65024 0.107617 0.0288462 0.0394531 0.00871277
44 0.253606 0.707812 0.0673077 0.0265625 0.00861359
41 0.449519 0.196289 0.0612981 0.0625 0.00841522
40 0.449519 0.196289 0.0612981 0.0625 0.00837708
44 0.906851 0.121484 0.0300481 0.0417969 0.00834656
41 0.758413 0.176758 0.0336538 0.0167969 0.00831604
39 0.944712 0.169434 0.0625 0.0416016 0.008255
40 0.628606 0.0471191 0.0456731 0.0567383 0.00815582
40 0.644231 0.108984 0.0420673 0.034375 0.00815582
40 0.68149 0.0402344 0.0336538 0.069043 0.00812531
41 0.475361 0.191211 0.0348558 0.0425781 0.00800323
43 0.692909 0.658594 0.114183 0.096875 0.00800323
40 0.942308 0.12666 0.0288462 0.0634766 0.00787354
40 0.921274 0.147266 0.0600962 0.0769531 0.00787354
40 0.810096 0.113867 0.0336538 0.0347656 0.0078125
40 0.455529 0.191992 0.0757212 0.0519531 0.00766754
45 0.852163 0.169141 0.0552885 0.0367188 0.00763702
40 0.865385 0.307617 0.0432692 0.105078 0.00763702
44 0.759615 0.136719 0.0480769 0.0808594 0.00757599
44 0.656851 0.119727 0.0252404 0.0558594 0.00754929
60 0.822115 0.413281 0.046875 0.0554687 0.00748825
45 0.495192 0.233984 0.046875 0.0320312 0.00743103
44 0.858774 0.122168 0.0600962 0.0380859 0.00740433
41 0.628005 0.105859 0.0360577 0.0386719 0.00728989
43 0.685096 0.648438 0.09375 0.114063 0.00720596
39 0.353365 0.230859 0.0540865 0.0375 0.00717545
41 0.787861 0.664453 0.16226 0.0679687 0.00717545
41 0.759014 0.125879 0.0372596 0.0654297 0.00701141
56 0.359375 0.231445 0.0456731 0.0335938 0.00674438
56 0.169471 0.86875 0.200721 0.25 0.00661469
40 0.644832 0.0475586 0.0276442 0.0597656 0.00658798
40 0.932692 0.145117 0.0456731 0.0707031 0.0064888
44 0.759014 0.125879 0.0372596 0.0654297 0.00638962
41 0.906851 0.121484 0.0300481 0.0417969 0.00638962
32 0.450721 0.235156 0.0528846 0.0320312 0.00638962
41 0.941106 0.111523 0.0216346 0.034375 0.00638962
41 0.770433 0.136035 0.0504808 0.0681641 0.00631332
41 0.780649 0.152539 0.0480769 0.0597656 0.00626373
40 0.938702 0.152051 0.0336538 0.0376953 0.00626373
40 0.71274 0.139844 0.0625 0.0851563 0.00624084
40 0.941106 0.111523 0.0216346 0.034375 0.00624084
44 0.75601 0.10293 0.0216346 0.0230469 0.00616837
43 0.636418 0.640625 0.0564904 0.075 0.00616837
41 0.754808 0.0608398 0.0276442 0.0294922 0.00614548
41 0.971154 0.317969 0.0552885 0.053125 0.006073
40 0.65625 0.115332 0.0240385 0.0490234 0.00600433
39 0.856971 0.121289 0.0552885 0.0394531 0.00598145
41 0.644231 0.108984 0.0420673 0.034375 0.00598145
40 0.88101 0.147656 0.0769231 0.0765625 0.00595856
60 0.821514 0.395313 0.046875 0.0203125 0.00595856
56 0.822115 0.416797 0.0408654 0.0546875 0.00591278
54 0.712139 0.169336 0.0612981 0.0386719 0.00588989
40 0.953726 0.059375 0.0516827 0.0335938 0.005867
39 0.455529 0.191992 0.0757212 0.0519531 0.00582123
75 0.856971 0.121289 0.0552885 0.0394531 0.00568771
41 0.647837 0.218359 0.0504808 0.05625 0.00561905
41 0.628606 0.234766 0.0264423 0.0242188 0.00561905
27 0.254808 0.253906 0.0925481 0.0695313 0.00559998
32 0.496394 0.235547 0.0456731 0.0296875 0.00557709
41 0.656851 0.215234 0.0661058 0.0601563 0.0055542
41 0.760216 0.0539551 0.0360577 0.0477539 0.00551224
40 0.853365 0.17168 0.0564904 0.0304688 0.00542831
40 0.854567 0.0490112 0.0288462 0.0558838 0.00534439
75 0.45012 0.233594 0.0516827 0.034375 0.00534439
44 0.360577 0.232031 0.0408654 0.0320312 0.00527954
56 0.735577 0.308789 0.163462 0.124219 0.00527954
41 0.847957 0.30918 0.0757212 0.120313 0.0051384
41 0.893029 0.177393 0.046875 0.0186523 0.00498199
75 0.847957 0.308984 0.0757212 0.121094 0.00486755
40 0.00961538 0.338281 0.0192308 0.0554687 0.00484848
40 0.450721 0.211279 0.0649038 0.0790039 0.00482941
44 0.772837 0.146289 0.0432692 0.0722656 0.00481033
56 0.158954 0.95 0.273438 0.096875 0.00479126
41 0.896034 0.109082 0.0228365 0.0183594 0.00477219
40 0.850361 0.121875 0.0733173 0.04375 0.00471878
44 0.646635 0.19375 0.0288462 0.0296875 0.00455475
44 0.800481 0.141016 0.0480769 0.0855469 0.00453949
44 0.867788 0.167383 0.0841346 0.0394531 0.00446701
56 0.45012 0.232813 0.0588942 0.0382813 0.00446701
41 0.655649 0.106836 0.0228365 0.0335938 0.00445175
0 0.355168 0.232031 0.0552885 0.0382813 0.00445175
42 0.561298 0.621875 0.326923 0.165625 0.00439835
43 0.651442 0.626563 0.158654 0.153906 0.00438309
60 0.780048 0.279687 0.282452 0.1875 0.00429916
41 0.804087 0.0581055 0.0408654 0.0394531 0.00426483
41 0.772837 0.146289 0.0432692 0.0722656 0.00426483
44 0.447115 0.187695 0.0600962 0.0449219 0.00426483
0 0.746394 0.309375 0.182692 0.126563 0.00426483
74 0.859375 0.121875 0.0600962 0.0390625 0.00418091
44 0.657452 0.138672 0.0264423 0.0945313 0.00416565
44 0.915865 0.12832 0.0384615 0.0535156 0.00413513
44 0.896034 0.109082 0.0228365 0.0183594 0.0041008
39 0.238281 0.7625 0.117188 0.09375 0.0041008
40 0.631611 0.135254 0.0528846 0.0822266 0.00408554
40 0.660457 0.0447754 0.0300481 0.0666992 0.00407028
39 0.941106 0.111523 0.0216346 0.034375 0.00407028
43 0.644231 0.647266 0.0480769 0.0632813 0.00397491
44 0.770433 0.136035 0.0504808 0.0681641 0.0039444
41 0.479567 0.234375 0.0264423 0.0308594 0.00390053
40 0.353966 0.184033 0.046875 0.0428711 0.00388527
42 0.612981 0.614062 0.199519 0.178125 0.00388527
44 0.747596 0.163867 0.0504808 0.0421875 0.00383949
40 0.794471 0.133398 0.0649038 0.0785156 0.00382423
42 0.246094 0.707812 0.0594952 0.0234375 0.0037365
39 0.00961538 0.338281 0.0192308 0.0554687 0.00366402
41 0.00901442 0.349609 0.016226 0.0351562 0.00362206
43 0.736779 0.672266 0.254808 0.232031 0.00362206
60 0.434495 0.287109 0.149038 0.0894531 0.0036068
75 0.713341 0.121289 0.0625 0.0453125 0.00355148
40 0.792067 0.0617188 0.0336538 0.0277344 0.00355148
44 0.9375 0.123633 0.03125 0.0535156 0.00352478
41 0.742788 0.0650391 0.0240385 0.0253906 0.00348282
39 0.450721 0.211279 0.0649038 0.0790039 0.00346947
56 0.430288 0.284766 0.139423 0.0835937 0.00346947
44 0.802885 0.111133 0.0216346 0.0251953 0.00338936
39 0.711538 0.168359 0.0600962 0.0390625 0.00335121
56 0.924279 0.685156 0.151442 0.06875 0.00332451
0 0.92488 0.259814 0.15024 0.206934 0.00332451
60 0.665264 0.779688 0.626202 0.25625 0.00332451
44 0.646635 0.1875 0.0324519 0.0417969 0.00331116
54 0.859976 0.122461 0.0564904 0.0382813 0.00331116
41 0.00961538 0.338281 0.0192308 0.0554687 0.00327301
0 0.169471 0.86875 0.200721 0.25 0.00321007
0 0.91226 0.514941 0.174279 0.335742 0.00319672
40 0.811298 0.0383789 0.0456731 0.0529297 0.00317192
40 0.859976 0.0496948 0.0336538 0.0511963 0.00316048
41 0.755409 0.100391 0.0216346 0.0195312 0.00316048
67 0.479567 0.195703 0.0300481 0.0375 0.00314713
45 0.321514 0.212891 0.0360577 0.0171875 0.00309944
40 0.694712 0.0411987 0.0444712 0.0726807 0.00305176
44 0.911058 0.112109 0.0216346 0.0236328 0.00304031
56 0.120793 0.84375 0.236779 0.304688 0.00304031
56 0.0111178 0.400391 0.0213341 0.0671875 0.00300407
42 0.253606 0.707812 0.0673077 0.0265625 0.00296974
41 0.911058 0.112109 0.0216346 0.0236328 0.00294685
41 0.935697 0.154688 0.03125 0.0246094 0.00294685
41 0.667067 0.194531 0.0480769 0.0195312 0.00291252
40 0.747596 0.16543 0.0528846 0.0410156 0.00290108
56 0.0591947 0.585938 0.0901442 0.304688 0.00286674
44 0.801683 0.126758 0.0336538 0.059375 0.00284576
41 0.985577 0.154199 0.0264423 0.0339844 0.00284576
41 0.898438 0.11875 0.0324519 0.0375 0.00282288
71 0.408654 0.247656 0.0925481 0.0109375 0.00282288
44 0.805288 0.162305 0.0576923 0.0425781 0.00281143
41 0.824519 0.164551 0.0504808 0.0408203 0.00281143
56 0.0180288 0.428809 0.0342548 0.129883 0.00273705
13 0.802284 0.509766 0.11899 0.224219 0.00273705
44 0.898438 0.11875 0.0324519 0.0375 0.00270462
44 0.810697 0.116992 0.0432692 0.0476562 0.00269318
75 0.36268 0.232813 0.0402644 0.0320312 0.00269318
41 0.84375 0.164941 0.0504808 0.0427734 0.00269318
44 0.673077 0.635156 0.127404 0.139063 0.00269318
41 0.479567 0.195703 0.0300481 0.0375 0.0026722
39 0.783053 0.164062 0.0456731 0.040625 0.00261116
40 0.479567 0.234375 0.0264423 0.0308594 0.00260162
49 0.711538 0.16875 0.0600962 0.0390625 0.00257111
39 0.475361 0.191211 0.0348558 0.0425781 0.00257111
40 0.732572 0.0465332 0.0456731 0.0620117 0.00255013
64 0.710938 0.168945 0.0600962 0.0398437 0.00251198
40 0.855168 0.0618652 0.0324519 0.0461914 0.00250244
49 0.713341 0.121289 0.0625 0.0449219 0.0024929
49 0.495192 0.233984 0.046875 0.0320312 0.0024929
55 0.668269 0.779883 0.644231 0.233984 0.958984
0 0.911659 0.417578 0.176683 0.530469 0.945801
0 0.19704 0.405469 0.370343 0.694531 0.942383
60 0.527043 0.809375 0.941106 0.375 0.935547
56 0.396635 0.65 0.377404 0.10625 0.908203
0 0.587139 0.382031 0.477163 0.6 0.890137
56 0.107873 0.948438 0.203726 0.1 0.837402
41 0.711538 0.16875 0.0600962 0.0394531 0.782715
43 0.665865 0.633594 0.11899 0.140625 0.771973
41 0.495192 0.234375 0.0456731 0.0320312 0.704102
41 0.238882 0.7625 0.117188 0.09375 0.668945
41 0.45012 0.233594 0.0516827 0.034375 0.622559
41 0.852163 0.169043 0.0552885 0.0369141 0.546875
41 0.938101 0.169336 0.0504808 0.0402344 0.445557
41 0.713341 0.121094 0.0625 0.0457031 0.379395
41 0.362981 0.233008 0.0396635 0.0320312 0.368408
41 0.442909 0.186914 0.046875 0.0421875 0.348633
41 0.858774 0.12207 0.0600962 0.0382813 0.212036
40 0.808293 0.0582031 0.0348558 0.0414063 0.200562
41 0.353365 0.23125 0.0528846 0.0375 0.162354
40 0.805288 0.0499023 0.0384615 0.0296875 0.156128
39 0.847356 0.310547 0.0757212 0.11875 0.14563
41 0.800481 0.1625 0.0432692 0.0410156 0.141235
40 0.859375 0.122461 0.0588942 0.0375 0.124207
40 0.760817 0.0496582 0.0432692 0.0522461 0.123352
40 0.936298 0.128906 0.0336538 0.0644531 0.111267
40 0.907452 0.119824 0.0288462 0.0390625 0.0966797
49 0.45012 0.233594 0.0516827 0.034375 0.0933228
40 0.805288 0.0437622 0.0420673 0.0472412 0.0927124
40 0.800481 0.1625 0.0432692 0.0410156 0.0894775
45 0.786058 0.664844 0.165865 0.06875 0.0847778
40 0.915264 0.12793 0.0384615 0.0535156 0.0820923
44 0.711538 0.168262 0.0600962 0.0392578 0.0809326
40 0.856971 0.16875 0.0637019 0.0390625 0.0809326
41 0.933894 0.166895 0.0360577 0.0435547 0.0682983
40 0.899038 0.118262 0.0336538 0.0365234 0.0680542
45 0.711538 0.169238 0.0612981 0.0404297 0.064209
40 0.752404 0.0506348 0.046875 0.0514648 0.0600891
45 0.713341 0.121094 0.0625 0.0453125 0.0596619
40 0.766827 0.0460815 0.0444712 0.0590088 0.0558167
41 0.71274 0.139941 0.0625 0.0857422 0.0552063
41 0.466947 0.229297 0.0360577 0.0304688 0.0535889
40 0.84375 0.165039 0.0504808 0.0429688 0.0507202
40 0.784856 0.161914 0.0564904 0.0421875 0.0495911
40 0.71274 0.121875 0.0625 0.0464844 0.0472412
40 0.759014 0.125977 0.0372596 0.0660156 0.0450134
40 0.801683 0.12832 0.0336538 0.0632813 0.0437012
39 0.936298 0.168164 0.0456731 0.0425781 0.0414734
40 0.770433 0.136621 0.0504808 0.0705078 0.0380249
40 0.772837 0.0583984 0.0336538 0.0392578 0.0360718
40 0.936298 0.167578 0.0408654 0.0414063 0.0354004
40 0.780649 0.152148 0.0480769 0.0605469 0.0348816
40 0.828125 0.05 0.0420673 0.0515625 0.0317383
40 0.956731 0.0397949 0.0552885 0.0762695 0.0311432
41 0.784856 0.161914 0.0564904 0.0421875 0.0311432
41 0.80649 0.162891 0.0649038 0.0425781 0.0304413
75 0.852163 0.167676 0.0576923 0.0404297 0.0301056
39 0.852163 0.168555 0.0552885 0.0378906 0.0281067
41 0.754808 0.162695 0.0456731 0.0417969 0.0270691
41 0.323918 0.223242 0.0420673 0.0332031 0.0263519
60 0.924279 0.685156 0.151442 0.06875 0.0263519
43 0.609375 0.625781 0.237981 0.159375 0.0261536
67 0.238882 0.7625 0.117188 0.09375 0.0261536
40 0.754808 0.146387 0.0528846 0.0755859 0.0254669
40 0.754808 0.0594727 0.0288462 0.0322266 0.0254669
41 0.759615 0.137012 0.0480769 0.0818359 0.0244293
42 0.66226 0.633984 0.114183 0.139844 0.0227966
43 0.694712 0.650781 0.168269 0.175 0.0227966
41 0.455529 0.192236 0.0757212 0.0514648 0.0219421
44 0.851563 0.168945 0.0552885 0.0371094 0.0216217
40 0.800481 0.140625 0.0480769 0.0863281 0.0208893
40 0.810096 0.157422 0.0576923 0.0527344 0.0208893
40 0.833534 0.0474121 0.0348558 0.0586914 0.0207214
41 0.876202 0.260547 0.0240385 0.028125 0.0207214
75 0.710938 0.168945 0.0600962 0.0402344 0.0206451
40 0.754808 0.162598 0.0504808 0.0416016 0.0204926
45 0.442909 0.187305 0.0492788 0.040625 0.0204163
43 0.553486 0.620313 0.342548 0.16875 0.0200958
41 0.855769 0.263281 0.0408654 0.0265625 0.0193481
40 0.899038 0.163965 0.0588942 0.0451172 0.0191956
40 0.641226 0.0429688 0.0372596 0.0660156 0.0190582
41 0.805288 0.0499023 0.0384615 0.0296875 0.0189056
45 0.45012 0.233594 0.0552885 0.034375 0.0188293
0 0.848558 0.313672 0.0757212 0.13125 0.0187683
40 0.911058 0.111719 0.0216346 0.0230469 0.0180511
40 0.665865 0.0399536 0.0420673 0.070874 0.0171814
40 0.772837 0.146094 0.0432692 0.0730469 0.0171051
39 0.495192 0.234375 0.0456731 0.0320312 0.0167847
40 0.712139 0.169336 0.0612981 0.0390625 0.0167236
39 0.362981 0.233008 0.0396635 0.0320312 0.0166626
40 0.896034 0.109375 0.0228365 0.0191406 0.0164642
40 0.894231 0.121875 0.03125 0.040625 0.0158997
40 0.682692 0.040332 0.0336538 0.0693359 0.0157166
40 0.45012 0.232813 0.0588942 0.0382813 0.0157166
49 0.361478 0.232813 0.0390625 0.0320312 0.0155411
40 0.629808 0.108887 0.0336538 0.0347656 0.0154877
40 0.759615 0.137012 0.0480769 0.0818359 0.0154877
41 0.949519 0.170801 0.0721154 0.0392578 0.0154266
40 0.835337 0.0591797 0.0336538 0.0503906 0.0152512
41 0.866587 0.167383 0.0841346 0.0398437 0.0151291
45 0.78726 0.657031 0.168269 0.0484375 0.0145569
40 0.856971 0.145117 0.0649038 0.0828125 0.0142288
13 0.105769 0.948438 0.206731 0.1 0.0141754
41 0.954327 0.0592285 0.0504808 0.0334961 0.014061
40 0.65024 0.112109 0.03125 0.0451172 0.0139008
44 0.71274 0.139941 0.0625 0.0857422 0.0138474
44 0.71274 0.120898 0.0600962 0.0445313 0.0137939
40 0.935697 0.154688 0.03125 0.0246094 0.0136871
40 0.888221 0.165625 0.0480769 0.040625 0.0134811
40 0.628606 0.0470703 0.0444712 0.0566406 0.012825
40 0.789663 0.145703 0.0625 0.0722656 0.0127716
45 0.858173 0.122168 0.0600962 0.0378906 0.0126266
40 0.802885 0.11123 0.0228365 0.0253906 0.0125732
41 0.646635 0.193359 0.0288462 0.0304688 0.0125732
41 0.754808 0.146387 0.0528846 0.0755859 0.0123825
40 0.944712 0.169434 0.0625 0.0416016 0.012291
56 0.115309 0.89375 0.223708 0.203125 0.012291
39 0.45012 0.232813 0.0588942 0.0382813 0.0121918
40 0.810096 0.116992 0.0432692 0.0484375 0.012146
45 0.359075 0.231445 0.0450721 0.0335938 0.0119629
40 0.742788 0.063916 0.0252404 0.0274414 0.0115509
44 0.244591 0.721094 0.103365 0.0507812 0.011467
54 0.71274 0.120117 0.0600962 0.0464844 0.0112
39 0.447115 0.187939 0.0600962 0.0452148 0.0106125
39 0.79988 0.163184 0.0396635 0.0416016 0.0104904
41 0.321514 0.212891 0.0360577 0.0171875 0.0103302
44 0.657452 0.118945 0.0240385 0.0542969 0.0102921
45 0.408654 0.24668 0.0865385 0.00898437 0.0102921
44 0.759615 0.137012 0.0480769 0.0818359 0.01017
39 0.864784 0.307031 0.0432692 0.105078 0.0100555
56 0.801683 0.508594 0.115385 0.239063 0.00993347
45 0.938101 0.169336 0.0504808 0.0402344 0.00985718
44 0.449519 0.233594 0.0528846 0.0339844 0.00985718
40 0.447115 0.187939 0.0600962 0.0452148 0.00963593
40 0.648438 0.131738 0.0384615 0.0833984 0.00959778
40 0.644231 0.108301 0.0408654 0.0332031 0.00959778
40 0.75601 0.102148 0.0216346 0.021875 0.00955963
44 0.907452 0.119824 0.0288462 0.0390625 0.00948334
40 0.854567 0.0487793 0.0288462 0.0561523 0.00926971
41 0.888221 0.165625 0.0480769 0.040625 0.00923157
40 0.646034 0.0479004 0.0264423 0.0588867 0.00912476
44 0.245793 0.707812 0.0588942 0.0234375 0.00912476
41 0.757812 0.177344 0.0348558 0.015625 0.00871277
60 0.822115 0.413281 0.0456731 0.05625 0.0086441
41 0.850361 0.265234 0.0492788 0.0296875 0.00861359
41 0.754808 0.0594727 0.0288462 0.0322266 0.00854492
75 0.938101 0.169336 0.0504808 0.0402344 0.00847626
40 0.921274 0.147461 0.0600962 0.0769531 0.00837708
44 0.253606 0.707812 0.0685096 0.0265625 0.00834656
41 0.449519 0.196094 0.0612981 0.0617188 0.00831604
40 0.810096 0.114063 0.0336538 0.0355469 0.00815582
40 0.941707 0.111328 0.0228365 0.034375 0.00809479
40 0.932692 0.144727 0.0480769 0.0726563 0.00800323
39 0.944712 0.169434 0.0625 0.0416016 0.00775528
40 0.942308 0.126563 0.0288462 0.0632813 0.00769424
40 0.449519 0.196094 0.0612981 0.0617188 0.00769424
41 0.941707 0.111328 0.0228365 0.034375 0.00769424
56 0.359075 0.231445 0.0450721 0.0335938 0.00757599
44 0.759014 0.125977 0.0372596 0.0660156 0.00748825
40 0.628606 0.115723 0.0384615 0.0384766 0.00746155
45 0.495192 0.233984 0.046875 0.0328125 0.00740433
44 0.858774 0.12207 0.0600962 0.0382813 0.00734711
41 0.476563 0.191602 0.0336538 0.0421875 0.00734711
44 0.75601 0.102148 0.0216346 0.021875 0.00720596
40 0.455529 0.192236 0.0757212 0.0514648 0.00717545
40 0.864784 0.307031 0.0432692 0.105078 0.00709534
56 0.169171 0.867969 0.199519 0.251563 0.00706482
41 0.759014 0.125977 0.0372596 0.0660156 0.00703812
43 0.655649 0.621094 0.108173 0.109375 0.00695801
41 0.65024 0.107422 0.0288462 0.0394531 0.0068512
43 0.692308 0.658594 0.112981 0.096875 0.0068512
45 0.852163 0.169043 0.0552885 0.0369141 0.00682449
56 0.822115 0.416406 0.0408654 0.0546875 0.00679779
41 0.644231 0.108301 0.0408654 0.0332031 0.00679779
41 0.787861 0.664453 0.16226 0.0679687 0.00679779
39 0.353365 0.23125 0.0528846 0.0375 0.00677109
41 0.760817 0.053125 0.0384615 0.0494141 0.00674438
60 0.821514 0.395313 0.046875 0.0203125 0.00674438
41 0.907452 0.119824 0.0288462 0.0390625 0.00669098
40 0.810697 0.0382324 0.0444712 0.0524414 0.00656509
0 0.746394 0.309961 0.185096 0.127734 0.00653839
41 0.65625 0.215234 0.0661058 0.0601563 0.0064888
40 0.938702 0.152344 0.0336538 0.0369141 0.00636292
41 0.770433 0.136621 0.0504808 0.0705078 0.00629044
40 0.880409 0.147461 0.0793269 0.0769531 0.00626373
41 0.628606 0.234375 0.0264423 0.0242188 0.00626373
32 0.450721 0.235156 0.0528846 0.0320312 0.00621796
39 0.455529 0.192236 0.0757212 0.0514648 0.00609589
41 0.647837 0.218359 0.0480769 0.0570313 0.00609589
75 0.448317 0.233203 0.0504808 0.0359375 0.00598145
40 0.953726 0.059375 0.0516827 0.0335938 0.00588989
44 0.658053 0.13418 0.0264423 0.0851563 0.00588989
44 0.772837 0.146094 0.0432692 0.0730469 0.00588989
40 0.659856 0.0447144 0.0288462 0.066626 0.005867
41 0.780649 0.152148 0.0480769 0.0605469 0.00584412
44 0.646635 0.193359 0.0288462 0.0304688 0.00584412
0 0.91226 0.516797 0.175481 0.330469 0.00582123
40 0.694712 0.0410156 0.0432692 0.0724609 0.00579834
60 0.780649 0.279883 0.282452 0.187891 0.00579834
41 0.971154 0.317969 0.0552885 0.0539063 0.00575256
41 0.627404 0.105469 0.0336538 0.0382813 0.00570679
54 0.712139 0.169336 0.0612981 0.0390625 0.00568771
43 0.684495 0.648047 0.0913462 0.113281 0.00559998
40 0.71274 0.139941 0.0625 0.0857422 0.0055542
56 0.45012 0.232813 0.0588942 0.0382813 0.00542831
32 0.496394 0.235547 0.0456731 0.0296875 0.00536346
75 0.856971 0.121289 0.0552885 0.0398437 0.00534439
39 0.856971 0.121289 0.0552885 0.0398437 0.00526047
40 0.795673 0.133008 0.0625 0.0796875 0.00526047
40 0.450721 0.211377 0.0649038 0.0788086 0.00526047
41 0.479567 0.234375 0.0264423 0.03125 0.00524139
43 0.636418 0.641016 0.0564904 0.0742188 0.00511932
44 0.800481 0.140625 0.0480769 0.0863281 0.00510025
44 0.360577 0.232031 0.0408654 0.0320312 0.0049057
40 0.65625 0.115332 0.0240385 0.0490234 0.00482941
0 0.169171 0.867969 0.199519 0.251563 0.00482941
40 0.353666 0.183594 0.0438702 0.0417969 0.00481033
40 0.860577 0.0494141 0.0348558 0.0521484 0.00479126
40 0.848558 0.12168 0.0745192 0.0445313 0.00479126
44 0.866587 0.167383 0.0841346 0.0398437 0.00477219
40 0.00961538 0.338672 0.0192308 0.0546875 0.00477219
41 0.847957 0.308984 0.0757212 0.120313 0.00468063
41 0.804087 0.0577148 0.0408654 0.0392578 0.0046463
27 0.25601 0.254297 0.0913462 0.06875 0.00462723
44 0.447115 0.187939 0.0600962 0.0452148 0.0045929
44 0.770433 0.136621 0.0504808 0.0705078 0.00448608
41 0.896034 0.109375 0.0228365 0.0191406 0.00446701
41 0.772837 0.146094 0.0432692 0.0730469 0.00446701
56 0.735577 0.308984 0.165865 0.125 0.00446701
40 0.729567 0.0409668 0.0480769 0.0708008 0.00441742
74 0.859375 0.121875 0.0600962 0.0394531 0.00441742
39 0.941707 0.111328 0.0228365 0.034375 0.00438309
41 0.890625 0.176953 0.0504808 0.0195312 0.00436401
44 0.896034 0.109375 0.0228365 0.0191406 0.00434875
40 0.793269 0.0606445 0.0360577 0.0287109 0.00431442
44 0.915264 0.12793 0.0384615 0.0535156 0.00429916
75 0.847957 0.308984 0.0757212 0.121094 0.00429916
44 0.646635 0.187891 0.0324519 0.0410156 0.0042305
44 0.747596 0.163867 0.0528846 0.0425781 0.00418091
42 0.611779 0.613672 0.203125 0.179688 0.00418091
0 0.354868 0.232031 0.0552885 0.0382813 0.00413513
42 0.553486 0.620313 0.342548 0.16875 0.00413513
41 0.655649 0.107227 0.0228365 0.034375 0.00407028
56 0.157452 0.95 0.274038 0.096875 0.00403976
41 0.742788 0.063916 0.0252404 0.0274414 0.00400543
39 0.00961538 0.338672 0.0192308 0.0546875 0.00400543
40 0.855769 0.0612793 0.0336538 0.046582 0.00395966
56 0.924279 0.685156 0.151442 0.06875 0.00391388
44 0.9375 0.122266 0.03125 0.0507812 0.00390053
41 0.00961538 0.338672 0.0192308 0.0546875 0.00387001
43 0.650841 0.625781 0.158654 0.154688 0.0037365
41 0.00901442 0.349219 0.016226 0.0359375 0.00366402
56 0.0180288 0.428809 0.0336538 0.12832 0.00365067
40 0.748798 0.16543 0.0528846 0.0410156 0.00362206
40 0.608173 0.0368286 0.0576923 0.0695068 0.0036068
39 0.238582 0.7625 0.117788 0.09375 0.0036068
56 0.0109675 0.4 0.0213341 0.0671875 0.00359344
40 0.479567 0.234375 0.0264423 0.03125 0.00351143
60 0.664814 0.778125 0.627103 0.251563 0.00349617
39 0.442308 0.185547 0.046875 0.0410156 0.00348282
42 0.245793 0.707812 0.0588942 0.0234375 0.00348282
67 0.478966 0.196094 0.0324519 0.0367188 0.00342941
44 0.802885 0.11123 0.0228365 0.0253906 0.00341606
41 0.755409 0.100391 0.0216346 0.0195312 0.00340271
39 0.450721 0.211377 0.0649038 0.0788086 0.00336266
44 0.911058 0.111719 0.0216346 0.0230469 0.00331116
45 0.321514 0.212891 0.0360577 0.0171875 0.00327301
44 0.653846 0.163672 0.03125 0.0761719 0.00323486
44 0.899038 0.118262 0.0336538 0.0365234 0.00321007
41 0.935697 0.154688 0.03125 0.0246094 0.00319672
71 0.409255 0.247656 0.0925481 0.0109375 0.00319672
43 0.64363 0.647656 0.0480769 0.0617188 0.00319672
13 0.801683 0.510156 0.117788 0.225 0.00317192
41 0.479567 0.195703 0.0300481 0.0375 0.00314713
56 0.0600962 0.592188 0.0871394 0.2875 0.00313568
40 0.727163 0.0601563 0.0360577 0.0361328 0.00311089
41 0.899038 0.118262 0.0336538 0.0365234 0.003088
43 0.737981 0.673828 0.259615 0.236719 0.0030632
41 0.911058 0.111719 0.0216346 0.0230469 0.00304031
44 0.801683 0.12832 0.0336538 0.0632813 0.00302696
44 0.805288 0.162305 0.0576923 0.0425781 0.00302696
60 0.435096 0.287109 0.149038 0.0898438 0.00301552
54 0.859976 0.122266 0.0564904 0.0386719 0.00300407
60 0.777644 0.217969 0.293269 0.0640625 0.00300407
44 0.648438 0.131738 0.0384615 0.0833984 0.00298119
75 0.362981 0.233008 0.0396635 0.0320312 0.00292397
41 0.772837 0.0583984 0.0336538 0.0392578 0.00291252
75 0.713341 0.121094 0.0625 0.0457031 0.00291252
44 0.810096 0.116992 0.0432692 0.0484375 0.00291252
41 0.665865 0.194336 0.0480769 0.0203125 0.00287819
49 0.711538 0.16875 0.0600962 0.0394531 0.00286674
56 0.81851 0.410938 0.0504808 0.0640625 0.00286674
44 0.665865 0.194336 0.0480769 0.0203125 0.00284576
41 0.986178 0.151855 0.0264423 0.0380859 0.00283432
41 0.826923 0.164746 0.0504808 0.0408203 0.00283432
49 0.495192 0.233984 0.046875 0.0328125 0.00281143
39 0.711538 0.168262 0.0600962 0.0392578 0.00279999
42 0.253606 0.707812 0.0685096 0.0265625 0.00279999
41 0.951923 0.165625 0.0697115 0.0535156 0.00277901
41 0.84375 0.165039 0.0504808 0.0429688 0.00276756
55 0.668269 0.778906 0.644231 0.234375 0.965332
0 0.911659 0.417188 0.176683 0.529688 0.943848
0 0.197115 0.405469 0.369591 0.69375 0.941895
60 0.527043 0.809375 0.939904 0.375 0.937988
56 0.397686 0.649609 0.382512 0.104688 0.910645
0 0.588341 0.375879 0.473558 0.58418 0.888184
56 0.107497 0.948438 0.204477 0.1 0.853027
43 0.665865 0.633594 0.117788 0.140625 0.78125
41 0.711538 0.168652 0.0600962 0.0396484 0.766113
41 0.495192 0.234375 0.0456731 0.0320312 0.71875
41 0.238882 0.7625 0.117188 0.09375 0.682617
41 0.45012 0.233594 0.0516827 0.034375 0.609375
41 0.852163 0.169141 0.0552885 0.0371094 0.539062
41 0.938702 0.169336 0.0516827 0.0402344 0.44165
41 0.713341 0.121094 0.0625 0.0457031 0.361084
41 0.362981 0.233008 0.0396635 0.0320312 0.345215
41 0.442909 0.186914 0.046875 0.0421875 0.329346
40 0.808293 0.057959 0.0348558 0.0411133 0.213379
41 0.859375 0.12207 0.0600962 0.0382813 0.193726
41 0.353065 0.23125 0.0528846 0.0375 0.160278
40 0.805288 0.049707 0.0384615 0.0296875 0.151978
41 0.800481 0.1625 0.0432692 0.0410156 0.14856
40 0.760817 0.0495605 0.0432692 0.0524414 0.139404
40 0.859375 0.122461 0.0588942 0.0378906 0.134766
39 0.847356 0.310547 0.0757212 0.11875 0.128052
40 0.936298 0.128906 0.0336538 0.0644531 0.115173
49 0.45012 0.233594 0.0516827 0.034375 0.115173
40 0.805288 0.0432617 0.0432692 0.0480469 0.111267
40 0.907452 0.118359 0.0288462 0.0367188 0.102295
40 0.856971 0.168555 0.0625 0.0394531 0.0894775
40 0.915264 0.127734 0.0372596 0.053125 0.0863037
40 0.800481 0.1625 0.0432692 0.0410156 0.0856934
44 0.711538 0.168262 0.0600962 0.0396484 0.081543
40 0.899038 0.117969 0.0336538 0.0359375 0.0797729
45 0.711538 0.169238 0.0612981 0.0404297 0.0736694
41 0.933894 0.166895 0.0372596 0.0435547 0.0726318
40 0.752404 0.0504883 0.0480769 0.0513672 0.0715942
40 0.766827 0.0458496 0.0444712 0.059082 0.0690308
45 0.786058 0.664844 0.165865 0.0679687 0.0651245
45 0.713341 0.121094 0.0625 0.0457031 0.0568542
41 0.71274 0.139844 0.0625 0.0859375 0.0558167
40 0.844952 0.165039 0.0504808 0.0433594 0.0544128
41 0.467548 0.229297 0.0360577 0.0304688 0.0516663
40 0.784856 0.161914 0.0552885 0.0421875 0.0488586
40 0.759014 0.126172 0.0372596 0.0667969 0.0484924
40 0.712139 0.12207 0.0637019 0.046875 0.0484924
40 0.801683 0.130566 0.0348558 0.0677734 0.0477905
40 0.770433 0.137305 0.0504808 0.0730469 0.0440063
40 0.772236 0.0579102 0.0360577 0.0400391 0.0396423
40 0.936298 0.16748 0.0420673 0.0416016 0.0393372
39 0.936298 0.168164 0.0480769 0.0425781 0.0386047
40 0.755409 0.0585938 0.0300481 0.0339844 0.0377502
75 0.852163 0.167578 0.0576923 0.040625 0.035553
40 0.829327 0.0493652 0.0408654 0.0522461 0.0343628
40 0.780649 0.151953 0.046875 0.0609375 0.0333252
40 0.956731 0.0398437 0.0540865 0.0761719 0.032959
41 0.784856 0.161914 0.0552885 0.0421875 0.0304413
60 0.924279 0.685156 0.151442 0.06875 0.0302124
39 0.852163 0.168555 0.0552885 0.0378906 0.0301056
41 0.80649 0.162891 0.0649038 0.0425781 0.028656
40 0.641827 0.0429688 0.0372596 0.0658203 0.0280151
41 0.759615 0.137109 0.0492788 0.0828125 0.0271759
40 0.754207 0.144336 0.0540865 0.0800781 0.0270691
40 0.665865 0.0400879 0.0432692 0.0711914 0.0269623
41 0.323918 0.223438 0.0420673 0.0335938 0.0266571
41 0.754808 0.162695 0.0456731 0.0417969 0.0265503
40 0.682692 0.0404785 0.0336538 0.0696289 0.024704
40 0.800481 0.140234 0.0480769 0.0867188 0.024704
67 0.238882 0.7625 0.117188 0.09375 0.0245209
43 0.59976 0.625781 0.257212 0.159375 0.0237732
40 0.834736 0.0470703 0.0348558 0.0589844 0.0234222
41 0.876202 0.260547 0.0240385 0.028125 0.0231476
44 0.851563 0.168945 0.0552885 0.0375 0.0226288
43 0.69351 0.645312 0.165865 0.164062 0.0226288
42 0.66226 0.633594 0.114183 0.139063 0.0218658
41 0.85637 0.263281 0.0420673 0.0265625 0.0212097
41 0.455529 0.191992 0.0745192 0.0507812 0.0200958
40 0.810096 0.157129 0.0576923 0.0529297 0.0200195
41 0.805288 0.049707 0.0384615 0.0296875 0.0197906
40 0.772837 0.145508 0.0408654 0.0742188 0.0197144
40 0.894231 0.121484 0.03125 0.0410156 0.0191956
40 0.899038 0.164062 0.0600962 0.0453125 0.0190582
0 0.848558 0.313672 0.0757212 0.13125 0.0190582
75 0.710938 0.168945 0.0600962 0.040625 0.0189819
40 0.628606 0.0471191 0.0444712 0.0563477 0.0185394
40 0.911058 0.111719 0.0216346 0.0230469 0.0185394
40 0.754808 0.162695 0.0456731 0.0417969 0.0185394
45 0.442909 0.187305 0.0492788 0.040625 0.0185394
43 0.547476 0.619531 0.354567 0.170313 0.0182648
40 0.759615 0.137109 0.0492788 0.0828125 0.0180511
40 0.45012 0.232813 0.0588942 0.0382813 0.0179138
40 0.836538 0.0586914 0.0336538 0.0505859 0.0178528
49 0.361478 0.232813 0.0390625 0.0320312 0.0175781
45 0.450721 0.233594 0.0552885 0.034375 0.0175171
39 0.495192 0.234375 0.0456731 0.0320312 0.0173035
13 0.105844 0.948438 0.206581 0.101562 0.0172424
40 0.896635 0.109766 0.0240385 0.0199219 0.0171051
40 0.712139 0.169336 0.0612981 0.0394531 0.0162811
41 0.949519 0.170703 0.0721154 0.0394531 0.0160217
39 0.362981 0.233008 0.0396635 0.0320312 0.0154266
41 0.866587 0.167578 0.0841346 0.0398437 0.0149002
40 0.856971 0.145313 0.0649038 0.0828125 0.0147858
44 0.71274 0.139844 0.0625 0.0859375 0.0139542
40 0.935697 0.154688 0.03125 0.0246094 0.0139542
40 0.888221 0.165723 0.0480769 0.0408203 0.0136871
44 0.71274 0.120898 0.0600962 0.0445313 0.0133743
40 0.810096 0.117188 0.0444712 0.0492188 0.0133286
41 0.646635 0.192969 0.0288462 0.0304688 0.0133286
40 0.789663 0.144238 0.0637019 0.0755859 0.0133286
40 0.854567 0.0487183 0.0288462 0.0564697 0.0131226
40 0.742788 0.0628418 0.0264423 0.0295898 0.0131226
41 0.954327 0.0592773 0.0504808 0.0335938 0.012825
40 0.802885 0.111328 0.0228365 0.0255859 0.0126724
45 0.359075 0.231641 0.0450721 0.0335938 0.0125732
45 0.78726 0.656641 0.168269 0.0476562 0.0124817
56 0.114784 0.896094 0.223558 0.198437 0.0122375
39 0.45012 0.232813 0.0588942 0.0382813 0.012146
40 0.646635 0.04823 0.0264423 0.0580322 0.0120087
44 0.657452 0.11875 0.0240385 0.0541016 0.0120087
44 0.24399 0.720313 0.108173 0.053125 0.0120087
44 0.759615 0.137109 0.0492788 0.0828125 0.0119629
40 0.629808 0.108789 0.0324519 0.0345703 0.0119171
41 0.754207 0.144336 0.0540865 0.0800781 0.0116882
56 0.801683 0.507812 0.115385 0.240625 0.0115967
40 0.944712 0.169434 0.0625 0.0416016 0.011116
45 0.858173 0.12207 0.0600962 0.0378906 0.0108185
39 0.447716 0.187939 0.0612981 0.0452148 0.0108185
54 0.712139 0.120117 0.0600962 0.0464844 0.0108185
0 0.91226 0.518066 0.175481 0.32793 0.0104904
39 0.79988 0.163184 0.0396635 0.0416016 0.0103683
44 0.907452 0.118359 0.0288462 0.0367188 0.0102921
40 0.644231 0.107715 0.0408654 0.0324219 0.0102463
45 0.408654 0.246875 0.0865385 0.009375 0.0101318
41 0.755409 0.0585938 0.0300481 0.0339844 0.0100937
40 0.650841 0.111719 0.0300481 0.0445313 0.0100098
45 0.938702 0.169336 0.0516827 0.0402344 0.0100098
41 0.321214 0.212891 0.0360577 0.0171875 0.00974274
40 0.941707 0.111328 0.0228365 0.034375 0.00974274
41 0.850361 0.265234 0.0504808 0.0304688 0.00971222
60 0.822115 0.414062 0.0456731 0.05625 0.00959778
40 0.695913 0.0396606 0.0432692 0.0730225 0.00952148
40 0.75601 0.102051 0.0216346 0.0220703 0.00952148
40 0.810697 0.0381714 0.0444712 0.0523682 0.00945282
39 0.865385 0.306445 0.0432692 0.104297 0.00937653
44 0.245493 0.707422 0.0576923 0.0234375 0.00926971
40 0.932091 0.144336 0.0480769 0.0742188 0.00905609
41 0.888221 0.165723 0.0480769 0.0408203 0.00894928
41 0.757812 0.177734 0.0348558 0.0148437 0.00894928
40 0.447716 0.187939 0.0612981 0.0452148 0.00881195
44 0.449519 0.233594 0.0528846 0.0339844 0.00881195
41 0.746394 0.163965 0.0528846 0.0427734 0.00878143
40 0.921875 0.147656 0.0600962 0.0765625 0.0086441
44 0.759014 0.126172 0.0372596 0.0667969 0.00857544
40 0.810096 0.114258 0.0348558 0.0363281 0.00854492
44 0.253005 0.707812 0.0673077 0.0265625 0.00847626
41 0.941707 0.111328 0.0228365 0.034375 0.00841522
56 0.359075 0.231641 0.0450721 0.0335938 0.00834656
75 0.938702 0.169336 0.0516827 0.0402344 0.00818634
0 0.16857 0.867969 0.198317 0.251563 0.00787354
44 0.75601 0.102051 0.0216346 0.0220703 0.0078125
0 0.746995 0.310156 0.186298 0.128516 0.00769424
56 0.16857 0.867969 0.198317 0.251563 0.00763702
40 0.659255 0.0449097 0.0288462 0.06604 0.00757599
41 0.762019 0.0524414 0.0384615 0.0505859 0.00754929
56 0.822115 0.416797 0.0408654 0.0554687 0.00751877
60 0.822115 0.395313 0.0456731 0.0203125 0.00746155
39 0.944712 0.169434 0.0625 0.0416016 0.00731659
41 0.759014 0.126172 0.0372596 0.0667969 0.00725937
40 0.942308 0.126367 0.0288462 0.0628906 0.00725937
45 0.495192 0.233594 0.046875 0.0328125 0.00720596
44 0.859375 0.12207 0.0600962 0.0382813 0.00706482
41 0.477163 0.191992 0.0336538 0.0414063 0.00706482
41 0.65625 0.215234 0.0649038 0.0601563 0.00706482
41 0.644231 0.107715 0.0408654 0.0324219 0.00703812
40 0.649038 0.129688 0.0360577 0.0792969 0.0069313
44 0.658654 0.129492 0.0264423 0.0753906 0.0069313
40 0.455529 0.191992 0.0745192 0.0507812 0.0069313
40 0.796875 0.133008 0.0600962 0.0804688 0.0068779
41 0.628606 0.234375 0.0264423 0.0242188 0.0068512
41 0.644832 0.222656 0.0540865 0.0488281 0.0068512
41 0.907452 0.118359 0.0288462 0.0367188 0.00682449
40 0.879808 0.147363 0.0793269 0.0775391 0.00679779
44 0.772837 0.145508 0.0408654 0.0742188 0.00674438
40 0.865385 0.306445 0.0432692 0.104297 0.00671768
39 0.353065 0.23125 0.0528846 0.0375 0.00651169
60 0.780048 0.280078 0.28125 0.188281 0.0064888
41 0.787861 0.664453 0.163462 0.0679687 0.0064888
40 0.860577 0.0492676 0.0360577 0.0532227 0.00638962
40 0.728966 0.0410278 0.0480769 0.0706787 0.00636292
75 0.448317 0.233203 0.0504808 0.0359375 0.00636292
44 0.646635 0.192969 0.0288462 0.0304688 0.00634003
39 0.455529 0.191992 0.0745192 0.0507812 0.00631332
41 0.770433 0.137305 0.0504808 0.0730469 0.00626373
40 0.938702 0.152539 0.0336538 0.0363281 0.00624084
43 0.692308 0.657813 0.112981 0.0953125 0.00616837
41 0.480168 0.234375 0.0252404 0.03125 0.00602722
56 0.45012 0.232813 0.0588942 0.0382813 0.00593567
32 0.45012 0.235156 0.0528846 0.0320312 0.00591278
45 0.852163 0.169141 0.0552885 0.0371094 0.005867
43 0.65625 0.621094 0.108173 0.109375 0.00579834
44 0.800481 0.140234 0.0480769 0.0867188 0.0055542
41 0.971154 0.317969 0.0552885 0.0539063 0.00553513
75 0.85637 0.121289 0.0540865 0.0398437 0.00548935
40 0.856971 0.0607422 0.0336538 0.0472656 0.00544739
41 0.65024 0.107422 0.0288462 0.0394531 0.00544739
40 0.953726 0.059375 0.0516827 0.0335938 0.00542831
41 0.756611 0.0505859 0.0360577 0.0496094 0.00540543
40 0.628005 0.115234 0.0348558 0.0363281 0.00536346
40 0.353365 0.183154 0.0420673 0.0407227 0.00536346
54 0.712139 0.169336 0.0612981 0.0394531 0.00527954
40 0.45012 0.211719 0.0637019 0.078125 0.00521851
39 0.85637 0.121289 0.0540865 0.0398437 0.0051384
32 0.496394 0.235352 0.0456731 0.0300781 0.00510025
44 0.770433 0.137305 0.0504808 0.0730469 0.00503922
40 0.71274 0.139844 0.0625 0.0859375 0.00502014
41 0.780649 0.151953 0.046875 0.0609375 0.00492477
44 0.866587 0.167578 0.0841346 0.0398437 0.0049057
43 0.683894 0.647656 0.0889423 0.1125 0.00482941
40 0.847356 0.121582 0.0721154 0.0449219 0.00481033
56 0.924279 0.685156 0.151442 0.06875 0.00479126
40 0.00946514 0.339063 0.0189303 0.0539063 0.00477219
41 0.804087 0.0574707 0.0408654 0.0391602 0.00475693
40 0.79387 0.0599609 0.0372596 0.0294922 0.00475693
40 0.608173 0.0369141 0.0552885 0.0695313 0.00473785
39 0.941707 0.111328 0.0228365 0.034375 0.00469971
44 0.646635 0.188281 0.03125 0.0402344 0.00460815
43 0.636418 0.641406 0.0564904 0.0734375 0.00460815
41 0.00946514 0.339063 0.0189303 0.0539063 0.0045929
74 0.859375 0.121777 0.0600962 0.0396484 0.00453949
44 0.447716 0.187939 0.0612981 0.0452148 0.00452042
44 0.896635 0.109766 0.0240385 0.0199219 0.00448608
41 0.742788 0.0628418 0.0264423 0.0295898 0.00443268
44 0.915264 0.127734 0.0372596 0.053125 0.00441742
41 0.772837 0.145508 0.0408654 0.0742188 0.00439835
41 0.627404 0.105273 0.0324519 0.0382813 0.00436401
44 0.360577 0.232031 0.0408654 0.0320312 0.00434875
27 0.256611 0.254688 0.0895433 0.0683594 0.00434875
44 0.746394 0.163965 0.0528846 0.0427734 0.00432968
56 0.742788 0.319141 0.1875 0.139844 0.00429916
40 0.480168 0.234375 0.0252404 0.03125 0.0042305
56 0.0180288 0.428809 0.0336538 0.12832 0.0042305
41 0.896635 0.109766 0.0240385 0.0199219 0.00413513
43 0.644832 0.645312 0.0673077 0.0671875 0.00413513
42 0.608173 0.613281 0.209135 0.18125 0.00413513
39 0.00946514 0.339063 0.0189303 0.0539063 0.0041008
44 0.9375 0.121094 0.03125 0.0488281 0.00408554
41 0.847356 0.307422 0.0745192 0.11875 0.00397491
67 0.478966 0.196484 0.0324519 0.0367188 0.0039444
41 0.779447 0.211719 0.0348558 0.0351562 0.00391388
41 0.889423 0.176563 0.0540865 0.0207031 0.00390053
41 0.00886418 0.349023 0.016226 0.0363281 0.00390053
40 0.65625 0.115625 0.0240385 0.0496094 0.00388527
56 0.0109675 0.400098 0.0213341 0.0669922 0.00387001
0 0.354868 0.232031 0.0552885 0.0382813 0.00383949
40 0.727764 0.0595215 0.0372596 0.0374023 0.00380898
44 0.899038 0.117969 0.0336538 0.0359375 0.00380898
75 0.847957 0.308984 0.0757212 0.120703 0.00379562
44 0.754808 0.162695 0.0456731 0.0417969 0.00378036
40 0.86899 0.0489746 0.0408654 0.0598633 0.0037365
40 0.788462 0.05 0.0384615 0.0490234 0.00372124
60 0.777043 0.221484 0.293269 0.0703125 0.00370789
44 0.653846 0.163867 0.03125 0.0761719 0.00366402
41 0.655649 0.107617 0.0228365 0.0351562 0.00365067
44 0.649038 0.129688 0.0360577 0.0792969 0.00362206
42 0.547476 0.619531 0.354567 0.170313 0.00362206
41 0.755409 0.100391 0.0216346 0.0195312 0.0036068
13 0.801683 0.510156 0.117788 0.226562 0.00359344
41 0.899038 0.117969 0.0336538 0.0359375 0.00351143
39 0.239183 0.765625 0.117788 0.0953125 0.00351143
71 0.408804 0.247656 0.0934495 0.0109375 0.00349617
56 0.0605469 0.595313 0.085637 0.276563 0.00348282
44 0.911058 0.111719 0.0216346 0.0230469 0.00345612
44 0.802885 0.111328 0.0228365 0.0255859 0.00340271
42 0.245493 0.707422 0.0576923 0.0234375 0.00340271
41 0.935697 0.154688 0.03125 0.0246094 0.00336266
40 0.933894 0.16875 0.0600962 0.04375 0.00333786
44 0.665865 0.194141 0.046875 0.0203125 0.00332451
56 0.819111 0.411328 0.0504808 0.0640625 0.00332451
45 0.321214 0.212891 0.0360577 0.0171875 0.00329781
41 0.772236 0.0579102 0.0360577 0.0400391 0.00327301
39 0.442308 0.185547 0.046875 0.0410156 0.00325966
60 0.665264 0.777344 0.628606 0.25 0.00323486
44 0.801683 0.130566 0.0348558 0.0677734 0.00318527
44 0.805288 0.162402 0.0576923 0.0423828 0.00311089
49 0.355469 0.232422 0.0534856 0.0375 0.00309944
44 0.810096 0.117188 0.0444712 0.0492188 0.0030632
49 0.495192 0.233594 0.046875 0.0328125 0.0030632
39 0.45012 0.211719 0.0637019 0.078125 0.00304031
43 0.650841 0.626172 0.157452 0.153125 0.00304031
41 0.911058 0.111719 0.0216346 0.0230469 0.00302696
41 0.951923 0.164453 0.0697115 0.0554687 0.00300407
56 0.15625 0.95 0.273438 0.096875 0.00298119
39 0.477163 0.191992 0.0336538 0.0414063 0.00293541
75 0.362981 0.233008 0.0396635 0.0320312 0.00293541
41 0.665865 0.194141 0.046875 0.0203125 0.00291252
40 0.777644 0.0416016 0.0336538 0.0629883 0.00286674
49 0.711538 0.168652 0.0600962 0.0396484 0.00286674
41 0.986178 0.150195 0.0264423 0.0414063 0.00282288
40 0.333534 0.187305 0.0456731 0.0476562 0.00281143
42 0.253005 0.707812 0.0673077 0.0265625 0.00279999
55 0.668119 0.778906 0.644531 0.235938 0.970703
0 0.911659 0.417188 0.176683 0.529688 0.942871
0 0.197115 0.405859 0.36899 0.692969 0.940918
60 0.527644 0.80918 0.938702 0.375391 0.939453
56 0.396484 0.65 0.380108 0.104688 0.912598
0 0.588341 0.375391 0.473558 0.583594 0.888184
56 0.106896 0.948438 0.204477 0.1 0.862305
43 0.665264 0.633594 0.117788 0.140625 0.792969
41 0.711538 0.168652 0.0600962 0.0400391 0.749023
41 0.495192 0.234375 0.0456731 0.0320312 0.730957
41 0.239183 0.7625 0.117188 0.09375 0.694336
41 0.45012 0.233594 0.0516827 0.034375 0.605957
41 0.852163 0.169141 0.0552885 0.0371094 0.525391
41 0.938702 0.169336 0.0528846 0.0402344 0.443604
41 0.713341 0.121094 0.0625 0.0460938 0.341553
41 0.442909 0.186914 0.046875 0.0421875 0.309082
41 0.362981 0.233203 0.0396635 0.0320312 0.309082
40 0.807692 0.0577148 0.0336538 0.0408203 0.213379
41 0.859375 0.12207 0.0600962 0.0386719 0.177246
41 0.800481 0.1625 0.0432692 0.0410156 0.151001
41 0.353065 0.23125 0.0522837 0.0375 0.149536
40 0.761418 0.0495605 0.0444712 0.0522461 0.149048
40 0.859375 0.122461 0.0588942 0.0378906 0.146118
40 0.805288 0.0496094 0.0372596 0.0294922 0.144165
49 0.45012 0.233594 0.0516827 0.034375 0.133911
40 0.936899 0.128711 0.0336538 0.0642578 0.122498
40 0.805288 0.0428589 0.0432692 0.0484619 0.12085
39 0.847356 0.310547 0.0757212 0.11875 0.11554
40 0.907452 0.117578 0.0288462 0.0351562 0.106689
40 0.914663 0.127441 0.0360577 0.0533203 0.0907593
40 0.856971 0.168652 0.0625 0.0396484 0.0907593
40 0.899038 0.117676 0.0336538 0.0357422 0.0894775
45 0.711538 0.169141 0.0612981 0.040625 0.0859985
44 0.711538 0.168359 0.0600962 0.0398437 0.0844727
40 0.752404 0.0504883 0.0480769 0.0513672 0.0803833
40 0.800481 0.1625 0.0432692 0.0410156 0.0797729
40 0.766827 0.0457886 0.0456731 0.0588135 0.0775146
41 0.933894 0.166895 0.0372596 0.0435547 0.0775146
41 0.712139 0.139453 0.0625 0.0851563 0.0560303
40 0.845553 0.165137 0.0528846 0.0435547 0.0539856
45 0.713341 0.121191 0.0625 0.0458984 0.0535889
40 0.75601 0.0577637 0.03125 0.0356445 0.0505066
40 0.71274 0.122168 0.0625 0.0470703 0.0505066
40 0.801683 0.133105 0.0360577 0.0732422 0.0503235
41 0.468149 0.229492 0.0348558 0.0304688 0.0497742
45 0.786058 0.664844 0.165865 0.0671875 0.0477905
40 0.759014 0.126367 0.0372596 0.0671875 0.0474243
40 0.770433 0.137695 0.0504808 0.0753906 0.0474243
40 0.9375 0.120508 0.03125 0.0476562 0.0470886
40 0.784856 0.161914 0.0540865 0.0421875 0.0467224
40 0.936298 0.167383 0.0420673 0.0417969 0.0427246
40 0.771635 0.0574707 0.0372596 0.040918 0.0408325
75 0.852163 0.167773 0.0576923 0.040625 0.0377502
40 0.665865 0.0402344 0.0432692 0.0712891 0.037323
40 0.643029 0.0430664 0.0360577 0.0654297 0.0370483
39 0.9375 0.168164 0.0480769 0.0425781 0.035553
40 0.683894 0.0405273 0.0336538 0.0697266 0.0348816
40 0.956731 0.0398926 0.0540865 0.0762695 0.0342407
40 0.830529 0.0489258 0.0408654 0.0523438 0.0335999
60 0.92488 0.685156 0.15024 0.06875 0.0327148
40 0.780649 0.151953 0.046875 0.0609375 0.03125
39 0.852163 0.168555 0.0564904 0.0378906 0.0307922
41 0.784856 0.161914 0.0540865 0.0421875 0.0289764
40 0.800481 0.139844 0.0480769 0.0875 0.0287628
40 0.753606 0.142773 0.0552885 0.0832031 0.0276947
41 0.759615 0.137207 0.0492788 0.0833984 0.0266571
41 0.323918 0.223828 0.0420673 0.034375 0.0264587
40 0.836538 0.0463379 0.0360577 0.0612305 0.025177
40 0.628606 0.0472778 0.0432692 0.0560303 0.0248871
41 0.807692 0.162988 0.0649038 0.0423828 0.024704
44 0.851563 0.169043 0.0552885 0.0376953 0.0245209
41 0.754808 0.162695 0.0456731 0.0417969 0.0243378
41 0.876202 0.260547 0.0240385 0.028125 0.0238647
42 0.66226 0.633594 0.114183 0.139063 0.0230713
67 0.239183 0.7625 0.117188 0.09375 0.0230713
43 0.594952 0.626172 0.265625 0.158594 0.0229797
43 0.692308 0.641797 0.161058 0.157031 0.0222931
40 0.894832 0.121289 0.0324519 0.0414063 0.021698
41 0.856971 0.263281 0.0420673 0.0265625 0.0213623
40 0.772837 0.144727 0.0408654 0.0757812 0.0210419
41 0.805288 0.0496094 0.0372596 0.0294922 0.0198669
40 0.45012 0.232813 0.0588942 0.0382813 0.0197906
40 0.83774 0.0583496 0.0336538 0.0504883 0.0191956
40 0.910457 0.111816 0.0216346 0.0234375 0.0190582
41 0.457332 0.191992 0.0721154 0.0496094 0.0188293
49 0.361779 0.233008 0.0384615 0.0320312 0.0187683
40 0.810096 0.156641 0.0576923 0.0539063 0.0184784
40 0.90024 0.164062 0.0600962 0.0457031 0.0179901
13 0.105243 0.948438 0.206581 0.101562 0.0179138
43 0.545823 0.617969 0.357873 0.173438 0.0178528
40 0.896635 0.110156 0.0240385 0.0210938 0.0177155
0 0.848558 0.313672 0.0757212 0.132031 0.0175781
40 0.754808 0.162695 0.0456731 0.0417969 0.0172424
40 0.854567 0.0486328 0.0288462 0.0566406 0.0167236
41 0.948317 0.170703 0.0697115 0.0394531 0.0165863
75 0.710938 0.169043 0.0600962 0.0408203 0.0165253
39 0.495192 0.234375 0.0456731 0.0320312 0.0165253
45 0.442909 0.187305 0.0492788 0.0410156 0.0162201
45 0.450721 0.233594 0.0552885 0.034375 0.0156708
40 0.711538 0.169434 0.0625 0.0396484 0.0154266
0 0.91226 0.519141 0.175481 0.325 0.0153656
43 0.610577 0.613672 0.205529 0.182031 0.0151291
40 0.856971 0.145313 0.0649038 0.0828125 0.0150757
40 0.696514 0.0396973 0.0432692 0.0729492 0.0145569
41 0.866587 0.167578 0.0841346 0.0398437 0.0145569
44 0.712139 0.139453 0.0625 0.0851563 0.014389
40 0.742788 0.0619141 0.0264423 0.0314453 0.0141754
41 0.646635 0.192969 0.0288462 0.0308594 0.0141144
40 0.647236 0.048584 0.0252404 0.0573242 0.0140076
40 0.935697 0.154688 0.03125 0.0246094 0.0140076
40 0.810096 0.117676 0.0456731 0.0507812 0.0138474
44 0.657452 0.118945 0.0240385 0.0544922 0.0136337
39 0.362981 0.233203 0.0396635 0.0320312 0.0136337
40 0.790264 0.142773 0.0637019 0.0789063 0.0134277
44 0.71274 0.120898 0.0600962 0.0449219 0.0133743
40 0.887019 0.16582 0.0504808 0.0410156 0.0130692
44 0.759615 0.137207 0.0492788 0.0833984 0.0130234
40 0.759615 0.136914 0.0504808 0.0753906 0.0128708
45 0.359375 0.231641 0.0444712 0.0335938 0.0125275
40 0.802885 0.111523 0.0240385 0.0257812 0.0123825
44 0.24399 0.720313 0.108173 0.053125 0.0122375
40 0.810096 0.0381348 0.0432692 0.0522461 0.0118256
56 0.114183 0.897656 0.222356 0.196875 0.0116882
39 0.45012 0.232813 0.0588942 0.0382813 0.0114212
41 0.954327 0.0592773 0.0504808 0.0335938 0.0113297
40 0.941707 0.111426 0.0228365 0.034375 0.0113297
56 0.801683 0.507422 0.115385 0.240625 0.0112457
41 0.75601 0.0577637 0.03125 0.0356445 0.011116
44 0.907452 0.117578 0.0288462 0.0351562 0.0110703
40 0.644231 0.10752 0.0408654 0.0322266 0.0108185
45 0.408504 0.246875 0.0868389 0.00898437 0.0106506
54 0.71274 0.12002 0.0600962 0.0466797 0.0104904
0 0.168269 0.86875 0.197115 0.251563 0.0103683
41 0.850361 0.265625 0.0516827 0.0304688 0.0102081
45 0.938702 0.169336 0.0528846 0.0402344 0.01017
39 0.447716 0.187891 0.0612981 0.0449219 0.01017
40 0.932091 0.143848 0.0492788 0.0759766 0.0100937
40 0.944712 0.169434 0.0625 0.0416016 0.0100555
39 0.79988 0.163184 0.0396635 0.0416016 0.00955963
40 0.629808 0.108594 0.03125 0.0347656 0.00945282
60 0.822115 0.414062 0.0456731 0.05625 0.00937653
44 0.759014 0.126367 0.0372596 0.0671875 0.00933838
41 0.321214 0.212891 0.0360577 0.0171875 0.00926971
44 0.245192 0.707422 0.0570913 0.0242188 0.00919342
40 0.75601 0.102344 0.0216346 0.0226563 0.00912476
45 0.858173 0.12207 0.0600962 0.0382813 0.00912476
39 0.864784 0.30625 0.0420673 0.103906 0.00908661
41 0.757812 0.17832 0.0348558 0.0136719 0.0088501
40 0.658654 0.0452271 0.0288462 0.06521 0.00881195
40 0.921875 0.147656 0.0588942 0.0769531 0.00881195
41 0.941707 0.111426 0.0228365 0.034375 0.00871277
44 0.449519 0.233594 0.0528846 0.0339844 0.00867462
40 0.810096 0.114551 0.0360577 0.0371094 0.00861359
40 0.728966 0.0411133 0.046875 0.0705078 0.00844574
41 0.449519 0.195508 0.0625 0.0597656 0.00844574
44 0.75601 0.102344 0.0216346 0.0226563 0.00828552
41 0.887019 0.16582 0.0504808 0.0410156 0.00818634
56 0.168269 0.86875 0.197115 0.251563 0.00812531
41 0.762019 0.052002 0.0396635 0.0514648 0.00796509
40 0.651442 0.112207 0.0288462 0.0458984 0.00796509
41 0.746394 0.163965 0.0528846 0.0427734 0.00790405
56 0.822115 0.416797 0.0408654 0.0554687 0.0078125
40 0.860577 0.0491699 0.0360577 0.0538086 0.00775528
0 0.747596 0.310547 0.1875 0.128906 0.00763702
75 0.938702 0.169336 0.0528846 0.0402344 0.00757599
41 0.655649 0.215234 0.0637019 0.0601563 0.00751877
41 0.644832 0.222656 0.0540865 0.0484375 0.00743103
60 0.822115 0.395703 0.0456731 0.0210938 0.00740433
40 0.447716 0.187891 0.0612981 0.0449219 0.00734711
56 0.359375 0.231641 0.0444712 0.0335938 0.00734711
41 0.477163 0.192188 0.0324519 0.040625 0.00725937
44 0.772837 0.144727 0.0408654 0.0757812 0.00717545
40 0.880409 0.147168 0.078125 0.0779297 0.00712204
45 0.495192 0.233789 0.0456731 0.0328125 0.00703812
41 0.628606 0.23418 0.0264423 0.0246094 0.00701141
44 0.859375 0.12207 0.0600962 0.0386719 0.0069046
40 0.857572 0.0604492 0.0336538 0.0470703 0.0068779
41 0.480168 0.234375 0.0252404 0.03125 0.0068512
40 0.942308 0.126172 0.0288462 0.0625 0.00679779
40 0.864784 0.30625 0.0420673 0.103906 0.00679779
41 0.759014 0.126367 0.0372596 0.0671875 0.00674438
41 0.644231 0.10752 0.0408654 0.0322266 0.00669098
41 0.907452 0.117578 0.0288462 0.0351562 0.00656509
44 0.646635 0.192969 0.0288462 0.0308594 0.0064888
75 0.448317 0.233203 0.0504808 0.0359375 0.00626373
40 0.608173 0.0370972 0.0528846 0.0695557 0.00624084
40 0.938702 0.153125 0.0336538 0.0365234 0.00624084
39 0.457332 0.191992 0.0721154 0.0496094 0.00624084
40 0.457332 0.191992 0.0721154 0.0496094 0.00621796
41 0.788462 0.664453 0.163462 0.0671875 0.00619125
41 0.971154 0.318164 0.0552885 0.0539063 0.00612259
44 0.800481 0.139844 0.0480769 0.0875 0.00609589
40 0.353365 0.182861 0.0396635 0.0405273 0.006073
60 0.780649 0.280078 0.28125 0.188281 0.00598145
39 0.353065 0.23125 0.0522837 0.0375 0.00595856
41 0.770433 0.137695 0.0504808 0.0753906 0.00579834
43 0.691707 0.657813 0.112981 0.0953125 0.00559998
32 0.45012 0.235156 0.0528846 0.0320312 0.0055542
56 0.92488 0.685156 0.15024 0.06875 0.0055542
40 0.65024 0.128613 0.0348558 0.0773438 0.00551224
44 0.770433 0.137695 0.0504808 0.0753906 0.00540543
41 0.779447 0.212109 0.0348558 0.034375 0.00536346
56 0.45012 0.232813 0.0588942 0.0382813 0.00530243
40 0.868389 0.0489746 0.0396635 0.0598633 0.00526047
45 0.852163 0.168555 0.0552885 0.0421875 0.00524139
40 0.953726 0.059375 0.0516827 0.0335938 0.00519943
75 0.85637 0.121289 0.0540865 0.0402344 0.00519943
40 0.45012 0.212305 0.0637019 0.0769531 0.0051384
44 0.866587 0.167578 0.0841346 0.0398437 0.00500107
41 0.00946514 0.339063 0.0189303 0.0539063 0.00500107
43 0.65625 0.620703 0.108173 0.110156 0.00496292
40 0.480168 0.234375 0.0252404 0.03125 0.00494385
56 0.0183293 0.429004 0.0336538 0.12793 0.0049057
44 0.447716 0.187891 0.0612981 0.0449219 0.00486755
40 0.794471 0.0594727 0.0384615 0.0298828 0.00486755
40 0.844952 0.12168 0.0721154 0.0457031 0.00481033
74 0.859375 0.12168 0.0600962 0.0398437 0.00479126
44 0.896635 0.110156 0.0240385 0.0210938 0.00473785
40 0.00946514 0.339063 0.0189303 0.0539063 0.00471878
41 0.742788 0.0619141 0.0264423 0.0314453 0.00468063
39 0.85637 0.121289 0.0540865 0.0402344 0.00468063
40 0.789663 0.0499023 0.0360577 0.0488281 0.00466537
40 0.807692 0.162988 0.0649038 0.0423828 0.0046463
41 0.892428 0.167969 0.0420673 0.0359375 0.0046463
40 0.712139 0.139453 0.0625 0.0851563 0.0045929
44 0.746394 0.163965 0.0528846 0.0427734 0.00457382
39 0.941707 0.111426 0.0228365 0.034375 0.00457382
44 0.914663 0.127441 0.0360577 0.0533203 0.00453949
32 0.496394 0.235547 0.0456731 0.0296875 0.00453949
41 0.803486 0.0572266 0.0408654 0.0388672 0.00450516
27 0.256911 0.255078 0.0883413 0.0679687 0.00450516
54 0.711538 0.169434 0.0625 0.0396484 0.00446701
40 0.727764 0.0589844 0.0372596 0.0382813 0.00445175
44 0.9375 0.120508 0.03125 0.0476562 0.00436401
44 0.899038 0.117676 0.0336538 0.0357422 0.00431442
40 0.627404 0.115234 0.0336538 0.0361328 0.00418091
43 0.682692 0.647656 0.0865385 0.1125 0.00416565
42 0.610577 0.613672 0.205529 0.182031 0.00416565
44 0.754808 0.162695 0.0456731 0.0417969 0.00411606
56 0.0108173 0.4 0.0216346 0.0671875 0.0041008
44 0.65024 0.128613 0.0348558 0.0773438 0.00408554
41 0.780649 0.151953 0.046875 0.0609375 0.00408554
44 0.653245 0.16416 0.0300481 0.0759766 0.00408554
39 0.00946514 0.339063 0.0189303 0.0539063 0.00405502
41 0.772837 0.144727 0.0408654 0.0757812 0.00403976
43 0.635817 0.641406 0.0552885 0.0734375 0.00403976
41 0.65024 0.107227 0.0288462 0.0394531 0.00400543
41 0.00886418 0.349023 0.016226 0.0363281 0.00397491
40 0.933894 0.16875 0.0600962 0.04375 0.00397491
67 0.478966 0.196289 0.0324519 0.0371094 0.00388527
44 0.360577 0.232227 0.0408654 0.0320312 0.00383949
56 0.742788 0.319141 0.1875 0.139844 0.00382423
43 0.644832 0.646094 0.0673077 0.0671875 0.0037365
13 0.801683 0.509766 0.117788 0.227344 0.0037365
44 0.646635 0.13584 0.0408654 0.0888672 0.00372124
40 0.686298 0.0561035 0.03125 0.0454102 0.00369263
44 0.665865 0.194141 0.0456731 0.0203125 0.00367928
40 0.700721 0.061377 0.0264423 0.0338867 0.00363541
41 0.896635 0.110156 0.0240385 0.0210938 0.00363541
44 0.910457 0.111816 0.0216346 0.0234375 0.00363541
40 0.777644 0.0415039 0.0336538 0.0628906 0.00362206
40 0.61899 0.0411255 0.0432692 0.0669678 0.00358009
41 0.899038 0.117676 0.0336538 0.0357422 0.00358009
75 0.848558 0.308984 0.0745192 0.120313 0.00355148
41 0.935697 0.154688 0.03125 0.0246094 0.00353813
49 0.355769 0.232422 0.0528846 0.0375 0.00353813
41 0.755409 0.100293 0.0216346 0.0197266 0.00351143
60 0.777043 0.223828 0.293269 0.075 0.00348282
56 0.0609976 0.596094 0.0841346 0.270313 0.00346947
42 0.545823 0.617969 0.357873 0.173438 0.00344276
44 0.936899 0.128711 0.0336538 0.0642578 0.00342941
40 0.65625 0.116211 0.0252404 0.0507812 0.00341606
71 0.409255 0.247852 0.09375 0.0113281 0.00340271
56 0.819111 0.411719 0.0504808 0.0640625 0.00340271
39 0.239183 0.765625 0.117788 0.0953125 0.00340271
44 0.802885 0.111523 0.0240385 0.0257812 0.00335121
49 0.495192 0.233789 0.0456731 0.0328125 0.00333786
41 0.771635 0.0574707 0.0372596 0.040918 0.00331116
44 0.801683 0.133105 0.0360577 0.0732422 0.00331116
41 0.888221 0.176367 0.0576923 0.0214844 0.00328636
45 0.321214 0.212891 0.0360577 0.0171875 0.00327301
41 0.847356 0.308789 0.0769231 0.119531 0.00324821
0 0.354868 0.232031 0.0552885 0.0382813 0.00322342
60 0.665264 0.777344 0.628606 0.248438 0.00322342
44 0.805288 0.1625 0.0576923 0.0421875 0.00321007
42 0.245192 0.707422 0.0570913 0.0242188 0.00321007
44 0.810096 0.117676 0.0456731 0.0507812 0.00318527
41 0.950721 0.163672 0.0673077 0.0570313 0.00317192
41 0.752404 0.0504883 0.0480769 0.0513672 0.00316048
41 0.626803 0.105078 0.03125 0.0380859 0.00316048
44 0.813101 0.135156 0.0504808 0.0621094 0.00312424
40 0.333534 0.186914 0.0456731 0.0472656 0.00311089
40 0.813101 0.135156 0.0504808 0.0621094 0.003088
41 0.655649 0.107813 0.0228365 0.0355469 0.00307465
39 0.477163 0.192188 0.0324519 0.040625 0.00307465
40 0.626803 0.105078 0.03125 0.0380859 0.00301552
40 0.86899 0.0632324 0.0372596 0.0479492 0.00300407
39 0.442308 0.185547 0.046875 0.0414063 0.00298119
41 0.665865 0.194141 0.0456731 0.0203125 0.0029583
40 0.729567 0.0507324 0.0432692 0.0532227 0.00294685
55 0.668119 0.778906 0.644531 0.235938 0.973633
0 0.911659 0.416797 0.176683 0.529688 0.941895
60 0.528245 0.809375 0.938702 0.376563 0.939941
0 0.197416 0.405859 0.368389 0.69375 0.939453
56 0.395433 0.648828 0.377404 0.103906 0.915527
0 0.589093 0.375781 0.473257 0.583594 0.88623
56 0.106671 0.948438 0.204327 0.1 0.871582
43 0.664663 0.633594 0.117788 0.140625 0.803223
41 0.495192 0.234375 0.0456731 0.0320312 0.73877
41 0.711538 0.16875 0.0600962 0.0402344 0.730957
41 0.239183 0.7625 0.116587 0.0921875 0.697754
41 0.449519 0.233594 0.0528846 0.034375 0.592773
41 0.852163 0.169141 0.0552885 0.0371094 0.496094
41 0.939904 0.169336 0.0528846 0.0402344 0.428223
41 0.713341 0.121094 0.0625 0.0460938 0.317383
41 0.44351 0.186914 0.0480769 0.0421875 0.286133
41 0.362981 0.233008 0.0396635 0.0320312 0.270508
40 0.807692 0.0575684 0.0336538 0.040332 0.204346
40 0.761418 0.0495972 0.0444712 0.0519775 0.151978
41 0.858774 0.12207 0.0588942 0.0386719 0.151978
49 0.449519 0.233594 0.0528846 0.034375 0.151978
40 0.859375 0.122461 0.0588942 0.0378906 0.151001
41 0.79988 0.1625 0.0420673 0.0410156 0.141235
41 0.352764 0.23125 0.0516827 0.0375 0.140869
40 0.805288 0.0495117 0.0372596 0.0292969 0.136597
40 0.805288 0.0423828 0.0432692 0.0488281 0.125977
40 0.936899 0.128906 0.0336538 0.0648438 0.119995
40 0.907452 0.11709 0.0288462 0.034375 0.106689
40 0.899038 0.11748 0.0336538 0.0355469 0.0946655
39 0.847356 0.310547 0.0757212 0.11875 0.0923462
40 0.914663 0.127344 0.0360577 0.0535156 0.0907593
45 0.711538 0.169238 0.0600962 0.0404297 0.0907593
44 0.711538 0.168262 0.0600962 0.0400391 0.0881958
40 0.85637 0.168652 0.0625 0.0396484 0.0875854
40 0.752404 0.0505005 0.0480769 0.0511475 0.0869141
40 0.79988 0.1625 0.0420673 0.0410156 0.0769653
41 0.933894 0.166992 0.0372596 0.0433594 0.0766602
40 0.75601 0.057373 0.03125 0.0362305 0.0592041
41 0.712139 0.13916 0.0625 0.0845703 0.0535889
40 0.71274 0.122266 0.0625 0.0472656 0.0531921
40 0.801683 0.135059 0.0360577 0.0771484 0.0522461
40 0.846154 0.165234 0.0540865 0.0433594 0.0507202
40 0.771034 0.138281 0.0492788 0.0773438 0.0503235
45 0.713341 0.121094 0.0625 0.0460938 0.0492249
40 0.784856 0.161816 0.0528846 0.0419922 0.0474243
40 0.759014 0.12666 0.0372596 0.0681641 0.0470886
41 0.46875 0.229297 0.0348558 0.0304688 0.0469055
40 0.664663 0.0402344 0.0432692 0.0712891 0.0463867
40 0.936298 0.167383 0.0432692 0.0417969 0.044342
40 0.64363 0.042981 0.0348558 0.0654053 0.0440063
40 0.683894 0.040625 0.0348558 0.0697266 0.0430298
40 0.9375 0.120508 0.03125 0.0474609 0.0420837
45 0.786058 0.664844 0.165865 0.0679687 0.0411377
40 0.771034 0.0570801 0.0372596 0.0413086 0.0405273
75 0.852163 0.167676 0.0576923 0.0408203 0.0393372
40 0.956731 0.0401367 0.0540865 0.0763672 0.0352783
60 0.92488 0.685156 0.15024 0.06875 0.0347595
40 0.79988 0.139453 0.0480769 0.0878906 0.0325928
39 0.9375 0.168164 0.0504808 0.0425781 0.0316162
40 0.831731 0.0482422 0.0396635 0.052832 0.0313721
39 0.852163 0.16875 0.0552885 0.0378906 0.0307922
40 0.780649 0.152148 0.0456731 0.0605469 0.0298767
40 0.628606 0.0472656 0.0432692 0.0558594 0.0292053
40 0.753606 0.141895 0.0552885 0.0845703 0.0290833
40 0.837139 0.0463013 0.0360577 0.061499 0.028656
41 0.784856 0.161816 0.0528846 0.0419922 0.0261536
0 0.911659 0.519531 0.174279 0.323438 0.0259094
44 0.851563 0.168945 0.0552885 0.0378906 0.0258636
41 0.323918 0.224023 0.0420673 0.034375 0.0253754
41 0.876202 0.260742 0.0240385 0.0277344 0.0243378
42 0.66226 0.633594 0.114183 0.139063 0.024231
41 0.759615 0.137305 0.0504808 0.084375 0.0237732
40 0.894832 0.121289 0.0324519 0.0414063 0.0230713
41 0.856971 0.263672 0.0420673 0.0265625 0.0225372
43 0.691707 0.640625 0.161058 0.154688 0.0222931
41 0.754808 0.162695 0.0456731 0.0417969 0.0219421
43 0.584135 0.626563 0.286058 0.15625 0.0218658
67 0.239183 0.7625 0.116587 0.0921875 0.021698
40 0.45012 0.232813 0.0588942 0.0382813 0.0213623
41 0.807692 0.163086 0.0637019 0.0421875 0.0208893
40 0.83774 0.057959 0.0336538 0.0504883 0.0197144
40 0.854567 0.0485474 0.0288462 0.0568115 0.0192719
40 0.695913 0.0396484 0.0432692 0.0728516 0.0191956
41 0.805288 0.0495117 0.0372596 0.0292969 0.0187683
49 0.362981 0.233008 0.0396635 0.0320312 0.0184021
40 0.910457 0.111914 0.0216346 0.0238281 0.0181885
40 0.810096 0.15625 0.0576923 0.0546875 0.0174408
41 0.459736 0.192188 0.0673077 0.0488281 0.0174408
13 0.105243 0.948438 0.206581 0.103125 0.0173798
0 0.848558 0.313672 0.0757212 0.132031 0.0173035
40 0.896635 0.110352 0.0240385 0.0214844 0.0171051
40 0.754808 0.162695 0.0456731 0.0417969 0.0170441
40 0.899639 0.164062 0.0600962 0.0457031 0.0167236
43 0.541016 0.615625 0.367488 0.178125 0.0163422
40 0.856971 0.145313 0.0649038 0.0828125 0.016098
39 0.495192 0.234375 0.0456731 0.0320312 0.0156708
40 0.647837 0.0486816 0.0240385 0.0567383 0.0153046
40 0.743389 0.0609863 0.0264423 0.0331055 0.0149002
40 0.712139 0.169531 0.0612981 0.0398437 0.0147324
45 0.442909 0.187305 0.0492788 0.0410156 0.0146713
44 0.712139 0.13916 0.0625 0.0845703 0.0145569
75 0.710938 0.168945 0.0600962 0.0410156 0.0145569
41 0.647236 0.192969 0.0276442 0.0308594 0.0143356
44 0.657452 0.119238 0.0240385 0.0552734 0.0142822
40 0.809495 0.118359 0.0456731 0.0523438 0.0140076
44 0.759615 0.137305 0.0504808 0.084375 0.0139542
45 0.450721 0.233594 0.0552885 0.034375 0.0137405
40 0.936298 0.154883 0.03125 0.0246094 0.0136871
40 0.790865 0.141797 0.0625 0.08125 0.0135345
43 0.602163 0.613281 0.222356 0.182812 0.0134811
40 0.810096 0.0380737 0.0432692 0.0521729 0.0134277
44 0.71274 0.123047 0.0625 0.0480469 0.0133286
41 0.865986 0.167578 0.0829327 0.0402344 0.0131226
40 0.887019 0.165723 0.0504808 0.0412109 0.0129242
41 0.850962 0.265625 0.0504808 0.0304688 0.0121918
0 0.16857 0.86875 0.196514 0.251563 0.0120544
39 0.360877 0.232422 0.0402644 0.0320312 0.0120087
44 0.24399 0.719531 0.108173 0.053125 0.0120087
40 0.941707 0.111523 0.0228365 0.0347656 0.0118256
44 0.907452 0.11709 0.0288462 0.034375 0.0116425
40 0.802885 0.111523 0.0240385 0.0261719 0.0115967
56 0.801683 0.507031 0.114183 0.241406 0.011467
45 0.359075 0.231641 0.0444712 0.0335938 0.0114212
41 0.75601 0.057373 0.03125 0.0362305 0.0112915
39 0.45012 0.232813 0.0588942 0.0382813 0.0106964
40 0.93149 0.143652 0.0504808 0.0775391 0.0105667
40 0.644231 0.107324 0.0408654 0.0322266 0.0104904
44 0.759014 0.12666 0.0372596 0.0681641 0.0104523
45 0.939904 0.169336 0.0528846 0.0402344 0.01017
41 0.954327 0.0592285 0.0504808 0.0336914 0.0100937
45 0.408504 0.246875 0.0868389 0.00898437 0.0100937
40 0.728966 0.0410645 0.046875 0.0706055 0.00993347
45 0.786659 0.656641 0.167067 0.0476562 0.00993347
54 0.71274 0.12002 0.0600962 0.0466797 0.00978088
56 0.113882 0.898438 0.221755 0.196875 0.00967407
40 0.658654 0.0453003 0.0276442 0.0646729 0.00959778
60 0.822115 0.414062 0.0456731 0.05625 0.00937653
39 0.447716 0.187939 0.0612981 0.0452148 0.00926971
40 0.944111 0.169531 0.0625 0.0414063 0.00894928
44 0.75601 0.102344 0.0216346 0.0228516 0.00874329
44 0.244591 0.707031 0.0564904 0.0234375 0.00871277
39 0.79988 0.163086 0.0396635 0.0417969 0.00861359
40 0.861178 0.0489258 0.0372596 0.0544922 0.00854492
40 0.75601 0.102344 0.0216346 0.0228516 0.0085144
40 0.922476 0.147461 0.0576923 0.0773438 0.0085144
56 0.16857 0.86875 0.196514 0.251563 0.00847626
41 0.321514 0.212891 0.0360577 0.0167969 0.00841522
40 0.810096 0.114941 0.0360577 0.0380859 0.00834656
44 0.449519 0.233594 0.0528846 0.034375 0.008255
41 0.757212 0.0504883 0.0360577 0.0494141 0.008255
56 0.822115 0.416406 0.0408654 0.05625 0.00812531
41 0.449519 0.195508 0.0625 0.0597656 0.00809479
44 0.252404 0.707422 0.0661058 0.0265625 0.00800323
41 0.941707 0.111523 0.0228365 0.0347656 0.00800323
40 0.858173 0.0599121 0.0336538 0.047168 0.00796509
41 0.758413 0.178516 0.0336538 0.0132813 0.00790405
39 0.865385 0.305859 0.0408654 0.103125 0.00787354
0 0.734375 0.307422 0.173077 0.126563 0.00775528
41 0.655649 0.215234 0.0625 0.0601563 0.00769424
56 0.359075 0.231641 0.0444712 0.0335938 0.00763702
41 0.644832 0.222656 0.0540865 0.0484375 0.00754929
44 0.772837 0.144141 0.0408654 0.0769531 0.00743103
45 0.858173 0.121973 0.0600962 0.0382813 0.00740433
41 0.887019 0.165723 0.0504808 0.0412109 0.00725937
40 0.879808 0.14707 0.0793269 0.0785156 0.00723267
60 0.821514 0.396094 0.0456731 0.021875 0.00723267
75 0.939904 0.169336 0.0528846 0.0402344 0.00717545
40 0.607572 0.0370605 0.0516827 0.0695313 0.00712204
40 0.629808 0.108398 0.03125 0.0351562 0.00712204
41 0.477163 0.192578 0.0324519 0.0398437 0.00709534
41 0.480168 0.234375 0.0252404 0.03125 0.00709534
45 0.495192 0.233789 0.0456731 0.0328125 0.00706482
41 0.745793 0.164062 0.0516827 0.0429688 0.00701141
41 0.971154 0.318164 0.0552885 0.0539063 0.0069313
40 0.865385 0.305859 0.0408654 0.103125 0.0068779
41 0.628606 0.23418 0.0264423 0.0246094 0.00677109
40 0.867788 0.048877 0.0408654 0.0598633 0.00664139
44 0.858774 0.12207 0.0588942 0.0386719 0.00661469
56 0.92488 0.685156 0.15024 0.06875 0.00651169
41 0.779447 0.212109 0.0360577 0.034375 0.0064888
44 0.79988 0.139453 0.0480769 0.0878906 0.0064621
40 0.447716 0.187939 0.0612981 0.0452148 0.00636292
44 0.647236 0.192969 0.0276442 0.0308594 0.00616837
39 0.459736 0.192188 0.0673077 0.0488281 0.00614548
40 0.651442 0.112988 0.0288462 0.0480469 0.006073
41 0.644231 0.107324 0.0408654 0.0322266 0.00605011
75 0.448317 0.233203 0.0504808 0.0359375 0.00602722
40 0.353365 0.182861 0.0390625 0.0405273 0.00600433
40 0.938702 0.154102 0.0336538 0.0375 0.00598145
41 0.759014 0.12666 0.0372596 0.0681641 0.00593567
40 0.942308 0.126367 0.0288462 0.0625 0.00588989
60 0.780048 0.280078 0.28125 0.188281 0.00584412
41 0.787861 0.664453 0.163462 0.0671875 0.00584412
40 0.459736 0.192188 0.0673077 0.0488281 0.00577545
56 0.0186298 0.428906 0.0342548 0.127344 0.00577545
41 0.907452 0.11709 0.0288462 0.034375 0.00570679
39 0.352764 0.23125 0.0516827 0.0375 0.00564194
74 0.859375 0.12168 0.0600962 0.0400391 0.00557709
40 0.480168 0.234375 0.0252404 0.03125 0.00557709
40 0.45012 0.212549 0.0637019 0.0764648 0.0053215
43 0.691707 0.657813 0.112981 0.09375 0.00530243
41 0.00946514 0.339453 0.0189303 0.0527344 0.00524139
41 0.771034 0.138281 0.0492788 0.0773438 0.00519943
44 0.865986 0.167578 0.0829327 0.0402344 0.00519943
75 0.855769 0.121191 0.0528846 0.0402344 0.0051384
56 0.45012 0.232813 0.0588942 0.0382813 0.0051384
32 0.45012 0.235156 0.0528846 0.0320312 0.00510025
44 0.447716 0.187939 0.0612981 0.0452148 0.00500107
40 0.789062 0.049707 0.0372596 0.0486328 0.00494385
44 0.896635 0.110352 0.0240385 0.0214844 0.00492477
44 0.745793 0.164062 0.0516827 0.0429688 0.00482941
40 0.727764 0.0586914 0.0372596 0.0386719 0.00481033
41 0.743389 0.0609863 0.0264423 0.0331055 0.00473785
40 0.794471 0.0591797 0.0384615 0.0298828 0.00473785
43 0.65625 0.620703 0.109375 0.110156 0.00471878
45 0.852163 0.168652 0.0552885 0.0419922 0.00471878
40 0.953726 0.0593262 0.0516827 0.0336914 0.00466537
40 0.00946514 0.339453 0.0189303 0.0527344 0.00462723
40 0.712139 0.13916 0.0625 0.0845703 0.0045929
40 0.843149 0.12207 0.0721154 0.0472656 0.0045929
44 0.899038 0.11748 0.0336538 0.0355469 0.00457382
44 0.914663 0.127344 0.0360577 0.0535156 0.00457382
27 0.257812 0.255078 0.0865385 0.0679687 0.00446701
44 0.9375 0.120508 0.03125 0.0474609 0.00443268
44 0.754808 0.162695 0.0456731 0.0417969 0.00438309
39 0.941707 0.111523 0.0228365 0.0347656 0.00436401
40 0.934495 0.16875 0.0600962 0.04375 0.00436401
44 0.65024 0.128711 0.0336538 0.0779297 0.00432968
56 0.0108173 0.400391 0.0213341 0.0671875 0.00432968
40 0.65024 0.128711 0.0336538 0.0779297 0.00429916
40 0.686899 0.0559082 0.03125 0.0456055 0.00428009
40 0.61899 0.0411621 0.0432692 0.0667969 0.00418091
40 0.778245 0.0413574 0.0324519 0.0629883 0.00416565
40 0.700721 0.061084 0.0264423 0.0342773 0.00415039
41 0.892428 0.167969 0.0420673 0.0359375 0.00413513
32 0.496394 0.235547 0.0456731 0.0296875 0.00408554
39 0.855769 0.121191 0.0528846 0.0402344 0.00407028
13 0.802284 0.510156 0.117788 0.228125 0.00405502
44 0.653846 0.16377 0.0288462 0.0763672 0.00402451
41 0.803486 0.0570313 0.0408654 0.0386719 0.00397491
67 0.478966 0.196484 0.0324519 0.0375 0.00395966
41 0.00886418 0.348828 0.016226 0.0367188 0.00391388
43 0.68149 0.647656 0.0841346 0.111719 0.00391388
40 0.807692 0.163086 0.0637019 0.0421875 0.00390053
42 0.602163 0.613281 0.222356 0.182812 0.00388527
39 0.00946514 0.339453 0.0189303 0.0527344 0.00383949
54 0.712139 0.169531 0.0612981 0.0398437 0.00383949
44 0.646635 0.13584 0.0384615 0.0888672 0.00380898
40 0.8125 0.134766 0.0504808 0.0691406 0.00374985
44 0.665865 0.194141 0.0456731 0.0199219 0.00372124
44 0.910457 0.111914 0.0216346 0.0238281 0.00369263
56 0.0608474 0.596875 0.0838341 0.265625 0.00367928
56 0.81851 0.411719 0.0504808 0.0640625 0.00363541
56 0.742788 0.319531 0.1875 0.140625 0.00363541
49 0.355469 0.232422 0.0528846 0.0382813 0.0036068
40 0.86899 0.0631836 0.0372596 0.0474609 0.00353813
44 0.936899 0.128906 0.0336538 0.0648438 0.00353813
43 0.636418 0.641406 0.0552885 0.0734375 0.00352478
44 0.8125 0.134766 0.0504808 0.0691406 0.00345612
44 0.360877 0.232422 0.0402644 0.0320312 0.00342941
49 0.495192 0.233789 0.0456731 0.0328125 0.00342941
69 0.432692 0.2875 0.139423 0.0871094 0.00342941
44 0.801683 0.135059 0.0360577 0.0771484 0.00340271
56 0.0249399 0.440234 0.046274 0.148438 0.00337601
71 0.409255 0.248047 0.0949519 0.0109375 0.00336266
41 0.936298 0.154883 0.03125 0.0246094 0.00335121
43 0.645433 0.646094 0.0673077 0.065625 0.00335121
60 0.776442 0.227734 0.293269 0.0828125 0.00332451
39 0.239784 0.764844 0.117788 0.0953125 0.00329781
41 0.755409 0.100391 0.0216346 0.0199219 0.00328636
44 0.802885 0.111523 0.0240385 0.0261719 0.00323486
44 0.805288 0.1625 0.0576923 0.0417969 0.00323486
44 0.809495 0.118359 0.0456731 0.0523438 0.00322342
56 0.00901442 0.384766 0.0174279 0.0390625 0.00322342
56 0.0491286 0.8625 0.0958534 0.103125 0.00322342
41 0.780649 0.152148 0.0456731 0.0605469 0.00321007
45 0.321514 0.212891 0.0360577 0.0167969 0.00319672
42 0.541016 0.615625 0.367488 0.178125 0.00319672
41 0.899038 0.11748 0.0336538 0.0355469 0.00317192
41 0.771034 0.0570801 0.0372596 0.0413086 0.00314713
40 0.333233 0.18667 0.0450721 0.0461914 0.00313568
39 0.477163 0.192578 0.0324519 0.0398437 0.00313568
40 0.729567 0.0506348 0.0432692 0.0532227 0.00312424
40 0.627404 0.115332 0.03125 0.0361328 0.00312424
41 0.950721 0.163086 0.0673077 0.0578125 0.00309944
41 0.665865 0.194141 0.0456731 0.0199219 0.00309944
75 0.848558 0.308984 0.0745192 0.120313 0.003088
40 0.647236 0.0575684 0.0216346 0.0397461 0.00307465
40 0.659856 0.0584961 0.0240385 0.0388672 0.0030632
41 0.896635 0.110352 0.0240385 0.0214844 0.00302696
42 0.244591 0.707031 0.0564904 0.0234375 0.00302696
60 0 0.903516 0 0.192969 0.00302696
44 0.698317 0.158398 0.0372596 0.0554687 0.00300407
41 0.699519 0.0998047 0.0240385 0.0160156 0.00299263
67 0.667067 0.633984 0.117788 0.132812 0.00296974
41 0.65024 0.107227 0.0288462 0.0396484 0.00293541
40 0.65625 0.116797 0.0252404 0.0523438 0.00293541
0 0.354567 0.232031 0.0552885 0.0382813 0.00291252
44 0.647236 0.163184 0.0360577 0.0857422 0.00288963
41 0.847957 0.311523 0.078125 0.126953 0.00279045
55 0.66887 0.778906 0.644231 0.235938 0.975098
0 0.911659 0.416797 0.176683 0.529688 0.938965
60 0.528245 0.809375 0.938702 0.376563 0.938965
0 0.197115 0.40625 0.367788 0.69375 0.936523
56 0.394832 0.648828 0.376202 0.103906 0.916016
0 0.588341 0.375684 0.472356 0.583008 0.883301
56 0.106295 0.948438 0.204477 0.1 0.875
43 0.667067 0.632812 0.120192 0.139063 0.813965
41 0.495192 0.234375 0.0456731 0.0320312 0.750488
41 0.711538 0.16875 0.0600962 0.0402344 0.723145
41 0.239183 0.7625 0.116587 0.0921875 0.697754
41 0.449519 0.233789 0.0528846 0.0339844 0.602051
41 0.852163 0.169141 0.0552885 0.0375 0.470703
41 0.939904 0.169336 0.0528846 0.0402344 0.422607
41 0.71274 0.121094 0.0625 0.0460938 0.30249
41 0.442909 0.186914 0.046875 0.0421875 0.281494
41 0.36268 0.233203 0.0396635 0.0320312 0.267334
40 0.807692 0.0574219 0.0336538 0.0400391 0.200562
40 0.859375 0.122461 0.0588942 0.0378906 0.161377
40 0.761418 0.0495972 0.0444712 0.0517822 0.156128
49 0.449519 0.233789 0.0528846 0.0339844 0.153076
41 0.799279 0.1625 0.0408654 0.0410156 0.140381
41 0.352764 0.23125 0.0516827 0.0375 0.138916
41 0.858774 0.121875 0.0588942 0.0388672 0.135254
40 0.805288 0.0495117 0.0372596 0.0292969 0.133911
40 0.805288 0.0420776 0.0432692 0.0490479 0.127686
40 0.936899 0.129102 0.0336538 0.065625 0.119995
40 0.907452 0.117188 0.0288462 0.0347656 0.107422
40 0.899038 0.117578 0.0336538 0.0359375 0.100891
45 0.711538 0.169141 0.0600962 0.040625 0.0966797
40 0.752404 0.0504883 0.0480769 0.0509766 0.092041
40 0.914663 0.127441 0.0336538 0.0539063 0.0913696
40 0.85637 0.168555 0.0625 0.0398437 0.0875854
44 0.711538 0.168164 0.0600962 0.0402344 0.0869141
39 0.847356 0.310547 0.0757212 0.11875 0.0812378
40 0.799279 0.1625 0.0408654 0.0410156 0.0775146
41 0.933894 0.166992 0.0372596 0.0433594 0.0745239
40 0.75601 0.0571777 0.0324519 0.0366211 0.0643921
40 0.71274 0.122168 0.0625 0.0474609 0.0568542
40 0.801082 0.136328 0.0360577 0.0796875 0.0545959
40 0.771034 0.13877 0.0492788 0.0787109 0.0534058
40 0.664663 0.0401855 0.0420673 0.0711914 0.053009
41 0.711538 0.139258 0.0625 0.0847656 0.0516663
40 0.644231 0.0429199 0.0336538 0.065332 0.0499573
40 0.759014 0.126953 0.0372596 0.0691406 0.0492249
40 0.683894 0.0405762 0.0348558 0.0696289 0.0488586
40 0.847356 0.165234 0.0552885 0.0433594 0.0483093
40 0.784255 0.161719 0.0516827 0.0421875 0.0474243
41 0.46875 0.229297 0.0348558 0.0304688 0.0462036
40 0.936298 0.167383 0.0432692 0.0417969 0.0446777
45 0.713341 0.121094 0.0625 0.0460938 0.0441895
45 0.786058 0.664844 0.165865 0.0671875 0.0417786
40 0.770433 0.0567871 0.0384615 0.0418945 0.0408325
75 0.852163 0.167773 0.0576923 0.0410156 0.0405273
40 0.9375 0.120801 0.03125 0.0480469 0.0396423
60 0.92488 0.685156 0.15024 0.06875 0.0367737
40 0.799279 0.13916 0.0480769 0.0880859 0.0362244
0 0.911659 0.519531 0.174279 0.323438 0.0358276
40 0.956731 0.0401367 0.0540865 0.0763672 0.0342407
40 0.628005 0.0472656 0.0432692 0.0556641 0.0324707
39 0.852163 0.16875 0.0552885 0.0378906 0.0317383
40 0.753606 0.141016 0.0552885 0.0863281 0.0314941
40 0.83774 0.0462891 0.0360577 0.0613281 0.0309143
40 0.832933 0.0478027 0.0396635 0.0530273 0.0306702
39 0.9375 0.168164 0.0504808 0.0425781 0.0297546
40 0.78125 0.151953 0.0456731 0.0605469 0.0294189
41 0.323918 0.223828 0.0420673 0.034375 0.0258636
41 0.876202 0.260742 0.0240385 0.0277344 0.0257568
42 0.66226 0.633594 0.112981 0.139063 0.0255585
41 0.78125 0.163672 0.0456731 0.0410156 0.025177
44 0.851563 0.169043 0.0552885 0.0380859 0.0250854
40 0.895433 0.121289 0.0336538 0.0417969 0.0249939
40 0.772837 0.14375 0.0384615 0.078125 0.0240479
41 0.856971 0.263672 0.0432692 0.0265625 0.0239563
40 0.45012 0.232813 0.0588942 0.0382813 0.0239563
41 0.759014 0.137695 0.0492788 0.0855469 0.0227966
40 0.696514 0.0395996 0.0420673 0.0727539 0.0223694
43 0.688702 0.639063 0.15625 0.151562 0.0216217
40 0.853966 0.0484863 0.0300481 0.0567383 0.0214539
41 0.754808 0.162695 0.0456731 0.0414063 0.0209656
43 0.580529 0.627344 0.293269 0.15625 0.0207977
40 0.838942 0.0576172 0.0348558 0.0503906 0.02034
67 0.239183 0.7625 0.116587 0.0921875 0.0200958
41 0.807692 0.163086 0.0625 0.0421875 0.0192719
41 0.805288 0.0495117 0.0372596 0.0292969 0.0186157
40 0.856971 0.145215 0.0649038 0.0830078 0.0182648
40 0.910457 0.112012 0.0216346 0.0240234 0.0178528
40 0.810096 0.155859 0.0576923 0.0554687 0.0177155
0 0.848558 0.313672 0.0757212 0.132031 0.0177155
49 0.36268 0.233203 0.0396635 0.0320312 0.0176392
40 0.899639 0.16377 0.0625 0.0466797 0.0175781
13 0.104567 0.946875 0.205529 0.103125 0.0174408
40 0.896635 0.110449 0.0240385 0.0216797 0.016922
40 0.754808 0.162695 0.0456731 0.0414063 0.0168457
41 0.462139 0.192236 0.0625 0.0483398 0.0168457
40 0.647837 0.0487305 0.0252404 0.0564453 0.0164032
39 0.495192 0.234375 0.0456731 0.0320312 0.0158386
43 0.539663 0.614844 0.370192 0.179688 0.0156708
40 0.74399 0.0605469 0.0264423 0.0337891 0.0151901
40 0.711538 0.169531 0.0625 0.0398437 0.0145035
40 0.808894 0.119238 0.0456731 0.0541016 0.0144501
40 0.810096 0.0380981 0.0432692 0.0523193 0.0142822
41 0.647236 0.192969 0.0276442 0.0304688 0.0141754
44 0.759014 0.137695 0.0492788 0.0855469 0.0141144
44 0.711538 0.139258 0.0625 0.0847656 0.0141144
40 0.936298 0.15498 0.03125 0.025 0.0141144
44 0.657452 0.119629 0.0240385 0.05625 0.0140076
75 0.710938 0.169043 0.0600962 0.0412109 0.0138474
41 0.850962 0.265234 0.0504808 0.0304688 0.0137405
45 0.442909 0.187305 0.0492788 0.0410156 0.0136871
0 0.168945 0.868555 0.196965 0.250391 0.0132751
44 0.71274 0.123145 0.0625 0.0482422 0.0132217
40 0.887019 0.165723 0.0504808 0.0412109 0.0132217
45 0.450721 0.233594 0.0552885 0.034375 0.0129242
39 0.360877 0.232422 0.0402644 0.0320312 0.0123367
44 0.24399 0.719141 0.106971 0.0515625 0.0119629
41 0.865986 0.167578 0.0829327 0.0402344 0.0118256
40 0.941707 0.111914 0.0228365 0.0351562 0.0116882
44 0.907452 0.117188 0.0288462 0.0347656 0.0114212
43 0.602163 0.612891 0.223558 0.184375 0.0114212
40 0.802284 0.111719 0.0240385 0.0265625 0.0113754
41 0.75601 0.0571777 0.0324519 0.0366211 0.0111618
40 0.93149 0.143359 0.0504808 0.0792969 0.011116
44 0.759014 0.126953 0.0372596 0.0691406 0.0109482
40 0.728365 0.0410278 0.0456731 0.0704834 0.0108185
45 0.359375 0.231641 0.0444712 0.0335938 0.0106506
56 0.801683 0.50625 0.114183 0.242188 0.0105286
39 0.45012 0.232813 0.0588942 0.0382813 0.0103302
40 0.644231 0.107422 0.0408654 0.0324219 0.0100937
40 0.658654 0.0453003 0.0276442 0.0644775 0.00997162
45 0.939904 0.169336 0.0528846 0.0402344 0.00993347
60 0.822115 0.414062 0.0456731 0.05625 0.00971222
41 0.954327 0.0592285 0.0504808 0.0336914 0.00955963
45 0.409255 0.246875 0.0877404 0.00898437 0.00945282
40 0.861178 0.0487305 0.0372596 0.0548828 0.00923157
40 0.944111 0.169531 0.0625 0.0414063 0.00901794
54 0.71274 0.119922 0.0600962 0.0466797 0.00898743
0 0.734375 0.307422 0.173077 0.126563 0.00891876
40 0.921875 0.147266 0.0576923 0.078125 0.00881195
39 0.79988 0.163086 0.0396635 0.0417969 0.00878143
56 0.168945 0.868555 0.196965 0.250391 0.00878143
40 0.858774 0.0594727 0.0348558 0.0474609 0.00867462
39 0.448317 0.188086 0.0625 0.0449219 0.00867462
40 0.75601 0.103516 0.0216346 0.0251953 0.00861359
44 0.244591 0.707031 0.0552885 0.0234375 0.0085144
41 0.757212 0.0504883 0.0360577 0.0494141 0.0085144
41 0.971154 0.318359 0.0552885 0.0539063 0.00847626
41 0.321514 0.212891 0.0360577 0.0167969 0.00844574
44 0.75601 0.103516 0.0216346 0.0251953 0.00841522
40 0.810096 0.115234 0.0360577 0.0386719 0.00837708
56 0.822115 0.416797 0.0408654 0.0554687 0.00828552
41 0.779447 0.212109 0.0348558 0.0335938 0.00803375
56 0.113882 0.898438 0.221755 0.196875 0.00796509
44 0.449519 0.233594 0.0528846 0.034375 0.00793457
41 0.655649 0.215234 0.0612981 0.0601563 0.00790405
41 0.449519 0.195703 0.0625 0.0597656 0.00784302
40 0.867788 0.0488281 0.0408654 0.0597656 0.0078125
40 0.879808 0.146875 0.0793269 0.0789063 0.0077858
41 0.758413 0.178711 0.0336538 0.0128906 0.0077858
44 0.252404 0.707422 0.0649038 0.0265625 0.0077858
40 0.608173 0.0371094 0.0504808 0.0694336 0.00769424
41 0.644231 0.222656 0.0528846 0.0484375 0.00760651
41 0.480769 0.234375 0.0252404 0.03125 0.00760651
39 0.865385 0.305859 0.0408654 0.102344 0.00754929
60 0.821514 0.396875 0.0456731 0.0234375 0.00748825
56 0.92488 0.685156 0.15024 0.06875 0.00746155
56 0.359375 0.231641 0.0444712 0.0335938 0.00743103
41 0.477163 0.192773 0.0324519 0.0394531 0.00737381
44 0.772837 0.14375 0.0384615 0.078125 0.00734711
41 0.941707 0.111914 0.0228365 0.0351562 0.00717545
75 0.9375 0.168164 0.0504808 0.0425781 0.00703812
45 0.495192 0.233984 0.0456731 0.0328125 0.00695801
41 0.745192 0.164062 0.0504808 0.0429688 0.00677109
41 0.887019 0.165723 0.0504808 0.0412109 0.00677109
41 0.628606 0.234375 0.0264423 0.0242188 0.00677109
40 0.865385 0.305859 0.0408654 0.102344 0.00671768
44 0.799279 0.13916 0.0480769 0.0880859 0.00653839
40 0.480769 0.234375 0.0252404 0.03125 0.0064621
74 0.859375 0.12168 0.0600962 0.0402344 0.00636292
40 0.448317 0.188086 0.0625 0.0449219 0.00636292
75 0.448317 0.233203 0.0504808 0.0359375 0.00629044
45 0.858173 0.121875 0.0600962 0.0382813 0.00624084
44 0.858774 0.121875 0.0588942 0.0388672 0.00616837
39 0.462139 0.192236 0.0625 0.0483398 0.00616837
40 0.938101 0.154785 0.0348558 0.0390625 0.00609589
40 0.629207 0.108301 0.0300481 0.0355469 0.006073
40 0.353065 0.182764 0.0384615 0.0399414 0.00605011
40 0.462139 0.192236 0.0625 0.0483398 0.00605011
41 0.759014 0.126953 0.0372596 0.0691406 0.00593567
56 0.0186298 0.428906 0.0342548 0.127344 0.00591278
44 0.647236 0.192969 0.0276442 0.0304688 0.00588989
44 0.771034 0.13877 0.0492788 0.0787109 0.00584412
41 0.787861 0.664453 0.163462 0.0664062 0.00570679
40 0.45012 0.213281 0.0637019 0.075 0.00564194
39 0.352764 0.23125 0.0516827 0.0375 0.00547028
41 0.00939002 0.339648 0.01878 0.0523438 0.00544739
60 0.780048 0.280273 0.28125 0.188672 0.00542831
40 0.942308 0.126367 0.0288462 0.0626953 0.00538635
43 0.691106 0.657813 0.112981 0.0929688 0.00534439
75 0.855769 0.121094 0.0528846 0.0402344 0.00530243
41 0.644231 0.107422 0.0408654 0.0324219 0.00530243
40 0.651442 0.114063 0.0288462 0.0507812 0.00524139
40 0.789663 0.0495117 0.0384615 0.0486328 0.0051384
41 0.907452 0.117188 0.0288462 0.0347656 0.00508118
44 0.448317 0.188086 0.0625 0.0449219 0.0050621
44 0.865986 0.167578 0.0829327 0.0402344 0.00503922
27 0.258113 0.255273 0.0859375 0.0675781 0.00502014
40 0.728365 0.0585449 0.0384615 0.0387695 0.00494385
41 0.771034 0.13877 0.0492788 0.0787109 0.00494385
44 0.745192 0.164062 0.0504808 0.0429688 0.00494385
43 0.65625 0.620703 0.109375 0.110156 0.00488663
40 0.711538 0.139258 0.0625 0.0847656 0.00486755
32 0.450721 0.235352 0.0528846 0.0320312 0.00482941
44 0.896635 0.110449 0.0240385 0.0216797 0.00479126
41 0.74399 0.0605469 0.0264423 0.0337891 0.00469971
40 0.794471 0.0589844 0.0384615 0.0298828 0.00469971
40 0.841346 0.122949 0.0721154 0.0494141 0.00466537
40 0.686899 0.0558105 0.03125 0.0456055 0.00460815
44 0.899038 0.117578 0.0336538 0.0359375 0.0045929
56 0.45012 0.232813 0.0588942 0.0382813 0.0045929
40 0.61899 0.0411987 0.0420673 0.0664307 0.00455475
45 0.852163 0.16875 0.0552885 0.0417969 0.00450516
40 0.700721 0.0608398 0.0264423 0.0345703 0.00446701
40 0.8125 0.135449 0.0528846 0.0744141 0.00445175
40 0.00939002 0.339648 0.01878 0.0523438 0.00443268
44 0.754808 0.162695 0.0456731 0.0414063 0.00441742
40 0.778245 0.0413574 0.0324519 0.0628906 0.00439835
40 0.953726 0.0593262 0.0516827 0.0336914 0.00439835
44 0.914663 0.127441 0.0336538 0.0539063 0.00439835
56 0.0108173 0.400391 0.0216346 0.0671875 0.00439835
44 0.9375 0.120801 0.03125 0.0480469 0.00436401
44 0.650841 0.129785 0.0336538 0.0802734 0.00421524
67 0.478365 0.196484 0.03125 0.0375 0.00416565
39 0.941707 0.111914 0.0228365 0.0351562 0.00416565
40 0.933894 0.168555 0.0600962 0.04375 0.00413513
13 0.802284 0.509375 0.117788 0.228125 0.00407028
32 0.495192 0.233984 0.0456731 0.0328125 0.00399017
41 0.00886418 0.349219 0.016226 0.0359375 0.00392914
43 0.680889 0.647656 0.0829327 0.110937 0.00392914
44 0.653846 0.163281 0.0288462 0.0773438 0.00391388
56 0.81851 0.411719 0.0504808 0.0632813 0.00390053
40 0.86899 0.0630859 0.0384615 0.0472656 0.00385475
39 0.00939002 0.339648 0.01878 0.0523438 0.00383949
41 0.892428 0.167969 0.0420673 0.0359375 0.00379562
39 0.855769 0.121094 0.0528846 0.0402344 0.00376511
40 0.650841 0.129785 0.0336538 0.0802734 0.00376511
56 0.0489784 0.8625 0.0955529 0.103125 0.00374985
41 0.803486 0.0569336 0.0408654 0.0384766 0.0037365
44 0.665865 0.194141 0.0456731 0.0199219 0.00362206
40 0.807692 0.163086 0.0625 0.0421875 0.00359344
44 0.910457 0.112012 0.0216346 0.0240234 0.00358009
56 0.743389 0.319531 0.186298 0.140625 0.00358009
44 0.8125 0.135449 0.0528846 0.0744141 0.00356483
44 0.936899 0.129102 0.0336538 0.065625 0.00355148
40 0.780048 0.2125 0.0324519 0.0359375 0.00353813
69 0.432692 0.2875 0.139423 0.0867188 0.00353813
49 0.355769 0.232422 0.0528846 0.0382813 0.00352478
43 0.635817 0.641406 0.0552885 0.0734375 0.00351143
56 0.0250901 0.440625 0.0465745 0.149219 0.00348282
60 0 0.905469 0 0.189063 0.00346947
42 0.602163 0.612891 0.223558 0.184375 0.00342941
71 0.409255 0.248047 0.0949519 0.0109375 0.00341606
44 0.801082 0.136328 0.0360577 0.0796875 0.00340271
39 0.239483 0.764844 0.117788 0.0953125 0.00340271
56 0.00901442 0.384766 0.0174279 0.0390625 0.00337601
56 0.0608474 0.596484 0.0832332 0.261719 0.00337601
43 0.645433 0.646094 0.0673077 0.065625 0.00332451
49 0.495192 0.233984 0.0456731 0.0328125 0.00329781
40 0.647236 0.0574219 0.0216346 0.0398437 0.00328636
44 0.360877 0.232422 0.0402644 0.0320312 0.00325966
44 0.808894 0.119238 0.0456731 0.0541016 0.00323486
45 0.321514 0.212891 0.0360577 0.0167969 0.00323486
41 0.789663 0.211328 0.03125 0.0351562 0.00323486
40 0.659856 0.0584961 0.0240385 0.0386719 0.00322342
39 0.477163 0.192773 0.0324519 0.0394531 0.00322342
40 0.729567 0.0504883 0.0432692 0.0533203 0.00318527
41 0.665865 0.194141 0.0456731 0.0199219 0.00318527
41 0.777644 0.201563 0.0360577 0.0300781 0.00317192
41 0.772837 0.14375 0.0384615 0.078125 0.00314713
40 0.333233 0.186328 0.0444712 0.0457031 0.00314713
54 0.711538 0.169531 0.0625 0.0398437 0.00314713
41 0.755409 0.100391 0.0216346 0.0199219 0.00312424
42 0.539663 0.614844 0.370192 0.179688 0.00312424
44 0.805288 0.162598 0.0552885 0.0419922 0.00311089
41 0.770433 0.0567871 0.0384615 0.0418945 0.00309944
41 0.936298 0.15498 0.03125 0.025 0.00309944
44 0.802284 0.111719 0.0240385 0.0265625 0.0030632
60 0.776442 0.228125 0.293269 0.0835937 0.0030632
41 0.950721 0.162891 0.0673077 0.0582031 0.00300407
42 0.244591 0.707031 0.0552885 0.0234375 0.00300407
41 0.699519 0.0999023 0.0240385 0.0162109 0.00299263
41 0.899038 0.117578 0.0336538 0.0359375 0.00299263
44 0.698317 0.158398 0.0372596 0.0554687 0.00299263
60 0.00901442 0.384766 0.0174279 0.0390625 0.00293541
60 0.804087 0.938281 0.389423 0.117188 0.00292397
67 0.666466 0.633984 0.117788 0.132812 0.00291252
60 0.413462 0.709766 0.539663 0.182031 0.00288963
56 0.198317 0.89375 0.241587 0.209375 0.00284576
0 0.354567 0.232031 0.0552885 0.0382813 0.00281143
40 0.848558 0.137598 0.0721154 0.071875 0.00281143
55 0.66887 0.77793 0.645433 0.234766 0.975586
60 0.528846 0.80918 0.938702 0.375391 0.9375
0 0.911659 0.416504 0.176683 0.529492 0.936523
0 0.197115 0.40625 0.367788 0.69375 0.935059
56 0.394832 0.648828 0.376202 0.103906 0.917969
0 0.588341 0.375684 0.472356 0.583008 0.882324
56 0.10607 0.948438 0.204327 0.1 0.876465
43 0.667067 0.632812 0.120192 0.1375 0.818848
41 0.495192 0.234375 0.0456731 0.0320312 0.759277
41 0.711538 0.16875 0.0600962 0.0402344 0.71875
41 0.239183 0.7625 0.116587 0.09375 0.695801
41 0.45012 0.233789 0.0516827 0.0339844 0.607422
41 0.852163 0.168652 0.0552885 0.0380859 0.462891
41 0.939904 0.169336 0.0528846 0.0402344 0.418701
41 0.71274 0.120996 0.0625 0.0462891 0.299072
41 0.442909 0.18667 0.046875 0.0422852 0.282959
41 0.362981 0.233008 0.0396635 0.0320312 0.269043
40 0.807692 0.0573242 0.0336538 0.0400391 0.201782
40 0.859375 0.122363 0.0576923 0.0376953 0.167725
40 0.761418 0.0495972 0.0444712 0.0515869 0.160278
49 0.45012 0.233789 0.0516827 0.0339844 0.155029
41 0.352764 0.23125 0.0504808 0.0375 0.138916
40 0.805288 0.0494141 0.0372596 0.0291992 0.135742
41 0.799279 0.1625 0.0408654 0.0410156 0.135254
40 0.936899 0.129297 0.0336538 0.065625 0.13208
40 0.805288 0.0420776 0.0420673 0.0488525 0.131226
41 0.858774 0.121875 0.0588942 0.0390625 0.119629
40 0.907452 0.117188 0.0288462 0.0347656 0.118408
40 0.899038 0.117383 0.0336538 0.0359375 0.115173
45 0.711538 0.169238 0.0600962 0.0404297 0.0997925
40 0.913462 0.127539 0.0336538 0.0539063 0.0974121
40 0.753005 0.0505371 0.0480769 0.0508789 0.0960083
40 0.85637 0.168555 0.0625 0.0398437 0.0875854
44 0.711538 0.168164 0.0600962 0.0402344 0.0856934
40 0.799279 0.1625 0.0408654 0.0410156 0.0797729
39 0.847356 0.310547 0.0757212 0.11875 0.0761108
41 0.933894 0.166992 0.0372596 0.04375 0.0718384
40 0.75601 0.0569336 0.0324519 0.0369141 0.0710449
40 0.71274 0.122266 0.0625 0.0472656 0.0600891
40 0.664663 0.040332 0.0408654 0.0712891 0.0596619
40 0.800481 0.137109 0.0360577 0.08125 0.0583496
40 0.771635 0.139063 0.0480769 0.0792969 0.0574951
40 0.644231 0.0430176 0.0336538 0.0651367 0.0566406
40 0.759014 0.127344 0.0372596 0.0695313 0.0541992
40 0.683894 0.0407227 0.0348558 0.0695313 0.0538025
40 0.784856 0.161816 0.0504808 0.0419922 0.0499573
0 0.911659 0.520215 0.174279 0.32207 0.0492249
41 0.711538 0.13916 0.0625 0.0845703 0.0488586
40 0.847356 0.165234 0.0552885 0.0433594 0.0481262
41 0.46875 0.229297 0.0336538 0.0304688 0.0469055
40 0.936298 0.167383 0.0432692 0.0417969 0.0460205
40 0.9375 0.120898 0.03125 0.0482422 0.0433655
45 0.786058 0.664453 0.165865 0.0671875 0.0423889
40 0.770433 0.0565918 0.0384615 0.0420898 0.0417786
45 0.713341 0.121094 0.0625 0.0460938 0.0417786
75 0.852163 0.167773 0.0576923 0.0410156 0.0411377
40 0.627404 0.0473755 0.0432692 0.0556397 0.0375977
60 0.92488 0.684766 0.15024 0.0695313 0.0368958
40 0.753606 0.140625 0.0552885 0.0871094 0.0342407
40 0.956731 0.0401367 0.0540865 0.0763672 0.0332031
40 0.83774 0.0463867 0.0360577 0.0613281 0.032959
39 0.852163 0.168652 0.0552885 0.0380859 0.0324707
40 0.780649 0.151758 0.0444712 0.0609375 0.0303345
39 0.9375 0.168164 0.0504808 0.0425781 0.0294189
40 0.895433 0.121289 0.0336538 0.0417969 0.0287628
41 0.323918 0.223828 0.0420673 0.0339844 0.0263519
41 0.876202 0.260938 0.0240385 0.0273438 0.0261536
40 0.450721 0.232813 0.0576923 0.0382813 0.0259552
40 0.696514 0.0395996 0.0420673 0.0727539 0.0258636
42 0.66226 0.633594 0.112981 0.139063 0.0257568
41 0.78125 0.163672 0.0456731 0.0410156 0.0256653
44 0.851563 0.168945 0.0552885 0.0382813 0.0244293
40 0.854567 0.0485352 0.0288462 0.0568359 0.0234222
41 0.857572 0.263672 0.0420673 0.0265625 0.0232391
41 0.759014 0.137891 0.0492788 0.0859375 0.0227966
43 0.688101 0.638281 0.153846 0.15 0.0210419
40 0.838942 0.0574219 0.0336538 0.0505859 0.0208893
40 0.856971 0.145215 0.0649038 0.0830078 0.0207214
43 0.579327 0.627344 0.295673 0.154688 0.0200958
41 0.754808 0.162695 0.0456731 0.0414063 0.0200195
40 0.910457 0.111914 0.0216346 0.0238281 0.0195007
67 0.239183 0.7625 0.116587 0.09375 0.0191956
40 0.896635 0.110547 0.0240385 0.021875 0.0180511
40 0.810096 0.155176 0.0576923 0.0568359 0.0179901
49 0.362981 0.233008 0.0396635 0.0320312 0.0179901
41 0.805288 0.0494141 0.0372596 0.0291992 0.0179138
40 0.647837 0.0488281 0.0240385 0.05625 0.0177765
40 0.899639 0.163672 0.0625 0.046875 0.0177765
41 0.807692 0.163281 0.0625 0.0421875 0.0176392
40 0.754808 0.162695 0.0456731 0.0414063 0.0173798
0 0.848558 0.313672 0.0769231 0.132031 0.0170441
13 0.104567 0.946875 0.205529 0.103125 0.0170441
41 0.46274 0.192236 0.0600962 0.0483398 0.0165863
39 0.495192 0.234375 0.0456731 0.0320312 0.0162201
40 0.74399 0.0607422 0.0264423 0.0333984 0.0157776
40 0.792067 0.14082 0.0612981 0.0839844 0.0154266
40 0.935697 0.155078 0.03125 0.025 0.0153656
43 0.539663 0.613281 0.370192 0.18125 0.0152512
40 0.808894 0.120117 0.046875 0.0558594 0.0150757
40 0.810096 0.0381348 0.0432692 0.0522461 0.0149002
41 0.647236 0.192969 0.0276442 0.0304688 0.0144501
44 0.657452 0.119824 0.0240385 0.0564453 0.014389
44 0.701923 0.168848 0.0432692 0.0412109 0.014389
0 0.16857 0.870117 0.195312 0.250391 0.014389
40 0.887019 0.16582 0.0504808 0.0410156 0.0142822
40 0.712139 0.169531 0.0612981 0.0398437 0.0141754
44 0.759014 0.137891 0.0492788 0.0859375 0.0137405
40 0.800481 0.134082 0.0528846 0.0845703 0.0134277
44 0.711538 0.13916 0.0625 0.0845703 0.0132751
45 0.442909 0.187061 0.0492788 0.0407227 0.0132217
75 0.710938 0.169043 0.0600962 0.0412109 0.0131226
41 0.850962 0.26543 0.0504808 0.0304688 0.0129242
44 0.71274 0.123145 0.0625 0.0482422 0.0127716
39 0.360877 0.232422 0.0396635 0.0320312 0.0126724
45 0.450721 0.233594 0.0552885 0.034375 0.0125275
40 0.942308 0.111914 0.0240385 0.0351562 0.0123825
44 0.244591 0.71875 0.106971 0.0515625 0.0120544
40 0.93149 0.143262 0.0504808 0.0798828 0.0120544
40 0.728966 0.0410645 0.0456731 0.0704102 0.0117798
44 0.907452 0.117188 0.0288462 0.0347656 0.0117798
40 0.644231 0.107422 0.0408654 0.0324219 0.011734
40 0.801683 0.111914 0.0240385 0.0265625 0.0115051
56 0.801683 0.50625 0.114183 0.242969 0.0110703
44 0.759014 0.127344 0.0372596 0.0695313 0.0109482
41 0.865385 0.167578 0.0817308 0.0402344 0.0105286
40 0.658654 0.0454224 0.0264423 0.0642334 0.0104904
39 0.450721 0.232813 0.0576923 0.0382813 0.0104065
43 0.603966 0.6125 0.21875 0.184375 0.0104065
45 0.359375 0.231641 0.0444712 0.0335938 0.0101318
0 0.734375 0.307617 0.170673 0.126563 0.0101318
41 0.779447 0.2125 0.0348558 0.0335938 0.0100555
60 0.822115 0.414062 0.0456731 0.05625 0.00993347
41 0.75601 0.0569336 0.0324519 0.0369141 0.00993347
40 0.861178 0.0487305 0.0372596 0.0552734 0.00978088
41 0.971154 0.318359 0.0552885 0.0539063 0.00959778
40 0.921875 0.14707 0.0576923 0.0785156 0.00955963
40 0.944111 0.169531 0.0625 0.0414063 0.00952148
45 0.939904 0.169336 0.0528846 0.0402344 0.00952148
40 0.858774 0.0594727 0.0348558 0.0474609 0.00937653
40 0.75601 0.103906 0.0216346 0.0259766 0.00926971
56 0.16857 0.870117 0.195312 0.250391 0.00919342
40 0.608173 0.0371948 0.0492788 0.0695557 0.00908661
45 0.409255 0.246875 0.0877404 0.00898437 0.00898743
40 0.867788 0.048877 0.0408654 0.0598633 0.0088501
40 0.879808 0.146875 0.078125 0.0789063 0.00881195
56 0.92488 0.684766 0.15024 0.0695313 0.00878143
39 0.79988 0.163086 0.0384615 0.0417969 0.00871277
39 0.447716 0.188086 0.0612981 0.0449219 0.00871277
54 0.71274 0.119922 0.0600962 0.0466797 0.0086441
40 0.810096 0.115527 0.0360577 0.0390625 0.00861359
56 0.822115 0.416406 0.0408654 0.05625 0.00857544
41 0.321214 0.212891 0.0354567 0.0167969 0.0085144
41 0.954327 0.0592773 0.0504808 0.0337891 0.00847626
41 0.655048 0.215234 0.0600962 0.0601563 0.00847626
44 0.75601 0.103906 0.0216346 0.0259766 0.00834656
44 0.244591 0.707031 0.0540865 0.0242188 0.00831604
41 0.644832 0.222266 0.0540865 0.0492188 0.00815582
41 0.758413 0.178906 0.0336538 0.0125 0.00803375
41 0.757212 0.0503906 0.0360577 0.0492188 0.00796509
41 0.480769 0.234375 0.0240385 0.03125 0.00790405
41 0.449519 0.195361 0.0625 0.0592773 0.00775528
41 0.477163 0.19292 0.03125 0.0391602 0.00763702
60 0.821514 0.397656 0.0456731 0.025 0.00754929
44 0.449519 0.233594 0.0528846 0.0339844 0.00748825
75 0.9375 0.168164 0.0504808 0.0425781 0.00743103
56 0.114183 0.898438 0.222957 0.196875 0.00737381
74 0.859375 0.121484 0.0600962 0.0402344 0.00723267
39 0.865385 0.305664 0.0408654 0.101953 0.00720596
40 0.480769 0.234375 0.0240385 0.03125 0.00720596
56 0.359375 0.231641 0.0444712 0.0335938 0.00712204
44 0.773438 0.143359 0.0384615 0.0789063 0.00709534
45 0.495192 0.233789 0.0456731 0.0328125 0.0068512
41 0.628606 0.23418 0.0264423 0.0242188 0.00679779
41 0.745192 0.164062 0.0516827 0.0429688 0.00671768
44 0.799279 0.139063 0.046875 0.0882813 0.00661469
41 0.942308 0.111914 0.0240385 0.0351562 0.00661469
40 0.629808 0.108203 0.0288462 0.0355469 0.00653839
40 0.938702 0.15498 0.0336538 0.0394531 0.00653839
41 0.887019 0.16582 0.0504808 0.0410156 0.00653839
40 0.353065 0.182764 0.0378606 0.0399414 0.00651169
75 0.448317 0.233203 0.0504808 0.0359375 0.00651169
40 0.865385 0.305664 0.0408654 0.101953 0.00651169
40 0.447716 0.188086 0.0612981 0.0449219 0.00643921
56 0.0189303 0.429297 0.0348558 0.127344 0.00629044
39 0.46274 0.192236 0.0600962 0.0483398 0.00624084
40 0.46274 0.192236 0.0600962 0.0483398 0.00621796
44 0.647236 0.192969 0.0276442 0.0304688 0.00612259
41 0.759014 0.127344 0.0372596 0.0695313 0.00595856
44 0.858774 0.121875 0.0588942 0.0390625 0.00591278
41 0.787861 0.664062 0.163462 0.065625 0.00584412
40 0.652043 0.114746 0.0288462 0.0519531 0.00566483
40 0.449519 0.213672 0.0625 0.0742188 0.00566483
40 0.942308 0.126465 0.0276442 0.0628906 0.00564194
39 0.352764 0.23125 0.0504808 0.0375 0.00559998
45 0.858173 0.121875 0.0600962 0.0384766 0.00553513
40 0.61899 0.0413208 0.0420673 0.0663818 0.00547028
75 0.855769 0.121094 0.0528846 0.0402344 0.00544739
43 0.691106 0.657813 0.112981 0.0929688 0.00542831
40 0.789663 0.0495117 0.0384615 0.0485352 0.00542831
41 0.0093149 0.339844 0.0186298 0.0523438 0.00534439
40 0.727764 0.0587891 0.0372596 0.0382813 0.00526047
41 0.644231 0.107422 0.0408654 0.0324219 0.00521851
40 0.686899 0.0557617 0.03125 0.0455078 0.00516129
40 0.8125 0.135937 0.0528846 0.0777344 0.00511932
44 0.447716 0.188086 0.0612981 0.0449219 0.00511932
40 0.711538 0.13916 0.0625 0.0845703 0.00510025
60 0.780048 0.280273 0.278846 0.188672 0.00510025
40 0.700721 0.0610352 0.0264423 0.0341797 0.0050621
44 0.745192 0.164062 0.0516827 0.0429688 0.00502014
44 0.896635 0.110547 0.0240385 0.021875 0.00494385
43 0.65625 0.620703 0.109375 0.110156 0.00494385
40 0.840144 0.123828 0.0721154 0.0513672 0.00488663
44 0.865385 0.167578 0.0817308 0.0402344 0.00484848
44 0.899038 0.117383 0.0336538 0.0359375 0.00482941
32 0.450721 0.235352 0.0528846 0.0320312 0.00479126
40 0.795072 0.0588867 0.0396635 0.0298828 0.00479126
41 0.771635 0.139063 0.0480769 0.0792969 0.00466537
41 0.907452 0.117188 0.0288462 0.0347656 0.0046463
44 0.9375 0.120898 0.03125 0.0482422 0.00462723
40 0.778245 0.041394 0.0324519 0.062915 0.00457382
27 0.257812 0.255469 0.0853365 0.0675781 0.00455475
41 0.74399 0.0607422 0.0264423 0.0333984 0.00453949
40 0.953726 0.0593262 0.0516827 0.0336914 0.00450516
40 0.780048 0.212695 0.0324519 0.0351562 0.00446701
44 0.754808 0.162695 0.0456731 0.0414063 0.00441742
56 0.0108173 0.400391 0.0216346 0.0679687 0.00438309
56 0.0489784 0.8625 0.0955529 0.103125 0.00438309
44 0.913462 0.127539 0.0336538 0.0539063 0.00432968
40 0.86899 0.0632813 0.0384615 0.046875 0.00428009
40 0.0093149 0.339844 0.0186298 0.0523438 0.00428009
13 0.802284 0.509766 0.117788 0.228906 0.00428009
56 0.450721 0.232813 0.0576923 0.0382813 0.00426483
44 0.653846 0.163477 0.0288462 0.0773438 0.00424957
44 0.651442 0.129883 0.0336538 0.0804688 0.0042305
45 0.852163 0.16875 0.0552885 0.0417969 0.0042305
40 0.933894 0.168555 0.0600962 0.04375 0.0042305
56 0.81851 0.411719 0.0504808 0.0632813 0.00419998
67 0.478365 0.196484 0.03125 0.0371094 0.00418091
40 0.651442 0.129883 0.0336538 0.0804688 0.00407028
41 0.789663 0.211328 0.03125 0.0339844 0.00403976
32 0.495192 0.233789 0.0456731 0.0328125 0.00400543
39 0.0093149 0.339844 0.0186298 0.0523438 0.00400543
44 0.665264 0.193945 0.0444712 0.0199219 0.00397491
43 0.680288 0.647656 0.0817308 0.110937 0.00395966
39 0.942308 0.111914 0.0240385 0.0351562 0.0039444
69 0.432692 0.2875 0.139423 0.0867188 0.00382423
41 0.00871394 0.35 0.0159255 0.034375 0.00380898
44 0.910457 0.111914 0.0216346 0.0238281 0.00378036
44 0.936899 0.129297 0.0336538 0.065625 0.00378036
41 0.777644 0.201953 0.0348558 0.0308594 0.00374985
40 0.647236 0.057373 0.0216346 0.0399414 0.0037365
44 0.8125 0.135937 0.0528846 0.0777344 0.00370789
41 0.892428 0.167969 0.0408654 0.0359375 0.00369263
49 0.355469 0.232422 0.0522837 0.0382813 0.00367928
56 0.0252404 0.440723 0.046875 0.149805 0.00367928
56 0.74399 0.319336 0.185096 0.141016 0.00362206
40 0.659856 0.0584961 0.0240385 0.0386719 0.00356483
39 0.855769 0.121094 0.0528846 0.0402344 0.00351143
56 0.00901442 0.384766 0.0174279 0.0390625 0.00351143
39 0.239784 0.764844 0.117788 0.0953125 0.00351143
40 0.807692 0.163281 0.0625 0.0421875 0.00345612
43 0.635817 0.641797 0.0540865 0.0726563 0.00345612
71 0.409255 0.248047 0.0949519 0.0113281 0.00340271
41 0.804087 0.0568359 0.0408654 0.0384766 0.00337601
40 0.333534 0.186328 0.0444712 0.0453125 0.00337601
41 0.665264 0.193945 0.0444712 0.0199219 0.00332451
45 0.321214 0.212891 0.0354567 0.0167969 0.00331116
60 0 0.906641 0 0.186719 0.00329781
39 0.477163 0.19292 0.03125 0.0391602 0.00328636
43 0.645433 0.646094 0.0673077 0.065625 0.00325966
40 0.729567 0.0504883 0.0420673 0.0533203 0.00323486
44 0.808894 0.120117 0.046875 0.0558594 0.00323486
60 0.804087 0.938281 0.389423 0.117188 0.00322342
49 0.495192 0.233789 0.0456731 0.0328125 0.00321007
41 0.699519 0.0998047 0.0228365 0.0160156 0.00316048
56 0.0608474 0.596094 0.0832332 0.260938 0.00316048
42 0.603966 0.6125 0.21875 0.184375 0.00314713
44 0.360877 0.232422 0.0396635 0.0320312 0.00311089
44 0.697716 0.158789 0.0360577 0.0546875 0.003088
60 0.415264 0.710156 0.534856 0.18125 0.0030632
41 0.755409 0.100391 0.0216346 0.0199219 0.00305176
40 0.65625 0.117578 0.0240385 0.0542969 0.00302696
44 0.804688 0.162695 0.0552885 0.0417969 0.00302696
41 0.950721 0.1625 0.0673077 0.0589844 0.00300407
60 0.00901442 0.384766 0.0174279 0.0390625 0.00300407
40 0.848558 0.138281 0.0733173 0.0734375 0.00300407
41 0.764423 0.2125 0.0396635 0.0359375 0.00298119
40 0.359375 0.231641 0.0444712 0.0335938 0.00298119
42 0.539663 0.613281 0.370192 0.18125 0.00298119
44 0.801683 0.111914 0.0240385 0.0265625 0.0029583
41 0.770433 0.0565918 0.0384615 0.0420898 0.00293541
56 0.197416 0.89375 0.239784 0.209375 0.00293541
41 0.935697 0.155078 0.03125 0.025 0.00291252
44 0.647837 0.163086 0.0360577 0.0859375 0.00290108
42 0.244591 0.707031 0.0540865 0.0242188 0.00288963
40 0.627404 0.115918 0.0300481 0.0369141 0.00286674
41 0.899038 0.117383 0.0336538 0.0359375 0.00286674
40 0.459135 0.217188 0.0721154 0.0664062 0.00284576
39 0.00871394 0.35 0.0159255 0.034375 0.00279999
67 0.666466 0.633984 0.117788 0.132812 0.00279999
55 0.66887 0.77793 0.644231 0.234766 0.975586
60 0.528696 0.80918 0.937801 0.375391 0.937012
0 0.911659 0.416504 0.176683 0.529492 0.936035
0 0.197191 0.406641 0.367638 0.694531 0.935059
56 0.394381 0.648828 0.3747 0.103906 0.91748
0 0.588792 0.375391 0.471454 0.582812 0.883789
56 0.10637 0.948438 0.204327 0.1 0.876465
43 0.667067 0.632812 0.120192 0.138281 0.822266
41 0.495192 0.234375 0.0456731 0.0320312 0.770508
41 0.711538 0.16875 0.0600962 0.0402344 0.715332
41 0.239183 0.7625 0.116587 0.0921875 0.704102
41 0.449519 0.233789 0.0528846 0.0339844 0.622559
41 0.852163 0.168848 0.0552885 0.0380859 0.462891
41 0.939904 0.169336 0.0528846 0.0402344 0.428223
41 0.71274 0.120996 0.0625 0.0462891 0.303955
41 0.362981 0.233008 0.0396635 0.0320312 0.29248
41 0.442909 0.186914 0.046875 0.0421875 0.286133
40 0.807692 0.057373 0.0336538 0.0399414 0.205566
40 0.859375 0.122461 0.0576923 0.0376953 0.174438
40 0.761418 0.0496582 0.0444712 0.0514648 0.164551
49 0.449519 0.233789 0.0528846 0.0339844 0.147095
40 0.9375 0.129199 0.0336538 0.0654297 0.145142
41 0.352163 0.23125 0.0504808 0.0375 0.145142
40 0.805288 0.0494141 0.0372596 0.0291016 0.138428
40 0.805288 0.0419922 0.0420673 0.0490234 0.132935
41 0.799279 0.1625 0.0408654 0.040625 0.132568
40 0.907452 0.117188 0.0288462 0.0347656 0.126831
40 0.899038 0.117578 0.0336538 0.0359375 0.125122
41 0.858774 0.121875 0.0588942 0.0388672 0.115967
45 0.712139 0.169238 0.0612981 0.0404297 0.104492
40 0.913462 0.127344 0.0324519 0.0539063 0.102295
40 0.753005 0.0505371 0.0480769 0.0506836 0.0980835
40 0.855769 0.168555 0.0625 0.0398437 0.0888062
44 0.711538 0.168164 0.0600962 0.0402344 0.0875854
40 0.799279 0.162012 0.0384615 0.0416016 0.0863037
41 0.932692 0.170117 0.0408654 0.0359375 0.0778198
40 0.75601 0.0570313 0.03125 0.0367188 0.0758667
39 0.847356 0.310547 0.0757212 0.11875 0.0713501
40 0.71274 0.122266 0.0625 0.0472656 0.0673218
40 0.663462 0.0403809 0.0408654 0.0713867 0.064209
40 0.800481 0.1375 0.0360577 0.0820312 0.0637207
40 0.771635 0.139258 0.0480769 0.0796875 0.0614319
40 0.644832 0.0431641 0.0324519 0.0648438 0.0605164
40 0.758413 0.127344 0.0360577 0.0699219 0.0587769
40 0.683894 0.0408081 0.0336538 0.0695557 0.0579224
0 0.911659 0.520312 0.174279 0.321875 0.0545959
40 0.784856 0.161719 0.0504808 0.0421875 0.0526123
40 0.9375 0.120801 0.03125 0.0478516 0.0492249
40 0.847356 0.165332 0.0552885 0.0431641 0.0492249
41 0.46875 0.229297 0.0336538 0.0304688 0.0483093
41 0.712139 0.137988 0.0625 0.0822266 0.0481262
40 0.936298 0.167383 0.0432692 0.0417969 0.0476074
40 0.799279 0.139063 0.0480769 0.0882813 0.0467224
40 0.771034 0.0566895 0.0372596 0.0420898 0.0433655
45 0.786058 0.664453 0.165865 0.0671875 0.0432129
40 0.627404 0.0475098 0.0420673 0.0553711 0.0414734
45 0.713341 0.120996 0.0625 0.0462891 0.0402527
75 0.852163 0.167773 0.0576923 0.0410156 0.0380249
40 0.753005 0.14043 0.0564904 0.0875 0.0374756
60 0.92488 0.684766 0.15024 0.0695313 0.0363464
40 0.956731 0.0401855 0.0540865 0.0762695 0.035553
40 0.83774 0.0464966 0.0360577 0.0613037 0.0350037
40 0.780649 0.151074 0.0444712 0.0623047 0.0324707
39 0.852163 0.168848 0.0552885 0.0380859 0.0314941
40 0.895433 0.121289 0.0336538 0.0417969 0.0305634
41 0.876202 0.260938 0.0240385 0.0273438 0.028656
41 0.323918 0.223828 0.0420673 0.0339844 0.0284424
40 0.696514 0.0396606 0.0420673 0.0728272 0.0283356
39 0.9375 0.168164 0.0504808 0.0425781 0.0278015
40 0.450721 0.232813 0.0576923 0.0382813 0.0272675
41 0.78125 0.163672 0.0444712 0.0410156 0.0263519
40 0.854567 0.048584 0.0288462 0.0569336 0.0254669
42 0.66226 0.633594 0.112981 0.139063 0.0253754
44 0.851563 0.169043 0.0552885 0.0380859 0.0249939
41 0.857572 0.263281 0.0420673 0.0265625 0.0237732
41 0.759014 0.138086 0.0492788 0.0863281 0.0236053
40 0.856971 0.145215 0.0649038 0.0830078 0.0227203
40 0.910457 0.112012 0.0216346 0.0240234 0.02211
40 0.839543 0.0575684 0.0336538 0.0504883 0.0213623
40 0.760817 0.138184 0.0504808 0.0798828 0.0211182
43 0.686298 0.637891 0.151442 0.149219 0.0207977
40 0.896635 0.110645 0.0240385 0.0222656 0.0199432
43 0.581731 0.627344 0.290865 0.154688 0.0199432
40 0.804688 0.162695 0.0552885 0.0417969 0.0198669
40 0.810096 0.154688 0.0576923 0.0578125 0.0192719
41 0.754808 0.162793 0.0456731 0.0416016 0.0188293
40 0.647837 0.0490234 0.0240385 0.0560547 0.018692
40 0.90024 0.163867 0.0612981 0.0464844 0.0181885
0 0.848558 0.313867 0.0757212 0.131641 0.018158
67 0.239183 0.7625 0.116587 0.0921875 0.0180511
40 0.754808 0.162793 0.0456731 0.0416016 0.0177765
49 0.362981 0.233008 0.0396635 0.0320312 0.0175171
41 0.808293 0.163184 0.0625 0.0419922 0.0172424
41 0.805288 0.0494141 0.0372596 0.0291016 0.016983
39 0.495192 0.234375 0.0456731 0.0320312 0.0167847
40 0.935697 0.154883 0.03125 0.0246094 0.0165253
40 0.743389 0.0612305 0.0264423 0.0324219 0.0164032
40 0.808894 0.120801 0.046875 0.0572266 0.0162811
13 0.104567 0.947656 0.205529 0.103125 0.0162811
40 0.810697 0.0381348 0.0444712 0.0522461 0.0157776
41 0.463942 0.192188 0.0600962 0.0480469 0.0157166
0 0.16857 0.870313 0.195312 0.25 0.0157166
43 0.540264 0.6125 0.367788 0.182812 0.0153656
44 0.701322 0.168848 0.0420673 0.0412109 0.0151291
44 0.657452 0.119824 0.0240385 0.0564453 0.0150146
41 0.647236 0.192969 0.0276442 0.0304688 0.0149002
40 0.887019 0.165723 0.0504808 0.0412109 0.0145035
40 0.712139 0.169531 0.0612981 0.0398437 0.0141144
40 0.942308 0.111719 0.0240385 0.0347656 0.0134811
44 0.759014 0.138086 0.0492788 0.0863281 0.0134277
44 0.712139 0.137988 0.0625 0.0822266 0.0131683
40 0.644231 0.107324 0.0408654 0.0322266 0.0131683
39 0.360877 0.232422 0.0396635 0.0320312 0.0131226
44 0.71274 0.123145 0.0625 0.0482422 0.0130692
41 0.850962 0.265234 0.0504808 0.0304688 0.0130692
40 0.93149 0.143164 0.0504808 0.0796875 0.0130234
45 0.442909 0.187061 0.0492788 0.0407227 0.0127716
44 0.244591 0.71875 0.106971 0.0507812 0.0124817
40 0.728365 0.0411133 0.0456731 0.0703125 0.0124283
45 0.450721 0.233594 0.0552885 0.034375 0.0123367
0 0.733774 0.307422 0.169471 0.126563 0.0123367
40 0.801683 0.111914 0.0240385 0.0265625 0.012291
44 0.907452 0.117188 0.0288462 0.0347656 0.0121002
75 0.710938 0.169141 0.0600962 0.0410156 0.0118713
41 0.971154 0.318359 0.0552885 0.0539063 0.0113297
40 0.658654 0.0456177 0.0264423 0.0638428 0.0108566
44 0.758413 0.127344 0.0360577 0.0699219 0.0107803
41 0.779447 0.2125 0.0348558 0.0328125 0.0107803
40 0.608173 0.0372559 0.0480769 0.0696289 0.0105286
60 0.822115 0.414062 0.0456731 0.05625 0.0105286
56 0.801683 0.50625 0.112981 0.242969 0.0104523
40 0.944111 0.169629 0.0625 0.0412109 0.0103683
40 0.75601 0.104102 0.0216346 0.0261719 0.0103302
39 0.450721 0.232813 0.0576923 0.0382813 0.0103302
40 0.921875 0.14707 0.0552885 0.0785156 0.0102921
40 0.861178 0.0487183 0.0360577 0.0552979 0.0102081
45 0.939904 0.169336 0.0528846 0.0402344 0.01017
40 0.858774 0.0597656 0.0348558 0.046875 0.0100555
43 0.608173 0.612109 0.210337 0.185156 0.0100098
40 0.867788 0.048877 0.0408654 0.0598633 0.00997162
41 0.865385 0.16748 0.0817308 0.0404297 0.00981903
40 0.879808 0.14668 0.0769231 0.0792969 0.00941467
40 0.810096 0.115723 0.0360577 0.0392578 0.00923157
45 0.359375 0.231641 0.0438702 0.0335938 0.00923157
56 0.92488 0.684766 0.15024 0.0695313 0.00919342
41 0.321514 0.212891 0.0360577 0.0171875 0.0091629
41 0.75601 0.0570313 0.03125 0.0367188 0.0091629
56 0.16857 0.870313 0.195312 0.25 0.0091629
39 0.79988 0.163086 0.0384615 0.0417969 0.00881195
41 0.655048 0.215234 0.0600962 0.0601563 0.00878143
56 0.822115 0.416406 0.0408654 0.05625 0.00874329
45 0.408504 0.246875 0.0868389 0.00859375 0.00871277
44 0.244591 0.707031 0.0540865 0.0242188 0.0086441
39 0.447716 0.188086 0.0612981 0.0449219 0.00854492
41 0.644832 0.222266 0.0540865 0.0492188 0.00854492
44 0.75601 0.104102 0.0216346 0.0261719 0.00847626
54 0.71274 0.119922 0.0600962 0.0464844 0.00847626
41 0.758413 0.179102 0.0336538 0.0121094 0.00834656
41 0.954327 0.0593262 0.0504808 0.0336914 0.00828552
60 0.821514 0.397656 0.0456731 0.025 0.00803375
41 0.480769 0.234375 0.0240385 0.0316406 0.00800323
40 0.352764 0.183008 0.0372596 0.0402344 0.00796509
41 0.477163 0.192969 0.03125 0.0390625 0.00790405
44 0.449519 0.233594 0.0528846 0.0335938 0.0078125
40 0.480769 0.234375 0.0240385 0.0316406 0.00766754
41 0.449519 0.195654 0.0625 0.0594727 0.00763702
74 0.859375 0.121484 0.0588942 0.0402344 0.00740433
75 0.9375 0.168164 0.0504808 0.0425781 0.00740433
41 0.757212 0.0504395 0.0360577 0.0491211 0.00740433
56 0.114183 0.898438 0.223558 0.196875 0.00734711
40 0.629808 0.108008 0.0288462 0.0355469 0.00728989
39 0.865385 0.305664 0.0408654 0.101953 0.00717545
56 0.359375 0.231641 0.0438702 0.0335938 0.00712204
41 0.628606 0.23418 0.0264423 0.0242188 0.00703812
40 0.938702 0.154297 0.0336538 0.0382813 0.00698471
40 0.865385 0.305664 0.0408654 0.101953 0.00695801
45 0.495192 0.233789 0.0456731 0.0328125 0.0069046
44 0.774038 0.143164 0.0384615 0.0792969 0.0068512
41 0.745192 0.164062 0.0528846 0.0429688 0.00671768
75 0.447716 0.233203 0.0492788 0.0359375 0.00671768
44 0.799279 0.139063 0.0480769 0.0882813 0.00669098
40 0.449519 0.195654 0.0625 0.0594727 0.00669098
56 0.0192308 0.429297 0.0351562 0.127344 0.0064888
40 0.652043 0.114844 0.0288462 0.0519531 0.00643921
41 0.942308 0.111719 0.0240385 0.0347656 0.00643921
40 0.463942 0.192188 0.0600962 0.0480469 0.00634003
40 0.61899 0.0415039 0.0408654 0.0660156 0.00629044
44 0.647236 0.192969 0.0276442 0.0304688 0.00626373
41 0.787861 0.664062 0.163462 0.065625 0.00621796
40 0.942308 0.126367 0.0264423 0.0626953 0.00619125
41 0.887019 0.165723 0.0504808 0.0412109 0.00612259
39 0.463942 0.192188 0.0600962 0.0480469 0.00609589
41 0.758413 0.127344 0.0360577 0.0699219 0.00602722
44 0.858774 0.121875 0.0588942 0.0388672 0.005867
40 0.811899 0.136133 0.0528846 0.0792969 0.00582123
40 0.45012 0.214062 0.0625 0.0734375 0.00579834
39 0.352163 0.23125 0.0504808 0.0375 0.00570679
40 0.686899 0.055957 0.03125 0.0453125 0.00566483
40 0.700721 0.0613281 0.0264423 0.0335938 0.00566483
43 0.691106 0.657813 0.111779 0.0921875 0.00566483
40 0.727163 0.0591797 0.0360577 0.0375 0.00557709
40 0.789663 0.0495117 0.0384615 0.0484375 0.00557709
40 0.712139 0.137988 0.0625 0.0822266 0.00548935
44 0.745192 0.164062 0.0528846 0.0429688 0.00547028
41 0.0093149 0.339844 0.0186298 0.0519531 0.00542831
44 0.447716 0.188086 0.0612981 0.0449219 0.00538635
75 0.855769 0.121094 0.0528846 0.0402344 0.00536346
45 0.409255 0.248047 0.0949519 0.0113281 0.00536346
44 0.896635 0.110645 0.0240385 0.0222656 0.00524139
45 0.858173 0.121875 0.0600962 0.0384766 0.00524139
40 0.839543 0.123926 0.0721154 0.0515625 0.00518036
43 0.65625 0.620313 0.109375 0.110937 0.00516129
41 0.644231 0.107324 0.0408654 0.0322266 0.00516129
27 0.258113 0.255469 0.0853365 0.0675781 0.00510025
40 0.953726 0.0593262 0.0516827 0.0336914 0.00508118
40 0.795072 0.0587891 0.0396635 0.0298828 0.00500107
44 0.9375 0.120801 0.03125 0.0478516 0.00496292
56 0.0489784 0.8625 0.0955529 0.103125 0.00494385
44 0.899038 0.117578 0.0336538 0.0359375 0.00492477
40 0.780048 0.2125 0.0324519 0.0351562 0.00492477
60 0.780048 0.280469 0.278846 0.188281 0.0049057
44 0.865385 0.16748 0.0817308 0.0404297 0.00488663
40 0.778846 0.0413574 0.0336538 0.0628906 0.00486755
40 0.86899 0.0635254 0.0384615 0.0463867 0.00481033
40 0.651442 0.130078 0.0324519 0.0808594 0.0045929
41 0.771635 0.139258 0.0480769 0.0796875 0.00450516
41 0.907452 0.117188 0.0288462 0.0347656 0.00450516
44 0.653846 0.163281 0.0288462 0.0777344 0.00450516
44 0.754808 0.162793 0.0456731 0.0416016 0.00446701
56 0.81851 0.411719 0.0504808 0.0632813 0.00443268
32 0.450721 0.235352 0.0528846 0.0320312 0.00441742
41 0.743389 0.0612305 0.0264423 0.0324219 0.00439835
40 0.0093149 0.339844 0.0186298 0.0519531 0.00438309
41 0.789663 0.211328 0.03125 0.0335938 0.00436401
44 0.651442 0.130078 0.0324519 0.0808594 0.00432968
44 0.913462 0.127344 0.0324519 0.0539063 0.00432968
40 0.934495 0.168555 0.0612981 0.04375 0.00431442
44 0.665865 0.193945 0.0432692 0.0199219 0.00429916
56 0.0108173 0.400391 0.0216346 0.0679687 0.00424957
13 0.802284 0.509766 0.117788 0.228906 0.00416565
40 0.647236 0.0574219 0.0216346 0.0398437 0.00413513
45 0.852163 0.16875 0.0552885 0.0417969 0.00413513
67 0.478365 0.196484 0.03125 0.0371094 0.0041008
39 0.0093149 0.339844 0.0186298 0.0519531 0.0041008
44 0.910457 0.112012 0.0216346 0.0240234 0.00407028
43 0.680288 0.647656 0.0817308 0.110937 0.00403976
44 0.9375 0.129199 0.0336538 0.0654297 0.00399017
39 0.942308 0.111719 0.0240385 0.0347656 0.0039444
40 0.333534 0.186328 0.0444712 0.0457031 0.00392914
41 0.777644 0.201953 0.0336538 0.0308594 0.00392914
56 0.450721 0.232813 0.0576923 0.0382813 0.00392914
40 0.659856 0.0585938 0.0228365 0.0384766 0.00388527
41 0.00871394 0.350391 0.0159255 0.0335938 0.00388527
56 0.743389 0.319531 0.185096 0.140625 0.00388527
32 0.496394 0.235547 0.0456731 0.0304688 0.00385475
56 0.0255409 0.442188 0.047476 0.152344 0.00385475
44 0.811899 0.136133 0.0528846 0.0792969 0.00383949
69 0.432843 0.2875 0.139123 0.0867188 0.00362206
41 0.892428 0.167969 0.0408654 0.0359375 0.00356483
43 0.635817 0.641797 0.0540865 0.0726563 0.00356483
49 0.355469 0.232422 0.0522837 0.0382813 0.00353813
39 0.239784 0.764844 0.117788 0.0953125 0.00352478
41 0.665865 0.193945 0.0432692 0.0199219 0.00351143
56 0.00901442 0.384766 0.0174279 0.0390625 0.00349617
40 0.65625 0.117578 0.0240385 0.0542969 0.00345612
71 0.409255 0.248047 0.0949519 0.0113281 0.00341606
39 0.477163 0.192969 0.03125 0.0390625 0.00338936
45 0.321514 0.212891 0.0360577 0.0171875 0.00336266
41 0.699519 0.0998047 0.0228365 0.0160156 0.00335121
60 0.804087 0.938281 0.389423 0.117188 0.00332451
44 0.800481 0.1375 0.0360577 0.0820312 0.00331116
43 0.645433 0.646094 0.0673077 0.065625 0.00331116
40 0.359375 0.231641 0.0438702 0.0335938 0.00331116
60 0 0.907422 0 0.185156 0.00329781
40 0.729567 0.0505737 0.0408654 0.0531494 0.00328636
39 0.855769 0.121094 0.0528846 0.0402344 0.00325966
44 0.808894 0.120801 0.046875 0.0572266 0.00325966
41 0.764423 0.212305 0.0396635 0.0359375 0.00325966
41 0.802885 0.0569336 0.0408654 0.0384766 0.00321007
44 0.697716 0.158398 0.0360577 0.0550781 0.00318527
41 0.95012 0.162305 0.0661058 0.059375 0.00318527
40 0.627404 0.115723 0.0300481 0.0365234 0.00317192
60 0.00901442 0.384766 0.0174279 0.0390625 0.00317192
44 0.360877 0.232422 0.0396635 0.0320312 0.00316048
60 0.416466 0.710547 0.527644 0.178906 0.00311089
44 0.652644 0.172266 0.0300481 0.0578125 0.00309944
40 0.847356 0.138281 0.0721154 0.0734375 0.00309944
49 0.495192 0.233789 0.0456731 0.0328125 0.0030632
56 0.0609976 0.595313 0.0823317 0.259375 0.0030632
40 0.746394 0.0431641 0.0504808 0.06875 0.00302696
41 0.755409 0.100391 0.0216346 0.0197266 0.00302696
40 0.639423 0.101758 0.0360577 0.0369141 0.00300407
42 0.608173 0.612109 0.210337 0.185156 0.00300407
44 0.804688 0.162695 0.0552885 0.0417969 0.00298119
40 0.459736 0.217188 0.0721154 0.0664062 0.00298119
13 0.0854117 0.541016 0.158504 0.348438 0.00298119
44 0.647837 0.163086 0.0360577 0.0859375 0.0029583
42 0.244591 0.707031 0.0540865 0.0242188 0.0029583
42 0.540264 0.6125 0.367788 0.182812 0.00294685
44 0.801683 0.111914 0.0240385 0.0265625 0.00293541
55 0.66887 0.77793 0.644231 0.234766 0.976074
0 0.196815 0.406641 0.367188 0.694531 0.935547
0 0.911058 0.416406 0.177885 0.528906 0.93457
60 0.529447 0.80918 0.938702 0.375391 0.93457
56 0.394231 0.648828 0.375 0.103906 0.911133
0 0.588341 0.375098 0.471154 0.582617 0.883789
56 0.10637 0.948438 0.203125 0.1 0.874023
43 0.666466 0.632812 0.120192 0.138281 0.830078
41 0.495192 0.234375 0.0456731 0.0320312 0.779785
41 0.711538 0.16875 0.0600962 0.040625 0.71875
41 0.239183 0.7625 0.116587 0.0921875 0.695801
41 0.449519 0.233594 0.0504808 0.0335938 0.629883
41 0.852163 0.16875 0.0552885 0.0382813 0.466797
41 0.939904 0.169336 0.0528846 0.0402344 0.434082
41 0.362981 0.233008 0.0396635 0.0320312 0.319092
41 0.71274 0.120898 0.0625 0.0464844 0.310791
41 0.442909 0.18667 0.046875 0.0422852 0.294189
40 0.807692 0.0573242 0.0336538 0.0398437 0.217285
40 0.859375 0.122461 0.0576923 0.0376953 0.184814
40 0.762019 0.0496216 0.0432692 0.0515381 0.168823
40 0.936899 0.129297 0.0324519 0.065625 0.153076
40 0.805288 0.0417847 0.0420673 0.0494385 0.147095
40 0.805288 0.0494141 0.0372596 0.0289063 0.146118
41 0.352163 0.23125 0.0492788 0.0375 0.146118
40 0.899038 0.117578 0.0336538 0.0359375 0.136597
40 0.907452 0.117188 0.0288462 0.0351562 0.134766
49 0.449519 0.233594 0.0504808 0.0335938 0.133911
41 0.799279 0.1625 0.0408654 0.040625 0.13208
41 0.858774 0.121875 0.0588942 0.0388672 0.112427
45 0.712139 0.169238 0.0612981 0.0404297 0.108215
40 0.913462 0.127539 0.03125 0.0539063 0.107422
40 0.752404 0.0504883 0.0480769 0.0507812 0.102295
40 0.855769 0.168555 0.0625 0.0398437 0.0939941
44 0.711538 0.168359 0.0600962 0.0402344 0.092041
40 0.799279 0.162012 0.0384615 0.0416016 0.0888062
40 0.75601 0.0568848 0.03125 0.0370117 0.0856934
41 0.932091 0.17002 0.0396635 0.0361328 0.085083
40 0.663462 0.0404175 0.0396635 0.0713135 0.076416
40 0.645433 0.0432617 0.03125 0.0648438 0.0715942
40 0.71274 0.122266 0.0625 0.0474609 0.0715942
40 0.683894 0.0408203 0.0336538 0.0695313 0.0661011
40 0.800481 0.137891 0.0360577 0.0828125 0.0661011
39 0.847356 0.310547 0.0757212 0.11875 0.0648804
40 0.771635 0.139453 0.046875 0.0796875 0.0632324
0 0.911058 0.520312 0.175481 0.321875 0.0605164
40 0.758413 0.127539 0.0360577 0.0699219 0.0596619
40 0.784255 0.161719 0.0492788 0.0421875 0.0545959
40 0.847356 0.165234 0.0552885 0.0433594 0.0526123
40 0.936899 0.120801 0.0300481 0.0478516 0.0518494
41 0.46875 0.229492 0.0336538 0.0304688 0.0495911
40 0.627404 0.0476074 0.0408654 0.0551758 0.0488586
40 0.936298 0.167383 0.0432692 0.0417969 0.0488586
41 0.712139 0.137793 0.0625 0.0818359 0.0477905
40 0.771034 0.056543 0.0372596 0.0421875 0.0460205
45 0.786058 0.664062 0.165865 0.0671875 0.0440063
40 0.956731 0.0403198 0.0528846 0.0761963 0.0411377
40 0.83774 0.0464966 0.0360577 0.0616943 0.0396423
45 0.713341 0.120996 0.0625 0.0462891 0.0390625
75 0.852163 0.167773 0.0576923 0.0410156 0.0390625
40 0.753606 0.140234 0.0552885 0.0878906 0.0377502
60 0.92488 0.684766 0.15024 0.0695313 0.037323
40 0.895433 0.121289 0.0336538 0.0417969 0.0334778
39 0.852163 0.16875 0.0552885 0.0382813 0.0328369
40 0.695913 0.0396484 0.0408654 0.0728516 0.0325928
40 0.78125 0.150586 0.0432692 0.0632813 0.0325928
41 0.876202 0.260938 0.0240385 0.0273438 0.0314941
41 0.323918 0.223438 0.0420673 0.0328125 0.0301056
40 0.45012 0.232813 0.0576923 0.0382813 0.0296478
39 0.9375 0.168164 0.0492788 0.0425781 0.0288696
40 0.853966 0.0486328 0.0288462 0.0570313 0.0283356
41 0.78125 0.163672 0.0432692 0.0410156 0.0276947
41 0.858173 0.263281 0.0408654 0.0265625 0.0256653
42 0.66226 0.633594 0.112981 0.139063 0.0254669
44 0.851563 0.169043 0.0552885 0.0380859 0.0253754
40 0.856971 0.145215 0.0649038 0.0830078 0.0248871
41 0.759014 0.138281 0.0492788 0.0867188 0.0245209
40 0.910457 0.112012 0.0216346 0.0240234 0.0235138
40 0.839543 0.0574219 0.0336538 0.0505859 0.0233307
40 0.648438 0.0489746 0.0240385 0.055957 0.0216217
40 0.896635 0.110742 0.0240385 0.0222656 0.0211182
40 0.804688 0.162695 0.0552885 0.0417969 0.0200195
40 0.810096 0.154297 0.0576923 0.0585938 0.0198669
0 0.848558 0.313867 0.0769231 0.131641 0.0197906
40 0.90024 0.163867 0.0600962 0.0464844 0.0195618
39 0.495192 0.234375 0.0456731 0.0320312 0.0192719
43 0.576923 0.627344 0.299279 0.154688 0.0192719
40 0.793269 0.140625 0.0600962 0.084375 0.0179138
67 0.239183 0.7625 0.116587 0.0921875 0.0179138
41 0.754808 0.162793 0.0456731 0.0416016 0.0177765
40 0.754808 0.162793 0.0456731 0.0416016 0.0174408
40 0.935697 0.154883 0.03125 0.0246094 0.0173798
41 0.808894 0.163281 0.0625 0.0421875 0.0171814
0 0.16887 0.870117 0.195312 0.250391 0.0171814
40 0.743389 0.0615234 0.0264423 0.0318359 0.0170441
40 0.808894 0.121289 0.0480769 0.0578125 0.016922
41 0.805288 0.0494141 0.0372596 0.0289063 0.0168457
44 0.700721 0.168848 0.0408654 0.0412109 0.0167236
40 0.801683 0.13418 0.0504808 0.0847656 0.0164032
13 0.104267 0.947656 0.205529 0.103125 0.0163422
49 0.362981 0.233008 0.0396635 0.0320312 0.0158997
44 0.657452 0.12002 0.0240385 0.0568359 0.0154877
41 0.647236 0.192773 0.0276442 0.0308594 0.0150757
40 0.88762 0.16582 0.0480769 0.0410156 0.0149002
43 0.538462 0.611719 0.371394 0.184375 0.0149002
40 0.942308 0.111719 0.0228365 0.0347656 0.0146713
0 0.734375 0.307617 0.170673 0.126953 0.0146179
40 0.644832 0.107715 0.0396635 0.0330078 0.0145035
39 0.360877 0.232422 0.0396635 0.0320312 0.0144501
41 0.467548 0.192188 0.0516827 0.0476562 0.0142288
41 0.852163 0.265234 0.0480769 0.0296875 0.0142288
40 0.712139 0.169531 0.0612981 0.0398437 0.0142288
44 0.71274 0.123242 0.0625 0.0484375 0.0141144
40 0.93149 0.142871 0.0504808 0.0794922 0.0139008
44 0.759014 0.138281 0.0492788 0.0867188 0.0137405
44 0.712139 0.137793 0.0625 0.0818359 0.0137405
40 0.728365 0.0411621 0.0444712 0.0704102 0.0134811
41 0.971154 0.318359 0.0552885 0.0539063 0.0130692
45 0.442909 0.187061 0.0492788 0.0407227 0.012825
40 0.608774 0.0373047 0.0456731 0.0695313 0.0127258
44 0.244591 0.718359 0.10637 0.05 0.0127258
45 0.450721 0.233594 0.0552885 0.034375 0.0125275
40 0.801683 0.112012 0.0240385 0.0267578 0.0124817
40 0.658654 0.0455078 0.0264423 0.0638672 0.0124283
44 0.907452 0.117188 0.0288462 0.0351562 0.0123825
41 0.780048 0.212305 0.0336538 0.0328125 0.0118713
56 0.801683 0.50625 0.112981 0.242188 0.0118713
40 0.867788 0.048877 0.0408654 0.0598633 0.0115509
75 0.710938 0.169043 0.0600962 0.0412109 0.0115509
40 0.860577 0.0486328 0.0360577 0.0556641 0.0114212
60 0.822115 0.414062 0.0456731 0.05625 0.0113297
40 0.858173 0.0593262 0.0336538 0.0475586 0.0112457
39 0.449519 0.233594 0.0504808 0.0335938 0.0111618
40 0.921875 0.146973 0.0552885 0.0787109 0.0110321
40 0.944111 0.169727 0.0625 0.0410156 0.0109863
44 0.758413 0.127539 0.0360577 0.0699219 0.0109024
40 0.880409 0.14668 0.0757212 0.0792969 0.0105667
45 0.939904 0.169336 0.0528846 0.0402344 0.0105667
40 0.75601 0.103809 0.0216346 0.0255859 0.0104904
56 0.92488 0.684766 0.15024 0.0695313 0.0100555
41 0.321514 0.212891 0.0360577 0.0171875 0.0100098
39 0.79988 0.163086 0.0384615 0.0417969 0.00967407
40 0.810096 0.115723 0.0360577 0.0392578 0.00955963
41 0.865385 0.167383 0.0817308 0.040625 0.00930023
56 0.16887 0.870117 0.195312 0.250391 0.0091629
41 0.954327 0.0593262 0.0504808 0.0336914 0.00912476
41 0.654447 0.215234 0.0588942 0.0601563 0.00908661
56 0.822115 0.416406 0.0408654 0.0546875 0.00905609
45 0.359675 0.231641 0.0432692 0.0335938 0.00898743
41 0.48137 0.234375 0.0240385 0.0316406 0.00891876
41 0.644832 0.22207 0.0540865 0.0496094 0.00888062
43 0.610577 0.612109 0.206731 0.185156 0.0088501
40 0.48137 0.234375 0.0240385 0.0316406 0.00881195
40 0.352764 0.183008 0.0372596 0.040625 0.00871277
44 0.244291 0.707031 0.0540865 0.0242188 0.00867462
41 0.758413 0.179102 0.0336538 0.0121094 0.0086441
44 0.75601 0.103809 0.0216346 0.0255859 0.00857544
60 0.822115 0.398438 0.0456731 0.0265625 0.00854492
41 0.75601 0.0568848 0.03125 0.0370117 0.0085144
41 0.477163 0.193359 0.03125 0.0382813 0.00831604
39 0.447716 0.188086 0.0612981 0.0453125 0.00821686
74 0.859375 0.121484 0.0588942 0.0402344 0.00803375
54 0.71274 0.119922 0.0600962 0.0464844 0.00803375
45 0.408504 0.246875 0.0868389 0.00859375 0.00800323
75 0.9375 0.168164 0.0492788 0.0425781 0.00766754
44 0.449519 0.233594 0.0528846 0.0335938 0.00760651
40 0.61899 0.0417114 0.0408654 0.0656006 0.00757599
41 0.757212 0.0503906 0.0360577 0.0492188 0.00743103
41 0.628606 0.23418 0.0264423 0.0242188 0.00728989
75 0.447716 0.233203 0.0492788 0.0359375 0.00725937
40 0.449519 0.195508 0.0625 0.0597656 0.00709534
40 0.938702 0.15332 0.0336538 0.0363281 0.00706482
56 0.359675 0.231641 0.0432692 0.0335938 0.00706482
40 0.629207 0.108105 0.0288462 0.0355469 0.00703812
41 0.449519 0.195508 0.0625 0.0597656 0.00701141
56 0.0192308 0.429297 0.0348558 0.126563 0.00701141
44 0.774038 0.142969 0.0372596 0.0796875 0.0069313
39 0.865986 0.305859 0.0396635 0.101953 0.0068779
40 0.865986 0.305859 0.0396635 0.101953 0.00679779
44 0.799279 0.138965 0.0480769 0.0884766 0.00666809
41 0.744591 0.164062 0.0516827 0.0425781 0.00664139
45 0.495192 0.233594 0.0456731 0.0332031 0.00661469
40 0.942308 0.126465 0.0264423 0.0626953 0.00643921
40 0.790264 0.0494141 0.0372596 0.0484375 0.00641251
40 0.467548 0.192188 0.0516827 0.0476562 0.00638962
56 0.114258 0.898438 0.223407 0.196875 0.00638962
44 0.647236 0.192773 0.0276442 0.0308594 0.00636292
41 0.942308 0.111719 0.0228365 0.0347656 0.00636292
40 0.811298 0.13623 0.0528846 0.0802734 0.00629044
40 0.640625 0.0403198 0.0384615 0.0705322 0.00619125
40 0.652043 0.11582 0.0288462 0.0539063 0.00619125
41 0.88762 0.16582 0.0480769 0.0410156 0.00619125
39 0.467548 0.192188 0.0516827 0.0476562 0.00614548
40 0.686298 0.0555664 0.03125 0.0458984 0.00612259
41 0.758413 0.127539 0.0360577 0.0699219 0.00612259
44 0.744591 0.164062 0.0516827 0.0425781 0.00602722
41 0.787861 0.664062 0.163462 0.065625 0.00598145
40 0.700721 0.061377 0.0264423 0.0334961 0.00593567
44 0.858774 0.121875 0.0588942 0.0388672 0.00584412
40 0.727163 0.0592773 0.0360577 0.0373047 0.00582123
40 0.778245 0.041394 0.0324519 0.0631104 0.00568771
39 0.352163 0.23125 0.0492788 0.0375 0.00568771
40 0.45012 0.214648 0.0625 0.071875 0.00566483
40 0.953726 0.0593262 0.0516827 0.0336914 0.00564194
43 0.691106 0.657813 0.111779 0.0921875 0.00564194
40 0.712139 0.137793 0.0625 0.0818359 0.00557709
75 0.855769 0.121094 0.0528846 0.0404297 0.00551224
40 0.795673 0.0587891 0.0384615 0.0298828 0.00547028
44 0.447716 0.188086 0.0612981 0.0453125 0.00544739
44 0.896635 0.110742 0.0240385 0.0222656 0.00542831
40 0.780048 0.2125 0.03125 0.0347656 0.00542831
40 0.86899 0.0632813 0.0360577 0.046875 0.00540543
41 0.0093149 0.339844 0.0186298 0.0515625 0.00536346
56 0.0486779 0.8625 0.0955529 0.103125 0.00530243
40 0.83774 0.124121 0.0721154 0.0519531 0.00530243
27 0.258413 0.255469 0.0847356 0.0671875 0.00521851
43 0.65625 0.620313 0.109375 0.110937 0.00521851
44 0.899038 0.117578 0.0336538 0.0359375 0.00519943
44 0.936899 0.120801 0.0300481 0.0478516 0.0051384
45 0.858173 0.121875 0.0600962 0.0384766 0.00502014
60 0.780048 0.280469 0.277644 0.188281 0.00486755
44 0.865385 0.167383 0.0817308 0.040625 0.00484848
44 0.653846 0.163086 0.0288462 0.0777344 0.00482941
41 0.789663 0.211328 0.0300481 0.0328125 0.00482941
56 0.81851 0.411719 0.0504808 0.0640625 0.00482941
41 0.644832 0.107715 0.0396635 0.0330078 0.00482941
44 0.754808 0.162793 0.0456731 0.0416016 0.00468063
40 0.647837 0.0571289 0.0216346 0.0404297 0.00457382
56 0.0108173 0.400391 0.0216346 0.0679687 0.00457382
41 0.771635 0.139453 0.046875 0.0796875 0.00453949
44 0.665264 0.19375 0.0432692 0.0203125 0.00450516
41 0.743389 0.0615234 0.0264423 0.0318359 0.00448608
41 0.907452 0.117188 0.0288462 0.0351562 0.00448608
13 0.802284 0.509766 0.117788 0.228906 0.00443268
56 0.74399 0.319531 0.185096 0.140625 0.00439835
44 0.913462 0.127539 0.03125 0.0539063 0.00438309
44 0.651442 0.13125 0.0324519 0.0832031 0.00436401
40 0.651442 0.13125 0.0324519 0.0832031 0.00434875
41 0.777644 0.202148 0.0336538 0.0308594 0.00428009
39 0.0093149 0.339844 0.0186298 0.0515625 0.00428009
32 0.450721 0.235547 0.0516827 0.0320312 0.00426483
40 0.933894 0.168555 0.0625 0.04375 0.00426483
40 0.659856 0.0583496 0.0228365 0.0387695 0.0042305
44 0.910457 0.112012 0.0216346 0.0240234 0.00421524
40 0.333233 0.18667 0.0444712 0.0461914 0.00421524
40 0.0093149 0.339844 0.0186298 0.0515625 0.00419998
67 0.478365 0.196484 0.03125 0.0367188 0.00415039
56 0.0255409 0.441797 0.047476 0.150781 0.00413513
44 0.936899 0.129297 0.0324519 0.065625 0.00411606
43 0.679688 0.647266 0.0805288 0.110156 0.00405502
39 0.942308 0.111719 0.0228365 0.0347656 0.00405502
45 0.852764 0.16875 0.0564904 0.0417969 0.00400543
32 0.496394 0.235352 0.0456731 0.0304688 0.00391388
44 0.811298 0.13623 0.0528846 0.0802734 0.00390053
41 0.00871394 0.350781 0.0159255 0.0328125 0.00379562
56 0.00901442 0.384766 0.0174279 0.0390625 0.00378036
69 0.432843 0.2875 0.139123 0.0867188 0.0037365
39 0.477163 0.193359 0.03125 0.0382813 0.00370789
40 0.359675 0.231641 0.0432692 0.0335938 0.00367928
41 0.665264 0.19375 0.0432692 0.0203125 0.00365067
39 0.239784 0.764844 0.117188 0.0953125 0.00356483
43 0.635817 0.641406 0.0540865 0.071875 0.00355148
56 0.45012 0.232813 0.0576923 0.0382813 0.00355148
41 0.764423 0.212109 0.0396635 0.0355469 0.00353813
71 0.409255 0.248047 0.0949519 0.0109375 0.00351143
13 0.0808293 0.540625 0.149038 0.347656 0.00351143
44 0.697716 0.158398 0.0348558 0.0550781 0.00349617
41 0.893029 0.167969 0.0408654 0.0359375 0.00349617
45 0.321514 0.212891 0.0360577 0.0171875 0.00349617
60 0.804087 0.938281 0.389423 0.117188 0.00348282
40 0.728966 0.0504883 0.0408654 0.053125 0.00346947
60 0.00901442 0.384766 0.0174279 0.0390625 0.00345612
40 0.746394 0.0432739 0.0492788 0.0685303 0.00344276
40 0.65625 0.117969 0.0240385 0.0546875 0.00340271
41 0.699519 0.0998047 0.0228365 0.0160156 0.00329781
43 0.645433 0.646094 0.0673077 0.065625 0.00328636
44 0.808894 0.121289 0.0480769 0.0578125 0.00327301
41 0.950721 0.162695 0.0649038 0.0585938 0.00327301
44 0.360877 0.232422 0.0396635 0.0320312 0.00327301
40 0.828125 0.0421997 0.0504808 0.0644287 0.00325966
41 0.803486 0.0569336 0.0396635 0.0382813 0.00324821
60 0.417218 0.710547 0.528546 0.178906 0.00324821
39 0.855769 0.121094 0.0528846 0.0404297 0.00323486
44 0.652644 0.172363 0.0300481 0.0576172 0.00322342
49 0.355769 0.232422 0.0516827 0.0382813 0.00322342
40 0.847356 0.138672 0.0721154 0.0742188 0.00321007
56 0.0808293 0.540625 0.149038 0.347656 0.00317192
40 0.639423 0.101953 0.0360577 0.0371094 0.00314713
40 0.460337 0.217383 0.0721154 0.0660156 0.00314713
40 0.627404 0.116016 0.0288462 0.0367188 0.00312424
44 0.647837 0.162695 0.0360577 0.0867188 0.00312424
54 0.359675 0.231641 0.0432692 0.0335938 0.00305176
42 0.244291 0.707031 0.0540865 0.0242188 0.00304031
75 0.362981 0.233008 0.0396635 0.0320312 0.00302696
49 0.495192 0.233594 0.0456731 0.0332031 0.00302696
40 0.824519 0.0583008 0.0348558 0.0345703 0.00302696
41 0.899038 0.117578 0.0336538 0.0359375 0.00300407
40 0.752404 0.216406 0.0961538 0.0507812 0.00298119
0 0.355168 0.232227 0.0540865 0.0386719 0.00298119
41 0.755409 0.100391 0.0216346 0.0197266 0.00296974
41 0.935697 0.154883 0.03125 0.0246094 0.00296974
55 0.668419 0.77793 0.64393 0.234766 0.976074
0 0.196815 0.40625 0.367188 0.69375 0.935059
0 0.911659 0.416797 0.176683 0.528125 0.933105
60 0.529447 0.810156 0.938702 0.375 0.933105
56 0.394231 0.648828 0.375 0.103906 0.910645
0 0.588341 0.375098 0.471154 0.582617 0.883789
56 0.106295 0.948438 0.203275 0.1 0.872559
43 0.666466 0.632812 0.120192 0.1375 0.832031
41 0.495192 0.234375 0.0456731 0.0320312 0.786621
41 0.711538 0.168848 0.0600962 0.0404297 0.733887
41 0.239483 0.7625 0.116587 0.09375 0.697754
41 0.449519 0.233789 0.0504808 0.0339844 0.633301
41 0.852163 0.169141 0.0552885 0.0375 0.486328
41 0.939904 0.169336 0.0528846 0.0402344 0.437744
41 0.71274 0.120898 0.0625 0.0464844 0.331055
41 0.362981 0.233008 0.0396635 0.0320312 0.327637
41 0.442308 0.18667 0.0456731 0.0422852 0.310791
40 0.807692 0.057373 0.0336538 0.0399414 0.223999
40 0.859375 0.122559 0.0576923 0.0376953 0.176636
40 0.761418 0.0496582 0.0444712 0.0514648 0.175537
40 0.936899 0.129297 0.0324519 0.065625 0.165649
40 0.805288 0.0494141 0.0372596 0.0291016 0.153076
40 0.805288 0.0416992 0.0420673 0.0498047 0.151978
41 0.351562 0.23125 0.0480769 0.0375 0.151489
40 0.899038 0.117578 0.0336538 0.0363281 0.148071
40 0.907452 0.11748 0.0288462 0.0355469 0.148071
49 0.449519 0.233789 0.0504808 0.0339844 0.135742
41 0.799279 0.1625 0.0408654 0.040625 0.135254
41 0.858774 0.121875 0.0588942 0.0386719 0.115173
40 0.913462 0.127539 0.03125 0.0539063 0.112
40 0.766226 0.0453003 0.0444712 0.0590088 0.108948
40 0.752404 0.0505371 0.0480769 0.0506836 0.108215
45 0.712139 0.169336 0.0612981 0.0402344 0.105225
40 0.799279 0.162012 0.0384615 0.0416016 0.0953369
40 0.855769 0.168652 0.0625 0.0396484 0.0933228
41 0.932692 0.17002 0.0408654 0.0361328 0.0888062
44 0.711538 0.168359 0.0600962 0.0402344 0.0881958
40 0.75601 0.0567383 0.03125 0.0373047 0.0869141
40 0.663462 0.0404297 0.0396635 0.0714844 0.083313
40 0.645433 0.0433105 0.03125 0.0649414 0.0786133
40 0.683894 0.0408203 0.0348558 0.0695313 0.0715942
40 0.71274 0.122363 0.0625 0.0474609 0.0715942
40 0.800481 0.137891 0.0360577 0.0828125 0.069519
40 0.771635 0.139453 0.0480769 0.0796875 0.0680542
40 0.758413 0.127344 0.0360577 0.0699219 0.0661011
0 0.911058 0.521191 0.175481 0.320117 0.0648804
39 0.847356 0.310547 0.0757212 0.11875 0.0605164
40 0.784856 0.161719 0.0480769 0.0421875 0.0592041
40 0.846755 0.165234 0.0540865 0.0433594 0.0568542
40 0.627404 0.0476074 0.0408654 0.0551758 0.0541992
41 0.46875 0.229297 0.0336538 0.0304688 0.0524292
40 0.936899 0.167285 0.0432692 0.0419922 0.0516663
41 0.712139 0.137109 0.0625 0.0804688 0.0492249
40 0.956731 0.0404297 0.0528846 0.0761719 0.0481262
40 0.771034 0.0564453 0.0372596 0.0423828 0.0481262
45 0.786058 0.664453 0.165865 0.0671875 0.0467224
45 0.713341 0.120996 0.0625 0.0462891 0.0432129
40 0.83774 0.0466309 0.0360577 0.0618164 0.0430298
40 0.753606 0.14043 0.0552885 0.0875 0.0405273
75 0.852163 0.167773 0.0576923 0.0410156 0.0397949
60 0.92488 0.684375 0.15024 0.0703125 0.0367737
40 0.695913 0.0396484 0.0408654 0.0728516 0.035675
40 0.895433 0.121289 0.0336538 0.0421875 0.035675
40 0.78125 0.150781 0.0432692 0.0628906 0.0348816
41 0.876202 0.260938 0.0240385 0.0273438 0.0343628
39 0.852163 0.16875 0.0552885 0.0382813 0.0335999
41 0.323918 0.223242 0.0420673 0.0328125 0.0332031
40 0.853966 0.0487305 0.0288462 0.0572266 0.0319824
40 0.45012 0.232617 0.0576923 0.0382813 0.0307922
41 0.447716 0.188086 0.0612981 0.0453125 0.0290833
41 0.858173 0.263281 0.0408654 0.0265625 0.0284424
39 0.9375 0.168164 0.0504808 0.0425781 0.0283356
41 0.78125 0.163672 0.0408654 0.0410156 0.0278015
40 0.911058 0.111914 0.0216346 0.0238281 0.0271759
40 0.856971 0.14541 0.0649038 0.0830078 0.0261536
42 0.66226 0.633594 0.112981 0.138281 0.0261536
41 0.759014 0.138184 0.0492788 0.0865234 0.0247955
40 0.840144 0.0574219 0.0336538 0.0511719 0.0246124
44 0.850962 0.169043 0.0552885 0.0380859 0.024231
40 0.648438 0.0490234 0.0240385 0.0558594 0.0235138
40 0.896635 0.110645 0.0240385 0.0222656 0.0233307
40 0.804688 0.162695 0.0552885 0.0417969 0.0212097
40 0.810096 0.154395 0.0576923 0.0580078 0.0207977
0 0.848558 0.313867 0.0769231 0.131641 0.0207214
39 0.495192 0.234375 0.0456731 0.0320312 0.0196381
43 0.576322 0.628125 0.301683 0.153125 0.0193481
40 0.900841 0.16416 0.0576923 0.0458984 0.0192719
0 0.16857 0.870117 0.195312 0.250391 0.0188293
40 0.754808 0.162793 0.0456731 0.0416016 0.018692
40 0.935697 0.154883 0.03125 0.0246094 0.0185394
41 0.754808 0.162793 0.0456731 0.0416016 0.0184784
40 0.743389 0.0612305 0.0264423 0.0324219 0.0179901
40 0.808894 0.121094 0.0480769 0.0578125 0.0179901
40 0.793269 0.14082 0.0600962 0.0839844 0.0179138
41 0.808894 0.163281 0.0612981 0.0421875 0.0175171
13 0.104267 0.947656 0.205529 0.103125 0.0173798
67 0.239483 0.7625 0.116587 0.09375 0.0173035
44 0.700721 0.168848 0.0408654 0.0412109 0.0166626
41 0.805288 0.0494141 0.0372596 0.0291016 0.0165253
49 0.362981 0.233008 0.0396635 0.0320312 0.0164642
41 0.647236 0.192773 0.0276442 0.0308594 0.0163422
40 0.801683 0.13418 0.0504808 0.0847656 0.0163422
41 0.852163 0.265234 0.0456731 0.0296875 0.0162811
40 0.888221 0.16582 0.0480769 0.0410156 0.0159607
40 0.644231 0.107715 0.0408654 0.0330078 0.0158386
44 0.657452 0.119922 0.0240385 0.0566406 0.0156708
0 0.733774 0.307422 0.169471 0.126563 0.0156021
40 0.942308 0.111621 0.0240385 0.0345703 0.0152512
39 0.360877 0.232422 0.0396635 0.0320312 0.0146713
40 0.608774 0.0374023 0.046875 0.0698242 0.0144501
40 0.728365 0.0411621 0.0444712 0.0704102 0.014389
41 0.971154 0.318359 0.0552885 0.0539063 0.014389
41 0.46875 0.192383 0.0480769 0.0476562 0.0143356
40 0.712139 0.169531 0.0612981 0.0398437 0.0142822
43 0.53741 0.611719 0.3747 0.184375 0.0142822
40 0.932091 0.142969 0.0492788 0.0792969 0.0139008
40 0.867788 0.0489258 0.0408654 0.0599609 0.0137939
44 0.71274 0.120703 0.0600962 0.0453125 0.0137405
41 0.780048 0.2125 0.0336538 0.0328125 0.0137405
44 0.244591 0.71875 0.105769 0.05 0.0134811
45 0.442909 0.187109 0.0492788 0.040625 0.0134277
40 0.658654 0.0455566 0.0264423 0.0637695 0.0133286
44 0.712139 0.137109 0.0625 0.0804688 0.0133286
40 0.801683 0.111914 0.0240385 0.0265625 0.0131683
40 0.860577 0.0486328 0.0360577 0.0560547 0.0127716
44 0.759014 0.138184 0.0492788 0.0865234 0.0127716
40 0.858173 0.0594238 0.0336538 0.0479492 0.0127258
45 0.450721 0.233594 0.0552885 0.034375 0.0126266
44 0.907452 0.11748 0.0288462 0.0355469 0.0124817
56 0.802284 0.50625 0.114183 0.242188 0.0120544
75 0.710938 0.169141 0.0600962 0.0410156 0.0119171
60 0.822115 0.414062 0.0456731 0.05625 0.0119171
40 0.923077 0.14707 0.0528846 0.0785156 0.0118256
40 0.944111 0.169727 0.0625 0.0410156 0.011734
40 0.75601 0.10332 0.0216346 0.025 0.0114212
40 0.88101 0.146777 0.0745192 0.0791016 0.011116
39 0.449519 0.233789 0.0504808 0.0339844 0.011116
45 0.939904 0.169336 0.0528846 0.0402344 0.0110703
41 0.321514 0.212891 0.0360577 0.0171875 0.0110321
45 0.78726 0.65625 0.168269 0.046875 0.0109863
56 0.92488 0.684375 0.15024 0.0703125 0.0109024
44 0.758413 0.127344 0.0360577 0.0699219 0.0103302
40 0.352464 0.183008 0.0372596 0.040625 0.0102463
40 0.809495 0.11543 0.0348558 0.0386719 0.0100555
41 0.644832 0.222266 0.0540865 0.0492188 0.00978088
41 0.654447 0.215234 0.0588942 0.0601563 0.00971222
41 0.865385 0.16748 0.0817308 0.0404297 0.00959778
41 0.954327 0.0593262 0.0504808 0.0336914 0.00941467
56 0.822115 0.416406 0.0408654 0.0546875 0.00941467
39 0.79988 0.163086 0.0384615 0.0417969 0.00937653
41 0.477163 0.193359 0.03125 0.0378906 0.00908661
44 0.24399 0.707031 0.0540865 0.0242188 0.00908661
40 0.48137 0.234375 0.0240385 0.0316406 0.00898743
41 0.758413 0.179102 0.0336538 0.0121094 0.00894928
41 0.48137 0.234375 0.0240385 0.0316406 0.00891876
60 0.822115 0.398828 0.0456731 0.0273438 0.0088501
56 0.16857 0.870117 0.195312 0.250391 0.00878143
40 0.61899 0.0417114 0.0408654 0.0657959 0.00867462
44 0.75601 0.10332 0.0216346 0.025 0.00857544
45 0.359675 0.231641 0.0432692 0.0335938 0.00844574
40 0.629207 0.108203 0.0288462 0.0353516 0.00818634
44 0.251803 0.707031 0.0625 0.0265625 0.00818634
74 0.859375 0.121582 0.0588942 0.0402344 0.00809479
54 0.71274 0.119922 0.0600962 0.0466797 0.00809479
41 0.75601 0.0567383 0.03125 0.0373047 0.00803375
75 0.9375 0.168164 0.0504808 0.0425781 0.00800323
39 0.447716 0.188086 0.0612981 0.0453125 0.00800323
41 0.628606 0.23418 0.0264423 0.0242188 0.00800323
45 0.408504 0.246875 0.0868389 0.00859375 0.00800323
40 0.938702 0.15332 0.0336538 0.0363281 0.00775528
44 0.449519 0.233594 0.0528846 0.034375 0.00775528
43 0.608173 0.611719 0.209135 0.185938 0.00769424
56 0.359675 0.231641 0.0432692 0.0335938 0.00763702
40 0.942308 0.126563 0.0264423 0.0628906 0.00757599
75 0.447716 0.233203 0.0492788 0.0359375 0.00754929
40 0.865986 0.305859 0.0396635 0.101562 0.00746155
56 0.0192308 0.428906 0.0348558 0.125781 0.00743103
40 0.652043 0.11582 0.0288462 0.0539063 0.00725937
40 0.449519 0.195703 0.0625 0.0601563 0.00725937
41 0.757212 0.0503906 0.0360577 0.0492188 0.00717545
41 0.744591 0.164062 0.0516827 0.0429688 0.00701141
40 0.686298 0.0555664 0.03125 0.0458984 0.0068779
45 0.495192 0.233594 0.0456731 0.0335938 0.0068512
39 0.865986 0.305859 0.0396635 0.101562 0.00677109
44 0.647236 0.192773 0.0276442 0.0308594 0.00666809
40 0.811899 0.136133 0.0516827 0.0800781 0.00656509
40 0.700721 0.0613281 0.0252404 0.0335938 0.00653839
40 0.953726 0.059375 0.0516827 0.0337891 0.00653839
41 0.888221 0.16582 0.0480769 0.0410156 0.00653839
40 0.86899 0.0634277 0.0360577 0.0469727 0.00651169
40 0.789663 0.0493652 0.0384615 0.0486328 0.00651169
40 0.46875 0.192383 0.0480769 0.0476562 0.0064888
44 0.774639 0.143066 0.0372596 0.0794922 0.0064621
44 0.798678 0.138867 0.046875 0.0886719 0.00636292
41 0.787861 0.664062 0.163462 0.065625 0.00636292
56 0.114483 0.898438 0.224159 0.196875 0.00634003
40 0.780048 0.2125 0.03125 0.0351562 0.00631332
41 0.758413 0.127344 0.0360577 0.0699219 0.00626373
41 0.942308 0.111621 0.0240385 0.0345703 0.00619125
40 0.727163 0.0591309 0.0360577 0.0375977 0.00614548
40 0.778846 0.0413086 0.0336538 0.0632813 0.006073
43 0.691106 0.657813 0.111779 0.0921875 0.00595856
39 0.46875 0.192383 0.0480769 0.0476562 0.005867
40 0.712139 0.137109 0.0625 0.0804688 0.00579834
44 0.744591 0.164062 0.0516827 0.0429688 0.00577545
44 0.896635 0.110645 0.0240385 0.0222656 0.00561905
41 0.789663 0.211328 0.0300481 0.0328125 0.00561905
39 0.351562 0.23125 0.0480769 0.0375 0.00561905
27 0.258413 0.255469 0.0847356 0.0671875 0.00561905
43 0.65625 0.620313 0.109375 0.110937 0.00559998
40 0.449519 0.214844 0.0625 0.0714844 0.00559998
44 0.858774 0.121875 0.0588942 0.0386719 0.00557709
41 0.0093149 0.339844 0.0186298 0.0515625 0.00547028
56 0.0486779 0.8625 0.0955529 0.103125 0.00544739
75 0.855769 0.121094 0.0528846 0.0402344 0.00540543
40 0.795673 0.0587891 0.0384615 0.0300781 0.00534439
44 0.447716 0.188086 0.0612981 0.0453125 0.0053215
44 0.899038 0.117578 0.0336538 0.0363281 0.00530243
45 0.858774 0.121973 0.0600962 0.0384766 0.00524139
40 0.83774 0.123828 0.0697115 0.0511719 0.00524139
44 0.9375 0.120898 0.03125 0.0482422 0.00519943
40 0.647837 0.0572266 0.0216346 0.0402344 0.00516129
56 0.81851 0.411719 0.0504808 0.0640625 0.0051384
44 0.653245 0.163477 0.0288462 0.0769531 0.00502014
41 0.644231 0.107715 0.0408654 0.0330078 0.00502014
40 0.651442 0.131055 0.0324519 0.0824219 0.00496292
60 0.780048 0.280469 0.276442 0.188281 0.00486755
44 0.665264 0.19375 0.0432692 0.0203125 0.00484848
41 0.777644 0.202734 0.0336538 0.03125 0.00484848
44 0.865385 0.16748 0.0817308 0.0404297 0.00479126
40 0.333534 0.18667 0.0444712 0.0461914 0.00479126
40 0.934495 0.168555 0.0612981 0.04375 0.00479126
40 0.659856 0.0583008 0.0228365 0.0388672 0.00471878
41 0.907452 0.11748 0.0288462 0.0355469 0.00460815
56 0.0106671 0.400391 0.0213341 0.0671875 0.00460815
56 0.743389 0.319531 0.183894 0.140625 0.00457382
41 0.771635 0.139453 0.0480769 0.0796875 0.00450516
13 0.802284 0.509766 0.117788 0.228906 0.00446701
41 0.743389 0.0612305 0.0264423 0.0324219 0.00445175
44 0.651442 0.131055 0.0324519 0.0824219 0.00443268
44 0.754808 0.162793 0.0456731 0.0416016 0.00441742
44 0.911058 0.111914 0.0216346 0.0238281 0.00439835
56 0.0253906 0.439844 0.046875 0.146875 0.00439835
40 0.0093149 0.339844 0.0186298 0.0515625 0.00434875
43 0.679688 0.647266 0.0805288 0.110156 0.00434875
39 0.0093149 0.339844 0.0186298 0.0515625 0.00429916
44 0.913462 0.127539 0.03125 0.0539063 0.0042305
67 0.478966 0.19668 0.0324519 0.0367188 0.0042305
41 0.764423 0.212109 0.0384615 0.0355469 0.00419998
32 0.450721 0.235547 0.0516827 0.0320312 0.00419998
41 0.665264 0.19375 0.0432692 0.0203125 0.00405502
40 0.359675 0.231641 0.0432692 0.0335938 0.00405502
41 0.00871394 0.351172 0.016226 0.0320312 0.00400543
32 0.496394 0.235156 0.0456731 0.0304688 0.00388527
45 0.852764 0.168848 0.0564904 0.0416016 0.00385475
40 0.746394 0.0433105 0.0504808 0.068457 0.00382423
56 0.00901442 0.384766 0.0174279 0.0390625 0.00382423
39 0.942308 0.111621 0.0240385 0.0345703 0.00382423
40 0.65625 0.117969 0.0240385 0.0546875 0.00380898
44 0.811899 0.136133 0.0516827 0.0800781 0.00379562
39 0.477163 0.193359 0.03125 0.0378906 0.0037365
40 0.828726 0.0423706 0.0504808 0.0646729 0.00372124
13 0.0778245 0.540723 0.142428 0.34668 0.00370789
45 0.321514 0.212891 0.0360577 0.0171875 0.00367928
40 0.728966 0.0505371 0.0408654 0.0530273 0.00365067
41 0.699519 0.0998047 0.0228365 0.0160156 0.00365067
56 0.45012 0.232617 0.0576923 0.0382813 0.00365067
40 0.627404 0.116016 0.0288462 0.0367188 0.00363541
43 0.635817 0.641406 0.0540865 0.0726563 0.00359344
39 0.239784 0.765625 0.117188 0.0953125 0.00359344
60 0.00901442 0.384766 0.0174279 0.0390625 0.00358009
41 0.950721 0.162891 0.0649038 0.0578125 0.00356483
69 0.432843 0.2875 0.139123 0.0867188 0.00352478
44 0.697716 0.158887 0.0348558 0.0537109 0.00351143
71 0.409255 0.248047 0.0949519 0.0109375 0.00346947
40 0.639423 0.101855 0.0360577 0.0369141 0.00342941
40 0.759014 0.216406 0.0829327 0.0503906 0.00337601
60 0.804087 0.938281 0.389423 0.117188 0.00337601
56 0.0778245 0.540723 0.142428 0.34668 0.00335121
43 0.645433 0.646094 0.0673077 0.065625 0.00329781
40 0.871394 0.297656 0.03125 0.0960938 0.00327301
60 0.416466 0.710938 0.52524 0.179688 0.00327301
44 0.360877 0.232422 0.0396635 0.0320312 0.00325966
44 0.808894 0.121094 0.0480769 0.0578125 0.00323486
44 0.647837 0.163086 0.0360577 0.0859375 0.00323486
0 0.354868 0.232031 0.0546875 0.0390625 0.00323486
40 0.846755 0.138477 0.0721154 0.0738281 0.00321007
40 0.460337 0.217188 0.0721154 0.0664062 0.00321007
39 0.855769 0.121094 0.0528846 0.0402344 0.00318527
41 0.899038 0.117578 0.0336538 0.0363281 0.00317192
42 0.24399 0.707031 0.0540865 0.0242188 0.00314713
56 0.710938 0.313672 0.228365 0.134375 0.00313568
41 0.755409 0.100391 0.0216346 0.0197266 0.00309944
75 0.362981 0.233008 0.0396635 0.0320312 0.00309944
40 0.627404 0.0522461 0.03125 0.0490234 0.00307465
41 0.803486 0.0568848 0.0396635 0.0383789 0.00307465
41 0.63101 0.224609 0.0240385 0.021875 0.00307465
49 0.355769 0.232422 0.0516827 0.0382813 0.00307465
40 0.824519 0.0584473 0.0336538 0.034668 0.00304031
40 0.591346 0.035498 0.0480769 0.0666992 0.00302696
55 0.668269 0.778906 0.644231 0.234375 0.965332
0 0.911659 0.417188 0.176683 0.529688 0.943848
0 0.197115 0.405469 0.369591 0.69375 0.941895
60 0.527043 0.809375 0.939904 0.375 0.937988
56 0.397686 0.649609 0.382512 0.104688 0.911133
0 0.58759 0.375781 0.473858 0.583594 0.888184
56 0.107272 0.948438 0.204327 0.1 0.853027
43 0.665865 0.633594 0.117788 0.140625 0.779785
41 0.711538 0.168652 0.0600962 0.0396484 0.766113
41 0.495192 0.234375 0.0456731 0.0320312 0.71875
41 0.238882 0.7625 0.117188 0.09375 0.6875
41 0.45012 0.233594 0.0516827 0.034375 0.609375
41 0.852163 0.169141 0.0552885 0.0371094 0.537109
41 0.938702 0.169336 0.0516827 0.0402344 0.44165
41 0.713341 0.121094 0.0625 0.0457031 0.357666
41 0.362981 0.233203 0.0396635 0.0320312 0.341553
41 0.442909 0.186914 0.046875 0.0421875 0.327637
40 0.808293 0.057959 0.0348558 0.0411133 0.210815
41 0.859375 0.12207 0.0600962 0.0384766 0.193115
41 0.353065 0.23125 0.0528846 0.0375 0.158691
40 0.805288 0.0497559 0.0384615 0.0295898 0.150024
41 0.800481 0.1625 0.0432692 0.0410156 0.148071
40 0.760817 0.0494995 0.0432692 0.0523682 0.135742
40 0.859375 0.122461 0.0588942 0.0378906 0.134766
39 0.847356 0.310547 0.0757212 0.11875 0.129883
49 0.45012 0.233594 0.0516827 0.034375 0.115173
40 0.936298 0.128906 0.0336538 0.0644531 0.112793
40 0.805288 0.0432129 0.0432692 0.0481445 0.108948
40 0.907452 0.118457 0.0288462 0.0365234 0.0994873
40 0.856971 0.168652 0.0625 0.0392578 0.0888062
40 0.915264 0.127734 0.0372596 0.053125 0.085083
40 0.800481 0.1625 0.0432692 0.0410156 0.085083
44 0.711538 0.168262 0.0600962 0.0396484 0.0827026
40 0.899038 0.117773 0.0336538 0.0359375 0.078064
45 0.711538 0.169238 0.0612981 0.0404297 0.0731812
41 0.933894 0.166895 0.0372596 0.0435547 0.0715942
40 0.752404 0.0505005 0.046875 0.0515381 0.0700684
40 0.766827 0.0458008 0.0444712 0.059375 0.0675659
45 0.786058 0.664844 0.165865 0.0679687 0.0658569
41 0.71274 0.139844 0.0625 0.0855469 0.0562439
45 0.713341 0.121191 0.0625 0.0457031 0.0558167
40 0.844952 0.165039 0.0504808 0.0433594 0.0538025
41 0.467548 0.229297 0.0360577 0.0304688 0.0512695
40 0.784856 0.161914 0.0552885 0.0421875 0.0484924
40 0.712139 0.12207 0.0637019 0.046875 0.0477905
40 0.801683 0.130859 0.0348558 0.0679687 0.0474243
40 0.759014 0.126172 0.0372596 0.0667969 0.0467224
40 0.770433 0.137305 0.0504808 0.0728516 0.0433655
40 0.772236 0.0579102 0.0360577 0.0400391 0.0393372
40 0.936298 0.16748 0.0420673 0.0416016 0.0386047
39 0.936298 0.168164 0.0480769 0.0425781 0.0381775
40 0.755409 0.0585938 0.0300481 0.0339844 0.0367737
75 0.852163 0.167578 0.0576923 0.040625 0.0351562
40 0.829327 0.0493286 0.0408654 0.052124 0.0330811
40 0.780649 0.151953 0.046875 0.0609375 0.0330811
40 0.956731 0.0398315 0.0552885 0.0761963 0.0318604
41 0.784856 0.161914 0.0552885 0.0421875 0.0302124
60 0.924279 0.685156 0.151442 0.06875 0.0301056
39 0.852163 0.168555 0.0552885 0.0378906 0.0298767
41 0.80649 0.162891 0.0649038 0.0425781 0.0285492
40 0.641827 0.0428833 0.0360577 0.0659912 0.0271759
41 0.759615 0.137207 0.0492788 0.0826172 0.0268555
40 0.754207 0.144141 0.0540865 0.0800781 0.0266571
41 0.323918 0.223438 0.0420673 0.0335938 0.0266571
40 0.665865 0.0400879 0.0432692 0.0711914 0.0263519
41 0.754808 0.162695 0.0456731 0.0417969 0.0261536
40 0.800481 0.140234 0.0480769 0.0867188 0.0245209
40 0.682692 0.0404297 0.0336538 0.0697266 0.0244293
67 0.238882 0.7625 0.117188 0.09375 0.0243378
43 0.59976 0.625781 0.257212 0.159375 0.0240479
41 0.876202 0.260547 0.0240385 0.028125 0.0230713
44 0.851563 0.168945 0.0552885 0.0375 0.0227966
43 0.69351 0.645312 0.165865 0.164062 0.0225372
40 0.834736 0.0470581 0.0348558 0.0590088 0.0222015
42 0.66226 0.633594 0.114183 0.140625 0.02211
41 0.85637 0.263281 0.0420673 0.0265625 0.0212097
41 0.455529 0.191992 0.0745192 0.0507812 0.0201721
41 0.805288 0.0497559 0.0384615 0.0295898 0.0200958
40 0.810096 0.157031 0.0576923 0.053125 0.0199432
40 0.772837 0.145508 0.0408654 0.0742188 0.0194244
0 0.848558 0.313672 0.0757212 0.13125 0.0191193
40 0.899038 0.164062 0.0600962 0.0453125 0.0189819
75 0.710938 0.168945 0.0600962 0.040625 0.0188293
45 0.442909 0.187061 0.0492788 0.0407227 0.0185394
40 0.894231 0.121484 0.03125 0.0410156 0.0184784
43 0.547476 0.619141 0.354567 0.171094 0.0184021
40 0.754808 0.162695 0.0456731 0.0417969 0.0183411
40 0.911058 0.111719 0.0216346 0.0230469 0.0181274
40 0.45012 0.232813 0.0588942 0.0382813 0.0179901
40 0.628606 0.0470703 0.0444712 0.0564453 0.0178528
49 0.361478 0.233008 0.0390625 0.0320312 0.0177765
40 0.759615 0.137207 0.0492788 0.0826172 0.0176392
45 0.450721 0.233594 0.0552885 0.034375 0.0174408
39 0.495192 0.234375 0.0456731 0.0320312 0.0173035
13 0.105844 0.948438 0.206581 0.101562 0.0172424
40 0.836538 0.0586914 0.0336538 0.0505859 0.0171814
40 0.896034 0.109766 0.0228365 0.0199219 0.0167236
41 0.949519 0.170703 0.0721154 0.0394531 0.0163422
40 0.712139 0.169336 0.0612981 0.0394531 0.0160217
39 0.362981 0.233203 0.0396635 0.0320312 0.0151901
41 0.866587 0.167578 0.0841346 0.0398437 0.0149002
40 0.856971 0.145313 0.0649038 0.0828125 0.0146713
44 0.71274 0.139844 0.0625 0.0855469 0.0141754
40 0.935697 0.154688 0.03125 0.0246094 0.0137405
40 0.888221 0.165723 0.0480769 0.0408203 0.0134811
44 0.71274 0.120898 0.0600962 0.0445313 0.0134277
41 0.646635 0.192969 0.0288462 0.0304688 0.0132751
40 0.789663 0.144238 0.0637019 0.0755859 0.0132217
40 0.810096 0.117188 0.0444712 0.0492188 0.0131683
40 0.742788 0.0628418 0.0264423 0.0295898 0.0128708
41 0.954327 0.0591797 0.0504808 0.0335938 0.0128708
45 0.359375 0.231641 0.0444712 0.0335938 0.0126724
40 0.802885 0.111328 0.0228365 0.0255859 0.0124817
40 0.854567 0.0486816 0.0288462 0.056543 0.0123825
45 0.78726 0.656641 0.168269 0.0476562 0.0123825
39 0.45012 0.232813 0.0588942 0.0382813 0.0121918
56 0.114859 0.896094 0.223407 0.198437 0.0121918
44 0.657452 0.11875 0.0240385 0.0542969 0.0121002
44 0.759615 0.137207 0.0492788 0.0826172 0.0120087
44 0.243389 0.720703 0.108173 0.0539063 0.0119171
56 0.801683 0.507812 0.115385 0.240625 0.0117798
40 0.646635 0.0481445 0.0264423 0.0582031 0.0116882
41 0.754207 0.144141 0.0540865 0.0800781 0.0115509
40 0.629808 0.108789 0.0324519 0.0347656 0.0115051
54 0.712139 0.120117 0.0600962 0.0464844 0.0109863
40 0.944712 0.169434 0.0625 0.0416016 0.0109482
39 0.447716 0.187939 0.0612981 0.0452148 0.0108185
45 0.858173 0.12207 0.0600962 0.0380859 0.0106964
39 0.79988 0.163184 0.0396635 0.0416016 0.0102921
0 0.91226 0.517969 0.175481 0.328125 0.0102921
44 0.907452 0.118457 0.0288462 0.0365234 0.0102081
45 0.408654 0.246875 0.0865385 0.009375 0.0100937
41 0.755409 0.0585938 0.0300481 0.0339844 0.0100555
40 0.644231 0.107813 0.0408654 0.0324219 0.0100555
45 0.938702 0.169336 0.0516827 0.0402344 0.00997162
40 0.650841 0.111719 0.0300481 0.0449219 0.00981903
41 0.321214 0.212891 0.0360577 0.0171875 0.00971222
41 0.850361 0.265234 0.0504808 0.0304688 0.00952148
60 0.822115 0.414062 0.0456731 0.05625 0.00952148
40 0.941707 0.111426 0.0228365 0.034375 0.00952148
39 0.865385 0.306641 0.0432692 0.104688 0.00945282
40 0.695913 0.0396484 0.0432692 0.0730469 0.00941467
40 0.75601 0.102148 0.0216346 0.021875 0.00930023
44 0.245493 0.707422 0.0576923 0.0234375 0.0091629
40 0.810096 0.0381714 0.0456731 0.0523682 0.00912476
40 0.932091 0.144531 0.0480769 0.0738281 0.00898743
41 0.888221 0.165723 0.0480769 0.0408203 0.00888062
41 0.757812 0.177734 0.0348558 0.0148437 0.0088501
40 0.447716 0.187939 0.0612981 0.0452148 0.0088501
44 0.449519 0.233594 0.0528846 0.034375 0.00878143
44 0.759014 0.126172 0.0372596 0.0667969 0.00857544
41 0.746394 0.163965 0.0528846 0.0427734 0.00854492
40 0.921875 0.147656 0.0600962 0.0765625 0.00847626
40 0.810096 0.114258 0.0348558 0.0363281 0.00844574
56 0.359375 0.231641 0.0444712 0.0335938 0.00837708
44 0.253005 0.707812 0.0673077 0.0265625 0.00834656
41 0.941707 0.111426 0.0228365 0.034375 0.008255
75 0.938702 0.169336 0.0516827 0.0402344 0.00809479
44 0.75601 0.102148 0.0216346 0.021875 0.0078125
0 0.16857 0.867969 0.198317 0.251563 0.00775528
56 0.16857 0.867969 0.198317 0.251563 0.00766754
0 0.746995 0.310156 0.186298 0.128906 0.00763702
41 0.762019 0.0524414 0.0384615 0.0505859 0.00751877
56 0.822115 0.416797 0.0408654 0.0554687 0.00751877
40 0.659255 0.0447754 0.0288462 0.0663086 0.00748825
60 0.822115 0.395313 0.0456731 0.0203125 0.00740433
39 0.944712 0.169434 0.0625 0.0416016 0.00728989
45 0.495192 0.233594 0.0456731 0.0328125 0.00714874
41 0.759014 0.126172 0.0372596 0.0667969 0.00709534
44 0.859375 0.12207 0.0600962 0.0384766 0.00706482
41 0.477163 0.191748 0.0336538 0.0415039 0.00701141
41 0.65625 0.215234 0.0649038 0.0601563 0.00698471
40 0.942308 0.126367 0.0288462 0.0628906 0.00695801
40 0.455529 0.191992 0.0745192 0.0507812 0.00695801
44 0.658654 0.129688 0.0264423 0.0757812 0.0069313
41 0.644231 0.107813 0.0408654 0.0324219 0.0069046
40 0.796875 0.133105 0.0600962 0.0806641 0.00682449
41 0.907452 0.118457 0.0288462 0.0365234 0.00679779
40 0.649038 0.129688 0.0360577 0.0796875 0.00677109
44 0.772837 0.145508 0.0408654 0.0742188 0.00677109
41 0.644832 0.222656 0.0540865 0.0492188 0.00677109
41 0.628606 0.234375 0.0264423 0.0246094 0.00671768
40 0.879808 0.147363 0.0793269 0.0775391 0.00661469
41 0.787861 0.664453 0.163462 0.0679687 0.00661469
40 0.865385 0.306641 0.0432692 0.104688 0.00656509
60 0.780649 0.280078 0.282452 0.188281 0.0064621
39 0.353065 0.23125 0.0528846 0.0375 0.00643921
39 0.455529 0.191992 0.0745192 0.0507812 0.00636292
75 0.448317 0.233203 0.0504808 0.0359375 0.00631332
44 0.646635 0.192969 0.0288462 0.0304688 0.00629044
40 0.728966 0.0409668 0.0480769 0.0708008 0.00626373
41 0.770433 0.137305 0.0504808 0.0728516 0.00624084
43 0.692308 0.657813 0.114183 0.0960938 0.00619125
40 0.938702 0.152734 0.0336538 0.0367188 0.00614548
40 0.860577 0.0493042 0.0360577 0.0531494 0.00609589
41 0.479567 0.234375 0.0264423 0.03125 0.00602722
32 0.45012 0.235156 0.0528846 0.0320312 0.00595856
56 0.45012 0.232813 0.0588942 0.0382813 0.00595856
45 0.852163 0.169141 0.0552885 0.0371094 0.005867
43 0.65625 0.621094 0.108173 0.109375 0.00584412
44 0.800481 0.140234 0.0480769 0.0867188 0.00559998
75 0.85637 0.121289 0.0540865 0.0398437 0.00548935
41 0.971154 0.317969 0.0552885 0.0539063 0.00542831
41 0.65024 0.107324 0.0288462 0.0396484 0.00540543
40 0.353365 0.183203 0.0420673 0.0410156 0.00527954
40 0.953726 0.059375 0.0516827 0.0335938 0.00526047
41 0.756611 0.0505859 0.0360577 0.0496094 0.00526047
54 0.712139 0.169336 0.0612981 0.0394531 0.00526047
40 0.45012 0.211719 0.0637019 0.078125 0.00526047
40 0.628005 0.115234 0.0348558 0.0367188 0.00521851
40 0.856971 0.060791 0.0336538 0.047168 0.00519943
39 0.85637 0.121289 0.0540865 0.0398437 0.00510025
32 0.496394 0.235547 0.0456731 0.0304688 0.00508118
44 0.770433 0.137305 0.0504808 0.0728516 0.0050621
40 0.71274 0.139844 0.0625 0.0855469 0.00500107
44 0.866587 0.167578 0.0841346 0.0398437 0.00492477
41 0.780649 0.151953 0.046875 0.0609375 0.00488663
43 0.683894 0.647656 0.0889423 0.1125 0.00486755
41 0.804087 0.0574707 0.0408654 0.0391602 0.00481033
40 0.00946514 0.339063 0.0189303 0.0539063 0.00479126
40 0.847356 0.12168 0.0721154 0.0449219 0.00479126
56 0.924279 0.685156 0.151442 0.06875 0.00475693
39 0.941707 0.111426 0.0228365 0.034375 0.00466537
43 0.636418 0.641406 0.0564904 0.0734375 0.0046463
40 0.79387 0.0600098 0.0372596 0.0295898 0.0046463
44 0.646635 0.188281 0.03125 0.0402344 0.0045929
40 0.608173 0.0369141 0.0552885 0.0695313 0.00457382
41 0.00946514 0.339063 0.0189303 0.0539063 0.00457382
74 0.859375 0.121777 0.0600962 0.0396484 0.00455475
44 0.447716 0.187939 0.0612981 0.0452148 0.00450516
44 0.896034 0.109766 0.0228365 0.0199219 0.00446701
41 0.742788 0.0628418 0.0264423 0.0295898 0.00443268
44 0.915264 0.127734 0.0372596 0.053125 0.00441742
27 0.25631 0.254688 0.0895433 0.06875 0.00439835
41 0.772837 0.145508 0.0408654 0.0742188 0.00436401
44 0.746394 0.163965 0.0528846 0.0427734 0.00432968
56 0.742788 0.319336 0.1875 0.140234 0.00432968
44 0.360577 0.232031 0.0408654 0.0320312 0.00429916
41 0.627404 0.105273 0.0324519 0.0382813 0.00426483
40 0.479567 0.234375 0.0264423 0.03125 0.0042305
56 0.0180288 0.428809 0.0336538 0.12832 0.0042305
42 0.608173 0.613281 0.210337 0.18125 0.00418091
39 0.00946514 0.339063 0.0189303 0.0539063 0.00408554
41 0.896034 0.109766 0.0228365 0.0199219 0.00407028
44 0.9375 0.121289 0.03125 0.0488281 0.00407028
41 0.847957 0.308984 0.0757212 0.119531 0.00395966
67 0.478966 0.196289 0.0324519 0.0371094 0.00392914
41 0.00886418 0.348828 0.016226 0.0367188 0.00388527
41 0.889423 0.176563 0.0540865 0.0207031 0.00385475
56 0.0109675 0.400098 0.0213341 0.0669922 0.00385475
75 0.847957 0.308984 0.0757212 0.121094 0.00383949
40 0.65625 0.115625 0.0240385 0.0496094 0.00382423
44 0.754808 0.162695 0.0456731 0.0417969 0.00380898
0 0.354868 0.232031 0.0552885 0.0382813 0.00379562
44 0.899038 0.117773 0.0336538 0.0359375 0.00378036
40 0.727163 0.0594727 0.0360577 0.0373047 0.0037365
44 0.653846 0.16377 0.03125 0.0763672 0.00367928
44 0.649038 0.129688 0.0360577 0.0796875 0.00365067
42 0.547476 0.619141 0.354567 0.171094 0.00365067
41 0.780048 0.211719 0.0360577 0.0351562 0.00363541
41 0.655649 0.107617 0.0228365 0.0351562 0.00362206
60 0.777043 0.220703 0.293269 0.0695313 0.00362206
13 0.801683 0.510156 0.117788 0.226562 0.0036068
41 0.755409 0.100391 0.0216346 0.0195312 0.00356483
40 0.788462 0.0499023 0.0384615 0.0492188 0.00355148
40 0.86899 0.0489746 0.0396635 0.0598633 0.00349617
71 0.408804 0.247852 0.0934495 0.0113281 0.00348282
39 0.239183 0.765625 0.117788 0.0953125 0.00348282
41 0.899038 0.117773 0.0336538 0.0359375 0.00345612
56 0.0603966 0.595313 0.0859375 0.278125 0.00342941
44 0.802885 0.111328 0.0228365 0.0255859 0.00341606
44 0.911058 0.111719 0.0216346 0.0230469 0.00341606
42 0.245493 0.707422 0.0576923 0.0234375 0.00337601
41 0.935697 0.154688 0.03125 0.0246094 0.00335121
44 0.665865 0.194336 0.046875 0.0203125 0.00331116
56 0.819111 0.411328 0.0504808 0.0640625 0.00329781
45 0.321214 0.212891 0.0360577 0.0171875 0.00328636
60 0.665264 0.777344 0.628606 0.25 0.00328636
41 0.772236 0.0579102 0.0360577 0.0400391 0.00324821
40 0.933894 0.16875 0.0600962 0.04375 0.00324821
39 0.442308 0.185596 0.046875 0.0413086 0.00323486
44 0.801683 0.130859 0.0348558 0.0679687 0.00319672
44 0.805288 0.162402 0.0576923 0.0423828 0.00313568
49 0.355469 0.232422 0.0534856 0.0375 0.00313568
49 0.495192 0.233594 0.0456731 0.0328125 0.00309944
44 0.810096 0.117188 0.0444712 0.0492188 0.00307465
39 0.45012 0.211719 0.0637019 0.078125 0.00307465
43 0.650841 0.625781 0.157452 0.153125 0.00304031
56 0.15625 0.95 0.274038 0.096875 0.00302696
41 0.911058 0.111719 0.0216346 0.0230469 0.00300407
41 0.951923 0.164453 0.0697115 0.0554687 0.0029583
41 0.665865 0.194336 0.046875 0.0203125 0.00293541
75 0.362981 0.233203 0.0396635 0.0320312 0.00292397
39 0.477163 0.191748 0.0336538 0.0415039 0.00291252
49 0.711538 0.168652 0.0600962 0.0396484 0.00287819
40 0.777644 0.0415527 0.0336538 0.0630859 0.00279999
40 0.333534 0.187305 0.0456731 0.0480469 0.00279045
43 0.64363 0.648047 0.0480769 0.0617188 0.00279045
41 0.986178 0.150195 0.0264423 0.0414063 0.00277901
42 0.253005 0.707812 0.0673077 0.0265625 0.00277901
