79 0.536643 0.263672 0.198582 0.332813 0.607422
79 0.404846 0.340625 0.146572 0.176563 0.32251
79 0.536643 0.355078 0.200946 0.517188 0.307373
41 0.573286 0.488281 0.64539 0.63125 0.181274
75 0.57698 0.621094 0.640366 0.495313 0.165649
79 0.245863 0.325586 0.196217 0.380078 0.139404
79 0.245272 0.236523 0.195035 0.204297 0.132935
79 0.404255 0.444434 0.1513 0.38457 0.115173
79 0.257092 0.403906 0.22104 0.525 0.0888062
41 0.579048 0.535937 0.638593 0.409375 0.0656128
79 0.471631 0.405566 0.297872 0.61543 0.0592041
79 0.388741 0.443359 0.189421 0.496094 0.0541992
75 0.579048 0.535937 0.638593 0.409375 0.0522461
79 0.253546 0.304492 0.20331 0.277734 0.0453491
75 0.572695 0.493652 0.646572 0.648633 0.036499
79 0.234634 0.398828 0.163121 0.425781 0.0250854
41 0.57698 0.621094 0.640366 0.495313 0.0235138
79 0.29935 0.418848 0.304374 0.576367 0.0223694
79 0.521277 0.195361 0.165485 0.16084 0.0220337
79 0.271277 0.379004 0.222813 0.40918 0.0204926
75 0.536052 0.261279 0.199764 0.330566 0.0166626
39 0.536643 0.260986 0.198582 0.32959 0.0155411
79 0.277778 0.277539 0.257683 0.294922 0.0121918
40 0.57698 0.621094 0.640366 0.495313 0.0112915
75 0.478723 0.748438 0.451537 0.375 0.00948334
75 0.456117 0.560156 0.260343 0.278906 0.0078125
76 0.404846 0.340625 0.146572 0.176563 0.00769424
79 0.234634 0.196875 0.171395 0.122266 0.00714874
75 0.485963 0.752344 0.366135 0.153125 0.00714874
39 0.244681 0.272656 0.192671 0.276563 0.00706482
25 0.404846 0.340625 0.146572 0.176563 0.00677109
79 0.316194 0.323047 0.294326 0.24375 0.00658798
79 0.38948 0.355859 0.112293 0.142969 0.0064621
39 0.25 0.38584 0.204492 0.48457 0.00641251
79 0.256797 0.511328 0.216903 0.732031 0.00638962
79 0.255319 0.204688 0.147754 0.124609 0.00624084
79 0.423759 0.459375 0.208038 0.41875 0.00609589
79 0.290485 0.271289 0.108156 0.121484 0.00598145
79 0.33747 0.379004 0.275414 0.326367 0.00557709
39 0.456117 0.560156 0.260343 0.278906 0.00521851
79 0.245272 0.273828 0.141844 0.116406 0.00511932
79 0.270095 0.223633 0.134752 0.140625 0.00503922
75 0.506058 0.682031 0.519799 0.510938 0.00486755
79 0.528369 0.220117 0.14539 0.106641 0.00469971
79 0.262411 0.216406 0.112884 0.0925781 0.00462723
79 0.486998 0.560938 0.196217 0.28125 0.00424957
44 0.404108 0.340625 0.146868 0.177344 0.00391388
79 0.298759 0.286523 0.0927896 0.180859 0.00383949
41 0.536052 0.261279 0.199764 0.330566 0.00376511
79 0.540189 0.196533 0.189125 0.19834 0.00362206
79 0.492908 0.391406 0.0472813 0.0726563 0.00331116
79 0.255319 0.294727 0.119385 0.0828125 0.00329781
79 0.254433 0.23125 0.0827423 0.0617188 0.00301552
79 0.234634 0.287109 0.128842 0.09375 0.00301552
41 0.446218 0.560938 0.277778 0.279687 0.00298119
79 0.469267 0.277734 0.288416 0.303125 0.00294685
79 0.267139 0.273438 0.105201 0.111719 0.00292397
79 0.324468 0.435937 0.219858 0.460938 0.00288963
79 0.229314 0.242578 0.153664 0.0945313 0.00286674
75 0.472813 0.548047 0.64539 0.791406 0.0028553
47 0.244681 0.237109 0.193853 0.203906 0.00282288
79 0.263298 0.328125 0.11052 0.129688 0.00279999
79 0.306147 0.333203 0.0673759 0.164844 0.00273705
75 0.486998 0.670313 0.368794 0.30625 0.0027256
79 0.353428 0.49541 0.374704 0.548242 0.00270462
44 0.404255 0.444434 0.1513 0.38457 0.00269318
25 0.244681 0.236914 0.192671 0.203516 0.0026722
39 0.536643 0.355078 0.200946 0.517188 0.00263214
79 0.269504 0.299219 0.0827423 0.0699219 0.0026207
79 0.233747 0.259375 0.155437 0.135156 0.00253105
40 0.579048 0.535937 0.638593 0.409375 0.00252151
41 0.485963 0.752344 0.366135 0.153125 0.00251198
79 0.569592 0.411719 0.58422 0.6125 0.00251198
45 0.476359 0.775195 0.403073 0.208984 0.00237846
79 0.368794 0.355859 0.072104 0.141406 0.00234222
14 0.404108 0.340625 0.146868 0.177344 0.00232315
79 0.216903 0.185547 0.138298 0.1 0.00230598
46 0.245272 0.237695 0.193853 0.205859 0.00230598
75 0.355496 0.560547 0.179078 0.310156 0.00227928
75 0.476359 0.775195 0.403073 0.208984 0.00221634
34 0.536643 0.263672 0.198582 0.332813 0.00220871
79 0.524823 0.151953 0.153664 0.0882813 0.00210762
75 0.489214 0.575391 0.927009 0.821094 0.00208282
61 0.575059 0.602734 0.648936 0.610156 0.00208282
79 0.27896 0.325781 0.112293 0.173438 0.00201035
79 0.38682 0.392188 0.0573286 0.0632813 0.00200272
79 0.296099 0.320312 0.0892435 0.13125 0.00198746
75 0.25 0.38584 0.204492 0.48457 0.00197983
41 0.479758 0.774219 0.399823 0.204688 0.00195694
75 0.497636 0.565625 0.176123 0.271875 0.00189686
79 0.218972 0.280859 0.114066 0.105469 0.00186729
46 0.488771 0.746094 0.371158 0.1375 0.00186062
34 0.245863 0.325586 0.196217 0.380078 0.00186062
76 0.536643 0.263672 0.198582 0.332813 0.00183868
60 0.499409 0.672266 0.998818 0.627344 0.00181007
79 0.520095 0.19375 0.167849 0.0984375 0.0018034
79 0.472813 0.548047 0.64539 0.791406 0.00177479
0 0.499409 0.672266 0.998818 0.627344 0.00175476
79 0.258274 0.260938 0.109929 0.117969 0.00174809
76 0.404255 0.444434 0.1513 0.38457 0.00172043
79 0.510638 0.330859 0.377069 0.210156 0.00171375
79 0.363475 0.444434 0.224586 0.38457 0.00170708
58 0.536643 0.260986 0.198582 0.32959 0.00163555
45 0.485963 0.752344 0.366135 0.153125 0.00158501
58 0.575059 0.602734 0.648936 0.610156 0.00157356
39 0.234634 0.196875 0.171395 0.122266 0.00153637
71 0.579048 0.594141 0.638593 0.507031 0.00152493
79 0.22695 0.228906 0.150118 0.0695313 0.0015192
58 0.580378 0.499121 0.638298 0.551758 0.00148964
79 0.206856 0.197607 0.118203 0.0969727 0.00147247
4 0.536643 0.263672 0.198582 0.332813 0.00147247
79 0.414746 0.366602 0.0972222 0.116797 0.00146675
79 0.321513 0.363867 0.0939716 0.137109 0.00143814
39 0.405437 0.339844 0.147754 0.173438 0.00143814
39 0.256797 0.511328 0.216903 0.732031 0.00143242
79 0.533688 0.240039 0.121749 0.0648438 0.00140476
75 0.256797 0.511328 0.216903 0.732031 0.00140476
79 0.367021 0.369531 0.0673759 0.1 0.00137234
41 0.406028 0.340039 0.146572 0.174609 0.00135612
79 0.315012 0.347461 0.0791962 0.145703 0.00133038
39 0.393617 0.470703 0.193853 0.461719 0.00132465
79 0.221927 0.263672 0.144799 0.1 0.00130939
41 0.571956 0.546094 0.5724 0.300781 0.00129414
75 0.404403 0.340625 0.146277 0.177344 0.0012846
75 0.488032 0.810938 0.463652 0.28125 0.00127411
79 0.278369 0.253125 0.119385 0.122266 0.0012598
79 0.224586 0.2125 0.138889 0.0929688 0.00124931
79 0.251773 0.316797 0.103428 0.155469 0.00124454
39 0.230496 0.43125 0.160756 0.453125 0.00124454
79 0.504728 0.606641 0.134752 0.175 0.00121593
73 0.245272 0.237695 0.193853 0.205859 0.00121593
39 0.518322 0.20918 0.174941 0.133203 0.0012064
43 0.404846 0.340625 0.146572 0.176563 0.00119686
39 0.567376 0.445312 0.653664 0.567187 0.00118828
79 0.220449 0.295312 0.0921986 0.0765625 0.00118351
58 0.569592 0.411719 0.58422 0.6125 0.00117874
42 0.404846 0.340625 0.146572 0.176563 0.0011425
39 0.576832 0.638281 0.646572 0.534375 0.00112438
79 0.367021 0.385938 0.0673759 0.0671875 0.00109482
39 0.497636 0.565625 0.176123 0.271875 0.00109005
4 0.404108 0.340625 0.146868 0.177344 0.00106525
39 0.255319 0.204688 0.147754 0.124609 0.00105667
79 0.216312 0.219141 0.140662 0.165625 0.00102425
44 0.25 0.38584 0.204492 0.48457 0.00102425
40 0.573286 0.488281 0.64539 0.63125 0.00102425
79 0.205378 0.273047 0.106383 0.101562 0.00102043
79 0.358452 0.353125 0.0514184 0.128906 0.00101662
79 0.536643 0.263281 0.198582 0.333594 0.638672
79 0.404846 0.34043 0.147754 0.176953 0.44165
41 0.573877 0.46875 0.643026 0.590625 0.27832
79 0.245272 0.236279 0.194444 0.204785 0.205566
75 0.576241 0.619531 0.63948 0.498437 0.196777
79 0.404108 0.440234 0.151596 0.377344 0.172119
79 0.245567 0.303711 0.194444 0.337891 0.158203
79 0.247636 0.373437 0.199764 0.472656 0.100159
75 0.572695 0.521875 0.652482 0.55625 0.0534058
79 0.469267 0.402734 0.295508 0.611719 0.0465393
79 0.387855 0.434375 0.18883 0.498437 0.0460205
41 0.578605 0.574219 0.635934 0.484375 0.0303345
79 0.520095 0.194531 0.163121 0.163281 0.0259552
79 0.298463 0.414453 0.301418 0.567969 0.0227203
79 0.270686 0.372461 0.221631 0.392578 0.0207977
75 0.536052 0.260938 0.199764 0.33125 0.016983
39 0.536643 0.260742 0.199764 0.330078 0.0158997
75 0.479905 0.775 0.447991 0.3 0.0145035
79 0.278369 0.277344 0.257683 0.294531 0.0142288
79 0.230201 0.41416 0.150709 0.412305 0.013588
75 0.508274 0.68125 0.522459 0.496875 0.0135345
76 0.404846 0.34043 0.147754 0.176953 0.0116882
41 0.561466 0.655078 0.618203 0.483594 0.0115967
40 0.574468 0.588672 0.647754 0.621094 0.0107346
75 0.460402 0.559375 0.249409 0.278125 0.0100555
75 0.485963 0.75 0.366135 0.15 0.0100098
79 0.234634 0.196826 0.171395 0.121973 0.00905609
25 0.404846 0.34043 0.147754 0.176953 0.0086441
79 0.316785 0.321875 0.29669 0.235938 0.00815582
79 0.536643 0.197461 0.191489 0.2 0.00803375
79 0.255319 0.205273 0.148936 0.125391 0.00740433
39 0.244385 0.272852 0.19208 0.277734 0.00734711
79 0.48818 0.560156 0.193853 0.279687 0.00651169
79 0.290189 0.271875 0.108747 0.120313 0.00614548
79 0.334811 0.374805 0.278369 0.309766 0.00609589
79 0.423759 0.455859 0.208038 0.413281 0.00593567
79 0.527778 0.220508 0.14539 0.105859 0.00591278
79 0.391253 0.355859 0.117021 0.142188 0.00561905
39 0.460402 0.559375 0.249409 0.278125 0.00547028
79 0.27039 0.224609 0.134752 0.141797 0.00540543
79 0.263002 0.21543 0.114657 0.0964844 0.00524139
79 0.245863 0.274609 0.143026 0.115625 0.00510025
39 0.249113 0.385938 0.200946 0.484375 0.00510025
79 0.254728 0.489844 0.20922 0.682813 0.00496292
41 0.536052 0.260938 0.199764 0.33125 0.00452042
46 0.489362 0.744922 0.368794 0.138281 0.00426483
79 0.298759 0.286719 0.0921986 0.180469 0.0041008
44 0.404255 0.340625 0.147754 0.178125 0.0041008
75 0.48685 0.702344 0.366726 0.234375 0.00390053
25 0.244681 0.236719 0.192671 0.203906 0.00345612
79 0.25591 0.295117 0.119385 0.0816406 0.00340271
47 0.244681 0.236914 0.193262 0.204297 0.00337601
79 0.236111 0.287109 0.132979 0.09375 0.00335121
41 0.460402 0.559375 0.249409 0.278125 0.00327301
79 0.492908 0.391406 0.0472813 0.0726563 0.00319672
75 0.361111 0.55625 0.186761 0.295312 0.00319672
79 0.229905 0.243555 0.153664 0.0980469 0.00318527
79 0.254728 0.230859 0.0827423 0.0632813 0.00312424
79 0.468676 0.278125 0.287234 0.302344 0.00309944
79 0.320035 0.432715 0.223995 0.445508 0.003088
79 0.262707 0.327344 0.111111 0.127344 0.00300407
79 0.266844 0.274023 0.106383 0.111328 0.00298119
79 0.268026 0.299609 0.0856974 0.0695313 0.0028553
44 0.404108 0.440234 0.151596 0.377344 0.00284576
79 0.234043 0.260156 0.156028 0.133594 0.00279999
45 0.476212 0.773828 0.402187 0.208594 0.00279999
75 0.476212 0.773828 0.402187 0.208594 0.00279045
75 0.488771 0.642969 0.377069 0.384375 0.0027256
41 0.485963 0.75 0.366135 0.15 0.00269318
79 0.524823 0.151855 0.156028 0.0884766 0.00263214
61 0.57565 0.628516 0.644208 0.539844 0.0026207
46 0.245272 0.2375 0.193853 0.20625 0.00259018
79 0.306147 0.332813 0.0667849 0.164062 0.0024929
40 0.578605 0.50791 0.637116 0.423242 0.00248146
14 0.404255 0.340625 0.147754 0.178125 0.00247192
79 0.216312 0.185156 0.137116 0.0992187 0.00244331
58 0.574468 0.588672 0.647754 0.621094 0.00237846
75 0.497045 0.565625 0.176123 0.26875 0.00231361
75 0.410165 0.533594 0.513002 0.748438 0.00222588
76 0.404108 0.440234 0.151596 0.377344 0.00218201
79 0.219563 0.280859 0.115839 0.105859 0.00215721
79 0.58289 0.410938 0.616726 0.611719 0.00211525
79 0.295804 0.319727 0.0904255 0.129297 0.00209999
79 0.370272 0.355469 0.0750591 0.140625 0.0020752
79 0.386525 0.392188 0.0591017 0.0632813 0.0020504
34 0.536643 0.263281 0.198582 0.333594 0.0020504
79 0.276596 0.325977 0.118203 0.171484 0.00204277
45 0.485963 0.75 0.366135 0.15 0.00203514
60 0.499409 0.676953 0.998818 0.616406 0.00203514
79 0.352246 0.484766 0.382979 0.517969 0.00202751
76 0.536643 0.263281 0.198582 0.333594 0.00199509
79 0.520095 0.191846 0.167849 0.0952148 0.00193405
4 0.536643 0.263281 0.198582 0.333594 0.00192642
79 0.258865 0.260938 0.108747 0.117188 0.00190449
47 0.480496 0.772656 0.398345 0.204688 0.00189686
39 0.561466 0.655078 0.618203 0.483594 0.00189686
58 0.580378 0.486719 0.637116 0.520312 0.00186062
34 0.245567 0.303711 0.194444 0.337891 0.00182438
79 0.533688 0.239844 0.121749 0.0652344 0.00181007
58 0.536643 0.260742 0.199764 0.330078 0.0017271
79 0.22695 0.228125 0.1513 0.071875 0.0017004
79 0.362884 0.436621 0.22104 0.36582 0.0017004
79 0.20656 0.197656 0.117612 0.0960938 0.00168705
75 0.249113 0.385938 0.200946 0.484375 0.00168705
39 0.56383 0.433203 0.663121 0.580469 0.00166798
47 0.485963 0.75 0.366135 0.15 0.0016489
79 0.504876 0.328906 0.366135 0.210156 0.00163555
0 0.499409 0.676953 0.998818 0.616406 0.00163555
41 0.480496 0.772656 0.398345 0.204688 0.00162315
75 0.404846 0.34043 0.146572 0.177734 0.00159168
4 0.404255 0.340625 0.147754 0.178125 0.00155449
79 0.221336 0.263086 0.143617 0.0980469 0.00153637
41 0.406472 0.339844 0.146868 0.175 0.00144386
75 0.490544 0.579297 0.93026 0.810156 0.00143242
79 0.224586 0.212549 0.141844 0.0936523 0.0014267
39 0.404846 0.339063 0.147754 0.173438 0.0014267
41 0.566342 0.560156 0.538712 0.284375 0.00136185
79 0.252364 0.317383 0.104019 0.154297 0.00135612
79 0.278369 0.252734 0.119385 0.122656 0.00135136
79 0.321513 0.364063 0.0951537 0.135156 0.00134087
25 0.404108 0.440234 0.151596 0.377344 0.00133514
79 0.368794 0.371094 0.070922 0.096875 0.00130939
79 0.21513 0.218555 0.137116 0.164844 0.00130939
75 0.254728 0.489844 0.20922 0.682813 0.00129414
43 0.404846 0.34043 0.147754 0.176953 0.0012846
79 0.410165 0.533594 0.513002 0.748438 0.0012846
73 0.245272 0.2375 0.193853 0.20625 0.00127411
79 0.22104 0.294922 0.0945626 0.0773438 0.00126934
79 0.413121 0.366602 0.101655 0.116016 0.00125504
42 0.404846 0.34043 0.147754 0.176953 0.00125504
71 0.57698 0.5375 0.64273 0.565625 0.00123978
79 0.205674 0.272852 0.106974 0.101953 0.00123501
46 0.476212 0.773828 0.402187 0.208594 0.00121117
39 0.234634 0.196826 0.171395 0.121973 0.00119209
39 0.229905 0.429688 0.15721 0.445312 0.00119209
79 0.315603 0.347266 0.0803782 0.144531 0.00118828
46 0.484634 0.715234 0.392435 0.203906 0.0011692
39 0.254728 0.489844 0.20922 0.682813 0.00113773
79 0.481087 0.208984 0.0874704 0.119531 0.0011158
79 0.368203 0.386328 0.072104 0.0671875 0.00111198
75 0.568706 0.548047 0.600177 0.307813 0.0011034
76 0.532506 0.187109 0.186761 0.178906 0.00108147
79 0.202719 0.255469 0.100473 0.0640625 0.00107288
39 0.391401 0.468359 0.193558 0.458594 0.00107288
39 0.497045 0.565625 0.176123 0.26875 0.00106907
34 0.247636 0.373437 0.199764 0.472656 0.00104809
39 0.51773 0.20918 0.177305 0.134766 0.00104046
40 0.573286 0.476465 0.643026 0.614258 0.00102043
39 0.479905 0.775 0.447991 0.3 0.00100803
79 0.536643 0.263281 0.198582 0.333594 0.645996
79 0.404846 0.34043 0.147754 0.176953 0.567871
41 0.574468 0.457813 0.640662 0.567187 0.319092
79 0.245272 0.236719 0.195035 0.205469 0.242188
79 0.404108 0.437109 0.151596 0.371094 0.212036
75 0.574468 0.585547 0.64539 0.600781 0.205566
79 0.244681 0.279346 0.192671 0.286621 0.187134
79 0.244976 0.345313 0.193262 0.421875 0.105957
75 0.575798 0.457422 0.640366 0.542969 0.0505066
79 0.385343 0.424512 0.189125 0.500977 0.0458679
79 0.466755 0.4 0.298168 0.60625 0.0393372
79 0.234338 0.397266 0.16253 0.410156 0.0306702
41 0.578014 0.555859 0.63357 0.444531 0.0279083
79 0.520095 0.19375 0.163121 0.164844 0.0272675
79 0.296099 0.409375 0.297872 0.557813 0.024231
75 0.508274 0.680469 0.518913 0.485938 0.0239563
75 0.48094 0.784375 0.44474 0.264062 0.0180511
39 0.536052 0.260986 0.200946 0.331934 0.0165863
75 0.536052 0.260986 0.200946 0.331934 0.0160217
75 0.485225 0.749219 0.36643 0.15 0.012825
41 0.561466 0.649219 0.614657 0.471875 0.011734
76 0.404846 0.34043 0.147754 0.176953 0.0112
79 0.235225 0.19668 0.171395 0.121875 0.0107803
79 0.536643 0.210352 0.191489 0.225781 0.0102463
40 0.574468 0.585547 0.64539 0.600781 0.00993347
25 0.404846 0.34043 0.147754 0.176953 0.00912476
75 0.462175 0.559375 0.247045 0.278125 0.00894928
79 0.315603 0.322852 0.28487 0.232422 0.00891876
79 0.518322 0.28125 0.183215 0.280469 0.0086441
79 0.255319 0.205664 0.148936 0.125781 0.00857544
79 0.48818 0.560938 0.193853 0.278125 0.00844574
39 0.24409 0.273877 0.192671 0.280371 0.00772476
79 0.286643 0.404297 0.238771 0.425781 0.00766754
79 0.527187 0.220752 0.146572 0.105371 0.00706482
79 0.289894 0.272266 0.109338 0.119531 0.00664139
79 0.333038 0.372852 0.274823 0.301953 0.00651169
79 0.263002 0.214062 0.117021 0.100781 0.00619125
79 0.270686 0.225439 0.134752 0.14209 0.00593567
79 0.42302 0.45166 0.208333 0.404492 0.00579834
79 0.245863 0.274805 0.141844 0.114844 0.00538635
79 0.392583 0.355859 0.120272 0.141406 0.00527954
46 0.489953 0.744922 0.368794 0.138281 0.00518036
39 0.462175 0.559375 0.247045 0.278125 0.00510025
39 0.248818 0.383691 0.200355 0.481055 0.00481033
79 0.299054 0.287305 0.0916076 0.181641 0.00468063
41 0.536052 0.260986 0.200946 0.331934 0.00419998
47 0.244681 0.234961 0.193853 0.198828 0.00385475
25 0.244385 0.236719 0.193262 0.203906 0.00385475
44 0.404403 0.340625 0.148641 0.178125 0.0037365
79 0.254137 0.460156 0.206856 0.617188 0.00367928
79 0.256501 0.295703 0.118203 0.0804688 0.00363541
75 0.36052 0.557422 0.186761 0.288281 0.00358009
79 0.468085 0.278516 0.287234 0.300781 0.00344276
79 0.255024 0.230859 0.0839244 0.0636719 0.00340271
79 0.229905 0.243945 0.154846 0.0992187 0.00338936
79 0.492908 0.391309 0.0472813 0.0720703 0.00335121
79 0.262707 0.328125 0.111702 0.128125 0.00331116
79 0.266548 0.274219 0.107565 0.110937 0.00324821
79 0.524823 0.151758 0.156028 0.0882813 0.00322342
79 0.267139 0.299609 0.0874704 0.0695313 0.00318527
79 0.315012 0.433203 0.223404 0.438281 0.00316048
45 0.476507 0.772656 0.401596 0.20625 0.0030632
75 0.481087 0.771484 0.394799 0.202344 0.00291252
79 0.215721 0.185205 0.135934 0.0991211 0.00282288
79 0.248227 0.225781 0.106383 0.0699219 0.00282288
75 0.488032 0.642188 0.378546 0.36875 0.00282288
79 0.217494 0.288281 0.0981087 0.09375 0.00281143
41 0.485225 0.749219 0.36643 0.15 0.00281143
58 0.574468 0.585547 0.64539 0.600781 0.00275803
46 0.245272 0.237695 0.193853 0.206641 0.00268364
41 0.427748 0.557813 0.31708 0.282813 0.00265312
44 0.404108 0.437109 0.151596 0.371094 0.00264168
40 0.575059 0.460059 0.643026 0.543945 0.00252151
75 0.570331 0.590625 0.611111 0.375 0.00251198
79 0.306442 0.332422 0.0673759 0.163281 0.00250244
45 0.482861 0.75 0.369976 0.148438 0.00236893
39 0.57432 0.624609 0.640957 0.527344 0.00230598
47 0.481087 0.771484 0.394799 0.202344 0.00229645
14 0.404403 0.340625 0.148641 0.178125 0.00225258
79 0.296099 0.319727 0.0910165 0.129297 0.00221634
79 0.386525 0.392188 0.0602837 0.0632813 0.00221634
75 0.497636 0.566797 0.174941 0.266406 0.00221634
79 0.274823 0.325781 0.121749 0.171094 0.00220871
61 0.57432 0.624609 0.640957 0.527344 0.00219917
79 0.520095 0.18208 0.163121 0.0842773 0.00209999
79 0.533688 0.239844 0.121749 0.0648438 0.00206757
79 0.370863 0.355078 0.0762411 0.139844 0.00205803
76 0.404108 0.437109 0.151596 0.371094 0.0020504
79 0.206265 0.198096 0.117021 0.0959961 0.00203514
47 0.485225 0.749219 0.36643 0.15 0.00199509
79 0.284279 0.333789 0.108747 0.134766 0.00196457
76 0.536643 0.263281 0.198582 0.333594 0.00195694
39 0.565603 0.432813 0.659574 0.572656 0.00192642
60 0.498818 0.686328 0.997636 0.597656 0.00192642
4 0.536643 0.263281 0.198582 0.333594 0.00189686
79 0.583924 0.410547 0.621749 0.608594 0.00188923
34 0.245272 0.298242 0.194444 0.326953 0.00184631
79 0.22695 0.228125 0.152482 0.0726563 0.00183105
79 0.220745 0.262891 0.142435 0.096875 0.00181007
58 0.58023 0.489844 0.636229 0.478125 0.0018034
58 0.536643 0.261133 0.199764 0.330859 0.00176811
39 0.405585 0.338672 0.148641 0.172656 0.00175476
34 0.536643 0.263281 0.198582 0.333594 0.00175476
79 0.213948 0.217627 0.135934 0.163184 0.00171375
79 0.500591 0.32832 0.36052 0.208203 0.00168133
79 0.520095 0.200586 0.165485 0.110156 0.00165462
79 0.223995 0.212451 0.144208 0.0938477 0.00162888
41 0.478871 0.560547 0.224291 0.275781 0.00162888
79 0.358156 0.473438 0.397163 0.485938 0.00162315
79 0.361702 0.434766 0.218676 0.357031 0.0015974
4 0.404403 0.340625 0.148641 0.178125 0.00150108
46 0.476507 0.772656 0.401596 0.20625 0.00149536
25 0.404108 0.437109 0.151596 0.371094 0.00148964
79 0.27896 0.252734 0.118203 0.122656 0.00148392
79 0.205674 0.272656 0.106383 0.101562 0.0014782
75 0.404108 0.34043 0.146868 0.177734 0.00146675
43 0.404846 0.34043 0.147754 0.176953 0.00144958
41 0.481087 0.771484 0.394799 0.202344 0.00143814
41 0.564421 0.560156 0.540189 0.282813 0.00143242
75 0.248818 0.383691 0.200355 0.481055 0.00137806
75 0.408836 0.502734 0.506206 0.663281 0.00137234
79 0.320922 0.364844 0.0969267 0.135156 0.00134087
42 0.404846 0.34043 0.147754 0.176953 0.00131989
45 0.57432 0.505469 0.645686 0.4875 0.00130939
79 0.202423 0.255469 0.100473 0.0648438 0.00130463
79 0.369385 0.373242 0.073286 0.0917969 0.00130463
79 0.482269 0.208594 0.0898345 0.11875 0.00126457
41 0.48094 0.784375 0.44474 0.264062 0.00125504
39 0.229905 0.429297 0.156028 0.436719 0.0012207
41 0.406028 0.339844 0.147754 0.175 0.00121117
41 0.60461 0.583594 0.423168 0.253125 0.0012064
75 0.545508 0.697266 0.823877 0.571094 0.00119686
79 0.412382 0.366797 0.104314 0.115625 0.00119209
39 0.48094 0.784375 0.44474 0.264062 0.0011692
73 0.245272 0.237695 0.193853 0.206641 0.00116539
71 0.576832 0.514844 0.63948 0.507812 0.00115108
79 0.316194 0.347656 0.0803782 0.14375 0.00113773
79 0.541371 0.17793 0.117021 0.0410156 0.00112438
79 0.198582 0.246484 0.0945626 0.0484375 0.00112438
39 0.235225 0.19668 0.171395 0.121875 0.0011158
75 0.600473 0.574219 0.449173 0.264062 0.0011158
39 0.388298 0.464746 0.193853 0.454883 0.00109005
79 0.528369 0.198389 0.148936 0.0852539 0.00108147
41 0.495272 0.561719 0.315603 0.282031 0.00104809
79 0.427748 0.557813 0.31708 0.282813 0.00102425
0 0.498818 0.686328 0.997636 0.597656 0.00101662
79 0.477541 0.1875 0.0756501 0.0792969 0.00101185
79 0.402926 0.381934 0.113771 0.0876953 0.00101185
39 0.508274 0.680469 0.518913 0.485938 0.00100422
79 0.404846 0.340234 0.147754 0.177344 0.692871
79 0.536643 0.263281 0.199764 0.333594 0.605957
41 0.574468 0.455078 0.63948 0.560156 0.40918
79 0.245272 0.236523 0.195035 0.205859 0.310791
75 0.574616 0.617188 0.640366 0.529688 0.221313
79 0.404108 0.430371 0.151596 0.358008 0.20813
79 0.244976 0.280029 0.19208 0.288379 0.189575
75 0.576241 0.500098 0.637116 0.488867 0.0670776
79 0.247045 0.368359 0.198582 0.463281 0.0552063
79 0.378251 0.417676 0.196217 0.489648 0.0314941
41 0.575798 0.61416 0.635638 0.50918 0.0287628
79 0.533097 0.186719 0.187943 0.179688 0.0267639
75 0.51182 0.678125 0.522459 0.476562 0.0254669
39 0.536643 0.263281 0.199764 0.333594 0.02211
79 0.46513 0.396094 0.308511 0.6 0.0202484
79 0.269504 0.367188 0.22104 0.371875 0.0197906
75 0.481235 0.782813 0.441785 0.253125 0.0195007
79 0.293735 0.396875 0.293144 0.532813 0.0193481
75 0.485225 0.748828 0.36643 0.149219 0.016922
75 0.535461 0.261279 0.200946 0.332129 0.0152512
79 0.230201 0.415723 0.148936 0.399805 0.0148392
79 0.398197 0.357422 0.130319 0.140625 0.0133286
79 0.235225 0.196436 0.171395 0.121191 0.0120544
76 0.404846 0.340234 0.147754 0.177344 0.0113297
25 0.404846 0.340234 0.147754 0.177344 0.0103302
79 0.309102 0.322266 0.261229 0.229687 0.01017
79 0.25591 0.206055 0.147754 0.125781 0.00997162
40 0.574616 0.617188 0.640366 0.529688 0.00959778
79 0.51773 0.279297 0.184397 0.275781 0.00867462
79 0.527187 0.220898 0.146572 0.104688 0.0086441
75 0.463948 0.559375 0.242317 0.278125 0.00861359
39 0.244385 0.275 0.19208 0.282813 0.008255
79 0.517139 0.210352 0.179669 0.138672 0.00763702
79 0.289598 0.272656 0.109338 0.11875 0.00714874
79 0.263593 0.212891 0.117021 0.104297 0.00706482
79 0.327423 0.368359 0.257683 0.288281 0.00677109
79 0.489362 0.561328 0.189125 0.275781 0.0064621
79 0.270686 0.226904 0.134752 0.142285 0.00621796
79 0.247045 0.275 0.13948 0.114063 0.00568771
79 0.29935 0.287305 0.0904255 0.180859 0.00526047
79 0.344858 0.408984 0.240544 0.349219 0.0051384
47 0.24409 0.234766 0.193853 0.199219 0.00508118
79 0.423168 0.441797 0.208038 0.384375 0.00508118
39 0.24409 0.234766 0.193853 0.199219 0.00475693
25 0.244681 0.236328 0.193853 0.204297 0.00455475
39 0.463948 0.559375 0.242317 0.278125 0.00436401
41 0.535461 0.261279 0.200946 0.332129 0.00436401
44 0.404255 0.340234 0.148936 0.178125 0.00426483
46 0.489953 0.744141 0.369976 0.138281 0.00413513
79 0.257092 0.296484 0.115839 0.0789063 0.00407028
79 0.525414 0.151758 0.156028 0.0878906 0.00397491
79 0.548463 0.28457 0.160756 0.288672 0.00390053
75 0.36052 0.55625 0.186761 0.284375 0.00376511
79 0.262411 0.32793 0.111111 0.126953 0.00370789
40 0.576241 0.500098 0.637116 0.488867 0.00369263
41 0.485225 0.748828 0.36643 0.149219 0.00367928
79 0.492908 0.391309 0.0472813 0.0720703 0.00362206
79 0.265957 0.3 0.0898345 0.06875 0.0036068
79 0.255319 0.230664 0.0845154 0.0644531 0.00351143
79 0.468676 0.278857 0.283688 0.299316 0.00346947
79 0.230496 0.244727 0.154846 0.101953 0.00345612
79 0.218085 0.288086 0.0986998 0.0933594 0.00344276
45 0.476359 0.771875 0.400709 0.20625 0.00342941
39 0.248522 0.382031 0.199173 0.472656 0.00329781
79 0.208924 0.188086 0.121749 0.0949219 0.00318527
75 0.488032 0.644531 0.38091 0.357812 0.00307465
79 0.248227 0.224609 0.106383 0.0726563 0.00305176
58 0.573138 0.585254 0.643322 0.588867 0.00305176
79 0.244385 0.235547 0.105792 0.065625 0.00299263
46 0.244681 0.237305 0.193853 0.207031 0.00298119
39 0.574616 0.617188 0.640366 0.529688 0.00290108
79 0.312648 0.434375 0.208038 0.423438 0.00275803
79 0.306738 0.332031 0.0673759 0.161719 0.00274658
79 0.387116 0.392188 0.0614657 0.0632813 0.00247192
79 0.261229 0.260938 0.102837 0.115625 0.00243378
79 0.273641 0.326172 0.124113 0.167969 0.00242424
41 0.428487 0.557422 0.316785 0.282031 0.00240517
79 0.213061 0.217627 0.134161 0.163184 0.00235939
79 0.296986 0.319531 0.0904255 0.126563 0.00234985
79 0.533097 0.239453 0.120567 0.0648438 0.00234222
14 0.404255 0.340234 0.148936 0.178125 0.00234222
79 0.520095 0.180859 0.163121 0.0816406 0.00230598
45 0.485225 0.748828 0.36643 0.149219 0.00230598
47 0.481087 0.770703 0.394799 0.202344 0.00225258
79 0.217494 0.273047 0.125296 0.105469 0.00223351
39 0.567967 0.435059 0.653664 0.56582 0.00222588
39 0.404846 0.338477 0.147754 0.172266 0.00219917
44 0.398197 0.357422 0.130319 0.140625 0.00219154
75 0.497636 0.56875 0.174941 0.260938 0.00219154
79 0.281619 0.334766 0.114657 0.132031 0.00213242
79 0.371749 0.355078 0.0780142 0.139063 0.00212479
76 0.398197 0.357422 0.130319 0.140625 0.00199509
44 0.404108 0.430371 0.151596 0.358008 0.00196457
79 0.210697 0.205469 0.12766 0.103125 0.00194931
41 0.481087 0.770703 0.394799 0.202344 0.00188923
79 0.227541 0.227734 0.152482 0.0742188 0.00186062
45 0.573877 0.496484 0.641844 0.471094 0.00183868
79 0.520095 0.197266 0.164303 0.102734 0.0018177
58 0.580378 0.489844 0.635934 0.464844 0.0018034
60 0.498818 0.696875 0.997636 0.575 0.00177479
58 0.535461 0.261279 0.200946 0.332129 0.00174141
41 0.56383 0.560156 0.541371 0.279687 0.00171375
61 0.574616 0.617188 0.640366 0.529688 0.00171375
47 0.485225 0.748828 0.36643 0.149219 0.00167465
79 0.202128 0.257031 0.100473 0.0679687 0.00165462
79 0.27896 0.252539 0.117021 0.123047 0.00164223
79 0.220154 0.220313 0.150709 0.0976562 0.00161648
76 0.536643 0.263281 0.199764 0.333594 0.0015974
75 0.404255 0.340039 0.147754 0.177734 0.00157928
34 0.245272 0.287939 0.193853 0.306934 0.00154877
79 0.320922 0.36582 0.0969267 0.133203 0.00153637
79 0.481678 0.208398 0.0886525 0.118359 0.0015192
43 0.404846 0.340234 0.147754 0.177344 0.0015192
41 0.607565 0.588281 0.423168 0.240625 0.00151253
79 0.499409 0.326953 0.36052 0.207813 0.00150108
42 0.404846 0.340234 0.147754 0.177344 0.00142097
41 0.475768 0.560156 0.228132 0.275 0.00141621
4 0.536643 0.263281 0.199764 0.333594 0.00141621
79 0.370863 0.375 0.0762411 0.0882813 0.00141048
75 0.601655 0.575781 0.449173 0.257812 0.00140476
46 0.476359 0.771875 0.400709 0.20625 0.00139904
79 0.567967 0.435059 0.653664 0.56582 0.00139904
75 0.545508 0.703125 0.819149 0.557813 0.00134563
76 0.404108 0.430371 0.151596 0.358008 0.00133038
79 0.198582 0.24707 0.0939716 0.0496094 0.00130463
79 0.537234 0.170703 0.132388 0.053125 0.00129986
79 0.541371 0.177686 0.118203 0.0415039 0.00128937
79 0.410756 0.367188 0.107565 0.114844 0.00126457
79 0.529551 0.194482 0.146572 0.0774414 0.0012598
79 0.196809 0.199023 0.0981087 0.0855469 0.0012598
60 0.495124 0.583203 0.981383 0.800781 0.00121593
34 0.536643 0.263281 0.199764 0.333594 0.0012064
41 0.51182 0.678125 0.522459 0.476562 0.00119686
79 0.316785 0.348438 0.0809693 0.140625 0.00117874
39 0.229314 0.430469 0.153664 0.427344 0.00117397
79 0.403073 0.383496 0.114657 0.0845703 0.00116539
4 0.404255 0.340234 0.148936 0.178125 0.00116062
75 0.570922 0.583203 0.609929 0.357031 0.0011425
79 0.477541 0.187305 0.0756501 0.0785156 0.00112915
54 0.476359 0.771875 0.400709 0.20625 0.00112057
49 0.485225 0.748828 0.36643 0.149219 0.0011158
79 0.318558 0.391797 0.101655 0.151562 0.00109005
39 0.481235 0.782813 0.441785 0.253125 0.00107288
79 0.546099 0.20918 0.113475 0.102734 0.00106049
79 0.330378 0.381641 0.0945626 0.113281 0.00104427
41 0.510491 0.561719 0.354905 0.28125 0.00104046
39 0.38357 0.461035 0.198582 0.443555 0.00103664
39 0.235225 0.196436 0.171395 0.121191 0.00101662
25 0.537825 0.259375 0.198582 0.324219 0.00101185
79 0.447991 0.560156 0.283688 0.278125 0.00101185
79 0.404846 0.339844 0.147754 0.178125 0.799316
79 0.536643 0.263086 0.198582 0.333203 0.546875
41 0.574616 0.450781 0.640366 0.550781 0.509766
79 0.245272 0.236133 0.195035 0.205859 0.397949
79 0.404403 0.412891 0.151005 0.324219 0.225464
75 0.572252 0.612402 0.638002 0.526758 0.196777
79 0.245272 0.280664 0.192671 0.290234 0.172119
75 0.575059 0.454297 0.640662 0.528906 0.0605164
79 0.248522 0.357812 0.202128 0.44375 0.0455322
79 0.533097 0.186719 0.186761 0.180078 0.035553
79 0.234338 0.395996 0.160756 0.400195 0.032959
75 0.510786 0.673828 0.517435 0.460156 0.03125
39 0.536643 0.263086 0.198582 0.333203 0.0305634
79 0.370567 0.401172 0.204492 0.491406 0.0236969
41 0.574468 0.614453 0.63357 0.507031 0.0231476
75 0.481235 0.780469 0.434693 0.2375 0.0208893
79 0.269799 0.357617 0.221631 0.355078 0.0200958
75 0.484781 0.746875 0.370863 0.145313 0.0192719
79 0.290485 0.373437 0.286643 0.485938 0.016922
76 0.404846 0.339844 0.147754 0.178125 0.0132751
75 0.535461 0.261328 0.200946 0.332031 0.0130234
79 0.23552 0.19668 0.171986 0.121484 0.0124283
79 0.309693 0.320312 0.228132 0.23125 0.012291
25 0.404846 0.339844 0.147754 0.178125 0.0120544
79 0.463357 0.391406 0.314421 0.589844 0.0110703
79 0.25591 0.206689 0.146572 0.126465 0.0109863
79 0.51773 0.276514 0.184397 0.275098 0.0102921
79 0.528369 0.220898 0.144208 0.104297 0.01017
79 0.397015 0.439063 0.201241 0.453125 0.00841522
79 0.516548 0.210156 0.182033 0.141797 0.00831604
39 0.244681 0.27583 0.192671 0.284277 0.00821686
79 0.326241 0.361523 0.232861 0.275391 0.00784302
79 0.263889 0.212451 0.117021 0.106348 0.00772476
75 0.462323 0.558594 0.243203 0.278125 0.00754929
79 0.289598 0.272266 0.109929 0.119531 0.00743103
40 0.572252 0.612402 0.638002 0.526758 0.00743103
79 0.270981 0.227783 0.132979 0.14209 0.00664139
79 0.34279 0.400098 0.228132 0.329492 0.005867
79 0.248227 0.274609 0.135934 0.114063 0.00584412
25 0.244681 0.235986 0.193853 0.20459 0.00553513
79 0.300236 0.287305 0.0898345 0.182422 0.00548935
44 0.404255 0.339844 0.148936 0.178125 0.00540543
79 0.423168 0.423828 0.206856 0.349219 0.00510025
47 0.24409 0.234717 0.193853 0.199316 0.00492477
79 0.489953 0.560938 0.187943 0.275 0.00488663
79 0.400561 0.35918 0.127955 0.132422 0.00486755
41 0.484781 0.746875 0.370863 0.145313 0.00479126
79 0.238771 0.287109 0.13948 0.09375 0.00455475
79 0.258274 0.296094 0.113475 0.0789063 0.00439835
41 0.535461 0.261328 0.200946 0.332031 0.00438309
79 0.526005 0.151953 0.156028 0.0878906 0.00436401
79 0.469267 0.277734 0.281324 0.301563 0.00434875
39 0.24409 0.234717 0.193853 0.199316 0.00424957
79 0.548463 0.285205 0.158392 0.286621 0.00382423
79 0.262411 0.328125 0.111111 0.129688 0.00376511
79 0.492317 0.391406 0.0460993 0.071875 0.0036068
79 0.25591 0.230664 0.0851064 0.0652344 0.00358009
39 0.562796 0.644141 0.616726 0.460156 0.00356483
40 0.57432 0.484375 0.638593 0.46875 0.00345612
39 0.462323 0.558594 0.243203 0.278125 0.00344276
45 0.475768 0.771094 0.403073 0.204688 0.00342941
79 0.230496 0.245312 0.154846 0.104297 0.00338936
45 0.57698 0.482031 0.635638 0.476562 0.00335121
79 0.20922 0.18833 0.122931 0.0952148 0.00325966
46 0.244681 0.237061 0.193853 0.207129 0.00324821
75 0.48818 0.64375 0.385343 0.345313 0.00322342
79 0.25591 0.309375 0.119385 0.0898438 0.00316048
79 0.22104 0.280859 0.118203 0.104688 0.00312424
79 0.248522 0.223828 0.107565 0.075 0.0030632
79 0.24409 0.236719 0.107565 0.0671875 0.00304031
75 0.36052 0.554688 0.185579 0.28125 0.00304031
39 0.574616 0.450781 0.640366 0.550781 0.00299263
46 0.488771 0.74375 0.373522 0.1375 0.00291252
14 0.404255 0.339844 0.148936 0.178125 0.00290108
58 0.572252 0.582812 0.64273 0.584375 0.00287819
79 0.31117 0.432031 0.200355 0.414844 0.00284576
79 0.213948 0.217139 0.135934 0.161816 0.00274658
79 0.263002 0.260938 0.0981087 0.115625 0.00268364
79 0.533688 0.239844 0.120567 0.0648438 0.00251198
79 0.307329 0.330469 0.0673759 0.165625 0.00245285
41 0.475768 0.771094 0.403073 0.204688 0.00245285
79 0.258274 0.242578 0.0851064 0.084375 0.0024147
45 0.484781 0.746875 0.370863 0.145313 0.0024147
39 0.249113 0.382031 0.199173 0.467969 0.00237846
79 0.272754 0.325195 0.126478 0.171484 0.00235939
79 0.520095 0.189063 0.165485 0.0886719 0.00233269
79 0.386525 0.392188 0.0638298 0.0632813 0.00233269
79 0.297872 0.31875 0.0898345 0.129688 0.00227928
79 0.219267 0.263477 0.138298 0.0964844 0.00213242
41 0.609338 0.592969 0.420804 0.228906 0.00211525
75 0.497636 0.570312 0.173759 0.25625 0.00209999
44 0.398345 0.356836 0.131206 0.141016 0.00205803
39 0.405585 0.338281 0.148641 0.171875 0.00203514
79 0.205378 0.272461 0.106974 0.101172 0.00201035
79 0.380615 0.352344 0.0969267 0.1375 0.0019722
79 0.213061 0.416797 0.128251 0.408594 0.0019722
79 0.212175 0.205273 0.130024 0.103906 0.00194168
41 0.575502 0.566797 0.513298 0.280469 0.00192642
75 0.609338 0.592969 0.420804 0.228906 0.00189686
41 0.428487 0.556641 0.314421 0.282031 0.00187492
79 0.482269 0.208789 0.0898345 0.119141 0.00184631
79 0.227541 0.227344 0.152482 0.0757812 0.0018034
79 0.225177 0.294922 0.102837 0.0773438 0.00179577
79 0.279551 0.252344 0.115839 0.122656 0.00176144
79 0.202423 0.258008 0.100473 0.0699219 0.00174141
58 0.579787 0.474316 0.634752 0.485742 0.00174141
75 0.404255 0.339648 0.147754 0.177734 0.00173378
58 0.535461 0.261328 0.200946 0.332031 0.00171375
47 0.480053 0.770312 0.399232 0.201563 0.0016613
42 0.404846 0.339844 0.147754 0.178125 0.00162315
43 0.404846 0.339844 0.147754 0.178125 0.00161076
41 0.510786 0.673828 0.517435 0.460156 0.00161076
44 0.404403 0.412891 0.151005 0.324219 0.0015192
79 0.320626 0.366016 0.0986998 0.132812 0.00150108
75 0.547872 0.707812 0.830969 0.548438 0.0014782
79 0.579787 0.474316 0.634752 0.485742 0.00142097
60 0.498818 0.705469 0.997636 0.557813 0.00141621
79 0.537825 0.16875 0.132388 0.0574219 0.00140476
79 0.371749 0.375 0.0791962 0.0890625 0.00135136
60 0.5 0.577344 0.992908 0.814063 0.00134563
79 0.491135 0.326367 0.347518 0.206641 0.00133514
34 0.245272 0.286719 0.193853 0.304688 0.00131512
79 0.54669 0.209375 0.113475 0.103125 0.00130939
79 0.198582 0.247656 0.0945626 0.0507812 0.00130463
79 0.54078 0.177734 0.118203 0.0421875 0.00129986
47 0.484781 0.746875 0.370863 0.145313 0.00126457
25 0.537234 0.257617 0.199764 0.322266 0.00125504
79 0.196809 0.199268 0.0981087 0.0866211 0.00124931
76 0.536643 0.263086 0.198582 0.333203 0.00124931
61 0.569592 0.626563 0.619681 0.470313 0.00124454
79 0.478132 0.187451 0.0768322 0.0790039 0.00123978
75 0.575502 0.566797 0.513298 0.280469 0.00123501
79 0.369385 0.3875 0.0815603 0.0664062 0.00119686
49 0.484781 0.746875 0.370863 0.145313 0.00116539
46 0.405585 0.338281 0.148641 0.171875 0.00115108
79 0.330378 0.382031 0.0945626 0.113281 0.00112915
54 0.475768 0.771094 0.403073 0.204688 0.00112438
79 0.402482 0.384473 0.115839 0.0826172 0.00111198
39 0.563239 0.564746 0.653664 0.648633 0.00109005
4 0.404846 0.339844 0.147754 0.178125 0.00108147
79 0.317376 0.348828 0.0827423 0.140625 0.00107288
79 0.318262 0.391309 0.103428 0.150195 0.00106525
39 0.484781 0.746875 0.370863 0.145313 0.00104809
46 0.475768 0.771094 0.403073 0.204688 0.00104046
4 0.536643 0.263086 0.198582 0.333203 0.00104046
39 0.481235 0.780469 0.434693 0.2375 0.00104046
79 0.549645 0.188623 0.106383 0.0594727 0.00102806
79 0.344563 0.289404 0.288416 0.303223 0.00100803
47 0.523641 0.266797 0.182033 0.320312 0.00100803
79 0.404846 0.339453 0.147754 0.177344 0.878418
41 0.573877 0.454297 0.641844 0.557031 0.517578
79 0.536643 0.263086 0.198582 0.332422 0.462891
79 0.245272 0.235938 0.193853 0.205469 0.455078
79 0.404846 0.398438 0.150118 0.294531 0.233765
75 0.571956 0.611816 0.636229 0.531055 0.142212
79 0.247931 0.277344 0.197991 0.257812 0.140381
79 0.533097 0.186523 0.185579 0.179297 0.0522461
79 0.245863 0.316846 0.193853 0.363965 0.044342
41 0.573286 0.605078 0.632388 0.533594 0.0432129
79 0.248818 0.370898 0.178487 0.366797 0.0430298
39 0.536643 0.263086 0.198582 0.332422 0.0368958
75 0.576832 0.477344 0.634752 0.485938 0.0368958
79 0.240544 0.308008 0.171986 0.267578 0.0322266
79 0.361998 0.390527 0.210993 0.48457 0.0191956
75 0.482122 0.766406 0.383274 0.184375 0.0179138
79 0.311466 0.317383 0.166667 0.235547 0.0160217
79 0.235816 0.197266 0.172577 0.122656 0.014061
79 0.229905 0.416309 0.14539 0.39707 0.0140076
79 0.51773 0.27417 0.184397 0.273535 0.0137939
79 0.257683 0.206592 0.144208 0.12666 0.0136337
25 0.404403 0.339453 0.148641 0.178125 0.0136337
79 0.287234 0.361719 0.27896 0.460938 0.0134277
79 0.275118 0.295703 0.171986 0.260938 0.0112915
79 0.52896 0.220508 0.143026 0.104297 0.0110703
75 0.512411 0.669531 0.518913 0.453125 0.0110703
79 0.3224 0.355859 0.199173 0.267969 0.0105286
76 0.404846 0.339453 0.147754 0.177344 0.0102081
79 0.516548 0.210986 0.182033 0.146777 0.00993347
79 0.277778 0.280273 0.257683 0.300391 0.00981903
75 0.535461 0.261523 0.199764 0.331641 0.00963593
41 0.482122 0.766406 0.383274 0.184375 0.00941467
79 0.26448 0.212695 0.114066 0.107031 0.00919342
79 0.375887 0.45 0.205674 0.425781 0.00905609
79 0.289598 0.27168 0.108747 0.119922 0.00874329
79 0.286052 0.396484 0.223404 0.392188 0.00867462
39 0.245567 0.275977 0.192671 0.283203 0.00841522
79 0.271572 0.227686 0.130615 0.141504 0.00800323
40 0.571956 0.611816 0.636229 0.531055 0.00772476
79 0.339539 0.392871 0.208629 0.312695 0.00757599
75 0.48094 0.736719 0.373818 0.153125 0.00698471
79 0.300827 0.285742 0.0874704 0.187109 0.00674438
79 0.462766 0.388965 0.328605 0.58457 0.00661469
79 0.250296 0.274219 0.131206 0.114844 0.0064888
44 0.404403 0.339453 0.148641 0.178125 0.00629044
79 0.472665 0.277295 0.272163 0.300879 0.00621796
25 0.244681 0.234961 0.192671 0.202344 0.00584412
79 0.547281 0.285986 0.156028 0.283496 0.00561905
79 0.526005 0.152246 0.156028 0.0880859 0.00538635
79 0.258274 0.295312 0.113475 0.0804688 0.00524139
79 0.423168 0.417188 0.206856 0.335156 0.0051384
45 0.576832 0.477344 0.634752 0.485938 0.00503922
45 0.475177 0.771094 0.404255 0.203125 0.00481033
75 0.460993 0.557813 0.241135 0.278125 0.00469971
79 0.23818 0.287109 0.138889 0.09375 0.00468063
79 0.400561 0.358594 0.127955 0.132812 0.0046463
47 0.244385 0.234326 0.193262 0.198535 0.00455475
79 0.262116 0.329102 0.111111 0.133984 0.00441742
39 0.244385 0.234326 0.193262 0.198535 0.00438309
79 0.256206 0.231055 0.0845154 0.0652344 0.00426483
79 0.490544 0.560156 0.184397 0.275 0.00405502
39 0.5625 0.64375 0.612589 0.4625 0.00400543
79 0.492317 0.391406 0.0460993 0.071875 0.00391388
41 0.535461 0.261523 0.199764 0.331641 0.00390053
79 0.215721 0.217578 0.13948 0.162891 0.00342941
14 0.404403 0.339453 0.148641 0.178125 0.00338936
79 0.230792 0.246484 0.154255 0.107031 0.00336266
79 0.245863 0.237109 0.104019 0.0679687 0.00336266
46 0.244976 0.236914 0.193262 0.207031 0.00336266
40 0.573877 0.481348 0.638298 0.474805 0.00336266
79 0.210402 0.188086 0.124113 0.096875 0.00328636
79 0.249409 0.225195 0.104019 0.0730469 0.00328636
79 0.310875 0.431641 0.187943 0.410938 0.00328636
79 0.220449 0.281055 0.117021 0.104297 0.00319672
79 0.265071 0.261133 0.0921986 0.115234 0.00317192
79 0.258865 0.244141 0.0851064 0.0871094 0.0029583
75 0.488032 0.647266 0.383274 0.346094 0.00288963
39 0.460993 0.557813 0.241135 0.278125 0.00277901
39 0.573877 0.454297 0.641844 0.557031 0.0027256
79 0.271868 0.324023 0.127069 0.174609 0.00269318
79 0.533688 0.239844 0.120567 0.0648438 0.00263214
79 0.386525 0.392188 0.0638298 0.0632813 0.00260162
79 0.307329 0.328906 0.0685579 0.169531 0.00257111
45 0.484043 0.748438 0.37234 0.146875 0.0024929
41 0.608747 0.597266 0.41844 0.217969 0.00247192
79 0.299645 0.31875 0.0862884 0.13125 0.002388
39 0.404846 0.337891 0.147754 0.171875 0.00235939
79 0.482269 0.210156 0.0898345 0.121875 0.00231361
79 0.520095 0.190039 0.165485 0.0902344 0.00228691
79 0.218676 0.264648 0.137116 0.0996094 0.00226974
58 0.572104 0.586328 0.641844 0.578906 0.00224304
41 0.573877 0.566016 0.516548 0.278906 0.00214958
79 0.205083 0.273047 0.106383 0.102344 0.00214005
75 0.36052 0.553906 0.184397 0.279687 0.00212479
79 0.280437 0.252344 0.114066 0.120313 0.00209045
79 0.371749 0.354688 0.0780142 0.139063 0.0020504
79 0.224586 0.294531 0.102837 0.0773438 0.00201988
79 0.213652 0.204883 0.13357 0.105078 0.00196457
79 0.202719 0.260938 0.100473 0.0757812 0.00194168
41 0.48094 0.736719 0.373818 0.153125 0.00188255
79 0.227837 0.227734 0.151891 0.0753906 0.00178909
75 0.404255 0.339453 0.147754 0.177344 0.00174141
79 0.31974 0.367969 0.100473 0.135937 0.0016613
79 0.537825 0.163086 0.132388 0.0691406 0.00165462
39 0.249409 0.38125 0.199764 0.458594 0.0016489
42 0.404846 0.339453 0.147754 0.177344 0.00162315
43 0.404846 0.339453 0.147754 0.177344 0.00161076
79 0.22104 0.220703 0.152482 0.102344 0.00160408
75 0.608747 0.597266 0.41844 0.217969 0.0015974
79 0.547281 0.209766 0.113475 0.103906 0.00156689
60 0.498227 0.709375 0.996454 0.55 0.00155449
75 0.502364 0.573438 0.165485 0.251563 0.00153065
79 0.371158 0.375 0.0791962 0.0890625 0.00152493
58 0.535461 0.261523 0.199764 0.331641 0.00152493
79 0.549645 0.176563 0.106383 0.0402344 0.00145531
79 0.327423 0.368164 0.0921986 0.107422 0.00144958
60 0.499409 0.59209 0.991726 0.786133 0.0014267
46 0.404846 0.337891 0.147754 0.171875 0.00142097
41 0.427896 0.55625 0.308511 0.28125 0.00138855
79 0.478132 0.187891 0.0768322 0.0796875 0.00138283
79 0.483304 0.324609 0.335993 0.209375 0.00137234
79 0.198582 0.249219 0.0945626 0.0546875 0.00135612
25 0.536643 0.256445 0.1974 0.319922 0.00135136
60 0.503398 0.817969 0.979019 0.334375 0.00134087
79 0.368203 0.3875 0.0803782 0.0664062 0.00131989
58 0.579196 0.467969 0.63357 0.504687 0.00127411
79 0.196809 0.199805 0.0981087 0.0882813 0.00125504
79 0.369385 0.288867 0.229314 0.301953 0.00125504
41 0.512411 0.669531 0.518913 0.453125 0.00123978
79 0.317967 0.392188 0.105201 0.151562 0.00122547
79 0.402482 0.385547 0.115839 0.0796875 0.00121593
47 0.475177 0.771094 0.404255 0.203125 0.0012064
45 0.560136 0.6375 0.614953 0.5 0.0012064
79 0.306738 0.427344 0.295508 0.479688 0.00118828
79 0.579196 0.467969 0.63357 0.504687 0.00118828
46 0.486998 0.74375 0.374704 0.135937 0.00115108
44 0.404846 0.398438 0.150118 0.294531 0.00114727
79 0.451684 0.558594 0.257388 0.276563 0.00114727
79 0.549645 0.189453 0.106383 0.0613281 0.0011425
39 0.484043 0.748438 0.37234 0.146875 0.00112915
79 0.317376 0.349023 0.0839244 0.142578 0.00107288
34 0.246454 0.287109 0.193853 0.303906 0.00106525
47 0.404846 0.337891 0.147754 0.171875 0.00103188
79 0.47104 0.386035 0.0898345 0.0794922 0.00102043
46 0.523641 0.26582 0.179669 0.317578 0.00101662
39 0.375887 0.45 0.205674 0.425781 0.00100803
79 0.404108 0.339453 0.146868 0.176563 0.894043
41 0.573286 0.466016 0.643026 0.577344 0.443604
79 0.245272 0.235938 0.192671 0.204688 0.407227
79 0.537825 0.262939 0.196217 0.331152 0.377441
79 0.404108 0.395313 0.149232 0.288281 0.20813
79 0.24734 0.275977 0.194444 0.257422 0.171021
75 0.572104 0.588672 0.640662 0.580469 0.103027
41 0.573138 0.591406 0.631501 0.565625 0.0844727
79 0.232861 0.396191 0.156028 0.393555 0.0518494
79 0.533688 0.186523 0.185579 0.178516 0.0503235
39 0.537825 0.262939 0.196217 0.331152 0.0455322
79 0.245863 0.327148 0.191489 0.383203 0.0441895
79 0.239953 0.3125 0.170213 0.273438 0.0417786
79 0.542553 0.214404 0.187943 0.234473 0.0224609
79 0.351064 0.393359 0.22104 0.507031 0.02211
75 0.479905 0.76875 0.390071 0.189063 0.0184021
75 0.574468 0.460547 0.638298 0.5375 0.0181885
79 0.313534 0.313672 0.135343 0.24375 0.0174408
79 0.517139 0.273779 0.183215 0.27666 0.0165863
79 0.288712 0.294092 0.136525 0.260254 0.0164642
79 0.402482 0.449902 0.15721 0.406445 0.0154266
41 0.475768 0.770703 0.395981 0.192969 0.014061
25 0.404255 0.339063 0.147754 0.177344 0.0140076
79 0.284574 0.376953 0.271277 0.489844 0.0136337
79 0.317967 0.351562 0.184397 0.271875 0.012291
79 0.258865 0.207617 0.143026 0.128516 0.0121918
79 0.236407 0.197852 0.173759 0.123438 0.0115051
79 0.37234 0.447559 0.202128 0.429883 0.011467
39 0.246454 0.275781 0.191489 0.282031 0.0109863
79 0.277187 0.281055 0.254137 0.300391 0.0106125
79 0.28487 0.397754 0.219858 0.399805 0.01017
79 0.515366 0.215625 0.184397 0.161328 0.00974274
79 0.478132 0.276563 0.261229 0.300781 0.00881195
79 0.529551 0.220313 0.141844 0.104297 0.0086441
79 0.265366 0.212109 0.113475 0.111719 0.0085144
79 0.333924 0.394141 0.1974 0.321094 0.00844574
79 0.290189 0.271875 0.107565 0.123438 0.00793457
79 0.272163 0.228125 0.128251 0.144531 0.00723267
40 0.573138 0.591406 0.631501 0.565625 0.00720596
79 0.302009 0.285156 0.0856974 0.19375 0.00679779
75 0.535461 0.261719 0.199764 0.33125 0.00677109
76 0.404108 0.339453 0.146868 0.176563 0.00641251
44 0.404255 0.339063 0.147754 0.177344 0.00570679
79 0.258274 0.283594 0.114657 0.100781 0.00557709
25 0.244385 0.234766 0.191489 0.201172 0.00548935
79 0.458481 0.391797 0.340721 0.589844 0.00544739
79 0.546099 0.2875 0.1513 0.278906 0.00516129
79 0.527187 0.15293 0.156028 0.0894531 0.00479126
79 0.400561 0.358594 0.127955 0.132812 0.00432968
79 0.263593 0.297656 0.0939716 0.075 0.00428009
79 0.263002 0.329883 0.113475 0.140234 0.00424957
45 0.474586 0.771875 0.405437 0.201563 0.0042305
39 0.244385 0.233984 0.19208 0.197656 0.00400543
79 0.42302 0.416406 0.208333 0.333594 0.00397491
79 0.261525 0.26875 0.101064 0.115625 0.00385475
79 0.257092 0.23125 0.0851064 0.0664062 0.00378036
79 0.306738 0.433594 0.185579 0.421875 0.00378036
79 0.237589 0.287109 0.138298 0.09375 0.00376511
79 0.218381 0.219482 0.143617 0.166504 0.00346947
47 0.244385 0.233984 0.19208 0.197656 0.00346947
39 0.562057 0.641406 0.608747 0.473438 0.00338936
75 0.484634 0.691406 0.373522 0.251563 0.00328636
79 0.492317 0.391797 0.0460993 0.0710938 0.00319672
45 0.575502 0.499219 0.636229 0.53125 0.00307465
41 0.535461 0.261719 0.199764 0.33125 0.00304031
46 0.245272 0.237305 0.192671 0.207422 0.00302696
14 0.404255 0.339063 0.147754 0.177344 0.00300407
40 0.572104 0.497656 0.63948 0.49375 0.0029583
79 0.245863 0.240039 0.105201 0.0734375 0.00287819
79 0.243499 0.267188 0.1513 0.125781 0.00286674
39 0.40529 0.337891 0.146868 0.171094 0.00286674
41 0.604019 0.585156 0.44208 0.228906 0.00281143
79 0.259456 0.246875 0.0862884 0.0921875 0.00279999
79 0.220449 0.281055 0.117021 0.104688 0.00275803
79 0.271277 0.322656 0.12766 0.178125 0.00270462
79 0.231087 0.248828 0.154255 0.114063 0.00268364
79 0.249409 0.296094 0.138298 0.078125 0.00265312
79 0.250591 0.225586 0.104019 0.0738281 0.00254059
79 0.307329 0.326953 0.0685579 0.174219 0.002388
39 0.249409 0.378027 0.1974 0.458008 0.00232315
79 0.210993 0.188281 0.125296 0.0980469 0.00228691
79 0.209811 0.41416 0.119976 0.410742 0.00221634
79 0.492908 0.560547 0.178487 0.272656 0.00220871
75 0.48685 0.653516 0.383274 0.355469 0.00216484
79 0.302009 0.319141 0.0839244 0.1375 0.00211525
79 0.386525 0.392188 0.0638298 0.0632813 0.00211525
79 0.482269 0.21167 0.0921986 0.125098 0.00209999
39 0.573286 0.466016 0.643026 0.577344 0.00200272
79 0.217494 0.266797 0.134752 0.103906 0.00199509
75 0.484634 0.736719 0.377069 0.15625 0.00199509
79 0.205378 0.274219 0.106974 0.104688 0.00198746
75 0.464391 0.557813 0.231974 0.277344 0.0019722
41 0.562648 0.558594 0.543735 0.276563 0.00195694
79 0.281324 0.252539 0.112293 0.121484 0.00194931
79 0.533688 0.239453 0.119385 0.0640625 0.00191879
60 0.504728 0.815625 0.976359 0.339063 0.00187492
79 0.37234 0.354688 0.0791962 0.139063 0.00182438
41 0.483599 0.745313 0.380319 0.1375 0.00182438
79 0.224586 0.294531 0.102837 0.0773438 0.00176811
75 0.519504 0.666797 0.533097 0.457031 0.00171375
39 0.464391 0.557813 0.231974 0.277344 0.00168705
79 0.318558 0.370703 0.102837 0.142188 0.00162315
79 0.38948 0.289648 0.182033 0.298828 0.00162315
46 0.40529 0.337891 0.146868 0.171094 0.00162315
79 0.520095 0.19082 0.165485 0.0929688 0.00157928
75 0.360225 0.552344 0.182624 0.28125 0.00153637
79 0.214835 0.205029 0.135934 0.105566 0.00152493
79 0.4013 0.306445 0.154846 0.238672 0.0015192
43 0.404108 0.339453 0.146868 0.176563 0.00148392
58 0.572104 0.588672 0.640662 0.580469 0.00144386
79 0.547872 0.210156 0.112293 0.104688 0.00141621
25 0.536643 0.257227 0.196217 0.320703 0.00140476
79 0.326832 0.36875 0.0933806 0.107031 0.00138283
42 0.404108 0.339453 0.146868 0.176563 0.00137234
75 0.404255 0.339063 0.147754 0.176563 0.00136662
79 0.549645 0.176367 0.106383 0.0414063 0.00132465
79 0.228132 0.228516 0.152482 0.078125 0.00132465
79 0.372045 0.374805 0.0821513 0.0894531 0.00132465
45 0.481678 0.751563 0.374704 0.151562 0.00132465
79 0.22104 0.222461 0.153073 0.108984 0.00129414
39 0.37234 0.447559 0.202128 0.429883 0.0012598
75 0.605201 0.585938 0.432624 0.230469 0.00124454
46 0.523641 0.264453 0.177305 0.317188 0.0012064
58 0.535461 0.261719 0.199764 0.33125 0.0012064
79 0.54078 0.230859 0.121749 0.0835937 0.00120163
45 0.562057 0.641406 0.608747 0.473438 0.0011692
79 0.367612 0.3875 0.0851064 0.0671875 0.00116539
79 0.481235 0.323047 0.335402 0.210938 0.00115108
60 0.498227 0.710547 0.996454 0.547656 0.00114727
79 0.199173 0.251563 0.0957447 0.059375 0.0011425
47 0.40529 0.337891 0.146868 0.171094 0.0011425
79 0.508865 0.209326 0.144208 0.137598 0.00113392
61 0.474586 0.771875 0.405437 0.201563 0.00112057
39 0.475177 0.770703 0.405437 0.199219 0.0011158
79 0.478723 0.188086 0.0780142 0.0800781 0.00108624
79 0.401891 0.385547 0.117021 0.0796875 0.00102425
79 0.549645 0.19043 0.106383 0.0636719 0.00102043
79 0.196809 0.200195 0.0981087 0.0890625 0.00100422
79 0.404846 0.339258 0.147754 0.176172 0.911133
41 0.572104 0.530078 0.647754 0.667969 0.405518
79 0.526005 0.260498 0.179669 0.319629 0.399902
79 0.244385 0.234766 0.190307 0.200781 0.331055
79 0.404255 0.407715 0.150118 0.312695 0.205566
79 0.247045 0.276172 0.190307 0.25625 0.182373
75 0.573434 0.585547 0.633274 0.577344 0.0698242
79 0.232861 0.398438 0.154846 0.397656 0.0661011
79 0.239953 0.323828 0.169031 0.286719 0.0566406
79 0.533688 0.186279 0.184397 0.177441 0.0499573
39 0.537825 0.263086 0.196217 0.330078 0.049408
79 0.246158 0.338867 0.190898 0.405078 0.0352783
79 0.543144 0.219922 0.186761 0.245312 0.0239563
79 0.346336 0.399902 0.223404 0.523633 0.021286
79 0.312943 0.312305 0.131797 0.248828 0.0191193
79 0.294917 0.29375 0.121749 0.260156 0.018692
79 0.401891 0.461035 0.158392 0.42793 0.0178528
25 0.404255 0.339063 0.147754 0.176563 0.0166626
75 0.478723 0.769531 0.394799 0.190625 0.0166626
39 0.246454 0.275439 0.190307 0.280371 0.0140076
79 0.315307 0.349805 0.184988 0.276953 0.0139542
79 0.369385 0.446777 0.199764 0.442383 0.0137939
41 0.475325 0.771875 0.408688 0.198437 0.0135345
79 0.283097 0.403516 0.218676 0.414844 0.0116882
79 0.482269 0.276611 0.249409 0.299121 0.011116
79 0.514184 0.217969 0.182033 0.167187 0.0110703
79 0.260047 0.208398 0.140662 0.129688 0.0109863
79 0.28487 0.397559 0.269504 0.52832 0.0102921
79 0.227246 0.192383 0.156619 0.1125 0.01017
79 0.329787 0.403516 0.195035 0.346094 0.00923157
79 0.278073 0.281641 0.253546 0.3 0.00809479
79 0.290189 0.27168 0.107565 0.127734 0.0069046
75 0.565603 0.451953 0.658392 0.580469 0.00658798
79 0.530142 0.220117 0.141844 0.104688 0.00638962
79 0.272459 0.228906 0.126478 0.146875 0.00634003
75 0.535461 0.261914 0.199764 0.330859 0.00593567
79 0.402482 0.294141 0.154846 0.264062 0.00579834
79 0.3026 0.283984 0.0845154 0.200781 0.00577545
79 0.259456 0.283789 0.112293 0.100781 0.00498199
79 0.400118 0.358398 0.128842 0.133203 0.00496292
25 0.244385 0.234766 0.190307 0.200781 0.00496292
39 0.246158 0.338867 0.190898 0.405078 0.00484848
79 0.527187 0.153906 0.154846 0.0910156 0.00466537
40 0.573434 0.585547 0.633274 0.577344 0.00455475
79 0.455231 0.398047 0.347222 0.600781 0.00416565
76 0.404846 0.339258 0.147754 0.176172 0.00402451
79 0.263889 0.329688 0.115248 0.145313 0.00400543
79 0.218085 0.220313 0.143026 0.167969 0.00399017
79 0.546099 0.288281 0.1513 0.276563 0.0039444
79 0.263002 0.29668 0.0957447 0.0789063 0.00382423
44 0.404255 0.339063 0.147754 0.176563 0.00367928
79 0.262707 0.268945 0.0992908 0.116406 0.0036068
39 0.244385 0.233984 0.191489 0.197266 0.00356483
39 0.40529 0.337891 0.146868 0.171094 0.00335121
79 0.258274 0.231445 0.0874704 0.0699219 0.00333786
79 0.237589 0.287109 0.13948 0.0945313 0.00332451
79 0.42435 0.42959 0.211584 0.361133 0.00324821
79 0.491726 0.392188 0.0449173 0.0703125 0.00309944
79 0.426862 0.331641 0.193558 0.192188 0.003088
41 0.540189 0.262939 0.196217 0.330371 0.00301552
47 0.244976 0.236328 0.190898 0.203906 0.00296974
79 0.207742 0.414746 0.115248 0.423633 0.00292397
46 0.245272 0.237939 0.191489 0.207715 0.00277901
79 0.260047 0.248438 0.0874704 0.0953125 0.00264168
79 0.243499 0.267578 0.1513 0.126563 0.00259018
79 0.243499 0.243359 0.111702 0.0808594 0.00251198
41 0.603871 0.589453 0.435284 0.221094 0.00240517
14 0.404255 0.339063 0.147754 0.176563 0.00237846
79 0.25 0.296094 0.138298 0.0789063 0.00232315
79 0.231678 0.249609 0.154846 0.120313 0.00218201
79 0.251182 0.224023 0.106974 0.0789063 0.00210762
46 0.40529 0.337891 0.146868 0.171094 0.00208282
79 0.307329 0.324219 0.06974 0.179688 0.0020504
79 0.215721 0.275391 0.121158 0.110547 0.00204277
79 0.374704 0.354688 0.0827423 0.139063 0.00201988
79 0.386525 0.392188 0.0661939 0.0632813 0.00189686
79 0.281324 0.252344 0.112293 0.124219 0.00185299
79 0.245863 0.200977 0.184397 0.132422 0.00182438
79 0.470301 0.557813 0.220154 0.276563 0.0018177
79 0.303487 0.319141 0.0833333 0.14375 0.00181007
79 0.483452 0.212891 0.0945626 0.127344 0.00179577
75 0.48685 0.659375 0.383274 0.364063 0.00177479
79 0.210402 0.199609 0.125296 0.101562 0.00176811
41 0.574468 0.567187 0.515366 0.26875 0.00175476
45 0.574468 0.610156 0.635934 0.545313 0.0017271
79 0.202719 0.266602 0.102246 0.0875 0.00168705
45 0.47503 0.773047 0.406915 0.200781 0.00163555
79 0.226064 0.294336 0.106383 0.0773438 0.00161648
46 0.522459 0.264453 0.177305 0.315625 0.00152493
79 0.317967 0.373437 0.104019 0.151562 0.00149536
25 0.536643 0.257861 0.193853 0.321777 0.00139904
39 0.369385 0.446777 0.199764 0.442383 0.00139904
79 0.533097 0.239844 0.118203 0.0632813 0.00137234
79 0.548463 0.210498 0.111111 0.105566 0.00131989
39 0.574468 0.610156 0.635934 0.545313 0.00130463
75 0.479905 0.770312 0.432624 0.259375 0.00129986
41 0.562648 0.639844 0.605201 0.476562 0.00125504
79 0.549645 0.176172 0.107565 0.0421875 0.00124454
79 0.373522 0.374609 0.0886525 0.0914062 0.00123978
60 0.50724 0.814063 0.968972 0.342187 0.00123978
75 0.470301 0.557813 0.220154 0.276563 0.00123501
47 0.40529 0.337891 0.146868 0.171094 0.0012064
39 0.470301 0.557813 0.220154 0.276563 0.0012064
79 0.520686 0.17583 0.161939 0.106934 0.00119686
43 0.404846 0.339258 0.147754 0.176172 0.00118828
79 0.326832 0.369531 0.0945626 0.107813 0.00118351
79 0.329196 0.387598 0.100473 0.124805 0.00117397
79 0.225768 0.210742 0.1513 0.101953 0.00115108
79 0.368794 0.388281 0.0969267 0.0679687 0.0011158
79 0.43617 0.286133 0.237589 0.287109 0.00109482
75 0.485816 0.724219 0.379433 0.189063 0.00106049
42 0.404846 0.339258 0.147754 0.176172 0.00104809
79 0.228428 0.228906 0.153073 0.0828125 0.00102806
39 0.565603 0.451953 0.658392 0.580469 0.00102425
39 0.346336 0.399902 0.223404 0.523633 0.00102043
58 0.535461 0.261914 0.199764 0.330859 0.00101662
79 0.4013 0.385938 0.118203 0.0789063 0.00101185
79 0.404846 0.339453 0.147754 0.175781 0.95459
79 0.525414 0.260547 0.178487 0.317969 0.539062
41 0.573286 0.550781 0.641844 0.701563 0.474609
79 0.24409 0.236523 0.189125 0.202734 0.399902
79 0.246749 0.276367 0.183806 0.251172 0.252441
79 0.404108 0.404687 0.149232 0.307031 0.233765
79 0.24409 0.378809 0.165485 0.37207 0.119202
79 0.533688 0.186377 0.183215 0.177246 0.078064
39 0.537825 0.263086 0.196217 0.329297 0.0528259
75 0.576241 0.61875 0.634752 0.557813 0.0448608
79 0.267435 0.349219 0.215721 0.336719 0.0446777
79 0.543735 0.224609 0.186761 0.254297 0.0437012
79 0.229314 0.417969 0.13948 0.40625 0.0319824
79 0.31383 0.311914 0.120567 0.244141 0.0288696
79 0.401891 0.466309 0.15721 0.437695 0.0278015
79 0.291667 0.279883 0.108747 0.268359 0.026062
25 0.404255 0.339453 0.147754 0.176563 0.0236053
79 0.234043 0.322656 0.171395 0.288281 0.0204926
79 0.314421 0.34668 0.171395 0.270703 0.0202484
79 0.281915 0.406348 0.211584 0.413867 0.0193481
39 0.247045 0.273486 0.190307 0.274902 0.0182648
79 0.554965 0.265039 0.164303 0.314453 0.0173798
75 0.478723 0.770312 0.397163 0.192188 0.0172424
79 0.51182 0.220313 0.179669 0.167578 0.0162201
79 0.325059 0.408496 0.176123 0.35332 0.0141144
79 0.5 0.278076 0.208038 0.293848 0.0133743
41 0.47695 0.774609 0.407801 0.203906 0.0123825
79 0.351064 0.40791 0.20922 0.531055 0.0120544
79 0.260638 0.208789 0.138298 0.130078 0.0115051
79 0.227246 0.192969 0.156619 0.113281 0.0113754
79 0.373818 0.44834 0.197991 0.398633 0.01017
79 0.25266 0.382812 0.202719 0.479688 0.0091629
79 0.214539 0.220752 0.135934 0.168652 0.008255
79 0.29078 0.271875 0.106383 0.133594 0.00631332
79 0.402926 0.300781 0.15396 0.249219 0.00595856
79 0.303782 0.283203 0.0827423 0.208594 0.005867
79 0.27305 0.229346 0.126478 0.147559 0.00584412
75 0.536052 0.262451 0.198582 0.330566 0.00579834
79 0.205674 0.415723 0.109929 0.426367 0.00551224
25 0.24409 0.234961 0.189125 0.200391 0.00521851
79 0.336879 0.449609 0.152482 0.364844 0.00510025
79 0.492317 0.392188 0.0449173 0.0703125 0.00482941
39 0.40529 0.337891 0.146868 0.171094 0.00477219
79 0.535461 0.222266 0.134752 0.100781 0.00455475
39 0.246454 0.339844 0.190307 0.40625 0.00455475
79 0.527187 0.155273 0.153664 0.09375 0.00448608
41 0.540189 0.262939 0.196217 0.32959 0.0041008
79 0.264775 0.328711 0.115839 0.149609 0.00400543
79 0.258274 0.273828 0.117021 0.11875 0.00392914
79 0.424941 0.434766 0.208038 0.36875 0.00391388
79 0.475325 0.557813 0.207742 0.278125 0.00385475
79 0.400857 0.358398 0.129728 0.133203 0.00382423
79 0.508274 0.196143 0.198582 0.188184 0.00382423
39 0.244385 0.23418 0.190307 0.197266 0.00380898
79 0.38948 0.468359 0.206856 0.494531 0.00380898
79 0.286643 0.416309 0.271868 0.56582 0.00374985
75 0.565012 0.463965 0.659574 0.606445 0.0037365
79 0.262411 0.296094 0.0975177 0.0828125 0.00327301
79 0.219858 0.288281 0.104019 0.0957031 0.00317192
40 0.574616 0.59375 0.633274 0.584375 0.00317192
79 0.259456 0.23125 0.0910165 0.0738281 0.00300407
46 0.40529 0.337891 0.146868 0.171094 0.00299263
47 0.244976 0.236133 0.189125 0.202734 0.00290108
45 0.576241 0.61875 0.634752 0.557813 0.00286674
46 0.245567 0.238672 0.190307 0.208203 0.00271416
79 0.276891 0.282422 0.25 0.301563 0.00271416
79 0.246454 0.286328 0.14539 0.0992187 0.00258064
76 0.404846 0.339453 0.147754 0.175781 0.00255013
79 0.386525 0.392578 0.0673759 0.0632813 0.00254059
44 0.404255 0.339258 0.147754 0.176172 0.00251198
79 0.260638 0.249023 0.0874704 0.096875 0.00242424
79 0.428487 0.328711 0.195035 0.197266 0.00240517
79 0.215426 0.275977 0.12234 0.1125 0.00239754
79 0.267731 0.261719 0.0874704 0.122656 0.00232315
79 0.243794 0.267383 0.1513 0.127734 0.00228691
79 0.240544 0.245117 0.118794 0.0851563 0.00223351
79 0.307624 0.321484 0.0691489 0.183594 0.00219917
46 0.522459 0.264648 0.174941 0.311328 0.00212479
41 0.503398 0.439453 0.775709 0.607813 0.00198746
79 0.202719 0.267969 0.102837 0.090625 0.00195694
79 0.458038 0.403027 0.346336 0.612695 0.00194168
79 0.317967 0.374805 0.104019 0.153516 0.00193405
41 0.601655 0.591406 0.437352 0.219531 0.00191212
79 0.210697 0.199658 0.125887 0.102246 0.00188255
79 0.231678 0.249805 0.154846 0.124609 0.00187492
79 0.251773 0.220703 0.111111 0.0875 0.0018034
79 0.281915 0.252148 0.111111 0.126953 0.00176144
79 0.249409 0.234375 0.0910165 0.0601563 0.00174809
79 0.375296 0.354688 0.0851064 0.139063 0.00173378
25 0.520095 0.274023 0.170213 0.295703 0.00165462
39 0.368203 0.453809 0.189125 0.442383 0.00162888
79 0.294326 0.282031 0.0921986 0.170313 0.00161648
79 0.483452 0.213477 0.0945626 0.128125 0.00158501
79 0.549645 0.152441 0.160756 0.103711 0.00156689
79 0.373522 0.375781 0.0898345 0.0898438 0.00156116
79 0.368794 0.388965 0.0981087 0.0673828 0.00153637
79 0.329787 0.388379 0.100473 0.123242 0.00150108
47 0.40529 0.337891 0.146868 0.171094 0.00150108
14 0.404255 0.339258 0.147754 0.176172 0.00150108
79 0.327128 0.370313 0.0951537 0.10625 0.00139427
79 0.327423 0.405859 0.114657 0.135156 0.00132465
65 0.40529 0.338281 0.146868 0.175 0.00132465
75 0.48094 0.689453 0.383274 0.286719 0.00125504
25 0.246749 0.276367 0.183806 0.251172 0.00124931
79 0.400857 0.386816 0.117908 0.0779297 0.00121593
79 0.548463 0.210742 0.111111 0.106641 0.00119686
79 0.472961 0.322852 0.311761 0.210547 0.00119686
75 0.479905 0.783008 0.42435 0.262109 0.00116062
79 0.44208 0.369531 0.0555556 0.10625 0.00112438
25 0.543735 0.255664 0.189125 0.313672 0.00112438
79 0.197104 0.200586 0.0998818 0.090625 0.00110722
79 0.427896 0.286328 0.219858 0.28125 0.00110722
43 0.404846 0.339453 0.147754 0.175781 0.00108624
41 0.560136 0.560156 0.546395 0.279687 0.00108147
79 0.200355 0.25293 0.0986998 0.0640625 0.00107765
34 0.404255 0.339453 0.147754 0.176563 0.00107288
79 0.549645 0.175586 0.108747 0.0445313 0.00106907
39 0.475325 0.557813 0.207742 0.278125 0.00105667
79 0.471631 0.385547 0.0874704 0.0796875 0.00105286
79 0.338948 0.386816 0.103428 0.0888672 0.00104046
39 0.576241 0.61875 0.634752 0.557813 0.00104046
79 0.565012 0.168066 0.13948 0.136914 0.00102425
79 0.22104 0.224609 0.153664 0.118359 0.00102425
79 0.344267 0.49209 0.304374 0.498633 0.00100803
79 0.404846 0.339648 0.146572 0.176172 0.969727
79 0.526005 0.260352 0.178487 0.319141 0.598145
41 0.573877 0.542578 0.63948 0.664844 0.460938
79 0.24409 0.236719 0.189125 0.203125 0.443604
79 0.247045 0.276514 0.182033 0.250879 0.289307
79 0.404846 0.401172 0.148936 0.300781 0.229492
79 0.244681 0.369531 0.166667 0.35 0.143188
79 0.533097 0.186377 0.182033 0.177246 0.0994873
39 0.537825 0.263086 0.193853 0.330078 0.0630493
79 0.267139 0.342187 0.21513 0.317188 0.0549927
79 0.543144 0.225049 0.185579 0.256152 0.0467224
75 0.575059 0.599316 0.63948 0.591992 0.0456848
79 0.401744 0.466504 0.156324 0.438867 0.036499
79 0.312648 0.311719 0.122931 0.240625 0.0359497
79 0.293144 0.280078 0.105201 0.266406 0.0332031
79 0.22961 0.417969 0.140071 0.40625 0.0318604
25 0.404108 0.339648 0.146868 0.176953 0.0310211
79 0.232861 0.320703 0.169031 0.272656 0.0244293
79 0.282506 0.405469 0.210402 0.407813 0.0244293
39 0.24734 0.274805 0.190898 0.276953 0.0234222
79 0.312057 0.345508 0.172577 0.263672 0.0231476
79 0.51182 0.219092 0.177305 0.17041 0.0197144
79 0.320922 0.408691 0.177305 0.354492 0.0174408
79 0.555556 0.265283 0.161939 0.313184 0.016098
75 0.477689 0.773828 0.40396 0.199219 0.0154877
79 0.5 0.276172 0.205674 0.296875 0.0145035
79 0.373522 0.448535 0.1974 0.399805 0.013588
79 0.248818 0.361914 0.193853 0.445703 0.0120087
79 0.212766 0.221289 0.132388 0.169922 0.0112
79 0.22695 0.19375 0.156028 0.114844 0.0101318
41 0.477541 0.775195 0.410165 0.205859 0.00948334
79 0.350473 0.404687 0.206856 0.528125 0.00919342
79 0.261525 0.209424 0.137116 0.131152 0.00901794
79 0.335697 0.448047 0.148936 0.363281 0.0069313
75 0.536643 0.2625 0.196217 0.33125 0.00661469
79 0.492908 0.392188 0.0449173 0.0703125 0.00588989
25 0.24409 0.235107 0.188534 0.200879 0.00559998
79 0.206265 0.414746 0.111702 0.423633 0.00544739
79 0.291371 0.272461 0.106383 0.136719 0.00526047
79 0.304078 0.282422 0.0821513 0.210156 0.00510025
39 0.404846 0.337891 0.146572 0.171094 0.00492477
41 0.540189 0.262939 0.193853 0.330371 0.00482941
79 0.424941 0.432031 0.205674 0.360938 0.00477219
79 0.475768 0.557031 0.202128 0.278906 0.00477219
79 0.27305 0.229639 0.125296 0.148535 0.0046463
79 0.527187 0.156641 0.153664 0.096875 0.00365067
79 0.265366 0.328125 0.117021 0.15 0.00358009
46 0.404846 0.337891 0.146572 0.171094 0.00353813
75 0.565603 0.459375 0.656028 0.596875 0.00346947
41 0.49276 0.436328 0.796986 0.614062 0.00344276
39 0.24409 0.234375 0.190307 0.197656 0.00338936
79 0.245272 0.201123 0.183215 0.13291 0.00323486
79 0.535461 0.222266 0.134752 0.101172 0.00319672
79 0.286643 0.416016 0.270686 0.564844 0.00319672
45 0.576241 0.61875 0.634752 0.573438 0.00318527
79 0.388889 0.354297 0.112293 0.142188 0.00314713
79 0.259752 0.274414 0.114657 0.11875 0.00312424
40 0.575059 0.598047 0.631206 0.589844 0.00301552
79 0.222222 0.28125 0.122931 0.107031 0.00293541
79 0.385934 0.392578 0.06974 0.0632813 0.00283432
79 0.427748 0.329688 0.194149 0.195312 0.0027256
79 0.262411 0.296094 0.0981087 0.0851563 0.00270462
47 0.245272 0.236328 0.189125 0.203125 0.00266266
46 0.245272 0.239258 0.190307 0.209766 0.00265312
39 0.248818 0.361914 0.193853 0.445703 0.00246239
79 0.260047 0.231445 0.0933806 0.0800781 0.00236893
46 0.521868 0.263086 0.173759 0.314453 0.00231361
79 0.204787 0.276758 0.108156 0.110547 0.00221634
79 0.392435 0.292969 0.163121 0.289844 0.00221634
76 0.404846 0.339648 0.146572 0.176172 0.00210762
79 0.276596 0.284326 0.248227 0.305566 0.00209999
79 0.237589 0.272461 0.1513 0.123047 0.00208282
79 0.318558 0.373633 0.104019 0.149609 0.0020504
79 0.246454 0.286914 0.14539 0.0996094 0.00203514
79 0.261229 0.25 0.0886525 0.0992187 0.0019722
79 0.30792 0.320508 0.06974 0.181641 0.00196457
44 0.404108 0.339258 0.146868 0.176172 0.00195694
79 0.267731 0.261719 0.0874704 0.125781 0.00187492
25 0.521868 0.263086 0.173759 0.314453 0.00184631
41 0.604019 0.592578 0.432624 0.217969 0.00181007
79 0.239362 0.24668 0.122931 0.0898438 0.00179577
79 0.368203 0.388965 0.0957447 0.0673828 0.00176811
65 0.40529 0.338281 0.146868 0.175 0.00168705
79 0.373522 0.376953 0.0898345 0.0882813 0.00167465
39 0.365248 0.447266 0.184397 0.432031 0.00161076
79 0.330378 0.386621 0.100473 0.118945 0.00154305
79 0.28221 0.252344 0.111111 0.129688 0.00152493
79 0.219563 0.248828 0.144208 0.114063 0.0015192
47 0.404846 0.337891 0.146572 0.171094 0.00146675
79 0.462766 0.401953 0.335697 0.610938 0.00144386
79 0.251478 0.21875 0.114657 0.0953125 0.00138855
79 0.32831 0.405469 0.114066 0.132812 0.00137806
39 0.576241 0.61875 0.634752 0.573438 0.00135612
25 0.247045 0.276514 0.182033 0.250879 0.00132465
34 0.404108 0.339648 0.146868 0.176953 0.00131989
79 0.248227 0.235156 0.0945626 0.0625 0.00130939
41 0.564864 0.644531 0.605496 0.510938 0.0012846
79 0.400857 0.3875 0.117908 0.0757812 0.00127411
79 0.550236 0.154883 0.159574 0.108594 0.00126934
79 0.473848 0.325781 0.309988 0.203906 0.00123501
14 0.404108 0.339258 0.146868 0.176172 0.00118828
79 0.483452 0.213721 0.0945626 0.128809 0.00116539
79 0.426123 0.285938 0.216312 0.280469 0.00116539
79 0.44208 0.369531 0.0543735 0.10625 0.00114727
79 0.471631 0.385156 0.0898345 0.0804688 0.0011425
79 0.339244 0.387109 0.102837 0.0875 0.00112438
75 0.481678 0.725391 0.384161 0.214844 0.00106525
79 0.22961 0.294531 0.114066 0.078125 0.00106049
79 0.430112 0.55625 0.29344 0.282813 0.00106049
79 0.197104 0.20083 0.0998818 0.0913086 0.00105286
75 0.481678 0.789844 0.43026 0.26875 0.00104809
65 0.528369 0.261279 0.182033 0.327441 0.00104046
58 0.539007 0.262549 0.193853 0.331152 0.00101185
79 0.200946 0.25293 0.100473 0.0660156 0.00100803
79 0.404846 0.339453 0.146572 0.175781 0.971191
79 0.527187 0.261328 0.180851 0.321875 0.635254
41 0.575059 0.543359 0.632388 0.616406 0.501953
79 0.247931 0.277148 0.18617 0.256641 0.310791
79 0.244681 0.2375 0.190307 0.206641 0.309082
79 0.404108 0.411816 0.149232 0.323242 0.236572
79 0.247931 0.368945 0.173168 0.362109 0.131226
39 0.537825 0.263623 0.193853 0.331348 0.093689
79 0.534279 0.186279 0.182033 0.178223 0.0549927
39 0.247636 0.277295 0.191489 0.281348 0.0505066
79 0.401744 0.469434 0.156324 0.445508 0.0390625
75 0.577866 0.622656 0.64805 0.629687 0.0367737
25 0.404108 0.339453 0.146868 0.176563 0.032959
79 0.310875 0.310547 0.130024 0.242969 0.0294189
79 0.281915 0.406934 0.213948 0.43457 0.0293121
79 0.288416 0.280664 0.115839 0.269141 0.0278015
79 0.230792 0.41875 0.144799 0.4125 0.0231476
79 0.309102 0.344727 0.186761 0.277734 0.0197906
79 0.318558 0.410938 0.198582 0.39375 0.0189819
79 0.512411 0.225 0.180851 0.194922 0.0151291
79 0.374113 0.452344 0.195035 0.4125 0.0143356
79 0.233747 0.326758 0.171986 0.272266 0.0136337
79 0.348109 0.427344 0.202128 0.496875 0.00874329
75 0.477541 0.775195 0.408983 0.202734 0.00854492
79 0.252364 0.377344 0.199173 0.464063 0.00837708
79 0.336879 0.447266 0.160756 0.396094 0.00800323
75 0.536643 0.2625 0.196217 0.33125 0.0077858
79 0.212766 0.22168 0.131797 0.170703 0.00634003
39 0.25 0.361328 0.195035 0.448438 0.00584412
41 0.539598 0.263281 0.193853 0.33125 0.00553513
79 0.402482 0.296094 0.153664 0.260156 0.00547028
39 0.405585 0.3375 0.146277 0.171875 0.00519943
79 0.227541 0.194336 0.15721 0.116016 0.00494385
79 0.424941 0.439453 0.204492 0.374219 0.0045929
79 0.492317 0.392188 0.0449173 0.0710938 0.00457382
41 0.477394 0.777344 0.414007 0.20625 0.00416565
25 0.244681 0.2375 0.190307 0.206641 0.00407028
41 0.489362 0.433984 0.802601 0.628906 0.00407028
46 0.405585 0.3375 0.146277 0.171875 0.00391388
45 0.576684 0.630859 0.638593 0.605469 0.00391388
79 0.260343 0.210547 0.140071 0.133984 0.00341606
79 0.283688 0.417578 0.264775 0.565625 0.00325966
79 0.503546 0.19917 0.20331 0.196191 0.00317192
75 0.566194 0.464063 0.652482 0.607813 0.0029583
79 0.469858 0.279639 0.280142 0.296973 0.00288963
40 0.574468 0.60791 0.63357 0.607617 0.00284576
79 0.544917 0.289893 0.148936 0.272559 0.00281143
79 0.429078 0.327344 0.196217 0.2 0.00279045
79 0.304965 0.281982 0.0815603 0.216504 0.00270462
39 0.24409 0.237891 0.190307 0.205469 0.00263214
79 0.29078 0.275 0.107565 0.151562 0.00256157
46 0.245863 0.247461 0.190307 0.225781 0.00247192
79 0.478871 0.557031 0.195922 0.28125 0.00246239
46 0.522459 0.262549 0.174941 0.319434 0.00237846
65 0.405437 0.338281 0.146572 0.175781 0.00222588
79 0.274823 0.287305 0.244681 0.309766 0.00213242
47 0.245272 0.237305 0.189716 0.205078 0.0020752
79 0.390219 0.353906 0.115544 0.142969 0.00201035
79 0.27305 0.230664 0.126478 0.153125 0.0019722
79 0.267731 0.327148 0.121158 0.156641 0.00194168
79 0.527187 0.158691 0.153664 0.101758 0.00187492
39 0.348109 0.427344 0.202128 0.496875 0.00179577
79 0.38682 0.393066 0.0738771 0.0638672 0.00178242
25 0.529551 0.262842 0.183215 0.33291 0.00178242
79 0.245863 0.202539 0.183215 0.135547 0.00177479
76 0.404846 0.339453 0.146572 0.175781 0.00174809
39 0.576684 0.630859 0.638593 0.605469 0.00163555
44 0.404108 0.339453 0.146868 0.176563 0.00162315
79 0.535461 0.222656 0.134752 0.101172 0.00153637
34 0.404108 0.339453 0.146868 0.176563 0.00149536
79 0.504728 0.264111 0.257683 0.335059 0.0014782
41 0.247636 0.277295 0.191489 0.281348 0.00143814
79 0.260638 0.275781 0.114657 0.117969 0.00135612
47 0.405585 0.3375 0.146277 0.171875 0.00135612
79 0.223404 0.281445 0.125296 0.108594 0.00133514
79 0.262411 0.298242 0.0992908 0.0988281 0.00133514
79 0.317967 0.373242 0.105201 0.150391 0.00124454
79 0.369976 0.389844 0.107565 0.06875 0.0012207
41 0.613475 0.596875 0.420804 0.207813 0.00117397
79 0.30792 0.319531 0.070922 0.183594 0.00115108
41 0.565012 0.651563 0.612293 0.546875 0.00115108
58 0.539007 0.262891 0.193853 0.332031 0.00112915
43 0.404846 0.339453 0.146572 0.175781 0.00110722
25 0.247931 0.277148 0.18617 0.256641 0.0011034
79 0.375887 0.376953 0.0969267 0.0898438 0.00109482
79 0.33156 0.501172 0.346336 0.572656 0.00108624
79 0.42893 0.287109 0.224882 0.283594 0.00107288
65 0.529551 0.262842 0.183215 0.33291 0.00105667
79 0.262116 0.232227 0.101064 0.0941406 0.00104427
39 0.283688 0.417578 0.264775 0.565625 0.00100803
79 0.40529 0.339258 0.146868 0.175391 0.964844
79 0.52896 0.261914 0.184397 0.322266 0.631836
41 0.572104 0.578516 0.635934 0.677344 0.57373
79 0.247636 0.267383 0.192671 0.263672 0.289307
79 0.404108 0.415234 0.149232 0.330469 0.248047
39 0.537234 0.263672 0.195035 0.332031 0.115173
79 0.250296 0.371875 0.177896 0.379688 0.113586
41 0.550827 0.477344 0.678487 0.640625 0.0692749
39 0.248227 0.278516 0.192671 0.283594 0.0665894
79 0.256797 0.306445 0.200355 0.298828 0.0661011
79 0.401891 0.470313 0.158392 0.446875 0.0387573
79 0.281324 0.408984 0.218676 0.455469 0.0314941
75 0.580526 0.636328 0.666371 0.661719 0.0307922
25 0.404108 0.339063 0.146868 0.176563 0.0284424
79 0.53487 0.188477 0.184397 0.183203 0.0262604
79 0.310284 0.309766 0.141844 0.246094 0.0227203
79 0.282506 0.281445 0.128842 0.270703 0.0196381
79 0.316785 0.4125 0.21513 0.420312 0.0193481
79 0.231678 0.418848 0.148936 0.424805 0.0182648
79 0.305851 0.346289 0.202719 0.294141 0.0171051
79 0.374409 0.45459 0.194444 0.418945 0.0147858
39 0.250591 0.361523 0.196217 0.448828 0.0116882
79 0.513002 0.237842 0.186761 0.231348 0.0106964
79 0.33747 0.446191 0.170213 0.423242 0.00898743
75 0.539007 0.263086 0.191489 0.333203 0.0085144
79 0.317671 0.414453 0.248818 0.533594 0.00806427
79 0.233747 0.332227 0.171986 0.290234 0.00757599
79 0.214539 0.226758 0.13357 0.178516 0.00595856
79 0.251182 0.441797 0.169031 0.478125 0.00593567
41 0.539007 0.263623 0.193853 0.331348 0.005867
79 0.236407 0.239502 0.174941 0.206152 0.00538635
39 0.405585 0.337695 0.146277 0.172266 0.00527954
79 0.402482 0.292578 0.153664 0.26875 0.00526047
45 0.576241 0.640723 0.646572 0.638867 0.00475693
79 0.424202 0.446094 0.203605 0.388281 0.00450516
79 0.492317 0.392188 0.0449173 0.0710938 0.00407028
79 0.287825 0.452344 0.268322 0.585938 0.00367928
46 0.405585 0.337695 0.146277 0.172266 0.00365067
75 0.47695 0.776367 0.414894 0.209766 0.00332451
79 0.227246 0.194336 0.156619 0.116016 0.00293541
40 0.573286 0.620313 0.638298 0.642188 0.00260162
65 0.405437 0.338281 0.146572 0.175 0.00254059
25 0.245272 0.255859 0.191489 0.24375 0.0024929
75 0.565012 0.484766 0.654846 0.655469 0.002388
79 0.471779 0.279639 0.283392 0.297754 0.00237846
79 0.502955 0.203125 0.213948 0.204688 0.00226974
46 0.52305 0.262891 0.176123 0.320312 0.00220871
79 0.431442 0.321484 0.202128 0.211719 0.00213242
79 0.546099 0.290234 0.153664 0.271875 0.00204277
39 0.317671 0.414453 0.248818 0.533594 0.00192642
41 0.248227 0.278516 0.192671 0.283594 0.00175476
79 0.305851 0.281689 0.0809693 0.220996 0.0017271
25 0.530733 0.263672 0.186761 0.335156 0.0017004
41 0.477394 0.778906 0.418735 0.210938 0.00160408
79 0.258865 0.211328 0.143026 0.135937 0.00158501
46 0.246158 0.260498 0.190898 0.25166 0.00155449
39 0.576241 0.640723 0.646572 0.638867 0.00152493
76 0.40529 0.339258 0.146868 0.175391 0.00148392
39 0.244681 0.234375 0.190307 0.197656 0.00146675
79 0.480053 0.558594 0.198286 0.284375 0.00146675
79 0.291076 0.278125 0.108156 0.167187 0.00145531
79 0.38948 0.353711 0.113475 0.142578 0.00138283
34 0.404108 0.339063 0.146868 0.176563 0.00131989
47 0.405585 0.337695 0.146277 0.172266 0.00131512
47 0.246454 0.261768 0.192671 0.256152 0.00129414
44 0.404108 0.339258 0.146868 0.176172 0.00126934
43 0.40529 0.339258 0.146868 0.175391 0.0012064
79 0.340721 0.516016 0.375296 0.671094 0.00118828
65 0.530733 0.263672 0.186761 0.335156 0.00112438
79 0.527778 0.160352 0.154846 0.105859 0.00111198
79 0.269504 0.325391 0.125296 0.164844 0.00108624
79 0.387116 0.392578 0.0768322 0.0640625 0.00106907
58 0.539598 0.262842 0.193853 0.332129 0.00106525
79 0.419769 0.505078 0.236111 0.391406 0.00103664
79 0.272163 0.231641 0.126478 0.15625 0.00100422
79 0.404846 0.339453 0.147754 0.175 0.961914
79 0.529551 0.262305 0.186761 0.323047 0.65332
41 0.570774 0.583984 0.638593 0.691406 0.575684
79 0.404255 0.411621 0.150118 0.323633 0.287842
79 0.247636 0.268164 0.193853 0.265234 0.267334
39 0.536643 0.263672 0.196217 0.332031 0.134766
79 0.251478 0.370898 0.180851 0.381641 0.11676
39 0.248818 0.278955 0.193262 0.284277 0.0703125
79 0.257092 0.306641 0.200946 0.300781 0.064209
41 0.54669 0.475781 0.686761 0.632812 0.0623169
79 0.402482 0.469629 0.158392 0.445117 0.0460205
79 0.281324 0.408984 0.219858 0.458594 0.0380249
75 0.580969 0.638379 0.672577 0.668555 0.0271759
25 0.404255 0.339063 0.147754 0.175781 0.0266571
79 0.316194 0.411328 0.223404 0.427344 0.0222015
79 0.310284 0.309766 0.146572 0.246875 0.0205688
79 0.232565 0.418066 0.151891 0.426367 0.0200958
79 0.376182 0.454297 0.19208 0.419531 0.0185394
79 0.304965 0.347461 0.210402 0.300391 0.0167236
79 0.279255 0.28125 0.135343 0.271875 0.0165253
39 0.250591 0.359766 0.1974 0.444531 0.0150146
79 0.535461 0.202393 0.186761 0.21084 0.0123367
79 0.33747 0.442871 0.173759 0.433008 0.0115509
79 0.514184 0.243945 0.191489 0.250391 0.00908661
75 0.538416 0.263281 0.192671 0.333594 0.00763702
79 0.310875 0.405859 0.260047 0.525 0.00751877
79 0.211584 0.226904 0.127069 0.178223 0.00664139
79 0.233452 0.332227 0.171395 0.292578 0.00656509
41 0.539007 0.263721 0.193853 0.331934 0.00600433
39 0.405585 0.337891 0.146277 0.172656 0.00544739
45 0.57565 0.642578 0.652482 0.647656 0.0049057
79 0.401744 0.291016 0.15396 0.272656 0.00484848
79 0.492317 0.391797 0.0449173 0.0710938 0.00448608
46 0.405585 0.337891 0.146277 0.172656 0.00362206
40 0.57565 0.642578 0.652482 0.647656 0.00299263
65 0.405437 0.338281 0.146572 0.175 0.00279999
75 0.476212 0.777344 0.416371 0.2125 0.00248146
79 0.22695 0.194531 0.156028 0.116016 0.00232315
39 0.57565 0.642578 0.652482 0.647656 0.00223351
46 0.523641 0.263281 0.177305 0.320312 0.00218201
79 0.472222 0.279297 0.283688 0.298438 0.00217438
25 0.245567 0.259961 0.19208 0.251953 0.00214958
39 0.310875 0.405859 0.260047 0.525 0.00211525
79 0.546099 0.289648 0.156028 0.272266 0.00201988
79 0.501182 0.205908 0.223404 0.210059 0.00194931
41 0.248818 0.278955 0.193262 0.284277 0.00184631
79 0.433806 0.315625 0.20922 0.224219 0.00178242
25 0.531915 0.264453 0.189125 0.336719 0.00176811
75 0.5625 0.48291 0.65987 0.65293 0.00176811
79 0.245567 0.227783 0.189125 0.186621 0.00163555
46 0.245567 0.26582 0.193262 0.260547 0.00158501
47 0.246749 0.262695 0.193262 0.257422 0.00152493
79 0.479905 0.558984 0.204492 0.285938 0.00150108
47 0.405585 0.337891 0.146277 0.172656 0.00135612
79 0.306147 0.282031 0.0815603 0.221875 0.00134563
34 0.404255 0.339063 0.147754 0.175781 0.00126457
79 0.417849 0.503809 0.225768 0.395508 0.0012598
39 0.244681 0.234766 0.191489 0.198437 0.00122547
79 0.352246 0.513281 0.400709 0.676562 0.0012207
79 0.265957 0.216797 0.12766 0.141797 0.00119686
43 0.404846 0.339453 0.147754 0.175 0.00119686
41 0.595745 0.660937 0.801418 0.646875 0.00118828
76 0.404846 0.339453 0.147754 0.175 0.00118351
65 0.531915 0.264453 0.189125 0.336719 0.00116539
79 0.291076 0.280078 0.108156 0.175 0.00115108
79 0.389923 0.353711 0.113771 0.142578 0.0011425
41 0.477394 0.779688 0.421099 0.2125 0.0011425
41 0.352246 0.513281 0.400709 0.676562 0.00112915
44 0.404846 0.339453 0.147754 0.175 0.00103664
41 0.391105 0.505371 0.182329 0.539258 0.00103188
79 0.40529 0.339258 0.146868 0.174609 0.944824
79 0.530733 0.263623 0.191489 0.325098 0.672363
41 0.567967 0.60625 0.64539 0.696875 0.596191
79 0.404846 0.417871 0.150118 0.33457 0.366699
79 0.247636 0.270117 0.193853 0.269141 0.190674
39 0.536643 0.264062 0.196217 0.332813 0.157104
79 0.252364 0.380859 0.183215 0.41875 0.111267
39 0.248818 0.291016 0.193853 0.30625 0.0680542
79 0.257388 0.30918 0.199173 0.311328 0.0554199
41 0.532506 0.492188 0.71513 0.6625 0.0472412
79 0.280142 0.408691 0.219858 0.481055 0.0411377
39 0.250591 0.364258 0.196217 0.453516 0.0280151
79 0.406619 0.478516 0.167849 0.454688 0.0253754
79 0.316785 0.408203 0.22695 0.453125 0.0240479
79 0.378546 0.456641 0.188534 0.427344 0.021698
25 0.404108 0.339063 0.146868 0.175 0.0206451
75 0.580378 0.646094 0.685579 0.667188 0.016098
79 0.313534 0.308398 0.140071 0.253516 0.0158386
79 0.308215 0.351758 0.209811 0.333984 0.0152512
79 0.234338 0.416797 0.157801 0.447656 0.0149536
79 0.272459 0.281641 0.148936 0.275781 0.0116425
79 0.302305 0.423828 0.271277 0.575 0.00894928
79 0.42893 0.336328 0.201241 0.185156 0.00790405
75 0.537825 0.263867 0.193853 0.334766 0.006073
39 0.405585 0.338086 0.146277 0.173828 0.00584412
41 0.537825 0.264258 0.193853 0.332422 0.00582123
79 0.401891 0.288672 0.154846 0.280469 0.00577545
45 0.575059 0.649219 0.663121 0.651563 0.00510025
79 0.208629 0.232422 0.121749 0.188281 0.00415039
46 0.405585 0.338086 0.146277 0.173828 0.00365067
79 0.234043 0.341211 0.172577 0.320703 0.00363541
79 0.491726 0.392188 0.0449173 0.0703125 0.00345612
79 0.51182 0.233984 0.222222 0.258203 0.00345612
79 0.533097 0.186914 0.186761 0.179297 0.00333786
65 0.405437 0.338281 0.146572 0.174219 0.00301552
40 0.575059 0.649219 0.663121 0.651563 0.00293541
39 0.302305 0.423828 0.271277 0.575 0.00255013
39 0.575059 0.649219 0.663121 0.651563 0.00233269
79 0.343972 0.467285 0.166667 0.498242 0.00220871
79 0.473995 0.278467 0.282506 0.300098 0.00208282
46 0.523641 0.264258 0.182033 0.323047 0.00206757
41 0.249409 0.281055 0.193853 0.287891 0.00182438
25 0.532506 0.266211 0.191489 0.340234 0.00179577
41 0.36643 0.525391 0.431442 0.746094 0.00174141
75 0.476359 0.779883 0.41844 0.218359 0.00173378
79 0.36643 0.525391 0.431442 0.746094 0.00161076
79 0.226359 0.194189 0.154846 0.115527 0.00154305
46 0.245863 0.266211 0.193853 0.261328 0.00148964
41 0.592346 0.663184 0.815307 0.643945 0.0014782
25 0.245863 0.266211 0.193853 0.261328 0.00143242
47 0.405585 0.338086 0.146277 0.173828 0.00142097
79 0.441933 0.303125 0.227246 0.249219 0.00138283
47 0.246749 0.264893 0.193853 0.261621 0.00137806
79 0.245863 0.23042 0.190307 0.191504 0.00135136
79 0.41711 0.504297 0.222518 0.403906 0.00134087
43 0.40529 0.339258 0.146868 0.174609 0.0012598
34 0.404108 0.339063 0.146868 0.175 0.00121117
41 0.397754 0.514063 0.179669 0.585938 0.00109863
75 0.555556 0.499609 0.674941 0.691406 0.00109863
41 0.302305 0.423828 0.271277 0.575 0.00101185
79 0.405437 0.339258 0.146572 0.174609 0.930664
79 0.530733 0.264648 0.190307 0.326953 0.666992
41 0.566194 0.617188 0.648936 0.692187 0.607422
79 0.404846 0.421191 0.150118 0.341992 0.38501
39 0.536052 0.264111 0.196217 0.333496 0.146118
79 0.24734 0.271484 0.193853 0.271875 0.143188
79 0.249113 0.32207 0.18617 0.330859 0.135742
39 0.248227 0.297461 0.193853 0.323047 0.0670776
79 0.236702 0.396875 0.166076 0.438281 0.0549927
79 0.270095 0.369336 0.212766 0.425391 0.0495911
41 0.524675 0.506641 0.728428 0.688281 0.0380249
39 0.25 0.366602 0.195035 0.458203 0.0321045
79 0.406028 0.478809 0.166667 0.454883 0.0272675
79 0.316194 0.405078 0.213948 0.4625 0.0250854
79 0.381206 0.456934 0.183215 0.429883 0.0228882
25 0.404108 0.339258 0.146868 0.174609 0.0177765
79 0.28753 0.430859 0.216903 0.528125 0.0160217
79 0.312648 0.353906 0.195035 0.349219 0.0145569
79 0.316194 0.30957 0.12766 0.257422 0.0137939
79 0.300532 0.443848 0.273641 0.620117 0.011116
79 0.274527 0.283252 0.144799 0.277246 0.0100937
75 0.57698 0.649121 0.685284 0.662695 0.00930023
79 0.299054 0.299609 0.108747 0.260938 0.00717545
79 0.429078 0.335742 0.20331 0.186328 0.00679779
79 0.558511 0.266992 0.156028 0.311328 0.00651169
39 0.405437 0.338281 0.14539 0.175 0.00634003
41 0.537234 0.264258 0.195035 0.333203 0.00631332
79 0.402039 0.288867 0.155733 0.282422 0.00575256
75 0.537825 0.264648 0.193853 0.336328 0.00527954
45 0.57432 0.652246 0.664598 0.650195 0.00432968
79 0.206856 0.239014 0.117021 0.200879 0.00372124
46 0.405437 0.338281 0.14539 0.175 0.00345612
65 0.405437 0.338086 0.146572 0.174609 0.00329781
79 0.492317 0.392578 0.0437352 0.0695313 0.00298119
79 0.342199 0.461328 0.164303 0.511719 0.00261116
39 0.300532 0.443848 0.273641 0.620117 0.00260162
40 0.57432 0.652246 0.664598 0.650195 0.00259018
41 0.386525 0.530371 0.473995 0.770508 0.00235939
79 0.533097 0.18833 0.186761 0.182715 0.00233269
41 0.248818 0.284375 0.193853 0.296875 0.0020504
25 0.532506 0.26792 0.191489 0.343066 0.00193405
46 0.524823 0.265234 0.182033 0.325 0.00191212
39 0.57432 0.652246 0.664598 0.650195 0.00179577
79 0.386525 0.530371 0.473995 0.770508 0.00178242
79 0.476359 0.27793 0.276596 0.301172 0.00173378
79 0.225768 0.194189 0.153664 0.115527 0.00166798
79 0.274232 0.299805 0.243499 0.330078 0.00145531
75 0.476212 0.781055 0.416371 0.219141 0.00142097
79 0.494681 0.216357 0.238771 0.232129 0.00136185
79 0.417405 0.505859 0.219563 0.400781 0.00134087
47 0.405437 0.338281 0.14539 0.175 0.00133038
41 0.402482 0.518066 0.185579 0.624805 0.00131512
41 0.300532 0.443848 0.273641 0.620117 0.00130463
43 0.405437 0.339258 0.146572 0.174609 0.00129986
25 0.24734 0.271484 0.193853 0.271875 0.00127411
46 0.245863 0.266455 0.193262 0.262402 0.0011692
47 0.246454 0.266797 0.193853 0.264844 0.00115108
34 0.404108 0.339258 0.146868 0.174609 0.00115108
79 0.242908 0.226904 0.190307 0.183691 0.0011158
41 0.251773 0.376953 0.199173 0.476562 0.00109482
73 0.405437 0.338281 0.14539 0.175 0.00106907
79 0.402482 0.518066 0.185579 0.624805 0.00103188
79 0.40529 0.339063 0.146868 0.175 0.923828
79 0.529551 0.265234 0.189125 0.328125 0.658203
41 0.566194 0.622266 0.648936 0.692969 0.647949
79 0.404846 0.416406 0.150118 0.332813 0.381104
39 0.534279 0.264258 0.196217 0.333984 0.129395
79 0.248522 0.321289 0.183806 0.325391 0.12854
79 0.247045 0.27168 0.193853 0.273047 0.125122
39 0.247931 0.297656 0.193262 0.323438 0.0692749
79 0.235816 0.396484 0.164303 0.436719 0.0661011
79 0.269504 0.363281 0.212766 0.407813 0.0492249
41 0.52896 0.514453 0.719858 0.700781 0.0374756
79 0.405585 0.478027 0.165189 0.45332 0.0299835
39 0.249409 0.365625 0.195035 0.457813 0.028656
79 0.312943 0.403516 0.199173 0.453125 0.025177
79 0.28753 0.428125 0.213357 0.523438 0.0181274
25 0.404108 0.339258 0.146868 0.174609 0.0175781
79 0.312648 0.351172 0.183215 0.335938 0.0142288
79 0.316194 0.312109 0.120567 0.253125 0.0134277
79 0.301418 0.443652 0.274232 0.62207 0.0115509
79 0.278369 0.284326 0.135934 0.27666 0.00948334
79 0.559102 0.266406 0.153664 0.313281 0.00919342
39 0.405437 0.338477 0.14539 0.176172 0.00793457
75 0.573877 0.651563 0.674941 0.654688 0.00743103
41 0.535461 0.264111 0.196217 0.333496 0.00621796
79 0.42893 0.334766 0.203605 0.188281 0.00566483
75 0.536643 0.264844 0.193853 0.3375 0.00503922
79 0.402039 0.288867 0.155733 0.283203 0.00439835
79 0.205083 0.243408 0.113475 0.210059 0.00385475
79 0.491726 0.392969 0.0449173 0.06875 0.00353813
45 0.574616 0.654785 0.661643 0.643555 0.00353813
46 0.405437 0.338477 0.14539 0.176172 0.00349617
65 0.405437 0.338281 0.146572 0.175 0.00349617
79 0.338948 0.461719 0.158983 0.504687 0.00324821
41 0.469119 0.574316 0.477837 0.720117 0.00321007
41 0.367021 0.533594 0.433806 0.776563 0.00286674
79 0.213948 0.273389 0.130024 0.27041 0.00282288
40 0.569888 0.647754 0.649823 0.666992 0.00277901
41 0.248227 0.285156 0.193853 0.298438 0.00268364
79 0.368794 0.484473 0.196217 0.466992 0.00258064
39 0.301418 0.443652 0.274232 0.62207 0.00234222
25 0.529551 0.265234 0.189125 0.328125 0.00225258
46 0.524232 0.26582 0.180851 0.326172 0.00215721
79 0.225177 0.194189 0.152482 0.115527 0.00203514
79 0.367021 0.533594 0.433806 0.776563 0.0018177
79 0.533097 0.190039 0.186761 0.185547 0.00170708
39 0.574616 0.654785 0.661643 0.643555 0.00167465
41 0.301418 0.443652 0.274232 0.62207 0.00161648
41 0.402482 0.523438 0.190307 0.6375 0.00157356
79 0.416667 0.506934 0.216312 0.401758 0.00145531
79 0.274232 0.300391 0.243499 0.332031 0.00145531
73 0.405437 0.338477 0.14539 0.176172 0.00138283
75 0.476359 0.779688 0.417258 0.21875 0.00134563
79 0.491135 0.217969 0.235225 0.235156 0.00131512
79 0.485816 0.563672 0.191489 0.298438 0.00130463
41 0.251773 0.376172 0.199173 0.475 0.00127411
46 0.246454 0.267578 0.193853 0.266406 0.00126457
79 0.484043 0.27793 0.258865 0.301953 0.00126457
47 0.405437 0.338477 0.14539 0.176172 0.00125504
47 0.246454 0.267578 0.193853 0.266406 0.00124454
25 0.247045 0.27168 0.193853 0.273047 0.00123024
34 0.404108 0.339258 0.146868 0.174609 0.0012207
43 0.40529 0.339063 0.146868 0.175 0.00117874
25 0.404846 0.416406 0.150118 0.332813 0.00117874
79 0.266844 0.216748 0.125887 0.142285 0.00115108
75 0.248227 0.283594 0.192671 0.29375 0.0011158
79 0.402482 0.523438 0.190307 0.6375 0.00110722
79 0.399379 0.358594 0.130319 0.133594 0.0011034
79 0.242317 0.23042 0.189125 0.190723 0.00106907
79 0.40529 0.338867 0.146868 0.174609 0.923828
41 0.566785 0.644141 0.648936 0.639844 0.675781
79 0.528369 0.26543 0.189125 0.328516 0.620605
79 0.404108 0.400098 0.149232 0.299805 0.350342
79 0.247045 0.271875 0.193853 0.274219 0.134766
39 0.534279 0.264258 0.198582 0.333984 0.115967
79 0.249409 0.371875 0.178487 0.392188 0.112
39 0.247636 0.282422 0.192671 0.291406 0.0803833
41 0.549793 0.519922 0.685284 0.732031 0.0680542
79 0.402482 0.46709 0.156028 0.437695 0.0570679
79 0.257092 0.310156 0.196217 0.300781 0.0423889
79 0.280142 0.403809 0.216312 0.45957 0.0417786
39 0.25 0.364844 0.196217 0.45625 0.0214539
79 0.231678 0.413672 0.154846 0.450781 0.0209656
25 0.404108 0.339258 0.146868 0.174609 0.0179138
79 0.328901 0.434375 0.158983 0.447656 0.0154266
79 0.314421 0.31543 0.119385 0.241797 0.01297
79 0.309693 0.348438 0.180851 0.309375 0.0127258
79 0.3026 0.440625 0.281324 0.617188 0.0100555
39 0.405585 0.338281 0.146277 0.175781 0.00985718
79 0.560284 0.266602 0.1513 0.312891 0.00959778
79 0.27896 0.28457 0.132388 0.274609 0.00919342
41 0.53487 0.264111 0.198582 0.333496 0.00712204
75 0.57565 0.655859 0.6513 0.625781 0.00636292
41 0.487145 0.595215 0.673463 0.717383 0.00621796
75 0.536643 0.264453 0.196217 0.336719 0.00542831
79 0.422577 0.441504 0.199764 0.381055 0.00508118
79 0.491726 0.393066 0.0449173 0.0685547 0.00496292
79 0.427896 0.335352 0.202128 0.187109 0.00471878
79 0.204492 0.242383 0.112884 0.207422 0.00426483
79 0.229905 0.343164 0.164303 0.341016 0.00388527
46 0.405585 0.338281 0.146277 0.175781 0.00378036
41 0.248227 0.282764 0.193853 0.293848 0.00372124
65 0.405437 0.338281 0.146572 0.175 0.00353813
41 0.357861 0.528906 0.416667 0.75625 0.00336266
41 0.464539 0.578906 0.485816 0.695312 0.00329781
45 0.57565 0.655859 0.6513 0.625781 0.00288963
79 0.4013 0.289258 0.154846 0.281641 0.00287819
40 0.571513 0.650391 0.643026 0.646094 0.00281143
79 0.212766 0.27168 0.12766 0.266797 0.00261116
79 0.224882 0.19375 0.151891 0.114844 0.00228691
25 0.528369 0.26543 0.189125 0.328516 0.00222588
79 0.367612 0.485156 0.196217 0.457813 0.00221634
46 0.523641 0.265674 0.182033 0.326465 0.00218201
41 0.3026 0.440625 0.281324 0.617188 0.00204277
39 0.3026 0.440625 0.281324 0.617188 0.00191212
41 0.476507 0.779688 0.422872 0.214062 0.00174141
41 0.4013 0.524609 0.202128 0.644531 0.00174141
79 0.480496 0.565234 0.205674 0.300781 0.0017271
73 0.405585 0.338281 0.146277 0.175781 0.0015974
79 0.533097 0.190625 0.189125 0.187109 0.00153065
79 0.303191 0.448047 0.189125 0.552344 0.00151253
39 0.57565 0.655859 0.6513 0.625781 0.00150681
79 0.357861 0.528906 0.416667 0.75625 0.00149536
46 0.245272 0.263623 0.193262 0.25791 0.0014782
79 0.267435 0.215186 0.125296 0.13916 0.00146675
75 0.247636 0.282422 0.192671 0.291406 0.00146675
79 0.400857 0.505371 0.195922 0.456445 0.00146103
41 0.252955 0.375098 0.202128 0.47168 0.0014267
77 0.245863 0.267236 0.193853 0.265527 0.00137234
75 0.475768 0.776563 0.41844 0.214062 0.00137234
79 0.399527 0.358398 0.131206 0.133984 0.00132465
79 0.488327 0.214844 0.229019 0.228906 0.00132465
47 0.245863 0.267236 0.193853 0.265527 0.00130463
47 0.405585 0.338281 0.146277 0.175781 0.00129986
25 0.245272 0.263623 0.193262 0.25791 0.00124931
43 0.40529 0.338867 0.146868 0.174609 0.00111198
34 0.404108 0.339258 0.146868 0.174609 0.00108624
79 0.404108 0.338672 0.146868 0.175 0.930664
41 0.56383 0.633984 0.652482 0.638281 0.757812
79 0.52896 0.265625 0.191489 0.328906 0.592773
79 0.404255 0.379785 0.150118 0.25918 0.295898
79 0.246454 0.272266 0.195626 0.275 0.140381
41 0.546247 0.515625 0.692376 0.71875 0.102295
39 0.533097 0.264258 0.200946 0.333984 0.0977173
79 0.249409 0.367969 0.180851 0.375 0.0863037
39 0.247045 0.281299 0.192671 0.288965 0.0766602
79 0.401891 0.464941 0.156028 0.432617 0.0427246
79 0.256501 0.310986 0.199764 0.295215 0.0387573
79 0.279846 0.404687 0.220449 0.447656 0.0368958
79 0.231678 0.413379 0.156028 0.437305 0.0201721
25 0.404255 0.338867 0.147754 0.174609 0.0171051
39 0.25 0.365234 0.198582 0.457031 0.0162201
79 0.327423 0.4375 0.165485 0.434375 0.012825
79 0.29935 0.437402 0.292553 0.60957 0.0119171
79 0.312057 0.319727 0.128251 0.228516 0.0113754
41 0.533688 0.263672 0.202128 0.332813 0.0112
79 0.302009 0.353711 0.1974 0.292578 0.00997162
39 0.404846 0.338281 0.146572 0.175781 0.00930023
79 0.559102 0.267383 0.1513 0.309766 0.00790405
75 0.535461 0.264258 0.1974 0.336328 0.00787354
79 0.272459 0.28418 0.14539 0.274609 0.00746155
75 0.573286 0.647266 0.652482 0.617969 0.0064888
79 0.491726 0.393066 0.0449173 0.0685547 0.00572968
41 0.363771 0.522656 0.432033 0.746875 0.00511932
41 0.247636 0.281201 0.193853 0.290723 0.00455475
46 0.404846 0.338281 0.146572 0.175781 0.00436401
79 0.421986 0.431641 0.199764 0.355469 0.00436401
79 0.205083 0.238867 0.114657 0.200391 0.00385475
79 0.426566 0.336328 0.201241 0.185156 0.00356483
65 0.404846 0.338477 0.146572 0.174609 0.00323486
41 0.29935 0.437402 0.292553 0.60957 0.00323486
45 0.573286 0.647266 0.652482 0.617969 0.00284576
79 0.509456 0.236523 0.219858 0.262891 0.00252151
79 0.225177 0.193311 0.152482 0.11416 0.00234985
40 0.569888 0.637598 0.645095 0.631055 0.00226974
41 0.476507 0.779492 0.425236 0.212891 0.00218201
41 0.393026 0.520215 0.213948 0.67207 0.00218201
46 0.523641 0.265625 0.184397 0.326562 0.00216484
25 0.52896 0.265625 0.191489 0.328906 0.00213242
75 0.247045 0.281299 0.192671 0.288965 0.00190449
77 0.245272 0.267188 0.195035 0.265625 0.00189686
79 0.4013 0.292383 0.154846 0.274609 0.00187492
39 0.279551 0.419531 0.257683 0.570312 0.00181007
46 0.244976 0.263721 0.193853 0.258496 0.00175476
79 0.365248 0.485938 0.198582 0.448438 0.00173378
41 0.254137 0.375391 0.208038 0.471094 0.0017271
79 0.399527 0.358203 0.131206 0.135156 0.0016489
79 0.363771 0.522656 0.432033 0.746875 0.00160408
79 0.219267 0.269092 0.141844 0.261816 0.00158501
79 0.267435 0.215234 0.126478 0.139844 0.00153065
73 0.404846 0.338281 0.146572 0.175781 0.00152493
79 0.533097 0.19043 0.191489 0.186719 0.00144386
75 0.47503 0.775195 0.421099 0.212109 0.00138283
79 0.300827 0.448047 0.1974 0.542188 0.00137806
25 0.244976 0.263721 0.193853 0.258496 0.00133514
47 0.245272 0.267188 0.195035 0.265625 0.00133514
47 0.404846 0.338281 0.146572 0.175781 0.00130939
79 0.475325 0.565625 0.219563 0.300781 0.0012846
79 0.486998 0.211133 0.236407 0.221094 0.00124454
39 0.573286 0.647266 0.652482 0.617969 0.00121593
73 0.245272 0.267188 0.195035 0.265625 0.0011692
79 0.313239 0.370117 0.113475 0.149609 0.00115108
41 0.534131 0.426465 0.501478 0.64082 0.00115108
79 0.309693 0.283594 0.0744681 0.217188 0.0011425
79 0.415485 0.508203 0.212766 0.374219 0.00113773
34 0.404255 0.338867 0.147754 0.174609 0.00101185
79 0.404255 0.338867 0.147754 0.174609 0.937988
41 0.562648 0.620215 0.6513 0.643945 0.845703
79 0.528369 0.26543 0.189125 0.328516 0.569824
79 0.245272 0.265283 0.195035 0.261621 0.20813
41 0.54078 0.508594 0.700946 0.701563 0.119202
79 0.248227 0.309961 0.185579 0.268359 0.0980835
39 0.246454 0.279248 0.192671 0.284473 0.0847778
39 0.533097 0.264062 0.200946 0.333594 0.0731812
79 0.234043 0.388379 0.163121 0.39043 0.064209
79 0.267139 0.340234 0.215721 0.310937 0.0417786
79 0.248227 0.325342 0.196217 0.379004 0.0414734
79 0.27896 0.402734 0.219858 0.422656 0.0344849
79 0.402039 0.460547 0.155733 0.422656 0.0303345
41 0.533097 0.263281 0.202128 0.332031 0.0157776
25 0.404108 0.338867 0.146868 0.174609 0.0154266
79 0.327128 0.441016 0.157801 0.407031 0.0108185
79 0.307624 0.324609 0.131797 0.214062 0.0107803
79 0.302009 0.410938 0.29669 0.557813 0.0105286
39 0.404255 0.338281 0.146572 0.175 0.0103302
79 0.404108 0.379688 0.146868 0.259375 0.0102463
79 0.247636 0.435059 0.166667 0.468945 0.01017
75 0.535461 0.263867 0.198582 0.335547 0.00989532
79 0.295804 0.351172 0.203901 0.263281 0.00871277
79 0.559102 0.267773 0.153664 0.306641 0.00837708
79 0.492317 0.393359 0.0449173 0.0679687 0.0077858
41 0.360225 0.516797 0.423759 0.697656 0.00720596
39 0.25 0.364844 0.199764 0.45625 0.00656509
79 0.274527 0.283984 0.140071 0.26875 0.0064621
41 0.246454 0.279248 0.192671 0.284473 0.00643921
75 0.572252 0.641016 0.647459 0.608594 0.00605011
79 0.205083 0.233643 0.115839 0.190527 0.00591278
46 0.404255 0.338281 0.146572 0.175 0.00498199
41 0.303191 0.419922 0.297872 0.577344 0.00413513
65 0.404846 0.338672 0.146572 0.174219 0.00408554
79 0.270686 0.289648 0.239953 0.311328 0.00402451
79 0.422134 0.405859 0.198286 0.289844 0.0036068
79 0.224586 0.193164 0.152482 0.113672 0.00355148
77 0.245272 0.265283 0.195035 0.261621 0.00327301
41 0.47695 0.779883 0.42435 0.212109 0.00305176
79 0.510638 0.227734 0.212766 0.244531 0.00284576
41 0.390219 0.511328 0.229019 0.672656 0.00257111
45 0.572252 0.641016 0.647459 0.608594 0.00252151
79 0.394651 0.353906 0.123227 0.139063 0.00251198
75 0.246454 0.279248 0.192671 0.284473 0.0024929
79 0.267731 0.213672 0.125296 0.134766 0.00231361
46 0.244681 0.262939 0.193853 0.256934 0.00230598
79 0.219858 0.260352 0.143026 0.244922 0.00223351
46 0.522459 0.265234 0.182033 0.325781 0.00216484
25 0.530142 0.266992 0.192671 0.341797 0.00209999
40 0.569592 0.624902 0.640957 0.61582 0.00192642
79 0.313239 0.368555 0.113475 0.144141 0.00186062
79 0.240544 0.203467 0.169031 0.125098 0.00184631
73 0.404255 0.338281 0.146572 0.175 0.00183105
79 0.531915 0.189014 0.191489 0.18291 0.00181007
79 0.309693 0.284375 0.073286 0.208594 0.00177479
79 0.469119 0.565234 0.231974 0.299219 0.00168133
79 0.360225 0.516797 0.423759 0.697656 0.00158501
73 0.244681 0.262939 0.193853 0.256934 0.00156689
79 0.364066 0.486719 0.1974 0.435937 0.00154877
41 0.532063 0.41416 0.496158 0.612305 0.00153637
75 0.475768 0.775 0.421986 0.209375 0.00151253
79 0.292553 0.284766 0.10461 0.178125 0.00146675
25 0.244681 0.262939 0.193853 0.256934 0.00142097
79 0.487589 0.205469 0.231678 0.209375 0.00140476
79 0.299054 0.449609 0.196217 0.525 0.00140476
47 0.245272 0.265283 0.195035 0.261621 0.00138855
41 0.256501 0.377344 0.212766 0.471875 0.00138283
79 0.270981 0.313867 0.12766 0.192578 0.00131512
41 0.61052 0.589063 0.446809 0.239063 0.0012846
47 0.404255 0.338281 0.146572 0.175 0.00123978
79 0.324468 0.371484 0.101655 0.0992187 0.00121117
79 0.473995 0.387598 0.0791962 0.0763672 0.00121117
34 0.404108 0.338867 0.146868 0.174609 0.00109863
79 0.26182 0.328906 0.121749 0.139063 0.00106049
79 0.20922 0.187842 0.121749 0.0993164 0.00103188
39 0.303191 0.419922 0.297872 0.577344 0.00103188
79 0.404255 0.339063 0.147754 0.174219 0.935059
41 0.561466 0.609375 0.650118 0.66875 0.894043
79 0.527187 0.265234 0.186761 0.327344 0.552734
79 0.245272 0.264502 0.193853 0.260059 0.253906
41 0.536643 0.50459 0.708038 0.69082 0.19812
79 0.248818 0.308398 0.185579 0.248828 0.0907593
39 0.246454 0.27793 0.192671 0.283203 0.0844727
39 0.531915 0.264014 0.200946 0.33291 0.0607605
79 0.248818 0.317188 0.196217 0.3625 0.0560303
79 0.234043 0.382422 0.161939 0.365625 0.0558167
79 0.266253 0.334961 0.216903 0.284766 0.037323
79 0.27896 0.396875 0.219858 0.395313 0.0313721
41 0.533097 0.262939 0.20331 0.331152 0.0201721
79 0.4013 0.456641 0.156028 0.414844 0.0186157
79 0.277482 0.389062 0.254728 0.503906 0.0171814
25 0.403664 0.338672 0.147754 0.175 0.0139008
75 0.53487 0.263672 0.1974 0.335156 0.0113754
39 0.404255 0.338281 0.146572 0.174219 0.0107346
79 0.248818 0.433984 0.164303 0.449219 0.0102921
79 0.303782 0.32793 0.13948 0.204297 0.00955963
79 0.325355 0.440234 0.160165 0.391406 0.00955963
41 0.246454 0.27793 0.192671 0.283203 0.0088501
79 0.558511 0.267969 0.152482 0.303906 0.00847626
79 0.491726 0.393848 0.0449173 0.0685547 0.00841522
41 0.343972 0.49375 0.390071 0.640625 0.00841522
79 0.205083 0.231445 0.114657 0.185547 0.00757599
79 0.291076 0.348828 0.212175 0.242969 0.00723267
75 0.57107 0.641309 0.64273 0.608008 0.00677109
46 0.404255 0.338281 0.146572 0.174219 0.0049057
79 0.277187 0.283789 0.134752 0.263672 0.00475693
41 0.303782 0.40166 0.301418 0.543555 0.0045929
79 0.224586 0.19292 0.1513 0.113379 0.00429916
77 0.245272 0.264502 0.193853 0.260059 0.00429916
65 0.404108 0.338672 0.146868 0.174219 0.00424957
41 0.47695 0.779688 0.421986 0.2125 0.00367928
79 0.394208 0.353906 0.122931 0.139063 0.00337601
79 0.421986 0.393652 0.1974 0.261133 0.00322342
39 0.252364 0.361328 0.20331 0.449219 0.00305176
79 0.510638 0.222461 0.211584 0.233203 0.00302696
75 0.246454 0.27793 0.192671 0.283203 0.00302696
41 0.386229 0.496875 0.245272 0.684375 0.00293541
79 0.268026 0.212842 0.125296 0.13291 0.0028553
79 0.465573 0.564063 0.239066 0.297656 0.00265312
79 0.219563 0.251563 0.142435 0.226562 0.0024929
46 0.244681 0.262842 0.193853 0.256348 0.00245285
79 0.295508 0.308203 0.109929 0.232813 0.002388
79 0.313239 0.367969 0.114657 0.141406 0.00234985
79 0.21513 0.409375 0.138298 0.422656 0.00227928
41 0.52305 0.411719 0.51773 0.601562 0.00221634
79 0.343972 0.49375 0.390071 0.640625 0.00219917
79 0.310284 0.284766 0.072104 0.201563 0.00216484
46 0.522459 0.265039 0.182033 0.324609 0.00216484
45 0.57107 0.641309 0.64273 0.608008 0.00216484
73 0.244681 0.262842 0.193853 0.256348 0.00215721
73 0.404255 0.338281 0.146572 0.174219 0.00213242
25 0.529551 0.266455 0.191489 0.340527 0.00211525
79 0.24143 0.20332 0.167258 0.124609 0.00206757
40 0.568706 0.620313 0.638002 0.617188 0.00201035
79 0.531915 0.189063 0.191489 0.182031 0.00199509
75 0.476359 0.776367 0.41844 0.206641 0.00182438
79 0.296986 0.45166 0.199173 0.512305 0.00167465
79 0.270981 0.313672 0.12766 0.190625 0.0016613
79 0.362884 0.487402 0.1974 0.42832 0.00163555
47 0.245272 0.268018 0.192671 0.265527 0.00156116
41 0.611111 0.5875 0.444444 0.242188 0.00141621
25 0.244681 0.262842 0.193853 0.256348 0.00141048
79 0.323877 0.370898 0.102837 0.100391 0.00139427
79 0.472813 0.387109 0.0803782 0.0765625 0.00136185
79 0.262411 0.329688 0.120567 0.138281 0.00135136
34 0.247045 0.307422 0.195035 0.344531 0.00125504
79 0.289598 0.269336 0.106383 0.179688 0.00123501
79 0.208924 0.188086 0.121749 0.0988281 0.0012207
41 0.490544 0.449219 0.307329 0.698438 0.00118828
34 0.403664 0.338672 0.147754 0.175 0.00115108
47 0.404255 0.338281 0.146572 0.174219 0.00113392
58 0.534279 0.262842 0.200946 0.332129 0.00109863
79 0.384752 0.392578 0.0661939 0.0632813 0.00105667
41 0.502512 0.751172 0.505615 0.417969 0.00102425
79 0.404255 0.339063 0.147754 0.174219 0.937988
41 0.561466 0.589063 0.646572 0.69375 0.908691
79 0.529551 0.265234 0.189125 0.338281 0.548828
79 0.247045 0.278906 0.192671 0.285938 0.383057
41 0.52305 0.488672 0.732861 0.638281 0.103394
39 0.247045 0.276172 0.191489 0.280469 0.0753174
79 0.250296 0.331055 0.181442 0.254297 0.0570679
39 0.532506 0.263477 0.198582 0.332422 0.0552063
79 0.234043 0.37666 0.160756 0.34043 0.0446777
79 0.258865 0.358398 0.215721 0.447266 0.0302124
79 0.279255 0.386328 0.219267 0.353906 0.0275879
41 0.533097 0.2625 0.200946 0.330469 0.0212097
79 0.287234 0.388672 0.270686 0.503125 0.0146713
79 0.403073 0.456152 0.160756 0.408008 0.0131683
75 0.535461 0.263281 0.196217 0.334375 0.0126724
25 0.403664 0.338672 0.147754 0.174219 0.0124283
39 0.404255 0.338086 0.146572 0.173828 0.0118713
79 0.491726 0.393848 0.0449173 0.0685547 0.00978088
79 0.559102 0.269336 0.1513 0.297266 0.00959778
41 0.247045 0.276172 0.191489 0.280469 0.00937653
79 0.371454 0.439453 0.197991 0.379688 0.00926971
79 0.250591 0.433496 0.163121 0.425195 0.00912476
75 0.569592 0.637891 0.633865 0.610156 0.00867462
79 0.29935 0.330859 0.147163 0.196094 0.00861359
79 0.323582 0.440625 0.161348 0.367188 0.00831604
41 0.345154 0.486035 0.387707 0.568555 0.00743103
41 0.485816 0.571484 0.667849 0.585156 0.00717545
79 0.24409 0.237891 0.190307 0.205469 0.00593567
79 0.224882 0.192969 0.152482 0.113281 0.00575256
79 0.287825 0.346094 0.213948 0.223438 0.00570679
77 0.245272 0.264258 0.193853 0.259766 0.00548935
79 0.206265 0.229102 0.117021 0.181641 0.00544739
46 0.404255 0.338086 0.146572 0.173828 0.0050621
65 0.404108 0.338672 0.146868 0.174219 0.00503922
79 0.394208 0.353711 0.122931 0.138672 0.00432968
79 0.283097 0.284766 0.121749 0.247656 0.00421524
79 0.512411 0.24375 0.192671 0.260156 0.00408554
41 0.30526 0.395313 0.303191 0.532813 0.00400543
79 0.268617 0.211914 0.124704 0.129688 0.00387001
75 0.247045 0.276172 0.191489 0.280469 0.00331116
46 0.245567 0.26582 0.193262 0.262109 0.00324821
41 0.47695 0.779688 0.419622 0.210938 0.00312424
79 0.314125 0.366992 0.114066 0.136328 0.00307465
79 0.310875 0.285742 0.070922 0.193359 0.00296974
41 0.379433 0.493848 0.283688 0.70918 0.00293541
79 0.224291 0.433203 0.1513 0.411719 0.00284576
79 0.291962 0.284375 0.105201 0.167578 0.00283432
79 0.532506 0.188721 0.192671 0.181934 0.00270462
79 0.421986 0.373828 0.196217 0.20625 0.00270462
73 0.244976 0.262109 0.193262 0.255469 0.00265312
79 0.463948 0.565625 0.248227 0.3 0.00265312
73 0.404255 0.338086 0.146572 0.173828 0.00257111
79 0.241726 0.203125 0.166667 0.124219 0.0024929
79 0.345154 0.486035 0.387707 0.568555 0.00246239
46 0.521868 0.264062 0.179669 0.322656 0.00219917
79 0.271277 0.313672 0.128251 0.1875 0.00213242
75 0.476212 0.776758 0.416371 0.208984 0.00206757
25 0.529551 0.265234 0.189125 0.338281 0.00202751
79 0.296099 0.455371 0.1974 0.49082 0.00195694
34 0.24734 0.284375 0.193853 0.298438 0.00186062
79 0.263002 0.330859 0.121749 0.135156 0.00178909
79 0.323877 0.369531 0.104019 0.102344 0.00174141
45 0.569592 0.637891 0.633865 0.610156 0.00167465
79 0.472222 0.386621 0.0827423 0.0767578 0.00162315
40 0.568558 0.613281 0.63357 0.625 0.0015974
76 0.532506 0.263477 0.198582 0.332422 0.00159168
79 0.489509 0.201367 0.240839 0.200781 0.00158501
79 0.20922 0.188086 0.122931 0.0984375 0.00151253
75 0.550975 0.535156 0.675827 0.726562 0.00150108
47 0.24409 0.242529 0.191489 0.21416 0.0014782
79 0.493499 0.263086 0.282506 0.331641 0.00146103
41 0.511673 0.401172 0.574764 0.566406 0.00145531
25 0.244976 0.262109 0.193262 0.255469 0.00141621
79 0.317376 0.350781 0.0833333 0.140625 0.00138283
58 0.534279 0.262842 0.198582 0.332129 0.00130463
79 0.384752 0.39209 0.0673759 0.0626953 0.00128937
41 0.477541 0.450781 0.338061 0.7 0.0012598
79 0.312648 0.329102 0.0756501 0.153516 0.00125504
79 0.276596 0.246924 0.124113 0.145215 0.00124454
79 0.255024 0.275781 0.132979 0.130469 0.00121117
76 0.247636 0.279687 0.192671 0.289062 0.00120163
34 0.403664 0.338672 0.147754 0.174219 0.00113392
41 0.504728 0.743359 0.5 0.419531 0.00113392
79 0.479905 0.391797 0.0638298 0.071875 0.00110722
79 0.293144 0.380859 0.153664 0.153906 0.00109863
79 0.492908 0.400684 0.0378251 0.0533203 0.00109005
79 0.265662 0.226367 0.105792 0.0894531 0.00106525
79 0.328014 0.398828 0.117021 0.125 0.00105286
79 0.395981 0.496875 0.199764 0.420312 0.00105286
41 0.611702 0.583594 0.440898 0.253125 0.00103664
79 0.404255 0.339063 0.147754 0.174219 0.935059
41 0.560284 0.575879 0.646572 0.712305 0.907227
79 0.52896 0.264258 0.186761 0.337109 0.560059
79 0.247636 0.276563 0.191489 0.28125 0.537109
41 0.520095 0.483496 0.737589 0.626758 0.0698242
39 0.247045 0.274805 0.191489 0.278516 0.0562439
39 0.533097 0.263232 0.196217 0.332129 0.0458679
79 0.251773 0.329492 0.182033 0.241016 0.0437012
79 0.234634 0.367969 0.158392 0.3125 0.0337219
79 0.279551 0.37168 0.216312 0.310547 0.0224609
41 0.533688 0.262109 0.199764 0.330469 0.0224609
79 0.263593 0.357617 0.222222 0.446484 0.0168457
79 0.287825 0.425684 0.210402 0.406445 0.0139542
79 0.24409 0.237305 0.190307 0.203906 0.012291
79 0.492317 0.393652 0.0449173 0.0673828 0.0118713
75 0.535461 0.263281 0.196217 0.334375 0.0118713
39 0.404255 0.337695 0.146572 0.173047 0.011467
25 0.404108 0.338477 0.146868 0.174609 0.011467
79 0.296099 0.390234 0.283688 0.504687 0.0105667
79 0.403221 0.44834 0.160461 0.39082 0.0103683
79 0.55792 0.27168 0.1513 0.291016 0.00997162
41 0.247045 0.274805 0.191489 0.278516 0.00871277
75 0.567967 0.634766 0.632388 0.611719 0.0086441
41 0.489214 0.566406 0.669326 0.578125 0.00847626
41 0.350473 0.482031 0.393617 0.525781 0.00800323
79 0.253546 0.428809 0.164303 0.404883 0.00796509
79 0.295804 0.332031 0.149527 0.191406 0.00790405
79 0.369976 0.432813 0.199764 0.363281 0.00743103
79 0.225473 0.192383 0.153664 0.112109 0.00737381
79 0.205378 0.230469 0.11643 0.187109 0.00698471
79 0.3224 0.437109 0.161348 0.344531 0.00661469
77 0.245863 0.264453 0.192671 0.260156 0.00653839
79 0.394651 0.353711 0.123227 0.138672 0.00502014
65 0.404108 0.338672 0.146868 0.174219 0.00482941
79 0.51182 0.239014 0.191489 0.247754 0.0046463
79 0.262411 0.208154 0.140662 0.128223 0.0045929
79 0.286939 0.342383 0.210993 0.208984 0.00455475
46 0.404255 0.337695 0.146572 0.173047 0.00439835
41 0.308215 0.391797 0.303191 0.525781 0.00411606
79 0.535461 0.186768 0.187943 0.180371 0.00370789
46 0.245863 0.264893 0.192671 0.26084 0.00362206
41 0.47695 0.77793 0.41844 0.209766 0.00353813
79 0.291667 0.28457 0.106383 0.163672 0.00345612
73 0.245272 0.262305 0.192671 0.255859 0.00345612
79 0.314421 0.364844 0.114657 0.130469 0.00341606
79 0.310875 0.286719 0.070922 0.186719 0.00340271
73 0.404255 0.337695 0.146572 0.173047 0.00328636
75 0.247045 0.274805 0.191489 0.278516 0.00318527
79 0.285461 0.28667 0.118203 0.235254 0.00313568
79 0.462027 0.565625 0.253251 0.301563 0.00269318
79 0.271277 0.314063 0.128842 0.185156 0.00268364
79 0.271277 0.227539 0.130024 0.144922 0.00259018
79 0.333924 0.483691 0.146572 0.39668 0.00259018
75 0.476212 0.775781 0.416371 0.207813 0.00258064
79 0.224291 0.430469 0.147163 0.398438 0.00254059
76 0.533097 0.263232 0.196217 0.332129 0.00254059
79 0.350473 0.482031 0.393617 0.525781 0.00253105
79 0.421838 0.367188 0.194149 0.160938 0.00243378
34 0.247636 0.275781 0.192671 0.28125 0.00239754
41 0.392435 0.489746 0.330969 0.714258 0.00232315
79 0.263889 0.330859 0.12234 0.135156 0.00218201
79 0.498227 0.262695 0.271868 0.330859 0.00218201
46 0.522459 0.263477 0.177305 0.320703 0.00217438
79 0.309102 0.31543 0.0685579 0.181641 0.00208282
79 0.294031 0.313672 0.111702 0.214844 0.00199509
76 0.248227 0.277344 0.191489 0.284375 0.0019722
25 0.52896 0.264258 0.186761 0.337109 0.00191212
79 0.323877 0.368555 0.104019 0.102734 0.00189686
79 0.31708 0.350391 0.0827423 0.136719 0.00186729
79 0.489953 0.200195 0.244681 0.198437 0.00186062
79 0.472813 0.387109 0.0827423 0.0765625 0.00183105
79 0.209811 0.187891 0.124113 0.0972656 0.00176144
47 0.24409 0.242578 0.191489 0.214453 0.00167465
58 0.535461 0.262695 0.198582 0.332422 0.00156116
79 0.495272 0.567187 0.184397 0.284375 0.00150681
79 0.384752 0.39209 0.0673759 0.0626953 0.00148392
75 0.549054 0.532422 0.678487 0.722656 0.0014782
40 0.567376 0.60625 0.63357 0.632812 0.00144386
45 0.567967 0.634766 0.632388 0.611719 0.00143242
79 0.254433 0.275781 0.136525 0.129688 0.00141621
79 0.492908 0.400781 0.0378251 0.053125 0.00141621
41 0.612293 0.582422 0.437352 0.25625 0.00141621
79 0.246749 0.207422 0.179669 0.145313 0.00139904
25 0.245272 0.262305 0.192671 0.255859 0.00136662
34 0.533097 0.263232 0.196217 0.332129 0.00136185
79 0.479314 0.392285 0.0638298 0.0716797 0.00131512
34 0.404108 0.338477 0.146868 0.174609 0.00129986
41 0.471631 0.45166 0.362884 0.70293 0.00128937
79 0.293144 0.379004 0.153664 0.14668 0.00126457
79 0.28487 0.348242 0.124113 0.119141 0.00124454
41 0.504728 0.744922 0.496454 0.419531 0.00124454
79 0.265662 0.225977 0.106383 0.0871094 0.00120163
79 0.319149 0.401953 0.118203 0.147656 0.0011425
79 0.394651 0.493848 0.198877 0.406055 0.00113392
65 0.245272 0.262305 0.192671 0.255859 0.00109482
41 0.502364 0.381641 0.598109 0.514844 0.00105667
79 0.404255 0.339063 0.147754 0.175 0.921387
41 0.551418 0.549609 0.670213 0.747656 0.894043
79 0.248818 0.276611 0.191489 0.281934 0.720215
79 0.533097 0.263281 0.196217 0.332813 0.541016
39 0.247931 0.275195 0.191489 0.279297 0.0614319
39 0.533097 0.263281 0.196217 0.332813 0.0469055
79 0.254728 0.328516 0.186761 0.2375 0.0317383
79 0.262411 0.354492 0.218676 0.440234 0.0304413
41 0.534279 0.262109 0.198582 0.330469 0.0219421
79 0.235816 0.359375 0.160756 0.292969 0.0216217
79 0.280142 0.364453 0.216312 0.296875 0.0185394
79 0.29669 0.391797 0.283688 0.508594 0.0137405
75 0.536052 0.263086 0.195035 0.334766 0.0134811
79 0.288121 0.421094 0.213357 0.407031 0.0123825
79 0.491726 0.39375 0.0449173 0.0679687 0.0110321
75 0.566046 0.580859 0.638593 0.708594 0.00978088
39 0.404255 0.337695 0.146572 0.173047 0.00923157
25 0.404108 0.338477 0.146868 0.174609 0.00901794
79 0.403073 0.444141 0.160756 0.383594 0.00881195
41 0.247931 0.275195 0.191489 0.279297 0.00854492
77 0.245863 0.264844 0.193853 0.261719 0.00775528
41 0.382979 0.469922 0.463357 0.604688 0.00734711
79 0.292258 0.332227 0.160165 0.190234 0.0069313
79 0.556147 0.270508 0.154846 0.292578 0.00656509
79 0.369976 0.429297 0.199764 0.35625 0.00643921
79 0.318558 0.430859 0.179669 0.349219 0.00564194
79 0.226064 0.191992 0.155437 0.111328 0.00557709
73 0.245272 0.262891 0.193853 0.257812 0.00498199
79 0.206265 0.230078 0.118203 0.186719 0.00486755
79 0.244385 0.237305 0.190898 0.204297 0.00481033
79 0.394799 0.353711 0.125296 0.138672 0.00429916
65 0.404255 0.338477 0.146572 0.174609 0.0039444
41 0.317671 0.426953 0.326832 0.520312 0.00392914
79 0.286348 0.339258 0.215721 0.200391 0.00391388
75 0.247931 0.275195 0.191489 0.279297 0.00382423
73 0.404255 0.337695 0.146572 0.173047 0.00376511
46 0.245863 0.26543 0.192671 0.262109 0.00367928
34 0.248522 0.275977 0.192671 0.282422 0.00363541
76 0.533097 0.263281 0.196217 0.332813 0.00355148
46 0.404255 0.337695 0.146572 0.173047 0.00352478
79 0.268322 0.211328 0.128842 0.128125 0.00340271
79 0.513002 0.239844 0.195035 0.253906 0.00329781
79 0.382979 0.469922 0.463357 0.604688 0.00298119
76 0.248818 0.277344 0.19208 0.284375 0.00271416
79 0.533097 0.188867 0.193853 0.182422 0.0026207
79 0.29078 0.284375 0.108747 0.166406 0.00258064
79 0.31383 0.363281 0.117021 0.126563 0.00258064
79 0.421986 0.363867 0.193853 0.151172 0.00248146
79 0.275414 0.332031 0.128842 0.141406 0.00244331
41 0.47695 0.779688 0.41844 0.2125 0.0024147
79 0.310284 0.286328 0.072104 0.186719 0.002388
79 0.334811 0.478906 0.149527 0.402344 0.00212479
34 0.533097 0.263281 0.196217 0.332813 0.00203514
75 0.476212 0.776367 0.416371 0.209766 0.00199509
58 0.535461 0.262891 0.1974 0.332813 0.00192642
79 0.455083 0.566406 0.270686 0.304688 0.00187492
79 0.225177 0.427246 0.146572 0.393945 0.00181007
79 0.308511 0.315039 0.06974 0.181641 0.00176811
46 0.522459 0.271875 0.179669 0.30625 0.0017004
79 0.471631 0.387109 0.0851064 0.0765625 0.00169373
25 0.529551 0.264111 0.189125 0.337402 0.00168705
79 0.316785 0.348828 0.0839244 0.138281 0.0016613
79 0.264184 0.311133 0.128842 0.187109 0.00153065
79 0.491135 0.200732 0.254137 0.199316 0.0014782
79 0.287234 0.313281 0.126478 0.215625 0.0014782
79 0.323877 0.368555 0.104019 0.101953 0.00144958
79 0.276891 0.28418 0.136525 0.244141 0.00144958
47 0.244681 0.243945 0.191489 0.217188 0.00141048
79 0.492317 0.400391 0.0390071 0.0539063 0.00133038
34 0.404108 0.338477 0.146868 0.174609 0.00131989
25 0.245272 0.262891 0.193853 0.257812 0.00131512
41 0.612884 0.581641 0.438534 0.261719 0.00126457
79 0.384752 0.39209 0.06974 0.0626953 0.00124931
79 0.478723 0.392285 0.0661939 0.0716797 0.00124454
79 0.28487 0.347266 0.12766 0.120313 0.00117874
40 0.566046 0.580859 0.638593 0.708594 0.0011692
65 0.245272 0.262891 0.193853 0.257812 0.00116539
79 0.394799 0.490625 0.199764 0.398438 0.00109863
41 0.478871 0.435156 0.342494 0.66875 0.00109863
45 0.567228 0.63584 0.633865 0.623633 0.00109005
79 0.253251 0.275781 0.142435 0.129688 0.00107765
79 0.276005 0.246436 0.125296 0.144629 0.00107288
79 0.246749 0.206201 0.180851 0.143066 0.00105286
0 0.535461 0.262891 0.1974 0.332813 0.00102425
79 0.404108 0.339063 0.146868 0.175 0.910645
41 0.543735 0.546875 0.687943 0.746875 0.876465
79 0.249113 0.276953 0.192671 0.282031 0.838867
79 0.534279 0.26333 0.196217 0.333496 0.697754
39 0.248227 0.275586 0.192671 0.280078 0.062561
79 0.263298 0.355469 0.220449 0.442969 0.0514526
39 0.534279 0.26333 0.196217 0.333496 0.0463867
41 0.535461 0.2625 0.200946 0.33125 0.0230713
79 0.298168 0.39541 0.287825 0.518555 0.0206451
79 0.257683 0.326953 0.191489 0.234375 0.0191193
79 0.280733 0.363672 0.218676 0.296875 0.0157166
75 0.536643 0.263086 0.196217 0.334766 0.014389
79 0.238771 0.351562 0.165485 0.276563 0.0136871
79 0.289598 0.416406 0.219858 0.409375 0.0112915
79 0.491726 0.39375 0.0449173 0.0671875 0.00993347
41 0.440898 0.474902 0.585106 0.675195 0.008255
25 0.403664 0.338672 0.147754 0.174219 0.00800323
79 0.403073 0.440625 0.163121 0.376563 0.00796509
77 0.245863 0.265283 0.193853 0.263184 0.00775528
41 0.248227 0.275586 0.192671 0.280078 0.00763702
39 0.403664 0.3375 0.147754 0.173438 0.00746155
75 0.563239 0.573047 0.647754 0.722656 0.00725937
73 0.245863 0.263672 0.193853 0.260156 0.00664139
79 0.369976 0.425391 0.200946 0.35 0.00616837
79 0.287234 0.332031 0.176123 0.189063 0.00602722
79 0.318558 0.424121 0.202128 0.35332 0.00521851
34 0.249113 0.275732 0.193853 0.282129 0.00521851
76 0.534279 0.26333 0.196217 0.333496 0.00475693
41 0.320922 0.425879 0.336879 0.54043 0.0045929
75 0.248227 0.275586 0.192671 0.280078 0.00415039
79 0.555556 0.269141 0.158392 0.294531 0.00405502
79 0.22695 0.192236 0.158392 0.111621 0.0037365
73 0.403664 0.3375 0.147754 0.173438 0.00363541
65 0.404255 0.338086 0.146572 0.174609 0.00349617
79 0.440898 0.474902 0.585106 0.675195 0.00349617
46 0.403664 0.3375 0.147754 0.173438 0.00340271
76 0.249409 0.277344 0.192671 0.284375 0.00340271
79 0.39539 0.353906 0.12766 0.138281 0.00329781
46 0.245863 0.263672 0.193853 0.260156 0.00325966
34 0.534279 0.26333 0.196217 0.333496 0.00288963
79 0.209811 0.228906 0.126478 0.183984 0.00286674
79 0.421986 0.363086 0.193853 0.143359 0.00284576
79 0.388889 0.481641 0.167849 0.417969 0.0026207
79 0.513593 0.2125 0.219858 0.2125 0.00255013
58 0.535461 0.263086 0.199764 0.333203 0.00228691
79 0.267139 0.212305 0.13357 0.131641 0.00218201
79 0.275709 0.331836 0.131206 0.141797 0.00212479
79 0.315603 0.35625 0.10461 0.124219 0.00191879
79 0.289598 0.283984 0.112293 0.167969 0.00185299
79 0.533097 0.188867 0.196217 0.182422 0.00185299
79 0.33747 0.471875 0.15721 0.407813 0.00179577
41 0.476359 0.778125 0.421986 0.209375 0.00178909
79 0.244681 0.237695 0.192671 0.205078 0.00175476
41 0.615839 0.582031 0.43617 0.257812 0.0017271
79 0.47104 0.3875 0.0851064 0.075 0.00159168
79 0.309988 0.286523 0.072695 0.182422 0.00156116
25 0.530142 0.264062 0.192671 0.3375 0.0015192
34 0.403664 0.338672 0.147754 0.174219 0.00139904
75 0.475325 0.775781 0.420508 0.207813 0.00138855
25 0.245863 0.263672 0.193853 0.260156 0.00133038
79 0.264775 0.310937 0.131206 0.1875 0.0012846
46 0.522459 0.263281 0.182033 0.321875 0.0012846
79 0.472222 0.292627 0.315603 0.391309 0.00127411
79 0.497488 0.548047 0.690603 0.688281 0.00126457
65 0.245863 0.263672 0.193853 0.260156 0.00125504
0 0.535461 0.263086 0.199764 0.333203 0.00120163
79 0.312057 0.329492 0.0780142 0.152734 0.00119209
79 0.477541 0.392188 0.0661939 0.0710938 0.00118828
47 0.245567 0.266602 0.193262 0.263672 0.0011425
79 0.22695 0.421875 0.147754 0.388281 0.00113773
79 0.4474 0.565234 0.288416 0.303906 0.00113392
79 0.323877 0.369141 0.104019 0.1 0.00111198
4 0.249113 0.276953 0.192671 0.282031 0.00109482
4 0.535461 0.2625 0.200946 0.33125 0.00107288
79 0.385343 0.39209 0.072104 0.0626953 0.00106525
45 0.56516 0.630469 0.645095 0.620313 0.00104046
79 0.285461 0.346484 0.131206 0.120313 0.00102425
79 0.403664 0.339063 0.147754 0.175 0.915527
79 0.249113 0.277344 0.194444 0.283594 0.895508
41 0.539007 0.546191 0.699764 0.749805 0.866211
79 0.534279 0.263477 0.198582 0.333984 0.823242
79 0.263593 0.357422 0.222222 0.447656 0.0841675
39 0.248522 0.276172 0.194444 0.28125 0.0685425
39 0.534279 0.263477 0.198582 0.333984 0.0538025
79 0.296395 0.396484 0.286643 0.521094 0.0352783
41 0.535461 0.262891 0.200946 0.332031 0.0254669
75 0.536643 0.263281 0.196217 0.335156 0.0152512
79 0.282506 0.371875 0.224586 0.314844 0.0139008
79 0.259456 0.325391 0.196217 0.232031 0.0138474
79 0.292849 0.416016 0.234634 0.415625 0.0108566
79 0.491726 0.393652 0.0449173 0.0673828 0.00891876
79 0.403664 0.440234 0.166667 0.375781 0.00878143
25 0.403221 0.338672 0.148641 0.174219 0.00809479
34 0.249113 0.276514 0.195626 0.284473 0.00746155
41 0.248522 0.276172 0.194444 0.28125 0.00731659
73 0.245863 0.264062 0.195035 0.260938 0.00695801
79 0.369385 0.426465 0.20331 0.35332 0.00666809
77 0.245863 0.265625 0.195035 0.264062 0.00636292
41 0.468233 0.473438 0.64273 0.684375 0.00616837
79 0.284574 0.332227 0.205083 0.187891 0.00605011
39 0.403664 0.337891 0.147754 0.173438 0.00593567
79 0.236407 0.391406 0.15721 0.339063 0.00577545
75 0.561614 0.568359 0.656915 0.735156 0.00577545
76 0.534279 0.263477 0.198582 0.333984 0.00538635
41 0.321513 0.421875 0.340426 0.545313 0.00481033
75 0.248522 0.276172 0.194444 0.28125 0.00450516
46 0.245863 0.264062 0.195035 0.260938 0.0041008
46 0.403664 0.337891 0.147754 0.173438 0.0039444
79 0.421986 0.361523 0.195035 0.144922 0.0039444
34 0.534279 0.263477 0.198582 0.333984 0.00391388
76 0.249409 0.277783 0.195035 0.28584 0.00376511
79 0.468233 0.473438 0.64273 0.684375 0.00341606
65 0.403664 0.338281 0.147754 0.175 0.0030632
73 0.403664 0.337891 0.147754 0.173438 0.00298119
79 0.395981 0.353906 0.128842 0.138281 0.00287819
79 0.217199 0.228906 0.13948 0.180469 0.00279045
79 0.388741 0.479297 0.170508 0.413281 0.0027256
58 0.535461 0.263086 0.200946 0.333203 0.00255013
79 0.513002 0.214502 0.224586 0.217871 0.00236893
79 0.227541 0.192383 0.159574 0.112109 0.00233269
79 0.275709 0.333203 0.134161 0.139844 0.00183868
41 0.618203 0.585156 0.434988 0.25 0.0017271
79 0.475768 0.293018 0.308511 0.39209 0.00167465
79 0.553191 0.548828 0.674941 0.764844 0.0016613
79 0.339539 0.467187 0.173168 0.414062 0.00165462
79 0.531915 0.189648 0.199764 0.183984 0.00164223
79 0.31383 0.35625 0.108747 0.123438 0.00158501
79 0.495272 0.38916 0.0567376 0.0748047 0.00155449
79 0.470449 0.387402 0.0874704 0.0751953 0.00154305
25 0.530142 0.26333 0.195035 0.337402 0.00148964
4 0.535461 0.262891 0.200946 0.332031 0.00145531
34 0.403221 0.338672 0.148641 0.174219 0.00143242
79 0.288416 0.283203 0.114657 0.170313 0.00141621
65 0.245863 0.264062 0.195035 0.260938 0.00139427
25 0.245863 0.264062 0.195035 0.260938 0.00138855
4 0.249113 0.277344 0.194444 0.283594 0.00138855
79 0.265957 0.214062 0.137116 0.137109 0.00136185
46 0.534279 0.262939 0.198582 0.334277 0.0012846
0 0.535461 0.263086 0.200946 0.333203 0.00125504
41 0.476507 0.778125 0.425236 0.209375 0.00124454
47 0.245863 0.267773 0.193853 0.266016 0.00118828
75 0.475177 0.775781 0.42435 0.209375 0.00116062
79 0.476359 0.392188 0.0673759 0.0710938 0.00114727
79 0.309397 0.285547 0.0738771 0.180469 0.00113392
44 0.534279 0.263477 0.198582 0.333984 0.00108147
36 0.534279 0.263477 0.198582 0.333984 0.00107288
79 0.236998 0.338281 0.179669 0.273438 0.00103188
79 0.441933 0.563281 0.300532 0.301563 0.00102806
79 0.30792 0.315625 0.072104 0.178906 0.00101185
79 0.411939 0.471875 0.217494 0.267969 0.00101185
79 0.249113 0.277734 0.196217 0.284375 0.928223
79 0.403664 0.339063 0.148936 0.175 0.916016
79 0.534279 0.263672 0.198582 0.334375 0.884277
41 0.545952 0.546777 0.692967 0.762695 0.833496
79 0.262411 0.358789 0.222222 0.450391 0.108215
39 0.248818 0.276563 0.196217 0.282031 0.076416
39 0.534279 0.263672 0.198582 0.334375 0.0723877
79 0.295508 0.396875 0.286052 0.521875 0.036499
41 0.536052 0.26333 0.202128 0.332715 0.0212097
75 0.537825 0.26333 0.198582 0.33584 0.0157776
79 0.273641 0.372266 0.217494 0.297656 0.0126266
79 0.260638 0.324805 0.197991 0.226953 0.0116425
79 0.296986 0.417871 0.25 0.411133 0.0103302
34 0.248818 0.277148 0.1974 0.286328 0.00959778
25 0.403664 0.339063 0.148936 0.174219 0.00867462
79 0.404255 0.43916 0.167849 0.37168 0.00828552
79 0.491726 0.392969 0.0449173 0.0679687 0.00793457
79 0.367908 0.427344 0.207447 0.353125 0.00679779
73 0.246454 0.264502 0.195035 0.262402 0.00651169
75 0.555556 0.56416 0.673759 0.745117 0.00631332
41 0.248818 0.276563 0.196217 0.282031 0.006073
79 0.295508 0.332617 0.245863 0.187109 0.005867
79 0.239362 0.391797 0.161939 0.33125 0.00542831
77 0.246158 0.266016 0.195626 0.264844 0.00527954
39 0.403221 0.338086 0.148641 0.173828 0.00503922
34 0.534279 0.263672 0.198582 0.334375 0.00500107
76 0.534279 0.263672 0.198582 0.334375 0.00492477
46 0.246454 0.264502 0.195035 0.262402 0.00471878
46 0.403221 0.338086 0.148641 0.173828 0.0046463
75 0.248818 0.276563 0.196217 0.282031 0.00453949
79 0.421986 0.360742 0.195035 0.146484 0.00448608
79 0.319444 0.392578 0.297281 0.296094 0.00400543
76 0.249704 0.27793 0.196809 0.286328 0.0036068
41 0.314716 0.402734 0.33156 0.552344 0.00332451
79 0.395833 0.354297 0.130319 0.1375 0.00317192
65 0.404403 0.338281 0.148641 0.175 0.00276756
58 0.535461 0.263477 0.20331 0.333984 0.00263214
79 0.388741 0.476562 0.172872 0.40625 0.00247192
79 0.220449 0.229248 0.146572 0.180566 0.00234985
73 0.403221 0.338086 0.148641 0.173828 0.00234222
79 0.545952 0.546777 0.692967 0.762695 0.00226974
79 0.511229 0.217773 0.231678 0.224609 0.00197983
79 0.477689 0.278516 0.304669 0.3625 0.0018034
79 0.276005 0.334375 0.136525 0.138281 0.00177479
79 0.228132 0.19292 0.161348 0.113379 0.00169373
65 0.246454 0.264502 0.195035 0.262402 0.00157356
79 0.33747 0.465625 0.195035 0.407813 0.00153065
79 0.469267 0.387598 0.0898345 0.0763672 0.00149536
25 0.246454 0.264502 0.195035 0.262402 0.00146675
4 0.249113 0.277734 0.196217 0.284375 0.00146675
4 0.536052 0.26333 0.202128 0.332715 0.00146675
79 0.311466 0.357031 0.114657 0.121875 0.00144958
79 0.495272 0.388379 0.0567376 0.0763672 0.00144958
25 0.530733 0.262842 0.1974 0.336816 0.00143242
34 0.403664 0.339063 0.148936 0.174219 0.00138283
46 0.537825 0.26333 0.198582 0.33584 0.00138283
79 0.530733 0.191016 0.20331 0.186328 0.00134087
79 0.287234 0.282422 0.117021 0.172656 0.0012598
0 0.535461 0.263477 0.20331 0.333984 0.00123501
41 0.619976 0.586719 0.438534 0.248438 0.0012207
47 0.245863 0.268164 0.193853 0.266797 0.00121117
36 0.537825 0.26333 0.198582 0.33584 0.00118351
44 0.534279 0.263672 0.198582 0.334375 0.00115108
79 0.475177 0.391797 0.0685579 0.0710938 0.00109005
34 0.262411 0.358789 0.222222 0.450391 0.00105667
79 0.265366 0.216211 0.13948 0.142578 0.00103664
65 0.534279 0.261523 0.199764 0.328516 0.00103664
79 0.412677 0.468652 0.219563 0.26582 0.00102425
43 0.249113 0.277734 0.196217 0.284375 0.00101662
79 0.238771 0.337109 0.184397 0.267188 0.00100422
79 0.249113 0.278174 0.1974 0.28584 0.9375
79 0.404403 0.339063 0.148641 0.175781 0.922363
79 0.534279 0.263623 0.200946 0.334473 0.900391
41 0.532506 0.547266 0.722222 0.767969 0.838867
79 0.260638 0.364648 0.219858 0.462891 0.174438
39 0.534279 0.263623 0.200946 0.334473 0.0997925
39 0.248818 0.277148 0.1974 0.283203 0.0881958
79 0.291371 0.397754 0.27896 0.524805 0.0585632
79 0.490544 0.263721 0.291962 0.333496 0.0191956
41 0.536643 0.263867 0.20331 0.333203 0.0160217
79 0.273641 0.385938 0.218676 0.333594 0.0146713
75 0.537825 0.264062 0.198582 0.3375 0.0139008
34 0.248818 0.278174 0.198582 0.288965 0.0127716
79 0.245272 0.35293 0.179669 0.280859 0.0115051
79 0.260343 0.324414 0.1974 0.230859 0.0103683
25 0.403664 0.339063 0.148936 0.174219 0.00888062
79 0.404403 0.439453 0.167553 0.372656 0.00874329
79 0.369385 0.430469 0.205674 0.360156 0.00793457
79 0.491726 0.392871 0.0449173 0.0673828 0.00766754
73 0.246749 0.265625 0.195626 0.264062 0.00679779
79 0.31974 0.429688 0.269504 0.373437 0.00634003
79 0.239066 0.396094 0.161348 0.347656 0.00631332
34 0.534279 0.263623 0.200946 0.334473 0.00614548
79 0.3026 0.332031 0.268322 0.188281 0.00548935
46 0.246749 0.265625 0.195626 0.264062 0.0053215
79 0.422134 0.357227 0.195922 0.151953 0.00502014
41 0.248818 0.277148 0.1974 0.283203 0.00502014
77 0.246454 0.267139 0.195035 0.266504 0.0049057
46 0.403664 0.338281 0.147754 0.174219 0.00482941
76 0.534279 0.263623 0.200946 0.334473 0.00455475
39 0.403664 0.338281 0.147754 0.174219 0.00453949
75 0.248818 0.277148 0.1974 0.283203 0.00453949
75 0.532506 0.547266 0.722222 0.767969 0.00416565
76 0.249704 0.278711 0.1974 0.287891 0.00336266
79 0.396572 0.354688 0.131206 0.1375 0.00287819
41 0.317671 0.410938 0.336288 0.566406 0.00281143
58 0.535461 0.263672 0.20331 0.335156 0.00255013
65 0.404255 0.338672 0.147754 0.175 0.0024929
79 0.224586 0.230273 0.154846 0.182031 0.00219917
73 0.403664 0.338281 0.147754 0.174219 0.00212479
79 0.532506 0.547266 0.722222 0.767969 0.00210762
46 0.537825 0.264062 0.198582 0.3375 0.00184631
34 0.260638 0.364648 0.219858 0.462891 0.00177479
79 0.334811 0.462891 0.208629 0.414844 0.00175476
79 0.390219 0.268799 0.486702 0.313965 0.00168705
25 0.246749 0.265625 0.195626 0.264062 0.00164223
65 0.246749 0.265625 0.195626 0.264062 0.00155449
79 0.275709 0.335156 0.137707 0.139063 0.00151253
34 0.403664 0.339063 0.148936 0.174219 0.00150108
25 0.531324 0.262695 0.200946 0.337109 0.00147247
79 0.469267 0.387402 0.0898345 0.0751953 0.00146675
36 0.537825 0.264062 0.198582 0.3375 0.00143814
79 0.509456 0.222852 0.238771 0.235938 0.00143242
79 0.309693 0.357617 0.118203 0.121484 0.00131512
0 0.535461 0.263672 0.20331 0.335156 0.00125504
43 0.249113 0.278174 0.1974 0.28584 0.00123501
79 0.228132 0.193945 0.161939 0.115234 0.00120163
4 0.537234 0.263867 0.199764 0.335547 0.00119209
79 0.479314 0.203906 0.301418 0.207031 0.00116062
44 0.534279 0.263623 0.200946 0.334473 0.00116062
79 0.41253 0.465625 0.219858 0.260156 0.00107765
79 0.397754 0.478027 0.20331 0.37832 0.00106907
47 0.246158 0.269482 0.194444 0.268848 0.00106525
4 0.249113 0.278174 0.1974 0.28584 0.00106525
65 0.534279 0.261719 0.200946 0.328906 0.00105667
79 0.475768 0.391797 0.0685579 0.0710938 0.00105286
79 0.529551 0.192969 0.208038 0.189844 0.00100422
79 0.249113 0.279492 0.198582 0.287891 0.939453
79 0.404403 0.339453 0.148641 0.175781 0.927734
79 0.534279 0.263623 0.200946 0.334473 0.924805
41 0.523641 0.518066 0.736407 0.716992 0.84082
79 0.260343 0.365625 0.220449 0.464844 0.295898
39 0.534279 0.263623 0.200946 0.334473 0.126831
39 0.248818 0.278125 0.198582 0.284375 0.0913696
79 0.310579 0.396094 0.316194 0.528906 0.0458679
41 0.552601 0.626563 0.691489 0.6625 0.0239563
79 0.452719 0.264111 0.368794 0.334277 0.0219421
34 0.249113 0.281299 0.200355 0.295215 0.0150757
79 0.274232 0.388379 0.22104 0.348242 0.0146713
75 0.537234 0.264453 0.199764 0.338281 0.0133743
41 0.536052 0.264014 0.204492 0.33291 0.0132751
79 0.246454 0.352344 0.182033 0.289062 0.0111618
79 0.404403 0.439063 0.167553 0.371875 0.00993347
25 0.403664 0.339258 0.150118 0.174609 0.00959778
79 0.370567 0.430469 0.204492 0.360938 0.00881195
34 0.534279 0.263623 0.200946 0.334473 0.00751877
79 0.491726 0.393359 0.0449173 0.0679687 0.00725937
79 0.267731 0.325 0.20922 0.233594 0.00656509
73 0.247045 0.266406 0.196217 0.265625 0.00643921
79 0.320626 0.428906 0.279551 0.378125 0.00629044
46 0.247045 0.266406 0.196217 0.265625 0.0055542
79 0.421838 0.353906 0.196513 0.159375 0.0055542
79 0.312352 0.331445 0.294917 0.190234 0.00553513
46 0.403664 0.338281 0.147754 0.174219 0.00542831
41 0.248818 0.278125 0.198582 0.284375 0.00452042
76 0.534279 0.263623 0.200946 0.334473 0.00446701
75 0.248818 0.278125 0.198582 0.284375 0.00431442
77 0.247045 0.26792 0.196217 0.268066 0.00407028
39 0.403664 0.338281 0.147754 0.174219 0.00407028
75 0.52896 0.550879 0.731678 0.779492 0.00402451
76 0.249704 0.280029 0.198582 0.289941 0.00329781
79 0.397311 0.355078 0.132092 0.1375 0.00304031
34 0.260343 0.365625 0.220449 0.464844 0.00296974
79 0.52896 0.550879 0.731678 0.779492 0.00264168
58 0.535461 0.263867 0.205674 0.335547 0.00230598
65 0.404255 0.338672 0.147754 0.175781 0.00224304
46 0.537234 0.264453 0.199764 0.338281 0.00221634
41 0.320331 0.410156 0.341608 0.5625 0.00197983
79 0.225768 0.230811 0.15721 0.182129 0.00188255
39 0.255024 0.362109 0.20922 0.453906 0.00182438
25 0.247045 0.266406 0.196217 0.265625 0.00175476
73 0.403664 0.338281 0.147754 0.174219 0.0017271
36 0.537234 0.264453 0.199764 0.338281 0.0017004
34 0.403664 0.339258 0.150118 0.174609 0.00166798
79 0.333924 0.459375 0.222222 0.419531 0.00166798
25 0.530733 0.263086 0.20331 0.337891 0.00154877
65 0.247045 0.266406 0.196217 0.265625 0.00151253
79 0.468676 0.387891 0.0910165 0.075 0.00142097
79 0.495863 0.388672 0.0591017 0.0765625 0.00139427
44 0.534279 0.263623 0.200946 0.334473 0.00133514
43 0.249704 0.280029 0.198582 0.289941 0.00130463
79 0.276005 0.335938 0.13948 0.139063 0.00124454
79 0.398936 0.475098 0.202128 0.379492 0.0012207
79 0.234043 0.416797 0.158392 0.388281 0.00119209
4 0.536643 0.264062 0.200946 0.335938 0.00118351
0 0.535461 0.263867 0.205674 0.335547 0.00117874
79 0.412382 0.462598 0.220154 0.257617 0.00115585
79 0.506501 0.226123 0.245863 0.243066 0.00113392
79 0.30792 0.358789 0.122931 0.119922 0.00112438
47 0.246454 0.270703 0.195035 0.271094 0.00106907
65 0.534279 0.262158 0.20331 0.32959 0.00106049
79 0.47695 0.204883 0.308511 0.209766 0.00104809
79 0.475177 0.392285 0.070922 0.0716797 0.00102806
79 0.248818 0.280664 0.199764 0.290234 0.933105
79 0.404255 0.339453 0.148936 0.175781 0.930664
79 0.534279 0.26333 0.202128 0.334277 0.928223
41 0.523493 0.51875 0.737884 0.723437 0.853027
79 0.260047 0.367383 0.22104 0.468359 0.370117
39 0.534279 0.26333 0.202128 0.334277 0.141235
39 0.248522 0.278857 0.199173 0.286035 0.0841675
79 0.310284 0.398438 0.315603 0.533594 0.0516663
41 0.548316 0.624609 0.700059 0.677344 0.0283356
79 0.415485 0.264111 0.443262 0.334277 0.0262604
34 0.249409 0.286133 0.200946 0.305078 0.0155411
79 0.274232 0.390234 0.222222 0.366406 0.0137939
75 0.537234 0.264795 0.199764 0.33916 0.012146
41 0.535461 0.264062 0.20331 0.332813 0.0115967
79 0.401744 0.440723 0.161052 0.379492 0.0112
79 0.247045 0.352344 0.184397 0.302344 0.0100937
25 0.404108 0.339453 0.149232 0.175 0.00978088
79 0.372045 0.430859 0.202719 0.360938 0.00952148
34 0.534279 0.26333 0.202128 0.334277 0.00772476
79 0.491726 0.393359 0.0460993 0.0679687 0.00763702
79 0.421986 0.350781 0.196217 0.165625 0.00638962
79 0.321513 0.428223 0.28487 0.382617 0.00609589
73 0.247636 0.267383 0.196217 0.267578 0.00568771
46 0.247636 0.267383 0.196217 0.267578 0.0055542
79 0.268026 0.322656 0.209811 0.235938 0.00548935
79 0.315307 0.330859 0.303191 0.192188 0.00544739
46 0.403664 0.338281 0.147754 0.174219 0.00511932
41 0.248522 0.278857 0.199173 0.286035 0.00419998
76 0.534279 0.26333 0.202128 0.334277 0.00418091
75 0.248522 0.278857 0.199173 0.286035 0.00402451
34 0.260047 0.367383 0.22104 0.468359 0.00378036
75 0.524823 0.553125 0.743499 0.7875 0.00342941
39 0.403664 0.338281 0.147754 0.174219 0.00331116
79 0.397163 0.355664 0.132388 0.137109 0.00317192
76 0.249409 0.280859 0.198582 0.292188 0.00311089
77 0.247045 0.268945 0.196217 0.269922 0.00300407
39 0.255024 0.362109 0.209811 0.453906 0.00265312
46 0.537234 0.264795 0.199764 0.33916 0.00251198
79 0.524823 0.553125 0.743499 0.7875 0.00250244
58 0.535461 0.264062 0.205674 0.335938 0.0020504
65 0.404255 0.338672 0.147754 0.175781 0.00189686
25 0.247636 0.267383 0.196217 0.267578 0.00183868
34 0.404108 0.339453 0.149232 0.175 0.00178909
36 0.537234 0.264795 0.199764 0.33916 0.0016489
79 0.225768 0.232422 0.15721 0.184766 0.00155449
25 0.531324 0.263086 0.204492 0.337891 0.00154877
79 0.468085 0.388281 0.0921986 0.075 0.00153065
44 0.534279 0.26333 0.202128 0.334277 0.00151253
79 0.495863 0.388672 0.0591017 0.0765625 0.00146103
73 0.404255 0.338672 0.148936 0.175781 0.0014267
43 0.249409 0.280859 0.198582 0.292188 0.00135612
65 0.247636 0.267383 0.196217 0.267578 0.0012846
79 0.400118 0.47334 0.200946 0.37832 0.00124931
79 0.41253 0.459375 0.219858 0.253125 0.00123978
79 0.2763 0.336523 0.141253 0.139453 0.00114727
0 0.535461 0.264062 0.205674 0.335938 0.00114727
39 0.512411 0.549902 0.762411 0.768945 0.00112438
4 0.536643 0.263867 0.200946 0.335547 0.00110722
79 0.306442 0.358984 0.126478 0.120313 0.00109005
44 0.248818 0.280664 0.199764 0.290234 0.00104046
79 0.234929 0.412891 0.161348 0.394531 0.00102043
47 0.403664 0.338281 0.147754 0.174219 0.00100803
58 0.248522 0.278857 0.199173 0.286035 0.00100803
79 0.404255 0.339258 0.150118 0.175391 0.941895
79 0.534279 0.263477 0.200946 0.333984 0.936035
79 0.248818 0.281836 0.199764 0.292578 0.926758
41 0.523641 0.521875 0.737589 0.739062 0.862305
79 0.260638 0.367773 0.222222 0.469141 0.420654
39 0.534279 0.263477 0.200946 0.333984 0.138428
79 0.44932 0.264453 0.370863 0.335156 0.118408
39 0.248818 0.279687 0.198582 0.2875 0.0708008
79 0.310284 0.402734 0.315603 0.542188 0.0589905
79 0.401891 0.44209 0.161939 0.381445 0.016098
34 0.249409 0.291992 0.202128 0.316797 0.0154877
79 0.292258 0.39209 0.252364 0.392383 0.0123367
79 0.247045 0.347656 0.185579 0.309375 0.0102463
41 0.536052 0.264404 0.20331 0.33291 0.01017
75 0.537234 0.265186 0.198582 0.339941 0.00985718
25 0.404255 0.339258 0.150118 0.175391 0.00952148
34 0.534279 0.263477 0.200946 0.333984 0.00847626
79 0.491726 0.393359 0.0460993 0.06875 0.00796509
79 0.421838 0.348047 0.196513 0.171875 0.00740433
79 0.322104 0.426172 0.288416 0.391406 0.00643921
79 0.318262 0.329688 0.311466 0.195312 0.00577545
79 0.267731 0.319336 0.210402 0.243359 0.00519943
34 0.260638 0.367773 0.222222 0.469141 0.00424957
79 0.391401 0.279736 0.47961 0.362402 0.00418091
76 0.534279 0.263477 0.200946 0.333984 0.00415039
46 0.247636 0.271094 0.197991 0.273438 0.00411606
41 0.248818 0.279687 0.198582 0.2875 0.00397491
75 0.248818 0.279687 0.198582 0.2875 0.00358009
73 0.247636 0.268359 0.196217 0.269531 0.00352478
39 0.255319 0.361328 0.210402 0.452344 0.00329781
46 0.404255 0.338672 0.148936 0.175781 0.00327301
79 0.397015 0.355859 0.132683 0.136719 0.00312424
76 0.249409 0.282422 0.199173 0.294531 0.00307465
46 0.537234 0.265186 0.198582 0.339941 0.00257111
75 0.525414 0.553906 0.743499 0.798438 0.00256157
79 0.524823 0.523828 0.749409 0.763281 0.00251198
77 0.247636 0.269727 0.196217 0.271484 0.00232315
79 0.367612 0.471191 0.202128 0.393555 0.00214005
34 0.404255 0.339258 0.150118 0.175391 0.00205803
44 0.534279 0.263477 0.200946 0.333984 0.00191879
65 0.404255 0.339063 0.147754 0.175781 0.00188255
39 0.404403 0.338281 0.148641 0.175 0.00178909
25 0.247636 0.271094 0.197991 0.273438 0.00175476
25 0.531324 0.263623 0.205674 0.338379 0.00171375
58 0.534279 0.264404 0.205674 0.336816 0.0015974
79 0.468085 0.388281 0.0921986 0.075 0.00152493
79 0.496454 0.389062 0.0591017 0.0765625 0.00147247
43 0.249409 0.282422 0.199173 0.294531 0.00145531
36 0.537234 0.265186 0.198582 0.339941 0.00144386
79 0.412677 0.458203 0.221927 0.257031 0.00137234
73 0.404255 0.338867 0.148936 0.176172 0.00129414
79 0.229314 0.231689 0.164303 0.183496 0.00127888
44 0.248818 0.281836 0.199764 0.292578 0.0012064
39 0.512411 0.551953 0.764775 0.782031 0.00115108
43 0.534279 0.263477 0.200946 0.333984 0.00111198
0 0.534279 0.264404 0.205674 0.336816 0.00109005
34 0.310284 0.402734 0.315603 0.542188 0.00109005
79 0.441489 0.325781 0.232861 0.20625 0.00108624
42 0.249409 0.282422 0.199173 0.294531 0.00108624
4 0.536643 0.264062 0.198582 0.335938 0.00108624
65 0.247636 0.269727 0.196217 0.271484 0.00107765
79 0.276596 0.336914 0.143026 0.140234 0.00104427
79 0.305556 0.358984 0.128842 0.121094 0.00101662
79 0.235816 0.407031 0.163712 0.409375 0.00101662
79 0.4013 0.390527 0.119385 0.0689453 0.00100803
79 0.404255 0.339648 0.148936 0.176172 0.946777
79 0.533688 0.263672 0.202128 0.334375 0.939453
79 0.249409 0.306299 0.202128 0.345215 0.925293
41 0.524675 0.522656 0.737884 0.745313 0.868652
79 0.260638 0.369141 0.222222 0.471094 0.505859
79 0.43617 0.264648 0.397163 0.335547 0.138428
39 0.533688 0.263672 0.202128 0.334375 0.12854
79 0.309693 0.404004 0.314421 0.545117 0.0734253
39 0.248522 0.280664 0.198582 0.289453 0.0539856
79 0.402482 0.444141 0.161939 0.385156 0.0232391
34 0.249409 0.306299 0.202128 0.345215 0.0153656
79 0.294326 0.39209 0.258865 0.408008 0.0124817
79 0.257979 0.292139 0.199173 0.256348 0.0122375
41 0.535461 0.264453 0.20331 0.332813 0.0100937
25 0.404255 0.339453 0.150118 0.175781 0.00930023
75 0.536643 0.265234 0.198582 0.339844 0.00891876
34 0.533688 0.263672 0.202128 0.334375 0.0086441
79 0.491726 0.393359 0.0460993 0.06875 0.0077858
79 0.319149 0.328125 0.315603 0.199219 0.00609589
79 0.242612 0.383203 0.171986 0.409375 0.0053215
34 0.260638 0.369141 0.222222 0.471094 0.00511932
79 0.32565 0.404297 0.320331 0.342187 0.00446701
39 0.255319 0.360938 0.211584 0.451562 0.00441742
76 0.533688 0.263672 0.202128 0.334375 0.00432968
41 0.248522 0.280664 0.198582 0.289453 0.00379562
46 0.248227 0.270508 0.198582 0.274609 0.00366402
79 0.397754 0.356055 0.13357 0.137109 0.00323486
75 0.248522 0.280664 0.198582 0.289453 0.00313568
46 0.404255 0.338672 0.148936 0.175781 0.00312424
76 0.249409 0.286133 0.198582 0.301953 0.00301552
79 0.526005 0.524219 0.749409 0.76875 0.00279045
46 0.536643 0.265234 0.198582 0.339844 0.00258064
75 0.526005 0.524219 0.749409 0.76875 0.00226021
79 0.368203 0.469922 0.202128 0.396094 0.00219917
44 0.533688 0.263672 0.202128 0.334375 0.00218201
73 0.247636 0.269141 0.196217 0.271094 0.00199509
34 0.404255 0.339453 0.150118 0.175781 0.0019722
25 0.534279 0.263281 0.205674 0.33125 0.00181007
79 0.401891 0.475391 0.202128 0.391406 0.00179577
65 0.404255 0.338867 0.147754 0.176172 0.00177479
25 0.247636 0.271875 0.198582 0.275 0.00175476
77 0.247636 0.270508 0.1974 0.273047 0.00171375
79 0.468085 0.388672 0.0945626 0.075 0.00154877
79 0.333924 0.448438 0.244681 0.44375 0.00154877
39 0.404846 0.339063 0.148936 0.176563 0.00153637
79 0.411495 0.460938 0.226655 0.271875 0.00143814
79 0.496454 0.389062 0.0591017 0.0765625 0.00142097
36 0.536643 0.265234 0.198582 0.339844 0.00137806
43 0.249409 0.286133 0.198582 0.301953 0.00137806
79 0.444297 0.323633 0.239066 0.210547 0.00132465
58 0.533097 0.264258 0.208038 0.337109 0.00132465
44 0.248818 0.284033 0.199764 0.296777 0.0012846
34 0.309693 0.404004 0.314421 0.545117 0.00123978
79 0.443853 0.559766 0.310875 0.29375 0.00112915
73 0.404846 0.339063 0.148936 0.176563 0.00112438
43 0.533688 0.263672 0.202128 0.334375 0.00112438
4 0.536643 0.263867 0.199764 0.335547 0.00110722
42 0.249409 0.286133 0.198582 0.301953 0.00109005
39 0.403073 0.264453 0.466903 0.335156 0.00108624
79 0.488771 0.265967 0.251773 0.322754 0.00105667
79 0.231087 0.233203 0.167849 0.186719 0.00103188
79 0.4013 0.390723 0.120567 0.0701172 0.00102425
39 0.513593 0.551562 0.764775 0.7875 0.00101662
79 0.404255 0.339648 0.148936 0.176172 0.955078
79 0.533688 0.263867 0.202128 0.333984 0.94873
79 0.249409 0.30957 0.202128 0.351172 0.921387
41 0.52497 0.527344 0.737293 0.759375 0.878418
79 0.260638 0.366797 0.223404 0.466406 0.519531
79 0.419031 0.264648 0.431442 0.335547 0.150024
39 0.533688 0.263867 0.202128 0.333984 0.111267
79 0.309397 0.400098 0.31383 0.537305 0.0736694
39 0.248227 0.28125 0.198582 0.290625 0.0446777
79 0.402482 0.443848 0.164303 0.38418 0.0292053
34 0.249409 0.30957 0.202128 0.351172 0.0144501
79 0.257683 0.291211 0.199764 0.259766 0.0141144
79 0.299645 0.389844 0.271868 0.410938 0.01297
41 0.535461 0.264502 0.20331 0.332715 0.00978088
34 0.533688 0.263867 0.202128 0.333984 0.0091629
79 0.421986 0.346094 0.199764 0.178125 0.00878143
75 0.536643 0.265234 0.198582 0.339844 0.00847626
25 0.404255 0.339063 0.1513 0.175781 0.00812531
79 0.491726 0.393359 0.0460993 0.06875 0.00772476
79 0.320035 0.328906 0.320922 0.198437 0.00706482
79 0.243499 0.379297 0.174941 0.411719 0.00572968
34 0.260638 0.366797 0.223404 0.466406 0.00481033
46 0.248227 0.270703 0.198582 0.275 0.00477219
76 0.533688 0.263867 0.202128 0.333984 0.0045929
39 0.255319 0.360156 0.211584 0.45 0.00421524
41 0.248227 0.28125 0.198582 0.290625 0.00397491
79 0.397163 0.35625 0.13357 0.136719 0.00376511
79 0.526596 0.528223 0.748227 0.781055 0.00359344
76 0.248818 0.288623 0.198582 0.306348 0.00304031
75 0.248227 0.28125 0.198582 0.290625 0.00283432
46 0.404255 0.338672 0.148936 0.175781 0.00275803
75 0.538416 0.561035 0.719858 0.791992 0.00261116
79 0.368794 0.468359 0.20331 0.394531 0.00230598
44 0.533688 0.263867 0.202128 0.333984 0.00230598
46 0.536643 0.265234 0.198582 0.339844 0.00223351
25 0.248227 0.270703 0.198582 0.275 0.00214958
34 0.404403 0.339063 0.151005 0.175781 0.00203514
65 0.404255 0.338867 0.147754 0.176172 0.00199509
25 0.530733 0.263672 0.208038 0.338281 0.00188255
73 0.247636 0.269531 0.196217 0.271875 0.00182438
79 0.444592 0.5625 0.316489 0.301563 0.00176144
79 0.450502 0.322461 0.25266 0.212891 0.00159168
79 0.466903 0.388184 0.0957447 0.0751953 0.00157356
79 0.410165 0.460938 0.231678 0.278125 0.00151253
79 0.334515 0.447266 0.249409 0.444531 0.00148964
79 0.496454 0.389062 0.0602837 0.0765625 0.00146103
77 0.247636 0.270703 0.1974 0.273438 0.00141048
39 0.404108 0.338867 0.149232 0.176953 0.00141048
79 0.488032 0.26582 0.250887 0.323047 0.00136662
4 0.536643 0.265234 0.198582 0.339844 0.00136185
43 0.248818 0.288623 0.198582 0.306348 0.00127411
36 0.536643 0.265234 0.198582 0.339844 0.00124454
44 0.248227 0.285156 0.198582 0.298438 0.00123501
58 0.533097 0.264258 0.208038 0.337109 0.00119686
34 0.309397 0.400098 0.31383 0.537305 0.00116539
39 0.404108 0.264453 0.463652 0.335156 0.00112438
79 0.276005 0.338086 0.14539 0.140234 0.00107288
39 0.515219 0.555078 0.761525 0.797656 0.00107288
79 0.4013 0.390625 0.120567 0.0703125 0.00106525
43 0.533688 0.263867 0.202128 0.333984 0.00104809
42 0.248818 0.288623 0.198582 0.306348 0.00104427
73 0.404108 0.338867 0.149232 0.176953 0.00102425
79 0.404255 0.339844 0.148936 0.175781 0.959961
79 0.533097 0.263721 0.20331 0.333496 0.938965
79 0.248227 0.283203 0.1974 0.29375 0.908203
41 0.527335 0.529297 0.734929 0.760156 0.884277
79 0.260934 0.362109 0.223995 0.45625 0.297363
79 0.463948 0.264111 0.340426 0.334277 0.118408
39 0.533097 0.263721 0.20331 0.333496 0.10968
39 0.247636 0.280078 0.1974 0.288281 0.0509033
79 0.309988 0.392188 0.316194 0.521875 0.0377502
79 0.402482 0.441309 0.163121 0.37832 0.0274811
79 0.245272 0.340234 0.183215 0.315625 0.0167847
79 0.293144 0.388379 0.257683 0.40293 0.0140076
79 0.491726 0.393359 0.0449173 0.06875 0.0112457
34 0.248227 0.295703 0.199764 0.322656 0.0110321
41 0.533688 0.264502 0.202128 0.333496 0.0105667
79 0.398197 0.266602 0.503842 0.322266 0.00955963
75 0.536643 0.264453 0.1974 0.338281 0.0088501
25 0.404403 0.339063 0.151005 0.175781 0.00844574
34 0.533097 0.263721 0.20331 0.333496 0.00800323
79 0.421395 0.347461 0.198582 0.174609 0.0078125
79 0.319444 0.331055 0.315012 0.193359 0.0068512
79 0.391401 0.405078 0.486702 0.557031 0.00679779
79 0.322695 0.424219 0.291962 0.389844 0.00677109
79 0.267139 0.316992 0.211584 0.255859 0.00624084
41 0.247636 0.280078 0.1974 0.288281 0.00534439
46 0.247931 0.270508 0.197991 0.274609 0.00519943
76 0.533097 0.263721 0.20331 0.333496 0.00486755
79 0.450946 0.5625 0.306147 0.3 0.0042305
79 0.397015 0.35625 0.132683 0.135937 0.00411606
73 0.247636 0.26875 0.196217 0.270313 0.00400543
76 0.248818 0.284033 0.1974 0.296777 0.00348282
75 0.247636 0.280078 0.1974 0.288281 0.00324821
79 0.527187 0.528223 0.744681 0.781055 0.00302696
79 0.369976 0.468066 0.199764 0.391992 0.00298119
46 0.404108 0.338672 0.149232 0.175781 0.00273705
34 0.260934 0.362109 0.223995 0.45625 0.00273705
44 0.533097 0.263721 0.20331 0.333496 0.00240517
25 0.247636 0.26875 0.196217 0.270313 0.00239754
65 0.404255 0.338867 0.147754 0.176172 0.002388
75 0.542553 0.563379 0.70922 0.788867 0.00225258
46 0.536643 0.264453 0.1974 0.338281 0.00223351
39 0.255615 0.356641 0.210993 0.442188 0.00211525
79 0.496454 0.38916 0.0591017 0.0763672 0.0020752
25 0.531324 0.263086 0.205674 0.337109 0.0020752
34 0.404403 0.339063 0.151005 0.175781 0.00201035
79 0.468085 0.388184 0.0945626 0.0751953 0.00199509
77 0.247045 0.269922 0.1974 0.271875 0.00183105
39 0.404255 0.339063 0.148936 0.176563 0.00156689
79 0.232861 0.230664 0.171395 0.182422 0.00155449
79 0.410165 0.462598 0.228132 0.266992 0.00155449
58 0.533688 0.263867 0.205674 0.336328 0.00150108
79 0.234634 0.403125 0.163121 0.43125 0.00149536
4 0.536643 0.264453 0.1974 0.338281 0.00130463
79 0.385934 0.392285 0.0992908 0.0654297 0.00129414
79 0.493499 0.265625 0.238771 0.321875 0.00129414
79 0.275414 0.338086 0.143617 0.138672 0.00126934
79 0.304374 0.360352 0.130024 0.119922 0.0012207
43 0.248818 0.284033 0.1974 0.296777 0.0011692
65 0.247636 0.26875 0.196217 0.270313 0.00113392
79 0.447843 0.319727 0.246158 0.218359 0.00112057
65 0.534279 0.262891 0.205674 0.329688 0.0011158
44 0.248227 0.283203 0.1974 0.29375 0.0011158
73 0.404255 0.339063 0.148936 0.176563 0.00107765
36 0.536643 0.264453 0.1974 0.338281 0.00107288
58 0.247636 0.280078 0.1974 0.288281 0.00105667
79 0.660757 0.309766 0.449173 0.259375 0.00103188
79 0.464539 0.377344 0.115839 0.0953125 0.00102425
43 0.404403 0.339063 0.151005 0.175781 0.00100803
0 0.533688 0.263867 0.205674 0.336328 0.00100803
79 0.404255 0.339844 0.148936 0.175781 0.96582
79 0.533097 0.263672 0.20331 0.332813 0.932617
79 0.247931 0.282617 0.196809 0.291797 0.912598
41 0.528369 0.525098 0.732861 0.748242 0.869629
79 0.262411 0.360547 0.225768 0.452344 0.183594
39 0.533097 0.263672 0.20331 0.332813 0.106689
39 0.247931 0.279102 0.196809 0.287109 0.0541992
79 0.442228 0.263721 0.387411 0.333496 0.0305634
79 0.310579 0.386328 0.318558 0.510156 0.0261536
79 0.402926 0.437891 0.161052 0.371094 0.0252686
79 0.243499 0.341016 0.178487 0.307031 0.0226288
79 0.491726 0.393066 0.0449173 0.0685547 0.0157776
79 0.289303 0.388672 0.248818 0.386719 0.013588
41 0.533097 0.264404 0.20331 0.33291 0.0118713
34 0.248227 0.289453 0.198582 0.309375 0.00930023
25 0.404255 0.339063 0.1513 0.175 0.00891876
79 0.449173 0.560156 0.297872 0.292188 0.00821686
75 0.536643 0.263721 0.198582 0.336621 0.00812531
79 0.420804 0.348438 0.1974 0.172656 0.00803375
34 0.533097 0.263672 0.20331 0.332813 0.00748825
79 0.317376 0.332422 0.303782 0.189063 0.00706482
79 0.3224 0.423828 0.287825 0.377344 0.0069313
41 0.247931 0.279102 0.196809 0.287109 0.00619125
79 0.267139 0.319922 0.209811 0.24375 0.00609589
79 0.410756 0.395703 0.526005 0.540625 0.00605011
46 0.247636 0.268359 0.195626 0.269531 0.00536346
76 0.533097 0.263672 0.20331 0.332813 0.00479126
79 0.397015 0.355859 0.132683 0.135156 0.00436401
73 0.247636 0.268359 0.195626 0.269531 0.00382423
79 0.369976 0.467187 0.198582 0.385938 0.00376511
76 0.248818 0.282764 0.1974 0.293848 0.00358009
75 0.247931 0.279102 0.196809 0.287109 0.00337601
79 0.496454 0.38916 0.0591017 0.0763672 0.0028553
79 0.468085 0.388281 0.0921986 0.075 0.0026207
46 0.404108 0.338672 0.149232 0.175 0.00258064
25 0.247636 0.268359 0.195626 0.269531 0.00252151
65 0.404255 0.338672 0.147754 0.175781 0.00245285
79 0.232861 0.401953 0.15721 0.4125 0.00239754
44 0.533097 0.263672 0.20331 0.332813 0.00239754
79 0.53487 0.553906 0.722222 0.801562 0.00230598
79 0.232565 0.230664 0.170804 0.182422 0.00226974
46 0.536643 0.263721 0.198582 0.336621 0.00223351
25 0.530733 0.262305 0.205674 0.334766 0.00209999
58 0.534279 0.263623 0.205674 0.335254 0.00193405
34 0.404255 0.339063 0.150118 0.175781 0.00191879
34 0.262411 0.360547 0.225768 0.452344 0.00190449
77 0.24734 0.269141 0.196809 0.270313 0.00181007
79 0.410756 0.4625 0.225768 0.261719 0.0017271
75 0.545508 0.564063 0.700946 0.778125 0.00169373
79 0.386525 0.392188 0.100473 0.065625 0.0016489
79 0.304374 0.361328 0.128842 0.117188 0.00157928
39 0.404108 0.338672 0.149232 0.176563 0.00150108
79 0.275118 0.339648 0.143026 0.134766 0.00148964
79 0.475768 0.206641 0.308511 0.214844 0.00145531
79 0.66253 0.309375 0.440898 0.257812 0.00142097
79 0.501182 0.566406 0.224586 0.290625 0.00137806
79 0.464539 0.377734 0.113475 0.0945313 0.00134563
65 0.247636 0.268359 0.195626 0.269531 0.00131989
39 0.25591 0.354688 0.211584 0.438281 0.00126934
65 0.534279 0.262061 0.205674 0.327441 0.0012598
4 0.536643 0.263721 0.198582 0.336621 0.00121593
58 0.247931 0.279102 0.196809 0.287109 0.00112438
79 0.501034 0.234766 0.255615 0.263281 0.00112057
79 0.400561 0.382422 0.123227 0.0851563 0.00108147
79 0.365839 0.541406 0.205674 0.335156 0.00104427
43 0.248818 0.282764 0.1974 0.293848 0.00104427
44 0.247931 0.282617 0.196809 0.291797 0.00103188
79 0.44932 0.222705 0.420508 0.234277 0.00102806
43 0.404255 0.339063 0.150118 0.175781 0.00101185
79 0.404255 0.339648 0.148936 0.175391 0.969727
79 0.533097 0.263867 0.20331 0.332422 0.915039
79 0.247636 0.281445 0.196217 0.288672 0.898438
41 0.532063 0.549609 0.725473 0.782031 0.867188
39 0.533097 0.263867 0.20331 0.332422 0.0878906
79 0.266253 0.358984 0.233452 0.45 0.0731812
39 0.247636 0.278564 0.196217 0.28584 0.049408
79 0.242317 0.341406 0.173759 0.285938 0.0340881
79 0.491726 0.392969 0.0449173 0.06875 0.0246124
79 0.268322 0.380469 0.210402 0.346094 0.0238647
79 0.40529 0.435156 0.168144 0.364844 0.0229797
79 0.469415 0.263477 0.333038 0.332422 0.0225372
79 0.451389 0.560547 0.288712 0.291406 0.0194244
79 0.298463 0.409766 0.264775 0.433594 0.0141754
41 0.533097 0.264111 0.20331 0.332715 0.0133286
25 0.404255 0.338867 0.1513 0.175391 0.00985718
79 0.266844 0.323438 0.208038 0.23125 0.00809479
79 0.313534 0.333594 0.287825 0.185938 0.00800323
79 0.420952 0.352734 0.195922 0.164844 0.00800323
34 0.247636 0.283203 0.1974 0.296094 0.0077858
75 0.536643 0.263477 0.198582 0.335547 0.00754929
41 0.247636 0.278564 0.196217 0.28584 0.00734711
34 0.533097 0.263867 0.20331 0.332422 0.00682449
79 0.396572 0.355859 0.132388 0.134375 0.00584412
46 0.247636 0.267188 0.195035 0.267188 0.00572968
79 0.323877 0.396094 0.315603 0.304688 0.00526047
79 0.370272 0.467187 0.197991 0.38125 0.00526047
79 0.404255 0.389062 0.513002 0.532031 0.00516129
76 0.533097 0.263867 0.20331 0.332422 0.0050621
79 0.231383 0.404687 0.153073 0.395313 0.00475693
79 0.468085 0.388184 0.0921986 0.0751953 0.00383949
76 0.248818 0.281445 0.196809 0.291016 0.00379562
79 0.230496 0.229346 0.166667 0.17959 0.0036068
73 0.247636 0.267188 0.195035 0.267188 0.00340271
75 0.247636 0.278564 0.196217 0.28584 0.00323486
46 0.403221 0.3375 0.148641 0.174219 0.00317192
25 0.247636 0.267188 0.195035 0.267188 0.00279999
65 0.404255 0.338672 0.147754 0.175781 0.00261116
79 0.503546 0.564844 0.208038 0.286719 0.00253105
79 0.385638 0.392188 0.0986998 0.065625 0.00251198
44 0.533097 0.263867 0.20331 0.332422 0.00247192
79 0.303191 0.366406 0.141844 0.115625 0.00240517
25 0.531324 0.261377 0.20331 0.333496 0.00234222
79 0.544326 0.551562 0.70331 0.790625 0.00232315
79 0.364066 0.542969 0.200946 0.334375 0.00226021
79 0.275118 0.34082 0.141253 0.130859 0.00222588
79 0.393765 0.263477 0.489066 0.332422 0.00222588
79 0.477541 0.205273 0.301418 0.211719 0.00221634
46 0.536643 0.263477 0.198582 0.335547 0.00219154
79 0.4013 0.389844 0.121749 0.0710938 0.00214005
58 0.534279 0.263867 0.204492 0.335547 0.00206757
79 0.464539 0.377734 0.113475 0.0945313 0.00204277
77 0.246749 0.270898 0.195035 0.272266 0.00203514
79 0.411495 0.462891 0.221927 0.250781 0.00201988
79 0.666667 0.30918 0.43026 0.256641 0.00199509
34 0.404255 0.338672 0.150118 0.175781 0.00194168
79 0.502955 0.232422 0.248227 0.257812 0.00181007
79 0.227246 0.194922 0.160165 0.118359 0.00170708
65 0.247636 0.267188 0.195035 0.267188 0.00164223
39 0.403221 0.3375 0.148641 0.174219 0.0015974
79 0.524232 0.198779 0.218676 0.20166 0.0015192
79 0.285461 0.282813 0.121749 0.175 0.00151253
75 0.552157 0.566016 0.685284 0.763281 0.00146103
79 0.263593 0.315625 0.137116 0.183594 0.00144386
79 0.382092 0.391016 0.202719 0.0726563 0.00139427
41 0.294917 0.385156 0.289598 0.495313 0.00137806
65 0.534279 0.261133 0.204492 0.326172 0.00137234
79 0.314421 0.354492 0.0957447 0.127734 0.00130939
79 0.545508 0.2875 0.156028 0.273438 0.00130939
79 0.323286 0.373437 0.106383 0.09375 0.00130463
41 0.404255 0.389062 0.513002 0.532031 0.00119686
79 0.464391 0.221484 0.38091 0.231641 0.00119209
79 0.536052 0.352148 0.138298 0.151172 0.00118351
58 0.247636 0.278564 0.196217 0.28584 0.0011692
79 0.306738 0.284375 0.0803782 0.177344 0.00113392
4 0.536643 0.263477 0.198582 0.335547 0.00113392
79 0.434397 0.377344 0.0921986 0.0945313 0.0011034
79 0.306442 0.318359 0.0786052 0.174219 0.00109482
34 0.266253 0.358984 0.233452 0.45 0.00105667
79 0.462766 0.324023 0.287234 0.206641 0.00102425
79 0.475768 0.392188 0.0661939 0.0710938 0.00102043
79 0.404255 0.339648 0.148936 0.175391 0.974609
79 0.532506 0.263672 0.20331 0.332031 0.899902
41 0.534427 0.544531 0.723109 0.767188 0.877441
79 0.247931 0.280811 0.195626 0.286816 0.872559
39 0.532506 0.263672 0.20331 0.332031 0.0755615
79 0.241135 0.342187 0.170213 0.272656 0.0427246
39 0.247636 0.27793 0.196217 0.284766 0.0411377
79 0.491726 0.392871 0.0449173 0.0689453 0.0375977
79 0.274527 0.362695 0.25 0.458203 0.0327148
79 0.452866 0.560547 0.285756 0.290625 0.0272675
79 0.268913 0.381934 0.210402 0.333008 0.0246124
79 0.405437 0.430469 0.169031 0.355469 0.02034
79 0.48685 0.263086 0.295804 0.331641 0.0177155
79 0.375591 0.422656 0.196809 0.340625 0.0175781
79 0.295508 0.412891 0.255319 0.410156 0.0140076
41 0.531915 0.264014 0.204492 0.332129 0.0134811
25 0.404255 0.338867 0.1513 0.175391 0.0115967
79 0.267139 0.325195 0.206856 0.220703 0.0091629
79 0.307033 0.333984 0.267731 0.184375 0.00881195
79 0.396129 0.355664 0.132092 0.133984 0.00844574
79 0.420656 0.358594 0.194149 0.152344 0.00828552
41 0.247636 0.27793 0.196217 0.284766 0.00769424
79 0.312057 0.382812 0.323877 0.515625 0.00754929
79 0.230792 0.405078 0.1513 0.378125 0.00714874
75 0.536643 0.263281 0.198582 0.335156 0.0069046
46 0.247636 0.266455 0.195035 0.265527 0.00641251
34 0.532506 0.263672 0.20331 0.332031 0.00638962
34 0.248227 0.280469 0.1974 0.290625 0.00634003
79 0.468085 0.387891 0.0933806 0.0757812 0.00572968
46 0.403664 0.3375 0.148936 0.174219 0.00568771
79 0.321218 0.394531 0.30792 0.294531 0.00524139
79 0.225768 0.230469 0.156028 0.181641 0.00519943
76 0.532506 0.263672 0.20331 0.332031 0.00500107
79 0.402482 0.464941 0.205674 0.36543 0.00468063
79 0.384752 0.392285 0.0981087 0.0654297 0.00405502
79 0.303487 0.367188 0.142435 0.114063 0.00379562
79 0.362589 0.540625 0.197991 0.329688 0.00370789
79 0.421986 0.388281 0.547281 0.533594 0.00367928
79 0.345154 0.459375 0.193853 0.3875 0.00366402
76 0.249113 0.280859 0.196217 0.289844 0.00335121
79 0.479758 0.203906 0.29344 0.208594 0.00332451
79 0.4013 0.389746 0.121749 0.0705078 0.00324821
79 0.464539 0.377734 0.113475 0.0945313 0.00321007
79 0.503546 0.564063 0.20331 0.284375 0.00319672
79 0.504137 0.229297 0.242317 0.251172 0.00311089
73 0.247636 0.266455 0.195035 0.265527 0.00309944
79 0.274823 0.342187 0.141253 0.127344 0.00304031
75 0.247636 0.27793 0.196217 0.284766 0.00282288
39 0.403664 0.3375 0.148936 0.174219 0.00279045
79 0.669031 0.30918 0.425532 0.255859 0.00279045
79 0.226655 0.194727 0.158983 0.117578 0.00274658
25 0.247636 0.266455 0.195035 0.265527 0.00273705
65 0.404255 0.338672 0.147754 0.175 0.00268364
79 0.526005 0.197266 0.21513 0.199219 0.00250244
25 0.531324 0.260352 0.202128 0.331641 0.0024147
44 0.532506 0.263672 0.20331 0.332031 0.00237846
58 0.534279 0.263867 0.204492 0.335547 0.00230598
79 0.285461 0.284766 0.121749 0.171094 0.00224304
79 0.412382 0.461328 0.21779 0.241406 0.00221634
77 0.246749 0.269971 0.195035 0.270215 0.00217438
79 0.381206 0.391016 0.202128 0.0726563 0.00216484
41 0.299054 0.385547 0.29669 0.492969 0.00216484
46 0.536643 0.263281 0.198582 0.335156 0.00202751
79 0.544326 0.290625 0.153664 0.267969 0.00201988
65 0.247636 0.266455 0.195035 0.265527 0.00197983
79 0.323286 0.373242 0.107565 0.0941406 0.00196457
79 0.547134 0.546875 0.697695 0.776563 0.00194931
79 0.263593 0.316797 0.137116 0.179688 0.00194168
79 0.535461 0.35293 0.137116 0.148828 0.00191212
34 0.404255 0.338672 0.150118 0.175781 0.00188255
79 0.315012 0.356055 0.0957447 0.123828 0.0018177
79 0.393765 0.263477 0.49143 0.332422 0.00171375
79 0.306738 0.285547 0.0803782 0.174219 0.00170708
79 0.292258 0.395313 0.164894 0.141406 0.0016613
41 0.421986 0.388281 0.547281 0.533594 0.00158501
79 0.476359 0.392285 0.0661939 0.0716797 0.00154305
65 0.534279 0.259961 0.204492 0.323828 0.00151253
79 0.264184 0.225977 0.146572 0.157422 0.00150108
79 0.433658 0.377246 0.0924941 0.0939453 0.00148964
79 0.312943 0.410156 0.144208 0.142969 0.00141621
79 0.306738 0.319141 0.0780142 0.171094 0.00141048
79 0.374704 0.369922 0.182033 0.107813 0.00139904
75 0.553191 0.564844 0.684397 0.746875 0.00136662
79 0.540189 0.303711 0.134752 0.169922 0.00135136
79 0.520095 0.383984 0.113475 0.090625 0.00134563
79 0.343972 0.38916 0.143026 0.0826172 0.00133514
79 0.497045 0.404687 0.0425532 0.0460938 0.00131512
79 0.328014 0.422266 0.141844 0.141406 0.00130939
79 0.462027 0.324219 0.281619 0.205469 0.00129414
79 0.326832 0.396484 0.12766 0.103125 0.0012846
79 0.500591 0.610547 0.179669 0.164844 0.00125504
79 0.384161 0.367773 0.0981087 0.112891 0.00124931
79 0.271868 0.385547 0.144208 0.144531 0.00121117
58 0.247636 0.27793 0.196217 0.284766 0.00117874
79 0.459663 0.358203 0.331265 0.146094 0.0011692
73 0.403664 0.3375 0.148936 0.174219 0.00113392
79 0.556147 0.569531 0.504728 0.296875 0.00111198
79 0.576832 0.26875 0.27896 0.310937 0.00106049
79 0.260934 0.34668 0.128251 0.107422 0.00104427
79 0.559693 0.344531 0.0969267 0.159375 0.00101185
79 0.404255 0.339648 0.148936 0.175391 0.975098
41 0.536643 0.541797 0.718676 0.763281 0.883301
79 0.532506 0.263672 0.202128 0.332031 0.882324
79 0.248227 0.280029 0.195035 0.285254 0.838867
39 0.532506 0.263672 0.202128 0.332031 0.0665894
79 0.491726 0.392578 0.0449173 0.0695313 0.0477905
79 0.240544 0.341797 0.169031 0.264844 0.0427246
39 0.247636 0.277539 0.196217 0.283984 0.0346069
79 0.453901 0.560156 0.281324 0.290625 0.0342407
79 0.269208 0.379688 0.20922 0.323438 0.0237732
79 0.280733 0.363477 0.261229 0.460547 0.0191193
79 0.406028 0.428906 0.170213 0.352344 0.0186157
79 0.261525 0.323438 0.197991 0.223438 0.0171051
79 0.375 0.421484 0.197991 0.338281 0.0163422
41 0.531915 0.263672 0.20331 0.332031 0.0146179
25 0.404403 0.338867 0.151005 0.175391 0.0121002
79 0.396129 0.355664 0.132092 0.133984 0.0107346
79 0.30526 0.33418 0.259456 0.183203 0.00857544
79 0.231087 0.404785 0.150118 0.374805 0.00815582
79 0.420213 0.360938 0.193853 0.146875 0.00809479
41 0.247636 0.277539 0.196217 0.283984 0.00772476
79 0.321218 0.424902 0.263002 0.34707 0.00720596
79 0.468085 0.387891 0.0933806 0.0757812 0.00703812
75 0.536643 0.263281 0.196217 0.335156 0.00661469
46 0.247636 0.266357 0.195035 0.264941 0.00634003
46 0.403664 0.3375 0.148936 0.175 0.00626373
34 0.532506 0.263672 0.202128 0.332031 0.00566483
79 0.496454 0.560156 0.20331 0.28125 0.00553513
34 0.248227 0.278516 0.1974 0.286719 0.00544739
79 0.384456 0.392188 0.0939716 0.0648438 0.00526047
79 0.225768 0.229687 0.156028 0.180078 0.00511932
76 0.532506 0.263672 0.202128 0.332031 0.0049057
79 0.403221 0.464746 0.207742 0.362695 0.00482941
79 0.303487 0.366797 0.142435 0.114063 0.00471878
79 0.361998 0.541406 0.195626 0.329688 0.00448608
79 0.4013 0.390234 0.120567 0.0703125 0.00413513
79 0.304965 0.441797 0.27305 0.447656 0.0041008
79 0.464539 0.377734 0.113475 0.0945313 0.00399017
79 0.274823 0.342383 0.140662 0.126172 0.00378036
79 0.345154 0.459766 0.187943 0.385156 0.0036068
79 0.226655 0.194336 0.158983 0.117188 0.00352478
79 0.504728 0.228516 0.238771 0.249219 0.00351143
79 0.481087 0.203174 0.288416 0.206934 0.00349617
79 0.414303 0.385938 0.530733 0.529688 0.00301552
39 0.403664 0.3375 0.148936 0.175 0.00296974
73 0.247636 0.266357 0.195035 0.264941 0.0029583
41 0.300827 0.385156 0.299054 0.489063 0.00284576
79 0.526005 0.196143 0.21513 0.196777 0.00275803
79 0.380319 0.391016 0.200355 0.0726563 0.00273705
79 0.670213 0.308789 0.420804 0.255859 0.0027256
25 0.247636 0.266357 0.195035 0.264941 0.00271416
79 0.28487 0.284766 0.122931 0.169531 0.00270462
65 0.404255 0.338672 0.147754 0.175 0.00253105
75 0.247636 0.277539 0.196217 0.283984 0.00250244
25 0.531915 0.259961 0.200946 0.330859 0.00248146
76 0.249409 0.280273 0.196217 0.288672 0.00247192
79 0.322695 0.372852 0.107565 0.0941406 0.00246239
79 0.263593 0.317188 0.135934 0.178125 0.00245285
79 0.543735 0.291455 0.153664 0.266309 0.00244331
79 0.535461 0.35293 0.137116 0.148828 0.0024147
58 0.534279 0.263867 0.20331 0.335547 0.00234222
79 0.413121 0.461328 0.216312 0.238281 0.00233269
79 0.385343 0.500781 0.205674 0.34375 0.00228691
79 0.315012 0.355859 0.0945626 0.123438 0.00222588
77 0.246749 0.26958 0.195035 0.269434 0.00219154
79 0.278369 0.400781 0.161939 0.160938 0.00215721
44 0.532506 0.263672 0.202128 0.332031 0.00214958
79 0.306738 0.285938 0.0803782 0.172656 0.00201035
65 0.247636 0.266357 0.195035 0.264941 0.00198746
79 0.476359 0.391797 0.0661939 0.071875 0.0019722
46 0.524823 0.262061 0.193853 0.32041 0.00194168
41 0.414303 0.385938 0.530733 0.529688 0.00191212
79 0.264184 0.225439 0.146572 0.155371 0.00188255
79 0.432772 0.377246 0.0942671 0.0939453 0.00177479
79 0.312943 0.410156 0.144799 0.142188 0.00177479
34 0.404846 0.338672 0.150118 0.175781 0.00177479
79 0.501182 0.610938 0.179669 0.164062 0.00172043
79 0.373818 0.369922 0.179078 0.107813 0.0017004
79 0.306738 0.319727 0.0768322 0.169141 0.00168705
79 0.343676 0.388672 0.142435 0.0828125 0.00168705
79 0.328014 0.422266 0.141844 0.140625 0.00165462
79 0.326832 0.396191 0.128842 0.10293 0.00162315
79 0.540189 0.303906 0.134752 0.170313 0.00161648
79 0.496454 0.404687 0.0425532 0.0460938 0.00160408
79 0.55068 0.544629 0.690603 0.773242 0.00157356
79 0.520095 0.383984 0.111111 0.090625 0.00155449
79 0.383865 0.367969 0.0951537 0.1125 0.00154877
65 0.534279 0.259717 0.20331 0.323535 0.00150108
79 0.261229 0.346484 0.12766 0.107031 0.00135612
79 0.393026 0.26333 0.491726 0.332715 0.00135612
79 0.462175 0.323633 0.277778 0.206641 0.00135136
79 0.559693 0.344922 0.0957447 0.158594 0.00125504
79 0.458038 0.358789 0.317967 0.144141 0.00120163
79 0.502364 0.377734 0.0780142 0.096875 0.00119686
79 0.554521 0.56875 0.49143 0.296875 0.00119209
75 0.557772 0.563965 0.676418 0.743945 0.00118351
58 0.247636 0.277539 0.196217 0.283984 0.00117397
79 0.549054 0.211523 0.178487 0.230859 0.00116062
79 0.270686 0.278711 0.1513 0.140234 0.00115108
73 0.403664 0.3375 0.148936 0.175 0.0011425
79 0.439125 0.3875 0.113475 0.0773438 0.00113392
79 0.213061 0.188232 0.131797 0.0977539 0.0011158
79 0.56974 0.268311 0.260047 0.311035 0.00109005
47 0.403664 0.3375 0.148936 0.175 0.00108624
79 0.588061 0.598828 0.444444 0.21875 0.00107765
79 0.276005 0.25 0.130024 0.155469 0.00102043
79 0.404846 0.339648 0.148936 0.175391 0.974121
79 0.531915 0.259424 0.200946 0.330371 0.874023
41 0.540189 0.540625 0.711584 0.759375 0.873047
79 0.248522 0.280029 0.195035 0.285254 0.833496
39 0.532506 0.263623 0.202128 0.332129 0.0598755
79 0.491726 0.392578 0.0449173 0.0695313 0.0579224
79 0.457447 0.559375 0.27305 0.289062 0.0433655
79 0.240248 0.34043 0.167258 0.265234 0.0414734
39 0.248227 0.277344 0.196217 0.284375 0.0330811
79 0.269208 0.377441 0.206856 0.320117 0.0212097
79 0.406028 0.42959 0.169031 0.35332 0.0171051
79 0.262116 0.322461 0.197991 0.223047 0.0158997
79 0.285461 0.364453 0.268322 0.463281 0.0155411
41 0.531915 0.263672 0.20331 0.332813 0.0141144
79 0.375296 0.420703 0.1974 0.3375 0.0140076
25 0.404846 0.338867 0.1513 0.175391 0.0126266
79 0.395981 0.355469 0.132388 0.134375 0.011734
79 0.231087 0.403516 0.150118 0.377344 0.00878143
79 0.468085 0.387891 0.0921986 0.0757812 0.00837708
79 0.300827 0.33418 0.238771 0.183203 0.00787354
79 0.420213 0.361719 0.192671 0.145313 0.00731659
41 0.248227 0.277344 0.196217 0.284375 0.00731659
79 0.497636 0.559375 0.198582 0.28125 0.00682449
46 0.403664 0.3375 0.148936 0.175 0.00666809
79 0.384161 0.39209 0.0921986 0.0642578 0.00658798
46 0.248227 0.266211 0.195035 0.265234 0.00651169
79 0.319149 0.424316 0.250591 0.348242 0.00629044
75 0.536643 0.26333 0.196217 0.33584 0.00600433
79 0.358747 0.547656 0.1974 0.3125 0.005867
79 0.304078 0.366797 0.141844 0.113281 0.00568771
34 0.532506 0.263623 0.202128 0.332129 0.00553513
79 0.401744 0.390723 0.120863 0.0701172 0.00518036
79 0.223404 0.230859 0.1513 0.182031 0.00518036
79 0.403073 0.467187 0.20331 0.36875 0.00508118
76 0.532506 0.263623 0.202128 0.332129 0.00494385
34 0.248818 0.278076 0.1974 0.286035 0.00486755
79 0.463357 0.378027 0.113475 0.0939453 0.00484848
79 0.226359 0.194189 0.158983 0.11709 0.00434875
79 0.265366 0.341016 0.135934 0.124219 0.00415039
79 0.301418 0.441309 0.260047 0.448633 0.00413513
79 0.270686 0.322461 0.134752 0.166797 0.00372124
41 0.302009 0.384375 0.299054 0.4875 0.00369263
79 0.390071 0.385156 0.479905 0.528125 0.00367928
79 0.50591 0.228174 0.234043 0.24834 0.00365067
79 0.482269 0.20293 0.282506 0.205859 0.00351143
79 0.408392 0.55 0.282506 0.304688 0.00351143
79 0.344858 0.459473 0.18026 0.387305 0.00346947
79 0.379433 0.391016 0.198582 0.0726563 0.00336266
39 0.403664 0.3375 0.148936 0.175 0.00311089
79 0.285165 0.285938 0.12234 0.169531 0.00309944
79 0.322695 0.372852 0.107565 0.0941406 0.00305176
79 0.674941 0.303711 0.411348 0.255859 0.00301552
41 0.390071 0.385156 0.479905 0.528125 0.00300407
73 0.248227 0.266211 0.195035 0.265234 0.00296974
79 0.535461 0.352734 0.137116 0.148438 0.00291252
79 0.278369 0.400781 0.160756 0.160156 0.00270462
79 0.527187 0.196045 0.212766 0.196191 0.00269318
79 0.500591 0.610938 0.178487 0.164062 0.0026207
79 0.543735 0.291211 0.1513 0.267578 0.00259018
79 0.315307 0.35625 0.0939716 0.122656 0.00252151
79 0.475768 0.391797 0.0673759 0.071875 0.00251198
65 0.404255 0.338672 0.148936 0.175781 0.00251198
25 0.248227 0.266211 0.195035 0.265234 0.00245285
79 0.283688 0.355469 0.147754 0.114063 0.00234985
25 0.531915 0.259424 0.200946 0.330371 0.00234985
75 0.248227 0.277344 0.196217 0.284375 0.00232315
79 0.313239 0.410156 0.14539 0.142188 0.00229645
79 0.306738 0.286719 0.0803782 0.174219 0.00228691
58 0.534279 0.264014 0.20331 0.336035 0.00225258
79 0.328014 0.422656 0.143026 0.139844 0.00223351
77 0.247045 0.269482 0.195035 0.268848 0.00219917
79 0.413712 0.462402 0.21513 0.239258 0.00217438
79 0.326832 0.396094 0.128842 0.101562 0.00214005
76 0.249704 0.280273 0.196217 0.288672 0.00213242
79 0.342199 0.388672 0.140662 0.0828125 0.00210762
65 0.248227 0.266211 0.195035 0.265234 0.00210762
79 0.263889 0.225781 0.147163 0.155469 0.00209999
44 0.532506 0.263623 0.202128 0.332129 0.00209999
46 0.524823 0.261914 0.193853 0.320703 0.00206757
79 0.432476 0.377246 0.0948582 0.0939453 0.00203514
79 0.372931 0.369727 0.177305 0.108203 0.00202751
79 0.496454 0.404687 0.0425532 0.0453125 0.00201035
79 0.540189 0.303906 0.134752 0.170313 0.00188923
79 0.307329 0.319531 0.0756501 0.16875 0.00188923
79 0.38357 0.367969 0.0933806 0.1125 0.00185299
79 0.519504 0.384375 0.111111 0.0898438 0.00182438
34 0.404846 0.338672 0.150118 0.175781 0.00175476
79 0.560284 0.344922 0.0921986 0.158594 0.00157356
65 0.53487 0.259375 0.202128 0.323438 0.00149536
79 0.501773 0.378125 0.0768322 0.0960938 0.00142097
79 0.212766 0.188281 0.132388 0.0980469 0.00139427
79 0.438534 0.387598 0.115839 0.0779297 0.00135612
79 0.270686 0.278906 0.1513 0.139844 0.00134087
79 0.33156 0.434375 0.134752 0.103125 0.00132465
79 0.551418 0.567969 0.472813 0.296875 0.00127411
79 0.393765 0.263281 0.489066 0.332813 0.00124454
79 0.549054 0.212158 0.178487 0.232715 0.00123978
73 0.403664 0.3375 0.148936 0.175 0.00123501
79 0.463948 0.32207 0.271868 0.209766 0.00123024
79 0.458038 0.35918 0.308511 0.142578 0.00118351
79 0.276005 0.250195 0.130024 0.155859 0.00116062
79 0.58156 0.280859 0.115839 0.220313 0.00113773
79 0.588505 0.598437 0.435284 0.214062 0.00113773
47 0.403664 0.3375 0.148936 0.175 0.00113392
58 0.248227 0.277344 0.196217 0.284375 0.00109482
75 0.495863 0.774219 0.432624 0.207813 0.00106525
41 0.619385 0.623047 0.43026 0.282031 0.00103188
41 0.480496 0.779492 0.43617 0.209766 0.00102806
39 0.53487 0.582715 0.699764 0.656445 0.00101185
79 0.270095 0.366016 0.13948 0.110156 0.00100803
0 0.534279 0.264014 0.20331 0.336035 0.00100803
79 0.404846 0.339844 0.148936 0.175781 0.974121
79 0.531915 0.25918 0.199764 0.330078 0.880859
41 0.543144 0.538281 0.705674 0.753125 0.878418
79 0.248818 0.279883 0.195035 0.285547 0.818848
79 0.491726 0.392578 0.0449173 0.0695313 0.0715942
39 0.533097 0.263477 0.200946 0.332422 0.0616455
79 0.463505 0.560156 0.271572 0.29375 0.0499573
79 0.238771 0.343359 0.163121 0.275781 0.0460205
39 0.248227 0.277344 0.196217 0.284375 0.0350037
79 0.266253 0.38125 0.197991 0.328125 0.0214539
79 0.262116 0.322461 0.196809 0.224609 0.0161591
79 0.405585 0.428809 0.167553 0.351758 0.0143356
41 0.531915 0.263477 0.20331 0.333203 0.0139542
79 0.375591 0.421094 0.195626 0.3375 0.0129242
25 0.405585 0.338867 0.151005 0.175391 0.0127716
79 0.290189 0.41416 0.229314 0.40293 0.0119629
79 0.287234 0.366016 0.271868 0.466406 0.0118713
79 0.395981 0.355273 0.132388 0.133984 0.0115967
79 0.230201 0.40625 0.148345 0.384375 0.0106125
79 0.468676 0.387891 0.0910165 0.0757812 0.00955963
79 0.499409 0.559766 0.195035 0.280469 0.00881195
79 0.357861 0.551953 0.194444 0.319531 0.00812531
79 0.384161 0.392578 0.0886525 0.0640625 0.00787354
46 0.403664 0.3375 0.148936 0.175 0.00740433
41 0.248227 0.277344 0.196217 0.284375 0.00734711
46 0.248227 0.266016 0.195035 0.264844 0.00666809
79 0.304965 0.366797 0.13948 0.113281 0.00661469
79 0.219858 0.231445 0.14539 0.183594 0.00661469
79 0.298168 0.33457 0.207447 0.182422 0.00658798
79 0.320922 0.426172 0.228132 0.348438 0.00612259
79 0.420213 0.367188 0.191489 0.134375 0.00598145
79 0.401891 0.390723 0.120567 0.0701172 0.005867
79 0.226064 0.194092 0.158392 0.116504 0.00566483
79 0.463948 0.378027 0.113475 0.0939453 0.00561905
75 0.536643 0.263281 0.196217 0.335938 0.00557709
34 0.533097 0.263477 0.200946 0.332422 0.00524139
79 0.401891 0.467969 0.202128 0.36875 0.00494385
79 0.416667 0.555469 0.301418 0.30625 0.00488663
76 0.533097 0.263477 0.200946 0.332422 0.00462723
79 0.265071 0.341406 0.134752 0.123438 0.00436401
41 0.302305 0.382812 0.297281 0.484375 0.00426483
34 0.248818 0.276758 0.196217 0.283984 0.00424957
79 0.312943 0.391016 0.281915 0.288281 0.00415039
79 0.507683 0.226123 0.228132 0.243848 0.00402451
79 0.270686 0.322266 0.134752 0.166406 0.00395966
79 0.378546 0.391016 0.196809 0.0726563 0.00395966
79 0.29078 0.379004 0.161939 0.126367 0.00392914
79 0.343972 0.461328 0.170213 0.385156 0.00387001
79 0.484486 0.202295 0.272163 0.204004 0.00378036
79 0.285165 0.286719 0.121749 0.170313 0.00372124
79 0.535461 0.352539 0.135934 0.148828 0.00363541
39 0.403664 0.3375 0.148936 0.175 0.0036068
79 0.323286 0.373047 0.107565 0.09375 0.00356483
79 0.501182 0.610938 0.177305 0.164062 0.00356483
79 0.277482 0.401953 0.157801 0.163281 0.00340271
41 0.378251 0.383594 0.453901 0.523438 0.00318527
79 0.378251 0.383594 0.453901 0.523438 0.00314713
79 0.385638 0.505469 0.195626 0.353125 0.00313568
79 0.528369 0.195508 0.210402 0.196094 0.00312424
73 0.248227 0.266016 0.195035 0.264844 0.00312424
79 0.477541 0.391797 0.0638298 0.071875 0.00305176
79 0.542553 0.292969 0.1513 0.265625 0.00305176
79 0.314421 0.410156 0.143026 0.142969 0.00304031
79 0.678487 0.303711 0.401891 0.255859 0.00304031
79 0.327423 0.395703 0.12766 0.100781 0.00284576
79 0.307033 0.2875 0.0791962 0.175781 0.00283432
79 0.316194 0.356641 0.0921986 0.121094 0.00265312
65 0.404255 0.338672 0.148936 0.175781 0.00265312
79 0.264184 0.225342 0.146572 0.154004 0.00263214
79 0.496454 0.404687 0.0425532 0.0453125 0.00256157
79 0.340721 0.388672 0.136525 0.0828125 0.00254059
77 0.246749 0.26875 0.195035 0.267969 0.00245285
79 0.283097 0.355859 0.146572 0.113281 0.00239754
79 0.37234 0.369531 0.174941 0.108594 0.00226974
58 0.534279 0.263867 0.20331 0.336328 0.00226021
25 0.531915 0.25918 0.199764 0.330078 0.00223351
46 0.525414 0.261719 0.191489 0.320312 0.00221634
65 0.248227 0.266016 0.195035 0.264844 0.00219154
75 0.248227 0.277344 0.196217 0.284375 0.00219154
79 0.540189 0.304297 0.134752 0.171094 0.00216484
25 0.248227 0.266016 0.195035 0.264844 0.00214958
79 0.432624 0.377344 0.0933806 0.0945313 0.00213242
79 0.518913 0.384375 0.109929 0.0898438 0.00211525
44 0.533097 0.263477 0.200946 0.332422 0.00209999
79 0.307624 0.318945 0.0750591 0.169922 0.00208282
79 0.562057 0.344727 0.0886525 0.158984 0.00203514
79 0.38357 0.367969 0.0910165 0.1125 0.00194931
79 0.413712 0.461719 0.213948 0.234375 0.00193405
79 0.212175 0.188232 0.131206 0.0977539 0.00179577
79 0.331265 0.434375 0.134161 0.103125 0.00179577
76 0.248227 0.277344 0.196217 0.284375 0.0017271
79 0.501182 0.378223 0.0744681 0.0966797 0.0016613
34 0.404846 0.338867 0.150118 0.176172 0.00158501
79 0.270686 0.278906 0.1513 0.139844 0.00152493
65 0.535461 0.258936 0.202128 0.322754 0.00148964
79 0.437943 0.387598 0.111111 0.0779297 0.00147247
79 0.275709 0.250195 0.130615 0.155859 0.00146675
79 0.58156 0.281445 0.113475 0.219922 0.00144958
73 0.403664 0.3375 0.148936 0.175 0.00131512
79 0.479758 0.218408 0.338357 0.224121 0.00123978
47 0.403664 0.3375 0.148936 0.175 0.00120163
79 0.575059 0.355664 0.0945626 0.134766 0.00119209
79 0.472222 0.321484 0.251773 0.210938 0.00118351
79 0.458629 0.360938 0.289598 0.139063 0.00117874
75 0.495863 0.774219 0.431442 0.209375 0.00116062
79 0.355201 0.476562 0.178487 0.135156 0.00113773
41 0.483599 0.779688 0.448877 0.214062 0.00108147
79 0.269504 0.366016 0.137116 0.110937 0.00107288
79 0.342199 0.460938 0.152482 0.109375 0.00107288
79 0.54477 0.569141 0.44474 0.299219 0.00105667
79 0.321809 0.479297 0.252364 0.458594 0.00104427
47 0.246749 0.26875 0.195035 0.267969 0.00104046
58 0.248227 0.277344 0.196217 0.284375 0.00102425
79 0.404846 0.339844 0.148936 0.176563 0.975098
79 0.531915 0.259375 0.198582 0.330469 0.881836
41 0.546099 0.537109 0.699764 0.750781 0.876465
79 0.248818 0.279736 0.195035 0.28584 0.819824
79 0.492317 0.392578 0.0449173 0.0695313 0.0827026
79 0.467937 0.561328 0.260343 0.294531 0.0600891
39 0.533688 0.263477 0.199764 0.332422 0.0592041
79 0.23818 0.342187 0.161939 0.275 0.0463867
39 0.248227 0.277148 0.196217 0.284766 0.0358276
79 0.263889 0.375781 0.188534 0.316406 0.0210419
79 0.26182 0.323047 0.195035 0.226562 0.0165863
41 0.533097 0.263232 0.200946 0.33291 0.0145569
25 0.405585 0.339063 0.151005 0.175781 0.0136871
79 0.395981 0.355273 0.132388 0.134766 0.0131226
79 0.405437 0.426953 0.166667 0.348438 0.0130692
79 0.376182 0.419141 0.193262 0.333594 0.0124817
79 0.289598 0.413184 0.223404 0.400195 0.0121918
79 0.230201 0.407813 0.147163 0.389062 0.0107346
79 0.469267 0.387598 0.0898345 0.0763672 0.0105286
79 0.288416 0.364063 0.27305 0.463281 0.00959778
79 0.384161 0.392578 0.0862884 0.0640625 0.00874329
79 0.362293 0.544531 0.185579 0.335938 0.00837708
79 0.477541 0.391406 0.0685579 0.0734375 0.00769424
79 0.305851 0.367188 0.138298 0.114063 0.00763702
41 0.248227 0.277148 0.196217 0.284766 0.00737381
46 0.403664 0.3375 0.148936 0.175 0.00725937
79 0.219267 0.231299 0.143026 0.183496 0.00714874
79 0.502955 0.5625 0.185579 0.282813 0.00698471
79 0.225768 0.19375 0.158392 0.116406 0.00656509
79 0.463948 0.377734 0.112293 0.0945313 0.00629044
46 0.248227 0.26582 0.195035 0.264453 0.00629044
79 0.402039 0.390723 0.120272 0.0701172 0.00614548
79 0.324764 0.425781 0.207447 0.34375 0.00614548
79 0.301714 0.334961 0.18617 0.181641 0.00577545
34 0.533688 0.263477 0.199764 0.332422 0.00547028
79 0.420213 0.370703 0.191489 0.127344 0.00542831
75 0.536643 0.263281 0.196217 0.335938 0.00511932
79 0.400561 0.468066 0.201241 0.368555 0.00500107
79 0.264775 0.340625 0.132388 0.123438 0.00488663
79 0.270686 0.321484 0.13357 0.167969 0.00486755
79 0.508274 0.225391 0.224586 0.242969 0.00473785
76 0.533688 0.263477 0.199764 0.332422 0.00468063
79 0.28487 0.286719 0.12234 0.169922 0.00466537
79 0.40529 0.557031 0.276891 0.309375 0.00453949
79 0.501182 0.611328 0.174941 0.164062 0.00446701
79 0.37766 0.391016 0.193853 0.0726563 0.00443268
79 0.29078 0.379688 0.160756 0.128125 0.00432968
79 0.310579 0.385156 0.272459 0.275 0.0042305
34 0.248818 0.277002 0.196217 0.285059 0.00419998
79 0.323286 0.373047 0.107565 0.09375 0.00408554
79 0.535461 0.351953 0.134752 0.150781 0.00407028
79 0.328014 0.422266 0.140662 0.1375 0.00395966
79 0.486998 0.201758 0.261229 0.202734 0.00390053
79 0.343676 0.4625 0.163712 0.38125 0.00390053
79 0.2763 0.401172 0.153664 0.163281 0.00388527
39 0.403664 0.3375 0.148936 0.175 0.0037365
41 0.303487 0.380859 0.298463 0.480469 0.0037365
79 0.541371 0.292627 0.153664 0.266309 0.00369263
79 0.328014 0.395703 0.126478 0.100781 0.00359344
79 0.306738 0.2875 0.0791962 0.176563 0.00349617
79 0.385343 0.507129 0.192671 0.356055 0.00348282
79 0.52896 0.194189 0.208038 0.193652 0.00341606
79 0.264184 0.224805 0.146572 0.152344 0.00325966
41 0.379433 0.380859 0.456265 0.517969 0.00313568
79 0.496454 0.404687 0.0425532 0.0453125 0.003088
73 0.248227 0.26582 0.195035 0.264453 0.00305176
79 0.683215 0.303516 0.390071 0.255469 0.00305176
79 0.316194 0.35625 0.0910165 0.122656 0.00296974
79 0.379433 0.380859 0.456265 0.517969 0.0028553
79 0.540189 0.304297 0.134752 0.172656 0.00270462
79 0.30792 0.318555 0.0744681 0.170703 0.00268364
79 0.283097 0.355469 0.144208 0.113281 0.0026207
65 0.404403 0.338672 0.148641 0.176563 0.0026207
79 0.563239 0.343555 0.0862884 0.161328 0.00260162
25 0.531915 0.259375 0.198582 0.330469 0.00253105
79 0.37234 0.36875 0.171395 0.109375 0.0024929
77 0.246454 0.268555 0.195035 0.267578 0.00247192
79 0.433806 0.376953 0.0874704 0.0953125 0.00234985
25 0.248227 0.26582 0.195035 0.264453 0.00223351
44 0.533688 0.263477 0.199764 0.332422 0.00221634
58 0.535461 0.263867 0.200946 0.336328 0.00218201
79 0.518913 0.384375 0.108747 0.0898438 0.00215721
65 0.248227 0.26582 0.195035 0.264453 0.00214958
75 0.248227 0.277148 0.196217 0.284766 0.00214005
79 0.38357 0.367578 0.0910165 0.113281 0.00212479
79 0.348109 0.381641 0.147754 0.0820312 0.00210762
46 0.526005 0.261719 0.189125 0.320312 0.00209999
79 0.335697 0.391797 0.117021 0.0695313 0.00205803
79 0.212175 0.188232 0.131206 0.0977539 0.00204277
79 0.582742 0.281689 0.111111 0.220996 0.00198746
79 0.334515 0.446484 0.134752 0.0867188 0.00197983
79 0.301418 0.408203 0.15721 0.1375 0.00192642
79 0.271277 0.27832 0.1513 0.139063 0.00189686
79 0.275709 0.250342 0.130615 0.155566 0.00186729
79 0.5 0.377734 0.070922 0.096875 0.00185299
79 0.414303 0.459766 0.211584 0.228906 0.00182438
79 0.524823 0.372266 0.122931 0.110937 0.00174141
76 0.248227 0.277148 0.196217 0.284766 0.0017271
34 0.405585 0.338867 0.151005 0.176172 0.00162315
79 0.437943 0.387109 0.104019 0.078125 0.00158501
65 0.535461 0.258984 0.200946 0.323438 0.00147247
79 0.574468 0.355078 0.0921986 0.135937 0.00143814
79 0.3487 0.474219 0.164303 0.129688 0.00126934
73 0.403664 0.3375 0.148936 0.175 0.00119686
47 0.403664 0.3375 0.148936 0.175 0.00119209
75 0.496306 0.774219 0.428191 0.209375 0.00118828
79 0.322695 0.480078 0.230496 0.458594 0.00117397
79 0.478132 0.320117 0.236407 0.214453 0.00116062
79 0.460402 0.362891 0.27305 0.134375 0.00116062
79 0.48094 0.218555 0.331265 0.223828 0.00114727
79 0.55792 0.371094 0.104019 0.116406 0.00112915
79 0.268617 0.366016 0.134161 0.110937 0.00112438
79 0.556738 0.322656 0.101655 0.198437 0.00112057
41 0.483304 0.781055 0.44474 0.216016 0.00107288
47 0.246454 0.268555 0.195035 0.267578 0.00106907
79 0.404846 0.339844 0.148936 0.176563 0.977051
79 0.534279 0.263281 0.198582 0.332813 0.893066
41 0.543144 0.541797 0.705674 0.755469 0.885742
79 0.247045 0.266992 0.195035 0.266016 0.792969
79 0.492908 0.392578 0.0449173 0.0695313 0.0987549
39 0.534279 0.263281 0.198582 0.332813 0.0637207
79 0.257683 0.302344 0.192671 0.224219 0.0474243
39 0.248227 0.276221 0.195035 0.283496 0.0380249
79 0.24143 0.336523 0.166076 0.260547 0.0367737
79 0.458629 0.561719 0.286052 0.296875 0.0350037
79 0.236998 0.381348 0.147754 0.349805 0.026062
41 0.533097 0.262891 0.200946 0.332813 0.0216217
79 0.269504 0.37959 0.200946 0.317383 0.0197906
25 0.405437 0.338672 0.150118 0.175781 0.0131683
79 0.286052 0.416016 0.217494 0.384375 0.0113754
79 0.214244 0.236328 0.13357 0.19375 0.0110703
79 0.382979 0.392578 0.0780142 0.0632813 0.0102081
79 0.470449 0.387402 0.0874704 0.0751953 0.00974274
79 0.396129 0.355273 0.132092 0.133984 0.00971222
79 0.371749 0.411719 0.202128 0.317969 0.00971222
79 0.306738 0.365625 0.136525 0.1125 0.00959778
79 0.359043 0.554297 0.194444 0.322656 0.00871277
79 0.224291 0.193359 0.155437 0.115625 0.0086441
79 0.39539 0.463184 0.15721 0.379883 0.00861359
41 0.300827 0.383594 0.289598 0.48125 0.00815582
41 0.248227 0.276221 0.195035 0.283496 0.00784302
46 0.247931 0.265625 0.194444 0.264062 0.00754929
79 0.480496 0.391016 0.0638298 0.0734375 0.00737381
79 0.300827 0.383594 0.289598 0.48125 0.00723267
79 0.402039 0.391016 0.117908 0.0679687 0.00720596
79 0.405437 0.417969 0.165485 0.33125 0.0068779
46 0.404255 0.337891 0.148936 0.175 0.00656509
79 0.535461 0.351172 0.134752 0.152344 0.00651169
79 0.5 0.560938 0.193853 0.28125 0.00600433
79 0.510047 0.220361 0.216312 0.233496 0.00577545
79 0.462175 0.377344 0.115839 0.0945313 0.00551224
79 0.318853 0.425879 0.199173 0.33418 0.00548935
79 0.284279 0.285742 0.122931 0.160547 0.00526047
79 0.290189 0.376172 0.163121 0.121875 0.00524139
34 0.534279 0.263281 0.198582 0.332813 0.00519943
79 0.322695 0.371484 0.108747 0.0960938 0.00510025
79 0.264184 0.34043 0.134752 0.123828 0.00498199
79 0.345745 0.507031 0.163121 0.367969 0.00498199
79 0.542553 0.295117 0.156028 0.262891 0.00496292
79 0.298463 0.334766 0.183215 0.18125 0.00494385
75 0.536643 0.263281 0.198582 0.335938 0.00494385
79 0.374113 0.390625 0.186761 0.071875 0.00471878
79 0.307329 0.286523 0.0780142 0.169922 0.0045929
41 0.375296 0.380566 0.445626 0.512305 0.00457382
79 0.27896 0.398438 0.163712 0.151562 0.00455475
79 0.501773 0.611719 0.177305 0.164062 0.00450516
79 0.529551 0.192188 0.208038 0.190625 0.00445175
79 0.27039 0.321875 0.134161 0.165625 0.00443268
79 0.420804 0.373437 0.190307 0.117969 0.00438309
79 0.404255 0.557031 0.274232 0.307813 0.00428009
79 0.564421 0.342969 0.0827423 0.163281 0.00416565
73 0.247931 0.265625 0.194444 0.264062 0.00405502
76 0.534279 0.263281 0.198582 0.332813 0.00405502
79 0.314421 0.406641 0.141253 0.136719 0.00400543
79 0.496454 0.404687 0.0413712 0.0460938 0.00390053
79 0.317376 0.355859 0.0886525 0.121094 0.00387001
79 0.327423 0.390723 0.125296 0.0904297 0.0037365
39 0.404255 0.337891 0.148936 0.175 0.00356483
79 0.264775 0.223828 0.144208 0.147656 0.00353813
79 0.396129 0.4625 0.210106 0.346875 0.00344276
79 0.327719 0.420215 0.141253 0.133008 0.00336266
58 0.536643 0.263281 0.198582 0.335938 0.00332451
79 0.306738 0.377441 0.262411 0.249805 0.00325966
79 0.540189 0.305078 0.134752 0.171094 0.00318527
79 0.298463 0.297461 0.100473 0.169922 0.00313568
79 0.210402 0.187939 0.12766 0.0983398 0.00311089
79 0.308511 0.318945 0.070922 0.169922 0.0029583
79 0.283097 0.355078 0.146572 0.111719 0.00294685
34 0.248818 0.278516 0.193853 0.283594 0.00286674
79 0.583924 0.282617 0.108747 0.217578 0.00284576
79 0.381797 0.508203 0.193853 0.351562 0.00274658
77 0.246454 0.267383 0.194444 0.265234 0.00271416
79 0.519504 0.384375 0.109929 0.0890625 0.00263214
25 0.532506 0.259375 0.198582 0.330469 0.00261116
79 0.238475 0.206836 0.177896 0.127734 0.00260162
79 0.370567 0.368555 0.166667 0.109766 0.00257111
65 0.404403 0.338867 0.148641 0.176172 0.00228691
79 0.346336 0.380371 0.14539 0.0830078 0.00226021
65 0.247931 0.265625 0.194444 0.264062 0.00225258
79 0.5 0.378516 0.070922 0.0945313 0.00222588
79 0.684397 0.302783 0.390071 0.256934 0.00222588
79 0.524823 0.37168 0.125296 0.111328 0.00216484
79 0.335106 0.391406 0.117021 0.06875 0.00214005
75 0.248227 0.276221 0.195035 0.283496 0.0020752
79 0.572695 0.353906 0.0862884 0.135937 0.00197983
79 0.382092 0.367969 0.0868794 0.1125 0.00194168
79 0.430112 0.376953 0.0924941 0.0945313 0.00194168
79 0.311761 0.483203 0.215721 0.442188 0.00188923
44 0.534279 0.263281 0.198582 0.332813 0.00182438
79 0.330969 0.434375 0.131206 0.09375 0.0018034
25 0.247931 0.265625 0.194444 0.264062 0.0018034
79 0.275414 0.249805 0.131206 0.154688 0.00176811
79 0.559693 0.322656 0.0957447 0.198437 0.00176811
79 0.270686 0.278125 0.152482 0.134766 0.00175476
79 0.375296 0.380566 0.445626 0.512305 0.00175476
79 0.462175 0.190625 0.333333 0.191016 0.0016613
65 0.536052 0.258789 0.200946 0.323047 0.0016489
79 0.556147 0.369531 0.0981087 0.11875 0.00154877
34 0.405437 0.338867 0.150118 0.176172 0.00154305
79 0.410756 0.437109 0.216312 0.177344 0.00154305
79 0.515366 0.392285 0.0921986 0.0748047 0.00151253
46 0.526005 0.261523 0.189125 0.321484 0.00135612
76 0.248227 0.276221 0.195035 0.283496 0.00134563
39 0.536643 0.610156 0.696217 0.660937 0.00134563
79 0.476359 0.370508 0.108747 0.108203 0.00134087
79 0.485668 0.320312 0.222518 0.214062 0.00130939
47 0.246454 0.267383 0.194444 0.265234 0.0012846
79 0.576832 0.326367 0.070922 0.173047 0.00127411
79 0.462323 0.360352 0.266844 0.139453 0.00127411
79 0.583924 0.307813 0.0780142 0.19375 0.00123978
79 0.572104 0.373828 0.115839 0.111719 0.00123978
44 0.492908 0.392578 0.0449173 0.0695313 0.00121593
79 0.196809 0.193555 0.102837 0.0734375 0.00118351
79 0.382388 0.20957 0.147754 0.114453 0.00117397
79 0.346927 0.472656 0.163121 0.126563 0.00112438
73 0.404255 0.337891 0.148936 0.175 0.00111198
58 0.248227 0.276221 0.195035 0.283496 0.00109863
79 0.338652 0.457031 0.14539 0.101562 0.00109482
0 0.536643 0.263281 0.198582 0.335938 0.00108147
79 0.206265 0.207471 0.121749 0.106934 0.00104427
47 0.404255 0.337891 0.148936 0.175 0.00104046
51 0.404255 0.337891 0.148936 0.175 0.00102043
79 0.213948 0.406152 0.140071 0.417383 0.00100422
79 0.404846 0.339844 0.148936 0.176563 0.977539
79 0.534279 0.262891 0.198582 0.332813 0.901855
41 0.536052 0.545215 0.72104 0.762695 0.882324
79 0.247045 0.266992 0.195035 0.266016 0.794434
79 0.492908 0.392578 0.0449173 0.0695313 0.0913696
39 0.534279 0.262891 0.198582 0.332813 0.0673218
79 0.257979 0.300391 0.193853 0.228906 0.0440063
39 0.248227 0.275781 0.195035 0.282813 0.0387573
41 0.534279 0.262842 0.199764 0.33291 0.0269623
79 0.246749 0.330469 0.176714 0.250781 0.0255585
79 0.240544 0.380859 0.154846 0.351562 0.0201721
79 0.398197 0.357031 0.135047 0.135937 0.0194244
79 0.27305 0.380859 0.208038 0.321094 0.0194244
79 0.452128 0.561719 0.303782 0.298438 0.0144501
79 0.211584 0.237939 0.12766 0.197559 0.014061
41 0.299645 0.385059 0.287234 0.483008 0.0121002
25 0.405437 0.338867 0.148936 0.175391 0.0117798
79 0.307329 0.364258 0.134752 0.112109 0.00952148
79 0.382683 0.392871 0.0738771 0.0626953 0.00930023
79 0.223109 0.192969 0.153073 0.114453 0.00881195
46 0.247931 0.266016 0.194444 0.264844 0.00847626
79 0.368794 0.402734 0.208038 0.300781 0.00831604
79 0.471631 0.387891 0.0874704 0.075 0.008255
41 0.248227 0.275781 0.195035 0.282813 0.0078125
79 0.535461 0.350781 0.135934 0.153125 0.00748825
79 0.400709 0.391309 0.113475 0.0673828 0.0069313
79 0.482269 0.391016 0.0614657 0.0734375 0.00614548
75 0.537234 0.263232 0.1974 0.336035 0.00584412
79 0.392583 0.459375 0.162825 0.371875 0.00582123
79 0.299645 0.385059 0.287234 0.483008 0.00579834
79 0.361111 0.544531 0.190307 0.329688 0.00572968
79 0.51182 0.215967 0.210402 0.225098 0.00553513
79 0.314716 0.42334 0.210993 0.333008 0.00544739
41 0.387116 0.380859 0.469267 0.507812 0.00540543
79 0.28487 0.443066 0.222222 0.429492 0.00538635
79 0.322104 0.370313 0.109929 0.0976562 0.00524139
79 0.283688 0.284766 0.124704 0.154688 0.00502014
79 0.263889 0.339844 0.135934 0.124219 0.00498199
73 0.247931 0.266016 0.194444 0.264844 0.00496292
79 0.294326 0.333984 0.196217 0.182031 0.0049057
79 0.307033 0.285938 0.0774232 0.164062 0.00471878
79 0.317967 0.354492 0.0874704 0.123828 0.0046463
79 0.460993 0.377441 0.120567 0.0951172 0.0045929
79 0.56383 0.342578 0.0827423 0.164844 0.00455475
79 0.289303 0.373437 0.166076 0.117969 0.00455475
34 0.534279 0.262891 0.198582 0.332813 0.00450516
46 0.404255 0.337891 0.148936 0.175 0.00448608
79 0.543735 0.295264 0.158392 0.26416 0.00438309
79 0.270095 0.32207 0.134752 0.166016 0.00434875
79 0.345154 0.504785 0.161939 0.37168 0.00431442
79 0.40529 0.40625 0.16578 0.307813 0.00421524
58 0.537234 0.263232 0.1974 0.336035 0.00416565
79 0.529551 0.19082 0.208038 0.188672 0.00411606
79 0.371749 0.390723 0.183215 0.0716797 0.00400543
79 0.421395 0.371484 0.191489 0.120313 0.00400543
79 0.280733 0.395703 0.171395 0.142969 0.00363541
79 0.20922 0.187891 0.125296 0.0976562 0.00362206
79 0.496454 0.404687 0.0413712 0.046875 0.00349617
79 0.309102 0.319336 0.06974 0.169922 0.00346947
79 0.501773 0.611328 0.178487 0.164062 0.00325966
76 0.534279 0.262891 0.198582 0.332813 0.00322342
79 0.264184 0.223047 0.14539 0.144531 0.00311089
79 0.282801 0.353906 0.148345 0.113281 0.00305176
79 0.540189 0.305469 0.134752 0.170313 0.00302696
79 0.313239 0.404687 0.143026 0.132812 0.00299263
79 0.50591 0.564844 0.184397 0.28125 0.0029583
79 0.336288 0.38584 0.131206 0.0845703 0.00294685
79 0.299054 0.297852 0.0998818 0.164453 0.00292397
79 0.309988 0.372852 0.272459 0.242578 0.00279999
77 0.246454 0.267383 0.194444 0.265234 0.00269318
79 0.583924 0.282813 0.111111 0.217188 0.00266266
79 0.520095 0.384766 0.111111 0.0882813 0.0026207
25 0.533097 0.259961 0.198582 0.331641 0.00254059
34 0.248818 0.27793 0.194444 0.282422 0.00251198
39 0.404255 0.337891 0.148936 0.175 0.00250244
79 0.370272 0.368164 0.164894 0.109766 0.00240517
79 0.5 0.379297 0.070922 0.0929688 0.00232315
79 0.526005 0.371484 0.125296 0.111719 0.00227928
79 0.238771 0.206982 0.177305 0.125879 0.00217438
65 0.247931 0.266016 0.194444 0.264844 0.0020752
79 0.393765 0.452344 0.219563 0.310156 0.0020752
79 0.327423 0.419141 0.141844 0.130469 0.00206757
79 0.559102 0.323438 0.0969267 0.199219 0.00198746
75 0.248227 0.275781 0.195035 0.282813 0.0019722
39 0.533097 0.613672 0.706856 0.666406 0.0019722
79 0.572104 0.35332 0.0862884 0.135547 0.00186729
65 0.536643 0.25957 0.200946 0.324609 0.00186062
65 0.404846 0.338867 0.147754 0.176172 0.00183105
79 0.381206 0.368555 0.0839244 0.111328 0.00176144
79 0.428487 0.376953 0.0957447 0.0945313 0.00167465
25 0.247931 0.266016 0.194444 0.264844 0.0016489
79 0.458481 0.19043 0.340721 0.191016 0.00157356
44 0.492908 0.392578 0.0449173 0.0695313 0.00154305
79 0.379137 0.508594 0.197991 0.346875 0.00152493
79 0.196217 0.193555 0.101655 0.0738281 0.00146675
47 0.246454 0.267383 0.194444 0.265234 0.00146675
79 0.554374 0.36875 0.0992908 0.119531 0.00145531
79 0.275118 0.249561 0.131797 0.154004 0.00137234
79 0.40721 0.407129 0.222222 0.11543 0.00137234
79 0.638298 0.289062 0.381797 0.28125 0.00136185
34 0.405437 0.338867 0.150118 0.176172 0.00136185
44 0.534279 0.262891 0.198582 0.332813 0.00133038
79 0.576832 0.326953 0.070922 0.172656 0.00132465
79 0.460993 0.354297 0.27896 0.150781 0.00126457
79 0.480496 0.320117 0.236407 0.214453 0.00125504
79 0.583333 0.30918 0.0768322 0.191016 0.00124931
79 0.387116 0.380859 0.469267 0.507812 0.0012064
79 0.476359 0.370703 0.111111 0.108594 0.00117397
79 0.206265 0.205859 0.120567 0.105078 0.00116539
79 0.266253 0.295312 0.140071 0.136719 0.00116539
58 0.248227 0.275781 0.195035 0.282813 0.00113392
76 0.248227 0.275781 0.195035 0.282813 0.00112438
79 0.381797 0.209375 0.147754 0.114063 0.00112057
46 0.537234 0.263477 0.196217 0.333984 0.0011158
79 0.702719 0.30957 0.365248 0.263672 0.00106907
0 0.537234 0.263232 0.1974 0.336035 0.00104809
79 0.572104 0.373828 0.119385 0.111719 0.00102806
51 0.404846 0.339063 0.148936 0.176563 0.00102425
79 0.404846 0.339844 0.148936 0.176563 0.977051
79 0.53487 0.263086 0.1974 0.333203 0.910645
41 0.532506 0.546875 0.729314 0.76875 0.881836
79 0.247045 0.267188 0.195035 0.266406 0.790527
79 0.492908 0.392578 0.0460993 0.0695313 0.0869141
39 0.53487 0.263086 0.1974 0.333203 0.0731812
79 0.257979 0.299023 0.194444 0.232422 0.0446777
39 0.248227 0.275391 0.195035 0.282031 0.0386047
41 0.534279 0.262842 0.198582 0.33291 0.0267639
79 0.273936 0.382422 0.210993 0.322656 0.0200958
79 0.245863 0.380859 0.165485 0.352344 0.0178528
79 0.208629 0.239404 0.122931 0.200879 0.016983
41 0.297281 0.385547 0.282506 0.483594 0.0153046
25 0.405437 0.339063 0.148936 0.175 0.0110703
79 0.30792 0.363086 0.13357 0.112109 0.0103683
79 0.222222 0.192578 0.1513 0.113672 0.00898743
79 0.450502 0.561328 0.311761 0.297656 0.00898743
46 0.247931 0.266211 0.194444 0.265234 0.00891876
79 0.382683 0.392871 0.070331 0.0626953 0.00871277
79 0.535461 0.350391 0.137116 0.153906 0.0086441
79 0.367908 0.394629 0.210993 0.28418 0.00812531
41 0.248227 0.275391 0.195035 0.282031 0.00803375
79 0.483452 0.382812 0.072104 0.0835937 0.00787354
79 0.473404 0.387891 0.0839244 0.075 0.00746155
75 0.537825 0.262695 0.196217 0.335547 0.00695801
79 0.396572 0.355469 0.131206 0.133594 0.00664139
79 0.400118 0.391406 0.108747 0.0664062 0.00664139
73 0.247931 0.266211 0.194444 0.265234 0.00600433
79 0.318262 0.353516 0.0862884 0.125 0.00593567
79 0.314421 0.421094 0.217494 0.326562 0.00559998
79 0.263593 0.339453 0.137116 0.125 0.00547028
79 0.483452 0.391016 0.0591017 0.0734375 0.00547028
79 0.307329 0.285352 0.0768322 0.159766 0.00530243
79 0.282506 0.443066 0.22695 0.424805 0.00527954
79 0.564421 0.342187 0.0827423 0.165625 0.00521851
79 0.283097 0.283984 0.125296 0.150781 0.00516129
79 0.513002 0.210156 0.205674 0.214062 0.00516129
41 0.397311 0.38125 0.489066 0.507031 0.00516129
58 0.537825 0.262695 0.196217 0.335547 0.00510025
79 0.297281 0.385547 0.282506 0.483594 0.00484848
79 0.270095 0.322461 0.134752 0.165234 0.0046463
79 0.291371 0.333398 0.200946 0.182422 0.00452042
79 0.389037 0.453027 0.167553 0.358008 0.00452042
79 0.288416 0.371289 0.167849 0.116016 0.00446701
41 0.338652 0.417188 0.36643 0.469531 0.00441742
79 0.203901 0.183545 0.113475 0.0961914 0.00432968
79 0.309397 0.320312 0.0691489 0.16875 0.00429916
34 0.53487 0.263086 0.1974 0.333203 0.00426483
79 0.325946 0.376563 0.114657 0.0976562 0.0041008
79 0.460993 0.376953 0.120567 0.0953125 0.00408554
79 0.544917 0.294922 0.159574 0.265625 0.00403976
79 0.36052 0.54375 0.192671 0.326562 0.00387001
79 0.421838 0.369922 0.191785 0.122656 0.00369263
79 0.345154 0.503125 0.163121 0.36875 0.00369263
79 0.370567 0.389941 0.182033 0.0716797 0.00348282
79 0.282801 0.353125 0.149527 0.114063 0.00342941
46 0.404255 0.338086 0.148936 0.174609 0.00338936
79 0.400561 0.381641 0.123227 0.0867188 0.00327301
79 0.28221 0.393359 0.177896 0.136719 0.00322342
79 0.496454 0.404297 0.0425532 0.046875 0.00322342
79 0.537825 0.312305 0.12766 0.184766 0.00316048
79 0.405437 0.393652 0.166667 0.283008 0.003088
79 0.300236 0.297656 0.0969267 0.160156 0.00300407
79 0.263889 0.222266 0.146572 0.141797 0.00293541
41 0.48818 0.807031 0.478723 0.296875 0.00287819
76 0.53487 0.263086 0.1974 0.333203 0.00281143
77 0.246454 0.266992 0.193853 0.264453 0.00277901
39 0.531324 0.615625 0.713948 0.678125 0.00276756
79 0.535461 0.189795 0.195035 0.18916 0.00273705
79 0.521277 0.384375 0.113475 0.0882813 0.00264168
79 0.502364 0.611328 0.179669 0.164844 0.00257111
79 0.583924 0.283154 0.111111 0.217285 0.00256157
79 0.312057 0.403223 0.144208 0.126367 0.00250244
25 0.533097 0.260205 0.198582 0.332715 0.00250244
79 0.314421 0.371094 0.281324 0.235938 0.00250244
79 0.526005 0.371484 0.126478 0.111719 0.00247192
79 0.5 0.379688 0.070922 0.0921875 0.0024147
79 0.506501 0.564844 0.185579 0.279687 0.0024147
79 0.370272 0.367969 0.164894 0.110156 0.00231361
34 0.248818 0.277393 0.194444 0.281934 0.00215721
65 0.536643 0.259961 0.200946 0.325391 0.00213242
39 0.404255 0.338086 0.148936 0.174609 0.00211525
79 0.345745 0.378027 0.147754 0.0861328 0.00199509
79 0.238771 0.207422 0.176123 0.124219 0.00198746
75 0.248227 0.275391 0.195035 0.282031 0.00191879
65 0.247931 0.266211 0.194444 0.265234 0.00185299
79 0.572104 0.353125 0.0851064 0.135156 0.00184631
79 0.556147 0.300781 0.150118 0.179688 0.00182438
79 0.195626 0.193555 0.100473 0.0738281 0.00178909
44 0.492908 0.392578 0.0460993 0.0695313 0.00175476
60 0.00561466 0.515625 0.0112293 0.8625 0.00173378
79 0.355201 0.394922 0.14539 0.0664062 0.0017271
47 0.245863 0.251172 0.195035 0.23125 0.00162315
65 0.404846 0.338867 0.147754 0.176172 0.00162315
79 0.381206 0.369141 0.0815603 0.110156 0.00161076
79 0.427896 0.376953 0.0957447 0.0945313 0.00157928
25 0.247931 0.266211 0.194444 0.265234 0.00155449
79 0.333333 0.390625 0.115839 0.0679687 0.00153065
79 0.456856 0.190283 0.345154 0.191309 0.00148964
79 0.391844 0.441016 0.223404 0.272656 0.00146675
79 0.326832 0.419141 0.141844 0.126563 0.00146103
79 0.576832 0.327344 0.06974 0.171094 0.00144958
79 0.553191 0.367773 0.0992908 0.121484 0.00142097
59 0.00561466 0.515625 0.0112293 0.8625 0.00129986
79 0.205674 0.205078 0.119976 0.103516 0.00129414
79 0.461141 0.351953 0.288121 0.155469 0.00127888
79 0.405437 0.397754 0.225768 0.0966797 0.00126934
79 0.480496 0.320898 0.239953 0.212891 0.00125504
79 0.638298 0.288281 0.380615 0.282813 0.00124454
79 0.274823 0.249023 0.132388 0.153516 0.00121593
58 0.248227 0.275391 0.195035 0.282031 0.00119686
34 0.405437 0.339063 0.150118 0.175781 0.00118351
79 0.381206 0.20957 0.147754 0.113672 0.0011158
79 0.47695 0.370703 0.111111 0.108594 0.00110722
51 0.404846 0.339063 0.148936 0.176563 0.00106525
46 0.533097 0.260205 0.198582 0.332715 0.00105286
44 0.53487 0.263086 0.1974 0.333203 0.00104046
79 0.347518 0.310156 0.14539 0.132812 0.00100803
79 0.404846 0.339844 0.148936 0.176563 0.976074
79 0.53487 0.263086 0.1974 0.333203 0.916016
41 0.531324 0.548828 0.734043 0.774219 0.867188
79 0.247045 0.267188 0.194444 0.266406 0.789062
39 0.53487 0.263086 0.1974 0.333203 0.0775146
79 0.492908 0.392285 0.0449173 0.0701172 0.0705566
39 0.248227 0.275439 0.195035 0.281934 0.0467224
41 0.534279 0.262695 0.198582 0.333203 0.0247955
79 0.273641 0.382812 0.211584 0.329688 0.02034
79 0.258865 0.300977 0.192671 0.227734 0.0199432
79 0.206856 0.241797 0.119385 0.20625 0.0181274
41 0.296099 0.385938 0.281324 0.485938 0.0130692
79 0.315012 0.358789 0.106383 0.115234 0.00989532
25 0.405437 0.339063 0.148936 0.175 0.00971222
46 0.247931 0.266406 0.194444 0.265625 0.0091629
41 0.248227 0.275439 0.195035 0.281934 0.00888062
79 0.221631 0.192529 0.148936 0.113379 0.00854492
79 0.535461 0.350391 0.137116 0.154688 0.00841522
79 0.368794 0.38916 0.210402 0.274805 0.00812531
75 0.537825 0.262549 0.196217 0.33584 0.00751877
73 0.247931 0.266406 0.194444 0.265625 0.00703812
79 0.383274 0.392578 0.0667849 0.0625 0.00701141
79 0.484634 0.382812 0.06974 0.0835937 0.00669098
79 0.450946 0.560156 0.310875 0.296875 0.00651169
79 0.475177 0.387891 0.0803782 0.075 0.006073
58 0.537825 0.262549 0.196217 0.33584 0.00572968
79 0.315603 0.418652 0.217494 0.325195 0.00568771
79 0.307329 0.285156 0.0768322 0.158594 0.00548935
79 0.398345 0.391406 0.101655 0.0664062 0.00540543
79 0.396572 0.355469 0.131206 0.134375 0.00534439
79 0.236407 0.394531 0.156028 0.385938 0.0053215
79 0.564421 0.341797 0.0827423 0.167187 0.00524139
79 0.263002 0.338672 0.138298 0.125781 0.00518036
79 0.20331 0.183398 0.112293 0.0960938 0.00518036
79 0.309693 0.320117 0.0685579 0.169922 0.00508118
79 0.283097 0.283398 0.126478 0.149219 0.00502014
79 0.513593 0.206445 0.199764 0.206641 0.00494385
79 0.281324 0.440723 0.229314 0.429492 0.00477219
79 0.270095 0.321875 0.134752 0.167187 0.00471878
41 0.48818 0.813281 0.475177 0.295312 0.00446701
79 0.484043 0.391016 0.0579196 0.0734375 0.00429916
34 0.53487 0.263086 0.1974 0.333203 0.00413513
60 0.00280733 0.526172 0.00561466 0.872656 0.0041008
39 0.530142 0.614453 0.719858 0.692969 0.00391388
79 0.388298 0.449219 0.169031 0.351562 0.00378036
79 0.28753 0.370313 0.169622 0.114844 0.00372124
79 0.296099 0.385938 0.281324 0.485938 0.00363541
79 0.29344 0.333203 0.200355 0.182031 0.00345612
79 0.32565 0.375684 0.113475 0.0970703 0.00340271
41 0.415485 0.382422 0.524823 0.513281 0.00336266
79 0.282506 0.352344 0.149527 0.114844 0.00333786
79 0.460993 0.376953 0.120567 0.0953125 0.00333786
79 0.340426 0.455566 0.165485 0.381055 0.00328636
79 0.537825 0.312891 0.12766 0.185938 0.00317192
79 0.545508 0.293359 0.160756 0.26875 0.00314713
79 0.421986 0.36543 0.192671 0.131641 0.00307465
41 0.345745 0.417969 0.381797 0.472656 0.00299263
79 0.360816 0.544531 0.193262 0.326562 0.00293541
79 0.20922 0.197607 0.125296 0.0938477 0.00283432
77 0.247931 0.266406 0.194444 0.265625 0.00279999
79 0.368794 0.389453 0.177305 0.071875 0.00274658
76 0.53487 0.263086 0.1974 0.333203 0.00266266
79 0.400118 0.381641 0.122931 0.0867188 0.0026207
79 0.496454 0.403906 0.0425532 0.046875 0.00261116
79 0.263593 0.221924 0.147754 0.139746 0.00260162
46 0.404846 0.339063 0.148936 0.176563 0.00253105
79 0.584515 0.283008 0.109929 0.218359 0.00246239
25 0.533097 0.261133 0.198582 0.333984 0.00245285
79 0.526005 0.371484 0.12766 0.111719 0.00240517
79 0.521277 0.384375 0.113475 0.0882813 0.00239754
79 0.283097 0.39209 0.180851 0.133008 0.00239754
79 0.404846 0.385547 0.165485 0.267188 0.002388
65 0.536643 0.260742 0.200946 0.326953 0.00231361
79 0.500591 0.379785 0.072104 0.0919922 0.00219917
79 0.535461 0.189453 0.195035 0.188281 0.00215721
79 0.318558 0.370313 0.289598 0.236719 0.00214005
75 0.248227 0.275439 0.195035 0.281934 0.00210762
39 0.404846 0.339063 0.148936 0.176563 0.00209999
79 0.370567 0.367188 0.159574 0.110937 0.00205803
34 0.248818 0.277148 0.193853 0.281641 0.00201988
79 0.50591 0.563281 0.186761 0.277344 0.00201035
79 0.250591 0.208789 0.179669 0.148828 0.00199509
79 0.501773 0.610938 0.178487 0.164062 0.00196457
79 0.195331 0.193701 0.0998818 0.0743164 0.00191879
79 0.311466 0.401563 0.143026 0.119531 0.00183868
79 0.343676 0.377344 0.143617 0.0875 0.0017271
47 0.246454 0.266992 0.193853 0.264453 0.00172043
79 0.556738 0.301172 0.150118 0.179688 0.00168705
65 0.247931 0.266406 0.194444 0.265625 0.0016613
44 0.492908 0.392285 0.0449173 0.0701172 0.00165462
79 0.572104 0.352734 0.0874704 0.135937 0.00162315
79 0.314421 0.347461 0.0786052 0.126172 0.00160408
79 0.576832 0.327148 0.06974 0.172266 0.00148964
65 0.404846 0.339063 0.147754 0.175781 0.00146103
59 0.00280733 0.526172 0.00561466 0.872656 0.00143814
25 0.247931 0.266406 0.194444 0.265625 0.00143242
79 0.381206 0.369141 0.0780142 0.110156 0.00137234
79 0.428487 0.376953 0.0933806 0.0945313 0.00135612
79 0.455083 0.190625 0.3487 0.191406 0.00134563
79 0.352246 0.394629 0.138298 0.0654297 0.00130463
58 0.248227 0.275439 0.195035 0.281934 0.00130463
79 0.552009 0.367578 0.0992908 0.121875 0.00121117
79 0.332742 0.390625 0.112293 0.0664062 0.00119686
79 0.638298 0.287061 0.382979 0.285254 0.00115108
79 0.31974 0.418066 0.13948 0.138867 0.0011425
79 0.419769 0.202734 0.451241 0.208594 0.0011425
79 0.460993 0.35 0.297872 0.159375 0.0011425
51 0.404846 0.339063 0.148936 0.176563 0.0011158
79 0.390662 0.433984 0.223404 0.255469 0.0011034
46 0.533097 0.261133 0.198582 0.333984 0.00109482
43 0.404846 0.339844 0.148936 0.176563 0.00108147
79 0.380615 0.218701 0.13948 0.121973 0.00106049
60 0.5 0.670313 1 0.626563 0.00106049
34 0.40529 0.339063 0.149232 0.175781 0.00104809
79 0.403073 0.395313 0.230496 0.0921875 0.00104809
76 0.248227 0.275439 0.195035 0.281934 0.00103188
79 0.274823 0.248828 0.132979 0.153516 0.00102806
79 0.347518 0.310156 0.143026 0.132031 0.00100803
45 0.00221631 0.545313 0.00443262 0.8375 0.00100803
79 0.478723 0.321094 0.244681 0.213281 0.00100422
79 0.404846 0.340039 0.148936 0.176172 0.975098
79 0.534279 0.263086 0.198582 0.333203 0.915039
41 0.52896 0.550781 0.738771 0.782813 0.85791
79 0.247045 0.267383 0.195035 0.266797 0.789062
39 0.534279 0.263086 0.198582 0.333203 0.0794678
79 0.492908 0.392188 0.0449173 0.0703125 0.0605164
39 0.248818 0.275586 0.195035 0.281641 0.0539856
41 0.534279 0.262549 0.198582 0.332715 0.0222015
79 0.258274 0.299805 0.193853 0.230078 0.0202484
79 0.27305 0.385156 0.211584 0.341406 0.0200195
79 0.206856 0.242773 0.119385 0.208203 0.0178528
79 0.316194 0.357617 0.104019 0.116797 0.00981903
41 0.248818 0.275586 0.195035 0.281641 0.00981903
41 0.297577 0.388672 0.284279 0.491406 0.00959778
79 0.370567 0.386328 0.206856 0.269531 0.00888062
46 0.247636 0.267139 0.193853 0.266504 0.00878143
79 0.22104 0.192529 0.147754 0.113379 0.0085144
25 0.405437 0.339063 0.148936 0.175 0.00837708
75 0.534279 0.263086 0.20331 0.334766 0.00834656
73 0.247636 0.267139 0.193853 0.266504 0.00815582
79 0.535461 0.349805 0.138298 0.155859 0.00743103
79 0.317967 0.415625 0.229314 0.324219 0.00621796
58 0.537825 0.262695 0.196217 0.335547 0.00619125
79 0.485816 0.383203 0.0673759 0.0828125 0.00588989
79 0.30792 0.284766 0.0756501 0.157813 0.00582123
79 0.309693 0.319922 0.0685579 0.171094 0.00572968
79 0.384161 0.392578 0.0650118 0.0625 0.00570679
79 0.203605 0.183252 0.112884 0.0959961 0.00548935
79 0.476359 0.387891 0.0780142 0.075 0.00521851
79 0.282801 0.282813 0.127069 0.148438 0.00496292
79 0.262411 0.337891 0.140662 0.127344 0.00496292
79 0.564421 0.341406 0.0839244 0.16875 0.00482941
79 0.514184 0.203564 0.196217 0.200684 0.0046463
79 0.398197 0.391406 0.0972222 0.0664062 0.00460815
79 0.269799 0.321484 0.135343 0.16875 0.0045929
79 0.396572 0.355664 0.131206 0.133984 0.0045929
39 0.526005 0.608984 0.731678 0.711719 0.0045929
41 0.488327 0.816406 0.477246 0.29375 0.00453949
60 0.00155142 0.542578 0.00310284 0.855469 0.00413513
79 0.283983 0.438281 0.23818 0.438281 0.00411606
79 0.449173 0.558984 0.316785 0.296094 0.0039444
34 0.534279 0.263086 0.198582 0.333203 0.00372124
79 0.239953 0.391016 0.164303 0.39375 0.00358009
79 0.484634 0.390723 0.0567376 0.0732422 0.00356483
79 0.388298 0.445703 0.170213 0.346094 0.00340271
79 0.341903 0.453516 0.171986 0.385156 0.00309944
79 0.282506 0.351562 0.150118 0.116406 0.00307465
79 0.294622 0.332422 0.207447 0.182031 0.00305176
79 0.286939 0.368945 0.170804 0.113672 0.00293541
77 0.247045 0.267383 0.195035 0.266797 0.00292397
79 0.537825 0.313086 0.12766 0.187109 0.00291252
79 0.460993 0.376465 0.121749 0.0955078 0.00291252
79 0.325355 0.375 0.111702 0.096875 0.00290108
79 0.422134 0.360156 0.193558 0.142188 0.00290108
79 0.208629 0.197656 0.124113 0.0929688 0.00274658
65 0.536643 0.261133 0.200946 0.327734 0.00255013
76 0.534279 0.263086 0.198582 0.333203 0.00246239
79 0.262411 0.221045 0.148936 0.137598 0.002388
75 0.248818 0.275586 0.195035 0.281641 0.002388
25 0.533097 0.261719 0.199764 0.335156 0.00234222
79 0.297577 0.388672 0.284279 0.491406 0.00230598
79 0.526005 0.371484 0.12766 0.110937 0.00226021
79 0.400118 0.38125 0.122931 0.0875 0.00225258
79 0.367908 0.389062 0.17435 0.071875 0.00219917
79 0.521277 0.384277 0.113475 0.0876953 0.00218201
46 0.405585 0.339063 0.148641 0.176563 0.00218201
79 0.546099 0.291797 0.161939 0.271875 0.00218201
79 0.585106 0.283008 0.109929 0.219922 0.00216484
79 0.404846 0.381152 0.164303 0.25957 0.00216484
60 0 0.899219 0 0.201563 0.00213242
79 0.496454 0.403906 0.0425532 0.0484375 0.00209999
39 0.405585 0.339063 0.148641 0.176563 0.00208282
79 0.501182 0.380469 0.073286 0.090625 0.00204277
79 0.195035 0.19375 0.0992908 0.0746094 0.00199509
79 0.364066 0.509766 0.1974 0.354688 0.00198746
34 0.249113 0.277148 0.194444 0.281641 0.0019722
79 0.324468 0.370703 0.303782 0.240625 0.00194168
60 0.5 0.673828 1 0.621094 0.00194168
79 0.371454 0.366797 0.158983 0.110937 0.00183105
79 0.314716 0.346875 0.0780142 0.127344 0.00182438
47 0.246454 0.267188 0.193853 0.264844 0.0017271
79 0.283688 0.391016 0.184988 0.129688 0.00166798
44 0.492908 0.392188 0.0449173 0.0703125 0.00162315
79 0.238771 0.207861 0.175532 0.122559 0.00157356
65 0.247636 0.267139 0.193853 0.266504 0.00147247
79 0.556738 0.301172 0.148936 0.180469 0.00142097
79 0.502364 0.610938 0.177305 0.165625 0.00139904
25 0.247636 0.267139 0.193853 0.266504 0.00139904
79 0.504728 0.5625 0.191489 0.276563 0.00139904
58 0.248818 0.275586 0.195035 0.281641 0.00139904
79 0.573286 0.352539 0.0898345 0.137109 0.00139427
79 0.577423 0.326758 0.06974 0.174609 0.00137806
41 0.449173 0.386035 0.593381 0.523242 0.00137806
65 0.404846 0.339063 0.147754 0.175781 0.00135136
43 0.405437 0.339063 0.148936 0.175781 0.00134563
79 0.310284 0.398535 0.143026 0.10918 0.0012846
79 0.453901 0.19082 0.352246 0.191797 0.00126457
51 0.405585 0.339063 0.148641 0.176563 0.00119686
79 0.381206 0.368359 0.0780142 0.111719 0.00117874
79 0.428044 0.376953 0.0942671 0.0945313 0.00117397
46 0.536643 0.261133 0.200946 0.327734 0.00114727
76 0.248818 0.275586 0.195035 0.281641 0.00114727
59 0.00155142 0.542578 0.00310284 0.855469 0.00112057
0 0.875296 0.914062 0.249409 0.1625 0.00109005
79 0.415485 0.202686 0.466903 0.20791 0.00108624
60 0 0.846875 0 0.30625 0.00106525
79 0.347518 0.310156 0.141844 0.132031 0.00104809
79 0.380615 0.218701 0.13948 0.121973 0.00103664
41 0.37234 0.425781 0.437352 0.482812 0.00103188
79 0.251182 0.233154 0.186761 0.192285 0.00102425
79 0.462766 0.348633 0.319149 0.162109 0.00102043
79 0.641844 0.286279 0.397163 0.286816 0.00100422
79 0.404846 0.340039 0.148936 0.176172 0.975586
79 0.534279 0.263086 0.198582 0.333203 0.908691
41 0.528369 0.551953 0.739953 0.786719 0.847168
79 0.247045 0.267578 0.195035 0.267188 0.795898
39 0.534279 0.263086 0.198582 0.333203 0.0789185
39 0.248522 0.275586 0.194444 0.281641 0.0589905
79 0.492908 0.392188 0.0449173 0.0703125 0.0570679
79 0.272459 0.388965 0.211584 0.354883 0.0209656
79 0.258274 0.299219 0.193853 0.232031 0.0202484
41 0.534279 0.2625 0.200946 0.332813 0.0195618
79 0.206856 0.243799 0.119385 0.21084 0.0179138
79 0.316489 0.357031 0.102246 0.117969 0.01017
79 0.372636 0.38584 0.203901 0.268945 0.00978088
41 0.248522 0.275586 0.194444 0.281641 0.00974274
46 0.247636 0.267383 0.193853 0.266797 0.00874329
79 0.220449 0.192627 0.147754 0.113965 0.00867462
75 0.534279 0.263086 0.20331 0.334766 0.00857544
73 0.247636 0.267383 0.193853 0.266797 0.00812531
25 0.405437 0.339063 0.148936 0.175 0.00793457
79 0.535461 0.349023 0.13948 0.157422 0.00769424
41 0.297577 0.391016 0.284279 0.496094 0.00714874
79 0.31974 0.415625 0.229314 0.326562 0.00666809
79 0.309693 0.319531 0.0679669 0.172656 0.00638962
58 0.537825 0.262695 0.196217 0.335547 0.00624084
79 0.30792 0.283984 0.0756501 0.158594 0.00621796
79 0.485816 0.383203 0.0673759 0.0828125 0.00584412
79 0.203605 0.183252 0.112884 0.0959961 0.00542831
39 0.523641 0.60625 0.737589 0.723437 0.00536346
79 0.564421 0.34043 0.0839244 0.170703 0.00519943
79 0.282506 0.282813 0.12766 0.148438 0.00516129
79 0.38357 0.39209 0.0650118 0.0626953 0.00516129
79 0.476359 0.387891 0.0780142 0.075 0.00510025
79 0.262411 0.3375 0.141844 0.128125 0.00475693
79 0.269799 0.320703 0.135343 0.171094 0.0045929
79 0.396572 0.355859 0.131206 0.134375 0.00446701
41 0.48818 0.818555 0.477541 0.294141 0.00446701
79 0.514184 0.203564 0.195035 0.199902 0.00434875
79 0.398345 0.391016 0.0981087 0.0671875 0.00432968
79 0.284574 0.438281 0.240544 0.442188 0.00402451
60 0.00125591 0.552734 0.00251182 0.838281 0.00366402
79 0.388298 0.445215 0.169031 0.345508 0.00355148
34 0.534279 0.263086 0.198582 0.333203 0.00345612
79 0.484634 0.390625 0.0567376 0.0734375 0.00340271
79 0.342494 0.453809 0.173168 0.386133 0.00322342
79 0.449764 0.558594 0.316785 0.295312 0.00311089
79 0.240248 0.391016 0.165485 0.396875 0.00307465
77 0.247045 0.267578 0.195035 0.267188 0.0030632
79 0.282506 0.351367 0.150118 0.117578 0.00300407
79 0.537825 0.313672 0.126478 0.188281 0.00296974
79 0.460993 0.376563 0.122931 0.0960938 0.00287819
79 0.421838 0.35625 0.194149 0.15 0.00281143
79 0.325355 0.374609 0.11052 0.096875 0.00276756
60 0.5 0.676562 1 0.61875 0.00276756
79 0.208333 0.197705 0.123522 0.0928711 0.00275803
79 0.286643 0.36875 0.171395 0.114063 0.00275803
65 0.536643 0.261523 0.200946 0.328516 0.00268364
79 0.296099 0.332422 0.204492 0.182031 0.00266266
75 0.248522 0.275586 0.194444 0.281641 0.00264168
79 0.262411 0.221436 0.148936 0.137598 0.00245285
25 0.533097 0.261914 0.200946 0.335547 0.00237846
79 0.526005 0.37168 0.12766 0.110547 0.00234985
76 0.534279 0.263086 0.198582 0.333203 0.00234222
79 0.585106 0.283203 0.108747 0.220313 0.00225258
79 0.521868 0.384277 0.114657 0.0876953 0.00223351
79 0.400118 0.380859 0.122931 0.0882813 0.00218201
79 0.404846 0.380078 0.164303 0.257031 0.00213242
39 0.404846 0.339258 0.147754 0.176172 0.00209999
46 0.404846 0.339258 0.147754 0.176172 0.00208282
79 0.501182 0.380469 0.073286 0.090625 0.00205803
79 0.195035 0.193799 0.0981087 0.0749023 0.00203514
79 0.314716 0.346484 0.0774232 0.128906 0.00202751
60 0 0.896875 0 0.20625 0.00201035
79 0.367021 0.388281 0.173759 0.0726563 0.00200272
79 0.297577 0.391016 0.284279 0.496094 0.00199509
34 0.248818 0.277148 0.193853 0.281641 0.00196457
79 0.364066 0.509375 0.1974 0.357812 0.00193405
79 0.327128 0.37168 0.309102 0.244922 0.00188255
79 0.496454 0.403125 0.0425532 0.0484375 0.0018177
79 0.55792 0.294336 0.170213 0.260547 0.0018177
79 0.371158 0.366406 0.158392 0.111719 0.00177479
47 0.246158 0.267383 0.193853 0.265234 0.00174809
79 0.238771 0.207764 0.174941 0.121973 0.00158501
44 0.492908 0.392188 0.0449173 0.0703125 0.00150681
58 0.248522 0.275586 0.194444 0.281641 0.00148964
79 0.577423 0.326172 0.06974 0.177344 0.0014782
79 0.283688 0.391406 0.185579 0.13125 0.00146675
43 0.40529 0.339258 0.149232 0.176172 0.00144386
65 0.247636 0.267383 0.193853 0.266797 0.00142097
79 0.573286 0.352148 0.0921986 0.138672 0.00141621
25 0.247636 0.267383 0.193853 0.266797 0.00138855
79 0.556738 0.301563 0.150118 0.180469 0.00137806
65 0.404846 0.339063 0.147754 0.175781 0.00132465
0 0.874704 0.914062 0.250591 0.1625 0.00132465
60 0 0.847656 0 0.304688 0.00127411
51 0.404846 0.339063 0.147754 0.175 0.00126457
46 0.536643 0.261523 0.200946 0.328516 0.00119686
76 0.248522 0.275586 0.194444 0.281641 0.00119686
79 0.45331 0.191064 0.35461 0.19209 0.00118351
79 0.502955 0.562109 0.1974 0.276563 0.00116062
79 0.42893 0.376953 0.0924941 0.0945313 0.00114727
79 0.502364 0.610156 0.177305 0.165625 0.00112915
79 0.381206 0.367188 0.0791962 0.114063 0.00112057
79 0.310284 0.39834 0.141844 0.111133 0.0011158
79 0.346631 0.309766 0.138889 0.132031 0.0011034
79 0.414894 0.203125 0.470449 0.208594 0.00106907
59 0.00155142 0.534375 0.00310284 0.875 0.00105286
79 0.250887 0.233203 0.187352 0.192578 0.00101662
79 0.380615 0.219141 0.13948 0.122656 0.00100803
79 0.549645 0.367578 0.106383 0.121875 0.00100422
79 0.404846 0.340039 0.148936 0.176172 0.975098
79 0.534279 0.262891 0.198582 0.332813 0.911133
41 0.528369 0.553906 0.739953 0.790625 0.832031
79 0.247045 0.267578 0.193853 0.267188 0.796875
39 0.534279 0.262891 0.198582 0.332813 0.0794678
39 0.248522 0.275781 0.194444 0.28125 0.0637207
79 0.492908 0.392188 0.0449173 0.0703125 0.0592041
79 0.271868 0.390234 0.212766 0.361719 0.0216217
79 0.206856 0.245703 0.118203 0.214453 0.0197906
41 0.534279 0.2625 0.200946 0.332813 0.0168457
79 0.31708 0.357227 0.101064 0.117578 0.0104904
79 0.372931 0.385938 0.20331 0.26875 0.00978088
41 0.248522 0.275781 0.194444 0.28125 0.00945282
79 0.220154 0.192773 0.147163 0.114453 0.00908661
46 0.247636 0.267578 0.193853 0.267188 0.00905609
75 0.533688 0.262891 0.204492 0.334375 0.0085144
79 0.535461 0.348828 0.13948 0.157813 0.00821686
25 0.405437 0.339063 0.148936 0.175 0.00793457
73 0.247636 0.267578 0.193853 0.267188 0.00763702
79 0.30792 0.283594 0.0756501 0.157813 0.00651169
79 0.320922 0.415723 0.224586 0.324805 0.00651169
79 0.309693 0.319531 0.0673759 0.172656 0.0064888
58 0.537825 0.2625 0.1974 0.335156 0.00643921
41 0.296099 0.392188 0.281324 0.498437 0.00643921
79 0.203605 0.183252 0.112884 0.0959961 0.00621796
39 0.521868 0.604004 0.742317 0.729492 0.00621796
79 0.485816 0.383203 0.0661939 0.0828125 0.00612259
79 0.565012 0.340625 0.0827423 0.171094 0.00568771
79 0.282506 0.282813 0.126478 0.148438 0.00518036
79 0.476359 0.387891 0.0780142 0.075 0.00516129
79 0.383865 0.392188 0.0644208 0.0632813 0.00484848
41 0.486998 0.820508 0.475177 0.293359 0.00482941
79 0.254728 0.316797 0.1974 0.253125 0.00473785
79 0.513593 0.203955 0.192671 0.200684 0.00446701
79 0.273936 0.339063 0.143617 0.130469 0.00434875
79 0.398493 0.390527 0.0989953 0.0673828 0.00415039
60 0.5 0.648047 1 0.663281 0.00400543
79 0.28487 0.438184 0.242317 0.44082 0.0039444
79 0.396572 0.355859 0.131206 0.134375 0.00391388
79 0.388298 0.444434 0.169031 0.343945 0.00369263
60 0.00103428 0.558203 0.00206856 0.827344 0.0036068
79 0.484634 0.390625 0.0555556 0.0734375 0.00348282
34 0.534279 0.262891 0.198582 0.332813 0.00340271
79 0.452128 0.557422 0.312057 0.294531 0.00338936
79 0.34279 0.453906 0.170213 0.383594 0.00332451
77 0.247045 0.267578 0.193853 0.267188 0.00312424
79 0.537825 0.313672 0.126478 0.189063 0.00304031
79 0.241135 0.389746 0.167849 0.395508 0.00300407
79 0.460993 0.376563 0.121749 0.0960938 0.00288963
79 0.208038 0.197705 0.122931 0.0928711 0.00282288
79 0.285461 0.362109 0.167849 0.110156 0.00275803
65 0.536052 0.261523 0.200946 0.328516 0.00275803
79 0.325355 0.374609 0.11052 0.0976562 0.00270462
75 0.248522 0.275781 0.194444 0.28125 0.00266266
79 0.251182 0.210596 0.177305 0.152246 0.00260162
79 0.421838 0.355859 0.194149 0.150781 0.00259018
79 0.526005 0.37168 0.12766 0.110547 0.00255013
79 0.296395 0.332422 0.200355 0.182031 0.00247192
79 0.521277 0.384375 0.113475 0.0875 0.00240517
25 0.532506 0.262109 0.200946 0.335938 0.00233269
39 0.404846 0.339063 0.147754 0.175 0.00230598
79 0.585697 0.283203 0.108747 0.220313 0.00228691
79 0.194444 0.193945 0.0975177 0.075 0.00217438
79 0.501182 0.380469 0.073286 0.090625 0.00216484
46 0.404846 0.339258 0.147754 0.176172 0.00213242
76 0.534279 0.262891 0.198582 0.332813 0.00213242
79 0.399527 0.380469 0.122931 0.0890625 0.00210762
79 0.364066 0.508691 0.1974 0.35918 0.00208282
79 0.314421 0.346484 0.0768322 0.128906 0.00203514
79 0.260934 0.313867 0.143026 0.178516 0.00200272
79 0.404108 0.379785 0.163416 0.256055 0.00194931
34 0.248818 0.277295 0.193853 0.281348 0.00190449
79 0.365839 0.388281 0.170213 0.0726563 0.00188923
47 0.246158 0.267188 0.193853 0.264844 0.00188923
79 0.55792 0.29458 0.170213 0.26084 0.00186729
79 0.496454 0.403125 0.0425532 0.0492188 0.00182438
79 0.327423 0.372461 0.309693 0.246484 0.00176144
79 0.288712 0.384766 0.173168 0.119531 0.0017271
60 0 0.894531 0 0.210938 0.0017271
79 0.370567 0.366406 0.156028 0.111719 0.00168705
79 0.269208 0.232813 0.13948 0.146875 0.00168133
0 0.874704 0.913281 0.250591 0.164062 0.0016613
79 0.577423 0.326562 0.0685579 0.178125 0.00156116
79 0.573286 0.351953 0.0898345 0.139063 0.00151253
58 0.248522 0.275781 0.194444 0.28125 0.00150108
44 0.492908 0.392188 0.0449173 0.0703125 0.0014782
60 0.507535 0.698438 0.984929 0.576563 0.0014782
65 0.247636 0.267578 0.193853 0.267188 0.0014267
43 0.40529 0.339453 0.149232 0.175781 0.00141048
79 0.556738 0.301758 0.148936 0.180859 0.00137234
79 0.256501 0.343359 0.135934 0.110937 0.00135612
79 0.503546 0.562109 0.193853 0.274219 0.00132465
25 0.247636 0.267578 0.193853 0.267188 0.00130463
51 0.404846 0.339063 0.147754 0.175 0.0012846
46 0.536052 0.261523 0.200946 0.328516 0.00126934
79 0.45331 0.191211 0.35461 0.192578 0.00126457
65 0.404846 0.339063 0.147754 0.175781 0.00126457
60 0 0.848437 0 0.303125 0.0012207
79 0.502364 0.610547 0.177305 0.164844 0.0011692
79 0.346336 0.309375 0.134752 0.130469 0.00113773
39 0.83747 0.9 0.325059 0.1875 0.00113392
76 0.248522 0.275781 0.194444 0.28125 0.00113392
60 0.000147754 0.703125 0.000295508 0.575 0.00112057
79 0.415928 0.203174 0.468381 0.209277 0.00110722
79 0.380615 0.219189 0.13948 0.122559 0.0011034
79 0.430408 0.376465 0.089539 0.0939453 0.00109863
79 0.549054 0.367188 0.105201 0.122656 0.00109482
79 0.310284 0.399316 0.141844 0.113867 0.00107765
79 0.381206 0.366992 0.0791962 0.114453 0.00102806
60 0.612293 0.795117 0.775414 0.384766 0.00102043
79 0.404846 0.340039 0.148936 0.176172 0.973633
79 0.534279 0.262891 0.198582 0.332813 0.90332
41 0.527778 0.553906 0.741135 0.792188 0.820801
79 0.247045 0.267773 0.193853 0.267578 0.79834
39 0.534279 0.262891 0.198582 0.332813 0.0766602
39 0.248227 0.275781 0.193853 0.28125 0.0594177
79 0.492908 0.392188 0.0449173 0.0703125 0.0583496
79 0.271868 0.391309 0.212766 0.364258 0.0208893
79 0.206265 0.246045 0.118203 0.214941 0.0197906
41 0.534279 0.2625 0.200946 0.332813 0.0145569
79 0.317376 0.357031 0.100473 0.117969 0.0109863
79 0.373818 0.385547 0.201537 0.267969 0.00985718
79 0.219858 0.19292 0.146572 0.11416 0.00908661
46 0.247636 0.267773 0.193853 0.267578 0.00894928
41 0.248227 0.275781 0.193853 0.28125 0.0088501
79 0.535461 0.348242 0.13948 0.159766 0.00881195
75 0.533688 0.262695 0.204492 0.333984 0.00874329
25 0.405437 0.339453 0.148936 0.175 0.00803375
73 0.247636 0.267773 0.193853 0.267578 0.00740433
79 0.30792 0.283203 0.0744681 0.157031 0.00703812
79 0.309693 0.319922 0.0673759 0.172656 0.00698471
58 0.537825 0.262305 0.198582 0.334766 0.00658798
79 0.321513 0.415625 0.22695 0.323438 0.00641251
79 0.485816 0.383203 0.0661939 0.0828125 0.00634003
79 0.565012 0.339844 0.0803782 0.172656 0.00631332
79 0.20331 0.183203 0.112293 0.0957031 0.00631332
39 0.520095 0.603809 0.744681 0.731445 0.00629044
79 0.282506 0.282813 0.126478 0.147656 0.00547028
41 0.29669 0.393848 0.282506 0.499805 0.00534439
79 0.262116 0.3375 0.142435 0.128125 0.00471878
79 0.269504 0.321094 0.134752 0.170313 0.00469971
79 0.384161 0.392188 0.0638298 0.0632813 0.00466537
41 0.485963 0.821094 0.472518 0.292188 0.00455475
79 0.254728 0.317383 0.1974 0.255859 0.00450516
79 0.514184 0.203467 0.191489 0.199316 0.00438309
60 0.5 0.649219 1 0.6625 0.00432968
79 0.398345 0.390625 0.0981087 0.0679687 0.00403976
79 0.389037 0.442188 0.167553 0.340625 0.00370789
60 0.000886525 0.560938 0.00177305 0.821875 0.00369263
79 0.286643 0.438672 0.245863 0.440625 0.00359344
79 0.396572 0.355859 0.131206 0.134375 0.00358009
79 0.484634 0.390625 0.0543735 0.0734375 0.00353813
79 0.45331 0.557031 0.309693 0.29375 0.00327301
79 0.283097 0.351562 0.150118 0.117188 0.00321007
79 0.537825 0.314063 0.126478 0.189063 0.00319672
34 0.534279 0.262891 0.198582 0.332813 0.00319672
77 0.247045 0.267773 0.193853 0.267578 0.00317192
79 0.343676 0.453809 0.171986 0.381445 0.00312424
79 0.462175 0.376563 0.120567 0.0960938 0.00299263
79 0.208038 0.197852 0.122931 0.0925781 0.0028553
65 0.536052 0.261523 0.200946 0.328516 0.00279999
79 0.285756 0.368555 0.171986 0.114453 0.00276756
79 0.526005 0.371484 0.12766 0.110937 0.00268364
79 0.241135 0.390723 0.167849 0.395117 0.00268364
79 0.325059 0.374414 0.109929 0.0980469 0.0026722
75 0.248227 0.275781 0.193853 0.28125 0.0026207
79 0.586288 0.283594 0.107565 0.220313 0.00255013
39 0.404846 0.339063 0.147754 0.175 0.00253105
79 0.521868 0.384277 0.114657 0.0876953 0.00247192
79 0.251182 0.211377 0.177305 0.153809 0.00247192
79 0.421838 0.355469 0.194149 0.151562 0.00244331
25 0.532506 0.262109 0.200946 0.335938 0.00232315
79 0.293735 0.332422 0.1974 0.182031 0.00226021
79 0.194149 0.193945 0.0969267 0.075 0.00220871
79 0.502364 0.380469 0.0756501 0.090625 0.00220871
79 0.314421 0.346484 0.0768322 0.128906 0.00210762
46 0.404846 0.339258 0.147754 0.176172 0.00209999
79 0.399527 0.380566 0.122931 0.0888672 0.0020504
76 0.534279 0.262891 0.198582 0.332813 0.00201988
79 0.364066 0.508203 0.1974 0.358594 0.00194168
0 0.874114 0.913281 0.251773 0.165625 0.00194168
79 0.55792 0.295312 0.170213 0.260156 0.00191879
47 0.246158 0.267188 0.193853 0.264844 0.00187492
34 0.248818 0.277344 0.193853 0.28125 0.00185299
79 0.364657 0.387891 0.167849 0.0734375 0.0018034
79 0.404403 0.378809 0.162825 0.254883 0.00179577
79 0.496454 0.403125 0.0425532 0.0492188 0.00176811
79 0.269208 0.232861 0.13948 0.147559 0.00169373
79 0.577423 0.326367 0.0685579 0.179297 0.00168133
79 0.328605 0.373633 0.312057 0.248047 0.00165462
79 0.370567 0.366016 0.152482 0.111719 0.0016489
79 0.572104 0.351562 0.0874704 0.139844 0.00162888
60 0 0.89375 0 0.2125 0.00158501
79 0.238771 0.208203 0.173759 0.121094 0.00155449
58 0.248227 0.275781 0.193853 0.28125 0.00150108
60 0.52305 0.697656 0.953901 0.578125 0.00148392
79 0.556738 0.301953 0.150118 0.180469 0.00146103
44 0.492908 0.392188 0.0449173 0.0703125 0.00146103
79 0.283688 0.391406 0.186761 0.132812 0.00141621
65 0.247636 0.267773 0.193853 0.267578 0.00139427
43 0.40529 0.339453 0.149232 0.175781 0.00139427
39 0.83747 0.9 0.325059 0.1875 0.00138855
79 0.504728 0.5625 0.191489 0.273438 0.00138283
46 0.536052 0.261523 0.200946 0.328516 0.00131512
51 0.404846 0.339063 0.147754 0.175 0.00131512
25 0.247636 0.267773 0.193853 0.267578 0.00129414
79 0.502364 0.610547 0.177305 0.164844 0.0012207
79 0.45331 0.191064 0.353428 0.19209 0.00121593
79 0.346336 0.308789 0.131206 0.129688 0.0012064
65 0.404846 0.339063 0.147754 0.175781 0.0012064
79 0.380615 0.218945 0.138298 0.122266 0.00116062
60 0 0.848828 0 0.302344 0.00116062
79 0.549645 0.366406 0.104019 0.124219 0.0011425
60 0 0.703906 0 0.573438 0.0011425
79 0.431442 0.376465 0.0874704 0.0939453 0.00110722
76 0.248227 0.275781 0.193853 0.28125 0.00109005
0 0.84279 0.900781 0.314421 0.185938 0.00104809
79 0.309693 0.399121 0.141844 0.114258 0.00104427
79 0.417405 0.203174 0.46779 0.209277 0.00104046
79 0.64539 0.287109 0.399527 0.285156 0.00101662
60 0.617612 0.792383 0.764775 0.393359 0.00101662
79 0.404846 0.340039 0.148936 0.176172 0.972168
79 0.532506 0.262305 0.199764 0.336328 0.89502
41 0.527778 0.554004 0.741135 0.793555 0.822266
79 0.247045 0.267773 0.193853 0.267578 0.804199
39 0.534279 0.262695 0.198582 0.332422 0.0758667
79 0.492908 0.392188 0.0449173 0.0703125 0.0583496
39 0.248227 0.275342 0.193853 0.280566 0.0566406
79 0.206265 0.245752 0.118203 0.214746 0.0214539
79 0.272459 0.39209 0.211584 0.364258 0.0202484
41 0.534279 0.262305 0.200946 0.332422 0.0142288
79 0.317376 0.356445 0.0992908 0.119141 0.0116425
79 0.219858 0.192773 0.145981 0.114063 0.0106125
79 0.374704 0.383691 0.199764 0.263867 0.00993347
79 0.535461 0.346875 0.13948 0.1625 0.00878143
75 0.534279 0.262695 0.20331 0.333984 0.00878143
41 0.248227 0.275342 0.193853 0.280566 0.0085144
25 0.405437 0.339063 0.147754 0.175 0.00790405
46 0.247636 0.267578 0.193853 0.267188 0.00787354
79 0.309693 0.319922 0.0673759 0.172656 0.00784302
79 0.308215 0.282813 0.0744681 0.157813 0.00775528
79 0.20331 0.183008 0.112293 0.0957031 0.00703812
79 0.322695 0.413281 0.222222 0.31875 0.00674438
79 0.565603 0.338672 0.0815603 0.175781 0.00669098
58 0.537825 0.262451 0.1974 0.334473 0.00669098
73 0.247636 0.267578 0.193853 0.267188 0.00651169
79 0.486407 0.383203 0.0661939 0.0828125 0.00638962
79 0.282506 0.282422 0.12766 0.147656 0.00602722
39 0.519947 0.603516 0.744976 0.735156 0.00602722
60 0.5 0.65166 1 0.65918 0.00548935
79 0.269504 0.321094 0.134161 0.170313 0.0051384
79 0.262411 0.3375 0.140662 0.128125 0.00508118
79 0.514184 0.202148 0.190307 0.196875 0.00477219
79 0.384161 0.392188 0.0614657 0.0632813 0.00455475
79 0.254728 0.319531 0.1974 0.260938 0.00428009
41 0.485963 0.820312 0.472518 0.296875 0.00392914
41 0.300532 0.396094 0.290189 0.501563 0.00385475
79 0.397754 0.390625 0.0945626 0.0671875 0.00382423
79 0.484634 0.390625 0.0543735 0.0734375 0.00348282
79 0.389037 0.440527 0.167553 0.337695 0.00344276
79 0.537825 0.314063 0.125296 0.190625 0.00340271
79 0.396572 0.355859 0.131206 0.134375 0.00340271
60 0.000886525 0.564063 0.00177305 0.8125 0.00340271
79 0.283688 0.351172 0.147754 0.117969 0.00324821
77 0.247045 0.267773 0.193853 0.267578 0.00324821
79 0.287825 0.439453 0.247045 0.441406 0.00323486
79 0.207742 0.197852 0.12234 0.0925781 0.00322342
79 0.462175 0.376172 0.119385 0.096875 0.00299263
79 0.343972 0.453906 0.170213 0.38125 0.00293541
79 0.586288 0.283398 0.106383 0.220703 0.00291252
34 0.534279 0.262695 0.198582 0.332422 0.00290108
79 0.286052 0.36875 0.171395 0.114844 0.00279999
79 0.325059 0.374219 0.108747 0.0976562 0.00279999
65 0.536052 0.261719 0.199764 0.328906 0.00274658
79 0.262707 0.221143 0.147754 0.136621 0.0027256
79 0.526005 0.37168 0.12766 0.110547 0.0026207
79 0.193853 0.193945 0.0963357 0.075 0.00260162
39 0.404846 0.339063 0.147754 0.175 0.00257111
25 0.532506 0.262305 0.199764 0.336328 0.00252151
75 0.248227 0.275342 0.193853 0.280566 0.00251198
79 0.455674 0.557031 0.304965 0.29375 0.00246239
79 0.239953 0.392188 0.165485 0.394531 0.0024147
79 0.521277 0.384375 0.113475 0.0875 0.00240517
79 0.314125 0.346094 0.0762411 0.129688 0.00234985
79 0.290485 0.332031 0.190898 0.182031 0.00223351
79 0.501773 0.380469 0.0744681 0.090625 0.00221634
79 0.421838 0.356641 0.194149 0.149219 0.00219154
0 0.859338 0.903906 0.281324 0.18125 0.00201988
76 0.534279 0.262695 0.198582 0.332422 0.0019722
79 0.399527 0.380469 0.122931 0.0890625 0.00194931
46 0.404846 0.339453 0.147754 0.175781 0.00189686
47 0.245863 0.266992 0.193853 0.264453 0.00186729
79 0.55792 0.294531 0.170213 0.261719 0.00185299
79 0.362293 0.387598 0.160756 0.0732422 0.00179577
79 0.577423 0.325195 0.0685579 0.182422 0.00176811
79 0.496454 0.403125 0.0425532 0.05 0.00176811
60 0.522459 0.695312 0.955083 0.582812 0.00174141
79 0.238771 0.207861 0.172577 0.120215 0.0017271
34 0.248818 0.276953 0.193853 0.280469 0.00172043
79 0.364066 0.509277 0.1974 0.358008 0.00169373
79 0.32831 0.372852 0.309102 0.247266 0.00165462
79 0.369976 0.366016 0.14539 0.111719 0.00164223
79 0.404255 0.377734 0.161939 0.252344 0.00162888
79 0.557329 0.301563 0.150118 0.182031 0.00162315
44 0.492908 0.392188 0.0449173 0.0703125 0.00150108
43 0.405437 0.339453 0.148936 0.175781 0.00150108
58 0.248227 0.275342 0.193853 0.280566 0.0014782
79 0.283392 0.391016 0.18617 0.133594 0.00142097
39 0.83747 0.9 0.325059 0.1875 0.00139427
65 0.247636 0.267578 0.193853 0.267188 0.00133514
51 0.404846 0.339063 0.147754 0.175 0.00133514
25 0.249113 0.272656 0.195626 0.279687 0.00130463
79 0.345745 0.308789 0.12766 0.129297 0.00126457
46 0.536052 0.261719 0.199764 0.328906 0.00125504
60 0 0.89375 0 0.2125 0.00125504
79 0.45331 0.191211 0.352246 0.191797 0.00124931
79 0.380319 0.219141 0.138889 0.122656 0.00121593
65 0.404846 0.339063 0.147754 0.175781 0.00115585
60 0.615839 0.782813 0.768322 0.409375 0.0011158
79 0.547281 0.2125 0.179669 0.234375 0.00110722
79 0.548463 0.366406 0.106383 0.124219 0.0011034
79 0.503546 0.5625 0.193853 0.273438 0.00109863
79 0.432624 0.376563 0.0851064 0.0945313 0.00108624
76 0.248227 0.275342 0.193853 0.280566 0.00106525
79 0.309988 0.398828 0.140071 0.114063 0.00106049
79 0.502364 0.610156 0.177305 0.165625 0.00103664
79 0.274232 0.248438 0.134161 0.153125 0.00102043
79 0.41844 0.20332 0.463357 0.208984 0.00101662
79 0.647163 0.287305 0.400709 0.284766 0.00101185
79 0.405585 0.340234 0.148641 0.175781 0.971191
79 0.532506 0.262305 0.199764 0.336328 0.898438
41 0.527335 0.55459 0.742021 0.793945 0.810547
79 0.247045 0.267578 0.193853 0.267188 0.806641
39 0.534279 0.262695 0.198582 0.332422 0.0715942
79 0.492908 0.392188 0.0449173 0.0703125 0.0628052
39 0.248227 0.275342 0.193853 0.280566 0.0486755
79 0.206265 0.245117 0.118203 0.213281 0.0205688
79 0.272459 0.39209 0.212175 0.361133 0.0197906
41 0.534279 0.262305 0.199764 0.332422 0.0135345
79 0.317671 0.356641 0.0986998 0.11875 0.0120544
79 0.219858 0.19292 0.145981 0.11416 0.0104523
79 0.375296 0.382812 0.198582 0.2625 0.00997162
79 0.535461 0.346875 0.13948 0.1625 0.00898743
46 0.247636 0.267578 0.193853 0.267188 0.00854492
75 0.537825 0.262451 0.196217 0.334473 0.00841522
79 0.309693 0.320312 0.0673759 0.171094 0.00821686
25 0.405437 0.339063 0.147754 0.175 0.00809479
79 0.308215 0.282813 0.0744681 0.157813 0.00803375
41 0.248227 0.275342 0.193853 0.280566 0.00800323
73 0.247636 0.267578 0.193853 0.267188 0.00725937
79 0.486407 0.383203 0.0661939 0.0828125 0.00703812
79 0.20331 0.183008 0.111702 0.0953125 0.0069313
79 0.323877 0.411816 0.219858 0.313867 0.00679779
79 0.565012 0.339063 0.0827423 0.175 0.00674438
58 0.537825 0.262451 0.196217 0.334473 0.0064888
39 0.518913 0.606348 0.745863 0.72793 0.00638962
60 0.5 0.654688 1 0.653125 0.00616837
79 0.282506 0.282422 0.127069 0.147656 0.006073
79 0.262411 0.3375 0.140071 0.128125 0.00547028
79 0.269504 0.321484 0.13357 0.16875 0.00540543
79 0.514184 0.201221 0.189125 0.195215 0.00502014
79 0.384161 0.392188 0.0614657 0.0632813 0.00496292
79 0.254728 0.319141 0.1974 0.257031 0.00429916
79 0.397754 0.390625 0.0933806 0.0671875 0.0041008
41 0.485816 0.820312 0.471631 0.295312 0.00395966
79 0.484634 0.390625 0.0543735 0.0734375 0.00382423
79 0.388889 0.438672 0.165485 0.332813 0.00359344
41 0.303487 0.396777 0.296099 0.50332 0.00358009
79 0.396572 0.355859 0.131206 0.134375 0.00352478
79 0.537825 0.313672 0.125296 0.191406 0.00348282
79 0.283983 0.351172 0.147163 0.117969 0.00333786
77 0.247045 0.267578 0.193853 0.267188 0.00331116
79 0.462175 0.37666 0.118203 0.0966797 0.00328636
79 0.207447 0.197998 0.121749 0.0922852 0.00319672
60 0.000812648 0.566797 0.0016253 0.800781 0.00311089
79 0.289894 0.439453 0.251182 0.4375 0.00309944
79 0.586288 0.283398 0.106383 0.220703 0.00298119
79 0.325059 0.374219 0.108747 0.0976562 0.00298119
79 0.286052 0.368359 0.171395 0.114844 0.00296974
79 0.344563 0.453516 0.169031 0.376563 0.00292397
65 0.536052 0.261719 0.199764 0.328906 0.00274658
34 0.534279 0.262695 0.198582 0.332422 0.00273705
79 0.456117 0.557031 0.302896 0.29375 0.00270462
79 0.526005 0.37168 0.12766 0.110547 0.0026722
39 0.404846 0.339063 0.147754 0.175 0.00258064
79 0.262411 0.22168 0.148936 0.137109 0.00257111
79 0.193853 0.194189 0.0957447 0.0749023 0.00255013
25 0.532506 0.262305 0.199764 0.336328 0.00255013
79 0.521277 0.384375 0.113475 0.0875 0.00244331
79 0.314125 0.346094 0.0762411 0.129688 0.00239754
75 0.248227 0.275342 0.193853 0.280566 0.00234985
79 0.501773 0.380469 0.0744681 0.090625 0.00230598
79 0.421986 0.358984 0.193853 0.144531 0.00229645
0 0.873522 0.9125 0.252955 0.165625 0.00226974
79 0.241135 0.392578 0.166667 0.391406 0.00225258
79 0.290189 0.332031 0.189125 0.182031 0.00219917
79 0.399675 0.380469 0.122636 0.0890625 0.00206757
76 0.534279 0.262695 0.198582 0.332422 0.0019722
46 0.404846 0.339453 0.147754 0.175781 0.00196457
79 0.496454 0.403125 0.0425532 0.0492188 0.00195694
79 0.363475 0.3875 0.161939 0.0734375 0.00191879
60 0.528369 0.695703 0.943262 0.582031 0.00188255
47 0.245863 0.266992 0.193853 0.264453 0.00186729
79 0.557329 0.295508 0.169031 0.259766 0.00182438
79 0.577423 0.325391 0.0685579 0.182031 0.00181007
79 0.370567 0.366016 0.146572 0.111719 0.00174809
79 0.238771 0.208008 0.172577 0.120703 0.00173378
79 0.363771 0.50791 0.196809 0.356055 0.0017271
79 0.572104 0.351172 0.0886525 0.141406 0.00171375
79 0.556738 0.301563 0.150118 0.182031 0.00168133
79 0.329196 0.372461 0.308511 0.244922 0.00167465
79 0.404255 0.378223 0.161939 0.25293 0.00164223
34 0.248818 0.276953 0.193853 0.280469 0.00156116
44 0.492908 0.392188 0.0449173 0.0703125 0.00154877
79 0.283688 0.390625 0.186761 0.132812 0.00153065
58 0.248227 0.275342 0.193853 0.280566 0.0014782
39 0.83747 0.9 0.325059 0.1875 0.00146103
43 0.405437 0.339453 0.148936 0.175781 0.00142097
65 0.247636 0.267578 0.193853 0.267188 0.00139427
51 0.404846 0.339063 0.147754 0.175 0.00136662
25 0.247636 0.267578 0.193853 0.267188 0.00134563
79 0.345449 0.308398 0.123522 0.128516 0.00129414
46 0.536052 0.261719 0.199764 0.328906 0.00124931
79 0.45331 0.191016 0.351064 0.191406 0.00123978
79 0.380024 0.219189 0.138298 0.122559 0.00123501
79 0.504137 0.5625 0.192671 0.273438 0.00121117
60 0.618351 0.784375 0.763298 0.40625 0.00120163
79 0.502364 0.610156 0.177305 0.164844 0.00119686
79 0.56383 0.269482 0.20331 0.309473 0.00117397
60 0 0.89375 0 0.2125 0.0011692
79 0.432624 0.376563 0.0851064 0.0945313 0.0011425
79 0.54669 0.211914 0.180851 0.233203 0.0011425
79 0.548463 0.366602 0.105201 0.123828 0.00112438
79 0.310284 0.398438 0.13948 0.1125 0.0011158
65 0.404846 0.339063 0.147754 0.175781 0.00108624
79 0.478723 0.370508 0.113475 0.109766 0.00106049
76 0.248227 0.275342 0.193853 0.280566 0.00100803
79 0.646572 0.287695 0.401891 0.283984 0.00100422
79 0.404846 0.339844 0.148936 0.176563 0.977539
79 0.53487 0.263086 0.1974 0.333203 0.909668
41 0.532506 0.546875 0.729314 0.76875 0.882324
79 0.247045 0.266992 0.195035 0.266016 0.789062
79 0.492908 0.392578 0.0460993 0.0695313 0.0875854
39 0.53487 0.263086 0.1974 0.333203 0.0726318
79 0.257979 0.299023 0.194444 0.232422 0.0446777
39 0.248227 0.275586 0.195035 0.282422 0.0393372
41 0.534279 0.262695 0.198582 0.333203 0.0265503
79 0.273936 0.382812 0.210993 0.324219 0.0200195
79 0.246158 0.381348 0.166076 0.35293 0.0177155
79 0.208333 0.239502 0.12234 0.201465 0.0171051
41 0.297281 0.385547 0.282506 0.483594 0.0154266
25 0.405437 0.339063 0.148936 0.175 0.011116
79 0.30792 0.363281 0.13357 0.1125 0.0104065
79 0.449764 0.561328 0.310875 0.297656 0.00923157
46 0.247931 0.266211 0.194444 0.265234 0.00894928
79 0.222222 0.192627 0.1513 0.113965 0.00888062
79 0.382683 0.392871 0.070331 0.0626953 0.0088501
79 0.535461 0.350586 0.137116 0.153516 0.00871277
79 0.367908 0.394922 0.210993 0.285156 0.00812531
41 0.248227 0.275586 0.195035 0.282422 0.00812531
79 0.483452 0.382812 0.073286 0.0835937 0.00806427
75 0.537825 0.262695 0.196217 0.335547 0.00701141
79 0.396572 0.355469 0.131206 0.133594 0.00669098
79 0.400118 0.391406 0.108747 0.0664062 0.00666809
79 0.318262 0.353906 0.0862884 0.125 0.00609589
73 0.247931 0.266211 0.194444 0.265234 0.00600433
79 0.314421 0.421484 0.217494 0.327344 0.0055542
79 0.307329 0.285156 0.0768322 0.159375 0.00547028
79 0.263593 0.339453 0.137707 0.125 0.00544739
79 0.483452 0.391016 0.0591017 0.0734375 0.00544739
79 0.283097 0.283984 0.125296 0.150781 0.0053215
79 0.564421 0.342187 0.0827423 0.165625 0.00527954
79 0.513002 0.210352 0.205674 0.214453 0.00527954
79 0.282801 0.442969 0.227541 0.425 0.00526047
58 0.537825 0.262695 0.196217 0.335547 0.0051384
41 0.395981 0.381641 0.485816 0.507031 0.00510025
79 0.297281 0.385547 0.282506 0.483594 0.00500107
79 0.270095 0.322266 0.134752 0.165625 0.00460815
79 0.38948 0.453516 0.167849 0.358594 0.00453949
79 0.288416 0.371289 0.167849 0.116016 0.00448608
41 0.337175 0.417188 0.363475 0.469531 0.00443268
79 0.291371 0.333398 0.200946 0.182422 0.00439835
79 0.203901 0.183545 0.113475 0.0961914 0.00438309
79 0.309397 0.320117 0.0691489 0.169141 0.00426483
34 0.53487 0.263086 0.1974 0.333203 0.00419998
79 0.544917 0.295312 0.159574 0.264844 0.00415039
79 0.460993 0.376953 0.120567 0.0953125 0.00411606
79 0.325946 0.376563 0.114657 0.0984375 0.00411606
79 0.36052 0.54375 0.192671 0.326562 0.00392914
79 0.345154 0.503027 0.163121 0.368945 0.00374985
79 0.421838 0.370117 0.191785 0.122266 0.00365067
79 0.371158 0.389941 0.182033 0.0716797 0.00352478
79 0.282506 0.353125 0.150118 0.114063 0.00351143
79 0.400118 0.381641 0.124113 0.0867188 0.00329781
46 0.404255 0.338086 0.148936 0.174609 0.00328636
79 0.496454 0.404297 0.0425532 0.046875 0.00324821
79 0.538416 0.312305 0.12766 0.184766 0.00322342
79 0.28221 0.393848 0.177896 0.137305 0.00319672
79 0.300532 0.297656 0.0969267 0.160156 0.00309944
79 0.405437 0.39375 0.166667 0.283594 0.00309944
79 0.263593 0.22207 0.146572 0.141406 0.00294685
41 0.488032 0.807031 0.477837 0.296875 0.00292397
79 0.535461 0.190039 0.195035 0.189453 0.00281143
76 0.53487 0.263086 0.1974 0.333203 0.00279999
77 0.246454 0.266992 0.193853 0.264453 0.00275803
39 0.530733 0.615625 0.71513 0.678125 0.00275803
79 0.521277 0.384375 0.113475 0.0882813 0.00268364
79 0.583924 0.283154 0.111111 0.217285 0.00264168
79 0.501773 0.611328 0.179669 0.164844 0.00260162
79 0.312057 0.403027 0.144208 0.126758 0.00251198
25 0.533097 0.260205 0.198582 0.332715 0.00251198
79 0.526005 0.371484 0.126478 0.111719 0.0024929
79 0.314421 0.371484 0.280142 0.236719 0.00248146
79 0.5 0.379688 0.070922 0.0921875 0.00247192
79 0.506501 0.564453 0.185579 0.278906 0.00245285
79 0.370272 0.367773 0.164894 0.110547 0.00233269
65 0.536643 0.259961 0.200946 0.325391 0.00213242
34 0.248818 0.277393 0.194444 0.281934 0.00213242
79 0.201241 0.197998 0.11052 0.0868164 0.00211525
39 0.404255 0.338086 0.148936 0.174609 0.00203514
79 0.345449 0.378125 0.147163 0.0867188 0.00201035
79 0.238771 0.207373 0.177305 0.124316 0.00197983
75 0.248227 0.275586 0.195035 0.282422 0.00194168
79 0.556738 0.300781 0.1513 0.178906 0.00188923
79 0.572104 0.35293 0.0851064 0.135547 0.00188255
65 0.247931 0.266211 0.194444 0.265234 0.00184631
44 0.492908 0.392578 0.0460993 0.0695313 0.00175476
79 0.355201 0.394922 0.14539 0.0664062 0.00172043
60 0.00568853 0.515234 0.0113771 0.863281 0.00166798
79 0.381206 0.369141 0.0815603 0.110156 0.00162888
47 0.245863 0.251367 0.195035 0.231641 0.00161076
65 0.404846 0.338867 0.147754 0.176172 0.00161076
79 0.427896 0.376953 0.0957447 0.0945313 0.00157928
25 0.247931 0.266211 0.194444 0.265234 0.00156116
79 0.333333 0.390625 0.115839 0.0679687 0.00153065
79 0.457595 0.190234 0.344858 0.191016 0.00152493
79 0.576832 0.327539 0.06974 0.170703 0.00148964
79 0.391844 0.441406 0.223404 0.273438 0.0014782
79 0.326832 0.41875 0.141844 0.127344 0.00146675
79 0.553191 0.367578 0.0992908 0.121875 0.00143814
79 0.460845 0.352344 0.286348 0.154688 0.00128937
79 0.482269 0.321094 0.236407 0.2125 0.00127411
79 0.637116 0.288477 0.378251 0.282422 0.00126934
79 0.405437 0.39834 0.225768 0.0970703 0.0012598
59 0.00568853 0.515234 0.0113771 0.863281 0.00123501
79 0.274823 0.249023 0.132388 0.153516 0.00123024
58 0.248227 0.275586 0.195035 0.282422 0.00121593
34 0.405437 0.339063 0.150118 0.175781 0.00117874
79 0.381501 0.20957 0.147163 0.113672 0.00115585
79 0.47695 0.370703 0.111111 0.108594 0.00113392
51 0.404846 0.339063 0.148936 0.176563 0.00106907
46 0.533097 0.260205 0.198582 0.332715 0.00106525
79 0.347518 0.310156 0.14539 0.132812 0.00104046
44 0.53487 0.263086 0.1974 0.333203 0.00102806
79 0.265366 0.294922 0.13948 0.132812 0.00100803
