33 0.686583 0.2075 0.0222917 0.0325 0.805664
33 0.697729 0.469167 0.0222917 0.035 0.746094
33 0.129884 0.809167 0.0662481 0.0383333 0.584961
33 0.611349 0.665833 0.0256354 0.0258333 0.560059
0 0.394005 0.769167 0.0122604 0.0483334 0.533203
0 0.178891 0.766667 0.0153255 0.05 0.318359
0 0.920646 0.76375 0.0111458 0.0225 0.312256
0 0.368927 0.763333 0.0156042 0.055 0.287842
33 0.863245 0.776458 0.0546145 0.0570833 0.276611
0 0.348865 0.766458 0.0128177 0.0570833 0.214722
33 0.459766 0.4925 0.013375 0.0125 0.205566
33 0.44444 0.594583 0.0144896 0.0141667 0.195557
0 0.191012 0.763333 0.0122604 0.05 0.182373
0 0.341898 0.771458 0.0100312 0.0504167 0.177856
0 0.610792 0.773333 0.00891666 0.0283334 0.175537
0 0.848755 0.788333 0.018948 0.03 0.14856
0 0.851542 0.761667 0.0156042 0.0466667 0.144165
0 0.344964 0.771667 0.0128177 0.0516667 0.140869
0 0.219016 0.75875 0.00975261 0.0258333 0.134277
0 0.613578 0.774792 0.00891666 0.0304167 0.131348
0 0.207591 0.762083 0.00780208 0.0275 0.125488
0 0.852099 0.755 0.0144896 0.0333333 0.122925
0 0.537229 0.760417 0.00891666 0.0291667 0.118408
0 0.879406 0.758333 0.0111459 0.0283333 0.115173
0 0.190872 0.755 0.0111458 0.035 0.113953
0 0.845969 0.7725 0.0211771 0.0600001 0.113586
0 0.84987 0.770833 0.0200625 0.0633334 0.113159
0 0.636427 0.775833 0.0156042 0.03 0.107056
33 0.462552 0.494167 0.0200625 0.0166667 0.103027
0 0.844854 0.763333 0.0156041 0.0466667 0.103027
0 0.208009 0.7675 0.0108672 0.0383334 0.101562
0 0.537786 0.766458 0.0111458 0.0204167 0.0984497
0 0.378958 0.7725 0.0100313 0.0383333 0.0960083
0 0.431901 0.780833 0.00780211 0.0233334 0.0897827
0 0.630854 0.776875 0.0122604 0.0295833 0.0875854
0 0.879406 0.755 0.0100312 0.0233333 0.083313
0 0.884422 0.791667 0.0111458 0.0233333 0.0831299
0 0.881635 0.7925 0.013375 0.0216667 0.0793457
0 0.920089 0.7625 0.00780211 0.0216667 0.078064
0 0.219155 0.765833 0.022849 0.0316666 0.0734253
0 0.847083 0.76 0.0178333 0.045 0.071228
0 0.338276 0.769167 0.0111458 0.0400001 0.0667114
33 0.460323 0.491667 0.0167188 0.015 0.0661011
0 0.477599 0.764167 0.00891666 0.0366667 0.0595398
0 0.225285 0.764583 0.0153255 0.0291666 0.0589905
0 0.189201 0.763333 0.0117031 0.0466667 0.0575867
0 0.582927 0.7775 0.0111458 0.025 0.0555115
0 0.584042 0.779167 0.00891666 0.0216667 0.0548096
0 0.223195 0.7625 0.0144896 0.0316666 0.0538025
0 0.130685 0.76375 0.0111458 0.0175 0.0531006
0 0.372828 0.764583 0.0211771 0.0525 0.0513611
0 0.525805 0.75875 0.0105886 0.0358333 0.048584
0 0.383417 0.771667 0.00780211 0.0433333 0.0482178
0 0.366419 0.76375 0.0150469 0.0525 0.0477905
0 0.183628 0.766667 0.0245208 0.0516667 0.0469055
56 0.192962 0.779167 0.0144896 0.025 0.0456848
0 0.227096 0.770833 0.0128177 0.0183334 0.0448608
0 0.618594 0.778333 0.0066875 0.025 0.0445862
0 0.878292 0.771667 0.0111459 0.0566666 0.0437622
0 0.47732 0.77 0.00835938 0.0316667 0.0435181
0 0.433573 0.775833 0.0122604 0.0316666 0.0418396
2 0.453078 0.774792 0.0234063 0.0204166 0.0408325
0 0.729495 0.773125 0.013375 0.0170833 0.0405273
56 0.191151 0.765 0.0136536 0.05 0.0397949
0 0.306789 0.76375 0.0100312 0.0158333 0.0394287
56 0.200346 0.781667 0.0189479 0.02 0.0391846
0 0.202576 0.774792 0.0161615 0.0304167 0.0386963
0 0.941266 0.77 0.00891666 0.01 0.0375366
33 0.468404 0.495 0.0328802 0.0183333 0.037323
0 0.0852656 0.781667 0.0186693 0.035 0.0360107
0 0.879964 0.765 0.0111458 0.0416667 0.0358276
0 0.165934 0.773333 0.0142109 0.02 0.0354919
0 0.0778815 0.73 0.0144896 0.0216667 0.0352173
0 0.415182 0.78 0.00891666 0.03 0.0346985
56 0.179169 0.7675 0.017276 0.0483333 0.0346069
0 0.86826 0.7725 0.0156042 0.0283334 0.0344238
0 0.326016 0.76 0.00891666 0.03 0.033905
13 0.0613021 0.72875 0.0540573 0.0258333 0.033844
2 0.0142632 0.770833 0.0269242 0.015 0.0337219
0 0.815875 0.77 0.00891666 0.0166667 0.0327148
0 0.524969 0.7525 0.0100313 0.025 0.0324707
2 0.448898 0.773333 0.0395677 0.025 0.0324707
0 0.171924 0.769792 0.02675 0.0404167 0.0312042
0 0.205501 0.762917 0.00891666 0.0308333 0.0311432
0 0.575125 0.765417 0.013375 0.0208333 0.0310211
0 0.204805 0.776875 0.0111458 0.02625 0.0302734
0 0.170253 0.775833 0.0245208 0.0283334 0.0289307
0 0.204526 0.768333 0.0117031 0.0416667 0.0284882
0 0.32713 0.75625 0.00891666 0.0275 0.0283813
56 0.0874251 0.781667 0.0210378 0.0333333 0.0274811
0 0.644229 0.785 0.00780206 0.0133333 0.0262604
0 0.47732 0.7475 0.00835938 0.015 0.0250397
0 0.465896 0.773333 0.00891666 0.0233333 0.0249939
0 0.86213 0.7725 0.0479271 0.0600001 0.0249939
0 0.307068 0.766667 0.0111458 0.0183333 0.0245209
0 0.869375 0.781667 0.0334375 0.0416667 0.0242767
33 0.278367 0.6425 0.0156042 0.0183334 0.0235138
0 0.192962 0.779167 0.0144896 0.025 0.023468
0 0.329638 0.758333 0.0072448 0.0283333 0.0231476
33 0.552694 0.770833 0.018112 0.0116667 0.0230713
0 0.867146 0.768542 0.0156042 0.03625 0.0229797
56 0.202576 0.774792 0.0161615 0.0304167 0.0229797
2 0.445555 0.775 0.0234063 0.0216667 0.0227966
0 0.634198 0.775 0.0200625 0.0333333 0.0221558
0 0.856 0.765833 0.013375 0.0466667 0.0220337
0 0.818104 0.76 0.0111459 0.0333333 0.0216217
24 0.0873555 0.780833 0.0211771 0.0333333 0.0213623
0 0.577911 0.775 0.0167188 0.0283334 0.0211182
0 0.60299 0.775 0.00891666 0.025 0.0210876
0 0.208566 0.758333 0.00835938 0.03 0.0207214
0 0.577354 0.7725 0.0200625 0.035 0.0197601
1 0.846526 0.788333 0.0211771 0.0333333 0.0184784
0 0.863802 0.784167 0.0490417 0.0416666 0.018158
0 0.383138 0.769167 0.0100312 0.0483334 0.0179901
56 0.170253 0.775833 0.0245208 0.0283334 0.0177765
1 0.862688 0.783333 0.0535 0.0416667 0.0173035
56 0.130128 0.81 0.0652031 0.0366667 0.016983
0 0.167745 0.768125 0.0206198 0.0337499 0.0166626
0 0.525805 0.770833 0.0105886 0.0216666 0.0165863
0 0.523575 0.773333 0.0105886 0.0133333 0.0165253
2 0.706646 0.771667 0.0211771 0.0116667 0.0164032
33 0.277531 0.640833 0.0178333 0.0233333 0.0163422
8 0.12971 0.81 0.0652031 0.0366667 0.0159607
0 0.130128 0.81 0.0652031 0.0366667 0.0158997
33 0.458094 0.610833 0.00613022 0.0108334 0.0155411
0 0.865474 0.775208 0.0211771 0.0395833 0.0154266
0 0.324901 0.768333 0.0100312 0.0216666 0.0153656
2 0.418526 0.768333 0.0156042 0.0233333 0.0151901
33 0.863802 0.784167 0.0490417 0.0416666 0.0150757
0 0.445555 0.775 0.0234063 0.0216667 0.0146179
25 0.129814 0.809167 0.0663874 0.0383333 0.0142822
1 0.869375 0.781667 0.0334375 0.0416667 0.0139542
33 0.86826 0.7725 0.0156042 0.0283334 0.0137939
0 0.435802 0.774792 0.013375 0.0270833 0.0137405
0 0.417969 0.771667 0.0144896 0.0283334 0.0135345
0 0.125809 0.769792 0.0275859 0.01375 0.01297
33 0.462831 0.498333 0.0217344 0.0233334 0.0126724
33 0.523575 0.773333 0.0105886 0.0133333 0.0126724
0 0.318214 0.768333 0.00891666 0.0183334 0.0124283
0 0.920088 0.765417 0.0144896 0.0225 0.0124283
0 0.530542 0.771667 0.0100312 0.0183334 0.0123367
0 0.200346 0.781667 0.0189479 0.02 0.0121918
4 0.686583 0.2075 0.0222917 0.0325 0.011734
33 0.123022 0.770833 0.0317656 0.0116667 0.0115967
0 0.664292 0.83 0.0156042 0.0133333 0.0115967
0 0.473141 0.773542 0.00891666 0.02625 0.0115509
0 0.431344 0.771875 0.00947394 0.03625 0.0115051
0 0.579583 0.78 0.0178333 0.02 0.0115051
33 0.848198 0.770208 0.0222917 0.0629166 0.0115051
33 0.447505 0.594583 0.0189479 0.0141667 0.0108566
56 0.165934 0.773333 0.0142109 0.02 0.0107803
56 0.125809 0.769792 0.0275859 0.01375 0.0107346
0 0.453078 0.774792 0.0234063 0.0204166 0.0106964
33 0.453078 0.774792 0.0234063 0.0204166 0.0106964
33 0.579583 0.775833 0.0167188 0.0283334 0.0106506
0 0.605776 0.771875 0.0189479 0.0295834 0.0105667
13 0.130128 0.81 0.0652031 0.0366667 0.0105667
0 0.61525 0.773542 0.0178333 0.0329167 0.0104904
0 0.886094 0.784167 0.0156042 0.0383334 0.0103683
8 0.0142632 0.770833 0.0269242 0.015 0.0101318
2 0.0233366 0.770833 0.0431204 0.0166667 0.0100937
2 0.702187 0.771458 0.0111458 0.0104167 0.0100098
0 0.639771 0.775833 0.0178333 0.03 0.00985718
0 0.317099 0.764583 0.0100312 0.0175 0.00978088
8 0.0233366 0.770833 0.0431204 0.0166667 0.00971222
33 0.125704 0.769167 0.0344824 0.0166667 0.00955963
33 0.663177 0.830833 0.0178333 0.0116667 0.00955963
0 0.872162 0.79 0.0367812 0.0266667 0.00952148
33 0.448898 0.773333 0.0395677 0.025 0.00948334
33 0.851542 0.761667 0.0156042 0.0466667 0.00941467
0 0.301495 0.760833 0.0122604 0.0166667 0.00933838
13 0.192962 0.779167 0.0144896 0.025 0.00933838
13 0.200346 0.781667 0.0189479 0.02 0.00923157
13 0.146428 0.762083 0.044862 0.0191667 0.00919342
0 0.702187 0.771458 0.0111458 0.0104167 0.00919342
33 0.704417 0.467917 0.0334375 0.0391667 0.0088501
0 0.60299 0.780833 0.0066875 0.0166667 0.00878143
2 0.317099 0.764583 0.0100312 0.0175 0.00871277
0 0.533885 0.76 0.0178333 0.035 0.00867462
5 0.0622599 0.72875 0.0554853 0.03 0.0086441
33 0.445555 0.775 0.0234063 0.0216667 0.00857544
13 0.123022 0.770833 0.0317656 0.0116667 0.00847626
33 0.469518 0.5 0.0351094 0.025 0.008255
33 0.219155 0.768542 0.0278646 0.0295834 0.00806427
0 0.920646 0.768333 0.0100313 0.0283334 0.00806427
33 0.848755 0.788333 0.018948 0.03 0.00787354
33 0.582927 0.7775 0.0111458 0.025 0.0078125
58 0.969687 0.737083 0.0423542 0.0625 0.00775528
0 0.203272 0.756667 0.0103099 0.0333333 0.00775528
33 0.465339 0.4925 0.0245208 0.0183334 0.00772476
33 0.848755 0.775 0.0835937 0.065 0.00769424
8 0.0235369 0.7675 0.0448794 0.0183334 0.00766754
13 0.0876341 0.780833 0.0213164 0.0333333 0.00748825
0 0.473698 0.759167 0.00891666 0.0283334 0.00748825
33 0.869375 0.781667 0.0334375 0.0416667 0.00743103
2 0.0884004 0.731667 0.0218737 0.0183334 0.00723267
33 0.865474 0.775208 0.0211771 0.0395833 0.00714874
33 0.472583 0.495 0.0412396 0.0241667 0.00712204
2 0.554505 0.770833 0.0234063 0.0116667 0.00709534
1 0.192962 0.779167 0.0144896 0.025 0.00695801
33 0.162172 0.771458 0.0217344 0.0170834 0.0069313
1 0.200346 0.781667 0.0189479 0.02 0.00674438
14 0.459766 0.4925 0.013375 0.0125 0.00669098
7 0.448898 0.773333 0.0395677 0.025 0.00664139
33 0.852099 0.755 0.0144896 0.0333333 0.00656509
33 0.570109 0.774167 0.0144896 0.02 0.00656509
13 0.144025 0.765 0.0474395 0.02 0.00651169
0 0.41769 0.775833 0.0161614 0.03 0.00651169
0 0.891667 0.775 0.0122604 0.02 0.0064888
0 0.162172 0.771458 0.0217344 0.0170834 0.0064621
0 0.332703 0.758333 0.0100313 0.0316667 0.00638962
2 0.0613021 0.72875 0.0540573 0.0258333 0.00624084
0 0.449177 0.776667 0.0390104 0.025 0.00619125
33 0.699958 0.460833 0.02675 0.055 0.00616837
2 0.419919 0.765833 0.0183907 0.0266667 0.00609589
33 0.269451 0.6425 0.0339948 0.0266667 0.006073
33 0.435802 0.774792 0.013375 0.0270833 0.00602722
0 0.754016 0.7725 0.00891666 0.0116666 0.00595856
37 0.12971 0.81 0.0652031 0.0366667 0.00582123
0 0.529427 0.756667 0.0189479 0.0333333 0.00577545
0 0.920646 0.771667 0.013375 0.035 0.00577545
7 0.0626256 0.729167 0.0475091 0.0283334 0.00577545
0 0.0413092 0.729167 0.0128874 0.0233333 0.00575256
33 0.445276 0.601667 0.0167188 0.0291667 0.00572968
33 0.920646 0.765 0.0111458 0.0233333 0.00570679
0 0.666521 0.770833 0.0178334 0.0133333 0.00568771
0 0.87049 0.7675 0.0200625 0.0466667 0.00553513
33 0.129257 0.795 0.0691738 0.065 0.00547028
33 0.665406 0.770833 0.0200625 0.0133333 0.00540543
0 0.845969 0.795833 0.0222918 0.0416667 0.00527954
0 0.966344 0.773333 0.00891666 0.01 0.00521851
33 0.128316 0.783125 0.066875 0.0437499 0.00511932
2 0.433573 0.775833 0.0122604 0.0316666 0.00502014
0 0.795813 0.771458 0.00891671 0.01375 0.00496292
33 0.579583 0.78 0.0178333 0.02 0.00496292
0 0.280875 0.7625 0.0111458 0.015 0.00494385
2 0.523575 0.773333 0.0105886 0.0133333 0.00492477
24 0.12971 0.81 0.066875 0.035 0.0049057
2 0.444719 0.733333 0.0117031 0.015 0.00488663
0 0.332982 0.7675 0.0105886 0.0383334 0.00488663
33 0.227096 0.770833 0.0128177 0.0183334 0.00486755
0 0.84374 0.7875 0.0222917 0.0316667 0.00484848
33 0.662062 0.83 0.0245208 0.0133333 0.00482941
56 0.0235543 0.79 0.0442873 0.0633333 0.00479126
0 0.296479 0.759167 0.00947394 0.02 0.00477219
9 0.537229 0.760417 0.00891666 0.0291667 0.00475693
13 0.170253 0.775833 0.0245208 0.0283334 0.00473785
33 0.525805 0.75875 0.0105886 0.0358333 0.00473785
13 0.202576 0.774792 0.0161615 0.0304167 0.00469971
33 0.418526 0.768333 0.0156042 0.0233333 0.00469971
33 0.706646 0.771667 0.0211771 0.0116667 0.00468063
33 0.729495 0.773125 0.013375 0.0170833 0.00468063
0 0.161057 0.7775 0.0395677 0.0316667 0.00468063
2 0.435802 0.774792 0.013375 0.0270833 0.00468063
33 0.0874251 0.781667 0.0210378 0.0333333 0.00466537
4 0.697729 0.468333 0.0222917 0.035 0.00460815
13 0.125704 0.769167 0.0344824 0.0166667 0.0045929
33 0.165934 0.773333 0.0142109 0.02 0.00455475
0 0.0876341 0.778333 0.0217344 0.04 0.00450516
2 0.301495 0.760833 0.0122604 0.0166667 0.00446701
56 0.125704 0.769167 0.0344824 0.0166667 0.00441742
29 0.12971 0.81 0.0652031 0.0366667 0.00438309
0 0.57401 0.768333 0.0178334 0.0233333 0.00436401
0 0.299266 0.755 0.00557292 0.0233333 0.00432968
1 0.86213 0.7725 0.0479271 0.0600001 0.00424957
8 0.0617897 0.729167 0.0558685 0.0266667 0.0042305
33 0.444719 0.733333 0.0117031 0.015 0.00421524
2 0.577911 0.775 0.0167188 0.0283334 0.00421524
13 0.0245557 0.7875 0.0479271 0.0583334 0.00418091
2 0.0778815 0.73 0.0144896 0.0216667 0.00405502
0 0.467568 0.77 0.0128177 0.0283334 0.00405502
33 0.278089 0.645833 0.0167187 0.025 0.00403976
33 0.447505 0.604167 0.0206198 0.0266666 0.00395966
1 0.865474 0.775208 0.0211771 0.0395833 0.0039444
2 0.306789 0.76375 0.0100312 0.0158333 0.00392914
33 0.644229 0.785 0.00780206 0.0133333 0.00392914
33 0.658161 0.83 0.0323229 0.0166667 0.00391388
0 0.599646 0.774167 0.0111458 0.0283333 0.00390053
33 0.635312 0.775833 0.0167187 0.0316666 0.00383949
33 0.0142632 0.770833 0.0269242 0.015 0.00378036
0 0.125704 0.769167 0.0344824 0.0166667 0.0037365
0 0.406823 0.770833 0.0111458 0.0433334 0.00372124
2 0.941266 0.77 0.00891666 0.01 0.00372124
56 0.872719 0.779167 0.0334375 0.0449999 0.00370789
2 0.665406 0.770833 0.0200625 0.0133333 0.00367928
33 0.891667 0.775 0.0122604 0.02 0.00366402
33 0.525805 0.770833 0.0105886 0.0216666 0.00366402
33 0.138905 0.766667 0.0643672 0.025 0.00355148
33 0.856 0.765833 0.013375 0.0466667 0.00352478
33 0.171924 0.769792 0.02675 0.0404167 0.00352478
58 0.704417 0.719583 0.0156042 0.03 0.00349617
7 0.453078 0.774792 0.0234063 0.0204166 0.00349617
14 0.941266 0.77 0.00891666 0.01 0.00349617
3 0.86213 0.7725 0.0479271 0.0600001 0.00345612
33 0.204805 0.776875 0.0111458 0.02625 0.00341606
0 0.577354 0.759167 0.0178333 0.0316666 0.00340271
33 0.0233366 0.770833 0.0431204 0.0166667 0.00340271
0 0.145732 0.81 0.0339948 0.03 0.00340271
0 0.639771 0.771667 0.0200625 0.0266667 0.00337601
13 0.179169 0.7675 0.017276 0.0483333 0.00337601
33 0.686583 0.2075 0.0222917 0.0325 0.789062
33 0.697729 0.46875 0.0222917 0.0358333 0.720215
33 0.129884 0.808333 0.0662481 0.0366667 0.548828
33 0.611349 0.665833 0.0256354 0.025 0.539062
0 0.394005 0.769167 0.0122604 0.0483334 0.50293
0 0.920646 0.76375 0.0111458 0.0225 0.310791
0 0.178891 0.766667 0.0156042 0.05 0.305664
0 0.369484 0.764167 0.0167187 0.0549999 0.262939
33 0.459766 0.4925 0.013375 0.0125 0.205566
33 0.863245 0.779167 0.0546145 0.0533334 0.193115
0 0.348865 0.766458 0.013375 0.0570833 0.188354
33 0.444719 0.594583 0.0144896 0.0141667 0.178955
0 0.191012 0.763333 0.0125391 0.05 0.170532
0 0.610792 0.773333 0.00891666 0.0283334 0.158203
0 0.34162 0.771458 0.0100312 0.0504167 0.157715
0 0.879406 0.758333 0.0111459 0.03 0.144653
0 0.848755 0.788333 0.018948 0.03 0.143677
0 0.851542 0.760417 0.0156042 0.0425 0.143188
0 0.852099 0.755 0.0144896 0.0333333 0.126831
0 0.613578 0.774792 0.00891666 0.0304167 0.124207
0 0.344685 0.771667 0.0128177 0.0516667 0.123352
0 0.219016 0.75875 0.0100312 0.0258333 0.122131
0 0.536951 0.76 0.00947394 0.03 0.119995
0 0.20773 0.7625 0.00808072 0.0283334 0.115967
33 0.462552 0.494167 0.0200625 0.0166667 0.10968
0 0.879406 0.755 0.0100312 0.0233333 0.109314
0 0.636427 0.775833 0.0156042 0.03 0.109314
0 0.190872 0.755 0.0111458 0.035 0.107788
0 0.850427 0.770833 0.0178333 0.0633334 0.100525
0 0.537786 0.766667 0.0111458 0.0216667 0.0977173
0 0.208148 0.7675 0.0108672 0.0383334 0.0960083
0 0.845969 0.773542 0.0200624 0.0595834 0.0960083
0 0.844297 0.762083 0.0156042 0.0441666 0.0953369
0 0.378958 0.7725 0.0100313 0.0383333 0.092041
0 0.431901 0.78 0.00780211 0.025 0.088501
0 0.630854 0.776875 0.0111458 0.0295833 0.0872803
0 0.920089 0.7625 0.00780211 0.0216667 0.0849609
0 0.883865 0.790833 0.0111459 0.025 0.0779419
0 0.881635 0.7925 0.013375 0.0216667 0.0727539
33 0.460323 0.491667 0.0167188 0.015 0.0710449
0 0.219016 0.765 0.022849 0.0316667 0.0686646
0 0.847083 0.75875 0.0178333 0.0425 0.0673218
0 0.477599 0.764583 0.00891666 0.0375 0.0597534
0 0.338276 0.768333 0.0111458 0.04 0.0579224
0 0.225146 0.764583 0.0156042 0.0291666 0.0571899
0 0.582927 0.7775 0.0111458 0.025 0.0551147
0 0.130685 0.76375 0.0117031 0.0175 0.053009
0 0.525526 0.758333 0.0100313 0.035 0.0515442
0 0.189201 0.763333 0.0117031 0.045 0.049408
0 0.878292 0.771875 0.0111459 0.05625 0.0491333
33 0.468404 0.495 0.0328802 0.0183333 0.0488586
2 0.453078 0.774167 0.0245208 0.0216666 0.0467224
0 0.383417 0.771667 0.00780211 0.0433333 0.0456848
0 0.223195 0.7625 0.0139323 0.03 0.0451965
0 0.47732 0.77 0.00835938 0.0316667 0.0445251
0 0.372828 0.765 0.0211771 0.0516667 0.0441895
0 0.433573 0.776875 0.0122604 0.0329167 0.0437622
0 0.729495 0.7725 0.013375 0.0183333 0.0437622
0 0.185299 0.766667 0.0211771 0.0516667 0.0432129
0 0.226957 0.770833 0.0128177 0.0183334 0.0428162
0 0.618594 0.778333 0.0066875 0.025 0.0420227
0 0.366141 0.764167 0.0144896 0.0516667 0.0409851
56 0.192823 0.778333 0.0144896 0.0266667 0.0406799
0 0.941823 0.77 0.00891666 0.01 0.0386963
0 0.524969 0.7525 0.0100313 0.025 0.0384521
2 0.0143851 0.770833 0.0272376 0.015 0.0384521
0 0.202436 0.775 0.0161615 0.0316667 0.0375366
0 0.306789 0.76375 0.0105885 0.0158333 0.0367737
0 0.415461 0.779167 0.0100312 0.0316666 0.0360718
13 0.061424 0.72875 0.0538135 0.0258333 0.035553
0 0.0778815 0.73 0.0147682 0.0216667 0.0348816
56 0.191151 0.765 0.0139323 0.05 0.0348816
0 0.86826 0.771875 0.0156042 0.0295834 0.0341797
0 0.326294 0.76 0.00947394 0.03 0.0335999
56 0.200346 0.781667 0.0192266 0.02 0.0334778
56 0.179169 0.7675 0.017276 0.0483333 0.0330811
0 0.816432 0.769792 0.00891666 0.0170833 0.0326538
0 0.165794 0.773542 0.0144896 0.0195834 0.0325317
0 0.0851263 0.781667 0.0183906 0.0333333 0.0312042
2 0.44862 0.773125 0.0390104 0.0237499 0.0299835
0 0.575125 0.765 0.013375 0.02 0.0298157
0 0.47732 0.7475 0.00891666 0.015 0.0293121
0 0.644229 0.785 0.00780206 0.0133333 0.0290375
0 0.205362 0.7625 0.00891666 0.03 0.0290375
0 0.32713 0.756667 0.0100312 0.0283334 0.0284882
0 0.204387 0.768542 0.0117031 0.0429167 0.0278015
0 0.169695 0.775833 0.0245208 0.0283334 0.0272675
2 0.446948 0.775 0.02675 0.0216667 0.0270691
0 0.171367 0.770833 0.0259141 0.04 0.0270691
33 0.278367 0.6425 0.0156042 0.0183334 0.0269623
0 0.204805 0.775833 0.0111458 0.0266667 0.0267029
0 0.818104 0.759583 0.0111459 0.0341667 0.026001
0 0.465896 0.773333 0.00891666 0.0233333 0.026001
33 0.553391 0.770833 0.0189479 0.0116667 0.0255585
56 0.0874948 0.781667 0.0211771 0.0333333 0.0253754
0 0.869375 0.781458 0.0323229 0.0404166 0.0252228
0 0.856557 0.765 0.0122604 0.045 0.0248871
0 0.633641 0.775 0.0200625 0.0333333 0.0248413
0 0.864917 0.771667 0.0323229 0.0566666 0.0246124
1 0.846526 0.788333 0.0211771 0.0333333 0.0244293
0 0.329638 0.758333 0.0072448 0.0283333 0.0232391
0 0.307068 0.766667 0.0117031 0.0183333 0.0228424
0 0.173875 0.76625 0.0261927 0.0441666 0.0220337
24 0.0873555 0.780833 0.0211771 0.0333333 0.0219421
2 0.706646 0.771667 0.0211771 0.0116667 0.021286
0 0.60299 0.775 0.00891666 0.025 0.0208435
56 0.202436 0.775 0.0161615 0.0316667 0.0205688
0 0.192823 0.778333 0.0144896 0.0266667 0.0204926
0 0.208427 0.758333 0.00835938 0.03 0.0204468
0 0.577354 0.773125 0.0200625 0.03375 0.0204163
33 0.611906 0.660833 0.02675 0.035 0.0201721
33 0.277531 0.640833 0.0178333 0.0233333 0.0197906
1 0.869375 0.781458 0.0323229 0.0404166 0.0186157
1 0.863245 0.783333 0.0523854 0.04 0.0171814
56 0.169695 0.775833 0.0245208 0.0283334 0.016922
56 0.130128 0.81 0.0652031 0.0366667 0.016922
0 0.865474 0.775208 0.0200624 0.0395833 0.0165863
2 0.418526 0.768125 0.0156042 0.02375 0.0162201
0 0.523575 0.7725 0.0111458 0.0133333 0.0160217
33 0.458372 0.610833 0.00613017 0.0108334 0.0158997
0 0.417969 0.7725 0.0144896 0.03 0.0156708
0 0.167187 0.7675 0.0197838 0.0333333 0.0153046
0 0.324901 0.768333 0.0100312 0.0216666 0.0152512
25 0.130093 0.809167 0.0663874 0.0383333 0.0151291
0 0.219016 0.769167 0.0278646 0.0283334 0.0147858
0 0.446948 0.775 0.02675 0.0216667 0.0146179
0 0.525526 0.771667 0.0111458 0.02 0.0145035
0 0.435802 0.775 0.013375 0.0266667 0.0142288
0 0.863245 0.783333 0.0523854 0.04 0.014061
8 0.129849 0.809167 0.0652031 0.0366667 0.0139008
33 0.523575 0.7725 0.0111458 0.0133333 0.0136337
33 0.66262 0.83 0.0200625 0.0133333 0.0134277
0 0.125669 0.769792 0.0278646 0.01375 0.0133286
0 0.431344 0.771667 0.00947394 0.0366667 0.0132217
2 0.0235804 0.77 0.0438171 0.0166667 0.0132217
2 0.702187 0.771458 0.0111458 0.0104167 0.0131226
0 0.920088 0.765417 0.0144896 0.0225 0.0131226
0 0.664292 0.83 0.0156042 0.0133333 0.0129242
33 0.463667 0.498333 0.0234063 0.0233334 0.0128708
33 0.863245 0.770208 0.0546145 0.0762499 0.012825
0 0.530263 0.771667 0.0111458 0.0166667 0.0126266
0 0.130128 0.81 0.0652031 0.0366667 0.0126266
33 0.125669 0.769792 0.0278646 0.01375 0.0125732
0 0.318492 0.768333 0.0100312 0.0183334 0.0122375
0 0.473419 0.773542 0.00891666 0.02625 0.0120544
0 0.61525 0.773542 0.0178333 0.0329167 0.0119171
0 0.579583 0.775833 0.0167188 0.0283334 0.0118713
13 0.146568 0.762083 0.0445833 0.0191667 0.0116882
0 0.605219 0.771875 0.0189479 0.0295834 0.0115051
33 0.453078 0.774167 0.0245208 0.0216666 0.011467
56 0.125669 0.769792 0.0278646 0.01375 0.0112915
0 0.887208 0.783125 0.0156041 0.0370833 0.0112457
33 0.86826 0.771875 0.0156042 0.0295834 0.0111618
4 0.686583 0.2075 0.0222917 0.0325 0.0110703
0 0.453078 0.774167 0.0245208 0.0216666 0.0110321
0 0.639771 0.775833 0.0178333 0.03 0.0109863
33 0.125983 0.769167 0.0350397 0.0166667 0.0109482
0 0.579583 0.78 0.0178333 0.0216667 0.0109024
2 0.317099 0.765 0.0105886 0.0183334 0.0107803
33 0.472583 0.495417 0.0412396 0.0241667 0.0106506
8 0.0143851 0.770833 0.0272376 0.015 0.0103683
8 0.0235804 0.77 0.0438171 0.0166667 0.0103683
56 0.165794 0.773542 0.0144896 0.0195834 0.0103302
0 0.317099 0.765 0.0105886 0.0183334 0.0102463
0 0.200346 0.781667 0.0192266 0.02 0.01017
33 0.469797 0.5 0.0356667 0.025 0.0100098
58 0.970245 0.737083 0.0412396 0.0625 0.0100098
0 0.702187 0.771458 0.0111458 0.0104167 0.00997162
33 0.44862 0.773125 0.0390104 0.0237499 0.00978088
2 0.554505 0.770833 0.0234063 0.0116667 0.00967407
13 0.130128 0.81 0.0652031 0.0366667 0.00959778
33 0.704417 0.46875 0.0334375 0.0383333 0.00937653
33 0.869375 0.784167 0.0356667 0.04 0.00937653
33 0.863802 0.788333 0.0535 0.0433333 0.00933838
0 0.534164 0.76 0.0178333 0.035 0.00926971
0 0.872162 0.79 0.0367812 0.0233333 0.00919342
2 0.061424 0.72875 0.0538135 0.0258333 0.00908661
33 0.446948 0.775 0.02675 0.0216667 0.00908661
13 0.144339 0.765 0.0476484 0.02 0.00901794
0 0.302052 0.760833 0.0122604 0.0166667 0.00891876
2 0.417969 0.7725 0.0144896 0.03 0.00891876
0 0.920646 0.768333 0.0100313 0.0283334 0.00891876
0 0.417969 0.768125 0.0156042 0.0270833 0.00888062
2 0.0880521 0.731667 0.022013 0.0183334 0.00874329
13 0.123301 0.770833 0.0312083 0.0116667 0.00861359
0 0.473698 0.758333 0.00891666 0.0266667 0.00854492
33 0.579583 0.775833 0.0167188 0.0283334 0.00837708
13 0.200346 0.781667 0.0192266 0.02 0.008255
33 0.465339 0.4925 0.0245208 0.0183334 0.00812531
13 0.0877038 0.780833 0.0213164 0.0333333 0.00800323
0 0.60299 0.78 0.00891666 0.0166667 0.00796509
0 0.754016 0.7725 0.00891666 0.0116666 0.00793457
0 0.891667 0.775 0.0122604 0.02 0.00793457
0 0.203411 0.757083 0.0105885 0.0358333 0.00787354
33 0.269451 0.6425 0.0339948 0.0266667 0.0078125
33 0.162033 0.771458 0.0222917 0.0170834 0.0077858
13 0.192823 0.778333 0.0144896 0.0266667 0.00772476
0 0.871047 0.766667 0.0200624 0.0466667 0.00728989
33 0.851542 0.760417 0.0156042 0.0425 0.00728989
2 0.444719 0.733333 0.0122604 0.015 0.00723267
14 0.459766 0.4925 0.013375 0.0125 0.00720596
33 0.582927 0.7775 0.0111458 0.025 0.00720596
33 0.848198 0.77 0.021177 0.06 0.00720596
0 0.920646 0.771667 0.013375 0.035 0.00712204
0 0.529427 0.756667 0.0189479 0.0333333 0.0069046
5 0.0622773 0.728333 0.0551719 0.03 0.0068512
1 0.200346 0.781667 0.0192266 0.02 0.00671768
0 0.0413092 0.72875 0.0126784 0.0241666 0.00669098
0 0.162033 0.771458 0.0222917 0.0170834 0.00656509
0 0.966344 0.773333 0.00891666 0.01 0.00656509
33 0.570109 0.774167 0.0156042 0.02 0.00651169
1 0.192823 0.778333 0.0144896 0.0266667 0.00643921
0 0.332146 0.758333 0.0100312 0.0316667 0.00629044
0 0.666521 0.770833 0.0178334 0.0133333 0.00629044
2 0.523575 0.7725 0.0111458 0.0133333 0.00621796
0 0.449177 0.776667 0.0390104 0.025 0.00616837
33 0.848755 0.788333 0.018948 0.03 0.00616837
33 0.128595 0.784167 0.066875 0.0433334 0.00614548
33 0.699958 0.46125 0.02675 0.055 0.00612259
7 0.0621206 0.728333 0.0549281 0.0275 0.00612259
33 0.219016 0.769167 0.0278646 0.0283334 0.006073
7 0.44862 0.773125 0.0390104 0.0237499 0.00598145
2 0.0778815 0.73 0.0147682 0.0216667 0.00588989
2 0.577354 0.775208 0.0178333 0.0295834 0.00584412
33 0.865474 0.775208 0.0200624 0.0395833 0.00584412
33 0.665406 0.770833 0.0200625 0.0133333 0.00579834
33 0.920646 0.765 0.0111458 0.0233333 0.00577545
33 0.848755 0.776667 0.0835937 0.0616667 0.00572968
33 0.729495 0.7725 0.013375 0.0183333 0.00564194
33 0.852099 0.755 0.0144896 0.0333333 0.00553513
33 0.706646 0.771667 0.0211771 0.0116667 0.00551224
33 0.657604 0.83 0.0334375 0.0166667 0.00551224
2 0.302052 0.760833 0.0122604 0.0166667 0.00548935
0 0.795812 0.771458 0.0100312 0.01375 0.00547028
37 0.129849 0.809167 0.0652031 0.0366667 0.00547028
33 0.435802 0.775 0.013375 0.0266667 0.00544739
29 0.129849 0.809167 0.0652031 0.0366667 0.00540543
2 0.433573 0.776875 0.0122604 0.0329167 0.00538635
33 0.129048 0.794167 0.0695918 0.0616666 0.00538635
0 0.295922 0.759167 0.00891666 0.02 0.00536346
33 0.445555 0.601667 0.0167188 0.0283333 0.0053215
8 0.0618768 0.729167 0.0556943 0.0266667 0.0053215
0 0.280875 0.7625 0.0111458 0.015 0.00516129
2 0.306789 0.76375 0.0105885 0.0158333 0.0050621
2 0.941823 0.77 0.00891666 0.01 0.0050621
0 0.160918 0.776458 0.0392891 0.0304166 0.0050621
1 0.865474 0.775208 0.0200624 0.0395833 0.00502014
0 0.467846 0.77 0.013375 0.0283334 0.00498199
2 0.665406 0.770833 0.0200625 0.0133333 0.00498199
33 0.139602 0.76625 0.0632526 0.0241666 0.00496292
24 0.129605 0.81 0.0668053 0.0333333 0.00496292
33 0.278089 0.645833 0.0167187 0.025 0.00486755
0 0.299266 0.754583 0.00557292 0.0241667 0.00479126
56 0.125983 0.769167 0.0350397 0.0166667 0.00479126
13 0.765719 0.771875 0.0334375 0.0129166 0.00473785
56 0.871604 0.779167 0.0334375 0.0449999 0.00473785
0 0.57401 0.768333 0.0178334 0.0233333 0.0046463
13 0.125983 0.769167 0.0350397 0.0166667 0.0046463
0 0.845969 0.795833 0.0222918 0.0416667 0.00462723
33 0.226957 0.770833 0.0128177 0.0183334 0.00455475
33 0.418526 0.768125 0.0156042 0.02375 0.00446701
33 0.444719 0.733333 0.0122604 0.015 0.00445175
13 0.169695 0.775833 0.0245208 0.0283334 0.00441742
0 0.0877038 0.778333 0.0215951 0.04 0.00438309
33 0.579583 0.78 0.0178333 0.0216667 0.00434875
0 0.639771 0.770833 0.0189479 0.0266667 0.00429916
2 0.932906 0.7625 0.0356667 0.0216667 0.00424957
0 0.84374 0.786667 0.0222917 0.03 0.0042305
33 0.531656 0.695417 0.00557294 0.00833337 0.00419998
0 0.332703 0.7675 0.0100313 0.0383334 0.00419998
2 0.435802 0.775 0.013375 0.0266667 0.00418091
33 0.525526 0.758333 0.0100313 0.035 0.00416565
13 0.202436 0.775 0.0161615 0.0316667 0.00403976
33 0.0874948 0.781667 0.0211771 0.0333333 0.00402451
33 0.165794 0.773542 0.0144896 0.0195834 0.00400543
13 0.0248343 0.786667 0.0484147 0.0566666 0.00400543
4 0.697729 0.468333 0.0222917 0.035 0.00399017
2 0.766276 0.771667 0.0323229 0.0116667 0.00397491
33 0.644229 0.785 0.00780206 0.0133333 0.0039444
33 0.284776 0.574167 0.013375 0.0233334 0.00392914
0 0.125983 0.769167 0.0350397 0.0166667 0.00392914
0 0.664849 0.830833 0.0200625 0.0133333 0.00390053
33 0.277531 0.646667 0.0189479 0.0316667 0.00388527
33 0.272516 0.635833 0.00891666 0.025 0.00387001
37 0.123301 0.770833 0.0312083 0.0116667 0.00387001
0 0.407102 0.770833 0.0111458 0.0433334 0.00385475
33 0.0143851 0.770833 0.0272376 0.015 0.00383949
13 0.770734 0.766667 0.066875 0.0233333 0.00380898
1 0.86826 0.771875 0.0156042 0.0295834 0.00380898
0 0.724479 0.774167 0.0100312 0.0183334 0.00379562
33 0.891667 0.775 0.0122604 0.02 0.00378036
2 0.280875 0.7625 0.0111458 0.015 0.00372124
33 0.525526 0.771667 0.0111458 0.02 0.00372124
1 0.882193 0.79 0.0144896 0.0266667 0.00370789
9 0.536951 0.758333 0.00947394 0.03 0.00366402
33 0.0235804 0.77 0.0438171 0.0166667 0.00365067
33 0.447505 0.604167 0.0200625 0.0266666 0.00362206
2 0.287562 0.7625 0.0234063 0.0183333 0.0036068
2 0.0413092 0.7275 0.0128177 0.0233333 0.00359344
33 0.268127 0.6325 0.0299544 0.025 0.00358009
33 0.686583 0.207083 0.0222917 0.0325 0.785156
33 0.697729 0.46875 0.0222917 0.0358333 0.716797
33 0.129988 0.808333 0.0663177 0.0366667 0.554688
33 0.611349 0.665417 0.0256354 0.025 0.544922
0 0.394005 0.769167 0.0122604 0.0483334 0.494141
0 0.178891 0.766667 0.0153255 0.05 0.311523
0 0.920646 0.763333 0.0111458 0.0233333 0.30249
0 0.369206 0.764167 0.0161614 0.0549999 0.262207
33 0.459766 0.4925 0.0139323 0.0125 0.219971
33 0.444719 0.594167 0.0144896 0.0133333 0.181274
0 0.349422 0.765833 0.0128177 0.0583333 0.181274
0 0.191012 0.763333 0.0125391 0.05 0.171021
0 0.34162 0.771458 0.0100312 0.0504167 0.156128
0 0.879406 0.75875 0.0111459 0.0308333 0.155029
0 0.610792 0.773333 0.00891666 0.0283334 0.153076
0 0.852099 0.76 0.0156042 0.0416667 0.147095
0 0.848198 0.788333 0.0178334 0.03 0.145142
0 0.346914 0.769167 0.013375 0.0583333 0.143433
33 0.863245 0.780833 0.0546145 0.0500001 0.126831
0 0.613578 0.774792 0.00891666 0.0304167 0.123169
0 0.879406 0.755 0.0100312 0.0233333 0.122131
33 0.462552 0.494167 0.0200625 0.0166667 0.121704
0 0.344406 0.771667 0.0122604 0.0516667 0.12085
0 0.219016 0.759167 0.0100312 0.0266667 0.118774
0 0.207591 0.7625 0.00835936 0.0283334 0.113953
0 0.367534 0.765417 0.0117031 0.0541667 0.111267
0 0.536951 0.76 0.00947394 0.03 0.110107
0 0.190872 0.755417 0.0111458 0.0358333 0.108582
0 0.636427 0.775208 0.0156042 0.0295834 0.105591
0 0.850427 0.770833 0.0178333 0.0633334 0.0977173
0 0.378958 0.7725 0.0100313 0.0383333 0.0957031
0 0.84374 0.761667 0.0156041 0.0433333 0.0939941
0 0.20787 0.766875 0.0105885 0.0395834 0.0927124
0 0.920089 0.7625 0.00780211 0.0216667 0.0917358
0 0.537786 0.766667 0.0111458 0.0216667 0.0913696
0 0.431901 0.78 0.00780211 0.025 0.0913696
0 0.845411 0.773333 0.0200625 0.0566666 0.0910645
0 0.634198 0.776667 0.0156042 0.0316667 0.0877075
0 0.62974 0.775833 0.0111458 0.03 0.0856934
33 0.460323 0.491667 0.0167188 0.015 0.0803833
0 0.884422 0.790833 0.0111458 0.025 0.0714722
0 0.881635 0.7925 0.013375 0.0216667 0.0681763
0 0.846526 0.75875 0.0178333 0.0425 0.0668335
0 0.219016 0.765 0.022849 0.0316667 0.0664673
0 0.847641 0.778333 0.0211771 0.05 0.0617676
0 0.218458 0.756667 0.00835936 0.025 0.0606384
33 0.468404 0.495 0.0328802 0.0183333 0.0600891
2 0.453078 0.774167 0.0239635 0.0216666 0.0587769
0 0.477599 0.764583 0.00947394 0.0375 0.0583496
0 0.225146 0.764167 0.0156042 0.03 0.058136
0 0.525526 0.758333 0.0100313 0.035 0.0558167
0 0.582927 0.7775 0.0111458 0.025 0.0551147
0 0.338276 0.768333 0.0111458 0.0383334 0.0542908
0 0.878292 0.770833 0.0111459 0.0549999 0.0525208
0 0.130685 0.76375 0.0117031 0.0175 0.0519409
0 0.881635 0.79 0.0156042 0.0266667 0.0488586
0 0.189061 0.763333 0.0114245 0.045 0.0484009
0 0.383417 0.771667 0.00780211 0.0433333 0.0483093
2 0.0144373 0.770833 0.0274118 0.015 0.0477905
0 0.433573 0.775833 0.0122604 0.0316666 0.0474243
0 0.729495 0.7725 0.013375 0.0183333 0.0448608
0 0.47732 0.77 0.00835938 0.0316667 0.044342
0 0.223056 0.7625 0.0139323 0.03 0.0435181
0 0.186553 0.766667 0.018112 0.0516667 0.0432739
0 0.226818 0.770833 0.0128177 0.0183334 0.0410767
0 0.373385 0.765 0.0200625 0.0516667 0.0403748
0 0.524969 0.7525 0.0100313 0.025 0.0397949
0 0.415461 0.778542 0.0100312 0.0329166 0.0397034
0 0.618594 0.778542 0.0066875 0.02625 0.0392761
0 0.202715 0.774167 0.0156042 0.0333333 0.0382385
0 0.941823 0.77 0.00891666 0.01 0.0369873
0 0.0778815 0.73 0.0147682 0.0216667 0.0344849
13 0.0613195 0.72875 0.0537438 0.0258333 0.0342407
0 0.306789 0.76375 0.0105885 0.0158333 0.033844
56 0.192544 0.7775 0.0144896 0.0283333 0.033844
0 0.326294 0.76 0.00947394 0.0316666 0.0337219
33 0.278367 0.6425 0.0156042 0.0183334 0.0333252
0 0.365583 0.768125 0.0128177 0.0470833 0.0332642
2 0.446391 0.775 0.0250782 0.0216667 0.0325928
0 0.86826 0.771667 0.0156042 0.03 0.0316162
0 0.165794 0.7725 0.0150469 0.0200001 0.03125
0 0.815875 0.769167 0.00891666 0.0183333 0.0309143
0 0.0847083 0.781458 0.0175547 0.0337499 0.0307922
2 0.44862 0.773125 0.0390104 0.0237499 0.0302124
0 0.47732 0.747083 0.00891666 0.015 0.0300446
0 0.205223 0.7625 0.00891666 0.03 0.0300446
1 0.846526 0.788333 0.0211771 0.0333333 0.0299835
0 0.644229 0.785 0.00780206 0.0133333 0.0292053
56 0.191151 0.765 0.0139323 0.05 0.0287628
0 0.575125 0.765 0.013375 0.02 0.028656
0 0.32713 0.756667 0.0100312 0.0283334 0.028595
0 0.204247 0.768333 0.0117031 0.0433333 0.028595
56 0.179169 0.7675 0.0169974 0.0483333 0.0285492
56 0.200625 0.781667 0.0189479 0.02 0.0281067
0 0.204665 0.775833 0.0111458 0.0266667 0.0280609
33 0.553391 0.770833 0.0189479 0.0116667 0.0278015
0 0.818104 0.759167 0.0111459 0.0333333 0.0274811
0 0.465896 0.773333 0.00891666 0.0233333 0.0273285
0 0.169138 0.775833 0.0231276 0.0283334 0.0270081
2 0.706646 0.771667 0.0211771 0.0116667 0.0268555
0 0.17081 0.770833 0.0247995 0.04 0.0266113
0 0.857115 0.765 0.0111459 0.0433333 0.0261993
0 0.633083 0.774792 0.0200625 0.0337499 0.0261536
33 0.277531 0.64125 0.0178333 0.0233333 0.0257568
0 0.867146 0.771667 0.0200624 0.055 0.0248871
0 0.869375 0.781667 0.0312083 0.04 0.0247498
0 0.329638 0.758333 0.0072448 0.0283333 0.0240936
0 0.876063 0.785208 0.0234062 0.0395833 0.0235138
56 0.0874948 0.781875 0.0210378 0.0329166 0.0224609
0 0.307068 0.766667 0.0117031 0.0183333 0.0215302
1 0.869375 0.781667 0.0312083 0.04 0.0214539
0 0.60299 0.775 0.0100313 0.025 0.0209656
0 0.208148 0.758333 0.00835938 0.03 0.0208893
0 0.853771 0.7575 0.0167188 0.0333333 0.0204926
2 0.418526 0.768125 0.0156042 0.02375 0.0204926
0 0.577354 0.773125 0.0200625 0.03375 0.0203705
24 0.0873555 0.780833 0.0211771 0.0333333 0.0202484
0 0.173736 0.76625 0.0256354 0.0441666 0.0200195
0 0.192544 0.7775 0.0144896 0.0283333 0.0193787
1 0.863802 0.785833 0.0523853 0.035 0.0192719
0 0.435245 0.775 0.0117032 0.0266667 0.0187988
2 0.0232582 0.77 0.0432075 0.0166667 0.0185394
0 0.865474 0.774167 0.0200624 0.0383334 0.0173035
33 0.458372 0.610833 0.00613017 0.0108334 0.0170441
2 0.702187 0.771667 0.0111458 0.01 0.0165253
56 0.202715 0.774167 0.0156042 0.0333333 0.0161591
0 0.417969 0.7725 0.0144896 0.0316666 0.016098
25 0.130093 0.809167 0.0663874 0.0383333 0.016098
33 0.662062 0.83 0.0200625 0.0133333 0.0153046
0 0.525526 0.771875 0.0105885 0.0195833 0.0152512
0 0.446391 0.775 0.0250782 0.0216667 0.0151901
56 0.169138 0.775833 0.0231276 0.0283334 0.0150757
0 0.324901 0.7675 0.0100312 0.0216666 0.0147324
0 0.523297 0.7725 0.0111458 0.0133333 0.0147324
56 0.129988 0.81 0.0652031 0.0366667 0.0147324
0 0.863802 0.783542 0.0512709 0.0395834 0.0147324
0 0.16663 0.7675 0.0189479 0.0333333 0.0145569
33 0.472026 0.495417 0.040125 0.0233333 0.0142288
0 0.473419 0.773333 0.00835938 0.025 0.0141754
0 0.431344 0.771667 0.00947394 0.0366667 0.014061
33 0.523297 0.7725 0.0111458 0.0133333 0.014061
0 0.664292 0.83 0.0156042 0.0133333 0.0137939
2 0.317099 0.764167 0.0100312 0.0183334 0.0137405
33 0.12553 0.769792 0.0278646 0.01375 0.0137405
58 0.970802 0.739583 0.0445833 0.0691667 0.0136871
33 0.463667 0.498333 0.0234063 0.0233334 0.0133286
13 0.146568 0.762083 0.0445833 0.0191667 0.0133286
2 0.554505 0.770833 0.0234063 0.0116667 0.0133286
0 0.219016 0.768542 0.0273073 0.0295834 0.0132217
0 0.12553 0.769792 0.0278646 0.01375 0.012825
0 0.615807 0.773542 0.0167187 0.0329167 0.0127258
0 0.604661 0.771875 0.0189479 0.0295834 0.0123825
8 0.129849 0.809167 0.0652031 0.0366667 0.0123367
33 0.125948 0.769167 0.0348307 0.0166667 0.012291
0 0.529706 0.771667 0.0105886 0.0166667 0.0121918
0 0.318492 0.7675 0.0100312 0.0183334 0.0119629
33 0.453078 0.774167 0.0239635 0.0216666 0.011734
0 0.579583 0.775833 0.0167188 0.0283334 0.0116882
33 0.469797 0.5 0.0356667 0.025 0.0115967
2 0.0613021 0.728333 0.0543359 0.0266667 0.0113297
0 0.887208 0.783333 0.0156041 0.0383334 0.011116
0 0.639771 0.775833 0.0178333 0.03 0.0109863
2 0.417969 0.7725 0.0144896 0.0316666 0.0108185
8 0.0144373 0.770833 0.0274118 0.015 0.0107346
8 0.0232582 0.77 0.0432075 0.0166667 0.0107346
0 0.579583 0.78 0.0178333 0.0216667 0.0106506
0 0.453078 0.774167 0.0239635 0.0216666 0.0106125
33 0.269451 0.642083 0.0339948 0.0266667 0.0102921
0 0.317099 0.764167 0.0100312 0.0183334 0.0102921
56 0.12553 0.769792 0.0278646 0.01375 0.0102463
0 0.920646 0.7675 0.0100313 0.0283333 0.0102463
4 0.686583 0.207083 0.0222917 0.0325 0.0100937
33 0.704417 0.46875 0.0334375 0.0383333 0.0100937
2 0.0877734 0.731667 0.0217344 0.0183334 0.0100098
0 0.473698 0.758333 0.00835934 0.0266667 0.00978088
33 0.86826 0.771667 0.0156042 0.03 0.00959778
2 0.444719 0.733333 0.0122604 0.0141666 0.00955963
0 0.702187 0.771667 0.0111458 0.01 0.00948334
0 0.200625 0.781667 0.0189479 0.02 0.00941467
33 0.162033 0.770833 0.0222917 0.0183334 0.00923157
0 0.129988 0.81 0.0652031 0.0366667 0.00923157
0 0.754016 0.7725 0.00891666 0.0116666 0.00905609
56 0.165794 0.7725 0.0150469 0.0200001 0.00898743
33 0.446391 0.775 0.0250782 0.0216667 0.00894928
0 0.533885 0.76 0.0178333 0.035 0.0088501
33 0.863245 0.770208 0.0546145 0.0762499 0.00861359
13 0.12344 0.770833 0.030651 0.0116667 0.0085144
33 0.465339 0.4925 0.0245208 0.0183334 0.0085144
0 0.872719 0.79 0.0356667 0.0233333 0.00847626
2 0.0778815 0.73 0.0147682 0.0216667 0.00841522
2 0.523297 0.7725 0.0111458 0.0133333 0.00837708
33 0.44862 0.773125 0.0390104 0.0237499 0.00837708
13 0.0877038 0.780833 0.0211771 0.0333333 0.00834656
0 0.891667 0.774792 0.0122604 0.0204166 0.00828552
0 0.871047 0.766667 0.0189479 0.045 0.00815582
0 0.203411 0.75875 0.0105885 0.0391667 0.00806427
0 0.302052 0.760833 0.0128177 0.0166667 0.00806427
13 0.129988 0.81 0.0652031 0.0366667 0.00806427
0 0.920646 0.771667 0.013375 0.035 0.00787354
13 0.200625 0.781667 0.0189479 0.02 0.00784302
14 0.459766 0.4925 0.0139323 0.0125 0.00775528
2 0.577354 0.775208 0.0178333 0.0295834 0.00748825
0 0.60299 0.78 0.00891666 0.0166667 0.00746155
1 0.876063 0.785208 0.0234062 0.0395833 0.00740433
0 0.529427 0.756667 0.0189479 0.0333333 0.00717545
0 0.0412744 0.728333 0.0126087 0.0233333 0.00709534
7 0.0621206 0.728333 0.0549281 0.0275 0.00706482
33 0.128595 0.783542 0.066875 0.0429166 0.00706482
33 0.582927 0.7775 0.0111458 0.025 0.00698471
2 0.302052 0.760833 0.0128177 0.0166667 0.0069313
33 0.579583 0.775833 0.0167188 0.0283334 0.0069046
2 0.306789 0.76375 0.0105885 0.0158333 0.0068512
13 0.192544 0.7775 0.0144896 0.0283333 0.0068512
33 0.569552 0.774167 0.0156042 0.02 0.00671768
1 0.200625 0.781667 0.0189479 0.02 0.00671768
13 0.149215 0.765 0.0470912 0.0216666 0.00664139
2 0.433573 0.775833 0.0122604 0.0316666 0.00664139
0 0.162033 0.770833 0.0222917 0.0183334 0.00661469
33 0.876063 0.785208 0.0234062 0.0395833 0.00661469
2 0.941823 0.77 0.00891666 0.01 0.00658798
0 0.966344 0.7725 0.00891666 0.0116666 0.00658798
2 0.665406 0.770833 0.0200625 0.0133333 0.00643921
33 0.278367 0.645833 0.0167187 0.025 0.00641251
0 0.332424 0.757917 0.0100312 0.0325 0.00638962
33 0.852099 0.76 0.0156042 0.0416667 0.00636292
5 0.062347 0.728333 0.0551719 0.03 0.00636292
0 0.666521 0.770833 0.0178334 0.0133333 0.00629044
33 0.729495 0.7725 0.013375 0.0183333 0.00629044
33 0.699958 0.461667 0.02675 0.055 0.00614548
29 0.129849 0.809167 0.0652031 0.0366667 0.00612259
0 0.449177 0.776667 0.0384531 0.025 0.00609589
33 0.657604 0.83 0.0334375 0.0166667 0.00609589
1 0.192544 0.7775 0.0144896 0.0283333 0.00602722
33 0.706646 0.771667 0.0211771 0.0116667 0.00600433
33 0.665406 0.770833 0.0200625 0.0133333 0.00598145
7 0.44862 0.773125 0.0390104 0.0237499 0.00598145
33 0.139636 0.76625 0.0629043 0.0241666 0.00582123
0 0.295922 0.759167 0.00891666 0.02 0.00579834
2 0.932349 0.762083 0.0356667 0.0225 0.00575256
1 0.865474 0.774167 0.0200624 0.0383334 0.00568771
0 0.795812 0.771458 0.0100312 0.01375 0.00564194
13 0.765719 0.771667 0.0334375 0.0133333 0.00561905
2 0.765719 0.771667 0.0334375 0.0133333 0.00557709
33 0.848198 0.788333 0.0178334 0.03 0.0055542
8 0.061929 0.729167 0.0554505 0.0266667 0.00551224
33 0.920646 0.764583 0.0111458 0.0241667 0.00548935
33 0.129013 0.794167 0.0696615 0.0616666 0.00548935
0 0.467568 0.77 0.013375 0.0283334 0.0053215
33 0.284776 0.574167 0.013375 0.0233334 0.00527954
7 0.0671711 0.729583 0.0375824 0.0283333 0.00526047
33 0.277531 0.646667 0.0189479 0.0316667 0.00519943
33 0.848198 0.769167 0.021177 0.0600001 0.00516129
0 0.161475 0.776667 0.0373385 0.03 0.00508118
37 0.129849 0.809167 0.0652031 0.0366667 0.0050621
33 0.865474 0.774167 0.0200624 0.0383334 0.00503922
33 0.219016 0.768542 0.0273073 0.0295834 0.00503922
33 0.445555 0.60125 0.0167188 0.0291667 0.00498199
33 0.531656 0.695417 0.00613022 0.00833337 0.00494385
0 0.299266 0.754583 0.00557292 0.0241667 0.00494385
33 0.272516 0.635833 0.00891666 0.025 0.0049057
33 0.869375 0.781667 0.0312083 0.04 0.00488663
0 0.280875 0.7625 0.0111458 0.015 0.00482941
56 0.871604 0.778125 0.0312083 0.04375 0.00481033
0 0.724479 0.774167 0.00891666 0.0183334 0.00479126
2 0.280875 0.7625 0.0111458 0.015 0.00477219
1 0.881635 0.79 0.0156042 0.0266667 0.00475693
33 0.2675 0.6325 0.0295365 0.025 0.00471878
0 0.573453 0.7675 0.0178333 0.0233333 0.00471878
2 0.287005 0.7625 0.0222917 0.0183333 0.00469971
33 0.226818 0.770833 0.0128177 0.0183334 0.00468063
2 0.582927 0.7775 0.0111458 0.025 0.00468063
33 0.444719 0.733333 0.0122604 0.0141666 0.00460815
0 0.639771 0.770208 0.0178333 0.02625 0.00457382
13 0.771292 0.766667 0.0646458 0.0233333 0.00455475
13 0.125948 0.769167 0.0348307 0.0166667 0.00453949
33 0.848755 0.778333 0.0824791 0.0583334 0.00453949
2 0.946281 0.771667 0.0200625 0.01 0.00452042
24 0.12957 0.81 0.066875 0.0333333 0.00448608
2 0.569552 0.774167 0.0156042 0.02 0.00446701
56 0.125948 0.769167 0.0348307 0.0166667 0.00445175
2 0.494039 0.745 0.0156042 0.01 0.00439835
0 0.0877038 0.778333 0.0214557 0.04 0.00431442
33 0.418526 0.768125 0.0156042 0.02375 0.0042305
1 0.86826 0.771667 0.0156042 0.03 0.0042305
2 0.0671711 0.729583 0.0375824 0.0283333 0.0042305
37 0.12344 0.770833 0.030651 0.0116667 0.00421524
2 0.754016 0.7725 0.00891666 0.0116666 0.00421524
0 0.664849 0.830833 0.0200625 0.0133333 0.00421524
33 0.435245 0.775 0.0117032 0.0266667 0.00421524
2 0.0412744 0.7275 0.012748 0.0233333 0.00419998
0 0.332146 0.7675 0.00891669 0.0383334 0.00418091
33 0.165794 0.7725 0.0150469 0.0200001 0.00415039
13 0.169138 0.775833 0.0231276 0.0283334 0.00413513
2 0.536951 0.76 0.00947394 0.03 0.0041008
2 0.0877038 0.780833 0.0211771 0.0333333 0.00407028
2 0.934578 0.765 0.0345521 0.0166667 0.00405502
2 0.467568 0.745833 0.0139323 0.01 0.00403976
33 0.579583 0.78 0.0178333 0.0216667 0.00402451
33 0.0874948 0.781667 0.0211771 0.0333333 0.00400543
33 0.644229 0.785 0.00780206 0.0133333 0.00400543
33 0.686583 0.207083 0.0222917 0.0320833 0.796875
33 0.697729 0.468333 0.0222917 0.035 0.741699
33 0.129884 0.808333 0.0662481 0.0366667 0.562012
33 0.610792 0.665417 0.0245208 0.0241667 0.558105
0 0.394005 0.769167 0.0122604 0.0483334 0.49707
0 0.178891 0.766667 0.0153255 0.05 0.321777
0 0.920646 0.763333 0.0111458 0.0233333 0.2854
0 0.369206 0.764167 0.0161614 0.0549999 0.263672
33 0.459766 0.4925 0.0139323 0.0125 0.245117
33 0.444719 0.594167 0.0144896 0.0133333 0.189575
0 0.191151 0.763333 0.0128177 0.0516667 0.177856
0 0.348865 0.766667 0.0122604 0.0583334 0.177856
0 0.34162 0.771458 0.0100312 0.0504167 0.161865
0 0.610792 0.773333 0.00891666 0.0283334 0.156128
0 0.879406 0.758333 0.0111459 0.03 0.155029
0 0.848198 0.7875 0.0178334 0.0300001 0.153564
0 0.852099 0.759583 0.0156042 0.0408334 0.151489
0 0.346914 0.769167 0.0128177 0.0583333 0.144165
33 0.462552 0.494167 0.0200625 0.0166667 0.141235
0 0.879406 0.755 0.0100312 0.0233333 0.131592
0 0.613578 0.774792 0.00891666 0.0304167 0.126953
0 0.344406 0.771458 0.0122604 0.0504167 0.122925
0 0.219016 0.75875 0.0100312 0.0258333 0.119629
0 0.207591 0.762083 0.00808075 0.0291667 0.117188
0 0.190872 0.755833 0.0111458 0.0366667 0.11438
0 0.367534 0.765833 0.0111458 0.0533334 0.105957
0 0.636427 0.775208 0.0156042 0.0295834 0.101562
0 0.379237 0.7725 0.0100312 0.0383333 0.100891
0 0.536951 0.76 0.00947394 0.03 0.100525
0 0.919531 0.7625 0.00668745 0.0216667 0.0979004
0 0.850427 0.770208 0.0178333 0.0629166 0.0970459
0 0.431901 0.78 0.00780211 0.025 0.0939941
0 0.84374 0.760833 0.013375 0.0416666 0.0933228
0 0.20773 0.766667 0.0103099 0.0383334 0.0891113
0 0.634198 0.776667 0.0144896 0.0316667 0.088501
0 0.62974 0.775833 0.0111458 0.03 0.0863037
0 0.844854 0.774167 0.0178333 0.0549999 0.0856934
33 0.460323 0.491667 0.0167188 0.015 0.0856934
0 0.537786 0.766667 0.0111458 0.02 0.0843506
0 0.847083 0.780833 0.0200625 0.045 0.083313
33 0.468404 0.495 0.0328802 0.0183333 0.0720825
2 0.453635 0.774167 0.0222917 0.0216666 0.0713501
33 0.863245 0.781667 0.0546145 0.0466667 0.0705566
0 0.881635 0.791667 0.013375 0.0233333 0.0675659
0 0.846526 0.758333 0.0167188 0.0416666 0.0645142
0 0.884422 0.790833 0.0111458 0.025 0.06427
0 0.219016 0.765 0.0222917 0.0316667 0.064209
2 0.0144025 0.77 0.0271331 0.015 0.0628052
0 0.525526 0.758333 0.0100313 0.035 0.0606384
0 0.225146 0.764167 0.0156042 0.0283333 0.0598755
0 0.582927 0.7775 0.0111458 0.025 0.0560303
0 0.477599 0.764583 0.00891666 0.0358333 0.0546875
0 0.878292 0.77 0.0111459 0.0533333 0.0525208
0 0.338276 0.7675 0.0105886 0.0366667 0.0522461
0 0.130685 0.76375 0.0117031 0.0175 0.052124
0 0.383138 0.771875 0.0072448 0.0429167 0.0518494
0 0.188922 0.763333 0.0111458 0.045 0.0513611
0 0.433294 0.775833 0.0117031 0.0316666 0.0497742
33 0.278089 0.6425 0.0156042 0.0183334 0.0463867
0 0.187529 0.766667 0.0156042 0.0516667 0.0462036
0 0.729495 0.7725 0.013375 0.0166667 0.0453491
0 0.47732 0.769792 0.00835938 0.0304166 0.0438538
0 0.415461 0.778333 0.0100312 0.0316667 0.0437012
0 0.222917 0.7625 0.013375 0.03 0.043457
0 0.524969 0.751667 0.0100313 0.0241666 0.0405273
0 0.226957 0.770833 0.0125391 0.0183334 0.0397034
33 0.277531 0.64125 0.0178333 0.0233333 0.0396423
0 0.202854 0.774167 0.0156042 0.0333333 0.0389709
0 0.365583 0.764167 0.013375 0.0516667 0.0385437
0 0.618594 0.7775 0.0066875 0.025 0.0376892
0 0.373664 0.765 0.0189479 0.0516667 0.0375366
2 0.445276 0.774167 0.0222917 0.0216666 0.0366211
0 0.0778815 0.73 0.0144896 0.0216667 0.0360107
0 0.084151 0.781458 0.0161615 0.0337499 0.035675
0 0.879406 0.784792 0.0156041 0.0370834 0.0345459
0 0.326294 0.76 0.00947394 0.03 0.0344849
0 0.941823 0.77 0.00891666 0.01 0.0337219
0 0.617479 0.775833 0.00891666 0.0283334 0.0335388
1 0.846526 0.788333 0.0211771 0.0333333 0.0330811
2 0.706646 0.771667 0.0211771 0.0116667 0.0323486
0 0.205083 0.7625 0.00891666 0.03 0.0322266
13 0.0612324 0.728333 0.0533607 0.025 0.0321045
0 0.204665 0.775833 0.0108672 0.0266667 0.0309143
0 0.165655 0.7725 0.0150469 0.0200001 0.0304413
0 0.306789 0.76375 0.0105885 0.0158333 0.0303802
33 0.552694 0.770833 0.018112 0.0116667 0.0302124
56 0.192544 0.776667 0.0139323 0.0283334 0.0302124
0 0.644229 0.785 0.0066875 0.0133333 0.0296478
0 0.204247 0.768333 0.0117031 0.0433333 0.0292511
0 0.815875 0.768125 0.00891666 0.0170834 0.0292053
0 0.47732 0.746667 0.00891666 0.015 0.0285492
0 0.465896 0.773333 0.00891666 0.0233333 0.0285492
0 0.868818 0.771667 0.0156041 0.0283334 0.0285492
2 0.448341 0.773333 0.0384531 0.0233333 0.0285492
0 0.818104 0.759167 0.0111459 0.0333333 0.0283356
0 0.867703 0.768125 0.0144897 0.0337499 0.0275879
0 0.575125 0.764167 0.013375 0.0183334 0.0274353
0 0.633083 0.774792 0.0200625 0.0337499 0.0273285
0 0.168441 0.775833 0.0217344 0.0283334 0.0271759
0 0.857115 0.764583 0.0111459 0.0425 0.0270081
0 0.435245 0.775 0.0111458 0.0266667 0.0268097
0 0.169974 0.771875 0.0234063 0.0395833 0.0265503
0 0.338276 0.771667 0.0122604 0.0466667 0.0263519
0 0.867146 0.770833 0.0156042 0.0533333 0.026062
0 0.329638 0.758333 0.0066875 0.0283333 0.0259552
56 0.200904 0.781667 0.0183906 0.02 0.0257568
0 0.0874948 0.781875 0.0208984 0.0329166 0.0257111
56 0.179169 0.7675 0.0167187 0.0483333 0.0253754
56 0.191151 0.765 0.0139323 0.05 0.0252686
2 0.0225355 0.77 0.0415182 0.015 0.0250854
2 0.418526 0.768125 0.0156042 0.02375 0.024704
0 0.868818 0.781667 0.0289792 0.04 0.0236511
0 0.208148 0.758333 0.00835938 0.03 0.0214539
0 0.60299 0.775 0.0100313 0.025 0.0212097
1 0.868818 0.781667 0.0289792 0.04 0.0209656
0 0.853771 0.7575 0.0167188 0.0333333 0.0207672
0 0.577354 0.773125 0.0200625 0.03375 0.0200195
2 0.702187 0.771667 0.0111458 0.01 0.0198669
56 0.0874948 0.781875 0.0207591 0.0329166 0.0196381
0 0.307068 0.766667 0.0117031 0.0183333 0.0195007
0 0.173596 0.766667 0.0250781 0.0433333 0.0189362
33 0.458372 0.610833 0.00613017 0.0108334 0.0189056
0 0.192544 0.776667 0.0139323 0.0283334 0.0186462
0 0.865474 0.783333 0.0479271 0.0383334 0.0183411
33 0.471747 0.495417 0.0395677 0.0225 0.0181885
58 0.970802 0.739167 0.0423542 0.0683334 0.0179138
33 0.611906 0.660833 0.02675 0.0333333 0.0177765
24 0.0873555 0.780833 0.0208984 0.0333333 0.0177155
2 0.553809 0.77 0.0225703 0.0116666 0.0177155
0 0.864917 0.773125 0.0200625 0.0370833 0.0177155
2 0.317099 0.764167 0.0100312 0.0183334 0.0176392
0 0.473419 0.773125 0.00780206 0.0237499 0.0175781
1 0.863802 0.786667 0.0512709 0.0333333 0.0174408
0 0.525526 0.7725 0.0100313 0.0183333 0.0166626
33 0.269451 0.641667 0.0334375 0.0266667 0.0164642
0 0.417969 0.7725 0.0144896 0.0316666 0.0163422
25 0.130093 0.809167 0.0663874 0.0383333 0.0158386
33 0.12351 0.770833 0.0296758 0.0116667 0.0155411
33 0.66262 0.83 0.0200625 0.0133333 0.0154877
0 0.445276 0.774167 0.0222917 0.0216666 0.0154266
33 0.523297 0.7725 0.0111458 0.0133333 0.0153046
13 0.146603 0.762083 0.0439564 0.0191667 0.0150757
33 0.453635 0.774167 0.0222917 0.0216666 0.0144501
0 0.166073 0.7675 0.0183906 0.0316667 0.0141754
0 0.431344 0.771667 0.00947394 0.0366667 0.0141144
33 0.463667 0.498333 0.0234063 0.0233334 0.014061
56 0.168441 0.775833 0.0217344 0.0283334 0.0139542
0 0.324901 0.7675 0.0100312 0.0216666 0.0138474
56 0.202854 0.774167 0.0156042 0.0333333 0.0137939
0 0.615807 0.773542 0.0167187 0.0329167 0.0136337
0 0.664292 0.83 0.0156042 0.0133333 0.0133286
33 0.469797 0.499583 0.0356667 0.0241667 0.0132751
0 0.604104 0.770833 0.0178333 0.0283333 0.0132217
0 0.523297 0.7725 0.0111458 0.0133333 0.0131226
2 0.0613021 0.728333 0.0540573 0.0266667 0.0130234
33 0.126227 0.769167 0.0337161 0.0166667 0.0129242
2 0.417969 0.7725 0.0144896 0.0316666 0.0126724
0 0.125634 0.769792 0.0273769 0.01375 0.0126266
56 0.129849 0.81 0.0652031 0.0366667 0.0123825
0 0.579583 0.775833 0.0167188 0.0283334 0.0122375
2 0.0778815 0.73 0.0144896 0.0216667 0.0115051
2 0.523297 0.7725 0.0111458 0.0133333 0.0115051
33 0.162033 0.771458 0.0222917 0.0170834 0.011467
0 0.318492 0.7675 0.0100312 0.0183334 0.011467
0 0.52887 0.771667 0.0100312 0.0166667 0.011467
0 0.219155 0.768542 0.02675 0.0295834 0.0114212
2 0.44444 0.733333 0.0117031 0.0141666 0.0113754
0 0.920646 0.7675 0.00891666 0.0283333 0.011116
33 0.704417 0.46875 0.0334375 0.0383333 0.0110703
2 0.0876341 0.731667 0.0210378 0.0175 0.0108566
0 0.473698 0.7575 0.00780211 0.025 0.0106506
0 0.640328 0.775833 0.0167187 0.03 0.0104904
0 0.888323 0.783125 0.0156041 0.0370833 0.0104065
0 0.317099 0.764167 0.0100312 0.0183334 0.0102921
33 0.278089 0.645833 0.0167187 0.025 0.0102463
0 0.579583 0.78 0.0178333 0.0216667 0.01017
0 0.453635 0.774167 0.0222917 0.0216666 0.00985718
33 0.445276 0.774167 0.0222917 0.0216666 0.00978088
8 0.129849 0.809167 0.0652031 0.0366667 0.00978088
56 0.125634 0.769792 0.0273769 0.01375 0.00963593
13 0.0877734 0.780833 0.0208984 0.0333333 0.00948334
2 0.306789 0.76375 0.0105885 0.0158333 0.00945282
0 0.754016 0.7725 0.00891666 0.0116666 0.00945282
13 0.12351 0.770833 0.0296758 0.0116667 0.00933838
8 0.0144025 0.77 0.0271331 0.015 0.00930023
33 0.868818 0.771667 0.0156041 0.0283334 0.0091629
2 0.577354 0.775208 0.0178333 0.0295834 0.00908661
0 0.200904 0.781667 0.0183906 0.02 0.00898743
0 0.702187 0.771667 0.0111458 0.01 0.00894928
8 0.0225355 0.77 0.0415182 0.015 0.00891876
14 0.459766 0.4925 0.0139323 0.0125 0.00871277
2 0.941823 0.77 0.00891666 0.01 0.00857544
33 0.277531 0.646667 0.0189479 0.0316667 0.0085144
0 0.203411 0.759167 0.0105885 0.04 0.00844574
2 0.302052 0.760833 0.0128177 0.0166667 0.00841522
0 0.871047 0.765833 0.0189479 0.0449999 0.00831604
2 0.665406 0.770833 0.0200625 0.0133333 0.00831604
4 0.686583 0.207083 0.0222917 0.0320833 0.008255
7 0.0619813 0.728333 0.0546494 0.0266667 0.00821686
1 0.853213 0.788333 0.0334375 0.04 0.00821686
56 0.165655 0.7725 0.0150469 0.0200001 0.00815582
0 0.533607 0.76 0.0178333 0.035 0.00806427
13 0.200904 0.781667 0.0183906 0.02 0.00806427
2 0.451964 0.775833 0.0312083 0.0233333 0.00800323
2 0.433294 0.775833 0.0117031 0.0316666 0.00796509
8 0.0238242 0.766458 0.0452799 0.0170833 0.00793457
0 0.891667 0.774792 0.0122604 0.0204166 0.00793457
33 0.465339 0.492917 0.0245208 0.0175 0.00790405
33 0.447505 0.594583 0.0183907 0.0133333 0.00790405
33 0.284776 0.574167 0.013375 0.0233334 0.00787354
2 0.932349 0.761667 0.0356667 0.0216666 0.00766754
13 0.129849 0.81 0.0652031 0.0366667 0.00760651
33 0.729495 0.7725 0.013375 0.0166667 0.00751877
0 0.872161 0.790833 0.0356667 0.0233334 0.00748825
0 0.302052 0.760833 0.0128177 0.0166667 0.00734711
33 0.267779 0.6325 0.030651 0.0258333 0.00731659
33 0.582927 0.7775 0.0111458 0.025 0.00728989
0 0.920646 0.771667 0.013375 0.035 0.00720596
2 0.765719 0.771875 0.0323229 0.0129166 0.00714874
0 0.52887 0.755833 0.0178333 0.0333333 0.00712204
0 0.0412744 0.728333 0.0123997 0.0233333 0.00709534
33 0.706646 0.771667 0.0211771 0.0116667 0.00709534
33 0.569552 0.774167 0.0156042 0.02 0.00706482
33 0.448341 0.773333 0.0384531 0.0233333 0.00706482
33 0.272516 0.635833 0.00947397 0.025 0.00698471
0 0.162033 0.771458 0.0222917 0.0170834 0.00695801
33 0.128421 0.783125 0.0663874 0.0404167 0.00695801
0 0.60299 0.78 0.00891666 0.0183334 0.00679779
13 0.765719 0.771875 0.0323229 0.0129166 0.00669098
33 0.665406 0.770833 0.0200625 0.0133333 0.00666809
0 0.332424 0.7575 0.0100312 0.0316667 0.00664139
13 0.192544 0.776667 0.0139323 0.0283334 0.00661469
0 0.12971 0.81 0.0663177 0.0366667 0.00653839
0 0.295643 0.759167 0.00835936 0.02 0.00651169
29 0.129849 0.809167 0.0652031 0.0366667 0.00629044
33 0.852099 0.759583 0.0156042 0.0408334 0.00624084
0 0.666521 0.770833 0.0178334 0.0133333 0.00621796
1 0.200904 0.781667 0.0183906 0.02 0.00621796
33 0.699958 0.461667 0.02675 0.0533333 0.00619125
0 0.966344 0.771458 0.00891666 0.0104167 0.00619125
2 0.494318 0.745 0.0150469 0.01 0.00609589
33 0.848198 0.7875 0.0178334 0.0300001 0.00609589
56 0.084151 0.781458 0.0161615 0.0337499 0.00602722
33 0.140194 0.766667 0.0617897 0.0233333 0.00600433
33 0.531656 0.695417 0.00557294 0.00833337 0.00582123
33 0.577354 0.775208 0.0178333 0.0295834 0.00582123
0 0.795812 0.771458 0.0100312 0.01375 0.00582123
2 0.280875 0.762083 0.0111458 0.0141666 0.00579834
2 0.582927 0.7775 0.0111458 0.025 0.00577545
0 0.724479 0.774167 0.00891666 0.0183334 0.00575256
2 0.569552 0.774167 0.0156042 0.02 0.00572968
0 0.449177 0.775833 0.0378958 0.025 0.00572968
1 0.864917 0.773125 0.0200625 0.0370833 0.00566483
2 0.946281 0.771667 0.0200625 0.01 0.00561905
33 0.658161 0.83 0.0323229 0.0166667 0.00561905
2 0.467289 0.745417 0.013375 0.01 0.00559998
7 0.448341 0.773333 0.0384531 0.0233333 0.00557709
2 0.287005 0.7625 0.0211771 0.0183333 0.00551224
5 0.0623992 0.728333 0.0552067 0.03 0.00548935
1 0.879406 0.784792 0.0156041 0.0370834 0.00544739
33 0.226957 0.770833 0.0125391 0.0183334 0.00538635
13 0.771292 0.766667 0.0646458 0.0216667 0.00536346
24 0.084151 0.781458 0.0161615 0.0337499 0.00534439
33 0.44444 0.733333 0.0117031 0.0141666 0.00530243
33 0.920646 0.764583 0.0111458 0.0241667 0.00530243
1 0.192544 0.776667 0.0139323 0.0283334 0.00519943
2 0.536951 0.76 0.00947394 0.03 0.00516129
2 0.935135 0.764167 0.0334375 0.0166667 0.00516129
33 0.129152 0.793333 0.0696615 0.0616667 0.00516129
0 0.16259 0.776667 0.0339948 0.03 0.0050621
0 0.299266 0.754167 0.00557292 0.0233333 0.00503922
33 0.262763 0.642083 0.0479271 0.0308334 0.00502014
0 0.639771 0.770208 0.0178333 0.02625 0.00500107
33 0.165655 0.7725 0.0150469 0.0200001 0.00498199
0 0.46701 0.769167 0.013375 0.0283334 0.00494385
2 0.754016 0.7725 0.00891666 0.0116666 0.00492477
33 0.863245 0.769167 0.0546145 0.075 0.00492477
2 0.0413092 0.7275 0.0125391 0.0233333 0.00484848
33 0.864917 0.773125 0.0200625 0.0370833 0.00482941
1 0.881635 0.79 0.0156042 0.0266667 0.00482941
2 0.0877734 0.780833 0.0208984 0.0333333 0.00479126
33 0.445276 0.60125 0.0167188 0.0291667 0.00477219
0 0.572896 0.7675 0.0178333 0.0216666 0.00473785
0 0.0739805 0.729167 0.0284219 0.025 0.00469971
0 0.280875 0.762083 0.0111458 0.0141666 0.00466537
33 0.879406 0.784792 0.0156041 0.0370834 0.00466537
0 0.599089 0.773333 0.0100312 0.0283334 0.0046463
13 0.126227 0.769167 0.0337161 0.0166667 0.0045929
33 0.0144025 0.77 0.0271331 0.015 0.00457382
33 0.868818 0.781667 0.0289792 0.04 0.00455475
7 0.0739108 0.729583 0.0229883 0.0275 0.00455475
2 0.52887 0.771667 0.0100312 0.0166667 0.00453949
8 0.0618768 0.729167 0.055137 0.0266667 0.00445175
33 0.644229 0.785 0.0066875 0.0133333 0.00441742
2 0.00588639 0.68125 0.008847 0.0175 0.00439835
33 0.891667 0.774792 0.0122604 0.0204166 0.00436401
3 0.846526 0.788333 0.0211771 0.0333333 0.00436401
33 0.0225355 0.77 0.0415182 0.015 0.00434875
56 0.87049 0.778333 0.0289792 0.0433333 0.00429916
0 0.331589 0.766667 0.00780211 0.0383334 0.00428009
33 0.686583 0.207083 0.0222917 0.0316667 0.819824
33 0.697729 0.468333 0.0222917 0.035 0.785156
33 0.129849 0.808333 0.0660391 0.0366667 0.592773
33 0.610792 0.665 0.0245208 0.0233333 0.59082
0 0.394005 0.769167 0.0122604 0.0483334 0.524414
0 0.178751 0.766667 0.0153255 0.05 0.361084
0 0.369206 0.764167 0.0161614 0.0549999 0.294189
33 0.459766 0.4925 0.0139323 0.0125 0.282959
0 0.920646 0.763333 0.0111458 0.0233333 0.265137
0 0.191151 0.763333 0.0128177 0.0516667 0.210083
0 0.348865 0.766667 0.0122604 0.0583334 0.206909
33 0.444719 0.594167 0.0144896 0.0133333 0.199341
0 0.34162 0.770833 0.0100312 0.0516667 0.188965
33 0.44444 0.592083 0.0139323 0.0125 0.183594
0 0.848755 0.7875 0.0178333 0.0300001 0.175537
0 0.346914 0.768125 0.0128177 0.0570833 0.174927
33 0.462831 0.494167 0.0200625 0.0158333 0.166626
0 0.852099 0.76 0.0156042 0.0416667 0.166626
0 0.610792 0.773333 0.00891666 0.0283334 0.165649
0 0.879406 0.75875 0.0111459 0.0308333 0.157104
0 0.879406 0.755 0.0100312 0.0233333 0.149536
0 0.613578 0.774792 0.00891666 0.0304167 0.146118
0 0.852656 0.755 0.013375 0.0316667 0.145142
0 0.190872 0.7575 0.0111458 0.04 0.139404
0 0.344406 0.771458 0.0122604 0.0504167 0.137939
0 0.219155 0.75875 0.0100312 0.0258333 0.135254
0 0.207591 0.7625 0.00835936 0.03 0.133911
0 0.847083 0.781667 0.0200625 0.0433333 0.125122
0 0.379237 0.7725 0.0100312 0.0383333 0.119629
0 0.367255 0.765417 0.0111458 0.0541667 0.119629
0 0.850984 0.770208 0.0167188 0.0629166 0.113159
0 0.636427 0.775208 0.0156042 0.0295834 0.108215
0 0.919531 0.762083 0.00668745 0.0208333 0.106689
0 0.843182 0.760833 0.013375 0.0416666 0.102295
0 0.431901 0.78 0.00780211 0.025 0.0994873
0 0.634198 0.775833 0.013375 0.0316666 0.0970459
0 0.844854 0.773333 0.0178333 0.055 0.0950317
0 0.207452 0.766667 0.0100312 0.0383334 0.0939941
0 0.536951 0.76 0.00947394 0.0283334 0.0933228
0 0.62974 0.775833 0.0111458 0.03 0.0910645
33 0.468404 0.495 0.0323229 0.0175 0.0809326
2 0.453914 0.774792 0.0206198 0.0204166 0.0753174
0 0.537786 0.766667 0.0111458 0.02 0.0751953
0 0.881635 0.791667 0.013375 0.0233333 0.0745239
2 0.0144373 0.77 0.0271331 0.015 0.0739746
0 0.879406 0.785 0.0156041 0.0366667 0.0735474
0 0.845969 0.758333 0.0156042 0.0416666 0.0713501
0 0.219155 0.764167 0.0214557 0.0333333 0.0696411
0 0.225146 0.764167 0.0156042 0.0283333 0.0673218
0 0.525526 0.758333 0.00891671 0.035 0.0658569
0 0.188922 0.763333 0.0111458 0.0466667 0.0656128
0 0.878292 0.769792 0.0111459 0.05375 0.0631104
0 0.884422 0.790833 0.0111458 0.025 0.062439
0 0.382859 0.770833 0.00668752 0.0433334 0.0610962
0 0.582927 0.7775 0.0111458 0.025 0.0592041
0 0.338276 0.766458 0.0105886 0.0370833 0.0555115
0 0.433016 0.775833 0.0111458 0.0316666 0.0551147
0 0.130685 0.763333 0.0114245 0.0166667 0.051178
0 0.222917 0.7625 0.0128177 0.03 0.050415
33 0.278367 0.642917 0.0156042 0.0183333 0.0499573
0 0.477599 0.764167 0.00891666 0.035 0.048584
0 0.415182 0.778542 0.0100313 0.0329166 0.0477905
0 0.203272 0.773333 0.0147682 0.035 0.0459595
0 0.729495 0.7725 0.013375 0.0166667 0.0459595
0 0.434966 0.775833 0.0105886 0.025 0.0447693
0 0.0834544 0.781667 0.0147682 0.0333333 0.0439453
0 0.373943 0.765 0.0189479 0.0516667 0.0435181
0 0.227096 0.770833 0.0122604 0.0183334 0.042572
0 0.204805 0.775 0.0105886 0.0266667 0.0412292
0 0.47732 0.769792 0.00835938 0.0304166 0.0406189
0 0.524969 0.751667 0.0100313 0.0241666 0.0403137
0 0.0777422 0.73 0.0139323 0.0216667 0.0396423
0 0.618594 0.7775 0.0066875 0.025 0.0395508
0 0.205083 0.7625 0.00891666 0.0316666 0.0395508
33 0.863245 0.783125 0.0546145 0.0437499 0.0391846
0 0.326016 0.76 0.0100312 0.03 0.0370483
0 0.365583 0.766667 0.0122604 0.0483334 0.0363464
0 0.617479 0.775 0.00891666 0.0283334 0.035675
0 0.165794 0.7725 0.0147682 0.0200001 0.0346985
2 0.44249 0.774167 0.0167188 0.0216666 0.0344849
0 0.204247 0.768333 0.0117031 0.0433333 0.0339661
0 0.871047 0.7825 0.0334375 0.0366667 0.0327759
2 0.0204718 0.769792 0.036938 0.01375 0.0323486
0 0.326852 0.756667 0.00947397 0.0283334 0.0320435
0 0.168023 0.774792 0.0200625 0.0270833 0.0319214
0 0.329638 0.758333 0.0066875 0.0283333 0.0316772
0 0.857115 0.765 0.0111459 0.0433333 0.0316162
33 0.552694 0.770833 0.018112 0.0116667 0.0316162
0 0.867703 0.768125 0.0144897 0.0337499 0.03125
0 0.941823 0.77 0.00891666 0.01 0.0305023
0 0.644229 0.785 0.0066875 0.0133333 0.0305023
0 0.818104 0.758333 0.0111459 0.035 0.0302124
0 0.867146 0.770833 0.013375 0.0516667 0.0301056
0 0.169417 0.770833 0.0211771 0.0383334 0.0299835
2 0.706646 0.771667 0.0211771 0.0116667 0.0298767
0 0.306789 0.76375 0.0105885 0.0158333 0.0289764
0 0.465896 0.773333 0.00891666 0.0233333 0.0287628
0 0.0792747 0.72875 0.017276 0.025 0.0284882
13 0.0621554 0.728333 0.0548584 0.0266667 0.0283356
0 0.632526 0.774792 0.0189479 0.0337499 0.0282745
0 0.47732 0.746667 0.00891666 0.015 0.0279083
0 0.868818 0.771875 0.0156041 0.0295834 0.0278473
0 0.338276 0.771667 0.0122604 0.0466667 0.0276337
0 0.816432 0.768333 0.00891666 0.0183334 0.0273285
1 0.846526 0.788333 0.0211771 0.0333333 0.0270691
0 0.0874948 0.781667 0.0206198 0.0316667 0.0267029
0 0.575125 0.764167 0.013375 0.0183334 0.0258026
2 0.44862 0.774167 0.0367813 0.0216666 0.0255585
56 0.192266 0.775 0.0139323 0.0316667 0.0253754
2 0.418526 0.7675 0.0156042 0.025 0.025177
0 0.208148 0.75875 0.00835938 0.0308333 0.0243835
0 0.192266 0.775 0.0139323 0.0316667 0.0239563
56 0.201461 0.781667 0.017276 0.0183334 0.0226288
58 0.971359 0.739167 0.0423542 0.0683334 0.0226288
0 0.60299 0.775 0.0100313 0.025 0.0223694
0 0.864917 0.771458 0.0189479 0.0370834 0.0207214
56 0.179169 0.766875 0.0164401 0.0495833 0.0206451
0 0.173318 0.765833 0.0239635 0.0433333 0.0204926
56 0.191151 0.764583 0.0139323 0.0508334 0.0204163
0 0.577354 0.773125 0.0200625 0.03375 0.0203705
33 0.458372 0.610833 0.00613017 0.01 0.0198669
2 0.702187 0.771667 0.0111458 0.01 0.0198669
0 0.473419 0.773333 0.00724483 0.0233333 0.0198669
33 0.471747 0.495417 0.0390104 0.0216667 0.0193481
33 0.123579 0.770833 0.0287005 0.0116667 0.0189056
2 0.317099 0.764167 0.0100312 0.0183334 0.0185394
2 0.553948 0.77 0.0222917 0.0116666 0.0184021
0 0.307068 0.766667 0.0111458 0.0166667 0.0179901
33 0.453914 0.774792 0.0206198 0.0204166 0.0179138
33 0.269729 0.641667 0.0323229 0.025 0.0177155
0 0.44249 0.774167 0.0167188 0.0216666 0.0175171
33 0.12553 0.769167 0.0270286 0.0133333 0.0170441
0 0.41769 0.7725 0.0144896 0.0316666 0.0170441
33 0.523575 0.773333 0.0111458 0.0133333 0.0167236
0 0.525526 0.773333 0.0100313 0.0166667 0.0166626
33 0.663177 0.83 0.0200625 0.0133333 0.0164642
56 0.0874948 0.781667 0.0206198 0.0316667 0.0162811
33 0.611906 0.660417 0.02675 0.0333333 0.0156021
13 0.146568 0.7625 0.0437474 0.0183333 0.0154266
0 0.165934 0.7675 0.018112 0.0316667 0.0153046
33 0.161893 0.771458 0.0222917 0.0170834 0.0151901
0 0.869375 0.778333 0.0245208 0.0433333 0.0151901
33 0.126505 0.768542 0.0326016 0.01625 0.0148392
33 0.463667 0.497917 0.0222917 0.0225 0.0147858
0 0.431344 0.771667 0.00891666 0.0366667 0.0147858
25 0.130093 0.809167 0.0663874 0.0383333 0.0145035
1 0.867703 0.780833 0.0256354 0.04 0.0144501
0 0.615807 0.773333 0.0167187 0.0333333 0.014389
24 0.0873555 0.780833 0.0208984 0.0333333 0.0143356
0 0.604104 0.770833 0.0178333 0.0283333 0.0142822
33 0.469797 0.499583 0.0345521 0.0241667 0.0142288
2 0.523575 0.773333 0.0111458 0.0133333 0.0139542
0 0.324901 0.7675 0.0100312 0.0216666 0.0137405
14 0.459766 0.4925 0.0139323 0.0125 0.0135345
0 0.579583 0.775833 0.0156042 0.0266667 0.0133286
0 0.664292 0.83 0.0156042 0.0133333 0.012825
2 0.0777422 0.73 0.0139323 0.0216667 0.0121918
0 0.920646 0.7675 0.00891666 0.0283333 0.012146
33 0.458372 0.4925 0.0178334 0.0141666 0.0120087
0 0.417969 0.7675 0.0144896 0.0283333 0.0119629
2 0.44444 0.733333 0.0117031 0.0141666 0.0118256
0 0.12553 0.769167 0.0270286 0.0133333 0.0118256
0 0.523575 0.773333 0.0111458 0.0133333 0.0118256
2 0.41769 0.7725 0.0144896 0.0316666 0.011734
13 0.0877734 0.780833 0.0208984 0.0333333 0.0116425
2 0.0795534 0.729167 0.0179727 0.0241666 0.0114212
56 0.168023 0.774792 0.0200625 0.0270833 0.0114212
33 0.278367 0.645833 0.0167187 0.0258333 0.0113754
2 0.0611628 0.728333 0.0535 0.0266667 0.0113754
0 0.473698 0.7575 0.00780211 0.025 0.0112915
0 0.640885 0.775833 0.0156042 0.03 0.0110703
33 0.704417 0.46875 0.0334375 0.0375 0.0110321
0 0.318214 0.768125 0.0100312 0.0170834 0.0109024
56 0.203272 0.773333 0.0147682 0.035 0.0108566
0 0.219294 0.768333 0.025914 0.03 0.0107803
0 0.317099 0.764167 0.0100312 0.0183334 0.0106506
1 0.863802 0.786667 0.0512709 0.03 0.0106125
0 0.528313 0.771667 0.0100312 0.0166667 0.0104904
33 0.44249 0.774167 0.0167188 0.0216666 0.0104523
2 0.306789 0.76375 0.0105885 0.0158333 0.0104065
0 0.754016 0.7725 0.00891666 0.0116666 0.0104065
2 0.941823 0.77 0.00891666 0.01 0.0102463
0 0.201461 0.781667 0.017276 0.0183334 0.0100937
0 0.847083 0.79 0.0200625 0.04 0.0100555
0 0.203551 0.760833 0.0108672 0.045 0.00997162
0 0.453914 0.774792 0.0206198 0.0204166 0.00997162
0 0.887766 0.783333 0.0144896 0.0366667 0.00997162
13 0.123579 0.770833 0.0287005 0.0116667 0.00993347
2 0.0879128 0.731667 0.0193659 0.0166667 0.00989532
33 0.868818 0.771875 0.0156041 0.0295834 0.00981903
2 0.449456 0.771667 0.0390104 0.03 0.00971222
0 0.579583 0.78 0.0178333 0.02 0.00955963
33 0.284776 0.574167 0.013375 0.0233334 0.00941467
0 0.863802 0.786667 0.0512709 0.03 0.00926971
0 0.871047 0.765833 0.0189479 0.0449999 0.00908661
2 0.577354 0.775 0.0178333 0.0283334 0.00881195
13 0.201461 0.781667 0.017276 0.0183334 0.00878143
33 0.729495 0.7725 0.013375 0.0166667 0.00871277
56 0.129849 0.81 0.0652031 0.0366667 0.00857544
2 0.302052 0.760833 0.0122604 0.0166667 0.00847626
0 0.702187 0.771667 0.0111458 0.01 0.00847626
33 0.267221 0.6325 0.0289792 0.025 0.00834656
8 0.0144373 0.77 0.0271331 0.015 0.00834656
33 0.665406 0.770833 0.0200625 0.0133333 0.00831604
56 0.12553 0.769167 0.0270286 0.0133333 0.008255
33 0.848755 0.7875 0.0178333 0.0300001 0.00818634
0 0.295365 0.75875 0.00780208 0.0191667 0.00806427
2 0.433016 0.775833 0.0111458 0.0316666 0.00796509
33 0.582927 0.7775 0.0111458 0.025 0.00796509
2 0.665406 0.770833 0.0200625 0.0133333 0.00796509
33 0.272516 0.635833 0.00947397 0.025 0.00784302
8 0.129884 0.809167 0.0651335 0.0366667 0.00784302
4 0.686583 0.207083 0.0222917 0.0316667 0.0078125
0 0.161893 0.771458 0.0222917 0.0170834 0.00775528
7 0.0621554 0.728333 0.0548584 0.0266667 0.00772476
13 0.12553 0.769167 0.0270286 0.0133333 0.00772476
33 0.569552 0.774167 0.013375 0.0183334 0.00766754
0 0.332703 0.7575 0.0100313 0.0316667 0.00763702
33 0.706646 0.771667 0.0211771 0.0116667 0.00760651
0 0.533607 0.76 0.0178333 0.035 0.00746155
8 0.0204718 0.769792 0.036938 0.01375 0.00746155
33 0.227096 0.770833 0.0122604 0.0183334 0.00743103
0 0.891667 0.775 0.0122604 0.0216667 0.00723267
33 0.464781 0.4925 0.0234062 0.0166667 0.00723267
13 0.129849 0.81 0.0652031 0.0366667 0.00720596
0 0.528591 0.755833 0.017276 0.0333333 0.00706482
2 0.931792 0.761667 0.0356667 0.0216666 0.00703812
56 0.165794 0.7725 0.0147682 0.0200001 0.00701141
0 0.872719 0.791667 0.0356667 0.0233333 0.0069046
0 0.0412396 0.728333 0.0121211 0.0233333 0.0068779
0 0.724479 0.774167 0.00891666 0.0183334 0.0068779
0 0.60299 0.78 0.00891666 0.0166667 0.00679779
33 0.128456 0.7825 0.0663177 0.0383333 0.00677109
13 0.150051 0.764583 0.0451406 0.0208333 0.00674438
0 0.302052 0.760833 0.0122604 0.0166667 0.00674438
13 0.192266 0.775 0.0139323 0.0316667 0.00671768
8 0.0237894 0.766458 0.045071 0.0170833 0.00669098
2 0.280875 0.7625 0.0100313 0.0133333 0.00666809
2 0.765719 0.771875 0.0323229 0.0129166 0.00666809
33 0.165794 0.7725 0.0147682 0.0200001 0.00658798
33 0.531656 0.695417 0.00557294 0.00833337 0.00634003
33 0.140437 0.766667 0.0610234 0.0233333 0.00634003
2 0.454193 0.776875 0.02675 0.0229166 0.00634003
2 0.946281 0.771667 0.0200625 0.01 0.00631332
29 0.129884 0.809167 0.0651335 0.0366667 0.00631332
2 0.569552 0.774167 0.013375 0.0183334 0.00624084
33 0.44862 0.774167 0.0367813 0.0216666 0.00624084
33 0.44444 0.733333 0.0117031 0.0141666 0.00621796
0 0.667635 0.770833 0.0156042 0.0133333 0.00612259
13 0.765719 0.771875 0.0323229 0.0129166 0.00605011
24 0.0834544 0.781667 0.0147682 0.0333333 0.00602722
2 0.0877734 0.780833 0.0208984 0.0333333 0.00600433
0 0.129605 0.809167 0.066248 0.0366667 0.00595856
0 0.449177 0.776458 0.0367812 0.0237499 0.00591278
33 0.577354 0.775 0.0178333 0.0283334 0.00588989
0 0.966344 0.771458 0.00891666 0.0104167 0.00579834
2 0.494596 0.745 0.0144896 0.01 0.00577545
33 0.852099 0.76 0.0156042 0.0416667 0.00577545
0 0.795812 0.770833 0.0100312 0.0133333 0.00572968
0 0.599089 0.773125 0.00891666 0.0270834 0.00572968
2 0.582927 0.7775 0.0111458 0.025 0.00568771
0 0.639771 0.770208 0.0178333 0.02625 0.0055542
2 0.287005 0.762083 0.0211771 0.0175 0.00551224
13 0.771292 0.766667 0.0624167 0.0216667 0.00551224
33 0.699958 0.46125 0.02675 0.0533333 0.00548935
2 0.467289 0.745417 0.013375 0.01 0.00547028
2 0.536951 0.76 0.00947394 0.0283334 0.00547028
33 0.871047 0.7825 0.0334375 0.0366667 0.00547028
56 0.0834544 0.781667 0.0147682 0.0333333 0.00542831
33 0.920646 0.764583 0.0111458 0.0241667 0.00540543
33 0.129152 0.793333 0.0696615 0.0616667 0.00540543
0 0.920646 0.771667 0.0122604 0.035 0.00538635
33 0.0144373 0.77 0.0271331 0.015 0.00521851
56 0.123579 0.770833 0.0287005 0.0116667 0.00521851
0 0.163286 0.776875 0.0320443 0.0295833 0.00521851
0 0.299266 0.754167 0.00557292 0.0233333 0.00518036
1 0.201461 0.781667 0.017276 0.0183334 0.00518036
33 0.644229 0.785 0.0066875 0.0133333 0.00516129
33 0.658719 0.83 0.0312083 0.0166667 0.0050621
33 0.852656 0.755 0.013375 0.0316667 0.00502014
33 0.864917 0.771458 0.0189479 0.0370834 0.00502014
0 0.276974 0.758333 0.0072448 0.0166667 0.00502014
2 0.0413092 0.7275 0.0123301 0.0233333 0.00496292
2 0.528313 0.771667 0.0100312 0.0166667 0.00486755
33 0.0204718 0.769792 0.036938 0.01375 0.00484848
33 0.891667 0.775 0.0122604 0.0216667 0.00484848
0 0.280875 0.7625 0.0100313 0.0133333 0.00481033
33 0.111319 0.806667 0.0287005 0.0333333 0.00479126
33 0.264574 0.640833 0.0426328 0.0283334 0.00471878
0 0.572896 0.7675 0.0178333 0.0216666 0.00471878
7 0.44862 0.774167 0.0367813 0.0216666 0.00471878
0 0.33131 0.766667 0.0072448 0.0383334 0.0046463
2 0.00595605 0.68125 0.00891667 0.0175 0.00462723
2 0.935135 0.765 0.0312083 0.0166667 0.00460815
2 0.754016 0.7725 0.00891666 0.0116666 0.00455475
2 0.0237894 0.766458 0.045071 0.0170833 0.00443268
33 0.0875645 0.781875 0.0208984 0.0329166 0.00443268
0 0.46701 0.769167 0.0122604 0.0266667 0.00436401
33 0.112225 0.770833 0.0266107 0.0116667 0.00432968
13 0.126505 0.768542 0.0326016 0.01625 0.00432968
33 0.686583 0.206875 0.0222917 0.0316667 0.851074
33 0.697729 0.468333 0.0222917 0.035 0.830078
33 0.129814 0.808333 0.0658301 0.0366667 0.640625
33 0.610792 0.665 0.0245208 0.0233333 0.637207
0 0.394005 0.768542 0.0122604 0.0495834 0.541016
0 0.178891 0.766667 0.0156042 0.05 0.393311
33 0.459766 0.4925 0.0144896 0.0125 0.324219
0 0.368927 0.764167 0.0156042 0.0549999 0.313965
0 0.920646 0.763333 0.0111458 0.0233333 0.268066
0 0.191151 0.763333 0.0128177 0.0516667 0.233765
0 0.349422 0.765417 0.013375 0.0591667 0.222046
33 0.44444 0.5925 0.0139323 0.0133333 0.213379
0 0.347193 0.768333 0.013375 0.0583334 0.213379
33 0.463109 0.494167 0.0200625 0.0158333 0.201782
0 0.34162 0.770833 0.0100312 0.0500001 0.195557
0 0.852099 0.759583 0.0156042 0.0408334 0.187744
0 0.848755 0.786667 0.0178333 0.03 0.187134
0 0.879406 0.755 0.0111459 0.0233333 0.177246
0 0.610792 0.773333 0.0100312 0.0283334 0.172729
0 0.852656 0.755 0.013375 0.0316667 0.169922
0 0.613578 0.774167 0.00780206 0.0300001 0.162354
0 0.207452 0.762917 0.00835938 0.0308333 0.14563
0 0.219294 0.758333 0.0100312 0.0266667 0.144165
0 0.344406 0.770833 0.0122604 0.0516667 0.132935
0 0.379516 0.7725 0.0100312 0.0383333 0.131226
0 0.919531 0.762083 0.00668745 0.0208333 0.126587
0 0.367255 0.765 0.0111458 0.055 0.122131
0 0.636427 0.775208 0.0156042 0.0295834 0.119629
0 0.851542 0.770208 0.0156042 0.0629166 0.117981
0 0.842625 0.760833 0.013375 0.0416666 0.11554
0 0.633641 0.775833 0.013375 0.0316666 0.106873
0 0.879406 0.785833 0.013375 0.0333334 0.106506
0 0.431901 0.78 0.00780211 0.025 0.102295
0 0.844297 0.774167 0.0178333 0.0533333 0.0994873
33 0.468682 0.495 0.0323229 0.0175 0.0980835
0 0.207312 0.766875 0.0100312 0.0395834 0.0963745
0 0.848198 0.768125 0.0200625 0.0570833 0.093689
0 0.630297 0.775833 0.0122604 0.03 0.0933228
2 0.0144373 0.769792 0.0267848 0.01375 0.0917358
0 0.537229 0.76 0.00947394 0.0283334 0.0894775
0 0.188922 0.76375 0.0111458 0.0458333 0.0817871
0 0.845969 0.757917 0.0156042 0.0408333 0.0808105
0 0.881635 0.791667 0.013375 0.0233333 0.078064
0 0.219155 0.764167 0.0214557 0.0333333 0.0776367
0 0.434966 0.775833 0.0100312 0.025 0.076416
0 0.225146 0.764167 0.0156042 0.0283333 0.074646
0 0.525526 0.759167 0.00891671 0.0333333 0.072876
2 0.454193 0.774167 0.0200625 0.02 0.0720825
0 0.382859 0.770833 0.00668752 0.0416666 0.0719604
0 0.878292 0.77 0.0111459 0.0533333 0.0700684
0 0.538065 0.766667 0.0111458 0.02 0.069397
0 0.584042 0.7775 0.0111458 0.025 0.0653687
0 0.0828971 0.781875 0.013375 0.0329166 0.0652466
0 0.222917 0.762083 0.0128177 0.0291667 0.0635986
0 0.884422 0.790833 0.0111458 0.025 0.0634766
33 0.278089 0.642917 0.0156042 0.0183333 0.0623169
0 0.433016 0.775208 0.0111458 0.0329166 0.0603027
0 0.338276 0.766667 0.0111458 0.0366667 0.0586548
0 0.846526 0.789167 0.0211771 0.03 0.0575867
0 0.204665 0.775 0.0103099 0.0266667 0.0558167
0 0.203411 0.773542 0.0144896 0.03625 0.0539856
0 0.130685 0.763333 0.0117031 0.0166667 0.0524292
0 0.415182 0.778333 0.0100313 0.0316667 0.0522461
0 0.373943 0.764583 0.0189479 0.0508334 0.0517578
0 0.729495 0.7725 0.013375 0.0183333 0.0486755
0 0.0776029 0.73 0.0136536 0.0216667 0.0477905
0 0.205083 0.762917 0.00891666 0.0308333 0.0477905
0 0.227096 0.770208 0.0125391 0.0195834 0.0473328
0 0.87049 0.781875 0.0289792 0.03625 0.0471497
0 0.477599 0.764167 0.00947394 0.035 0.0424805
0 0.618594 0.776875 0.00780211 0.02625 0.0400085
0 0.329359 0.758333 0.0066875 0.0283333 0.0387573
0 0.47732 0.769792 0.00835938 0.0304166 0.0385437
0 0.524969 0.751667 0.0100313 0.0233333 0.0383911
0 0.326016 0.76 0.0100312 0.0316666 0.0381775
0 0.165794 0.7725 0.0150469 0.0200001 0.0381775
0 0.204247 0.768125 0.0117031 0.04375 0.0378113
0 0.168441 0.771458 0.0195052 0.0370834 0.0370483
0 0.857115 0.764583 0.0111459 0.0425 0.0363464
0 0.867703 0.768333 0.0144897 0.0333333 0.0363464
0 0.365583 0.766667 0.0128177 0.0483334 0.0361633
0 0.32713 0.757083 0.0100312 0.0291667 0.0351562
0 0.617479 0.775 0.00891666 0.0283334 0.0351562
0 0.167745 0.774792 0.0195052 0.0270833 0.0348816
0 0.866031 0.770208 0.0111459 0.0495833 0.0328979
2 0.441932 0.774792 0.0150468 0.0204166 0.0316162
0 0.869375 0.771875 0.0156041 0.0295834 0.031311
0 0.0874948 0.781667 0.0203411 0.0316667 0.0309601
33 0.553391 0.770833 0.0178333 0.0116667 0.0309143
0 0.644229 0.785 0.0066875 0.0133333 0.0305023
1 0.846526 0.788333 0.0211771 0.0333333 0.0297546
13 0.0622077 0.728333 0.0547539 0.0266667 0.0292053
0 0.632526 0.774792 0.0189479 0.0337499 0.0290833
0 0.466174 0.773333 0.00947399 0.0233333 0.0288696
0 0.818104 0.758333 0.0111459 0.035 0.0285492
0 0.307068 0.764167 0.0105886 0.015 0.0284882
0 0.941823 0.77 0.00891666 0.01 0.0280151
0 0.208148 0.759167 0.00835938 0.0316666 0.0278473
0 0.47732 0.746667 0.00891666 0.015 0.0273743
0 0.575125 0.764167 0.013375 0.0166667 0.0261536
58 0.971359 0.73875 0.0423542 0.0691667 0.0257568
0 0.473141 0.773125 0.0066875 0.0204167 0.0255585
0 0.192266 0.775 0.0136536 0.0333333 0.0255127
33 0.269729 0.641667 0.0323229 0.025 0.025177
2 0.449177 0.773125 0.0345521 0.0204167 0.0249939
0 0.864917 0.771667 0.0189479 0.0366667 0.024704
0 0.1729 0.765833 0.0225703 0.0433333 0.0245209
0 0.60299 0.775 0.0100313 0.025 0.0240936
33 0.471469 0.495833 0.0390104 0.0216667 0.0240479
2 0.706646 0.771667 0.0222917 0.0116667 0.0240479
0 0.418247 0.775 0.0111458 0.03 0.0229797
0 0.816432 0.768333 0.00891666 0.0183334 0.0228882
0 0.0795534 0.729167 0.018112 0.0241666 0.0217743
56 0.192266 0.775 0.0136536 0.0333333 0.0217743
0 0.577354 0.773125 0.0200625 0.03375 0.0210419
33 0.123719 0.770833 0.0281432 0.0116667 0.0208893
2 0.418526 0.7675 0.0156042 0.025 0.0208893
33 0.458372 0.610833 0.00613017 0.01 0.0207977
0 0.441932 0.774792 0.0150468 0.0204166 0.0204163
0 0.525247 0.773542 0.00947399 0.01625 0.0202484
56 0.2016 0.781667 0.0169974 0.02 0.0199432
33 0.454193 0.774167 0.0200625 0.02 0.0195007
2 0.553948 0.77 0.0222917 0.0116666 0.0184021
33 0.161893 0.771458 0.0222917 0.0170834 0.0183411
0 0.579583 0.775833 0.0156042 0.0266667 0.0177765
33 0.663177 0.83 0.0200625 0.01 0.0177155
0 0.165794 0.7675 0.0183906 0.0316667 0.0175781
13 0.146846 0.7625 0.0429115 0.0183333 0.0173798
2 0.702187 0.771667 0.0111458 0.01 0.0173798
56 0.179169 0.766875 0.0164401 0.0495833 0.0173035
14 0.459766 0.4925 0.0144896 0.0125 0.0171051
2 0.317099 0.764583 0.0100312 0.0175 0.0168457
0 0.603547 0.770833 0.0189479 0.0283333 0.0165253
33 0.463667 0.497917 0.0228489 0.0225 0.0164642
33 0.469797 0.499583 0.0351094 0.0233333 0.0164642
0 0.615807 0.773333 0.0167187 0.0333333 0.0160217
33 0.127097 0.769167 0.031696 0.015 0.0160217
33 0.523297 0.773333 0.0111458 0.0133333 0.0158997
56 0.191151 0.764583 0.0139323 0.0508334 0.0158386
0 0.431622 0.771667 0.00947394 0.0366667 0.0157776
0 0.577354 0.774167 0.0167188 0.0283333 0.0156708
33 0.664292 0.83 0.0156042 0.0133333 0.0156708
33 0.662062 0.83 0.0245208 0.0133333 0.0154266
13 0.0879128 0.780833 0.0208984 0.0333333 0.0153046
33 0.611906 0.66 0.02675 0.0333333 0.0153046
2 0.523297 0.773333 0.0111458 0.0133333 0.0150757
56 0.0874948 0.781667 0.0203411 0.0316667 0.0150757
1 0.867146 0.781667 0.0245209 0.0383334 0.0150146
33 0.278367 0.645833 0.0167187 0.0258333 0.0146713
0 0.920088 0.7675 0.00891666 0.0283333 0.0146179
0 0.473698 0.757083 0.00780211 0.0225 0.0141144
0 0.417969 0.768333 0.0144896 0.0283334 0.014061
0 0.324901 0.7675 0.0105886 0.0216666 0.0133743
0 0.12553 0.769792 0.0273073 0.01375 0.0128708
25 0.130128 0.808333 0.0663177 0.0366667 0.0128708
33 0.704417 0.468333 0.0334375 0.0383333 0.0126724
0 0.664292 0.83 0.0156042 0.0133333 0.0124283
0 0.219294 0.768333 0.0250781 0.0283334 0.012291
24 0.0873555 0.780833 0.0207591 0.0333333 0.012146
13 0.123719 0.770833 0.0281432 0.0116667 0.012146
33 0.862688 0.784167 0.0535 0.04 0.012146
0 0.640885 0.776875 0.0156042 0.0295833 0.011734
0 0.203551 0.761667 0.0111458 0.0466667 0.0116882
33 0.2675 0.6325 0.0300937 0.0258333 0.0116425
1 0.863802 0.7875 0.0512709 0.0300001 0.0115967
2 0.444719 0.733333 0.0111458 0.0141666 0.0114212
0 0.871604 0.765833 0.0200624 0.0433333 0.0113297
0 0.454193 0.774167 0.0200625 0.02 0.0112457
0 0.754016 0.7725 0.00891666 0.0116666 0.0112457
2 0.0776029 0.73 0.0136536 0.0216667 0.0111618
2 0.0795534 0.729167 0.018112 0.0241666 0.0109863
0 0.317099 0.764583 0.0100312 0.0175 0.0109863
33 0.441932 0.774792 0.0150468 0.0204166 0.0109863
0 0.523297 0.773333 0.0111458 0.0133333 0.0109024
33 0.284776 0.574167 0.013375 0.0233334 0.0108185
0 0.2016 0.781667 0.0169974 0.02 0.0106506
0 0.318214 0.768125 0.0100312 0.0170834 0.0105667
0 0.888323 0.783333 0.0144897 0.0366667 0.0105286
33 0.272516 0.635833 0.0100312 0.025 0.0103683
56 0.167745 0.774792 0.0195052 0.0270833 0.0102463
0 0.295365 0.759167 0.00780208 0.0183333 0.0102081
0 0.528034 0.771875 0.0100312 0.01625 0.00997162
2 0.061006 0.728333 0.0529775 0.0258333 0.00985718
13 0.2016 0.781667 0.0169974 0.02 0.00963593
2 0.307068 0.764167 0.0105886 0.015 0.00952148
0 0.079832 0.729583 0.00947396 0.025 0.00937653
0 0.579583 0.780833 0.0178333 0.02 0.00919342
0 0.161893 0.771458 0.0222917 0.0170834 0.00912476
0 0.723922 0.774792 0.00780206 0.0170834 0.00912476
2 0.0881914 0.732083 0.0183906 0.0166667 0.00898743
0 0.332703 0.7575 0.0100313 0.0316667 0.00878143
0 0.702187 0.771667 0.0111458 0.01 0.00878143
0 0.863802 0.7875 0.0512709 0.0300001 0.00878143
0 0.129814 0.808333 0.0658301 0.0366667 0.00878143
33 0.665406 0.770833 0.0200625 0.0133333 0.0086441
2 0.941823 0.77 0.00891666 0.01 0.0086441
33 0.729495 0.7725 0.013375 0.0183333 0.0085144
2 0.41769 0.773542 0.0144896 0.0329167 0.00841522
56 0.12553 0.769792 0.0273073 0.01375 0.00837708
56 0.203411 0.773542 0.0144896 0.03625 0.00818634
7 0.0622077 0.728333 0.0547539 0.0266667 0.00772476
13 0.765719 0.771875 0.0323229 0.0129166 0.00769424
13 0.129849 0.81 0.0652031 0.0366667 0.00769424
33 0.706646 0.771667 0.0222917 0.0116667 0.00754929
4 0.686583 0.206875 0.0222917 0.0316667 0.00748825
33 0.569552 0.774167 0.013375 0.0183334 0.00746155
33 0.584042 0.7775 0.0111458 0.025 0.00746155
0 0.598531 0.773333 0.00891666 0.0266667 0.00746155
2 0.577354 0.774167 0.0167188 0.0283333 0.00740433
33 0.869375 0.771875 0.0156041 0.0295834 0.00740433
56 0.129849 0.808333 0.0654818 0.0366667 0.00728989
2 0.301495 0.760833 0.0122604 0.0166667 0.00725937
13 0.150887 0.765 0.0437474 0.0216666 0.00723267
2 0.449177 0.771875 0.0390104 0.0295834 0.00723267
13 0.192266 0.775 0.0136536 0.0333333 0.00720596
0 0.533328 0.76 0.0183907 0.035 0.00717545
2 0.433016 0.775208 0.0111458 0.0329166 0.00712204
8 0.129884 0.809167 0.0651335 0.0366667 0.00709534
0 0.0412744 0.728333 0.0119818 0.0233333 0.00706482
0 0.528313 0.755833 0.0167188 0.0333333 0.00706482
33 0.227096 0.770208 0.0125391 0.0195834 0.00698471
33 0.531935 0.695417 0.00613022 0.00833337 0.0069313
33 0.165794 0.7725 0.0150469 0.0200001 0.0069313
33 0.447505 0.594167 0.0178333 0.0116667 0.0069046
33 0.848755 0.786667 0.0178333 0.03 0.0068512
0 0.60299 0.78 0.00891666 0.0166667 0.00682449
24 0.0828971 0.781875 0.013375 0.0329166 0.00682449
0 0.891667 0.775 0.0122604 0.0216667 0.00679779
0 0.301495 0.760833 0.0122604 0.0166667 0.00677109
0 0.640328 0.770208 0.0178333 0.02625 0.00677109
33 0.444719 0.733333 0.0111458 0.0141666 0.00671768
2 0.665406 0.770833 0.0200625 0.0133333 0.00669098
56 0.165794 0.7725 0.0150469 0.0200001 0.00658798
33 0.128491 0.781458 0.0656908 0.0370834 0.00651169
13 0.771292 0.766667 0.0624167 0.0216667 0.0064888
0 0.667635 0.770833 0.0156042 0.0133333 0.0064621
0 0.872162 0.791667 0.0345521 0.0233333 0.0064621
0 0.276974 0.758333 0.0066875 0.015 0.00636292
8 0.0144373 0.769792 0.0267848 0.01375 0.00634003
33 0.0144373 0.769792 0.0267848 0.01375 0.00629044
0 0.448341 0.776458 0.0356667 0.0237499 0.00629044
33 0.140751 0.766667 0.0601178 0.0233333 0.00621796
0 0.663177 0.83 0.0200625 0.01 0.00614548
2 0.569552 0.774167 0.013375 0.0183334 0.00602722
2 0.280875 0.7625 0.0100313 0.0133333 0.00591278
2 0.494875 0.745 0.0144896 0.01 0.00588989
33 0.110622 0.806667 0.0273073 0.0316667 0.00588989
33 0.699958 0.46125 0.02675 0.0525 0.00582123
2 0.0879128 0.780833 0.0208984 0.0333333 0.00579834
33 0.124833 0.786667 0.0596302 0.0333333 0.0055542
33 0.449177 0.773125 0.0345521 0.0204167 0.0055542
0 0.298987 0.754167 0.00613019 0.0233333 0.00548935
0 0.163704 0.776875 0.030651 0.0295833 0.00542831
29 0.129884 0.809167 0.0651335 0.0366667 0.00542831
2 0.455307 0.770833 0.0289792 0.0266667 0.00536346
2 0.931792 0.761667 0.0345521 0.02 0.00536346
33 0.644229 0.785 0.0066875 0.0133333 0.0053215
2 0.537229 0.76 0.00947394 0.0283334 0.00530243
33 0.577354 0.774167 0.0167188 0.0283333 0.00530243
33 0.264156 0.64875 0.0445833 0.0408333 0.00526047
33 0.129152 0.793333 0.0693828 0.06 0.00524139
0 0.280875 0.7625 0.0100313 0.0133333 0.0051384
0 0.33131 0.765833 0.0072448 0.0383333 0.0051384
2 0.0413789 0.7275 0.0122604 0.0233333 0.00500107
2 0.946281 0.771667 0.0200625 0.01 0.00498199
2 0.528034 0.771875 0.0100312 0.01625 0.00496292
1 0.2016 0.781667 0.0169974 0.02 0.00494385
8 0.0238939 0.766667 0.0451406 0.0166667 0.00492477
2 0.584042 0.7775 0.0111458 0.025 0.0049057
56 0.0828971 0.781875 0.013375 0.0329166 0.0049057
33 0.693828 0.469167 0.0278646 0.0358333 0.00488663
33 0.658719 0.83 0.0312083 0.015 0.00488663
2 0.46701 0.745833 0.013375 0.01 0.00486755
2 0.765719 0.771875 0.0323229 0.0129166 0.00484848
2 0.0238939 0.766667 0.0451406 0.0166667 0.00482941
0 0.572896 0.7675 0.0167188 0.0216666 0.00482941
13 0.127097 0.769167 0.031696 0.015 0.00475693
0 0.795812 0.771458 0.0100312 0.01375 0.00471878
2 0.455307 0.776667 0.0239635 0.0216667 0.00468063
0 0.966344 0.7725 0.00891666 0.0116666 0.00462723
33 0.111876 0.770833 0.0256354 0.0116667 0.0045929
2 0.287562 0.762083 0.0200625 0.0175 0.00457382
7 0.449177 0.773125 0.0345521 0.0204167 0.00457382
2 0.00599089 0.681667 0.00898633 0.0166667 0.00441742
0 0.419641 0.765417 0.0178334 0.0275 0.00441742
0 0.406823 0.77 0.0111458 0.0433333 0.00438309
33 0.891667 0.775 0.0122604 0.0216667 0.00432968
33 0.852099 0.759583 0.0156042 0.0408334 0.00426483
33 0.846526 0.789167 0.0211771 0.03 0.00424957
13 0.0795534 0.729167 0.018112 0.0241666 0.00418091
33 0.920646 0.764583 0.0111458 0.0241667 0.0041008
13 0.165794 0.7675 0.0183906 0.0316667 0.00407028
33 0.660948 0.833333 0.0289792 0.0166667 0.00403976
33 0.87049 0.781875 0.0289792 0.03625 0.00403976
33 0.418526 0.7675 0.0156042 0.025 0.00402451
33 0.445555 0.60125 0.0161614 0.0291667 0.00400543
1 0.192266 0.775 0.0136536 0.0333333 0.00400543
3 0.846526 0.788333 0.0211771 0.0333333 0.00397491
2 0.253428 0.764167 0.0147682 0.0133333 0.00395966
33 0.628625 0.828333 0.0066875 0.0116666 0.0039444
33 0.686583 0.206667 0.0222917 0.0316667 0.862305
33 0.697729 0.468333 0.0222917 0.035 0.84375
33 0.129884 0.808333 0.0656907 0.0366667 0.647949
33 0.611349 0.665 0.0245208 0.0233333 0.645996
0 0.394284 0.768542 0.0122604 0.0495834 0.518555
0 0.178891 0.766667 0.0153255 0.05 0.38501
33 0.459766 0.4925 0.0144896 0.0133333 0.341553
0 0.36837 0.763333 0.0144896 0.0533333 0.274414
0 0.920646 0.763333 0.0111458 0.0233333 0.256104
33 0.463109 0.494167 0.0200625 0.0166667 0.219971
33 0.44444 0.5925 0.0139323 0.0133333 0.218628
0 0.19129 0.763333 0.0128177 0.0516667 0.218628
0 0.848755 0.786667 0.0178333 0.03 0.200562
0 0.349143 0.765833 0.0128177 0.0583333 0.188965
0 0.347193 0.768333 0.013375 0.0583334 0.187744
0 0.34162 0.770833 0.0100312 0.0500001 0.179565
0 0.852656 0.75875 0.0156041 0.0391667 0.176147
0 0.879406 0.755 0.0100312 0.0233333 0.172729
0 0.610792 0.773333 0.0100312 0.0283334 0.157715
0 0.852656 0.755 0.013375 0.0316667 0.155029
0 0.613578 0.774167 0.00780206 0.0300001 0.153809
0 0.879406 0.75875 0.0111459 0.0308333 0.148071
0 0.207452 0.7625 0.00835938 0.0316666 0.135254
0 0.219294 0.759167 0.0103099 0.0266667 0.13208
0 0.344128 0.771458 0.0122604 0.0504167 0.124207
0 0.379516 0.7725 0.0100312 0.0383333 0.118774
0 0.636427 0.775208 0.0156042 0.0295834 0.112793
0 0.919531 0.762083 0.00668745 0.0208333 0.11261
0 0.842625 0.760833 0.0111458 0.04 0.112
0 0.879406 0.786667 0.013375 0.03 0.106689
0 0.851542 0.771458 0.0156042 0.0604167 0.104492
33 0.468682 0.495 0.0323229 0.0175 0.10376
2 0.0144896 0.769792 0.0266107 0.01375 0.0977173
0 0.633083 0.775833 0.013375 0.03 0.0975342
0 0.431901 0.78 0.00780211 0.025 0.0950317
0 0.434688 0.775833 0.0100313 0.025 0.0877075
0 0.207173 0.766667 0.0100312 0.04 0.0875854
0 0.843182 0.775 0.0156042 0.0483334 0.0872803
0 0.62974 0.775833 0.0122604 0.03 0.0828247
0 0.881635 0.791667 0.013375 0.0233333 0.0827026
0 0.0824095 0.7825 0.0123997 0.0316666 0.0797729
0 0.188922 0.764167 0.0111458 0.0466667 0.0779419
0 0.845969 0.788333 0.0200624 0.0333333 0.0750122
0 0.537229 0.76 0.00947394 0.0283334 0.0748901
0 0.219294 0.764167 0.0211771 0.0333333 0.0715942
0 0.845969 0.7575 0.0156042 0.04 0.0701904
0 0.225146 0.764167 0.0156042 0.0283333 0.0700684
0 0.848198 0.768333 0.0189479 0.055 0.0692749
0 0.382859 0.770833 0.00668752 0.0416666 0.0690308
2 0.454193 0.774167 0.0189479 0.02 0.0651245
0 0.584042 0.7775 0.0100312 0.025 0.0639648
0 0.884422 0.790833 0.0111458 0.025 0.0623169
33 0.278646 0.642917 0.0156042 0.0183333 0.0618896
0 0.878849 0.769167 0.0111458 0.0516666 0.0607605
0 0.525247 0.75875 0.00891666 0.0325 0.0607605
0 0.222917 0.762083 0.0128177 0.0291667 0.0606384
0 0.433016 0.775833 0.0111458 0.0333334 0.0579224
0 0.538065 0.766875 0.0111458 0.0195834 0.0575867
0 0.204526 0.775 0.0105885 0.0266667 0.057373
0 0.203411 0.773542 0.0144896 0.03625 0.0537109
0 0.338276 0.766667 0.0111458 0.0366667 0.0524292
0 0.130685 0.76375 0.0117031 0.0175 0.0508118
0 0.415182 0.778333 0.00947394 0.0316667 0.0503235
0 0.0776029 0.73 0.013375 0.0216667 0.0479431
0 0.729495 0.7725 0.013375 0.0183333 0.0469055
0 0.86826 0.7825 0.0245209 0.0333334 0.0467224
0 0.227096 0.770208 0.0125391 0.0195834 0.045105
0 0.374221 0.764583 0.0183906 0.0508334 0.0445862
0 0.365583 0.764167 0.013375 0.0516667 0.0445862
0 0.204944 0.763333 0.00891669 0.0316666 0.0439453
0 0.165794 0.7725 0.0150469 0.0200001 0.0381165
0 0.167466 0.774792 0.0189479 0.0270833 0.0358887
0 0.0874251 0.781667 0.0200625 0.0316667 0.0350037
0 0.329359 0.758333 0.0066875 0.0283333 0.0350037
0 0.618594 0.776875 0.00780211 0.02625 0.0349426
0 0.204247 0.768125 0.0117031 0.04375 0.0348206
0 0.857672 0.76375 0.0100313 0.0408333 0.0341797
0 0.86826 0.768542 0.013375 0.0329166 0.0341797
0 0.524969 0.75125 0.0100313 0.0224999 0.03302
0 0.47732 0.77 0.00835938 0.03 0.0327759
0 0.477599 0.764167 0.00947394 0.0333333 0.0326538
0 0.326016 0.76 0.0100312 0.0316666 0.0316772
0 0.617479 0.775 0.00891666 0.0283334 0.0304413
0 0.32713 0.757083 0.0100312 0.0291667 0.0303802
1 0.845969 0.788333 0.0200624 0.0333333 0.0285492
0 0.644786 0.785 0.00780206 0.0133333 0.0278473
33 0.553391 0.770833 0.0178333 0.0116667 0.0278015
0 0.866031 0.769792 0.0111459 0.0470833 0.0274353
0 0.818104 0.758333 0.0111459 0.035 0.0265503
13 0.062347 0.728333 0.0550326 0.0266667 0.0264587
0 0.941823 0.77 0.00891666 0.01 0.0258026
2 0.441375 0.774792 0.013375 0.0204166 0.0255585
0 0.631969 0.774792 0.0178333 0.0337499 0.0253296
0 0.466453 0.773542 0.00891666 0.0229166 0.0252228
33 0.471469 0.495833 0.0384531 0.0216667 0.025177
0 0.208148 0.759167 0.00835938 0.0316666 0.025177
33 0.269729 0.640833 0.0323229 0.025 0.0249939
0 0.307068 0.764167 0.0105886 0.015 0.0249939
0 0.864917 0.771875 0.0178333 0.03625 0.0244293
0 0.473141 0.774167 0.0066875 0.02 0.0241394
0 0.47732 0.746667 0.00891666 0.015 0.0236969
0 0.575125 0.764167 0.013375 0.0166667 0.0236511
0 0.192266 0.775 0.0136536 0.0333333 0.0235596
58 0.971917 0.73875 0.0423541 0.0691667 0.0235138
0 0.418247 0.775208 0.0105886 0.0295834 0.0230255
0 0.60299 0.775 0.0111458 0.025 0.0228424
2 0.450292 0.774167 0.0312083 0.02 0.0215302
0 0.172203 0.76625 0.0211771 0.0425 0.0209656
0 0.441375 0.774792 0.013375 0.0204166 0.0206909
0 0.079623 0.729167 0.0179727 0.0233333 0.0205994
33 0.123858 0.770833 0.0275859 0.0116667 0.0205688
2 0.706646 0.771667 0.0222917 0.0116667 0.0201721
0 0.816432 0.768333 0.00891666 0.0183334 0.0201416
56 0.192266 0.775 0.0136536 0.0333333 0.0195007
33 0.161893 0.771458 0.0222917 0.0170834 0.0189056
0 0.41769 0.773333 0.0144896 0.0333333 0.0189056
0 0.579583 0.776875 0.0144896 0.02625 0.018692
33 0.454193 0.774167 0.0189479 0.02 0.0186157
33 0.458372 0.610833 0.00613017 0.01 0.0185394
14 0.459766 0.4925 0.0144896 0.0133333 0.0184021
0 0.524969 0.774167 0.00891666 0.015 0.0183411
33 0.663177 0.83 0.0189479 0.01 0.0180511
0 0.577354 0.773125 0.0200625 0.03375 0.0179901
33 0.12553 0.769167 0.0273073 0.015 0.0173035
2 0.418526 0.7675 0.0156042 0.025 0.016983
33 0.469797 0.499167 0.0345521 0.0233333 0.016922
0 0.165516 0.768125 0.0183906 0.0304167 0.016922
33 0.664292 0.83 0.0156042 0.0133333 0.0167847
2 0.553948 0.77 0.0222917 0.0116666 0.0167236
33 0.463667 0.497917 0.0234063 0.0225 0.0165253
56 0.20174 0.781667 0.0167188 0.02 0.0164642
33 0.662062 0.83 0.0245208 0.0133333 0.0164032
13 0.146986 0.7625 0.0417969 0.0183333 0.0159607
0 0.60299 0.770833 0.0178333 0.0283333 0.0159607
2 0.702187 0.771667 0.0111458 0.01 0.0158997
56 0.179169 0.766875 0.0161615 0.0495833 0.0156708
13 0.0879128 0.780833 0.0206198 0.0333333 0.0150757
2 0.523297 0.773333 0.0111458 0.0133333 0.0148392
33 0.523297 0.773333 0.0111458 0.0133333 0.0147324
0 0.616365 0.773542 0.0156042 0.0329167 0.0145569
33 0.278367 0.645833 0.0167187 0.025 0.0142288
33 0.704417 0.467917 0.0334375 0.0383334 0.0138474
0 0.431344 0.771667 0.0100313 0.0366667 0.0138474
0 0.577354 0.774167 0.0156042 0.0283333 0.0137405
56 0.0874251 0.781667 0.0200625 0.0316667 0.0137405
33 0.611906 0.66 0.0256354 0.0333333 0.013588
1 0.867146 0.7825 0.0234062 0.0366667 0.0133743
2 0.317099 0.765 0.0100312 0.0183334 0.0133286
0 0.12553 0.769167 0.0273073 0.015 0.0131226
0 0.0799714 0.729583 0.00863802 0.0241666 0.0128708
13 0.123858 0.770833 0.0275859 0.0116667 0.0126724
0 0.920088 0.768125 0.00891666 0.0270833 0.0124283
33 0.277531 0.647083 0.0189479 0.0316667 0.0123367
0 0.473419 0.756667 0.00724483 0.0216667 0.011734
0 0.919531 0.765833 0.013375 0.0216667 0.0116882
33 0.267779 0.6325 0.030651 0.0258333 0.0115967
56 0.19143 0.764583 0.0139323 0.0508334 0.0115509
0 0.664292 0.83 0.0156042 0.0133333 0.0115509
0 0.324901 0.7675 0.0105886 0.0216666 0.0113754
25 0.129988 0.808333 0.0660391 0.0366667 0.0112
0 0.454193 0.774167 0.0189479 0.02 0.0111618
0 0.203551 0.7625 0.0111458 0.0466667 0.0108185
0 0.754016 0.7725 0.00891666 0.0116666 0.0108185
0 0.640885 0.776875 0.0156042 0.0295833 0.0107346
0 0.219573 0.768333 0.0245208 0.0283334 0.0107346
13 0.143503 0.765 0.0434688 0.0183334 0.0104904
0 0.20174 0.781667 0.0167188 0.02 0.0104904
1 0.864359 0.788333 0.0490417 0.0283334 0.0104523
33 0.272516 0.635833 0.0100312 0.025 0.0104065
0 0.888323 0.783333 0.013375 0.0366667 0.01017
33 0.284776 0.574167 0.013375 0.0233334 0.0100937
0 0.871047 0.765 0.0189479 0.0433333 0.00997162
24 0.0873555 0.780833 0.0206198 0.0333333 0.00981903
0 0.295365 0.759167 0.00780208 0.0183333 0.00978088
0 0.161893 0.771458 0.0222917 0.0170834 0.00971222
0 0.523297 0.773333 0.0111458 0.0133333 0.00971222
0 0.317099 0.765 0.0100312 0.0183334 0.00963593
33 0.441375 0.774792 0.013375 0.0204166 0.00955963
2 0.444719 0.733333 0.0111458 0.0133333 0.00937653
2 0.079623 0.729167 0.0179727 0.0233333 0.00933838
1 0.848755 0.786667 0.0178333 0.03 0.00933838
2 0.0776029 0.73 0.013375 0.0216667 0.00912476
0 0.723922 0.774792 0.00780206 0.0170834 0.00912476
13 0.12553 0.769167 0.0273073 0.015 0.00905609
0 0.318492 0.768125 0.00947394 0.0170834 0.00905609
56 0.167466 0.774792 0.0189479 0.0270833 0.00888062
13 0.20174 0.781667 0.0167188 0.02 0.00871277
33 0.729495 0.7725 0.013375 0.0183333 0.00861359
0 0.527755 0.7725 0.0100313 0.015 0.00844574
0 0.129535 0.81 0.0658301 0.0366667 0.00844574
0 0.702187 0.771667 0.0111458 0.01 0.00831604
2 0.941823 0.77 0.00891666 0.01 0.00831604
33 0.665406 0.770833 0.0200625 0.0133333 0.008255
56 0.12553 0.769167 0.0273073 0.015 0.00815582
0 0.579583 0.781667 0.0167188 0.02 0.00812531
0 0.332703 0.7575 0.00947394 0.0316667 0.00796509
2 0.307068 0.764167 0.0105886 0.015 0.00796509
13 0.129849 0.81 0.0652031 0.0366667 0.00787354
4 0.686583 0.206667 0.0222917 0.0316667 0.00784302
2 0.0885397 0.7325 0.0175547 0.0166667 0.00772476
33 0.706646 0.771667 0.0222917 0.0116667 0.00772476
0 0.598531 0.773542 0.00891666 0.02625 0.00754929
0 0.864359 0.788333 0.0490417 0.0283334 0.00751877
13 0.765719 0.771875 0.0323229 0.0129166 0.00748825
2 0.0608841 0.728333 0.0526641 0.0258333 0.00743103
0 0.663177 0.83 0.0189479 0.01 0.00695801
33 0.0144896 0.769792 0.0266107 0.01375 0.0069313
13 0.192266 0.775 0.0136536 0.0333333 0.0069046
33 0.444719 0.733333 0.0111458 0.0133333 0.0068512
33 0.568995 0.774167 0.0122604 0.0183334 0.00671768
56 0.129849 0.808333 0.0654818 0.0366667 0.00669098
33 0.531935 0.695417 0.00613022 0.00833337 0.00666809
33 0.584042 0.7775 0.0100312 0.025 0.00664139
33 0.110065 0.806667 0.0261927 0.0333333 0.00664139
24 0.0824095 0.7825 0.0123997 0.0316666 0.00664139
33 0.848755 0.786667 0.0178333 0.03 0.00658798
0 0.0412396 0.728333 0.0118424 0.0233333 0.00653839
0 0.640328 0.770208 0.0178333 0.02625 0.0064888
33 0.869375 0.770833 0.0144896 0.0283333 0.00636292
7 0.062347 0.728333 0.0550326 0.0266667 0.00634003
2 0.41769 0.773333 0.0144896 0.0333333 0.00634003
33 0.165794 0.7725 0.0150469 0.0200001 0.00631332
0 0.602432 0.78 0.00891666 0.0166667 0.00629044
0 0.276974 0.758333 0.0066875 0.015 0.00626373
0 0.891667 0.775 0.0122604 0.0216667 0.00621796
13 0.151862 0.765 0.0417969 0.0216666 0.00616837
8 0.129884 0.809167 0.0651335 0.0366667 0.00612259
0 0.301495 0.760833 0.0122604 0.0166667 0.00609589
0 0.667635 0.770833 0.0156042 0.0133333 0.00609589
33 0.447784 0.594167 0.017276 0.0116667 0.006073
2 0.301495 0.760833 0.0122604 0.0166667 0.00602722
33 0.128456 0.781667 0.0652031 0.0366667 0.00602722
0 0.528313 0.75625 0.0167188 0.0324999 0.00598145
33 0.227096 0.770208 0.0125391 0.0195834 0.00598145
56 0.165794 0.7725 0.0150469 0.0200001 0.00595856
2 0.577354 0.774167 0.0156042 0.0283333 0.00593567
2 0.433016 0.775833 0.0111458 0.0333334 0.00591278
56 0.203411 0.773542 0.0144896 0.03625 0.00588989
0 0.533328 0.759583 0.0178333 0.0341667 0.005867
0 0.445833 0.776458 0.0300937 0.0237499 0.005867
33 0.862688 0.785833 0.0535 0.0366667 0.00579834
33 0.141134 0.766667 0.0593516 0.0233333 0.00568771
33 0.699958 0.46125 0.02675 0.0525 0.00566483
13 0.771292 0.766667 0.0624167 0.0216667 0.00564194
0 0.872162 0.791667 0.0345521 0.0216667 0.00557709
33 0.644786 0.785 0.00780206 0.0133333 0.00538635
0 0.163844 0.775833 0.0298151 0.0283334 0.00530243
2 0.568995 0.774167 0.0122604 0.0183334 0.00527954
33 0.693828 0.469167 0.0278646 0.0358333 0.00526047
2 0.665406 0.770833 0.0200625 0.0133333 0.00524139
2 0.449177 0.771875 0.0378958 0.0295834 0.00518036
2 0.0879128 0.780833 0.0206198 0.0333333 0.00518036
2 0.280875 0.7625 0.00947394 0.0133333 0.00516129
8 0.0144896 0.769792 0.0266107 0.01375 0.00510025
33 0.124973 0.786667 0.0590729 0.03 0.00510025
0 0.280875 0.7625 0.00947394 0.0133333 0.00494385
33 0.264853 0.649167 0.0431901 0.04 0.00488663
56 0.123858 0.770833 0.0275859 0.0116667 0.00486755
2 0.494875 0.745 0.0144896 0.01 0.00481033
29 0.129884 0.809167 0.0651335 0.0366667 0.00475693
33 0.688812 0.469167 0.0367813 0.0333333 0.00471878
1 0.20174 0.781667 0.0167188 0.02 0.00471878
33 0.129152 0.793542 0.0688255 0.0595834 0.00471878
0 0.331031 0.76625 0.00668752 0.0375 0.00468063
0 0.298987 0.754167 0.00613019 0.0233333 0.00466537
2 0.537229 0.76 0.00947394 0.0283334 0.0045929
2 0.0238591 0.766667 0.045071 0.0166667 0.00457382
2 0.0413789 0.7275 0.0121211 0.0233333 0.00448608
2 0.946281 0.771667 0.0200625 0.01 0.00448608
33 0.577354 0.774167 0.0156042 0.0283333 0.00446701
33 0.450292 0.774167 0.0312083 0.02 0.00445175
0 0.572896 0.7675 0.0156042 0.0216666 0.00441742
2 0.527755 0.7725 0.0100313 0.015 0.00436401
0 0.795812 0.771458 0.0100312 0.01375 0.00432968
2 0.931792 0.761667 0.0334374 0.02 0.00428009
33 0.675995 0.206667 0.0412396 0.0341667 0.00426483
33 0.628625 0.828333 0.0066875 0.0116666 0.00418091
33 0.111598 0.770833 0.0247995 0.0116667 0.00413513
2 0.584042 0.7775 0.0100312 0.025 0.00413513
14 0.463109 0.494167 0.0200625 0.0166667 0.00408554
2 0.456979 0.770833 0.0245208 0.025 0.00408554
13 0.76126 0.766458 0.061302 0.0204167 0.00403976
0 0.419641 0.765833 0.0178334 0.0266667 0.00402451
33 0.660948 0.833333 0.0289792 0.0166667 0.00402451
2 0.46701 0.745833 0.013375 0.01 0.00400543
14 0.686583 0.206667 0.0222917 0.0316667 0.00399017
1 0.079623 0.729167 0.0179727 0.0233333 0.00397491
14 0.697729 0.468333 0.0222917 0.035 0.00395966
2 0.765719 0.771875 0.0323229 0.0129166 0.00390053
0 0.406823 0.769792 0.0111458 0.0437499 0.00388527
56 0.0824095 0.7825 0.0123997 0.0316666 0.00388527
0 0.966344 0.773333 0.00891666 0.01 0.00387001
33 0.891667 0.775 0.0122604 0.0216667 0.00385475
1 0.192266 0.775 0.0136536 0.0333333 0.00380898
7 0.450292 0.774167 0.0312083 0.02 0.00380898
1 0.920646 0.764583 0.0111458 0.0241667 0.00379562
8 0.0238591 0.766667 0.045071 0.0166667 0.00376511
33 0.852656 0.75875 0.0156041 0.0391667 0.00376511
13 0.079623 0.729167 0.0179727 0.0233333 0.00374985
33 0.47732 0.746667 0.00891666 0.015 0.00374985
33 0.686583 0.206667 0.0222917 0.0316667 0.868164
33 0.697729 0.468333 0.0222917 0.035 0.851074
33 0.610792 0.665 0.0245208 0.0233333 0.649414
33 0.12971 0.808333 0.0654818 0.0366667 0.637207
0 0.394284 0.768542 0.0122604 0.0495834 0.495117
0 0.178891 0.766667 0.0156042 0.05 0.37207
33 0.460044 0.4925 0.0144896 0.0133333 0.350342
0 0.920646 0.763333 0.0111458 0.0233333 0.258301
0 0.36837 0.763333 0.0144896 0.0533333 0.248657
33 0.44444 0.5925 0.0144896 0.0133333 0.233765
33 0.463109 0.494167 0.0206198 0.0166667 0.2323
0 0.19129 0.763333 0.0128177 0.0516667 0.200562
0 0.849312 0.786667 0.0178333 0.03 0.197388
0 0.879406 0.755 0.0111459 0.0233333 0.174438
0 0.852656 0.758333 0.0156041 0.0383334 0.171631
0 0.349143 0.765833 0.0128177 0.0583333 0.169434
0 0.341341 0.770833 0.0100312 0.0500001 0.164551
0 0.346914 0.768542 0.0128177 0.05625 0.150757
0 0.610792 0.7725 0.0100312 0.0283334 0.147095
0 0.613578 0.774167 0.00780206 0.0300001 0.13916
0 0.207312 0.7625 0.00835938 0.0316666 0.121277
0 0.219294 0.759167 0.0100312 0.0266667 0.11676
0 0.343849 0.771667 0.0122604 0.05 0.116333
33 0.468682 0.495 0.0328802 0.0175 0.111267
0 0.842068 0.760417 0.0111459 0.0391667 0.108948
0 0.379516 0.7725 0.0100312 0.0383333 0.107056
0 0.636427 0.775 0.0156042 0.03 0.105225
0 0.919531 0.762083 0.00668745 0.0208333 0.10376
0 0.879406 0.786667 0.013375 0.03 0.100342
2 0.0144896 0.769792 0.0264714 0.01375 0.0953369
0 0.851542 0.771667 0.0156042 0.06 0.0943604
0 0.633083 0.775833 0.013375 0.03 0.0855713
0 0.881635 0.791667 0.013375 0.0233333 0.0843506
0 0.431901 0.78 0.00780211 0.025 0.0840454
0 0.0822005 0.7825 0.0122604 0.0316666 0.083313
0 0.434688 0.775833 0.0100313 0.025 0.0812378
0 0.207034 0.766667 0.0100312 0.04 0.0784912
0 0.842625 0.775 0.0144896 0.045 0.0778198
0 0.62974 0.775833 0.0122604 0.03 0.0742188
0 0.845969 0.7875 0.0200624 0.0333333 0.0730591
33 0.277531 0.641667 0.0178333 0.0233333 0.0720825
0 0.845969 0.7575 0.0156042 0.0383334 0.0680542
0 0.537229 0.759583 0.00947394 0.0291667 0.06427
0 0.188643 0.764167 0.0111458 0.0466667 0.0615234
0 0.382581 0.770833 0.0072448 0.0416666 0.0609741
0 0.584042 0.7775 0.0100312 0.025 0.0605164
0 0.225146 0.764167 0.0156042 0.0283333 0.0604248
2 0.454193 0.774167 0.0189479 0.02 0.0598755
0 0.884422 0.790833 0.0111458 0.025 0.0596619
0 0.219294 0.764167 0.0206198 0.0333333 0.0577087
0 0.878849 0.768125 0.0111458 0.0504167 0.0565491
0 0.433016 0.775833 0.0111458 0.0333334 0.0526123
0 0.848198 0.7675 0.0189479 0.0533333 0.0513611
0 0.415182 0.778333 0.00947394 0.0316667 0.0510864
0 0.538344 0.766875 0.0111458 0.0195834 0.0501404
0 0.203411 0.7725 0.0147682 0.0366667 0.0498657
0 0.524969 0.75875 0.00891666 0.0325 0.0496826
0 0.204526 0.775 0.0105885 0.0266667 0.049408
0 0.222777 0.7625 0.0125391 0.0283334 0.0491333
0 0.0776029 0.73 0.0136536 0.0216667 0.048584
0 0.338276 0.766667 0.0111458 0.0366667 0.0472412
0 0.728938 0.7725 0.013375 0.0183333 0.0469971
0 0.130685 0.763333 0.0117031 0.0183333 0.046814
0 0.867146 0.781458 0.0200624 0.0337499 0.043457
0 0.365583 0.764167 0.013375 0.0516667 0.0386047
0 0.227096 0.770208 0.0125391 0.0195834 0.0385437
0 0.0873555 0.781667 0.0200625 0.0316667 0.0379639
0 0.374221 0.764583 0.0183906 0.0508334 0.037384
0 0.204944 0.763333 0.0091953 0.0316666 0.0346985
0 0.165655 0.7725 0.0150469 0.0200001 0.0342407
0 0.167466 0.774792 0.0189479 0.0270833 0.0335388
0 0.857672 0.76375 0.0100313 0.0408333 0.03302
0 0.86826 0.768542 0.013375 0.0329166 0.0328369
33 0.269451 0.64125 0.0328802 0.0258333 0.0313721
0 0.204247 0.768125 0.0117031 0.04375 0.0311432
0 0.618594 0.776875 0.00780211 0.02625 0.0311432
0 0.524969 0.75125 0.0100313 0.0224999 0.0307922
0 0.818104 0.758333 0.0111459 0.035 0.0291443
0 0.47732 0.77 0.00835938 0.03 0.0282135
0 0.329638 0.758333 0.0066875 0.0283333 0.0282135
0 0.617479 0.775 0.00891666 0.0283334 0.0273285
1 0.845969 0.7875 0.0200624 0.0333333 0.0271759
0 0.477599 0.764167 0.00947394 0.0333333 0.0271149
0 0.326016 0.76 0.0100312 0.0316666 0.0267639
0 0.326852 0.756667 0.00947397 0.0283334 0.026413
0 0.644786 0.785 0.00780206 0.0133333 0.0263062
33 0.553391 0.770833 0.0178333 0.0116667 0.0261536
0 0.854328 0.756667 0.0156041 0.0316666 0.0261078
13 0.0622948 0.728333 0.0548584 0.0266667 0.025177
0 0.941823 0.77 0.00891666 0.01 0.0245209
0 0.864917 0.771875 0.0178333 0.03625 0.0239563
33 0.123788 0.770833 0.027168 0.0116667 0.0238647
0 0.631969 0.774792 0.0178333 0.0337499 0.0225372
0 0.865474 0.769167 0.0100313 0.0466667 0.0222931
0 0.47732 0.747083 0.00891666 0.015 0.0222015
0 0.466174 0.773333 0.00947399 0.0233333 0.0219116
2 0.440818 0.774167 0.0122604 0.0216666 0.0216217
0 0.602432 0.775 0.0100313 0.025 0.0216217
0 0.192266 0.775 0.0136536 0.0333333 0.0212097
58 0.971359 0.739167 0.0412395 0.0683334 0.0212097
0 0.473141 0.774167 0.0066875 0.02 0.0212097
0 0.575125 0.764167 0.013375 0.0166667 0.0209656
0 0.417969 0.775833 0.0111458 0.03 0.0204163
0 0.0796927 0.729167 0.018112 0.0241666 0.0203705
33 0.161893 0.771458 0.0225703 0.0170834 0.02034
0 0.307068 0.764167 0.0105886 0.015 0.0200958
0 0.815875 0.768333 0.00891666 0.0183334 0.0197906
2 0.706646 0.771667 0.0222917 0.0116667 0.0193481
0 0.440818 0.774167 0.0122604 0.0216666 0.0191193
0 0.080041 0.729583 0.00863802 0.0241666 0.0188293
0 0.417411 0.773333 0.0144896 0.0333333 0.0184784
33 0.458372 0.610833 0.00613017 0.01 0.0184021
14 0.460044 0.4925 0.0144896 0.0133333 0.0183411
33 0.469797 0.499167 0.0345521 0.0233333 0.0183411
33 0.125669 0.769167 0.0270286 0.015 0.0183411
33 0.454193 0.774167 0.0189479 0.02 0.0182648
56 0.192266 0.775 0.0136536 0.0333333 0.0180511
2 0.553391 0.770833 0.0178333 0.0116667 0.0175781
33 0.664292 0.83 0.0156042 0.0133333 0.0175171
33 0.463667 0.4975 0.0228489 0.0233333 0.0173798
33 0.662062 0.83 0.0245208 0.0133333 0.0172424
0 0.579583 0.776875 0.0144896 0.02625 0.0171814
33 0.663177 0.83 0.0189479 0.01 0.016983
2 0.450849 0.774167 0.0289792 0.02 0.0167847
33 0.278367 0.645833 0.0167187 0.0258333 0.0165253
2 0.523297 0.773333 0.0117032 0.0133333 0.0161591
2 0.702187 0.771667 0.0111458 0.01 0.0160217
33 0.704417 0.468333 0.0334375 0.0383333 0.0156708
0 0.577354 0.773125 0.0200625 0.03375 0.0154266
0 0.524969 0.774167 0.00891666 0.015 0.0152512
0 0.60299 0.771875 0.0189479 0.0295834 0.0151901
0 0.172064 0.76625 0.0211771 0.0425 0.0151901
33 0.523297 0.773333 0.0117032 0.0133333 0.0151291
2 0.418526 0.7675 0.0156042 0.025 0.0150146
56 0.179169 0.7675 0.0161615 0.0483333 0.0146713
33 0.284776 0.57375 0.013375 0.0233333 0.0145569
0 0.165237 0.768125 0.0183906 0.0304167 0.014061
33 0.268127 0.632917 0.0321836 0.0266667 0.0136337
13 0.147125 0.7625 0.0412396 0.0183333 0.0133743
0 0.616365 0.773542 0.0156042 0.0329167 0.0131226
56 0.201879 0.781667 0.0167187 0.02 0.0128708
13 0.0879128 0.780833 0.0206198 0.0333333 0.0125732
1 0.866589 0.783542 0.0222917 0.03625 0.0125275
2 0.317099 0.765 0.0100312 0.0183334 0.0124283
56 0.0873555 0.781667 0.0200625 0.0316667 0.0124283
0 0.431344 0.771667 0.00947394 0.0366667 0.0122375
33 0.273073 0.635833 0.0111458 0.025 0.0120544
0 0.125669 0.769167 0.0270286 0.015 0.0120544
0 0.577354 0.774167 0.0156042 0.0283333 0.0120087
13 0.123788 0.770833 0.027168 0.0116667 0.0115509
33 0.611906 0.66 0.0256354 0.0333333 0.0112457
0 0.664292 0.83 0.0156042 0.0133333 0.0108566
0 0.754016 0.7725 0.00891666 0.0116666 0.0108185
0 0.920646 0.7675 0.00891666 0.0283333 0.0108185
0 0.888323 0.7825 0.013375 0.0366667 0.0104065
1 0.864917 0.788333 0.0468125 0.0266667 0.00997162
0 0.324901 0.7675 0.0105886 0.0216666 0.00993347
0 0.454193 0.774167 0.0189479 0.02 0.00993347
0 0.640885 0.776875 0.0156042 0.0295833 0.00993347
0 0.201879 0.781667 0.0167187 0.02 0.00963593
2 0.444719 0.733333 0.0111458 0.0133333 0.00959778
0 0.871047 0.765 0.0189479 0.0416667 0.00955963
25 0.129849 0.808333 0.0657604 0.0366667 0.00955963
2 0.0796927 0.729167 0.018112 0.0241666 0.00952148
0 0.203411 0.7625 0.0111458 0.0466667 0.00952148
0 0.161893 0.771458 0.0225703 0.0170834 0.00941467
2 0.0776029 0.73 0.0136536 0.0216667 0.00912476
1 0.849312 0.786667 0.0178333 0.03 0.00912476
56 0.19143 0.765 0.0139323 0.0516667 0.00905609
0 0.473419 0.756667 0.00780206 0.0216667 0.00894928
0 0.723922 0.774792 0.00780206 0.0170834 0.00891876
0 0.523297 0.773333 0.0117032 0.0133333 0.00878143
2 0.941823 0.77 0.00891666 0.01 0.00878143
24 0.0873555 0.780833 0.0206198 0.0333333 0.00874329
33 0.440818 0.774167 0.0122604 0.0216666 0.00861359
33 0.728938 0.7725 0.013375 0.0183333 0.00857544
33 0.665406 0.770833 0.0200625 0.0133333 0.00847626
0 0.295365 0.759167 0.00780208 0.0183333 0.00844574
0 0.219573 0.768333 0.0245208 0.0283334 0.00828552
2 0.307068 0.764167 0.0105886 0.015 0.00821686
0 0.317099 0.765 0.0100312 0.0183334 0.00806427
33 0.109717 0.806667 0.0254961 0.0333333 0.00790405
13 0.141691 0.765 0.040125 0.0183334 0.00787354
33 0.0144896 0.769792 0.0264714 0.01375 0.00787354
56 0.167466 0.774792 0.0189479 0.0270833 0.00787354
13 0.125669 0.769167 0.0270286 0.015 0.00784302
33 0.706646 0.771667 0.0222917 0.0116667 0.00784302
0 0.702187 0.771667 0.0111458 0.01 0.0078125
1 0.86826 0.778542 0.0222917 0.0429167 0.0077858
0 0.318214 0.768125 0.0100312 0.0170834 0.00763702
0 0.527755 0.7725 0.0100313 0.015 0.00743103
0 0.579583 0.781667 0.0178333 0.02 0.00737381
56 0.125669 0.769167 0.0270286 0.015 0.00723267
4 0.686583 0.206667 0.0222917 0.0316667 0.00709534
33 0.444719 0.733333 0.0111458 0.0133333 0.00706482
0 0.598531 0.773542 0.00891666 0.02625 0.00698471
0 0.332703 0.757083 0.0100313 0.0308333 0.0069313
2 0.0883307 0.7325 0.0175547 0.0166667 0.0068512
13 0.129849 0.81 0.0652031 0.0366667 0.00682449
0 0.663177 0.83 0.0189479 0.01 0.00677109
13 0.201879 0.781667 0.0167187 0.02 0.00671768
0 0.864917 0.788333 0.0468125 0.0266667 0.00669098
0 0.12957 0.81 0.0657604 0.0366667 0.00661469
2 0.0607448 0.728333 0.0523854 0.025 0.00656509
13 0.765719 0.771875 0.0323229 0.0129166 0.00653839
0 0.0411699 0.72875 0.0117031 0.0233333 0.00643921
33 0.128142 0.781667 0.0647155 0.035 0.00641251
33 0.584042 0.7775 0.0100312 0.025 0.00638962
33 0.531935 0.695417 0.00613022 0.00833337 0.00634003
33 0.568438 0.774167 0.0111459 0.0183334 0.00626373
33 0.264435 0.649167 0.0434688 0.04 0.00621796
24 0.0822005 0.7825 0.0122604 0.0316666 0.00616837
33 0.688812 0.469583 0.0367813 0.0333333 0.00612259
0 0.891667 0.775208 0.0122604 0.0229167 0.00612259
13 0.192266 0.775 0.0136536 0.0333333 0.00612259
0 0.640328 0.770208 0.0178333 0.02625 0.00600433
33 0.165655 0.7725 0.0150469 0.0200001 0.00595856
33 0.693828 0.469167 0.0278646 0.0358333 0.00593567
33 0.849312 0.786667 0.0178333 0.03 0.00591278
2 0.301495 0.760833 0.0122604 0.0166667 0.00582123
33 0.869375 0.770833 0.0144896 0.0283333 0.00577545
2 0.417411 0.773333 0.0144896 0.0333333 0.00568771
56 0.129849 0.81 0.0652031 0.0366667 0.00566483
0 0.527755 0.75625 0.0156042 0.0324999 0.00561905
33 0.699958 0.461667 0.02675 0.0516667 0.00559998
0 0.667635 0.770833 0.0156042 0.0133333 0.0055542
33 0.124694 0.788333 0.0585156 0.03 0.0055542
0 0.602432 0.78 0.00891666 0.0183334 0.00553513
7 0.0622948 0.728333 0.0548584 0.0266667 0.00551224
2 0.577354 0.774167 0.0156042 0.0283333 0.00548935
56 0.165655 0.7725 0.0150469 0.0200001 0.00547028
33 0.447784 0.594167 0.017276 0.0116667 0.00544739
33 0.644786 0.785 0.00780206 0.0133333 0.00534439
33 0.227096 0.770208 0.0125391 0.0195834 0.00530243
2 0.280875 0.7625 0.00947394 0.015 0.00527954
33 0.141273 0.766875 0.0587943 0.0229166 0.00527954
0 0.444161 0.776458 0.0261927 0.0237499 0.00524139
2 0.665406 0.770833 0.0200625 0.0133333 0.00516129
0 0.872162 0.791667 0.0345521 0.0216667 0.00516129
0 0.276974 0.758333 0.0066875 0.015 0.00516129
0 0.532771 0.76 0.0189479 0.035 0.00511932
1 0.201879 0.781667 0.0167187 0.02 0.00511932
2 0.433016 0.775833 0.0111458 0.0333334 0.00510025
2 0.568438 0.774167 0.0111459 0.0183334 0.00510025
0 0.301495 0.760833 0.0122604 0.0166667 0.00508118
13 0.153255 0.765 0.0390104 0.0216666 0.00500107
2 0.0879128 0.780833 0.0206198 0.0333333 0.00496292
13 0.771292 0.766667 0.0624167 0.0216667 0.00492477
8 0.129884 0.808333 0.0651335 0.0366667 0.00486755
0 0.163844 0.775833 0.0295365 0.0283334 0.00484848
33 0.675995 0.206667 0.0412396 0.0341667 0.00481033
2 0.537229 0.759583 0.00947394 0.0291667 0.00477219
33 0.111249 0.770833 0.0241029 0.0116667 0.00475693
2 0.449177 0.775833 0.0356667 0.0233333 0.00475693
14 0.686583 0.206667 0.0222917 0.0316667 0.0046463
2 0.0413789 0.7275 0.0121211 0.0233333 0.0045929
8 0.0144896 0.769792 0.0264714 0.01375 0.00457382
33 0.628625 0.828333 0.0066875 0.0116666 0.00452042
0 0.795812 0.771458 0.0100312 0.01375 0.00445175
29 0.129884 0.808333 0.0651335 0.0366667 0.00445175
1 0.920646 0.764583 0.0111458 0.0241667 0.00443268
0 0.280875 0.7625 0.00947394 0.015 0.00441742
2 0.449456 0.771875 0.0378958 0.0295834 0.00439835
56 0.203411 0.7725 0.0147682 0.0366667 0.00439835
33 0.128874 0.793333 0.0691042 0.06 0.00439835
1 0.0796927 0.729167 0.018112 0.0241666 0.00438309
0 0.298987 0.754167 0.00613019 0.0233333 0.00429916
56 0.123788 0.770833 0.027168 0.0116667 0.00426483
2 0.494875 0.745 0.0144896 0.01 0.00424957
2 0.0238242 0.766667 0.044862 0.0166667 0.00419998
1 0.192266 0.775 0.0136536 0.0333333 0.00418091
0 0.33131 0.766667 0.0072448 0.0366667 0.00418091
2 0.527755 0.7725 0.0100313 0.015 0.00416565
2 0.946281 0.771667 0.0200625 0.01 0.00416565
33 0.450849 0.774167 0.0289792 0.02 0.00415039
33 0.577354 0.774167 0.0156042 0.0283333 0.00413513
14 0.697729 0.468333 0.0222917 0.035 0.00408554
33 0.290349 0.770208 0.013375 0.0129167 0.00408554
33 0.242422 0.654583 0.0183906 0.0216666 0.00407028
33 0.847083 0.789167 0.0200625 0.03 0.00402451
33 0.0375475 0.765 0.0199232 0.0116667 0.00399017
0 0.966344 0.7725 0.0100312 0.0116666 0.00397491
0 0.572896 0.7675 0.0156042 0.0216666 0.00395966
33 0.862688 0.786667 0.0535 0.0333333 0.00395966
33 0.445276 0.60125 0.0167188 0.0291667 0.0039444
33 0.891667 0.775208 0.0122604 0.0229167 0.0039444
2 0.584042 0.7775 0.0100312 0.025 0.00392914
33 0.660948 0.833333 0.0278646 0.0166667 0.00388527
14 0.463109 0.494167 0.0206198 0.0166667 0.00387001
2 0.931792 0.761667 0.0334374 0.02 0.00383949
0 0.419641 0.765833 0.0178334 0.0266667 0.00380898
2 0.46701 0.745833 0.013375 0.01 0.00379562
33 0.702187 0.771667 0.0111458 0.01 0.00376511
1 0.881635 0.79 0.0144896 0.0266667 0.00376511
33 0.47732 0.747083 0.00891666 0.015 0.00374985
0 0.777979 0.771667 0.00891666 0.0116667 0.0037365
13 0.0796927 0.729167 0.018112 0.0241666 0.00372124
33 0.259698 0.653333 0.0507135 0.0316667 0.00369263
2 0.00595605 0.681667 0.00891667 0.0166667 0.00369263
2 0.457536 0.770833 0.0222917 0.025 0.00366402
33 0.686583 0.206667 0.0222917 0.0320833 0.873047
33 0.697729 0.468333 0.0222917 0.035 0.85791
33 0.610792 0.665 0.0245208 0.0233333 0.65332
33 0.12957 0.808333 0.0654818 0.0366667 0.629883
0 0.394284 0.768542 0.0122604 0.0495834 0.496094
0 0.178891 0.766667 0.0156042 0.05 0.381104
33 0.460044 0.4925 0.0144896 0.0133333 0.357666
0 0.920646 0.763333 0.0111458 0.0233333 0.280518
0 0.36837 0.764167 0.0144896 0.0533333 0.24585
33 0.463109 0.494167 0.0206198 0.0166667 0.243652
33 0.44444 0.5925 0.0144896 0.0133333 0.235107
0 0.19143 0.76375 0.0128177 0.0525 0.210083
0 0.879406 0.755 0.0111459 0.025 0.199951
0 0.852656 0.75875 0.0156041 0.0391667 0.185303
0 0.848755 0.786667 0.0178333 0.03 0.174438
0 0.349143 0.765833 0.0128177 0.0583333 0.171631
0 0.341341 0.770833 0.0100312 0.0500001 0.165039
0 0.610792 0.773542 0.0100312 0.0295833 0.151978
0 0.613021 0.774167 0.00891666 0.0300001 0.138428
0 0.347193 0.768333 0.0139323 0.0566666 0.136597
33 0.468682 0.495 0.0328802 0.0183333 0.122498
0 0.207312 0.763333 0.00863802 0.0316666 0.121277
0 0.219294 0.759167 0.0105886 0.0266667 0.118408
0 0.343849 0.771667 0.0122604 0.05 0.117188
0 0.636427 0.775 0.0156042 0.03 0.116333
0 0.842068 0.760833 0.0111459 0.04 0.112427
0 0.379516 0.7725 0.0100312 0.0383333 0.107788
0 0.919531 0.762083 0.00668745 0.0208333 0.107422
0 0.879406 0.786667 0.013375 0.0333333 0.101257
0 0.851542 0.770833 0.0156042 0.0616666 0.0917358
2 0.0144373 0.769792 0.0265758 0.01375 0.0910645
0 0.633083 0.775833 0.013375 0.0316666 0.085083
0 0.431901 0.779167 0.00780211 0.0266667 0.0843506
0 0.844854 0.7575 0.0156041 0.0383334 0.0797729
0 0.207034 0.766667 0.0100312 0.04 0.0796509
0 0.434688 0.775833 0.0100313 0.025 0.0787964
0 0.881635 0.791667 0.013375 0.0233333 0.078064
0 0.842625 0.773125 0.0144896 0.0470833 0.0779419
0 0.0823398 0.781875 0.0125391 0.0329166 0.0779419
0 0.62974 0.775833 0.0122604 0.03 0.0778198
33 0.277531 0.641667 0.0178333 0.0233333 0.0775146
0 0.537229 0.759583 0.00947394 0.0291667 0.0703125
0 0.584042 0.7775 0.0111458 0.025 0.0673218
0 0.878292 0.768125 0.0111459 0.0504167 0.0664673
0 0.845969 0.788333 0.0200624 0.0333333 0.0657349
0 0.225146 0.764167 0.0156042 0.03 0.062561
0 0.219294 0.76375 0.0206198 0.0341666 0.0595398
0 0.188086 0.76625 0.013375 0.0508333 0.0594177
2 0.454193 0.775 0.0200625 0.02 0.058136
0 0.883865 0.790833 0.0111459 0.025 0.057373
0 0.415182 0.778333 0.0100313 0.0333333 0.055603
0 0.433016 0.774792 0.0111458 0.0337499 0.0555115
0 0.382581 0.771667 0.0072448 0.0416667 0.0549927
0 0.203411 0.7725 0.0144896 0.0366667 0.053894
0 0.538344 0.766667 0.0111458 0.02 0.0519409
0 0.848198 0.766667 0.0200625 0.0533333 0.0512695
0 0.728938 0.7725 0.013375 0.0183333 0.0509033
0 0.524969 0.758333 0.00891666 0.0333333 0.0501404
0 0.0776725 0.73 0.013793 0.0216667 0.0497742
0 0.338276 0.766458 0.0111458 0.0370833 0.0481262
0 0.204526 0.774792 0.0111458 0.0270833 0.0478821
0 0.222638 0.762083 0.0128177 0.0291667 0.0461121
0 0.130546 0.763333 0.0117031 0.0183333 0.0460205
0 0.867146 0.781667 0.0222917 0.035 0.0421753
0 0.0873555 0.781875 0.0200625 0.0329166 0.0402527
0 0.365583 0.764167 0.013375 0.0516667 0.0397949
0 0.227096 0.77 0.0125391 0.02 0.0392761
0 0.86826 0.7675 0.013375 0.0333333 0.0379028
0 0.817547 0.755833 0.0111458 0.0383333 0.037384
0 0.3745 0.764583 0.0178333 0.0508334 0.036499
33 0.269451 0.641667 0.0328802 0.0266667 0.035675
0 0.857672 0.76375 0.0100313 0.0408333 0.035614
0 0.524969 0.751667 0.0100313 0.025 0.0350647
0 0.167327 0.775 0.0189479 0.0283334 0.0341797
0 0.165655 0.773333 0.0153255 0.02 0.0340881
0 0.618594 0.776667 0.00891666 0.0266667 0.0335999
0 0.204108 0.768333 0.0117031 0.045 0.032959
1 0.845969 0.788333 0.0200624 0.0333333 0.0325928
0 0.204944 0.763333 0.00947397 0.0316666 0.0321655
0 0.854328 0.7575 0.0156041 0.0333333 0.0313721
0 0.617479 0.775 0.00891666 0.0283334 0.0288086
0 0.47732 0.769792 0.00835938 0.0304166 0.0283356
58 0.971359 0.739167 0.0412395 0.0683334 0.0281067
0 0.477599 0.764167 0.00947394 0.035 0.0273285
0 0.326573 0.757083 0.0100312 0.0291667 0.0272675
0 0.329638 0.758333 0.0066875 0.0283333 0.0270691
33 0.553391 0.770833 0.0178333 0.0116667 0.0267639
0 0.644786 0.785 0.00780206 0.0133333 0.026001
0 0.864917 0.770833 0.0178333 0.0366667 0.0253296
33 0.123788 0.770833 0.0268893 0.0116667 0.024231
0 0.477599 0.7475 0.00891666 0.015 0.0238647
13 0.0622948 0.728333 0.0548584 0.0266667 0.0236053
0 0.20787 0.759167 0.00863802 0.0316666 0.0230713
0 0.575125 0.764167 0.013375 0.0166667 0.0228882
0 0.60299 0.775 0.0111458 0.025 0.0227661
0 0.192266 0.774167 0.013375 0.035 0.0227203
0 0.866031 0.768542 0.0111459 0.04625 0.0226288
0 0.941823 0.77 0.00891666 0.01 0.0219421
0 0.466174 0.773333 0.00947399 0.0233333 0.0217743
33 0.661505 0.83 0.0245208 0.0133333 0.0214539
0 0.473141 0.773125 0.0066875 0.0204167 0.0213623
0 0.0796927 0.729167 0.018112 0.0241666 0.0211639
0 0.417411 0.773333 0.0144896 0.035 0.0210876
33 0.664292 0.83 0.0167187 0.0133333 0.0208893
33 0.470076 0.499167 0.0351094 0.0233333 0.0204926
0 0.816432 0.766667 0.0100312 0.0216667 0.0204468
33 0.161893 0.771667 0.022849 0.0183334 0.0204163
0 0.080041 0.73 0.00877734 0.025 0.02034
0 0.417969 0.774792 0.0111458 0.0304167 0.0201721
2 0.440818 0.774167 0.0122604 0.0216666 0.0200958
14 0.460044 0.4925 0.0144896 0.0133333 0.0198669
0 0.307068 0.764167 0.0111458 0.015 0.019455
2 0.706646 0.771667 0.0222917 0.0116667 0.0194244
0 0.440818 0.774167 0.0122604 0.0216666 0.0192413
33 0.125669 0.769167 0.02675 0.015 0.0190582
33 0.454193 0.775 0.0200625 0.02 0.0189819
33 0.463667 0.4975 0.0234063 0.0233333 0.0184784
33 0.66262 0.83 0.0200625 0.01 0.0184021
33 0.284776 0.57375 0.013375 0.0233333 0.0183411
33 0.278367 0.645833 0.0167187 0.0266667 0.0181885
33 0.458372 0.610833 0.00613017 0.01 0.0179901
0 0.577354 0.773125 0.0200625 0.03375 0.0177765
2 0.553391 0.770833 0.0178333 0.0116667 0.0176392
0 0.579583 0.775833 0.0156042 0.0266667 0.0173035
56 0.192266 0.774167 0.013375 0.035 0.0171814
0 0.60299 0.771875 0.0178333 0.0295834 0.0170441
33 0.704417 0.468333 0.0334375 0.0383333 0.0167236
2 0.523297 0.773333 0.0117032 0.0133333 0.0167236
2 0.70163 0.771667 0.0111458 0.01 0.0167236
33 0.523297 0.773333 0.0117032 0.0133333 0.0163422
33 0.2675 0.632917 0.0312083 0.0266667 0.0158997
1 0.866589 0.7825 0.0234062 0.0366667 0.0153656
2 0.450849 0.773125 0.0289792 0.0204167 0.0147858
0 0.165237 0.768333 0.0183906 0.0316667 0.0146179
0 0.616365 0.773542 0.0156042 0.0329167 0.0146179
0 0.524969 0.773333 0.0100313 0.0166667 0.0144501
0 0.171785 0.76625 0.0211771 0.0425 0.0140076
33 0.272794 0.635833 0.0105885 0.025 0.0139008
0 0.920088 0.765 0.0144896 0.0233333 0.0137939
1 0.864917 0.788333 0.0490417 0.0283334 0.0133286
0 0.431344 0.771458 0.00947394 0.0370834 0.0132217
56 0.179169 0.7675 0.0161615 0.0483333 0.0132217
0 0.577354 0.774167 0.0156042 0.0300001 0.0131226
0 0.87049 0.765 0.0200625 0.0416667 0.0130234
2 0.418526 0.768542 0.0156042 0.02625 0.0124817
13 0.147125 0.7625 0.0412396 0.0183333 0.0123825
56 0.0873555 0.781875 0.0200625 0.0329166 0.0123367
13 0.0879128 0.780833 0.0206198 0.0333333 0.0120087
56 0.201879 0.781667 0.0167187 0.02 0.0117798
0 0.125669 0.769167 0.02675 0.015 0.0116882
2 0.31682 0.765 0.0100312 0.0183334 0.0115967
0 0.920089 0.7675 0.0100312 0.0283333 0.0114212
1 0.848755 0.786667 0.0178333 0.03 0.0113297
13 0.123788 0.770833 0.0268893 0.0116667 0.0112457
0 0.888323 0.7825 0.013375 0.0366667 0.0112457
33 0.611906 0.66 0.0256354 0.0333333 0.0107803
0 0.754016 0.7725 0.00891666 0.0116666 0.0106964
0 0.640885 0.776875 0.0156042 0.0295833 0.0106506
0 0.664292 0.83 0.0167187 0.0133333 0.0103683
2 0.44444 0.733333 0.0117031 0.0141666 0.0102463
2 0.0796927 0.729167 0.018112 0.0241666 0.01017
0 0.203411 0.7625 0.0111458 0.0483334 0.0100937
0 0.324901 0.766875 0.0105886 0.0229166 0.00989532
2 0.0776725 0.73 0.013793 0.0216667 0.00985718
0 0.201879 0.781667 0.0167187 0.02 0.00971222
0 0.454193 0.775 0.0200625 0.02 0.00967407
33 0.728938 0.7725 0.013375 0.0183333 0.00948334
0 0.723922 0.774167 0.00780206 0.0183334 0.00948334
0 0.161893 0.771667 0.022849 0.0183334 0.00937653
33 0.706646 0.771667 0.0222917 0.0116667 0.00919342
33 0.665406 0.770833 0.0200625 0.015 0.00912476
0 0.523297 0.773333 0.0117032 0.0133333 0.00888062
0 0.473419 0.756667 0.00780206 0.0216667 0.0086441
25 0.129849 0.808333 0.0657604 0.0366667 0.00844574
33 0.440818 0.774167 0.0122604 0.0216666 0.00834656
0 0.295365 0.75875 0.00780208 0.0191667 0.00831604
24 0.0872858 0.780833 0.0206198 0.0333333 0.008255
0 0.31682 0.765 0.0100312 0.0183334 0.00818634
33 0.0144373 0.769792 0.0265758 0.01375 0.00818634
0 0.219573 0.768333 0.0245208 0.0283334 0.00818634
2 0.941823 0.77 0.00891666 0.01 0.00806427
56 0.19143 0.765 0.0139323 0.0516667 0.00800323
2 0.307068 0.764167 0.0111458 0.015 0.00796509
56 0.167327 0.775 0.0189479 0.0283334 0.00787354
0 0.579583 0.780833 0.0178333 0.02 0.00784302
0 0.70163 0.771667 0.0111458 0.01 0.0078125
33 0.109786 0.806667 0.0257747 0.0333333 0.0078125
0 0.527755 0.771875 0.0100313 0.01625 0.00751877
0 0.318214 0.7675 0.0100312 0.0183334 0.00748825
56 0.125669 0.769167 0.02675 0.015 0.00746155
0 0.332703 0.7575 0.00947394 0.0316667 0.00725937
13 0.125669 0.769167 0.02675 0.015 0.00725937
2 0.0877734 0.732083 0.018112 0.0166667 0.00720596
4 0.686583 0.206667 0.0222917 0.0320833 0.00717545
33 0.44444 0.733333 0.0117031 0.0141666 0.00703812
13 0.140751 0.765 0.0389408 0.0183334 0.00701141
33 0.264992 0.649167 0.0423542 0.04 0.00698471
0 0.527755 0.755833 0.0156042 0.0333333 0.00679779
33 0.688812 0.469583 0.0356667 0.0333333 0.00677109
0 0.598531 0.773333 0.00891666 0.0266667 0.00671768
0 0.0411351 0.728333 0.0117031 0.0233333 0.00669098
33 0.128177 0.781667 0.0646458 0.035 0.00669098
0 0.864917 0.788333 0.0490417 0.0283334 0.00664139
13 0.765719 0.771875 0.0323229 0.0129166 0.00656509
33 0.584042 0.7775 0.0111458 0.025 0.00653839
0 0.640328 0.770833 0.0178333 0.0266667 0.00651169
33 0.568995 0.774167 0.0122604 0.0183334 0.00643921
33 0.531935 0.695417 0.00613022 0.00833337 0.00636292
0 0.891667 0.775208 0.0122604 0.0229167 0.00629044
13 0.129849 0.81 0.0652031 0.0366667 0.00621796
2 0.0607448 0.72875 0.0522461 0.0258333 0.00619125
0 0.66262 0.83 0.0200625 0.01 0.00616837
13 0.201879 0.781667 0.0167187 0.02 0.00605011
24 0.0823398 0.781875 0.0125391 0.0329166 0.00593567
0 0.532771 0.76 0.0183906 0.035 0.005867
0 0.602432 0.78 0.00891666 0.02 0.00584412
33 0.644786 0.785 0.00780206 0.0133333 0.00577545
2 0.301495 0.760417 0.0122604 0.0175 0.00566483
33 0.124624 0.788333 0.0583763 0.03 0.00566483
56 0.129849 0.81 0.0652031 0.0366667 0.00561905
13 0.770734 0.766667 0.0635313 0.0216667 0.00553513
33 0.165655 0.773333 0.0153255 0.02 0.00553513
2 0.665406 0.770833 0.0200625 0.015 0.00553513
13 0.192266 0.774167 0.013375 0.035 0.00553513
1 0.201879 0.781667 0.0167187 0.02 0.00553513
56 0.165655 0.773333 0.0153255 0.02 0.00551224
33 0.699958 0.461667 0.02675 0.0516667 0.00540543
33 0.447505 0.594167 0.0178333 0.0116667 0.00540543
0 0.667635 0.770833 0.0156042 0.0133333 0.00538635
2 0.577354 0.774167 0.0156042 0.0300001 0.00536346
7 0.0622948 0.728333 0.0548584 0.0266667 0.00530243
0 0.12957 0.81 0.0657604 0.0366667 0.00526047
2 0.280875 0.7625 0.00947394 0.015 0.00524139
0 0.443604 0.776458 0.0245208 0.0237499 0.00521851
0 0.872162 0.790833 0.0345521 0.0233334 0.00521851
14 0.686583 0.206667 0.0222917 0.0320833 0.00511932
33 0.141552 0.766875 0.0585156 0.0229166 0.00510025
33 0.628625 0.828333 0.0066875 0.0116666 0.00508118
1 0.920646 0.764583 0.0111458 0.0241667 0.0050621
0 0.276974 0.758333 0.0066875 0.015 0.00503922
33 0.675995 0.206875 0.0412396 0.0341667 0.00498199
2 0.568995 0.774167 0.0122604 0.0183334 0.00498199
33 0.227096 0.77 0.0125391 0.02 0.00496292
0 0.301495 0.760417 0.0122604 0.0175 0.00494385
2 0.537229 0.759583 0.00947394 0.0291667 0.00494385
1 0.881635 0.788333 0.0144896 0.03 0.00492477
0 0.821448 0.758333 0.0111459 0.0333333 0.0049057
0 0.820891 0.755 0.013375 0.0366667 0.00486755
0 0.163844 0.775833 0.0295365 0.0283334 0.00479126
33 0.660948 0.833333 0.0289792 0.0166667 0.00477219
0 0.572896 0.7675 0.0156042 0.0233333 0.00471878
33 0.290349 0.770208 0.013375 0.0129167 0.00471878
2 0.0413092 0.7275 0.0121211 0.0233333 0.00468063
33 0.11104 0.770833 0.0239635 0.0116667 0.00466537
13 0.154091 0.765833 0.0373385 0.0216667 0.00462723
33 0.242422 0.654583 0.0183906 0.0216666 0.00460815
0 0.298987 0.754167 0.00613019 0.0241666 0.00460815
8 0.0144373 0.769792 0.0265758 0.01375 0.00460815
2 0.449177 0.775833 0.0356667 0.0233333 0.00460815
0 0.419362 0.765833 0.017276 0.0283334 0.0045929
33 0.868818 0.770208 0.0144896 0.0295833 0.00457382
1 0.0796927 0.729167 0.018112 0.0241666 0.00455475
33 0.661505 0.770833 0.0278646 0.0133333 0.00452042
0 0.280875 0.7625 0.00947394 0.015 0.00443268
2 0.417411 0.773333 0.0144896 0.035 0.00443268
2 0.433016 0.774792 0.0111458 0.0337499 0.00443268
29 0.129849 0.808333 0.0649245 0.0366667 0.00443268
2 0.494875 0.745 0.0139323 0.01 0.00439835
14 0.697729 0.468333 0.0222917 0.035 0.00438309
33 0.848755 0.786667 0.0178333 0.03 0.00438309
1 0.192266 0.774167 0.013375 0.035 0.00436401
33 0.128595 0.793333 0.0693828 0.06 0.00436401
33 0.445276 0.60125 0.0167188 0.0291667 0.00432968
33 0.258862 0.629167 0.0189479 0.0216666 0.00432968
0 0.966344 0.7725 0.0111459 0.0116666 0.00432968
33 0.70163 0.771667 0.0111458 0.01 0.00428009
56 0.123788 0.770833 0.0268893 0.0116667 0.0042305
2 0.449456 0.771875 0.0378958 0.0295834 0.00421524
0 0.795813 0.770833 0.0111458 0.015 0.00418091
33 0.650359 0.83 0.0501563 0.0166667 0.00418091
33 0.259419 0.653333 0.0501562 0.0316667 0.00415039
0 0.33131 0.76625 0.0072448 0.0375 0.00415039
33 0.577354 0.774167 0.0156042 0.0300001 0.00411606
33 0.450849 0.773125 0.0289792 0.0204167 0.00411606
58 0.966344 0.757917 0.0222917 0.0358333 0.00408554
2 0.46701 0.745833 0.013375 0.01 0.00402451
2 0.527755 0.771875 0.0100313 0.01625 0.00400543
14 0.463109 0.494167 0.0206198 0.0166667 0.00399017
33 0.037443 0.765 0.0200625 0.0116667 0.00399017
56 0.203411 0.7725 0.0144896 0.0366667 0.00399017
2 0.0237633 0.766458 0.0448446 0.0170833 0.00392914
2 0.0879128 0.780833 0.0206198 0.0333333 0.00391388
33 0.891667 0.775208 0.0122604 0.0229167 0.00390053
2 0.584042 0.7775 0.0111458 0.025 0.00388527
2 0.946281 0.771667 0.0200625 0.01 0.00379562
2 0.00592122 0.68125 0.00888184 0.0175 0.00378036
33 0.477599 0.7475 0.00891666 0.015 0.00378036
13 0.760146 0.766458 0.0624167 0.0204167 0.00374985
8 0.129849 0.808333 0.0649245 0.0366667 0.0037365
33 0.605219 0.72375 0.013375 0.0191667 0.00367928
33 0.686583 0.206667 0.0222917 0.0325 0.882324
33 0.697729 0.468333 0.0222917 0.035 0.865234
33 0.610792 0.665 0.0245208 0.0233333 0.665527
33 0.129535 0.808333 0.0652728 0.0366667 0.625977
0 0.394284 0.768542 0.0122604 0.0495834 0.49707
0 0.178891 0.766667 0.0156042 0.0516667 0.390381
33 0.460044 0.4925 0.0144896 0.0133333 0.366699
0 0.920646 0.76375 0.0111458 0.0241666 0.300781
33 0.463109 0.494167 0.0206198 0.0166667 0.253906
33 0.444161 0.5925 0.0144896 0.0133333 0.246582
0 0.36837 0.764167 0.0144896 0.0533333 0.246582
0 0.19143 0.76375 0.0128177 0.0525 0.21936
0 0.879406 0.755833 0.0111459 0.025 0.213989
0 0.852099 0.75625 0.0144896 0.0341667 0.19812
0 0.349143 0.765833 0.0128177 0.0583333 0.174438
0 0.34162 0.770833 0.0100312 0.0500001 0.165039
0 0.610792 0.773542 0.0111458 0.0295833 0.152588
0 0.848198 0.786667 0.0178334 0.0333333 0.149536
0 0.613578 0.774792 0.00891666 0.0304167 0.135742
33 0.468682 0.495 0.0323229 0.0183333 0.131226
0 0.347193 0.768333 0.0139323 0.0583334 0.129883
0 0.636427 0.775 0.0156042 0.03 0.123779
0 0.207312 0.763333 0.00891666 0.0333333 0.119995
0 0.219155 0.759167 0.0105885 0.0266667 0.11554
0 0.343849 0.771667 0.0122604 0.05 0.113953
0 0.879406 0.784167 0.0144897 0.0366667 0.112793
0 0.379516 0.7725 0.0100312 0.0383333 0.11084
0 0.842625 0.760833 0.0111458 0.04 0.110107
0 0.851542 0.770208 0.0156042 0.0629166 0.0930176
0 0.844854 0.7575 0.0144896 0.04 0.0894775
2 0.0144199 0.77 0.026541 0.015 0.0872803
0 0.633083 0.775833 0.013375 0.0316666 0.0864868
0 0.431901 0.779167 0.00891666 0.0266667 0.0856934
33 0.277253 0.641667 0.0183906 0.0233333 0.0809326
0 0.843182 0.773542 0.0156042 0.0529167 0.0809326
33 0.278089 0.643333 0.0156042 0.0183334 0.0797729
0 0.537229 0.76 0.00947394 0.03 0.0790405
0 0.62974 0.775833 0.013375 0.03 0.0790405
0 0.878292 0.769167 0.0111459 0.0533334 0.0770874
0 0.434688 0.775833 0.0100313 0.025 0.0765381
0 0.0824792 0.781875 0.0130964 0.0329166 0.0734253
0 0.584042 0.7775 0.0111458 0.025 0.0719604
0 0.881635 0.791667 0.013375 0.0233333 0.0714722
0 0.881635 0.788333 0.0156042 0.03 0.069397
0 0.225146 0.764167 0.0156042 0.03 0.06427
0 0.219155 0.763333 0.0203411 0.035 0.062439
0 0.415182 0.7775 0.0100313 0.035 0.059967
0 0.188365 0.76625 0.013375 0.0508333 0.0589905
0 0.203411 0.771667 0.0144896 0.0383334 0.0587769
0 0.432737 0.775 0.0111458 0.035 0.0583496
0 0.848198 0.7675 0.0200625 0.0549999 0.0569763
0 0.538065 0.765833 0.0111458 0.0216667 0.0551147
0 0.883865 0.790833 0.0111459 0.025 0.0551147
0 0.728938 0.7725 0.013375 0.0183333 0.0535889
0 0.525247 0.75875 0.00947399 0.0341666 0.0524292
0 0.0777422 0.73 0.0139323 0.0216667 0.0519409
2 0.454193 0.775 0.0200625 0.02 0.0499573
0 0.204526 0.775208 0.0111458 0.0295834 0.0498657
0 0.382859 0.771875 0.00780208 0.0429167 0.0495911
0 0.817547 0.755417 0.0111458 0.0391667 0.0471497
0 0.338276 0.766667 0.0111458 0.0366667 0.0466309
0 0.222638 0.7625 0.0128177 0.03 0.0460205
0 0.867703 0.781458 0.0234063 0.0370834 0.0450134
0 0.130546 0.763333 0.0117031 0.0183333 0.0447693
0 0.365583 0.764167 0.013375 0.0516667 0.0420837
0 0.0872858 0.781875 0.0199232 0.0329166 0.0412292
0 0.52469 0.752917 0.0105886 0.0266667 0.0403137
33 0.269102 0.641667 0.0324622 0.0266667 0.0402527
0 0.227096 0.77 0.0125391 0.02 0.0401611
0 0.867703 0.7675 0.0144897 0.035 0.0393372
58 0.970802 0.739167 0.040125 0.0683334 0.0379028
0 0.858229 0.764167 0.0111459 0.0416666 0.037384
0 0.374779 0.765 0.017276 0.0516667 0.037262
0 0.854328 0.758333 0.0156041 0.035 0.0357361
0 0.167187 0.775 0.0189479 0.0283334 0.035553
0 0.618594 0.776667 0.00891666 0.0283334 0.0343018
0 0.165655 0.773125 0.0153255 0.0204167 0.0339661
0 0.204944 0.764167 0.00975258 0.0333333 0.0309143
1 0.845969 0.7875 0.0200624 0.0333333 0.0302124
33 0.553391 0.770833 0.0178333 0.0116667 0.0293121
0 0.326573 0.7575 0.0100312 0.03 0.0284882
0 0.47732 0.769167 0.00891666 0.0316666 0.0282135
33 0.123719 0.770833 0.0270286 0.0116667 0.0280151
0 0.477599 0.76375 0.00947394 0.0375 0.0276337
0 0.864917 0.771667 0.0178333 0.0383334 0.0268555
0 0.191987 0.7725 0.013375 0.0383333 0.0268097
0 0.644229 0.785 0.00891666 0.0133333 0.0263062
0 0.329359 0.758333 0.0066875 0.03 0.0263062
33 0.662062 0.83 0.0245208 0.0133333 0.0261536
0 0.477599 0.7475 0.00891666 0.0166667 0.0254211
0 0.080041 0.729583 0.00891667 0.025 0.0253296
0 0.866031 0.77 0.0111459 0.0483334 0.0247955
0 0.575125 0.764167 0.013375 0.0183334 0.0243835
0 0.417411 0.774167 0.0144896 0.035 0.0240936
0 0.20787 0.759167 0.00891666 0.0333333 0.0239563
0 0.60299 0.775208 0.0111458 0.02625 0.0236053
0 0.079623 0.729167 0.0182513 0.025 0.0230713
13 0.062138 0.728333 0.0546146 0.0266667 0.0229797
33 0.469797 0.499167 0.0345521 0.0233333 0.0226288
33 0.161893 0.771667 0.022849 0.0183334 0.0224609
0 0.473419 0.773333 0.00724483 0.0216667 0.0223694
33 0.125669 0.769167 0.0264714 0.015 0.0218658
0 0.816432 0.764167 0.0100312 0.0266667 0.0215302
33 0.454193 0.775 0.0200625 0.02 0.0214539
0 0.417969 0.775833 0.0111458 0.0316666 0.0212097
14 0.460044 0.4925 0.0144896 0.0133333 0.0211182
0 0.466174 0.773125 0.00947399 0.0237499 0.0208435
33 0.463667 0.4975 0.0222917 0.0233333 0.0207977
33 0.284776 0.573333 0.013375 0.0233333 0.0206451
0 0.577354 0.773125 0.0200625 0.03375 0.0202942
33 0.458372 0.610833 0.00613017 0.0108334 0.0202484
33 0.278089 0.64625 0.0167187 0.0266667 0.0195618
0 0.941823 0.77 0.00891666 0.01 0.0191193
0 0.60299 0.771667 0.0178333 0.03 0.0186462
0 0.440818 0.774167 0.0122604 0.0216666 0.0185394
33 0.704417 0.468333 0.0334375 0.0383333 0.0184784
0 0.579583 0.776458 0.0156042 0.0270834 0.0184021
2 0.706646 0.771875 0.0222917 0.0129166 0.0181885
0 0.307068 0.764167 0.0111458 0.0166667 0.018158
33 0.523297 0.773333 0.0117032 0.0133333 0.0179138
33 0.2675 0.633333 0.0312083 0.0266667 0.0178528
2 0.440818 0.774167 0.0122604 0.0216666 0.0165863
2 0.553391 0.770833 0.0178333 0.0116667 0.0164642
0 0.87049 0.765 0.0200625 0.0416667 0.0164032
33 0.272794 0.63625 0.0111458 0.0258333 0.0156021
2 0.70163 0.771667 0.0111458 0.01 0.0156021
0 0.616365 0.773333 0.0156042 0.0333333 0.0154266
2 0.523297 0.773333 0.0117032 0.0133333 0.0153046
0 0.164958 0.768333 0.0183906 0.0316667 0.0151291
56 0.191987 0.7725 0.013375 0.0383333 0.0148392
0 0.171646 0.766667 0.0211771 0.0433333 0.0146179
0 0.431344 0.771667 0.0100313 0.0383334 0.014389
1 0.866589 0.781667 0.0234062 0.0383334 0.0143356
0 0.577354 0.774167 0.0156042 0.0300001 0.0142822
0 0.524969 0.773333 0.0100313 0.0166667 0.0140076
1 0.863802 0.788333 0.0490417 0.03 0.0132217
0 0.920089 0.7675 0.0100312 0.0283333 0.0131683
0 0.640885 0.776667 0.0156042 0.03 0.0120544
0 0.888323 0.783125 0.013375 0.0370833 0.0119629
13 0.146846 0.763333 0.0417969 0.0183333 0.0119171
2 0.450849 0.773125 0.0295365 0.0204167 0.0117798
13 0.0877734 0.780833 0.0206198 0.0333333 0.011467
56 0.0872858 0.781875 0.0199232 0.0329166 0.0112915
0 0.125669 0.769167 0.0264714 0.015 0.011116
33 0.611906 0.660417 0.0256354 0.0333333 0.0109863
33 0.665406 0.770833 0.0200625 0.015 0.0109482
0 0.203411 0.763333 0.0111458 0.0483334 0.0107803
33 0.706646 0.771875 0.0222917 0.0129166 0.0106964
33 0.728938 0.7725 0.013375 0.0183333 0.0106964
2 0.079623 0.729167 0.0182513 0.025 0.0103302
0 0.724479 0.774167 0.00891666 0.0183334 0.0103302
2 0.44444 0.733333 0.0117031 0.0141666 0.0102081
13 0.123719 0.770833 0.0270286 0.0116667 0.0102081
2 0.0777422 0.73 0.0139323 0.0216667 0.01017
2 0.31682 0.765 0.0100312 0.02 0.01017
0 0.202018 0.781667 0.0164401 0.02 0.01017
56 0.179169 0.766875 0.0161615 0.0495833 0.0101318
0 0.324901 0.766667 0.0105886 0.025 0.00993347
0 0.754016 0.771875 0.00891666 0.0129166 0.00978088
0 0.219573 0.768333 0.0247995 0.03 0.00955963
0 0.473698 0.756667 0.00780211 0.0233333 0.00941467
56 0.202018 0.781667 0.0164401 0.02 0.00937653
0 0.161893 0.771667 0.022849 0.0183334 0.00919342
0 0.664292 0.83 0.0178334 0.0133333 0.00905609
2 0.418526 0.7675 0.0156042 0.0266667 0.00898743
0 0.454193 0.775 0.0200625 0.02 0.00894928
0 0.523297 0.773333 0.0117032 0.0133333 0.00891876
33 0.440818 0.774167 0.0122604 0.0216666 0.00874329
33 0.0144199 0.77 0.026541 0.015 0.00871277
0 0.295365 0.75875 0.00780208 0.0191667 0.00861359
0 0.579583 0.78 0.0178333 0.0216667 0.0085144
0 0.527477 0.756667 0.0150469 0.0333333 0.00834656
0 0.31682 0.765 0.0100312 0.02 0.00800323
33 0.26541 0.649167 0.0415182 0.04 0.00793457
33 0.128177 0.780833 0.0646458 0.035 0.00793457
33 0.109786 0.806667 0.0259141 0.0333333 0.00793457
33 0.44444 0.733333 0.0117031 0.0141666 0.0078125
0 0.640328 0.771458 0.0178333 0.0270833 0.0078125
0 0.70163 0.771667 0.0111458 0.01 0.00775528
0 0.332703 0.7575 0.00891666 0.0316667 0.00757599
24 0.0872161 0.780833 0.0206198 0.0333333 0.00757599
2 0.0873555 0.731667 0.0186693 0.0166667 0.00748825
0 0.527755 0.771667 0.0100313 0.0166667 0.00748825
0 0.0411003 0.72875 0.0117031 0.0241666 0.00740433
33 0.688255 0.469583 0.0367813 0.0333333 0.00734711
0 0.318214 0.7675 0.0100312 0.0183334 0.00731659
33 0.569552 0.774167 0.0111458 0.02 0.00720596
33 0.584042 0.7775 0.0111458 0.025 0.00720596
2 0.307068 0.764167 0.0111458 0.0166667 0.00717545
0 0.532492 0.759167 0.0178333 0.0366667 0.00695801
13 0.770177 0.766667 0.0646458 0.0216667 0.0069313
25 0.12971 0.808333 0.0654818 0.0366667 0.0069046
56 0.167187 0.775 0.0189479 0.0283334 0.0068512
2 0.941823 0.77 0.00891666 0.01 0.00682449
4 0.686583 0.206667 0.0222917 0.0325 0.00679779
0 0.863802 0.788333 0.0490417 0.03 0.00679779
56 0.125669 0.769167 0.0264714 0.015 0.00674438
33 0.124555 0.786667 0.0585156 0.03 0.00664139
0 0.820333 0.755 0.013375 0.0383334 0.00658798
33 0.644229 0.785 0.00891666 0.0133333 0.00658798
0 0.598531 0.773125 0.00891666 0.0270834 0.00658798
13 0.765719 0.771667 0.0323229 0.0133333 0.00641251
0 0.891667 0.775833 0.0122604 0.0233333 0.00634003
13 0.125669 0.769167 0.0264714 0.015 0.00631332
33 0.531935 0.695417 0.00613022 0.00833337 0.00626373
58 0.966344 0.754167 0.0245208 0.045 0.00626373
13 0.138905 0.765 0.036224 0.02 0.00621796
0 0.60299 0.779167 0.00891666 0.0200001 0.00621796
2 0.0606055 0.728333 0.0521068 0.0266667 0.00598145
24 0.0824792 0.781875 0.0130964 0.0329166 0.005867
2 0.665406 0.770833 0.0200625 0.015 0.00579834
33 0.660948 0.833333 0.0289792 0.0166667 0.00579834
33 0.628625 0.828333 0.0066875 0.0116666 0.00577545
56 0.19143 0.765 0.0139323 0.0516667 0.00575256
0 0.572896 0.768333 0.0156042 0.0233333 0.00570679
33 0.693271 0.469167 0.0289792 0.0358333 0.00564194
0 0.872162 0.79 0.0345521 0.0233333 0.00564194
33 0.660948 0.770833 0.0289792 0.0133333 0.00559998
33 0.650359 0.83 0.0501563 0.0166667 0.00557709
33 0.447505 0.594167 0.0178333 0.0125 0.00557709
33 0.165655 0.773125 0.0153255 0.0204167 0.00553513
1 0.202018 0.781667 0.0164401 0.02 0.00553513
33 0.699958 0.461667 0.02675 0.0516667 0.00551224
33 0.141552 0.766667 0.0585156 0.0233333 0.00551224
0 0.419362 0.765833 0.017276 0.0283334 0.00547028
1 0.920646 0.765 0.0111458 0.025 0.00538635
33 0.675995 0.207083 0.0412396 0.0341667 0.0053215
14 0.686583 0.206667 0.0222917 0.0325 0.0053215
33 0.445276 0.60125 0.0167188 0.0291667 0.00524139
0 0.667078 0.770833 0.0167188 0.0133333 0.00521851
33 0.110901 0.770833 0.0239635 0.0116667 0.00519943
0 0.442768 0.776458 0.0234063 0.0237499 0.00519943
2 0.301216 0.76 0.0122604 0.0183333 0.00510025
1 0.881635 0.788333 0.0156042 0.03 0.00510025
33 0.658161 0.83 0.0312083 0.015 0.00510025
33 0.242422 0.654583 0.0183906 0.0216666 0.00508118
33 0.290349 0.770208 0.013375 0.0129167 0.00503922
13 0.202018 0.781667 0.0164401 0.02 0.00503922
0 0.276974 0.758333 0.0072448 0.0158333 0.00502014
0 0.298708 0.754167 0.0066875 0.0241666 0.00500107
13 0.129849 0.81 0.0652031 0.0366667 0.00500107
56 0.12971 0.808333 0.0654818 0.0366667 0.00498199
2 0.280875 0.7625 0.0100313 0.015 0.00492477
33 0.258723 0.629167 0.0186693 0.0216666 0.0049057
33 0.70163 0.771667 0.0111458 0.01 0.00488663
7 0.062138 0.728333 0.0546146 0.0266667 0.00486755
0 0.883307 0.769167 0.018948 0.0466667 0.00475693
56 0.165655 0.773125 0.0153255 0.0204167 0.00475693
0 0.301216 0.76 0.0122604 0.0183333 0.00469971
33 0.259419 0.653333 0.0501562 0.0316667 0.00468063
13 0.191987 0.7725 0.013375 0.0383333 0.00468063
1 0.079623 0.729167 0.0182513 0.025 0.00466537
0 0.163844 0.775208 0.0289792 0.0295834 0.00466537
0 0.129535 0.809167 0.0658301 0.0366667 0.0045929
2 0.537229 0.76 0.00947394 0.03 0.00457382
33 0.227096 0.77 0.0125391 0.02 0.00453949
33 0.128142 0.7925 0.0697311 0.0600001 0.00453949
2 0.0413092 0.727917 0.0121211 0.0241667 0.00452042
2 0.577354 0.774167 0.0156042 0.0300001 0.00452042
2 0.449177 0.775833 0.0356667 0.0233333 0.00448608
33 0.577354 0.774167 0.0156042 0.0300001 0.00441742
0 0.966344 0.7725 0.0111459 0.0116666 0.00441742
29 0.129884 0.809167 0.0651335 0.0366667 0.00441742
33 0.868818 0.770833 0.0144896 0.0300001 0.00439835
1 0.191987 0.7725 0.013375 0.0383333 0.00439835
2 0.569552 0.774167 0.0111458 0.02 0.00438309
13 0.759031 0.766458 0.0646458 0.0204167 0.00436401
14 0.697729 0.468333 0.0222917 0.035 0.00434875
33 0.450849 0.773125 0.0295365 0.0204167 0.00434875
13 0.155484 0.765833 0.0345521 0.0216667 0.00432968
8 0.0144199 0.77 0.026541 0.015 0.00432968
2 0.494875 0.745 0.0144896 0.01 0.00429916
0 0.280875 0.7625 0.0100313 0.015 0.0042305
0 0.33131 0.765833 0.0072448 0.0383333 0.0042305
33 0.891667 0.775833 0.0122604 0.0233333 0.00415039
33 0.477599 0.7475 0.00891666 0.0166667 0.00411606
14 0.463109 0.494167 0.0206198 0.0166667 0.00407028
33 0.605219 0.72375 0.0144896 0.0191667 0.00403976
33 0.313198 0.630833 0.0122604 0.0183333 0.00397491
33 0.0373734 0.765 0.0199232 0.0133333 0.00397491
33 0.638099 0.829167 0.0278646 0.0166667 0.00395966
33 0.848198 0.786667 0.0178334 0.0333333 0.00390053
0 0.569552 0.774167 0.0111458 0.02 0.00387001
33 0.432737 0.775 0.0111458 0.035 0.00385475
2 0.00592122 0.68125 0.00891667 0.0175 0.00382423
33 0.386203 0.6 0.00891666 0.0216666 0.00376511
33 0.0236501 0.766458 0.0447227 0.0170833 0.00374985
0 0.743984 0.73875 0.0066875 0.0216667 0.0037365
56 0.123719 0.770833 0.0270286 0.0116667 0.00367928
0 0.795813 0.770833 0.0111458 0.015 0.00366402
2 0.449177 0.771875 0.0378958 0.0295834 0.0036068
13 0.079623 0.729167 0.0182513 0.025 0.00359344
2 0.527755 0.771667 0.0100313 0.0166667 0.00358009
33 0.431901 0.779167 0.00891666 0.0266667 0.00356483
0 0.576797 0.758333 0.0167188 0.0283333 0.00355148
0 0.704417 0.723333 0.0111458 0.03 0.00355148
2 0.432737 0.775 0.0111458 0.035 0.00352478
33 0.447505 0.604167 0.0200625 0.025 0.00348282
2 0.0236501 0.766458 0.0447227 0.0170833 0.00348282
33 0.941823 0.77 0.00891666 0.01 0.00348282
33 0.686583 0.206667 0.0222917 0.0329167 0.88623
33 0.697729 0.468333 0.0222917 0.0366667 0.85791
33 0.129431 0.808333 0.0654818 0.0366667 0.651367
33 0.610792 0.665417 0.0245208 0.0241667 0.638672
0 0.394005 0.768542 0.0122604 0.0495834 0.493164
0 0.178891 0.766667 0.0156042 0.0516667 0.407227
33 0.460044 0.4925 0.0144896 0.0133333 0.346924
0 0.920646 0.76375 0.0111458 0.0241666 0.260498
33 0.463109 0.494167 0.0211771 0.0166667 0.250977
33 0.444161 0.5925 0.0144896 0.0133333 0.2323
0 0.19129 0.764167 0.0128177 0.0533333 0.230957
0 0.36837 0.764167 0.0139323 0.0533333 0.216675
0 0.879406 0.755833 0.0111459 0.025 0.202393
0 0.852099 0.758333 0.0156042 0.04 0.184814
0 0.610792 0.771458 0.0111458 0.0304167 0.157715
0 0.341063 0.770833 0.0100312 0.0500001 0.157715
0 0.349422 0.765833 0.0122604 0.0583333 0.154541
33 0.468682 0.495 0.0334375 0.0183333 0.149048
0 0.392333 0.768542 0.0178333 0.0495834 0.147095
0 0.613578 0.774792 0.00891666 0.0304167 0.137817
0 0.207312 0.763333 0.00891666 0.0333333 0.128052
0 0.847083 0.785833 0.0200625 0.035 0.118408
0 0.347193 0.768333 0.0144896 0.0583334 0.114563
0 0.219294 0.759167 0.0105886 0.0283334 0.113953
0 0.636427 0.775833 0.0156042 0.03 0.112427
0 0.842625 0.760417 0.0122604 0.0408333 0.105957
0 0.920089 0.7625 0.00780211 0.0216667 0.101562
0 0.379516 0.773125 0.0100312 0.0370833 0.0960083
0 0.343849 0.771667 0.0122604 0.05 0.0953369
33 0.277253 0.641667 0.0183906 0.0241666 0.0946655
2 0.0144722 0.77 0.0263669 0.015 0.093689
0 0.845969 0.7575 0.0156042 0.04 0.0853882
0 0.0824792 0.781667 0.013375 0.0333333 0.0806274
0 0.62974 0.775833 0.013375 0.03 0.0787964
0 0.851542 0.77 0.0156042 0.0633333 0.0784912
0 0.537229 0.758333 0.00947394 0.03 0.0768433
0 0.431901 0.779792 0.00835934 0.0270834 0.072876
0 0.434688 0.775208 0.0100313 0.02625 0.0726318
0 0.225146 0.764167 0.0158828 0.03 0.0675659
0 0.848198 0.7675 0.0200625 0.0566667 0.0651245
0 0.84374 0.773333 0.0167188 0.0516667 0.0610962
0 0.188365 0.765833 0.013375 0.0516666 0.0609741
0 0.584042 0.7775 0.0111458 0.025 0.0587769
0 0.204805 0.774167 0.0117031 0.0300001 0.0585632
0 0.879406 0.785 0.0156041 0.0366667 0.057373
0 0.219434 0.763333 0.0203411 0.035 0.0571899
0 0.222638 0.7625 0.0139323 0.03 0.0552063
33 0.269451 0.641667 0.0323229 0.0266667 0.0538025
0 0.203272 0.7725 0.0144896 0.0366667 0.0522461
0 0.878292 0.7675 0.0111459 0.0483333 0.0522461
0 0.415182 0.778333 0.0100313 0.0333333 0.0508118
2 0.454193 0.775 0.0200625 0.02 0.0497742
0 0.0778815 0.73 0.0143503 0.0216667 0.0471497
0 0.432458 0.774792 0.0111458 0.0337499 0.0463867
0 0.525247 0.75875 0.00947399 0.0341666 0.0462036
0 0.881635 0.791667 0.013375 0.0233333 0.0461121
0 0.382859 0.771667 0.00780208 0.0416667 0.0455933
1 0.845969 0.788333 0.0200624 0.0333333 0.0433655
0 0.538344 0.765833 0.0111458 0.0216667 0.0432129
0 0.337719 0.766667 0.0111459 0.0366667 0.0429688
58 0.970802 0.738333 0.0412395 0.0683333 0.0422363
0 0.817547 0.755417 0.0111458 0.0391667 0.0413818
0 0.729495 0.7725 0.0144896 0.0183333 0.0394897
0 0.130406 0.764167 0.0119818 0.0183334 0.0367737
0 0.166909 0.775 0.0195052 0.0283334 0.0367126
0 0.0870768 0.781875 0.0197839 0.0329166 0.0352173
0 0.86826 0.7675 0.013375 0.0333333 0.0349426
33 0.123997 0.770833 0.0273073 0.0116667 0.0348816
0 0.883865 0.790833 0.0111459 0.025 0.0348206
0 0.365305 0.764167 0.013375 0.0516667 0.0347595
0 0.52469 0.7525 0.0105886 0.0266667 0.0344849
0 0.226818 0.769792 0.0128177 0.0204167 0.0344849
0 0.203969 0.768333 0.0117031 0.045 0.033905
33 0.553391 0.770833 0.0178333 0.0116667 0.0328369
0 0.205083 0.765 0.0100312 0.035 0.0317993
0 0.165516 0.773333 0.0158828 0.0216667 0.0314941
33 0.161893 0.771667 0.0234062 0.02 0.0306702
0 0.858229 0.763333 0.0100312 0.0416667 0.0306244
0 0.631969 0.774792 0.0189479 0.0337499 0.0300446
0 0.374779 0.765 0.017276 0.05 0.0293732
0 0.618594 0.776667 0.00891666 0.0283334 0.0290375
33 0.469797 0.499167 0.0356667 0.0241666 0.0269623
0 0.326852 0.7575 0.0100312 0.03 0.0258636
0 0.20787 0.759167 0.00891666 0.0333333 0.0258026
33 0.278089 0.645833 0.017276 0.0266667 0.0253754
33 0.661505 0.83 0.0256354 0.0133333 0.0253754
33 0.125948 0.769167 0.02675 0.015 0.025177
0 0.191987 0.773333 0.013375 0.0366667 0.0246582
33 0.663734 0.830833 0.0178333 0.0133333 0.0244293
0 0.329638 0.758333 0.0072448 0.03 0.0243378
33 0.267988 0.633333 0.0324622 0.0283334 0.0240479
0 0.477599 0.764167 0.00947394 0.035 0.0236511
0 0.47732 0.769792 0.00835938 0.0304166 0.023468
0 0.60299 0.774167 0.0111458 0.0266667 0.0233765
0 0.575125 0.764167 0.013375 0.0183334 0.022583
13 0.0619987 0.728333 0.0544753 0.0266667 0.0217743
1 0.86826 0.7825 0.0278646 0.0383333 0.0215302
33 0.454193 0.775 0.0200625 0.02 0.021286
1 0.863802 0.788333 0.0512709 0.03 0.021286
2 0.553391 0.770833 0.0178333 0.0116667 0.0208893
33 0.458372 0.610833 0.0066875 0.0108334 0.0207977
33 0.463945 0.4975 0.0239635 0.0233333 0.0206451
33 0.273143 0.636667 0.0121211 0.0266667 0.0206451
0 0.866031 0.768542 0.0111459 0.04625 0.0204926
0 0.868818 0.7825 0.0378959 0.0366667 0.0204468
0 0.644229 0.785 0.00891666 0.0133333 0.0201416
0 0.47732 0.747083 0.00891666 0.0158333 0.0199432
33 0.704417 0.468333 0.0334375 0.0383333 0.0196381
2 0.523018 0.773333 0.0122604 0.0133333 0.0192719
0 0.577911 0.773333 0.0211771 0.035 0.0191956
0 0.604104 0.771667 0.0178333 0.03 0.0191956
0 0.0795534 0.729167 0.0183906 0.025 0.0187988
0 0.473419 0.773333 0.00724483 0.0216667 0.0185852
0 0.466174 0.773333 0.00947399 0.0233333 0.0185394
33 0.523018 0.773333 0.0122604 0.0133333 0.0181274
14 0.460044 0.4925 0.0144896 0.0133333 0.0177765
0 0.418247 0.774792 0.0111458 0.0304167 0.0174408
33 0.706646 0.771875 0.0222917 0.0129166 0.0172424
2 0.441375 0.775 0.013375 0.0216667 0.0171814
2 0.706646 0.771875 0.0222917 0.0129166 0.0171814
33 0.729495 0.7725 0.0144896 0.0183333 0.0171051
0 0.0799714 0.729583 0.00947396 0.025 0.0168457
2 0.702187 0.771667 0.0122604 0.01 0.0165863
0 0.417411 0.774167 0.0144896 0.035 0.0165253
0 0.171646 0.766667 0.0222917 0.045 0.016098
2 0.0795534 0.729167 0.0183906 0.025 0.0160217
0 0.864917 0.771875 0.0178333 0.03625 0.0160217
33 0.284776 0.57375 0.013375 0.0241667 0.0159607
2 0.0778815 0.73 0.0143503 0.0216667 0.0158997
0 0.816432 0.765833 0.0100312 0.0233333 0.0158386
0 0.941823 0.77 0.00891666 0.01 0.0157776
33 0.458372 0.492917 0.0178334 0.0158333 0.0154877
0 0.164819 0.768333 0.0189479 0.0333333 0.0151901
0 0.616365 0.773333 0.0156042 0.0333333 0.0150757
33 0.0144722 0.77 0.0263669 0.015 0.0147324
2 0.450292 0.773333 0.0312083 0.0216667 0.0145035
0 0.306789 0.764167 0.0111459 0.0166667 0.0141754
0 0.525247 0.773333 0.0100312 0.0166667 0.0138474
0 0.441375 0.775 0.013375 0.0216667 0.0134277
0 0.87049 0.765 0.0200625 0.0416667 0.0131226
0 0.579583 0.775833 0.0167188 0.0283334 0.0131226
0 0.219573 0.766458 0.0250781 0.0304166 0.0124283
33 0.611906 0.660417 0.0256354 0.0341667 0.0121002
33 0.665406 0.770833 0.0200625 0.015 0.0119171
13 0.14601 0.763333 0.0434688 0.0183333 0.0115509
0 0.576797 0.774167 0.0156042 0.0300001 0.0115051
0 0.431344 0.771667 0.0100313 0.0383334 0.0109482
13 0.768505 0.766667 0.0691042 0.0233333 0.0108185
2 0.0864499 0.731667 0.0211771 0.0175 0.0104065
2 0.316542 0.765417 0.0100312 0.0191667 0.0104065
56 0.191987 0.773333 0.013375 0.0366667 0.0103683
13 0.0877734 0.780833 0.0206198 0.0333333 0.0102921
13 0.765719 0.771667 0.0323229 0.0133333 0.0102081
33 0.266943 0.649583 0.0384531 0.0408333 0.00985718
0 0.202018 0.781667 0.0161615 0.02 0.00978088
33 0.688255 0.47 0.0367813 0.0333333 0.00955963
13 0.123997 0.770833 0.0273073 0.0116667 0.00955963
0 0.869375 0.778333 0.02675 0.0433333 0.00945282
33 0.127864 0.78 0.0641582 0.0333333 0.00933838
0 0.640885 0.776667 0.0156042 0.03 0.00930023
0 0.724479 0.773542 0.00891666 0.0195834 0.00912476
33 0.644229 0.785 0.00891666 0.0133333 0.00905609
0 0.888323 0.783125 0.0144897 0.0370833 0.00881195
33 0.44444 0.733333 0.0117031 0.0141666 0.00874329
2 0.418526 0.768542 0.0156042 0.02625 0.00867462
0 0.161893 0.771667 0.0234062 0.02 0.00854492
33 0.441375 0.775 0.013375 0.0216667 0.00847626
0 0.125948 0.769167 0.02675 0.015 0.00831604
2 0.44444 0.733333 0.0117031 0.0141666 0.00828552
2 0.306789 0.764167 0.0111459 0.0166667 0.00806427
0 0.324901 0.7675 0.0105886 0.0233333 0.00769424
33 0.649802 0.83 0.0512709 0.0183334 0.00743103
33 0.165516 0.773333 0.0158828 0.0216667 0.00731659
0 0.639771 0.771667 0.0178333 0.03 0.00728989
33 0.109647 0.805833 0.0256354 0.0333333 0.00725937
33 0.702187 0.771667 0.0122604 0.01 0.00717545
33 0.123928 0.785833 0.0575404 0.0266667 0.00712204
56 0.0877734 0.780833 0.0206198 0.0333333 0.00709534
0 0.579583 0.78 0.0178333 0.0233333 0.00706482
0 0.527755 0.756667 0.0156042 0.0333333 0.00703812
33 0.568438 0.774167 0.0111459 0.02 0.00701141
0 0.332703 0.757917 0.00947394 0.0325 0.0069313
0 0.523018 0.773333 0.0122604 0.0133333 0.0069046
33 0.584042 0.7775 0.0111458 0.025 0.0069046
0 0.473698 0.756667 0.00780211 0.0216667 0.00674438
0 0.454193 0.775 0.0200625 0.02 0.00671768
56 0.202018 0.781667 0.0161615 0.02 0.00664139
1 0.881635 0.789167 0.0156042 0.0283334 0.00658798
13 0.756802 0.7675 0.0713334 0.0216666 0.00651169
0 0.316542 0.765417 0.0100312 0.0191667 0.0064888
33 0.110762 0.770833 0.0236849 0.0116667 0.0064888
2 0.941823 0.77 0.00891666 0.01 0.0064621
33 0.259141 0.629583 0.0200625 0.0225 0.00643921
33 0.628625 0.828333 0.00780206 0.0133333 0.00643921
0 0.318214 0.7675 0.0100312 0.0183334 0.00636292
33 0.290349 0.77 0.013375 0.0133333 0.00629044
0 0.702187 0.771667 0.0122604 0.01 0.00629044
0 0.295365 0.75875 0.00891666 0.0191667 0.00629044
7 0.0618594 0.728333 0.0551719 0.0283333 0.00626373
33 0.531656 0.695417 0.0066875 0.00833337 0.00621796
0 0.820333 0.755 0.013375 0.0383334 0.006073
58 0.966344 0.755417 0.0245208 0.0391667 0.00605011
33 0.699958 0.461667 0.02675 0.0516667 0.00602722
24 0.0824792 0.781667 0.013375 0.0333333 0.00598145
2 0.301495 0.760417 0.0122604 0.0175 0.00595856
0 0.754016 0.771875 0.00891666 0.0129166 0.00591278
33 0.141239 0.766667 0.0591426 0.0233333 0.005867
2 0.665406 0.770833 0.0200625 0.015 0.005867
33 0.447505 0.594167 0.0178333 0.0133333 0.005867
24 0.0870768 0.781875 0.0197839 0.0329166 0.00584412
56 0.179309 0.766667 0.0161615 0.05 0.00579834
33 0.655375 0.83 0.0367813 0.0166667 0.00579834
0 0.0411699 0.72875 0.0119121 0.0241666 0.00568771
33 0.259559 0.65375 0.0504349 0.0333333 0.00566483
13 0.125948 0.769167 0.02675 0.015 0.00564194
0 0.527477 0.771458 0.0105886 0.0170834 0.00561905
33 0.868818 0.77 0.0144896 0.03 0.00557709
33 0.226818 0.769792 0.0128177 0.0204167 0.0055542
0 0.60299 0.778333 0.00891666 0.02 0.0055542
0 0.663734 0.830833 0.0178333 0.0133333 0.00553513
33 0.0371992 0.765 0.0205501 0.0133333 0.00551224
0 0.572339 0.768333 0.0156042 0.025 0.00551224
33 0.675995 0.207083 0.0412396 0.035 0.00548935
13 0.136536 0.765 0.0345521 0.02 0.00548935
1 0.920646 0.765 0.0111458 0.025 0.00548935
33 0.660391 0.833333 0.0289792 0.0166667 0.00548935
4 0.686583 0.206667 0.0222917 0.0329167 0.00542831
0 0.863802 0.788333 0.0512709 0.03 0.00542831
0 0.532771 0.759583 0.0178333 0.0358333 0.00540543
2 0.0606751 0.72875 0.0522461 0.0258333 0.00536346
33 0.693271 0.469167 0.0289792 0.0366667 0.00534439
25 0.12957 0.808333 0.0657604 0.0366667 0.0053215
33 0.445276 0.600833 0.0161614 0.0291666 0.00530243
33 0.0335072 0.765417 0.0260534 0.0141666 0.00530243
0 0.598531 0.773333 0.00891666 0.0283334 0.00526047
33 0.242422 0.654583 0.0189479 0.0225 0.00516129
2 0.537229 0.759583 0.00947394 0.0291667 0.00510025
1 0.202018 0.781667 0.0161615 0.02 0.00508118
33 0.891667 0.775208 0.0122604 0.0229167 0.00500107
33 0.941823 0.77 0.00891666 0.01 0.00498199
2 0.576797 0.774167 0.0156042 0.0300001 0.00494385
2 0.568438 0.774167 0.0111459 0.02 0.00479126
33 0.920646 0.765 0.0111458 0.025 0.00477219
1 0.0795534 0.729167 0.0183906 0.025 0.00475693
56 0.166909 0.775 0.0195052 0.0283334 0.00475693
14 0.686583 0.206667 0.0222917 0.0329167 0.00466537
2 0.0413092 0.727917 0.0122604 0.0241667 0.00462723
13 0.191987 0.773333 0.013375 0.0366667 0.00462723
33 0.313198 0.63125 0.013375 0.0183334 0.00460815
2 0.494875 0.745 0.0144896 0.0108333 0.0045929
33 0.0238939 0.7675 0.0452103 0.0166667 0.0045929
13 0.202018 0.781667 0.0161615 0.02 0.00455475
0 0.891667 0.775208 0.0122604 0.0229167 0.00448608
13 0.778536 0.765 0.0468124 0.02 0.00445175
33 0.605219 0.72375 0.0144896 0.02 0.00441742
33 0.576797 0.774167 0.0156042 0.0300001 0.00438309
1 0.872161 0.79 0.0356667 0.0233333 0.00436401
29 0.129605 0.808333 0.0651335 0.0366667 0.00436401
0 0.276974 0.758333 0.0072448 0.0158333 0.00432968
33 0.640885 0.776667 0.0156042 0.03 0.00429916
2 0.280875 0.7625 0.0100313 0.015 0.00428009
13 0.158271 0.766667 0.0295365 0.0233333 0.00424957
2 0.527477 0.771458 0.0105886 0.0170834 0.00424957
0 0.331589 0.765833 0.00780211 0.0383333 0.00424957
33 0.432458 0.774792 0.0111458 0.0337499 0.00419998
2 0.432458 0.774792 0.0111458 0.0337499 0.00418091
0 0.666521 0.770833 0.0178334 0.015 0.00418091
56 0.125948 0.769167 0.02675 0.015 0.00415039
0 0.444719 0.776667 0.0278646 0.025 0.00411606
0 0.298708 0.754167 0.0066875 0.0241666 0.0041008
0 0.163844 0.775 0.0284219 0.03 0.0041008
33 0.848198 0.7875 0.0200625 0.0316667 0.00403976
2 0.584042 0.7775 0.0111458 0.025 0.00399017
0 0.576797 0.758333 0.0167188 0.0283333 0.00395966
0 0.872161 0.79 0.0356667 0.0233333 0.0039444
1 0.191987 0.773333 0.013375 0.0366667 0.00391388
33 0.47732 0.747083 0.00891666 0.0158333 0.00380898
2 0.417411 0.774167 0.0144896 0.035 0.00379562
33 0.431901 0.779792 0.00835934 0.0270834 0.00378036
1 0.864917 0.771875 0.0178333 0.03625 0.00374985
0 0.280875 0.7625 0.0100313 0.015 0.00372124
8 0.0144722 0.77 0.0263669 0.015 0.00372124
33 0.636427 0.775833 0.0156042 0.03 0.00370789
56 0.19143 0.765 0.013375 0.0516667 0.00366402
0 0.301495 0.760417 0.0122604 0.0175 0.00362206
0 0.704417 0.7225 0.0111458 0.03 0.00359344
33 0.13065 0.786875 0.0652728 0.04625 0.00358009
7 0.0795534 0.729167 0.0183906 0.025 0.00355148
33 0.517724 0.773333 0.0144896 0.01 0.00355148
2 0.510479 0.73125 0.0167187 0.00916661 0.00351143
7 0.450292 0.773333 0.0312083 0.0216667 0.00351143
7 0.706646 0.771875 0.0222917 0.0129166 0.00349617
2 0.00579932 0.68125 0.00881217 0.0175 0.00348282
2 0.449177 0.7725 0.0373385 0.03 0.00348282
33 0.579583 0.78 0.0178333 0.0233333 0.00348282
33 0.450292 0.773333 0.0312083 0.0216667 0.00348282
33 0.731724 0.281042 0.0278646 0.0179167 0.00346947
13 0.0795534 0.729167 0.0183906 0.025 0.00346947
33 0.468961 0.489583 0.0334375 0.0241667 0.00345612
33 0.479828 0.496667 0.0590729 0.0266667 0.00344276
33 0.686583 0.206667 0.0222917 0.0329167 0.868652
33 0.697729 0.46875 0.0222917 0.0366667 0.817383
33 0.129326 0.808333 0.0656907 0.0366667 0.625977
33 0.610792 0.665833 0.0245208 0.025 0.592773
0 0.394284 0.768542 0.0128177 0.0495834 0.456055
0 0.178891 0.766667 0.0156042 0.0516667 0.387695
33 0.459766 0.492917 0.0144896 0.0141667 0.297363
33 0.463388 0.494167 0.0217344 0.0175 0.216064
0 0.920646 0.763333 0.0111458 0.0233333 0.203125
33 0.444161 0.5925 0.0144896 0.0133333 0.199341
0 0.19129 0.764167 0.0128177 0.0533333 0.196167
0 0.879406 0.755833 0.0111459 0.025 0.165649
0 0.36837 0.764167 0.013375 0.0533333 0.164551
0 0.851542 0.758333 0.0156042 0.04 0.162964
33 0.46924 0.495 0.0345521 0.0183333 0.145142
0 0.610792 0.771458 0.0111458 0.0304167 0.138428
0 0.341063 0.771458 0.0100312 0.0504167 0.132935
0 0.613578 0.774167 0.00891666 0.0316667 0.127441
0 0.349422 0.765833 0.0122604 0.0583333 0.117188
0 0.207312 0.763333 0.00891666 0.0333333 0.112
0 0.347193 0.77 0.013375 0.055 0.0946655
0 0.847083 0.784167 0.0200625 0.0366667 0.093689
0 0.842625 0.760417 0.013375 0.0408333 0.0903931
0 0.219294 0.759167 0.0105886 0.0283334 0.0891113
33 0.278089 0.643333 0.0167187 0.02 0.0863037
0 0.636427 0.775833 0.0156042 0.03 0.0831299
0 0.0827578 0.781667 0.0136536 0.0333333 0.0765381
0 0.379516 0.773333 0.0100312 0.0366667 0.0739746
2 0.0145244 0.77 0.026541 0.015 0.0713501
0 0.343849 0.7725 0.0122604 0.05 0.0698242
0 0.537229 0.758333 0.00947394 0.03 0.0690308
0 0.845969 0.7575 0.0156042 0.04 0.0667114
0 0.434688 0.775208 0.0100313 0.02625 0.0665894
0 0.62974 0.775833 0.013375 0.03 0.0646362
0 0.431901 0.779792 0.00891666 0.0270834 0.0589905
0 0.225146 0.764167 0.0161615 0.03 0.0586548
0 0.848198 0.7675 0.0200625 0.0566667 0.0577087
0 0.204944 0.774167 0.0119818 0.0300001 0.0575867
0 0.222638 0.7625 0.0144896 0.0316666 0.0572815
0 0.851542 0.77 0.0156042 0.0633333 0.0569763
0 0.188504 0.765833 0.0139323 0.0516666 0.0566406
33 0.269451 0.641667 0.0323229 0.0266667 0.0510864
0 0.219573 0.763333 0.0211771 0.035 0.0430298
0 0.584042 0.7775 0.0111458 0.025 0.0429688
1 0.846526 0.788333 0.0211771 0.0333333 0.0423889
2 0.454193 0.775 0.0200625 0.02 0.0417786
58 0.970802 0.737917 0.0412395 0.0675 0.0414734
0 0.382859 0.771458 0.00780208 0.0404166 0.0410767
0 0.84374 0.773333 0.0178333 0.0533333 0.0409241
0 0.415182 0.778542 0.0100313 0.0329166 0.0394287
0 0.525526 0.758333 0.0100313 0.035 0.0387573
0 0.203133 0.773542 0.0147682 0.03625 0.0381775
0 0.0780208 0.73 0.0147682 0.0216667 0.0378113
0 0.432458 0.775833 0.0122604 0.035 0.0358276
33 0.124137 0.770833 0.0273073 0.0116667 0.0340881
0 0.878292 0.76625 0.0111459 0.0458333 0.0340881
0 0.538344 0.765833 0.0111458 0.0216667 0.033844
0 0.337719 0.766667 0.0111459 0.035 0.0332642
0 0.817547 0.755833 0.0111458 0.0383333 0.0322266
0 0.16663 0.775 0.0200625 0.03 0.0321655
33 0.161893 0.771667 0.0234062 0.0216667 0.0321045
33 0.553391 0.770833 0.0178333 0.0116667 0.0318604
0 0.205362 0.765 0.0100312 0.0366667 0.02948
0 0.130406 0.764167 0.0119818 0.0183334 0.0289764
0 0.524969 0.7525 0.0111458 0.0258333 0.0289307
0 0.881635 0.791667 0.013375 0.0233333 0.0289307
0 0.203969 0.768542 0.0117031 0.04625 0.0279541
0 0.0870768 0.781875 0.0197839 0.0329166 0.0278473
33 0.469797 0.499167 0.0356667 0.0241666 0.0273743
0 0.631969 0.774792 0.0200625 0.0337499 0.0268555
0 0.226818 0.769167 0.013375 0.0216667 0.0266113
0 0.86826 0.768542 0.013375 0.0329166 0.0265045
0 0.729495 0.7725 0.0144896 0.0200001 0.0265045
33 0.125948 0.769167 0.0270286 0.015 0.0255585
0 0.165376 0.773333 0.0164401 0.0216667 0.0245209
33 0.661505 0.83 0.0256354 0.015 0.0244293
1 0.869375 0.783333 0.0312083 0.0383334 0.0243378
0 0.365026 0.764167 0.013375 0.0516667 0.0240479
1 0.863802 0.7875 0.0523853 0.0316667 0.0238647
33 0.663177 0.830833 0.0178333 0.0133333 0.0236969
33 0.268336 0.634167 0.0328802 0.03 0.0233307
0 0.883865 0.790833 0.013375 0.025 0.0225372
0 0.208009 0.759167 0.0091953 0.0333333 0.0222015
0 0.618594 0.776667 0.00891666 0.0283334 0.0220337
0 0.858229 0.763333 0.00891666 0.04 0.0212402
0 0.879406 0.785 0.0178333 0.0383334 0.0210419
33 0.707203 0.771875 0.0222917 0.0129166 0.0208893
0 0.329917 0.758333 0.0072448 0.03 0.0202484
2 0.553391 0.770833 0.0178333 0.0116667 0.0200958
33 0.729495 0.7725 0.0144896 0.0200001 0.0200958
0 0.60299 0.774167 0.0111458 0.0266667 0.0200195
0 0.3745 0.765 0.0178333 0.05 0.0199432
33 0.27363 0.637083 0.0128177 0.0275 0.0197906
0 0.846526 0.79 0.0211771 0.03 0.0197601
0 0.326852 0.7575 0.0100312 0.03 0.0197144
13 0.0618594 0.728333 0.0543359 0.0266667 0.0194244
33 0.704417 0.468333 0.0334375 0.0383333 0.0193481
33 0.454193 0.775 0.0200625 0.02 0.0193481
33 0.458094 0.610833 0.0066875 0.0108334 0.018692
33 0.277253 0.6475 0.0195052 0.0333334 0.018692
0 0.865474 0.766667 0.0111458 0.045 0.0186157
2 0.0795534 0.729167 0.0185299 0.025 0.0185394
2 0.0780208 0.73 0.0147682 0.0216667 0.0184021
2 0.52274 0.773333 0.0128177 0.0133333 0.0183411
0 0.477042 0.769792 0.00891671 0.0304166 0.0182953
33 0.464781 0.4975 0.0256354 0.0233333 0.0182648
0 0.853771 0.7575 0.0167188 0.035 0.0180511
0 0.477599 0.76375 0.00947394 0.0341666 0.0180511
0 0.192266 0.774167 0.013375 0.035 0.0178528
33 0.0145244 0.77 0.026541 0.015 0.0177765
0 0.575125 0.764167 0.013375 0.0183334 0.0171814
33 0.52274 0.773333 0.0128177 0.0133333 0.0171814
0 0.604104 0.771667 0.0178333 0.03 0.0164032
0 0.644229 0.785 0.00891666 0.0133333 0.0161591
2 0.702745 0.771667 0.013375 0.0116667 0.0158386
0 0.473419 0.773333 0.00724483 0.0216667 0.0156708
0 0.47732 0.7475 0.00891666 0.0166667 0.0153046
0 0.577911 0.773333 0.0211771 0.035 0.0151901
0 0.466453 0.773125 0.0100313 0.0237499 0.0148392
0 0.171507 0.766667 0.0225703 0.045 0.0148392
2 0.707203 0.771875 0.0222917 0.0129166 0.0146179
0 0.0795534 0.729167 0.0185299 0.025 0.014389
14 0.459766 0.492917 0.0144896 0.0141667 0.0141144
0 0.418526 0.775833 0.0111458 0.03 0.0141144
2 0.441375 0.775 0.013375 0.0216667 0.0138474
2 0.450292 0.773333 0.0323229 0.0216667 0.0133743
0 0.615807 0.773333 0.0156042 0.0333333 0.0131226
13 0.767948 0.766458 0.0713333 0.0237499 0.012825
0 0.525247 0.773125 0.0105886 0.0170833 0.0122375
0 0.16468 0.768333 0.0195052 0.0333333 0.0121918
0 0.0799714 0.729167 0.00989193 0.025 0.0121918
13 0.765719 0.771667 0.0323229 0.0133333 0.0121002
0 0.941823 0.770833 0.00891666 0.01 0.0119629
0 0.417411 0.775208 0.0144896 0.03625 0.0117798
0 0.816432 0.765833 0.0100312 0.0233333 0.0114212
33 0.665406 0.770833 0.0200625 0.015 0.0111618
33 0.28394 0.57375 0.0128177 0.0225 0.0110703
33 0.688812 0.47 0.0367813 0.0341667 0.0109863
33 0.611906 0.660417 0.02675 0.0341667 0.0109863
2 0.0856836 0.731667 0.0231276 0.0183334 0.0104065
13 0.145767 0.763333 0.0439564 0.0183333 0.0102463
0 0.306789 0.764167 0.0111459 0.0166667 0.0102463
0 0.869375 0.783333 0.0312083 0.0383334 0.00959778
0 0.864917 0.770833 0.0178333 0.035 0.00955963
0 0.863802 0.783125 0.0512709 0.0370833 0.00948334
2 0.316542 0.765417 0.0100312 0.0191667 0.00945282
33 0.644229 0.785 0.00891666 0.0133333 0.00945282
33 0.2675 0.65 0.0373385 0.0416667 0.00923157
0 0.441375 0.775 0.013375 0.0216667 0.00923157
1 0.849312 0.789167 0.02675 0.0400001 0.00923157
33 0.649802 0.83 0.0512709 0.0183334 0.00912476
0 0.579583 0.775833 0.0178333 0.0283334 0.00908661
33 0.44444 0.733333 0.0117031 0.015 0.0088501
33 0.127759 0.779167 0.0638099 0.0333334 0.00878143
0 0.920088 0.765 0.0144896 0.0233333 0.0086441
0 0.869932 0.765 0.0211771 0.0416667 0.0085144
0 0.431344 0.771875 0.0100313 0.0395833 0.0085144
33 0.702745 0.771667 0.013375 0.0116667 0.00837708
7 0.0617201 0.728333 0.0548932 0.03 0.00809479
0 0.203272 0.7625 0.0114245 0.05 0.00806427
13 0.0878431 0.780833 0.0207591 0.0333333 0.00793457
0 0.576797 0.774167 0.0156042 0.0300001 0.00787354
0 0.417411 0.769167 0.0144896 0.03 0.0078125
2 0.306789 0.764167 0.0111459 0.0166667 0.00766754
0 0.20174 0.781667 0.0167188 0.02 0.00766754
13 0.755687 0.7675 0.0735625 0.0233333 0.00754929
33 0.441375 0.775 0.013375 0.0216667 0.00740433
0 0.161893 0.771667 0.0234062 0.0216667 0.00734711
1 0.881635 0.79 0.0156042 0.0266667 0.00714874
0 0.724479 0.773542 0.00891666 0.0195834 0.00712204
13 0.124137 0.770833 0.0273073 0.0116667 0.00703812
56 0.192266 0.774167 0.013375 0.035 0.00701141
2 0.418526 0.768542 0.0156042 0.02625 0.00698471
0 0.640885 0.776667 0.0156042 0.03 0.00695801
2 0.44444 0.733333 0.0117031 0.015 0.0068779
33 0.628625 0.828333 0.00780206 0.0133333 0.00669098
33 0.165376 0.773333 0.0164401 0.0216667 0.00656509
33 0.289792 0.77 0.013375 0.0133333 0.00656509
0 0.888323 0.7825 0.0156041 0.0366667 0.00653839
0 0.639771 0.7725 0.0178333 0.03 0.0064621
33 0.568438 0.774167 0.0111459 0.02 0.00636292
0 0.125948 0.769167 0.0270286 0.015 0.00629044
33 0.123719 0.785 0.0571224 0.0266667 0.00624084
33 0.531656 0.695417 0.0066875 0.00833337 0.00614548
33 0.584042 0.7775 0.0111458 0.025 0.00614548
0 0.473698 0.755417 0.00780211 0.0208333 0.00612259
33 0.141273 0.766458 0.0593516 0.0237499 0.00605011
33 0.110901 0.770833 0.0236849 0.0116667 0.00602722
33 0.447784 0.594167 0.0178333 0.0133333 0.00600433
33 0.259559 0.629583 0.0208984 0.0233333 0.00598145
33 0.920646 0.765 0.0111458 0.025 0.00595856
33 0.699958 0.461667 0.02675 0.0516667 0.005867
2 0.301495 0.760833 0.013375 0.0166667 0.00579834
33 0.109508 0.805833 0.0253568 0.0333333 0.00577545
33 0.0313389 0.765833 0.0310864 0.015 0.00572968
33 0.0369902 0.765 0.0215254 0.0133333 0.00566483
0 0.528313 0.756667 0.0167188 0.035 0.00557709
33 0.676552 0.207083 0.0423542 0.035 0.0055542
33 0.276695 0.638333 0.0200625 0.0291667 0.00551224
0 0.324901 0.768542 0.0105886 0.0229167 0.00551224
33 0.941823 0.770833 0.00891666 0.01 0.00544739
0 0.332703 0.757917 0.00947394 0.0325 0.00540543
24 0.0827578 0.781667 0.0136536 0.0333333 0.00540543
2 0.941823 0.770833 0.00891666 0.01 0.0053215
56 0.0878431 0.780833 0.0207591 0.0333333 0.00530243
58 0.966344 0.754583 0.02675 0.0391667 0.00524139
0 0.52274 0.773333 0.0128177 0.0133333 0.00521851
1 0.920646 0.765 0.0111458 0.025 0.00521851
1 0.871604 0.79 0.0378959 0.025 0.00518036
33 0.259698 0.654167 0.0501562 0.035 0.00516129
24 0.0878431 0.780833 0.0207591 0.0333333 0.0051384
0 0.454193 0.775 0.0200625 0.02 0.00510025
33 0.659833 0.833333 0.0300937 0.0166667 0.00510025
33 0.868818 0.77 0.0144896 0.0283334 0.00508118
33 0.445276 0.600833 0.0161614 0.0291666 0.00503922
0 0.318214 0.768542 0.0100312 0.0195833 0.00498199
33 0.0240332 0.7675 0.0455586 0.0166667 0.00494385
33 0.226818 0.769167 0.013375 0.0216667 0.00484848
0 0.702745 0.771667 0.013375 0.0116667 0.00484848
1 0.20174 0.781667 0.0167188 0.02 0.00484848
2 0.537229 0.76 0.0100312 0.03 0.00482941
13 0.776865 0.765 0.0490417 0.02 0.00477219
2 0.665406 0.770833 0.0200625 0.015 0.00475693
33 0.891667 0.775 0.0122604 0.0216667 0.00473785
0 0.571781 0.768333 0.0156042 0.025 0.00468063
25 0.12957 0.808333 0.0660391 0.0366667 0.00466537
0 0.820333 0.755 0.013375 0.0383334 0.0046463
0 0.316542 0.765417 0.0100312 0.0191667 0.0046463
0 0.295643 0.75875 0.00891666 0.0191667 0.0046463
33 0.605219 0.72375 0.0156042 0.02 0.00457382
33 0.640885 0.776667 0.0156042 0.03 0.00453949
0 0.60299 0.778333 0.00891666 0.02 0.00450516
13 0.136118 0.765 0.035388 0.02 0.00446701
2 0.576797 0.774167 0.0156042 0.0300001 0.00445175
1 0.0795534 0.729167 0.0185299 0.025 0.00441742
56 0.20174 0.781667 0.0167188 0.02 0.00434875
33 0.242422 0.654583 0.0189479 0.0225 0.00429916
2 0.494875 0.745 0.0144896 0.0108333 0.00428009
2 0.568438 0.774167 0.0111459 0.02 0.00424957
36 0.863802 0.783542 0.0557291 0.0429166 0.00416565
0 0.0411699 0.72875 0.0119818 0.0241666 0.00415039
0 0.527755 0.771458 0.0111458 0.0170834 0.00415039
33 0.313198 0.631667 0.013375 0.0183334 0.00411606
2 0.0609015 0.728333 0.0526292 0.025 0.0041008
13 0.125948 0.769167 0.0270286 0.015 0.0041008
33 0.731167 0.28125 0.02675 0.0179167 0.00407028
1 0.864917 0.770833 0.0178333 0.035 0.00407028
2 0.527755 0.771458 0.0111458 0.0170834 0.00402451
0 0.532771 0.76 0.0183906 0.035 0.00400543
2 0.432458 0.775833 0.0122604 0.035 0.00400543
0 0.331589 0.766667 0.00780211 0.0366667 0.00400543
0 0.599089 0.773333 0.0100312 0.0283334 0.00400543
33 0.478714 0.496667 0.0579583 0.0275 0.00399017
33 0.432458 0.775833 0.0122604 0.035 0.00397491
4 0.686583 0.206667 0.0234063 0.0329167 0.00395966
56 0.179448 0.766667 0.0161615 0.05 0.0039444
29 0.12957 0.808333 0.0652031 0.0366667 0.0039444
2 0.0412744 0.728333 0.0123301 0.025 0.00391388
33 0.576797 0.774167 0.0156042 0.0300001 0.00391388
2 0.584042 0.7775 0.0111458 0.025 0.00391388
14 0.686583 0.206667 0.0222917 0.0329167 0.00387001
33 0.851542 0.758333 0.0156042 0.04 0.00385475
13 0.192266 0.774167 0.013375 0.035 0.00385475
0 0.753458 0.771875 0.00891666 0.0129166 0.00379562
2 0.510479 0.731667 0.0167187 0.00833329 0.0037365
13 0.159385 0.766667 0.0278646 0.025 0.00372124
7 0.0795534 0.729167 0.0185299 0.025 0.00369263
2 0.280875 0.7625 0.0100313 0.015 0.00366402
7 0.450292 0.773333 0.0323229 0.0216667 0.00365067
33 0.636427 0.775833 0.0156042 0.03 0.00363541
1 0.879406 0.785 0.0178333 0.0383334 0.00363541
1 0.192266 0.774167 0.013375 0.035 0.0036068
33 0.517724 0.773333 0.0144896 0.01 0.00359344
0 0.57624 0.758333 0.0156042 0.0283333 0.00358009
33 0.46924 0.49 0.0345521 0.025 0.00355148
33 0.47732 0.7475 0.00891666 0.0166667 0.00355148
0 0.704417 0.7225 0.0111458 0.03 0.00355148
0 0.276974 0.758333 0.00780208 0.0158333 0.00355148
33 0.130824 0.786667 0.0654818 0.045 0.00353813
33 0.431901 0.779792 0.00891666 0.0270834 0.00349617
56 0.16663 0.775 0.0200625 0.03 0.00346947
0 0.663177 0.830833 0.0178333 0.0133333 0.00344276
0 0.666521 0.770833 0.0178334 0.015 0.00342941
33 0.299266 0.769792 0.0256354 0.01375 0.00341606
33 0.579583 0.78 0.0178333 0.0233333 0.00341606
0 0.163565 0.774792 0.0284219 0.0304167 0.00340271
33 0.848198 0.7875 0.0200625 0.0316667 0.00338936
8 0.0145244 0.77 0.026541 0.015 0.00332451
2 0.417411 0.775208 0.0144896 0.03625 0.00332451
0 0.891667 0.775 0.0122604 0.0216667 0.00327301
33 0.639771 0.7725 0.0178333 0.03 0.00325966
33 0.280596 0.646667 0.0239635 0.03 0.00324821
33 0.159385 0.766667 0.0278646 0.025 0.00324821
13 0.20174 0.781667 0.0167188 0.02 0.00323486
38 0.868818 0.77 0.0144896 0.0283334 0.00317192
0 0.446112 0.776667 0.030651 0.025 0.00316048
33 0.753458 0.771875 0.00891666 0.0129166 0.00314713
1 0.84374 0.773333 0.0178333 0.0533333 0.00312424
7 0.707203 0.771875 0.0222917 0.0129166 0.00311089
33 0.765719 0.771667 0.0323229 0.0133333 0.003088
33 0.686583 0.206667 0.0234063 0.0333333 0.850098
33 0.697729 0.469167 0.0222917 0.0366667 0.78125
33 0.129326 0.808333 0.0656907 0.0366667 0.583008
33 0.610792 0.665833 0.0245208 0.025 0.552734
0 0.394284 0.768542 0.0128177 0.0495834 0.422607
0 0.178891 0.766667 0.0158828 0.0516667 0.370117
33 0.459766 0.4925 0.0144896 0.0141666 0.255371
33 0.463667 0.494167 0.0222917 0.0175 0.187134
33 0.44444 0.594167 0.0144896 0.015 0.172119
0 0.920646 0.763333 0.0122604 0.0233333 0.166138
0 0.191151 0.764167 0.0128177 0.0533333 0.162354
0 0.851542 0.758333 0.0156042 0.04 0.143188
33 0.46924 0.495417 0.0345521 0.0183333 0.142212
0 0.36837 0.764167 0.013375 0.0533333 0.127197
0 0.610792 0.771458 0.0111458 0.0304167 0.126343
0 0.879406 0.755833 0.0111459 0.025 0.122498
0 0.341063 0.771458 0.0100312 0.0504167 0.11676
0 0.613578 0.774167 0.00891666 0.0316667 0.11554
0 0.207312 0.763333 0.00891666 0.0333333 0.0974121
0 0.349422 0.765833 0.0122604 0.0583333 0.0878906
0 0.347471 0.770833 0.013375 0.0549999 0.0792236
0 0.843182 0.760417 0.013375 0.0408333 0.0755615
0 0.219294 0.76 0.0111458 0.0283334 0.0706787
33 0.278089 0.643333 0.0167187 0.02 0.069519
0 0.0830365 0.781458 0.0144896 0.0337499 0.0684204
0 0.920646 0.7625 0.00891666 0.0216667 0.0682983
0 0.637542 0.773542 0.0156042 0.0329167 0.0675659
0 0.222777 0.762917 0.0153255 0.0324999 0.0586548
0 0.434688 0.775833 0.0111458 0.0266667 0.0575867
2 0.0145941 0.77 0.0268197 0.015 0.0570679
0 0.537229 0.758333 0.00947394 0.03 0.0559387
0 0.343849 0.7725 0.0122604 0.05 0.0555115
0 0.630854 0.775833 0.0156042 0.03 0.0549927
0 0.379516 0.773333 0.0100312 0.0366667 0.0524292
0 0.205083 0.773125 0.0122604 0.0304166 0.0522461
0 0.225146 0.764167 0.0167187 0.03 0.0513611
0 0.189061 0.765417 0.0128177 0.0508333 0.051178
0 0.845969 0.756667 0.0178333 0.04 0.0508118
0 0.879964 0.753333 0.0100312 0.0183333 0.0483093
0 0.431901 0.779792 0.00891666 0.0270834 0.0475159
0 0.848198 0.7675 0.0200625 0.0566667 0.0466309
1 0.846526 0.788333 0.0211771 0.0333333 0.0433655
2 0.453914 0.775 0.0200625 0.02 0.0413208
33 0.269799 0.641667 0.0321836 0.0266667 0.0408325
0 0.634198 0.775833 0.0167188 0.0316666 0.0371094
0 0.383417 0.7725 0.00780211 0.0400001 0.0360107
0 0.847641 0.78 0.0211771 0.045 0.0349426
58 0.970802 0.7375 0.0412395 0.0666666 0.0347595
0 0.219573 0.763333 0.0217344 0.035 0.032959
0 0.167187 0.771667 0.0206198 0.0383334 0.0319214
0 0.848198 0.7875 0.0200625 0.0316667 0.0308533
0 0.525526 0.758333 0.0100313 0.035 0.0308533
0 0.584042 0.7775 0.0111458 0.025 0.0306244
0 0.367812 0.769167 0.0111458 0.0483334 0.0298157
1 0.86826 0.783125 0.0401251 0.0370833 0.029541
0 0.0781602 0.73 0.0151862 0.0216667 0.0293732
33 0.124276 0.770833 0.0275859 0.0116667 0.0293121
33 0.161893 0.771667 0.0234062 0.0216667 0.0284424
33 0.552694 0.770833 0.018112 0.0116667 0.0282135
0 0.844854 0.7725 0.0178333 0.0566666 0.0279541
0 0.415182 0.779167 0.0100313 0.0316666 0.0278473
33 0.469797 0.499167 0.0356667 0.0241666 0.0278015
1 0.863802 0.7875 0.0535 0.0333333 0.0274811
0 0.432737 0.775833 0.0122604 0.035 0.0269165
0 0.538344 0.765833 0.0111458 0.0216667 0.0268555
0 0.337719 0.766667 0.0111459 0.035 0.0267639
0 0.817547 0.755417 0.0111458 0.0391667 0.0262604
0 0.205501 0.765 0.0103099 0.0366667 0.0262604
0 0.202854 0.773542 0.0150469 0.03625 0.0261536
2 0.0781602 0.73 0.0151862 0.0216667 0.0241394
33 0.125913 0.769167 0.0273769 0.015 0.0235138
33 0.706646 0.771875 0.0222917 0.0129166 0.0233307
0 0.878292 0.765833 0.0111459 0.0449999 0.0228424
0 0.20369 0.768542 0.0122604 0.04625 0.0227203
0 0.524969 0.7525 0.0111458 0.025 0.0222473
0 0.130406 0.764167 0.0122604 0.0183334 0.0220795
0 0.0871465 0.781875 0.0199232 0.0329166 0.0213623
0 0.226539 0.769167 0.013375 0.0216667 0.0209656
33 0.660948 0.83 0.02675 0.015 0.0207977
33 0.729495 0.7725 0.0144896 0.0200001 0.0204926
33 0.704417 0.468333 0.0334375 0.04 0.0202484
2 0.552694 0.770833 0.018112 0.0116667 0.0200195
33 0.663177 0.830833 0.0200625 0.0133333 0.0197906
0 0.165237 0.773333 0.017276 0.0233333 0.0197144
0 0.628625 0.776667 0.013375 0.03 0.0196838
0 0.208148 0.759167 0.00947394 0.0333333 0.0192719
33 0.268615 0.634167 0.0328802 0.03 0.0190582
0 0.86826 0.768542 0.013375 0.0329166 0.0188751
2 0.52274 0.773333 0.013375 0.0133333 0.0186157
0 0.729495 0.7725 0.0144896 0.0200001 0.0175781
33 0.0145941 0.77 0.0268197 0.015 0.0173798
0 0.864917 0.7675 0.0111459 0.0483333 0.0171814
0 0.365026 0.764167 0.0128177 0.0516667 0.0171051
0 0.617479 0.775 0.00891666 0.03 0.0170441
13 0.0618768 0.728333 0.0543011 0.0266667 0.0167847
0 0.881635 0.791667 0.0156042 0.0233333 0.0167847
0 0.329917 0.75875 0.00780208 0.0291667 0.0167236
33 0.27363 0.6375 0.013375 0.0283334 0.0164642
33 0.465339 0.4975 0.02675 0.0233333 0.0164032
33 0.458094 0.610833 0.0066875 0.0108334 0.0163422
0 0.60299 0.775 0.0111458 0.0266667 0.0159607
2 0.703302 0.771667 0.0156042 0.0116667 0.0158997
2 0.449734 0.773542 0.0339948 0.0229166 0.0153656
1 0.872719 0.780208 0.0334375 0.0429166 0.0151291
0 0.326852 0.7575 0.0100312 0.03 0.0149536
33 0.453914 0.775 0.0200625 0.02 0.0147324
13 0.766833 0.766458 0.0735625 0.0237499 0.0146713
13 0.765719 0.7725 0.0334375 0.0133333 0.0145569
0 0.477042 0.77 0.00891671 0.03 0.0145035
0 0.171507 0.766875 0.0231276 0.04625 0.0142822
33 0.277253 0.6475 0.0195052 0.0333334 0.0141754
2 0.441932 0.775 0.0144896 0.0216667 0.0140076
33 0.52274 0.773333 0.013375 0.0133333 0.0139542
0 0.477599 0.763333 0.00947394 0.0333333 0.0136871
0 0.3745 0.764583 0.0178333 0.0508334 0.0135345
2 0.706646 0.771875 0.0222917 0.0129166 0.0133286
0 0.575125 0.764167 0.013375 0.0183334 0.0132751
0 0.604104 0.771667 0.0178333 0.03 0.0131683
0 0.858229 0.763333 0.00891666 0.04 0.0131226
0 0.473419 0.773333 0.00780206 0.0216667 0.0130234
33 0.688812 0.47 0.0367813 0.0333333 0.0129242
0 0.325737 0.760833 0.0100312 0.0316667 0.012825
2 0.0854049 0.73125 0.0247995 0.0183333 0.0126266
0 0.644229 0.785 0.00891666 0.0133333 0.0126266
0 0.192266 0.775 0.0139323 0.0333333 0.0125275
7 0.0617201 0.728333 0.0550326 0.03 0.0125275
0 0.466453 0.773333 0.00947394 0.0233333 0.0119629
0 0.577911 0.773333 0.0211771 0.035 0.0118256
0 0.47732 0.7475 0.00891666 0.0166667 0.0112
0 0.615807 0.773333 0.0156042 0.0333333 0.011116
14 0.459766 0.4925 0.0144896 0.0141666 0.0109482
0 0.525526 0.773125 0.0111458 0.0170833 0.0106125
0 0.418526 0.775833 0.0105886 0.03 0.0105667
33 0.612464 0.660417 0.02675 0.0341667 0.0105286
0 0.16468 0.768333 0.0200625 0.0333333 0.0102463
33 0.649802 0.83 0.0512709 0.0183334 0.0102463
13 0.145314 0.763333 0.044026 0.0183333 0.0100555
33 0.665406 0.770833 0.0200625 0.015 0.00955963
2 0.31682 0.765833 0.0100312 0.0183333 0.0091629
33 0.644229 0.785 0.00891666 0.0133333 0.0091629
33 0.703302 0.771667 0.0156042 0.0116667 0.00912476
0 0.920646 0.7675 0.0111458 0.0283333 0.00874329
13 0.75513 0.7675 0.0780208 0.0233333 0.00854492
0 0.941266 0.770833 0.0100313 0.01 0.00837708
0 0.816432 0.765417 0.0100312 0.0225 0.008255
33 0.127759 0.779167 0.0638099 0.0333334 0.0077858
2 0.30651 0.764583 0.0111458 0.0158333 0.00769424
0 0.30651 0.764583 0.0111458 0.0158333 0.00763702
0 0.417411 0.775208 0.0144896 0.03625 0.00757599
1 0.881635 0.79 0.0156042 0.0266667 0.00751877
33 0.268127 0.650417 0.0366419 0.0425 0.0069313
33 0.444161 0.733333 0.0122604 0.015 0.00674438
13 0.0879128 0.780833 0.0208984 0.0333333 0.00669098
0 0.441932 0.775 0.0144896 0.0216667 0.00653839
0 0.920646 0.765833 0.0156042 0.0233333 0.00651169
1 0.869375 0.79 0.0423542 0.0266667 0.0064888
2 0.418526 0.768333 0.0156042 0.025 0.00638962
0 0.431344 0.7725 0.0111458 0.0400001 0.00631332
33 0.628625 0.828333 0.00780206 0.0133333 0.00629044
0 0.161893 0.771667 0.0234062 0.0216667 0.00624084
33 0.289792 0.77 0.013375 0.0133333 0.00624084
2 0.302052 0.760833 0.013375 0.0166667 0.00614548
33 0.699958 0.461667 0.02675 0.0516667 0.00612259
36 0.863802 0.781875 0.0557291 0.04625 0.00609589
33 0.920646 0.765 0.0122604 0.025 0.00605011
13 0.124276 0.770833 0.0275859 0.0116667 0.00593567
33 0.676552 0.207083 0.0423542 0.035 0.00588989
0 0.579583 0.775833 0.0178333 0.0283334 0.00588989
0 0.201461 0.781667 0.017276 0.02 0.005867
0 0.867146 0.784167 0.0423542 0.04 0.005867
33 0.447784 0.59375 0.0178333 0.0133334 0.00577545
33 0.283661 0.574167 0.013375 0.0225 0.00572968
33 0.441932 0.775 0.0144896 0.0216667 0.00572968
2 0.444161 0.733333 0.0122604 0.015 0.00568771
0 0.0796927 0.729167 0.0108672 0.025 0.00566483
33 0.141413 0.766667 0.0593516 0.025 0.00561905
0 0.576797 0.774167 0.0156042 0.0300001 0.00551224
33 0.531656 0.695417 0.0066875 0.00833337 0.00544739
0 0.473698 0.755 0.00780211 0.02 0.00542831
0 0.865474 0.770833 0.018948 0.0333333 0.00538635
0 0.869375 0.765 0.0222917 0.0416667 0.00534439
0 0.640885 0.776458 0.0156042 0.0304166 0.00534439
33 0.568995 0.773125 0.0122604 0.0204167 0.00527954
1 0.920646 0.765 0.0122604 0.025 0.00526047
33 0.123719 0.785 0.0571224 0.0266667 0.00516129
13 0.776307 0.765 0.0512708 0.02 0.00508118
2 0.537229 0.76 0.0100312 0.03 0.00502014
33 0.584042 0.7775 0.0111458 0.025 0.00500107
33 0.165237 0.773333 0.017276 0.0233333 0.00494385
33 0.110901 0.770833 0.0236849 0.0116667 0.00492477
33 0.276695 0.638333 0.0200625 0.0291667 0.0049057
0 0.724479 0.773333 0.0100312 0.02 0.00488663
33 0.731167 0.28125 0.0278646 0.0175 0.00486755
33 0.941266 0.770833 0.0100313 0.01 0.00486755
1 0.201461 0.781667 0.017276 0.02 0.00486755
0 0.417411 0.769167 0.0144896 0.03 0.00484848
33 0.0282477 0.765833 0.0379655 0.015 0.00481033
56 0.192266 0.775 0.0139323 0.0333333 0.00479126
33 0.478156 0.496667 0.0568438 0.0283333 0.00477219
33 0.109438 0.805833 0.0254961 0.0333333 0.00475693
33 0.445276 0.600833 0.0161614 0.0291666 0.00473785
2 0.432737 0.775833 0.0122604 0.035 0.00466537
33 0.640885 0.776458 0.0156042 0.0304166 0.00466537
24 0.0830365 0.781458 0.0144896 0.0337499 0.00466537
24 0.0879128 0.780833 0.0208984 0.0333333 0.0046463
2 0.576797 0.774167 0.0156042 0.0300001 0.0046463
1 0.865474 0.770833 0.018948 0.0333333 0.0046463
33 0.0365026 0.765833 0.0229883 0.0133333 0.00460815
0 0.888323 0.783125 0.0156041 0.0370833 0.0045929
33 0.658719 0.8325 0.0334375 0.0183333 0.00453949
0 0.125913 0.769167 0.0273769 0.015 0.00446701
7 0.0796927 0.729167 0.0108672 0.025 0.00446701
13 0.137059 0.765833 0.0379655 0.02 0.00445175
2 0.941266 0.770833 0.0100313 0.01 0.00445175
33 0.259698 0.629583 0.0211771 0.0233333 0.00439835
2 0.665406 0.770833 0.0200625 0.015 0.00439835
2 0.584042 0.7775 0.0111458 0.025 0.00436401
2 0.061006 0.728333 0.0526989 0.025 0.00431442
33 0.0241377 0.7675 0.0457676 0.0183334 0.00431442
7 0.449734 0.773542 0.0339948 0.0229166 0.00429916
1 0.847641 0.78 0.0211771 0.045 0.00429916
0 0.332703 0.757917 0.0100313 0.0325 0.00426483
0 0.528591 0.757083 0.017276 0.0341666 0.00416565
1 0.0795534 0.729167 0.0185299 0.025 0.00415039
33 0.605219 0.72375 0.0156042 0.02 0.00413513
7 0.0795534 0.729167 0.0185299 0.025 0.0041008
0 0.872719 0.780208 0.0334375 0.0429166 0.0041008
5 0.0617201 0.728333 0.0550326 0.03 0.0041008
2 0.568995 0.773125 0.0122604 0.0204167 0.00408554
2 0.527476 0.771458 0.0111458 0.0170834 0.00399017
2 0.494875 0.745 0.0144896 0.0108333 0.00397491
56 0.0879128 0.780833 0.0208984 0.0333333 0.00397491
0 0.318214 0.768542 0.0100312 0.0195833 0.00397491
0 0.324901 0.768333 0.0105886 0.0216666 0.00397491
25 0.12957 0.808333 0.0660391 0.0366667 0.00395966
2 0.0412048 0.728333 0.0123301 0.025 0.0039444
0 0.453914 0.775 0.0200625 0.02 0.00388527
0 0.52274 0.773333 0.013375 0.0133333 0.00388527
2 0.510201 0.73125 0.0167188 0.00916661 0.00387001
33 0.851542 0.758333 0.0156042 0.04 0.00387001
33 0.226539 0.769167 0.013375 0.0216667 0.00387001
0 0.331589 0.766667 0.00780211 0.0366667 0.00387001
58 0.967458 0.753333 0.02675 0.04 0.00383949
33 0.891667 0.774792 0.0122604 0.0204166 0.00378036
0 0.571781 0.768333 0.0156042 0.025 0.00374985
1 0.844854 0.7725 0.0178333 0.0566666 0.00372124
13 0.125913 0.769167 0.0273769 0.015 0.00370789
0 0.820333 0.755 0.0144896 0.0383334 0.00366402
29 0.12957 0.808333 0.0652031 0.0366667 0.00366402
2 0.420198 0.765833 0.0189479 0.0283334 0.00365067
0 0.703302 0.771667 0.0156042 0.0116667 0.00365067
33 0.259698 0.654583 0.0501562 0.035 0.00363541
13 0.159803 0.766875 0.0270286 0.02625 0.00359344
33 0.63587 0.775833 0.0167187 0.03 0.00359344
0 0.863245 0.788333 0.0535 0.0416667 0.00359344
33 0.469518 0.49 0.0351094 0.025 0.00355148
1 0.192266 0.775 0.0139323 0.0333333 0.00355148
2 0.417411 0.775208 0.0144896 0.03625 0.00353813
33 0.868818 0.77 0.0144896 0.0283334 0.00353813
1 0.868818 0.77 0.0144896 0.0283334 0.00351143
0 0.60299 0.778333 0.0100313 0.02 0.00351143
0 0.704417 0.7225 0.0111458 0.03 0.00351143
0 0.295922 0.759167 0.00947397 0.0183333 0.00344276
13 0.192266 0.775 0.0139323 0.0333333 0.00341606
33 0.639771 0.7725 0.0178333 0.03 0.00338936
38 0.868818 0.77 0.0144896 0.0283334 0.00338936
4 0.686583 0.206667 0.0234063 0.0329167 0.00337601
0 0.31682 0.765833 0.0100312 0.0183333 0.00331116
2 0.510479 0.722917 0.0167187 0.0175 0.00329781
2 0.280875 0.7625 0.0105886 0.015 0.00329781
33 0.432737 0.775833 0.0122604 0.035 0.00328636
33 0.130824 0.785833 0.0654818 0.0449999 0.00323486
33 0.576797 0.774167 0.0156042 0.0300001 0.00322342
33 0.863245 0.784167 0.0523854 0.0383334 0.00322342
0 0.277253 0.758333 0.00780208 0.0158333 0.00318527
14 0.686583 0.206667 0.0234063 0.0333333 0.00311089
33 0.61525 0.6625 0.0334375 0.0275 0.00309944
56 0.201461 0.781667 0.017276 0.02 0.00309944
33 0.298987 0.769792 0.0261927 0.01375 0.003088
33 0.517724 0.773333 0.0156042 0.01 0.003088
0 0.57624 0.7575 0.0156042 0.0283333 0.00307465
8 0.0145941 0.77 0.0268197 0.015 0.00305176
33 0.579583 0.78 0.0178333 0.0233333 0.00305176
33 0.687698 0.464167 0.0378958 0.035 0.00301552
0 0.527476 0.771458 0.0111458 0.0170834 0.00299263
7 0.706646 0.771875 0.0222917 0.0129166 0.00298119
33 0.477599 0.5025 0.0568438 0.0266667 0.00292397
0 0.0411699 0.72875 0.0121211 0.0241666 0.00291252
0 0.599089 0.773333 0.0100312 0.0283334 0.00291252
33 0.280596 0.646667 0.0239635 0.0308333 0.00288963
33 0.159803 0.766875 0.0270286 0.02625 0.00286674
33 0.242143 0.654583 0.0195052 0.0225 0.0028553
9 0.537229 0.758333 0.00947394 0.03 0.0028553
0 0.532771 0.76 0.0189479 0.035 0.0028553
2 0.547818 0.766667 0.0256354 0.02 0.0028553
0 0.163565 0.774167 0.0284219 0.0316667 0.00283432
33 0.313198 0.631667 0.0144896 0.0183334 0.00282288
33 0.754016 0.771875 0.0100312 0.0129166 0.00282288
33 0.26757 0.64 0.0366419 0.0433333 0.00281143
2 0.517724 0.773333 0.0156042 0.01 0.00277901
33 0.686583 0.206667 0.0234063 0.0333333 0.823242
33 0.697729 0.469167 0.0222917 0.0366667 0.737305
33 0.129326 0.808333 0.0656907 0.0366667 0.556641
33 0.610792 0.665833 0.0245208 0.025 0.515625
0 0.394284 0.768542 0.0128177 0.0495834 0.392334
0 0.178891 0.766667 0.0158828 0.0516667 0.357666
33 0.459766 0.4925 0.0144896 0.0133333 0.213379
33 0.464224 0.494167 0.0234063 0.0175 0.162354
33 0.44444 0.594167 0.0144896 0.015 0.146118
33 0.46924 0.495417 0.0345521 0.0183333 0.137573
0 0.920646 0.763333 0.0122604 0.0233333 0.137085
0 0.191151 0.764167 0.0128177 0.0533333 0.135742
0 0.851542 0.758333 0.0156042 0.0383334 0.122498
0 0.610792 0.771458 0.0111458 0.0304167 0.114746
0 0.341063 0.771667 0.0100312 0.05 0.102295
0 0.614135 0.774167 0.00891666 0.0316667 0.102295
0 0.36837 0.764583 0.013375 0.0525 0.0991211
0 0.879406 0.755833 0.0111459 0.025 0.0913696
0 0.207452 0.763333 0.00891666 0.0333333 0.0853882
0 0.349422 0.765833 0.0122604 0.0583333 0.0682983
0 0.0833151 0.781667 0.0147682 0.035 0.0656128
0 0.347471 0.770833 0.013375 0.0549999 0.0652466
0 0.84374 0.76 0.013375 0.04 0.0628052
0 0.637542 0.773542 0.0156042 0.0329167 0.059967
0 0.222777 0.762917 0.0158828 0.0324999 0.0585632
0 0.219434 0.76 0.0111458 0.0283334 0.0571899
33 0.278089 0.643333 0.0167187 0.02 0.0554199
0 0.920646 0.7625 0.00891666 0.0216667 0.0549011
0 0.434688 0.775 0.0111458 0.0266667 0.0512695
2 0.0146289 0.77 0.0268893 0.015 0.0469055
0 0.207591 0.766667 0.0108672 0.04 0.0467224
0 0.205362 0.773333 0.0122604 0.03 0.0465393
0 0.537229 0.758333 0.00947394 0.03 0.0460205
0 0.343849 0.7725 0.0122604 0.05 0.0456848
0 0.630854 0.775833 0.0156042 0.03 0.0455933
0 0.188643 0.765833 0.0150469 0.0516666 0.0444336
0 0.879964 0.752917 0.0100312 0.0183334 0.0423279
0 0.379516 0.773333 0.0100312 0.0366667 0.0403748
0 0.218458 0.7575 0.00947397 0.0266667 0.0401611
2 0.453914 0.775 0.0200625 0.02 0.0381775
0 0.431901 0.78 0.00891666 0.0266667 0.0377502
0 0.845969 0.756667 0.0178333 0.04 0.0375366
1 0.846526 0.788333 0.0211771 0.0333333 0.0370483
33 0.269799 0.641667 0.0321836 0.0266667 0.0335999
0 0.848198 0.7675 0.0200625 0.0566667 0.0335388
0 0.383417 0.7725 0.00835938 0.0400001 0.0319214
1 0.866031 0.784167 0.0445834 0.0383334 0.0311432
0 0.167187 0.771667 0.0217344 0.0383334 0.0305023
33 0.470633 0.499167 0.0384531 0.0233333 0.0297546
0 0.634198 0.775833 0.0178333 0.0316666 0.0281677
2 0.0781602 0.73 0.0153255 0.0216667 0.0276947
33 0.124415 0.771667 0.0278646 0.0116667 0.0273743
58 0.970802 0.737083 0.0412395 0.0675 0.0264587
0 0.525526 0.759167 0.0100313 0.035 0.0263519
33 0.162033 0.771875 0.0236849 0.0229167 0.0249939
0 0.0781602 0.73 0.0153255 0.0216667 0.0248413
0 0.219573 0.763333 0.022849 0.035 0.024704
33 0.552694 0.770833 0.018112 0.0116667 0.0244293
0 0.205641 0.765833 0.0103099 0.0366667 0.0238647
33 0.706646 0.771667 0.0222917 0.0116667 0.0236969
0 0.584042 0.7775 0.0111458 0.025 0.0231018
33 0.126087 0.769167 0.0278646 0.015 0.0229797
0 0.538344 0.765833 0.0111458 0.0216667 0.0224152
0 0.367812 0.77 0.0111458 0.0466667 0.0215302
0 0.337719 0.766667 0.0111459 0.035 0.021286
0 0.817547 0.755417 0.0111458 0.0391667 0.0211639
0 0.414904 0.779792 0.00947394 0.0304166 0.0210876
0 0.848198 0.7875 0.0200625 0.0316667 0.0208435
0 0.432458 0.776458 0.0122604 0.03375 0.0206909
33 0.729495 0.773542 0.0144896 0.0195834 0.02034
33 0.659833 0.83 0.02675 0.0133333 0.0197144
0 0.844854 0.7725 0.0189479 0.0583333 0.019455
33 0.704417 0.468333 0.0334375 0.04 0.0192719
2 0.552694 0.770833 0.018112 0.0116667 0.0191956
0 0.202715 0.774167 0.0156042 0.035 0.0190125
0 0.20369 0.768542 0.0122604 0.04625 0.0188751
0 0.0872161 0.781875 0.0200625 0.0329166 0.0184021
0 0.524969 0.752083 0.0111458 0.025 0.018158
2 0.522182 0.773333 0.013375 0.0133333 0.0176392
0 0.130406 0.764167 0.0122604 0.0183334 0.0172424
33 0.0146289 0.77 0.0268893 0.015 0.016922
0 0.208288 0.759167 0.00975258 0.0333333 0.0167847
33 0.663177 0.830833 0.0200625 0.0133333 0.0166626
1 0.863802 0.788333 0.0535 0.0433333 0.0165253
13 0.0617897 0.728333 0.0541966 0.0266667 0.0162811
0 0.165237 0.773125 0.0175547 0.0237499 0.0162811
0 0.226539 0.769167 0.0139323 0.0216667 0.0162811
1 0.872719 0.780833 0.0356667 0.0416666 0.0162811
2 0.703302 0.771667 0.0156042 0.0116667 0.016098
33 0.465896 0.4975 0.0278646 0.0233333 0.0156708
33 0.268893 0.634583 0.0334375 0.0308333 0.0156021
0 0.878292 0.765417 0.0111459 0.0441666 0.0155411
7 0.0617897 0.727917 0.0550326 0.03 0.0152512
0 0.864917 0.768333 0.013375 0.0516667 0.0146179
33 0.688812 0.470417 0.0367813 0.0341667 0.0145569
0 0.628625 0.776667 0.013375 0.03 0.0141754
0 0.329917 0.75875 0.00780208 0.0291667 0.014061
33 0.458094 0.610833 0.0066875 0.0116666 0.0139542
33 0.273909 0.6375 0.0139323 0.0283334 0.0137405
0 0.617479 0.775 0.00891666 0.03 0.0136871
2 0.0854049 0.73125 0.0253568 0.0183333 0.0135345
2 0.450013 0.773333 0.0339948 0.0216667 0.0132751
0 0.171646 0.7675 0.0234063 0.045 0.0131683
2 0.44249 0.775 0.0150469 0.0216667 0.0130692
0 0.867703 0.768333 0.013375 0.0316667 0.0130234
2 0.706646 0.771667 0.0222917 0.0116667 0.01297
0 0.365026 0.764583 0.0128177 0.0508334 0.0129242
0 0.729495 0.773542 0.0144896 0.0195834 0.0129242
13 0.766833 0.766458 0.0735625 0.0237499 0.0126266
0 0.60299 0.774167 0.0111458 0.0266667 0.0126266
0 0.477042 0.77 0.00891671 0.03 0.012146
33 0.453914 0.775 0.0200625 0.02 0.0118713
0 0.881635 0.791667 0.0156042 0.0233333 0.0118713
33 0.522182 0.773333 0.013375 0.0133333 0.0118256
13 0.765719 0.7725 0.0334375 0.0133333 0.0117798
0 0.326852 0.7575 0.0100312 0.03 0.0115967
0 0.473419 0.773333 0.00780206 0.0216667 0.0114212
0 0.848198 0.7775 0.0222917 0.0516667 0.0111618
33 0.277531 0.6475 0.0200625 0.0333334 0.0108566
0 0.477599 0.763333 0.00947394 0.0333333 0.0107803
0 0.604104 0.771667 0.0178333 0.03 0.0106125
33 0.458372 0.492917 0.0178334 0.0158333 0.0105667
0 0.575125 0.76375 0.013375 0.0175 0.0105667
33 0.649802 0.83 0.0512709 0.0183334 0.0105667
0 0.644229 0.785 0.00891666 0.0133333 0.0104904
33 0.612464 0.660417 0.02675 0.0341667 0.0104523
0 0.525526 0.7725 0.0111458 0.0183333 0.0102463
0 0.374221 0.764583 0.0183906 0.0508334 0.01017
0 0.466453 0.773333 0.0100313 0.0233333 0.00985718
0 0.325737 0.760833 0.0100312 0.0316667 0.00981903
0 0.615807 0.773333 0.0156042 0.0333333 0.00941467
0 0.192266 0.775833 0.0144896 0.0316666 0.00933838
0 0.577911 0.773333 0.0211771 0.035 0.00930023
33 0.703302 0.771667 0.0156042 0.0116667 0.00926971
13 0.145174 0.763333 0.0443047 0.02 0.00891876
0 0.477042 0.7475 0.00891671 0.0158333 0.0088501
0 0.858229 0.763333 0.00891666 0.04 0.00854492
0 0.418526 0.775833 0.0111458 0.03 0.00844574
0 0.16468 0.768125 0.0203411 0.0337499 0.00837708
14 0.459766 0.4925 0.0144896 0.0133333 0.00828552
2 0.316542 0.765833 0.0100312 0.0183333 0.00818634
33 0.665406 0.770833 0.0200625 0.015 0.00809479
0 0.225424 0.761667 0.0167187 0.0383334 0.00775528
33 0.644229 0.785 0.00891666 0.0133333 0.00775528
0 0.920646 0.7675 0.0111458 0.0283333 0.00757599
13 0.754573 0.7675 0.0780208 0.0233333 0.00740433
33 0.127655 0.779167 0.0640189 0.0333334 0.00720596
2 0.30651 0.764583 0.0111458 0.0158333 0.00714874
0 0.941266 0.770833 0.0100313 0.01 0.00695801
1 0.881635 0.79 0.0156042 0.0266667 0.0069313
0 0.816432 0.765833 0.0100312 0.0216667 0.00671768
33 0.289792 0.77 0.0144896 0.0133333 0.00653839
1 0.86826 0.79 0.0445833 0.0266667 0.00638962
33 0.676552 0.207083 0.0423542 0.0354167 0.00626373
36 0.863802 0.781667 0.0557291 0.0483334 0.00624084
0 0.30651 0.764583 0.0111458 0.0158333 0.00616837
33 0.920646 0.765 0.013375 0.025 0.00609589
33 0.699958 0.462083 0.02675 0.0525 0.00595856
2 0.302052 0.76125 0.0139323 0.0158333 0.00582123
33 0.447784 0.59375 0.0178333 0.0133334 0.00572968
2 0.418526 0.768125 0.0156042 0.02375 0.00561905
7 0.0795534 0.729167 0.0114245 0.0258333 0.0055542
33 0.141552 0.766667 0.0593516 0.025 0.00551224
0 0.417411 0.775208 0.0144896 0.03625 0.00551224
33 0.628625 0.828333 0.00780206 0.0133333 0.00547028
33 0.444161 0.733333 0.0122604 0.015 0.00542831
33 0.478156 0.4975 0.0568438 0.0283334 0.00536346
2 0.444161 0.733333 0.0122604 0.015 0.00527954
1 0.201322 0.781667 0.0175547 0.02 0.00526047
33 0.268127 0.650417 0.0366419 0.0433333 0.00524139
13 0.0879128 0.780833 0.0208984 0.0333333 0.00521851
0 0.162033 0.771875 0.0236849 0.0229167 0.00521851
0 0.44249 0.775 0.0150469 0.0216667 0.00518036
2 0.537229 0.76 0.0100312 0.03 0.00510025
33 0.531656 0.695417 0.0066875 0.00833337 0.00498199
0 0.473698 0.755 0.00835934 0.02 0.00496292
5 0.0617897 0.727917 0.0550326 0.03 0.00482941
33 0.731167 0.28125 0.0278646 0.0175 0.00477219
0 0.920646 0.765833 0.0156042 0.0233333 0.00477219
2 0.432458 0.776458 0.0122604 0.03375 0.00475693
1 0.866031 0.770833 0.0200625 0.0333333 0.00473785
33 0.44249 0.775 0.0150469 0.0216667 0.00471878
33 0.123579 0.785 0.057401 0.0266667 0.00468063
1 0.920646 0.765 0.013375 0.025 0.00466537
2 0.0610931 0.728333 0.0528034 0.025 0.0046463
0 0.579583 0.775833 0.0178333 0.0283334 0.0046463
33 0.568995 0.773125 0.0122604 0.0204167 0.0045929
33 0.11104 0.770833 0.0239635 0.0116667 0.00457382
0 0.201322 0.781667 0.0175547 0.02 0.00452042
13 0.124415 0.771667 0.0278646 0.0116667 0.00448608
33 0.276695 0.638333 0.0200625 0.03 0.00443268
2 0.576797 0.774167 0.0156042 0.0300001 0.00443268
33 0.941266 0.770833 0.0100313 0.01 0.00443268
2 0.584042 0.7775 0.0111458 0.025 0.00441742
2 0.941266 0.770833 0.0100313 0.01 0.00438309
0 0.640885 0.776458 0.0156042 0.0304166 0.00434875
33 0.109717 0.805833 0.0260534 0.0333333 0.00434875
24 0.0872161 0.781875 0.0200625 0.0329166 0.00432968
33 0.445276 0.600833 0.0161614 0.0291666 0.00429916
2 0.665406 0.770833 0.0200625 0.015 0.00426483
33 0.0272986 0.765833 0.0404211 0.015 0.00421524
33 0.584042 0.7775 0.0111458 0.025 0.00419998
7 0.0795534 0.729167 0.0186693 0.0241666 0.00418091
0 0.866031 0.784167 0.0445834 0.0383334 0.00418091
33 0.640885 0.776458 0.0156042 0.0304166 0.00415039
7 0.450013 0.773333 0.0339948 0.0216667 0.00411606
33 0.851542 0.758333 0.0156042 0.0383334 0.00405502
0 0.576797 0.774167 0.0156042 0.0300001 0.00403976
33 0.283661 0.574167 0.013375 0.0225 0.00402451
33 0.0359801 0.765833 0.0245905 0.0133333 0.00400543
2 0.0411351 0.728333 0.0122604 0.025 0.00397491
13 0.137094 0.765833 0.0390104 0.02 0.00397491
24 0.0833151 0.781667 0.0147682 0.035 0.00397491
1 0.0795534 0.729167 0.0186693 0.0241666 0.00395966
2 0.509922 0.731667 0.0167187 0.00833329 0.00395966
13 0.77575 0.765833 0.0512709 0.02 0.00395966
33 0.657047 0.8325 0.0356667 0.0183333 0.00395966
2 0.494875 0.745 0.0144896 0.0116667 0.00392914
29 0.12957 0.808333 0.0652031 0.0366667 0.00390053
1 0.192266 0.775833 0.0144896 0.0316666 0.00387001
2 0.568995 0.773125 0.0122604 0.0204167 0.00379562
25 0.12957 0.808333 0.0660391 0.0366667 0.00378036
33 0.165237 0.773125 0.0175547 0.0237499 0.0037365
2 0.527198 0.771458 0.0111458 0.0170834 0.0037365
0 0.0795534 0.729167 0.0114245 0.0258333 0.00365067
2 0.417411 0.775208 0.0144896 0.03625 0.0036068
56 0.192266 0.775833 0.0144896 0.0316666 0.0036068
1 0.868818 0.77 0.0144896 0.0283334 0.00359344
0 0.724479 0.773333 0.0111458 0.02 0.00359344
33 0.605219 0.72375 0.0156042 0.02 0.00358009
2 0.420198 0.765833 0.0189479 0.0283334 0.00356483
0 0.331589 0.766875 0.00780211 0.03625 0.00355148
33 0.862688 0.784167 0.0535 0.04 0.00355148
1 0.844854 0.7725 0.0189479 0.0583333 0.00353813
0 0.126087 0.769167 0.0278646 0.015 0.00351143
0 0.332703 0.757917 0.0100313 0.0325 0.00348282
0 0.866031 0.770833 0.0200625 0.0333333 0.00348282
33 0.469797 0.49 0.0356667 0.025 0.00346947
2 0.510479 0.722917 0.017276 0.0175 0.00346947
0 0.888323 0.783125 0.0156041 0.0370833 0.00346947
7 0.0817651 0.725 0.0950531 0.0358333 0.00345612
0 0.41769 0.769167 0.0150469 0.03 0.00337601
33 0.477599 0.5025 0.0568438 0.0266667 0.00336266
0 0.869375 0.765 0.0222917 0.0416667 0.00332451
33 0.891667 0.774792 0.0122604 0.0204166 0.00332451
0 0.453914 0.775 0.0200625 0.02 0.00327301
33 0.687698 0.464583 0.0378958 0.0358333 0.00325966
0 0.52887 0.757083 0.0178333 0.0341666 0.00324821
13 0.160082 0.766875 0.0270286 0.02625 0.00324821
38 0.868818 0.77 0.0144896 0.0283334 0.00323486
33 0.259977 0.629167 0.0217344 0.0233334 0.00317192
33 0.61525 0.6625 0.0334375 0.0275 0.00313568
33 0.298708 0.769792 0.02675 0.01375 0.00313568
0 0.872719 0.780833 0.0356667 0.0416666 0.00313568
1 0.848198 0.7775 0.0222917 0.0516667 0.00313568
0 0.704417 0.7225 0.0111458 0.03 0.00311089
56 0.0879128 0.780833 0.0208984 0.0333333 0.003088
0 0.571781 0.768333 0.0156042 0.025 0.00307465
0 0.863245 0.788333 0.0535 0.0416667 0.00307465
0 0.318214 0.768333 0.0100312 0.0183334 0.0030632
33 0.130824 0.785833 0.0654818 0.0449999 0.0030632
33 0.636427 0.775833 0.0178333 0.03 0.00304031
33 0.639771 0.7725 0.0178333 0.0316666 0.00302696
13 0.192266 0.775833 0.0144896 0.0316666 0.00302696
0 0.522182 0.773333 0.013375 0.0133333 0.00300407
33 0.26757 0.639583 0.0366419 0.0433333 0.00300407
13 0.126087 0.769167 0.0278646 0.015 0.00298119
33 0.226539 0.769167 0.0139323 0.0216667 0.00296974
0 0.324901 0.768333 0.0111458 0.0216666 0.00296974
33 0.868818 0.77 0.0144896 0.0283334 0.0029583
0 0.703302 0.771667 0.0156042 0.0116667 0.00294685
33 0.754016 0.771875 0.0100312 0.0129166 0.00293541
0 0.277253 0.758333 0.00780208 0.0158333 0.00293541
9 0.537229 0.758333 0.00947394 0.03 0.00292397
7 0.706646 0.771667 0.0222917 0.0116667 0.00292397
0 0.820333 0.755 0.0156042 0.0383334 0.00290108
33 0.765719 0.7725 0.0334375 0.0133333 0.00287819
8 0.0146289 0.77 0.0268893 0.015 0.00286674
2 0.280875 0.7625 0.0111458 0.015 0.00282288
58 0.967458 0.752917 0.0278646 0.0391666 0.00274658
33 0.432458 0.776458 0.0122604 0.03375 0.00273705
33 0.517724 0.773333 0.0156042 0.0116666 0.00273705
33 0.576797 0.774167 0.0156042 0.0300001 0.0027256
1 0.22013 0.766667 0.0256354 0.0333333 0.0027256
2 0.547818 0.766667 0.0256354 0.02 0.00268364
33 0.579583 0.78 0.0178333 0.0233333 0.00268364
4 0.686583 0.206667 0.0234063 0.0333333 0.00266266
0 0.60299 0.778333 0.0111458 0.02 0.00265312
0 0.295922 0.759167 0.0100312 0.02 0.00265312
0 0.57624 0.7575 0.0156042 0.0283333 0.0026207
33 0.259977 0.655 0.0501563 0.0366667 0.00260162
33 0.160082 0.766875 0.0270286 0.02625 0.00255013
2 0.517724 0.773333 0.0156042 0.0116666 0.00253105
2 0.59463 0.776667 0.0256354 0.025 0.00253105
33 0.137094 0.765833 0.0390104 0.02 0.00247192
0 0.316542 0.765833 0.0100312 0.0183333 0.00247192
33 0.0179727 0.7725 0.0335072 0.0216667 0.00247192
14 0.686583 0.206667 0.0234063 0.0333333 0.00244331
7 0.453914 0.775 0.0200625 0.02 0.00243378
2 0.44862 0.7725 0.0378958 0.03 0.00235939
33 0.686583 0.206667 0.0245208 0.0333333 0.81543
33 0.697729 0.469167 0.0222917 0.0375 0.723145
33 0.129292 0.808333 0.0657604 0.0366667 0.554688
33 0.610792 0.665833 0.0245208 0.025 0.494141
0 0.394284 0.768542 0.013375 0.0495834 0.391357
0 0.178891 0.766667 0.0158828 0.0516667 0.370117
33 0.459766 0.492917 0.0150469 0.0141667 0.213379
33 0.464224 0.494167 0.0239635 0.0166667 0.160278
33 0.469518 0.495417 0.0351094 0.0183333 0.144165
33 0.44444 0.594167 0.0144896 0.015 0.139404
0 0.191151 0.764167 0.0128177 0.0533333 0.133911
0 0.920646 0.76375 0.0122604 0.0225 0.13208
0 0.610792 0.771667 0.0111458 0.03 0.124207
0 0.851542 0.758333 0.0156042 0.0383334 0.108582
0 0.614135 0.774167 0.00891666 0.0316667 0.105408
0 0.341063 0.771667 0.0100312 0.05 0.102661
0 0.207452 0.763333 0.00891666 0.0333333 0.0894775
0 0.36837 0.764583 0.013375 0.0525 0.0881958
0 0.879406 0.755417 0.0100312 0.0241666 0.078064
0 0.0833151 0.781667 0.0147682 0.035 0.0710449
0 0.347471 0.771458 0.013375 0.05375 0.0643921
0 0.222638 0.762917 0.0167187 0.0324999 0.0630493
0 0.637542 0.773542 0.0156042 0.0329167 0.0608521
0 0.349422 0.765833 0.0122604 0.0583333 0.0597534
0 0.844297 0.76 0.0156042 0.04 0.0578003
0 0.879406 0.759167 0.0111459 0.0316666 0.0571899
0 0.219434 0.76 0.0111458 0.0283334 0.0569763
33 0.278089 0.643333 0.0167187 0.02 0.0534058
2 0.0147682 0.77 0.026959 0.015 0.053009
0 0.434966 0.775 0.0111458 0.0266667 0.0524292
0 0.205362 0.773333 0.0122604 0.03 0.0488586
0 0.537229 0.758333 0.00947394 0.03 0.0474243
2 0.453914 0.775 0.0200625 0.02 0.0470886
0 0.920646 0.7625 0.00891666 0.0216667 0.0462952
0 0.343849 0.7725 0.0122604 0.05 0.0462036
0 0.188643 0.765833 0.0153255 0.0516666 0.0459595
0 0.630854 0.774792 0.0156042 0.0304167 0.0455933
0 0.20787 0.766667 0.0111458 0.04 0.0451965
0 0.225007 0.764583 0.0169974 0.0308334 0.0437622
0 0.218458 0.7575 0.00947397 0.0266667 0.0432739
0 0.879964 0.752917 0.0100312 0.0183334 0.0394287
2 0.0782298 0.729583 0.0156042 0.0216666 0.0370483
0 0.431901 0.78 0.00891666 0.0266667 0.0367126
0 0.379516 0.773542 0.0100312 0.03625 0.0348206
33 0.470354 0.499167 0.0384532 0.0233333 0.0346069
1 0.846526 0.788333 0.0211771 0.0333333 0.0346069
1 0.864359 0.784167 0.0490417 0.0383334 0.0343628
0 0.167187 0.771667 0.0217344 0.0383334 0.0340271
33 0.270008 0.64125 0.0317656 0.0275 0.0328369
0 0.847083 0.756667 0.0200625 0.04 0.031311
0 0.383417 0.773542 0.00835938 0.0395834 0.0306244
0 0.848198 0.7675 0.0222917 0.0566667 0.0273285
33 0.706646 0.771667 0.0222917 0.0116667 0.0265503
7 0.0618594 0.7275 0.0551719 0.03 0.0262604
33 0.124555 0.771667 0.0281432 0.0116667 0.0259552
0 0.525526 0.759167 0.0100313 0.035 0.0258636
33 0.162172 0.771875 0.0239635 0.0229167 0.025177
0 0.205641 0.765 0.0105885 0.0366667 0.0246124
0 0.634755 0.775833 0.0178333 0.0316666 0.0244751
58 0.970802 0.736667 0.0412395 0.0666667 0.024231
33 0.552694 0.770833 0.018112 0.0116667 0.0238647
0 0.219712 0.763333 0.0228489 0.035 0.0237274
0 0.0782298 0.729583 0.0156042 0.0216666 0.023468
2 0.552694 0.770833 0.018112 0.0116667 0.0232391
0 0.538344 0.765833 0.0111458 0.0216667 0.021698
0 0.337719 0.766667 0.0111459 0.035 0.0216217
0 0.584042 0.7775 0.0111458 0.025 0.0214844
33 0.126366 0.769167 0.0278646 0.015 0.0213623
33 0.730052 0.773542 0.0156042 0.0195834 0.0207214
33 0.659276 0.83 0.0289792 0.0133333 0.0206451
2 0.522182 0.773333 0.0139323 0.0133333 0.0198669
33 0.704417 0.468333 0.0345521 0.04 0.0197144
0 0.817547 0.755417 0.0111458 0.0391667 0.0194244
0 0.367812 0.770833 0.0111458 0.045 0.0193481
1 0.872162 0.781667 0.0367812 0.0416667 0.0192719
33 0.0147682 0.77 0.026959 0.015 0.0191956
0 0.432737 0.776458 0.0128177 0.03375 0.019165
2 0.449734 0.773542 0.0356667 0.0229166 0.0187683
2 0.704417 0.771667 0.0178333 0.0116667 0.0183411
0 0.208427 0.759167 0.0100312 0.0316666 0.0181885
0 0.20369 0.768333 0.0125391 0.0466667 0.018158
2 0.0854049 0.730833 0.0264714 0.0183334 0.0181274
0 0.524969 0.751667 0.0111458 0.0241666 0.0181274
0 0.0871465 0.781875 0.0199232 0.0329166 0.0180206
0 0.414904 0.78 0.00947394 0.03 0.0177155
0 0.130406 0.764167 0.0122604 0.0183334 0.0174408
2 0.443047 0.775 0.0156042 0.0216667 0.0173798
0 0.845411 0.771875 0.0200625 0.0595833 0.0171814
0 0.165237 0.773125 0.0178333 0.0237499 0.0166626
33 0.688812 0.470417 0.0378958 0.0341667 0.0165253
13 0.765719 0.7725 0.0334375 0.0133333 0.0161591
33 0.268893 0.635 0.0334375 0.0316667 0.0160217
0 0.202576 0.775 0.0158828 0.0333333 0.0156708
0 0.2264 0.769167 0.0139323 0.0216667 0.0155411
33 0.466453 0.4975 0.0289792 0.0233333 0.0153046
13 0.061842 0.728333 0.0543708 0.0266667 0.0153046
0 0.848198 0.7875 0.0200625 0.0316667 0.0145569
33 0.663177 0.830833 0.0200625 0.0133333 0.0145569
33 0.273909 0.6375 0.0139323 0.0283334 0.0143356
0 0.329917 0.759167 0.00780208 0.03 0.014061
0 0.171646 0.766875 0.0234063 0.04625 0.0139542
33 0.458094 0.610833 0.00780211 0.0116666 0.0136871
13 0.766276 0.7675 0.0735625 0.025 0.0136337
33 0.278089 0.64625 0.0178334 0.0275 0.0134811
0 0.628625 0.776667 0.013375 0.03 0.0134811
0 0.617479 0.775 0.00891666 0.03 0.0132217
0 0.878292 0.765 0.0111459 0.0433333 0.0130234
0 0.862688 0.77 0.0200625 0.055 0.0130234
0 0.477042 0.77 0.00891671 0.03 0.0122375
0 0.60299 0.774167 0.0111458 0.0266667 0.0121002
0 0.473419 0.773333 0.00780206 0.0216667 0.0116882
0 0.326573 0.757917 0.0100312 0.0291666 0.0113754
33 0.522182 0.773333 0.0139323 0.0133333 0.0112457
33 0.613021 0.660417 0.02675 0.0341667 0.0112457
0 0.365026 0.764583 0.0122604 0.0508334 0.0112
0 0.867703 0.768333 0.013375 0.0316667 0.0110703
5 0.0618594 0.7275 0.0551719 0.03 0.0110321
0 0.730052 0.773542 0.0156042 0.0195834 0.0109024
0 0.575125 0.76375 0.013375 0.0175 0.0108566
7 0.0767669 0.729167 0.0175547 0.0266667 0.0107346
0 0.466453 0.773333 0.0100313 0.0233333 0.0106964
0 0.525526 0.7725 0.0117032 0.0183333 0.0104904
0 0.477599 0.763333 0.00891666 0.0316666 0.0102463
13 0.144931 0.763333 0.045071 0.02 0.01017
0 0.603547 0.771667 0.0189479 0.03 0.01017
0 0.644229 0.785 0.00891666 0.0133333 0.0100098
33 0.649802 0.83 0.0512709 0.02 0.0100098
2 0.316542 0.765833 0.0100312 0.0183333 0.00963593
33 0.453914 0.775 0.0200625 0.02 0.00945282
0 0.577911 0.773333 0.0211771 0.035 0.00941467
0 0.881635 0.7925 0.0156042 0.0216667 0.00933838
0 0.61525 0.773333 0.0156042 0.0333333 0.00930023
0 0.883865 0.791667 0.013375 0.0233333 0.0088501
0 0.192544 0.776667 0.0144896 0.03 0.00857544
0 0.16468 0.769167 0.0203411 0.0333334 0.00854492
0 0.373943 0.764167 0.0189479 0.0516667 0.0085144
2 0.30651 0.764583 0.0117031 0.0158333 0.00841522
0 0.477042 0.7475 0.00891671 0.015 0.00834656
13 0.754573 0.768333 0.0813646 0.0233333 0.00821686
33 0.644229 0.785 0.00891666 0.0133333 0.00809479
33 0.665406 0.770833 0.0200625 0.015 0.00800323
0 0.921203 0.7675 0.0111459 0.0283333 0.00754929
36 0.863802 0.780833 0.0557291 0.0500001 0.00737381
2 0.0757917 0.729167 0.0250781 0.0233333 0.00731659
14 0.459766 0.492917 0.0150469 0.0141667 0.00723267
2 0.302052 0.761667 0.0144896 0.015 0.00703812
33 0.289792 0.77 0.0144896 0.0133333 0.00703812
0 0.20369 0.77 0.0167187 0.0416667 0.00701141
0 0.418526 0.775833 0.0100312 0.0283334 0.00701141
33 0.699958 0.462083 0.02675 0.0525 0.00666809
2 0.418526 0.768125 0.0156042 0.02375 0.00658798
33 0.920646 0.765 0.013375 0.025 0.00658798
33 0.12748 0.779167 0.0635312 0.0316666 0.00658798
33 0.676552 0.207083 0.0423542 0.0354167 0.00656509
1 0.866589 0.79 0.0479271 0.0266667 0.00651169
2 0.432737 0.776458 0.0128177 0.03375 0.0064888
1 0.881635 0.79 0.0167187 0.0266667 0.00626373
0 0.30651 0.764583 0.0117031 0.0158333 0.00624084
0 0.816432 0.766667 0.0100312 0.02 0.00619125
2 0.0611628 0.728333 0.053082 0.025 0.00614548
7 0.0851263 0.725 0.101706 0.0366667 0.00609589
0 0.941823 0.770833 0.0111459 0.01 0.00598145
0 0.858786 0.762917 0.0100312 0.0391667 0.00595856
33 0.448062 0.593333 0.0178333 0.0133333 0.00595856
2 0.444161 0.733333 0.0122604 0.015 0.00584412
33 0.477599 0.4975 0.0557292 0.0283334 0.00577545
2 0.537229 0.76 0.0100312 0.03 0.00542831
0 0.365583 0.758333 0.0144896 0.05 0.00538635
1 0.201182 0.781667 0.0178333 0.02 0.00530243
7 0.449734 0.773542 0.0356667 0.0229166 0.00530243
1 0.866031 0.771875 0.0200625 0.0329166 0.00527954
2 0.584042 0.7775 0.0111458 0.025 0.00526047
0 0.162172 0.771875 0.0239635 0.0229167 0.00524139
13 0.0880521 0.780833 0.0208984 0.0333333 0.00518036
33 0.141552 0.766875 0.0596302 0.02625 0.00518036
0 0.443047 0.775 0.0156042 0.0216667 0.00518036
33 0.628625 0.828333 0.00891666 0.0133333 0.00511932
2 0.576797 0.774167 0.0156042 0.0300001 0.00510025
0 0.473698 0.755 0.00835934 0.0191667 0.00510025
0 0.203133 0.761667 0.0117031 0.05 0.00508118
7 0.0795534 0.729167 0.0186693 0.0233333 0.00503922
0 0.849312 0.775208 0.0245209 0.05625 0.00498199
13 0.124555 0.771667 0.0281432 0.0116667 0.00494385
0 0.845969 0.79 0.0200624 0.0283334 0.00494385
2 0.509922 0.722917 0.0183906 0.0183334 0.0049057
33 0.531656 0.695417 0.0066875 0.00833337 0.00486755
33 0.851542 0.758333 0.0156042 0.0383334 0.00486755
2 0.0411351 0.728333 0.0123301 0.025 0.00484848
2 0.509922 0.73125 0.0167187 0.00916661 0.00482941
33 0.268615 0.650833 0.0356667 0.0433333 0.00475693
2 0.417411 0.774167 0.0144896 0.035 0.00475693
33 0.444161 0.733333 0.0122604 0.015 0.00471878
13 0.137616 0.765833 0.0401947 0.02 0.00469971
33 0.731167 0.281667 0.0278646 0.0175 0.00468063
33 0.276695 0.638333 0.0200625 0.03 0.00462723
33 0.0261927 0.765833 0.0437474 0.015 0.00453949
33 0.640885 0.776458 0.0156042 0.0304166 0.00453949
33 0.109926 0.805833 0.0264714 0.0333333 0.00453949
2 0.665406 0.770833 0.0200625 0.015 0.00450516
2 0.494875 0.745 0.0144896 0.0116667 0.00446701
33 0.941823 0.770833 0.0111459 0.01 0.00446701
1 0.920646 0.765 0.013375 0.025 0.00439835
2 0.941823 0.770833 0.0111459 0.01 0.00438309
0 0.417411 0.774167 0.0144896 0.035 0.00434875
2 0.568438 0.773125 0.0111459 0.0204167 0.00431442
33 0.0346914 0.765833 0.0280039 0.0133333 0.00429916
2 0.420477 0.765833 0.0189479 0.0266667 0.00429916
13 0.77575 0.765833 0.0523854 0.02 0.00428009
0 0.201182 0.781667 0.0178333 0.02 0.00426483
0 0.640885 0.776458 0.0156042 0.0304166 0.0042305
0 0.920646 0.765833 0.0156042 0.0233333 0.0042305
24 0.0880521 0.780833 0.0208984 0.0333333 0.00421524
33 0.605776 0.72375 0.0156042 0.0208333 0.00418091
33 0.568438 0.773125 0.0111459 0.0204167 0.00418091
33 0.11104 0.770833 0.0239635 0.0116667 0.00415039
33 0.445276 0.600833 0.0167188 0.0291666 0.00411606
2 0.527198 0.771458 0.0117031 0.0170834 0.00405502
33 0.12344 0.783333 0.057401 0.0266667 0.00405502
29 0.12957 0.808333 0.0652031 0.0366667 0.00405502
33 0.862688 0.784167 0.0535 0.0416666 0.00402451
33 0.477599 0.5025 0.0568438 0.0266667 0.0039444
1 0.868818 0.77 0.0144896 0.0283334 0.00392914
0 0.331589 0.766875 0.00780211 0.03625 0.00392914
33 0.443047 0.775 0.0156042 0.0216667 0.00391388
0 0.576797 0.774167 0.0156042 0.0300001 0.00391388
33 0.584042 0.7775 0.0111458 0.025 0.00391388
1 0.192544 0.776667 0.0144896 0.03 0.00390053
1 0.845411 0.771875 0.0200625 0.0595833 0.00382423
0 0.579583 0.775833 0.0178333 0.0283334 0.00382423
13 0.160221 0.7675 0.0270286 0.0266667 0.00378036
1 0.0795534 0.729167 0.0186693 0.0233333 0.0037365
33 0.165237 0.773125 0.0178333 0.0237499 0.0037365
33 0.655932 0.8325 0.0378958 0.0183333 0.00372124
25 0.129605 0.808333 0.066248 0.0366667 0.00370789
33 0.687698 0.465 0.0378958 0.0366667 0.00365067
38 0.868818 0.77 0.0144896 0.0283334 0.0036068
33 0.267779 0.639167 0.0367813 0.045 0.00356483
13 0.126366 0.769167 0.0278646 0.015 0.00352478
33 0.61525 0.6625 0.0334375 0.0283333 0.00349617
24 0.0833151 0.781667 0.0147682 0.035 0.00348282
0 0.332703 0.758333 0.0100313 0.0333333 0.00344276
0 0.864359 0.784167 0.0490417 0.0383334 0.00342941
0 0.126366 0.769167 0.0278646 0.015 0.00335121
9 0.537229 0.758333 0.00947394 0.03 0.00333786
33 0.2264 0.769167 0.0139323 0.0216667 0.00324821
0 0.453914 0.775 0.0200625 0.02 0.00324821
33 0.636427 0.775833 0.0178333 0.03 0.00324821
33 0.639771 0.7725 0.0178333 0.0316666 0.00322342
33 0.469797 0.49 0.0356667 0.025 0.00321007
0 0.317935 0.768333 0.0100312 0.0183334 0.00318527
0 0.52887 0.757083 0.0178333 0.0341666 0.00317192
33 0.891667 0.774792 0.0122604 0.0204166 0.00314713
33 0.259977 0.629583 0.0217344 0.0241667 0.00313568
0 0.571781 0.768333 0.0144896 0.025 0.00313568
33 0.298708 0.769792 0.02675 0.01375 0.00313568
13 0.192544 0.776667 0.0144896 0.03 0.00311089
33 0.0171715 0.7725 0.0317656 0.0216667 0.00311089
7 0.706646 0.771667 0.0222917 0.0116667 0.00307465
13 0.754573 0.7725 0.0111458 0.0133333 0.00307465
1 0.849312 0.775208 0.0245209 0.05625 0.00305176
8 0.0147682 0.77 0.026959 0.015 0.00301552
56 0.192544 0.776667 0.0144896 0.03 0.00301552
2 0.548654 0.766667 0.0250782 0.02 0.00300407
5 0.0767669 0.729167 0.0175547 0.0266667 0.00298119
0 0.704417 0.7225 0.0111458 0.03 0.0029583
2 0.506578 0.7225 0.0234062 0.0166667 0.00291252
58 0.967458 0.752083 0.0278646 0.0375 0.00290108
2 0.59463 0.776667 0.0256354 0.025 0.00288963
0 0.888323 0.7825 0.0156041 0.0383333 0.00288963
0 0.579583 0.78 0.0189479 0.0233333 0.00288963
2 0.00820264 0.745833 0.0152559 0.0283334 0.00286674
7 0.453914 0.775 0.0200625 0.02 0.00286674
0 0.57624 0.7575 0.0156042 0.0283333 0.00284576
33 0.868818 0.77 0.0144896 0.0283334 0.00284576
7 0.863802 0.780833 0.0557291 0.0500001 0.00284576
0 0.324901 0.768333 0.0111458 0.0216666 0.00283432
33 0.765719 0.7725 0.0334375 0.0133333 0.00282288
2 0.754573 0.7725 0.0111458 0.0133333 0.00279999
33 0.130824 0.785 0.0654818 0.045 0.00279999
2 0.518003 0.773333 0.0156042 0.0116666 0.00279045
33 0.754573 0.7725 0.0111458 0.0133333 0.00279045
33 0.518003 0.773333 0.0156042 0.0116666 0.00275803
0 0.522182 0.773333 0.0139323 0.0133333 0.00275803
0 0.277531 0.758333 0.00780208 0.015 0.00275803
0 0.872162 0.781667 0.0367812 0.0416667 0.00273705
2 0.280875 0.7625 0.0111458 0.015 0.00271416
1 0.220409 0.765833 0.0256354 0.0333334 0.00270462
0 0.820333 0.754167 0.0156042 0.0383334 0.0026722
33 0.280596 0.646667 0.0239635 0.0316667 0.00266266
33 0.28394 0.574167 0.013375 0.0233334 0.00265312
33 0.70776 0.7725 0.02675 0.0166667 0.00265312
56 0.0880521 0.780833 0.0208984 0.0333333 0.00256157
0 0.866031 0.771875 0.0200625 0.0329166 0.00255013
7 0.522182 0.773333 0.0139323 0.0133333 0.00253105
13 0.125669 0.766667 0.0317656 0.0216667 0.00252151
0 0.60299 0.778333 0.0111458 0.02 0.00252151
33 0.160221 0.7675 0.0270286 0.0266667 0.00251198
33 0.576797 0.774167 0.0156042 0.0300001 0.00251198
60 0.289513 1 0.577911 0 0.00251198
0 0.869375 0.765417 0.0222917 0.0425 0.00250244
33 0.686583 0.206667 0.0245208 0.0333333 0.813965
33 0.697729 0.469167 0.0222917 0.0375 0.720215
33 0.129431 0.809167 0.0657604 0.0366667 0.556641
33 0.611349 0.665833 0.0256354 0.025 0.494141
0 0.394284 0.768542 0.013375 0.0495834 0.388672
0 0.178891 0.766667 0.0161615 0.0516667 0.378418
33 0.459766 0.4925 0.0150469 0.0133333 0.201782
33 0.464503 0.494167 0.0245208 0.0166667 0.155029
33 0.469518 0.495833 0.0356667 0.0183334 0.149048
33 0.44444 0.594167 0.0144896 0.015 0.137573
0 0.191151 0.764167 0.0128177 0.0533333 0.125488
0 0.920646 0.76375 0.0122604 0.0225 0.125122
0 0.610792 0.771667 0.0111458 0.03 0.122131
0 0.614135 0.774167 0.00891666 0.0316667 0.101929
0 0.341063 0.771667 0.0105885 0.05 0.0997925
0 0.207452 0.763333 0.00891666 0.0333333 0.0875854
0 0.851542 0.758333 0.0156042 0.0383334 0.0866089
0 0.36837 0.764583 0.013375 0.0525 0.0803833
0 0.0833848 0.781667 0.0149076 0.035 0.0726318
0 0.879406 0.755417 0.0100312 0.0241666 0.065979
0 0.222638 0.762917 0.0167187 0.0324999 0.0645142
2 0.0148031 0.77 0.026959 0.015 0.0628052
0 0.34775 0.771458 0.013375 0.05375 0.0607605
0 0.637542 0.773542 0.0156042 0.0329167 0.0588989
0 0.349422 0.765833 0.0122604 0.0583333 0.0557251
2 0.453914 0.775 0.0200625 0.02 0.053009
0 0.367812 0.770833 0.0117031 0.0433334 0.0529175
33 0.278089 0.643333 0.0167187 0.02 0.0522461
0 0.219573 0.76 0.0111458 0.03 0.0518494
0 0.844854 0.76 0.0156041 0.04 0.0508118
0 0.434966 0.775 0.0111458 0.0266667 0.050415
0 0.205501 0.773333 0.0122604 0.03 0.0498657
0 0.879406 0.759167 0.0111459 0.0316666 0.0453491
2 0.0782995 0.729583 0.0157435 0.0216666 0.0450134
0 0.188643 0.765833 0.0156042 0.0516666 0.0445862
0 0.343849 0.7725 0.0122604 0.05 0.044342
0 0.537229 0.758333 0.00947394 0.03 0.0441895
0 0.631411 0.774792 0.0167187 0.0304167 0.0424805
0 0.20787 0.766667 0.0111458 0.04 0.041626
0 0.920646 0.7625 0.00891666 0.0216667 0.041626
0 0.224867 0.764583 0.017276 0.0308334 0.0413818
0 0.218458 0.7575 0.00947397 0.0283333 0.0412292
33 0.470354 0.499583 0.0384532 0.0233333 0.0402527
0 0.880521 0.753333 0.0111458 0.0183333 0.0367737
0 0.167466 0.771875 0.0222917 0.0395833 0.0344849
0 0.431901 0.78 0.00891666 0.0266667 0.0340271
33 0.270356 0.64125 0.0321836 0.0275 0.0321045
7 0.061929 0.7275 0.0551719 0.03 0.0321045
0 0.379516 0.774167 0.0100312 0.035 0.0316772
1 0.864359 0.784167 0.0501563 0.0383334 0.0311432
0 0.383417 0.773333 0.00891666 0.0383334 0.0296478
33 0.706646 0.771667 0.0222917 0.0116667 0.0284424
0 0.166212 0.775 0.0217344 0.03 0.0281067
33 0.124694 0.771667 0.0281432 0.0116667 0.0273743
33 0.162172 0.771667 0.0239635 0.0233333 0.0269623
1 0.846526 0.788333 0.0211771 0.0333333 0.0267639
2 0.554087 0.77 0.022013 0.0116666 0.0258636
0 0.20578 0.765 0.0105886 0.0366667 0.0249939
0 0.847083 0.756667 0.0200625 0.04 0.0248871
33 0.552694 0.770833 0.018112 0.0116667 0.0238647
0 0.525805 0.759167 0.0105886 0.035 0.0236969
33 0.126261 0.769167 0.0283522 0.015 0.0228882
58 0.970802 0.736667 0.0412395 0.0666667 0.0224609
0 0.0782995 0.729583 0.0157435 0.0216666 0.0223236
2 0.522182 0.773333 0.0144896 0.0133333 0.0222931
2 0.085196 0.730833 0.0270286 0.0183334 0.0220337
33 0.730052 0.773542 0.0156042 0.0195834 0.0213623
2 0.449734 0.773542 0.0345521 0.0229166 0.0212097
0 0.219852 0.763333 0.022849 0.035 0.0209656
33 0.658719 0.83 0.0312083 0.0133333 0.0208893
0 0.848198 0.7675 0.0222917 0.0566667 0.0207672
0 0.538344 0.765833 0.0111458 0.0233333 0.0205994
0 0.635312 0.775833 0.0178333 0.0316666 0.0205688
33 0.704417 0.468333 0.0345521 0.04 0.0204926
2 0.704417 0.771667 0.0178333 0.0116667 0.0204163
0 0.337719 0.766667 0.0111459 0.035 0.0197906
2 0.443047 0.775 0.0167188 0.0216667 0.0196381
33 0.0148031 0.77 0.026959 0.015 0.0195618
0 0.345521 0.769167 0.0144896 0.0566666 0.0195312
0 0.584042 0.7775 0.0111458 0.025 0.0188293
0 0.208566 0.759167 0.0103099 0.0316666 0.0179901
1 0.871604 0.781458 0.0378959 0.0404166 0.0179901
33 0.688812 0.470417 0.0378958 0.0341667 0.0178528
0 0.817547 0.755417 0.0111458 0.0391667 0.0174408
0 0.20369 0.768333 0.0125391 0.0466667 0.0174408
0 0.0870768 0.781875 0.0197839 0.0329166 0.0173798
0 0.433016 0.776667 0.013375 0.0333333 0.016922
0 0.524969 0.751667 0.0111458 0.0241666 0.0166626
0 0.165237 0.773125 0.0178333 0.0237499 0.0162811
33 0.466732 0.4975 0.0300938 0.0233333 0.0161591
0 0.130406 0.764167 0.0122604 0.0183334 0.0160217
0 0.414904 0.78 0.00947394 0.03 0.0157776
33 0.269102 0.635 0.0335768 0.0316667 0.0156021
13 0.765719 0.7725 0.0334375 0.0133333 0.0149002
0 0.845411 0.771667 0.0200625 0.06 0.0146713
33 0.663177 0.830833 0.0200625 0.0133333 0.0146179
33 0.273909 0.6375 0.0139323 0.0283334 0.0144501
5 0.061929 0.7275 0.0551719 0.03 0.0144501
7 0.0743984 0.728333 0.0225703 0.0266667 0.014389
0 0.22626 0.769167 0.0139323 0.0216667 0.0142288
0 0.171646 0.766875 0.0234063 0.04625 0.0141754
13 0.0618594 0.728333 0.0544753 0.0266667 0.0140076
0 0.202576 0.775 0.0161615 0.0333333 0.0138474
0 0.329917 0.759167 0.00780208 0.03 0.0134277
33 0.458094 0.610833 0.00780211 0.0116666 0.0130692
0 0.848198 0.788333 0.0200625 0.03 0.0129242
13 0.766276 0.7675 0.0724479 0.025 0.012825
33 0.278089 0.64625 0.0178334 0.0275 0.0127716
0 0.617479 0.775 0.00891666 0.03 0.0119629
0 0.629182 0.776667 0.013375 0.03 0.0116882
0 0.477042 0.77 0.00891671 0.03 0.0115967
33 0.649802 0.83 0.0512709 0.02 0.0113297
0 0.861573 0.769792 0.0245208 0.0570833 0.0111618
0 0.60299 0.774167 0.0111458 0.0266667 0.0109482
0 0.878292 0.765 0.0111459 0.0433333 0.0109482
33 0.613021 0.66 0.02675 0.035 0.0109482
33 0.522182 0.773333 0.0144896 0.0133333 0.0107803
2 0.316542 0.765833 0.0100312 0.0183333 0.0107346
0 0.473698 0.773333 0.00780211 0.0216667 0.0104523
0 0.326573 0.757917 0.0100312 0.0291666 0.0104065
0 0.466453 0.773333 0.00947394 0.0233333 0.0102081
0 0.365026 0.764583 0.0122604 0.0508334 0.0100937
13 0.144896 0.763333 0.0451406 0.02 0.00985718
0 0.575125 0.76375 0.013375 0.0175 0.00981903
0 0.525526 0.7725 0.0122604 0.0183333 0.00981903
2 0.30651 0.764583 0.0117031 0.0158333 0.00941467
0 0.730052 0.773542 0.0156042 0.0195834 0.00941467
0 0.603547 0.771667 0.0189479 0.03 0.00937653
0 0.644229 0.785 0.00891666 0.0133333 0.00937653
0 0.477599 0.762917 0.00891666 0.0308333 0.00933838
0 0.867703 0.768333 0.013375 0.0316667 0.00926971
2 0.0732839 0.729167 0.0300938 0.0233333 0.00912476
0 0.61525 0.773333 0.0156042 0.0333333 0.00871277
0 0.881635 0.7925 0.0156042 0.0216667 0.00844574
33 0.644229 0.785 0.00891666 0.0133333 0.00841522
33 0.453914 0.775 0.0200625 0.02 0.00831604
0 0.16468 0.768125 0.0206198 0.0337499 0.00828552
0 0.577911 0.773333 0.0211771 0.035 0.008255
33 0.665406 0.770833 0.0200625 0.015 0.00812531
13 0.754573 0.768333 0.08025 0.0233333 0.00803375
7 0.0874774 0.725 0.106478 0.0366667 0.00796509
0 0.192544 0.7775 0.0147682 0.0283333 0.00793457
2 0.302609 0.761667 0.0144896 0.015 0.00790405
0 0.477042 0.7475 0.00891671 0.015 0.00769424
2 0.433016 0.776667 0.013375 0.0333333 0.00766754
2 0.0612324 0.728333 0.0532214 0.025 0.00763702
0 0.883865 0.791667 0.013375 0.0233333 0.00763702
0 0.921203 0.7675 0.0111459 0.0283333 0.00763702
0 0.373943 0.764167 0.0189479 0.0516667 0.00757599
33 0.289792 0.77 0.0144896 0.015 0.00743103
2 0.418526 0.768125 0.0156042 0.02375 0.00709534
33 0.676552 0.207083 0.0423542 0.0354167 0.0069313
33 0.699958 0.462083 0.02675 0.0525 0.0068512
33 0.12748 0.779167 0.0635312 0.0316666 0.00682449
0 0.20369 0.77 0.0167187 0.0416667 0.00669098
33 0.920646 0.765 0.013375 0.025 0.00664139
33 0.477878 0.4975 0.0562865 0.0283334 0.0064888
0 0.418805 0.775833 0.0105885 0.0283334 0.00638962
36 0.863802 0.78 0.0557291 0.0516667 0.00631332
2 0.444161 0.733333 0.0122604 0.015 0.00626373
2 0.537229 0.759583 0.0100312 0.0291667 0.00609589
0 0.816432 0.766667 0.0100312 0.02 0.00602722
14 0.459766 0.4925 0.0150469 0.0133333 0.00600433
0 0.941823 0.770833 0.0111459 0.01 0.00582123
0 0.30651 0.764583 0.0117031 0.0158333 0.00577545
1 0.201182 0.781667 0.0178333 0.02 0.00575256
33 0.448062 0.593333 0.0178333 0.0133333 0.00575256
7 0.449734 0.773542 0.0345521 0.0229166 0.00572968
2 0.0411003 0.728333 0.0122604 0.025 0.00568771
7 0.0795534 0.729167 0.0186693 0.0233333 0.00566483
2 0.584042 0.7775 0.0111458 0.025 0.00566483
33 0.141691 0.766875 0.0593516 0.02625 0.0055542
2 0.417411 0.774167 0.0144896 0.035 0.00547028
2 0.509643 0.722917 0.0189479 0.0183334 0.00538635
0 0.473698 0.754583 0.00835934 0.0191667 0.00538635
2 0.576797 0.774167 0.0156042 0.0300001 0.00534439
2 0.509922 0.731667 0.0167187 0.00833329 0.00526047
1 0.866589 0.79 0.0479271 0.0266667 0.00524139
33 0.851542 0.758333 0.0156042 0.0383334 0.00519943
1 0.881635 0.79 0.0167187 0.0266667 0.00519943
2 0.941823 0.770833 0.0111459 0.01 0.00516129
33 0.628625 0.828333 0.00891666 0.0133333 0.00516129
33 0.862688 0.784792 0.0535 0.0404166 0.0051384
0 0.162172 0.771667 0.0239635 0.0233333 0.00502014
0 0.365583 0.756667 0.0144896 0.0483334 0.00486755
33 0.266943 0.63875 0.036224 0.0283334 0.00484848
1 0.866031 0.771667 0.0200625 0.0316667 0.00484848
33 0.110344 0.805833 0.0273073 0.0333333 0.00484848
0 0.202993 0.761667 0.0117031 0.0483334 0.00481033
33 0.531656 0.695417 0.0066875 0.00833337 0.00479126
33 0.731167 0.281667 0.0278646 0.0175 0.00477219
33 0.941823 0.770833 0.0111459 0.01 0.00477219
33 0.276695 0.638333 0.0200625 0.03 0.00473785
33 0.640885 0.776458 0.0156042 0.0304166 0.00473785
2 0.665406 0.770833 0.0200625 0.015 0.00473785
33 0.0261318 0.765833 0.0444266 0.015 0.00471878
0 0.443047 0.775 0.0167188 0.0216667 0.00471878
2 0.494875 0.745 0.0144896 0.0116667 0.00468063
0 0.858786 0.763333 0.0100312 0.0383334 0.00466537
2 0.420755 0.765833 0.0189479 0.0266667 0.0046463
33 0.477599 0.5025 0.0568438 0.0266667 0.00450516
2 0.568995 0.773125 0.0122604 0.0204167 0.00450516
33 0.0340993 0.765833 0.0297454 0.0133333 0.00445175
29 0.12957 0.808333 0.0652031 0.0366667 0.00445175
13 0.138069 0.765833 0.0417969 0.02 0.00439835
13 0.0881217 0.780833 0.0210378 0.0333333 0.00438309
33 0.467568 0.49375 0.0300938 0.0191667 0.00436401
2 0.527198 0.771458 0.0117031 0.0170834 0.00431442
33 0.268615 0.650833 0.0356667 0.0441667 0.00428009
1 0.192544 0.7775 0.0147682 0.0283333 0.00428009
5 0.0743984 0.728333 0.0225703 0.0266667 0.00426483
33 0.568995 0.773125 0.0122604 0.0204167 0.00419998
33 0.12344 0.783333 0.057401 0.0266667 0.00419998
33 0.445276 0.600833 0.0167188 0.0291666 0.00418091
33 0.605776 0.72375 0.0156042 0.0208333 0.00416565
33 0.11111 0.770833 0.0239635 0.0116667 0.00416565
33 0.444161 0.733333 0.0122604 0.015 0.0041008
24 0.0881217 0.780833 0.0210378 0.0333333 0.0041008
0 0.850984 0.774167 0.0278646 0.0583334 0.0041008
13 0.124694 0.771667 0.0281432 0.0116667 0.00405502
1 0.920646 0.765 0.013375 0.025 0.00405502
0 0.331589 0.766875 0.00780211 0.03625 0.00402451
33 0.65426 0.8325 0.0412395 0.0183333 0.00397491
0 0.201182 0.781667 0.0178333 0.02 0.00395966
33 0.584042 0.7775 0.0111458 0.025 0.00390053
0 0.640885 0.776458 0.0156042 0.0304166 0.00388527
33 0.687698 0.465 0.0378958 0.0366667 0.00387001
33 0.165237 0.773125 0.0178333 0.0237499 0.00385475
38 0.868818 0.77 0.0144896 0.0283334 0.00380898
0 0.417411 0.774167 0.0144896 0.035 0.00379562
13 0.77575 0.765833 0.0523854 0.02 0.00376511
33 0.61525 0.6625 0.0334375 0.0283333 0.0037365
33 0.267779 0.638333 0.0367813 0.045 0.00372124
25 0.12957 0.808333 0.0663177 0.0366667 0.00367928
0 0.920646 0.76625 0.0156042 0.0225 0.00366402
1 0.0795534 0.729167 0.0186693 0.0233333 0.00365067
13 0.160221 0.7675 0.02675 0.0266667 0.00365067
1 0.868818 0.77 0.0144896 0.0283334 0.00362206
33 0.0370251 0.766875 0.0247298 0.01625 0.00358009
9 0.537229 0.758333 0.00947394 0.03 0.00353813
33 0.443047 0.775 0.0167188 0.0216667 0.00342941
0 0.576797 0.774167 0.0156042 0.0300001 0.00341606
1 0.845411 0.771667 0.0200625 0.06 0.00336266
33 0.891667 0.774792 0.0122604 0.0204166 0.00336266
33 0.868818 0.77 0.0144896 0.0283334 0.00335121
33 0.0167362 0.7725 0.0307555 0.0216667 0.00335121
33 0.22626 0.769167 0.0139323 0.0216667 0.00333786
33 0.63587 0.775833 0.0178333 0.03 0.00329781
2 0.506578 0.7225 0.0234062 0.0166667 0.00328636
33 0.639771 0.7725 0.0178333 0.0316666 0.00327301
7 0.706646 0.771667 0.0222917 0.0116667 0.00327301
0 0.332703 0.758333 0.0100313 0.0333333 0.00324821
33 0.298708 0.769792 0.02675 0.01375 0.00322342
7 0.453914 0.775 0.0200625 0.02 0.00321007
2 0.548932 0.766667 0.0245208 0.02 0.00319672
33 0.469797 0.49 0.0356667 0.025 0.00314713
0 0.579583 0.775833 0.0189479 0.0283334 0.00314713
24 0.0833848 0.781667 0.0149076 0.035 0.00312424
0 0.126261 0.769167 0.0283522 0.015 0.00311089
2 0.754573 0.7725 0.0111458 0.0133333 0.003088
33 0.765719 0.7725 0.0334375 0.0133333 0.003088
0 0.864359 0.784167 0.0501563 0.0383334 0.003088
2 0.00822005 0.745833 0.0152559 0.0283334 0.00305176
2 0.518003 0.773333 0.0156042 0.0116666 0.00305176
0 0.453914 0.775 0.0200625 0.02 0.00302696
0 0.317935 0.768333 0.0100312 0.0183334 0.00300407
2 0.595187 0.776667 0.02675 0.025 0.00300407
33 0.70776 0.7725 0.02675 0.0166667 0.00300407
33 0.754573 0.7725 0.0111458 0.0133333 0.00298119
33 0.130998 0.784167 0.0656907 0.045 0.00296974
13 0.126261 0.769167 0.0283522 0.015 0.0029583
0 0.571781 0.768333 0.0144896 0.025 0.00294685
13 0.754573 0.7725 0.0111458 0.0133333 0.00293541
0 0.704417 0.7225 0.0111458 0.03 0.00292397
1 0.220409 0.765833 0.0256354 0.0333334 0.00292397
2 0.280875 0.7625 0.0111458 0.015 0.00291252
2 0.44862 0.7725 0.0378958 0.03 0.00291252
2 0.0927891 0.732083 0.02675 0.015 0.00290108
13 0.192544 0.7775 0.0147682 0.0283333 0.00290108
0 0.52887 0.757083 0.0178333 0.0341666 0.00283432
33 0.844854 0.76 0.0156041 0.04 0.00282288
8 0.0148031 0.77 0.026959 0.015 0.00281143
33 0.259977 0.629583 0.0222917 0.0241667 0.00279999
33 0.518003 0.773333 0.0156042 0.0116666 0.00273705
2 0.538344 0.765833 0.0111458 0.0233333 0.0027256
7 0.522182 0.773333 0.0144896 0.0133333 0.00271416
2 0.0881217 0.780833 0.0210378 0.0333333 0.00269318
33 0.280596 0.646667 0.0239635 0.0316667 0.0026722
58 0.967458 0.750833 0.0289792 0.04 0.0026722
7 0.863802 0.78 0.0557291 0.0516667 0.0026722
0 0.57624 0.7575 0.0156042 0.0283333 0.00266266
33 0.160221 0.7675 0.02675 0.0266667 0.00266266
33 0.848198 0.7675 0.0222917 0.0566667 0.00265312
7 0.665406 0.770833 0.0200625 0.015 0.00263214
33 0.847083 0.756667 0.0200625 0.04 0.00261116
2 0.00546842 0.681667 0.00863802 0.0183334 0.00260162
7 0.0732839 0.729167 0.0300938 0.0233333 0.00258064
33 0.579583 0.78 0.0189479 0.0233333 0.00258064
0 0.277531 0.758333 0.00780208 0.015 0.00257111
0 0.888323 0.783125 0.0156041 0.0370833 0.00256157
33 0.686583 0.206667 0.0245208 0.0333333 0.805664
33 0.697729 0.469167 0.0222917 0.0375 0.705566
33 0.129431 0.809167 0.0657604 0.0366667 0.562012
33 0.611349 0.665833 0.0256354 0.025 0.486328
0 0.394284 0.768542 0.013375 0.0495834 0.387695
0 0.178891 0.766667 0.0161615 0.0516667 0.385742
33 0.459766 0.492917 0.0156042 0.0141667 0.180054
33 0.469518 0.495833 0.0356667 0.0183334 0.148071
33 0.464781 0.494583 0.0256354 0.0175 0.144165
33 0.444719 0.594167 0.0144896 0.015 0.130249
0 0.920646 0.76375 0.0122604 0.0225 0.121277
0 0.191151 0.764167 0.0128177 0.0533333 0.119629
0 0.610792 0.771667 0.0111458 0.03 0.119629
0 0.341063 0.771667 0.0105885 0.05 0.100525
0 0.614135 0.773125 0.00891666 0.0304166 0.100342
0 0.207591 0.763333 0.00891666 0.0333333 0.0843506
0 0.36837 0.764583 0.013375 0.0525 0.0812378
0 0.0834544 0.781667 0.0150469 0.035 0.0766602
0 0.851542 0.758333 0.0156042 0.0383334 0.076416
2 0.0147856 0.77 0.0268545 0.015 0.0703125
0 0.222638 0.762917 0.0167187 0.0324999 0.0681763
0 0.637542 0.773542 0.0156042 0.0329167 0.0617676
0 0.34775 0.771458 0.013375 0.05375 0.0591125
33 0.443604 0.5925 0.0156042 0.0133333 0.0587769
0 0.879406 0.755417 0.0100312 0.0241666 0.0584412
0 0.349422 0.765833 0.0128177 0.0583333 0.0565491
2 0.454193 0.775 0.0200625 0.02 0.0534058
33 0.278089 0.642917 0.0167187 0.02 0.0522461
2 0.0784388 0.729583 0.0158828 0.0216666 0.0510864
0 0.205641 0.7725 0.0122604 0.0316666 0.0490417
0 0.219573 0.76 0.0111458 0.03 0.0487671
0 0.844297 0.76 0.0156042 0.04 0.0484009
0 0.434966 0.775 0.0111458 0.0266667 0.0483093
0 0.188783 0.765 0.0156042 0.0516667 0.043457
0 0.920646 0.7625 0.00891666 0.0216667 0.0432739
0 0.537229 0.758333 0.00947394 0.03 0.0432129
33 0.470354 0.499167 0.0384532 0.0233333 0.0423889
0 0.343849 0.7725 0.0122604 0.05 0.0422363
0 0.630854 0.774792 0.0156042 0.0304167 0.0420227
0 0.20787 0.766667 0.0111458 0.04 0.0419312
0 0.224867 0.764583 0.017276 0.0308334 0.0405273
0 0.218458 0.7575 0.00947397 0.0266667 0.0384521
0 0.879406 0.759167 0.0111459 0.0316666 0.0382385
0 0.880521 0.753333 0.0111458 0.0183333 0.035675
33 0.270008 0.641667 0.0323229 0.0266667 0.0343628
7 0.0618594 0.7275 0.0551719 0.03 0.0342407
0 0.167466 0.770833 0.0225703 0.04 0.0328979
0 0.431901 0.78 0.00891666 0.0266667 0.0317993
0 0.379516 0.773542 0.0100312 0.03625 0.0306702
33 0.124694 0.771667 0.0281432 0.0116667 0.0299835
1 0.864359 0.784167 0.0501563 0.0383334 0.0299835
2 0.552694 0.770833 0.018112 0.0116667 0.0296478
0 0.383417 0.773542 0.00891666 0.0395834 0.0296478
33 0.706646 0.771667 0.0222917 0.0116667 0.029541
33 0.162172 0.771667 0.0239635 0.0233333 0.0273743
0 0.166212 0.774792 0.022013 0.0304167 0.0267639
0 0.205919 0.765833 0.0105886 0.0366667 0.0256195
33 0.126366 0.769167 0.0284219 0.015 0.0253754
0 0.525805 0.759167 0.0105886 0.035 0.025177
1 0.846526 0.788333 0.0211771 0.0333333 0.024231
0 0.633083 0.774792 0.0211771 0.0337499 0.0240021
2 0.522182 0.773333 0.0144896 0.0133333 0.0239563
2 0.0851263 0.730833 0.0273073 0.0183334 0.0238647
33 0.552694 0.770833 0.018112 0.0116667 0.0233307
2 0.704417 0.771667 0.0178333 0.0116667 0.0231476
0 0.847083 0.756667 0.0200625 0.0383333 0.0229797
58 0.970802 0.73625 0.040125 0.0675 0.0224609
0 0.0784388 0.729583 0.0158828 0.0216666 0.0221558
33 0.730052 0.773542 0.0156042 0.0195834 0.0218658
33 0.0147856 0.77 0.0268545 0.015 0.0209656
0 0.538344 0.765833 0.0111458 0.0233333 0.0209656
33 0.658719 0.83 0.0312083 0.0133333 0.0206451
33 0.704417 0.468333 0.0345521 0.04 0.0201721
2 0.443047 0.775 0.0167188 0.0216667 0.0200195
2 0.450292 0.773333 0.034552 0.0216667 0.0197906
0 0.219573 0.763333 0.0234062 0.035 0.0197601
33 0.688812 0.470833 0.0378958 0.035 0.0195007
0 0.345521 0.769167 0.0144896 0.0566666 0.019455
0 0.848198 0.7675 0.0222917 0.0566667 0.0193787
0 0.337719 0.766667 0.0111459 0.035 0.0191193
0 0.0870768 0.781875 0.0197839 0.0329166 0.0184021
0 0.584042 0.7775 0.0111458 0.025 0.0181885
0 0.367812 0.771458 0.0111458 0.04375 0.0175171
0 0.208427 0.759167 0.0100312 0.0316666 0.0173035
0 0.20369 0.768542 0.0128177 0.04625 0.0171814
0 0.817547 0.755417 0.0111458 0.0391667 0.0170441
1 0.871604 0.781667 0.0378959 0.0416667 0.016922
0 0.524969 0.751667 0.0111458 0.0233333 0.0162811
0 0.414904 0.78 0.00947394 0.03 0.0161591
0 0.130406 0.764167 0.0122604 0.0183334 0.016098
0 0.165237 0.773125 0.0183906 0.0237499 0.0156708
0 0.432458 0.776458 0.013375 0.03375 0.0156708
33 0.268893 0.634583 0.0339948 0.0316667 0.0155411
7 0.0745378 0.728333 0.022431 0.0266667 0.0153046
33 0.663177 0.830833 0.0200625 0.0133333 0.0149536
0 0.171646 0.766875 0.0239635 0.04625 0.0142822
33 0.274257 0.6375 0.0143502 0.0283334 0.0142288
0 0.202576 0.774167 0.0161615 0.0333333 0.0140076
5 0.0618594 0.7275 0.0551719 0.03 0.0136337
0 0.22626 0.769167 0.0142109 0.0216667 0.0135345
0 0.329917 0.759167 0.00780208 0.03 0.0134277
0 0.845411 0.771875 0.0200625 0.0595833 0.0132217
13 0.0618768 0.728333 0.0545798 0.0266667 0.0130692
13 0.765719 0.7725 0.0334375 0.0133333 0.0130234
33 0.649245 0.83 0.0523854 0.02 0.0126724
0 0.848198 0.788333 0.0200625 0.03 0.0123825
33 0.458094 0.610833 0.00780211 0.0116666 0.0121918
0 0.617479 0.774167 0.00891666 0.0300001 0.0118713
0 0.477042 0.77 0.00891671 0.03 0.0114212
2 0.316542 0.765833 0.0100312 0.0183333 0.0113754
33 0.613021 0.66 0.02675 0.035 0.0113754
13 0.767391 0.7675 0.0713334 0.025 0.0112457
0 0.628625 0.776667 0.013375 0.03 0.0110703
0 0.473698 0.773333 0.00780211 0.0216667 0.0109024
0 0.60299 0.774167 0.0111458 0.0266667 0.0108185
2 0.0739108 0.729167 0.0289792 0.0233333 0.0106964
33 0.522182 0.773333 0.0144896 0.0133333 0.0105286
0 0.861573 0.769792 0.0267501 0.0570833 0.0104065
2 0.30651 0.764583 0.0122604 0.0158333 0.0102463
33 0.277531 0.6475 0.0200625 0.0333334 0.0102081
0 0.326573 0.7575 0.0100312 0.0283333 0.01017
0 0.365026 0.764583 0.0122604 0.0508334 0.01017
0 0.525526 0.7725 0.0122604 0.0183333 0.0100937
0 0.878292 0.765 0.0111459 0.0416667 0.00978088
0 0.575125 0.76375 0.013375 0.0175 0.00971222
0 0.466453 0.773333 0.00947394 0.0233333 0.00971222
2 0.0613021 0.728333 0.0533607 0.025 0.00952148
0 0.604104 0.771667 0.0189479 0.03 0.00952148
0 0.644229 0.785 0.00891666 0.0133333 0.00930023
0 0.618594 0.776667 0.00891666 0.0283334 0.00926971
0 0.730052 0.773542 0.0156042 0.0195834 0.00919342
0 0.477599 0.762917 0.00891666 0.0308333 0.00881195
0 0.881635 0.7925 0.0156042 0.0216667 0.00874329
0 0.61525 0.773333 0.0156042 0.0333333 0.00867462
0 0.325737 0.760833 0.0100312 0.0316667 0.0086441
13 0.144861 0.763333 0.0452103 0.02 0.00861359
2 0.302609 0.761667 0.0144896 0.015 0.00847626
33 0.454193 0.775 0.0200625 0.02 0.00837708
7 0.0875122 0.724583 0.106965 0.0366667 0.00837708
0 0.16468 0.768333 0.0208984 0.035 0.00809479
33 0.665406 0.770833 0.0200625 0.015 0.00806427
2 0.418526 0.768333 0.0156042 0.0233333 0.00800323
0 0.867703 0.768333 0.013375 0.0316667 0.00796509
33 0.289792 0.77 0.0144896 0.015 0.00790405
33 0.644229 0.785 0.00891666 0.0133333 0.00790405
0 0.921203 0.7675 0.0111459 0.0283333 0.00787354
2 0.432458 0.776458 0.013375 0.03375 0.0077858
0 0.577911 0.773333 0.0211771 0.035 0.00775528
0 0.192544 0.776667 0.0147682 0.03 0.00772476
0 0.883865 0.791667 0.013375 0.0233333 0.00760651
0 0.373943 0.764167 0.0189479 0.0516667 0.00751877
33 0.478156 0.4975 0.0568438 0.0283334 0.00734711
33 0.12762 0.779167 0.0638099 0.0316666 0.00734711
0 0.47732 0.7475 0.00891666 0.015 0.00728989
33 0.676552 0.207083 0.0423542 0.0354167 0.00712204
13 0.754573 0.768333 0.0791354 0.0233333 0.00712204
33 0.699958 0.462083 0.02675 0.0525 0.00695801
2 0.941823 0.770833 0.0111459 0.01 0.00664139
0 0.418526 0.775833 0.0111458 0.0283334 0.00658798
2 0.537229 0.76 0.0100312 0.03 0.00656509
0 0.941823 0.770833 0.0111459 0.01 0.0064888
0 0.81699 0.766667 0.00891666 0.02 0.00643921
2 0.0411003 0.728333 0.0121908 0.025 0.00636292
1 0.201182 0.781667 0.0178333 0.02 0.00634003
2 0.444161 0.733333 0.0122604 0.015 0.00631332
33 0.920646 0.765 0.013375 0.025 0.00621796
7 0.0796927 0.729167 0.0189479 0.0233333 0.00612259
2 0.584042 0.7775 0.0111458 0.025 0.00612259
33 0.141831 0.766875 0.0593516 0.02625 0.00605011
2 0.417411 0.774167 0.0144896 0.035 0.00605011
33 0.862688 0.784792 0.0535 0.0404166 0.00605011
2 0.509922 0.731667 0.0167187 0.00833329 0.00600433
0 0.473698 0.754167 0.00835934 0.0183334 0.00591278
2 0.576797 0.774167 0.0156042 0.0300001 0.00582123
33 0.448062 0.593333 0.0178333 0.0133333 0.00577545
2 0.509365 0.723333 0.0189479 0.0183333 0.00575256
0 0.30651 0.764583 0.0122604 0.0158333 0.00551224
2 0.494875 0.745 0.0144896 0.0116667 0.00540543
2 0.665406 0.770833 0.0200625 0.015 0.00538635
7 0.450292 0.773333 0.034552 0.0216667 0.00534439
1 0.881635 0.790833 0.0156042 0.025 0.00524139
33 0.941823 0.770833 0.0111459 0.01 0.00521851
33 0.110762 0.805833 0.0280039 0.0333333 0.00521851
33 0.0262972 0.765833 0.0445137 0.015 0.00518036
2 0.420477 0.765833 0.0189479 0.0266667 0.00518036
33 0.628625 0.828333 0.00891666 0.0133333 0.00518036
14 0.459766 0.492917 0.0156042 0.0141667 0.00511932
33 0.0340296 0.765417 0.0303027 0.0141666 0.00494385
33 0.660948 0.770833 0.0289792 0.015 0.00494385
29 0.12957 0.808333 0.0652031 0.0366667 0.00494385
36 0.863802 0.78 0.0557291 0.0516667 0.00492477
33 0.851542 0.758333 0.0156042 0.0383334 0.00488663
0 0.162172 0.771667 0.0239635 0.0233333 0.00484848
2 0.527198 0.771458 0.0122604 0.0170834 0.00484848
1 0.866589 0.79 0.0479271 0.0266667 0.00484848
2 0.568995 0.773125 0.0122604 0.0204167 0.00475693
0 0.365862 0.756667 0.0139323 0.0466667 0.00473785
33 0.478156 0.5025 0.0579583 0.0275 0.00471878
33 0.276695 0.638333 0.0200625 0.03 0.00471878
33 0.531656 0.695417 0.0066875 0.00833337 0.00471878
33 0.731167 0.281667 0.0289792 0.0175 0.00469971
1 0.192544 0.776667 0.0147682 0.03 0.00466537
0 0.202854 0.761667 0.0117031 0.0483334 0.0046463
33 0.123579 0.784167 0.0576797 0.0266667 0.00462723
33 0.11118 0.771667 0.0242422 0.0116667 0.00460815
1 0.866031 0.771667 0.0200625 0.0316667 0.00452042
33 0.268336 0.650833 0.036224 0.0433333 0.00441742
38 0.868818 0.77 0.0144896 0.0283334 0.00438309
0 0.851542 0.774792 0.0289792 0.0570833 0.00438309
33 0.640885 0.776458 0.0156042 0.0304166 0.00434875
0 0.443047 0.775 0.0167188 0.0216667 0.00431442
24 0.0881217 0.780833 0.0210378 0.0333333 0.00424957
33 0.687698 0.465 0.0378958 0.0366667 0.0041008
0 0.858229 0.763333 0.00891666 0.0383334 0.0041008
5 0.0745378 0.728333 0.022431 0.0266667 0.0041008
33 0.653146 0.8325 0.0434687 0.0183333 0.00408554
33 0.568995 0.773125 0.0122604 0.0204167 0.00407028
33 0.445276 0.600833 0.0167188 0.0291666 0.00403976
33 0.0370947 0.766875 0.0252871 0.01625 0.00403976
33 0.267779 0.638333 0.0367813 0.045 0.00400543
0 0.417411 0.774167 0.0144896 0.035 0.00397491
0 0.640885 0.776458 0.0156042 0.0304166 0.00395966
25 0.12957 0.808333 0.0663177 0.0366667 0.0039444
1 0.920646 0.765 0.013375 0.025 0.00391388
0 0.331867 0.766667 0.00835938 0.0366667 0.00387001
33 0.605776 0.72375 0.0156042 0.0208333 0.00380898
33 0.017276 0.7725 0.0319049 0.0216667 0.00380898
33 0.584042 0.7775 0.0111458 0.025 0.00378036
33 0.61525 0.6625 0.0334375 0.0283333 0.00374985
33 0.868818 0.77 0.0144896 0.0283334 0.00374985
33 0.444161 0.733333 0.0122604 0.015 0.00372124
33 0.165237 0.773125 0.0183906 0.0237499 0.00372124
9 0.537229 0.758333 0.00947394 0.03 0.00370789
13 0.137686 0.765833 0.0417272 0.02 0.00370789
7 0.706646 0.771667 0.0222917 0.0116667 0.00370789
33 0.891667 0.774792 0.0122604 0.0204166 0.00369263
0 0.201182 0.781667 0.0178333 0.02 0.00366402
1 0.0796927 0.729167 0.0189479 0.0233333 0.00365067
1 0.868818 0.77 0.0144896 0.0283334 0.00363541
33 0.765719 0.7725 0.0334375 0.0133333 0.00362206
1 0.220409 0.765417 0.0256354 0.0341667 0.00356483
2 0.548375 0.766667 0.0245208 0.02 0.00351143
0 0.920646 0.76625 0.0156042 0.0225 0.00351143
13 0.0881217 0.780833 0.0210378 0.0333333 0.00346947
33 0.443047 0.775 0.0167188 0.0216667 0.00340271
33 0.754573 0.7725 0.0111458 0.0133333 0.00340271
33 0.470076 0.49 0.036224 0.025 0.00338936
33 0.298708 0.769792 0.0278646 0.01375 0.00338936
0 0.579583 0.775833 0.0200625 0.0283334 0.00335121
2 0.754573 0.7725 0.0111458 0.0133333 0.00333786
0 0.576797 0.774167 0.0156042 0.0300001 0.00332451
2 0.0925801 0.732083 0.0270286 0.015 0.00329781
7 0.454193 0.775 0.0200625 0.02 0.00329781
33 0.130998 0.784167 0.0656907 0.045 0.00328636
13 0.1605 0.7675 0.02675 0.0266667 0.00327301
2 0.518003 0.773333 0.0156042 0.0116666 0.00327301
2 0.595187 0.776667 0.02675 0.025 0.00325966
33 0.70776 0.7725 0.02675 0.0166667 0.00318527
2 0.280875 0.7625 0.0111458 0.015 0.00317192
13 0.77575 0.765833 0.0512709 0.02 0.00314713
13 0.124694 0.771667 0.0281432 0.0116667 0.00314713
0 0.126366 0.769167 0.0284219 0.015 0.00314713
0 0.332703 0.757917 0.0100313 0.0325 0.00313568
1 0.845411 0.771875 0.0200625 0.0595833 0.00312424
58 0.968573 0.7475 0.0312083 0.0466667 0.00309944
2 0.00822005 0.745833 0.0152559 0.0283334 0.00307465
2 0.44862 0.7725 0.0378958 0.03 0.00307465
33 0.639771 0.7725 0.0178333 0.0316666 0.00298119
33 0.636427 0.775833 0.0178333 0.03 0.00296974
0 0.571781 0.768333 0.0144896 0.025 0.00293541
2 0.538344 0.765833 0.0111458 0.0233333 0.00293541
33 0.470354 0.503333 0.0373385 0.0266667 0.00293541
7 0.665406 0.770833 0.0200625 0.015 0.00288963
0 0.864359 0.784167 0.0501563 0.0383334 0.00288963
24 0.0834544 0.781667 0.0150469 0.035 0.00288963
7 0.0739108 0.729167 0.0289792 0.0233333 0.00287819
33 0.22626 0.769167 0.0142109 0.0216667 0.00287819
0 0.454193 0.775 0.0200625 0.02 0.00287819
7 0.522182 0.773333 0.0144896 0.0133333 0.00286674
33 0.137686 0.765833 0.0417272 0.02 0.00283432
2 0.00543359 0.681667 0.00856836 0.0183334 0.00282288
2 0.0881217 0.780833 0.0210378 0.0333333 0.00279999
0 0.704417 0.722917 0.0111458 0.0291667 0.00277901
33 0.1605 0.7675 0.02675 0.0266667 0.00276756
33 0.844297 0.76 0.0156042 0.04 0.00276756
33 0.518003 0.773333 0.0156042 0.0116666 0.00276756
0 0.317935 0.768333 0.0100312 0.0183334 0.00273705
33 0.260534 0.629167 0.022849 0.025 0.00271416
0 0.52887 0.757083 0.0178333 0.0341666 0.00271416
2 0.0745378 0.728333 0.022431 0.0266667 0.00265312
33 0.848198 0.7675 0.0222917 0.0566667 0.00264168
2 0.0920924 0.72625 0.0473698 0.0283333 0.00263214
13 0.754573 0.7725 0.0111458 0.0133333 0.00263214
0 0.277531 0.758333 0.00780208 0.015 0.00263214
8 0.0147856 0.77 0.0268545 0.015 0.0026207
0 0.57624 0.7575 0.0156042 0.0283333 0.00261116
0 0.88888 0.7825 0.0156042 0.0383333 0.00259018
13 0.192544 0.776667 0.0147682 0.03 0.00257111
33 0.579583 0.78 0.0189479 0.0233333 0.00256157
1 0.20369 0.770208 0.0167187 0.0429166 0.00255013
33 0.686583 0.206667 0.0245208 0.0333333 0.800781
33 0.697729 0.469167 0.0222917 0.0375 0.702637
33 0.12957 0.809167 0.0657604 0.0366667 0.567871
33 0.611349 0.665833 0.0256354 0.025 0.482422
0 0.178891 0.766667 0.0161615 0.0516667 0.392334
0 0.394284 0.768542 0.013375 0.0495834 0.388672
33 0.459766 0.4925 0.0156042 0.0133333 0.168823
33 0.469797 0.495833 0.0356667 0.0183334 0.150024
33 0.465339 0.494583 0.0261927 0.0175 0.137573
33 0.444719 0.594167 0.0144896 0.015 0.126831
0 0.920646 0.76375 0.0122604 0.0225 0.122498
0 0.610792 0.771667 0.0111458 0.03 0.121277
0 0.191151 0.764167 0.0128177 0.0533333 0.119202
0 0.614135 0.773125 0.00891666 0.0304166 0.102661
0 0.341063 0.770833 0.0105885 0.0500001 0.100525
0 0.207591 0.763333 0.00891666 0.0333333 0.0830078
0 0.36837 0.764583 0.013375 0.0525 0.0794678
2 0.0147334 0.77 0.026959 0.015 0.0792236
0 0.0834544 0.781667 0.0153255 0.035 0.0790405
0 0.222638 0.763333 0.017276 0.0333333 0.0710449
0 0.851542 0.7575 0.0167188 0.0383334 0.0681763
0 0.637542 0.773542 0.0156042 0.0329167 0.0653687
2 0.454193 0.775 0.0200625 0.02 0.0600891
33 0.443604 0.5925 0.0156042 0.0133333 0.0600891
0 0.34775 0.771458 0.013375 0.05375 0.0589905
2 0.0785085 0.729583 0.0160221 0.0216666 0.0579224
0 0.349422 0.765417 0.0128177 0.0575 0.0570679
0 0.879406 0.755417 0.0100312 0.0241666 0.0549927
33 0.278089 0.642917 0.0167187 0.02 0.0507202
0 0.205641 0.7725 0.0125391 0.0316666 0.0489502
0 0.434688 0.775 0.0111458 0.0266667 0.0482178
0 0.219573 0.76 0.0111458 0.03 0.0473328
0 0.844297 0.76 0.0156042 0.04 0.0470886
33 0.470354 0.499167 0.0384532 0.0233333 0.044342
0 0.630854 0.774792 0.0156042 0.0304167 0.0437622
0 0.920646 0.762083 0.00891666 0.0208333 0.0437012
0 0.188643 0.765 0.0161615 0.0516667 0.043457
0 0.208148 0.766667 0.0117031 0.04 0.0419312
0 0.343849 0.7725 0.0122604 0.05 0.0413818
0 0.537229 0.758333 0.00947394 0.03 0.0409241
7 0.0618594 0.7275 0.0550326 0.03 0.0394897
0 0.218458 0.7575 0.00947397 0.0266667 0.0372009
0 0.879406 0.759167 0.0111459 0.03 0.0350037
0 0.880521 0.752917 0.0111458 0.0183334 0.0350037
33 0.270008 0.64125 0.0323229 0.0266667 0.0348816
2 0.552694 0.770833 0.018112 0.0116667 0.0344849
1 0.864359 0.784167 0.0501563 0.0383334 0.0330811
0 0.167466 0.770833 0.022849 0.04 0.032959
0 0.431901 0.78 0.00891666 0.0266667 0.0319214
33 0.124833 0.771667 0.0281432 0.0116667 0.0309143
0 0.379516 0.773542 0.0100312 0.03625 0.0305023
33 0.706646 0.771667 0.0222917 0.0116667 0.0302124
0 0.383417 0.773542 0.00891666 0.0395834 0.0299225
33 0.162172 0.771667 0.0239635 0.0233333 0.0275879
2 0.084987 0.730833 0.0274466 0.0183334 0.0266571
0 0.205919 0.765 0.0105886 0.0366667 0.026413
0 0.166073 0.774792 0.0222917 0.0304167 0.0261993
2 0.521625 0.773333 0.0144896 0.0133333 0.026062
1 0.846526 0.788333 0.0211771 0.0333333 0.026062
33 0.12647 0.769167 0.0284915 0.015 0.0259552
2 0.704417 0.771667 0.0178333 0.0116667 0.0257568
0 0.633083 0.774792 0.0211771 0.0337499 0.0254669
0 0.525526 0.759167 0.0111458 0.035 0.0245209
33 0.552694 0.770833 0.018112 0.0116667 0.0236969
58 0.970802 0.735833 0.040125 0.0666666 0.0235138
2 0.443604 0.775 0.0167187 0.0216667 0.0230713
33 0.0147334 0.77 0.026959 0.015 0.0219421
33 0.730052 0.773542 0.0156042 0.0195834 0.0218658
0 0.847083 0.756667 0.0200625 0.0383333 0.021698
0 0.0785085 0.729583 0.0160221 0.0216666 0.0214539
2 0.450292 0.773333 0.034552 0.0216667 0.021286
33 0.688812 0.470833 0.0378958 0.035 0.0211182
33 0.704417 0.468333 0.0345521 0.04 0.0207977
0 0.538344 0.76625 0.0111458 0.0225 0.0206451
33 0.658161 0.829167 0.0312083 0.015 0.0204926
7 0.0704974 0.728333 0.0309297 0.0266667 0.0202484
0 0.337719 0.766667 0.0111459 0.035 0.0195007
0 0.219573 0.763333 0.0239635 0.035 0.0193024
0 0.345521 0.768542 0.0144896 0.05625 0.0189362
0 0.0870768 0.781875 0.0197839 0.0329166 0.0186462
0 0.848198 0.766875 0.0222917 0.05625 0.0186157
1 0.871604 0.781458 0.0378959 0.0404166 0.0184784
0 0.584042 0.778125 0.0111458 0.02375 0.0177155
0 0.367812 0.771667 0.0111458 0.0433333 0.0175171
0 0.208427 0.759167 0.0100312 0.0316666 0.0171814
0 0.20369 0.768542 0.0128177 0.04625 0.0171814
0 0.130406 0.764167 0.0122604 0.0183334 0.0167847
0 0.414904 0.78 0.00947394 0.03 0.0164032
0 0.817547 0.755417 0.0111458 0.0391667 0.016098
5 0.0618594 0.7275 0.0550326 0.03 0.0160217
33 0.268893 0.634583 0.0339948 0.0316667 0.0156708
0 0.165098 0.773125 0.0183906 0.0237499 0.0154266
0 0.432458 0.776458 0.013375 0.03375 0.0154266
33 0.663177 0.830833 0.0200625 0.0133333 0.0153046
0 0.524969 0.750833 0.0111458 0.0233333 0.0151901
0 0.171646 0.766875 0.0239635 0.04625 0.0142288
33 0.649245 0.83 0.0523854 0.02 0.0141754
33 0.274257 0.6375 0.0143502 0.0283334 0.0141144
0 0.202576 0.774167 0.0161615 0.0333333 0.0140076
0 0.329917 0.759167 0.00780208 0.03 0.0137939
13 0.765719 0.7725 0.0334375 0.0133333 0.0135345
2 0.0685469 0.729167 0.0398464 0.0241666 0.0134277
0 0.22626 0.769167 0.0142109 0.0216667 0.0132751
2 0.316542 0.765 0.0100312 0.0183334 0.0130234
13 0.061929 0.728333 0.0544753 0.0266667 0.0126266
33 0.458094 0.610833 0.00780211 0.0116666 0.0120544
0 0.617479 0.774167 0.0100313 0.0300001 0.0120544
33 0.613021 0.66 0.02675 0.035 0.0120087
2 0.0613717 0.728333 0.0533607 0.025 0.0119629
0 0.848198 0.788333 0.0200625 0.03 0.0117798
2 0.30651 0.764583 0.0122604 0.0158333 0.011734
0 0.477042 0.77 0.00891671 0.03 0.011734
0 0.845411 0.7725 0.0200625 0.0583333 0.011734
13 0.767948 0.7675 0.0713333 0.025 0.0115967
0 0.473698 0.773333 0.00780211 0.0216667 0.0113754
0 0.628625 0.776458 0.013375 0.0304166 0.0112915
0 0.60299 0.774167 0.0111458 0.0266667 0.0105667
33 0.521625 0.773333 0.0144896 0.0133333 0.0104904
0 0.525526 0.7725 0.0122604 0.0183333 0.0103302
0 0.861573 0.77 0.0256354 0.0566666 0.0100937
33 0.277531 0.647083 0.0200625 0.0325 0.0100098
0 0.326573 0.7575 0.0100312 0.0283333 0.00993347
0 0.364747 0.764583 0.0128177 0.0508334 0.00993347
7 0.09002 0.724167 0.111981 0.0366667 0.00993347
0 0.466453 0.773333 0.00947394 0.0233333 0.00971222
2 0.302609 0.761667 0.0150469 0.015 0.00963593
0 0.575125 0.76375 0.013375 0.0175 0.00955963
2 0.418526 0.768333 0.0156042 0.0233333 0.00948334
0 0.603547 0.771667 0.0189479 0.03 0.00923157
0 0.644229 0.785 0.00891666 0.0133333 0.00919342
0 0.618594 0.776667 0.00891666 0.0283334 0.00901794
0 0.730052 0.773542 0.0156042 0.0195834 0.00898743
0 0.878292 0.765 0.0111459 0.0416667 0.00898743
0 0.881635 0.7925 0.0156042 0.0216667 0.00878143
13 0.145174 0.763333 0.0451406 0.02 0.00874329
0 0.61525 0.773333 0.0156042 0.0333333 0.00871277
0 0.477599 0.763333 0.00947394 0.03 0.00867462
2 0.432458 0.776458 0.013375 0.03375 0.0086441
0 0.921203 0.7675 0.0111459 0.0283333 0.00861359
33 0.289792 0.77 0.0144896 0.0133333 0.00812531
33 0.665406 0.770833 0.0200625 0.015 0.00812531
0 0.16468 0.768333 0.0211771 0.035 0.00806427
33 0.644229 0.785 0.00891666 0.0133333 0.00806427
33 0.454193 0.775 0.0200625 0.02 0.00803375
2 0.941823 0.770833 0.0111459 0.01 0.00800323
33 0.478156 0.4975 0.0568438 0.0283334 0.00793457
0 0.225285 0.761667 0.0175547 0.0383334 0.00763702
33 0.676552 0.207083 0.0423542 0.0354167 0.00757599
0 0.883865 0.791667 0.013375 0.0233333 0.00757599
33 0.127655 0.779167 0.0640189 0.0316666 0.00748825
2 0.0411003 0.728333 0.0121908 0.025 0.00746155
13 0.754573 0.768333 0.0791354 0.0233333 0.00746155
0 0.867703 0.768333 0.013375 0.0316667 0.00746155
0 0.192544 0.776875 0.0147682 0.0295833 0.00746155
0 0.577911 0.773333 0.0211771 0.035 0.00737381
2 0.537229 0.759583 0.0100312 0.0291667 0.00723267
33 0.699958 0.462083 0.02675 0.0525 0.00720596
0 0.374221 0.764167 0.0183906 0.0516667 0.00717545
2 0.417411 0.774167 0.0144896 0.0333333 0.00712204
0 0.47732 0.747083 0.00891666 0.015 0.00706482
2 0.509922 0.73125 0.017276 0.00916661 0.0068512
2 0.444161 0.733333 0.0122604 0.0141666 0.00677109
2 0.584042 0.778125 0.0111458 0.02375 0.00677109
1 0.201043 0.781667 0.018112 0.02 0.00674438
7 0.0796927 0.729167 0.0189479 0.0233333 0.00661469
0 0.418526 0.775833 0.0111458 0.0266667 0.00661469
2 0.509365 0.723333 0.0195052 0.0183333 0.00658798
2 0.576797 0.774167 0.0156042 0.0300001 0.00658798
0 0.941823 0.770833 0.0111459 0.01 0.00653839
2 0.494875 0.745 0.0144896 0.0116667 0.00641251
0 0.816432 0.766667 0.0100312 0.02 0.00641251
33 0.141831 0.766875 0.0593516 0.02625 0.00629044
0 0.473698 0.754583 0.00835934 0.0183333 0.00614548
2 0.420198 0.765833 0.0189479 0.0266667 0.00612259
33 0.863245 0.785 0.0535 0.04 0.00612259
2 0.665406 0.770833 0.0200625 0.015 0.00602722
33 0.448062 0.593333 0.0178333 0.0133333 0.00584412
33 0.920646 0.765 0.013375 0.025 0.00570679
1 0.881635 0.790833 0.0156042 0.025 0.00566483
29 0.12957 0.808333 0.0652031 0.0366667 0.00564194
7 0.450292 0.773333 0.034552 0.0216667 0.00557709
33 0.11118 0.805833 0.0287005 0.0333333 0.00553513
33 0.0262275 0.765833 0.0452103 0.015 0.00548935
5 0.0704974 0.728333 0.0309297 0.0266667 0.00544739
2 0.527198 0.771458 0.0122604 0.0170834 0.00534439
33 0.0334723 0.765417 0.0319049 0.0141666 0.00530243
1 0.866589 0.79 0.0479271 0.0266667 0.00530243
33 0.628625 0.828333 0.00891666 0.0133333 0.00530243
0 0.30651 0.764583 0.0122604 0.0158333 0.00524139
2 0.568995 0.773125 0.0122604 0.0204167 0.00518036
33 0.941823 0.770833 0.0111459 0.01 0.0051384
33 0.478156 0.5025 0.0579583 0.0283334 0.00500107
33 0.660948 0.770833 0.0289792 0.015 0.00500107
36 0.863802 0.779792 0.0557291 0.0504166 0.00498199
1 0.192544 0.776875 0.0147682 0.0295833 0.00494385
33 0.851542 0.7575 0.0167188 0.0383334 0.0049057
14 0.459766 0.4925 0.0156042 0.0133333 0.00488663
1 0.866031 0.771667 0.0200625 0.0316667 0.00482941
0 0.162172 0.771667 0.0239635 0.0233333 0.00481033
33 0.111319 0.771667 0.0245208 0.0116667 0.00477219
33 0.276695 0.638333 0.0200625 0.03 0.00468063
33 0.123649 0.784167 0.0580977 0.0266667 0.00468063
33 0.531656 0.695417 0.0066875 0.00833337 0.00466537
0 0.202854 0.761667 0.0117031 0.0483334 0.00457382
0 0.365862 0.755833 0.0139323 0.0449999 0.00457382
38 0.868818 0.77 0.0144896 0.0283334 0.00457382
33 0.0368161 0.766875 0.0264714 0.01625 0.00445175
33 0.640885 0.776458 0.0156042 0.0304166 0.00443268
24 0.0881217 0.780833 0.0210378 0.0333333 0.00441742
33 0.687698 0.465 0.0378958 0.0366667 0.00439835
33 0.731167 0.281458 0.0289792 0.0175 0.00429916
33 0.268336 0.650417 0.036224 0.0433333 0.00429916
33 0.652031 0.8325 0.0456979 0.0183333 0.00428009
33 0.26743 0.638333 0.0369206 0.045 0.00428009
33 0.0174328 0.7725 0.0322184 0.0216667 0.00421524
0 0.852099 0.775833 0.0300938 0.055 0.00421524
0 0.443604 0.775 0.0167187 0.0216667 0.00418091
25 0.12957 0.808333 0.0663177 0.0366667 0.00416565
58 0.96913 0.744167 0.0334374 0.0533333 0.00411606
0 0.640885 0.776458 0.0156042 0.0304166 0.0041008
1 0.920646 0.765 0.013375 0.025 0.00407028
33 0.445276 0.600833 0.0167188 0.0291666 0.00405502
9 0.537229 0.758333 0.00947394 0.03 0.00402451
0 0.331867 0.766875 0.00835938 0.03625 0.00402451
1 0.220409 0.765417 0.025914 0.0341667 0.00399017
7 0.706646 0.771667 0.0222917 0.0116667 0.00397491
0 0.417411 0.774167 0.0144896 0.0333333 0.00392914
33 0.568995 0.773125 0.0122604 0.0204167 0.00391388
1 0.868818 0.77 0.0144896 0.0283334 0.00391388
2 0.548375 0.766667 0.0256354 0.02 0.00390053
2 0.0923711 0.731667 0.0275859 0.015 0.00387001
0 0.858786 0.763333 0.0100312 0.0383334 0.00387001
33 0.61525 0.6625 0.0334375 0.0283333 0.00385475
2 0.595187 0.775833 0.02675 0.025 0.00378036
33 0.765719 0.7725 0.0334375 0.0133333 0.00378036
33 0.891667 0.774792 0.0122604 0.0204166 0.00376511
33 0.605776 0.72375 0.0156042 0.02 0.00374985
13 0.138208 0.765833 0.0426328 0.02 0.0037365
2 0.754573 0.7725 0.0111458 0.0133333 0.0037365
33 0.868818 0.77 0.0144896 0.0283334 0.00372124
33 0.165098 0.773125 0.0183906 0.0237499 0.00367928
7 0.454193 0.775 0.0200625 0.02 0.00366402
33 0.584042 0.778125 0.0111458 0.02375 0.00365067
2 0.518003 0.773333 0.0156042 0.0116666 0.00356483
33 0.470076 0.49 0.036224 0.025 0.00355148
2 0.44862 0.7725 0.0378958 0.03 0.00352478
33 0.754573 0.7725 0.0111458 0.0133333 0.00348282
0 0.201043 0.781667 0.018112 0.02 0.00348282
1 0.0796927 0.729167 0.0189479 0.0233333 0.00345612
2 0.281154 0.7625 0.0111458 0.015 0.00345612
33 0.298708 0.769792 0.0278646 0.01375 0.00341606
0 0.920646 0.76625 0.0156042 0.0225 0.00341606
0 0.579583 0.775833 0.0200625 0.0283334 0.00340271
33 0.70776 0.7725 0.02675 0.0166667 0.00338936
33 0.444161 0.733333 0.0122604 0.0141666 0.00337601
2 0.00825488 0.745833 0.0152559 0.0283334 0.00336266
13 0.160361 0.7675 0.0270286 0.0266667 0.00332451
13 0.0881217 0.780833 0.0210378 0.0333333 0.00332451
33 0.130824 0.784167 0.0657604 0.045 0.00332451
13 0.77575 0.765833 0.0523854 0.02 0.00331116
0 0.12647 0.769167 0.0284915 0.015 0.00329781
1 0.845411 0.7725 0.0200625 0.0583333 0.00328636
33 0.443604 0.775 0.0167187 0.0216667 0.00327301
0 0.576797 0.774167 0.0156042 0.0300001 0.00324821
2 0.538344 0.76625 0.0111458 0.0225 0.00322342
7 0.665406 0.770833 0.0200625 0.015 0.00312424
0 0.332703 0.757917 0.0100313 0.0325 0.003088
7 0.521625 0.773333 0.0144896 0.0133333 0.00307465
2 0.00543359 0.68125 0.00856836 0.0175 0.00305176
2 0.0950182 0.72625 0.0535 0.0283333 0.00302696
2 0.0881217 0.780833 0.0210378 0.0333333 0.00301552
13 0.124833 0.771667 0.0281432 0.0116667 0.00301552
33 0.63587 0.775833 0.0178333 0.03 0.00300407
33 0.138208 0.765833 0.0426328 0.02 0.00292397
0 0.571781 0.768333 0.0144896 0.0233333 0.00292397
0 0.704974 0.722917 0.0111458 0.0291667 0.00291252
0 0.863245 0.785 0.0535 0.04 0.00288963
13 0.754573 0.7725 0.0111458 0.0133333 0.00286674
33 0.844297 0.76 0.0156042 0.04 0.00284576
0 0.454193 0.775 0.0200625 0.02 0.00284576
33 0.160361 0.7675 0.0270286 0.0266667 0.00282288
33 0.518003 0.773333 0.0156042 0.0116666 0.00282288
1 0.20369 0.770208 0.0167187 0.0429166 0.00279045
33 0.470354 0.505833 0.0378958 0.0366667 0.00277901
2 0.556316 0.768542 0.0376172 0.0195833 0.00275803
33 0.62138 0.665833 0.0434688 0.0183334 0.00274658
2 0.466453 0.745833 0.013375 0.01 0.00273705
2 0.456422 0.771667 0.0256354 0.0266667 0.00273705
33 0.260673 0.629167 0.0231276 0.0241666 0.0027256
33 0.22626 0.769167 0.0142109 0.0216667 0.00271416
0 0.317935 0.768333 0.0100312 0.0183334 0.00270462
24 0.0834544 0.781667 0.0153255 0.035 0.00269318
2 0.646458 0.73 0.00891666 0.01 0.00265312
0 0.277531 0.758333 0.00780208 0.015 0.00265312
33 0.848198 0.766875 0.0222917 0.05625 0.00265312
8 0.0147334 0.77 0.026959 0.015 0.00263214
2 0.599646 0.770208 0.0289792 0.0295833 0.00261116
0 0.57624 0.7575 0.0156042 0.0283333 0.00260162
0 0.52887 0.7575 0.0178333 0.0333333 0.00257111
33 0.579583 0.78 0.0189479 0.0233333 0.00257111
33 0.686583 0.206667 0.0245208 0.0333333 0.801758
33 0.697729 0.469167 0.0222917 0.0375 0.705566
33 0.12957 0.809167 0.0657604 0.0366667 0.581543
33 0.611349 0.665833 0.0256354 0.025 0.480469
0 0.178891 0.766667 0.0161615 0.0516667 0.401611
0 0.394284 0.768542 0.013375 0.0495834 0.393311
33 0.459766 0.4925 0.0150469 0.0133333 0.164551
33 0.469797 0.495833 0.0356667 0.0183334 0.155029
33 0.465617 0.494583 0.02675 0.0175 0.136597
33 0.444719 0.594167 0.0144896 0.015 0.129395
0 0.610792 0.771667 0.0111458 0.03 0.125977
0 0.920646 0.76375 0.0122604 0.0225 0.122925
0 0.191151 0.764167 0.0128177 0.0533333 0.122131
0 0.614135 0.773125 0.00891666 0.0304166 0.107422
0 0.341063 0.770833 0.0105885 0.0500001 0.101562
2 0.0147682 0.77 0.0268893 0.015 0.0878906
0 0.207591 0.7625 0.00891666 0.0333333 0.0863037
0 0.0834544 0.781667 0.0151862 0.035 0.0828247
0 0.191012 0.75875 0.0111458 0.0441666 0.0822754
0 0.36837 0.764583 0.013375 0.0525 0.0773926
0 0.222638 0.762917 0.017276 0.0324999 0.0734253
0 0.637542 0.773542 0.0156042 0.0329167 0.0671997
2 0.454193 0.775 0.0200625 0.02 0.0646362
2 0.0785781 0.729583 0.0161615 0.0216666 0.0634766
33 0.443604 0.5925 0.0156042 0.0133333 0.0632324
0 0.34775 0.770833 0.013375 0.0533333 0.0604248
0 0.349422 0.765417 0.0122604 0.0575 0.0567627
0 0.851542 0.7575 0.0156042 0.0383334 0.0567627
33 0.277531 0.641667 0.0189479 0.025 0.0526123
0 0.205641 0.7725 0.0125391 0.0316666 0.0512695
0 0.879406 0.755 0.0100312 0.0233333 0.0490417
0 0.219573 0.76 0.0111458 0.03 0.0480347
0 0.434688 0.775 0.0111458 0.0266667 0.0471497
0 0.630854 0.774792 0.0156042 0.0304167 0.0464783
33 0.470354 0.499167 0.0384532 0.0233333 0.0463867
7 0.0618594 0.7275 0.0548932 0.03 0.0453491
0 0.188643 0.765 0.0161615 0.0516667 0.044281
0 0.844297 0.76 0.0156042 0.04 0.0439453
0 0.208148 0.766667 0.0117031 0.04 0.0429688
0 0.920646 0.762083 0.00891666 0.0208333 0.0428162
2 0.552694 0.770833 0.018112 0.0116667 0.0417786
0 0.537229 0.758333 0.00947394 0.03 0.0415344
0 0.343849 0.7725 0.0122604 0.05 0.0409241
0 0.218598 0.7575 0.00947394 0.0266667 0.037262
33 0.270008 0.641667 0.0323229 0.0266667 0.0370483
0 0.167466 0.771875 0.0231276 0.0395833 0.033783
0 0.880521 0.752917 0.0111458 0.0183334 0.0333252
1 0.864359 0.784167 0.0501563 0.0383334 0.0328369
0 0.396513 0.770208 0.0128177 0.04625 0.0327759
0 0.431901 0.78 0.00891666 0.0266667 0.0322266
0 0.383695 0.773333 0.00891666 0.0383334 0.0314941
33 0.124833 0.771667 0.0281432 0.0116667 0.0313721
33 0.706646 0.771667 0.0222917 0.0116667 0.0313721
0 0.379516 0.774167 0.0100312 0.035 0.0307922
0 0.879406 0.758333 0.0111459 0.03 0.02948
2 0.084987 0.730833 0.0275859 0.0183334 0.0293121
2 0.704417 0.771667 0.0178333 0.0116667 0.0292053
33 0.162172 0.771875 0.0239635 0.0229167 0.0290833
2 0.521625 0.773333 0.0144896 0.0133333 0.0284424
0 0.205919 0.765 0.0105886 0.0366667 0.0276337
7 0.066161 0.728333 0.0398812 0.0266667 0.0275879
0 0.166073 0.774792 0.0222917 0.0304167 0.0269165
0 0.633083 0.774792 0.0211771 0.0337499 0.0263519
33 0.126505 0.769167 0.0284219 0.015 0.0261536
2 0.444161 0.775 0.0178333 0.0216667 0.0259552
0 0.525526 0.759167 0.0111458 0.035 0.0253754
1 0.846526 0.788333 0.0211771 0.0333333 0.0249939
33 0.552694 0.770833 0.018112 0.0116667 0.0247955
58 0.970802 0.735833 0.040125 0.0666666 0.0245209
2 0.450292 0.773542 0.034552 0.0229166 0.0240479
33 0.0147682 0.77 0.0268893 0.015 0.0233307
33 0.688812 0.470833 0.0378958 0.035 0.0226288
33 0.730052 0.773542 0.0156042 0.0195834 0.0226288
33 0.704417 0.468333 0.0345521 0.04 0.02211
0 0.0785781 0.729583 0.0161615 0.0216666 0.0211639
0 0.538344 0.76625 0.0111458 0.0225 0.0206909
33 0.658719 0.829167 0.0312083 0.015 0.0206451
0 0.337719 0.766667 0.0111459 0.035 0.0200653
5 0.0618594 0.7275 0.0548932 0.03 0.0199432
0 0.219573 0.763333 0.0239635 0.035 0.0189819
0 0.0870768 0.781875 0.0196445 0.0329166 0.0187683
1 0.871604 0.7825 0.0378959 0.0400001 0.018692
0 0.584042 0.778125 0.0111458 0.02375 0.0180511
0 0.130441 0.764167 0.0121908 0.0183334 0.0180206
0 0.847083 0.755833 0.0200625 0.0383333 0.0179901
0 0.208427 0.759167 0.0100312 0.0316666 0.0175171
0 0.20369 0.768542 0.0128177 0.04625 0.0175171
0 0.367812 0.771667 0.0111458 0.0433333 0.0174408
33 0.268893 0.634583 0.0339948 0.0316667 0.0162811
2 0.0642975 0.729167 0.0484844 0.0241666 0.0162811
0 0.414904 0.78 0.00947394 0.03 0.0162811
0 0.848198 0.765833 0.0222917 0.0533334 0.0162201
0 0.164958 0.773125 0.0183906 0.0237499 0.0159607
33 0.663177 0.830833 0.0200625 0.0133333 0.0157166
0 0.432458 0.776667 0.013375 0.0333333 0.0151901
0 0.817547 0.755833 0.0111458 0.0383333 0.0149536
2 0.316542 0.765 0.0100312 0.0183334 0.0149536
0 0.524969 0.750833 0.0111458 0.0216666 0.0148392
0 0.171646 0.766875 0.0239635 0.04625 0.0145035
33 0.274257 0.6375 0.0143502 0.0283334 0.014389
33 0.649245 0.83 0.0523854 0.02 0.0142822
13 0.765719 0.7725 0.0334375 0.0133333 0.0142288
0 0.329917 0.759167 0.00780208 0.03 0.0141754
0 0.202436 0.774167 0.0164401 0.0333333 0.0138474
0 0.22626 0.769167 0.0142109 0.0216667 0.0136871
2 0.305953 0.764167 0.0122604 0.015 0.0134811
33 0.278089 0.645833 0.0178334 0.0266667 0.012825
0 0.617479 0.774167 0.0100313 0.0300001 0.0124817
33 0.458094 0.610833 0.00780211 0.0116666 0.0123825
0 0.477042 0.77 0.00891671 0.03 0.0123367
33 0.613021 0.66 0.02675 0.035 0.012291
13 0.0618768 0.728333 0.0545798 0.0266667 0.0121918
0 0.473698 0.773333 0.00780211 0.0216667 0.012146
7 0.0903509 0.724167 0.112712 0.0366667 0.0118256
0 0.628625 0.776458 0.013375 0.0304166 0.0116882
13 0.767948 0.7675 0.0702188 0.025 0.0112457
2 0.418526 0.768333 0.0156042 0.0233333 0.0112
2 0.302609 0.761667 0.0156042 0.015 0.011116
0 0.60299 0.774167 0.0111458 0.0266667 0.0109863
0 0.525526 0.7725 0.0122604 0.0183333 0.0108566
0 0.848198 0.788333 0.0200625 0.03 0.0108185
33 0.521625 0.773333 0.0144896 0.0133333 0.0106964
0 0.844854 0.773333 0.0200625 0.0566666 0.0103302
0 0.575125 0.76375 0.013375 0.0175 0.00985718
2 0.432458 0.776667 0.013375 0.0333333 0.00981903
0 0.466453 0.773333 0.00947394 0.0233333 0.00981903
0 0.326573 0.7575 0.0100312 0.0283333 0.00978088
0 0.364469 0.764583 0.0122604 0.0508334 0.00967407
0 0.603547 0.771667 0.0189479 0.03 0.00930023
2 0.941823 0.770833 0.0111459 0.01 0.00923157
0 0.644229 0.785 0.00891666 0.0133333 0.00919342
0 0.618594 0.776667 0.00891666 0.0283334 0.00905609
0 0.860458 0.77 0.02675 0.0566666 0.00905609
0 0.921203 0.7675 0.0111459 0.0283333 0.00901794
0 0.61525 0.773333 0.0156042 0.0333333 0.00878143
13 0.145174 0.763333 0.044862 0.02 0.00871277
0 0.477599 0.763333 0.00947394 0.03 0.00871277
0 0.881635 0.7925 0.0156042 0.0216667 0.00871277
2 0.0411351 0.728333 0.0121908 0.0241666 0.0086441
0 0.730052 0.773542 0.0156042 0.0195834 0.0086441
33 0.478156 0.4975 0.0568438 0.0283334 0.00847626
0 0.16468 0.768125 0.0211771 0.0337499 0.00834656
2 0.417411 0.774167 0.0144896 0.0333333 0.00821686
33 0.644229 0.785 0.00891666 0.0133333 0.00821686
33 0.289792 0.77 0.0144896 0.0133333 0.00815582
33 0.454193 0.775 0.0200625 0.02 0.00790405
33 0.665406 0.770833 0.0200625 0.015 0.00787354
0 0.878292 0.764167 0.0111459 0.0416666 0.00787354
5 0.066161 0.728333 0.0398812 0.0266667 0.00787354
2 0.537229 0.76 0.0100312 0.0283334 0.0078125
33 0.676552 0.207083 0.0423542 0.0354167 0.0077858
33 0.699958 0.462083 0.0278646 0.0525 0.0077858
33 0.12748 0.779167 0.0638099 0.0316666 0.00763702
2 0.509922 0.73125 0.0178333 0.00916661 0.00754929
2 0.584042 0.778125 0.0111458 0.02375 0.00754929
0 0.225424 0.761667 0.017276 0.0383334 0.00746155
2 0.494875 0.745 0.0144896 0.0116667 0.00734711
0 0.192544 0.7775 0.0150469 0.0283333 0.00734711
2 0.509365 0.723333 0.0200625 0.0183333 0.00731659
0 0.577911 0.773333 0.0211771 0.035 0.00728989
13 0.754573 0.768333 0.0791354 0.0233333 0.00728989
2 0.576797 0.774167 0.0156042 0.0300001 0.00728989
0 0.883865 0.791667 0.013375 0.0233333 0.00728989
1 0.201043 0.781667 0.018112 0.02 0.00714874
2 0.444161 0.733333 0.0122604 0.0141666 0.00706482
7 0.0796927 0.729167 0.0189479 0.0233333 0.00698471
0 0.47732 0.747083 0.00891666 0.015 0.00698471
2 0.420198 0.765833 0.0189479 0.0266667 0.00695801
0 0.868818 0.77 0.0144896 0.0266667 0.00695801
0 0.3745 0.764167 0.0178333 0.0516667 0.0068512
33 0.863245 0.785 0.0535 0.04 0.00682449
0 0.941823 0.770833 0.0111459 0.01 0.00669098
2 0.665406 0.770833 0.0200625 0.015 0.00666809
0 0.816432 0.766875 0.0100312 0.0195834 0.00653839
0 0.418526 0.775833 0.0111458 0.0266667 0.00653839
29 0.12957 0.808333 0.0652031 0.0366667 0.00636292
0 0.473698 0.754167 0.00835934 0.0183334 0.00634003
33 0.14197 0.766875 0.0593516 0.02625 0.00629044
7 0.450292 0.773542 0.034552 0.0229166 0.00612259
33 0.0268893 0.7675 0.0454193 0.0166667 0.006073
33 0.111737 0.805833 0.0298151 0.0333333 0.00605011
33 0.920646 0.765 0.013375 0.025 0.00595856
2 0.527198 0.7725 0.0111458 0.0166667 0.00588989
2 0.568995 0.773125 0.0122604 0.0204167 0.00577545
33 0.0328715 0.765417 0.0335942 0.0141666 0.00575256
33 0.448062 0.593333 0.0178333 0.0133333 0.00564194
33 0.941823 0.770833 0.0111459 0.01 0.00561905
33 0.851542 0.75375 0.0156042 0.0291667 0.00544739
0 0.305953 0.764167 0.0122604 0.015 0.00526047
1 0.192544 0.7775 0.0150469 0.0283333 0.00526047
1 0.881635 0.791667 0.0167187 0.0233333 0.00526047
33 0.628625 0.828333 0.00891666 0.0133333 0.00526047
33 0.478156 0.5025 0.0579583 0.0283334 0.0051384
38 0.868818 0.77 0.0144896 0.0266667 0.0051384
33 0.0365723 0.766875 0.0277253 0.01625 0.00510025
1 0.866589 0.79 0.0479271 0.0266667 0.0050621
33 0.660948 0.771875 0.0289792 0.01625 0.00496292
33 0.111319 0.771667 0.0245208 0.0116667 0.00492477
1 0.866031 0.771667 0.0200625 0.0316667 0.00492477
33 0.687698 0.465 0.0378958 0.0366667 0.00475693
33 0.123649 0.783333 0.0580977 0.0266667 0.00473785
33 0.0177288 0.7725 0.0328105 0.0216667 0.00471878
14 0.459766 0.4925 0.0150469 0.0133333 0.00462723
33 0.531656 0.695 0.0066875 0.00833329 0.00462723
0 0.202854 0.760833 0.0117031 0.0483333 0.00453949
36 0.863802 0.78 0.0557291 0.0516667 0.00453949
0 0.365862 0.754167 0.0139323 0.0433333 0.00452042
33 0.268336 0.65 0.036224 0.0433333 0.00450516
2 0.0923014 0.731667 0.0277253 0.015 0.00450516
24 0.0881217 0.780833 0.0210378 0.0333333 0.00439835
33 0.652589 0.8325 0.0445833 0.0183333 0.00438309
33 0.640885 0.776458 0.0156042 0.0304166 0.00436401
2 0.548654 0.766667 0.0250782 0.02 0.00434875
7 0.706646 0.771667 0.0222917 0.0116667 0.00434875
25 0.12957 0.808333 0.0665964 0.0366667 0.00434875
9 0.537229 0.758333 0.00947394 0.03 0.00432968
0 0.331867 0.766667 0.00835938 0.035 0.00431442
2 0.754573 0.7725 0.0111458 0.0133333 0.00429916
33 0.267779 0.638333 0.0373385 0.0458333 0.00428009
2 0.595187 0.775833 0.02675 0.025 0.00421524
33 0.868818 0.77 0.0144896 0.0266667 0.00418091
58 0.969687 0.743333 0.0334375 0.055 0.00415039
33 0.445276 0.600833 0.0167188 0.0283334 0.00411606
0 0.444161 0.775 0.0178333 0.0216667 0.0041008
33 0.891667 0.774792 0.0122604 0.0204166 0.00408554
33 0.731167 0.281667 0.0289792 0.0175 0.00405502
0 0.640885 0.776458 0.0156042 0.0304166 0.00402451
1 0.868818 0.77 0.0144896 0.0266667 0.00402451
33 0.605776 0.723333 0.0156042 0.02 0.00395966
7 0.454193 0.775 0.0200625 0.02 0.0039444
33 0.765719 0.7725 0.0334375 0.0133333 0.0039444
33 0.61525 0.6625 0.0334375 0.0283333 0.00392914
1 0.920646 0.765 0.013375 0.025 0.00390053
1 0.220409 0.765833 0.0256354 0.035 0.00388527
33 0.568995 0.773125 0.0122604 0.0204167 0.00385475
2 0.518003 0.773333 0.0156042 0.0116666 0.00383949
0 0.417411 0.774167 0.0144896 0.0333333 0.00382423
2 0.44862 0.7725 0.0378958 0.03 0.00379562
2 0.281154 0.7625 0.0111458 0.015 0.00374985
13 0.138069 0.765833 0.0423542 0.02 0.00372124
33 0.470076 0.49 0.036224 0.025 0.00369263
33 0.584042 0.778125 0.0111458 0.02375 0.00365067
2 0.538344 0.76625 0.0111458 0.0225 0.00362206
33 0.70776 0.7725 0.02675 0.0166667 0.00356483
33 0.754573 0.7725 0.0111458 0.0133333 0.00356483
0 0.30651 0.766667 0.0122604 0.0183333 0.00351143
0 0.855443 0.775833 0.0367812 0.055 0.00349617
0 0.126505 0.769167 0.0284219 0.015 0.00345612
0 0.201043 0.781667 0.018112 0.02 0.00345612
7 0.665406 0.770833 0.0200625 0.015 0.00344276
2 0.00825488 0.745833 0.0152907 0.0283334 0.00342941
33 0.130824 0.784167 0.0657604 0.0433334 0.00340271
0 0.576797 0.774167 0.0156042 0.0300001 0.00336266
13 0.160639 0.766458 0.02675 0.0270834 0.00335121
2 0.0881217 0.780833 0.0210378 0.0333333 0.00333786
7 0.521625 0.773333 0.0144896 0.0133333 0.00333786
33 0.298708 0.769792 0.0278646 0.01375 0.00332451
0 0.920646 0.766667 0.0156042 0.0216667 0.00332451
2 0.0968294 0.725833 0.057401 0.0283334 0.00329781
1 0.844854 0.773333 0.0200625 0.0566666 0.00329781
0 0.579583 0.775833 0.0200625 0.0283334 0.00329781
2 0.00539876 0.68125 0.0084987 0.0175 0.00328636
33 0.844297 0.76 0.0156042 0.04 0.00328636
1 0.0796927 0.729167 0.0189479 0.0233333 0.00327301
0 0.859344 0.763333 0.00891666 0.0383334 0.00327301
33 0.444161 0.775 0.0178333 0.0216667 0.00327301
13 0.0881217 0.780833 0.0210378 0.0333333 0.00323486
33 0.848198 0.765833 0.0222917 0.0533334 0.00319672
5 0.0903509 0.724167 0.112712 0.0366667 0.00316048
2 0.55562 0.768542 0.0367813 0.0195833 0.00314713
13 0.754573 0.7725 0.0111458 0.0133333 0.00314713
33 0.444161 0.733333 0.0122604 0.0141666 0.00309944
2 0.466453 0.745833 0.013375 0.01 0.00309944
0 0.332703 0.757917 0.0100313 0.0325 0.003088
13 0.77575 0.765833 0.0512709 0.02 0.003088
0 0.571781 0.768333 0.0144896 0.0233333 0.00302696
33 0.636427 0.775833 0.0178333 0.03 0.00302696
33 0.138069 0.765833 0.0423542 0.02 0.00301552
13 0.124833 0.771667 0.0281432 0.0116667 0.00301552
33 0.160639 0.766458 0.02675 0.0270834 0.0029583
33 0.470354 0.505833 0.0378958 0.0366667 0.00294685
2 0.646458 0.73 0.00891666 0.01 0.00294685
33 0.847083 0.755833 0.0200625 0.0383333 0.00294685
33 0.518003 0.773333 0.0156042 0.0116666 0.00294685
1 0.20369 0.770208 0.0167187 0.0429166 0.00293541
2 0.599646 0.770208 0.0289792 0.0295833 0.00291252
2 0.456422 0.771875 0.0256354 0.02625 0.00288963
2 0.126505 0.769167 0.0284219 0.015 0.00288963
0 0.704417 0.723333 0.0111458 0.0283334 0.00287819
33 0.22626 0.769167 0.0142109 0.0216667 0.0028553
0 0.317935 0.768333 0.0100312 0.0183334 0.0028553
33 0.260673 0.629167 0.0231276 0.0241666 0.00284576
33 0.621937 0.665833 0.0445833 0.0183334 0.00284576
0 0.454193 0.775 0.0200625 0.02 0.00284576
33 0.639771 0.7725 0.0178333 0.0316666 0.00282288
33 0.280596 0.646667 0.0239635 0.03 0.00277901
2 0.575125 0.76375 0.013375 0.0175 0.00275803
11 0.879406 0.755 0.0100312 0.0233333 0.00273705
33 0.692156 0.207917 0.0378958 0.03 0.00269318
2 0.163565 0.735 0.0161615 0.0183334 0.00269318
33 0.686583 0.206667 0.0245208 0.0333333 0.804199
33 0.697729 0.469167 0.0222917 0.0375 0.710449
33 0.12957 0.809167 0.0657604 0.0366667 0.586914
33 0.611349 0.665833 0.0256354 0.025 0.478516
0 0.178891 0.766667 0.0161615 0.0516667 0.404541
0 0.394284 0.768542 0.013375 0.0495834 0.392334
33 0.459766 0.4925 0.0150469 0.0133333 0.161377
33 0.469797 0.495833 0.036224 0.0183334 0.15918
33 0.465896 0.494583 0.02675 0.0175 0.134766
33 0.444719 0.594167 0.0144896 0.015 0.127686
0 0.920646 0.76375 0.0122604 0.0225 0.127686
0 0.610792 0.771667 0.0111458 0.03 0.127197
0 0.191151 0.764167 0.0128177 0.0533333 0.119995
0 0.614135 0.773125 0.00891666 0.0304166 0.109131
0 0.341063 0.770833 0.0105885 0.0500001 0.101257
2 0.0147856 0.77 0.0269938 0.015 0.0933228
0 0.207591 0.7625 0.00891666 0.0333333 0.0853882
0 0.0834544 0.781667 0.0153255 0.035 0.0819702
0 0.191151 0.757917 0.0111458 0.0424999 0.0797729
0 0.222638 0.763333 0.0175547 0.0333333 0.0751953
0 0.36837 0.764583 0.013375 0.0525 0.074646
0 0.637542 0.773542 0.0156042 0.0329167 0.0696411
2 0.454193 0.775 0.0211771 0.02 0.0678101
2 0.0785781 0.729583 0.0164401 0.0216666 0.0665894
33 0.443604 0.5925 0.0156042 0.0133333 0.0632324
0 0.34775 0.768333 0.0144896 0.0583334 0.0606384
0 0.851542 0.7575 0.0156042 0.0366667 0.0559387
33 0.277253 0.641667 0.0195052 0.025 0.0549927
33 0.278089 0.643333 0.0167187 0.02 0.0534058
0 0.205641 0.7725 0.0128177 0.0316666 0.0502319
0 0.879406 0.755 0.0100312 0.0233333 0.0500488
7 0.0617897 0.7275 0.0548932 0.03 0.0481262
0 0.630854 0.774792 0.0167187 0.0304167 0.0476074
33 0.470354 0.499167 0.0384532 0.0233333 0.0474243
0 0.219573 0.76 0.0111458 0.03 0.0467224
0 0.434688 0.775 0.0111458 0.0266667 0.0459595
0 0.349979 0.765 0.013375 0.0583334 0.0458679
0 0.844297 0.759167 0.0156042 0.04 0.0454407
2 0.552694 0.770833 0.018112 0.0116667 0.0448608
0 0.920646 0.762083 0.00891666 0.0208333 0.044342
0 0.208148 0.766667 0.0117031 0.04 0.0441895
0 0.188365 0.765 0.0164401 0.0516667 0.0430298
0 0.343849 0.7725 0.0122604 0.05 0.0403137
0 0.537229 0.758333 0.00947394 0.03 0.0402527
33 0.270008 0.641667 0.0323229 0.0266667 0.0393372
1 0.863802 0.784167 0.0512709 0.0383334 0.037323
0 0.218598 0.7575 0.00947394 0.0266667 0.0363464
0 0.167466 0.771875 0.0234062 0.0395833 0.033844
0 0.396513 0.770208 0.0128177 0.04625 0.0334778
0 0.880521 0.7525 0.0111458 0.0183333 0.0326538
33 0.124833 0.771667 0.0281432 0.0116667 0.0325928
33 0.707203 0.771667 0.0234062 0.0116667 0.0323486
0 0.383695 0.773333 0.00891666 0.0383334 0.0320435
0 0.431901 0.78 0.00891666 0.0266667 0.0318604
2 0.704974 0.771667 0.0189479 0.0116667 0.0316162
2 0.084987 0.730833 0.0278646 0.0183334 0.0307922
0 0.379516 0.774167 0.0100312 0.035 0.0307312
0 0.879406 0.758333 0.0111459 0.03 0.0305634
2 0.521625 0.773333 0.0144896 0.0133333 0.0296478
33 0.162172 0.771875 0.0239635 0.0229167 0.0290833
58 0.969687 0.735833 0.0401251 0.0616667 0.0282135
2 0.44444 0.775 0.0189479 0.0216667 0.0280151
0 0.205919 0.765 0.0105886 0.0366667 0.0275879
1 0.846526 0.788333 0.0211771 0.0333333 0.0273743
33 0.12647 0.769167 0.0284915 0.015 0.0269623
0 0.166073 0.774792 0.022849 0.0304167 0.0261078
2 0.450013 0.773542 0.0351094 0.0229166 0.0259552
33 0.552694 0.770833 0.018112 0.0116667 0.0255585
0 0.525526 0.759167 0.0111458 0.035 0.0252228
33 0.688812 0.470833 0.0378958 0.035 0.0236969
33 0.0147856 0.77 0.0269938 0.015 0.0235138
33 0.704417 0.468333 0.0345521 0.0408333 0.0223694
33 0.730052 0.773542 0.0156042 0.0195834 0.02211
5 0.0617897 0.7275 0.0548932 0.03 0.0217743
1 0.871604 0.7825 0.0378959 0.0400001 0.021286
0 0.538344 0.766667 0.0111458 0.0216667 0.0207672
33 0.657604 0.829167 0.0334375 0.015 0.0205688
0 0.0785781 0.729583 0.0164401 0.0216666 0.0205231
0 0.337719 0.766667 0.0111459 0.035 0.0202484
0 0.219294 0.763333 0.0245208 0.035 0.019455
0 0.0870768 0.781875 0.0196445 0.0329166 0.0188293
2 0.0628172 0.729167 0.0515843 0.0241666 0.018692
0 0.130441 0.764167 0.0121908 0.0183334 0.0182343
0 0.847641 0.755833 0.0200624 0.0383333 0.0181274
0 0.583484 0.778125 0.0111458 0.02375 0.0179901
0 0.208427 0.759167 0.0100312 0.0316666 0.0177155
0 0.20369 0.768542 0.0130963 0.04625 0.0176392
33 0.268893 0.634167 0.0339948 0.0316666 0.0171051
0 0.367812 0.771875 0.0111458 0.0429167 0.0170441
2 0.316542 0.765 0.0111458 0.0183334 0.0165863
0 0.414904 0.78 0.00947394 0.03 0.0162811
0 0.848198 0.765 0.0222917 0.0516667 0.0162201
0 0.164958 0.773125 0.0183906 0.0237499 0.0157776
13 0.765719 0.7725 0.0334375 0.0133333 0.0154877
0 0.817547 0.755833 0.0111458 0.0383333 0.0154266
33 0.663177 0.830833 0.0200625 0.0133333 0.0153656
33 0.649245 0.83 0.0523854 0.02 0.0151901
0 0.432458 0.776667 0.013375 0.0333333 0.0149536
33 0.274187 0.6375 0.0144896 0.0283334 0.0149002
0 0.171507 0.766875 0.0242422 0.04625 0.0146179
2 0.305953 0.764167 0.0122604 0.015 0.0145569
0 0.524969 0.750833 0.0111458 0.0216666 0.0144501
0 0.202297 0.774167 0.0167187 0.0333333 0.0142822
7 0.0926497 0.724583 0.11731 0.0375 0.0139542
0 0.329917 0.75875 0.00780208 0.0291667 0.0139542
0 0.22626 0.769167 0.0142109 0.0216667 0.0134277
0 0.617479 0.774167 0.0100313 0.0300001 0.01297
0 0.477042 0.77 0.00891671 0.03 0.0126266
0 0.473698 0.773333 0.00891666 0.0216667 0.0124283
33 0.613021 0.66 0.02675 0.035 0.0123367
33 0.458094 0.610833 0.00780211 0.0116666 0.0122375
2 0.418526 0.768333 0.0156042 0.0233333 0.012146
13 0.767948 0.7675 0.0702188 0.025 0.0118256
2 0.302888 0.761667 0.0156042 0.015 0.0116882
0 0.628625 0.776458 0.013375 0.0304166 0.0116882
0 0.525526 0.7725 0.0122604 0.0183333 0.0116425
13 0.0618768 0.728333 0.0545798 0.0266667 0.0113754
0 0.60299 0.774167 0.0111458 0.0266667 0.0111618
33 0.521625 0.773333 0.0144896 0.0133333 0.0110321
0 0.848198 0.788333 0.0200625 0.03 0.0106506
33 0.277253 0.646667 0.0200625 0.0316667 0.0104523
0 0.466453 0.773333 0.00947394 0.0233333 0.0103683
2 0.432458 0.776667 0.013375 0.0333333 0.0102081
0 0.575125 0.76375 0.013375 0.0175 0.0100098
0 0.844854 0.773333 0.0200625 0.055 0.00997162
2 0.941823 0.770833 0.0111459 0.01 0.00978088
0 0.326573 0.7575 0.0100312 0.0283333 0.00963593
0 0.364469 0.764583 0.0122604 0.0508334 0.00959778
0 0.921203 0.7675 0.0111459 0.0283333 0.00955963
0 0.603547 0.771667 0.0189479 0.03 0.00941467
0 0.644229 0.785 0.00891666 0.0133333 0.00930023
0 0.618594 0.776667 0.00891666 0.0283334 0.00919342
33 0.477878 0.4975 0.0562865 0.0283334 0.0091629
2 0.0411003 0.728333 0.0121211 0.0241666 0.00908661
0 0.861573 0.769167 0.0267501 0.0566666 0.00905609
0 0.61525 0.773333 0.0156042 0.0316667 0.00898743
2 0.417411 0.774167 0.0144896 0.0333333 0.00888062
13 0.145209 0.763333 0.045071 0.02 0.00878143
0 0.477599 0.763333 0.00947394 0.03 0.00878143
33 0.644229 0.785 0.00891666 0.0133333 0.00874329
0 0.730052 0.773542 0.0156042 0.0195834 0.0085144
2 0.509922 0.73125 0.0178333 0.00916661 0.00847626
33 0.289792 0.77 0.0144896 0.0133333 0.00847626
0 0.881635 0.7925 0.0156042 0.0216667 0.00844574
0 0.16468 0.768333 0.0211771 0.035 0.00834656
33 0.665406 0.770833 0.0200625 0.015 0.00828552
2 0.508807 0.723333 0.0200625 0.0183333 0.008255
2 0.494875 0.745 0.0144896 0.0116667 0.008255
2 0.537229 0.76 0.0100312 0.0283334 0.00803375
0 0.878292 0.764167 0.0111459 0.0416666 0.00790405
33 0.676552 0.207083 0.0423542 0.0354167 0.00787354
2 0.583484 0.778125 0.0111458 0.02375 0.00787354
33 0.454193 0.775 0.0211771 0.02 0.0078125
13 0.754573 0.768333 0.08025 0.0233333 0.0077858
33 0.12748 0.779167 0.0638099 0.0316666 0.0077858
2 0.576797 0.774167 0.0156042 0.0300001 0.00766754
1 0.200904 0.781667 0.0183906 0.02 0.00763702
0 0.883865 0.791667 0.013375 0.0233333 0.00763702
33 0.699958 0.462083 0.0278646 0.0525 0.00757599
2 0.420198 0.765833 0.0189479 0.0266667 0.00751877
0 0.225424 0.761667 0.017276 0.0383334 0.00746155
2 0.444161 0.733333 0.0122604 0.0141666 0.00731659
7 0.0796927 0.729167 0.0189479 0.0233333 0.00728989
0 0.577911 0.773333 0.0211771 0.035 0.00709534
0 0.47732 0.747083 0.00891666 0.015 0.00706482
0 0.192684 0.778125 0.0150469 0.0270833 0.00703812
0 0.81699 0.766875 0.00891666 0.0195834 0.00695801
0 0.868818 0.769792 0.0144896 0.0270834 0.0069046
33 0.0268893 0.7675 0.0456979 0.0166667 0.00674438
0 0.941823 0.770833 0.0111459 0.01 0.00671768
0 0.473698 0.754167 0.00835934 0.0183334 0.00666809
33 0.863245 0.785 0.0535 0.04 0.00664139
0 0.3745 0.764167 0.0178333 0.0516667 0.00661469
33 0.141831 0.766667 0.0593516 0.0266667 0.00661469
2 0.665406 0.770833 0.0200625 0.015 0.00658798
0 0.418526 0.775833 0.0111458 0.0266667 0.00658798
7 0.450013 0.773542 0.0351094 0.0229166 0.00658798
29 0.129535 0.808333 0.0652728 0.0366667 0.00653839
2 0.527198 0.771458 0.0122604 0.0170834 0.00626373
33 0.0325319 0.765417 0.0347611 0.0141666 0.00621796
2 0.568995 0.773333 0.0122604 0.02 0.006073
33 0.112155 0.805833 0.030651 0.0333333 0.006073
1 0.881635 0.791667 0.0167187 0.0233333 0.005867
1 0.866031 0.79 0.0490417 0.0266667 0.00584412
33 0.448062 0.593333 0.0178333 0.0133333 0.00582123
1 0.192684 0.778125 0.0150469 0.0270833 0.00572968
33 0.0361543 0.766875 0.0289792 0.01625 0.00568771
33 0.920646 0.765 0.013375 0.025 0.00566483
33 0.941823 0.770833 0.0111459 0.01 0.00553513
0 0.338555 0.771667 0.0128177 0.045 0.00538635
33 0.628625 0.828333 0.00891666 0.0133333 0.00536346
1 0.866031 0.771667 0.021177 0.0316667 0.00534439
36 0.863802 0.780833 0.0557291 0.0516667 0.00534439
33 0.478156 0.5025 0.0579583 0.0283334 0.00527954
38 0.868818 0.769792 0.0144896 0.0270834 0.00527954
33 0.660948 0.770833 0.0289792 0.015 0.00521851
33 0.851542 0.75375 0.0156042 0.0291667 0.00518036
0 0.305953 0.764167 0.0122604 0.015 0.00510025
33 0.111458 0.771667 0.0247995 0.0116667 0.00510025
33 0.687698 0.465 0.0378958 0.0358333 0.00498199
33 0.017903 0.7725 0.0332285 0.0216667 0.00494385
14 0.459766 0.4925 0.0150469 0.0133333 0.00488663
2 0.0921621 0.731667 0.0282826 0.015 0.00486755
33 0.123719 0.783333 0.058237 0.0266667 0.00481033
2 0.75513 0.7725 0.0122604 0.0133333 0.00466537
33 0.268545 0.65 0.035806 0.0433333 0.0046463
33 0.640885 0.776458 0.0167188 0.0304166 0.00460815
2 0.548375 0.766667 0.0245208 0.02 0.0045929
7 0.707203 0.771667 0.0234062 0.0116667 0.0045929
33 0.531656 0.695417 0.0066875 0.00833337 0.00457382
9 0.537229 0.758333 0.00947394 0.03 0.00457382
2 0.595187 0.775833 0.02675 0.025 0.00453949
0 0.202854 0.760417 0.0117031 0.0475 0.00450516
33 0.2675 0.638333 0.0373385 0.0458333 0.00450516
0 0.365862 0.754167 0.0139323 0.0416666 0.00448608
25 0.12957 0.808333 0.0665964 0.0366667 0.00445175
1 0.868818 0.769792 0.0144896 0.0270834 0.00432968
1 0.220409 0.765833 0.0261927 0.035 0.00432968
0 0.331867 0.766458 0.00835938 0.03375 0.00432968
24 0.0881217 0.780833 0.0210378 0.0333333 0.00431442
33 0.731167 0.281458 0.0289792 0.0170833 0.00415039
7 0.454193 0.775 0.0211771 0.02 0.00415039
0 0.640885 0.776458 0.0167188 0.0304166 0.00411606
2 0.518003 0.773333 0.0156042 0.0133333 0.0041008
33 0.891667 0.774792 0.0122604 0.0204166 0.00408554
33 0.445276 0.600833 0.0167188 0.0283334 0.00407028
1 0.920646 0.765 0.013375 0.025 0.00407028
33 0.61525 0.6625 0.0334375 0.0283333 0.00403976
0 0.44444 0.775 0.0189479 0.0216667 0.00397491
2 0.281432 0.7625 0.0111459 0.015 0.0039444
33 0.568995 0.773333 0.0122604 0.02 0.0039444
33 0.765719 0.7725 0.0334375 0.0133333 0.00391388
33 0.605776 0.72375 0.0156042 0.02 0.00390053
5 0.0926497 0.724583 0.11731 0.0375 0.00388527
0 0.417411 0.774167 0.0144896 0.0333333 0.00387001
33 0.868818 0.769792 0.0144896 0.0270834 0.00383949
33 0.470354 0.49 0.0367813 0.025 0.00382423
33 0.70776 0.7725 0.02675 0.0166667 0.00379562
33 0.583484 0.778125 0.0111458 0.02375 0.00376511
2 0.538344 0.766667 0.0111458 0.0216667 0.00370789
13 0.138766 0.765833 0.0437474 0.02 0.00369263
2 0.466453 0.745833 0.013375 0.01 0.00362206
2 0.00825488 0.745833 0.0153255 0.0283334 0.00356483
1 0.844854 0.773333 0.0200625 0.055 0.00355148
2 0.0996159 0.725833 0.062974 0.0283334 0.00353813
7 0.521625 0.773333 0.0144896 0.0133333 0.00353813
33 0.75513 0.7725 0.0122604 0.0133333 0.00353813
13 0.75513 0.7725 0.0122604 0.0133333 0.00351143
33 0.130824 0.784167 0.0657604 0.0433334 0.00349617
0 0.12647 0.769167 0.0284915 0.015 0.00348282
7 0.665406 0.770833 0.0200625 0.015 0.00346947
13 0.77575 0.765833 0.0523854 0.02 0.00344276
2 0.55562 0.768542 0.0367813 0.0195833 0.00342941
2 0.00539876 0.68125 0.0084987 0.0175 0.00341606
0 0.576797 0.774167 0.0156042 0.0300001 0.00340271
13 0.160221 0.766458 0.0273073 0.0270834 0.00337601
2 0.0881217 0.780833 0.0210378 0.0333333 0.00337601
33 0.29843 0.769792 0.0278646 0.01375 0.00337601
0 0.30651 0.766667 0.0122604 0.0183333 0.00337601
0 0.920646 0.766667 0.0156042 0.0216667 0.00337601
0 0.200904 0.781667 0.0183906 0.02 0.00337601
2 0.646458 0.73 0.00891666 0.01 0.00332451
33 0.44444 0.775 0.0189479 0.0216667 0.00329781
0 0.858786 0.763333 0.00891666 0.0383334 0.00328636
0 0.579583 0.775833 0.0200625 0.0283334 0.00325966
0 0.859344 0.7775 0.0445833 0.0533333 0.00325966
2 0.599646 0.77 0.0289792 0.0283334 0.00323486
1 0.0796927 0.729167 0.0189479 0.0233333 0.00322342
1 0.20369 0.770208 0.0169974 0.0429166 0.00319672
33 0.138766 0.765833 0.0437474 0.02 0.00318527
33 0.518003 0.773333 0.0156042 0.0133333 0.00317192
33 0.636427 0.775833 0.0178333 0.03 0.00317192
2 0.455865 0.771667 0.02675 0.0266667 0.00314713
13 0.0881217 0.780833 0.0210378 0.0333333 0.00313568
33 0.844297 0.759167 0.0156042 0.04 0.00309944
2 0.448063 0.776875 0.0378958 0.02625 0.00307465
33 0.260673 0.629167 0.0231276 0.0241666 0.0030632
0 0.571781 0.768333 0.0144896 0.0233333 0.0030632
2 0.12647 0.769167 0.0284915 0.015 0.0030632
0 0.332424 0.757917 0.0105886 0.0325 0.00305176
33 0.470354 0.505417 0.0378958 0.0358333 0.00299263
1 0.859344 0.7775 0.0445833 0.0533333 0.00299263
2 0.0325319 0.765417 0.0347611 0.0141666 0.00298119
33 0.160221 0.766458 0.0273073 0.0270834 0.00298119
2 0.575125 0.76375 0.013375 0.0175 0.00296974
33 0.848198 0.765 0.0222917 0.0516667 0.00294685
2 0.163565 0.735 0.0161615 0.0183334 0.00293541
33 0.444161 0.733333 0.0122604 0.0141666 0.00293541
33 0.621937 0.665417 0.0445833 0.0191667 0.00292397
0 0.704417 0.723333 0.0111458 0.0283334 0.00292397
13 0.124833 0.771667 0.0281432 0.0116667 0.00287819
0 0.454193 0.775 0.0211771 0.02 0.00286674
7 0.552694 0.770833 0.018112 0.0116667 0.00286674
33 0.866031 0.79 0.0490417 0.0266667 0.0028553
33 0.639771 0.7725 0.0178333 0.0316666 0.00284576
33 0.692156 0.207917 0.0378958 0.0304167 0.00281143
38 0.124833 0.771667 0.0281432 0.0116667 0.00281143
33 0.579583 0.78 0.0189479 0.0233333 0.00281143
33 0.465896 0.5025 0.0300937 0.0358333 0.00281143
11 0.879406 0.755 0.0100312 0.0233333 0.00279999
33 0.686583 0.206667 0.0245208 0.0333333 0.804199
33 0.697729 0.469167 0.0222917 0.0375 0.710449
33 0.12957 0.809167 0.0657604 0.0366667 0.586914
33 0.611349 0.665833 0.0256354 0.025 0.476562
0 0.178891 0.766667 0.0161615 0.0516667 0.403564
0 0.394284 0.768542 0.013375 0.0495834 0.392334
33 0.459766 0.4925 0.0156042 0.0133333 0.161377
33 0.469797 0.495833 0.036224 0.0183334 0.160278
33 0.465896 0.494583 0.02675 0.0175 0.135742
33 0.444719 0.594167 0.0144896 0.015 0.127686
0 0.610792 0.771667 0.0111458 0.03 0.127686
0 0.920646 0.76375 0.0122604 0.0225 0.127197
0 0.191151 0.764167 0.0128177 0.0533333 0.119629
0 0.614135 0.773125 0.00891666 0.0304166 0.108765
0 0.341063 0.770833 0.0105885 0.0500001 0.101257
2 0.0147856 0.77 0.0269938 0.015 0.0939941
0 0.207591 0.7625 0.00891666 0.0333333 0.0853882
0 0.0834544 0.781667 0.0153255 0.035 0.0820923
0 0.191012 0.757917 0.0111458 0.0424999 0.0792236
0 0.36837 0.764583 0.013375 0.0525 0.0747681
0 0.222638 0.763333 0.0175547 0.0333333 0.074646
0 0.637542 0.773542 0.0156042 0.0329167 0.0703125
2 0.0785781 0.729583 0.0164401 0.0216666 0.0668335
2 0.454193 0.775 0.0211771 0.02 0.0668335
33 0.443604 0.5925 0.0156042 0.0133333 0.0628052
0 0.34775 0.768333 0.0144896 0.0583334 0.0602112
0 0.851542 0.7575 0.0167188 0.0366667 0.055603
33 0.277253 0.641667 0.0195052 0.025 0.0549927
33 0.278089 0.643333 0.0167187 0.02 0.053009
0 0.205641 0.7725 0.0125391 0.0316666 0.050415
0 0.879406 0.755 0.0100312 0.0233333 0.0502319
33 0.470354 0.499167 0.0384532 0.0233333 0.0492249
7 0.0617897 0.7275 0.0548932 0.03 0.0483093
0 0.630854 0.774792 0.0167187 0.0304167 0.0476074
0 0.219573 0.76 0.0111458 0.03 0.0467224
0 0.434688 0.775 0.0111458 0.0266667 0.0462036
0 0.349979 0.765 0.013375 0.0583334 0.0453491
0 0.844297 0.759167 0.0156042 0.04 0.0452576
2 0.552694 0.770833 0.018112 0.0116667 0.0445251
0 0.208148 0.766667 0.0117031 0.04 0.0439453
0 0.920646 0.762083 0.00891666 0.0208333 0.0437622
0 0.188365 0.765 0.0164401 0.0516667 0.0430298
0 0.537229 0.758333 0.00947394 0.03 0.0404663
0 0.343849 0.7725 0.0122604 0.05 0.0403137
33 0.270008 0.64125 0.0323229 0.0266667 0.0399475
1 0.864359 0.784167 0.0501563 0.0383334 0.037323
0 0.218598 0.7575 0.00947394 0.0266667 0.0362854
0 0.167466 0.771875 0.0234062 0.0395833 0.0335999
0 0.396513 0.770208 0.0128177 0.04625 0.0333862
0 0.880521 0.7525 0.0100312 0.0183333 0.0326538
33 0.124833 0.771667 0.0281432 0.0116667 0.0325928
33 0.706646 0.771667 0.0222917 0.0116667 0.0321045
0 0.383695 0.773333 0.00891666 0.0383334 0.0319214
2 0.704974 0.771667 0.0189479 0.0116667 0.0318604
0 0.431901 0.78 0.00891666 0.0266667 0.0318604
2 0.084987 0.730833 0.0278646 0.0183334 0.0307922
0 0.879406 0.758333 0.0111459 0.03 0.0306244
0 0.379516 0.774167 0.0100312 0.035 0.0306244
2 0.521625 0.773333 0.0144896 0.0133333 0.0294189
33 0.162172 0.771875 0.0239635 0.0229167 0.0293121
58 0.969687 0.735833 0.0401251 0.0616667 0.0278015
2 0.44444 0.775 0.0189479 0.0216667 0.0274811
0 0.205919 0.765 0.0105886 0.0366667 0.0274811
1 0.846526 0.788333 0.0211771 0.0333333 0.0272675
33 0.12647 0.769167 0.0284915 0.015 0.0267639
0 0.166073 0.774792 0.022849 0.0304167 0.026062
33 0.552694 0.770833 0.018112 0.0116667 0.0257568
0 0.525526 0.759167 0.0111458 0.035 0.0255585
2 0.450013 0.773542 0.0351094 0.0229166 0.0252686
33 0.0147856 0.77 0.0269938 0.015 0.0236969
33 0.688812 0.470833 0.0378958 0.035 0.0233307
33 0.704417 0.468333 0.0345521 0.0408333 0.0225372
33 0.730052 0.773542 0.0156042 0.0195834 0.0220337
5 0.0617897 0.7275 0.0548932 0.03 0.0217743
1 0.871604 0.7825 0.0378959 0.0400001 0.0213623
0 0.538344 0.766667 0.0111458 0.0216667 0.0207977
0 0.0785781 0.729583 0.0164401 0.0216666 0.0204926
33 0.658161 0.829167 0.0323229 0.015 0.02034
0 0.337719 0.766667 0.0111459 0.035 0.0202942
0 0.219434 0.763333 0.0242422 0.035 0.0193024
2 0.0628346 0.729167 0.0514101 0.0241666 0.018692
0 0.0870768 0.781875 0.0196445 0.0329166 0.018692
0 0.130406 0.764167 0.0122604 0.0183334 0.0181885
0 0.583484 0.778125 0.0111458 0.02375 0.0179901
0 0.847641 0.755833 0.0200624 0.0383333 0.0178528
0 0.208427 0.759167 0.0100312 0.0316666 0.0177155
0 0.20369 0.768542 0.0130963 0.04625 0.0175781
33 0.268893 0.634583 0.0339948 0.0316667 0.0175171
0 0.367812 0.771875 0.0111458 0.0429167 0.0170441
2 0.316542 0.765 0.0111458 0.0183334 0.0164642
0 0.414904 0.78 0.00947394 0.03 0.0162811
0 0.848198 0.765 0.0222917 0.0516667 0.0162811
0 0.164958 0.773125 0.0186693 0.0237499 0.0156708
13 0.765719 0.7725 0.0334375 0.0133333 0.0154877
0 0.817547 0.755833 0.0111458 0.0383333 0.0154266
33 0.274187 0.6375 0.0144896 0.0283334 0.0151901
33 0.663177 0.830833 0.0200625 0.0133333 0.0151291
0 0.432458 0.776667 0.013375 0.0333333 0.0149536
33 0.649245 0.83 0.0523854 0.02 0.0149536
0 0.524969 0.750833 0.0111458 0.0216666 0.0145035
2 0.305953 0.764167 0.0122604 0.015 0.0144501
0 0.171646 0.766875 0.0239635 0.04625 0.014389
0 0.202297 0.774167 0.0167187 0.0333333 0.0141754
0 0.329917 0.75875 0.00835936 0.0291667 0.0138474
7 0.0927891 0.724583 0.117589 0.0375 0.0137939
0 0.22626 0.769167 0.0144896 0.0216667 0.0134277
0 0.617479 0.774167 0.0100313 0.0300001 0.0130234
0 0.477042 0.77 0.00891671 0.03 0.0126266
33 0.613021 0.66 0.0278646 0.035 0.0125732
33 0.458094 0.610833 0.00780211 0.0116666 0.0124283
0 0.473698 0.773333 0.00835934 0.0216667 0.0124283
2 0.418526 0.768333 0.0156042 0.0233333 0.0120544
13 0.767948 0.7675 0.0702188 0.025 0.0117798
0 0.628625 0.776458 0.013375 0.0304166 0.0116882
0 0.525526 0.7725 0.0122604 0.0183333 0.0116425
2 0.302888 0.761667 0.0156042 0.015 0.0115967
13 0.0618768 0.728333 0.0545798 0.0266667 0.011467
0 0.60299 0.774167 0.0111458 0.0266667 0.0111618
33 0.521625 0.773333 0.0144896 0.0133333 0.0110321
0 0.848198 0.788333 0.0200625 0.03 0.0106506
33 0.277253 0.646667 0.0200625 0.0316667 0.0104523
0 0.466453 0.773333 0.00947394 0.0233333 0.0102463
2 0.432458 0.776667 0.013375 0.0333333 0.0101318
0 0.575125 0.76375 0.013375 0.0175 0.0100098
0 0.844854 0.773333 0.0200625 0.055 0.00993347
2 0.941823 0.770833 0.0111459 0.01 0.00989532
0 0.326573 0.757083 0.0100312 0.0275 0.00955963
0 0.364469 0.764583 0.0122604 0.0508334 0.00955963
0 0.603547 0.771667 0.0189479 0.03 0.00941467
0 0.921203 0.7675 0.0111459 0.0283333 0.00933838
0 0.644229 0.785 0.00891666 0.0133333 0.00930023
2 0.0411003 0.728333 0.0121908 0.0241666 0.00919342
0 0.618594 0.776667 0.00891666 0.0283334 0.00919342
0 0.61525 0.773333 0.0156042 0.0316667 0.00901794
33 0.477878 0.4975 0.0562865 0.0283334 0.00898743
0 0.861016 0.769167 0.02675 0.0566666 0.00898743
2 0.417411 0.774167 0.0144896 0.0333333 0.00878143
33 0.644229 0.785 0.00891666 0.0133333 0.00878143
0 0.477599 0.763333 0.00947394 0.03 0.00871277
13 0.145174 0.763333 0.0451406 0.02 0.0086441
33 0.289792 0.77 0.0144896 0.0133333 0.0085144
0 0.730052 0.773542 0.0156042 0.0195834 0.0085144
2 0.509922 0.73125 0.0178333 0.00916661 0.00847626
0 0.881635 0.7925 0.0156042 0.0216667 0.00841522
2 0.508807 0.723333 0.0200625 0.0183333 0.00831604
2 0.494875 0.745 0.0144896 0.0116667 0.00828552
33 0.665406 0.770833 0.0200625 0.015 0.00828552
0 0.16468 0.768333 0.0211771 0.035 0.008255
33 0.676552 0.207083 0.0423542 0.0354167 0.00806427
2 0.537229 0.76 0.0100312 0.0283334 0.00806427
33 0.454193 0.775 0.0211771 0.02 0.00796509
0 0.878292 0.764167 0.0111459 0.0416666 0.00787354
2 0.583484 0.778125 0.0111458 0.02375 0.0077858
13 0.754573 0.768333 0.08025 0.0233333 0.00775528
33 0.127341 0.779167 0.0638099 0.0316666 0.00772476
33 0.699958 0.462083 0.0278646 0.0525 0.00763702
1 0.200904 0.781667 0.0183906 0.02 0.00763702
0 0.883865 0.791667 0.013375 0.0233333 0.00757599
2 0.576797 0.774167 0.0156042 0.0300001 0.00754929
0 0.225424 0.761667 0.017276 0.0383334 0.00746155
2 0.420198 0.765833 0.0189479 0.0266667 0.00743103
7 0.0796927 0.729167 0.0189479 0.0233333 0.00731659
2 0.444161 0.733333 0.0122604 0.0141666 0.00728989
0 0.577911 0.773333 0.0211771 0.035 0.00714874
0 0.47732 0.747083 0.00891666 0.015 0.00703812
0 0.192684 0.778125 0.0150469 0.0270833 0.00703812
0 0.868818 0.77 0.0144896 0.0266667 0.0069313
0 0.81699 0.766875 0.00891666 0.0195834 0.0069046
33 0.0268893 0.7675 0.0456979 0.0166667 0.00679779
0 0.941823 0.770833 0.0111459 0.01 0.00674438
2 0.665406 0.770833 0.0200625 0.015 0.00661469
0 0.473698 0.754167 0.00891666 0.0183334 0.00661469
0 0.3745 0.764167 0.0178333 0.0516667 0.00658798
33 0.863245 0.785 0.0535 0.04 0.00658798
33 0.141831 0.766667 0.0593516 0.0266667 0.00651169
29 0.129535 0.808333 0.0652728 0.0366667 0.00651169
7 0.450013 0.773542 0.0351094 0.0229166 0.00651169
0 0.418526 0.775833 0.0111458 0.0266667 0.0064888
33 0.0323926 0.765417 0.0351094 0.0141666 0.00621796
2 0.527198 0.771458 0.0117031 0.0170834 0.00621796
33 0.112016 0.805833 0.0303724 0.0333333 0.006073
2 0.568995 0.773125 0.0122604 0.0204167 0.00605011
33 0.448062 0.593333 0.0178333 0.0133333 0.00598145
1 0.881635 0.791667 0.0167187 0.0233333 0.00582123
1 0.866031 0.79 0.0490417 0.0266667 0.00582123
33 0.0360846 0.766875 0.0292578 0.01625 0.00572968
1 0.192684 0.778125 0.0150469 0.0270833 0.00570679
33 0.920646 0.765 0.013375 0.025 0.00568771
33 0.941823 0.770833 0.0111459 0.01 0.0055542
0 0.338555 0.771667 0.0128177 0.045 0.00540543
38 0.868818 0.77 0.0144896 0.0266667 0.00538635
1 0.866031 0.771667 0.021177 0.0316667 0.00536346
33 0.628625 0.828333 0.00891666 0.0133333 0.0053215
33 0.478156 0.5025 0.0579583 0.0283334 0.00530243
33 0.851542 0.75375 0.0156042 0.0291667 0.00527954
33 0.660948 0.771875 0.0289792 0.01625 0.00527954
36 0.863802 0.780833 0.0557291 0.0516667 0.00521851
33 0.111389 0.771667 0.0246602 0.0116667 0.0051384
0 0.305953 0.764167 0.0122604 0.015 0.00508118
33 0.0179814 0.7725 0.0334201 0.0216667 0.00500107
33 0.687698 0.465 0.0378958 0.0358333 0.00494385
2 0.0920924 0.731667 0.0284219 0.015 0.0049057
14 0.459766 0.4925 0.0156042 0.0133333 0.00479126
33 0.123719 0.783333 0.058237 0.0266667 0.00479126
2 0.75513 0.7725 0.0122604 0.0133333 0.00468063
33 0.268545 0.65 0.035806 0.0433333 0.00466537
33 0.640885 0.776458 0.0156042 0.0304166 0.0046463
7 0.706646 0.771667 0.0222917 0.0116667 0.0046463
33 0.2675 0.638333 0.0373385 0.0458333 0.00462723
2 0.548375 0.766667 0.0245208 0.02 0.0045929
9 0.537229 0.758333 0.00947394 0.03 0.00453949
2 0.595187 0.775833 0.02675 0.025 0.00453949
33 0.531656 0.695417 0.0066875 0.00833337 0.00450516
0 0.202854 0.760417 0.0117031 0.0475 0.00448608
0 0.365862 0.754167 0.0139323 0.0433333 0.00446701
25 0.12957 0.808333 0.0665964 0.0366667 0.00446701
1 0.868818 0.77 0.0144896 0.0266667 0.00436401
24 0.0881914 0.780833 0.0211771 0.0333333 0.00432968
1 0.220409 0.765833 0.0261927 0.035 0.00429916
0 0.331867 0.7675 0.00835938 0.035 0.00426483
33 0.731167 0.281458 0.0289792 0.0170833 0.00413513
33 0.445276 0.600833 0.0167188 0.0283334 0.00413513
0 0.640885 0.776458 0.0156042 0.0304166 0.00413513
7 0.454193 0.775 0.0211771 0.02 0.0041008
33 0.891667 0.774792 0.0122604 0.0204166 0.0041008
33 0.61525 0.6625 0.0334375 0.0283333 0.00407028
2 0.518281 0.773333 0.0156042 0.0133333 0.00403976
33 0.568995 0.773125 0.0122604 0.0204167 0.00402451
1 0.920646 0.765 0.013375 0.025 0.00402451
0 0.44444 0.775 0.0189479 0.0216667 0.00397491
33 0.765719 0.7725 0.0334375 0.0133333 0.00390053
2 0.281432 0.7625 0.0111459 0.015 0.00388527
0 0.417411 0.774167 0.0144896 0.0333333 0.00385475
33 0.605776 0.72375 0.0156042 0.02 0.00383949
33 0.868818 0.77 0.0144896 0.0266667 0.00383949
33 0.470354 0.49 0.0367813 0.025 0.00380898
5 0.0927891 0.724583 0.117589 0.0375 0.00380898
33 0.583484 0.778125 0.0111458 0.02375 0.00378036
33 0.70776 0.7725 0.02675 0.0166667 0.0037365
2 0.538344 0.766667 0.0111458 0.0216667 0.00369263
33 0.470911 0.503333 0.0378958 0.0266667 0.00369263
2 0.466453 0.745833 0.013375 0.01 0.00365067
13 0.138626 0.765833 0.0434688 0.02 0.00365067
2 0.00825488 0.745833 0.0153255 0.0283334 0.00362206
1 0.844854 0.773333 0.0200625 0.055 0.00356483
2 0.0995462 0.725833 0.0628346 0.0283334 0.00353813
13 0.75513 0.7725 0.0122604 0.0133333 0.00353813
7 0.521625 0.773333 0.0144896 0.0133333 0.00352478
33 0.75513 0.7725 0.0122604 0.0133333 0.00352478
0 0.12647 0.769167 0.0284915 0.015 0.00351143
7 0.665406 0.770833 0.0200625 0.015 0.00349617
33 0.130824 0.784167 0.0657604 0.0433334 0.00348282
13 0.77575 0.765833 0.0523854 0.02 0.00345612
2 0.00539876 0.68125 0.00856836 0.0175 0.00342941
33 0.29843 0.769792 0.0278646 0.01375 0.00342941
2 0.55562 0.768542 0.0367813 0.0195833 0.00340271
2 0.0881914 0.780833 0.0211771 0.0333333 0.00340271
0 0.200904 0.781667 0.0183906 0.02 0.00338936
0 0.576797 0.774167 0.0156042 0.0300001 0.00337601
0 0.30651 0.766667 0.0117031 0.0183333 0.00336266
33 0.44444 0.775 0.0189479 0.0216667 0.00335121
2 0.646458 0.73 0.00891666 0.01 0.00332451
0 0.920646 0.766667 0.0156042 0.0216667 0.00332451
0 0.579583 0.775833 0.0200625 0.0283334 0.00332451
13 0.160221 0.766458 0.0273073 0.0270834 0.00331116
1 0.0796927 0.729167 0.0189479 0.0233333 0.00324821
0 0.859344 0.763333 0.00891666 0.0383334 0.00324821
2 0.599646 0.77 0.0289792 0.0283334 0.00322342
33 0.138626 0.765833 0.0434688 0.02 0.00318527
33 0.518281 0.773333 0.0156042 0.0133333 0.00318527
1 0.20369 0.770208 0.0169974 0.0429166 0.00318527
33 0.636427 0.775833 0.0178333 0.03 0.00317192
0 0.859344 0.7775 0.0445833 0.0533333 0.00317192
33 0.260812 0.629167 0.0234062 0.0241666 0.00316048
33 0.844297 0.759167 0.0156042 0.04 0.00314713
13 0.0881914 0.780833 0.0211771 0.0333333 0.00312424
0 0.571781 0.768333 0.0144896 0.0233333 0.00311089
2 0.456143 0.771667 0.0261927 0.0266667 0.00309944
2 0.12647 0.769167 0.0284915 0.015 0.00307465
0 0.332424 0.757917 0.0105886 0.0325 0.00304031
2 0.0323926 0.765417 0.0351094 0.0141666 0.00301552
2 0.448063 0.776875 0.0378958 0.02625 0.00300407
33 0.848198 0.765 0.0222917 0.0516667 0.00300407
33 0.621937 0.665417 0.0445833 0.0191667 0.00298119
33 0.160221 0.766458 0.0273073 0.0270834 0.00298119
33 0.465896 0.5025 0.0300937 0.0358333 0.00296974
33 0.444161 0.733333 0.0122604 0.0141666 0.0029583
1 0.859344 0.7775 0.0445833 0.0533333 0.00294685
2 0.575125 0.76375 0.013375 0.0175 0.00293541
2 0.163565 0.735 0.0161615 0.0183334 0.00291252
0 0.704417 0.723333 0.0111458 0.0283334 0.00288963
13 0.124833 0.771667 0.0281432 0.0116667 0.00286674
0 0.454193 0.775 0.0211771 0.02 0.00286674
33 0.639771 0.7725 0.0178333 0.0316666 0.0028553
7 0.552694 0.770833 0.018112 0.0116667 0.00283432
33 0.579583 0.78 0.0189479 0.0233333 0.00283432
33 0.866031 0.79 0.0490417 0.0266667 0.00283432
33 0.692156 0.207917 0.0378958 0.0304167 0.00282288
0 0.317935 0.768542 0.0100312 0.0195833 0.00282288
11 0.879406 0.755 0.0100312 0.0233333 0.00281143
