5 0.53163 0.502926 0.708468 0.504181 0.856934
0 0.362044 0.433006 0.0535535 0.0988712 0.130737
0 0.373759 0.43311 0.0323553 0.0936455 0.11377
0 0.269162 0.434365 0.0440701 0.0777592 0.0794678
0 0.26442 0.441472 0.0507643 0.0668896 0.0334778
0 0.349492 0.433528 0.0780989 0.102843 0.026001
0 0.31128 0.440217 0.0435122 0.0668896 0.02211
0 0.306259 0.444816 0.0379337 0.0560201 0.0200958
0 0.295102 0.438963 0.0529957 0.0668896 0.0188293
56 0.71851 0.431438 0.0379337 0.0426422 0.018692
0 0.403046 0.429766 0.0211983 0.0744147 0.016922
0 0.206683 0.646321 0.0301239 0.0919733 0.0139542
0 0.264839 0.430497 0.0298449 0.0771321 0.0121918
7 0.520752 0.504912 0.681134 0.501881 0.0114212
56 0.569982 0.423913 0.0337499 0.0426422 0.011116
9 0.930492 0.476589 0.00669422 0.0175585 0.0106964
56 0.569006 0.415134 0.0312396 0.0267558 0.0104523
56 0.465525 0.414298 0.0418387 0.0451505 0.0100098
56 0.577932 0.424749 0.0490907 0.0451505 0.00974274
0 0.866897 0.431856 0.0200826 0.0401338 0.00912476
0 0.459389 0.412939 0.0301239 0.0453595 0.00861359
0 0.37599 0.421509 0.0267768 0.0716973 0.00857544
0 0.464409 0.415447 0.0418387 0.048704 0.00831604
0 0.187995 0.457776 0.00976236 0.034281 0.008255
0 0.720183 0.429348 0.0323552 0.0376254 0.00757599
0 0.24629 0.435619 0.0725204 0.0819398 0.00725937
0 0.592994 0.424749 0.0178512 0.0384615 0.0069046
56 0.584068 0.430602 0.0379337 0.0367893 0.0069046
0 0.3269 0.427362 0.0608055 0.0917642 0.00593567
56 0.579047 0.432274 0.0490907 0.0317726 0.00572968
0 0.340846 0.430184 0.0351445 0.0894649 0.0053215
0 0.79884 0.435619 0.0290082 0.041806 0.00526047
0 0.265676 0.423077 0.0231508 0.0652174 0.00521851
0 0.276414 0.430184 0.0552271 0.083612 0.00519943
0 0.392726 0.427676 0.0446279 0.083612 0.00508118
7 0.0150271 0.521321 0.0181998 0.0367893 0.00496292
0 0.594667 0.419314 0.0122727 0.027592 0.00484848
0 0.347261 0.423077 0.0228718 0.0986622 0.0046463
0 0.840121 0.435619 0.0178512 0.0401338 0.00460815
2 0.465525 0.414298 0.0418387 0.0451505 0.00453949
0 0.202639 0.333194 0.0329131 0.0367893 0.00452042
0 0.479471 0.413148 0.0658262 0.0549749 0.00448608
0 0.322437 0.441472 0.0647105 0.0685619 0.00443268
0 0.36818 0.445652 0.0357023 0.0919732 0.00436401
56 0.683923 0.424749 0.0223139 0.0301003 0.00426483
0 0.188274 0.454849 0.0128305 0.0468227 0.00408554
56 0.797724 0.437291 0.0290082 0.0409699 0.00403976
56 0.570122 0.429766 0.0312396 0.035117 0.00400543
0 0.587973 0.427258 0.0312396 0.0401338 0.00385475
56 0.458273 0.419732 0.0290082 0.035117 0.00383949
0 0.186043 0.454013 0.00976236 0.041806 0.00374985
14 0.201802 0.332776 0.0301238 0.0351171 0.00367928
0 0.372364 0.395067 0.0195247 0.0334448 0.00362206
9 0.0148353 0.521321 0.0169098 0.0359532 0.0036068
0 0.327457 0.430497 0.0847931 0.0938545 0.00353813
0 0.203057 0.345318 0.0345866 0.0618729 0.00352478
56 0.510432 0.427676 0.0290082 0.0326087 0.00342941
56 0.307375 0.444816 0.0368181 0.0568562 0.00338936
0 0.453531 0.414716 0.0211983 0.0434783 0.00335121
56 0.685039 0.429766 0.0245453 0.0401338 0.00324821
0 0.712931 0.431438 0.0312396 0.0401338 0.00316048
0 0.473614 0.403846 0.0602477 0.0702341 0.00313568
13 0.956711 0.544314 0.036818 0.0100335 0.00307465
56 0.472219 0.426839 0.0284503 0.0217391 0.00305176
0 0.0946949 0.493311 0.00502064 0.0200669 0.00305176
56 0.627022 0.436873 0.0379337 0.0234114 0.00300407
0 0.71851 0.419732 0.0379337 0.0568562 0.00298119
0 0.80386 0.43311 0.0412808 0.048495 0.00294685
56 0.677229 0.427258 0.0401651 0.0493311 0.00291252
0 0.577374 0.425585 0.047975 0.0451505 0.00290108
0 0.270557 0.447742 0.0463015 0.0526756 0.00288963
0 0.310722 0.259197 0.0317974 0.0167224 0.00287819
0 0.205846 0.629599 0.0228718 0.0635451 0.00283432
0 0.346982 0.410953 0.0200826 0.0785953 0.00275803
9 0.202639 0.333194 0.0329131 0.0367893 0.00273705
0 0.504853 0.413043 0.0680576 0.0568562 0.00273705
0 0.818365 0.440635 0.0167355 0.035117 0.00268364
56 0.640411 0.419314 0.0200826 0.0217391 0.00251198
56 0.587973 0.427258 0.0312396 0.0401338 0.0024929
56 0.459389 0.412939 0.0301239 0.0453595 0.00247192
56 0.466362 0.43102 0.0412808 0.0242475 0.00239754
0 0.270836 0.418896 0.0312396 0.0660535 0.00237846
0 0.30347 0.261288 0.0490907 0.0175585 0.00234985
56 0.403325 0.437291 0.0211983 0.0518395 0.00228691
0 0.230113 0.429034 0.0449069 0.0934365 0.00222588
56 0.464688 0.425585 0.044628 0.0334448 0.00220871
0 0.199571 0.650084 0.0320763 0.0836121 0.00208282
0 0.377106 0.392559 0.0290082 0.0643813 0.00206757
0 0.447395 0.413043 0.0178512 0.048495 0.0020504
56 0.517405 0.430602 0.0435123 0.0284281 0.0020504
0 0.310722 0.628763 0.0267767 0.0468228 0.00204277
56 0.452416 0.421405 0.0200826 0.0334448 0.00203514
0 0.507643 0.419732 0.0211982 0.0384615 0.00202751
9 0.186043 0.454013 0.00976236 0.041806 0.00197983
0 0.34754 0.398934 0.0195247 0.0616639 0.0019722
56 0.519915 0.423495 0.0468593 0.0384615 0.00192642
0 0.350887 0.446488 0.0658262 0.0886288 0.00192642
0 0.287013 0.263796 0.0122727 0.0117057 0.00186729
0 0.334988 0.419837 0.112128 0.123537 0.00185299
0 0.462457 0.408027 0.0401651 0.055184 0.00184631
0 0.282551 0.424749 0.0463015 0.0702341 0.00184631
0 0.507643 0.427258 0.033471 0.0334448 0.00183105
2 0.0150271 0.521321 0.0207101 0.0359532 0.0018177
56 0.712931 0.431438 0.0312396 0.0401338 0.0018034
0 0.704563 0.425585 0.0680576 0.0518395 0.00176144
0 0.494812 0.410535 0.0290082 0.0585284 0.00174809
0 0.725204 0.42893 0.0267767 0.0434783 0.00174809
56 0.666072 0.427676 0.0200826 0.0459866 0.00173378
0 0.452416 0.421405 0.0200826 0.0334448 0.0017271
13 0.157871 0.530936 0.0278924 0.0367893 0.0017271
0 0.488118 0.415447 0.0267767 0.0470318 0.0017004
0 0.497601 0.403951 0.0329131 0.0716973 0.00168133
56 0.453531 0.414716 0.0211983 0.0434783 0.0016489
0 0.596898 0.426421 0.0200826 0.0409699 0.00163555
0 0.306817 0.66806 0.0379337 0.128763 0.00161648
56 0.531072 0.425585 0.0323552 0.0342809 0.00158501
56 0.635948 0.431856 0.0345867 0.0342809 0.00156116
0 0.830079 0.434783 0.0379337 0.048495 0.00156116
0 0.458273 0.419732 0.0290082 0.035117 0.00150108
56 0.592994 0.424749 0.0178512 0.0384615 0.00150108
0 0.337499 0.440635 0.0440701 0.0719063 0.00150108
0 0.508758 0.425585 0.0234296 0.0301003 0.00148392
0 0.82227 0.431438 0.0580163 0.0568562 0.00148392
0 0.301796 0.318562 0.0301239 0.0334448 0.00147247
0 0.826732 0.43311 0.0267767 0.0501672 0.00143814
0 0.466362 0.402069 0.0435122 0.0687709 0.00143242
0 0.508479 0.413043 0.0239875 0.0518395 0.00141048
0 0.203057 0.380435 0.0345866 0.134615 0.00139904
56 0.509316 0.418896 0.025661 0.0401338 0.00135612
56 0.535535 0.425585 0.0301239 0.0384615 0.00135612
0 0.490907 0.423077 0.0217561 0.0317726 0.00134087
62 0.683923 0.424749 0.0223139 0.0301003 0.00133514
0 0.345309 0.445234 0.0535535 0.0702341 0.00132465
56 0.532188 0.430602 0.0312395 0.0284281 0.00131989
62 0.685039 0.426839 0.0245453 0.0409699 0.00130463
0 0.244756 0.538462 0.0225929 0.100334 0.00129414
56 0.641526 0.425585 0.0245454 0.0367893 0.00126457
13 0.0146087 0.521739 0.0171539 0.0367893 0.00123501
56 0.617539 0.423077 0.0211983 0.0334448 0.0012064
0 0.29566 0.414611 0.0546692 0.0704431 0.00120163
56 0.722972 0.427676 0.0290082 0.0367893 0.00119686
0 0.472219 0.426839 0.0284503 0.0217391 0.00119209
56 0.490907 0.427258 0.0251032 0.0317726 0.00113392
0 0.360649 0.405518 0.0446279 0.0652174 0.00109005
56 0.630369 0.426839 0.0468594 0.0434783 0.00107288
0 0.402209 0.418896 0.0211983 0.0618729 0.00106907
5 0.537488 0.359741 0.656588 0.211957 0.00106525
74 0.868013 0.429766 0.022314 0.0501672 0.00102806
56 0.616981 0.416388 0.0178512 0.0217391 0.00102425
0 0.490907 0.427258 0.0251032 0.0317726 0.00102425
0 0.255774 0.443144 0.055227 0.0668896 0.00102043
0 0.204731 0.62291 0.0195247 0.0434783 0.00102043
5 0.529399 0.502508 0.7107 0.504181 0.823242
0 0.362044 0.433006 0.0535535 0.0988712 0.11084
0 0.373759 0.43311 0.0323553 0.0936455 0.0891113
0 0.268883 0.438963 0.0446279 0.0702341 0.0689087
0 0.263584 0.433947 0.0423965 0.0802675 0.0284424
0 0.306259 0.444816 0.0379337 0.055184 0.0190125
56 0.71851 0.431438 0.0379337 0.0434783 0.0177765
0 0.31128 0.439381 0.0429544 0.0677258 0.0175781
0 0.346145 0.433528 0.0847931 0.103679 0.0168457
0 0.29566 0.438545 0.0524378 0.0677258 0.0167847
0 0.403325 0.429348 0.0206404 0.0744147 0.0139542
56 0.570122 0.423913 0.0334709 0.0426422 0.0122375
56 0.569006 0.415134 0.0312396 0.0267558 0.0120544
0 0.206962 0.647157 0.029566 0.090301 0.011467
56 0.465804 0.414298 0.0412808 0.0443144 0.0107803
0 0.46413 0.415552 0.0412808 0.048495 0.0104523
9 0.930492 0.476589 0.00669422 0.0167224 0.0103302
0 0.264978 0.430707 0.0290082 0.076714 0.0102081
56 0.576816 0.424331 0.0468593 0.0443144 0.01017
7 0.520752 0.504912 0.681134 0.503554 0.0100555
0 0.26191 0.442726 0.0580163 0.0660535 0.0100098
0 0.459668 0.413043 0.0301239 0.0451505 0.00971222
0 0.866897 0.431856 0.0200826 0.0401338 0.00941467
0 0.187995 0.457776 0.00976236 0.0334448 0.008255
0 0.37599 0.418478 0.0267768 0.0660535 0.0077858
0 0.592994 0.424749 0.0178512 0.0376254 0.00728989
0 0.720741 0.429348 0.0312396 0.0376254 0.00728989
56 0.584626 0.429766 0.0379337 0.0367893 0.00695801
0 0.247127 0.436873 0.0708468 0.0785953 0.0069313
7 0.0150271 0.520903 0.0182696 0.0367893 0.0068512
0 0.3269 0.427258 0.0602477 0.0886288 0.00548935
0 0.478635 0.412939 0.0613634 0.0537207 0.00547028
0 0.79884 0.435201 0.0290082 0.041806 0.00526047
0 0.594667 0.419732 0.0122727 0.0284281 0.0051384
0 0.202639 0.332985 0.0329131 0.0363712 0.00486755
0 0.276693 0.430602 0.0557849 0.083612 0.00466537
0 0.271115 0.429034 0.0390494 0.0733696 0.00460815
0 0.394399 0.427258 0.0412808 0.083612 0.00460815
2 0.465804 0.414298 0.0412808 0.0443144 0.00450516
0 0.869129 0.433946 0.0267767 0.0451505 0.00445175
0 0.265815 0.422241 0.0228718 0.0635451 0.00436401
0 0.340846 0.430184 0.0340288 0.0886288 0.00434875
0 0.587973 0.427258 0.0301239 0.0409699 0.00431442
0 0.840121 0.435201 0.0178512 0.041806 0.00429916
56 0.683923 0.424749 0.0223139 0.0301003 0.00421524
56 0.569564 0.42893 0.0301239 0.0351171 0.00419998
0 0.34754 0.421823 0.022314 0.0961538 0.00403976
0 0.322158 0.441472 0.0641527 0.0668896 0.00400543
0 0.0945554 0.493311 0.00502064 0.0200669 0.00395966
56 0.797724 0.436873 0.0290082 0.041806 0.0039444
56 0.458831 0.419314 0.029566 0.0367893 0.00391388
0 0.372643 0.395067 0.0189669 0.0342809 0.00388527
13 0.956711 0.544314 0.036818 0.0100335 0.00387001
0 0.203057 0.3449 0.0345866 0.0610368 0.00380898
0 0.45381 0.414298 0.0211983 0.0434783 0.00365067
0 0.310722 0.258779 0.0312396 0.0167224 0.00363541
56 0.626465 0.436873 0.0357024 0.0234114 0.00362206
0 0.188274 0.454849 0.0128305 0.0468227 0.0036068
0 0.205149 0.643813 0.0217561 0.0886287 0.00355148
0 0.71851 0.419837 0.0379337 0.0566472 0.00353813
0 0.509874 0.41388 0.0524378 0.0551839 0.00353813
56 0.510432 0.427258 0.0290082 0.0334448 0.00351143
14 0.201941 0.332776 0.0301239 0.034281 0.00338936
0 0.577932 0.426003 0.0490907 0.0443144 0.00336266
0 0.367623 0.445234 0.0368181 0.0928093 0.00336266
0 0.186043 0.453595 0.00948344 0.0409699 0.00332451
9 0.0148527 0.521321 0.0170144 0.0359532 0.00328636
56 0.47194 0.426839 0.0290082 0.0217391 0.00322342
0 0.804418 0.43311 0.0412809 0.048495 0.00322342
56 0.685039 0.429766 0.0245453 0.0401338 0.00317192
0 0.712931 0.43102 0.0312396 0.0401338 0.00292397
0 0.270627 0.447324 0.0467199 0.0518395 0.00292397
0 0.474172 0.403951 0.0602477 0.0700251 0.00290108
0 0.30347 0.261288 0.0490907 0.0167224 0.00286674
56 0.677229 0.426839 0.0390494 0.0493311 0.00275803
56 0.459668 0.413043 0.0301239 0.0451505 0.00274658
0 0.817807 0.438127 0.0156198 0.0384615 0.00269318
56 0.640411 0.418896 0.0200826 0.0217391 0.0026207
0 0.346982 0.408445 0.0195247 0.0727425 0.00253105
56 0.307654 0.444816 0.0362602 0.0568562 0.00253105
56 0.46692 0.43102 0.0401651 0.0242475 0.00247192
0 0.71572 0.430602 0.0435122 0.041806 0.0024147
0 0.328015 0.430184 0.0881402 0.0944816 0.00235939
0 0.377106 0.392349 0.0284503 0.0647993 0.00231361
56 0.464967 0.425585 0.0440701 0.0334448 0.00230598
0 0.287292 0.263796 0.0122727 0.0117057 0.00227928
0 0.507643 0.418896 0.0211982 0.0384615 0.00225258
0 0.301796 0.318562 0.0290082 0.0334448 0.00214958
0 0.205846 0.62709 0.022314 0.0568562 0.00214005
56 0.517684 0.430602 0.0435122 0.0284281 0.00211525
0 0.271603 0.41806 0.0324947 0.0660535 0.00210762
0 0.447674 0.413043 0.0178512 0.048495 0.00210762
56 0.452695 0.420987 0.0206404 0.0334448 0.00208282
0 0.34754 0.398098 0.0189669 0.0599916 0.00205803
0 0.507643 0.427258 0.0329131 0.0334448 0.00205803
0 0.462457 0.408131 0.0401651 0.0549749 0.00201035
56 0.519915 0.423077 0.0468593 0.0392977 0.00198746
0 0.230392 0.429034 0.0446279 0.0934365 0.0019722
9 0.202639 0.332985 0.0329131 0.0363712 0.00196457
0 0.242106 0.428512 0.0747518 0.0986622 0.00195694
0 0.310722 0.628762 0.0267767 0.0459866 0.00191212
0 0.705121 0.425167 0.0669419 0.0526756 0.00188923
9 0.186043 0.453595 0.00948344 0.0409699 0.00188923
13 0.157871 0.531355 0.0278924 0.0367893 0.00188255
0 0.334152 0.41806 0.112686 0.128763 0.00183105
0 0.284503 0.423913 0.0496486 0.0685619 0.00182438
0 0.725204 0.42893 0.0267767 0.0434783 0.0018177
56 0.403325 0.436873 0.0211983 0.0526756 0.00181007
0 0.595783 0.427258 0.0245453 0.0409699 0.00178242
0 0.452695 0.420987 0.0206404 0.0334448 0.00175476
0 0.49537 0.410431 0.0290082 0.0570652 0.0017271
56 0.666072 0.427258 0.0200826 0.0468228 0.00171375
56 0.712931 0.43102 0.0312396 0.0401338 0.0017004
56 0.45381 0.414298 0.0211983 0.0434783 0.00167465
2 0.0149922 0.521321 0.0206404 0.0359532 0.00167465
0 0.498159 0.403742 0.033471 0.0704431 0.00165462
0 0.199292 0.650502 0.0315185 0.083612 0.00165462
0 0.466362 0.402174 0.0429544 0.0677258 0.00161076
0 0.508479 0.412625 0.0234297 0.0518395 0.00161076
0 0.488676 0.415552 0.0245453 0.0468228 0.00161076
0 0.350887 0.446488 0.0658262 0.0886288 0.0015974
0 0.458831 0.419314 0.029566 0.0367893 0.00159168
0 0.203057 0.379599 0.0345866 0.132943 0.00158501
56 0.531351 0.425167 0.0317974 0.035117 0.00158501
56 0.635948 0.431856 0.033471 0.0342809 0.00158501
0 0.821154 0.431438 0.0580163 0.0568562 0.00154877
0 0.508758 0.425167 0.0234296 0.0301003 0.0015192
0 0.830079 0.434783 0.036818 0.048495 0.0015192
56 0.592994 0.424749 0.0178512 0.0376254 0.00151253
56 0.509595 0.418478 0.0251032 0.0401338 0.00143242
0 0.33722 0.440635 0.0435122 0.0710702 0.00142097
0 0.307375 0.66806 0.0368181 0.128763 0.00138855
0 0.285619 0.264841 0.0122727 0.0129599 0.00137806
0 0.360928 0.403428 0.0435122 0.0618729 0.00136662
56 0.532188 0.430184 0.0312395 0.0284281 0.00135612
56 0.617539 0.423077 0.0211983 0.0334448 0.00134563
0 0.491186 0.423077 0.0217561 0.0317726 0.00130939
56 0.722972 0.427258 0.0290082 0.0367893 0.00128937
13 0.0146087 0.521739 0.0172236 0.0367893 0.00128937
0 0.345309 0.445652 0.0535535 0.0702341 0.00126457
56 0.641526 0.424749 0.0234297 0.035117 0.00125504
56 0.616981 0.416388 0.0178512 0.0217391 0.00123501
0 0.47194 0.426839 0.0290082 0.0217391 0.00122547
0 0.296218 0.414298 0.0546692 0.0702341 0.00119209
0 0.244756 0.538462 0.0225929 0.100334 0.00119209
0 0.522147 0.41388 0.0490907 0.0576923 0.00112915
0 0.798282 0.424749 0.0278925 0.0468227 0.00112438
56 0.630369 0.426839 0.0468594 0.0426421 0.00109863
0 0.600246 0.426003 0.0245454 0.041806 0.00109005
0 0.402209 0.416283 0.0211983 0.0570652 0.00108624
0 0.296218 0.312918 0.0211983 0.0229933 0.00106049
62 0.683923 0.424749 0.0223139 0.0301003 0.00105667
0 0.490907 0.427258 0.0245454 0.0317726 0.00105667
56 0.490907 0.427258 0.0245454 0.0317726 0.00105286
0 0.511548 0.398829 0.0312395 0.0618729 0.00102043
5 0.528283 0.502508 0.712931 0.504181 0.806641
0 0.362044 0.43311 0.0535535 0.0994983 0.104858
0 0.37348 0.433006 0.0323553 0.0938545 0.0802002
0 0.268604 0.439381 0.0451858 0.069398 0.0664673
0 0.26191 0.434783 0.0585742 0.0769231 0.0220795
0 0.306259 0.444398 0.0379337 0.0560201 0.0179901
56 0.71851 0.43102 0.0379337 0.0426422 0.0172424
0 0.29566 0.438963 0.05188 0.0668896 0.0160217
0 0.311001 0.438963 0.0429544 0.0685619 0.0158997
0 0.344193 0.433006 0.0881402 0.103888 0.0134277
56 0.569006 0.414716 0.0312396 0.0267558 0.0132751
56 0.570122 0.423495 0.0334709 0.0426421 0.0128708
0 0.403325 0.42893 0.0200826 0.0752508 0.0128708
9 0.930492 0.476589 0.00669422 0.0167224 0.0126266
56 0.465804 0.413775 0.0412808 0.0436873 0.0115509
0 0.207241 0.647157 0.0290082 0.090301 0.0109024
0 0.46413 0.415552 0.040723 0.0476588 0.0105667
0 0.459668 0.413043 0.0301239 0.0451505 0.01017
0 0.264978 0.430184 0.0290082 0.076087 0.00941467
7 0.521031 0.505017 0.681692 0.504181 0.00923157
0 0.866897 0.431438 0.0200826 0.0401338 0.0088501
7 0.0150445 0.520903 0.0182347 0.0367893 0.00803375
0 0.37599 0.416283 0.0267768 0.0620819 0.00766754
0 0.247964 0.438545 0.0686154 0.0752508 0.00763702
0 0.187995 0.458194 0.00948343 0.0334448 0.00760651
0 0.592436 0.424749 0.0178512 0.0367893 0.00728989
56 0.584626 0.429348 0.036818 0.0376254 0.00723267
0 0.720183 0.42893 0.0323552 0.0367893 0.0064888
56 0.579047 0.431438 0.0490907 0.0334448 0.00595856
0 0.326621 0.426839 0.0602477 0.0886288 0.00547028
0 0.478635 0.413148 0.0585742 0.0533027 0.00524139
0 0.594667 0.419732 0.0133884 0.0284281 0.00502014
0 0.79884 0.435201 0.0290082 0.041806 0.00502014
0 0.257029 0.443144 0.0516011 0.0652174 0.00502014
0 0.202778 0.332776 0.0329131 0.0359532 0.00494385
0 0.394957 0.427258 0.0401651 0.083612 0.00468063
2 0.465804 0.413775 0.0412808 0.0436873 0.00453949
0 0.276972 0.430602 0.0563428 0.083612 0.00443268
56 0.569564 0.428512 0.0301239 0.0359532 0.00443268
13 0.956153 0.544314 0.0357024 0.0100335 0.00436401
0 0.0945554 0.493311 0.00502064 0.0192308 0.00432968
56 0.683923 0.424749 0.0223139 0.0301003 0.00429916
0 0.271115 0.428512 0.0396073 0.0727425 0.00428009
0 0.587973 0.427258 0.0301239 0.0409699 0.00428009
0 0.869129 0.433946 0.0267767 0.0451505 0.00416565
0 0.372643 0.394753 0.0189669 0.034908 0.00413513
0 0.340846 0.430184 0.0334709 0.0886288 0.00405502
56 0.625907 0.437291 0.0345867 0.0234114 0.00405502
56 0.458273 0.419314 0.0284503 0.0359532 0.00397491
0 0.203197 0.3449 0.0345867 0.0610368 0.00391388
0 0.265955 0.421823 0.0225929 0.0635452 0.00388527
0 0.347261 0.420673 0.022314 0.0951087 0.00388527
9 0.0148179 0.521321 0.0169447 0.0359532 0.00387001
0 0.840121 0.434783 0.0178512 0.0426421 0.00385475
0 0.311001 0.258779 0.029566 0.0163044 0.00383949
56 0.797724 0.436455 0.0290082 0.041806 0.00382423
0 0.322158 0.44189 0.0641527 0.0660535 0.00378036
0 0.45381 0.414298 0.0211983 0.0434783 0.00365067
56 0.47194 0.426421 0.0290082 0.0217391 0.00353813
56 0.510153 0.427258 0.0284503 0.0334448 0.00351143
0 0.71851 0.419314 0.0379337 0.0560201 0.00348282
0 0.577932 0.426003 0.0490907 0.0443144 0.00346947
0 0.510432 0.41388 0.047975 0.0551839 0.00345612
0 0.804418 0.43311 0.0423965 0.048495 0.00323486
14 0.201941 0.332776 0.0301239 0.034281 0.00319672
56 0.685039 0.429766 0.0245453 0.0401338 0.00314713
0 0.205288 0.644231 0.0211983 0.0877926 0.00314713
0 0.188274 0.454431 0.0128305 0.0459866 0.00304031
56 0.459668 0.413043 0.0301239 0.0451505 0.00293541
0 0.30347 0.261079 0.0485329 0.0167224 0.00288963
0 0.367623 0.445234 0.0368181 0.0928093 0.00287819
0 0.185764 0.454013 0.00948344 0.0401338 0.0028553
0 0.364275 0.421405 0.0468593 0.0819398 0.00281143
0 0.270836 0.448161 0.0468593 0.0518395 0.00279999
0 0.816691 0.437291 0.0167356 0.0401338 0.00274658
56 0.640411 0.418896 0.0200826 0.020903 0.00273705
0 0.714047 0.43102 0.033471 0.0401338 0.00270462
0 0.473893 0.403742 0.0596899 0.0687709 0.0026722
56 0.677229 0.426839 0.0390494 0.0493311 0.0026722
9 0.202778 0.332776 0.0329131 0.0359532 0.00259018
9 0.185764 0.454013 0.00948344 0.0401338 0.00255013
0 0.346982 0.407609 0.0195247 0.0735786 0.00253105
0 0.301796 0.318562 0.0290082 0.0334448 0.00250244
56 0.46692 0.43102 0.0396073 0.0234114 0.00247192
0 0.377106 0.39214 0.0284503 0.0652174 0.00246239
0 0.287013 0.263796 0.0122727 0.0117057 0.0024147
56 0.307654 0.444816 0.0362602 0.0576923 0.00234985
56 0.465246 0.425585 0.0435123 0.0334448 0.00234222
0 0.507643 0.418896 0.0211982 0.0384615 0.00227928
56 0.452695 0.420987 0.0206404 0.0334448 0.00223351
56 0.517405 0.430602 0.0429544 0.0284281 0.00214005
0 0.447674 0.413043 0.0178512 0.048495 0.00209999
56 0.519636 0.423077 0.0463015 0.0384615 0.00203514
0 0.507643 0.427258 0.0323553 0.0334448 0.0019722
0 0.242664 0.429766 0.0652684 0.0944816 0.00196457
0 0.272161 0.41806 0.0336104 0.0660535 0.00192642
0 0.205846 0.625418 0.022314 0.0543478 0.00191879
0 0.327457 0.42987 0.0892558 0.0951087 0.00191212
0 0.23081 0.42893 0.0451858 0.0936455 0.00188923
0 0.705121 0.425167 0.0669419 0.0526756 0.00186062
13 0.158011 0.531355 0.0278925 0.0367893 0.00184631
0 0.334152 0.415447 0.113801 0.133988 0.00175476
0 0.595783 0.427258 0.025661 0.0409699 0.00174809
56 0.45381 0.414298 0.0211983 0.0434783 0.00174141
56 0.519358 0.416388 0.0446279 0.0384615 0.0017271
0 0.310722 0.628763 0.0262189 0.0451505 0.0017271
0 0.28534 0.423913 0.0513221 0.0685619 0.00172043
0 0.725204 0.42893 0.0267767 0.0434783 0.00170708
56 0.666072 0.425585 0.0178512 0.0401338 0.00168705
56 0.403325 0.436455 0.0211983 0.0535117 0.0016613
0 0.28534 0.264632 0.0117148 0.0125418 0.00164223
0 0.495649 0.410431 0.029566 0.0570652 0.00163555
0 0.452695 0.420987 0.0206404 0.0334448 0.00162888
0 0.508479 0.412103 0.0234297 0.0503763 0.00162315
56 0.53163 0.425167 0.0312395 0.035117 0.00162315
56 0.635948 0.432274 0.0345867 0.0334448 0.00162315
0 0.203197 0.378763 0.0343077 0.130435 0.00160408
56 0.577374 0.425167 0.047975 0.0459866 0.00157356
56 0.592436 0.424749 0.0178512 0.0367893 0.00157356
2 0.014905 0.520903 0.0206753 0.0367893 0.00157356
0 0.466362 0.401756 0.0429544 0.0677258 0.00153065
0 0.820038 0.431438 0.0602477 0.0568562 0.00153065
0 0.498159 0.403742 0.033471 0.0704431 0.0015192
0 0.199152 0.650502 0.0309606 0.0819398 0.00150681
56 0.509595 0.41806 0.0251032 0.0401338 0.00149536
0 0.361207 0.40301 0.0429544 0.0602007 0.0014782
0 0.458273 0.419314 0.0284503 0.0359532 0.0014782
0 0.488676 0.415552 0.0245453 0.0459866 0.00147247
0 0.350608 0.446488 0.066384 0.0886288 0.00146675
56 0.617539 0.423077 0.0211983 0.0334448 0.00145531
0 0.830079 0.435201 0.036818 0.048495 0.00144386
0 0.508758 0.424749 0.0234296 0.0301003 0.00143242
56 0.616981 0.416388 0.0178512 0.0217391 0.00137806
56 0.532467 0.430184 0.0306817 0.0284281 0.00137806
0 0.372922 0.442308 0.0273346 0.0877926 0.00137234
0 0.336941 0.440635 0.0435122 0.0710702 0.00135612
0 0.296218 0.312709 0.0211983 0.0229933 0.00132465
56 0.722415 0.427258 0.0290082 0.0367893 0.0012846
56 0.641526 0.424749 0.0234297 0.035117 0.00127411
13 0.0145912 0.521739 0.0171887 0.0367893 0.00122547
0 0.34503 0.445652 0.0529957 0.0702341 0.00121593
0 0.307933 0.667642 0.0357023 0.128763 0.00121593
0 0.491186 0.423495 0.0217561 0.0309365 0.00119209
0 0.244896 0.538462 0.022314 0.100334 0.00116062
56 0.629812 0.427258 0.0457437 0.041806 0.00115585
0 0.798282 0.424331 0.0278925 0.0459866 0.00115108
0 0.368738 0.452341 0.0301239 0.0802675 0.00115108
0 0.47194 0.426421 0.0290082 0.0217391 0.00112057
0 0.511827 0.398829 0.0317974 0.0610368 0.00108147
0 0.296497 0.41388 0.0552271 0.0702341 0.00108147
0 0.402209 0.415134 0.0211983 0.055184 0.00108147
0 0.600246 0.426003 0.0245454 0.041806 0.00106525
0 0.522426 0.41388 0.0485329 0.0568562 0.00102425
0 0.54195 0.424749 0.029566 0.0401338 0.00101185
62 0.683923 0.424749 0.0223139 0.0301003 0.00100422
5 0.527725 0.503344 0.715163 0.505017 0.810547
0 0.362044 0.43311 0.0535535 0.0994983 0.105225
0 0.37348 0.433006 0.0317974 0.0938545 0.0766602
0 0.268325 0.439799 0.0457436 0.0685619 0.071228
0 0.30598 0.444398 0.0384916 0.0560201 0.0195618
0 0.295939 0.438963 0.0513221 0.0668896 0.0170441
0 0.310164 0.439799 0.0412808 0.0660535 0.0158997
56 0.71851 0.43102 0.0379337 0.0426422 0.0148392
9 0.930492 0.476171 0.00669422 0.0167224 0.0145035
56 0.569006 0.414716 0.0312396 0.0267558 0.0134811
56 0.570122 0.423913 0.0334709 0.041806 0.0125275
0 0.403604 0.428512 0.0200826 0.0752508 0.0119629
56 0.465804 0.41388 0.0412808 0.0434783 0.0116882
0 0.459389 0.413043 0.029566 0.0451505 0.0114212
0 0.463852 0.415134 0.0401651 0.0476589 0.0114212
0 0.343077 0.43311 0.0903715 0.104515 0.0111618
0 0.264978 0.430184 0.0290082 0.0752508 0.00948334
0 0.249359 0.439799 0.0652684 0.0719064 0.00919342
7 0.524936 0.509615 0.712931 0.512542 0.00857544
0 0.375711 0.413775 0.0262189 0.0570652 0.008255
0 0.187716 0.458194 0.00948343 0.0317726 0.00803375
0 0.866897 0.431438 0.0200826 0.0401338 0.00800323
0 0.207241 0.647157 0.0290082 0.090301 0.00800323
0 0.592436 0.424749 0.0178512 0.0376254 0.00772476
7 0.0150619 0.520903 0.0181998 0.0367893 0.00757599
56 0.584626 0.42893 0.036818 0.0384615 0.00728989
0 0.373759 0.408445 0.022314 0.0493311 0.00651169
0 0.720183 0.42893 0.0323552 0.0367893 0.00605011
56 0.579047 0.431438 0.0490907 0.0334448 0.00582123
0 0.25689 0.443562 0.0513221 0.0643813 0.00577545
0 0.326621 0.426421 0.0602477 0.0877926 0.00575256
0 0.243501 0.429348 0.0741939 0.0936455 0.00566483
0 0.594667 0.419732 0.0133884 0.0284281 0.00538635
0 0.478635 0.413043 0.0557849 0.0518395 0.00530243
0 0.79884 0.434783 0.0290082 0.041806 0.00498199
0 0.201662 0.646739 0.033471 0.0877926 0.00494385
0 0.395515 0.427258 0.0390494 0.083612 0.00494385
13 0.956153 0.544314 0.0357024 0.00919733 0.00479126
9 0.0148179 0.520903 0.0168749 0.035117 0.00473785
0 0.276693 0.43102 0.0557849 0.0827759 0.00469971
0 0.202778 0.332358 0.0329131 0.0351171 0.00466537
0 0.372364 0.394649 0.0189669 0.035117 0.00452042
0 0.587973 0.427258 0.0290082 0.0401338 0.00450516
0 0.0945554 0.493311 0.00502064 0.0192308 0.00446701
56 0.625907 0.436873 0.033471 0.0225753 0.00443268
2 0.465804 0.41388 0.0412808 0.0434783 0.00438309
0 0.271394 0.428512 0.0396073 0.0710702 0.00438309
0 0.340846 0.430184 0.0334709 0.0886288 0.00416565
56 0.683923 0.424331 0.0223139 0.0292642 0.0041008
0 0.347261 0.419837 0.022314 0.0934365 0.00403976
9 0.202778 0.332358 0.0329131 0.0351171 0.00402451
0 0.45381 0.414298 0.0211983 0.0434783 0.00400543
0 0.203336 0.345109 0.0345866 0.0614549 0.00392914
0 0.266094 0.420987 0.022314 0.062709 0.00392914
0 0.577932 0.426421 0.0490907 0.0434783 0.00383949
0 0.321879 0.442308 0.0647105 0.0652174 0.00376511
56 0.457157 0.419732 0.0256611 0.035117 0.00374985
0 0.869687 0.433946 0.0256611 0.0451505 0.00374985
0 0.51099 0.41388 0.0435123 0.0543478 0.0037365
0 0.840121 0.434783 0.0178512 0.0426421 0.00363541
0 0.310443 0.258361 0.0273346 0.0154682 0.00362206
0 0.71851 0.418896 0.0379337 0.0560201 0.0036068
56 0.473056 0.427258 0.0267768 0.0200669 0.0036068
56 0.797724 0.436455 0.0290082 0.041806 0.00349617
9 0.185764 0.453177 0.00920452 0.0401338 0.00346947
56 0.510153 0.427258 0.0284503 0.0334448 0.00342941
0 0.804418 0.43311 0.0423965 0.048495 0.00329781
14 0.201802 0.332358 0.0301238 0.0334448 0.00309944
56 0.685039 0.429766 0.0245453 0.0401338 0.00299263
0 0.364275 0.420673 0.0463015 0.0800585 0.00291252
56 0.459389 0.413043 0.029566 0.0451505 0.00291252
0 0.270487 0.447742 0.0469988 0.0518395 0.00288963
56 0.640411 0.418896 0.0200826 0.020903 0.00276756
0 0.301239 0.318144 0.0290082 0.0334448 0.00275803
0 0.346982 0.407609 0.0200826 0.0744147 0.00270462
0 0.473893 0.404264 0.0596899 0.0685619 0.00270462
0 0.816691 0.436873 0.0178512 0.0401338 0.00270462
0 0.367901 0.445234 0.0357023 0.0928093 0.00263214
0 0.377106 0.39214 0.0278925 0.0652174 0.00261116
0 0.188274 0.455686 0.0119938 0.0451505 0.00259018
0 0.714047 0.43102 0.033471 0.0401338 0.00258064
0 0.30347 0.261079 0.047975 0.0163044 0.00255013
56 0.677229 0.426421 0.0379337 0.0501672 0.00246239
0 0.185764 0.453177 0.00920452 0.0401338 0.00246239
0 0.507643 0.418896 0.0211982 0.0376254 0.00245285
0 0.287013 0.263796 0.0122727 0.0108696 0.00235939
56 0.467478 0.431438 0.0379338 0.0225753 0.00230598
56 0.452695 0.420569 0.0206404 0.0334448 0.00226974
0 0.447953 0.413043 0.0178512 0.048495 0.00226021
0 0.20501 0.643813 0.0206404 0.0869565 0.00224304
56 0.307654 0.444816 0.0362602 0.0568562 0.00216484
56 0.465246 0.425585 0.0435123 0.0334448 0.00215721
56 0.517405 0.430184 0.0429544 0.0284281 0.00209999
56 0.519358 0.423077 0.0457436 0.0384615 0.00206757
0 0.231228 0.429034 0.0451858 0.0934365 0.00200272
0 0.272788 0.41712 0.0340288 0.0654264 0.00197983
0 0.507922 0.427258 0.0317974 0.0334448 0.00196457
0 0.705121 0.424749 0.0669419 0.0518395 0.00188923
0 0.28534 0.264841 0.0117148 0.0125418 0.00184631
0 0.596898 0.426421 0.0200826 0.0401338 0.00181007
0 0.285131 0.423495 0.0522984 0.0677258 0.00178242
0 0.508201 0.411789 0.0234296 0.0493311 0.00177479
56 0.519358 0.41597 0.0446279 0.0367893 0.00175476
0 0.323831 0.429661 0.0836774 0.0938545 0.00173378
56 0.45381 0.414298 0.0211983 0.0434783 0.0017004
0 0.310722 0.628763 0.0262189 0.0451505 0.0017004
56 0.666072 0.425167 0.0178512 0.0401338 0.00168705
56 0.635948 0.432692 0.0357024 0.0326087 0.00167465
0 0.725204 0.42893 0.0267767 0.0434783 0.00166798
0 0.495649 0.410953 0.029566 0.0568562 0.0016613
56 0.53163 0.424749 0.0312395 0.035117 0.00164223
0 0.296218 0.3125 0.0211983 0.0229933 0.00162315
0 0.361486 0.401756 0.0423965 0.0585284 0.00162315
0 0.452695 0.420569 0.0206404 0.0334448 0.00162315
0 0.466362 0.401338 0.0423965 0.0668896 0.00159168
0 0.333036 0.411371 0.116033 0.143813 0.00159168
0 0.203336 0.377926 0.0340288 0.128763 0.00157928
0 0.820038 0.431438 0.0613634 0.0568562 0.00156116
56 0.592436 0.424749 0.0178512 0.0376254 0.00155449
0 0.498717 0.403846 0.0345867 0.0702341 0.00154305
56 0.403046 0.436455 0.0211983 0.0535117 0.00152493
13 0.15815 0.531355 0.0273346 0.0367893 0.0015192
56 0.509316 0.41806 0.0245453 0.0384615 0.00150681
56 0.577374 0.425585 0.047975 0.0451505 0.00148964
56 0.618097 0.423077 0.0200826 0.0334448 0.00146675
0 0.488955 0.415447 0.0239875 0.0453596 0.00144958
0 0.350329 0.446488 0.066384 0.0886288 0.00144958
0 0.457157 0.419732 0.0256611 0.035117 0.00142097
0 0.830079 0.435619 0.0357023 0.048495 0.00141621
56 0.616981 0.416388 0.0178512 0.0217391 0.00141048
2 0.0148527 0.520903 0.0205707 0.0367893 0.00139904
0 0.508758 0.424749 0.0234296 0.0301003 0.00139427
0 0.205567 0.624582 0.0217561 0.0526756 0.00138283
0 0.33722 0.440635 0.0429544 0.0702341 0.00137234
56 0.532467 0.430184 0.0306817 0.0284281 0.00136662
56 0.641526 0.424331 0.0234297 0.0342809 0.00126934
0 0.344751 0.445652 0.0524378 0.069398 0.00124454
0 0.511827 0.398725 0.0317974 0.0604097 0.00123501
0 0.798282 0.423913 0.0278925 0.0468227 0.00121117
25 0.476961 0.280936 0.0429544 0.0267558 0.0012064
13 0.0145738 0.521739 0.0170841 0.0367893 0.0012064
0 0.244896 0.538462 0.022314 0.100334 0.0012064
0 0.490907 0.423495 0.0211983 0.0301003 0.00116539
56 0.630369 0.427258 0.044628 0.041806 0.00113392
56 0.722415 0.427258 0.0290082 0.0351171 0.00112438
0 0.307933 0.667224 0.0345866 0.128763 0.00112438
0 0.600803 0.426003 0.0256611 0.041806 0.00112057
0 0.54195 0.424749 0.029566 0.0401338 0.00112057
0 0.402209 0.415134 0.0211983 0.055184 0.00111198
0 0.668303 0.418792 0.022314 0.0620819 0.00111198
0 0.473056 0.427258 0.0267768 0.0200669 0.00109482
0 0.372643 0.442308 0.0267768 0.0869565 0.00108624
0 0.533862 0.420569 0.0306817 0.0451505 0.00105667
0 0.296218 0.413984 0.0557849 0.0700251 0.00105286
0 0.36818 0.454013 0.0284503 0.0769231 0.00103664
13 0.991856 0.541388 0.0122727 0.0100335 0.00103664
0 0.522705 0.41388 0.047975 0.0568562 0.00100803
5 0.525215 0.505957 0.716836 0.504808 0.818848
0 0.361765 0.43311 0.0535535 0.0994983 0.126343
0 0.37348 0.432692 0.0317974 0.0936455 0.0912476
0 0.268325 0.439799 0.0451858 0.0685619 0.0800781
0 0.262468 0.435619 0.0429544 0.0769231 0.0330811
0 0.30598 0.444398 0.0379337 0.0560201 0.0210114
0 0.296497 0.439799 0.0496486 0.0652174 0.0192719
0 0.403604 0.428094 0.0195247 0.0752508 0.0134277
0 0.344751 0.43311 0.0870245 0.103679 0.0134277
56 0.71851 0.43102 0.0379337 0.0426422 0.0127258
9 0.930492 0.476171 0.00669422 0.0167224 0.0126724
0 0.45911 0.413148 0.0290082 0.0449415 0.0122375
56 0.569006 0.415552 0.0312396 0.0267558 0.012146
56 0.570122 0.423913 0.0334709 0.041806 0.0115509
0 0.463852 0.415134 0.0390494 0.0459866 0.0115051
56 0.465804 0.413984 0.0412808 0.0432692 0.0108566
0 0.249637 0.440217 0.0630369 0.0710703 0.0102463
0 0.264699 0.430602 0.0290082 0.0752508 0.01017
0 0.375711 0.41388 0.0262189 0.0585284 0.00933838
7 0.525773 0.509302 0.714605 0.511497 0.0085144
0 0.592436 0.424749 0.0189669 0.0376254 0.00760651
0 0.866897 0.431438 0.0200826 0.0401338 0.00734711
0 0.373759 0.408027 0.022314 0.048495 0.00717545
0 0.397189 0.427676 0.0357023 0.0811037 0.00679779
0 0.187716 0.458194 0.00948343 0.0317726 0.00674438
0 0.720741 0.42893 0.0312396 0.0367893 0.00669098
56 0.584626 0.42893 0.0357024 0.0384615 0.00653839
0 0.326621 0.426839 0.0596899 0.0869565 0.00626373
0 0.25675 0.44398 0.0504854 0.0635452 0.00614548
0 0.243501 0.429348 0.0736361 0.0936455 0.00609589
0 0.20738 0.647157 0.0287292 0.090301 0.00579834
7 0.0150619 0.520903 0.0182696 0.0367893 0.00559998
0 0.79884 0.434783 0.0290082 0.041806 0.00542831
13 0.956153 0.544314 0.0357024 0.00919733 0.00536346
0 0.594667 0.42015 0.0133884 0.0292642 0.00530243
56 0.579047 0.431438 0.0490907 0.0334448 0.00530243
0 0.340846 0.430184 0.0340288 0.0886288 0.0049057
9 0.202778 0.332358 0.0323553 0.0351171 0.00488663
0 0.372085 0.394649 0.0189669 0.035117 0.00479126
0 0.275856 0.431438 0.0546692 0.0819398 0.00479126
9 0.0148527 0.520903 0.0169447 0.035117 0.00479126
0 0.271394 0.42893 0.0396073 0.0719063 0.00471878
0 0.346982 0.42015 0.022314 0.0944816 0.0045929
0 0.479192 0.413148 0.05188 0.0516305 0.00443268
0 0.454089 0.414298 0.0211983 0.0434783 0.00439835
0 0.322158 0.442308 0.0641527 0.0652174 0.00426483
0 0.587973 0.427258 0.0290082 0.0409699 0.00426483
0 0.265955 0.421405 0.0220351 0.062709 0.00421524
0 0.201662 0.647157 0.0326342 0.0869565 0.00415039
56 0.625907 0.436873 0.033471 0.0225753 0.00407028
0 0.71851 0.418896 0.0379337 0.0560201 0.00403976
0 0.577932 0.426421 0.0490907 0.0434783 0.00391388
0 0.806092 0.43311 0.0446279 0.0518395 0.00385475
56 0.683923 0.423913 0.0223139 0.0284281 0.00359344
56 0.474172 0.427258 0.0245454 0.0200669 0.00353813
0 0.202778 0.332358 0.0323553 0.0351171 0.00352478
0 0.0945554 0.493311 0.00502064 0.0183947 0.00352478
0 0.840121 0.431438 0.0178512 0.0518395 0.00341606
0 0.309885 0.258152 0.0262189 0.0150502 0.00325966
56 0.510153 0.427258 0.0284503 0.0334448 0.00322342
9 0.185764 0.453177 0.00948344 0.0401338 0.00321007
0 0.270836 0.447324 0.0468593 0.0518395 0.00319672
0 0.510432 0.414716 0.0390494 0.0526756 0.00319672
0 0.363718 0.42015 0.0468593 0.0802675 0.00314713
56 0.456321 0.419732 0.0245453 0.034281 0.00311089
56 0.797724 0.436455 0.0290082 0.041806 0.00311089
14 0.201802 0.332358 0.0298449 0.0330267 0.00309944
0 0.203336 0.345527 0.0340288 0.0618729 0.00307465
0 0.367623 0.445234 0.0357023 0.0928093 0.00287819
56 0.45911 0.413148 0.0290082 0.0449415 0.00276756
0 0.377106 0.391931 0.0278925 0.0656354 0.00275803
0 0.474172 0.404264 0.0585742 0.0685619 0.00273705
0 0.301239 0.318353 0.0278924 0.0334448 0.00269318
0 0.816691 0.437291 0.0167356 0.0401338 0.00269318
56 0.685039 0.429766 0.0245453 0.0401338 0.0026722
0 0.715163 0.43102 0.0357024 0.0401338 0.00266266
0 0.34754 0.398411 0.0195247 0.062709 0.00252151
2 0.465804 0.413984 0.0412808 0.0432692 0.00245285
0 0.507643 0.418896 0.0211982 0.0367893 0.00243378
56 0.640411 0.418896 0.0200826 0.020903 0.00237846
0 0.303191 0.261079 0.0474172 0.0158863 0.00225258
0 0.447953 0.413043 0.0189669 0.048495 0.00215721
0 0.287013 0.264005 0.0122727 0.0108696 0.00212479
0 0.272788 0.417642 0.0340288 0.0652174 0.00212479
0 0.705121 0.425167 0.0669419 0.0518395 0.00208282
56 0.307654 0.444398 0.0362602 0.0576923 0.00208282
56 0.468314 0.431438 0.036818 0.0217391 0.00203514
0 0.507922 0.427258 0.0317974 0.0334448 0.00203514
56 0.677229 0.426421 0.0379337 0.0501672 0.00203514
0 0.188274 0.455268 0.0122727 0.0459866 0.00203514
56 0.519358 0.423913 0.0451858 0.0367893 0.00202751
56 0.517684 0.430184 0.0429544 0.0284281 0.00195694
0 0.23095 0.42893 0.0432333 0.0928094 0.00194168
0 0.355908 0.437709 0.0574584 0.083612 0.00191212
0 0.725204 0.42893 0.025661 0.0434783 0.00190449
0 0.253542 0.431438 0.0769832 0.083612 0.00188255
0 0.185764 0.453177 0.00948344 0.0401338 0.00187492
56 0.465246 0.425585 0.0435123 0.0334448 0.00186729
0 0.284503 0.424018 0.0496486 0.0666806 0.00182438
0 0.310722 0.628763 0.025661 0.0451505 0.00182438
0 0.495091 0.410953 0.0284503 0.0568562 0.0018177
0 0.596341 0.426421 0.0211982 0.0401338 0.0018177
0 0.361486 0.401756 0.0412808 0.0593645 0.00174141
0 0.508201 0.411267 0.0234296 0.0503763 0.00173378
56 0.519358 0.415552 0.0446279 0.0367893 0.00171375
0 0.350329 0.446488 0.0658262 0.0886288 0.00170708
0 0.28534 0.264632 0.0117148 0.0125418 0.0017004
0 0.488676 0.415552 0.0323553 0.0518395 0.00168705
0 0.20501 0.643813 0.0203615 0.0869565 0.00168133
0 0.452973 0.42015 0.0206404 0.034281 0.00167465
0 0.820038 0.431438 0.0602477 0.0568562 0.0016489
0 0.466362 0.401338 0.0423965 0.0660535 0.00163555
56 0.53163 0.424749 0.0301238 0.035117 0.00163555
0 0.337499 0.440635 0.0423965 0.0702341 0.00161648
0 0.498159 0.403846 0.033471 0.0702341 0.0015974
56 0.454089 0.414298 0.0211983 0.0434783 0.0015974
0 0.296218 0.312082 0.0211983 0.0217391 0.00157928
0 0.489791 0.415447 0.022314 0.0453596 0.00156689
56 0.509316 0.41806 0.0245453 0.0384615 0.0015192
0 0.334152 0.419628 0.113801 0.125627 0.00151253
56 0.666072 0.425585 0.0178512 0.0401338 0.00148964
0 0.344751 0.444816 0.0524378 0.0702341 0.00148964
56 0.635948 0.43311 0.0357024 0.0317726 0.0014782
13 0.15815 0.531355 0.0273346 0.0367893 0.0014782
0 0.798282 0.423913 0.0278925 0.0459866 0.00141621
56 0.403046 0.436037 0.0211983 0.0543478 0.00141048
56 0.592436 0.424749 0.0189669 0.0376254 0.00140476
0 0.829522 0.435619 0.0357023 0.0468228 0.00139904
0 0.508758 0.424749 0.0234296 0.0301003 0.00133514
0 0.840121 0.439381 0.0178512 0.035117 0.00133038
56 0.532746 0.429766 0.0301239 0.0284281 0.00132465
0 0.490907 0.423077 0.0211983 0.0301003 0.00127888
0 0.298728 0.315217 0.0251032 0.027592 0.00127411
56 0.618097 0.423077 0.0200826 0.0334448 0.00124454
0 0.203336 0.377508 0.0340288 0.12709 0.00123501
0 0.511548 0.398725 0.0312395 0.0604097 0.00122547
56 0.577374 0.425585 0.047975 0.0451505 0.00122547
9 0.203336 0.345527 0.0340288 0.0618729 0.0012207
0 0.533862 0.420569 0.0301239 0.0451505 0.00121117
25 0.476961 0.280936 0.0429544 0.0267558 0.0012064
13 0.0145738 0.521739 0.0171539 0.0367893 0.00119686
56 0.616981 0.416388 0.0178512 0.0217391 0.00118351
0 0.308212 0.667224 0.0345866 0.127926 0.00118351
0 0.244896 0.538462 0.022314 0.100334 0.00117397
0 0.54195 0.424331 0.029566 0.0409699 0.0011692
13 0.991856 0.541388 0.0122727 0.0100335 0.0011692
0 0.205567 0.623746 0.0217561 0.0518395 0.00116062
0 0.372643 0.44189 0.0267768 0.0877926 0.00112057
0 0.402209 0.41712 0.0211983 0.0587375 0.00111198
0 0.600803 0.426003 0.0256611 0.041806 0.0011034
0 0.296497 0.413984 0.0546692 0.0700251 0.00109482
2 0.0148702 0.520903 0.020745 0.0359532 0.00107288
56 0.641526 0.424331 0.0234297 0.0342809 0.00106525
0 0.367901 0.453177 0.0284503 0.0777592 0.00106525
0 0.338614 0.416806 0.0334709 0.090301 0.00102425
0 0.474172 0.427258 0.0245454 0.0200669 0.00102425
0 0.668303 0.419314 0.022314 0.062709 0.00100422
5 0.527167 0.505853 0.717394 0.504181 0.858887
0 0.361765 0.43311 0.0535535 0.0994983 0.15918
0 0.373759 0.43217 0.0312396 0.0938545 0.118408
0 0.268325 0.439799 0.0451858 0.0685619 0.105591
0 0.306259 0.444398 0.0373759 0.0560201 0.0279541
0 0.297334 0.440635 0.0468593 0.062709 0.0234222
0 0.348935 0.43311 0.0786567 0.102843 0.0178528
0 0.403883 0.427676 0.0189669 0.0744147 0.0175781
0 0.457994 0.413148 0.0267767 0.0449415 0.0145569
0 0.252148 0.441472 0.0569006 0.0685619 0.0134811
0 0.463015 0.415134 0.036818 0.0459866 0.0131226
0 0.375711 0.41388 0.0262189 0.0593645 0.012825
0 0.264699 0.430602 0.0284503 0.0752508 0.0120544
56 0.71851 0.43102 0.0379337 0.0426422 0.0115509
56 0.569006 0.416388 0.0312396 0.0284281 0.0114212
0 0.401651 0.428512 0.0267768 0.0777592 0.011116
9 0.930492 0.476171 0.00669422 0.0167224 0.0110703
56 0.570122 0.423913 0.0334709 0.0426422 0.0106506
56 0.465804 0.413462 0.0412808 0.0426421 0.0106125
0 0.373759 0.408445 0.022314 0.0493311 0.00894928
0 0.592436 0.424749 0.0200826 0.0384615 0.00891876
0 0.328015 0.435619 0.0602477 0.0802676 0.00831604
0 0.720741 0.42893 0.0312396 0.0367893 0.00812531
0 0.866897 0.431438 0.0200826 0.0401338 0.00740433
13 0.956153 0.544314 0.0357024 0.0100335 0.00734711
0 0.334709 0.430184 0.0881402 0.09699 0.00714874
7 0.528283 0.508361 0.715163 0.508361 0.00712204
0 0.243501 0.429766 0.0730782 0.0928093 0.00679779
0 0.187716 0.458194 0.00976236 0.0317726 0.00669098
0 0.340846 0.430707 0.0334709 0.0884198 0.00666809
0 0.79884 0.434783 0.0290082 0.041806 0.0064888
0 0.594667 0.420987 0.0133884 0.0309365 0.00643921
56 0.585184 0.42893 0.0357024 0.0392976 0.00641251
9 0.202778 0.332358 0.0323553 0.034281 0.00588989
0 0.346982 0.4213 0.022314 0.0955267 0.00572968
0 0.372085 0.394753 0.0189669 0.034908 0.00564194
0 0.454089 0.414298 0.0211983 0.0434783 0.00564194
0 0.271951 0.42893 0.0390494 0.0702341 0.00559998
0 0.275299 0.431856 0.0524378 0.0811037 0.00534439
0 0.321879 0.44189 0.0635948 0.0652174 0.00521851
56 0.579047 0.431438 0.0490907 0.0334448 0.00500107
0 0.587973 0.427258 0.0290082 0.041806 0.00496292
0 0.266094 0.4213 0.0217561 0.0620819 0.00492477
0 0.20752 0.645485 0.0270557 0.0919732 0.00492477
0 0.579047 0.426003 0.0468593 0.0443144 0.00479126
0 0.80665 0.43311 0.044628 0.0510033 0.0046463
0 0.71851 0.418896 0.0379337 0.0560201 0.00452042
9 0.014905 0.520903 0.0169098 0.035117 0.00428009
7 0.0151142 0.520903 0.0183044 0.0367893 0.0042305
56 0.625349 0.437291 0.0323553 0.0225753 0.00419998
56 0.569564 0.42893 0.0301239 0.0351171 0.00416565
56 0.475008 0.427258 0.0228718 0.0200669 0.00383949
0 0.270836 0.446906 0.0463015 0.0526756 0.00378036
0 0.481703 0.41388 0.0435122 0.0493311 0.00376511
56 0.683923 0.424331 0.0223139 0.0292642 0.0037365
0 0.367344 0.445234 0.0362602 0.0928093 0.0037365
0 0.201662 0.647157 0.0320763 0.0852843 0.00372124
0 0.840121 0.431438 0.0178512 0.0518395 0.00351143
0 0.314348 0.430184 0.0569006 0.090301 0.00349617
0 0.365112 0.420569 0.0435122 0.0794315 0.00340271
56 0.509874 0.427258 0.0278924 0.0334448 0.00340271
0 0.0945554 0.493311 0.00502064 0.0183947 0.00338936
0 0.309327 0.257943 0.0245454 0.0150502 0.00335121
56 0.797724 0.436455 0.0290082 0.0426421 0.00332451
0 0.509874 0.415552 0.033471 0.0501672 0.00331116
0 0.376827 0.391931 0.0278925 0.0656354 0.00327301
9 0.185764 0.453177 0.00948344 0.0401338 0.00321007
0 0.253542 0.443144 0.0747518 0.0769231 0.00317192
14 0.201662 0.332149 0.029566 0.0330268 0.00316048
0 0.468035 0.415134 0.0368181 0.0510033 0.00316048
56 0.466362 0.420569 0.0401651 0.0351171 0.00312424
0 0.202778 0.332358 0.0323553 0.034281 0.0029583
0 0.34754 0.398829 0.0195247 0.0643813 0.00287819
56 0.455763 0.420569 0.0228718 0.0334448 0.0028553
0 0.71572 0.43102 0.036818 0.0401338 0.0028553
0 0.321879 0.422241 0.0557849 0.0727425 0.00284576
0 0.507643 0.419314 0.0211982 0.0376254 0.00279999
0 0.301239 0.318353 0.0278924 0.0334448 0.00275803
0 0.817249 0.437709 0.0156199 0.0384615 0.0027256
56 0.685039 0.429766 0.0245453 0.0401338 0.00269318
0 0.475287 0.404787 0.0546692 0.0683529 0.00265312
56 0.457994 0.413148 0.0267767 0.0449415 0.00264168
0 0.507922 0.426839 0.0317974 0.034281 0.00258064
0 0.203336 0.346154 0.0340288 0.0635452 0.00255013
0 0.355908 0.438127 0.0569006 0.0827759 0.00245285
0 0.272509 0.417329 0.0334709 0.0650084 0.00242424
0 0.448232 0.413043 0.0189669 0.048495 0.00237846
0 0.350329 0.446488 0.0658262 0.0877927 0.00237846
0 0.705121 0.425585 0.0658262 0.0518395 0.00233269
56 0.307933 0.444398 0.0357023 0.0576923 0.00230598
0 0.725204 0.42893 0.025661 0.0434783 0.00228691
0 0.302912 0.26087 0.0468593 0.0158863 0.00226021
56 0.640411 0.418896 0.0200826 0.0217391 0.00223351
0 0.287292 0.264005 0.0122727 0.0108696 0.00222588
0 0.337499 0.440635 0.0412808 0.0702341 0.00215721
0 0.494254 0.411267 0.0267767 0.055393 0.00211525
0 0.596341 0.426421 0.0211982 0.0409699 0.00209045
0 0.310722 0.628763 0.025661 0.0451505 0.00206757
0 0.452973 0.419732 0.0211983 0.035117 0.0020504
56 0.519358 0.424749 0.0446279 0.035117 0.00201988
0 0.344751 0.444816 0.0524378 0.0710702 0.00201988
0 0.283666 0.424331 0.0463015 0.0652174 0.00200272
56 0.469151 0.431856 0.0345867 0.0217391 0.00198746
56 0.517684 0.430184 0.0423965 0.0284281 0.0019722
0 0.491465 0.416806 0.0217561 0.048495 0.00194931
0 0.23095 0.42893 0.0418387 0.0928094 0.00188255
0 0.188414 0.454849 0.0131095 0.0451505 0.00186062
56 0.676671 0.426421 0.0379337 0.0501672 0.00185299
0 0.508201 0.412207 0.0223139 0.0493311 0.0018177
0 0.361765 0.401756 0.0401651 0.0593645 0.00181007
25 0.476961 0.280936 0.0429544 0.0267558 0.00178242
0 0.821154 0.431438 0.0602477 0.0568562 0.00177479
56 0.465246 0.426003 0.0429544 0.0326087 0.00176811
0 0.28534 0.264841 0.0117148 0.0121238 0.0017004
56 0.532188 0.424749 0.0301239 0.0359532 0.0017004
0 0.797724 0.423913 0.0267768 0.0468227 0.00168705
0 0.509037 0.424749 0.0234297 0.0301003 0.00168705
0 0.49788 0.404264 0.0329131 0.0702341 0.00168133
56 0.519079 0.416388 0.0440701 0.0367893 0.0016489
0 0.466362 0.401233 0.0423965 0.0654264 0.00164223
56 0.509316 0.41806 0.0245453 0.0384615 0.00164223
0 0.490907 0.423077 0.0217561 0.0301003 0.00163555
0 0.185764 0.453177 0.00948344 0.0401338 0.00163555
56 0.454089 0.414298 0.0211983 0.0434783 0.00161076
0 0.29566 0.311873 0.0200826 0.020903 0.00157928
9 0.203336 0.346154 0.0340288 0.0635452 0.00154305
0 0.533862 0.420569 0.0301239 0.0451505 0.00153637
56 0.66663 0.425585 0.0178512 0.0409699 0.00151253
0 0.826732 0.432692 0.0290081 0.0510033 0.00150681
13 0.15829 0.531355 0.0270557 0.0367893 0.00148964
56 0.635948 0.43311 0.0357024 0.0317726 0.00145531
56 0.403046 0.435619 0.0211983 0.0551839 0.00142097
0 0.402209 0.418478 0.0211983 0.0610368 0.00139904
0 0.541671 0.424331 0.0301238 0.0409699 0.00138855
0 0.20501 0.643395 0.0200826 0.0861204 0.00138855
0 0.367623 0.452341 0.0278925 0.0802675 0.00136185
13 0.991856 0.54097 0.0111569 0.0100335 0.00134563
13 0.0146261 0.521739 0.0171887 0.0367893 0.00131512
56 0.592436 0.424749 0.0200826 0.0384615 0.00130939
0 0.308491 0.667224 0.0340288 0.127926 0.00130463
0 0.298449 0.314799 0.0245454 0.0271739 0.00127411
0 0.244896 0.538462 0.022314 0.100334 0.00126934
0 0.511548 0.398725 0.0301239 0.0604097 0.00123024
0 0.338614 0.416806 0.0323552 0.0894649 0.00123024
2 0.465804 0.413462 0.0412808 0.0426421 0.00122547
0 0.840679 0.440217 0.0178512 0.0334448 0.0012207
0 0.600246 0.426003 0.0245454 0.041806 0.00121593
0 0.296776 0.413462 0.0546692 0.0702341 0.00121117
56 0.618097 0.423913 0.0211983 0.035117 0.00115585
0 0.475008 0.427258 0.0228718 0.0200669 0.00113392
56 0.616981 0.416806 0.0189669 0.0225753 0.00109863
0 0.205707 0.623746 0.0214772 0.0501672 0.00109005
13 0.943323 0.54515 0.0100413 0.00752508 0.00106525
0 0.237086 0.459866 0.0128305 0.0301003 0.00104809
0 0.203336 0.377508 0.0337499 0.127926 0.00104427
0 0.668303 0.419314 0.022314 0.062709 0.00102425
5 0.528283 0.505957 0.716278 0.503135 0.887207
0 0.362044 0.43311 0.0535535 0.0994983 0.161865
0 0.373759 0.432274 0.0312396 0.0936455 0.116577
0 0.268604 0.440217 0.0446279 0.0677258 0.10968
0 0.306259 0.44398 0.036818 0.0551839 0.0304413
0 0.297612 0.441053 0.0457436 0.0618729 0.0230713
0 0.403883 0.427676 0.0189669 0.0727425 0.0176392
0 0.348377 0.433006 0.0792146 0.102216 0.0173035
0 0.457994 0.413148 0.025661 0.0449415 0.0165253
0 0.253124 0.442308 0.0543903 0.0668896 0.0137405
0 0.375711 0.414611 0.0262189 0.0604097 0.0136337
0 0.462457 0.415134 0.0351445 0.0451505 0.0120087
0 0.264699 0.430602 0.0273346 0.0752508 0.0116882
56 0.569006 0.416806 0.0312396 0.0309364 0.0106125
56 0.71851 0.43102 0.0379337 0.0426422 0.0102921
56 0.465804 0.413462 0.0412808 0.041806 0.00989532
0 0.591878 0.425167 0.0200826 0.0392977 0.00981903
56 0.570122 0.423913 0.0334709 0.0426422 0.00971222
9 0.930492 0.476171 0.00669422 0.0167224 0.00933838
0 0.720741 0.42893 0.0312396 0.0367893 0.00926971
0 0.373759 0.408863 0.022314 0.0510033 0.00919342
0 0.328294 0.435619 0.0596899 0.0794315 0.00905609
0 0.456321 0.417642 0.0211983 0.0476588 0.00821686
0 0.866897 0.431856 0.0200826 0.0392977 0.00809479
0 0.79884 0.434783 0.0290082 0.041806 0.0077858
0 0.594667 0.421405 0.0133884 0.0317726 0.00760651
13 0.956153 0.544314 0.0357024 0.0100335 0.00751877
56 0.576816 0.424749 0.0446279 0.0451505 0.00723267
0 0.33192 0.42987 0.081446 0.0967809 0.00709534
0 0.341404 0.43102 0.0329131 0.0869565 0.00674438
7 0.528841 0.507525 0.715162 0.505017 0.00664139
0 0.243501 0.429661 0.0725204 0.0921823 0.0064621
0 0.187716 0.458194 0.00976236 0.0317726 0.00638962
9 0.202778 0.332358 0.0323553 0.034281 0.00624084
0 0.579047 0.426421 0.0468593 0.0434783 0.00624084
56 0.585742 0.42893 0.0357024 0.0401338 0.00609589
0 0.346982 0.421823 0.022314 0.0961538 0.00602722
0 0.587973 0.427258 0.0290082 0.041806 0.00582123
0 0.372085 0.395589 0.018409 0.034908 0.00572968
0 0.272161 0.42893 0.0380732 0.0702341 0.00553513
0 0.806092 0.43311 0.0435123 0.0501672 0.00551224
0 0.322158 0.442308 0.0635948 0.0652174 0.00551224
0 0.275089 0.432274 0.0511827 0.0794314 0.00527954
56 0.624791 0.437291 0.0312396 0.0225753 0.00482941
0 0.266094 0.420987 0.0211983 0.0610368 0.00473785
0 0.720741 0.418478 0.0323553 0.0501672 0.00471878
56 0.579047 0.431438 0.0490907 0.0334448 0.00460815
0 0.312953 0.430602 0.0529957 0.0886288 0.0041008
0 0.367344 0.445652 0.0357023 0.0919732 0.00402451
56 0.684481 0.423913 0.0211982 0.0284281 0.00392914
0 0.20752 0.645903 0.0267768 0.0911371 0.00391388
56 0.569006 0.429766 0.0290082 0.0342809 0.00378036
0 0.840121 0.434783 0.0178512 0.041806 0.00366402
56 0.475287 0.427258 0.022314 0.0200669 0.00365067
9 0.0149225 0.521321 0.0168749 0.0359532 0.00365067
0 0.715163 0.43102 0.0357024 0.0401338 0.00355148
0 0.376548 0.39214 0.0278925 0.0652174 0.00341606
0 0.507922 0.419314 0.0211983 0.0376254 0.00331116
56 0.797724 0.436455 0.0278924 0.0426421 0.00327301
0 0.483097 0.414298 0.0390494 0.0476589 0.00324821
0 0.366228 0.420987 0.0412808 0.0802676 0.00322342
0 0.508201 0.426421 0.0312396 0.0334448 0.00322342
7 0.0146261 0.521739 0.0171887 0.0367893 0.00316048
0 0.468035 0.415552 0.0357024 0.0501672 0.00316048
56 0.509874 0.427258 0.0278924 0.0334448 0.00314713
0 0.0945554 0.493729 0.00502064 0.0183947 0.00314713
0 0.253542 0.443144 0.0741939 0.0752508 0.00307465
0 0.201384 0.647157 0.0317974 0.0852843 0.00305176
0 0.308491 0.257943 0.0228718 0.014214 0.00298119
9 0.186322 0.451505 0.011157 0.0401338 0.00298119
0 0.34754 0.399247 0.0195247 0.0652174 0.0029583
14 0.201662 0.33194 0.029566 0.0326087 0.00290108
0 0.321879 0.422241 0.0557849 0.0719063 0.0028553
0 0.355908 0.438963 0.0557849 0.0819398 0.0028553
0 0.35005 0.446906 0.0652683 0.0877927 0.00284576
56 0.45911 0.413984 0.0306817 0.0432692 0.00282288
0 0.509316 0.415447 0.0306817 0.048704 0.00281143
0 0.817249 0.438127 0.0156199 0.0384615 0.00279045
56 0.685039 0.430602 0.0245453 0.0384615 0.00277901
56 0.46692 0.422659 0.0390494 0.0301003 0.0027256
0 0.705121 0.425585 0.0658262 0.0510033 0.0026722
0 0.475845 0.4051 0.0524378 0.0668896 0.00264168
0 0.450742 0.411789 0.0234297 0.0510033 0.00261116
0 0.301239 0.318144 0.0278924 0.0334448 0.00259018
0 0.452973 0.419732 0.0211983 0.035117 0.00257111
25 0.476961 0.280936 0.0429544 0.0267558 0.0024929
56 0.455484 0.420569 0.022314 0.0334448 0.0024929
0 0.725204 0.428512 0.0245453 0.0426421 0.00247192
0 0.595783 0.426421 0.0223139 0.0401338 0.0024147
0 0.337499 0.440635 0.0412808 0.0702341 0.00240517
0 0.344751 0.444816 0.0524378 0.0710702 0.00235939
0 0.202778 0.332358 0.0323553 0.034281 0.00234222
0 0.2723 0.417224 0.0322158 0.0643813 0.00234222
0 0.493696 0.412625 0.0256611 0.0535117 0.00228691
0 0.462457 0.407609 0.0373759 0.0535117 0.00222588
0 0.508758 0.424749 0.0234296 0.0301003 0.00214005
56 0.307933 0.444816 0.0357023 0.0568562 0.00213242
56 0.640411 0.418896 0.0189669 0.0217391 0.00211525
0 0.203336 0.347408 0.0340288 0.0652174 0.00208282
0 0.310722 0.628344 0.025661 0.0451505 0.00206757
0 0.287292 0.264214 0.0122727 0.0108696 0.00201035
0 0.49007 0.416388 0.0211983 0.0443144 0.00199509
0 0.302912 0.26087 0.0468593 0.0158863 0.00197983
0 0.508201 0.411789 0.0223139 0.0468228 0.00197983
0 0.821154 0.431438 0.0602477 0.0568562 0.00197983
0 0.283387 0.424854 0.0451858 0.0650084 0.0019722
0 0.797724 0.423913 0.0267768 0.0459866 0.00195694
0 0.490907 0.423077 0.0211983 0.0301003 0.00192642
0 0.534141 0.420569 0.0301239 0.0451505 0.00190449
56 0.519358 0.424749 0.0435123 0.035117 0.00183868
56 0.469709 0.431856 0.033471 0.0217391 0.00183105
56 0.720183 0.426421 0.0334709 0.035117 0.00181007
56 0.517684 0.430184 0.0423965 0.0284281 0.00176811
0 0.188553 0.454849 0.0128305 0.0434783 0.0017271
0 0.362044 0.402174 0.0390495 0.0585285 0.00172043
0 0.497601 0.404787 0.0323553 0.0700251 0.00172043
9 0.203336 0.347408 0.0340288 0.0652174 0.00171375
0 0.230671 0.428825 0.040723 0.0921823 0.00168705
0 0.542229 0.424749 0.0301239 0.0401338 0.00168705
0 0.466362 0.40092 0.0423965 0.0652174 0.00168133
56 0.676113 0.427258 0.036818 0.048495 0.00163555
0 0.82729 0.43311 0.0312396 0.0501672 0.00162315
0 0.28534 0.264841 0.0117148 0.0121238 0.00159168
0 0.295939 0.311873 0.0200826 0.0213211 0.00157356
56 0.509316 0.41806 0.0239875 0.0384615 0.00154877
56 0.532188 0.424749 0.0301239 0.0359532 0.00152493
56 0.667188 0.425585 0.0178512 0.0409699 0.0015192
56 0.519079 0.415552 0.0435123 0.0367893 0.00150108
0 0.185624 0.453177 0.00920452 0.0392977 0.0014782
56 0.63539 0.433946 0.0345867 0.0301003 0.00147247
0 0.475287 0.427258 0.022314 0.0200669 0.00146675
0 0.367623 0.452341 0.0278925 0.0794314 0.00146675
56 0.454089 0.414298 0.0211983 0.0434783 0.00142097
0 0.600246 0.426003 0.0245454 0.041806 0.00138283
0 0.840679 0.440635 0.0178512 0.0317726 0.00135136
0 0.51099 0.398411 0.0290082 0.0602007 0.00132465
0 0.490628 0.426839 0.0251032 0.0317726 0.00130939
0 0.298449 0.314799 0.0245454 0.0271739 0.00127888
0 0.338614 0.41712 0.0312396 0.0888378 0.00123024
0 0.237225 0.459866 0.0122727 0.0301003 0.00123024
13 0.0146261 0.521739 0.0171887 0.0367893 0.00123024
0 0.308769 0.667224 0.0334709 0.12709 0.00123024
0 0.296776 0.413462 0.0535535 0.0702341 0.00121117
6 0.528841 0.507525 0.715162 0.505017 0.00118351
0 0.667188 0.425585 0.0178512 0.0409699 0.00117397
13 0.158429 0.531355 0.0270557 0.0367893 0.0011692
13 0.991856 0.54097 0.0111569 0.0100335 0.0011692
0 0.244896 0.538462 0.022314 0.100334 0.00115108
0 0.525494 0.418896 0.0390494 0.0401338 0.00114727
0 0.403325 0.435619 0.0211983 0.0551839 0.00114727
0 0.668303 0.419314 0.022314 0.062709 0.00113773
56 0.403325 0.435619 0.0211983 0.0551839 0.00112438
56 0.616981 0.417224 0.0189669 0.0234114 0.00109863
56 0.591878 0.425167 0.0200826 0.0392977 0.00108147
56 0.618097 0.423913 0.0211983 0.035117 0.00107765
0 0.20501 0.642977 0.0195247 0.0852843 0.00103188
0 0.673882 0.42015 0.0345867 0.0635452 0.00102806
13 0.943323 0.54515 0.0100413 0.00752508 0.00102806
0 0.338057 0.439799 0.101529 0.117057 0.00101662
5 0.528841 0.505957 0.717394 0.501463 0.894043
0 0.362044 0.433006 0.0524378 0.0988712 0.155029
0 0.373759 0.433006 0.0278924 0.097199 0.122498
0 0.268604 0.440635 0.0440701 0.0668896 0.111267
0 0.306259 0.44398 0.036818 0.0551839 0.0301514
0 0.297334 0.441053 0.0457436 0.0610368 0.0202942
0 0.457436 0.413148 0.025661 0.0449415 0.016983
0 0.403604 0.427676 0.0195247 0.0735786 0.016098
0 0.348935 0.432692 0.0780989 0.102007 0.0136337
0 0.253961 0.442726 0.0521589 0.0660535 0.0133286
0 0.375432 0.415134 0.0256611 0.0618729 0.0132217
0 0.264699 0.430602 0.0267768 0.0752508 0.0106964
56 0.71851 0.431438 0.0379337 0.041806 0.0104904
0 0.461899 0.415134 0.0345866 0.0451505 0.0104065
0 0.721299 0.428512 0.0301239 0.0359532 0.00971222
0 0.591878 0.424749 0.0200826 0.0384615 0.00948334
56 0.569006 0.417224 0.0312396 0.0317726 0.00937653
56 0.465525 0.413462 0.0412808 0.041806 0.00930023
0 0.328852 0.436037 0.0580163 0.0785953 0.00930023
0 0.866897 0.431856 0.0200826 0.0392977 0.00912476
0 0.79884 0.434783 0.0290082 0.041806 0.00888062
56 0.570122 0.423913 0.0334709 0.0434783 0.0088501
0 0.37348 0.407922 0.0217561 0.048704 0.00861359
0 0.594667 0.421405 0.0133884 0.0317726 0.0078125
0 0.455484 0.41806 0.0200826 0.0468227 0.00772476
0 0.187716 0.458194 0.0100413 0.0317726 0.00723267
9 0.930492 0.475753 0.00669422 0.0167224 0.00706482
13 0.956153 0.544314 0.0357024 0.0100335 0.00706482
0 0.34224 0.431438 0.0312395 0.0861204 0.00664139
0 0.579605 0.426421 0.0457437 0.0434783 0.00643921
0 0.346982 0.422241 0.022314 0.09699 0.00609589
0 0.806092 0.433947 0.0435123 0.0501672 0.00609589
56 0.721299 0.428512 0.0301239 0.0359532 0.00600433
9 0.202778 0.332358 0.0323553 0.0334448 0.00591278
0 0.328573 0.429766 0.0747518 0.0953177 0.00591278
0 0.372085 0.395067 0.0178512 0.0342809 0.005867
0 0.243501 0.430602 0.0719625 0.0911371 0.005867
7 0.529399 0.506584 0.715163 0.501881 0.00577545
0 0.587973 0.427258 0.0290082 0.041806 0.00568771
0 0.322158 0.442308 0.0635948 0.0643813 0.00564194
56 0.585742 0.428512 0.0357024 0.0401338 0.00551224
0 0.272161 0.42893 0.0369575 0.0685618 0.00526047
0 0.266373 0.420987 0.0206404 0.0610368 0.00496292
0 0.720741 0.418896 0.0312396 0.0501672 0.00482941
0 0.274741 0.432692 0.0502064 0.0785953 0.00471878
56 0.624791 0.437291 0.0312396 0.0234114 0.00466537
56 0.579047 0.431856 0.0490907 0.0326087 0.00407028
56 0.684481 0.423913 0.0211982 0.0284281 0.00400543
0 0.31128 0.431543 0.0496486 0.0867475 0.00397491
0 0.840121 0.434783 0.0178512 0.041806 0.0039444
0 0.71851 0.418792 0.0401651 0.0570652 0.00392914
0 0.714047 0.43102 0.033471 0.0401338 0.00388527
0 0.367901 0.445234 0.0345866 0.0928093 0.00382423
0 0.20752 0.645903 0.0267768 0.0911371 0.00369263
56 0.475287 0.427258 0.022314 0.0200669 0.00366402
0 0.376548 0.392559 0.0273346 0.0643813 0.0036068
56 0.797724 0.436455 0.0290082 0.0426421 0.00348282
0 0.507643 0.418896 0.0211982 0.0367893 0.00344276
56 0.569006 0.429766 0.0290082 0.0334448 0.00340271
0 0.0945554 0.493729 0.00516011 0.0183947 0.00336266
25 0.476961 0.280936 0.0429544 0.0267558 0.00335121
0 0.508201 0.426421 0.0306817 0.0334448 0.00333786
7 0.0146435 0.521739 0.0171539 0.0367893 0.00331116
14 0.201662 0.33194 0.029566 0.0326087 0.00311089
56 0.509874 0.427258 0.0278924 0.0334448 0.00309944
56 0.458273 0.413984 0.0290082 0.0432692 0.00304031
9 0.014905 0.521321 0.0168401 0.0359532 0.00299263
0 0.468314 0.41597 0.0351445 0.0493311 0.00298119
0 0.452973 0.420569 0.0211983 0.0334448 0.0029583
0 0.355629 0.438127 0.0541114 0.0819398 0.00293541
0 0.34754 0.399561 0.0195247 0.0654264 0.00292397
0 0.817807 0.441472 0.0178512 0.0334448 0.00288963
0 0.201941 0.647157 0.0306817 0.0852843 0.00284576
0 0.368459 0.420987 0.0357023 0.0794315 0.00282288
0 0.705121 0.426003 0.0647105 0.0501672 0.00281143
56 0.467478 0.423913 0.0368181 0.027592 0.00281143
0 0.450742 0.412207 0.0234297 0.0510033 0.00279999
9 0.186043 0.451505 0.0105991 0.0401338 0.00276756
56 0.685039 0.430602 0.0245453 0.0384615 0.0027256
56 0.455205 0.420987 0.0211983 0.0317726 0.00269318
0 0.307933 0.257943 0.022314 0.014214 0.0026722
0 0.35005 0.446488 0.0641527 0.0869565 0.00266266
0 0.725762 0.428512 0.0245453 0.0426421 0.00263214
0 0.321321 0.422659 0.0546692 0.0727425 0.0026207
0 0.27223 0.41712 0.0306817 0.0637542 0.00259018
0 0.482539 0.414298 0.0390494 0.0468228 0.00257111
0 0.253542 0.44398 0.0741939 0.0735786 0.00250244
0 0.301239 0.318144 0.0278924 0.0334448 0.0024929
0 0.337499 0.441054 0.0412808 0.069398 0.00246239
0 0.596341 0.426421 0.0211982 0.0401338 0.00243378
0 0.475845 0.406355 0.05188 0.0643813 0.00236893
0 0.508758 0.424749 0.0228718 0.0301003 0.00230598
0 0.344193 0.444816 0.0507643 0.0702341 0.00226021
56 0.307933 0.444816 0.0357023 0.0568562 0.00225258
0 0.797724 0.423913 0.0267768 0.0451505 0.00217438
0 0.82227 0.431438 0.0557849 0.0568562 0.00214005
0 0.310722 0.628763 0.025661 0.0451505 0.00214005
0 0.202778 0.332358 0.0323553 0.0334448 0.00212479
0 0.188692 0.454849 0.0128305 0.0434783 0.00211525
0 0.49286 0.413775 0.0239875 0.0503763 0.00203514
0 0.283666 0.424749 0.0423965 0.0643813 0.00197983
0 0.535535 0.424749 0.0301239 0.0401338 0.00196457
56 0.640411 0.418896 0.0189669 0.020903 0.00195694
0 0.508201 0.412103 0.0223139 0.0436873 0.00191879
0 0.49007 0.416806 0.0206404 0.0434783 0.00190449
0 0.490628 0.423913 0.0211983 0.0301003 0.00190449
0 0.287292 0.264214 0.0122727 0.0108696 0.00183105
0 0.203197 0.348871 0.0337499 0.0677258 0.00182438
0 0.475287 0.427258 0.022314 0.0200669 0.00179577
56 0.469709 0.431856 0.033471 0.0217391 0.00175476
0 0.542787 0.425167 0.0290082 0.0401338 0.00174809
0 0.302633 0.26087 0.0457436 0.0158863 0.00170708
56 0.519079 0.425167 0.0435123 0.0342809 0.0017004
0 0.826732 0.43311 0.0301239 0.0501672 0.00168133
0 0.185485 0.453177 0.00892559 0.0384615 0.00167465
0 0.36316 0.402174 0.0368181 0.0568562 0.00166798
0 0.466362 0.40092 0.0423965 0.0652174 0.0016489
0 0.227602 0.427258 0.0379337 0.0928094 0.00164223
56 0.517684 0.430184 0.0423965 0.0284281 0.00163555
0 0.667188 0.425585 0.0178512 0.0401338 0.00156689
9 0.203197 0.348871 0.0337499 0.0677258 0.00155449
0 0.509316 0.415552 0.0312396 0.0493311 0.00154877
56 0.675555 0.427258 0.0357024 0.048495 0.0015192
56 0.509316 0.41806 0.0234297 0.0384615 0.00150681
0 0.28534 0.264632 0.0117148 0.0125418 0.00148964
0 0.295939 0.311873 0.0200826 0.0213211 0.00148964
0 0.497322 0.4051 0.0317974 0.0685618 0.00148392
0 0.840679 0.441053 0.0178512 0.0317726 0.00148392
56 0.667188 0.425585 0.0178512 0.0401338 0.0014782
0 0.237225 0.460284 0.0119938 0.0292642 0.00144958
6 0.52382 0.507107 0.688386 0.504181 0.00144958
0 0.296776 0.413462 0.0529957 0.0702341 0.0014267
0 0.600246 0.426003 0.0245454 0.041806 0.00142097
0 0.367623 0.452341 0.0267768 0.0785953 0.00141048
13 0.0146435 0.521739 0.0171539 0.0367893 0.00139427
56 0.519079 0.415552 0.0435123 0.035117 0.00136662
56 0.532188 0.424749 0.0301239 0.035117 0.00135612
56 0.635948 0.433528 0.033471 0.0309365 0.00134563
0 0.336662 0.427153 0.107107 0.107232 0.00129986
0 0.667745 0.419314 0.0211983 0.0618729 0.0012846
0 0.510432 0.398934 0.0290082 0.0599916 0.00127888
0 0.298449 0.314799 0.0245454 0.027592 0.00127411
0 0.488118 0.427258 0.0234296 0.0309365 0.00121593
0 0.403325 0.438127 0.0211983 0.0535117 0.00120163
0 0.525494 0.41806 0.0384916 0.0401338 0.00119209
0 0.761464 0.434365 0.0301239 0.0392976 0.00119209
0 0.244896 0.538462 0.022314 0.100334 0.00119209
0 0.308491 0.666806 0.0334709 0.126254 0.0011692
0 0.673882 0.420673 0.033471 0.0633361 0.00116062
56 0.533304 0.429766 0.0290082 0.0284281 0.0011034
0 0.338335 0.417642 0.0301239 0.0886288 0.00109863
13 0.158429 0.531355 0.0267768 0.0367893 0.00107765
0 0.467478 0.423913 0.0368181 0.027592 0.00105667
0 0.297334 0.454013 0.0412808 0.0384615 0.00104427
13 0.991856 0.54097 0.0111569 0.00919733 0.00102425
0 0.348098 0.388796 0.0189669 0.0719063 0.00101662
0 0.24378 0.504181 0.0156198 0.0342809 0.00100803
5 0.528283 0.505957 0.717394 0.501463 0.896484
0 0.362044 0.433006 0.0524378 0.0988712 0.141235
0 0.37348 0.432692 0.0278924 0.09699 0.123779
0 0.268604 0.440635 0.0440701 0.0668896 0.104126
0 0.306259 0.44398 0.036818 0.0551839 0.0263062
0 0.296776 0.441472 0.0451858 0.0610368 0.0176392
0 0.457436 0.413148 0.025661 0.0449415 0.0164032
0 0.403604 0.428094 0.0195247 0.0735786 0.0133743
0 0.375432 0.415447 0.0256611 0.062082 0.012825
0 0.253961 0.443144 0.051601 0.0652174 0.0124283
56 0.71851 0.431438 0.0379337 0.041806 0.0121918
56 0.465525 0.413462 0.0412808 0.041806 0.0100555
0 0.346982 0.432274 0.0820038 0.102843 0.00985718
0 0.26442 0.430602 0.0267768 0.0735786 0.00971222
56 0.569006 0.416806 0.0312396 0.0309364 0.00952148
0 0.720741 0.428512 0.0312396 0.0359532 0.00948334
56 0.570122 0.423913 0.0334709 0.0434783 0.00945282
0 0.798282 0.434783 0.0278925 0.041806 0.00930023
0 0.866897 0.431856 0.0200826 0.0392977 0.00926971
0 0.591878 0.424749 0.0200826 0.0384615 0.00923157
0 0.461899 0.415552 0.0340288 0.0451505 0.00891876
0 0.329131 0.436037 0.0569006 0.0785953 0.00854492
0 0.373201 0.405623 0.0211983 0.0449415 0.00828552
0 0.187856 0.458194 0.0100413 0.0317726 0.00757599
0 0.594667 0.421405 0.0133884 0.0317726 0.00743103
13 0.956153 0.544314 0.0357024 0.0100335 0.00728989
0 0.455205 0.418478 0.0189669 0.0468228 0.0069313
0 0.805534 0.433947 0.0423965 0.0501672 0.00661469
0 0.579605 0.426421 0.0457437 0.0434783 0.00638962
9 0.930492 0.475753 0.00669422 0.0167224 0.00621796
0 0.371806 0.395485 0.0178512 0.0342809 0.00595856
0 0.342519 0.431438 0.0301238 0.0852843 0.00591278
0 0.346982 0.422345 0.022314 0.0967809 0.00579834
56 0.585742 0.428512 0.0345867 0.0401338 0.00559998
0 0.243501 0.430497 0.0719625 0.0905101 0.0055542
0 0.587973 0.427258 0.0290082 0.041806 0.00547028
7 0.528841 0.505853 0.715162 0.501672 0.00547028
9 0.202499 0.332358 0.0323553 0.0334448 0.00524139
0 0.465804 0.411371 0.0423965 0.0401338 0.00521851
0 0.720741 0.418896 0.0312396 0.0501672 0.00510025
0 0.328294 0.42987 0.0741939 0.0951087 0.00502014
0 0.322158 0.442726 0.0635948 0.0643813 0.00500107
0 0.27223 0.429348 0.0373759 0.0685619 0.00486755
0 0.266094 0.420464 0.0206404 0.0604097 0.00482941
56 0.624791 0.437291 0.0312396 0.0234114 0.00471878
56 0.683923 0.423913 0.0200826 0.0284281 0.00419998
0 0.274741 0.43311 0.0502064 0.0777592 0.00415039
56 0.579047 0.431856 0.0490907 0.0326087 0.00407028
56 0.475287 0.427258 0.0217561 0.0200669 0.00403976
0 0.71851 0.418792 0.0401651 0.0570652 0.00402451
0 0.840121 0.435201 0.0178512 0.0426421 0.00397491
56 0.797724 0.436455 0.0290082 0.0426421 0.00376511
0 0.714605 0.43102 0.0345867 0.0401338 0.00374985
0 0.376548 0.392977 0.0267768 0.0635451 0.00372124
56 0.457994 0.413984 0.0284503 0.0432692 0.00370789
0 0.346703 0.412312 0.0195247 0.076714 0.00363541
0 0.0945554 0.493729 0.00516011 0.0183947 0.00353813
7 0.0146087 0.521739 0.0172236 0.0367893 0.00353813
0 0.270627 0.448161 0.0456042 0.0501672 0.00351143
56 0.569006 0.429766 0.0290082 0.0334448 0.00342941
25 0.476961 0.280936 0.0429544 0.0267558 0.00332451
0 0.36818 0.444816 0.0334709 0.0936455 0.00332451
56 0.468035 0.424331 0.0362602 0.0267559 0.00327301
0 0.507643 0.418896 0.0206404 0.0367893 0.00324821
56 0.454926 0.421405 0.0206404 0.0309365 0.00317192
56 0.509874 0.427258 0.0278924 0.0334448 0.00312424
0 0.34754 0.399247 0.0195247 0.0643813 0.00300407
9 0.0148876 0.521321 0.0168052 0.0359532 0.00299263
0 0.508479 0.426421 0.0301239 0.0334448 0.0029583
0 0.20752 0.646321 0.0264978 0.090301 0.00290108
0 0.817807 0.438127 0.0156198 0.0367893 0.00287819
0 0.705679 0.426421 0.0647105 0.0501672 0.00284576
14 0.201523 0.332149 0.0292871 0.0326087 0.00282288
0 0.452973 0.420987 0.0211983 0.0326087 0.00282288
9 0.185903 0.451505 0.0105991 0.0392977 0.00282288
56 0.685039 0.430602 0.0245453 0.0384615 0.00282288
0 0.450184 0.412207 0.022314 0.0510033 0.00271416
0 0.725762 0.42893 0.0245453 0.041806 0.00271416
0 0.311001 0.432379 0.0513221 0.0867475 0.00268364
56 0.307933 0.444816 0.0357023 0.0568562 0.0026207
0 0.468314 0.41597 0.0351445 0.0501672 0.0026207
0 0.368738 0.420987 0.0345866 0.0794315 0.00260162
0 0.35535 0.438127 0.0524378 0.0819398 0.00258064
56 0.309048 0.437291 0.0334709 0.041806 0.00257111
0 0.2723 0.417642 0.0311001 0.0643813 0.00253105
0 0.188692 0.454849 0.0128305 0.0434783 0.00253105
0 0.307933 0.257943 0.022314 0.014214 0.00239754
0 0.481982 0.414298 0.0390494 0.0468228 0.00234985
0 0.797724 0.423913 0.0267768 0.0451505 0.00234222
0 0.201662 0.647993 0.0306817 0.083612 0.00233269
0 0.595783 0.426421 0.0223139 0.0401338 0.00230598
0 0.301239 0.318353 0.0273346 0.0334448 0.00226021
0 0.82227 0.431438 0.0557849 0.0568562 0.00226021
0 0.337499 0.441054 0.0401651 0.069398 0.00223351
0 0.321321 0.422241 0.0535535 0.0710702 0.00222588
0 0.475287 0.407191 0.0524378 0.062709 0.00214958
0 0.350329 0.446488 0.0630369 0.0869565 0.00212479
0 0.253263 0.444816 0.0747518 0.0735786 0.00212479
0 0.462178 0.408131 0.0373759 0.0533027 0.0020504
0 0.508758 0.424749 0.0228718 0.0301003 0.00201988
56 0.640411 0.418896 0.0189669 0.020903 0.00198746
0 0.186322 0.454013 0.0103202 0.0401338 0.00192642
0 0.343635 0.444816 0.0490907 0.0685619 0.00191879
0 0.309048 0.437291 0.0334709 0.041806 0.00187492
0 0.20222 0.331522 0.0312396 0.0326087 0.00185299
0 0.507922 0.411789 0.0217561 0.041806 0.00185299
0 0.284224 0.424645 0.0429544 0.0637542 0.00185299
0 0.492581 0.414716 0.0234297 0.0493311 0.0018177
56 0.469709 0.431438 0.033471 0.0217391 0.00178909
0 0.533862 0.420569 0.029566 0.0451505 0.00178242
0 0.475287 0.427258 0.0217561 0.0200669 0.00176811
0 0.310722 0.628763 0.025661 0.0451505 0.00176144
0 0.489791 0.417224 0.0200826 0.0434783 0.00175476
6 0.524378 0.506689 0.68727 0.503344 0.00175476
56 0.5188 0.425167 0.0429544 0.0342809 0.0017004
0 0.826732 0.433528 0.0312395 0.0493311 0.00166798
0 0.36316 0.401756 0.0357023 0.055184 0.00165462
0 0.227602 0.427258 0.0373759 0.0928094 0.00165462
56 0.719625 0.426839 0.0334709 0.034281 0.0016489
0 0.490349 0.423913 0.0211983 0.0301003 0.00164223
0 0.66663 0.425585 0.0167355 0.0401338 0.00162315
0 0.543624 0.425585 0.0273346 0.0392977 0.00162315
56 0.509037 0.41806 0.0234297 0.0384615 0.0015974
0 0.538882 0.422241 0.0345867 0.0451505 0.0015974
0 0.466362 0.401442 0.0423965 0.0650083 0.00158501
56 0.517684 0.430184 0.0423965 0.0284281 0.00157928
0 0.287292 0.264214 0.0122727 0.0108696 0.00157356
0 0.203057 0.34908 0.0340288 0.0677258 0.00156689
56 0.66663 0.425585 0.0167355 0.0401338 0.00153065
56 0.674997 0.427258 0.0357024 0.048495 0.00153065
0 0.302354 0.26087 0.0457436 0.0158863 0.00148392
9 0.203057 0.34908 0.0340288 0.0677258 0.00145531
56 0.5188 0.414716 0.0429544 0.0334448 0.00143242
0 0.840679 0.441472 0.0178512 0.0317726 0.00142097
0 0.761464 0.433947 0.0301239 0.0384615 0.00141048
0 0.237225 0.460284 0.0119938 0.0292642 0.00139427
0 0.600246 0.426003 0.0245454 0.041806 0.00137234
0 0.296776 0.413462 0.0524378 0.0702341 0.00136662
0 0.667745 0.419837 0.0211983 0.0616639 0.00136662
56 0.635948 0.433528 0.033471 0.0309365 0.00134563
13 0.0146087 0.521739 0.0172236 0.0367893 0.00134563
56 0.532188 0.425585 0.029566 0.035117 0.00133514
0 0.497322 0.405518 0.0312395 0.0677257 0.00133038
0 0.28534 0.264841 0.0117148 0.0125418 0.00131989
0 0.29566 0.311873 0.0200826 0.020903 0.00131512
0 0.510432 0.398934 0.0278924 0.0599916 0.00128937
0 0.673882 0.420569 0.033471 0.062709 0.0012598
0 0.367065 0.453177 0.0267768 0.0785953 0.00119686
0 0.509316 0.415552 0.0312396 0.048495 0.00118828
0 0.298449 0.315008 0.0245454 0.0271739 0.00115108
13 0.158569 0.531355 0.0264978 0.0367893 0.00115108
0 0.403325 0.438545 0.0211983 0.0535117 0.00113773
0 0.245035 0.538462 0.022314 0.100334 0.0011158
0 0.348098 0.388796 0.0189669 0.0710703 0.00108624
0 0.468035 0.424331 0.0362602 0.0267559 0.00108147
0 0.524936 0.417224 0.0390494 0.0384615 0.00107765
13 0.991856 0.54097 0.0111569 0.00919733 0.00106525
0 0.488118 0.427258 0.0234296 0.0309365 0.00105667
56 0.403325 0.436873 0.0211983 0.0510033 0.00101662
13 0.942765 0.54515 0.00892563 0.00752508 0.00100803
0 0.336383 0.426003 0.108781 0.109532 0.00100803
0 0.25424 0.432274 0.0772621 0.0785953 0.00100422
5 0.527725 0.505853 0.71851 0.500836 0.896973
0 0.362044 0.433006 0.0524378 0.0988712 0.136597
0 0.37348 0.433006 0.0278924 0.097199 0.127686
0 0.268395 0.440635 0.0444885 0.0668896 0.103027
0 0.306259 0.444398 0.036818 0.0560201 0.0253754
0 0.457436 0.413043 0.025661 0.0451505 0.0165253
0 0.296497 0.441472 0.0451858 0.0610368 0.0161591
56 0.71851 0.431438 0.0379337 0.041806 0.0134811
0 0.375432 0.415656 0.0256611 0.0633361 0.012825
0 0.254379 0.443144 0.0507643 0.0652174 0.0125732
0 0.403604 0.428094 0.0195247 0.0735786 0.0124283
0 0.59132 0.425167 0.0200826 0.0392977 0.00997162
56 0.465525 0.413462 0.0412808 0.0426421 0.00989532
0 0.798282 0.434783 0.0278925 0.041806 0.00974274
56 0.569564 0.423913 0.0323553 0.0434783 0.00967407
56 0.569006 0.417224 0.0312396 0.0317726 0.00959778
0 0.720741 0.42893 0.0312396 0.0367893 0.00937653
0 0.264281 0.43102 0.0264978 0.0744147 0.00912476
0 0.461899 0.415552 0.0340288 0.0459866 0.0085144
0 0.866897 0.432274 0.0200826 0.0401338 0.00847626
13 0.956153 0.544314 0.0357024 0.0100335 0.00821686
0 0.346424 0.432274 0.0825617 0.102843 0.00818634
0 0.329689 0.435619 0.0557849 0.0785953 0.00809479
0 0.454089 0.414716 0.0211983 0.0434783 0.00800323
0 0.373201 0.407086 0.0211983 0.0470318 0.00793457
0 0.594109 0.421823 0.0133884 0.0326087 0.0078125
0 0.187856 0.457776 0.0103202 0.0317726 0.00754929
0 0.805534 0.433947 0.0435123 0.0501672 0.00714874
56 0.5757 0.424749 0.0435122 0.0451505 0.00709534
0 0.580163 0.426421 0.044628 0.0434783 0.00703812
0 0.587973 0.427258 0.0290082 0.041806 0.00616837
0 0.346703 0.422241 0.0217561 0.09699 0.00600433
56 0.585742 0.428094 0.0345867 0.0401338 0.00595856
0 0.343077 0.431334 0.0290082 0.0854933 0.00566483
0 0.371527 0.395485 0.0178512 0.0342809 0.00559998
0 0.243501 0.43102 0.0714047 0.090301 0.00536346
0 0.465804 0.411789 0.0423965 0.0409699 0.00534439
0 0.720741 0.418896 0.0323553 0.0501672 0.0053215
9 0.930492 0.475753 0.00669422 0.0167224 0.00510025
9 0.202499 0.332358 0.0323553 0.0334448 0.00498199
0 0.265955 0.420987 0.0203615 0.0610368 0.0049057
0 0.321879 0.442726 0.0635948 0.0643813 0.00479126
7 0.528841 0.505853 0.715162 0.501672 0.00471878
56 0.624791 0.437291 0.0301239 0.0234114 0.00468063
0 0.271951 0.429766 0.036818 0.0685619 0.00457382
56 0.683923 0.423913 0.0200826 0.0284281 0.00439835
0 0.328015 0.430184 0.0736361 0.0944816 0.00438309
56 0.579605 0.431438 0.047975 0.0334448 0.0041008
56 0.475287 0.427258 0.0217561 0.0200669 0.00407028
56 0.457436 0.414298 0.0278924 0.0434783 0.00405502
0 0.840121 0.431856 0.0189669 0.0518395 0.00402451
56 0.797724 0.436455 0.0278924 0.0426421 0.00388527
0 0.274741 0.43311 0.0502064 0.0777592 0.00385475
0 0.0945554 0.493311 0.00529957 0.0183947 0.00376511
0 0.714605 0.431438 0.0345867 0.0401338 0.00372124
0 0.376548 0.392977 0.0267768 0.0635451 0.00358009
7 0.0146087 0.521739 0.0170841 0.0367893 0.00352478
56 0.569006 0.429766 0.0290082 0.0334448 0.00346947
56 0.454647 0.421405 0.0211983 0.0317726 0.00342941
56 0.468035 0.424749 0.0357024 0.0267559 0.00335121
0 0.507643 0.419314 0.0206404 0.0376254 0.00331116
56 0.509874 0.427258 0.0278924 0.0334448 0.00329781
0 0.34754 0.399247 0.0195247 0.0643813 0.00319672
0 0.270836 0.448161 0.0451858 0.0501672 0.00314713
0 0.508479 0.426421 0.029566 0.0334448 0.00307465
0 0.367901 0.444816 0.0340288 0.0944816 0.00304031
0 0.452973 0.421405 0.0206404 0.0326087 0.00299263
25 0.476961 0.280936 0.0429544 0.0267558 0.00298119
0 0.706237 0.426421 0.0647105 0.0501672 0.00298119
56 0.685039 0.430602 0.0245453 0.0384615 0.00291252
9 0.0148876 0.521321 0.0168052 0.0359532 0.00290108
0 0.817807 0.441472 0.0178512 0.0334448 0.00288963
0 0.468314 0.416492 0.0351445 0.0499582 0.00288963
0 0.188692 0.454849 0.0128305 0.0434783 0.00286674
0 0.450184 0.412207 0.022314 0.0510033 0.00282288
0 0.725204 0.42893 0.0245453 0.041806 0.00277901
56 0.309048 0.437291 0.0329131 0.041806 0.00275803
56 0.307654 0.444816 0.0357023 0.0568562 0.00275803
9 0.185903 0.451505 0.0105991 0.0401338 0.00274658
14 0.201384 0.332358 0.0292871 0.0326087 0.0026722
0 0.20752 0.646321 0.0267768 0.090301 0.00257111
0 0.271603 0.41806 0.0302633 0.0643813 0.00256157
0 0.35535 0.437291 0.0513221 0.083612 0.00251198
56 0.508758 0.424749 0.022314 0.0301003 0.0024929
0 0.797724 0.423913 0.0267768 0.0451505 0.00245285
0 0.368738 0.4213 0.0345866 0.0788044 0.00244331
0 0.595783 0.426421 0.0211982 0.0401338 0.00244331
0 0.482539 0.414611 0.036818 0.0470318 0.00239754
0 0.822827 0.431438 0.0535535 0.0568562 0.00235939
0 0.310722 0.432379 0.0513221 0.0867475 0.00227928
0 0.307375 0.258152 0.0211982 0.0146321 0.00221634
0 0.201384 0.647993 0.0312395 0.083612 0.00219917
0 0.475845 0.407609 0.0502064 0.0618729 0.00217438
0 0.186322 0.454013 0.0100413 0.0401338 0.00216484
0 0.337499 0.441054 0.0401651 0.069398 0.00212479
0 0.304586 0.319398 0.0345866 0.0355351 0.00209999
56 0.640411 0.418896 0.0189669 0.020903 0.00208282
0 0.461899 0.408131 0.036818 0.0533027 0.00204277
0 0.508758 0.424749 0.022314 0.0301003 0.00204277
0 0.321321 0.422659 0.0535535 0.0710702 0.0019722
0 0.350329 0.44607 0.0624791 0.0869565 0.00192642
0 0.253124 0.444816 0.0750307 0.0735786 0.00192642
0 0.533862 0.420569 0.029566 0.0451505 0.00186062
0 0.475287 0.427258 0.0217561 0.0200669 0.00186062
0 0.489791 0.417224 0.0200826 0.0434783 0.00183868
0 0.507922 0.412625 0.0217561 0.0434783 0.00183105
0 0.20222 0.331522 0.0312396 0.0326087 0.0018177
0 0.343356 0.444816 0.0485329 0.069398 0.00179577
56 0.469988 0.431438 0.0329131 0.0217391 0.00178242
0 0.284503 0.425167 0.0429544 0.0643813 0.00176811
0 0.309048 0.437291 0.0329131 0.041806 0.0017271
56 0.518521 0.425585 0.0423965 0.0342809 0.00171375
6 0.524657 0.506689 0.687828 0.503344 0.00170708
0 0.667188 0.425585 0.0178512 0.041806 0.00169373
0 0.826732 0.433528 0.0312395 0.0493311 0.00168705
0 0.543903 0.425585 0.0267767 0.0392977 0.00168133
0 0.227602 0.427258 0.0373759 0.0928094 0.00167465
0 0.490349 0.423913 0.0211983 0.0301003 0.00164223
0 0.53944 0.422241 0.033471 0.0451505 0.00162315
56 0.465246 0.426003 0.0423965 0.0326087 0.00161648
0 0.355908 0.439695 0.0652684 0.115594 0.00161076
0 0.761464 0.433946 0.0301239 0.0401338 0.00160408
56 0.674997 0.427258 0.0345867 0.048495 0.0015974
56 0.667188 0.425585 0.0178512 0.041806 0.00158501
0 0.466362 0.401338 0.0423965 0.0652174 0.00157928
0 0.362881 0.401756 0.0357023 0.0543478 0.00157356
56 0.508758 0.41806 0.0234296 0.0384615 0.00157356
0 0.667745 0.419732 0.0211983 0.0618729 0.00155449
0 0.310164 0.628763 0.025661 0.0451505 0.00153065
0 0.203057 0.34908 0.0340288 0.0677258 0.00151253
0 0.287292 0.264005 0.0122727 0.0108696 0.00141621
0 0.299565 0.31689 0.0278924 0.0317726 0.00140476
56 0.518521 0.414716 0.0429544 0.035117 0.00139904
0 0.672766 0.420569 0.033471 0.062709 0.00139427
9 0.203057 0.34908 0.0340288 0.0677258 0.00137806
0 0.297334 0.41388 0.0524378 0.0702341 0.00137806
0 0.301796 0.26087 0.0446279 0.0158863 0.00135612
56 0.532188 0.425585 0.029566 0.035117 0.00135612
56 0.636506 0.43311 0.0323553 0.0317726 0.00135136
13 0.0146087 0.521739 0.0170841 0.0367893 0.00133514
0 0.497044 0.405518 0.0301239 0.0677257 0.00133038
0 0.237225 0.460284 0.0119938 0.0292642 0.00131989
0 0.510432 0.398829 0.0278924 0.0602007 0.00129414
13 0.992414 0.54097 0.0122726 0.00919733 0.0012846
13 0.158708 0.531355 0.0262189 0.0367893 0.00127888
0 0.840679 0.441053 0.0178512 0.0326087 0.00127411
0 0.28534 0.264841 0.0117148 0.0125418 0.00124931
0 0.403325 0.438963 0.0211983 0.0535117 0.00122547
0 0.29566 0.312082 0.0200826 0.0213211 0.0012207
0 0.509316 0.415552 0.0306817 0.0493311 0.00118828
0 0.468035 0.424749 0.0357024 0.0267559 0.0011425
0 0.348098 0.388587 0.0189669 0.0706522 0.00112438
13 0.942765 0.54515 0.00892563 0.00752508 0.0011158
0 0.367065 0.453595 0.0267768 0.0777592 0.00109482
0 0.524936 0.41806 0.0390494 0.0384615 0.00109005
0 0.487839 0.427258 0.0234297 0.0309365 0.00108147
0 0.244896 0.538462 0.022314 0.100334 0.00106049
0 0.417829 0.429766 0.0145041 0.0719063 0.00104427
56 0.403325 0.437291 0.0211983 0.0518395 0.00101662
5 0.527725 0.503762 0.711815 0.501672 0.893066
0 0.362044 0.433528 0.05188 0.0994983 0.130737
0 0.373759 0.43311 0.0278924 0.09699 0.125122
0 0.268395 0.440635 0.0444885 0.0668896 0.102295
0 0.30598 0.44398 0.036818 0.0551839 0.0243378
0 0.457436 0.413043 0.025661 0.0451505 0.0170441
0 0.295102 0.441472 0.0457436 0.0602007 0.0162201
0 0.354792 0.428094 0.0446279 0.100334 0.0145569
56 0.71851 0.431438 0.0379337 0.041806 0.0125732
0 0.375432 0.415134 0.0256611 0.0618729 0.0123825
0 0.255216 0.443562 0.0485329 0.0643813 0.0115967
13 0.956153 0.544314 0.0357024 0.0100335 0.011116
56 0.465525 0.413462 0.0412808 0.0426421 0.0107346
0 0.59132 0.425167 0.0211983 0.0392977 0.0105286
56 0.569006 0.417224 0.0301239 0.0317726 0.0102081
0 0.403604 0.428512 0.0195247 0.0735786 0.0100937
56 0.569564 0.423913 0.0323553 0.0434783 0.00948334
0 0.26442 0.43102 0.0262189 0.0735786 0.00874329
0 0.798282 0.434783 0.0278925 0.041806 0.00841522
0 0.594109 0.422241 0.0133884 0.0334448 0.0078125
0 0.187995 0.457776 0.0100413 0.0326087 0.0078125
0 0.45381 0.414716 0.0206404 0.0434783 0.00775528
0 0.373201 0.405518 0.0211983 0.0434783 0.00769424
0 0.461899 0.415552 0.0340288 0.0459866 0.00740433
56 0.5757 0.424749 0.0446279 0.0451505 0.00737381
0 0.346703 0.422241 0.0217561 0.0978261 0.0069046
0 0.581279 0.426421 0.0423965 0.0434783 0.0068512
0 0.328015 0.435619 0.059132 0.0802676 0.00674438
0 0.806092 0.433947 0.0446279 0.0501672 0.00658798
9 0.202499 0.332149 0.0323553 0.0334448 0.00616837
0 0.720183 0.42893 0.0323552 0.0367893 0.00595856
56 0.585742 0.428094 0.033471 0.0401338 0.00595856
0 0.341961 0.43217 0.0914872 0.103888 0.00595856
0 0.587973 0.427258 0.0312396 0.041806 0.00584412
0 0.371806 0.395903 0.0172933 0.0334448 0.00572968
0 0.344193 0.430602 0.0278924 0.0869565 0.0051384
56 0.457436 0.414298 0.0278924 0.0434783 0.00510025
9 0.930492 0.475753 0.00669422 0.0167224 0.00502014
0 0.272509 0.429766 0.0379337 0.0677258 0.00479126
0 0.866897 0.432274 0.0200826 0.0401338 0.00475693
0 0.266094 0.420987 0.0200826 0.0602007 0.00460815
7 0.529399 0.505957 0.712931 0.501463 0.00457382
56 0.624791 0.437291 0.0301239 0.0234114 0.00450516
0 0.465804 0.411789 0.0423965 0.0409699 0.00439835
0 0.720741 0.418896 0.0323553 0.0501672 0.00438309
0 0.243362 0.431856 0.0716836 0.0886288 0.00436401
56 0.454647 0.422241 0.0200826 0.0301003 0.0041008
0 0.274392 0.433946 0.0492302 0.0752508 0.00407028
0 0.321879 0.442726 0.0635948 0.0643813 0.00405502
56 0.579605 0.431438 0.047975 0.0334448 0.0039444
56 0.468035 0.424749 0.0357024 0.0259198 0.00388527
0 0.34754 0.399247 0.0195247 0.0618729 0.00387001
56 0.475287 0.427258 0.0217561 0.0200669 0.00382423
0 0.840121 0.431856 0.0189669 0.0518395 0.00369263
0 0.37599 0.394649 0.0267768 0.0602006 0.00367928
56 0.683923 0.423913 0.0211982 0.0284281 0.00366402
9 0.014905 0.521321 0.0167703 0.0359532 0.00345612
56 0.569006 0.429348 0.0290082 0.035117 0.00340271
0 0.20752 0.645903 0.0267768 0.090301 0.00333786
0 0.507643 0.418896 0.0211982 0.0376254 0.00317192
0 0.712931 0.43102 0.0502064 0.0426422 0.00317192
7 0.0146435 0.521739 0.0170144 0.0367893 0.00317192
56 0.797724 0.436455 0.0290082 0.041806 0.00305176
56 0.509874 0.427258 0.0278924 0.0334448 0.00300407
0 0.815575 0.436873 0.0178512 0.0401338 0.00300407
0 0.481424 0.413984 0.0390494 0.048286 0.00291252
9 0.185764 0.451505 0.0100413 0.0384615 0.00288963
0 0.270836 0.448579 0.0451858 0.0493311 0.00282288
0 0.094416 0.493729 0.00502064 0.0192308 0.00279999
0 0.201523 0.647575 0.0315185 0.0844481 0.00279999
0 0.508479 0.426421 0.029566 0.0334448 0.00277901
0 0.449626 0.412207 0.0211983 0.0510033 0.0027256
56 0.309048 0.435619 0.0334709 0.0384615 0.00263214
0 0.452973 0.422241 0.0200826 0.0309365 0.00257111
56 0.685039 0.430184 0.0245453 0.0392977 0.00253105
0 0.705121 0.426421 0.0669419 0.0493311 0.00250244
56 0.307654 0.444816 0.0357023 0.0568562 0.00248146
25 0.476961 0.280936 0.0429544 0.0267558 0.00245285
56 0.508758 0.424749 0.022314 0.0301003 0.00243378
0 0.817807 0.442308 0.0200826 0.0317726 0.00242424
0 0.188692 0.455686 0.0125516 0.0434783 0.0024147
0 0.271951 0.41806 0.0306817 0.062709 0.00239754
0 0.475287 0.407295 0.0513221 0.0633361 0.00233269
0 0.368459 0.44398 0.0323553 0.0953177 0.00230598
0 0.81948 0.431438 0.0658262 0.0568562 0.00226974
0 0.595783 0.426421 0.0211982 0.0409699 0.00225258
0 0.36818 0.421823 0.0351445 0.0802675 0.00213242
0 0.797724 0.423495 0.0267768 0.0434783 0.00212479
9 0.203057 0.349498 0.0340288 0.069398 0.00208282
0 0.725204 0.42893 0.0245453 0.0426421 0.00205803
56 0.640411 0.418896 0.0189669 0.020903 0.00203514
0 0.186322 0.454013 0.0100413 0.0401338 0.00194931
13 0.992414 0.54097 0.0122726 0.00919733 0.00191212
0 0.507922 0.411789 0.0217561 0.0409699 0.00188923
0 0.356187 0.439381 0.0641527 0.115385 0.00187492
14 0.201384 0.332358 0.0292871 0.0326087 0.00186729
0 0.534419 0.420569 0.0312396 0.0451505 0.00185299
0 0.337499 0.441053 0.0412808 0.0702341 0.00183868
0 0.306817 0.257943 0.0195247 0.014214 0.00176144
0 0.489791 0.416388 0.0200826 0.0434783 0.0017271
0 0.492581 0.41388 0.0234297 0.0510033 0.00170708
0 0.508758 0.424749 0.022314 0.0301003 0.00168133
0 0.283108 0.425585 0.0423965 0.0635451 0.0016613
0 0.417829 0.429766 0.0133884 0.0719063 0.0016613
0 0.475287 0.427258 0.0217561 0.0200669 0.00164223
0 0.3216 0.422972 0.0552271 0.0670986 0.00163555
0 0.544182 0.425585 0.0262189 0.0392977 0.00163555
0 0.667745 0.419837 0.0211983 0.0616639 0.00161076
56 0.676113 0.427258 0.0357024 0.048495 0.00161076
0 0.466362 0.401442 0.0423965 0.0650083 0.00160408
0 0.350329 0.44607 0.0624791 0.0894649 0.00159168
0 0.761464 0.433946 0.0301239 0.0401338 0.00157928
0 0.343635 0.445234 0.0490907 0.0702341 0.00157928
0 0.830079 0.432692 0.0390494 0.0518395 0.00156116
0 0.252566 0.444816 0.0750307 0.0752508 0.00154305
0 0.310443 0.628763 0.025661 0.0451505 0.00153637
0 0.36316 0.401756 0.0345866 0.0526756 0.0015192
6 0.529399 0.505957 0.712931 0.501463 0.0015192
56 0.517684 0.424749 0.0412808 0.035117 0.00148964
0 0.508758 0.415447 0.0312396 0.048704 0.00147247
0 0.226905 0.427676 0.0382127 0.0919733 0.00146675
0 0.311838 0.43102 0.0602477 0.0894649 0.00146675
0 0.510153 0.398829 0.0278924 0.0593645 0.00145531
56 0.66663 0.427258 0.0189669 0.048495 0.00144958
56 0.469709 0.431438 0.033471 0.0217391 0.00143814
56 0.508758 0.41806 0.0234296 0.0384615 0.00143242
0 0.66663 0.425585 0.0167355 0.041806 0.00143242
0 0.497601 0.405518 0.0323553 0.0677257 0.0014267
56 0.517126 0.430184 0.0412808 0.0284281 0.00139904
0 0.309048 0.435619 0.0334709 0.0384615 0.00138855
0 0.673324 0.420987 0.033471 0.0618729 0.00138283
0 0.600246 0.426003 0.0245454 0.041806 0.00137234
56 0.465246 0.426421 0.0418387 0.0317726 0.00135612
56 0.635948 0.433528 0.033471 0.0309365 0.00134563
13 0.943323 0.54515 0.0100413 0.00836121 0.00134563
56 0.518242 0.413462 0.0418387 0.0317726 0.00131512
0 0.301239 0.318562 0.0273346 0.0334448 0.00124454
0 0.403325 0.437291 0.0211983 0.0535117 0.00121593
0 0.488676 0.423077 0.0217561 0.0317726 0.00121593
56 0.532188 0.425585 0.0306817 0.035117 0.00119686
13 0.0146435 0.521739 0.0170144 0.0367893 0.00115585
0 0.237365 0.460284 0.0117148 0.0292642 0.00114727
56 0.757559 0.438127 0.0245454 0.0234114 0.00113392
0 0.297334 0.413984 0.0535535 0.0700251 0.0011034
0 0.28534 0.264841 0.0117148 0.0125418 0.00109863
0 0.468035 0.424749 0.0357024 0.0259198 0.00105286
0 0.287292 0.264005 0.0122727 0.0108696 0.00104809
0 0.301517 0.26087 0.0429544 0.0158863 0.00104809
56 0.403325 0.437291 0.0211983 0.0501672 0.00104809
0 0.540277 0.421405 0.0317974 0.0434783 0.00104046
13 0.993529 0.538462 0.0122726 0.0150502 0.00102425
0 0.295939 0.311873 0.0200826 0.020903 0.00100803
5 0.52661 0.503344 0.711815 0.5 0.895508
0 0.362044 0.433528 0.0513221 0.0994983 0.113159
0 0.373759 0.43311 0.0273346 0.09699 0.110107
0 0.268395 0.440635 0.0444885 0.0668896 0.0923462
0 0.350887 0.432274 0.0758675 0.0994983 0.0214844
0 0.305701 0.44398 0.036818 0.0551839 0.0210419
0 0.457994 0.412939 0.0267767 0.0453595 0.0162811
0 0.294544 0.442308 0.0457436 0.0602007 0.0157166
0 0.354234 0.427989 0.0423965 0.100543 0.0125275
13 0.956153 0.544314 0.0357024 0.0100335 0.0103683
0 0.375432 0.414716 0.0256611 0.0610368 0.0100937
56 0.465525 0.413462 0.0412808 0.0426421 0.00985718
0 0.255495 0.44398 0.0474172 0.0635452 0.00974274
56 0.71851 0.431438 0.0379337 0.041806 0.00959778
0 0.59132 0.424749 0.022314 0.0384615 0.00952148
56 0.569006 0.417224 0.0301239 0.0317726 0.00901794
0 0.403883 0.42893 0.0189669 0.0735786 0.00815582
56 0.569564 0.423913 0.0323553 0.0434783 0.00812531
0 0.26456 0.43102 0.02594 0.0735786 0.00751877
0 0.188135 0.458194 0.0103202 0.0317726 0.00709534
0 0.594109 0.421823 0.0133884 0.0326087 0.00706482
0 0.45381 0.414716 0.0206404 0.0434783 0.0069046
0 0.798282 0.434783 0.0278925 0.041806 0.0069046
0 0.461899 0.415552 0.0340288 0.0459866 0.00669098
0 0.372922 0.403846 0.0200826 0.0401338 0.00653839
56 0.5757 0.424749 0.0435122 0.0451505 0.00643921
0 0.346982 0.422241 0.0211982 0.0986622 0.00624084
0 0.581279 0.426839 0.0423965 0.0434783 0.00577545
0 0.80665 0.433947 0.044628 0.0501672 0.00577545
0 0.3269 0.435619 0.0619212 0.0802676 0.00551224
9 0.202499 0.332149 0.0323553 0.0334448 0.00534439
56 0.458552 0.413775 0.029566 0.0436873 0.00510025
0 0.371527 0.396321 0.0167355 0.0326087 0.00503922
0 0.587415 0.427258 0.0312396 0.041806 0.0049057
56 0.585742 0.428094 0.033471 0.0401338 0.00484848
0 0.273067 0.430184 0.0384916 0.0677258 0.00443268
56 0.624791 0.437291 0.0290082 0.0234114 0.0042305
9 0.930492 0.475753 0.00669422 0.0167224 0.00419998
0 0.266094 0.420987 0.0200826 0.0593645 0.00403976
7 0.529399 0.505853 0.7107 0.501672 0.00403976
0 0.334709 0.430602 0.0892559 0.0953177 0.00400543
56 0.454647 0.422241 0.0200826 0.0292642 0.0039444
0 0.719625 0.42893 0.0334709 0.0367893 0.00388527
56 0.467756 0.423495 0.0362602 0.027592 0.00380898
0 0.720741 0.418478 0.0323553 0.0493311 0.00372124
0 0.465804 0.411789 0.0423965 0.0409699 0.00366402
0 0.342798 0.431856 0.0317974 0.0869565 0.00363541
0 0.34754 0.399247 0.0189669 0.0610368 0.0036068
0 0.321879 0.443144 0.0635948 0.0635452 0.00340271
56 0.579047 0.430602 0.0490907 0.035117 0.00335121
0 0.840121 0.431856 0.0189669 0.0518395 0.00324821
0 0.243501 0.43311 0.0714047 0.0861204 0.00318527
0 0.37599 0.396739 0.0256611 0.0560201 0.00316048
0 0.481982 0.413462 0.0379337 0.0476589 0.00314713
56 0.475287 0.427258 0.0217561 0.0200669 0.00311089
9 0.0149399 0.521321 0.0168401 0.0359532 0.0030632
0 0.813344 0.436037 0.022314 0.0426421 0.00298119
0 0.507364 0.418896 0.0206404 0.0367893 0.0029583
56 0.569006 0.42893 0.0290082 0.0367893 0.0029583
0 0.717952 0.419314 0.0401651 0.0576923 0.00292397
0 0.866897 0.432274 0.0200826 0.0401338 0.00286674
0 0.709026 0.43102 0.0580163 0.0426422 0.00275803
56 0.683923 0.423913 0.0211982 0.0284281 0.00269318
0 0.508201 0.426421 0.0290082 0.0334448 0.00268364
0 0.208915 0.645485 0.0267768 0.0936455 0.00256157
0 0.447395 0.412939 0.0178512 0.048704 0.00255013
25 0.476961 0.280727 0.0435122 0.0271739 0.00252151
0 0.271184 0.448997 0.0456042 0.0476589 0.00245285
56 0.509874 0.427258 0.0278924 0.0317726 0.002388
13 0.992414 0.54097 0.0122726 0.00919733 0.00234222
7 0.0146784 0.521739 0.0170841 0.0367893 0.00231361
0 0.475008 0.407609 0.05188 0.0618729 0.00228691
56 0.308769 0.434783 0.0329131 0.0376254 0.00226974
0 0.0944857 0.493729 0.00502064 0.0192308 0.00226021
0 0.452973 0.422241 0.0200826 0.0301003 0.00222588
56 0.45381 0.414716 0.0206404 0.0434783 0.00219917
9 0.203057 0.349916 0.0340288 0.069398 0.00217438
0 0.27223 0.41806 0.0312396 0.0618729 0.00212479
9 0.185624 0.451505 0.0100413 0.0384615 0.00212479
0 0.817249 0.442726 0.0200826 0.0317726 0.00209999
0 0.704006 0.426421 0.0669419 0.0493311 0.00206757
56 0.684481 0.429766 0.0245453 0.0401338 0.00205803
56 0.308491 0.444816 0.0357023 0.0576923 0.0020504
56 0.797724 0.436873 0.0290082 0.041806 0.0020504
0 0.818922 0.431438 0.0680576 0.0576923 0.00201035
0 0.418387 0.430184 0.0133884 0.0727425 0.00201035
56 0.508479 0.424749 0.022314 0.0284281 0.00200272
0 0.200686 0.647993 0.033192 0.083612 0.00195694
0 0.595783 0.426421 0.0223139 0.0409699 0.00189686
0 0.507922 0.411371 0.0217561 0.0384615 0.0018177
0 0.797724 0.423077 0.0267768 0.0426421 0.00178242
56 0.640411 0.418896 0.0178512 0.020903 0.00178242
0 0.534141 0.420569 0.0312396 0.0451505 0.00176811
0 0.188832 0.455686 0.0122727 0.0434783 0.00175476
0 0.368738 0.44398 0.0323553 0.09699 0.00175476
0 0.508479 0.415552 0.0306817 0.048495 0.00175476
0 0.667745 0.42015 0.0211983 0.0610368 0.00174141
0 0.306817 0.257943 0.0189669 0.014214 0.00170708
0 0.402209 0.41806 0.0211983 0.0610368 0.00168705
0 0.544461 0.425585 0.025661 0.0401338 0.00166798
0 0.369017 0.422241 0.0329131 0.0802675 0.0016489
0 0.489791 0.416388 0.0200826 0.0451505 0.00162315
6 0.529399 0.505853 0.7107 0.501672 0.0015974
0 0.493139 0.413043 0.0245454 0.0526756 0.00157928
0 0.725204 0.42893 0.0245453 0.0426421 0.00156116
0 0.337499 0.441053 0.0412808 0.0702341 0.00156116
0 0.475287 0.427258 0.0217561 0.0200669 0.00150681
0 0.510153 0.398829 0.0284503 0.0593645 0.00148964
0 0.466083 0.401756 0.0423965 0.0643813 0.00144386
0 0.282551 0.426003 0.0390494 0.062709 0.00144386
0 0.673324 0.420987 0.033471 0.0618729 0.00143814
0 0.508479 0.424749 0.022314 0.0284281 0.00143814
0 0.830079 0.432274 0.0423965 0.0535117 0.00142097
0 0.186322 0.454849 0.0100413 0.0392977 0.00141621
0 0.498159 0.405414 0.033471 0.0670987 0.00139904
56 0.676113 0.426421 0.0357024 0.048495 0.00137806
0 0.761464 0.433528 0.0301239 0.0401338 0.00137234
0 0.310443 0.628763 0.025661 0.0451505 0.00135612
0 0.343635 0.445652 0.0490907 0.0702341 0.00135136
14 0.201384 0.332358 0.0292871 0.0330267 0.00133514
0 0.364275 0.401756 0.0323553 0.0510033 0.00131989
0 0.667188 0.425585 0.0178512 0.041806 0.00130939
0 0.35005 0.445652 0.063037 0.0919732 0.00127888
0 0.321879 0.423495 0.0557849 0.0652174 0.0012598
13 0.956711 0.542642 0.0412808 0.0117057 0.00123501
0 0.601361 0.425585 0.0267768 0.041806 0.00120163
56 0.66663 0.426839 0.0189669 0.048495 0.00120163
56 0.635948 0.433528 0.033471 0.0309365 0.00119686
13 0.943881 0.54515 0.011157 0.00836121 0.0011692
56 0.508758 0.417224 0.0234296 0.0367893 0.00116062
56 0.517684 0.423913 0.0412808 0.0367893 0.00116062
0 0.226487 0.428198 0.0390494 0.0917642 0.00113773
0 0.348098 0.389423 0.018409 0.0681438 0.00111198
56 0.469709 0.431438 0.033471 0.0217391 0.00110722
0 0.308769 0.434783 0.0329131 0.0376254 0.00109863
56 0.518242 0.412207 0.0412808 0.0292642 0.00109482
0 0.252148 0.445234 0.0758675 0.076087 0.00108624
0 0.285619 0.264841 0.0122727 0.0125418 0.00108147
2 0.465525 0.413462 0.0412808 0.0426421 0.00105667
56 0.517126 0.429766 0.0412808 0.0284281 0.00105667
56 0.757559 0.438127 0.0245454 0.0234114 0.00105286
0 0.237365 0.459866 0.0117148 0.0301003 0.00105286
0 0.467756 0.423495 0.0362602 0.027592 0.00103664
0 0.488676 0.422241 0.0211983 0.0326087 0.00103664
13 0.0146784 0.521739 0.0170841 0.0367893 0.00103188
0 0.539998 0.421405 0.0323553 0.0434783 0.00102425
0 0.301517 0.26087 0.0429544 0.0158863 0.00101662
0 0.802187 0.437291 0.0368181 0.041806 0.00101185
5 0.526052 0.502926 0.712931 0.5 0.877441
0 0.362044 0.434051 0.0513221 0.100125 0.0994873
0 0.373759 0.43311 0.0273346 0.09699 0.0927124
0 0.268953 0.440635 0.0444885 0.0677258 0.0813599
0 0.262189 0.438127 0.0396073 0.0719063 0.0200653
0 0.349214 0.43102 0.0780989 0.0994983 0.0175781
0 0.305701 0.44398 0.0373759 0.0551839 0.0173798
0 0.458273 0.412939 0.0273346 0.0453595 0.0137405
0 0.29315 0.442308 0.047975 0.0602007 0.0132751
0 0.353397 0.427153 0.040723 0.102216 0.0116425
13 0.956153 0.544314 0.0357024 0.0100335 0.00901794
56 0.465525 0.413462 0.0412808 0.0434783 0.00837708
0 0.590762 0.424749 0.022314 0.0384615 0.00775528
0 0.375432 0.416492 0.0251032 0.0633361 0.00754929
56 0.569006 0.416806 0.0301239 0.0309364 0.00737381
0 0.255495 0.443562 0.0468593 0.0643813 0.00723267
56 0.71851 0.431438 0.0379337 0.041806 0.00706482
56 0.569564 0.423913 0.0323553 0.0434783 0.0068779
0 0.262468 0.435619 0.0563428 0.0735786 0.00666809
0 0.264699 0.431438 0.0262189 0.0735786 0.00641251
0 0.346982 0.422345 0.0211982 0.100125 0.00614548
0 0.594109 0.421823 0.0133884 0.0326087 0.00600433
0 0.403883 0.429766 0.0189669 0.0735786 0.00593567
0 0.188274 0.458194 0.0103202 0.0317726 0.00570679
56 0.5757 0.424749 0.0435122 0.0451505 0.00568771
0 0.798282 0.434783 0.0278925 0.041806 0.00553513
0 0.45381 0.414716 0.0206404 0.0434783 0.00540543
0 0.372922 0.404682 0.0200826 0.041806 0.00500107
0 0.80665 0.433528 0.044628 0.0510033 0.00494385
0 0.465804 0.414298 0.0412808 0.0459866 0.00453949
0 0.326342 0.435619 0.0635948 0.0802676 0.00452042
0 0.581279 0.426839 0.0412808 0.0434783 0.00439835
9 0.20236 0.332358 0.0323552 0.0334448 0.00436401
0 0.273346 0.430602 0.0390495 0.0685619 0.00405502
0 0.371527 0.396321 0.0167355 0.0326087 0.00397491
56 0.585742 0.428094 0.033471 0.0409699 0.00382423
9 0.930492 0.475753 0.00669422 0.0167224 0.00358009
0 0.34754 0.399666 0.0189669 0.0618729 0.00351143
56 0.454647 0.422659 0.0200826 0.0292642 0.00351143
56 0.46692 0.422241 0.0379337 0.0301003 0.00349617
0 0.266094 0.421405 0.0200826 0.0602007 0.00345612
56 0.624791 0.437291 0.0290082 0.0234114 0.00340271
0 0.343356 0.43102 0.0312396 0.0886288 0.00322342
0 0.720741 0.418478 0.0334709 0.0493311 0.00313568
0 0.480866 0.413043 0.0401651 0.048495 0.00296974
0 0.840121 0.431438 0.0178512 0.0518395 0.00293541
0 0.811113 0.435619 0.0278925 0.0434783 0.00288963
56 0.579047 0.429766 0.0490907 0.0367893 0.00286674
0 0.321879 0.443144 0.0635948 0.0635452 0.00284576
0 0.719625 0.429766 0.0334709 0.0367893 0.00255013
9 0.0149573 0.521321 0.0170144 0.0359532 0.00251198
13 0.992971 0.54097 0.0133883 0.00919733 0.00247192
0 0.823385 0.134824 0.21533 0.257107 0.00247192
56 0.47473 0.427258 0.022314 0.0200669 0.00243378
0 0.374317 0.39005 0.022314 0.0610368 0.0024147
25 0.476961 0.280518 0.0435122 0.0267558 0.00239754
0 0.507364 0.418478 0.0206404 0.0376254 0.002388
0 0.508201 0.426421 0.029566 0.0334448 0.00237846
0 0.37599 0.397889 0.0256611 0.0537207 0.00234985
0 0.447395 0.413043 0.0178512 0.0493311 0.00227928
0 0.705679 0.43102 0.0647105 0.0434783 0.00226021
0 0.243222 0.433528 0.0714047 0.0852843 0.00223351
0 0.47473 0.407086 0.0524378 0.0620819 0.00217438
0 0.271184 0.448997 0.0456042 0.0476589 0.00213242
0 0.461341 0.408027 0.0362602 0.0526756 0.00204277
0 0.418387 0.430184 0.0133884 0.0735786 0.00201988
56 0.308769 0.434783 0.0329131 0.0367893 0.00198746
9 0.203057 0.350334 0.0340288 0.0702341 0.00191879
7 0.524378 0.506271 0.705121 0.507525 0.00191879
56 0.683923 0.423913 0.0211982 0.0284281 0.00186729
56 0.509874 0.427258 0.0278924 0.0317726 0.00186729
0 0.816691 0.442726 0.0211983 0.0317726 0.0018177
56 0.308491 0.444816 0.0357023 0.0568562 0.00181007
56 0.45381 0.414716 0.0206404 0.0434783 0.00177479
7 0.0147481 0.521739 0.0172236 0.0367893 0.00177479
0 0.272161 0.41806 0.031379 0.0618729 0.00176811
0 0.452973 0.422241 0.0200826 0.0301003 0.00176144
0 0.208915 0.645485 0.0267768 0.0936455 0.00171375
0 0.818365 0.431438 0.0691733 0.0585284 0.0017004
0 0.668303 0.42015 0.022314 0.0618729 0.00167465
0 0.878055 0.161371 0.232065 0.310201 0.00165462
0 0.536093 0.423913 0.0312396 0.041806 0.0016489
0 0.0944857 0.493729 0.00502064 0.0192308 0.0016489
0 0.866897 0.432274 0.0200826 0.0401338 0.00162888
56 0.508479 0.424749 0.022314 0.0284281 0.00162315
56 0.684481 0.429766 0.0245453 0.0401338 0.00160408
0 0.543903 0.425167 0.0267767 0.0401338 0.00157928
0 0.507643 0.411371 0.0223139 0.0392977 0.00154305
13 0.956711 0.542642 0.0412808 0.0117057 0.00150108
56 0.798282 0.437291 0.0290082 0.041806 0.00148964
0 0.507643 0.415134 0.0345867 0.0493311 0.00148964
0 0.306538 0.258361 0.0189669 0.014214 0.0014782
0 0.797724 0.423077 0.0267768 0.041806 0.00147247
0 0.489234 0.41597 0.0211983 0.0459866 0.00146675
0 0.595783 0.426421 0.0223139 0.0409699 0.00144386
9 0.185764 0.451505 0.0100413 0.0384615 0.00142097
0 0.510432 0.398725 0.0290082 0.0587375 0.00141621
0 0.402209 0.416283 0.0211983 0.0570652 0.00140476
0 0.494254 0.411267 0.0267767 0.055393 0.00139904
56 0.640411 0.418896 0.0178512 0.020903 0.00138283
0 0.673882 0.420987 0.033471 0.0618729 0.00135136
0 0.368459 0.443562 0.0317974 0.0986622 0.00135136
0 0.337499 0.441053 0.0412808 0.0702341 0.00134087
0 0.498438 0.405414 0.0340288 0.0670987 0.00133038
0 0.466083 0.401756 0.0423965 0.0643813 0.00128937
56 0.458273 0.412939 0.0273346 0.0453595 0.0012846
0 0.830079 0.431438 0.044628 0.0535117 0.00124931
0 0.47473 0.427258 0.022314 0.0200669 0.00123978
0 0.343635 0.445652 0.0490907 0.0719064 0.00122547
0 0.282551 0.426003 0.0373759 0.062709 0.00121593
0 0.36818 0.423495 0.0351445 0.0827759 0.00121117
0 0.725204 0.42893 0.0245453 0.0434783 0.00120163
0 0.761464 0.43311 0.0301239 0.0401338 0.00119686
0 0.329131 0.432274 0.11938 0.103679 0.00117874
0 0.188692 0.455686 0.0125516 0.0434783 0.00117397
7 0.0301239 0.444084 0.0362602 0.20046 0.00116062
56 0.676113 0.426421 0.0379337 0.0501672 0.00115585
0 0.200268 0.648411 0.0345866 0.0827759 0.00115108
6 0.524378 0.506271 0.705121 0.507525 0.00115108
0 0.508479 0.424749 0.022314 0.0284281 0.00112438
0 0.66663 0.425585 0.0178512 0.0434783 0.00111198
0 0.35005 0.445652 0.0635948 0.0936455 0.0011034
0 0.749749 0.13148 0.209751 0.250418 0.00109863
20 0.540277 0.505435 0.711258 0.512542 0.00109482
2 0.465525 0.413462 0.0412808 0.0434783 0.00109005
13 0.943881 0.54515 0.011157 0.00836121 0.00106525
0 0.36316 0.402174 0.0345866 0.0526756 0.00104046
0 0.348098 0.389632 0.018409 0.0677258 0.00101185
0 0.310443 0.628763 0.0262189 0.0451505 0.00100803
5 0.539719 0.501672 0.714605 0.501672 0.863281
0 0.362044 0.433528 0.0513221 0.100334 0.0987549
0 0.374317 0.432692 0.0278924 0.0944816 0.0869141
0 0.268883 0.440635 0.0440701 0.0677258 0.0761108
0 0.262189 0.438127 0.0396073 0.0719063 0.0172424
0 0.346703 0.43102 0.0825617 0.0994983 0.0159607
0 0.305701 0.44398 0.0373759 0.0551839 0.0150757
0 0.458552 0.412939 0.0278924 0.0453595 0.0119629
0 0.353118 0.427362 0.0401651 0.10347 0.0119629
0 0.292313 0.44189 0.0496486 0.0602007 0.0106125
56 0.465804 0.413462 0.0412808 0.0434783 0.00787354
13 0.956711 0.544314 0.036818 0.0100335 0.00784302
56 0.569006 0.416388 0.0301239 0.0301003 0.00679779
0 0.590204 0.424749 0.022314 0.0384615 0.00674438
56 0.569564 0.423913 0.0323553 0.0434783 0.00656509
0 0.375432 0.417329 0.0251032 0.0650084 0.00634003
56 0.71851 0.431438 0.0379337 0.041806 0.00629044
0 0.255495 0.44398 0.0463015 0.0652174 0.006073
0 0.346982 0.422241 0.0211982 0.101171 0.00600433
0 0.264699 0.431438 0.0267768 0.0735786 0.00568771
56 0.5757 0.423913 0.0435122 0.0451505 0.0055542
0 0.594109 0.421405 0.0133884 0.0317726 0.00526047
0 0.798282 0.434783 0.0278925 0.041806 0.00510025
0 0.404162 0.429766 0.018409 0.0735786 0.00508118
0 0.188414 0.458194 0.0103202 0.0309365 0.00469971
0 0.80665 0.433528 0.044628 0.0510033 0.00457382
0 0.454089 0.414716 0.0211983 0.0434783 0.00453949
0 0.325784 0.435201 0.0647105 0.0811037 0.00436401
0 0.824501 0.134615 0.211983 0.258361 0.00426483
0 0.373201 0.405936 0.0200826 0.0443144 0.00416565
0 0.465804 0.414298 0.0412808 0.0459866 0.00407028
0 0.273625 0.430602 0.0390494 0.0685619 0.00382423
9 0.202499 0.332358 0.0323553 0.0334448 0.00376511
0 0.581279 0.426839 0.0423965 0.0434783 0.00358009
0 0.262468 0.434783 0.0574584 0.0752508 0.00351143
56 0.585742 0.428094 0.0345867 0.0401338 0.00348282
56 0.466641 0.420569 0.0390494 0.0334448 0.00344276
0 0.371527 0.396739 0.0167355 0.0326087 0.00336266
0 0.34754 0.399666 0.0189669 0.0635452 0.00332451
56 0.624791 0.437291 0.0290082 0.0234114 0.00331116
56 0.454647 0.422241 0.0200826 0.0301003 0.00329781
0 0.343356 0.430602 0.0312396 0.0894649 0.00318527
0 0.266094 0.421823 0.0200826 0.0602007 0.00316048
0 0.720741 0.418478 0.0323553 0.0493311 0.00301552
9 0.930492 0.476171 0.00669422 0.0158863 0.00300407
0 0.840679 0.431438 0.0189669 0.0518395 0.00287819
0 0.809997 0.435201 0.0290082 0.0443144 0.00283432
56 0.579047 0.429766 0.0490907 0.0367893 0.00273705
0 0.878055 0.160535 0.232065 0.309783 0.00273705
0 0.480866 0.412625 0.0412808 0.0493311 0.00265312
0 0.306817 0.449833 0.0323552 0.0451505 0.0024929
0 0.717952 0.419314 0.0401651 0.0576923 0.00234985
13 0.992971 0.54097 0.0122727 0.00919733 0.00231361
25 0.476961 0.280518 0.0435122 0.0267558 0.00224304
56 0.474451 0.427258 0.0234296 0.0200669 0.00218201
0 0.508201 0.426421 0.0301239 0.0334448 0.00218201
0 0.719625 0.429766 0.0334709 0.0367893 0.00215721
0 0.374317 0.39005 0.022314 0.0618729 0.00214005
0 0.474451 0.407191 0.0524378 0.062709 0.00209999
0 0.447395 0.413043 0.0178512 0.0493311 0.00205803
0 0.271115 0.448997 0.0457436 0.048495 0.00201988
0 0.749749 0.13148 0.205289 0.251254 0.00201988
0 0.461341 0.408027 0.036818 0.0526756 0.00201035
9 0.0150271 0.521321 0.0170841 0.0359532 0.00200272
0 0.418666 0.430184 0.0133883 0.0744147 0.00200272
0 0.507364 0.41806 0.0206404 0.0376254 0.00197983
0 0.704563 0.43102 0.0669419 0.0434783 0.00196457
56 0.309048 0.434783 0.0323552 0.0376254 0.00189686
56 0.308491 0.444816 0.0351445 0.0568562 0.00188255
0 0.243083 0.433006 0.0716836 0.0854933 0.00186729
0 0.37599 0.397993 0.0256611 0.0535117 0.0018034
7 0.0148179 0.521739 0.0172933 0.0367893 0.00174141
9 0.203057 0.350334 0.0340288 0.0706522 0.00173378
56 0.683923 0.423913 0.0211982 0.0284281 0.00168705
0 0.816691 0.442726 0.022314 0.0317726 0.00168705
0 0.722415 0.426421 0.0290082 0.0334448 0.00167465
56 0.509874 0.427258 0.0278924 0.0317726 0.00167465
7 0.524099 0.507943 0.705679 0.51087 0.00163555
56 0.454089 0.414716 0.0211983 0.0434783 0.00162888
0 0.272509 0.41806 0.0312395 0.0618729 0.00161648
0 0.668303 0.42015 0.022314 0.0618729 0.00161076
0 0.536093 0.423913 0.0317974 0.041806 0.00158501
13 0.956711 0.542642 0.0401651 0.0117057 0.00156116
56 0.684481 0.429766 0.0245453 0.0401338 0.00150681
0 0.818365 0.431438 0.0691733 0.0585284 0.00149536
0 0.543345 0.424749 0.0278924 0.0401338 0.00148964
0 0.452973 0.422659 0.0200826 0.0301003 0.00146103
56 0.508479 0.424749 0.022314 0.0284281 0.00145531
0 0.0944857 0.494147 0.00502064 0.0183947 0.00143814
56 0.798282 0.436455 0.0290082 0.041806 0.00139904
0 0.51099 0.398725 0.0301239 0.0587375 0.00139427
0 0.507922 0.411267 0.022314 0.0386706 0.00135136
0 0.489234 0.415656 0.0211983 0.0466137 0.00135136
0 0.306259 0.257943 0.0189669 0.014214 0.00134563
0 0.797724 0.423077 0.0267768 0.0426421 0.00133514
0 0.866897 0.432274 0.0200826 0.0401338 0.00133038
0 0.337499 0.440635 0.0412808 0.0702341 0.00133038
7 0.0298449 0.444398 0.0370272 0.201505 0.00130939
20 0.539998 0.507107 0.711816 0.515886 0.00129414
0 0.402209 0.416388 0.0211983 0.0576923 0.00128937
0 0.673882 0.420987 0.0345867 0.0618729 0.00128937
56 0.640411 0.418896 0.0178512 0.020903 0.0012846
0 0.368738 0.443144 0.0323553 0.0986622 0.00126934
0 0.494254 0.410953 0.0273346 0.0576923 0.00124454
0 0.498438 0.405414 0.0340288 0.0670987 0.00123024
0 0.507085 0.415134 0.0379338 0.0493311 0.00121593
0 0.595783 0.426421 0.0223139 0.0409699 0.00120163
37 0.600385 0.297659 0.289803 0.0652174 0.00119686
0 0.343635 0.445652 0.0490907 0.0719064 0.00118828
0 0.466083 0.401756 0.0423965 0.0643813 0.00118351
0 0.328573 0.432274 0.120495 0.104515 0.00118351
7 0.0363997 0.444712 0.0542508 0.20255 0.00118351
0 0.761464 0.43311 0.0301239 0.0401338 0.00117874
0 0.209193 0.645485 0.0273346 0.0944816 0.0011692
56 0.458552 0.412939 0.0278924 0.0453595 0.00115108
0 0.282551 0.425585 0.0368181 0.0635451 0.00112438
0 0.829522 0.431438 0.0457437 0.0543478 0.00112438
0 0.725204 0.42893 0.0245453 0.0434783 0.00112057
56 0.676113 0.426421 0.0379337 0.0501672 0.00111198
4 0.0363997 0.444712 0.0542508 0.20255 0.00109005
0 0.35005 0.444816 0.0641527 0.0953177 0.00106907
2 0.465804 0.413462 0.0412808 0.0434783 0.00104809
56 0.757559 0.437709 0.0245454 0.0242475 0.00104427
0 0.474451 0.427258 0.0234296 0.0200669 0.00102806
74 0.866897 0.430602 0.0200826 0.048495 0.00101185
5 0.539998 0.501254 0.716278 0.503344 0.866211
0 0.362044 0.433946 0.0513221 0.100334 0.105591
0 0.374317 0.432692 0.0278924 0.0944816 0.0869141
0 0.269162 0.440635 0.0440701 0.0685619 0.0757446
0 0.344193 0.43102 0.0870245 0.100334 0.0161591
0 0.305701 0.44398 0.0373759 0.0551839 0.0148392
0 0.262468 0.438127 0.0396073 0.0719063 0.0147324
0 0.353397 0.426839 0.0401651 0.104515 0.0131226
0 0.459668 0.413043 0.0301239 0.0459866 0.0115509
0 0.291197 0.441472 0.0507643 0.0602007 0.00930023
13 0.956711 0.544314 0.036818 0.0100335 0.00874329
56 0.465804 0.411476 0.0423965 0.041597 0.00815582
56 0.569006 0.41597 0.0301239 0.0292642 0.0068512
0 0.346982 0.422345 0.0211982 0.101798 0.00664139
56 0.569564 0.423913 0.0323553 0.0434783 0.0064888
0 0.375432 0.417224 0.0251032 0.0652174 0.00626373
0 0.590204 0.424331 0.022314 0.0376254 0.00626373
0 0.264978 0.431438 0.0267767 0.0735786 0.00568771
56 0.71851 0.431438 0.0379337 0.041806 0.00564194
56 0.576816 0.423913 0.0446279 0.0451505 0.00559998
0 0.255495 0.443562 0.0463015 0.0643813 0.00510025
0 0.594667 0.421405 0.0133884 0.0317726 0.00492477
0 0.79884 0.434783 0.0290082 0.0409699 0.00473785
0 0.404162 0.430602 0.018409 0.0719063 0.00452042
0 0.373201 0.405623 0.0200826 0.0432692 0.00429916
0 0.325226 0.435201 0.0658262 0.0811037 0.00428009
0 0.80665 0.433947 0.044628 0.0501672 0.0042305
9 0.20236 0.332358 0.0323552 0.0334448 0.00407028
0 0.273904 0.430602 0.0396073 0.0685619 0.00405502
0 0.454089 0.414716 0.0211983 0.0434783 0.00395966
0 0.34754 0.399666 0.0189669 0.0635452 0.00385475
56 0.466362 0.418896 0.0401651 0.0367893 0.00379562
0 0.188553 0.458194 0.0105991 0.0309365 0.00374985
0 0.465804 0.414298 0.0412808 0.0459866 0.00362206
0 0.371527 0.396217 0.0167355 0.0319816 0.00349617
56 0.585742 0.428512 0.0345867 0.0401338 0.00342941
56 0.454647 0.422659 0.0200826 0.0292642 0.00338936
0 0.877497 0.163462 0.236528 0.317726 0.00336266
0 0.343635 0.429766 0.0312396 0.0919733 0.00331116
0 0.581279 0.426839 0.0423965 0.0434783 0.00319672
9 0.930492 0.476171 0.00669422 0.0158863 0.00312424
56 0.624791 0.436873 0.0301239 0.0225753 0.00300407
0 0.808881 0.435201 0.0312396 0.0443144 0.00300407
0 0.266094 0.421823 0.0200826 0.0602007 0.00299263
25 0.476961 0.280518 0.0435122 0.0267558 0.0028553
0 0.840679 0.431438 0.0189669 0.0518395 0.0028553
0 0.353676 0.439381 0.0680576 0.115385 0.00282288
0 0.720741 0.418478 0.0334709 0.0493311 0.00275803
0 0.480029 0.412207 0.0429544 0.0501672 0.00274658
56 0.579047 0.429766 0.0490907 0.0367893 0.00273705
0 0.826175 0.136392 0.218677 0.262751 0.0026722
0 0.262468 0.434783 0.059132 0.0769231 0.0024929
0 0.306817 0.450669 0.0323552 0.0434783 0.00234222
0 0.418945 0.429766 0.0133884 0.0752508 0.00218201
13 0.992971 0.54097 0.0122727 0.0100335 0.00218201
0 0.473614 0.406773 0.0541114 0.0635452 0.00216484
0 0.374317 0.39005 0.022314 0.0618729 0.00209999
0 0.46162 0.408445 0.0368181 0.0526756 0.00208282
56 0.473614 0.427258 0.0245454 0.0200669 0.00208282
0 0.447395 0.413148 0.0178512 0.0499582 0.00201035
37 0.600803 0.296405 0.293429 0.0643813 0.00197983
9 0.0150968 0.521321 0.0172236 0.0359532 0.00194931
56 0.308769 0.434365 0.0329131 0.0367893 0.00191212
56 0.308491 0.444816 0.0357023 0.0568562 0.00188923
0 0.508201 0.426421 0.0301239 0.0334448 0.00186062
13 0.956711 0.542642 0.0401651 0.0117057 0.00185299
0 0.271115 0.448997 0.0457436 0.0468228 0.00183105
0 0.37599 0.399247 0.0256611 0.0510033 0.00179577
9 0.203057 0.349916 0.0340288 0.0702341 0.00175476
0 0.507364 0.41806 0.0206404 0.0367893 0.00170708
0 0.719625 0.429766 0.0334709 0.0367893 0.00168705
7 0.0148702 0.521739 0.0173979 0.0367893 0.00168133
0 0.748634 0.132734 0.206404 0.254599 0.0016613
0 0.704006 0.43102 0.0691733 0.0434783 0.0016489
56 0.454089 0.414716 0.0211983 0.0434783 0.00161076
0 0.243083 0.433006 0.0716836 0.0854933 0.00160408
56 0.509874 0.427258 0.0278924 0.0317726 0.00157928
0 0.816133 0.443144 0.022314 0.0309365 0.00157356
7 0.52382 0.509093 0.705121 0.513587 0.00157356
0 0.272788 0.41806 0.0323552 0.0610368 0.00152493
0 0.298449 0.442308 0.0446279 0.0551839 0.00150681
0 0.668303 0.420464 0.022314 0.0620819 0.00149536
7 0.0377943 0.444921 0.0581558 0.203804 0.00149536
7 0.0309955 0.444816 0.0406533 0.203177 0.00148964
56 0.683923 0.423913 0.0211982 0.0284281 0.00148392
20 0.540556 0.507943 0.712931 0.519231 0.00145531
56 0.403325 0.438127 0.0217561 0.0518395 0.00144386
56 0.508479 0.425167 0.022314 0.0284281 0.00143242
56 0.79884 0.436873 0.0290082 0.0409699 0.00143242
4 0.0377943 0.444921 0.0581558 0.203804 0.00142097
0 0.818365 0.431438 0.070289 0.0585284 0.00140476
0 0.51099 0.399247 0.0301239 0.0585284 0.00139427
56 0.683923 0.429766 0.0245453 0.0401338 0.00138855
0 0.337499 0.440635 0.0423965 0.0702341 0.00138855
0 0.329131 0.432692 0.11938 0.104515 0.00138855
0 0.368459 0.443562 0.0323553 0.0994983 0.00134563
0 0.305701 0.258152 0.0172933 0.014214 0.00132465
2 0.465804 0.413775 0.0412808 0.0436873 0.00131512
0 0.344193 0.445652 0.0502064 0.0735786 0.00130463
0 0.0944857 0.494147 0.00488118 0.0183947 0.00130463
0 0.532746 0.420569 0.036818 0.0451505 0.00127411
0 0.543345 0.425585 0.0290082 0.0401338 0.00126457
0 0.508201 0.411267 0.0228718 0.0369983 0.0012598
56 0.757559 0.438127 0.0245454 0.0234114 0.00125504
0 0.488955 0.415447 0.022314 0.0470318 0.00124931
0 0.402209 0.409281 0.0211983 0.0434783 0.00123978
0 0.498717 0.405518 0.0351445 0.0677257 0.00123978
0 0.797724 0.423077 0.0267768 0.041806 0.00123978
0 0.452973 0.423077 0.0200826 0.0301003 0.00123024
0 0.466083 0.401756 0.0423965 0.0643813 0.00121117
0 0.673882 0.4213 0.0345867 0.0620819 0.0012064
56 0.459668 0.413043 0.0301239 0.0459866 0.00119686
0 0.536372 0.423913 0.0317974 0.0401338 0.00116539
56 0.640411 0.418896 0.0178512 0.020903 0.00115585
74 0.865782 0.429348 0.0178513 0.0443144 0.00112438
13 0.944439 0.54515 0.0122727 0.00836121 0.00109863
0 0.761464 0.43311 0.0301239 0.0401338 0.00109005
0 0.281714 0.425585 0.0373759 0.0635451 0.00108624
56 0.676671 0.426421 0.0379337 0.0501672 0.00106049
0 0.827848 0.431438 0.0490908 0.055184 0.00105286
0 0.504853 0.414716 0.0446279 0.0501672 0.00104809
0 0.595783 0.426421 0.0223139 0.0409699 0.00101662
0 0.445164 0.407295 0.0139462 0.0599917 0.00100803
5 0.539998 0.501254 0.716278 0.504181 0.865234
0 0.362044 0.433842 0.0513221 0.100543 0.11438
0 0.374317 0.432692 0.0278924 0.0944816 0.0910645
0 0.269162 0.440217 0.0440701 0.0685619 0.0759888
0 0.344193 0.430602 0.0875823 0.101171 0.016922
0 0.305701 0.44398 0.0379337 0.0551839 0.0148392
0 0.353676 0.427362 0.040723 0.105142 0.0147858
0 0.262468 0.437291 0.0396073 0.0735786 0.0142822
0 0.459668 0.413043 0.0301239 0.0459866 0.0110321
0 0.285549 0.440635 0.0615029 0.0652174 0.00844574
13 0.956711 0.544314 0.036818 0.0100335 0.00821686
56 0.465804 0.411476 0.0423965 0.041597 0.00806427
0 0.346982 0.422136 0.022314 0.102216 0.00709534
56 0.569006 0.415552 0.0312396 0.0284281 0.00677109
56 0.570122 0.423913 0.0334709 0.0434783 0.0064888
0 0.375432 0.417956 0.0251032 0.0670987 0.00634003
0 0.590204 0.423913 0.0234297 0.0367893 0.00595856
56 0.576816 0.423913 0.0468593 0.0451505 0.00577545
56 0.71851 0.431438 0.0379337 0.041806 0.00559998
0 0.264978 0.431438 0.0267767 0.0744147 0.00551224
0 0.255495 0.443562 0.0457436 0.0652174 0.00494385
9 0.202499 0.332358 0.0323553 0.034281 0.00492477
0 0.79884 0.434783 0.0290082 0.0409699 0.00477219
0 0.594667 0.420987 0.0133884 0.0309365 0.00471878
0 0.325226 0.435201 0.0658262 0.0811037 0.00457382
0 0.404162 0.430602 0.018409 0.0719063 0.00438309
0 0.373201 0.407086 0.0206404 0.0470318 0.00418091
0 0.273904 0.430602 0.0396073 0.0685619 0.00403976
0 0.346982 0.402174 0.0189669 0.0635451 0.00400543
0 0.80665 0.433528 0.044628 0.0501672 0.00400543
56 0.466083 0.41806 0.0401651 0.0384615 0.00382423
0 0.454089 0.414611 0.0211983 0.0436873 0.00366402
0 0.343635 0.429348 0.0317974 0.0928094 0.00363541
0 0.188553 0.458194 0.0103202 0.0309365 0.00349617
56 0.585742 0.428512 0.0345867 0.0401338 0.00348282
0 0.465804 0.414298 0.0412808 0.0459866 0.00346947
56 0.454647 0.422659 0.0200826 0.0292642 0.00337601
0 0.371527 0.396739 0.0167355 0.0326087 0.00332451
0 0.876939 0.16597 0.238759 0.322742 0.00328636
9 0.930492 0.476171 0.00669422 0.0158863 0.00325966
0 0.35535 0.438963 0.0658262 0.115385 0.00324821
0 0.808881 0.434783 0.0334709 0.0451505 0.00318527
25 0.476961 0.280518 0.0435122 0.0267558 0.003088
56 0.624791 0.437291 0.0301239 0.0217391 0.0030632
0 0.840679 0.431438 0.0189669 0.0518395 0.00302696
0 0.266094 0.422241 0.0200826 0.0610368 0.00298119
0 0.577374 0.425585 0.047975 0.0451505 0.00293541
0 0.720741 0.418896 0.0334709 0.048495 0.00281143
56 0.579047 0.429766 0.0490907 0.0367893 0.00279045
0 0.47975 0.412207 0.0440701 0.0501672 0.00254059
0 0.586857 0.427258 0.033471 0.041806 0.00245285
37 0.601222 0.295987 0.294823 0.0639632 0.00244331
0 0.306817 0.450669 0.0323552 0.0434783 0.00233269
0 0.461341 0.408445 0.036818 0.0526756 0.00219917
0 0.4566 0.418896 0.0195247 0.0518395 0.00218201
0 0.473614 0.407191 0.0535535 0.062709 0.00214005
0 0.418945 0.429766 0.0133884 0.0752508 0.00211525
0 0.374317 0.390259 0.0234297 0.062291 0.00210762
9 0.203057 0.349707 0.0340288 0.0698161 0.00209999
0 0.447395 0.413148 0.0178512 0.0499582 0.00205803
13 0.992971 0.54097 0.0122727 0.0100335 0.00203514
56 0.308491 0.444816 0.0351445 0.0568562 0.00201035
56 0.309048 0.435619 0.0334709 0.0384615 0.00200272
56 0.473614 0.427258 0.0251032 0.0200669 0.00194168
0 0.82729 0.137333 0.222024 0.264632 0.00191879
7 0.0149225 0.521739 0.0174328 0.0367893 0.00188923
13 0.956711 0.542642 0.0401651 0.0117057 0.00188255
9 0.0151317 0.521321 0.0172933 0.0359532 0.00186729
0 0.719625 0.429766 0.0334709 0.0376254 0.00179577
0 0.271115 0.448997 0.0457436 0.0468228 0.00175476
0 0.508201 0.426421 0.0301239 0.0334448 0.00174809
0 0.704006 0.43102 0.0691733 0.0434783 0.00168705
7 0.0399559 0.445234 0.0623396 0.204849 0.0016489
0 0.37599 0.399666 0.0256611 0.0501672 0.00162315
0 0.262468 0.433947 0.0602477 0.0785953 0.00160408
20 0.539998 0.508466 0.712931 0.52153 0.0015974
0 0.816133 0.443144 0.022314 0.0309365 0.00159168
56 0.509874 0.427258 0.0278924 0.0317726 0.00158501
2 0.465804 0.413775 0.0412808 0.0436873 0.00157356
0 0.507364 0.41806 0.0206404 0.0367893 0.00157356
56 0.403325 0.438127 0.0217561 0.0518395 0.00156116
0 0.298449 0.442308 0.0446279 0.0560201 0.00155449
4 0.0399559 0.445234 0.0623396 0.204849 0.00154877
0 0.668303 0.42015 0.022314 0.062709 0.00154305
56 0.454089 0.414611 0.0211983 0.0436873 0.00153637
0 0.242943 0.43311 0.0719625 0.0861204 0.00151253
0 0.272788 0.41806 0.0323552 0.0610368 0.00150108
7 0.52382 0.509615 0.704006 0.515886 0.00149536
0 0.337499 0.440635 0.0423965 0.0702341 0.00148964
56 0.79884 0.436873 0.0290082 0.0409699 0.00146675
0 0.747518 0.133257 0.205288 0.256062 0.00146103
56 0.683923 0.423913 0.0211982 0.0284281 0.00144386
0 0.368459 0.443562 0.0323553 0.0994983 0.00144386
56 0.757001 0.438127 0.0245454 0.0234114 0.00142097
0 0.344193 0.445652 0.0502064 0.0744147 0.00141048
0 0.818365 0.431438 0.070289 0.0585284 0.00137806
56 0.684481 0.429766 0.025661 0.0401338 0.00137234
0 0.511548 0.399247 0.0312395 0.0593645 0.00136185
0 0.0944857 0.494147 0.00488118 0.0183947 0.00130939
0 0.402209 0.408445 0.0211983 0.041806 0.00130463
0 0.532188 0.420987 0.0379337 0.0459866 0.0012846
0 0.305701 0.257943 0.0172933 0.014214 0.00127411
0 0.543066 0.425585 0.029566 0.0401338 0.00126457
25 0.330735 0.308946 0.284643 0.0777592 0.00124454
0 0.488676 0.415447 0.0223139 0.0470318 0.00123978
0 0.466362 0.401756 0.0423965 0.0643813 0.00122547
0 0.673882 0.4213 0.0345867 0.0620819 0.00121117
74 0.865782 0.429348 0.0178513 0.0443144 0.0012064
0 0.797724 0.423077 0.0267768 0.041806 0.00120163
0 0.498717 0.405414 0.0345867 0.0670987 0.00117874
0 0.508201 0.411371 0.0234296 0.0376254 0.00117874
0 0.348098 0.39005 0.0178512 0.0677258 0.00116062
0 0.761464 0.432692 0.0301239 0.0409699 0.00116062
0 0.536372 0.423913 0.0317974 0.0401338 0.0011425
0 0.452973 0.423077 0.0200826 0.0301003 0.00112057
56 0.459668 0.413043 0.0301239 0.0459866 0.00111198
56 0.640411 0.418896 0.0178512 0.020903 0.00110722
0 0.494812 0.409699 0.0284503 0.0602006 0.00109863
0 0.445164 0.406773 0.0133884 0.0602007 0.00108624
56 0.677229 0.426421 0.0379337 0.0501672 0.00107288
0 0.281784 0.425585 0.0355629 0.0635451 0.00105286
13 0.944439 0.54515 0.0122727 0.00836121 0.00104046
0 0.826732 0.431438 0.0513222 0.055184 0.00103664
5 0.539719 0.501254 0.71572 0.504181 0.870605
0 0.362602 0.433842 0.0513221 0.100543 0.119995
0 0.374317 0.432692 0.0278924 0.0944816 0.106323
0 0.268953 0.440217 0.0444885 0.0685619 0.0778198
0 0.345866 0.430497 0.0847931 0.100543 0.0168457
0 0.354234 0.426839 0.0423965 0.105351 0.0159607
0 0.305701 0.44398 0.0379337 0.0551839 0.0154266
0 0.262329 0.437709 0.0398862 0.0727425 0.0149536
0 0.459668 0.413043 0.0301239 0.0459866 0.0116882
56 0.465804 0.411371 0.0429544 0.0409699 0.00828552
0 0.285619 0.440635 0.0624791 0.0652174 0.00818634
13 0.956711 0.544314 0.036818 0.0100335 0.00743103
0 0.346982 0.422345 0.022314 0.10347 0.00734711
56 0.569006 0.415552 0.0312396 0.0284281 0.00703812
56 0.570122 0.423913 0.0334709 0.0434783 0.0068512
0 0.375432 0.418478 0.0251032 0.0677258 0.00656509
0 0.590204 0.423913 0.022314 0.0367893 0.00636292
56 0.576816 0.423913 0.0468593 0.0451505 0.00619125
56 0.717952 0.431438 0.0379337 0.041806 0.00619125
9 0.202499 0.332149 0.0323553 0.0338629 0.00612259
0 0.265257 0.431438 0.0267767 0.0752508 0.00548935
0 0.79884 0.434783 0.0290082 0.0409699 0.00534439
0 0.255495 0.443144 0.0457436 0.0652174 0.00524139
0 0.594667 0.420569 0.0133884 0.0301003 0.00494385
0 0.325505 0.435619 0.066384 0.0802676 0.00486755
0 0.404162 0.430602 0.018409 0.0719063 0.00471878
56 0.466083 0.41806 0.0401651 0.0384615 0.00416565
0 0.37348 0.408758 0.0211983 0.0503762 0.00413513
0 0.188553 0.458194 0.0105991 0.0301003 0.00413513
0 0.80665 0.433528 0.044628 0.0501672 0.00408554
0 0.454089 0.414611 0.0211983 0.0436873 0.00397491
0 0.347261 0.402174 0.0195247 0.0643813 0.00390053
0 0.273904 0.430602 0.0396073 0.0685619 0.00388527
0 0.343635 0.429348 0.0317974 0.0928094 0.00385475
56 0.585742 0.42893 0.0345867 0.0401338 0.00382423
56 0.454647 0.422659 0.0200826 0.0292642 0.00365067
0 0.465804 0.414298 0.0412808 0.0459866 0.00362206
9 0.930492 0.476171 0.00669422 0.0158863 0.00359344
25 0.476961 0.280518 0.0435122 0.0267558 0.00349617
56 0.624791 0.437291 0.0301239 0.0217391 0.00348282
0 0.840679 0.431438 0.0189669 0.0518395 0.00338936
0 0.808323 0.434783 0.033471 0.0451505 0.00332451
0 0.371806 0.396739 0.0172933 0.0326087 0.00327301
0 0.580721 0.426839 0.0435123 0.0434783 0.00307465
0 0.876939 0.167015 0.238759 0.324833 0.00307465
0 0.266234 0.422241 0.0198036 0.0610368 0.00305176
0 0.720741 0.418896 0.0334709 0.048495 0.00301552
56 0.579047 0.430184 0.0490907 0.0367893 0.00292397
0 0.586857 0.427258 0.033471 0.041806 0.00265312
9 0.203057 0.349707 0.0340288 0.0698161 0.00263214
37 0.601361 0.295987 0.294544 0.0635452 0.00251198
0 0.461341 0.408445 0.036818 0.0526756 0.00248146
0 0.418945 0.429766 0.0128305 0.076087 0.00239754
56 0.308491 0.444816 0.0351445 0.0568562 0.00235939
56 0.309048 0.436455 0.0334709 0.0409699 0.00234985
0 0.479471 0.412207 0.0457436 0.0501672 0.00232315
0 0.307375 0.451505 0.0323552 0.041806 0.00231361
7 0.0149573 0.521739 0.0175025 0.0367893 0.00231361
0 0.447395 0.413148 0.0172933 0.0499582 0.00226974
0 0.374596 0.39005 0.0234297 0.062709 0.00220871
0 0.473335 0.408131 0.0535535 0.0616639 0.00215721
0 0.719625 0.429766 0.0334709 0.0376254 0.00214005
0 0.456878 0.418896 0.0200826 0.0518395 0.00206757
56 0.473614 0.427258 0.0245454 0.0200669 0.00200272
9 0.0151317 0.521321 0.0172933 0.0359532 0.00193405
2 0.465525 0.413462 0.0418387 0.0434783 0.00192642
13 0.992971 0.54097 0.0122727 0.0100335 0.00186729
0 0.508201 0.426839 0.0301239 0.0334448 0.00183105
0 0.704006 0.43102 0.0691733 0.0434783 0.00182438
0 0.271115 0.448579 0.0457436 0.0476589 0.00181007
56 0.509874 0.427258 0.0278924 0.0317726 0.00178242
56 0.403325 0.438127 0.0217561 0.0518395 0.00174809
0 0.816133 0.443144 0.022314 0.0317726 0.0017004
0 0.668303 0.42015 0.022314 0.062709 0.00169373
4 0.0422571 0.445234 0.066384 0.204013 0.00169373
13 0.956153 0.542642 0.0401651 0.0117057 0.00167465
0 0.402209 0.412103 0.0211983 0.048704 0.00164223
0 0.298728 0.442308 0.0451858 0.0560201 0.00164223
7 0.0422571 0.445234 0.066384 0.204013 0.00164223
0 0.368738 0.443144 0.0323553 0.100334 0.00163555
0 0.507364 0.41806 0.0206404 0.0367893 0.00162888
56 0.454089 0.414611 0.0211983 0.0436873 0.00161648
56 0.683923 0.423913 0.0211982 0.0284281 0.00159168
0 0.329968 0.432274 0.117706 0.104515 0.00158501
0 0.242664 0.432692 0.0725204 0.0869565 0.00157928
20 0.539719 0.509093 0.712373 0.521948 0.00157928
0 0.375711 0.399247 0.0256611 0.0510033 0.00156689
56 0.757001 0.438127 0.0245454 0.0234114 0.00156689
0 0.337499 0.441053 0.0423965 0.0702341 0.00156116
0 0.272788 0.418165 0.0317974 0.0616639 0.00155449
56 0.79884 0.436873 0.0290082 0.0409699 0.00154877
0 0.828406 0.137646 0.222024 0.265677 0.0015192
0 0.094416 0.494147 0.00488118 0.0183947 0.00150681
56 0.684481 0.429766 0.025661 0.0401338 0.00149536
25 0.330526 0.308946 0.284503 0.0777592 0.00146675
0 0.532188 0.420987 0.036818 0.0459866 0.00142097
0 0.343635 0.445652 0.0490907 0.0727425 0.00142097
0 0.818365 0.431438 0.070289 0.0585284 0.00141621
0 0.747518 0.133361 0.201941 0.256689 0.00141621
0 0.512105 0.398725 0.0323552 0.0587375 0.00140476
7 0.52382 0.510033 0.704006 0.516722 0.00138855
0 0.349771 0.445234 0.0647105 0.0961538 0.00136662
0 0.542787 0.425585 0.0301239 0.0401338 0.00135136
74 0.865782 0.429348 0.0178513 0.0443144 0.00131989
0 0.262468 0.43311 0.0608056 0.0785953 0.00131989
0 0.305143 0.257943 0.0167355 0.014214 0.00129986
0 0.536372 0.423913 0.0317974 0.0409699 0.00129986
0 0.673882 0.420987 0.0345867 0.062709 0.00128937
0 0.761464 0.432692 0.0301239 0.0409699 0.0012598
0 0.466362 0.401233 0.0423965 0.0637542 0.00125504
0 0.488676 0.415552 0.0223139 0.0468228 0.00124931
0 0.797724 0.423077 0.0267768 0.0426421 0.00124931
0 0.445164 0.406773 0.0139462 0.0602007 0.00123024
0 0.348098 0.39005 0.018409 0.0685619 0.0012207
56 0.640411 0.418896 0.0178512 0.020903 0.00121593
0 0.452973 0.423077 0.0200826 0.0301003 0.00120163
0 0.508479 0.411371 0.0234297 0.0367893 0.00119686
56 0.677229 0.426421 0.0379337 0.0501672 0.00118351
0 0.866897 0.432274 0.0200826 0.0401338 0.00118351
0 0.66663 0.425585 0.0178512 0.0434783 0.00112057
56 0.459668 0.413043 0.0301239 0.0459866 0.00109863
0 0.498717 0.405936 0.0345867 0.0668896 0.00109005
0 0.209193 0.645067 0.0273346 0.0944816 0.00108147
0 0.826732 0.431438 0.0513222 0.055184 0.00106049
0 0.282341 0.425167 0.0344472 0.0635451 0.00105667
9 0.185485 0.451505 0.00976236 0.0384615 0.00105667
0 0.725204 0.42893 0.025661 0.0434783 0.00105286
56 0.634832 0.434365 0.0357024 0.0292642 0.00104809
0 0.493975 0.410117 0.0267767 0.0593645 0.00102806
56 0.518242 0.410535 0.0423965 0.0267559 0.00102806
2 0.866897 0.432274 0.0200826 0.0401338 0.00102425
0 0.594109 0.427258 0.0301239 0.041806 0.00100803
5 0.539998 0.500941 0.716278 0.504808 0.870605
0 0.362323 0.433946 0.05188 0.100334 0.129883
0 0.374596 0.432692 0.0284503 0.0944816 0.11084
0 0.268883 0.440217 0.0446279 0.0685619 0.0822754
0 0.34754 0.430602 0.081446 0.101171 0.018692
0 0.354792 0.426839 0.0435123 0.105351 0.0177155
0 0.262189 0.437709 0.0401651 0.0727425 0.016098
0 0.30598 0.44398 0.0379337 0.0551839 0.0158997
0 0.460225 0.413043 0.0312396 0.0459866 0.0118713
0 0.286456 0.440635 0.0613634 0.0652174 0.00844574
56 0.465804 0.411371 0.0429544 0.0409699 0.00837708
0 0.346982 0.422345 0.022314 0.10347 0.00775528
13 0.956711 0.544314 0.036818 0.0100335 0.00754929
56 0.569006 0.415552 0.0312396 0.0284281 0.00723267
56 0.570122 0.423913 0.0334709 0.0434783 0.00712204
0 0.375432 0.418165 0.0256611 0.0666806 0.00709534
9 0.202499 0.332149 0.0326342 0.0338629 0.0069046
0 0.590204 0.423913 0.0234297 0.0367893 0.00674438
56 0.576676 0.423913 0.0471383 0.0451505 0.00658798
56 0.717952 0.431438 0.0379337 0.041806 0.00658798
0 0.255495 0.443144 0.0463015 0.0652174 0.00588989
0 0.79884 0.434783 0.0290082 0.0401338 0.00566483
0 0.265257 0.43102 0.0267767 0.0744147 0.00561905
0 0.325784 0.435619 0.0658262 0.0802676 0.00527954
0 0.594667 0.420569 0.0133884 0.0301003 0.00511932
0 0.404162 0.430602 0.018409 0.0719063 0.00510025
56 0.465804 0.417642 0.0401651 0.0392977 0.00445175
0 0.188553 0.458194 0.0105991 0.0301003 0.00443268
0 0.373201 0.408027 0.0211983 0.048495 0.00441742
0 0.343635 0.429348 0.0323552 0.0928094 0.00424957
0 0.347261 0.402174 0.0195247 0.0643813 0.00418091
56 0.585742 0.42893 0.0357024 0.0401338 0.00413513
25 0.476961 0.280518 0.0435122 0.0267558 0.00405502
0 0.273834 0.430184 0.0391889 0.0685619 0.00402451
0 0.454089 0.414716 0.0211983 0.0434783 0.00402451
0 0.80665 0.433528 0.044628 0.0501672 0.00395966
56 0.454647 0.422659 0.0200826 0.0292642 0.00382423
9 0.930492 0.476171 0.00669422 0.0158863 0.00379562
0 0.465804 0.414298 0.0412808 0.0459866 0.00370789
56 0.624791 0.437291 0.0312396 0.0217391 0.00365067
0 0.840679 0.431438 0.0189669 0.0518395 0.00362206
0 0.807765 0.434783 0.0345867 0.0451505 0.00356483
0 0.372085 0.396739 0.0178512 0.0326087 0.00342941
0 0.580163 0.426839 0.044628 0.0434783 0.00319672
0 0.720741 0.418896 0.0334709 0.0493311 0.00318527
0 0.266373 0.421823 0.0200826 0.0610368 0.00317192
56 0.579047 0.430184 0.0490907 0.0367893 0.00312424
9 0.203057 0.34908 0.0340288 0.0685619 0.00294685
56 0.308491 0.444816 0.0357023 0.0568562 0.00269318
7 0.0149922 0.521739 0.0175025 0.0367893 0.00269318
0 0.46162 0.408445 0.0373759 0.0526756 0.00265312
56 0.309048 0.437291 0.0334709 0.041806 0.0026207
37 0.601361 0.295778 0.294544 0.0639632 0.00256157
0 0.876939 0.16806 0.240991 0.326923 0.00251198
0 0.418945 0.429766 0.0128305 0.076087 0.00244331
0 0.719625 0.429766 0.0334709 0.0376254 0.00237846
0 0.447395 0.412625 0.0172933 0.0501673 0.00235939
0 0.374875 0.390259 0.0234297 0.0631271 0.00232315
0 0.473056 0.408445 0.0535535 0.0602007 0.00224304
0 0.479192 0.412207 0.0468593 0.0501672 0.00223351
2 0.465525 0.413462 0.0418387 0.0434783 0.00222588
0 0.307375 0.452341 0.0323552 0.0401338 0.00220871
56 0.473614 0.427258 0.0251032 0.0200669 0.00200272
9 0.0151665 0.521321 0.0173631 0.0359532 0.00199509
56 0.403325 0.438127 0.0217561 0.0518395 0.00195694
0 0.703448 0.43102 0.0691733 0.0434783 0.00191212
0 0.368738 0.443144 0.0323553 0.100334 0.00190449
56 0.510153 0.427258 0.0284503 0.0317726 0.00186729
0 0.271115 0.448997 0.0457436 0.0468228 0.0018034
13 0.992971 0.540552 0.0122727 0.00919733 0.00178242
0 0.508201 0.426839 0.0301239 0.0334448 0.00177479
0 0.668303 0.42015 0.022314 0.062709 0.00175476
0 0.242385 0.432274 0.0730782 0.0869565 0.00174809
0 0.402209 0.409699 0.0211983 0.0443144 0.0017271
0 0.331083 0.432274 0.115475 0.104515 0.0017271
0 0.815575 0.442308 0.022314 0.0317726 0.00172043
0 0.456878 0.418896 0.0200826 0.0526756 0.00171375
56 0.757559 0.438127 0.0245454 0.0234114 0.0017004
56 0.683923 0.423913 0.0211982 0.0284281 0.00168705
25 0.329968 0.308946 0.283387 0.0773411 0.00168705
4 0.0465804 0.445548 0.0748912 0.204222 0.00168705
20 0.539719 0.509197 0.712373 0.523411 0.00168133
7 0.0465804 0.445548 0.0748912 0.204222 0.00167465
0 0.375711 0.398934 0.0256611 0.0516304 0.00166798
0 0.337499 0.441053 0.0423965 0.0702341 0.00166798
0 0.272858 0.417642 0.0322158 0.0610368 0.00165462
0 0.298728 0.442308 0.0451858 0.0568562 0.00165462
56 0.454089 0.414716 0.0211983 0.0434783 0.00162315
13 0.956153 0.542642 0.0401651 0.0117057 0.00161648
0 0.507364 0.41806 0.0206404 0.0367893 0.00161076
0 0.094416 0.493729 0.00488118 0.0192308 0.00160408
56 0.79884 0.436455 0.0290082 0.041806 0.00157356
0 0.532188 0.420987 0.036818 0.0459866 0.00156116
56 0.684481 0.429348 0.025661 0.0409699 0.00154877
0 0.343635 0.445652 0.0496486 0.0727425 0.00150108
0 0.349771 0.445234 0.0647105 0.0961538 0.00147247
0 0.542229 0.425167 0.0312395 0.0401338 0.00144386
7 0.52382 0.510451 0.704006 0.517559 0.00144386
0 0.512105 0.398725 0.0334709 0.0587375 0.00143242
74 0.865782 0.429348 0.0178513 0.0443144 0.00139904
0 0.818365 0.43102 0.070289 0.0576923 0.00139427
0 0.262189 0.43311 0.0602477 0.0785953 0.00135136
0 0.445164 0.406773 0.0139462 0.0602007 0.00133514
0 0.761464 0.432274 0.0301239 0.041806 0.00133038
0 0.673882 0.420987 0.0345867 0.062709 0.00131989
0 0.305701 0.257943 0.0167355 0.014214 0.00130463
0 0.348098 0.39005 0.018409 0.0685619 0.00129414
0 0.866897 0.432274 0.0200826 0.0401338 0.00129414
0 0.466083 0.401338 0.0429544 0.0635451 0.0012846
0 0.488676 0.415552 0.0217561 0.0468228 0.0012846
56 0.677229 0.426421 0.0379337 0.0501672 0.00124454
0 0.66663 0.425585 0.0178512 0.0434783 0.00123501
0 0.746402 0.133675 0.198594 0.256898 0.00123501
0 0.797724 0.423077 0.0267768 0.041806 0.00123024
56 0.640411 0.418896 0.0178512 0.020903 0.00121117
9 0.185345 0.451505 0.00948343 0.0384615 0.00121117
0 0.508758 0.411371 0.0234296 0.0367893 0.00119686
0 0.452973 0.423077 0.0206404 0.0301003 0.00118351
2 0.866897 0.432274 0.0200826 0.0401338 0.00114727
0 0.830079 0.138064 0.222024 0.266513 0.00113392
56 0.518242 0.410535 0.0423965 0.0267559 0.00112438
0 0.725204 0.42893 0.0267767 0.0434783 0.0011158
56 0.634832 0.434783 0.0357024 0.0284281 0.00110722
56 0.460225 0.413043 0.0312396 0.0459866 0.00109863
0 0.209193 0.645067 0.0273346 0.0944816 0.00109005
0 0.282202 0.424749 0.0336104 0.062709 0.00108624
0 0.498438 0.405936 0.0340288 0.0668896 0.00106907
0 0.593551 0.427258 0.0312396 0.041806 0.00102806
0 0.493696 0.410117 0.0256611 0.0593645 0.00102043
5 0.539998 0.501254 0.716278 0.505853 0.878418
0 0.362602 0.433842 0.0513221 0.100543 0.137085
0 0.374038 0.433215 0.0278924 0.096781 0.127197
0 0.268953 0.440217 0.0444885 0.0677258 0.0878906
0 0.349214 0.430602 0.0780989 0.101171 0.0185394
0 0.354234 0.426839 0.0423965 0.104515 0.0177765
0 0.306259 0.44398 0.0379337 0.0551839 0.0165863
0 0.26205 0.438127 0.0398862 0.0719063 0.0162811
0 0.460225 0.413043 0.0312396 0.0459866 0.0130234
56 0.465804 0.410953 0.0429544 0.0409699 0.00878143
0 0.286804 0.440635 0.0601083 0.0643813 0.00878143
0 0.346982 0.421823 0.022314 0.102843 0.00828552
9 0.202499 0.332149 0.0323553 0.0338629 0.00818634
13 0.956711 0.544314 0.036818 0.0100335 0.00793457
0 0.375432 0.416806 0.0251032 0.0643813 0.00763702
0 0.590204 0.423913 0.0234297 0.0367893 0.00763702
56 0.569006 0.415134 0.0312396 0.027592 0.00746155
56 0.570122 0.423913 0.0334709 0.0434783 0.00723267
56 0.576676 0.423913 0.0471383 0.0451505 0.00669098
56 0.717952 0.431438 0.0379337 0.041806 0.00666809
0 0.255495 0.443144 0.0457436 0.0652174 0.0064888
0 0.261631 0.438963 0.0580163 0.0735786 0.00629044
0 0.79884 0.434783 0.0290082 0.0401338 0.00616837
0 0.594667 0.420569 0.0133884 0.0301003 0.00575256
0 0.265257 0.431438 0.0262189 0.0735786 0.00572968
0 0.325784 0.435619 0.0658262 0.0802676 0.00536346
0 0.404162 0.430184 0.018409 0.0719063 0.00526047
0 0.373201 0.4051 0.0211983 0.0426421 0.00486755
56 0.466083 0.418478 0.0401651 0.0376254 0.00486755
0 0.347261 0.402174 0.0195247 0.0635451 0.00481033
0 0.188553 0.458612 0.0105991 0.0301003 0.00481033
25 0.476961 0.280518 0.0435122 0.0267558 0.00473785
0 0.343635 0.429034 0.0312396 0.0934365 0.00453949
56 0.585742 0.42893 0.0345867 0.0401338 0.00446701
0 0.454089 0.414716 0.0211983 0.0434783 0.00438309
56 0.454647 0.422659 0.0200826 0.0284281 0.00416565
0 0.80665 0.433947 0.044628 0.0501672 0.00413513
0 0.274183 0.430184 0.0390494 0.0677258 0.00411606
9 0.930492 0.475753 0.00669422 0.0150502 0.00402451
0 0.840679 0.431438 0.0189669 0.0518395 0.00399017
56 0.624791 0.437291 0.0312396 0.0217391 0.0039444
0 0.371806 0.396739 0.0172933 0.0326087 0.00392914
0 0.807765 0.434365 0.0334709 0.0451505 0.00370789
0 0.581279 0.427258 0.0423965 0.0434783 0.00358009
9 0.203057 0.348871 0.0340288 0.0681438 0.00344276
0 0.720741 0.418896 0.0334709 0.048495 0.00337601
0 0.321321 0.443144 0.0635948 0.0635452 0.00323486
0 0.266373 0.421823 0.0200826 0.0610368 0.00318527
56 0.579047 0.430602 0.0490907 0.035117 0.00314713
56 0.308491 0.444398 0.0357023 0.0568562 0.00307465
56 0.309048 0.436037 0.0334709 0.0401338 0.0029583
7 0.0149922 0.521739 0.0175722 0.0367893 0.0029583
0 0.46162 0.407922 0.0373759 0.0520485 0.00288963
2 0.465525 0.413462 0.0418387 0.0434783 0.00275803
0 0.418945 0.429766 0.0128305 0.076087 0.00268364
37 0.600803 0.295569 0.293429 0.0635452 0.0026722
0 0.374875 0.390259 0.0234297 0.0631271 0.00260162
0 0.719625 0.429766 0.0334709 0.0367893 0.00257111
0 0.447395 0.412625 0.0167355 0.0501673 0.00255013
0 0.472498 0.408758 0.0546692 0.0587375 0.00235939
56 0.403325 0.438127 0.0217561 0.0501672 0.00225258
0 0.479192 0.412312 0.0468593 0.0499582 0.00224304
0 0.307375 0.453177 0.0323552 0.0384615 0.00221634
0 0.876381 0.169628 0.240991 0.32964 0.00221634
25 0.32941 0.309156 0.282829 0.0773411 0.00217438
0 0.368738 0.442412 0.0323553 0.101798 0.00214005
0 0.703448 0.43102 0.0691733 0.0434783 0.00206757
56 0.473893 0.427258 0.0245453 0.0200669 0.0020504
0 0.668303 0.42015 0.022314 0.062709 0.00203514
9 0.0152014 0.521321 0.0173631 0.0359532 0.00200272
0 0.375711 0.399247 0.0256611 0.0510033 0.00199509
0 0.402209 0.407295 0.0211983 0.0399247 0.00196457
0 0.465804 0.410953 0.0429544 0.0409699 0.00196457
56 0.510153 0.427258 0.0284503 0.0317726 0.00194931
0 0.456878 0.418896 0.0200826 0.0518395 0.00194168
4 0.0481842 0.445548 0.0779594 0.204222 0.00192642
0 0.242525 0.432274 0.0727993 0.0869565 0.00189686
0 0.094416 0.493729 0.00488118 0.0192308 0.00187492
56 0.508479 0.425585 0.022314 0.027592 0.00185299
56 0.757001 0.438127 0.0234297 0.0234114 0.00183868
0 0.508758 0.427258 0.0301239 0.0334448 0.00183105
56 0.683923 0.423913 0.0211982 0.0284281 0.00179577
0 0.507364 0.41806 0.0206404 0.0367893 0.00178242
0 0.271115 0.449415 0.0457436 0.0459866 0.00178242
7 0.0481842 0.445548 0.0779594 0.204222 0.00176811
56 0.454089 0.414716 0.0211983 0.0434783 0.00175476
13 0.956153 0.542642 0.0401651 0.0117057 0.00175476
0 0.816133 0.443144 0.022314 0.0301003 0.00174141
20 0.53944 0.509615 0.712931 0.524248 0.0017271
13 0.992971 0.540552 0.0122727 0.00919733 0.00172043
0 0.337778 0.441472 0.0418387 0.0702341 0.00171375
0 0.273067 0.417642 0.0323552 0.0610368 0.0017004
0 0.532188 0.420987 0.036818 0.0459866 0.00168705
0 0.298728 0.442308 0.0451858 0.0568562 0.00168705
56 0.684481 0.429766 0.025661 0.0401338 0.00162888
0 0.330247 0.432274 0.117148 0.104515 0.00158501
56 0.79884 0.436455 0.0290082 0.041806 0.00154877
7 0.524378 0.510765 0.705121 0.518604 0.00154877
0 0.512384 0.399247 0.033471 0.0593645 0.00151253
0 0.542508 0.425585 0.0306817 0.0401338 0.00151253
0 0.350329 0.444816 0.0647105 0.09699 0.0014782
0 0.445164 0.407295 0.0133884 0.0599917 0.00146675
0 0.818365 0.43102 0.070289 0.0576923 0.00146103
74 0.865782 0.42893 0.0178513 0.0434783 0.00146103
0 0.348098 0.39005 0.018409 0.0685619 0.00145531
0 0.673882 0.420987 0.033471 0.062709 0.00145531
0 0.536093 0.423913 0.0312396 0.0401338 0.00145531
0 0.761464 0.432274 0.0301239 0.041806 0.00144386
0 0.305143 0.257943 0.0167355 0.013796 0.0014267
0 0.66663 0.425167 0.0178512 0.0434783 0.00141621
0 0.866897 0.432274 0.0200826 0.0401338 0.00139904
9 0.185206 0.451505 0.00920451 0.0367893 0.00137234
0 0.466083 0.401338 0.0429544 0.062709 0.00133514
0 0.716278 0.430602 0.0423965 0.041806 0.00132465
0 0.797724 0.423077 0.0267768 0.041806 0.00131512
0 0.509316 0.411371 0.0245453 0.035117 0.00130463
0 0.488676 0.415552 0.0223139 0.0468228 0.00128937
56 0.676671 0.426421 0.0379337 0.0501672 0.00127411
0 0.209193 0.644649 0.0273346 0.0953177 0.00127411
0 0.452973 0.423077 0.0200826 0.0292642 0.00126934
2 0.866897 0.432274 0.0200826 0.0401338 0.00126457
56 0.640411 0.418896 0.0178512 0.020903 0.00124454
56 0.517963 0.410535 0.0418386 0.0250836 0.00119686
56 0.460225 0.413043 0.0312396 0.0459866 0.00116062
0 0.725204 0.42893 0.0267767 0.0434783 0.00115585
56 0.634274 0.434783 0.0368181 0.0284281 0.00115585
4 0.0718231 0.446593 0.12719 0.207149 0.00112438
0 0.283108 0.424749 0.0334709 0.0635451 0.0011034
0 0.746402 0.133779 0.198594 0.257525 0.00109005
0 0.592994 0.427258 0.0312396 0.041806 0.00108624
0 0.287292 0.264214 0.0122727 0.0100334 0.00106525
0 0.286177 0.26505 0.0122727 0.0125418 0.00105667
56 0.450463 0.412207 0.0234297 0.0526756 0.00105667
25 0.367065 0.280518 0.239875 0.0593645 0.00105667
7 0.0607184 0.449415 0.108397 0.20903 0.00105667
0 0.225371 0.428094 0.0412808 0.0911371 0.00104427
56 0.517126 0.429766 0.0412808 0.0284281 0.00102806
0 0.802187 0.438545 0.0368181 0.0392977 0.00102425
0 0.498438 0.406354 0.0334709 0.0660535 0.00102043
0 0.299844 0.260451 0.0362602 0.0163043 0.00100803
0 0.594667 0.426421 0.0223139 0.0409699 0.00100803
37 0.378222 0.272993 0.19971 0.0568562 0.00100803
4 0.0241618 0.439799 0.0159684 0.197324 0.00100803
5 0.53944 0.500732 0.716278 0.505226 0.887207
0 0.362602 0.433946 0.0513221 0.100334 0.140869
0 0.374038 0.433215 0.0278924 0.096781 0.135742
0 0.268883 0.440217 0.0446279 0.0677258 0.0900879
0 0.349492 0.430602 0.077541 0.101171 0.0191193
0 0.354792 0.426839 0.0423965 0.104515 0.0177765
0 0.306259 0.44398 0.0379337 0.0551839 0.0166626
0 0.26191 0.438127 0.0396073 0.0719063 0.0164032
0 0.460225 0.412625 0.0312396 0.0459866 0.0138474
0 0.287292 0.440635 0.059132 0.0643813 0.00901794
56 0.465804 0.410953 0.0429544 0.0409699 0.00881195
9 0.202499 0.332149 0.0326342 0.0338629 0.00871277
13 0.956711 0.544314 0.036818 0.0100335 0.0085144
0 0.346982 0.421823 0.022314 0.102843 0.00831604
0 0.590204 0.423913 0.0234297 0.0367893 0.00806427
0 0.375432 0.416283 0.0256611 0.0637542 0.00803375
56 0.569006 0.414716 0.0312396 0.0267558 0.00757599
56 0.570122 0.423913 0.0334709 0.0434783 0.00751877
56 0.576676 0.423913 0.0471383 0.0451505 0.0069046
0 0.255495 0.443144 0.0457436 0.0652174 0.0069046
0 0.261631 0.438963 0.0580163 0.0735786 0.0069046
56 0.717952 0.431438 0.0379337 0.041806 0.00679779
0 0.79884 0.434783 0.0290082 0.0401338 0.00658798
0 0.594667 0.420569 0.0133884 0.0301003 0.006073
0 0.265257 0.43102 0.0262189 0.0735786 0.00572968
0 0.325784 0.435201 0.0658262 0.0811037 0.00568771
0 0.403883 0.429766 0.0189669 0.0719063 0.00559998
56 0.466083 0.41806 0.0401651 0.0384615 0.00518036
0 0.188553 0.458612 0.0100413 0.0301003 0.0051384
25 0.476961 0.280518 0.0435122 0.0267558 0.0050621
0 0.373201 0.404578 0.0211983 0.042015 0.0050621
0 0.347261 0.401756 0.0195247 0.062709 0.00494385
0 0.454089 0.414716 0.0211983 0.0434783 0.00471878
0 0.343635 0.42893 0.0312396 0.0928094 0.00466537
56 0.585742 0.42893 0.0345867 0.0392976 0.00466537
0 0.80665 0.433947 0.044628 0.0501672 0.00438309
56 0.454647 0.422659 0.0200826 0.0284281 0.00428009
56 0.624791 0.437291 0.0312396 0.0217391 0.00426483
9 0.930492 0.475753 0.00669422 0.0150502 0.00426483
0 0.840679 0.431438 0.0189669 0.0518395 0.00424957
0 0.274183 0.429766 0.0390494 0.0668896 0.00416565
0 0.371806 0.396739 0.0172933 0.0326087 0.00411606
0 0.807765 0.434365 0.0334709 0.0451505 0.00382423
0 0.580721 0.427258 0.0435123 0.0434783 0.0037365
9 0.203197 0.348662 0.0343077 0.0677258 0.00356483
0 0.720741 0.418896 0.0334709 0.048495 0.00346947
0 0.321321 0.443144 0.0635948 0.0635452 0.00336266
56 0.579047 0.430602 0.0490907 0.035117 0.00324821
0 0.266373 0.4213 0.0195247 0.0604097 0.00321007
56 0.308491 0.444398 0.0357023 0.0568562 0.00319672
7 0.0149922 0.521739 0.0175722 0.0367893 0.00318527
2 0.465525 0.413462 0.0418387 0.0434783 0.00317192
0 0.46162 0.407922 0.0373759 0.0520485 0.00304031
56 0.309048 0.435619 0.0334709 0.0392976 0.00291252
0 0.418945 0.429766 0.0122727 0.076087 0.00291252
37 0.600803 0.29536 0.294544 0.0635451 0.00282288
0 0.447395 0.412625 0.0167355 0.0493311 0.00277901
0 0.719625 0.429766 0.0334709 0.0367893 0.0026722
0 0.374875 0.390259 0.0234297 0.0631271 0.00266266
0 0.472498 0.408758 0.0546692 0.0587375 0.00253105
56 0.403325 0.438127 0.0217561 0.0501672 0.00245285
0 0.478913 0.411789 0.0463015 0.0501672 0.00234985
25 0.32941 0.308946 0.282829 0.0769231 0.00234222
0 0.369017 0.442412 0.0317974 0.101798 0.00230598
0 0.402209 0.407191 0.0211983 0.0392977 0.00222588
0 0.703448 0.43102 0.0691733 0.0434783 0.00221634
0 0.307375 0.453595 0.0323552 0.0376254 0.00218201
0 0.668303 0.42015 0.022314 0.062709 0.00215721
0 0.375711 0.399561 0.0256611 0.0503762 0.00209045
0 0.465804 0.410953 0.0429544 0.0409699 0.0020752
56 0.757001 0.438545 0.0234297 0.0225753 0.00204277
0 0.876939 0.169732 0.240991 0.329431 0.00204277
56 0.473893 0.427258 0.0245453 0.0200669 0.00203514
9 0.015184 0.521321 0.0173979 0.0359532 0.00203514
0 0.4566 0.418896 0.0195247 0.0518395 0.00203514
0 0.242385 0.432379 0.0730782 0.0867475 0.00201035
56 0.510153 0.427258 0.0284503 0.0317726 0.00198746
4 0.0491605 0.445548 0.0799119 0.204222 0.00198746
0 0.094416 0.493729 0.00488118 0.0192308 0.00195694
56 0.508479 0.425585 0.022314 0.0267559 0.00189686
56 0.683923 0.423913 0.0211982 0.0284281 0.00188255
0 0.816691 0.443144 0.022314 0.0301003 0.00185299
13 0.956711 0.542642 0.0390494 0.0117057 0.00185299
0 0.507364 0.41806 0.0206404 0.0367893 0.00184631
0 0.508758 0.426839 0.0301239 0.0326087 0.00182438
0 0.337778 0.441053 0.0418387 0.0702341 0.00179577
0 0.271115 0.449833 0.0451858 0.0451505 0.00179577
56 0.454089 0.414716 0.0211983 0.0434783 0.00178242
20 0.53944 0.509302 0.712931 0.524875 0.00178242
7 0.0491605 0.445548 0.0799119 0.204222 0.00176811
0 0.531909 0.420987 0.0373759 0.0459866 0.00175476
13 0.992971 0.540552 0.0122727 0.00919733 0.00174809
0 0.273067 0.417642 0.0323552 0.0610368 0.00174141
0 0.298728 0.44189 0.0451858 0.0560201 0.00171375
0 0.331362 0.43217 0.114917 0.103888 0.0017004
56 0.684481 0.429766 0.025661 0.0401338 0.00169373
56 0.79884 0.436455 0.0290082 0.041806 0.00162315
7 0.524378 0.510765 0.705121 0.518604 0.00161648
0 0.444885 0.407295 0.0133884 0.0599917 0.00158501
0 0.66663 0.425167 0.0178512 0.0434783 0.00157356
0 0.350329 0.444816 0.0647105 0.09699 0.00156689
0 0.512105 0.398725 0.0334709 0.0587375 0.00156116
0 0.818365 0.43102 0.070289 0.0576923 0.00155449
0 0.542787 0.425585 0.0301239 0.0401338 0.00154877
0 0.761464 0.432274 0.0301239 0.041806 0.00153065
0 0.866897 0.432274 0.0200826 0.0401338 0.00153065
0 0.673324 0.420987 0.033471 0.062709 0.00152493
0 0.536093 0.423913 0.0312396 0.0409699 0.0015192
0 0.305143 0.257943 0.0161776 0.013796 0.00149536
0 0.348098 0.39005 0.018409 0.0685619 0.00149536
74 0.865782 0.42893 0.0178513 0.0434783 0.00148964
9 0.185206 0.451505 0.00892558 0.0367893 0.00148392
0 0.716836 0.430602 0.0423965 0.041806 0.0014782
0 0.466083 0.401442 0.0429544 0.0633361 0.00141048
0 0.797724 0.423077 0.0267768 0.041806 0.00136662
0 0.509037 0.410953 0.0245454 0.035117 0.00136185
0 0.452973 0.423077 0.0206404 0.0292642 0.00136185
0 0.488676 0.415552 0.0223139 0.0468228 0.00135612
56 0.517963 0.410117 0.0418386 0.0250836 0.00130463
56 0.676671 0.426421 0.0379337 0.0501672 0.00130463
2 0.866897 0.432274 0.0200826 0.0401338 0.00129414
56 0.640411 0.418896 0.0178512 0.0200669 0.00128937
0 0.209193 0.644649 0.0273346 0.0953177 0.00127411
56 0.634274 0.434783 0.0368181 0.0284281 0.00122547
0 0.725204 0.42893 0.0267767 0.0434783 0.00121117
25 0.367901 0.2801 0.239317 0.0585284 0.00118351
4 0.0719625 0.446593 0.127469 0.207149 0.00117874
56 0.460225 0.412625 0.0312396 0.0459866 0.00115585
0 0.287292 0.264214 0.0122727 0.0100334 0.00113773
0 0.802187 0.438545 0.0368181 0.0392977 0.00113773
0 0.593551 0.427258 0.0312396 0.041806 0.00112438
0 0.745286 0.133779 0.196363 0.257525 0.00112438
0 0.225371 0.428094 0.0412808 0.0911371 0.00112057
56 0.450463 0.412207 0.0234297 0.0526756 0.00112057
0 0.283108 0.424331 0.0334709 0.062709 0.0011158
0 0.286177 0.26505 0.0122727 0.0125418 0.00111198
37 0.378222 0.272993 0.19971 0.0568562 0.00109005
4 0.0240921 0.439799 0.0161079 0.197324 0.00106049
0 0.498159 0.406354 0.033471 0.0660535 0.00105667
56 0.517126 0.429766 0.0412808 0.0284281 0.00105667
13 0.944439 0.54515 0.0122727 0.00836121 0.00105667
0 0.299565 0.260451 0.0357023 0.0158863 0.00104809
0 0.594667 0.426421 0.0223139 0.0409699 0.00102806
0 0.403325 0.438545 0.0217561 0.0526756 0.00102806
0 0.473893 0.427258 0.0245453 0.0200669 0.00102043
25 0.378222 0.272993 0.19971 0.0568562 0.00101662
5 0.539719 0.500836 0.71572 0.505853 0.887207
0 0.362602 0.433842 0.0513221 0.100543 0.139404
0 0.374038 0.433215 0.0278924 0.096781 0.134766
0 0.268953 0.440635 0.0444885 0.0668896 0.0897827
0 0.349492 0.430602 0.077541 0.101171 0.0188293
0 0.354513 0.426839 0.0423965 0.104515 0.0174408
0 0.306259 0.44398 0.0379337 0.0551839 0.0163422
0 0.26191 0.438545 0.0396073 0.0710703 0.0162811
0 0.460225 0.412625 0.0312396 0.0459866 0.0137405
56 0.465804 0.410953 0.0429544 0.0401338 0.00894928
0 0.287292 0.440635 0.0585742 0.0643813 0.00894928
9 0.202499 0.332149 0.0326342 0.0338629 0.0085144
13 0.956711 0.544314 0.036818 0.0100335 0.0085144
0 0.346982 0.421823 0.022314 0.102843 0.00821686
0 0.375432 0.416388 0.0256611 0.0635451 0.00796509
0 0.590204 0.423913 0.022314 0.0367893 0.00796509
56 0.569006 0.414716 0.0312396 0.0267558 0.00751877
56 0.570122 0.423913 0.0334709 0.0434783 0.00751877
56 0.576676 0.423913 0.0471383 0.0451505 0.0069046
56 0.717952 0.431438 0.0379337 0.041806 0.0068512
0 0.255495 0.443144 0.0457436 0.0652174 0.00682449
0 0.261631 0.438963 0.0580163 0.0735786 0.00666809
0 0.79884 0.434783 0.0290082 0.0401338 0.00661469
0 0.594667 0.420569 0.0133884 0.0301003 0.00600433
0 0.265257 0.43102 0.0262189 0.0735786 0.00572968
0 0.325784 0.435201 0.0658262 0.0811037 0.00561905
0 0.403883 0.429766 0.0189669 0.0719063 0.00551224
56 0.466083 0.41806 0.0401651 0.0384615 0.00530243
25 0.476682 0.280518 0.0440701 0.0267558 0.00510025
0 0.373201 0.404787 0.0211983 0.041597 0.00503922
0 0.347261 0.401756 0.0195247 0.062709 0.00492477
0 0.188692 0.458612 0.0103202 0.0301003 0.00492477
0 0.454089 0.414716 0.0211983 0.0434783 0.00466537
56 0.585742 0.42893 0.0345867 0.0392976 0.0046463
0 0.343635 0.42893 0.0312396 0.0928094 0.00460815
56 0.454647 0.422659 0.0200826 0.0284281 0.00439835
0 0.80665 0.433947 0.044628 0.0501672 0.00436401
9 0.930492 0.476171 0.00669422 0.0158863 0.00431442
56 0.624791 0.437291 0.0312396 0.0217391 0.00426483
0 0.840679 0.431438 0.0189669 0.0518395 0.0042305
0 0.371806 0.396739 0.0172933 0.0326087 0.00416565
0 0.274183 0.429766 0.0390494 0.0668896 0.00416565
0 0.807765 0.434365 0.0345867 0.0451505 0.00385475
0 0.580721 0.427258 0.0435123 0.0434783 0.00366402
9 0.203197 0.348662 0.0343077 0.0677258 0.00351143
0 0.720741 0.418896 0.0334709 0.0493311 0.00345612
0 0.321321 0.443144 0.0635948 0.0635452 0.00329781
56 0.308491 0.444398 0.0357023 0.0568562 0.00327301
56 0.579047 0.430602 0.0490907 0.035117 0.00322342
7 0.0149922 0.521739 0.0175722 0.0367893 0.00321007
0 0.266373 0.421405 0.0195247 0.0602007 0.00318527
2 0.465525 0.413148 0.0418387 0.0432692 0.00314713
0 0.46162 0.407922 0.0373759 0.0520485 0.00301552
56 0.309048 0.435619 0.0334709 0.0384615 0.00292397
0 0.418945 0.429766 0.0122727 0.076087 0.00290108
37 0.600385 0.29536 0.294265 0.0635451 0.0028553
0 0.447395 0.412625 0.0167355 0.0493311 0.00273705
0 0.374875 0.390259 0.0234297 0.0631271 0.00266266
0 0.719625 0.429766 0.0334709 0.0367893 0.00265312
0 0.472498 0.409281 0.0546692 0.0585284 0.0024929
56 0.403325 0.438127 0.0217561 0.0501672 0.0024929
25 0.32941 0.308946 0.282829 0.0769231 0.00236893
0 0.478913 0.412207 0.0463015 0.0501672 0.00234222
0 0.369017 0.442412 0.0317974 0.101798 0.00226021
0 0.402209 0.407086 0.0211983 0.0386706 0.00224304
0 0.703448 0.43102 0.0691733 0.0434783 0.00219154
0 0.668303 0.42015 0.022314 0.062709 0.00217438
0 0.375711 0.399561 0.0256611 0.0503762 0.00212479
56 0.473893 0.427258 0.0245453 0.0200669 0.00211525
0 0.307375 0.453595 0.0323552 0.0376254 0.00211525
56 0.757001 0.438545 0.0234297 0.0225753 0.00206757
0 0.4566 0.418896 0.0195247 0.0518395 0.0020504
0 0.465804 0.410953 0.0429544 0.0401338 0.00201988
56 0.510153 0.427258 0.0284503 0.0317726 0.00201988
4 0.0488815 0.445652 0.0794935 0.20485 0.00201988
9 0.015184 0.521321 0.0173979 0.0359532 0.00201035
0 0.876939 0.169732 0.240991 0.329849 0.00198746
0 0.242525 0.432379 0.0727993 0.0867475 0.00197983
56 0.508479 0.425585 0.022314 0.0267559 0.00194168
56 0.683923 0.423913 0.0211982 0.0284281 0.00191212
0 0.094416 0.493729 0.00488118 0.0192308 0.00188923
56 0.454089 0.414716 0.0211983 0.0434783 0.00185299
0 0.507364 0.41806 0.0206404 0.0367893 0.00184631
0 0.816691 0.443144 0.022314 0.0301003 0.00183868
0 0.508758 0.426839 0.0301239 0.0326087 0.0018177
0 0.532188 0.420987 0.036818 0.0459866 0.00176811
0 0.337778 0.441053 0.0418387 0.0702341 0.00176811
0 0.271115 0.449833 0.0451858 0.0451505 0.00176811
7 0.0488815 0.445652 0.0794935 0.20485 0.00176811
20 0.53944 0.509302 0.712931 0.524875 0.00176144
13 0.992971 0.540552 0.0122727 0.00919733 0.0017271
0 0.273067 0.417642 0.0323552 0.0610368 0.00172043
56 0.684481 0.429766 0.025661 0.0401338 0.00170708
0 0.298449 0.44189 0.0446279 0.0560201 0.0016613
56 0.79884 0.436455 0.0290082 0.041806 0.00163555
0 0.331083 0.43217 0.115475 0.103888 0.00163555
7 0.524378 0.510765 0.705121 0.518604 0.00160408
0 0.66663 0.425167 0.0178512 0.0434783 0.00159168
0 0.444885 0.406773 0.0133884 0.0593645 0.00158501
0 0.512105 0.399247 0.0334709 0.0593645 0.00155449
0 0.761464 0.432274 0.0301239 0.041806 0.00154877
0 0.542508 0.425585 0.0306817 0.0401338 0.00154877
0 0.673324 0.420987 0.033471 0.062709 0.00154305
0 0.818365 0.43102 0.070289 0.0576923 0.00154305
0 0.866897 0.432274 0.0200826 0.0401338 0.00154305
0 0.350329 0.444816 0.0647105 0.09699 0.00153637
0 0.536093 0.423913 0.0312396 0.0409699 0.00151253
0 0.305143 0.257943 0.0156198 0.013796 0.00148964
0 0.348098 0.39005 0.018409 0.0685619 0.00148964
74 0.865782 0.42893 0.0178513 0.0434783 0.00148964
0 0.716278 0.430602 0.0423965 0.041806 0.00146103
9 0.185206 0.451505 0.00920451 0.0367893 0.00142097
0 0.466083 0.401442 0.0429544 0.0633361 0.00140476
0 0.797724 0.423077 0.0267768 0.041806 0.00136662
0 0.509037 0.411371 0.0245454 0.035117 0.00135612
0 0.452973 0.423077 0.0206404 0.0292642 0.00134087
0 0.488397 0.415552 0.022314 0.0468228 0.00133038
56 0.517963 0.410117 0.0418386 0.0250836 0.00131512
56 0.676671 0.426421 0.0379337 0.0501672 0.00130939
56 0.640411 0.418896 0.0178512 0.0200669 0.00129414
2 0.866897 0.432274 0.0200826 0.0401338 0.00129414
0 0.209193 0.644649 0.0273346 0.0953177 0.00123501
25 0.36818 0.279682 0.238759 0.0585284 0.00123501
56 0.634274 0.434783 0.0368181 0.0284281 0.00122547
0 0.745286 0.134197 0.194131 0.258361 0.0012207
56 0.460225 0.412625 0.0312396 0.0459866 0.00119686
0 0.725204 0.42893 0.0267767 0.0434783 0.00119686
4 0.072102 0.446593 0.127747 0.207149 0.00119686
56 0.450463 0.412207 0.0234297 0.0526756 0.00114727
0 0.287292 0.264214 0.0122727 0.0100334 0.00113392
0 0.802187 0.438545 0.0368181 0.0392977 0.00113392
0 0.593551 0.427258 0.0312396 0.041806 0.00112057
0 0.225371 0.428094 0.0412808 0.0911371 0.00110722
0 0.286177 0.26505 0.0122727 0.0125418 0.0011034
0 0.283108 0.424331 0.0334709 0.062709 0.0011034
4 0.0240485 0.439799 0.0161951 0.197324 0.00109863
37 0.378501 0.272993 0.199152 0.0568562 0.00109005
56 0.517126 0.429766 0.0412808 0.0284281 0.00107765
13 0.944439 0.54515 0.0122727 0.00836121 0.00106049
25 0.378501 0.272993 0.199152 0.0568562 0.00105286
0 0.299565 0.260451 0.0351445 0.0163043 0.00104427
0 0.498159 0.406354 0.033471 0.0660535 0.00103664
0 0.594667 0.426421 0.0223139 0.0409699 0.00101662
0 0.403325 0.438545 0.0217561 0.0526756 0.00101662
