32 0.479167 0.410714 0.107887 0.0803571 0.908203
0 0.58631 0.384208 0.482143 0.430246 0.809082
0 0.0206473 0.302176 0.0386905 0.122768 0.720215
0 0.601935 0.18028 0.0818453 0.128278 0.706543
0 0.385789 0.211217 0.106399 0.171317 0.644043
0 0.201265 0.263951 0.0736607 0.104353 0.622559
0 0.331101 0.294573 0.0997024 0.138532 0.501953
0 0.158482 0.264788 0.0420387 0.0926339 0.47168
16 0.195313 0.339007 0.127232 0.0580357 0.439697
0 0.201265 0.286272 0.0721726 0.15067 0.401611
0 0.933036 0.293039 0.101191 0.154994 0.299805
29 0.0212984 0.280134 0.0366444 0.0267857 0.245117
35 0.396949 0.492188 0.10119 0.0792411 0.194336
29 0.785714 0.301897 0.0625 0.0569196 0.183594
0 0.928572 0.319754 0.0922619 0.102121 0.182373
0 0.155878 0.258092 0.0353423 0.0719866 0.16394
33 0.839286 0.270159 0.315476 0.108119 0.149048
0 0.381696 0.244141 0.114583 0.237165 0.141235
0 0.952381 0.232701 0.0372024 0.0362723 0.139893
16 0.333333 0.294015 0.0982143 0.140765 0.119202
0 0.193638 0.292341 0.127604 0.150809 0.106873
29 0.0200893 0.276507 0.0392485 0.0362723 0.102295
0 0.194568 0.338728 0.127976 0.0580357 0.0985718
0 0.684524 0.358817 0.122024 0.337054 0.0953369
33 0.84003 0.292411 0.313988 0.154018 0.0946655
0 0.300223 0.288574 0.0357143 0.0645926 0.0917358
0 0.327753 0.310198 0.0677083 0.102818 0.0869141
32 0.459077 0.394531 0.0267857 0.0223214 0.0869141
35 0.783482 0.300781 0.0610119 0.0546875 0.0863037
0 0.739583 0.332868 0.181548 0.211496 0.0827026
16 0.215402 0.351562 0.0885417 0.0301339 0.0803833
0 0.716518 0.374442 0.183036 0.367188 0.0759888
0 0.962798 0.267857 0.0684524 0.106585 0.0754395
32 0.0209263 0.277065 0.0381324 0.0368304 0.0753174
0 0.16369 0.257254 0.0438988 0.0697545 0.0684204
25 0.839286 0.270159 0.315476 0.108119 0.0668335
0 0.166853 0.265067 0.0412946 0.0993304 0.0632324
0 0.947917 0.284319 0.0729167 0.137835 0.0595398
52 0.785714 0.301897 0.0625 0.0569196 0.0579224
0 0.0188337 0.286272 0.0376674 0.0909598 0.0574951
16 0.21317 0.339286 0.0892857 0.0546875 0.0558167
0 0.951637 0.268415 0.0520833 0.108259 0.0492249
0 0.700149 0.333078 0.0758929 0.270229 0.0464783
37 0.416667 0.311663 0.191964 0.191964 0.0462036
0 0.993304 0.245257 0.0133928 0.047433 0.0427246
0 0.877232 0.294155 0.232143 0.156111 0.0403748
0 0.466146 0.2101 0.0446429 0.0412946 0.0377502
35 0.156622 0.330357 0.0513393 0.0401786 0.0367737
0 0.364211 0.280971 0.0379464 0.104353 0.0348206
35 0.382813 0.486607 0.0736607 0.0669643 0.0346069
33 0.434896 0.311942 0.21131 0.194196 0.0340881
29 0.793155 0.29827 0.0386904 0.0496652 0.0325928
0 0.300595 0.300223 0.0409226 0.0909598 0.0310211
33 0.75372 0.323382 0.163691 0.174107 0.0297546
35 0.438616 0.488839 0.18378 0.0870536 0.0293121
0 0.172619 0.287388 0.077381 0.141183 0.0290833
35 0.469122 0.471261 0.0952381 0.0535714 0.028656
33 0.446429 0.371931 0.229167 0.314732 0.0283356
32 0.788691 0.301339 0.0535714 0.0535714 0.0280151
0 0.168527 0.263951 0.0587798 0.0976562 0.026062
0 0.164435 0.248605 0.0334821 0.0502232 0.0259552
0 0.715774 0.324498 0.184524 0.24721 0.0255127
37 0.567336 0.313616 0.478423 0.200893 0.0238647
51 0.790923 0.302176 0.0461309 0.0530134 0.0235138
32 0.479911 0.390625 0.0766369 0.0357143 0.0231476
0 0.344866 0.272879 0.078125 0.0959821 0.0222931
0 0.955357 0.24442 0.0476191 0.0636161 0.0213623
19 0.333333 0.294015 0.0982143 0.140765 0.0213623
0 0.191964 0.266741 0.0535714 0.0982143 0.0212402
32 0.912947 0.289621 0.0595238 0.0401786 0.0206451
25 0.838542 0.299386 0.319941 0.165179 0.02034
25 0.294643 0.28404 0.164435 0.123884 0.0202484
49 0.785714 0.301339 0.0595238 0.0541295 0.0195007
34 0.848214 0.233259 0.235119 0.0357143 0.0194244
35 0.451637 0.477679 0.209821 0.109375 0.0192719
0 0.674107 0.398507 0.308036 0.375977 0.0192719
0 0.761161 0.323033 0.14881 0.164202 0.0187683
32 0.0212984 0.280134 0.0366444 0.0267857 0.0183411
0 0.745536 0.376395 0.0446429 0.0708705 0.0178528
0 0.969494 0.242746 0.0610119 0.0518973 0.0178528
0 0.0198103 0.257254 0.0370164 0.0351562 0.0173035
33 0.568452 0.361049 0.477679 0.296875 0.0173035
0 0.696429 0.399065 0.104167 0.31236 0.016922
0 0.153088 0.272321 0.0331101 0.0859375 0.0167236
24 0.16369 0.257254 0.0438988 0.0697545 0.0166626
33 0.779018 0.2726 0.113095 0.0558036 0.0164032
37 0.568452 0.361049 0.477679 0.296875 0.0160217
0 0.769345 0.335659 0.0952381 0.155134 0.0154877
16 0.21317 0.352121 0.0595238 0.0284598 0.0147858
25 0.0850075 0.270717 0.158482 0.0969587 0.0143356
0 0.299107 0.279506 0.0342262 0.0514788 0.0141754
17 0.312128 0.294573 0.141369 0.140765 0.014061
41 0.785714 0.301897 0.0625 0.0569196 0.0139542
34 0.851191 0.248326 0.285714 0.0658482 0.0139542
18 0.333333 0.294015 0.0982143 0.140765 0.0138474
37 0.608631 0.380511 0.5625 0.368443 0.0134277
52 0.790923 0.302176 0.0461309 0.0530134 0.0128708
33 0.31808 0.37221 0.523066 0.320312 0.0128708
0 0.314732 0.30964 0.047619 0.0972377 0.012825
25 0.83631 0.243862 0.288691 0.0580357 0.0127258
17 0.333333 0.296875 0.0982143 0.147321 0.0124283
0 0.783482 0.307757 0.104167 0.125558 0.0119629
0 0.571429 0.304688 0.181548 0.378348 0.0119171
33 0.912947 0.289621 0.0595238 0.0390625 0.0118256
29 0.787946 0.268136 0.0952381 0.0435268 0.0117798
25 0.567336 0.313616 0.478423 0.200893 0.0116882
0 0.152902 0.242746 0.0293899 0.046875 0.0116425
24 0.215402 0.351562 0.0885417 0.0301339 0.0115051
29 0.776786 0.274484 0.120536 0.0581752 0.0114212
35 0.167039 0.330078 0.0721726 0.0412946 0.0114212
0 0.451637 0.45173 0.21131 0.16183 0.0114212
33 0.892113 0.287946 0.215774 0.146763 0.0113754
0 0.724702 0.335938 0.110119 0.198661 0.0112915
0 0.0201823 0.269252 0.0385045 0.0535714 0.0110321
0 0.671131 0.358887 0.135417 0.411691 0.0110321
0 0.482143 0.205078 0.0758929 0.0507812 0.0107803
35 0.451637 0.45173 0.21131 0.16183 0.0107803
32 0.793155 0.29827 0.0386904 0.0496652 0.0106506
0 0.295387 0.281529 0.0416667 0.0887277 0.0105286
24 0.194754 0.337333 0.12686 0.0530134 0.0104065
35 0.194754 0.337333 0.12686 0.0530134 0.0103683
35 0.783482 0.314174 0.0654762 0.0803571 0.0100098
33 0.331101 0.31257 0.410714 0.191825 0.00997162
0 0.941964 0.329799 0.0684524 0.0814732 0.00993347
25 0.0200893 0.276507 0.0392485 0.0362723 0.00981903
0 0.159412 0.244978 0.0364583 0.0502232 0.00963593
0 0.361607 0.31536 0.0669643 0.18736 0.00963593
0 0.326637 0.276297 0.0699405 0.103655 0.00955963
51 0.784226 0.301339 0.0625 0.0569196 0.00952148
26 0.912947 0.289062 0.0595238 0.0390625 0.00941467
36 0.194568 0.339286 0.127232 0.0569196 0.00941467
54 0.784226 0.301339 0.0625 0.0569196 0.00930023
0 0.285714 0.294085 0.0625 0.100446 0.00926971
34 0.453125 0.453683 0.220238 0.157366 0.00926971
0 0.679316 0.306083 0.0848214 0.205915 0.00908661
0 0.412946 0.311105 0.205357 0.194196 0.00894928
33 0.567336 0.313616 0.478423 0.200893 0.00891876
25 0.261161 0.271275 0.104167 0.0958427 0.00881195
0 0.299107 0.27002 0.0319941 0.039202 0.00878143
20 0.333333 0.294015 0.0982143 0.140765 0.0086441
37 0.294643 0.28404 0.164435 0.123884 0.00861359
33 0.776042 0.30971 0.119048 0.132812 0.00854492
32 0.790923 0.284877 0.0357143 0.0228795 0.0085144
0 0.973586 0.265346 0.0528274 0.0954241 0.00844574
17 0.321057 0.290179 0.205357 0.138393 0.00834656
0 0.299851 0.27002 0.0349702 0.0581752 0.008255
0 0.015346 0.30692 0.0303199 0.112723 0.008255
0 0.198289 0.260882 0.0543155 0.0530134 0.00793457
32 0.246373 0.489397 0.0191592 0.0145089 0.00793457
35 0.775298 0.320871 0.113095 0.143415 0.00790405
17 0.194568 0.339007 0.127232 0.0569196 0.0078125
0 0.215402 0.351562 0.0885417 0.0301339 0.00772476
0 0.645089 0.34382 0.15625 0.432896 0.00769424
29 0.783482 0.314174 0.0654762 0.0803571 0.00760651
0 0.479167 0.411272 0.108631 0.0803572 0.00754929
34 0.873512 0.238002 0.193452 0.046596 0.00748825
0 0.543899 0.180804 0.202381 0.129743 0.00746155
77 0.194568 0.338728 0.127976 0.0580357 0.00731659
0 0.178571 0.244978 0.0260417 0.0507812 0.00728989
19 0.312128 0.294573 0.141369 0.140765 0.00728989
16 0.227307 0.351842 0.0587798 0.0290179 0.00712204
0 0.740327 0.381975 0.18006 0.300223 0.00709534
29 0.479167 0.410714 0.107143 0.0803571 0.00701141
0 0.265253 0.28397 0.104911 0.120675 0.00698471
25 0.75372 0.323382 0.163691 0.174107 0.00679779
37 0.153088 0.272321 0.0331101 0.0859375 0.00677109
33 0.880208 0.262416 0.224702 0.0968192 0.00677109
0 0.994792 0.246373 0.0104167 0.0412946 0.00671768
25 0.422619 0.309989 0.188988 0.202567 0.00671768
0 0.700893 0.277832 0.0595238 0.0570591 0.00669098
35 0.380208 0.475446 0.0654762 0.0446429 0.00664139
25 0.568452 0.361049 0.477679 0.296875 0.00653839
19 0.194568 0.339007 0.127232 0.0569196 0.00651169
0 0.21224 0.340681 0.0851935 0.0524554 0.0064621
35 0.479167 0.410714 0.108631 0.0803571 0.00634003
54 0.790923 0.302176 0.0461309 0.0530134 0.00626373
0 0.718006 0.379185 0.0357143 0.0814732 0.00624084
24 0.21317 0.352121 0.0595238 0.0284598 0.00612259
0 0.182292 0.229492 0.0171131 0.0189732 0.006073
38 0.842262 0.233538 0.238095 0.0362723 0.006073
0 0.0187872 0.276228 0.0375744 0.0412946 0.00605011
46 0.785714 0.301897 0.0625 0.0569196 0.00598145
24 0.465774 0.2101 0.0446429 0.0412946 0.00568771
34 0.880208 0.262416 0.224702 0.0968192 0.00561905
20 0.312128 0.294573 0.141369 0.140765 0.00559998
0 0.678571 0.25014 0.105655 0.108538 0.00551224
35 0.802827 0.267578 0.0654762 0.0401786 0.00548935
0 0.68006 0.340472 0.191964 0.392718 0.00547028
0 0.946429 0.262556 0.107143 0.109933 0.00544739
34 0.747024 0.373884 0.0476191 0.0747768 0.00542831
33 0.0846354 0.26981 0.16183 0.0915179 0.00526047
0 0.21317 0.352121 0.0595238 0.0284598 0.00521851
35 0.75 0.380301 0.0520833 0.063058 0.00511932
26 0.16369 0.257254 0.0438988 0.0697545 0.00503922
0 0.506696 0.200195 0.125744 0.0608259 0.00498199
38 0.851191 0.248326 0.285714 0.0658482 0.00498199
0 0.720238 0.398996 0.125 0.372768 0.00498199
35 0.787946 0.268136 0.0952381 0.0435268 0.00492477
33 0.758929 0.26716 0.153274 0.0761719 0.00492477
0 0.546131 0.206752 0.21875 0.18192 0.00492477
24 0.479167 0.410714 0.108631 0.0803571 0.00482941
47 0.784226 0.301339 0.0625 0.0569196 0.00475693
37 0.525298 0.289062 0.416667 0.242188 0.00473785
77 0.333333 0.294015 0.0982143 0.140765 0.00469971
0 0.199777 0.263114 0.0587798 0.0797991 0.00468063
16 0.223958 0.351004 0.0416667 0.0267857 0.00468063
0 0.307292 0.286272 0.0401786 0.0580357 0.00466537
29 0.912947 0.289621 0.0580357 0.0396205 0.00462723
33 0.851191 0.248326 0.285714 0.0658482 0.00460815
35 0.912202 0.289621 0.0580357 0.0379464 0.0045929
2 0.465774 0.209403 0.0446429 0.0410156 0.00457382
0 0.839286 0.305315 0.308036 0.171736 0.00453949
38 0.0212984 0.280134 0.0366444 0.0267857 0.00450516
24 0.912947 0.289062 0.0595238 0.0390625 0.00446701
25 0.465774 0.209403 0.0446429 0.0410156 0.00443268
0 0.507441 0.280971 0.300595 0.302455 0.00441742
0 0.454985 0.375 0.226191 0.319196 0.00436401
0 0.357143 0.242746 0.162202 0.231585 0.00429916
37 0.0200893 0.276507 0.0392485 0.0362723 0.0042305
33 0.0200893 0.276507 0.0392485 0.0362723 0.00419998
29 0.790923 0.284877 0.0357143 0.0228795 0.00416565
49 0.793155 0.303013 0.0416667 0.0491071 0.00413513
24 0.168155 0.266881 0.0353423 0.0906808 0.00400543
16 0.194568 0.299735 0.127232 0.137137 0.00400543
17 0.347098 0.297991 0.176339 0.15625 0.00397491
0 0.545759 0.271763 0.209077 0.309152 0.0039444
37 0.261161 0.271275 0.104167 0.0958427 0.00388527
0 0.248884 0.297991 0.216518 0.131138 0.00387001
25 0.779018 0.2726 0.113095 0.0558036 0.00383949
0 0.325893 0.321708 0.0758929 0.0770089 0.00376511
0 0.334821 0.285645 0.0491071 0.0659877 0.00374985
0 0.717262 0.393415 0.0357143 0.0513393 0.0037365
16 0.333333 0.279018 0.0855655 0.108817 0.00366402
0 0.218006 0.260463 0.0238095 0.0359933 0.00362206
35 0.793155 0.303013 0.0416667 0.0491071 0.00362206
35 0.242653 0.352958 0.0295759 0.0267857 0.00362206
0 0.207961 0.231306 0.0558036 0.0410156 0.00359344
0 0.540179 0.198103 0.194941 0.0714286 0.00358009
20 0.321057 0.290179 0.205357 0.138393 0.00358009
0 0.678571 0.323033 0.104167 0.254604 0.00344276
35 0.463542 0.479632 0.110863 0.0691964 0.00341606
37 0.839286 0.270159 0.315476 0.108119 0.00341606
17 0.336682 0.277274 0.0915178 0.107282 0.00335121
0 0.505952 0.46317 0.318452 0.260045 0.00333786
25 0.608631 0.380511 0.5625 0.368443 0.00327301
35 0.702381 0.284598 0.0535714 0.046875 0.00324821
33 0.749256 0.384487 0.0491072 0.0569196 0.00324821
0 0.219122 0.255022 0.0241816 0.0284598 0.00322342
0 0.34561 0.274275 0.0572917 0.0881696 0.00321007
0 0.0184152 0.244978 0.0353423 0.0558036 0.00314713
0 0.261905 0.290248 0.0870536 0.100307 0.00312424
0 0.913691 0.288784 0.0595238 0.0401786 0.00309944
37 0.450893 0.367188 0.233631 0.308036 0.003088
37 0.75372 0.323382 0.163691 0.174107 0.0030632
32 0.436756 0.363281 0.0394345 0.0239955 0.00302696
38 0.873512 0.238002 0.193452 0.046596 0.00299263
0 0.366071 0.270368 0.0357143 0.0792411 0.00296974
33 0.766369 0.337542 0.0922619 0.151925 0.00296974
0 0.213542 0.241071 0.0625 0.0602679 0.00294685
0 0.18006 0.25279 0.0252976 0.0329241 0.00293541
26 0.167039 0.330078 0.0721726 0.0412946 0.00292397
29 0.801339 0.272042 0.061012 0.0457589 0.00291252
0 0.225446 0.266881 0.0409226 0.0728237 0.00287819
32 0.822917 0.272042 0.0238095 0.0228795 0.00287819
37 0.146577 0.278948 0.0416667 0.0771484 0.00286674
20 0.194568 0.339007 0.127232 0.0569196 0.00286674
26 0.0202753 0.27567 0.0394345 0.0401786 0.00284576
25 0.450893 0.367188 0.233631 0.308036 0.00284576
0 0.595982 0.480469 0.129464 0.243304 0.00283432
0 0.285714 0.275739 0.0595238 0.0969587 0.00279999
33 0.594866 0.390625 0.52753 0.388393 0.00279999
35 0.776786 0.31536 0.10119 0.109236 0.00279045
16 0.206659 0.342355 0.0703125 0.0479911 0.00277901
0 0.30878 0.337054 0.0453869 0.046875 0.00275803
14 0.912947 0.289621 0.0595238 0.0401786 0.00274658
33 0.784226 0.266323 0.101191 0.0454799 0.0027256
17 0.194568 0.299735 0.127232 0.137137 0.00269318
41 0.793155 0.296317 0.0401786 0.0452009 0.00264168
0 0.775298 0.323033 0.101191 0.111747 0.00264168
35 0.778274 0.274833 0.119048 0.0591518 0.00261116
19 0.321057 0.290179 0.205357 0.138393 0.00261116
25 0.912947 0.289062 0.0595238 0.0390625 0.00255013
32 0.240327 0.702009 0.0550595 0.015625 0.00253105
33 0.93006 0.294085 0.130952 0.157366 0.00253105
3 0.195685 0.307478 0.130952 0.111049 0.00252151
0 0.740327 0.320312 0.138393 0.206473 0.00252151
32 0.776786 0.31536 0.10119 0.109236 0.00248146
33 0.387649 0.305246 0.255952 0.172991 0.00248146
25 0.261905 0.247628 0.0877976 0.0493862 0.00247192
24 0.156994 0.258789 0.0372024 0.0761719 0.00244331
0 0.173363 0.267718 0.0279018 0.093471 0.00243378
25 0.798363 0.256138 0.224702 0.0814732 0.00243378
19 0.194568 0.299735 0.127232 0.137137 0.00243378
26 0.21317 0.352121 0.0595238 0.0284598 0.00242424
0 0.975819 0.244699 0.0483631 0.0457589 0.00240517
0 0.0126488 0.242327 0.0238095 0.0521763 0.00239754
0 0.21317 0.271484 0.0342262 0.0697545 0.00239754
0 0.205543 0.248047 0.0695685 0.0608259 0.002388
0 0.149182 0.262556 0.0379464 0.0820312 0.002388
16 0.326637 0.2726 0.0677083 0.0965402 0.002388
32 0.479167 0.410714 0.107143 0.0803571 0.896484
0 0.585938 0.384208 0.482887 0.430246 0.760742
0 0.0206473 0.301897 0.0386905 0.123326 0.705566
0 0.601935 0.180211 0.0818453 0.128418 0.685059
0 0.385417 0.211217 0.107143 0.171875 0.628906
0 0.201823 0.263951 0.0740327 0.104911 0.597168
0 0.328869 0.294364 0.0922619 0.140067 0.474609
0 0.158482 0.264788 0.0412947 0.0926339 0.455078
16 0.195313 0.339007 0.127232 0.0580357 0.42627
0 0.933036 0.293248 0.101191 0.155134 0.309082
29 0.0212054 0.279855 0.0368304 0.0273438 0.259766
0 0.202753 0.291574 0.0758929 0.160156 0.178345
29 0.785714 0.301897 0.0625 0.0569196 0.171021
0 0.155878 0.257952 0.0349702 0.0717076 0.161377
35 0.396577 0.492188 0.101191 0.0792411 0.160278
0 0.928572 0.319754 0.0922619 0.102121 0.140137
0 0.952381 0.232701 0.0372024 0.0362723 0.138916
0 0.38058 0.243304 0.116815 0.236607 0.135254
33 0.839286 0.268694 0.315476 0.106027 0.126831
0 0.193824 0.292132 0.127976 0.151786 0.102112
35 0.783482 0.300781 0.0610119 0.0546875 0.0987549
0 0.688988 0.356306 0.130952 0.328683 0.0984497
0 0.194754 0.338728 0.127604 0.0580357 0.0944824
16 0.215402 0.351562 0.0885417 0.0301339 0.0927124
0 0.300595 0.288504 0.0357143 0.0636161 0.0910645
32 0.0209263 0.277902 0.0381324 0.0351562 0.0881958
33 0.84003 0.292411 0.313988 0.154018 0.0859985
16 0.333333 0.294085 0.0982143 0.141183 0.0853882
32 0.459449 0.394531 0.0260417 0.0223214 0.085083
0 0.328125 0.309989 0.0669643 0.103237 0.0794678
52 0.785714 0.301897 0.0625 0.0569196 0.078064
0 0.717262 0.371373 0.1875 0.359933 0.0745239
0 0.164063 0.257812 0.0431548 0.0714286 0.0714722
0 0.962054 0.268345 0.0669643 0.107282 0.0709229
0 0.741071 0.323033 0.181548 0.201032 0.0700684
16 0.21317 0.339286 0.0892857 0.0546875 0.0675659
25 0.839286 0.268694 0.315476 0.106027 0.0628052
0 0.166853 0.265346 0.0405506 0.0993304 0.0602112
0 0.0189267 0.285993 0.0378534 0.0904018 0.0569763
0 0.947917 0.284877 0.0729167 0.139509 0.0546875
35 0.156622 0.330357 0.0513393 0.0396205 0.053009
37 0.417411 0.311663 0.190476 0.191406 0.0503235
0 0.951637 0.268694 0.0505953 0.108817 0.0444336
0 0.993304 0.244978 0.0133928 0.047433 0.0423889
0 0.466518 0.2101 0.0446429 0.0412946 0.0421753
0 0.700149 0.333705 0.0773809 0.271205 0.0419312
0 0.889137 0.294364 0.205357 0.15625 0.041687
0 0.364583 0.280622 0.0372024 0.103934 0.0381165
0 0.700893 0.312221 0.0684524 0.209821 0.0357361
33 0.755208 0.325405 0.159226 0.171736 0.0346069
35 0.383929 0.486886 0.0744048 0.0669643 0.0335999
0 0.300595 0.299665 0.0401786 0.0898438 0.0327759
51 0.790923 0.302455 0.0446428 0.0530134 0.0324707
29 0.793155 0.29548 0.0386904 0.0435268 0.0309143
33 0.43378 0.311663 0.208333 0.194754 0.0304413
32 0.912947 0.289621 0.0595238 0.0401786 0.0293121
35 0.469494 0.470982 0.0952381 0.0535714 0.0282135
0 0.345238 0.272391 0.0773809 0.0958426 0.0256195
34 0.849702 0.233119 0.227679 0.0359933 0.0252686
33 0.446429 0.371582 0.227679 0.314872 0.0247955
0 0.841518 0.292969 0.311012 0.155692 0.0246124
0 0.164807 0.248186 0.0327381 0.0493862 0.0245667
0 0.718006 0.320871 0.186012 0.237165 0.0245667
0 0.955357 0.242746 0.0446429 0.0597098 0.024231
0 0.171131 0.287388 0.0736607 0.140625 0.024231
49 0.785714 0.301339 0.0595238 0.0541295 0.0236969
37 0.56436 0.313616 0.47247 0.202009 0.0236969
32 0.789435 0.301618 0.0520833 0.0535714 0.0233307
32 0.479911 0.390625 0.0758929 0.0357143 0.0224609
35 0.438616 0.48856 0.18378 0.0876116 0.0223694
25 0.293527 0.284319 0.161458 0.124442 0.0222931
25 0.838542 0.306292 0.316964 0.180943 0.0213623
19 0.333333 0.294085 0.0982143 0.141183 0.0197144
0 0.153088 0.272391 0.0327381 0.085798 0.019455
0 0.191592 0.266741 0.0528274 0.0982143 0.0188293
34 0.848958 0.247489 0.284226 0.0647321 0.0188293
16 0.213914 0.352121 0.0572917 0.0279018 0.0173035
41 0.792411 0.301339 0.0476191 0.0552455 0.0171814
29 0.790923 0.302455 0.0446428 0.0530134 0.0171814
0 0.0197173 0.256975 0.0370164 0.0351562 0.0167847
35 0.166481 0.330357 0.0706845 0.0412946 0.0167847
35 0.451637 0.476842 0.209821 0.111607 0.0167236
0 0.680804 0.329799 0.110119 0.266741 0.0165863
25 0.83631 0.244141 0.288691 0.0585938 0.0164032
33 0.779762 0.2726 0.110119 0.0558036 0.0164032
18 0.333333 0.294085 0.0982143 0.141183 0.0160217
51 0.784226 0.301339 0.0625 0.0558036 0.0157776
0 0.762649 0.321708 0.145833 0.161272 0.0157776
37 0.561756 0.357701 0.464286 0.291853 0.0157776
0 0.970982 0.242746 0.0580357 0.0513393 0.0157166
17 0.3125 0.294155 0.139881 0.141602 0.0155411
52 0.790923 0.302455 0.0446428 0.0530134 0.0154266
29 0.0204613 0.273507 0.0392485 0.0445034 0.0151901
0 0.745536 0.376674 0.0446429 0.0714286 0.0151291
33 0.561756 0.357701 0.464286 0.291853 0.0146179
29 0.788691 0.268136 0.0952381 0.0435268 0.0145035
29 0.77753 0.273926 0.120536 0.0570591 0.014389
0 0.962798 0.239118 0.0595238 0.0485491 0.0139542
33 0.319196 0.371931 0.525298 0.320313 0.0136337
0 0.697917 0.397042 0.104167 0.307478 0.0135345
26 0.913691 0.289062 0.0595238 0.0390625 0.0130234
24 0.215402 0.351562 0.0885417 0.0301339 0.01297
37 0.603423 0.37786 0.552083 0.36928 0.0128708
0 0.299107 0.27839 0.0334821 0.0492466 0.012825
0 0.672619 0.3976 0.311012 0.376674 0.012825
0 0.941964 0.329799 0.0684524 0.0803571 0.0127716
35 0.784226 0.311663 0.0654762 0.0731027 0.0127258
0 0.769345 0.335938 0.0952381 0.155134 0.0125275
24 0.164063 0.257812 0.0431548 0.0714286 0.0123825
0 0.195685 0.314104 0.130208 0.0961216 0.012291
0 0.451265 0.45173 0.210565 0.162388 0.0121918
0 0.152902 0.242188 0.0297619 0.0457589 0.012146
0 0.478051 0.204799 0.0684524 0.0513393 0.0120087
35 0.194754 0.337333 0.12686 0.0530134 0.0117798
33 0.913691 0.289621 0.0595238 0.0390625 0.0112457
0 0.0202753 0.268973 0.0386905 0.0541295 0.0112
0 0.295387 0.28118 0.0416667 0.0871931 0.0111618
0 0.676339 0.361607 0.136905 0.397321 0.0110321
0 0.413691 0.310896 0.203869 0.194057 0.0109482
16 0.337054 0.276786 0.0915179 0.106585 0.0109024
0 0.313988 0.30971 0.0476191 0.0970982 0.0109024
35 0.451265 0.45173 0.210565 0.162388 0.0108566
0 0.783482 0.307478 0.102679 0.126116 0.0107803
33 0.891369 0.287388 0.217262 0.146205 0.0106506
35 0.775298 0.319824 0.113095 0.139369 0.0106506
54 0.784226 0.301339 0.0625 0.0569196 0.0105286
0 0.360863 0.31536 0.0654762 0.18736 0.0102463
33 0.322917 0.312779 0.426339 0.191964 0.0102463
34 0.873512 0.236049 0.194941 0.0435268 0.0101318
32 0.24628 0.489397 0.0193452 0.0145089 0.00974274
17 0.333333 0.297503 0.0982143 0.149414 0.00974274
25 0.261161 0.271484 0.102679 0.0970982 0.00971222
25 0.56436 0.313616 0.47247 0.202009 0.00959778
0 0.287202 0.294015 0.0595238 0.0994699 0.00955963
0 0.326637 0.2756 0.0699405 0.101702 0.00941467
32 0.793155 0.297433 0.0386904 0.0479911 0.00941467
0 0.015346 0.30692 0.0303199 0.112165 0.00926971
17 0.320313 0.290458 0.204613 0.139509 0.00923157
0 0.725446 0.334821 0.111607 0.197545 0.00919342
0 0.159598 0.24442 0.0364583 0.0496652 0.00894928
25 0.0200893 0.277902 0.0394345 0.0329241 0.00891876
20 0.3125 0.294155 0.139881 0.141602 0.00891876
32 0.790923 0.284877 0.0357143 0.0228795 0.00888062
25 0.754464 0.322824 0.162202 0.177455 0.0088501
24 0.194754 0.337333 0.12686 0.0530134 0.00874329
16 0.228051 0.351842 0.0572917 0.0284598 0.00857544
0 0.679316 0.306083 0.0863096 0.205357 0.00857544
0 0.55878 0.304478 0.21875 0.377651 0.00834656
37 0.293527 0.284319 0.161458 0.124442 0.008255
0 0.299107 0.269252 0.03125 0.0379464 0.00818634
36 0.194754 0.339286 0.127604 0.0569196 0.00815582
0 0.178943 0.244699 0.0252976 0.0502232 0.00809479
34 0.876488 0.261998 0.223214 0.0965402 0.00800323
0 0.299851 0.269601 0.0342262 0.0567801 0.00793457
33 0.776786 0.30978 0.119048 0.132673 0.00790405
25 0.422247 0.309989 0.188988 0.202567 0.0078125
77 0.194754 0.338728 0.127604 0.0580357 0.0077858
34 0.452753 0.452567 0.219494 0.159598 0.00760651
20 0.333333 0.294643 0.0989583 0.140625 0.00746155
25 0.0842634 0.271275 0.157738 0.0991909 0.00743103
0 0.645833 0.344308 0.157738 0.429688 0.00743103
54 0.790923 0.302455 0.0446428 0.0530134 0.00740433
0 0.182292 0.229492 0.0171131 0.0189732 0.00728989
0 0.215402 0.351562 0.0885417 0.0301339 0.00728989
0 0.357143 0.242048 0.162202 0.23019 0.00725937
0 0.265718 0.283203 0.103981 0.119978 0.00712204
0 0.700893 0.277623 0.0595238 0.0580357 0.0069046
0 0.198661 0.260324 0.0528274 0.0485491 0.0068512
0 0.979167 0.263951 0.0416667 0.0926339 0.00669098
29 0.479167 0.410714 0.107143 0.0803571 0.00669098
0 0.479539 0.411272 0.108631 0.0803572 0.00664139
35 0.913691 0.289621 0.0595238 0.0396205 0.00653839
35 0.803571 0.267578 0.0625 0.0396205 0.0064888
24 0.213914 0.352121 0.0572917 0.0279018 0.00638962
19 0.194754 0.339007 0.12686 0.0569196 0.00634003
33 0.56436 0.313616 0.47247 0.202009 0.00629044
17 0.194754 0.339007 0.12686 0.0569196 0.00626373
0 0.212426 0.340681 0.0848214 0.0524554 0.00624084
37 0.153088 0.272391 0.0327381 0.085798 0.00621796
25 0.561756 0.357701 0.464286 0.291853 0.00614548
38 0.84375 0.233259 0.232143 0.0359933 0.00612259
33 0.876488 0.261998 0.223214 0.0965402 0.006073
35 0.380208 0.475167 0.0654762 0.0440848 0.00600433
0 0.0189732 0.276228 0.0379464 0.0407366 0.00595856
35 0.479167 0.410993 0.108631 0.0803571 0.00595856
34 0.748512 0.374163 0.0476191 0.0742188 0.00584412
46 0.785714 0.301897 0.0625 0.0569196 0.00579834
0 0.690476 0.338797 0.200893 0.372628 0.00579834
16 0.223958 0.351004 0.0409226 0.0267857 0.00570679
35 0.790923 0.302455 0.0446428 0.0530134 0.00568771
29 0.913691 0.289621 0.0595238 0.0396205 0.00566483
0 0.505952 0.200056 0.123512 0.0608259 0.0055542
0 0.337426 0.281529 0.0930059 0.115513 0.00551224
35 0.788691 0.268136 0.0952381 0.0435268 0.00540543
0 0.946429 0.262556 0.107143 0.109933 0.00536346
25 0.779762 0.2726 0.110119 0.0558036 0.00524139
32 0.240327 0.702009 0.0550595 0.015625 0.00519943
17 0.335193 0.296875 0.14881 0.154576 0.00518036
35 0.75 0.38058 0.0505952 0.0625 0.0051384
37 0.520833 0.288783 0.407738 0.242746 0.00510025
2 0.466146 0.209403 0.0446429 0.0410156 0.00508118
24 0.913691 0.289062 0.0595238 0.0390625 0.00508118
0 0.678571 0.25 0.105655 0.108259 0.00503922
0 0.213914 0.352121 0.0572917 0.0279018 0.00502014
0 0.544643 0.179269 0.208333 0.124163 0.00500107
25 0.466146 0.209403 0.0446429 0.0410156 0.00498199
38 0.848958 0.247489 0.284226 0.0647321 0.00496292
49 0.793155 0.303013 0.0416667 0.0491071 0.00494385
0 0.995164 0.24721 0.00967261 0.0407366 0.00482941
20 0.320313 0.290458 0.204613 0.139509 0.00482941
0 0.307292 0.285714 0.0401786 0.0574777 0.00475693
38 0.0212054 0.279855 0.0368304 0.0273438 0.00475693
0 0.718006 0.381417 0.0357143 0.0770089 0.00473785
24 0.466146 0.2101 0.0438988 0.0412946 0.00457382
77 0.333333 0.294085 0.0982143 0.141183 0.00457382
26 0.164063 0.257812 0.0431548 0.0714286 0.00452042
0 0.726191 0.328055 0.0848214 0.179827 0.00452042
0 0.208519 0.231585 0.0569196 0.0418527 0.00450516
0 0.965774 0.247489 0.0654762 0.0569196 0.00446701
29 0.790923 0.284877 0.0357143 0.0228795 0.00446701
32 0.436756 0.363281 0.0394345 0.0239955 0.00445175
0 0.741071 0.373047 0.175595 0.28404 0.00439835
32 0.0207403 0.270089 0.0370164 0.0513393 0.00434875
0 0.332589 0.301828 0.0520833 0.086077 0.00429916
37 0.261161 0.271484 0.102679 0.0970982 0.00418091
33 0.758929 0.266602 0.151786 0.0772879 0.00418091
37 0.0200893 0.277902 0.0394345 0.0329241 0.00415039
24 0.479911 0.410714 0.108631 0.0803571 0.00411606
47 0.784226 0.301339 0.0625 0.0569196 0.0041008
33 0.848958 0.247489 0.284226 0.0647321 0.0041008
0 0.678571 0.285784 0.107143 0.179548 0.0041008
0 0.200149 0.26409 0.0572917 0.0728236 0.00403976
0 0.218006 0.260603 0.0238095 0.0357143 0.00388527
35 0.776786 0.316127 0.0982143 0.108259 0.00383949
0 0.214658 0.240653 0.0610119 0.0594308 0.00379562
0 0.335193 0.285714 0.0483631 0.0652902 0.0037365
0 0.326637 0.321429 0.0744048 0.0770089 0.00370789
17 0.337054 0.276786 0.0915179 0.106585 0.00367928
0 0.225632 0.266462 0.0405506 0.0719866 0.00366402
0 0.454985 0.375 0.226935 0.319754 0.00363541
0 0.219122 0.255022 0.0245536 0.0284598 0.00362206
32 0.822917 0.272042 0.0238095 0.0223214 0.00356483
0 0.721726 0.397949 0.125 0.37486 0.00356483
0 0.250093 0.298061 0.2141 0.131557 0.00355148
0 0.261905 0.290179 0.0863095 0.0993304 0.00353813
26 0.166481 0.330357 0.0706845 0.0412946 0.00348282
35 0.464286 0.479632 0.110119 0.0691964 0.00345612
34 0.895833 0.233119 0.0952381 0.0245536 0.00344276
0 0.540179 0.198103 0.194941 0.0714286 0.00344276
41 0.793155 0.29548 0.0386904 0.0435268 0.00340271
0 0.50372 0.279576 0.309524 0.301339 0.00340271
0 0.0183222 0.244559 0.0351562 0.0549665 0.00338936
35 0.244048 0.353237 0.0267857 0.0256696 0.00337601
34 0.869792 0.232561 0.144345 0.0253906 0.00333786
38 0.873512 0.236049 0.194941 0.0435268 0.00328636
33 0.0200893 0.277902 0.0394345 0.0329241 0.00323486
0 0.366443 0.270089 0.0357143 0.078683 0.00322342
25 0.603423 0.37786 0.552083 0.36928 0.00319672
25 0.794643 0.256417 0.217262 0.0825893 0.00317192
0 0.345238 0.274275 0.0565476 0.0876116 0.00309944
16 0.194568 0.297154 0.127976 0.141741 0.00307465
29 0.803571 0.267578 0.0625 0.0396205 0.00305176
0 0.213728 0.271205 0.0327381 0.0691964 0.00305176
37 0.754464 0.322824 0.162202 0.177455 0.00304031
0 0.717262 0.395089 0.0357143 0.0479911 0.00302696
0 0.285714 0.27567 0.0587798 0.0959821 0.00301552
35 0.778274 0.274275 0.119048 0.0580357 0.00301552
0 0.666667 0.243583 0.0803572 0.09375 0.00298119
35 0.702381 0.284598 0.0535714 0.046317 0.00296974
0 0.18006 0.25293 0.0245536 0.0326451 0.00294685
25 0.262649 0.246652 0.0863095 0.047433 0.00294685
14 0.912947 0.289621 0.0595238 0.0401786 0.00288963
37 0.450149 0.366071 0.232143 0.307478 0.00286674
0 0.912202 0.288504 0.0565476 0.0390625 0.00284576
26 0.0202753 0.27567 0.0398066 0.0401786 0.00283432
0 0.0123698 0.241909 0.0230655 0.0513393 0.00282288
33 0.75 0.384487 0.0476191 0.0569196 0.00282288
17 0.194568 0.297154 0.127976 0.141741 0.00282288
26 0.215402 0.351562 0.0885417 0.0301339 0.00274658
33 0.766369 0.337891 0.0922619 0.151786 0.0027256
26 0.213914 0.352121 0.0572917 0.0279018 0.00269318
20 0.194754 0.339007 0.12686 0.0569196 0.00269318
25 0.450149 0.366071 0.232143 0.307478 0.00266266
37 0.146949 0.278948 0.0409226 0.0771484 0.00265312
0 0.149554 0.261579 0.0364583 0.0800781 0.00257111
19 0.320313 0.290458 0.204613 0.139509 0.00257111
0 0.198289 0.225725 0.0461309 0.0273438 0.00255013
19 0.194568 0.297154 0.127976 0.141741 0.00255013
24 0.166481 0.330357 0.0706845 0.0412946 0.00251198
0 0.30878 0.337054 0.0453869 0.046875 0.00251198
0 0.219494 0.245675 0.0505952 0.047154 0.00250244
20 0.335193 0.296875 0.14881 0.154576 0.0024929
0 0.173735 0.267578 0.0267857 0.09375 0.00246239
32 0.776786 0.316127 0.0982143 0.108259 0.00245285
0 0.544643 0.474609 0.24256 0.257254 0.00243378
53 0.783482 0.300781 0.0610119 0.0546875 0.00242424
0 0.206659 0.246931 0.0665923 0.0558036 0.0024147
33 0.934524 0.294364 0.122024 0.157366 0.0024147
33 0.321057 0.294085 0.120536 0.144531 0.0024147
24 0.168899 0.267439 0.0334822 0.0923549 0.00240517
32 0.479539 0.410714 0.107887 0.0803571 0.894043
0 0.58631 0.384766 0.482143 0.42913 0.744629
0 0.0206473 0.301618 0.0386905 0.123326 0.6875
0 0.601935 0.179932 0.0818453 0.128418 0.662109
0 0.384673 0.211217 0.108631 0.171317 0.613281
0 0.201823 0.263951 0.0740327 0.104353 0.589844
0 0.329241 0.294364 0.0922619 0.140067 0.469727
0 0.158482 0.264788 0.0409226 0.0926339 0.463867
16 0.195313 0.339286 0.127976 0.0580357 0.407227
0 0.933036 0.293039 0.101191 0.154994 0.306641
29 0.0202753 0.280692 0.0394345 0.0301339 0.275146
0 0.155506 0.257812 0.0342262 0.0719866 0.176147
0 0.202753 0.291574 0.0751488 0.160156 0.173828
29 0.785714 0.301897 0.0625 0.0569196 0.157104
0 0.952381 0.232561 0.0372024 0.0359933 0.143188
35 0.396577 0.492188 0.101191 0.0792411 0.143188
0 0.377976 0.243443 0.122024 0.236886 0.136841
0 0.928572 0.319754 0.0922619 0.102121 0.125244
35 0.783482 0.30106 0.0610119 0.0546875 0.105957
33 0.837798 0.27281 0.316964 0.113979 0.103027
0 0.193824 0.291783 0.12872 0.151925 0.0970459
32 0.0209263 0.278739 0.0381324 0.0329241 0.0946655
0 0.694196 0.355748 0.144345 0.327567 0.0938721
16 0.215402 0.351562 0.0885417 0.0301339 0.0881958
0 0.300595 0.288225 0.0357143 0.063058 0.0872803
52 0.785714 0.301897 0.0625 0.0569196 0.085083
0 0.194754 0.338728 0.127604 0.0580357 0.0844727
32 0.459449 0.394531 0.0260417 0.0223214 0.0827026
0 0.328125 0.309989 0.0669643 0.103237 0.0758667
0 0.164249 0.257812 0.0424107 0.0714286 0.0755615
16 0.333333 0.294085 0.0982143 0.141183 0.0745239
0 0.962054 0.268345 0.0669643 0.107282 0.0686646
16 0.21317 0.339286 0.0892857 0.0546875 0.0651245
0 0.166853 0.265346 0.0398066 0.0987723 0.0631104
0 0.0189732 0.285714 0.0379464 0.0904018 0.062561
0 0.736607 0.314732 0.1875 0.199777 0.0623169
35 0.156436 0.330357 0.0509673 0.0396205 0.0570679
0 0.947917 0.285645 0.0714286 0.140765 0.0526123
25 0.837798 0.27281 0.316964 0.113979 0.0524292
33 0.837054 0.301897 0.321429 0.170759 0.0477905
0 0.466518 0.209821 0.0446429 0.0412946 0.0461121
37 0.417411 0.311454 0.191964 0.191825 0.0451965
0 0.993676 0.244978 0.0126488 0.047433 0.0428772
0 0.898066 0.294713 0.183036 0.156111 0.0421753
0 0.951637 0.268694 0.0476191 0.108817 0.041626
32 0.912947 0.289342 0.0595238 0.0396205 0.0367737
0 0.700893 0.332868 0.0773809 0.268973 0.035553
51 0.790923 0.302455 0.0446428 0.0524554 0.0339661
0 0.364583 0.280692 0.0372024 0.103795 0.0337219
0 0.300595 0.299107 0.0401786 0.0892857 0.0323486
33 0.754464 0.324498 0.160714 0.174665 0.0317383
0 0.700893 0.311872 0.0684524 0.208845 0.0305634
35 0.383929 0.486607 0.0758929 0.0669643 0.0297546
29 0.793155 0.293248 0.0386904 0.0390625 0.0280151
34 0.850446 0.23284 0.22619 0.0354353 0.0266571
49 0.785714 0.301339 0.0595238 0.0541295 0.0263519
0 0.344494 0.272252 0.0788691 0.0950056 0.0259552
0 0.954613 0.241071 0.0431548 0.0563616 0.0256195
35 0.469494 0.470982 0.0952381 0.0530134 0.0253754
25 0.837798 0.308873 0.318452 0.185826 0.0245209
0 0.71875 0.324219 0.190476 0.24442 0.024231
0 0.165179 0.248186 0.031994 0.0493862 0.0241852
33 0.433036 0.311663 0.208333 0.195312 0.0236969
29 0.0204613 0.273438 0.0392485 0.0435268 0.0233307
0 0.170015 0.287388 0.0721726 0.140067 0.0231476
32 0.479911 0.390625 0.0758929 0.0357143 0.0226288
0 0.848214 0.293039 0.297619 0.15611 0.0225372
25 0.292783 0.28411 0.160714 0.124861 0.0224609
37 0.564732 0.313686 0.474702 0.202986 0.0222015
0 0.153088 0.272042 0.0327381 0.0859375 0.0217438
32 0.788691 0.301618 0.0535714 0.0535714 0.021286
19 0.333333 0.294085 0.0982143 0.141183 0.0201721
35 0.438616 0.48856 0.18378 0.0876116 0.0199432
34 0.848214 0.246652 0.282738 0.0636161 0.0197906
0 0.191778 0.266741 0.0531994 0.0976562 0.0197601
41 0.785714 0.301897 0.0625 0.0569196 0.0194244
35 0.167039 0.329799 0.0721726 0.0412946 0.0191193
0 0.751488 0.338449 0.160714 0.204799 0.0190582
51 0.784226 0.301339 0.0625 0.0558036 0.0189819
18 0.333333 0.294085 0.0982143 0.141183 0.0187683
33 0.446429 0.371094 0.229167 0.314732 0.0179901
25 0.837054 0.24442 0.290179 0.0591518 0.0179138
0 0.720052 0.380859 0.202753 0.385603 0.0174408
16 0.213728 0.352121 0.0569196 0.0279018 0.0172424
0 0.0197173 0.256696 0.0370164 0.0351562 0.0171051
29 0.778274 0.274065 0.119048 0.0567801 0.0166626
29 0.787202 0.267927 0.0952381 0.0433873 0.0164032
17 0.314732 0.294085 0.136161 0.141741 0.016098
35 0.451265 0.476562 0.209077 0.112165 0.0156021
0 0.745536 0.376395 0.0446429 0.0708705 0.0154266
33 0.779762 0.272949 0.113095 0.0567801 0.0152512
0 0.96131 0.23856 0.0565476 0.047433 0.0150146
29 0.790923 0.302455 0.0446428 0.0524554 0.0149536
0 0.970982 0.242746 0.0580357 0.0513393 0.0149536
0 0.679874 0.359654 0.146205 0.390067 0.0147324
52 0.790923 0.302455 0.0446428 0.0524554 0.0146713
26 0.913691 0.289062 0.0595238 0.0390625 0.0146179
0 0.681548 0.328404 0.113095 0.263951 0.0139542
35 0.784226 0.310268 0.0654762 0.0691964 0.0137405
0 0.941964 0.329799 0.0684524 0.0803571 0.0136337
20 0.314732 0.294085 0.136161 0.141741 0.0135345
35 0.775298 0.317453 0.113095 0.129604 0.0133286
0 0.761905 0.319685 0.147321 0.157506 0.0132751
37 0.601935 0.376395 0.549107 0.367746 0.0132217
24 0.215402 0.351562 0.0885417 0.0301339 0.0130234
0 0.480655 0.204381 0.0744048 0.0521763 0.012825
0 0.412202 0.310826 0.206101 0.194196 0.0127716
35 0.194754 0.337054 0.12686 0.0524554 0.0126724
0 0.0202753 0.268973 0.0386905 0.0541295 0.0124283
0 0.152716 0.241629 0.0297619 0.0452009 0.0123367
0 0.299479 0.277902 0.0334821 0.047433 0.0117798
33 0.566964 0.352679 0.474702 0.282924 0.0116425
0 0.295387 0.280971 0.0416667 0.0870536 0.0115051
0 0.451637 0.45173 0.21131 0.162388 0.011467
33 0.321429 0.371652 0.520089 0.319754 0.011467
0 0.351191 0.248326 0.168155 0.243304 0.0114212
32 0.24628 0.489397 0.0193452 0.0145089 0.0112457
0 0.015346 0.30692 0.0303199 0.112165 0.011116
35 0.451637 0.45173 0.21131 0.162388 0.011116
16 0.337054 0.276228 0.0922619 0.106027 0.0108566
0 0.360863 0.31529 0.0654762 0.186942 0.0108566
0 0.769345 0.335938 0.0952381 0.155134 0.0108185
54 0.784226 0.301339 0.0625 0.0569196 0.0106964
24 0.164249 0.257812 0.0424107 0.0714286 0.0104904
0 0.195685 0.320871 0.129464 0.0814732 0.0104065
25 0.754464 0.321917 0.163691 0.179827 0.0104065
33 0.913691 0.289621 0.0595238 0.0390625 0.01017
0 0.698661 0.391183 0.10119 0.293527 0.0101318
0 0.31436 0.30971 0.047619 0.0970982 0.00997162
25 0.261161 0.271763 0.102679 0.0976562 0.00974274
33 0.888393 0.288225 0.220238 0.147879 0.00963593
32 0.790179 0.284877 0.0357143 0.0228795 0.00959778
0 0.287946 0.293527 0.0572917 0.0993304 0.00923157
0 0.326637 0.275112 0.0699405 0.100446 0.00919342
0 0.179129 0.244699 0.0245536 0.0496652 0.00908661
0 0.782738 0.307199 0.104167 0.126116 0.00898743
33 0.321522 0.312779 0.43285 0.191964 0.00898743
36 0.19494 0.339286 0.127232 0.0569196 0.00891876
17 0.320592 0.290806 0.204055 0.140486 0.0088501
25 0.0200893 0.278739 0.0392485 0.03125 0.00881195
77 0.194754 0.338728 0.127604 0.0580357 0.00881195
0 0.647507 0.34096 0.160342 0.425223 0.00874329
34 0.872024 0.261719 0.223214 0.0965402 0.00847626
0 0.159598 0.244141 0.0364583 0.0491071 0.00844574
0 0.182292 0.229353 0.0171131 0.0189732 0.00844574
16 0.228051 0.351842 0.0565476 0.0284598 0.00834656
25 0.417411 0.311454 0.191964 0.191825 0.00821686
24 0.194754 0.337054 0.12686 0.0524554 0.00818634
25 0.564732 0.313686 0.474702 0.202986 0.00815582
33 0.851191 0.259347 0.297619 0.0873326 0.00806427
0 0.55506 0.300712 0.235119 0.370675 0.00806427
32 0.793155 0.293248 0.0386904 0.0390625 0.00790405
0 0.727679 0.334263 0.116071 0.196429 0.00790405
0 0.299107 0.268903 0.03125 0.0369699 0.0078125
0 0.300223 0.268973 0.0342262 0.0558036 0.00772476
54 0.790923 0.302455 0.0446428 0.0524554 0.00772476
35 0.913691 0.289621 0.0595238 0.0390625 0.00766754
37 0.292783 0.28411 0.160714 0.124861 0.00748825
0 0.700893 0.277623 0.0595238 0.0574777 0.00723267
0 0.68006 0.305873 0.0863095 0.205218 0.00720596
0 0.543899 0.182513 0.21131 0.133301 0.00709534
0 0.198847 0.260742 0.0528274 0.0488281 0.00706482
33 0.767857 0.314732 0.136905 0.143415 0.00703812
0 0.215402 0.351562 0.0885417 0.0301339 0.00695801
35 0.77381 0.33817 0.105655 0.141183 0.00682449
0 0.265253 0.282924 0.104167 0.11942 0.00671768
29 0.479167 0.410714 0.107143 0.0803571 0.00664139
0 0.695127 0.333217 0.210938 0.362584 0.00653839
35 0.803571 0.267578 0.0625 0.0396205 0.00651169
24 0.213728 0.352121 0.0569196 0.0279018 0.00643921
25 0.779762 0.272949 0.113095 0.0567801 0.00643921
0 0.173735 0.26702 0.03125 0.0959821 0.00629044
32 0.240327 0.702009 0.0550595 0.015625 0.00626373
34 0.452753 0.452567 0.219494 0.160714 0.00624084
0 0.505208 0.199777 0.122024 0.0613839 0.00616837
29 0.913691 0.289621 0.0595238 0.0390625 0.006073
19 0.194754 0.338728 0.12686 0.0569196 0.006073
0 0.212426 0.340681 0.0848214 0.0524554 0.00605011
38 0.845238 0.23298 0.229167 0.0357143 0.00598145
35 0.790923 0.302455 0.0446428 0.0524554 0.00595856
20 0.320592 0.290806 0.204055 0.140486 0.00593567
0 0.982887 0.258929 0.0342262 0.0825893 0.00577545
16 0.223958 0.350725 0.0401786 0.0262277 0.00570679
0 0.479911 0.411272 0.108631 0.0803572 0.00561905
35 0.479539 0.410714 0.109375 0.0803571 0.00559998
0 0.946057 0.262556 0.107887 0.109933 0.00553513
0 0.668155 0.39781 0.31994 0.378488 0.00553513
32 0.436756 0.363281 0.0386905 0.0234375 0.00538635
0 0.208333 0.231445 0.0565476 0.0415737 0.00534439
35 0.787202 0.267927 0.0952381 0.0433873 0.00534439
37 0.520833 0.288504 0.407738 0.243304 0.0053215
0 0.337054 0.28132 0.09375 0.114816 0.00527954
34 0.748512 0.374163 0.0491072 0.0742188 0.00524139
77 0.333333 0.294085 0.0982143 0.141183 0.00521851
2 0.466146 0.209403 0.0446429 0.0410156 0.00518036
25 0.466146 0.209403 0.0446429 0.0410156 0.00518036
35 0.380208 0.474609 0.0654762 0.0429688 0.00516129
33 0.872024 0.261719 0.223214 0.0965402 0.00503922
0 0.213728 0.352121 0.0569196 0.0279018 0.00500107
25 0.851191 0.259347 0.297619 0.0873326 0.00500107
37 0.153088 0.272042 0.0327381 0.0859375 0.0049057
46 0.785714 0.301897 0.0625 0.0569196 0.0049057
0 0.30692 0.285714 0.0401786 0.0569196 0.00481033
24 0.913691 0.289062 0.0595238 0.0390625 0.00481033
38 0.848214 0.246652 0.282738 0.0636161 0.00479126
29 0.790179 0.284877 0.0357143 0.0228795 0.00475693
38 0.0212054 0.279506 0.0368304 0.0269252 0.00473785
17 0.194754 0.338728 0.12686 0.0569196 0.00473785
25 0.0840774 0.271763 0.157738 0.100446 0.00469971
32 0.0206473 0.26981 0.0372024 0.0518973 0.00466537
0 0.995164 0.24707 0.00967261 0.0410156 0.00462723
0 0.215402 0.240374 0.0595238 0.0588728 0.00455475
35 0.750744 0.38058 0.0520833 0.0625 0.00445175
49 0.793155 0.303013 0.0416667 0.0485491 0.00441742
26 0.164249 0.257812 0.0424107 0.0714286 0.00439835
0 0.718006 0.385603 0.0357143 0.0680804 0.00438309
0 0.678571 0.250279 0.107143 0.107701 0.00438309
33 0.390532 0.348493 0.656436 0.270647 0.00428009
0 0.225818 0.266044 0.0401786 0.0717076 0.00418091
34 0.896577 0.233119 0.0952381 0.0242746 0.00408554
37 0.261161 0.271763 0.102679 0.0976562 0.00408554
37 0.0200893 0.278739 0.0392485 0.03125 0.00405502
0 0.326265 0.321429 0.0751488 0.0770089 0.00402451
0 0.200521 0.26423 0.0558036 0.0691964 0.00391388
0 0.218006 0.260882 0.0234375 0.0351562 0.00391388
0 0.219122 0.255022 0.0245536 0.0284598 0.00388527
32 0.822917 0.272042 0.0238095 0.0217634 0.00388527
25 0.791667 0.257254 0.214286 0.0837054 0.00388527
0 0.666667 0.243304 0.0803572 0.093192 0.00382423
0 0.0180432 0.244141 0.0345982 0.0546875 0.00378036
0 0.335193 0.285645 0.0483631 0.0648716 0.00376511
0 0.90625 0.0339704 0.0342262 0.0316685 0.0037365
34 0.870536 0.232422 0.144345 0.0251116 0.00372124
0 0.332589 0.300711 0.0505953 0.0838449 0.00369263
41 0.793155 0.293248 0.0386904 0.0390625 0.00365067
33 0.758929 0.265904 0.153274 0.078125 0.00365067
26 0.167039 0.329799 0.0721726 0.0412946 0.00363541
0 0.679316 0.273926 0.107143 0.154157 0.00359344
0 0.726191 0.327846 0.0848214 0.179129 0.00359344
0 0.504464 0.277065 0.308036 0.300223 0.00359344
0 0.213914 0.270926 0.0319941 0.0697545 0.00356483
24 0.466146 0.209124 0.0446429 0.0429688 0.00355148
17 0.337054 0.276228 0.0922619 0.106027 0.00352478
33 0.848214 0.246652 0.282738 0.0636161 0.00352478
33 0.78497 0.266183 0.101191 0.0452009 0.00351143
0 0.540551 0.198103 0.194196 0.0708705 0.00346947
47 0.784226 0.301339 0.0625 0.0569196 0.00345612
24 0.479911 0.411272 0.108631 0.0803572 0.00342941
25 0.78497 0.266183 0.101191 0.0452009 0.00340271
0 0.250837 0.297712 0.212612 0.131138 0.00338936
0 0.198289 0.225725 0.0461309 0.0273438 0.00337601
0 0.0120908 0.241629 0.0226935 0.0510603 0.00336266
38 0.873512 0.234375 0.196429 0.0398996 0.00335121
37 0.754464 0.321917 0.163691 0.179827 0.00333786
29 0.803571 0.267578 0.0625 0.0396205 0.00329781
0 0.261998 0.290179 0.0876116 0.0993304 0.00329781
20 0.335566 0.292132 0.0952381 0.137835 0.00329781
35 0.464658 0.479632 0.110863 0.0691964 0.00328636
0 0.736607 0.376674 0.136905 0.299107 0.00324821
25 0.601935 0.376395 0.549107 0.367746 0.00324821
0 0.366443 0.269531 0.0357143 0.077567 0.00323486
35 0.778274 0.274275 0.119048 0.0574777 0.00316048
0 0.179874 0.25293 0.0241816 0.0326451 0.00313568
25 0.262742 0.246233 0.0861235 0.046596 0.00309944
19 0.194568 0.296387 0.12872 0.143834 0.003088
0 0.717262 0.396205 0.0357143 0.0457589 0.00307465
17 0.194568 0.296387 0.12872 0.143834 0.00305176
0 0.286086 0.275112 0.0580357 0.0948661 0.00302696
35 0.244792 0.353795 0.0252976 0.0251116 0.00300407
33 0.0200893 0.278739 0.0392485 0.03125 0.00293541
35 0.702381 0.284528 0.0535714 0.0458984 0.00288963
14 0.912947 0.289342 0.0595238 0.0396205 0.00286674
16 0.194568 0.296387 0.12872 0.143834 0.00284576
0 0.22061 0.245675 0.0483631 0.046038 0.00279999
0 0.912202 0.288504 0.0565476 0.0390625 0.00277901
26 0.0202753 0.2756 0.0398066 0.0403181 0.00274658
26 0.215402 0.351562 0.0885417 0.0301339 0.00274658
0 0.149554 0.260603 0.0357143 0.078125 0.00273705
0 0.37872 0.266881 0.153274 0.278739 0.00271416
0 0.315476 0.302386 0.0372024 0.086077 0.00270462
33 0.75 0.384487 0.0476191 0.0558036 0.0026722
19 0.320592 0.290806 0.204055 0.140486 0.0026722
26 0.213728 0.352121 0.0569196 0.0279018 0.00266266
32 0.776786 0.316476 0.0982143 0.107003 0.00266266
20 0.194754 0.338728 0.12686 0.0569196 0.00265312
0 0.724702 0.396205 0.126488 0.372768 0.00264168
24 0.167039 0.329799 0.0721726 0.0412946 0.00263214
53 0.783482 0.30106 0.0610119 0.0546875 0.0026207
25 0.758929 0.265904 0.153274 0.078125 0.00260162
35 0.355655 0.40625 0.0252976 0.0122768 0.00259018
0 0.207589 0.246652 0.0639881 0.0535714 0.00254059
0 0.314732 0.294085 0.136161 0.141741 0.00253105
19 0.334077 0.296038 0.147321 0.152902 0.00253105
37 0.450521 0.364118 0.232887 0.304129 0.00248146
32 0.356771 0.406808 0.0230655 0.0100447 0.00247192
11 0.478795 0.411272 0.107887 0.0803572 0.00246239
0 0.215588 0.234096 0.0502232 0.0479911 0.00244331
0 0.702381 0.284528 0.0535714 0.0458984 0.00244331
0 0.251116 0.287877 0.129464 0.134068 0.0024147
26 0.195313 0.331473 0.133185 0.0446429 0.00240517
32 0.479539 0.410714 0.107887 0.0803571 0.891113
0 0.585194 0.382254 0.481399 0.435268 0.763672
0 0.0204613 0.301618 0.0386905 0.123326 0.675781
0 0.602679 0.179967 0.0818453 0.128906 0.654785
0 0.383929 0.211217 0.111607 0.171317 0.599121
0 0.201637 0.263951 0.0736607 0.104353 0.582031
0 0.15811 0.264788 0.0409226 0.0920759 0.484375
0 0.328869 0.294364 0.0907738 0.140067 0.476562
16 0.195313 0.339007 0.127232 0.0574777 0.345215
0 0.931548 0.293039 0.0982143 0.154994 0.300781
29 0.0202753 0.280762 0.0394345 0.0299944 0.291016
0 0.15625 0.257812 0.0353423 0.0742188 0.245117
0 0.202753 0.291574 0.0744048 0.160156 0.172729
0 0.952381 0.232422 0.0372024 0.0357143 0.157715
0 0.375744 0.243583 0.12872 0.237165 0.150513
29 0.785714 0.301897 0.0625 0.0569196 0.136597
35 0.393601 0.492467 0.0982143 0.0797991 0.132935
0 0.928572 0.319475 0.0922619 0.102121 0.132324
0 0.19401 0.291922 0.129092 0.152762 0.104858
35 0.783482 0.300781 0.0610119 0.0546875 0.103027
0 0.300595 0.287877 0.0357143 0.0626395 0.0970459
52 0.785714 0.301897 0.0625 0.0569196 0.0939941
0 0.700893 0.356864 0.160714 0.330915 0.0899048
32 0.0208333 0.279297 0.0383185 0.031808 0.0888062
0 0.194754 0.338728 0.127604 0.0569196 0.0864868
32 0.459449 0.394531 0.0260417 0.0223214 0.083313
0 0.164435 0.257534 0.0420387 0.0714286 0.0828247
33 0.83631 0.276786 0.318452 0.12221 0.0797729
0 0.328125 0.30964 0.0669643 0.102818 0.0790405
0 0.167039 0.265485 0.0386905 0.0984933 0.076416
0 0.0188802 0.285435 0.0377604 0.0904018 0.0710449
16 0.215216 0.351562 0.0889137 0.0301339 0.0710449
0 0.962054 0.267857 0.0654762 0.107143 0.0698242
16 0.333333 0.293806 0.0989583 0.141183 0.058136
35 0.155506 0.330078 0.0491071 0.0385045 0.0570679
25 0.83631 0.276786 0.318452 0.12221 0.0570679
16 0.213356 0.339286 0.0896577 0.0535714 0.0545959
0 0.733631 0.313058 0.193452 0.204241 0.0527039
0 0.947917 0.284319 0.0699405 0.138393 0.0520325
0 0.466518 0.209821 0.0446429 0.0412946 0.0515442
0 0.907738 0.294922 0.160714 0.155692 0.0455933
0 0.993676 0.244978 0.0126488 0.046875 0.0441895
0 0.951637 0.268415 0.0461309 0.108817 0.0420227
33 0.83631 0.302525 0.321429 0.172852 0.0408325
0 0.364583 0.280762 0.0372024 0.103655 0.0376892
37 0.417039 0.311384 0.191964 0.191964 0.0370483
0 0.300595 0.298479 0.0401786 0.0883091 0.0363464
51 0.791667 0.302455 0.0446428 0.0524554 0.0350037
25 0.837054 0.309431 0.316964 0.1875 0.0330811
29 0.0204613 0.273996 0.0390625 0.0424107 0.0323486
0 0.700893 0.331752 0.0773809 0.266183 0.0319824
32 0.912947 0.289342 0.0595238 0.0396205 0.0316162
0 0.344494 0.271763 0.0788691 0.0948661 0.0311432
25 0.292783 0.283761 0.15997 0.124442 0.0293121
0 0.701637 0.311942 0.0669643 0.208705 0.0283356
0 0.954613 0.240234 0.0431548 0.0541295 0.0282745
49 0.785714 0.301339 0.0595238 0.0541295 0.0280151
35 0.384673 0.486607 0.077381 0.0669643 0.0265503
33 0.754464 0.320592 0.163691 0.182478 0.0257568
0 0.191592 0.266881 0.0528274 0.0973772 0.0256195
0 0.165551 0.247907 0.030878 0.0488281 0.0255585
29 0.793155 0.291295 0.0386904 0.0345982 0.0255585
32 0.479539 0.390625 0.0751488 0.0351562 0.0255585
0 0.153274 0.271833 0.0327381 0.085798 0.0241394
34 0.849702 0.232701 0.226191 0.0351562 0.0230713
0 0.167411 0.264509 0.0558036 0.0970982 0.0227203
51 0.784226 0.30106 0.0625 0.0558036 0.0220337
0 0.169271 0.287109 0.0699405 0.138951 0.0218658
25 0.837798 0.244559 0.291667 0.0594308 0.0213623
41 0.785714 0.301897 0.0625 0.0569196 0.0207977
20 0.321429 0.294364 0.123512 0.142299 0.0205688
0 0.71875 0.378627 0.205357 0.383371 0.0205688
35 0.469494 0.470982 0.0967262 0.0524554 0.02034
35 0.164435 0.330078 0.0662202 0.0407366 0.0200195
37 0.563988 0.313616 0.476191 0.203683 0.0189819
32 0.788691 0.301339 0.0535714 0.0535714 0.0188293
0 0.745536 0.376674 0.0446429 0.0703125 0.0177765
29 0.786458 0.267857 0.0967262 0.0435268 0.0170441
25 0.839286 0.256417 0.300595 0.0842634 0.016922
26 0.913691 0.289062 0.0595238 0.0390625 0.0168457
33 0.433408 0.311454 0.209077 0.195173 0.0168457
0 0.0197173 0.256696 0.0370164 0.0345982 0.0167847
17 0.321429 0.294364 0.123512 0.142299 0.0167847
0 0.960566 0.238002 0.0550596 0.046875 0.0164032
19 0.333333 0.293806 0.0989583 0.141183 0.0163422
34 0.846726 0.247489 0.282738 0.0652902 0.0160217
29 0.778274 0.273438 0.119048 0.0552455 0.0157776
35 0.774554 0.318917 0.111607 0.118304 0.0157166
0 0.751488 0.336426 0.162202 0.203265 0.0156708
35 0.438244 0.488281 0.183036 0.0870536 0.0156021
0 0.941964 0.329799 0.0684524 0.0803571 0.0151901
24 0.215216 0.351562 0.0889137 0.0301339 0.0151291
0 0.97061 0.242746 0.0587797 0.0513393 0.0147858
18 0.333333 0.293806 0.0989583 0.141183 0.0147324
35 0.194754 0.336496 0.12686 0.0518973 0.0145569
0 0.015439 0.30685 0.0301339 0.111747 0.0145035
0 0.478423 0.204241 0.0691964 0.0524554 0.0144501
52 0.791667 0.302455 0.0446428 0.0524554 0.0142288
16 0.214658 0.351842 0.0513393 0.0279018 0.0141144
0 0.411458 0.310547 0.206845 0.194754 0.0139542
0 0.152344 0.24135 0.0293899 0.0446429 0.0135345
0 0.0202753 0.268694 0.0386905 0.0541295 0.0133743
0 0.953869 0.254325 0.0416667 0.0851004 0.0133286
25 0.291667 0.266323 0.153274 0.0912389 0.0133286
33 0.779762 0.272879 0.113095 0.0569196 0.0131226
25 0.754464 0.320592 0.163691 0.182478 0.0130692
37 0.598958 0.374721 0.543155 0.368862 0.0129242
0 0.838542 0.293248 0.316964 0.156808 0.0127716
0 0.295759 0.280622 0.0409226 0.0849609 0.0127258
0 0.360863 0.31529 0.0654762 0.186942 0.0125275
29 0.791667 0.302455 0.0446428 0.0524554 0.0124283
32 0.24628 0.489397 0.0193452 0.0145089 0.0124283
0 0.650298 0.337333 0.163691 0.421875 0.0123367
0 0.299107 0.277065 0.0327381 0.0457589 0.012291
35 0.450893 0.476005 0.208333 0.112723 0.012146
25 0.261254 0.271205 0.102493 0.0965402 0.0121002
33 0.446057 0.369978 0.229167 0.3125 0.0118713
0 0.683036 0.327009 0.114583 0.261161 0.0116425
0 0.311384 0.287388 0.0610119 0.115513 0.0113297
0 0.761905 0.318638 0.14881 0.156808 0.0110703
54 0.784226 0.301339 0.0625 0.0558036 0.0107346
77 0.194754 0.338728 0.127604 0.0569196 0.0106506
0 0.326637 0.271763 0.0669643 0.094308 0.0104904
33 0.913691 0.289621 0.0595238 0.0390625 0.0102921
0 0.182478 0.229353 0.0174851 0.0189732 0.0102463
0 0.179315 0.24442 0.0238095 0.0491071 0.0102463
0 0.207031 0.30127 0.103051 0.132952 0.0102463
24 0.194754 0.336496 0.12686 0.0518973 0.0102463
0 0.542039 0.180943 0.209077 0.13058 0.0102081
0 0.195871 0.325056 0.129092 0.0703125 0.0100555
0 0.769345 0.335938 0.0952381 0.154576 0.0100098
0 0.288691 0.293457 0.0550595 0.0983538 0.00974274
36 0.19494 0.339286 0.127232 0.0558036 0.00971222
25 0.417039 0.311384 0.191964 0.191964 0.00967407
32 0.790179 0.284877 0.0357143 0.0228795 0.00952148
16 0.337054 0.275949 0.0922619 0.104911 0.00945282
0 0.553199 0.298479 0.241816 0.366211 0.00945282
25 0.0200893 0.279018 0.0390625 0.0301339 0.00923157
0 0.313988 0.30971 0.0476191 0.0965402 0.00919342
33 0.572173 0.347586 0.486607 0.273577 0.0091629
0 0.451265 0.45173 0.210565 0.162388 0.00905609
33 0.322173 0.371582 0.511905 0.31822 0.00898743
24 0.164435 0.257534 0.0420387 0.0714286 0.00888062
0 0.159598 0.243862 0.0364583 0.0485491 0.00878143
0 0.298735 0.268694 0.03125 0.0368304 0.00878143
35 0.451265 0.45173 0.210565 0.162388 0.00874329
25 0.779762 0.272879 0.113095 0.0569196 0.00871277
0 0.696243 0.326451 0.22061 0.360491 0.00854492
0 0.699405 0.38058 0.0982143 0.268973 0.00847626
33 0.886905 0.287877 0.224702 0.147461 0.00844574
0 0.300223 0.268415 0.0342262 0.0552455 0.00841522
33 0.324498 0.3125 0.428385 0.190848 0.00809479
0 0.174107 0.266881 0.030878 0.0957031 0.00793457
0 0.333705 0.278181 0.0855655 0.107143 0.00787354
54 0.791667 0.302455 0.0446428 0.0524554 0.0078125
0 0.782738 0.30692 0.104167 0.126674 0.0078125
33 0.766369 0.314174 0.139881 0.143415 0.00763702
0 0.700893 0.277344 0.0595238 0.0574777 0.00754929
24 0.214658 0.351842 0.0513393 0.0279018 0.00751877
16 0.228051 0.351842 0.0565476 0.0284598 0.00746155
17 0.32208 0.291016 0.201079 0.141183 0.00740433
0 0.90625 0.0338309 0.0327381 0.031529 0.00731659
32 0.793155 0.291295 0.0386904 0.0345982 0.00723267
33 0.784226 0.266183 0.101191 0.0485491 0.00712204
25 0.563988 0.313616 0.476191 0.203683 0.00712204
0 0.727679 0.333147 0.116071 0.195312 0.00706482
0 0.199033 0.260184 0.0520833 0.046596 0.00698471
34 0.869048 0.261858 0.229167 0.0968192 0.00698471
0 0.265625 0.282366 0.103423 0.118304 0.0069046
37 0.292783 0.283761 0.15997 0.124442 0.0068512
0 0.504464 0.199777 0.12128 0.0613839 0.00679779
0 0.68006 0.306083 0.0877976 0.205357 0.00669098
0 0.300595 0.270926 0.03125 0.0267857 0.00666809
32 0.436756 0.363002 0.0386905 0.0234375 0.00661469
33 0.850446 0.259487 0.299107 0.0876116 0.00661469
0 0.207961 0.230748 0.0550595 0.0401786 0.00658798
0 0.215216 0.351562 0.0889137 0.0301339 0.00658798
35 0.803571 0.267578 0.0625 0.0396205 0.00651169
35 0.913691 0.289621 0.0595238 0.0390625 0.00634003
20 0.32208 0.291016 0.201079 0.141183 0.00634003
0 0.212612 0.340681 0.0844494 0.0518973 0.00621796
29 0.479167 0.410714 0.107143 0.0803571 0.00609589
25 0.466146 0.209263 0.0446429 0.0410156 0.00602722
0 0.945313 0.262556 0.109375 0.109933 0.005867
35 0.791667 0.302455 0.0446428 0.0524554 0.005867
32 0.240327 0.702009 0.0550595 0.015625 0.005867
77 0.333333 0.293806 0.0989583 0.141183 0.005867
25 0.786458 0.257254 0.205357 0.0842634 0.00570679
2 0.466146 0.209263 0.0446429 0.0410156 0.00564194
0 0.215774 0.239955 0.0587798 0.0580357 0.00561905
0 0.984747 0.25279 0.0305059 0.0703125 0.00557709
25 0.784226 0.266044 0.101191 0.0454799 0.00553513
25 0.258557 0.257812 0.0959822 0.0742188 0.00551224
0 0.307292 0.285156 0.0394345 0.0563616 0.00542831
37 0.521577 0.287388 0.409226 0.245536 0.00534439
16 0.223214 0.350446 0.0379464 0.0256696 0.00519943
0 0.718006 0.390067 0.0357143 0.0602679 0.0050621
35 0.479539 0.410714 0.109375 0.0803571 0.00503922
29 0.790179 0.284877 0.0357143 0.0228795 0.00500107
34 0.748512 0.373884 0.0491072 0.0736607 0.00500107
0 0.666667 0.243025 0.0818452 0.0920759 0.00498199
35 0.786458 0.267857 0.0967262 0.0435268 0.00496292
24 0.913691 0.289062 0.0595238 0.0390625 0.00494385
0 0.214658 0.351842 0.0513393 0.0279018 0.00492477
0 0.479911 0.411272 0.108631 0.0803572 0.0049057
38 0.0212054 0.279506 0.0368304 0.0269252 0.00482941
34 0.452753 0.452288 0.219494 0.161272 0.00479126
0 0.225818 0.265765 0.0401786 0.0717076 0.00471878
0 0.198103 0.225586 0.0457589 0.0270647 0.00468063
26 0.164435 0.330078 0.0662202 0.0407366 0.00468063
0 0.50558 0.274554 0.302827 0.300781 0.00466537
29 0.913691 0.289621 0.0595238 0.0390625 0.00460815
19 0.194754 0.338728 0.12686 0.0558036 0.00460815
35 0.380208 0.473493 0.0654762 0.0407366 0.00457382
32 0.0206473 0.269601 0.0372024 0.0523159 0.00448608
46 0.785714 0.301897 0.0625 0.0569196 0.00448608
0 0.213914 0.270717 0.03125 0.070173 0.00443268
0 0.995164 0.24707 0.00967261 0.0404576 0.00439835
37 0.153274 0.271833 0.0327381 0.085798 0.00439835
33 0.869048 0.261858 0.229167 0.0968192 0.00431442
38 0.845238 0.23298 0.230655 0.0351562 0.00429916
0 0.335566 0.285993 0.047619 0.0647321 0.00426483
32 0.822917 0.272042 0.0238095 0.0206473 0.00421524
34 0.897322 0.23298 0.09375 0.0239955 0.00416565
26 0.164435 0.257534 0.0420387 0.0714286 0.00416565
0 0.218936 0.255301 0.0241816 0.0279018 0.00416565
25 0.262649 0.245815 0.0855655 0.0457589 0.00413513
0 0.217634 0.261161 0.0230655 0.0345982 0.0041008
37 0.0200893 0.279018 0.0390625 0.0301339 0.00408554
49 0.793899 0.303013 0.0401786 0.0485491 0.00405502
37 0.291667 0.266323 0.153274 0.0912389 0.00397491
0 0.200893 0.264369 0.0543155 0.0644531 0.00395966
0 0.326265 0.321429 0.0751488 0.0770089 0.00392914
0 0.346726 0.274275 0.0595238 0.0876116 0.00390053
0 0.717262 0.376116 0.0357143 0.0881697 0.00388527
0 0.0179502 0.243862 0.0344122 0.0541295 0.00382423
0 0.366816 0.269252 0.0357143 0.0764509 0.00379562
17 0.194754 0.338728 0.12686 0.0558036 0.00378036
41 0.793155 0.291295 0.0386904 0.0345982 0.00376511
25 0.758929 0.264927 0.154762 0.0795201 0.00376511
37 0.261254 0.271205 0.102493 0.0965402 0.00370789
0 0.0119048 0.24149 0.0219494 0.0507812 0.00365067
34 0.87128 0.232422 0.142857 0.0251116 0.00359344
32 0.793899 0.303013 0.0401786 0.0485491 0.00358009
37 0.754464 0.320592 0.163691 0.182478 0.00356483
38 0.846726 0.247489 0.282738 0.0652902 0.00353813
0 0.179874 0.25279 0.0238095 0.0323661 0.00348282
0 0.540179 0.198242 0.193452 0.0700335 0.00346947
25 0.598958 0.374721 0.543155 0.368862 0.00345612
0 0.678571 0.250279 0.107143 0.107143 0.00344276
33 0.390625 0.342076 0.635417 0.256138 0.00344276
0 0.332961 0.299665 0.0491071 0.0814732 0.00342941
29 0.803571 0.267578 0.0625 0.0396205 0.00338936
17 0.337054 0.275949 0.0922619 0.104911 0.00335121
24 0.164435 0.330078 0.0662202 0.0407366 0.00333786
0 0.666853 0.396833 0.324033 0.380441 0.00333786
35 0.750744 0.38058 0.0520833 0.0625 0.00332451
20 0.33631 0.27846 0.0930059 0.110491 0.00332451
24 0.466146 0.208984 0.0446429 0.0429688 0.00331116
0 0.287202 0.274554 0.0565476 0.0926339 0.00322342
0 0.221726 0.246094 0.0461309 0.0440848 0.00319672
33 0.758929 0.264927 0.154762 0.0795201 0.00318527
0 0.251581 0.297991 0.211124 0.130022 0.00318527
0 0.149554 0.259487 0.0349702 0.0758929 0.00314713
32 0.357143 0.406808 0.0223214 0.0100447 0.0030632
0 0.59003 0.317243 0.258929 0.394531 0.00305176
0 0.32208 0.291016 0.201079 0.141183 0.00305176
26 0.214658 0.351842 0.0513393 0.0279018 0.00304031
26 0.215216 0.351562 0.0889137 0.0301339 0.00302696
35 0.355655 0.40625 0.0252976 0.0117188 0.00301552
0 0.215774 0.233817 0.0491072 0.047433 0.00300407
33 0.846726 0.247489 0.282738 0.0652902 0.0029583
0 0.912947 0.288504 0.0565477 0.0390625 0.00294685
24 0.479911 0.411272 0.108631 0.0803572 0.00294685
47 0.784226 0.301339 0.0625 0.0558036 0.00293541
0 0.726191 0.326939 0.0818452 0.178711 0.00293541
0 0.717262 0.397879 0.0357143 0.0435268 0.00292397
26 0.218936 0.255301 0.0241816 0.0279018 0.00291252
26 0.0200893 0.275391 0.0398066 0.0401786 0.00291252
35 0.779762 0.273996 0.119048 0.0569196 0.00290108
33 0.0200893 0.279018 0.0390625 0.0301339 0.00290108
25 0.799107 0.247349 0.220238 0.0666853 0.00284576
25 0.0837519 0.272321 0.157645 0.101562 0.00284576
0 0.738095 0.36942 0.136905 0.284598 0.00284576
32 0.467634 0.392299 0.0491071 0.0279018 0.00282288
26 0.19494 0.330636 0.13244 0.047433 0.00281143
11 0.478795 0.411272 0.107887 0.0803572 0.00281143
0 0.290179 0.21024 0.0252976 0.0184152 0.00279045
14 0.912947 0.289342 0.0595238 0.0396205 0.00274658
53 0.783482 0.300781 0.0610119 0.0546875 0.00274658
29 0.798363 0.272321 0.0520833 0.0424107 0.00273705
32 0.778274 0.316964 0.0952381 0.106027 0.00273705
19 0.194568 0.294085 0.129464 0.147879 0.00273705
0 0.31622 0.29827 0.0357143 0.0770089 0.0027256
33 0.325149 0.294155 0.113839 0.14495 0.00269318
0 0.207961 0.246931 0.0610119 0.0513393 0.0026722
35 0.463542 0.48019 0.114583 0.0703125 0.0026722
20 0.194754 0.338728 0.12686 0.0558036 0.00266266
0 0.702381 0.284877 0.0535714 0.0457589 0.00260162
38 0.872024 0.234235 0.196429 0.0398996 0.00256157
32 0.479539 0.410714 0.107887 0.0803571 0.894043
0 0.585938 0.382254 0.482887 0.435268 0.776855
0 0.0204613 0.301409 0.0386905 0.123744 0.702637
0 0.602679 0.179932 0.0818453 0.128976 0.688477
0 0.383185 0.211217 0.113095 0.171875 0.629883
0 0.201451 0.263951 0.0725447 0.103795 0.604004
0 0.15811 0.264509 0.0409226 0.0920759 0.541016
0 0.327381 0.294015 0.0892857 0.139648 0.520508
16 0.195499 0.338728 0.127604 0.0569196 0.341553
0 0.931548 0.292969 0.0982143 0.154576 0.334473
0 0.155878 0.257533 0.0349702 0.0742188 0.294189
29 0.0202753 0.280762 0.0394345 0.0299944 0.282959
0 0.377976 0.2387 0.125 0.226842 0.213379
0 0.203125 0.291853 0.0744048 0.159598 0.197388
0 0.952381 0.231166 0.0357143 0.0329241 0.171631
0 0.93006 0.316964 0.0952381 0.106027 0.157104
35 0.393601 0.492746 0.0982143 0.0792411 0.156128
29 0.78497 0.301618 0.061012 0.0563616 0.131226
0 0.194196 0.291295 0.129464 0.15346 0.12915
0 0.167411 0.265625 0.0383185 0.0982143 0.11499
0 0.300595 0.287946 0.0357143 0.0636161 0.113586
35 0.783482 0.300781 0.0610119 0.0546875 0.10376
0 0.164807 0.257812 0.0409226 0.0719866 0.0994873
0 0.19494 0.338728 0.127232 0.0569196 0.0958862
0 0.327381 0.30964 0.0669643 0.102818 0.0950317
52 0.78497 0.301618 0.061012 0.0563616 0.092041
0 0.962054 0.268136 0.0639881 0.107701 0.0856934
0 0.0187872 0.285435 0.0375744 0.0915179 0.0810547
0 0.704613 0.358259 0.172619 0.33817 0.0796509
32 0.0208333 0.279018 0.0383185 0.031808 0.078064
32 0.459449 0.394531 0.0267857 0.0223214 0.076416
0 0.466518 0.209821 0.0446429 0.0412946 0.0653687
0 0.947917 0.285156 0.0684524 0.140625 0.0638428
35 0.155506 0.329799 0.0483631 0.0379464 0.0623169
33 0.83631 0.275112 0.316964 0.118862 0.0614319
16 0.21503 0.351284 0.0885417 0.0301339 0.0574951
0 0.952381 0.268485 0.0446428 0.109236 0.0533142
16 0.213542 0.339286 0.0900298 0.0546875 0.0507202
25 0.83631 0.275112 0.316964 0.118862 0.0507202
16 0.333333 0.293806 0.0989583 0.141183 0.0476074
0 0.733631 0.312779 0.193452 0.204799 0.0467224
0 0.357143 0.249581 0.159226 0.246931 0.0459595
0 0.364583 0.280413 0.0372024 0.103795 0.0457764
0 0.19122 0.266881 0.0524553 0.0968192 0.0445251
0 0.300595 0.298549 0.0401786 0.0887277 0.0437012
0 0.993676 0.244838 0.0126488 0.047154 0.0418396
0 0.307292 0.288225 0.0505953 0.114955 0.0394897
51 0.790923 0.302176 0.0446428 0.0524554 0.0384521
0 0.345238 0.271763 0.0773809 0.0948661 0.0372009
29 0.0204613 0.274065 0.0392485 0.0422712 0.0362244
25 0.83631 0.311314 0.318452 0.190988 0.035553
0 0.702381 0.330985 0.0744047 0.264369 0.0348816
25 0.293527 0.284319 0.161458 0.125558 0.0333252
33 0.834821 0.305873 0.321429 0.178432 0.0311432
0 0.953869 0.240234 0.0416667 0.0546875 0.0303345
37 0.417039 0.311384 0.191964 0.192522 0.0297546
0 0.165923 0.248047 0.0305059 0.0491071 0.0292511
0 0.152902 0.271694 0.0327381 0.086077 0.0273285
32 0.912947 0.289342 0.0595238 0.0396205 0.0267639
32 0.479911 0.390625 0.0744048 0.0345982 0.0265503
0 0.167039 0.265067 0.0550595 0.0970982 0.0265503
49 0.785714 0.301339 0.0595238 0.0541295 0.026062
0 0.166295 0.287109 0.0639881 0.139509 0.026001
20 0.323661 0.294364 0.119048 0.142857 0.0259552
35 0.385045 0.486886 0.078125 0.0669643 0.0253754
29 0.793155 0.291295 0.0386904 0.0351562 0.025177
25 0.839286 0.244699 0.296131 0.0591518 0.0234222
51 0.784226 0.301339 0.0625 0.0558036 0.0229797
41 0.78497 0.301618 0.061012 0.0563616 0.0222931
33 0.75372 0.320034 0.165179 0.184152 0.02211
0 0.334077 0.310826 0.104167 0.175223 0.0220337
26 0.913691 0.289062 0.0595238 0.0390625 0.0218658
0 0.33631 0.27846 0.0930059 0.110491 0.0216217
34 0.852679 0.232422 0.226191 0.0345982 0.0212097
0 0.74628 0.376395 0.0446429 0.0703125 0.0207214
0 0.718006 0.330357 0.200893 0.258929 0.0207214
25 0.84003 0.256417 0.30506 0.0837054 0.0197906
17 0.323661 0.294364 0.119048 0.142857 0.0192719
0 0.941964 0.329799 0.0684524 0.0803571 0.018692
0 0.47247 0.203404 0.0572917 0.0535714 0.0183411
0 0.015346 0.306641 0.0301339 0.112165 0.0182648
0 0.360863 0.315011 0.0639881 0.1875 0.018158
35 0.469494 0.470703 0.0967262 0.0518973 0.0175781
29 0.786458 0.267857 0.0967262 0.0429688 0.0171814
37 0.565476 0.313686 0.479167 0.206334 0.0167847
0 0.0199033 0.258929 0.0373884 0.0357143 0.016098
0 0.75 0.333705 0.159226 0.205357 0.0159607
29 0.778274 0.273507 0.120536 0.0556641 0.0158997
32 0.788691 0.301618 0.0535714 0.0530134 0.0158386
18 0.333333 0.293806 0.0989583 0.141183 0.0155411
52 0.790923 0.302176 0.0446428 0.0524554 0.0153046
0 0.412574 0.310547 0.202381 0.195312 0.0152512
35 0.195313 0.336496 0.127232 0.0513393 0.0152512
0 0.152158 0.241211 0.0297619 0.0449219 0.0151901
35 0.775298 0.316964 0.113095 0.12779 0.0150757
19 0.333333 0.293806 0.0989583 0.141183 0.0150146
0 0.654762 0.336426 0.171131 0.428711 0.0150146
34 0.845982 0.248186 0.282738 0.0666853 0.0147324
0 0.0202753 0.268694 0.0386905 0.0541295 0.0146713
0 0.84003 0.293248 0.3125 0.156808 0.014389
25 0.75372 0.320034 0.165179 0.184152 0.014389
0 0.972842 0.242746 0.0543154 0.0513393 0.0143356
0 0.295387 0.281529 0.0401786 0.0887277 0.0136871
24 0.21503 0.351284 0.0885417 0.0301339 0.0134277
32 0.246187 0.489397 0.0195313 0.0145089 0.0132751
25 0.261905 0.273996 0.102679 0.102121 0.0132751
16 0.224702 0.352121 0.0654762 0.0279018 0.0130692
0 0.182292 0.229353 0.0178571 0.0192522 0.0126266
0 0.299107 0.276855 0.0327381 0.0456194 0.0125275
0 0.179502 0.24442 0.0238095 0.0491071 0.0124817
35 0.438244 0.48856 0.183036 0.0870536 0.012291
0 0.90625 0.0337612 0.0327381 0.0316685 0.0121918
29 0.790923 0.302176 0.0446428 0.0524554 0.012146
16 0.216146 0.351562 0.0446429 0.0279018 0.012146
0 0.326637 0.271484 0.0654762 0.09375 0.0120544
37 0.596726 0.373047 0.53869 0.375558 0.011467
0 0.287946 0.292969 0.0565476 0.0993304 0.0114212
0 0.196429 0.327009 0.129464 0.0652902 0.0110703
77 0.19494 0.338728 0.127232 0.0569196 0.0110321
0 0.553199 0.299665 0.243304 0.36942 0.0110321
25 0.779762 0.272879 0.113095 0.0580357 0.0109482
0 0.763393 0.318917 0.145833 0.157924 0.0108566
24 0.195313 0.336496 0.127232 0.0513393 0.0107346
0 0.174479 0.266741 0.030506 0.0959821 0.0106964
54 0.784226 0.30106 0.0625 0.0563616 0.0106125
0 0.31436 0.309431 0.047619 0.0976562 0.0105667
37 0.508185 0.29548 0.418155 0.229353 0.0104065
0 0.541667 0.180385 0.208333 0.129743 0.0102463
33 0.779762 0.272879 0.113095 0.0580357 0.0100937
33 0.913691 0.289342 0.0595238 0.0385045 0.00997162
0 0.708333 0.385672 0.24256 0.380441 0.00993347
0 0.684524 0.326172 0.116071 0.258929 0.00985718
0 0.159412 0.243862 0.0360863 0.0485491 0.00963593
0 0.769345 0.334821 0.0952381 0.15625 0.00952148
0 0.299107 0.268694 0.03125 0.0373884 0.00937653
0 0.700893 0.277344 0.0595238 0.0574777 0.00933838
0 0.502976 0.199637 0.119048 0.0611049 0.00933838
0 0.300223 0.268485 0.0334822 0.0556641 0.00930023
36 0.19494 0.339007 0.127232 0.0558036 0.00926971
0 0.783482 0.30692 0.102679 0.126674 0.00905609
25 0.0199963 0.279018 0.0390625 0.0301339 0.00901794
25 0.417039 0.311384 0.191964 0.192522 0.00901794
33 0.436756 0.311105 0.214286 0.195871 0.00898743
0 0.694941 0.320382 0.232143 0.371512 0.00891876
35 0.450893 0.475446 0.208333 0.114397 0.0088501
0 0.698661 0.376674 0.0982143 0.263393 0.00861359
32 0.790179 0.284598 0.0357143 0.0223214 0.0085144
0 0.266462 0.282087 0.102493 0.117188 0.00837708
25 0.784226 0.265625 0.102679 0.0457589 0.00803375
0 0.207961 0.230748 0.0543155 0.0407366 0.00800323
16 0.337054 0.275949 0.0922619 0.104911 0.00800323
0 0.726191 0.331194 0.116071 0.194754 0.00784302
54 0.790923 0.302176 0.0446428 0.0524554 0.0077858
0 0.450893 0.451451 0.209821 0.162946 0.0077858
33 0.769345 0.314174 0.133929 0.143973 0.00775528
0 0.0197173 0.251395 0.0368304 0.0412946 0.00769424
33 0.784226 0.266183 0.101191 0.0485491 0.00769424
25 0.784226 0.257115 0.202381 0.0839844 0.00760651
17 0.322824 0.291295 0.198103 0.141183 0.00754929
33 0.886161 0.288225 0.226191 0.148996 0.00734711
33 0.446429 0.36942 0.229167 0.311384 0.00725937
24 0.164807 0.257812 0.0409226 0.0719866 0.00717545
34 0.866816 0.261858 0.230655 0.0973772 0.00698471
35 0.77381 0.337333 0.105655 0.140067 0.00695801
0 0.216146 0.239676 0.0580357 0.0574777 0.0069046
0 0.300595 0.270647 0.03125 0.0256696 0.00682449
0 0.503348 0.273717 0.307292 0.304129 0.00682449
35 0.450893 0.451451 0.209821 0.162946 0.00679779
32 0.436756 0.363281 0.0386905 0.0234375 0.00666809
29 0.479167 0.410714 0.107143 0.0803571 0.00666809
24 0.216146 0.351562 0.0446429 0.0279018 0.00661469
0 0.680804 0.306641 0.0877976 0.205915 0.00653839
20 0.322824 0.291295 0.198103 0.141183 0.00653839
0 0.946429 0.262416 0.107143 0.110212 0.00651169
33 0.323754 0.371373 0.514695 0.316964 0.0064621
35 0.790923 0.302176 0.0446428 0.0524554 0.00636292
32 0.793155 0.291295 0.0386904 0.0351562 0.00634003
25 0.466518 0.209263 0.0446429 0.0412947 0.00629044
35 0.803571 0.267578 0.0625 0.0390625 0.00629044
0 0.2141 0.27002 0.030878 0.0715681 0.00629044
0 0.198661 0.259068 0.0483631 0.0432478 0.00614548
33 0.578125 0.351842 0.5 0.284598 0.00612259
0 0.197917 0.225446 0.0453869 0.0273438 0.00609589
0 0.21503 0.351284 0.0885417 0.0301339 0.00609589
0 0.212612 0.340681 0.0844494 0.0518973 0.006073
37 0.293527 0.284319 0.161458 0.125558 0.00600433
26 0.162388 0.330078 0.0625 0.0407366 0.00595856
0 0.985863 0.259766 0.0282738 0.0848214 0.00595856
0 0.307664 0.285226 0.0386905 0.0567801 0.00566483
0 0.718006 0.39202 0.0357143 0.0558036 0.00566483
0 0.225818 0.265765 0.0401786 0.0722656 0.00564194
33 0.332589 0.31257 0.422619 0.189593 0.00561905
24 0.913691 0.289062 0.0595238 0.0390625 0.00559998
35 0.913691 0.289342 0.0580357 0.0390625 0.0055542
25 0.258557 0.257812 0.0959822 0.0742188 0.00548935
2 0.466518 0.209263 0.0446429 0.0412947 0.00547028
24 0.224702 0.352121 0.0654762 0.0279018 0.00542831
0 0.322824 0.291295 0.198103 0.141183 0.00534439
0 0.666667 0.243304 0.0803572 0.0915179 0.00526047
0 0.479911 0.411272 0.108631 0.0803572 0.00518036
33 0.850446 0.258929 0.299107 0.0870536 0.00503922
77 0.333333 0.293806 0.0989583 0.141183 0.00503922
34 0.748512 0.374163 0.0491072 0.0731027 0.00500107
29 0.790179 0.284598 0.0357143 0.0223214 0.00498199
35 0.479539 0.410714 0.109375 0.0803571 0.00492477
0 0.21875 0.255441 0.0238095 0.0276227 0.0049057
16 0.222842 0.350446 0.0364583 0.0256696 0.0049057
25 0.565476 0.313686 0.479167 0.206334 0.0049057
0 0.96503 0.245257 0.0639881 0.0541295 0.00488663
0 0.335566 0.285784 0.047619 0.0645926 0.00482941
38 0.0211124 0.279855 0.0370164 0.0267857 0.00479126
0 0.217634 0.261719 0.0230655 0.0357143 0.00475693
35 0.786458 0.267857 0.0967262 0.0429688 0.00475693
0 0.366816 0.268973 0.0357143 0.0758929 0.00469971
25 0.758185 0.263811 0.154762 0.0817522 0.0046463
25 0.263486 0.245675 0.0846354 0.0449219 0.00462723
34 0.897322 0.233119 0.0952381 0.0237165 0.00455475
0 0.216146 0.351562 0.0446429 0.0279018 0.00453949
49 0.793899 0.302734 0.0401786 0.0485491 0.00450516
41 0.793155 0.291295 0.0386904 0.0351562 0.00448608
46 0.78497 0.301618 0.061012 0.0563616 0.00438309
0 0.344866 0.274484 0.0558036 0.0871931 0.00431442
0 0.717262 0.376116 0.0357143 0.0881697 0.00429916
0 0.149554 0.259068 0.0345982 0.0756138 0.00424957
32 0.823661 0.272391 0.0223214 0.0210658 0.00416565
35 0.380208 0.472656 0.0639881 0.0390625 0.00415039
19 0.19494 0.338728 0.126488 0.0558036 0.00415039
0 0.179874 0.25279 0.0238095 0.0323661 0.00399017
26 0.164807 0.257812 0.0409226 0.0719866 0.00399017
0 0.202009 0.264369 0.0520833 0.0599889 0.00399017
32 0.0205543 0.269531 0.0373884 0.0524554 0.00397491
37 0.152902 0.271694 0.0327381 0.086077 0.00395966
37 0.0199963 0.279018 0.0390625 0.0301339 0.00395966
32 0.240327 0.702009 0.0550595 0.015625 0.00395966
32 0.466146 0.392578 0.0453869 0.0273438 0.0039444
24 0.162388 0.330078 0.0625 0.0407366 0.00391388
0 0.0177641 0.243862 0.0340402 0.0535714 0.00390053
0 0.222098 0.246094 0.0453869 0.0435268 0.00390053
34 0.872024 0.232422 0.142857 0.0245536 0.00383949
0 0.995164 0.24707 0.00967261 0.0410156 0.00382423
0 0.290179 0.210379 0.0267857 0.0195313 0.00379562
0 0.0119048 0.24149 0.0219494 0.0505022 0.00379562
0 0.599702 0.317801 0.244048 0.397321 0.00379562
37 0.75372 0.320034 0.165179 0.184152 0.00379562
32 0.356399 0.407087 0.0223214 0.0100446 0.00376511
35 0.356027 0.40625 0.0245536 0.0111607 0.0037365
25 0.578125 0.351842 0.5 0.284598 0.00370789
26 0.21875 0.255441 0.0238095 0.0276227 0.00363541
29 0.913691 0.289342 0.0580357 0.0390625 0.0036068
33 0.866816 0.261858 0.230655 0.0973772 0.00358009
0 0.21689 0.233538 0.0476191 0.047433 0.00355148
0 0.539807 0.198242 0.192708 0.0689174 0.00340271
17 0.19494 0.338728 0.126488 0.0558036 0.00340271
0 0.912202 0.288225 0.0565476 0.0390625 0.00337601
0 0.332589 0.298549 0.047619 0.078683 0.00336266
37 0.261905 0.273996 0.102679 0.102121 0.00336266
29 0.803571 0.267578 0.0625 0.0390625 0.00332451
25 0.508185 0.29548 0.418155 0.229353 0.00331116
32 0.793899 0.302734 0.0401786 0.0485491 0.00329781
17 0.337054 0.275949 0.0922619 0.104911 0.00327301
0 0.28683 0.274275 0.0550595 0.093192 0.00327301
11 0.478795 0.410993 0.107887 0.0797991 0.00327301
38 0.848214 0.232701 0.229167 0.0345982 0.00324821
26 0.0200893 0.275112 0.0394345 0.0407366 0.00321007
34 0.453125 0.452009 0.220238 0.16183 0.00316048
0 0.752976 0.380022 0.0505952 0.0535714 0.00313568
53 0.783482 0.300781 0.0610119 0.0546875 0.00311089
0 0.253627 0.297433 0.205543 0.13058 0.00307465
24 0.466146 0.208984 0.0446429 0.0429688 0.00299263
26 0.195313 0.330636 0.13244 0.047433 0.0029583
0 0.702381 0.284877 0.0535714 0.0452009 0.00293541
0 0.31622 0.295759 0.0342262 0.0714286 0.00292397
0 0.724702 0.326451 0.0803571 0.180804 0.00292397
33 0.0199963 0.279018 0.0390625 0.0301339 0.00290108
20 0.33631 0.27846 0.0930059 0.110491 0.00290108
0 0.544643 0.253627 0.209821 0.272879 0.00288963
38 0.845982 0.248186 0.282738 0.0666853 0.00287819
26 0.21503 0.351284 0.0885417 0.0301339 0.00286674
26 0.216146 0.351562 0.0446429 0.0279018 0.0028553
0 0.738095 0.364118 0.136905 0.273996 0.00282288
33 0.565476 0.313686 0.479167 0.206334 0.00282288
0 0.207961 0.247489 0.0565476 0.0491071 0.00281143
29 0.797619 0.272321 0.0505952 0.0418527 0.00279045
25 0.747024 0.243862 0.108631 0.0585938 0.00275803
20 0.19494 0.338728 0.126488 0.0558036 0.00274658
0 0.30878 0.276786 0.0342262 0.046875 0.00265312
14 0.912947 0.289342 0.0595238 0.0396205 0.00265312
0 0.68006 0.250558 0.105655 0.106027 0.00263214
26 0.179874 0.25279 0.0238095 0.0323661 0.0026207
0 0.297247 0.299665 0.0290179 0.078125 0.00257111
0 0.134487 0.292899 0.262277 0.142997 0.00253105
35 0.750744 0.38058 0.0520833 0.061942 0.00251198
25 0.913691 0.289062 0.0595238 0.0390625 0.00250244
0 0.338542 0.291853 0.0461309 0.0848214 0.0024929
0 0.404762 0.219029 0.157738 0.138393 0.0024929
29 0.776786 0.308873 0.119048 0.132254 0.00248146
38 0.0204613 0.274065 0.0392485 0.0422712 0.00245285
0 0.147321 0.277902 0.0398066 0.078125 0.00244331
24 0.479911 0.411272 0.108631 0.0803572 0.00242424
33 0.749256 0.384766 0.0476191 0.0552455 0.0024147
32 0.479167 0.410714 0.107143 0.0803571 0.900391
0 0.586682 0.383301 0.484375 0.429827 0.813477
0 0.0202753 0.301409 0.0386905 0.123744 0.744141
0 0.602679 0.179827 0.0818453 0.128906 0.729492
0 0.383185 0.211496 0.112351 0.171875 0.695312
0 0.201265 0.26409 0.0706845 0.103516 0.632324
0 0.157738 0.264369 0.0401786 0.0917969 0.591797
0 0.324405 0.294364 0.0833333 0.139509 0.57373
0 0.930804 0.29269 0.0967262 0.154576 0.373047
0 0.155134 0.257952 0.0342262 0.0728237 0.2854
0 0.93006 0.317522 0.09375 0.104353 0.284668
16 0.195685 0.338728 0.127232 0.0569196 0.284668
29 0.0202753 0.280762 0.0394345 0.0299944 0.223999
0 0.203125 0.291853 0.0736607 0.15904 0.219971
0 0.952381 0.231306 0.0357143 0.0329241 0.212036
0 0.379464 0.243304 0.122024 0.235491 0.193481
0 0.169271 0.266044 0.0345982 0.0973772 0.175537
0 0.19494 0.33817 0.126488 0.0558036 0.168335
35 0.393973 0.492467 0.0989583 0.0792411 0.155029
0 0.300595 0.288435 0.0357143 0.0648716 0.153076
0 0.194568 0.291016 0.129464 0.15346 0.137329
29 0.78497 0.301618 0.061012 0.0563616 0.135742
0 0.165551 0.258371 0.0390625 0.0725446 0.121277
0 0.962054 0.268415 0.0625 0.108259 0.118164
0 0.327381 0.309222 0.0662203 0.103655 0.117188
0 0.466146 0.209682 0.0438988 0.0415737 0.107788
35 0.782738 0.30106 0.0595238 0.0541295 0.105957
0 0.0187872 0.285435 0.0375744 0.0920759 0.102295
0 0.190662 0.26702 0.0513393 0.0965402 0.0953369
52 0.78497 0.301618 0.061012 0.0563616 0.0933228
0 0.949405 0.285645 0.0654762 0.141881 0.0907593
0 0.364583 0.280622 0.0372024 0.10505 0.085083
0 0.334077 0.313616 0.104167 0.180804 0.0812378
32 0.459449 0.394252 0.0267857 0.0228795 0.078064
0 0.952381 0.268485 0.0446428 0.109236 0.0738525
0 0.706845 0.358817 0.177083 0.335379 0.0725098
0 0.300223 0.292969 0.0379464 0.0998884 0.0673218
32 0.0208333 0.279018 0.0383185 0.031808 0.0628052
35 0.15532 0.329799 0.0483631 0.0379464 0.0600891
0 0.735119 0.312779 0.190476 0.204241 0.0526123
33 0.835566 0.273717 0.316964 0.115513 0.0499573
51 0.790923 0.302455 0.0446428 0.0524554 0.0484924
0 0.34747 0.271275 0.0729167 0.0947266 0.0465393
0 0.702381 0.312221 0.0669643 0.210938 0.0464783
0 0.993676 0.244699 0.0126488 0.047433 0.0458679
0 0.33631 0.278181 0.0922619 0.110491 0.0457764
25 0.292504 0.283761 0.15904 0.124442 0.0432129
25 0.835566 0.273717 0.316964 0.115513 0.0427246
16 0.215216 0.351284 0.0889137 0.0301339 0.0423889
16 0.213728 0.339007 0.0896577 0.0552455 0.0370483
0 0.953869 0.240653 0.0416667 0.0555246 0.0362244
0 0.166295 0.247907 0.030506 0.0488281 0.0340271
0 0.166295 0.265346 0.0520834 0.0970982 0.033844
0 0.357143 0.252651 0.159226 0.252511 0.0328369
25 0.83631 0.312988 0.318452 0.194336 0.0317383
0 0.152902 0.271205 0.0327381 0.0870536 0.0316162
26 0.913691 0.288783 0.0595238 0.0390625 0.0316162
51 0.784226 0.301339 0.0625 0.0558036 0.0311432
29 0.793155 0.291574 0.0372023 0.0357143 0.0309143
32 0.479539 0.390625 0.0736607 0.0334821 0.0309143
16 0.332961 0.293806 0.0989583 0.141183 0.0302124
0 0.16369 0.286761 0.0587798 0.138532 0.0292053
49 0.785714 0.301339 0.0595238 0.0535714 0.0278015
25 0.840774 0.244978 0.300595 0.0597098 0.0273743
0 0.74628 0.376395 0.0446429 0.0703125 0.0266113
0 0.360863 0.314453 0.0625 0.189174 0.0266113
25 0.841518 0.256557 0.308036 0.0839844 0.024231
0 0.941964 0.329799 0.0684524 0.0803571 0.0240479
35 0.386161 0.487165 0.0803572 0.0675223 0.0240479
33 0.834821 0.307478 0.321429 0.180804 0.0230713
25 0.292039 0.264927 0.15253 0.0884487 0.0227966
41 0.78497 0.301618 0.061012 0.0563616 0.0226288
29 0.0204613 0.273717 0.0392485 0.0424107 0.0222931
37 0.417039 0.311454 0.189732 0.192941 0.0222931
0 0.71875 0.329171 0.202381 0.252372 0.0222015
32 0.912947 0.289342 0.0595238 0.0396205 0.021286
29 0.778274 0.273996 0.119048 0.0563616 0.0195618
34 0.851935 0.232143 0.226191 0.0340402 0.0195007
0 0.748512 0.330915 0.154762 0.205915 0.0195007
0 0.0197173 0.256557 0.0372024 0.0348772 0.0191956
0 0.152344 0.24149 0.030506 0.0457589 0.0185089
0 0.90625 0.0336827 0.0327381 0.0318255 0.0180969
35 0.469122 0.470424 0.0952381 0.0513393 0.0177155
20 0.324033 0.295131 0.116815 0.144113 0.0176392
33 0.752232 0.321359 0.165179 0.182059 0.0175171
35 0.195313 0.335938 0.127232 0.0502232 0.0167847
0 0.182478 0.229632 0.0178571 0.0195312 0.0166626
25 0.261998 0.274554 0.102493 0.102121 0.0165863
0 0.299107 0.276786 0.0327381 0.046875 0.0165253
0 0.015532 0.307199 0.031064 0.113281 0.0165253
0 0.175595 0.266741 0.0293899 0.0959821 0.0161591
0 0.415923 0.310826 0.191964 0.194754 0.0161591
0 0.179688 0.24428 0.0234375 0.0493862 0.0159607
0 0.775298 0.328683 0.119048 0.175223 0.0158386
52 0.790923 0.302455 0.0446428 0.0524554 0.0157166
29 0.786458 0.267857 0.0967262 0.0429688 0.0156708
0 0.980283 0.242746 0.0394345 0.0513393 0.0149536
0 0.295387 0.281808 0.0386905 0.0898438 0.0148392
0 0.326637 0.273996 0.0684524 0.0993304 0.0144501
77 0.19494 0.338449 0.127232 0.0563616 0.0144501
0 0.657738 0.339216 0.183036 0.433175 0.0142822
24 0.195313 0.335938 0.127232 0.0502232 0.0141754
35 0.776042 0.31529 0.114583 0.139509 0.0137939
0 0.701637 0.277344 0.0580357 0.0574777 0.0137405
32 0.246187 0.489397 0.0195313 0.0145089 0.0136871
0 0.5 0.199498 0.113095 0.0608259 0.0136337
0 0.0202753 0.268694 0.0386905 0.0541295 0.013588
25 0.779762 0.273158 0.111607 0.0585938 0.0134277
24 0.215216 0.351284 0.0889137 0.0301339 0.0132217
0 0.324033 0.295131 0.116815 0.144113 0.0131226
0 0.709821 0.386091 0.239583 0.379604 0.0129242
0 0.784226 0.306989 0.101191 0.125977 0.0127258
32 0.789435 0.301618 0.0520833 0.0530134 0.0126724
0 0.267764 0.281878 0.0984003 0.115932 0.0125732
0 0.300595 0.267578 0.0327381 0.0558036 0.0125275
17 0.324033 0.295131 0.116815 0.144113 0.0125275
0 0.697173 0.382533 0.0982143 0.276786 0.0124817
0 0.286458 0.292969 0.0572917 0.0998884 0.0124283
0 0.684524 0.327567 0.11756 0.261161 0.0122375
29 0.793899 0.302734 0.0401786 0.0485491 0.012146
34 0.844494 0.248884 0.28125 0.0680804 0.012146
35 0.437872 0.488839 0.182292 0.0864955 0.0121002
37 0.565476 0.313686 0.477679 0.208566 0.0121002
0 0.837798 0.293527 0.315476 0.15625 0.0120544
25 0.752976 0.320382 0.166667 0.184012 0.0120544
0 0.298363 0.268415 0.0297619 0.0373884 0.0119629
0 0.726191 0.330287 0.114583 0.196568 0.0118713
0 0.302827 0.306362 0.0379464 0.0954241 0.0115967
0 0.441964 0.452846 0.190476 0.165737 0.0113297
25 0.0199033 0.27846 0.0390625 0.031808 0.0112915
0 0.313988 0.309152 0.0461309 0.0982143 0.0111618
0 0.159412 0.243862 0.0360863 0.0485491 0.0108185
0 0.208333 0.231027 0.0528274 0.0412946 0.0107346
0 0.214286 0.26981 0.030506 0.0731027 0.0107346
25 0.78497 0.265346 0.101191 0.0457589 0.0106964
33 0.913691 0.289062 0.0595238 0.0390625 0.0106506
33 0.778274 0.270159 0.116071 0.0511998 0.0105667
0 0.557664 0.303292 0.280506 0.375558 0.01017
54 0.783482 0.301339 0.0610119 0.0558036 0.0100937
0 0.68006 0.306989 0.0892857 0.206334 0.0100937
0 0.0198103 0.249163 0.0368304 0.046317 0.00971222
16 0.225446 0.352121 0.0639881 0.0279018 0.00971222
0 0.216518 0.239676 0.0572917 0.0574777 0.00955963
25 0.780506 0.257534 0.196429 0.0842634 0.00930023
16 0.217448 0.351562 0.0401786 0.0279018 0.00926971
25 0.417039 0.311454 0.189732 0.192941 0.00908661
0 0.718006 0.393415 0.0357143 0.0535714 0.00905609
25 0.837798 0.236607 0.287202 0.0429688 0.00894928
18 0.332589 0.294643 0.0982143 0.141741 0.00888062
0 0.366816 0.268694 0.0357143 0.0753348 0.0088501
36 0.195313 0.338728 0.126488 0.0558036 0.0088501
0 0.300595 0.270368 0.03125 0.0256696 0.00878143
0 0.197545 0.225725 0.0446428 0.0267857 0.00861359
37 0.580729 0.351562 0.505208 0.285156 0.00857544
0 0.696429 0.321359 0.230655 0.369559 0.00854492
19 0.332961 0.293806 0.0989583 0.141183 0.0085144
32 0.790923 0.285156 0.0342262 0.0234375 0.00834656
25 0.466518 0.208984 0.0446429 0.0412946 0.00831604
0 0.212798 0.340402 0.0840774 0.0524554 0.00828552
37 0.506696 0.281738 0.422619 0.257952 0.00818634
0 0.487351 0.265206 0.348214 0.288225 0.00800323
37 0.597842 0.370605 0.539435 0.381557 0.0078125
32 0.436756 0.363002 0.0386905 0.0234375 0.0077858
0 0.947545 0.262416 0.104911 0.110212 0.00775528
24 0.913691 0.288783 0.0595238 0.0390625 0.00772476
0 0.215216 0.351284 0.0889137 0.0301339 0.00772476
24 0.217448 0.351562 0.0401786 0.0279018 0.00769424
33 0.776786 0.309082 0.11756 0.131836 0.00769424
0 0.303943 0.283761 0.161458 0.126674 0.00766754
25 0.258557 0.256836 0.0959822 0.0717076 0.00760651
0 0.225632 0.265765 0.0405506 0.0728237 0.00748825
25 0.2633 0.245257 0.0835194 0.0438058 0.00728989
33 0.778274 0.282366 0.116071 0.078125 0.00728989
54 0.790923 0.302455 0.0446428 0.0524554 0.00725937
35 0.790923 0.302455 0.0446428 0.0524554 0.00717545
35 0.449777 0.476842 0.206101 0.111049 0.00703812
0 0.217262 0.267299 0.0230655 0.0507812 0.00701141
26 0.160714 0.330357 0.0587798 0.0401786 0.00701141
0 0.289807 0.210519 0.0267857 0.0200893 0.00698471
29 0.479167 0.410714 0.107143 0.0803571 0.00698471
49 0.793899 0.302734 0.0401786 0.0485491 0.00682449
35 0.803571 0.267578 0.0625 0.0390625 0.00677109
34 0.872024 0.234933 0.196429 0.0415737 0.00669098
0 0.479911 0.410993 0.108631 0.0803571 0.00656509
0 0.666667 0.243443 0.0803572 0.0912388 0.00643921
0 0.30878 0.285156 0.0372024 0.0569196 0.00643921
32 0.793155 0.291853 0.0386904 0.0368304 0.00638962
25 0.748512 0.259487 0.136905 0.0859375 0.00629044
0 0.217448 0.351562 0.0401786 0.0279018 0.00621796
0 0.989583 0.256696 0.0208333 0.078125 0.00621796
0 0.717262 0.376116 0.0357143 0.0881697 0.00619125
0 0.197917 0.259208 0.0453869 0.0429688 0.00602722
0 0.766369 0.337542 0.0922619 0.149693 0.00598145
32 0.463914 0.392857 0.0401786 0.0262277 0.00593567
33 0.881697 0.289062 0.235119 0.15067 0.00591278
0 0.149554 0.25865 0.0342262 0.0753348 0.00584412
29 0.790923 0.285156 0.0342262 0.0234375 0.00582123
0 0.964286 0.245675 0.0625 0.0566406 0.00575256
0 0.218378 0.25558 0.0238095 0.0273438 0.00572968
0 0.543155 0.180525 0.200893 0.128348 0.00572968
24 0.165551 0.258371 0.0390625 0.0725446 0.00566483
2 0.466518 0.208984 0.0446429 0.0412946 0.00564194
0 0.540923 0.285993 0.214286 0.338728 0.00564194
0 0.334077 0.281878 0.0513393 0.0746373 0.00557709
17 0.323568 0.290806 0.199591 0.140486 0.00534439
35 0.356027 0.406808 0.0245536 0.0111608 0.0053215
34 0.861607 0.261858 0.241071 0.0973772 0.00530243
26 0.218378 0.25558 0.0238095 0.0273438 0.00518036
41 0.793155 0.291574 0.0372023 0.0357143 0.00516129
33 0.4375 0.311384 0.21503 0.196987 0.00508118
0 0.0120908 0.24135 0.0226935 0.0502232 0.00502014
20 0.323568 0.290806 0.199591 0.140486 0.00498199
35 0.450149 0.451451 0.208333 0.162946 0.00496292
0 0.179874 0.25293 0.0238095 0.0326451 0.0049057
0 0.2234 0.246652 0.0427827 0.0424107 0.00488663
16 0.337426 0.275949 0.0907738 0.104911 0.00482941
24 0.225446 0.352121 0.0639881 0.0279018 0.00481033
0 0.912202 0.289342 0.0565476 0.0385045 0.00475693
0 0.203125 0.265067 0.0491071 0.0591518 0.00471878
35 0.786458 0.267857 0.0967262 0.0429688 0.00471878
0 0.901786 0.286551 0.0372024 0.0407366 0.00471878
24 0.160714 0.330357 0.0587798 0.0401786 0.00469971
0 0.217634 0.233398 0.046131 0.047154 0.00457382
34 0.748512 0.374163 0.0505953 0.0725447 0.00450516
38 0.0212054 0.279855 0.0368304 0.0267857 0.00448608
32 0.356771 0.407366 0.0230655 0.0100447 0.00448608
37 0.292504 0.283761 0.15904 0.124442 0.00445175
20 0.335938 0.285714 0.0944941 0.126674 0.00443268
46 0.78497 0.301618 0.061012 0.0563616 0.00441742
35 0.479539 0.410714 0.108631 0.0803571 0.00439835
35 0.913691 0.289621 0.0580357 0.0390625 0.00438309
20 0.19494 0.33817 0.126488 0.0558036 0.00432968
35 0.77753 0.315011 0.0997023 0.109933 0.00426483
33 0.446429 0.368862 0.227679 0.308594 0.00421524
32 0.823661 0.272391 0.0223214 0.0210658 0.00419998
0 0.338542 0.292132 0.0446429 0.0842634 0.00415039
11 0.478795 0.410714 0.107887 0.0792411 0.00415039
0 0.526042 0.199219 0.163691 0.0641741 0.00413513
0 0.34003 0.276228 0.0446429 0.0803571 0.0041008
77 0.332961 0.293806 0.0989583 0.141183 0.0041008
34 0.89881 0.23298 0.0922619 0.0234375 0.00400543
0 0.325893 0.320592 0.0744048 0.0792411 0.00400543
0 0.724702 0.325405 0.0803571 0.184012 0.00400543
0 0.702381 0.284877 0.0535714 0.0452009 0.00397491
25 0.748512 0.25014 0.122024 0.0672433 0.0039444
0 0.752976 0.380022 0.0505952 0.0535714 0.00392914
32 0.24042 0.702009 0.0548735 0.015625 0.00392914
26 0.165551 0.258371 0.0390625 0.0725446 0.00391388
33 0.580729 0.351562 0.505208 0.285156 0.00387001
26 0.0200893 0.275181 0.0394345 0.0411551 0.00383949
17 0.19494 0.33817 0.126488 0.0558036 0.00383949
33 0.322917 0.371373 0.52381 0.31529 0.00374985
25 0.229911 0.243304 0.0357143 0.0290179 0.0037365
0 0.332961 0.297363 0.0453869 0.0760324 0.0037365
0 0.286086 0.273996 0.0528274 0.09375 0.00367928
35 0.380208 0.472098 0.0639881 0.0379465 0.00359344
0 0.736607 0.356027 0.133929 0.257812 0.00356483
0 0.995164 0.24707 0.00967261 0.0412946 0.00353813
37 0.0202753 0.280762 0.0394345 0.0299944 0.00353813
53 0.782738 0.30106 0.0595238 0.0541295 0.00352478
33 0.849702 0.258371 0.300595 0.0853795 0.00348282
33 0.49628 0.358817 0.324405 0.298549 0.00344276
0 0.831845 0.0517578 0.0282738 0.0231585 0.00341606
34 0.873512 0.232422 0.142857 0.0245536 0.00333786
29 0.803571 0.267578 0.0625 0.0390625 0.00333786
0 0.31622 0.294015 0.0327381 0.0659877 0.00333786
0 0.776786 0.319754 0.0967262 0.102679 0.00333786
0 0.309524 0.275391 0.0342262 0.0491071 0.00332451
26 0.217262 0.263114 0.0230655 0.0390625 0.00329781
29 0.799107 0.272391 0.0505952 0.0422712 0.00328636
0 0.296875 0.299386 0.0282738 0.078683 0.00327301
25 0.565476 0.313686 0.477679 0.208566 0.00327301
25 0.506696 0.281738 0.422619 0.257952 0.00324821
0 0.207961 0.248047 0.0520833 0.047433 0.00323486
25 0.913691 0.288783 0.0595238 0.0390625 0.00323486
37 0.152902 0.271205 0.0327381 0.0870536 0.00321007
33 0.0199033 0.27846 0.0390625 0.031808 0.00321007
26 0.217448 0.351562 0.0401786 0.0279018 0.00316048
37 0.292039 0.264927 0.15253 0.0884487 0.00316048
0 0.227679 0.235491 0.0357143 0.0362723 0.00314713
0 0.225446 0.352121 0.0639881 0.0279018 0.00314713
33 0.363095 0.31243 0.348958 0.18764 0.00314713
0 0.255301 0.297712 0.202195 0.130022 0.003088
26 0.179874 0.25293 0.0238095 0.0326451 0.00307465
0 0.40625 0.216797 0.15625 0.141741 0.0030632
0 0.148438 0.258929 0.0279018 0.063058 0.00301552
32 0.0206473 0.269601 0.0375744 0.0523159 0.00299263
33 0.861607 0.261858 0.241071 0.0973772 0.00298119
0 0.227307 0.292132 0.170387 0.142857 0.00296974
25 0.771577 0.267578 0.129464 0.078683 0.00293541
37 0.752976 0.320382 0.166667 0.184012 0.00291252
17 0.337426 0.275949 0.0907738 0.104911 0.00290108
0 0.580357 0.189593 0.0267857 0.0633371 0.00288963
29 0.913691 0.289621 0.0580357 0.0390625 0.00288963
19 0.195313 0.335938 0.127232 0.0502232 0.00284576
26 0.195313 0.330357 0.13244 0.0479911 0.00281143
24 0.466146 0.208984 0.0446429 0.0429688 0.00271416
0 0.0199033 0.27846 0.0390625 0.031808 0.00271416
0 0.900298 0.282087 0.029762 0.03125 0.0026722
38 0.851935 0.232143 0.226191 0.0340402 0.00266266
32 0.479167 0.410435 0.107143 0.0797991 0.890137
0 0.58631 0.38365 0.483631 0.429129 0.845215
0 0.0200893 0.301339 0.0386905 0.123884 0.748535
0 0.602679 0.179827 0.0803572 0.128627 0.745605
0 0.383185 0.211496 0.111607 0.171875 0.706543
0 0.198661 0.264788 0.0647321 0.102121 0.639648
0 0.157738 0.264369 0.0401786 0.0917969 0.60498
0 0.323289 0.294713 0.0840774 0.138253 0.592773
0 0.93006 0.292341 0.0952381 0.154157 0.411133
0 0.93006 0.316964 0.09375 0.104911 0.354004
0 0.155692 0.257533 0.0345982 0.0742188 0.346924
0 0.195127 0.33817 0.126116 0.0546875 0.237915
16 0.195685 0.338728 0.127232 0.0569196 0.223999
0 0.203125 0.292132 0.0721726 0.158482 0.219971
0 0.170387 0.266462 0.031994 0.0965402 0.212769
0 0.952381 0.231166 0.0357143 0.0332031 0.210815
29 0.0203683 0.280762 0.0392485 0.0299944 0.183594
0 0.380208 0.250558 0.120536 0.249442 0.177246
0 0.300223 0.289062 0.0357143 0.0680804 0.173828
0 0.333333 0.308036 0.10119 0.171875 0.172729
35 0.394345 0.492746 0.0997024 0.0792411 0.138428
0 0.465774 0.209961 0.0431548 0.0415737 0.137939
0 0.194568 0.290737 0.12872 0.15346 0.137573
29 0.78497 0.301897 0.061012 0.0558036 0.136597
0 0.962054 0.269252 0.0625 0.109933 0.131836
0 0.165923 0.259208 0.0379464 0.0731027 0.121704
0 0.327009 0.309152 0.0654762 0.103795 0.119629
0 0.299107 0.293527 0.0357143 0.0954241 0.112183
0 0.364583 0.280064 0.0372024 0.106166 0.110107
0 0.949405 0.287946 0.0625 0.146205 0.106506
0 0.0186012 0.285435 0.0372024 0.0926339 0.103394
35 0.782738 0.301339 0.0595238 0.0535714 0.103027
0 0.19494 0.327009 0.12872 0.0803571 0.0961914
52 0.78497 0.301897 0.061012 0.0558036 0.0900879
0 0.951637 0.268973 0.0431548 0.109933 0.0789185
32 0.459449 0.393973 0.0267857 0.0234375 0.0715942
0 0.706845 0.360212 0.177083 0.333147 0.0704346
0 0.702381 0.31257 0.0654762 0.211914 0.064209
0 0.336682 0.278181 0.0922619 0.109933 0.0633545
35 0.155506 0.329799 0.0483631 0.0379464 0.0632324
0 0.211124 0.295829 0.0963542 0.143834 0.0596619
0 0.735863 0.3125 0.188988 0.203683 0.0560303
51 0.790179 0.302455 0.0446428 0.0513393 0.0497742
32 0.0210193 0.278739 0.0383185 0.031808 0.0484924
0 0.348958 0.271275 0.0699405 0.0947266 0.0466309
33 0.835566 0.272042 0.315476 0.112165 0.0417786
25 0.835566 0.272042 0.315476 0.112165 0.0408325
0 0.993676 0.244699 0.0126488 0.047433 0.0403748
26 0.913691 0.288783 0.0580357 0.0390625 0.0397949
25 0.292504 0.283412 0.157552 0.124023 0.0396423
0 0.953869 0.241211 0.0416667 0.0566406 0.0368958
0 0.166667 0.265765 0.0513393 0.0968192 0.0354004
29 0.793155 0.291295 0.0372023 0.0345982 0.0348816
0 0.161086 0.285714 0.0528274 0.136719 0.0343018
51 0.784226 0.301339 0.0610119 0.0558036 0.033844
0 0.360491 0.313895 0.0610119 0.19029 0.033783
0 0.152902 0.270926 0.0327381 0.0870536 0.0322266
25 0.835566 0.313337 0.318452 0.194754 0.0321045
0 0.166295 0.247768 0.030506 0.0485491 0.0317383
32 0.479167 0.390904 0.0729167 0.0334821 0.0309143
25 0.841518 0.244978 0.302083 0.0602679 0.0304413
16 0.21503 0.351284 0.0885417 0.0301339 0.0302124
0 0.745536 0.375558 0.0416667 0.078683 0.0301056
49 0.785714 0.301339 0.0580357 0.0535714 0.0264587
16 0.213914 0.338728 0.0892857 0.0558036 0.0253754
0 0.90625 0.0337263 0.0327381 0.0319475 0.0245667
25 0.293155 0.261998 0.15253 0.0825893 0.0239563
0 0.745536 0.328613 0.14881 0.208845 0.0236969
0 0.187872 0.268903 0.0461309 0.0961216 0.0230713
0 0.941964 0.329799 0.0684524 0.0803571 0.0229797
0 0.776042 0.328613 0.11756 0.175363 0.0220337
41 0.792411 0.301339 0.0446429 0.0546875 0.0218658
0 0.718006 0.388393 0.221726 0.381696 0.0203705
29 0.778274 0.274484 0.119048 0.0570591 0.02034
0 0.298735 0.27839 0.031994 0.0514788 0.0202484
0 0.175967 0.266881 0.0290179 0.0962612 0.0197144
37 0.418155 0.311663 0.1875 0.192522 0.0195007
33 0.835566 0.313337 0.318452 0.194754 0.0191193
34 0.851191 0.231864 0.224702 0.0334821 0.0187683
0 0.269345 0.282087 0.0944941 0.114955 0.0185394
0 0.0196243 0.256417 0.0372024 0.0351562 0.0184784
0 0.69494 0.391183 0.0997024 0.295201 0.0183411
0 0.152158 0.241629 0.030506 0.0460379 0.0180206
32 0.913691 0.289342 0.0595238 0.0396205 0.0179138
29 0.0204613 0.273926 0.0392485 0.0414341 0.016922
0 0.725446 0.328683 0.111607 0.198661 0.0162811
0 0.701637 0.277623 0.0580357 0.0574777 0.0162201
0 0.182292 0.229632 0.0178571 0.0200893 0.0161591
0 0.418155 0.311454 0.186012 0.194057 0.0161591
16 0.332589 0.293806 0.0974703 0.141183 0.0157776
0 0.327009 0.273717 0.0677083 0.0993304 0.0154877
24 0.195313 0.335379 0.127232 0.0491071 0.0154877
33 0.752232 0.321498 0.165179 0.182896 0.0153656
52 0.790179 0.302455 0.0446428 0.0513393 0.0151901
35 0.46875 0.470424 0.0952381 0.0513393 0.0151901
25 0.261905 0.27567 0.10119 0.104353 0.0151291
35 0.195313 0.335379 0.127232 0.0491071 0.0151291
0 0.294643 0.282296 0.0379464 0.0927734 0.0150757
0 0.179874 0.24428 0.0234375 0.0488281 0.0149536
0 0.785714 0.30692 0.0982143 0.125558 0.0149536
0 0.300595 0.266741 0.0327381 0.0569196 0.0148392
0 0.496652 0.199498 0.105655 0.0602679 0.0147858
0 0.214286 0.269531 0.030506 0.0742188 0.0147324
0 0.441592 0.453125 0.189732 0.165179 0.0145035
77 0.194754 0.33817 0.12686 0.0558036 0.0142288
29 0.786458 0.267857 0.0967262 0.0429688 0.014061
0 0.0188802 0.27567 0.0377604 0.0507812 0.014061
0 0.68378 0.327846 0.116071 0.261719 0.014061
0 0.68006 0.308036 0.0863095 0.207031 0.014061
25 0.779762 0.272879 0.111607 0.0585938 0.0139008
0 0.658482 0.34096 0.1875 0.43192 0.0138474
24 0.21503 0.351284 0.0885417 0.0301339 0.013588
0 0.298363 0.268415 0.0297619 0.0390625 0.0135345
29 0.793899 0.303013 0.0401786 0.0479911 0.0132217
37 0.562872 0.313616 0.470982 0.208705 0.01297
0 0.302455 0.306292 0.0379464 0.0961216 0.0129242
32 0.245908 0.489397 0.0200893 0.0145089 0.0129242
0 0.982887 0.242746 0.0342262 0.0513393 0.0129242
0 0.28497 0.292341 0.0580357 0.100586 0.0125732
0 0.207961 0.231306 0.0513393 0.0418527 0.0121002
25 0.78497 0.265206 0.101191 0.046596 0.0120544
0 0.718006 0.392299 0.0357143 0.0558036 0.0119629
0 0.317336 0.283482 0.131696 0.125558 0.0118713
0 0.366816 0.268694 0.0349703 0.0753348 0.0115967
33 0.778274 0.270647 0.116071 0.0518973 0.0115967
35 0.776042 0.316685 0.114583 0.145089 0.0115967
0 0.852679 0.293527 0.285714 0.15625 0.0115967
20 0.321801 0.296596 0.12128 0.146763 0.0115051
0 0.313244 0.309152 0.0461309 0.0982143 0.0112457
0 0.750744 0.38058 0.0520833 0.061942 0.0112457
25 0.752976 0.320382 0.169643 0.184012 0.0112457
32 0.788691 0.301618 0.0505952 0.0530134 0.011116
25 0.0199033 0.278181 0.0390625 0.0323661 0.0110703
34 0.84375 0.247349 0.279762 0.0644531 0.0108566
0 0.216704 0.239537 0.0569196 0.0571987 0.0108185
0 0.212798 0.340402 0.0840774 0.0524554 0.0104523
35 0.4375 0.488839 0.181548 0.0859375 0.0104065
0 0.300595 0.270089 0.03125 0.0256696 0.0103302
33 0.913691 0.289342 0.0580357 0.0385045 0.0102081
0 0.159412 0.243583 0.0360863 0.0485491 0.0100098
0 0.0198103 0.24707 0.0370164 0.0510603 0.00997162
25 0.845982 0.259766 0.308036 0.0881696 0.00993347
0 0.565476 0.306013 0.316964 0.380162 0.00993347
25 0.837798 0.236328 0.285714 0.0418527 0.00985718
25 0.466518 0.208984 0.0446429 0.0412946 0.00967407
0 0.197545 0.225725 0.0446428 0.0270647 0.00955963
25 0.778274 0.257812 0.191964 0.0842634 0.00955963
0 0.217076 0.268694 0.0234375 0.0535714 0.00948334
24 0.913691 0.288783 0.0580357 0.0390625 0.00941467
54 0.783482 0.301339 0.0610119 0.0558036 0.00933838
17 0.321801 0.296596 0.12128 0.146763 0.00923157
37 0.509673 0.27853 0.419643 0.264369 0.00901794
0 0.289807 0.210519 0.0267857 0.0203683 0.00898743
37 0.578869 0.35498 0.5 0.292271 0.00898743
25 0.262742 0.261998 0.0950521 0.0770089 0.00891876
0 0.225446 0.265765 0.0409226 0.0733817 0.0088501
0 0.351935 0.241629 0.175595 0.224888 0.00857544
24 0.218192 0.351562 0.0357143 0.0273438 0.00854492
0 0.21503 0.351284 0.0885417 0.0301339 0.00847626
0 0.697173 0.327567 0.223214 0.358817 0.00828552
0 0.949405 0.262556 0.10119 0.109933 0.00793457
0 0.487723 0.265485 0.351935 0.287109 0.00793457
33 0.776786 0.309082 0.116071 0.131836 0.00787354
25 0.26423 0.245117 0.0831473 0.0432478 0.00784302
49 0.793899 0.303013 0.0401786 0.0479911 0.0078125
25 0.418155 0.311663 0.1875 0.192522 0.0078125
35 0.382441 0.482701 0.0714286 0.0580357 0.00775528
0 0.717262 0.376116 0.0357143 0.0881697 0.00772476
32 0.790923 0.285156 0.0342262 0.0234375 0.00754929
32 0.436756 0.363281 0.0372024 0.0223214 0.00754929
0 0.218192 0.351562 0.0357143 0.0273438 0.00746155
26 0.15904 0.330357 0.0554316 0.0401786 0.00743103
33 0.778274 0.282366 0.116071 0.078125 0.00725937
0 0.479539 0.410993 0.107887 0.0803571 0.00725937
35 0.803571 0.267578 0.0625 0.0390625 0.00712204
0 0.666667 0.243583 0.0803572 0.0909598 0.00706482
25 0.747024 0.259487 0.133929 0.0859375 0.00706482
16 0.22619 0.352121 0.0625 0.0284598 0.0068779
36 0.195685 0.338728 0.125744 0.0558036 0.0068779
0 0.766369 0.337542 0.0892857 0.148577 0.00674438
0 0.149554 0.25865 0.0338542 0.0753348 0.00671768
29 0.790923 0.285156 0.0342262 0.0234375 0.00666809
16 0.218192 0.351562 0.0357143 0.0273438 0.00666809
54 0.790179 0.302455 0.0446428 0.0513393 0.0064621
34 0.872768 0.234096 0.196429 0.0401786 0.00638962
29 0.479167 0.410714 0.107143 0.0803571 0.00636292
35 0.356027 0.406808 0.0245536 0.0111608 0.00634003
35 0.793899 0.303013 0.0401786 0.0479911 0.00626373
0 0.309524 0.284598 0.0357143 0.0580357 0.00624084
0 0.964286 0.246094 0.0625 0.0585938 0.00605011
0 0.218006 0.255859 0.0230655 0.0273438 0.00595856
0 0.334449 0.28132 0.0505952 0.0757534 0.00595856
26 0.218006 0.255859 0.0230655 0.0273438 0.00582123
32 0.793155 0.291295 0.0386904 0.0357143 0.00577545
32 0.462798 0.392857 0.0379464 0.0256696 0.00570679
0 0.989955 0.259766 0.0200893 0.0842634 0.00568771
19 0.332589 0.293806 0.0974703 0.141183 0.00540543
0 0.912202 0.289621 0.0565476 0.0379464 0.00536346
0 0.0120908 0.241211 0.0226935 0.0502232 0.00530243
41 0.793155 0.291295 0.0372023 0.0345982 0.00530243
2 0.466518 0.208984 0.0446429 0.0412946 0.00524139
0 0.196801 0.259208 0.0416667 0.0429688 0.00521851
24 0.15904 0.330357 0.0554316 0.0401786 0.00521851
0 0.724702 0.324219 0.0773809 0.1875 0.00521851
0 0.223958 0.246931 0.0416667 0.0412946 0.0051384
0 0.899554 0.286551 0.0327381 0.0407366 0.0051384
33 0.881697 0.290179 0.235119 0.15346 0.0050621
35 0.449405 0.4774 0.205357 0.109933 0.0050621
0 0.261905 0.291295 0.0796131 0.0954241 0.00500107
11 0.478795 0.410714 0.107143 0.0792411 0.00498199
32 0.356399 0.407366 0.0223214 0.0100447 0.00496292
0 0.217448 0.233538 0.047247 0.047433 0.00492477
0 0.338914 0.292411 0.0446429 0.0842634 0.0049057
20 0.335565 0.285645 0.09375 0.126256 0.0049057
20 0.195127 0.33817 0.126116 0.0546875 0.00488663
38 0.0212054 0.279855 0.0368304 0.0267857 0.00479126
34 0.860119 0.261998 0.241071 0.0976562 0.00477219
0 0.18006 0.25293 0.0238095 0.0326451 0.00468063
0 0.204613 0.265346 0.0461309 0.0580357 0.00466537
35 0.786458 0.267857 0.0967262 0.0429688 0.00462723
0 0.542411 0.287458 0.217262 0.341378 0.00460815
17 0.325149 0.290458 0.203869 0.138393 0.00460815
0 0.703125 0.284877 0.0535714 0.0452009 0.00446701
24 0.22619 0.352121 0.0625 0.0284598 0.00441742
0 0.543155 0.180838 0.199405 0.128278 0.00438309
18 0.331845 0.294643 0.0967262 0.141741 0.00434875
24 0.165923 0.259208 0.0379464 0.0731027 0.00431442
0 0.526786 0.19894 0.165179 0.0636161 0.00428009
32 0.823661 0.272042 0.0223214 0.0206473 0.00426483
46 0.78497 0.301897 0.061012 0.0558036 0.00424957
0 0.831845 0.0517578 0.0282738 0.0231585 0.0042305
34 0.89881 0.23298 0.0922619 0.0234375 0.00418091
32 0.24042 0.702009 0.0548735 0.015625 0.00416565
0 0.77753 0.319196 0.0967262 0.103237 0.00415039
20 0.325149 0.290458 0.203869 0.138393 0.00413513
25 0.229911 0.243025 0.0357143 0.0287388 0.00405502
0 0.22619 0.352121 0.0625 0.0284598 0.00405502
25 0.747024 0.244001 0.107143 0.0583147 0.00397491
0 0.580357 0.189453 0.0275298 0.0636161 0.00395966
37 0.292504 0.283412 0.157552 0.124023 0.00387001
26 0.217262 0.264788 0.0238095 0.0418527 0.00383949
0 0.309896 0.273926 0.0334821 0.0514788 0.00383949
34 0.748512 0.374163 0.0491072 0.0725447 0.00383949
26 0.0200893 0.275391 0.0394345 0.0407366 0.00382423
0 0.28497 0.273717 0.0513393 0.094308 0.00380898
53 0.782738 0.301339 0.0595238 0.0535714 0.00379562
35 0.913691 0.289621 0.0580357 0.0390625 0.00378036
0 0.227493 0.291853 0.164807 0.142299 0.00369263
33 0.422619 0.310756 0.190476 0.204381 0.00369263
35 0.479539 0.410435 0.108631 0.0797991 0.00369263
0 0.0199033 0.278181 0.0390625 0.0323661 0.00362206
0 0.227679 0.235491 0.0357143 0.0362723 0.00359344
0 0.296503 0.299107 0.0275298 0.0792411 0.00358009
26 0.165923 0.259208 0.0379464 0.0731027 0.00356483
29 0.797619 0.2726 0.0476191 0.0412946 0.00356483
0 0.332589 0.296596 0.0438988 0.0742188 0.00356483
35 0.778274 0.313616 0.10119 0.112165 0.00355148
17 0.195127 0.33817 0.126116 0.0546875 0.00349617
0 0.31622 0.293806 0.0319941 0.0647321 0.00346947
0 0.325149 0.290458 0.203869 0.138393 0.00341606
0 0.721726 0.393694 0.119048 0.37221 0.00338936
34 0.873512 0.232422 0.142857 0.0245536 0.00335121
26 0.218192 0.351562 0.0357143 0.0273438 0.00333786
25 0.772321 0.267578 0.127976 0.077567 0.00332451
26 0.338542 0.293248 0.0386905 0.0647321 0.00331116
0 0.257347 0.297363 0.196615 0.129604 0.00321007
35 0.449405 0.451451 0.206845 0.16183 0.00321007
26 0.18006 0.25293 0.0238095 0.0326451 0.00318527
29 0.803571 0.267578 0.0625 0.0390625 0.00318527
33 0.0199033 0.278181 0.0390625 0.0323661 0.00317192
25 0.913691 0.288783 0.0580357 0.0390625 0.00314713
0 0.995164 0.247349 0.00967261 0.0407366 0.00313568
0 0.647135 0.331403 0.348586 0.298131 0.00312424
37 0.0203683 0.280762 0.0392485 0.0299944 0.003088
0 0.207589 0.248605 0.0483631 0.0457589 0.0030632
25 0.509673 0.27853 0.419643 0.264369 0.00305176
37 0.293155 0.261998 0.15253 0.0825893 0.00300407
33 0.447173 0.36942 0.226191 0.308594 0.00300407
33 0.849702 0.258092 0.300595 0.0848214 0.00299263
0 0.21131 0.224609 0.0297619 0.0290179 0.00298119
0 0.474702 0.196708 0.0610119 0.0613839 0.00293541
27 0.78497 0.301897 0.061012 0.0558036 0.00292397
35 0.380952 0.47154 0.0639881 0.0368304 0.00291252
26 0.196057 0.253348 0.0379464 0.031808 0.00290108
0 0.550595 0.475167 0.235119 0.256138 0.00290108
26 0.366071 0.266741 0.0342262 0.0703125 0.00287819
33 0.578869 0.35498 0.5 0.292271 0.00287819
25 0.277902 0.239397 0.0870536 0.0334821 0.00286674
16 0.337798 0.275949 0.0892857 0.104353 0.00283432
0 0.89881 0.281529 0.0267857 0.0301339 0.00282288
0 0.405878 0.213867 0.154018 0.148158 0.00281143
2 0.436012 0.363281 0.0386905 0.0234375 0.00277901
26 0.206101 0.305246 0.0223214 0.0200893 0.00275803
37 0.152902 0.270926 0.0327381 0.0870536 0.0026722
0 0.339286 0.263532 0.0877976 0.0756138 0.00265312
0 0.210007 0.281529 0.0364583 0.0580357 0.00265312
26 0.350446 0.319196 0.0238095 0.0390625 0.00264168
35 0.823661 0.272042 0.0223214 0.0206473 0.00261116
26 0.223958 0.246931 0.0416667 0.0412946 0.00260162
33 0.325149 0.371931 0.529762 0.314174 0.00259018
32 0.479167 0.410156 0.107143 0.0797991 0.869629
0 0.58631 0.383929 0.482143 0.427455 0.86377
0 0.0200893 0.301339 0.0386905 0.123884 0.756836
0 0.602679 0.179688 0.0803572 0.128348 0.751953
0 0.384301 0.211775 0.110119 0.171875 0.714844
0 0.322173 0.294364 0.0818453 0.137835 0.633301
0 0.198289 0.264788 0.0639881 0.101562 0.630859
0 0.157366 0.264788 0.0394345 0.0920759 0.597168
0 0.93006 0.316127 0.09375 0.106027 0.433105
0 0.930804 0.292341 0.0967262 0.154157 0.431152
0 0.155506 0.257812 0.0342262 0.0742188 0.335449
0 0.195127 0.337891 0.126116 0.0541295 0.286865
0 0.171503 0.266741 0.030878 0.0959821 0.225464
0 0.202939 0.292132 0.0718006 0.157924 0.222046
0 0.952381 0.231166 0.0357143 0.0332031 0.208862
0 0.189546 0.267299 0.0494792 0.0965402 0.206299
0 0.300223 0.289062 0.0357143 0.0708705 0.188354
16 0.195685 0.338449 0.126488 0.0563616 0.183594
0 0.333705 0.311384 0.101191 0.179129 0.182983
0 0.298363 0.292411 0.0349703 0.0926339 0.15918
0 0.380952 0.255859 0.119048 0.260045 0.156128
0 0.465774 0.209961 0.0431548 0.0415737 0.150024
0 0.962798 0.271763 0.0625001 0.115513 0.149292
29 0.0204613 0.280762 0.0390625 0.0299944 0.139404
0 0.364583 0.280134 0.0372024 0.107701 0.137939
35 0.394345 0.492746 0.0997024 0.0792411 0.134766
0 0.194754 0.290458 0.129092 0.15346 0.131348
0 0.949405 0.288784 0.0654762 0.148438 0.130493
29 0.784226 0.301618 0.0595238 0.0558036 0.12085
0 0.19494 0.325614 0.129464 0.0837054 0.118591
0 0.166667 0.259626 0.0364583 0.0728237 0.107056
0 0.326637 0.308873 0.0654762 0.104353 0.107056
35 0.782738 0.301339 0.0595238 0.0535714 0.10376
0 0.0184152 0.285435 0.0368304 0.0926339 0.102295
0 0.952381 0.269252 0.0446428 0.109933 0.0923462
52 0.784226 0.301618 0.0595238 0.0558036 0.0894775
0 0.703125 0.313058 0.0669643 0.21317 0.0813599
0 0.717262 0.37507 0.194941 0.362584 0.0745239
0 0.336682 0.277623 0.0922619 0.109375 0.0691528
32 0.459449 0.393973 0.0267857 0.0234375 0.0675659
0 0.739583 0.320312 0.181548 0.229911 0.0665894
35 0.155134 0.329799 0.0483631 0.0379464 0.0628052
29 0.793155 0.301339 0.0446429 0.0546875 0.0618896
25 0.83631 0.262835 0.315476 0.09375 0.0544128
26 0.913691 0.288783 0.0580357 0.0390625 0.0509033
51 0.790923 0.302734 0.0431547 0.0513393 0.0501404
0 0.166667 0.250837 0.0334821 0.0569196 0.0497742
0 0.350818 0.270647 0.0662203 0.0948661 0.0455322
0 0.159226 0.279018 0.0491071 0.122768 0.042572
0 0.993676 0.244699 0.0126488 0.047433 0.0418396
25 0.835566 0.310826 0.318452 0.19029 0.0403748
33 0.83631 0.262835 0.315476 0.09375 0.0397949
0 0.360119 0.313337 0.0610119 0.191406 0.0386047
29 0.793155 0.291295 0.0372023 0.0345982 0.0384521
25 0.842262 0.244978 0.303571 0.0602679 0.0379028
0 0.776786 0.328962 0.119048 0.175781 0.0374756
0 0.953869 0.243025 0.0416667 0.0602679 0.0360718
0 0.745536 0.375558 0.0416667 0.0792411 0.0359497
32 0.0209263 0.27846 0.0381324 0.0323661 0.0348816
51 0.784226 0.301339 0.0610119 0.0552455 0.0344849
0 0.152902 0.270647 0.0323661 0.0876116 0.033783
0 0.166853 0.265904 0.0505953 0.0965402 0.0327148
0 0.955357 0.236328 0.0431548 0.0440848 0.0310822
25 0.29176 0.283552 0.154576 0.123744 0.0310211
32 0.478795 0.391183 0.0714286 0.0323661 0.0293121
0 0.941964 0.329799 0.0684524 0.0803571 0.0268555
0 0.273066 0.282087 0.0863095 0.114397 0.026001
0 0.693452 0.395647 0.10119 0.30692 0.0248871
0 0.725446 0.32673 0.111607 0.200335 0.0239563
0 0.298735 0.279297 0.031994 0.0552455 0.022934
25 0.293806 0.25851 0.150484 0.0756139 0.0228882
0 0.90625 0.0337612 0.0327381 0.0319475 0.0227966
41 0.793155 0.301339 0.0446429 0.0546875 0.0224609
16 0.215216 0.351284 0.0881696 0.0301339 0.0217743
29 0.784226 0.270647 0.101191 0.047433 0.0211182
0 0.787202 0.30685 0.0952381 0.12514 0.0208893
49 0.785714 0.301339 0.0580357 0.0535714 0.0207977
33 0.83631 0.290179 0.3125 0.148438 0.0202484
0 0.701637 0.277623 0.0580357 0.0574777 0.0195618
37 0.417783 0.311942 0.185268 0.19308 0.0193481
0 0.441964 0.452846 0.188988 0.165737 0.0190887
0 0.417411 0.311384 0.183036 0.193638 0.0188293
0 0.681548 0.308594 0.0863095 0.208147 0.0188293
41 0.784226 0.301618 0.0595238 0.0558036 0.0183411
52 0.790923 0.302734 0.0431547 0.0513393 0.0178528
0 0.214286 0.268973 0.0297619 0.0742188 0.0173798
34 0.851191 0.231864 0.221726 0.0334821 0.0170441
25 0.778274 0.270717 0.116071 0.0523158 0.016983
0 0.0197173 0.256417 0.0372024 0.0357143 0.0168457
0 0.151972 0.24149 0.030506 0.0457589 0.0166626
0 0.684524 0.328753 0.116071 0.263253 0.0165253
0 0.300595 0.266183 0.0327381 0.0574777 0.0162811
25 0.78497 0.265067 0.101191 0.046875 0.0155411
0 0.327381 0.272879 0.0669643 0.0993304 0.0155411
0 0.294271 0.282645 0.0372024 0.0954241 0.0152512
0 0.182478 0.229632 0.0178571 0.0200893 0.0151901
24 0.195313 0.334821 0.127232 0.0479911 0.0151291
0 0.366816 0.268694 0.0357143 0.0753348 0.0149536
32 0.245908 0.489397 0.0200893 0.0145089 0.0146713
0 0.302083 0.305804 0.0372024 0.0970982 0.0144501
0 0.493304 0.199498 0.0982143 0.0602679 0.014389
33 0.752232 0.321987 0.165179 0.181362 0.014389
35 0.46875 0.470703 0.0952381 0.0513393 0.0142822
0 0.298363 0.268694 0.0297619 0.0401786 0.0136337
0 0.18006 0.244141 0.0230655 0.0485491 0.0135345
32 0.912947 0.289621 0.0595238 0.0390625 0.0134811
0 0.718006 0.390625 0.0357143 0.0585938 0.0134277
0 0.212984 0.340402 0.0837054 0.0524554 0.0133286
0 0.284226 0.292411 0.0580357 0.101562 0.0132751
0 0.0183222 0.276507 0.0366444 0.0513393 0.0131226
0 0.208333 0.232282 0.0513393 0.0432478 0.0129242
0 0.75 0.38058 0.0505952 0.0625 0.0128708
33 0.778274 0.270717 0.116071 0.0523158 0.012825
24 0.913691 0.288783 0.0580357 0.0390625 0.0127716
29 0.797619 0.268973 0.0773809 0.0418527 0.0124283
24 0.215216 0.351284 0.0881696 0.0301339 0.0124283
25 0.751488 0.320592 0.169643 0.182478 0.0123825
25 0.261254 0.276228 0.101004 0.104911 0.0123367
37 0.563244 0.313337 0.470238 0.209263 0.0122375
25 0.837054 0.23577 0.284226 0.0410156 0.012146
0 0.660714 0.343192 0.206845 0.43192 0.0118713
25 0.466518 0.209124 0.0446429 0.0410156 0.0118256
77 0.19494 0.33817 0.126488 0.0558036 0.0116882
16 0.212984 0.340402 0.0837054 0.0524554 0.0116425
0 0.21689 0.239397 0.0558036 0.0566406 0.0115509
35 0.195313 0.334821 0.127232 0.0479911 0.011467
32 0.484003 0.390067 0.0915179 0.0379464 0.0113754
0 0.987351 0.242746 0.0252976 0.0507812 0.0112
0 0.300595 0.26981 0.03125 0.0267857 0.0108185
0 0.321057 0.26423 0.0617559 0.0764509 0.0106506
0 0.21689 0.269252 0.0238095 0.0541295 0.0106506
0 0.289807 0.210659 0.0267857 0.0206473 0.0105667
29 0.0204613 0.273996 0.0392485 0.0412946 0.0105286
25 0.775298 0.257673 0.1875 0.0839844 0.0104523
0 0.765625 0.336984 0.0907738 0.149693 0.0104065
33 0.913691 0.289342 0.0580357 0.0385045 0.0102081
25 0.265997 0.262137 0.103423 0.077846 0.0100555
25 0.0199033 0.276716 0.0392485 0.0358538 0.0100098
0 0.196987 0.225725 0.0435268 0.0267857 0.00993347
0 0.225446 0.265625 0.0409226 0.0736607 0.00985718
0 0.202009 0.223772 0.0379464 0.0259487 0.00955963
35 0.776786 0.320312 0.116071 0.155134 0.00952148
0 0.0198103 0.246791 0.0370164 0.0516183 0.00945282
0 0.313244 0.309082 0.0446428 0.0983538 0.00933838
0 0.215216 0.351284 0.0881696 0.0301339 0.00919342
24 0.218378 0.351562 0.0327381 0.0267857 0.0091629
0 0.683036 0.394531 0.284226 0.372768 0.0091629
0 0.479167 0.410714 0.107143 0.0803571 0.00912476
37 0.510417 0.277902 0.416667 0.265625 0.00912476
25 0.264974 0.244978 0.0816592 0.0424107 0.00901794
0 0.717262 0.375558 0.0357143 0.0887277 0.00898743
0 0.0202753 0.268694 0.0386905 0.0541295 0.00891876
26 0.157366 0.330357 0.0520833 0.0401786 0.00871277
54 0.783482 0.301339 0.0595238 0.0558036 0.00867462
16 0.331845 0.293806 0.0967262 0.141183 0.00867462
37 0.582217 0.362095 0.506696 0.308175 0.0086441
35 0.4375 0.488839 0.181548 0.0853795 0.00854492
32 0.789435 0.301897 0.0505952 0.0524554 0.0085144
0 0.218378 0.351562 0.0327381 0.0267857 0.00847626
35 0.356027 0.406529 0.0245536 0.0117188 0.00847626
0 0.159226 0.243443 0.0364583 0.0482701 0.00837708
0 0.953869 0.262277 0.0922619 0.110491 0.00837708
0 0.579613 0.30978 0.376488 0.386021 0.00837708
25 0.745536 0.259487 0.130952 0.0853795 0.00818634
33 0.776786 0.309152 0.116071 0.132812 0.00803375
34 0.842262 0.247489 0.279762 0.0641741 0.00800323
35 0.804316 0.267578 0.0610119 0.0390625 0.00796509
35 0.790923 0.302734 0.0431547 0.0513393 0.00784302
29 0.790923 0.285156 0.0342262 0.0234375 0.00775528
35 0.382813 0.483259 0.0721726 0.0591518 0.00775528
0 0.262649 0.288784 0.104167 0.136719 0.00737381
0 0.269345 0.287946 0.0662202 0.113839 0.00734711
0 0.724702 0.323103 0.0788691 0.190848 0.00734711
17 0.31808 0.298479 0.127232 0.150809 0.00734711
20 0.31808 0.298479 0.127232 0.150809 0.00728989
32 0.436756 0.363281 0.0386905 0.0234375 0.00720596
25 0.417783 0.311942 0.185268 0.19308 0.00712204
49 0.793155 0.303013 0.0386904 0.0479911 0.00703812
33 0.778274 0.281808 0.116071 0.0770089 0.00703812
0 0.31808 0.298479 0.127232 0.150809 0.0069313
0 0.964286 0.24721 0.0625 0.0613839 0.00682449
26 0.218006 0.255859 0.0230655 0.0273438 0.00677109
33 0.78497 0.265067 0.101191 0.046875 0.00677109
0 0.487351 0.266044 0.355655 0.285993 0.00671768
0 0.149554 0.258789 0.0342262 0.0756138 0.00669098
0 0.912202 0.289621 0.0565476 0.0379464 0.00661469
0 0.666667 0.243722 0.0803572 0.0912388 0.00658798
0 0.697917 0.332659 0.220238 0.344727 0.00658798
32 0.790923 0.285156 0.0342262 0.0234375 0.00656509
0 0.513021 0.197824 0.137649 0.061942 0.00629044
0 0.309896 0.283761 0.0349703 0.0602679 0.00609589
24 0.157366 0.330357 0.0520833 0.0401786 0.00600433
0 0.218006 0.255859 0.0230655 0.0273438 0.00595856
0 0.334449 0.280134 0.0505952 0.077567 0.00588989
0 0.35119 0.242048 0.178571 0.223493 0.00584412
54 0.790923 0.302734 0.0431547 0.0513393 0.00575256
41 0.793155 0.291295 0.0372023 0.0345982 0.00572968
0 0.897322 0.286203 0.0267857 0.0403181 0.00568771
0 0.0199033 0.276716 0.0392485 0.0358538 0.00566483
0 0.22433 0.24721 0.0409226 0.0404576 0.00557709
32 0.356399 0.407366 0.0223214 0.0100447 0.00557709
0 0.833333 0.298061 0.309524 0.161691 0.0055542
11 0.478423 0.410156 0.107143 0.078125 0.00548935
0 0.218006 0.233538 0.0476191 0.047433 0.00542831
34 0.874256 0.235631 0.193452 0.0426898 0.00530243
0 0.990699 0.263393 0.0186012 0.0915179 0.00530243
0 0.0119978 0.24135 0.0225074 0.0502232 0.00521851
20 0.195127 0.337891 0.126116 0.0541295 0.00519943
0 0.339286 0.292411 0.0446428 0.0842634 0.0050621
2 0.466518 0.209124 0.0446429 0.0410156 0.00503922
29 0.479167 0.410714 0.107143 0.0803571 0.00500107
16 0.226935 0.352121 0.0610119 0.0279018 0.00492477
0 0.226935 0.352121 0.0610119 0.0279018 0.00488663
38 0.0212984 0.279855 0.0366444 0.0267857 0.00479126
32 0.793155 0.290737 0.0372023 0.0345982 0.00479126
0 0.227679 0.291853 0.154018 0.141741 0.00471878
35 0.786458 0.267718 0.0967262 0.0432478 0.00468063
16 0.218378 0.351562 0.0327381 0.0267857 0.00466537
26 0.21689 0.265625 0.0238095 0.0435268 0.0046463
25 0.747024 0.244141 0.107143 0.0580357 0.00462723
0 0.719494 0.394531 0.11756 0.372768 0.00457382
25 0.230097 0.242746 0.0353423 0.0284598 0.00450516
32 0.823661 0.272042 0.0223214 0.0206473 0.00446701
36 0.196057 0.338728 0.124256 0.0558036 0.00443268
25 0.773066 0.267787 0.125 0.0738002 0.00441742
0 0.310268 0.271833 0.0327381 0.0556641 0.00436401
46 0.789435 0.301897 0.0505952 0.0524554 0.00432968
0 0.831845 0.0517578 0.0282738 0.023019 0.00429916
0 0.18006 0.25279 0.0238095 0.0323661 0.00429916
0 0.205915 0.265067 0.0438988 0.0558036 0.00426483
0 0.228051 0.235491 0.0349702 0.0362723 0.00424957
0 0.196057 0.259208 0.0386905 0.0424107 0.0042305
33 0.885417 0.289342 0.226191 0.151228 0.0042305
0 0.580357 0.189732 0.0275298 0.0636161 0.00413513
17 0.329613 0.2899 0.214286 0.137835 0.0041008
34 0.900298 0.233259 0.0892857 0.0234375 0.00408554
0 0.340402 0.263951 0.0855655 0.0764509 0.00408554
24 0.226935 0.352121 0.0610119 0.0279018 0.00402451
0 0.283854 0.273717 0.0498512 0.0954241 0.00399017
0 0.296131 0.298828 0.0282738 0.0803571 0.00397491
0 0.554316 0.47433 0.22619 0.257813 0.00397491
32 0.239955 0.701451 0.0550595 0.015625 0.00387001
34 0.861607 0.262277 0.244048 0.0982143 0.00382423
26 0.218378 0.351562 0.0327381 0.0267857 0.00380898
0 0.775298 0.322545 0.0952381 0.126674 0.00378036
19 0.331845 0.293806 0.0967262 0.141183 0.00376511
27 0.784226 0.301618 0.0595238 0.0558036 0.00374985
0 0.995536 0.247628 0.00892855 0.0404576 0.0037365
29 0.799107 0.272321 0.0476191 0.0412946 0.0037365
0 0.647321 0.334821 0.346726 0.299665 0.00370789
0 0.595238 0.480469 0.135417 0.243304 0.00369263
26 0.0200893 0.275949 0.0390625 0.0396205 0.00367928
26 0.338542 0.293248 0.0386905 0.0675223 0.00367928
26 0.166667 0.259626 0.0364583 0.0728237 0.00366402
53 0.782738 0.301339 0.0595238 0.0535714 0.00363541
24 0.166667 0.259626 0.0364583 0.0728237 0.00362206
0 0.543155 0.180804 0.199405 0.12779 0.00355148
25 0.913691 0.288783 0.0580357 0.0390625 0.00353813
25 0.277902 0.239397 0.0863095 0.0332031 0.00349617
0 0.260045 0.296945 0.190476 0.129325 0.00346947
34 0.748512 0.374163 0.0491072 0.0725447 0.00344276
33 0.421875 0.310826 0.188988 0.204799 0.00341606
25 0.0212984 0.279855 0.0366444 0.0267857 0.00340271
26 0.18006 0.25279 0.0238095 0.0323661 0.00337601
0 0.912202 0.304688 0.0580357 0.0753348 0.00337601
0 0.546875 0.288784 0.227679 0.342634 0.00331116
37 0.29176 0.283552 0.154576 0.123744 0.00328636
0 0.148252 0.25865 0.0279018 0.0641741 0.00327301
0 0.536458 0.198382 0.186012 0.0664063 0.00325966
20 0.335565 0.285435 0.09375 0.126674 0.00325966
2 0.436012 0.363281 0.0386905 0.0234375 0.00324821
25 0.510417 0.277902 0.416667 0.265625 0.00324821
26 0.195685 0.300781 0.0386905 0.0279018 0.00323486
37 0.0204613 0.280762 0.0390625 0.0299944 0.00322342
0 0.897322 0.280413 0.0238096 0.0284598 0.00321007
0 0.325149 0.320312 0.0729167 0.0792411 0.00321007
17 0.195127 0.337891 0.126116 0.0541295 0.00321007
26 0.196243 0.253348 0.0342262 0.03125 0.00318527
20 0.329613 0.2899 0.214286 0.137835 0.00318527
52 0.78125 0.306641 0.0565476 0.0401786 0.00317192
26 0.206101 0.305525 0.0223214 0.0200893 0.00316048
34 0.873512 0.232422 0.141369 0.0245536 0.00314713
26 0.366071 0.268694 0.0342262 0.0736607 0.00313568
0 0.211496 0.224749 0.0293899 0.0292969 0.00309944
35 0.913691 0.289621 0.0565476 0.0390625 0.00307465
0 0.741816 0.376674 0.178571 0.305246 0.0030632
0 0.332217 0.295201 0.0424107 0.0714286 0.00305176
35 0.823661 0.272042 0.0223214 0.0206473 0.00300407
0 0.31622 0.293597 0.03125 0.0612444 0.00299263
35 0.479167 0.410435 0.108631 0.0797991 0.00296974
35 0.380952 0.470982 0.0625 0.0357143 0.0029583
0 0.210565 0.280762 0.0353423 0.0578962 0.00294685
35 0.822917 0.270647 0.0238095 0.0345982 0.00293541
26 0.22433 0.24721 0.0409226 0.0404576 0.00292397
33 0.0199033 0.276716 0.0392485 0.0358538 0.00291252
35 0.350818 0.400112 0.0342262 0.0223214 0.00291252
0 0.473958 0.196987 0.0587798 0.0608259 0.00290108
0 0.752232 0.321987 0.165179 0.181362 0.00282288
0 0.207589 0.249163 0.0453869 0.0440848 0.00281143
37 0.293806 0.25851 0.150484 0.0756139 0.00277901
0 0.58631 0.383929 0.482143 0.427455 0.873047
32 0.478795 0.410156 0.107887 0.0797991 0.858887
0 0.602679 0.179548 0.0803572 0.128069 0.75
0 0.0200893 0.301339 0.0386905 0.123884 0.742188
0 0.384673 0.211775 0.110119 0.171317 0.711426
0 0.321429 0.294364 0.0818453 0.138393 0.638672
0 0.198103 0.264788 0.0636161 0.101004 0.621582
0 0.157366 0.264788 0.0394345 0.0920759 0.575684
0 0.93006 0.31529 0.0952381 0.107701 0.456055
0 0.930804 0.292341 0.0967262 0.154157 0.44458
0 0.155506 0.257952 0.0342262 0.0739397 0.325928
0 0.195127 0.337891 0.126116 0.0541295 0.312256
0 0.189546 0.267578 0.0494792 0.0965402 0.229492
0 0.170759 0.266741 0.03125 0.0954241 0.209473
0 0.202939 0.291922 0.0718006 0.157227 0.206299
0 0.952381 0.231306 0.0357143 0.0329241 0.196777
0 0.299851 0.289342 0.0357143 0.0742188 0.189575
0 0.333705 0.311663 0.101935 0.180246 0.188354
16 0.195685 0.338728 0.127232 0.0569196 0.164551
29 0.0203683 0.280692 0.0390625 0.0301339 0.150024
0 0.380208 0.257254 0.119048 0.262277 0.148804
0 0.465774 0.2101 0.0431548 0.0412946 0.147583
0 0.364583 0.279855 0.0372024 0.108259 0.137939
0 0.962798 0.271484 0.0625001 0.114955 0.135498
0 0.19494 0.290458 0.129464 0.15346 0.131348
35 0.394717 0.492746 0.100446 0.0792411 0.127686
0 0.195127 0.326451 0.129836 0.0814732 0.116943
29 0.784226 0.301897 0.0595238 0.0558036 0.115173
0 0.949405 0.289062 0.0654762 0.148438 0.115173
0 0.166667 0.260045 0.0364583 0.0731027 0.107422
0 0.0184152 0.285156 0.0368304 0.093192 0.105225
0 0.326637 0.308594 0.0654762 0.104911 0.100159
52 0.784226 0.301897 0.0595238 0.0558036 0.0994873
35 0.782738 0.301339 0.0595238 0.0535714 0.0987549
0 0.703125 0.313337 0.0669643 0.21317 0.081543
0 0.717262 0.374163 0.196429 0.359933 0.0812378
0 0.952381 0.269252 0.0446428 0.109933 0.0787964
0 0.211496 0.297154 0.0956101 0.139509 0.0770874
25 0.83631 0.261719 0.315476 0.0915179 0.0713501
0 0.739583 0.321359 0.181548 0.231166 0.0709229
32 0.459449 0.393973 0.0267857 0.0234375 0.0661011
0 0.33631 0.277065 0.0922619 0.108817 0.0619812
29 0.793155 0.301339 0.0446429 0.0546875 0.0614319
35 0.155134 0.329799 0.0479911 0.0379464 0.0605164
26 0.913691 0.288783 0.0580357 0.0390625 0.0534058
51 0.790923 0.303013 0.0431547 0.0513393 0.0505066
25 0.835566 0.310268 0.318452 0.188616 0.0503235
0 0.351191 0.270368 0.0654762 0.0948661 0.043457
0 0.776042 0.328962 0.11756 0.175781 0.0432129
33 0.83631 0.261719 0.315476 0.0915179 0.0432129
51 0.785714 0.301339 0.0580357 0.0535714 0.0405273
0 0.993676 0.244699 0.0126488 0.047433 0.0397949
25 0.842262 0.245257 0.306548 0.0602679 0.0393372
0 0.159226 0.278739 0.0491071 0.12221 0.0391235
0 0.745536 0.375558 0.0416667 0.0792411 0.0382385
29 0.793155 0.290458 0.0372023 0.0334821 0.037323
0 0.360119 0.31257 0.0610119 0.192941 0.0362244
0 0.953869 0.243583 0.0416667 0.0608259 0.0347595
32 0.0209263 0.27853 0.0381324 0.0322266 0.0346069
0 0.152902 0.270717 0.0319941 0.0880301 0.0332642
0 0.955357 0.236468 0.0431548 0.0443639 0.0309601
0 0.274182 0.282087 0.0840774 0.114397 0.0307312
0 0.166667 0.265904 0.0505952 0.0965402 0.0294189
41 0.793155 0.301339 0.0446429 0.0546875 0.0285492
0 0.693452 0.396833 0.104167 0.309012 0.0276337
32 0.477679 0.391183 0.0699405 0.0323661 0.0261536
25 0.290551 0.283552 0.15253 0.123744 0.0259552
0 0.727679 0.325265 0.116071 0.199916 0.0252686
0 0.166667 0.247489 0.0297619 0.047433 0.024231
0 0.941964 0.329799 0.0684524 0.0803571 0.0241852
0 0.298735 0.280134 0.031994 0.0580357 0.0238647
0 0.90625 0.0339007 0.0327381 0.0320173 0.0224609
41 0.784226 0.301897 0.0595238 0.0558036 0.0222015
0 0.176339 0.266881 0.0290179 0.0962612 0.0219879
33 0.837054 0.288504 0.3125 0.145089 0.0219421
29 0.785714 0.270717 0.0982143 0.0478516 0.0217743
0 0.787202 0.306641 0.0952381 0.125558 0.0213318
35 0.78125 0.307478 0.0565476 0.0390625 0.0211182
25 0.293155 0.258789 0.149554 0.0761719 0.0208893
34 0.854911 0.231724 0.21131 0.0332031 0.0207214
49 0.785714 0.301339 0.0580357 0.0535714 0.0204163
29 0.779762 0.274275 0.119048 0.0569196 0.0201721
52 0.790923 0.303013 0.0431547 0.0513393 0.0197906
0 0.441964 0.452846 0.188988 0.165737 0.0195007
0 0.417411 0.311384 0.183036 0.193638 0.0193481
0 0.681548 0.309152 0.0877976 0.208705 0.0190887
0 0.701637 0.277623 0.0580357 0.0574777 0.0186462
0 0.214286 0.268973 0.030506 0.0747768 0.0185394
37 0.417411 0.311942 0.184524 0.19308 0.0181885
0 0.68378 0.328404 0.116071 0.262277 0.0171814
32 0.245908 0.489397 0.0200893 0.0145089 0.0170441
16 0.215216 0.351284 0.0881696 0.0301339 0.0166626
25 0.779762 0.272321 0.113095 0.0574777 0.0164032
0 0.300595 0.266044 0.0327381 0.0577567 0.016098
0 0.151786 0.241629 0.030506 0.0457589 0.0160217
0 0.293899 0.283203 0.0372024 0.0993304 0.0155411
0 0.0196243 0.256417 0.0372024 0.0351562 0.0154266
24 0.195313 0.334821 0.127232 0.0479911 0.0153656
0 0.327381 0.27281 0.0669643 0.0994699 0.0153046
25 0.78497 0.265206 0.101191 0.047154 0.0146713
0 0.366816 0.268694 0.0357143 0.0753348 0.0145569
16 0.2141 0.33817 0.0896578 0.0569196 0.0144501
35 0.469494 0.470424 0.0952381 0.0513393 0.0142822
32 0.912202 0.289621 0.0595238 0.0396205 0.014061
0 0.212798 0.340123 0.0840774 0.0530134 0.014061
0 0.283482 0.291574 0.0580357 0.103237 0.0138474
0 0.302083 0.305246 0.0372024 0.0970982 0.0138474
0 0.718006 0.390067 0.0357143 0.0602679 0.0138474
25 0.751488 0.320592 0.169643 0.182478 0.0138474
49 0.790923 0.303013 0.0431547 0.0513393 0.0137939
0 0.0185082 0.277414 0.0370164 0.054548 0.0136337
33 0.751488 0.321987 0.166667 0.181362 0.0135345
0 0.182292 0.229632 0.0178571 0.0203683 0.0134277
0 0.494048 0.199498 0.0997024 0.0602679 0.0131226
24 0.913691 0.288783 0.0580357 0.0390625 0.0130692
0 0.75 0.38058 0.0520833 0.0625 0.0130234
0 0.289435 0.210659 0.0267857 0.0206473 0.0127258
0 0.207961 0.232282 0.0498512 0.0432478 0.0127258
0 0.298363 0.269043 0.0297619 0.0411551 0.0126266
29 0.0204613 0.274484 0.0392485 0.0403181 0.0126266
29 0.797619 0.269252 0.0744048 0.0418527 0.0126266
37 0.563244 0.312779 0.470238 0.207589 0.0126266
24 0.215216 0.351284 0.0881696 0.0301339 0.0125732
25 0.466518 0.209124 0.0446429 0.0410156 0.012291
33 0.779018 0.270647 0.116071 0.0524554 0.0121918
77 0.19494 0.33817 0.126488 0.0558036 0.0118256
0 0.18006 0.244141 0.0230655 0.0479911 0.0117798
0 0.21689 0.239397 0.0558036 0.0563616 0.011734
25 0.83631 0.235352 0.282738 0.0404576 0.011467
25 0.261161 0.277414 0.10119 0.107003 0.0111618
0 0.662946 0.344029 0.212798 0.430246 0.011116
0 0.319941 0.264369 0.0595238 0.0767299 0.0107803
0 0.21689 0.26981 0.0238095 0.0552455 0.0107346
0 0.300595 0.26981 0.03125 0.0267857 0.0105667
25 0.776786 0.257673 0.190476 0.0839844 0.0103683
26 0.15718 0.330357 0.0517113 0.0401786 0.0102921
0 0.687314 0.39481 0.274182 0.369978 0.0102463
34 0.842262 0.244699 0.276786 0.0591518 0.01017
35 0.776786 0.320801 0.116071 0.157506 0.00993347
0 0.764881 0.337054 0.0892857 0.149554 0.00993347
32 0.483631 0.390067 0.0907738 0.0379464 0.00981903
0 0.197173 0.225865 0.0438988 0.0270648 0.00978088
0 0.225446 0.265625 0.0409226 0.0731027 0.00967407
25 0.0199033 0.277344 0.0390625 0.0345982 0.00963593
0 0.202009 0.223772 0.0379464 0.0262277 0.00952148
37 0.509673 0.279297 0.412202 0.263393 0.00941467
0 0.986607 0.242746 0.0267857 0.0513393 0.00937653
25 0.265997 0.262835 0.103423 0.0792411 0.00933838
33 0.913691 0.289342 0.0580357 0.0385045 0.00926971
35 0.356027 0.406808 0.0245536 0.0122767 0.00923157
24 0.218378 0.351562 0.031994 0.0267857 0.00919342
0 0.717262 0.375558 0.0357143 0.0892857 0.00901794
54 0.782738 0.301339 0.0595238 0.0558036 0.0088501
0 0.479167 0.410714 0.107143 0.0803571 0.00881195
37 0.583333 0.359933 0.510417 0.303571 0.00874329
35 0.195313 0.334821 0.127232 0.0479911 0.00867462
0 0.0197173 0.24721 0.0370164 0.0507812 0.00861359
25 0.745536 0.259487 0.130952 0.0853795 0.00861359
29 0.790923 0.285156 0.0342262 0.0234375 0.00834656
35 0.804316 0.267857 0.0610119 0.0390625 0.008255
0 0.954613 0.261858 0.0907738 0.11077 0.008255
25 0.264881 0.244978 0.0811012 0.0424107 0.00812531
0 0.0202753 0.268694 0.0386905 0.0541295 0.00812531
0 0.262742 0.288504 0.103981 0.136161 0.00812531
0 0.215216 0.351284 0.0881696 0.0301339 0.00806427
0 0.159226 0.243304 0.0364583 0.0479911 0.00775528
0 0.3125 0.309082 0.0446429 0.0983538 0.00757599
0 0.724702 0.322824 0.0833333 0.191964 0.00757599
0 0.587054 0.309431 0.395833 0.385045 0.00754929
32 0.789435 0.301897 0.0505952 0.0524554 0.00746155
26 0.218006 0.255999 0.0230655 0.0270647 0.00743103
41 0.793155 0.290458 0.0372023 0.0334821 0.00743103
35 0.790923 0.303013 0.0431547 0.0513393 0.00737381
0 0.218378 0.351562 0.031994 0.0267857 0.00728989
35 0.4375 0.488839 0.18006 0.0848214 0.00723267
0 0.149368 0.25865 0.0338542 0.0753348 0.00720596
16 0.331101 0.294155 0.0967262 0.141602 0.00720596
0 0.964286 0.247489 0.0625 0.0625 0.00695801
17 0.315848 0.299386 0.13244 0.152902 0.00695801
32 0.436756 0.363281 0.0372024 0.0228795 0.0069313
24 0.15718 0.330357 0.0517113 0.0401786 0.0068512
34 0.877976 0.233677 0.1875 0.0390625 0.00679779
0 0.717262 0.397879 0.0357143 0.0435268 0.00664139
35 0.38244 0.483259 0.0729167 0.0591518 0.00664139
0 0.994792 0.246373 0.0104167 0.0412946 0.00653839
33 0.776786 0.309152 0.116071 0.133371 0.0064621
32 0.356399 0.407366 0.0223214 0.0100447 0.00643921
25 0.417411 0.311942 0.184524 0.19308 0.00641251
33 0.778274 0.281808 0.116071 0.077567 0.00624084
0 0.487351 0.266427 0.355655 0.28411 0.00612259
0 0.698661 0.332868 0.220238 0.333147 0.00609589
20 0.315848 0.299386 0.13244 0.152902 0.00609589
0 0.666667 0.243583 0.0803572 0.0909598 0.00602722
0 0.264137 0.290458 0.0721726 0.0970982 0.00602722
0 0.913691 0.288225 0.0580357 0.0401786 0.00595856
0 0.513393 0.197824 0.138393 0.0613839 0.00595856
32 0.790923 0.285156 0.0342262 0.0234375 0.00593567
0 0.218006 0.255999 0.0230655 0.0270647 0.00588989
0 0.334449 0.278739 0.0505952 0.0803571 0.00577545
0 0.310268 0.282645 0.0357143 0.063058 0.00570679
54 0.790923 0.303013 0.0431547 0.0513393 0.00561905
33 0.825893 0.314732 0.296131 0.189732 0.0055542
0 0.35119 0.243304 0.178571 0.224888 0.00548935
11 0.478423 0.410156 0.107143 0.078125 0.00547028
0 0.224516 0.247489 0.0405506 0.0401786 0.00544739
0 0.217634 0.233538 0.0476191 0.047433 0.00524139
0 0.0199033 0.277344 0.0390625 0.0345982 0.00524139
0 0.834077 0.299177 0.311012 0.162807 0.00524139
0 0.71875 0.394252 0.119048 0.371094 0.00521851
20 0.195127 0.337891 0.126116 0.0541295 0.00508118
0 0.896577 0.286203 0.0267857 0.0403181 0.0050621
34 0.864583 0.262277 0.232143 0.0976562 0.00500107
26 0.21689 0.266183 0.0238095 0.0446429 0.00498199
0 0.0117188 0.24135 0.0223214 0.0502232 0.00494385
38 0.0212054 0.280134 0.0366444 0.0267857 0.00494385
0 0.226935 0.291853 0.150298 0.141741 0.0049057
0 0.339286 0.29248 0.0446428 0.0846819 0.00488663
35 0.787202 0.267857 0.0952381 0.0429688 0.00482941
0 0.315848 0.299386 0.13244 0.152902 0.00479126
0 0.703125 0.284877 0.0535714 0.0452009 0.00477219
2 0.466518 0.209124 0.0446429 0.0410156 0.00473785
34 0.900298 0.233119 0.0892857 0.0234375 0.00466537
25 0.747024 0.24428 0.107143 0.0583147 0.00455475
33 0.888393 0.289621 0.220238 0.151786 0.00448608
0 0.990327 0.263393 0.0193452 0.0915179 0.00446701
32 0.823661 0.272042 0.0223214 0.0206473 0.00445175
0 0.341146 0.26423 0.0840774 0.0770089 0.00439835
0 0.310268 0.270647 0.0334821 0.0585938 0.00431442
0 0.831845 0.0518276 0.0282738 0.023019 0.00429916
32 0.793155 0.289621 0.0357143 0.0323661 0.00428009
26 0.218378 0.351562 0.031994 0.0267857 0.00426483
0 0.709821 0.379464 0.0952381 0.313616 0.00424957
0 0.554316 0.473214 0.224702 0.258929 0.00424957
46 0.787202 0.301618 0.0535714 0.0552455 0.0042305
29 0.478795 0.410714 0.107143 0.0803571 0.00419998
33 0.785714 0.265346 0.0982143 0.047433 0.00413513
0 0.907738 0.290179 0.0505952 0.0340402 0.00413513
0 0.646577 0.333775 0.346726 0.296735 0.00413513
0 0.296131 0.298619 0.0282738 0.0813337 0.0041008
0 0.228051 0.23577 0.0349702 0.0357143 0.00408554
25 0.230097 0.242746 0.0353423 0.0279018 0.00408554
0 0.227121 0.352121 0.0606399 0.0279018 0.00407028
17 0.331101 0.290248 0.216518 0.138253 0.00400543
32 0.239955 0.702009 0.0550595 0.015625 0.00399017
0 0.283482 0.273717 0.0491071 0.0965402 0.00397491
0 0.594866 0.479632 0.136161 0.244978 0.0039444
0 0.775298 0.321498 0.0952381 0.125977 0.00390053
0 0.542783 0.180664 0.198661 0.127511 0.00388527
0 0.206287 0.264648 0.0427827 0.0544085 0.00387001
53 0.782738 0.301339 0.0595238 0.0535714 0.00387001
27 0.784226 0.301897 0.0595238 0.0558036 0.00382423
0 0.580357 0.190011 0.0275298 0.0636161 0.00379562
26 0.166667 0.260045 0.0364583 0.0731027 0.00379562
0 0.195499 0.259068 0.0383184 0.0415737 0.00378036
0 0.341518 0.311942 0.150298 0.184152 0.00376511
0 0.18006 0.253069 0.0238095 0.031808 0.0037365
52 0.78125 0.307478 0.0565476 0.0390625 0.00370789
24 0.227121 0.352121 0.0606399 0.0279018 0.00367928
29 0.797619 0.272879 0.0461309 0.0407366 0.00365067
0 0.260789 0.296387 0.188244 0.129325 0.00362206
16 0.227121 0.352121 0.0606399 0.0279018 0.0036068
36 0.196057 0.338728 0.124256 0.0558036 0.00356483
26 0.195499 0.300781 0.0383184 0.0279018 0.00355148
26 0.338542 0.293248 0.0386905 0.0680804 0.00353813
34 0.873512 0.232422 0.139881 0.0245536 0.00346947
26 0.18006 0.253069 0.0238095 0.031808 0.00345612
16 0.218378 0.351562 0.031994 0.0267857 0.00344276
26 0.0199033 0.275949 0.0390625 0.0401786 0.00337601
34 0.748512 0.373884 0.0491072 0.0725446 0.00333786
24 0.166667 0.260045 0.0364583 0.0731027 0.00332451
26 0.206101 0.305525 0.0223214 0.0200893 0.00329781
2 0.43564 0.363281 0.0386905 0.0234375 0.00329781
26 0.196429 0.253348 0.0327381 0.03125 0.00328636
19 0.331101 0.294155 0.0967262 0.141602 0.00327301
26 0.366071 0.268973 0.0342262 0.0742188 0.00325966
33 0.421503 0.310826 0.188244 0.205357 0.00324821
0 0.264137 0.178571 0.0238095 0.0212054 0.00322342
67 0.514881 0.240932 0.0238095 0.0209264 0.00322342
25 0.509673 0.279297 0.412202 0.263393 0.00318527
37 0.0203683 0.280692 0.0390625 0.0301339 0.00316048
35 0.822917 0.270647 0.0238095 0.0345982 0.00314713
0 0.536458 0.198382 0.184524 0.0658482 0.00314713
35 0.823661 0.272042 0.0223214 0.0206473 0.00313568
0 0.912202 0.304757 0.0580357 0.0757534 0.00312424
25 0.277902 0.239118 0.0863095 0.0329241 0.00311089
26 0.224516 0.247489 0.0405506 0.0401786 0.00309944
37 0.290551 0.283552 0.15253 0.123744 0.003088
0 0.741071 0.381069 0.18006 0.313756 0.003088
0 0.751488 0.321987 0.166667 0.181362 0.0030632
35 0.350818 0.400391 0.0342262 0.0217634 0.00304031
0 0.897322 0.279855 0.0238096 0.0267857 0.00302696
0 0.211496 0.224888 0.0297619 0.0295759 0.00298119
39 0.793155 0.301339 0.0446429 0.0546875 0.00296974
35 0.913691 0.289621 0.0565476 0.0390625 0.00296974
0 0.551339 0.288225 0.236607 0.341518 0.00296974
0 0.210565 0.280134 0.0349702 0.0574777 0.0029583
0 0.55878 0.277623 0.157738 0.208705 0.00292397
25 0.913691 0.288783 0.0580357 0.0390625 0.00287819
20 0.331101 0.290248 0.216518 0.138253 0.00286674
26 0.316592 0.293806 0.0305059 0.0585938 0.00282288
0 0.58631 0.383929 0.482143 0.426339 0.879883
32 0.478795 0.410156 0.107887 0.0803571 0.852051
0 0.601935 0.179408 0.0803572 0.128069 0.749023
0 0.0200893 0.30127 0.0386905 0.124023 0.732422
0 0.386533 0.211635 0.107887 0.171038 0.711426
0 0.321429 0.294015 0.0818453 0.138532 0.633301
0 0.197917 0.265067 0.0639881 0.101004 0.616211
0 0.157366 0.264788 0.0394345 0.0926339 0.556641
0 0.930804 0.292132 0.0967262 0.154576 0.464844
0 0.15532 0.257812 0.0338542 0.0736607 0.331055
0 0.195127 0.33817 0.126116 0.0546875 0.31665
0 0.929316 0.31536 0.09375 0.109236 0.2854
0 0.203311 0.291783 0.0732887 0.15639 0.201172
0 0.171131 0.266741 0.03125 0.0954241 0.193726
0 0.299851 0.28969 0.0357143 0.0757534 0.187134
0 0.952381 0.231585 0.0357143 0.0334821 0.184204
0 0.333333 0.311314 0.101935 0.179827 0.184204
16 0.195685 0.338728 0.126488 0.0569196 0.155029
29 0.0203683 0.280692 0.0388765 0.0301339 0.151001
0 0.465774 0.2101 0.0438988 0.0412946 0.146606
0 0.364583 0.279646 0.0372024 0.108119 0.136597
0 0.379464 0.257533 0.120536 0.262835 0.130493
0 0.962798 0.272042 0.0654762 0.116071 0.125244
0 0.195127 0.290458 0.129836 0.15346 0.124207
35 0.395089 0.492746 0.10119 0.0792411 0.11676
29 0.784226 0.301897 0.0595238 0.0558036 0.112
0 0.947917 0.289551 0.0684524 0.149693 0.107605
0 0.0184152 0.285226 0.0368304 0.0936105 0.107056
52 0.784226 0.301897 0.0595238 0.0558036 0.101562
0 0.167411 0.259766 0.0349702 0.0714286 0.101257
0 0.326637 0.308524 0.0662202 0.10505 0.0991211
35 0.782738 0.301618 0.0595238 0.0530134 0.0894775
0 0.717262 0.373326 0.196429 0.358259 0.0880127
0 0.738839 0.319824 0.184524 0.226423 0.0870972
0 0.703125 0.313616 0.0669643 0.21317 0.0806274
0 0.211682 0.298828 0.0959821 0.136161 0.0793457
25 0.83631 0.261161 0.315476 0.0904018 0.0778198
0 0.952381 0.269252 0.0446428 0.109933 0.0692749
32 0.459449 0.393973 0.0267857 0.0234375 0.0651245
29 0.793155 0.301339 0.0446429 0.0546875 0.0628052
0 0.33631 0.276786 0.0922619 0.108817 0.0545959
35 0.154948 0.329799 0.0479911 0.0379464 0.0538025
26 0.913691 0.288783 0.0565476 0.0390625 0.0520325
25 0.834821 0.309152 0.318452 0.186384 0.0514526
0 0.776786 0.328962 0.119048 0.175781 0.051178
51 0.790179 0.303292 0.0431547 0.0507812 0.0510864
33 0.83631 0.261161 0.315476 0.0904018 0.0446777
0 0.351563 0.270089 0.0639881 0.0948661 0.0428772
0 0.993676 0.244559 0.0126488 0.0477121 0.041626
0 0.744792 0.375558 0.0416667 0.0792411 0.0406189
29 0.793155 0.291016 0.0372023 0.0345982 0.0387573
0 0.158854 0.278181 0.0491071 0.121094 0.0375977
25 0.84375 0.245396 0.306548 0.0611049 0.036499
41 0.793155 0.301339 0.0446429 0.0546875 0.0360718
32 0.0208333 0.279088 0.0379464 0.0322266 0.0351562
51 0.784226 0.301339 0.0595238 0.0558036 0.0332031
0 0.274554 0.282436 0.0833334 0.114816 0.03302
0 0.360863 0.312221 0.0625 0.193638 0.0328369
0 0.953869 0.244699 0.0416667 0.063058 0.0323486
0 0.152716 0.270368 0.0323661 0.0881696 0.03125
0 0.955357 0.236886 0.0431548 0.0452009 0.0302734
0 0.187872 0.269252 0.046875 0.0959821 0.0291443
0 0.693452 0.396694 0.105655 0.309291 0.0284424
41 0.784226 0.301897 0.0595238 0.0558036 0.0272675
0 0.166481 0.265765 0.0502232 0.0962612 0.0266113
0 0.729167 0.324149 0.122024 0.199916 0.0263519
32 0.476935 0.391462 0.0669643 0.031808 0.024231
0 0.298735 0.280622 0.031994 0.0592913 0.0239105
0 0.166667 0.247489 0.0297619 0.047433 0.0231018
34 0.856399 0.231864 0.206845 0.0334821 0.0230713
0 0.787202 0.306431 0.09375 0.125977 0.0219421
0 0.176339 0.266881 0.0286458 0.0962612 0.0217743
29 0.787202 0.271205 0.0952381 0.0479911 0.0216217
0 0.90625 0.0340402 0.0342262 0.0323661 0.0214844
33 0.837054 0.286272 0.313988 0.140625 0.0213623
49 0.785714 0.301897 0.0565476 0.0535714 0.021286
29 0.779762 0.274833 0.11756 0.0580357 0.0211182
0 0.417411 0.311105 0.183036 0.194196 0.0202484
52 0.790179 0.303292 0.0431547 0.0507812 0.0201721
32 0.245443 0.489397 0.0195313 0.0145089 0.0200195
0 0.941964 0.329799 0.0669643 0.0809152 0.019989
0 0.441964 0.452567 0.1875 0.166295 0.0196381
0 0.2141 0.268903 0.0305059 0.0749163 0.0193024
25 0.289807 0.283412 0.151042 0.124023 0.0189819
0 0.681548 0.30978 0.0877976 0.209682 0.0189819
35 0.779762 0.308036 0.0535714 0.0368304 0.0181274
0 0.701637 0.277623 0.0580357 0.0574777 0.0177155
32 0.912202 0.289621 0.0595238 0.0396205 0.0176392
25 0.292783 0.262416 0.148065 0.0834264 0.0175171
0 0.68378 0.328125 0.116071 0.261719 0.0174408
0 0.1516 0.241629 0.03125 0.046317 0.0163422
0 0.300595 0.266183 0.0327381 0.0591518 0.016098
0 0.327381 0.2726 0.0669643 0.0998884 0.016098
37 0.417411 0.311872 0.185268 0.19322 0.0160217
25 0.778274 0.273159 0.113095 0.0597098 0.0159607
24 0.195313 0.334821 0.127232 0.0479911 0.0156708
0 0.0195313 0.256417 0.0372024 0.0351562 0.0155411
0 0.293899 0.283552 0.0372024 0.102539 0.0154266
0 0.212984 0.340402 0.0844494 0.0535714 0.0153046
33 0.834821 0.314104 0.324405 0.19322 0.0144501
0 0.283482 0.291225 0.0595238 0.103934 0.0142822
0 0.289435 0.210659 0.0267857 0.0206473 0.0142288
16 0.215216 0.351284 0.0881696 0.0301339 0.0141144
35 0.469122 0.470982 0.0952381 0.0524554 0.014061
0 0.366443 0.268694 0.0349703 0.0747768 0.0138474
0 0.0183222 0.277623 0.0366444 0.0546875 0.0137405
0 0.718006 0.388672 0.0357143 0.0625 0.0136871
0 0.182292 0.229911 0.0182292 0.0206473 0.0135345
16 0.213914 0.33817 0.0900298 0.0569196 0.0135345
0 0.208333 0.233119 0.0502232 0.0449219 0.0132217
0 0.21689 0.239397 0.0550595 0.0563616 0.01297
0 0.75 0.38058 0.0520833 0.0625 0.0128708
0 0.301711 0.305315 0.0372024 0.0969587 0.012825
25 0.751488 0.320592 0.169643 0.181362 0.0127716
0 0.49256 0.199498 0.0974703 0.0602679 0.0127258
24 0.913691 0.288783 0.0565476 0.0390625 0.0126266
0 0.18006 0.244141 0.0234375 0.0479911 0.0124283
33 0.751488 0.322475 0.166667 0.179827 0.0121918
34 0.84375 0.243443 0.27381 0.0560826 0.0121002
29 0.797619 0.269252 0.0744048 0.0418527 0.0120544
24 0.215216 0.351284 0.0881696 0.0301339 0.0118256
0 0.298363 0.268903 0.030506 0.0414341 0.0116882
37 0.563988 0.312779 0.473214 0.208147 0.0115967
35 0.776786 0.322475 0.116071 0.16197 0.011467
33 0.779018 0.271205 0.116071 0.0535714 0.0114212
77 0.19494 0.33817 0.126488 0.0558036 0.0112
0 0.319941 0.264788 0.0595238 0.077567 0.0111618
0 0.21689 0.270089 0.0238095 0.0563616 0.0110321
26 0.156994 0.330357 0.0513393 0.0401786 0.0109863
0 0.69122 0.395159 0.269345 0.368164 0.0106964
25 0.785714 0.265206 0.0982143 0.047154 0.0106506
25 0.466518 0.209263 0.0446429 0.0410156 0.0106125
25 0.78125 0.258092 0.199405 0.0848214 0.0104904
0 0.300223 0.270089 0.0305059 0.0273438 0.0104065
0 0.225074 0.265625 0.0409226 0.0731027 0.0100937
41 0.793155 0.291016 0.0372023 0.0345982 0.0100937
0 0.196429 0.226004 0.0431548 0.0273438 0.0100098
25 0.83631 0.235212 0.284226 0.0401786 0.00989532
33 0.785714 0.265904 0.0982143 0.0496652 0.00952148
32 0.483631 0.390067 0.0907738 0.0379464 0.00952148
0 0.202195 0.223912 0.0375744 0.0262277 0.00948334
0 0.667411 0.345982 0.230655 0.426339 0.00948334
35 0.355655 0.406808 0.0238095 0.0122767 0.00933838
29 0.790923 0.285435 0.0342262 0.0239955 0.00930023
25 0.744048 0.259487 0.130952 0.0853795 0.00930023
0 0.764881 0.336984 0.0892857 0.149693 0.00923157
25 0.261161 0.279018 0.10119 0.109933 0.00912476
25 0.0198103 0.277344 0.0390625 0.0345982 0.00908661
0 0.0197173 0.246094 0.0368304 0.0535714 0.00894928
35 0.80506 0.267857 0.0595238 0.0390625 0.00888062
54 0.782738 0.301339 0.0595238 0.0558036 0.0088501
0 0.717262 0.375 0.0357143 0.0892857 0.00867462
0 0.263021 0.288225 0.103423 0.136161 0.0086441
0 0.987723 0.242746 0.0245536 0.0513393 0.00857544
37 0.509673 0.279855 0.409226 0.262277 0.00857544
34 0.877976 0.234096 0.184524 0.0401786 0.00844574
0 0.479167 0.410714 0.107143 0.0803571 0.00834656
35 0.195313 0.334821 0.127232 0.0479911 0.00831604
37 0.585565 0.359863 0.514881 0.304827 0.00818634
0 0.955729 0.261719 0.0885417 0.110491 0.00812531
49 0.793155 0.303013 0.0386904 0.0479911 0.00812531
26 0.21782 0.255999 0.0234375 0.0276228 0.00809479
24 0.218006 0.351562 0.0327381 0.0273438 0.00796509
0 0.15904 0.243304 0.0364583 0.0479911 0.00787354
33 0.913691 0.289621 0.0580357 0.0390625 0.00787354
0 0.149368 0.25865 0.0338542 0.0753348 0.00757599
17 0.313988 0.299177 0.135417 0.152762 0.00757599
0 0.0200893 0.268694 0.0386905 0.0541295 0.00751877
0 0.964286 0.248465 0.0625 0.0655692 0.00748825
0 0.724702 0.322545 0.0877976 0.19308 0.00748825
0 0.215216 0.351284 0.0881696 0.0301339 0.00728989
32 0.356399 0.407366 0.0223214 0.0106027 0.00725937
16 0.331101 0.293806 0.0967262 0.141741 0.00725937
0 0.666667 0.243443 0.0803572 0.0906808 0.00695801
24 0.156994 0.330357 0.0513393 0.0401786 0.00695801
0 0.994792 0.246373 0.0104167 0.0418527 0.00674438
32 0.436756 0.363281 0.0372024 0.0228795 0.00674438
35 0.436756 0.488839 0.18006 0.0848214 0.00674438
32 0.789435 0.301897 0.0505952 0.0524554 0.00664139
0 0.312872 0.309082 0.0453869 0.0983538 0.00653839
34 0.866816 0.262137 0.227679 0.0973772 0.00638962
0 0.717262 0.397879 0.0357143 0.0435268 0.00636292
25 0.265718 0.245117 0.0801711 0.0426897 0.00631332
25 0.417411 0.311872 0.185268 0.19322 0.00631332
35 0.790179 0.303292 0.0431547 0.0507812 0.00629044
0 0.218006 0.351562 0.0327381 0.0273438 0.00626373
0 0.59375 0.312221 0.431548 0.389509 0.00626373
20 0.313988 0.299177 0.135417 0.152762 0.00612259
0 0.21782 0.255999 0.0234375 0.0276228 0.00602722
0 0.334077 0.277972 0.0505952 0.0824498 0.00595856
0 0.224516 0.247489 0.0398066 0.0401786 0.00591278
0 0.264881 0.290179 0.0699405 0.0976562 0.00588989
35 0.383185 0.483817 0.0729167 0.0602679 0.00588989
0 0.514509 0.197824 0.140625 0.061942 0.00579834
0 0.35119 0.243583 0.177083 0.224888 0.00564194
0 0.913691 0.288225 0.0580357 0.0401786 0.00557709
11 0.478423 0.410156 0.107143 0.078125 0.00557709
32 0.790923 0.285435 0.0342262 0.0239955 0.0055542
0 0.0198103 0.277344 0.0390625 0.0345982 0.00551224
0 0.309896 0.282087 0.0357143 0.0658482 0.00547028
54 0.790179 0.303292 0.0431547 0.0507812 0.00547028
0 0.834821 0.299037 0.3125 0.163086 0.00544739
0 0.0117188 0.24135 0.0221354 0.0502232 0.00540543
0 0.219122 0.233538 0.0453869 0.047433 0.00534439
26 0.21689 0.266741 0.0238095 0.0457589 0.00534439
34 0.900298 0.23298 0.0892857 0.0239955 0.00526047
25 0.264044 0.262695 0.0924479 0.0789621 0.00524139
0 0.488095 0.267578 0.358631 0.282924 0.00516129
0 0.226563 0.291922 0.143601 0.141602 0.00510025
33 0.776786 0.309431 0.116071 0.133371 0.0050621
0 0.71875 0.393415 0.119048 0.36942 0.00500107
35 0.787946 0.267857 0.09375 0.0435268 0.00494385
0 0.338914 0.291922 0.0446429 0.0846819 0.00482941
0 0.341518 0.264509 0.0833333 0.0770089 0.00479126
33 0.77753 0.282366 0.114583 0.078125 0.00479126
0 0.895833 0.286203 0.0252976 0.0403181 0.00475693
0 0.703125 0.285156 0.0535714 0.0452009 0.00471878
32 0.239955 0.702009 0.0550595 0.015625 0.00466537
0 0.228051 0.23591 0.0342262 0.0351562 0.00462723
38 0.0212054 0.280134 0.0364583 0.0267857 0.0045929
33 0.891369 0.290667 0.214286 0.154157 0.00457382
20 0.195127 0.33817 0.126116 0.0546875 0.00450516
53 0.782738 0.301618 0.0595238 0.0530134 0.00443268
17 0.33045 0.290109 0.2141 0.138532 0.00436401
2 0.466518 0.209263 0.0446429 0.0410156 0.00432968
26 0.218006 0.351562 0.0327381 0.0273438 0.00432968
0 0.264137 0.17899 0.0238095 0.0223214 0.00426483
0 0.751488 0.322475 0.166667 0.179827 0.00426483
32 0.823661 0.272321 0.0223214 0.0206473 0.0042305
0 0.708333 0.378418 0.09375 0.310128 0.0042305
0 0.310268 0.26981 0.0334821 0.0613839 0.00413513
32 0.793155 0.290179 0.0357143 0.0334821 0.00408554
0 0.553943 0.471819 0.225446 0.261719 0.00408554
0 0.776042 0.320871 0.0982143 0.129464 0.00407028
52 0.779762 0.308036 0.0535714 0.0368304 0.00405502
0 0.206473 0.264509 0.0424107 0.0541295 0.00403976
46 0.787202 0.301618 0.0535714 0.0552455 0.00402451
29 0.478795 0.410714 0.107143 0.0803571 0.00400543
0 0.831845 0.0518276 0.0282738 0.0231585 0.00399017
0 0.18006 0.253069 0.0238095 0.031808 0.00395966
0 0.19494 0.260045 0.0386905 0.0435268 0.00395966
0 0.283482 0.273717 0.0491071 0.0970982 0.0039444
0 0.296131 0.29827 0.0282738 0.0820312 0.00392914
29 0.798363 0.272879 0.047619 0.0418527 0.00383949
0 0.907738 0.290179 0.0505952 0.0345982 0.00382423
26 0.195313 0.300781 0.0379464 0.0279018 0.00382423
25 0.748512 0.246094 0.119048 0.0597098 0.00379562
0 0.990699 0.260045 0.0186012 0.0853795 0.00379562
0 0.261998 0.296317 0.185826 0.129464 0.00376511
0 0.18099 0.256138 0.0286458 0.0390625 0.00374985
26 0.167411 0.259766 0.0349702 0.0714286 0.0037365
0 0.318824 0.299177 0.124256 0.15611 0.00369263
34 0.873512 0.232422 0.139881 0.0245536 0.00365067
27 0.784226 0.301897 0.0595238 0.0558036 0.00363541
0 0.967262 0.270926 0.0654762 0.0909598 0.00356483
0 0.263393 0.184152 0.0290178 0.030692 0.00353813
35 0.822917 0.270926 0.0238095 0.0345982 0.00351143
0 0.580357 0.190151 0.0275298 0.0633371 0.00346947
67 0.514881 0.241071 0.0223214 0.0206473 0.00345612
26 0.206101 0.305525 0.0223214 0.0206473 0.00345612
0 0.226749 0.352121 0.0613839 0.0279018 0.00345612
25 0.230097 0.242746 0.0353423 0.0279018 0.00344276
35 0.823661 0.272321 0.0223214 0.0206473 0.00338936
0 0.595238 0.477958 0.135417 0.248326 0.00337601
0 0.647321 0.333078 0.346726 0.294782 0.00337601
19 0.331101 0.293806 0.0967262 0.141741 0.00331116
35 0.913691 0.289621 0.0565476 0.0396205 0.00329781
26 0.18006 0.253069 0.0238095 0.031808 0.00327301
0 0.336682 0.285156 0.0453869 0.0641741 0.00325966
26 0.338542 0.293248 0.0386905 0.0691964 0.00324821
25 0.509673 0.279855 0.409226 0.262277 0.00324821
26 0.195871 0.253348 0.0327381 0.03125 0.00323486
0 0.741071 0.383092 0.181548 0.314174 0.00323486
0 0.55878 0.277972 0.157738 0.209682 0.00321007
26 0.366071 0.269043 0.0342262 0.0746373 0.00319672
2 0.43564 0.363281 0.0386905 0.0239955 0.00317192
26 0.224516 0.247489 0.0398066 0.0401786 0.00316048
24 0.226749 0.352121 0.0613839 0.0279018 0.00314713
35 0.350818 0.400391 0.0342262 0.0217634 0.00314713
26 0.0199033 0.275949 0.0390625 0.0401786 0.00309944
39 0.793155 0.301339 0.0446429 0.0546875 0.00309944
38 0.848214 0.232003 0.220238 0.0332031 0.00309944
33 0.33631 0.37221 0.598214 0.315848 0.00309944
0 0.210565 0.280134 0.0353423 0.0580357 0.00305176
34 0.748512 0.374163 0.0476191 0.0731027 0.00304031
26 0.784226 0.300781 0.0595238 0.0530134 0.00301552
24 0.167411 0.259766 0.0349702 0.0714286 0.00300407
26 0.215216 0.351284 0.0881696 0.0301339 0.00300407
20 0.33045 0.290109 0.2141 0.138532 0.00298119
26 0.31622 0.294085 0.0297619 0.0569196 0.00296974
33 0.332217 0.313337 0.404018 0.189174 0.00296974
37 0.473214 0.3125 0.288691 0.200335 0.0029583
16 0.226749 0.352121 0.0613839 0.0279018 0.00292397
0 0.542783 0.180559 0.198661 0.127162 0.00291252
0 0.207961 0.249721 0.0438988 0.0429688 0.00287819
37 0.0203683 0.280692 0.0388765 0.0301339 0.0028553
0 0.897322 0.279855 0.0238096 0.0273438 0.00283432
26 0.188988 0.301897 0.0305059 0.0256696 0.00279045
16 0.218006 0.351562 0.0327381 0.0273438 0.00277901
37 0.289807 0.283412 0.151042 0.124023 0.00277901
0 0.58631 0.383929 0.482143 0.426339 0.887207
32 0.478423 0.410435 0.107143 0.0803571 0.825684
0 0.601935 0.179548 0.0803572 0.128069 0.744141
0 0.386161 0.211635 0.108631 0.17048 0.715332
0 0.0199963 0.30106 0.0385045 0.124442 0.713867
0 0.197731 0.265206 0.0643601 0.101284 0.635254
0 0.321429 0.294015 0.0818453 0.139648 0.622559
0 0.157366 0.264788 0.0401786 0.093192 0.546875
0 0.931548 0.292132 0.0982143 0.155134 0.491211
0 0.155134 0.257812 0.0334821 0.0736607 0.328613
0 0.195127 0.33817 0.126116 0.0546875 0.312256
0 0.928572 0.316964 0.0922619 0.106027 0.231567
0 0.299107 0.287109 0.0357143 0.0831473 0.196167
0 0.202753 0.291853 0.0729167 0.157366 0.192505
0 0.169457 0.266741 0.0345982 0.0954241 0.167725
16 0.195685 0.338728 0.127232 0.0569196 0.15918
29 0.0204613 0.280692 0.0386905 0.0301339 0.156128
0 0.465774 0.2101 0.0438988 0.0412946 0.154053
0 0.952381 0.232143 0.0357143 0.0357143 0.147095
0 0.364583 0.279297 0.0372024 0.107143 0.147095
0 0.332589 0.307757 0.102679 0.173549 0.121277
0 0.717448 0.379743 0.199033 0.371094 0.111816
0 0.736607 0.311663 0.188988 0.204799 0.11145
29 0.784226 0.301897 0.0595238 0.0558036 0.107422
0 0.0186012 0.285086 0.0372024 0.0938895 0.106323
52 0.784226 0.301897 0.0595238 0.0558036 0.105225
0 0.195313 0.290179 0.130952 0.154018 0.105042
0 0.376116 0.252093 0.125 0.251395 0.098938
0 0.167783 0.258929 0.0342262 0.0680804 0.0933228
0 0.962798 0.270368 0.0654762 0.112165 0.0908813
35 0.395089 0.492746 0.10119 0.0792411 0.0844727
0 0.326265 0.308315 0.0662202 0.104911 0.081665
0 0.703869 0.314174 0.0654762 0.212612 0.0793457
35 0.782738 0.301897 0.0595238 0.0524554 0.069519
32 0.459821 0.393973 0.0267857 0.0234375 0.0690308
33 0.834821 0.261161 0.315476 0.0898438 0.0653687
25 0.834821 0.261161 0.315476 0.0898438 0.0607605
51 0.790923 0.304129 0.0416667 0.0491071 0.055603
0 0.210938 0.302455 0.0974702 0.129464 0.0551147
51 0.78497 0.301897 0.0565476 0.0530134 0.0503235
0 0.33631 0.276786 0.0922619 0.109375 0.0482178
41 0.791667 0.301339 0.0446428 0.0546875 0.0474243
0 0.950893 0.269531 0.0476191 0.111049 0.0453491
25 0.834821 0.309989 0.318452 0.188058 0.0450134
29 0.793155 0.290737 0.0372023 0.0345982 0.0440063
35 0.154948 0.329799 0.0479911 0.0379464 0.0417786
26 0.913691 0.289062 0.0565476 0.0390625 0.0396423
0 0.352307 0.270089 0.0625 0.0948661 0.0394287
0 0.993304 0.244699 0.0133928 0.047433 0.0388184
0 0.776042 0.328683 0.11756 0.176897 0.0381165
32 0.0210193 0.279297 0.0379464 0.030692 0.035675
34 0.865327 0.231864 0.177083 0.0334821 0.0328369
0 0.744792 0.375558 0.0416667 0.0792411 0.0324097
0 0.159226 0.28118 0.0502232 0.127372 0.0319214
33 0.834821 0.309989 0.318452 0.188058 0.0314941
0 0.693452 0.394252 0.105655 0.304129 0.0306244
32 0.912202 0.289621 0.0595238 0.0396205 0.0297546
0 0.298363 0.28132 0.0327381 0.0601284 0.0273743
49 0.78497 0.301897 0.0565476 0.0530134 0.0247955
0 0.165737 0.265625 0.0502232 0.0959821 0.0245667
0 0.953869 0.24442 0.0416667 0.063058 0.0245209
0 0.280134 0.282645 0.0721726 0.114397 0.0237732
0 0.152902 0.270089 0.0319941 0.0887277 0.0236511
0 0.361607 0.311872 0.0654762 0.194336 0.0234222
0 0.1875 0.268973 0.046503 0.0965402 0.0233765
0 0.955357 0.237305 0.0431548 0.046317 0.0232849
0 0.729167 0.322545 0.120536 0.199219 0.0231934
25 0.842262 0.244699 0.306548 0.0597098 0.0226288
0 0.213728 0.269252 0.0319941 0.077567 0.0217438
0 0.166295 0.247489 0.030506 0.047433 0.0203705
0 0.416667 0.311105 0.183036 0.194754 0.0203705
0 0.294271 0.282087 0.0364583 0.0976562 0.0192719
0 0.176153 0.266462 0.0290179 0.0965402 0.019165
32 0.47247 0.39202 0.0595238 0.03125 0.0188293
52 0.790923 0.304129 0.0416667 0.0491071 0.0184784
29 0.790179 0.271484 0.0892857 0.0491071 0.0181274
0 0.681548 0.309989 0.0877976 0.209263 0.0180969
0 0.682292 0.326451 0.114583 0.258929 0.0178528
0 0.785714 0.306083 0.0967262 0.126674 0.0173035
32 0.245536 0.489397 0.0200893 0.0145089 0.0171051
29 0.779762 0.2756 0.119048 0.0592913 0.0167847
0 0.366443 0.268415 0.0349703 0.0742188 0.0160217
0 0.717262 0.391183 0.0357143 0.0580357 0.0158997
49 0.790923 0.304129 0.0416667 0.0491071 0.0157776
0 0.702381 0.278181 0.0565476 0.0563616 0.0157166
0 0.151414 0.241629 0.03125 0.0457589 0.0155411
0 0.941964 0.329799 0.0669643 0.0809152 0.0155411
0 0.327009 0.2726 0.0669643 0.0993304 0.0150757
34 0.848214 0.237584 0.25 0.0440848 0.0150146
33 0.751488 0.321987 0.169643 0.180804 0.0146179
0 0.300223 0.265625 0.0327381 0.0580357 0.014389
0 0.441964 0.452846 0.186012 0.166295 0.0141754
0 0.0195313 0.256417 0.0372024 0.0351562 0.014061
41 0.793155 0.290737 0.0372023 0.0345982 0.0137405
0 0.284226 0.291574 0.0580357 0.102121 0.0135345
16 0.215216 0.351004 0.0881696 0.0301339 0.0135345
35 0.468006 0.470982 0.09375 0.0518973 0.0134277
77 0.19494 0.338449 0.127232 0.0563616 0.0131683
25 0.466146 0.209263 0.0446429 0.0412947 0.0130692
35 0.779762 0.308594 0.0535714 0.0368304 0.0130234
0 0.212984 0.340402 0.0844494 0.0524554 0.01297
0 0.203497 0.266183 0.0502232 0.0892857 0.012825
0 0.289435 0.210938 0.0267857 0.0212054 0.0127258
33 0.785714 0.265904 0.0982143 0.0496652 0.0127258
34 0.877976 0.25558 0.193452 0.0837054 0.0126724
29 0.793155 0.304129 0.0386904 0.0457589 0.0125275
24 0.215216 0.351004 0.0881696 0.0301339 0.0125275
33 0.779018 0.272042 0.116071 0.0558036 0.0123825
24 0.195685 0.335379 0.127976 0.0491071 0.0121002
0 0.182292 0.229911 0.0182292 0.0206473 0.0119629
0 0.179874 0.244141 0.0234375 0.0479911 0.0119171
0 0.206473 0.230469 0.0453869 0.0390625 0.0116425
0 0.0182292 0.277344 0.0364583 0.0513393 0.0115967
29 0.790179 0.285714 0.0327381 0.0245536 0.0114212
0 0.21689 0.239676 0.0543155 0.0558036 0.0112457
0 0.21689 0.26981 0.0238095 0.0580357 0.0112457
0 0.321429 0.264369 0.0625 0.0772879 0.011116
25 0.0199033 0.278181 0.0390625 0.0329241 0.0109863
0 0.675409 0.355539 0.199777 0.402762 0.0109024
29 0.799107 0.269531 0.0714286 0.0418527 0.0108185
0 0.297991 0.269252 0.0305059 0.0412946 0.0107346
35 0.776786 0.321917 0.116071 0.16197 0.0100937
0 0.69122 0.396484 0.269345 0.365513 0.0100555
35 0.80506 0.267857 0.0595238 0.0390625 0.00993347
16 0.331101 0.293806 0.0982143 0.141741 0.00993347
0 0.75 0.38058 0.0520833 0.0625 0.00985718
25 0.778274 0.274554 0.113095 0.0625 0.00978088
0 0.300223 0.270368 0.0305059 0.0262277 0.00971222
24 0.913691 0.289062 0.0565476 0.0390625 0.00952148
26 0.156622 0.330357 0.0513393 0.0407366 0.00952148
16 0.212984 0.340402 0.0844494 0.0524554 0.00941467
25 0.75 0.320312 0.172619 0.18192 0.00941467
37 0.563244 0.312779 0.471726 0.205357 0.00930023
0 0.225074 0.266183 0.0401786 0.0708705 0.00926971
0 0.952381 0.257534 0.0416667 0.0920759 0.00919342
0 0.0196243 0.244699 0.0370164 0.0563616 0.0091629
54 0.782738 0.301897 0.0595238 0.0552455 0.00894928
0 0.197173 0.226004 0.0446429 0.0273438 0.00891876
34 0.89881 0.23298 0.09375 0.0245536 0.00891876
37 0.416667 0.31257 0.185268 0.194057 0.00888062
25 0.292039 0.25558 0.143601 0.0708705 0.00881195
37 0.582589 0.370815 0.507441 0.386719 0.00844574
35 0.195685 0.335379 0.127976 0.0491071 0.00834656
33 0.912947 0.289621 0.0580357 0.0390625 0.00831604
32 0.483631 0.391183 0.0654762 0.0334821 0.00821686
0 0.202195 0.224051 0.0379464 0.0262277 0.00812531
0 0.301339 0.305246 0.0372024 0.0959821 0.00803375
0 0.149554 0.25865 0.0338542 0.0758929 0.00793457
25 0.791667 0.258371 0.223214 0.0853795 0.0078125
0 0.717262 0.375558 0.0372024 0.0892857 0.0077858
0 0.49628 0.199498 0.104167 0.0608259 0.00775528
24 0.218006 0.351562 0.0327381 0.0273438 0.00746155
32 0.239955 0.702009 0.0550595 0.015625 0.00737381
32 0.356771 0.407366 0.0230655 0.0111607 0.00728989
25 0.74256 0.259766 0.127976 0.0853795 0.00725937
0 0.158668 0.243443 0.0368304 0.0479911 0.00720596
32 0.482887 0.390067 0.0892857 0.0379464 0.00709534
25 0.285714 0.282087 0.142113 0.122768 0.00701141
26 0.218006 0.255859 0.0223214 0.0267857 0.00698471
37 0.511161 0.282087 0.419643 0.257254 0.00695801
0 0.953125 0.261719 0.09375 0.109933 0.0068779
0 0.666667 0.243304 0.0803572 0.0904018 0.0068512
25 0.752232 0.298828 0.153274 0.163504 0.0068512
0 0.764881 0.337612 0.0892857 0.148996 0.00682449
0 0.989211 0.242746 0.0215773 0.0507812 0.00671768
0 0.96503 0.250558 0.0654762 0.0703125 0.00666809
35 0.436012 0.489397 0.177827 0.0859375 0.00651169
35 0.356027 0.406808 0.0245536 0.0122767 0.00638962
0 0.90625 0.0340402 0.0327381 0.0319475 0.00636292
11 0.477679 0.410435 0.107143 0.078683 0.00629044
2 0.466146 0.209263 0.0446429 0.0412947 0.00614548
32 0.436756 0.363281 0.0379464 0.0223214 0.00612259
0 0.270089 0.287458 0.0647321 0.114816 0.00609589
20 0.317708 0.296038 0.127232 0.146763 0.006073
0 0.261161 0.279506 0.105655 0.116211 0.00595856
0 0.832589 0.299107 0.316964 0.162388 0.00588989
32 0.791667 0.301339 0.0446428 0.0546875 0.005867
32 0.790179 0.285714 0.0327381 0.0245536 0.00582123
0 0.215216 0.351004 0.0881696 0.0301339 0.00582123
38 0.880952 0.231306 0.175595 0.0343192 0.00572968
53 0.782738 0.301897 0.0595238 0.0524554 0.00568771
54 0.790923 0.304129 0.0416667 0.0491071 0.00561905
0 0.218006 0.255859 0.0223214 0.0267857 0.00553513
17 0.317708 0.296038 0.127232 0.146763 0.00548935
35 0.788691 0.268136 0.0907738 0.0435268 0.00547028
24 0.156622 0.330357 0.0513393 0.0407366 0.00544739
0 0.0117188 0.241211 0.0223214 0.0502232 0.00542831
0 0.0200893 0.268903 0.0386905 0.0537109 0.00536346
33 0.793155 0.315918 0.232143 0.18736 0.0053215
33 0.900298 0.291574 0.190476 0.155692 0.00527954
0 0.309524 0.283203 0.0357143 0.061942 0.00526047
26 0.218006 0.351562 0.0327381 0.0273438 0.00521851
0 0.334077 0.280064 0.0505952 0.0771484 0.00511932
52 0.779762 0.308594 0.0535714 0.0368304 0.00503922
25 0.416667 0.31257 0.185268 0.194057 0.00494385
0 0.478795 0.410714 0.106399 0.0803571 0.0049057
34 0.877232 0.233259 0.129464 0.0237165 0.00488663
25 0.834821 0.234375 0.27381 0.0387835 0.00486755
0 0.338914 0.291853 0.0446429 0.0848214 0.00484848
34 0.912947 0.251674 0.16369 0.0636161 0.00469971
38 0.0212984 0.280134 0.0364583 0.0267857 0.00468063
0 0.350446 0.245257 0.178571 0.22433 0.0046463
0 0.516741 0.197824 0.145833 0.061942 0.00460815
0 0.720238 0.388114 0.116071 0.359933 0.00460815
0 0.706845 0.364955 0.0863095 0.280134 0.0045929
0 0.218006 0.351562 0.0327381 0.0273438 0.00457382
0 0.606399 0.316406 0.413691 0.392857 0.00457382
0 0.34189 0.26409 0.0825893 0.0767299 0.00453949
0 0.225818 0.248465 0.0372024 0.0373884 0.00448608
2 0.43564 0.363281 0.0386905 0.0239955 0.00448608
0 0.650298 0.342355 0.340774 0.310826 0.00443268
41 0.782738 0.301897 0.0595238 0.0552455 0.00439835
26 0.217076 0.266044 0.0238095 0.0454799 0.00436401
0 0.285714 0.272879 0.0431548 0.0948661 0.00436401
25 0.264137 0.261719 0.100446 0.0758929 0.00436401
35 0.790923 0.304129 0.0416667 0.0491071 0.00431442
25 0.785714 0.265346 0.0982143 0.047433 0.00429916
0 0.21875 0.233398 0.0409226 0.046317 0.00426483
0 0.913691 0.288504 0.0580357 0.0401786 0.00421524
0 0.0199033 0.278181 0.0390625 0.0329241 0.00421524
0 0.3125 0.30978 0.0446429 0.0958426 0.00418091
32 0.793155 0.289621 0.0357143 0.0323661 0.00415039
25 0.264881 0.245396 0.0811012 0.0438058 0.00413513
0 0.264137 0.17885 0.0238095 0.0223214 0.00405502
38 0.834821 0.234375 0.27381 0.0387835 0.00403976
0 0.179688 0.253069 0.0238095 0.0323661 0.00402451
35 0.822917 0.270926 0.0238095 0.0345982 0.00402451
0 0.555432 0.470145 0.220982 0.265067 0.00400543
26 0.316964 0.296875 0.0290179 0.0502232 0.00397491
35 0.913691 0.289621 0.0565476 0.0390625 0.00395966
25 0.26051 0.275042 0.102493 0.102818 0.0039444
26 0.167783 0.258929 0.0342262 0.0680804 0.00392914
33 0.433036 0.311663 0.203869 0.195312 0.00391388
29 0.795387 0.27567 0.0431547 0.0379464 0.00388527
20 0.195127 0.33817 0.126116 0.0546875 0.00388527
0 0.205729 0.263951 0.0431548 0.0535714 0.00379562
54 0.779762 0.308594 0.0535714 0.0368304 0.00378036
26 0.215216 0.351004 0.0881696 0.0301339 0.00376511
46 0.786458 0.301897 0.0550595 0.0558036 0.00374985
33 0.775298 0.314174 0.119048 0.146205 0.00374985
0 0.488467 0.268485 0.37128 0.292271 0.0037365
0 0.228795 0.232143 0.0349702 0.0373884 0.00370789
35 0.823661 0.272252 0.0208333 0.0202288 0.00366402
67 0.514509 0.240792 0.0230655 0.0206473 0.00365067
0 0.897322 0.286761 0.0267857 0.0403181 0.00365067
0 0.310268 0.271205 0.0327381 0.0580357 0.00359344
33 0.77753 0.282924 0.114583 0.0797991 0.00348282
27 0.784226 0.301897 0.0595238 0.0558036 0.00344276
0 0.19494 0.258231 0.0372024 0.0393415 0.00341606
32 0.823661 0.272252 0.0208333 0.0202288 0.00341606
55 0.784226 0.301897 0.0595238 0.0558036 0.00338936
38 0.877976 0.25558 0.193452 0.0837054 0.00328636
33 0.320685 0.313058 0.412202 0.190848 0.00328636
24 0.167783 0.258929 0.0342262 0.0680804 0.00327301
0 0.293527 0.209542 0.0230655 0.0172991 0.00327301
0 0.214286 0.291783 0.123512 0.142997 0.00327301
0 0.318452 0.296317 0.122024 0.15067 0.00324821
29 0.913691 0.289621 0.0565476 0.0390625 0.00316048
0 0.209821 0.279855 0.0364583 0.0613839 0.00313568
0 0.263393 0.184152 0.0297619 0.03125 0.00311089
35 0.383185 0.484375 0.0736607 0.0613839 0.003088
0 0.717262 0.399275 0.0342262 0.0429687 0.00307465
17 0.329985 0.290458 0.204613 0.141183 0.00307465
26 0.179688 0.253069 0.0238095 0.0323661 0.0030632
26 0.784226 0.300781 0.0595238 0.0524554 0.0030632
26 0.195127 0.300781 0.0386905 0.0284598 0.0030632
26 0.338542 0.293527 0.0386905 0.0708705 0.0030632
29 0.478423 0.410714 0.107143 0.0803571 0.00302696
0 0.596726 0.476562 0.133929 0.25 0.00302696
0 0.907738 0.291295 0.0505952 0.0334821 0.00301552
0 0.980655 0.24442 0.0386904 0.046317 0.00300407
26 0.19494 0.253348 0.0357143 0.03125 0.00298119
26 0.206101 0.305525 0.0223214 0.0206473 0.00298119
26 0.225818 0.248465 0.0372024 0.0373884 0.0029583
33 0.318824 0.371094 0.552083 0.313616 0.00294685
19 0.331101 0.293806 0.0982143 0.141741 0.00293541
33 0.446429 0.367467 0.224702 0.304129 0.00290108
26 0.366443 0.268973 0.0334821 0.0742188 0.00287819
39 0.791667 0.301339 0.0446428 0.0546875 0.00287819
32 0.618304 0.129325 0.0372024 0.0242746 0.00286674
0 0.47247 0.196987 0.0565476 0.0605469 0.00286674
29 0.239955 0.702009 0.0528274 0.015625 0.00286674
0 0.580357 0.190011 0.0267857 0.0636161 0.00282288
0 0.207589 0.249721 0.0453869 0.0429688 0.00282288
0 0.259301 0.300153 0.192708 0.124023 0.00281143
24 0.22619 0.352121 0.0625 0.0290179 0.00279999
0 0.995164 0.247628 0.00967261 0.0410156 0.00279045
0 0.741071 0.386789 0.184524 0.323521 0.00279045
67 0.511905 0.243443 0.0238095 0.0217634 0.00277901
16 0.22619 0.352121 0.0625 0.0290179 0.00273705
0 0.563988 0.277902 0.168155 0.208705 0.00265312
20 0.329985 0.290458 0.204613 0.141183 0.0026207
0 0.296131 0.298549 0.0282738 0.0814732 0.00261116
25 0.229911 0.243164 0.0349702 0.0265067 0.00259018
16 0.218006 0.351562 0.0327381 0.0273438 0.00259018
36 0.202381 0.338728 0.113095 0.0558036 0.00259018
34 0.853423 0.256557 0.293155 0.0806361 0.00258064
26 0.300223 0.270368 0.0305059 0.0262277 0.00255013
26 0.188988 0.301897 0.030878 0.0251116 0.00252151
33 0.842262 0.244699 0.306548 0.0597098 0.0024929
0 0.58631 0.38365 0.482143 0.425781 0.875977
32 0.478423 0.410435 0.107143 0.0803571 0.773438
0 0.601935 0.179653 0.0803572 0.128418 0.709961
0 0.386533 0.211635 0.108631 0.17048 0.70166
0 0.0199033 0.301339 0.0385045 0.125 0.70166
0 0.197917 0.265346 0.0647321 0.101562 0.625977
0 0.321429 0.293806 0.0840774 0.140625 0.599121
0 0.157366 0.265067 0.0409226 0.093192 0.532227
0 0.931548 0.292411 0.0982143 0.155692 0.508789
0 0.195313 0.338449 0.126488 0.0552455 0.309082
0 0.154948 0.257812 0.0334821 0.0736607 0.304932
0 0.202567 0.292132 0.0732887 0.157366 0.196777
0 0.928572 0.316406 0.0922619 0.107701 0.194946
0 0.299107 0.287946 0.0357143 0.0792411 0.171631
29 0.0205543 0.280692 0.0385045 0.0301339 0.165649
16 0.196057 0.338728 0.127232 0.0569196 0.151978
0 0.168155 0.266741 0.0372024 0.0959821 0.141968
0 0.465774 0.2101 0.0438988 0.0412946 0.135742
0 0.364955 0.279018 0.0372024 0.107143 0.128052
0 0.738095 0.3125 0.1875 0.206473 0.121887
0 0.952381 0.232282 0.0357143 0.0354353 0.119995
0 0.332589 0.305873 0.102679 0.169503 0.112976
0 0.709635 0.376953 0.184896 0.364397 0.112
0 0.374256 0.252093 0.129464 0.250837 0.104675
29 0.784226 0.301897 0.0595238 0.0558036 0.102295
0 0.195313 0.2899 0.131696 0.154576 0.101929
52 0.784226 0.301897 0.0595238 0.0558036 0.092041
0 0.0186942 0.285226 0.0373884 0.0947266 0.0888062
0 0.167411 0.25865 0.0349702 0.0680804 0.0809326
32 0.459449 0.393973 0.0260417 0.0234375 0.0715942
0 0.703869 0.314453 0.0654762 0.212612 0.0713501
0 0.962798 0.270089 0.0654762 0.111607 0.0662231
33 0.834077 0.261021 0.315476 0.0895647 0.0661011
0 0.325893 0.308315 0.0669643 0.104911 0.0619812
35 0.394345 0.492746 0.10119 0.0803572 0.0600891
51 0.78497 0.302455 0.0565476 0.0524554 0.055603
51 0.790923 0.305246 0.0401786 0.046875 0.0548096
35 0.782738 0.301897 0.0595238 0.0524554 0.0526123
41 0.791667 0.301339 0.0446428 0.0546875 0.0520325
0 0.172247 0.268415 0.0267857 0.0954241 0.0469971
0 0.210379 0.301897 0.0985863 0.131138 0.0444336
25 0.834077 0.261021 0.315476 0.0895647 0.0433655
29 0.793155 0.290179 0.0372023 0.0334821 0.0402527
33 0.833333 0.313128 0.318452 0.194057 0.0380249
25 0.833333 0.313128 0.318452 0.194057 0.0379028
0 0.33631 0.276228 0.0922619 0.109375 0.0368958
32 0.912202 0.289621 0.0595238 0.0401786 0.035675
35 0.154948 0.329799 0.0479911 0.0379464 0.035675
0 0.351935 0.270089 0.0639881 0.0948661 0.033844
0 0.949405 0.27002 0.0491071 0.111747 0.0332642
0 0.993304 0.244699 0.0133928 0.047433 0.0330811
32 0.0210193 0.279506 0.0379464 0.0302734 0.0330811
26 0.913691 0.2899 0.0565476 0.0396205 0.03125
0 0.159226 0.282924 0.0505953 0.131138 0.0295868
0 0.694941 0.393136 0.104167 0.301339 0.029541
34 0.868304 0.231585 0.165179 0.0334821 0.0294189
49 0.78497 0.302455 0.0565476 0.0524554 0.0281067
0 0.298363 0.281529 0.0327381 0.0597098 0.0240479
0 0.744792 0.376116 0.0416667 0.078683 0.0236053
0 0.760417 0.32115 0.14881 0.167411 0.0222015
0 0.213542 0.269252 0.0323661 0.078683 0.0199432
0 0.294643 0.28125 0.0364583 0.094308 0.0197144
41 0.782738 0.301339 0.0595238 0.0558036 0.0191956
0 0.953869 0.244141 0.0416667 0.061942 0.0187683
0 0.416295 0.310826 0.182292 0.195313 0.0177155
0 0.187314 0.268973 0.046503 0.0965402 0.0174408
49 0.790923 0.305246 0.0401786 0.046875 0.0171814
0 0.727679 0.321917 0.119048 0.199916 0.0167236
0 0.28125 0.282436 0.0699405 0.114816 0.0166626
0 0.159412 0.252511 0.0401786 0.0652902 0.0164032
0 0.681548 0.310338 0.0863095 0.209682 0.0157776
0 0.166481 0.247489 0.030878 0.047433 0.0156708
0 0.362351 0.311663 0.0677083 0.194754 0.0156708
0 0.682292 0.327288 0.116071 0.260603 0.0153656
41 0.793155 0.290179 0.0372023 0.0334821 0.0151291
0 0.717262 0.392857 0.0357143 0.0535714 0.0150757
32 0.245536 0.489397 0.0200893 0.0145089 0.0150146
0 0.671131 0.361049 0.174107 0.398438 0.0149536
77 0.196057 0.338728 0.127232 0.0569196 0.0144501
33 0.75 0.32094 0.172619 0.184012 0.0144501
32 0.471726 0.39202 0.0565476 0.03125 0.0140076
16 0.213914 0.338728 0.0900298 0.0558036 0.0139542
0 0.366816 0.268345 0.0357143 0.0738002 0.0139008
25 0.841518 0.243722 0.30506 0.0577567 0.0135345
52 0.790923 0.305246 0.0401786 0.046875 0.0134811
0 0.770089 0.329799 0.102679 0.172433 0.0134811
29 0.794643 0.271763 0.0788691 0.0496652 0.0133286
34 0.883185 0.249023 0.18006 0.0705915 0.0133286
33 0.785714 0.265625 0.0982143 0.0502232 0.0131683
0 0.151786 0.241629 0.03125 0.0457589 0.0131226
16 0.215216 0.351004 0.0881696 0.0301339 0.01297
34 0.854167 0.235352 0.229167 0.0393415 0.0126724
25 0.466146 0.209263 0.0446429 0.0412947 0.0124283
0 0.784226 0.306083 0.0982143 0.127232 0.0123825
0 0.327009 0.27281 0.0669643 0.0994699 0.0123367
24 0.215216 0.351004 0.0881696 0.0301339 0.0122375
0 0.300223 0.265485 0.0327381 0.0577567 0.0119629
0 0.702381 0.27846 0.0565476 0.0558036 0.0119629
29 0.790923 0.285714 0.0327381 0.0245536 0.0111618
0 0.28497 0.292132 0.0565476 0.101004 0.0110703
16 0.330729 0.293806 0.0989583 0.142299 0.0110321
33 0.779762 0.272949 0.116071 0.0578962 0.0108566
29 0.779762 0.27567 0.119048 0.0597098 0.0107346
34 0.897322 0.23298 0.0952381 0.0248326 0.0103683
0 0.0195313 0.256417 0.0372024 0.0351562 0.0103302
0 0.212798 0.340681 0.0848214 0.0524554 0.0103302
25 0.0199033 0.279018 0.0390625 0.03125 0.0102921
35 0.779762 0.309152 0.0535714 0.0368304 0.0102463
0 0.941964 0.329799 0.0669643 0.0814732 0.01017
0 0.179688 0.244141 0.0234375 0.047433 0.0100937
29 0.793899 0.304967 0.0386904 0.0440848 0.00997162
0 0.21689 0.26981 0.0238095 0.0580357 0.00985718
35 0.468006 0.470982 0.09375 0.0524554 0.00978088
0 0.441964 0.452846 0.186012 0.166853 0.00955963
0 0.182292 0.229911 0.0186012 0.0206473 0.00937653
0 0.206101 0.229353 0.0438988 0.0368304 0.00937653
0 0.297619 0.269252 0.0297619 0.0407366 0.00926971
32 0.239583 0.702009 0.0550595 0.015625 0.0091629
0 0.0184152 0.276507 0.0368304 0.0513393 0.00898743
0 0.21689 0.239676 0.0543155 0.0558036 0.0088501
0 0.203869 0.266183 0.0498512 0.0898438 0.00861359
37 0.581845 0.371094 0.507441 0.387277 0.00841522
35 0.80506 0.267857 0.0595238 0.0396205 0.00812531
24 0.195685 0.335938 0.127976 0.0502232 0.00803375
0 0.300223 0.270647 0.0305059 0.0256696 0.00800323
0 0.289435 0.210938 0.0267857 0.0212054 0.00790405
0 0.225074 0.266323 0.0401786 0.0700335 0.0078125
33 0.912947 0.289621 0.0580357 0.0390625 0.00769424
2 0.466146 0.209263 0.0446429 0.0412947 0.00763702
35 0.776786 0.321708 0.116071 0.162388 0.00760651
25 0.75 0.319754 0.175595 0.184152 0.00757599
0 0.0195313 0.244559 0.0368304 0.0566406 0.00751877
38 0.882441 0.231027 0.169643 0.0334821 0.00751877
11 0.477679 0.410435 0.107143 0.078683 0.00740433
0 0.750744 0.378906 0.0535714 0.0636161 0.00734711
54 0.782738 0.302455 0.0595238 0.0541295 0.00728989
24 0.913691 0.289062 0.0565476 0.0390625 0.00720596
32 0.483259 0.391183 0.0654762 0.0334821 0.00712204
37 0.559896 0.312779 0.466518 0.204241 0.00709534
35 0.195685 0.335938 0.127976 0.0502232 0.00706482
0 0.196987 0.226283 0.0446429 0.0273438 0.00658798
0 0.717262 0.376116 0.0372024 0.0881697 0.00651169
0 0.687686 0.398996 0.27939 0.366071 0.00651169
26 0.156622 0.330357 0.0513393 0.0412946 0.00638962
32 0.356771 0.407366 0.0230655 0.0111607 0.00634003
25 0.793155 0.25865 0.227679 0.0853795 0.00631332
0 0.0199963 0.294364 0.0399926 0.0691964 0.00629044
24 0.21782 0.351562 0.0334821 0.0273438 0.00629044
20 0.320685 0.295131 0.123512 0.146345 0.00609589
0 0.952381 0.258231 0.0416667 0.093471 0.00605011
37 0.420387 0.310826 0.181548 0.193638 0.00602722
38 0.833333 0.233538 0.267857 0.0373884 0.00598145
37 0.510417 0.280413 0.418155 0.260603 0.00598145
25 0.778274 0.277065 0.113095 0.0686384 0.00593567
34 0.874256 0.233259 0.135417 0.0239955 0.00584412
0 0.831845 0.299107 0.321429 0.16183 0.00584412
0 0.965774 0.251395 0.0654762 0.0731027 0.00579834
0 0.158482 0.243304 0.0372024 0.0479911 0.00577545
0 0.202381 0.224051 0.0379464 0.0262277 0.00572968
32 0.790923 0.285714 0.0327381 0.0245536 0.00572968
0 0.666667 0.243443 0.0803572 0.0901228 0.00568771
32 0.482143 0.390346 0.0877976 0.0379464 0.00568771
25 0.741071 0.259905 0.126488 0.0856585 0.00564194
32 0.791667 0.301339 0.0446428 0.0546875 0.00547028
34 0.912202 0.250279 0.165179 0.0608259 0.00542831
53 0.782738 0.301897 0.0595238 0.0524554 0.00540543
0 0.301711 0.305734 0.0379464 0.0950056 0.00538635
0 0.950893 0.261719 0.0982143 0.109933 0.00534439
33 0.90625 0.291853 0.178571 0.15625 0.0053215
0 0.151414 0.268415 0.0349703 0.0920759 0.00526047
0 0.990327 0.242746 0.0193452 0.0502232 0.00524139
35 0.435268 0.489397 0.176339 0.0859375 0.00524139
32 0.436756 0.363281 0.0386905 0.0223214 0.00516129
26 0.218378 0.256138 0.0215774 0.0262277 0.0051384
0 0.611235 0.320522 0.380208 0.399135 0.0051384
54 0.790923 0.305246 0.0401786 0.046875 0.00508118
2 0.435268 0.363281 0.0386905 0.0234375 0.00494385
0 0.352679 0.246373 0.174107 0.226004 0.00492477
33 0.788691 0.315848 0.22619 0.188058 0.00488663
0 0.218378 0.256138 0.0215774 0.0262277 0.00486755
26 0.21782 0.351562 0.0334821 0.0273438 0.00486755
35 0.789435 0.268136 0.0892857 0.0435268 0.00469971
0 0.309152 0.284528 0.0357143 0.0592913 0.00466537
33 0.430432 0.311942 0.198661 0.194754 0.00457382
0 0.0117188 0.241071 0.0226935 0.0502232 0.00455475
0 0.707589 0.350377 0.0818453 0.251256 0.00450516
0 0.338542 0.291853 0.0446429 0.0853795 0.00446701
52 0.779762 0.309152 0.0535714 0.0368304 0.00443268
0 0.215216 0.351004 0.0881696 0.0301339 0.00441742
0 0.269717 0.287877 0.0691964 0.113979 0.00434875
25 0.291574 0.254464 0.143043 0.0691964 0.00428009
32 0.793155 0.289062 0.0357143 0.03125 0.00421524
35 0.356027 0.407366 0.0245536 0.0122768 0.00416565
29 0.785714 0.265625 0.0982143 0.047433 0.00407028
0 0.0200893 0.268903 0.0386905 0.0537109 0.00399017
17 0.320685 0.295131 0.123512 0.146345 0.00397491
26 0.215216 0.351004 0.0881696 0.0301339 0.00395966
38 0.883185 0.249023 0.18006 0.0705915 0.0039444
0 0.334821 0.282645 0.0491071 0.0725446 0.00392914
35 0.913691 0.2899 0.0565476 0.0396205 0.00391388
0 0.485119 0.271275 0.354167 0.274414 0.00391388
0 0.287946 0.27281 0.0401786 0.0938895 0.00390053
38 0.0213914 0.280134 0.0364583 0.0267857 0.00390053
0 0.721726 0.385324 0.116071 0.356585 0.00390053
0 0.518601 0.197824 0.150298 0.061942 0.00383949
35 0.785714 0.30692 0.0505953 0.0457589 0.00380898
24 0.157738 0.331473 0.0528274 0.0390625 0.00380898
0 0.243676 0.288574 0.144345 0.14495 0.00378036
26 0.316964 0.29827 0.0282738 0.047433 0.00374985
0 0.497768 0.199498 0.107143 0.0608259 0.00374985
0 0.653088 0.357422 0.336682 0.34096 0.0037365
54 0.779762 0.309152 0.0535714 0.0368304 0.00359344
0 0.179688 0.25293 0.0238095 0.0326451 0.00345612
29 0.793155 0.279576 0.0386904 0.0323661 0.00345612
0 0.22619 0.248884 0.0364583 0.0362723 0.00342941
0 0.256324 0.277902 0.116815 0.114397 0.00342941
0 0.34189 0.263951 0.0818452 0.0764509 0.00341606
25 0.415923 0.31243 0.186012 0.194336 0.00340271
0 0.553943 0.470424 0.223958 0.265625 0.00335121
55 0.784226 0.301897 0.0595238 0.0558036 0.00329781
67 0.514137 0.240792 0.0223214 0.0206473 0.00323486
29 0.913691 0.2899 0.0565476 0.0396205 0.00322342
0 0.218006 0.233259 0.0386905 0.046317 0.00318527
0 0.21782 0.351562 0.0334821 0.0273438 0.00317192
33 0.328497 0.313128 0.390625 0.191825 0.00317192
33 0.776786 0.283482 0.116071 0.0792411 0.00316048
0 0.478795 0.410714 0.106399 0.0803571 0.00316048
0 0.205357 0.263253 0.0446428 0.0521763 0.00314713
26 0.217262 0.264788 0.0234375 0.0424107 0.00309944
33 0.841518 0.243722 0.30506 0.0577567 0.00309944
46 0.785714 0.301897 0.0550595 0.0558036 0.003088
33 0.769345 0.314174 0.127976 0.148996 0.00307465
26 0.167411 0.25865 0.0349702 0.0680804 0.0030632
29 0.785714 0.30692 0.0505953 0.0457589 0.0030632
33 0.442708 0.365792 0.215774 0.300223 0.0030632
27 0.784226 0.301897 0.0595238 0.0558036 0.00300407
0 0.3125 0.310826 0.0446429 0.093192 0.00300407
0 0.19494 0.257394 0.0368303 0.0376674 0.00298119
35 0.822917 0.270926 0.0238095 0.0351562 0.00298119
25 0.285342 0.281738 0.142113 0.122907 0.00298119
35 0.823661 0.272042 0.0208333 0.0200893 0.00292397
0 0.309896 0.272391 0.0334821 0.054548 0.00288963
0 0.473586 0.196708 0.0587798 0.0608259 0.00286674
0 0.913691 0.288504 0.0580357 0.0401786 0.00286674
0 0.981399 0.24442 0.0372023 0.046875 0.0028553
0 0.209635 0.280204 0.0375744 0.0634766 0.0028553
34 0.856399 0.255999 0.287202 0.0795201 0.00279045
20 0.195313 0.338449 0.126488 0.0552455 0.00279045
0 0.293899 0.209542 0.0223214 0.0172991 0.00277901
35 0.793899 0.304967 0.0386904 0.0440848 0.00275803
24 0.167411 0.25865 0.0349702 0.0680804 0.00273705
29 0.478423 0.410714 0.107143 0.0803571 0.00273705
0 0.228795 0.232282 0.0349702 0.0373884 0.0027256
25 0.833333 0.233538 0.267857 0.0373884 0.00269318
32 0.247396 0.489676 0.0141369 0.0128348 0.00269318
32 0.823661 0.272042 0.0208333 0.0200893 0.0026722
29 0.239955 0.702009 0.0528274 0.015625 0.0026722
29 0.61756 0.129604 0.0372024 0.0253906 0.00263214
32 0.617932 0.129604 0.0379464 0.0248326 0.0026207
0 0.318452 0.29548 0.122024 0.150112 0.00259018
36 0.198289 0.338449 0.122024 0.0563616 0.00256157
0 0.735863 0.34382 0.0803571 0.154994 0.00255013
19 0.330729 0.293806 0.0989583 0.142299 0.00254059
0 0.897322 0.28683 0.0297619 0.0401786 0.00251198
0 0.264137 0.179129 0.0238095 0.0223214 0.00250244
67 0.511905 0.243304 0.0238095 0.0217634 0.00250244
16 0.337054 0.276228 0.0877976 0.107143 0.00246239
26 0.784226 0.300781 0.0595238 0.0524554 0.00245285
32 0.513021 0.391183 0.0349703 0.0323661 0.00243378
26 0.179688 0.25293 0.0238095 0.0326451 0.00240517
26 0.22619 0.248884 0.0364583 0.0362723 0.00240517
0 0.0197173 0.277623 0.0390625 0.0373884 0.00240517
33 0.312128 0.369978 0.521577 0.311384 0.00240517
0 0.580357 0.189732 0.0267857 0.0641741 0.00239754
26 0.366443 0.269043 0.0334821 0.0735212 0.00237846
41 0.619048 0.13072 0.0401786 0.0276228 0.00236893
26 0.194568 0.253348 0.0379464 0.03125 0.00236893
0 0.148624 0.25865 0.0286458 0.0641741 0.00236893
34 0.93378 0.264788 0.108631 0.0959821 0.00234985
16 0.21782 0.351562 0.0334821 0.0273438 0.00234985
0 0.25744 0.30406 0.197917 0.118443 0.00234985
39 0.791667 0.301339 0.0446428 0.0546875 0.00233269
0 0.207217 0.249721 0.0461309 0.0429688 0.00232315
0 0.995164 0.247489 0.00967261 0.0407366 0.00231361
20 0.333333 0.290458 0.198661 0.143973 0.00226974
0 0.741071 0.38644 0.181548 0.328683 0.00226974
26 0.206101 0.305246 0.0223214 0.0212054 0.00225258
26 0.338542 0.294085 0.0386905 0.0703125 0.00225258
16 0.226563 0.352121 0.0625 0.0290179 0.00225258
0 0.940476 0.31529 0.0699405 0.0848214 0.00223351
0 0.645089 0.381138 0.186012 0.313616 0.00222588
34 0.925595 0.246373 0.125 0.0485491 0.00221634
37 0.0199033 0.279018 0.0390625 0.03125 0.00221634
24 0.226563 0.352121 0.0625 0.0290179 0.00221634
0 0.339286 0.283552 0.0416667 0.0612444 0.00215721
0 0.907738 0.291853 0.0505952 0.0323661 0.00215721
0 0.90625 0.291853 0.178571 0.15625 0.00215721
0 0.59747 0.476562 0.132441 0.251116 0.00215721
26 0.19494 0.300781 0.0394345 0.0290179 0.00214958
25 0.264044 0.261021 0.0998884 0.0744978 0.00214958
0 0.58631 0.38365 0.482143 0.425781 0.861328
32 0.478423 0.410435 0.107143 0.0803571 0.713867
0 0.0185082 0.300711 0.0362723 0.12514 0.695801
0 0.386161 0.211635 0.108631 0.17048 0.680176
0 0.601935 0.179688 0.0803572 0.128906 0.65332
0 0.197917 0.265346 0.0654762 0.102121 0.59082
0 0.322173 0.292969 0.0833334 0.143415 0.581543
0 0.157738 0.265067 0.0409226 0.09375 0.512695
0 0.931548 0.292411 0.0997024 0.15625 0.504883
0 0.195127 0.338728 0.127604 0.0569196 0.300781
0 0.154948 0.257952 0.0334821 0.0739397 0.266602
0 0.203125 0.291783 0.0744048 0.157506 0.195557
29 0.0206473 0.280692 0.0385045 0.0301339 0.17334
0 0.928572 0.315569 0.0922619 0.109933 0.151733
0 0.299107 0.288504 0.0357143 0.078125 0.141724
16 0.195871 0.338728 0.127604 0.0569196 0.134277
0 0.738095 0.31522 0.188988 0.212193 0.131592
0 0.202009 0.291295 0.116815 0.151786 0.120422
0 0.372768 0.251674 0.13244 0.250558 0.117371
0 0.166667 0.266741 0.0401786 0.0959821 0.116943
0 0.710007 0.382533 0.187128 0.375558 0.11676
0 0.331845 0.303292 0.103423 0.165179 0.115173
0 0.465774 0.21024 0.0438988 0.0418527 0.113953
0 0.364955 0.279018 0.0364583 0.106585 0.102661
29 0.784226 0.301897 0.0595238 0.0558036 0.0994873
0 0.952381 0.232282 0.0357143 0.0354353 0.092041
32 0.459821 0.393973 0.0252976 0.0234375 0.0797729
52 0.784226 0.301897 0.0595238 0.0558036 0.0786133
0 0.167039 0.25865 0.0357143 0.0691964 0.0680542
51 0.785714 0.302734 0.0565476 0.0518973 0.0600891
0 0.703869 0.314453 0.0654762 0.212612 0.0598755
33 0.834077 0.262556 0.316964 0.0926339 0.0589905
51 0.791667 0.306083 0.0386905 0.0452009 0.0545959
41 0.791667 0.301618 0.0446428 0.0546875 0.0497742
35 0.394345 0.492746 0.10119 0.0803572 0.0488586
0 0.325893 0.308315 0.0669643 0.104911 0.0476074
0 0.962054 0.268415 0.0639881 0.107143 0.044342
32 0.912202 0.2899 0.0595238 0.0396205 0.0417786
35 0.782738 0.302455 0.0595238 0.0524554 0.0396423
0 0.171875 0.268415 0.0282738 0.0959821 0.0381775
29 0.793155 0.291016 0.0372023 0.0345982 0.0379028
33 0.832589 0.314732 0.319941 0.197545 0.0354004
49 0.785714 0.302734 0.0565476 0.0518973 0.0332031
35 0.154948 0.329799 0.0479911 0.0379464 0.0323486
0 0.337054 0.277344 0.0877976 0.109375 0.0315552
25 0.834077 0.262556 0.316964 0.0926339 0.0305634
25 0.832589 0.314732 0.319941 0.197545 0.0304413
32 0.0210193 0.279855 0.0379464 0.0301339 0.0302124
0 0.350818 0.270368 0.0654762 0.0948661 0.0282745
0 0.695685 0.392229 0.105655 0.299247 0.0278473
0 0.159412 0.286342 0.0513393 0.138253 0.0271759
0 0.0197173 0.28397 0.0394345 0.0927734 0.0268097
0 0.993304 0.244699 0.0133928 0.047433 0.0266113
34 0.869048 0.231724 0.157738 0.0332031 0.0238647
0 0.948661 0.270368 0.0520833 0.112723 0.0217743
0 0.664435 0.36656 0.15625 0.400809 0.0206451
49 0.791667 0.306083 0.0386905 0.0452009 0.0196381
26 0.913691 0.289062 0.0565476 0.0396205 0.0194244
0 0.294643 0.280971 0.0372024 0.0926339 0.0186157
0 0.756696 0.32115 0.15625 0.172991 0.0184784
0 0.714286 0.330915 0.0892857 0.246652 0.0173035
0 0.744792 0.376395 0.0416667 0.078125 0.0162811
0 0.213542 0.269531 0.0327381 0.0797991 0.0156021
77 0.195871 0.338728 0.127604 0.0569196 0.0156021
41 0.793155 0.291016 0.0372023 0.0345982 0.0142288
0 0.680804 0.310756 0.0877976 0.209961 0.014061
0 0.415923 0.310826 0.183036 0.196429 0.0139542
0 0.953869 0.244001 0.0416667 0.061663 0.0137405
0 0.717262 0.393694 0.0357143 0.0524554 0.0137405
0 0.956845 0.238002 0.0446428 0.0477121 0.0133286
0 0.683036 0.329311 0.116071 0.264369 0.0132217
0 0.187128 0.268973 0.046131 0.0970982 0.01297
16 0.213914 0.338728 0.0907738 0.0558036 0.0126266
34 0.885417 0.244559 0.172619 0.0611049 0.0125275
16 0.330357 0.293806 0.0997024 0.142857 0.0124817
0 0.159226 0.252511 0.0401786 0.0652902 0.012291
0 0.282738 0.282645 0.0684524 0.115513 0.0122375
32 0.245536 0.489397 0.0200893 0.0145089 0.0118713
0 0.166295 0.247489 0.03125 0.0479911 0.0116425
32 0.239955 0.702009 0.0550595 0.015625 0.0115967
33 0.749256 0.320382 0.174107 0.186244 0.0114212
0 0.726935 0.321708 0.116071 0.202009 0.0112457
0 0.152902 0.26981 0.0327381 0.0898438 0.0111618
32 0.470982 0.392299 0.0550595 0.03125 0.0110703
0 0.366816 0.268136 0.0357143 0.0736607 0.0108185
34 0.896577 0.23298 0.0967262 0.0251116 0.0107803
0 0.1516 0.241909 0.03125 0.046317 0.0107346
24 0.215402 0.351284 0.0885417 0.030692 0.0107346
0 0.767857 0.328195 0.0922619 0.171735 0.0107346
16 0.215402 0.351284 0.0885417 0.030692 0.0106125
29 0.790923 0.285714 0.0327381 0.0245536 0.0105286
34 0.863095 0.234375 0.208333 0.0368304 0.0105286
25 0.466146 0.209263 0.0446429 0.0412947 0.0103302
33 0.785714 0.265765 0.0982143 0.0505022 0.0102463
0 0.300223 0.265346 0.0327381 0.0580357 0.00989532
52 0.791667 0.306083 0.0386905 0.0452009 0.00967407
0 0.363839 0.311942 0.0699405 0.194754 0.00948334
29 0.797619 0.272042 0.0744048 0.0502232 0.00919342
0 0.783482 0.305873 0.10119 0.128209 0.00898743
0 0.324405 0.264509 0.0699405 0.078683 0.0088501
0 0.213914 0.338728 0.0907738 0.0558036 0.00857544
2 0.466146 0.209263 0.0446429 0.0412947 0.00854492
38 0.881697 0.230887 0.166667 0.0332032 0.00854492
0 0.702381 0.279018 0.0565476 0.0546875 0.00844574
25 0.0199033 0.279576 0.0390625 0.0301339 0.00834656
33 0.779762 0.273438 0.116071 0.0597098 0.00831604
0 0.285714 0.292411 0.0550595 0.100446 0.00828552
25 0.840774 0.243164 0.303571 0.0566406 0.00828552
35 0.779762 0.30971 0.0535714 0.0357143 0.008255
0 0.179502 0.24428 0.0238095 0.0477121 0.00818634
29 0.793155 0.305804 0.0386904 0.0424107 0.00806427
29 0.779762 0.276297 0.119048 0.0612444 0.00787354
37 0.581845 0.371024 0.508929 0.389648 0.00784302
0 0.297619 0.269601 0.0297619 0.0411551 0.0077858
35 0.467262 0.470982 0.0930059 0.0524554 0.0077858
0 0.217076 0.269531 0.0234375 0.0580357 0.00763702
38 0.831845 0.233538 0.261905 0.0368304 0.00763702
11 0.477679 0.410435 0.107143 0.078683 0.00734711
32 0.482887 0.391183 0.0684524 0.0345982 0.00712204
0 0.0186942 0.276158 0.0373884 0.0503627 0.00703812
0 0.0195313 0.256417 0.0375744 0.0357143 0.00701141
0 0.182292 0.23019 0.0186012 0.0206473 0.00674438
0 0.441592 0.453125 0.185268 0.166295 0.00666809
35 0.196057 0.336496 0.12872 0.0513393 0.00651169
0 0.300595 0.270926 0.03125 0.0256696 0.0064888
0 0.606771 0.326381 0.351935 0.410854 0.0064888
33 0.912947 0.289621 0.0580357 0.0390625 0.0064621
0 0.206287 0.229353 0.0435268 0.0365513 0.00634003
0 0.831845 0.298828 0.324405 0.161272 0.00634003
0 0.225074 0.266323 0.0401786 0.0689174 0.00631332
34 0.870536 0.233259 0.139881 0.0245536 0.00626373
0 0.21689 0.240095 0.0543155 0.0560826 0.00626373
35 0.776786 0.309082 0.114583 0.134068 0.00624084
0 0.941964 0.330078 0.0669643 0.0809152 0.00609589
37 0.419643 0.310826 0.18006 0.194196 0.00609589
35 0.805804 0.267857 0.0580357 0.0396205 0.006073
0 0.0195313 0.24442 0.0372024 0.0569196 0.00591278
0 0.750744 0.378906 0.0535714 0.0647321 0.005867
32 0.357143 0.407645 0.0223214 0.0111607 0.00572968
0 0.204241 0.265904 0.0491072 0.0904018 0.00570679
25 0.75 0.319127 0.175595 0.185407 0.00568771
54 0.782738 0.303013 0.0595238 0.0524554 0.00561905
37 0.556176 0.312779 0.459077 0.203683 0.00561905
32 0.790923 0.285714 0.0327381 0.0245536 0.00551224
0 0.717262 0.376395 0.0372024 0.0876116 0.00548935
0 0.542411 0.180106 0.197917 0.126395 0.00544739
33 0.907738 0.292132 0.174107 0.155692 0.00540543
37 0.512649 0.279088 0.418155 0.263253 0.00536346
34 0.911458 0.249163 0.168155 0.0585938 0.0053215
32 0.791667 0.301618 0.0446428 0.0546875 0.0053215
20 0.322917 0.294364 0.123512 0.146205 0.00519943
53 0.782738 0.302455 0.0595238 0.0524554 0.00496292
0 0.965774 0.251953 0.0669643 0.0747768 0.00484848
25 0.793899 0.258929 0.230655 0.0859375 0.00484848
0 0.666667 0.243583 0.0803572 0.0904018 0.00477219
0 0.68378 0.400949 0.287202 0.367746 0.00477219
0 0.217262 0.263811 0.0230655 0.0404576 0.00475693
24 0.217634 0.351562 0.0342262 0.0279018 0.00475693
24 0.196057 0.336496 0.12872 0.0513393 0.00471878
0 0.158482 0.243443 0.0372024 0.0482701 0.00469971
24 0.913691 0.289062 0.0565476 0.0396205 0.00469971
29 0.784226 0.269252 0.101191 0.0485491 0.00468063
32 0.436756 0.363281 0.0386905 0.0223214 0.00462723
54 0.791667 0.306083 0.0386905 0.0452009 0.00453949
0 0.488839 0.271484 0.342262 0.275112 0.00453949
2 0.435268 0.363281 0.0386905 0.0234375 0.00448608
33 0.428943 0.312012 0.196429 0.195173 0.00448608
32 0.793155 0.289621 0.0357143 0.0323661 0.00431442
25 0.740327 0.260045 0.126488 0.0853795 0.00418091
38 0.885417 0.244559 0.172619 0.0611049 0.00418091
0 0.197173 0.226423 0.0446429 0.0276228 0.00415039
0 0.289435 0.210938 0.0267857 0.0212054 0.00413513
41 0.782738 0.303013 0.0595238 0.0524554 0.00411606
26 0.217634 0.351562 0.0342262 0.0279018 0.00411606
35 0.434524 0.489397 0.175595 0.0870536 0.0041008
0 0.30878 0.284877 0.0372024 0.0591518 0.00403976
0 0.218378 0.256138 0.0215774 0.0262277 0.00397491
26 0.215402 0.351284 0.0885417 0.030692 0.00387001
0 0.952381 0.258789 0.0416667 0.0945871 0.00374985
0 0.949033 0.261858 0.101935 0.110212 0.00374985
0 0.22433 0.238142 0.0461309 0.0505022 0.00369263
52 0.779762 0.30971 0.0535714 0.0357143 0.00369263
26 0.156994 0.330357 0.0513393 0.0412946 0.00363541
35 0.790179 0.268136 0.0892857 0.0440848 0.0036068
0 0.0118118 0.241071 0.0230655 0.0502232 0.00359344
0 0.338914 0.291574 0.0453869 0.0859375 0.00356483
26 0.218378 0.256138 0.0215774 0.0262277 0.00355148
35 0.913691 0.2899 0.0565476 0.0396205 0.00352478
38 0.0213914 0.280134 0.0364583 0.0267857 0.00344276
0 0.723214 0.38365 0.119048 0.355469 0.00342941
32 0.247768 0.489676 0.0148809 0.0128348 0.00340271
0 0.301711 0.305873 0.0379464 0.0947266 0.00335121
29 0.913691 0.2899 0.0565476 0.0396205 0.00329781
0 0.202567 0.224051 0.0379464 0.0262277 0.00324821
54 0.779762 0.30971 0.0535714 0.0357143 0.00323486
0 0.289435 0.273438 0.0386905 0.09375 0.00321007
35 0.785714 0.307757 0.0505953 0.0440848 0.00318527
33 0.840774 0.243164 0.303571 0.0566406 0.00317192
0 0.269345 0.288504 0.0736607 0.113839 0.00314713
0 0.215402 0.351284 0.0885417 0.030692 0.00313568
25 0.776786 0.280622 0.116071 0.0760324 0.00312424
0 0.521577 0.197963 0.154762 0.062221 0.003088
67 0.514137 0.240653 0.0230655 0.0203683 0.00301552
0 0.240699 0.288225 0.151042 0.147321 0.00301552
37 0.570685 0.316336 0.497024 0.289202 0.00301552
0 0.907738 0.292132 0.174107 0.155692 0.00299263
33 0.319568 0.313616 0.40625 0.19308 0.00299263
0 0.334821 0.283203 0.0491071 0.0714286 0.0029583
26 0.316964 0.299107 0.0282738 0.0457589 0.00294685
33 0.440476 0.365583 0.21131 0.300084 0.00287819
0 0.179688 0.253069 0.0238095 0.0329241 0.00284576
29 0.792411 0.282087 0.0372024 0.0290179 0.00284576
0 0.474702 0.196429 0.0625 0.0613839 0.00282288
0 0.0200893 0.268694 0.0386905 0.0535714 0.00279045
34 0.857887 0.256696 0.284226 0.0803571 0.00279045
46 0.784226 0.301897 0.0595238 0.0558036 0.00276756
0 0.204613 0.263393 0.0457589 0.0535714 0.00270462
17 0.322917 0.294364 0.123512 0.146205 0.00269318
0 0.645833 0.382812 0.186012 0.315848 0.00266266
0 0.551711 0.47154 0.228423 0.264509 0.00265312
0 0.981027 0.24442 0.0379464 0.047433 0.0026207
55 0.784226 0.301897 0.0595238 0.0558036 0.00261116
0 0.736607 0.342913 0.0803571 0.156808 0.00261116
24 0.15811 0.331473 0.0535714 0.0396205 0.00260162
36 0.195685 0.338728 0.127976 0.0569196 0.00260162
0 0.341518 0.26409 0.0833333 0.0767299 0.00257111
32 0.512649 0.391183 0.0357143 0.0323661 0.00257111
35 0.356027 0.407366 0.0245536 0.0128348 0.00255013
0 0.564732 0.294085 0.254464 0.352121 0.00255013
0 0.195313 0.256975 0.0372024 0.0368304 0.00254059
16 0.337054 0.277344 0.0877976 0.109375 0.00251198
27 0.784226 0.301897 0.0595238 0.0558036 0.00248146
38 0.84375 0.240374 0.3125 0.0496652 0.00247192
0 0.226563 0.249442 0.0357143 0.0357143 0.00244331
33 0.761905 0.313895 0.145833 0.152344 0.00243378
29 0.61756 0.129883 0.0372024 0.0259487 0.00240517
67 0.511533 0.243304 0.0238095 0.0220424 0.00237846
29 0.478423 0.410714 0.107143 0.0803571 0.00236893
29 0.239955 0.702009 0.0528274 0.015625 0.00236893
32 0.618304 0.129883 0.0386905 0.0253906 0.00230598
26 0.167039 0.25865 0.0357143 0.0691964 0.00230598
41 0.619048 0.13072 0.0401786 0.0276228 0.00228691
35 0.823661 0.271833 0.0208333 0.0199498 0.00228691
25 0.415179 0.312779 0.186012 0.194754 0.00226974
19 0.330357 0.293806 0.0997024 0.142857 0.00226021
0 0.309524 0.273507 0.0342262 0.0534319 0.00224304
77 0.330357 0.293806 0.0997024 0.142857 0.00223351
0 0.209449 0.280204 0.0386905 0.0645926 0.00221634
35 0.822917 0.270926 0.0238095 0.0351562 0.00220871
33 0.775298 0.28397 0.116071 0.0804966 0.00219917
0 0.74256 0.386998 0.181548 0.334263 0.00217438
0 0.218378 0.233259 0.0364583 0.0457589 0.00215721
24 0.167039 0.25865 0.0357143 0.0691964 0.00215721
0 0.254836 0.306989 0.204613 0.1137 0.00214005
34 0.933036 0.265067 0.107143 0.0959821 0.00212479
0 0.3125 0.311314 0.0446429 0.0905413 0.00210762
29 0.785714 0.307757 0.0505953 0.0440848 0.00209999
32 0.0206473 0.26981 0.0375744 0.0507812 0.0020752
32 0.823661 0.271833 0.0208333 0.0199498 0.0020752
0 0.940476 0.316406 0.0714286 0.0881696 0.0020752
35 0.793155 0.307478 0.0446429 0.046875 0.00205803
32 0.793155 0.305804 0.0386904 0.0424107 0.00201035
0 0.217634 0.351562 0.0342262 0.0279018 0.0019722
33 0.310361 0.369978 0.504278 0.311384 0.00195694
0 0.206845 0.249721 0.0483631 0.0435268 0.00194168
67 0.507068 0.242188 0.0223214 0.0212054 0.00193405
26 0.217262 0.263811 0.0230655 0.0404576 0.00191879
0 0.293899 0.209263 0.0223214 0.0178571 0.00191212
0 0.260045 0.274065 0.108631 0.102539 0.00191212
0 0.149926 0.273159 0.0520833 0.0887277 0.00191212
34 0.924107 0.244699 0.125 0.0452009 0.00189686
34 0.907738 0.292132 0.174107 0.155692 0.00188255
20 0.336682 0.290179 0.193452 0.145647 0.00188255
26 0.18006 0.254185 0.0275298 0.0334821 0.00187492
37 0.0199033 0.279576 0.0390625 0.0301339 0.00187492
0 0.14881 0.25865 0.0290179 0.0647321 0.00186729
32 0.356399 0.409319 0.0238095 0.015067 0.00186062
0 0.535342 0.285993 0.345982 0.297991 0.00186062
26 0.226563 0.249442 0.0357143 0.0357143 0.00184631
0 0.228795 0.232422 0.0349702 0.0373884 0.00183868
0 0.913691 0.288784 0.0580357 0.0407366 0.00183868
16 0.217634 0.351562 0.0342262 0.0279018 0.00183868
26 0.784226 0.300781 0.0595238 0.0524554 0.00182438
0 0.995164 0.24721 0.00967261 0.0412946 0.0018177
20 0.195313 0.338728 0.127232 0.0558036 0.0018177
33 0.752976 0.248326 0.101191 0.0362723 0.00181007
26 0.366816 0.268694 0.0327381 0.0731027 0.0018034
25 0.292039 0.254604 0.143601 0.0705915 0.00179577
33 0.938988 0.293248 0.116071 0.154576 0.00179577
39 0.791667 0.301618 0.0446428 0.0546875 0.00176811
0 0.654762 0.306989 0.177083 0.218611 0.00176811
0 0.580357 0.189453 0.0267857 0.0647322 0.00176144
33 0.0199033 0.279576 0.0390625 0.0301339 0.00176144
33 0.885417 0.244559 0.172619 0.0611049 0.00174809
26 0.19401 0.253488 0.0405506 0.031529 0.00174141
0 0.0197173 0.278181 0.0392485 0.0362723 0.00169373
24 0.226563 0.352121 0.0625 0.0290179 0.00169373
0 0.478423 0.410714 0.105655 0.0803571 0.00169373
0 0.509673 0.476005 0.315476 0.217634 0.00167465
37 0.152902 0.26981 0.0327381 0.0898438 0.00164223
0 0.585938 0.385882 0.485863 0.420201 0.853027
0 0.0186012 0.300502 0.0360863 0.125558 0.690918
32 0.478795 0.410435 0.107143 0.0803571 0.689453
0 0.386533 0.211635 0.109375 0.17048 0.667969
0 0.601935 0.179967 0.0803572 0.129185 0.612305
0 0.199033 0.266183 0.0654762 0.101004 0.57373
0 0.322917 0.293457 0.0877976 0.141881 0.571777
0 0.931548 0.292411 0.101191 0.156808 0.510742
0 0.157738 0.265346 0.0409226 0.094308 0.504883
0 0.195313 0.338728 0.127232 0.0569196 0.319092
0 0.155134 0.258092 0.0338542 0.0747768 0.237183
0 0.203125 0.291574 0.0751488 0.157366 0.190063
29 0.0206473 0.280971 0.0385045 0.0301339 0.177856
0 0.738095 0.31808 0.190476 0.21875 0.141724
0 0.928572 0.314453 0.0922619 0.112165 0.129395
0 0.372768 0.251953 0.133185 0.251116 0.127686
0 0.299851 0.290458 0.0357143 0.0691964 0.122925
0 0.201079 0.291225 0.120164 0.151925 0.118774
16 0.195685 0.338728 0.127976 0.0569196 0.116333
0 0.709635 0.384556 0.184896 0.379325 0.115967
0 0.465774 0.210379 0.0438988 0.0418527 0.105225
0 0.165737 0.266741 0.0424107 0.0959821 0.0991211
29 0.784226 0.301897 0.0595238 0.0558036 0.0946655
32 0.459821 0.393973 0.0252976 0.0234375 0.0927124
0 0.365327 0.278739 0.0372024 0.106585 0.0863037
0 0.952381 0.232422 0.0357143 0.0357143 0.0813599
0 0.166295 0.259068 0.0372024 0.0717076 0.0615234
52 0.784226 0.301897 0.0595238 0.0558036 0.0600891
0 0.703869 0.314732 0.0654762 0.21317 0.0560303
35 0.393601 0.492746 0.0997024 0.0803572 0.0503235
0 0.297991 0.289621 0.0357143 0.0926339 0.0503235
51 0.785714 0.302734 0.0535714 0.0513393 0.0501404
51 0.791667 0.306362 0.0372024 0.0446429 0.0469055
33 0.834077 0.260742 0.316964 0.0890067 0.0469055
41 0.791667 0.301339 0.0446428 0.0546875 0.0458679
32 0.912202 0.290179 0.0595238 0.0401786 0.0411377
35 0.782738 0.302455 0.0595238 0.0524554 0.0408325
0 0.325893 0.308315 0.0677083 0.104911 0.0390625
0 0.962798 0.268415 0.0639881 0.107143 0.0379028
0 0.171131 0.268345 0.0297619 0.0961216 0.0351562
29 0.793155 0.291853 0.0372023 0.0362723 0.0351562
49 0.785714 0.302734 0.0535714 0.0513393 0.0321045
0 0.158854 0.28683 0.0498512 0.138951 0.0295868
35 0.155134 0.329241 0.0479911 0.0379464 0.0290833
0 0.695685 0.392229 0.108631 0.300363 0.0289307
32 0.0212054 0.279855 0.0379464 0.0301339 0.0278015
0 0.337054 0.277623 0.0877976 0.110491 0.0273743
33 0.831845 0.313895 0.318452 0.196429 0.0273743
25 0.834077 0.260742 0.316964 0.0890067 0.0262604
0 0.350446 0.270368 0.0669643 0.0948661 0.0250397
25 0.831845 0.313895 0.318452 0.196429 0.0249939
0 0.65997 0.369489 0.142857 0.399414 0.0239105
34 0.869048 0.231585 0.154762 0.0329241 0.0232391
0 0.993304 0.244699 0.0133928 0.047433 0.0222473
0 0.0198103 0.28397 0.0396205 0.0927734 0.0212402
0 0.754464 0.321429 0.160714 0.179688 0.0207214
49 0.791667 0.306362 0.0372024 0.0446429 0.0184784
0 0.947917 0.270647 0.0535714 0.113839 0.0175781
77 0.196057 0.338728 0.127976 0.0569196 0.0162201
0 0.717262 0.331473 0.09375 0.248884 0.0154266
0 0.744048 0.376674 0.0416667 0.0714286 0.0147324
32 0.239955 0.702009 0.0550595 0.015625 0.0145035
0 0.68006 0.311942 0.0892857 0.212054 0.0142822
34 0.895833 0.23298 0.0982143 0.0251116 0.0132217
34 0.886905 0.242327 0.171131 0.0560826 0.0131683
0 0.213542 0.269043 0.0327381 0.0802176 0.012825
0 0.681548 0.331473 0.116071 0.268973 0.0126266
26 0.913691 0.289062 0.0565476 0.0401786 0.0123367
41 0.793155 0.291853 0.0372023 0.0362723 0.0122375
0 0.953869 0.243862 0.0416667 0.0613839 0.0116882
0 0.717262 0.393415 0.0357143 0.0535714 0.0116882
0 0.415923 0.310826 0.181548 0.196429 0.0116425
0 0.187128 0.268903 0.046131 0.0972377 0.0114212
16 0.330357 0.294015 0.0997024 0.142997 0.0113754
32 0.471354 0.39202 0.0558036 0.031808 0.0113297
0 0.956845 0.238002 0.0446428 0.0479911 0.0112915
32 0.245536 0.489397 0.0200893 0.0145089 0.0112457
16 0.214286 0.338728 0.0907738 0.0558036 0.0108566
32 0.482143 0.391183 0.0714286 0.0357143 0.0108185
34 0.86756 0.233817 0.196429 0.0357143 0.0106964
0 0.768601 0.327288 0.0922619 0.173549 0.0106506
24 0.215402 0.351004 0.0885417 0.03125 0.01017
0 0.294271 0.2756 0.0372024 0.0916574 0.0100937
0 0.281994 0.282645 0.0699405 0.116629 0.0100937
29 0.790923 0.285714 0.0327381 0.0245536 0.00989532
0 0.366816 0.268136 0.0357143 0.0736607 0.00948334
25 0.466146 0.209263 0.0446429 0.0412947 0.00923157
0 0.165923 0.247489 0.0319941 0.0485491 0.0091629
0 0.784226 0.305873 0.101191 0.128209 0.0091629
2 0.466146 0.209263 0.0446429 0.0412947 0.00901794
35 0.779762 0.310268 0.0535714 0.0345982 0.00901794
33 0.785714 0.265625 0.0982143 0.0507812 0.00898743
16 0.215402 0.351004 0.0885417 0.03125 0.00898743
0 0.159598 0.25279 0.0401786 0.0658482 0.00878143
0 0.300223 0.265067 0.0327381 0.0597098 0.00874329
0 0.151786 0.24149 0.03125 0.046038 0.00854492
0 0.324405 0.264788 0.0699405 0.0792411 0.00831604
0 0.364583 0.311942 0.0714286 0.195312 0.00812531
0 0.214286 0.338728 0.0907738 0.0558036 0.00809479
35 0.467262 0.470982 0.0922619 0.0524554 0.00803375
29 0.797619 0.272321 0.0714286 0.0502232 0.00800323
33 0.748512 0.320034 0.175595 0.1875 0.00800323
0 0.598958 0.329241 0.325893 0.414621 0.00793457
38 0.831845 0.233398 0.255952 0.0368304 0.00790405
33 0.779762 0.273368 0.116071 0.0604074 0.00766754
0 0.702381 0.279018 0.0580357 0.0552455 0.00763702
38 0.880952 0.230748 0.163691 0.0329241 0.00751877
37 0.581845 0.371582 0.508929 0.390765 0.00751877
34 0.870536 0.233259 0.142857 0.0245536 0.00714874
29 0.779762 0.276786 0.119048 0.061942 0.00712204
11 0.477679 0.410714 0.107143 0.0792411 0.00709534
29 0.793899 0.305804 0.0372024 0.0412946 0.00701141
0 0.297991 0.269252 0.0305059 0.0418527 0.00679779
52 0.791667 0.306362 0.0372024 0.0446429 0.00679779
0 0.542411 0.180559 0.197917 0.127162 0.00679779
25 0.0199033 0.279576 0.0390625 0.0301339 0.00669098
0 0.286458 0.292411 0.0550595 0.101004 0.00661469
0 0.179688 0.24428 0.0238095 0.0477121 0.00643921
34 0.910714 0.247768 0.166667 0.0563616 0.00643921
0 0.217262 0.269461 0.0234375 0.0570592 0.00643921
0 0.491071 0.2726 0.331845 0.272879 0.00621796
0 0.831845 0.299107 0.327381 0.16183 0.00619125
0 0.14974 0.259766 0.0345982 0.0809152 0.00616837
0 0.441592 0.453125 0.185268 0.166853 0.00614548
37 0.418899 0.311105 0.178571 0.194196 0.00602722
25 0.840774 0.242885 0.303571 0.0560826 0.00598145
0 0.0188802 0.275949 0.0377604 0.0496652 0.00593567
0 0.0195313 0.255859 0.0375744 0.0368304 0.005867
35 0.776786 0.309222 0.116071 0.136021 0.00579834
35 0.806548 0.268136 0.0565476 0.0396205 0.00577545
29 0.790179 0.268136 0.0877976 0.0440848 0.00570679
32 0.790923 0.285714 0.0327381 0.0245536 0.00570679
33 0.912947 0.2899 0.0580357 0.0390625 0.00570679
0 0.685826 0.400949 0.28311 0.367746 0.00568771
32 0.791667 0.301339 0.0446428 0.0546875 0.00564194
0 0.225074 0.266183 0.0401786 0.0691964 0.00561905
0 0.0196243 0.24428 0.0372024 0.0571987 0.00559998
0 0.204055 0.265625 0.0494792 0.0915179 0.00542831
0 0.300595 0.271205 0.03125 0.0262277 0.00542831
0 0.21689 0.240234 0.0543155 0.0558036 0.00538635
0 0.750744 0.378906 0.0535714 0.0647321 0.00530243
0 0.207031 0.229911 0.0442708 0.0379464 0.00519943
37 0.512649 0.282436 0.404762 0.256557 0.00516129
33 0.909226 0.292132 0.172619 0.155692 0.0051384
0 0.717262 0.376674 0.0386905 0.0870536 0.00510025
33 0.773066 0.281808 0.123512 0.0797991 0.00510025
33 0.427827 0.312012 0.193452 0.195173 0.00510025
32 0.357143 0.407645 0.0223214 0.0106027 0.00508118
0 0.182292 0.23019 0.0186012 0.0209264 0.00503922
37 0.552827 0.31243 0.450893 0.202148 0.00494385
32 0.793155 0.289621 0.0357143 0.0323661 0.00486755
0 0.333333 0.311872 0.106399 0.180943 0.00481033
0 0.666667 0.243583 0.0803572 0.0898438 0.00477219
35 0.196057 0.337054 0.12872 0.0524554 0.00457382
0 0.941964 0.330078 0.0684524 0.0809152 0.00445175
0 0.965774 0.251953 0.0669643 0.0747768 0.00432968
32 0.436756 0.363281 0.0386905 0.0223214 0.00432968
25 0.748512 0.318359 0.178571 0.186384 0.00432968
24 0.217634 0.351562 0.0353423 0.0279018 0.00424957
25 0.791667 0.259208 0.226191 0.0859375 0.00424957
0 0.217634 0.263672 0.0230655 0.0401786 0.00405502
26 0.217634 0.351562 0.0353423 0.0279018 0.00403976
32 0.247768 0.489397 0.0148809 0.0133928 0.00400543
2 0.43564 0.363281 0.0386905 0.0234375 0.00399017
26 0.215402 0.351004 0.0885417 0.03125 0.00392914
0 0.158482 0.243443 0.0375744 0.0482701 0.00385475
34 0.835566 0.23591 0.245536 0.0393415 0.00385475
41 0.781994 0.303292 0.0580357 0.0524554 0.00370789
53 0.782738 0.302455 0.0595238 0.0524554 0.00367928
54 0.781994 0.303292 0.0580357 0.0524554 0.00365067
0 0.308036 0.284528 0.0379464 0.0592913 0.00362206
25 0.751488 0.297991 0.154762 0.160714 0.00355148
38 0.886905 0.242327 0.171131 0.0560826 0.00353813
35 0.434896 0.489397 0.174851 0.0870536 0.00353813
35 0.785714 0.308036 0.0505953 0.0435268 0.00352478
0 0.218564 0.256417 0.0212053 0.0262277 0.00344276
25 0.740327 0.260045 0.126488 0.0853795 0.00344276
35 0.790179 0.268136 0.0877976 0.0440848 0.00342941
35 0.913691 0.290179 0.0565476 0.0401786 0.00341606
54 0.791667 0.306362 0.0372024 0.0446429 0.00335121
33 0.43936 0.367188 0.209077 0.303013 0.00335121
0 0.74256 0.387556 0.181548 0.336496 0.00328636
24 0.913691 0.289062 0.0565476 0.0401786 0.00327301
33 0.34561 0.313616 0.349702 0.193638 0.00325966
20 0.320685 0.294155 0.129464 0.147182 0.00323486
0 0.0119048 0.241071 0.0234375 0.0505022 0.00322342
24 0.196057 0.337054 0.12872 0.0524554 0.00321007
38 0.0214844 0.280064 0.0364583 0.0269252 0.00318527
0 0.513021 0.196429 0.140625 0.0630581 0.00318527
29 0.913691 0.290179 0.0565476 0.0401786 0.00317192
67 0.514137 0.240513 0.0223214 0.0200893 0.00313568
0 0.563244 0.296387 0.25 0.357003 0.00312424
33 0.840774 0.242885 0.303571 0.0560826 0.00311089
0 0.224702 0.238281 0.0453869 0.0505022 0.00309944
34 0.860491 0.256975 0.279018 0.0809152 0.00309944
0 0.909226 0.292132 0.172619 0.155692 0.00307465
0 0.196987 0.226562 0.0450149 0.0279018 0.0030632
0 0.648996 0.385324 0.181176 0.319754 0.00299263
0 0.239955 0.288225 0.153274 0.147879 0.00298119
0 0.338914 0.291295 0.0461309 0.0870536 0.00292397
0 0.948661 0.261858 0.102679 0.110212 0.00291252
36 0.19494 0.338728 0.129464 0.0569196 0.00288963
0 0.476191 0.196429 0.0639881 0.061942 0.00287819
0 0.289435 0.210938 0.0267857 0.0212054 0.00286674
32 0.512649 0.391462 0.0357143 0.0329241 0.00286674
38 0.844122 0.240095 0.311756 0.0491071 0.0028553
0 0.952381 0.258929 0.0416667 0.0948661 0.00282288
26 0.218564 0.256417 0.0212053 0.0262277 0.00281143
26 0.158296 0.331473 0.0539435 0.0396205 0.00281143
41 0.619048 0.13072 0.0401786 0.0276228 0.00273705
0 0.724702 0.384417 0.119048 0.35505 0.0027256
0 0.302083 0.306083 0.0386905 0.0948661 0.0026207
0 0.204799 0.264369 0.0461309 0.0566406 0.00258064
0 0.981027 0.24428 0.0379464 0.0477121 0.00256157
46 0.784226 0.301897 0.0595238 0.0558036 0.00255013
0 0.268229 0.288504 0.078125 0.114397 0.00252151
0 0.215402 0.351004 0.0885417 0.03125 0.00252151
0 0.737351 0.341797 0.0833333 0.160156 0.00251198
29 0.61756 0.130162 0.0386905 0.0267857 0.00250244
0 0.334821 0.282366 0.0491071 0.0731027 0.00250244
52 0.779762 0.310268 0.0535714 0.0345982 0.00247192
16 0.337054 0.277623 0.0877976 0.110491 0.00244331
67 0.511533 0.243025 0.0238095 0.0217634 0.00243378
26 0.316964 0.299944 0.0282738 0.0440848 0.00242424
0 0.179688 0.25293 0.0241815 0.0332031 0.00239754
32 0.793899 0.305804 0.0372024 0.0412946 0.002388
0 0.202753 0.22433 0.0379464 0.0262277 0.00237846
0 0.195499 0.257673 0.0390625 0.0382255 0.00237846
32 0.618304 0.130162 0.0386905 0.0259487 0.00236893
35 0.823661 0.271833 0.0208333 0.0199498 0.00236893
34 0.933036 0.265067 0.107143 0.0959821 0.00234985
0 0.538319 0.198103 0.189732 0.0669643 0.00234222
77 0.330357 0.294015 0.0997024 0.142997 0.00234222
29 0.239955 0.702009 0.0528274 0.015625 0.00232315
37 0.569568 0.301618 0.49628 0.280692 0.00232315
0 0.340774 0.26423 0.0848214 0.0770089 0.00229645
29 0.478423 0.410714 0.106399 0.0803571 0.00228691
35 0.822917 0.271205 0.0238095 0.0351562 0.00223351
0 0.552083 0.471261 0.227679 0.265067 0.00222588
34 0.909226 0.292132 0.172619 0.155692 0.00221634
0 0.252883 0.308315 0.208519 0.111607 0.00214958
34 0.922619 0.243583 0.125 0.0435268 0.00209999
24 0.158296 0.331473 0.0539435 0.0396205 0.00209999
25 0.773066 0.281808 0.123512 0.0797991 0.00209045
0 0.226563 0.249442 0.0357143 0.0362723 0.00208282
25 0.415179 0.312779 0.184524 0.194754 0.00205803
54 0.779762 0.310268 0.0535714 0.0345982 0.00204277
33 0.752232 0.247628 0.104167 0.0382255 0.00202751
33 0.313616 0.370257 0.482887 0.3125 0.00201988
27 0.784226 0.301897 0.0595238 0.0558036 0.00201035
67 0.507441 0.242327 0.0223214 0.0217634 0.00200272
32 0.0207403 0.26981 0.0373884 0.0507812 0.00200272
0 0.309524 0.2726 0.0342262 0.0552455 0.00194168
0 0.149926 0.272042 0.0520833 0.0909598 0.00190449
32 0.823661 0.271833 0.0208333 0.0199498 0.00184631
35 0.791667 0.306362 0.0372024 0.0446429 0.00184631
16 0.211682 0.345424 0.0818452 0.0424107 0.00179577
0 0.207217 0.249302 0.0491071 0.0443638 0.00178242
0 0.209263 0.280413 0.0386905 0.0641741 0.00178242
35 0.356027 0.407366 0.0245536 0.0122768 0.00177479
0 0.218378 0.233538 0.0372024 0.0460379 0.00176144
0 0.704613 0.344378 0.0565477 0.172852 0.00174141
55 0.784226 0.301897 0.0595238 0.0558036 0.00170708
26 0.166295 0.259068 0.0372024 0.0717076 0.0017004
0 0.508929 0.476005 0.313988 0.217634 0.00166798
34 0.151228 0.267578 0.0353423 0.094308 0.00165462
32 0.62221 0.12793 0.0353422 0.0203683 0.00164223
19 0.330357 0.294015 0.0997024 0.142997 0.00163555
32 0.356399 0.409319 0.0238095 0.015067 0.00162888
33 0.939732 0.293248 0.11756 0.154576 0.00162315
24 0.166295 0.259068 0.0372024 0.0717076 0.00161648
29 0.785714 0.308036 0.0505953 0.0435268 0.00161648
17 0.320685 0.294155 0.129464 0.147182 0.00161076
26 0.783482 0.30106 0.0595238 0.0524554 0.0015974
33 0.886905 0.242327 0.171131 0.0560826 0.0015974
0 0.580729 0.189174 0.0275298 0.0652902 0.00159168
37 0.0199033 0.279576 0.0390625 0.0301339 0.00159168
0 0.229167 0.232422 0.0349702 0.0373884 0.00157928
13 0.745536 0.320871 0.178571 0.199219 0.00157356
37 0.43936 0.367188 0.209077 0.303013 0.00157356
0 0.3125 0.311942 0.0438988 0.0870536 0.00156689
0 0.735119 0.231724 0.0267857 0.0209263 0.00156116
38 0.870536 0.233259 0.142857 0.0245536 0.00156116
0 0.14881 0.258789 0.0297619 0.0650112 0.00154305
33 0.747768 0.247489 0.120536 0.063058 0.00153637
33 0.776786 0.248884 0.0416667 0.0189732 0.00153065
0 0.655506 0.307478 0.177083 0.219866 0.00153065
39 0.791667 0.301339 0.0446428 0.0546875 0.00150681
26 0.226563 0.249442 0.0357143 0.0362723 0.00148964
33 0.0199033 0.279576 0.0390625 0.0301339 0.00148964
24 0.226563 0.352121 0.0625 0.0290179 0.00148392
37 0.831845 0.313895 0.318452 0.196429 0.00148392
26 0.18006 0.254325 0.0275298 0.0337611 0.0014782
26 0.366816 0.268694 0.0327381 0.0731027 0.0014782
0 0.554316 0.400391 0.232143 0.258371 0.0014782
0 0.293899 0.209263 0.0208333 0.0178571 0.00147247
0 0.260045 0.273717 0.110863 0.102679 0.00146675
0 0.342262 0.371373 0.59375 0.330915 0.00146675
38 0.0202753 0.300502 0.0398066 0.12221 0.00146103
0 0.913691 0.288784 0.0580357 0.0407366 0.00145531
0 0.585938 0.386161 0.485863 0.420759 0.853516
32 0.478795 0.410435 0.107143 0.0803571 0.702637
0 0.0184152 0.300502 0.0357143 0.125558 0.690918
0 0.386905 0.211496 0.110119 0.170759 0.668945
0 0.601935 0.179967 0.0803572 0.129464 0.618652
0 0.322917 0.292899 0.0848214 0.142997 0.587891
0 0.199033 0.265904 0.0654762 0.101562 0.585938
0 0.157738 0.265346 0.0416667 0.094308 0.506836
0 0.932292 0.292411 0.101191 0.156808 0.505859
0 0.195313 0.338728 0.127976 0.0569196 0.329346
0 0.155134 0.258371 0.0334821 0.0753348 0.230957
0 0.203869 0.291295 0.0766369 0.157366 0.204956
29 0.0207403 0.280971 0.0385045 0.0301339 0.203125
0 0.738839 0.32394 0.188988 0.229353 0.157349
0 0.200149 0.291016 0.123512 0.151786 0.137573
0 0.299479 0.288504 0.0357143 0.077567 0.124634
0 0.37128 0.251395 0.135417 0.250558 0.12146
0 0.928572 0.314453 0.0922619 0.112165 0.119385
0 0.710007 0.385882 0.187128 0.382255 0.119019
0 0.465774 0.2101 0.0438988 0.0418527 0.111267
0 0.0203683 0.281808 0.0399926 0.0831473 0.108215
29 0.784226 0.301897 0.0595238 0.0558036 0.107422
32 0.459821 0.393973 0.0267857 0.0234375 0.107422
16 0.195685 0.338449 0.12872 0.0574777 0.100891
0 0.165179 0.266462 0.0438988 0.0965402 0.0950317
0 0.365327 0.27846 0.0372024 0.106585 0.0913696
0 0.952381 0.232143 0.0357143 0.0357143 0.0758667
52 0.784226 0.301897 0.0595238 0.0558036 0.0632324
51 0.785714 0.303013 0.0535714 0.0513393 0.0596619
0 0.166295 0.258789 0.0375744 0.0711496 0.0578003
35 0.392857 0.492746 0.0982143 0.0803572 0.0566406
0 0.703125 0.314453 0.0654762 0.213728 0.0563354
51 0.791667 0.306362 0.0357143 0.0435268 0.0514526
32 0.912202 0.290179 0.0595238 0.0396205 0.0484924
41 0.791667 0.301618 0.0446428 0.0546875 0.0451965
33 0.834821 0.260324 0.318452 0.0887277 0.0448608
29 0.793155 0.294643 0.0372023 0.0412946 0.0430298
49 0.785714 0.303013 0.0535714 0.0513393 0.0386047
0 0.325893 0.308036 0.0677083 0.105469 0.0357361
0 0.962798 0.268345 0.0654762 0.107282 0.035675
35 0.782738 0.302455 0.0595238 0.0513393 0.0351562
0 0.170759 0.268415 0.0301339 0.0965402 0.0321655
0 0.694941 0.391741 0.107143 0.297433 0.0307312
32 0.0212054 0.279855 0.0377604 0.0301339 0.0290833
35 0.155134 0.329241 0.0476191 0.0379464 0.0288696
0 0.657552 0.372768 0.134301 0.397321 0.0280151
0 0.159226 0.288016 0.0505953 0.141602 0.0276947
0 0.337054 0.278181 0.0877976 0.111607 0.026413
33 0.831845 0.315011 0.321429 0.198661 0.0236053
34 0.869048 0.231864 0.151786 0.0329241 0.0235138
0 0.350446 0.27002 0.0669643 0.0950056 0.0231476
25 0.834821 0.260324 0.318452 0.0887277 0.0227966
0 0.754464 0.321498 0.160714 0.184012 0.02211
49 0.791667 0.306362 0.0357143 0.0435268 0.0210419
25 0.831845 0.315011 0.321429 0.198661 0.0200958
0 0.993304 0.244559 0.0133928 0.0477121 0.0196381
32 0.239955 0.702009 0.0550595 0.016741 0.0180511
77 0.196057 0.338728 0.127976 0.0569196 0.0179138
0 0.295387 0.280134 0.0372024 0.0909598 0.0175781
0 0.298735 0.281808 0.0327381 0.0591518 0.0165253
0 0.299851 0.286761 0.0401786 0.102818 0.0158997
0 0.744048 0.376674 0.0416667 0.0714286 0.0148392
0 0.721726 0.331752 0.104167 0.247768 0.0148392
34 0.894345 0.23298 0.101191 0.0256696 0.014389
0 0.717262 0.394252 0.0372024 0.0513393 0.0141754
0 0.946429 0.270926 0.0565476 0.114955 0.0141754
34 0.888393 0.240234 0.166667 0.0513393 0.0140076
0 0.68006 0.311942 0.0892857 0.212054 0.0137939
32 0.481771 0.391183 0.0751488 0.0368303 0.0133286
0 0.952381 0.270368 0.0386905 0.112723 0.0132217
0 0.680804 0.330915 0.114583 0.267857 0.01297
41 0.793155 0.294643 0.0372023 0.0412946 0.0127716
32 0.46875 0.392299 0.0505953 0.03125 0.0124283
16 0.328125 0.294573 0.0967262 0.144113 0.011734
0 0.213542 0.268973 0.0334821 0.0803571 0.0113754
0 0.366816 0.268136 0.0357143 0.0736607 0.0109482
2 0.466146 0.209263 0.0446429 0.0412947 0.0108566
25 0.466146 0.209263 0.0446429 0.0412947 0.01017
29 0.791667 0.285714 0.0327381 0.0245536 0.0100555
0 0.767857 0.325963 0.0922619 0.1762 0.0100555
16 0.2141 0.339007 0.0904018 0.0558036 0.00989532
0 0.282738 0.282994 0.0699405 0.117048 0.00989532
0 0.953869 0.24442 0.0416667 0.063058 0.00981903
0 0.415923 0.310547 0.181548 0.196429 0.00981903
24 0.215402 0.351004 0.0885417 0.030692 0.00963593
35 0.467262 0.470982 0.0907738 0.0518973 0.00959778
32 0.245536 0.489397 0.0200893 0.0145089 0.00959778
0 0.186942 0.268694 0.0457589 0.0976562 0.00941467
0 0.958333 0.238421 0.0476191 0.0488281 0.00930023
26 0.913691 0.289062 0.0565476 0.0401786 0.00930023
0 0.594494 0.331752 0.318452 0.417969 0.00898743
38 0.831101 0.233538 0.251488 0.0373884 0.00881195
0 0.300595 0.264788 0.0327381 0.0597098 0.00857544
16 0.215402 0.351004 0.0885417 0.030692 0.0085144
0 0.784226 0.305804 0.101191 0.128348 0.00818634
0 0.324405 0.265067 0.0699405 0.0792411 0.00812531
0 0.165923 0.247489 0.0323661 0.0485491 0.00809479
38 0.872024 0.231445 0.154762 0.0320871 0.00806427
0 0.735863 0.395089 0.190476 0.347098 0.00796509
0 0.151972 0.241629 0.031622 0.046317 0.00793457
0 0.159598 0.253069 0.0409226 0.0664062 0.00787354
0 0.702381 0.279576 0.0580357 0.0541295 0.00784302
0 0.2141 0.339007 0.0904018 0.0558036 0.00784302
0 0.542783 0.180385 0.197173 0.127232 0.00784302
35 0.779762 0.310826 0.0535714 0.0329241 0.0077858
0 0.494792 0.2726 0.319941 0.273438 0.00775528
29 0.793899 0.306362 0.0372024 0.0412946 0.00757599
33 0.786458 0.265765 0.0967262 0.0505022 0.00746155
11 0.477679 0.410714 0.107143 0.0792411 0.00709534
29 0.799107 0.272252 0.0684524 0.0503627 0.00706482
34 0.910714 0.246931 0.169643 0.0546875 0.00698471
0 0.832589 0.29827 0.328869 0.160156 0.00677109
0 0.365327 0.311942 0.0729167 0.194754 0.00671768
33 0.748512 0.319685 0.175595 0.188756 0.00671768
37 0.581845 0.370536 0.508929 0.391741 0.00666809
25 0.0200893 0.279855 0.0390625 0.0295759 0.00661469
0 0.297991 0.269252 0.0305059 0.0412946 0.0064888
33 0.912947 0.2899 0.0580357 0.0390625 0.00638962
52 0.791667 0.306362 0.0357143 0.0435268 0.00638962
0 0.0190662 0.275949 0.0381324 0.0507812 0.00631332
0 0.149926 0.260184 0.0349702 0.0823103 0.00629044
0 0.677083 0.38065 0.291667 0.384905 0.00626373
33 0.779762 0.274065 0.116071 0.0612444 0.00619125
29 0.779762 0.277065 0.119048 0.063058 0.00612259
32 0.791667 0.301618 0.0446428 0.0546875 0.00598145
0 0.217448 0.268903 0.0230655 0.0570591 0.00595856
0 0.179688 0.244141 0.0238095 0.0479911 0.00591278
37 0.418527 0.310756 0.178571 0.194336 0.00591278
34 0.872024 0.232143 0.138393 0.0251116 0.00588989
35 0.806548 0.267857 0.0565476 0.0396205 0.00579834
0 0.751488 0.378348 0.0535714 0.0658482 0.00577545
0 0.441592 0.453125 0.185268 0.167411 0.00559998
0 0.300595 0.271205 0.03125 0.0262277 0.0055542
32 0.791667 0.285714 0.0327381 0.0245536 0.00544739
35 0.776786 0.30964 0.113095 0.1363 0.00534439
35 0.196243 0.337054 0.129092 0.0524554 0.00534439
33 0.425595 0.312221 0.190476 0.195313 0.00534439
0 0.286458 0.29269 0.0550595 0.100446 0.00526047
0 0.717262 0.376953 0.0386905 0.0870536 0.00526047
33 0.907738 0.292132 0.172619 0.155692 0.00518036
29 0.790179 0.268136 0.0863095 0.0440848 0.00508118
0 0.22526 0.266183 0.0398065 0.0680804 0.0050621
0 0.297247 0.260324 0.0282738 0.0530134 0.00500107
0 0.0200893 0.279018 0.0390625 0.125 0.0049057
2 0.43564 0.363281 0.0386905 0.0234375 0.00484848
32 0.357143 0.407924 0.0223214 0.0111607 0.00484848
32 0.793155 0.291853 0.0357143 0.0368304 0.00477219
33 0.770833 0.281808 0.127976 0.0809152 0.00477219
37 0.548363 0.3125 0.441964 0.202009 0.00475693
0 0.941964 0.330357 0.0684524 0.0814732 0.00469971
0 0.0196243 0.24428 0.0373884 0.0571987 0.00468063
0 0.0195313 0.255859 0.0377604 0.0373884 0.00468063
37 0.513021 0.282296 0.404018 0.256836 0.00468063
0 0.666667 0.243583 0.0803572 0.0904018 0.0046463
26 0.217634 0.351562 0.0357143 0.0279018 0.0045929
34 0.839286 0.235212 0.230655 0.0385045 0.00448608
32 0.436756 0.363281 0.0386905 0.0223214 0.00439835
0 0.21689 0.240374 0.0543155 0.0560826 0.00438309
53 0.782738 0.302455 0.0595238 0.0513393 0.00432968
0 0.182292 0.23005 0.0186012 0.0206473 0.00429916
24 0.217634 0.351562 0.0357143 0.0279018 0.00429916
0 0.718006 0.316127 0.0848214 0.208705 0.00428009
25 0.840774 0.242746 0.300595 0.0558036 0.00416565
32 0.247768 0.489397 0.0141369 0.0133928 0.00416565
0 0.207031 0.228934 0.0431548 0.0354353 0.0041008
41 0.782738 0.303571 0.0565477 0.0513393 0.00408554
33 0.866071 0.256138 0.267857 0.0792411 0.00405502
26 0.215402 0.351004 0.0885417 0.030692 0.00399017
0 0.965774 0.252511 0.0684524 0.0758929 0.0039444
0 0.217634 0.262974 0.0230655 0.0393415 0.00390053
38 0.84375 0.239955 0.3125 0.0491071 0.00383949
33 0.787202 0.259068 0.0952381 0.0354353 0.00382423
0 0.307292 0.284598 0.0386905 0.0602679 0.00380898
32 0.512649 0.391183 0.0357143 0.0334821 0.00378036
35 0.434524 0.489397 0.174107 0.0870536 0.00374985
0 0.205543 0.265625 0.046503 0.0909598 0.00370789
29 0.913691 0.290179 0.0565476 0.0396205 0.00367928
54 0.782738 0.303571 0.0565477 0.0513393 0.00367928
0 0.650112 0.386091 0.178943 0.321568 0.00367928
38 0.888393 0.240234 0.166667 0.0513393 0.00365067
54 0.791667 0.306362 0.0357143 0.0435268 0.00363541
0 0.158482 0.243583 0.0379464 0.0485491 0.00353813
37 0.484747 0.334333 0.310268 0.246512 0.00346947
33 0.4375 0.36635 0.205357 0.302455 0.00345612
67 0.514137 0.240513 0.0223214 0.0200893 0.00342941
0 0.565476 0.298549 0.252976 0.361049 0.00341606
0 0.475446 0.19615 0.0639881 0.061942 0.00332451
0 0.21875 0.256278 0.0208333 0.0253906 0.00331116
0 0.239211 0.288016 0.154018 0.149414 0.00329781
0 0.514881 0.196429 0.144345 0.0630581 0.00328636
38 0.0215774 0.280134 0.0364583 0.0273438 0.00327301
35 0.913691 0.290179 0.0565476 0.0396205 0.00327301
0 0.289435 0.210938 0.0267857 0.0212054 0.00323486
25 0.75 0.296805 0.154762 0.158622 0.00318527
0 0.735119 0.342006 0.0803571 0.158622 0.00317192
35 0.790179 0.268136 0.0863095 0.0440848 0.00316048
29 0.61756 0.130162 0.0386905 0.0265067 0.00311089
35 0.787202 0.308315 0.0476191 0.0424107 0.00309944
34 0.866071 0.256138 0.267857 0.0792411 0.00309944
25 0.748512 0.31808 0.178571 0.186942 0.003088
33 0.361235 0.313616 0.314732 0.194196 0.00307465
25 0.739583 0.260324 0.125 0.0853795 0.00305176
33 0.840774 0.242746 0.300595 0.0558036 0.00300407
41 0.619048 0.13058 0.0401786 0.0276228 0.00294685
36 0.195313 0.33817 0.129464 0.0569196 0.00293541
0 0.339286 0.290458 0.0461309 0.0881696 0.00292397
0 0.0200893 0.295271 0.0401786 0.0668248 0.00286674
32 0.619048 0.13058 0.0401786 0.0276228 0.00279999
24 0.196243 0.337054 0.129092 0.0524554 0.00276756
0 0.0119048 0.241071 0.0234375 0.0507812 0.00275803
0 0.290179 0.273368 0.0386905 0.0938895 0.00274658
33 0.782738 0.313895 0.220238 0.185826 0.00273705
0 0.980283 0.244141 0.0394345 0.0485491 0.0027256
26 0.316964 0.301618 0.0282738 0.0407366 0.0027256
77 0.330357 0.294015 0.0997024 0.142997 0.00271416
26 0.15811 0.331473 0.0528274 0.0396205 0.00270462
0 0.225632 0.238281 0.0442708 0.0502232 0.00268364
29 0.239955 0.702009 0.0528274 0.015625 0.0026722
0 0.947173 0.261998 0.105655 0.109933 0.00264168
46 0.784226 0.301897 0.0595238 0.0558036 0.00263214
67 0.511533 0.243025 0.0238095 0.0223214 0.00260162
0 0.907738 0.292132 0.172619 0.155692 0.00260162
24 0.913691 0.289062 0.0565476 0.0401786 0.00257111
0 0.204613 0.26409 0.0461309 0.0566406 0.00254059
0 0.196801 0.226562 0.0446429 0.0279018 0.00252151
16 0.337054 0.278181 0.0877976 0.111607 0.00252151
52 0.779762 0.310826 0.0535714 0.0329241 0.00252151
0 0.215402 0.351004 0.0885417 0.030692 0.00252151
35 0.823661 0.271763 0.0208333 0.0195312 0.0024929
34 0.907738 0.292132 0.172619 0.155692 0.00243378
26 0.21875 0.256278 0.0208333 0.0253906 0.0024147
37 0.569568 0.305804 0.49628 0.287946 0.0024147
32 0.793899 0.306362 0.0372024 0.0412946 0.00240517
34 0.933036 0.265067 0.107143 0.0965402 0.00235939
67 0.507441 0.242467 0.0223214 0.0223214 0.00234985
0 0.334821 0.281529 0.0491071 0.0747768 0.00234985
0 0.252325 0.30964 0.211124 0.109515 0.00231361
0 0.268694 0.288993 0.078683 0.113979 0.00230598
32 0.0208333 0.27002 0.0372024 0.0503627 0.00229645
20 0.321429 0.293597 0.130952 0.147182 0.00228691
0 0.196057 0.256557 0.0375744 0.0354353 0.00224304
0 0.179688 0.253069 0.0241815 0.0329241 0.00223351
0 0.340402 0.26409 0.0855655 0.0772879 0.00222588
35 0.822917 0.271205 0.0238095 0.0351562 0.00220871
54 0.779762 0.310826 0.0535714 0.0329241 0.00220871
34 0.922619 0.241629 0.127976 0.0396205 0.00219154
0 0.150112 0.27281 0.0520833 0.0894252 0.00217438
29 0.478423 0.410714 0.106399 0.0803571 0.00214005
0 0.302083 0.306431 0.0386905 0.0947266 0.00213242
27 0.784226 0.301897 0.0595238 0.0558036 0.00211525
33 0.313616 0.370605 0.469494 0.313477 0.00206757
33 0.751488 0.247489 0.104167 0.0390625 0.00205803
0 0.704613 0.344238 0.0565477 0.173131 0.00201988
0 0.550967 0.473214 0.228423 0.261161 0.00201035
0 0.735119 0.231445 0.0267857 0.0209263 0.00198746
0 0.723214 0.380022 0.116071 0.347098 0.00197983
0 0.521949 0.422503 0.351935 0.351423 0.00194168
32 0.62221 0.12793 0.0353422 0.0203683 0.00192642
0 0.309152 0.272252 0.0342262 0.0559431 0.00191212
33 0.939732 0.293039 0.11756 0.154994 0.00191212
0 0.203125 0.22433 0.0379464 0.0267857 0.00186729
24 0.15811 0.331473 0.0528274 0.0396205 0.00185299
55 0.784226 0.301897 0.0595238 0.0558036 0.00177479
34 0.151228 0.267299 0.0353423 0.0948661 0.00176811
0 0.508557 0.477121 0.313244 0.219866 0.00176144
35 0.356399 0.407366 0.0252976 0.0128348 0.00174809
0 0.227121 0.249721 0.0353423 0.0351562 0.00174141
38 0.0203683 0.281808 0.0399926 0.0831473 0.0017271
0 0.332961 0.310826 0.107143 0.179688 0.0017271
37 0.4375 0.36635 0.205357 0.302455 0.00171375
0 0.206845 0.249442 0.0513393 0.0446429 0.0017004
0 0.293899 0.209124 0.0208333 0.0181362 0.0017004
38 0.0199033 0.303571 0.0386905 0.12779 0.00169373
32 0.823661 0.271763 0.0208333 0.0195312 0.00168705
33 0.747024 0.247628 0.120536 0.0638951 0.00166798
0 0.542783 0.205218 0.198661 0.0890067 0.00166798
26 0.166295 0.258789 0.0375744 0.0711496 0.0016489
32 0.456101 0.395089 0.0342262 0.0290178 0.00164223
25 0.770833 0.281808 0.127976 0.0809152 0.00163555
24 0.166295 0.258789 0.0375744 0.0711496 0.00162888
34 0.747024 0.375 0.0476191 0.0736607 0.00162888
33 0.888393 0.240234 0.166667 0.0513393 0.00162888
32 0.356399 0.409319 0.0238095 0.015067 0.00162315
0 0.208891 0.280762 0.0394345 0.0645926 0.00161648
32 0.524554 0.384208 0.0654762 0.0446429 0.00161076
0 0.647507 0.327497 0.312128 0.341657 0.00157356
33 0.0200893 0.279855 0.0390625 0.0295759 0.00156689
35 0.793899 0.306362 0.0372024 0.0412946 0.00155449
37 0.0200893 0.279855 0.0390625 0.0295759 0.00154877
38 0.866071 0.256138 0.267857 0.0792411 0.00154305
0 0.580729 0.188616 0.0275298 0.0664063 0.00153637
26 0.366816 0.268345 0.0327381 0.0726841 0.00152493
24 0.22619 0.352121 0.063244 0.0290179 0.00150681
32 0.515253 0.384208 0.0461309 0.0429687 0.00148964
25 0.415179 0.312779 0.184524 0.194754 0.00148964
33 0.603051 0.236189 0.078125 0.0382255 0.0014782
37 0.831845 0.315011 0.321429 0.198661 0.0014782
33 0.77753 0.248605 0.0401786 0.0181362 0.00146103
26 0.783482 0.30106 0.0595238 0.0524554 0.00146103
31 0.425595 0.312221 0.190476 0.195313 0.00146103
0 0.58631 0.38623 0.486607 0.420619 0.853516
32 0.478795 0.410435 0.107143 0.0803571 0.729492
0 0.0183222 0.300502 0.0359003 0.125558 0.698242
0 0.386905 0.211496 0.110119 0.170759 0.682617
0 0.601935 0.180106 0.0803572 0.129464 0.640625
0 0.323661 0.293248 0.0892857 0.142299 0.610352
0 0.199033 0.265904 0.0654762 0.101562 0.597168
0 0.933036 0.29248 0.101191 0.157227 0.527344
0 0.157924 0.265346 0.0412946 0.0948661 0.517578
0 0.196243 0.338728 0.128348 0.0569196 0.368408
0 0.155134 0.25865 0.0334821 0.0764509 0.222046
0 0.204055 0.291295 0.0770089 0.157366 0.214722
29 0.0208333 0.280971 0.0383185 0.0301339 0.204346
0 0.738095 0.373814 0.190476 0.329381 0.193115
0 0.200335 0.291016 0.12314 0.151786 0.132935
32 0.459821 0.393973 0.0267857 0.0234375 0.123352
0 0.709821 0.38644 0.1875 0.383371 0.119629
0 0.299479 0.288504 0.0357143 0.077567 0.119202
0 0.929316 0.313337 0.09375 0.114397 0.119202
0 0.465774 0.2101 0.0438988 0.0412946 0.117188
0 0.372024 0.251535 0.134673 0.251395 0.115967
0 0.0204613 0.277623 0.0398066 0.0753348 0.110657
29 0.784226 0.301897 0.0595238 0.0558036 0.107422
0 0.365327 0.27846 0.0372024 0.107143 0.0974121
16 0.195685 0.338449 0.12872 0.0574777 0.0950317
35 0.392857 0.492746 0.0982143 0.0803572 0.0742188
0 0.952381 0.232143 0.0357143 0.0357143 0.0709229
0 0.703869 0.314802 0.0654762 0.214146 0.0595398
51 0.786458 0.303013 0.0520833 0.0507812 0.0548096
0 0.166295 0.258929 0.0372024 0.0719866 0.0534973
52 0.784226 0.301897 0.0595238 0.0558036 0.0514526
51 0.791667 0.30692 0.0357143 0.0435268 0.0476074
32 0.912202 0.290179 0.0595238 0.0396205 0.0440063
29 0.793155 0.29548 0.0372023 0.0435268 0.0433655
41 0.791667 0.301618 0.0446428 0.0546875 0.0430298
35 0.782738 0.302734 0.0595238 0.0513393 0.0396423
0 0.962798 0.268415 0.0654762 0.107701 0.0360718
0 0.690476 0.407645 0.0952381 0.311942 0.0358887
49 0.786458 0.303013 0.0520833 0.0507812 0.0352783
33 0.834821 0.259487 0.318452 0.0876116 0.033844
0 0.170759 0.268415 0.0305059 0.0970982 0.0324097
35 0.155134 0.329241 0.0479911 0.0379464 0.0321045
0 0.325893 0.308105 0.0684524 0.105887 0.0316162
0 0.158482 0.286761 0.0491072 0.138532 0.0299835
0 0.655506 0.374442 0.129464 0.395089 0.0299835
32 0.0212984 0.279855 0.0377604 0.0301339 0.0288696
0 0.75372 0.32115 0.160714 0.189732 0.0282135
34 0.869048 0.231724 0.14881 0.0329241 0.0258636
0 0.33631 0.275391 0.09375 0.109933 0.0238647
32 0.239955 0.702009 0.0550595 0.016741 0.0226288
0 0.350446 0.270368 0.0669643 0.0954241 0.0222015
25 0.834821 0.259487 0.318452 0.0876116 0.0206451
49 0.791667 0.30692 0.0357143 0.0435268 0.0192719
0 0.993304 0.24442 0.0133928 0.0479911 0.0187988
0 0.744048 0.376674 0.0416667 0.0714286 0.0173035
34 0.895089 0.23298 0.0997024 0.0256696 0.0170441
0 0.295015 0.279646 0.0372024 0.0913784 0.0170441
77 0.196243 0.338728 0.128348 0.0569196 0.016983
33 0.830357 0.315569 0.321429 0.200335 0.016922
32 0.482143 0.391183 0.0758929 0.0368303 0.0165863
25 0.830357 0.315569 0.321429 0.200335 0.0165863
0 0.298735 0.281529 0.0327381 0.0591518 0.0161591
34 0.888393 0.239118 0.166667 0.0491071 0.0152512
0 0.725446 0.331962 0.108631 0.247907 0.0147324
0 0.717262 0.393973 0.0372024 0.0518973 0.0143356
0 0.300595 0.286551 0.0424107 0.106027 0.0142822
0 0.68006 0.312779 0.0892857 0.21317 0.0142288
2 0.466146 0.209263 0.0446429 0.0418527 0.0137939
0 0.68006 0.331752 0.113095 0.269531 0.0136337
0 0.946429 0.272042 0.0565476 0.116629 0.0135345
32 0.469866 0.392299 0.0528274 0.03125 0.0130692
35 0.467262 0.470982 0.0907738 0.0513393 0.0124283
41 0.793155 0.29548 0.0372023 0.0435268 0.0120087
0 0.366816 0.268136 0.0357143 0.0742188 0.0119629
0 0.952381 0.270368 0.0386905 0.113281 0.0115967
32 0.245536 0.489397 0.0200893 0.0145089 0.0106506
0 0.767857 0.325265 0.0922619 0.177595 0.0105286
0 0.213728 0.268694 0.0331101 0.0803571 0.0104065
25 0.466146 0.209263 0.0446429 0.0418527 0.0103683
0 0.784226 0.305804 0.0997024 0.128348 0.0100937
29 0.791667 0.285714 0.0327381 0.0245536 0.00967407
0 0.282738 0.282645 0.0714286 0.117746 0.00959778
38 0.831101 0.233538 0.248512 0.0373884 0.00955963
0 0.591518 0.333426 0.306548 0.417969 0.00955963
24 0.215774 0.351004 0.0885417 0.03125 0.00948334
0 0.688988 0.382882 0.269345 0.388253 0.00933838
0 0.415923 0.310547 0.181548 0.196429 0.00926971
16 0.328125 0.294573 0.0967262 0.144113 0.00919342
0 0.494048 0.273438 0.319941 0.271205 0.00919342
35 0.779018 0.311105 0.0520833 0.0323661 0.00912476
16 0.213914 0.338728 0.0907738 0.0558036 0.00874329
0 0.956845 0.238281 0.0476191 0.0485491 0.0086441
0 0.953869 0.244699 0.0416667 0.063058 0.00861359
38 0.872024 0.231445 0.151786 0.0320871 0.00854492
34 0.909226 0.245536 0.169643 0.0524554 0.00847626
0 0.186756 0.268694 0.0453869 0.0976562 0.00847626
0 0.300595 0.264509 0.0327381 0.0602679 0.00837708
0 0.702381 0.284528 0.0550595 0.0447824 0.00837708
0 0.327009 0.274484 0.0677083 0.102818 0.008255
0 0.213914 0.338728 0.0907738 0.0558036 0.00790405
26 0.913691 0.289062 0.0565476 0.0401786 0.00787354
0 0.542783 0.18049 0.197173 0.127302 0.0077858
16 0.215774 0.351004 0.0885417 0.03125 0.00775528
0 0.151972 0.241629 0.031622 0.046317 0.00731659
29 0.793899 0.306362 0.0372024 0.0401786 0.00725937
11 0.478051 0.410714 0.106399 0.0792411 0.00725937
0 0.165923 0.247628 0.0323661 0.0488281 0.00723267
33 0.786458 0.265625 0.0967262 0.0507812 0.0069046
0 0.751488 0.378348 0.0535714 0.0658482 0.0068779
0 0.364955 0.311663 0.0729167 0.195312 0.0068779
33 0.913691 0.2899 0.0565476 0.0390625 0.00666809
0 0.159598 0.253348 0.0409226 0.0669643 0.0064888
0 0.44122 0.453404 0.184524 0.166853 0.0064621
0 0.297991 0.268903 0.0305059 0.0414341 0.00641251
32 0.791667 0.301618 0.0446428 0.0546875 0.00629044
2 0.435268 0.363281 0.0386905 0.0234375 0.00621796
29 0.799107 0.272321 0.0684524 0.0507812 0.00616837
35 0.806548 0.267927 0.0565476 0.0400391 0.00614548
0 0.14974 0.260603 0.0353423 0.0842634 0.00612259
0 0.832589 0.298549 0.330357 0.161272 0.00612259
0 0.0191592 0.275391 0.0383185 0.0507812 0.00602722
25 0.0200893 0.279855 0.0390625 0.0295759 0.00602722
33 0.779762 0.274065 0.116071 0.0623605 0.00595856
29 0.779762 0.277972 0.119048 0.0645926 0.00584412
0 0.0200893 0.279576 0.0390625 0.126116 0.00577545
0 0.717262 0.376674 0.0386905 0.0870536 0.00572968
32 0.791667 0.285714 0.0327381 0.0245536 0.00568771
37 0.581845 0.370536 0.508929 0.391741 0.00561905
0 0.217448 0.268903 0.0230655 0.0559431 0.00548935
0 0.179688 0.244141 0.0238095 0.0479911 0.00544739
0 0.666667 0.243583 0.0803572 0.0904018 0.00530243
33 0.425223 0.312221 0.189732 0.195313 0.00530243
0 0.300595 0.271136 0.03125 0.0258091 0.00527954
52 0.791667 0.30692 0.0357143 0.0435268 0.00527954
0 0.286458 0.292341 0.0550595 0.100586 0.00524139
34 0.842262 0.235073 0.221726 0.0379464 0.00524139
32 0.793155 0.292411 0.0357143 0.0379464 0.00519943
0 0.0197173 0.244141 0.0375744 0.0574777 0.00510025
32 0.247768 0.489397 0.0148809 0.0128348 0.00510025
37 0.418527 0.311105 0.178571 0.194754 0.00503922
35 0.77753 0.309989 0.114583 0.137835 0.00500107
0 0.22526 0.266183 0.0398065 0.0680804 0.0049057
32 0.357143 0.407924 0.0223214 0.0111607 0.00488663
0 0.0195313 0.255301 0.0379464 0.0385045 0.00486755
26 0.217634 0.351562 0.0357143 0.0279018 0.00471878
35 0.196429 0.337054 0.129464 0.0524554 0.00466537
0 0.297247 0.260045 0.0282738 0.0524554 0.0046463
33 0.909226 0.292132 0.172619 0.155692 0.00452042
33 0.747024 0.319266 0.177083 0.189593 0.00450516
24 0.217634 0.351562 0.0357143 0.0279018 0.00441742
32 0.436756 0.363281 0.0386905 0.0223214 0.00441742
34 0.880952 0.232143 0.147321 0.0262277 0.00439835
37 0.513021 0.284668 0.396577 0.253209 0.00439835
0 0.717262 0.315011 0.0803572 0.211496 0.00432968
29 0.790179 0.267927 0.0863095 0.0445034 0.00428009
0 0.941964 0.330078 0.0684524 0.0814732 0.00426483
38 0.84375 0.239955 0.311012 0.0491071 0.00418091
0 0.21689 0.240374 0.0543155 0.0560826 0.00415039
32 0.513021 0.391741 0.0349703 0.0334822 0.00411606
37 0.545387 0.31243 0.436012 0.201032 0.0041008
0 0.653088 0.386719 0.172991 0.323661 0.00407028
0 0.703125 0.275391 0.0550595 0.0658482 0.00400543
35 0.434152 0.489397 0.173363 0.0870536 0.00395966
38 0.0216704 0.280134 0.0362723 0.0273438 0.0039444
26 0.215774 0.351004 0.0885417 0.03125 0.00390053
0 0.182106 0.23019 0.0186012 0.0206473 0.00387001
41 0.782738 0.304129 0.0565477 0.0502232 0.00385475
0 0.207589 0.229074 0.0435268 0.0359933 0.00382423
35 0.787202 0.308594 0.0476191 0.0424107 0.00382423
33 0.767857 0.282087 0.130952 0.0831473 0.00378036
0 0.965774 0.252511 0.0684524 0.0764509 0.00374985
0 0.515625 0.196429 0.144345 0.0630581 0.00374985
0 0.518973 0.423549 0.345982 0.34933 0.00372124
0 0.217634 0.262556 0.0230655 0.0379464 0.00370789
35 0.913691 0.290179 0.0565476 0.0396205 0.00363541
67 0.514137 0.240513 0.0223214 0.0200893 0.0036068
0 0.307292 0.28404 0.0386905 0.0608259 0.0036068
53 0.782738 0.302734 0.0595238 0.0513393 0.0036068
33 0.869792 0.256557 0.260417 0.0806361 0.0036068
0 0.476191 0.19601 0.0647321 0.062221 0.00356483
38 0.888393 0.239118 0.166667 0.0491071 0.00352478
25 0.839286 0.242746 0.297619 0.0563616 0.00348282
29 0.913691 0.290179 0.0565476 0.0396205 0.00345612
33 0.436756 0.367746 0.205357 0.305804 0.00344276
33 0.787202 0.258371 0.0952381 0.0340402 0.00341606
34 0.869792 0.256557 0.260417 0.0806361 0.00338936
29 0.61756 0.130301 0.0386905 0.0267857 0.00336266
25 0.788691 0.259208 0.223214 0.0864955 0.00333786
0 0.206287 0.265625 0.0450149 0.0909598 0.00329781
0 0.238932 0.287946 0.154576 0.149554 0.00325966
0 0.158296 0.243583 0.0379464 0.0485491 0.00324821
35 0.790179 0.267927 0.0863095 0.0445034 0.00323486
0 0.21875 0.256417 0.0208333 0.0251116 0.00322342
32 0.619048 0.13058 0.0401786 0.0276228 0.00318527
29 0.24042 0.702009 0.0533854 0.015625 0.00311089
25 0.75 0.297712 0.151786 0.160714 0.00307465
0 0.736607 0.342355 0.0803571 0.15904 0.0030632
54 0.791667 0.30692 0.0357143 0.0435268 0.00299263
41 0.619048 0.13058 0.0401786 0.0276228 0.0029583
36 0.195127 0.33817 0.129836 0.0569196 0.0029583
0 0.0119048 0.241071 0.0238095 0.0507812 0.00294685
37 0.463542 0.332031 0.267857 0.241071 0.00288963
0 0.289435 0.211077 0.0267857 0.0214844 0.00287819
25 0.739583 0.260045 0.125 0.0853795 0.00286674
0 0.909226 0.292132 0.172619 0.155692 0.00281143
67 0.511533 0.243164 0.0238095 0.0220424 0.00277901
0 0.289807 0.273159 0.0386905 0.0954241 0.00273705
35 0.823661 0.271763 0.0208333 0.0195312 0.0027256
54 0.782738 0.304129 0.0565477 0.0502232 0.0027256
0 0.22619 0.238281 0.0431548 0.0499442 0.00269318
0 0.981027 0.244141 0.0379464 0.0485491 0.00268364
32 0.793899 0.306362 0.0372024 0.0401786 0.00266266
26 0.316964 0.302455 0.0282738 0.0390625 0.0026207
0 0.0202753 0.295201 0.0401786 0.0664062 0.00260162
34 0.909226 0.292132 0.172619 0.155692 0.00260162
33 0.839286 0.242746 0.297619 0.0563616 0.00258064
0 0.339286 0.290179 0.0461309 0.0887277 0.00255013
34 0.921875 0.240513 0.126488 0.0373884 0.00250244
34 0.932292 0.264788 0.105655 0.0970982 0.00250244
67 0.507441 0.242606 0.0223214 0.0226004 0.00248146
37 0.570312 0.307966 0.49628 0.291434 0.00247192
0 0.215774 0.351004 0.0885417 0.03125 0.00243378
0 0.735119 0.231306 0.0267857 0.0206473 0.00242424
0 0.268229 0.288574 0.078869 0.114816 0.0024147
46 0.784226 0.301897 0.0595238 0.0558036 0.0024147
0 0.204985 0.26409 0.0461309 0.0560826 0.00239754
24 0.913691 0.289062 0.0565476 0.0401786 0.002388
77 0.329985 0.294085 0.0997024 0.143415 0.002388
0 0.947173 0.261998 0.105655 0.109933 0.00237846
25 0.747024 0.317453 0.18006 0.18764 0.00237846
0 0.251488 0.30964 0.212798 0.109515 0.00234222
33 0.751488 0.246931 0.107143 0.0407366 0.00229645
35 0.822917 0.271205 0.0238095 0.0351562 0.00229645
32 0.0209263 0.270089 0.0372024 0.0502232 0.00228691
26 0.158482 0.331473 0.0543155 0.0401786 0.00228691
0 0.150298 0.272321 0.0520833 0.0904018 0.00228691
0 0.196801 0.226562 0.0446429 0.0279018 0.00226021
0 0.705357 0.344308 0.0565476 0.174107 0.00226021
16 0.337054 0.27853 0.0877976 0.112584 0.00225258
0 0.71503 0.31243 0.205357 0.208845 0.00222588
32 0.622768 0.12779 0.0342262 0.0200893 0.00219154
26 0.21875 0.256417 0.0208333 0.0251116 0.00218201
29 0.478795 0.410993 0.106399 0.0797991 0.00218201
0 0.340774 0.263951 0.0848214 0.0770089 0.00216484
0 0.33631 0.285993 0.0461309 0.0625 0.0020752
27 0.784226 0.301897 0.0595238 0.0558036 0.0020752
24 0.196429 0.337054 0.129464 0.0524554 0.00204277
35 0.356399 0.407645 0.0245536 0.0128348 0.00202751
0 0.179688 0.253069 0.0241815 0.0329241 0.00201988
0 0.196243 0.256138 0.0368303 0.0345982 0.00201035
0 0.302083 0.306431 0.0386905 0.0947266 0.0019722
0 0.551711 0.473493 0.225446 0.260603 0.00194168
33 0.326637 0.370536 0.4375 0.314174 0.00191879
38 0.0204613 0.277623 0.0398066 0.0753348 0.00189686
0 0.721726 0.381696 0.116071 0.350446 0.00188923
52 0.779018 0.311105 0.0520833 0.0323661 0.00186062
34 0.151228 0.266741 0.0353423 0.0959821 0.00184631
33 0.747024 0.247907 0.120536 0.0644531 0.00183105
0 0.508557 0.476562 0.311756 0.217634 0.00182438
0 0.309152 0.271763 0.0342262 0.0574777 0.0018177
33 0.59747 0.234933 0.0654762 0.0368304 0.0018034
38 0.0199033 0.303571 0.0386905 0.12779 0.00176811
35 0.793899 0.306362 0.0372024 0.0401786 0.00173378
0 0.227307 0.249721 0.0349702 0.0354353 0.00170708
0 0.203311 0.22433 0.0379464 0.0267857 0.00166798
32 0.456101 0.395089 0.0342262 0.0290178 0.00166798
24 0.158482 0.331473 0.0543155 0.0401786 0.0016613
0 0.648066 0.333078 0.303571 0.348354 0.0016613
32 0.478423 0.419085 0.0840774 0.0602679 0.00162888
0 0.207217 0.249442 0.0513393 0.0446429 0.00162315
0 0.834821 0.33231 0.330357 0.230469 0.00162315
0 0.542783 0.205078 0.198661 0.0892857 0.00161648
2 0.735119 0.231306 0.0267857 0.0206473 0.00161076
0 0.727679 0.234654 0.0357143 0.0279018 0.00160408
32 0.524554 0.384208 0.0654762 0.0446429 0.00158501
32 0.823661 0.271763 0.0208333 0.0195312 0.00157356
0 0.46689 0.201172 0.0476191 0.0518973 0.00156689
54 0.779018 0.311105 0.0520833 0.0323661 0.00156689
0 0.293899 0.208984 0.0208333 0.0178571 0.00156689
0 0.544643 0.257673 0.205357 0.2726 0.00156689
33 0.0200893 0.279855 0.0390625 0.0295759 0.00155449
32 0.514881 0.384208 0.0446429 0.0429687 0.00154305
37 0.436756 0.367746 0.205357 0.305804 0.00154305
33 0.888393 0.239118 0.166667 0.0491071 0.00153637
35 0.952381 0.231306 0.0357143 0.0329241 0.00153065
0 0.478795 0.410714 0.105655 0.0803571 0.00153065
26 0.166295 0.258929 0.0372024 0.0719866 0.00152493
0 0.580357 0.188616 0.0282738 0.0666853 0.0015192
24 0.226563 0.352121 0.063244 0.0290179 0.0015192
26 0.783482 0.30106 0.0595238 0.0524554 0.00151253
34 0.747024 0.375 0.0476191 0.0736607 0.00151253
38 0.869792 0.256557 0.260417 0.0806361 0.00150108
33 0.940476 0.292969 0.119048 0.155134 0.00150108
38 0.0209263 0.270089 0.0372024 0.0502232 0.00148964
29 0.327381 0.23019 0.0372024 0.0145089 0.00148392
38 0.913691 0.290179 0.0595238 0.0390625 0.0014782
32 0.80506 0.226284 0.0208333 0.0128348 0.00146675
24 0.166295 0.258929 0.0372024 0.0719866 0.00146103
26 0.366816 0.268694 0.0327381 0.0731027 0.00145531
33 0.778274 0.248326 0.0386904 0.0178571 0.00144958
0 0.58631 0.38623 0.486607 0.420619 0.858398
32 0.478795 0.410714 0.107143 0.0803571 0.762207
0 0.0199033 0.301339 0.0383185 0.126116 0.712891
0 0.386905 0.211775 0.110119 0.171317 0.706543
0 0.601935 0.180211 0.0803572 0.129534 0.685059
0 0.322917 0.293248 0.0877976 0.142299 0.645996
0 0.199033 0.266183 0.0654762 0.101004 0.632324
0 0.933036 0.292132 0.101191 0.157366 0.559082
0 0.157738 0.265765 0.0409226 0.0951451 0.544922
0 0.196243 0.338728 0.128348 0.0569196 0.452393
0 0.738095 0.378906 0.190476 0.339286 0.230957
0 0.203125 0.291853 0.0744048 0.157366 0.222656
0 0.154948 0.259347 0.0334821 0.077288 0.216675
0 0.18936 0.266462 0.0498512 0.0987723 0.181885
29 0.0208333 0.280971 0.0383185 0.0301339 0.177856
0 0.929316 0.311942 0.09375 0.117188 0.1427
0 0.299107 0.287109 0.0357143 0.0820312 0.138916
32 0.459821 0.393973 0.0267857 0.0234375 0.134766
0 0.465774 0.21024 0.0446429 0.0421317 0.123352
0 0.365327 0.278181 0.0372024 0.107701 0.118408
0 0.710007 0.387207 0.187128 0.384068 0.118408
0 0.373512 0.251674 0.13244 0.251674 0.11615
0 0.165737 0.266741 0.0427828 0.0965402 0.105408
29 0.784226 0.301897 0.0595238 0.0558036 0.101562
35 0.392485 0.492746 0.0974703 0.0803572 0.0900879
0 0.196243 0.291783 0.132813 0.149693 0.0899048
16 0.195685 0.338728 0.12872 0.0569196 0.0817871
0 0.952381 0.232282 0.0357143 0.0357143 0.0783691
0 0.703869 0.31529 0.0654762 0.214286 0.0647583
0 0.166667 0.259766 0.0364583 0.0731027 0.0525208
35 0.782738 0.303013 0.0595238 0.0513393 0.0477905
0 0.962798 0.268485 0.0654762 0.108119 0.0455322
0 0.689732 0.408412 0.0952381 0.311523 0.0450134
0 0.941964 0.291574 0.0714286 0.154018 0.044281
51 0.787202 0.303013 0.0505952 0.0502232 0.0422363
41 0.791667 0.301618 0.0446428 0.0541295 0.0414734
0 0.170573 0.268415 0.030506 0.0970982 0.0406799
51 0.791667 0.30692 0.0357143 0.0424107 0.0406799
0 0.963542 0.288574 0.0684524 0.149414 0.0396423
0 0.75372 0.320801 0.162202 0.194336 0.0381165
29 0.793155 0.294643 0.0357143 0.0418527 0.0379028
52 0.784226 0.301897 0.0595238 0.0558036 0.0362244
0 0.654018 0.375558 0.125 0.391741 0.032959
35 0.155134 0.328962 0.0476191 0.0373884 0.0325928
32 0.912202 0.290179 0.0595238 0.0396205 0.0321045
33 0.833333 0.25851 0.316964 0.0851004 0.0313721
0 0.325893 0.308036 0.0684524 0.106027 0.02948
49 0.787202 0.303013 0.0505952 0.0502232 0.0293121
34 0.869048 0.231585 0.150298 0.0329241 0.0282135
0 0.33631 0.275112 0.09375 0.109933 0.0278473
32 0.239955 0.702009 0.0550595 0.015625 0.0265503
32 0.0212984 0.279855 0.0377604 0.0301339 0.0261536
25 0.833333 0.25851 0.316964 0.0851004 0.0256653
0 0.993304 0.244559 0.0133928 0.0477121 0.0227661
0 0.744048 0.376953 0.0416667 0.0714286 0.0226746
0 0.351191 0.26981 0.0639881 0.0954241 0.0208893
32 0.482143 0.390904 0.0758929 0.0368304 0.0208893
0 0.298735 0.281738 0.0327381 0.0615234 0.0207672
34 0.895833 0.23284 0.0982143 0.0253906 0.0194244
25 0.830357 0.315569 0.318452 0.200335 0.018692
0 0.294643 0.279088 0.0357143 0.0913784 0.0180511
0 0.946429 0.2726 0.0565476 0.117746 0.0177765
2 0.466146 0.209263 0.0446429 0.0418527 0.0173035
77 0.196243 0.338728 0.128348 0.0569196 0.0170441
49 0.791667 0.30692 0.0357143 0.0424107 0.0165253
0 0.717262 0.393694 0.0372024 0.0530134 0.0164032
0 0.679316 0.314104 0.0907738 0.215541 0.0156021
0 0.366816 0.268485 0.0357143 0.0746373 0.0155411
33 0.830357 0.315569 0.318452 0.200335 0.0152512
32 0.471354 0.39202 0.0558036 0.031808 0.0147324
34 0.889881 0.239676 0.166667 0.0507813 0.0144501
0 0.776786 0.324498 0.113095 0.175781 0.0144501
0 0.724702 0.33231 0.107143 0.24721 0.0142822
0 0.679316 0.33231 0.111607 0.270647 0.0142288
0 0.785714 0.305734 0.0982143 0.128488 0.0141144
35 0.467634 0.470703 0.0900298 0.0513393 0.014061
0 0.701079 0.400391 0.25558 0.367746 0.0137939
0 0.952381 0.270647 0.0386905 0.113281 0.0136337
32 0.245536 0.489397 0.0200893 0.0139509 0.0135345
0 0.213914 0.268415 0.0327381 0.0803571 0.0123825
35 0.778274 0.311384 0.0505952 0.03125 0.0115967
0 0.282738 0.282296 0.0699405 0.117327 0.0115509
33 0.833333 0.284319 0.324405 0.136719 0.0113754
41 0.793155 0.294643 0.0357143 0.0418527 0.0110321
0 0.764881 0.337542 0.0907738 0.151925 0.0109482
24 0.215774 0.351004 0.0885417 0.03125 0.0106125
25 0.466146 0.209263 0.0446429 0.0418527 0.0105667
34 0.910714 0.244699 0.166667 0.0507812 0.0105286
0 0.591518 0.333636 0.291667 0.41197 0.0102081
0 0.956101 0.237723 0.0446429 0.046875 0.0100555
0 0.702381 0.283761 0.0550595 0.046875 0.0100098
0 0.492188 0.276507 0.323661 0.265067 0.00974274
0 0.415923 0.310547 0.181548 0.196429 0.00963593
29 0.790923 0.285714 0.0327381 0.0245536 0.00923157
0 0.300595 0.263672 0.03125 0.0602679 0.0091629
0 0.324405 0.264509 0.0684524 0.078125 0.00837708
0 0.751488 0.378627 0.0535714 0.0658482 0.00831604
2 0.435268 0.363281 0.0386905 0.0234375 0.00812531
38 0.830357 0.233677 0.25 0.0379464 0.00790405
33 0.785714 0.265625 0.0982143 0.0507812 0.00763702
0 0.364583 0.311454 0.0714286 0.196289 0.00757599
0 0.717262 0.376395 0.0386905 0.0881696 0.00746155
11 0.478051 0.410435 0.106399 0.078683 0.00737381
0 0.441592 0.453404 0.185268 0.166853 0.00731659
38 0.870536 0.231306 0.154762 0.0323661 0.00706482
0 0.297619 0.268973 0.0297619 0.0429688 0.00703812
26 0.913691 0.289062 0.0565476 0.0401786 0.00703812
32 0.791667 0.301618 0.0446428 0.0541295 0.0068779
34 0.872024 0.232143 0.136905 0.0251116 0.0068512
0 0.165923 0.247489 0.0319941 0.0485491 0.00682449
33 0.779762 0.273996 0.116071 0.0625 0.00679779
16 0.215774 0.351004 0.0885417 0.03125 0.00674438
0 0.151786 0.241071 0.03125 0.0452009 0.00671768
32 0.790923 0.285714 0.0327381 0.0245536 0.00666809
29 0.793899 0.306641 0.0357143 0.0396205 0.00666809
0 0.0200893 0.278948 0.0394345 0.12514 0.00666809
0 0.217448 0.269252 0.0234375 0.0563616 0.00664139
35 0.806548 0.267927 0.0565476 0.0400391 0.00664139
33 0.913691 0.290179 0.0565476 0.0390625 0.00641251
0 0.706101 0.340681 0.0818452 0.237165 0.00638962
25 0.833333 0.284319 0.324405 0.136719 0.00634003
0 0.0197173 0.244141 0.0375744 0.0574777 0.00619125
32 0.793155 0.290737 0.0357143 0.0345982 0.00619125
0 0.666667 0.243583 0.0803572 0.0898438 0.00609589
32 0.247768 0.489397 0.0148809 0.0128348 0.00600433
0 0.300595 0.270926 0.03125 0.0262277 0.00582123
0 0.0190662 0.275112 0.0381324 0.0518973 0.00582123
0 0.225074 0.265904 0.0401786 0.0691964 0.00579834
0 0.149554 0.260882 0.0357143 0.0848214 0.00577545
0 0.21317 0.34096 0.0840774 0.0524554 0.00570679
0 0.542783 0.180804 0.197173 0.128069 0.00570679
33 0.424479 0.312221 0.188244 0.195313 0.00568771
25 0.0200893 0.279576 0.0390625 0.0301339 0.00561905
16 0.329613 0.293806 0.0982143 0.143415 0.0055542
29 0.799107 0.272391 0.0669643 0.0511998 0.00548935
34 0.840774 0.235212 0.22619 0.0379464 0.00547028
0 0.833333 0.296247 0.330357 0.157506 0.00540543
0 0.0196243 0.254325 0.0379464 0.0404576 0.0053215
0 0.296875 0.259487 0.0282738 0.0513393 0.00521851
26 0.218006 0.351562 0.0345982 0.0279018 0.00519943
29 0.779762 0.277344 0.11756 0.0636161 0.0051384
24 0.218006 0.351562 0.0345982 0.0279018 0.0051384
0 0.159598 0.253488 0.0409226 0.0672433 0.0050621
35 0.786458 0.308594 0.0476191 0.0424107 0.00502014
37 0.580729 0.370257 0.505208 0.391183 0.00502014
0 0.179688 0.244141 0.0238095 0.0479911 0.00500107
0 0.205729 0.265485 0.046131 0.0923549 0.0049057
67 0.514137 0.240234 0.0223214 0.0195312 0.00484848
32 0.436756 0.363281 0.0386905 0.0223214 0.00477219
0 0.518229 0.426897 0.344494 0.342634 0.00477219
0 0.217262 0.240095 0.0535714 0.0555246 0.00475693
32 0.357143 0.407645 0.0223214 0.0106027 0.00475693
0 0.207961 0.229074 0.0438988 0.0362723 0.00473785
0 0.716518 0.314453 0.0788691 0.21317 0.0046463
0 0.286458 0.292341 0.0543155 0.100586 0.00457382
52 0.791667 0.30692 0.0357143 0.0424107 0.00432968
32 0.513393 0.391462 0.0357143 0.0334821 0.00431442
37 0.512649 0.288784 0.388393 0.244978 0.00429916
0 0.514881 0.196568 0.142857 0.062779 0.00426483
37 0.418155 0.311105 0.178571 0.194196 0.00419998
35 0.434152 0.489397 0.173363 0.0870536 0.00415039
38 0.0216704 0.280064 0.0362723 0.0269252 0.00411606
0 0.217634 0.263672 0.0234375 0.0396205 0.0041008
33 0.90997 0.291922 0.169643 0.156111 0.00403976
29 0.618304 0.130301 0.0386905 0.0270647 0.0039444
0 0.941964 0.329799 0.0684524 0.0814732 0.0039444
0 0.703125 0.273717 0.0550595 0.0691964 0.00392914
26 0.215774 0.351004 0.0885417 0.03125 0.00390053
32 0.619048 0.13058 0.0401786 0.0279018 0.00387001
0 0.965774 0.252372 0.0684524 0.0756139 0.00385475
35 0.778274 0.310338 0.113095 0.139369 0.00382423
67 0.511905 0.243025 0.0238095 0.0217634 0.00378036
16 0.209077 0.339844 0.0863095 0.0524554 0.00376511
29 0.790179 0.267927 0.0863095 0.0445034 0.00374985
0 0.656994 0.387556 0.165179 0.323103 0.00374985
0 0.182292 0.229911 0.0186012 0.0206473 0.00370789
33 0.436756 0.368234 0.203869 0.307059 0.00370789
0 0.476191 0.19615 0.0654762 0.061942 0.00366402
35 0.913691 0.290179 0.0565476 0.0396205 0.00363541
25 0.837798 0.243583 0.294643 0.0580357 0.00359344
33 0.787202 0.258789 0.0952381 0.0348772 0.00358009
0 0.308036 0.282645 0.0372024 0.063058 0.00355148
41 0.619048 0.13058 0.0401786 0.0279018 0.00351143
33 0.87128 0.255441 0.25744 0.078404 0.00349617
0 0.0119048 0.240932 0.0238095 0.0507812 0.00345612
0 0.21875 0.256557 0.0208333 0.0253906 0.00342941
41 0.782738 0.304409 0.0565477 0.0496652 0.00337601
0 0.289435 0.211217 0.0267857 0.0212054 0.00335121
35 0.790179 0.267927 0.0863095 0.0445034 0.00333786
32 0.793899 0.306641 0.0357143 0.0396205 0.00327301
67 0.507441 0.242327 0.0223214 0.0220424 0.00325966
33 0.747024 0.318638 0.178571 0.190848 0.00324821
0 0.736607 0.342704 0.0803571 0.158343 0.00323486
0 0.226563 0.238281 0.0424107 0.0496652 0.00321007
38 0.843006 0.240234 0.30506 0.0496652 0.00321007
25 0.784226 0.259208 0.214286 0.0864955 0.00319672
25 0.749256 0.292411 0.151786 0.15067 0.00317192
34 0.87128 0.255441 0.25744 0.078404 0.00317192
0 0.333333 0.311663 0.105655 0.18192 0.00311089
29 0.24042 0.702009 0.0533854 0.015625 0.00311089
35 0.196429 0.337054 0.129464 0.0524554 0.00309944
0 0.981399 0.244141 0.0372023 0.0485491 0.0030632
0 0.289063 0.2726 0.0386905 0.0965402 0.0030632
35 0.823661 0.271763 0.0208333 0.0195312 0.00302696
33 0.766369 0.28118 0.136905 0.0849609 0.00300407
0 0.158296 0.243304 0.0379464 0.0485491 0.00299263
38 0.889881 0.239676 0.166667 0.0507813 0.00296974
0 0.0202753 0.294713 0.0403646 0.0668248 0.00293541
36 0.195127 0.33817 0.129836 0.0569196 0.00292397
0 0.733631 0.23298 0.0238095 0.0212054 0.00288963
33 0.750744 0.246373 0.107143 0.0424107 0.00287819
34 0.921875 0.239537 0.126488 0.0354353 0.00286674
0 0.240327 0.287877 0.153274 0.148577 0.00282288
25 0.754464 0.261719 0.154762 0.0864955 0.00279999
26 0.316964 0.303571 0.0275298 0.0362723 0.00276756
0 0.460193 0.210659 0.0319941 0.0407366 0.00266266
34 0.931548 0.26409 0.104167 0.0984933 0.00266266
29 0.913691 0.290179 0.0565476 0.0396205 0.00266266
0 0.215774 0.351004 0.0885417 0.03125 0.00266266
33 0.596726 0.234933 0.0654762 0.0368304 0.00264168
0 0.205729 0.265904 0.0446429 0.0597098 0.00263214
24 0.913691 0.289062 0.0565476 0.0401786 0.00260162
33 0.837798 0.243583 0.294643 0.0580357 0.00259018
37 0.570312 0.30971 0.49628 0.292411 0.00257111
0 0.267764 0.288435 0.0790551 0.115095 0.00254059
0 0.715774 0.313058 0.202381 0.210379 0.00254059
0 0.197173 0.226283 0.0453869 0.0279018 0.00252151
32 0.622768 0.127755 0.0342262 0.020159 0.00246239
37 0.458333 0.331473 0.256696 0.239955 0.00246239
25 0.747024 0.316964 0.181548 0.188616 0.00245285
53 0.782738 0.303013 0.0595238 0.0513393 0.00243378
0 0.948661 0.261858 0.102679 0.110212 0.0024147
35 0.822917 0.271275 0.0238095 0.0355748 0.0024147
0 0.90997 0.291922 0.169643 0.156111 0.00239754
0 0.25186 0.310198 0.212054 0.108398 0.00237846
0 0.705357 0.344587 0.0550596 0.175223 0.00236893
34 0.90997 0.291922 0.169643 0.156111 0.00236893
0 0.342634 0.263951 0.0811012 0.0764509 0.00232315
0 0.339286 0.28969 0.0461309 0.0902623 0.00231361
54 0.791667 0.30692 0.0357143 0.0424107 0.00226974
26 0.21875 0.256557 0.0208333 0.0253906 0.00224304
35 0.356399 0.407366 0.0245536 0.0122768 0.00220871
29 0.478795 0.410993 0.106399 0.0797991 0.00220871
33 0.74628 0.247907 0.120536 0.0644531 0.00219917
26 0.158296 0.331473 0.0539435 0.0401786 0.00218201
0 0.150298 0.271205 0.0524554 0.0926339 0.00214958
0 0.478423 0.410714 0.105655 0.0803571 0.00211525
46 0.784226 0.301897 0.0595238 0.0558036 0.00208282
0 0.302083 0.305804 0.0386905 0.0948661 0.00208282
35 0.791667 0.30692 0.0357143 0.0424107 0.00208282
0 0.203497 0.224191 0.0379464 0.0265067 0.0020752
29 0.327009 0.23019 0.0379464 0.015067 0.0020752
32 0.0210193 0.270089 0.0372024 0.0502232 0.0020504
0 0.196057 0.256836 0.0368304 0.0359933 0.00202751
0 0.309524 0.26981 0.0342262 0.0597098 0.00201988
0 0.721726 0.38365 0.119048 0.353237 0.00201988
32 0.478423 0.419085 0.0833333 0.0602679 0.00197983
0 0.179688 0.25293 0.0245536 0.0332031 0.00193405
0 0.334821 0.280134 0.0491071 0.0764509 0.00191879
0 0.553199 0.473772 0.22247 0.260045 0.00191879
0 0.227307 0.249581 0.0349702 0.0354352 0.00191212
2 0.735119 0.231306 0.0267857 0.0212054 0.00188255
27 0.784226 0.301897 0.0595238 0.0558036 0.00187492
54 0.782738 0.304409 0.0565477 0.0496652 0.00185299
0 0.648066 0.336775 0.284226 0.348772 0.00185299
0 0.508185 0.476005 0.311012 0.215402 0.00183105
0 0.727679 0.234375 0.0357143 0.0284598 0.0018177
0 0.294271 0.208984 0.0200893 0.0178571 0.00181007
33 0.367932 0.370536 0.34747 0.313058 0.00179577
0 0.834077 0.332868 0.330357 0.231585 0.00179577
38 0.0204613 0.289621 0.0401786 0.0998884 0.00177479
32 0.823661 0.271763 0.0208333 0.0195312 0.00173378
0 0.297991 0.24721 0.0200893 0.0262277 0.0017271
24 0.196429 0.337054 0.129464 0.0524554 0.0017271
0 0.589286 0.427734 0.459821 0.30971 0.0017271
24 0.158296 0.331473 0.0539435 0.0401786 0.00172043
0 0.705357 0.356864 0.0595238 0.129464 0.00168133
0 0.208333 0.249302 0.0491071 0.0449219 0.00167465
0 0.229167 0.232422 0.0349702 0.0373884 0.00166798
24 0.226935 0.352121 0.0625 0.0290179 0.0016613
32 0.456101 0.395089 0.0342262 0.0290178 0.0016613
0 0.46689 0.201311 0.0476191 0.0516183 0.00165462
34 0.918899 0.254185 0.105655 0.0664062 0.00162315
0 0.542411 0.205078 0.199405 0.0895647 0.00161076
33 0.778274 0.248605 0.0386904 0.0184152 0.0015974
26 0.783482 0.30106 0.0595238 0.0524554 0.0015974
38 0.0210193 0.270089 0.0372024 0.0502232 0.00157928
0 0.209449 0.279646 0.0386905 0.0645927 0.00157356
32 0.514881 0.384487 0.0446429 0.0424107 0.00156116
0 0.580729 0.188616 0.0282738 0.0664063 0.00153637
38 0.872024 0.232143 0.136905 0.0251116 0.00153637
0 0.544643 0.263079 0.205357 0.279646 0.00153637
38 0.912947 0.290179 0.0580357 0.0390625 0.00153065
32 0.524554 0.384208 0.0654762 0.0446429 0.00152493
33 0.889881 0.239676 0.166667 0.0507813 0.0015192
0 0.22061 0.233119 0.0319941 0.0452009 0.00150681
0 0.339286 0.281738 0.0431548 0.0604074 0.00150681
0 0.202009 0.337054 0.0967262 0.0647321 0.00150681
77 0.329613 0.293806 0.0982143 0.143415 0.00148392
0 0.723214 0.235491 0.0208333 0.0239955 0.00147247
0 0.587054 0.383998 0.483631 0.4262 0.862793
32 0.478795 0.410714 0.107143 0.0803571 0.792969
0 0.0198103 0.301339 0.0385045 0.126116 0.727051
0 0.386905 0.211775 0.110119 0.171317 0.725098
0 0.601935 0.180211 0.0803572 0.129534 0.71875
0 0.322173 0.293248 0.0863095 0.142299 0.672363
0 0.198289 0.265346 0.0651042 0.102121 0.660156
0 0.933036 0.292132 0.101191 0.157366 0.578613
0 0.157738 0.266044 0.0409226 0.0957031 0.564941
0 0.196243 0.338728 0.128348 0.0569196 0.513672
0 0.738095 0.379464 0.190476 0.339286 0.262207
0 0.202753 0.291853 0.0729167 0.157366 0.236572
0 0.154948 0.259626 0.0334821 0.077846 0.222046
29 0.0208333 0.280971 0.0383185 0.0301339 0.166626
0 0.928572 0.311314 0.0952381 0.118443 0.15979
0 0.299107 0.286272 0.0357143 0.0842634 0.152588
32 0.459821 0.393973 0.0267857 0.0234375 0.143188
0 0.465774 0.21024 0.0446429 0.0421317 0.131226
0 0.365327 0.277902 0.0372024 0.108259 0.131226
0 0.709821 0.387277 0.1875 0.383929 0.12146
0 0.165923 0.266741 0.0431548 0.0965402 0.11377
0 0.374256 0.251535 0.130952 0.251395 0.109131
35 0.392485 0.492746 0.0974703 0.0803572 0.105957
29 0.784226 0.301897 0.0580357 0.0558036 0.100159
0 0.952381 0.232282 0.0357143 0.0359933 0.0847778
16 0.195685 0.338728 0.12872 0.0569196 0.0703125
0 0.703869 0.31529 0.0654762 0.214844 0.0684204
0 0.196429 0.295201 0.133185 0.142857 0.0552063
0 0.166853 0.260324 0.0357143 0.0736607 0.0539856
35 0.781994 0.303013 0.0580357 0.0502232 0.053009
0 0.962798 0.268415 0.0654762 0.108259 0.0523376
0 0.688988 0.408482 0.0952381 0.311384 0.0507202
0 0.941964 0.291574 0.0714286 0.15346 0.0498657
0 0.75372 0.320592 0.162202 0.196429 0.0480347
0 0.170387 0.268415 0.030506 0.0970982 0.0463867
0 0.962798 0.289551 0.0684524 0.150809 0.0451965
41 0.791667 0.301618 0.0446428 0.0541295 0.041626
51 0.787202 0.303571 0.0491071 0.0491071 0.0387573
51 0.791667 0.30692 0.0357143 0.0412946 0.0384521
29 0.793155 0.294643 0.0357143 0.0418527 0.0354004
35 0.155134 0.328683 0.0479911 0.0368304 0.0348816
0 0.654018 0.376116 0.123512 0.388393 0.0343628
34 0.869048 0.231585 0.150298 0.0332031 0.0318604
52 0.784226 0.301897 0.0580357 0.0558036 0.0311432
0 0.33631 0.275112 0.0930059 0.109933 0.0311432
32 0.912202 0.290179 0.0595238 0.0390625 0.0302124
0 0.325893 0.307757 0.0684524 0.106585 0.0288696
33 0.833333 0.257254 0.315476 0.0831473 0.0287628
32 0.239955 0.702009 0.0550595 0.015625 0.0284424
25 0.833333 0.257254 0.315476 0.0831473 0.0283356
32 0.482143 0.390625 0.0758929 0.0368303 0.0269623
49 0.787202 0.303571 0.0491071 0.0491071 0.0268555
0 0.744048 0.376953 0.0416667 0.0714286 0.0262604
32 0.0212984 0.279855 0.0377604 0.0301339 0.0261536
0 0.993304 0.244559 0.0133928 0.0477121 0.0252686
29 0.790179 0.304129 0.0476191 0.0479911 0.0246124
0 0.298735 0.281529 0.0327381 0.0625 0.0241852
34 0.895833 0.23298 0.0952381 0.0251116 0.0224609
0 0.352679 0.269531 0.0625 0.0948661 0.0202942
0 0.947173 0.2726 0.0550595 0.118304 0.0201416
2 0.466146 0.209263 0.0446429 0.0412947 0.0189819
0 0.77753 0.324219 0.114583 0.176339 0.0189056
0 0.294643 0.27853 0.0357143 0.0913783 0.0186157
0 0.366816 0.268415 0.0349703 0.0747768 0.0182648
35 0.467634 0.470703 0.0900298 0.0513393 0.0177155
0 0.717262 0.393415 0.0372024 0.0535714 0.0175781
0 0.786458 0.305804 0.0967262 0.128348 0.0175781
25 0.830357 0.315848 0.318452 0.200893 0.0174408
77 0.196243 0.338728 0.128348 0.0569196 0.0173798
0 0.679316 0.314662 0.0907738 0.216657 0.0168457
32 0.471726 0.39202 0.0565476 0.031808 0.0165253
32 0.245536 0.489397 0.0200893 0.0139509 0.016098
0 0.678571 0.333078 0.110119 0.271345 0.0157776
49 0.791667 0.30692 0.0357143 0.0412946 0.0151901
34 0.889881 0.240234 0.166667 0.0521763 0.0150146
0 0.727679 0.332589 0.113095 0.246652 0.0141754
0 0.213914 0.268136 0.0327381 0.0803571 0.0141144
0 0.281994 0.282366 0.0699405 0.117188 0.0134277
35 0.778274 0.311942 0.0505952 0.0301339 0.0133286
33 0.830357 0.315848 0.318452 0.200893 0.0130234
0 0.764881 0.337891 0.0907738 0.151786 0.0129242
34 0.911458 0.244141 0.160714 0.0496652 0.0127716
0 0.186756 0.269043 0.0450149 0.0980748 0.0121002
0 0.702381 0.283482 0.0550595 0.047433 0.011734
0 0.315848 0.28125 0.0677083 0.118862 0.0115967
24 0.215774 0.351004 0.0885417 0.03125 0.0113754
34 0.872024 0.233259 0.139881 0.0248326 0.0112915
41 0.793155 0.294643 0.0357143 0.0418527 0.0108566
33 0.833333 0.280204 0.324405 0.128209 0.0106506
0 0.956101 0.237723 0.0446429 0.046875 0.0106125
25 0.466146 0.209263 0.0446429 0.0412947 0.0103683
0 0.593378 0.334821 0.289435 0.407366 0.0102921
0 0.490327 0.279018 0.327381 0.260045 0.01017
0 0.300595 0.263253 0.03125 0.0594308 0.00974274
0 0.415923 0.310547 0.180804 0.195871 0.00971222
2 0.435268 0.363281 0.0386905 0.0234375 0.00959778
0 0.751488 0.378348 0.0535714 0.0658482 0.00930023
29 0.790923 0.285714 0.0327381 0.0245536 0.00919342
0 0.717262 0.376116 0.0386905 0.0887277 0.00854492
0 0.324033 0.26423 0.0677083 0.077567 0.0085144
0 0.327381 0.273926 0.0684524 0.102818 0.00800323
0 0.441592 0.453404 0.184524 0.166853 0.0078125
0 0.364583 0.310896 0.0714286 0.196289 0.00769424
33 0.785714 0.265625 0.0982143 0.0507812 0.00763702
0 0.297619 0.268694 0.0297619 0.0429688 0.00754929
0 0.217448 0.269252 0.0234375 0.0563616 0.00754929
35 0.806548 0.267927 0.0565476 0.0400391 0.00751877
38 0.830357 0.233956 0.25 0.0385045 0.00746155
0 0.666667 0.243583 0.0803572 0.0892857 0.00731659
0 0.0200893 0.27839 0.0394345 0.124023 0.00720596
32 0.791667 0.301618 0.0446428 0.0541295 0.00717545
32 0.247768 0.489397 0.0148809 0.0128348 0.00698471
11 0.478051 0.410435 0.106399 0.078683 0.00695801
32 0.790923 0.285714 0.0327381 0.0245536 0.0068779
0 0.705357 0.343262 0.0833333 0.243164 0.0068512
25 0.833333 0.280204 0.324405 0.128209 0.0068512
33 0.779762 0.273926 0.116071 0.0626395 0.00682449
26 0.913691 0.289062 0.0565476 0.0401786 0.00682449
0 0.165923 0.247768 0.03125 0.0485491 0.00666809
0 0.21317 0.34096 0.0840774 0.0524554 0.00658798
38 0.869048 0.231306 0.157738 0.0323661 0.00658798
0 0.0197173 0.24442 0.0377604 0.0574777 0.00656509
0 0.22526 0.265625 0.0405506 0.0691964 0.00656509
0 0.205729 0.265346 0.046875 0.093192 0.00653839
0 0.334077 0.311872 0.105655 0.182059 0.00653839
0 0.151786 0.241071 0.03125 0.0452009 0.0064621
29 0.793899 0.30692 0.0357143 0.0390625 0.00641251
0 0.300595 0.270647 0.03125 0.0262277 0.00638962
32 0.793155 0.290737 0.0357143 0.0345982 0.00638962
33 0.913691 0.2899 0.0565476 0.0390625 0.00629044
16 0.213914 0.338728 0.0907738 0.0563616 0.00629044
34 0.839286 0.235212 0.226191 0.0385045 0.00621796
35 0.785714 0.308594 0.0476191 0.0418527 0.00605011
33 0.424107 0.311872 0.1875 0.195452 0.00605011
0 0.0191127 0.275181 0.0382254 0.0523159 0.00600433
0 0.517485 0.431989 0.343006 0.33245 0.00593567
0 0.66369 0.310896 0.0892857 0.218611 0.005867
16 0.215774 0.351004 0.0885417 0.03125 0.00577545
24 0.218192 0.351562 0.0338542 0.0279018 0.00570679
26 0.218192 0.351562 0.0338542 0.0279018 0.00570679
0 0.149368 0.260882 0.0357143 0.0842634 0.00566483
25 0.0201823 0.279297 0.0390625 0.030692 0.00559998
0 0.296875 0.259068 0.0275298 0.0510603 0.0055542
0 0.833333 0.296317 0.330357 0.157924 0.00553513
67 0.514137 0.240234 0.0223214 0.0195312 0.00551224
0 0.0196243 0.253906 0.0379464 0.0418527 0.00540543
0 0.207775 0.228795 0.0442708 0.0357143 0.00538635
29 0.799107 0.272391 0.0669643 0.0511998 0.00536346
0 0.217262 0.239955 0.0535714 0.0552455 0.00534439
29 0.779762 0.277344 0.116071 0.0636161 0.00508118
32 0.436756 0.363281 0.0386905 0.0223214 0.00500107
32 0.357143 0.407645 0.0223214 0.0106027 0.0049057
29 0.618304 0.130301 0.0386905 0.0270647 0.00484848
37 0.579613 0.369978 0.501488 0.389509 0.00482941
0 0.179874 0.244141 0.0238095 0.0479911 0.00481033
32 0.619048 0.13058 0.0401786 0.0279018 0.00477219
32 0.513393 0.391462 0.0357143 0.0334821 0.00460815
0 0.514137 0.196568 0.142857 0.062779 0.00448608
0 0.159412 0.253488 0.0405506 0.0672433 0.00445175
35 0.434152 0.489397 0.173363 0.0870536 0.00443268
0 0.286086 0.292411 0.0535714 0.101004 0.00439835
67 0.511905 0.243025 0.0238095 0.0214844 0.00436401
41 0.619048 0.13058 0.0401786 0.0279018 0.00429916
38 0.0216704 0.280064 0.0362723 0.0269252 0.00429916
35 0.913691 0.290179 0.0565476 0.0390625 0.0042305
0 0.703869 0.271275 0.0565476 0.0746373 0.00419998
37 0.511905 0.291783 0.383929 0.238979 0.00416565
16 0.329613 0.293806 0.0982143 0.142857 0.00413513
52 0.791667 0.30692 0.0357143 0.0412946 0.00408554
37 0.418155 0.311105 0.178571 0.194196 0.00408554
26 0.215774 0.351004 0.0885417 0.03125 0.00400543
0 0.965774 0.252232 0.0684524 0.0753348 0.00399017
0 0.941964 0.329799 0.0684524 0.0814732 0.00391388
33 0.436384 0.368025 0.203869 0.308036 0.00391388
0 0.289435 0.211217 0.0267857 0.0212054 0.00385475
0 0.476191 0.19615 0.0639881 0.0613839 0.00369263
0 0.226749 0.238002 0.0420387 0.0491071 0.00369263
0 0.733631 0.23298 0.0238095 0.0212054 0.00366402
0 0.21875 0.256557 0.0215774 0.0253906 0.00366402
29 0.790923 0.267927 0.0863095 0.0445034 0.00365067
0 0.182292 0.229911 0.0186012 0.0209264 0.00362206
0 0.657924 0.387556 0.163318 0.321987 0.00362206
0 0.0119048 0.240932 0.0236235 0.0507812 0.0036068
67 0.507441 0.242188 0.0223214 0.0217634 0.0036068
0 0.308408 0.281529 0.0372024 0.0647321 0.00359344
35 0.823661 0.271763 0.0208333 0.0195312 0.00355148
33 0.787202 0.25851 0.0952381 0.0343192 0.00352478
33 0.910714 0.291853 0.169643 0.15625 0.00352478
32 0.793899 0.30692 0.0357143 0.0390625 0.00349617
0 0.981399 0.244141 0.0372023 0.0491071 0.00346947
35 0.790923 0.267927 0.0863095 0.0445034 0.00345612
25 0.837054 0.244141 0.294643 0.0591518 0.00344276
0 0.736607 0.343192 0.0803571 0.156808 0.00341606
0 0.288318 0.272252 0.0386905 0.0972377 0.00338936
35 0.778274 0.310198 0.113095 0.139648 0.00332451
34 0.921131 0.239118 0.125 0.0345982 0.00329781
33 0.596726 0.234933 0.0654762 0.0368304 0.00328636
41 0.782738 0.304688 0.0565477 0.0491071 0.00327301
0 0.542783 0.180943 0.197173 0.128069 0.00327301
34 0.872396 0.255022 0.255208 0.077567 0.00327301
33 0.750744 0.245954 0.108631 0.0435268 0.00322342
25 0.748512 0.285156 0.151786 0.136161 0.00319672
33 0.872396 0.255022 0.255208 0.077567 0.00317192
0 0.0202753 0.294643 0.0403646 0.0669643 0.00316048
0 0.389881 0.270159 0.13244 0.28111 0.00314713
29 0.24042 0.702009 0.0533854 0.015625 0.00313568
34 0.930804 0.263672 0.104167 0.0987723 0.00301552
25 0.782738 0.259487 0.21131 0.0864955 0.00301552
26 0.316964 0.304129 0.0275298 0.0345982 0.00299263
38 0.842262 0.240234 0.300595 0.0502232 0.00299263
0 0.538691 0.198103 0.190476 0.0672433 0.0029583
0 0.206287 0.266741 0.0438988 0.0608259 0.00292397
33 0.764881 0.280622 0.138393 0.086077 0.00291252
0 0.478423 0.410714 0.105655 0.0803571 0.00288963
0 0.158296 0.243304 0.0379464 0.0485491 0.00287819
32 0.622024 0.128104 0.0357143 0.0205776 0.0028553
0 0.241443 0.287319 0.151786 0.147461 0.00284576
35 0.822917 0.271275 0.0238095 0.0355748 0.00283432
36 0.195313 0.33817 0.130208 0.0569196 0.00281143
24 0.913691 0.289062 0.0565476 0.0401786 0.00276756
0 0.197359 0.226283 0.0457589 0.0279018 0.00275803
0 0.715774 0.313616 0.200893 0.211496 0.00275803
0 0.267485 0.288435 0.078125 0.115095 0.0027256
0 0.215774 0.351004 0.0885417 0.03125 0.00271416
25 0.739583 0.260045 0.125 0.0853795 0.0026722
29 0.327009 0.23019 0.0379464 0.015067 0.00265312
0 0.459821 0.210659 0.03125 0.0407366 0.00263214
37 0.570685 0.310338 0.495536 0.292271 0.0026207
38 0.889881 0.240234 0.166667 0.0521763 0.00257111
0 0.343006 0.263811 0.0803571 0.0761719 0.00255013
33 0.747024 0.318359 0.178571 0.190848 0.00252151
0 0.948661 0.261858 0.102679 0.110212 0.00251198
33 0.837054 0.244141 0.294643 0.0591518 0.0024929
35 0.196429 0.337054 0.129464 0.0524554 0.0024929
0 0.705357 0.344587 0.0535714 0.175781 0.00245285
35 0.791667 0.30692 0.0357143 0.0412946 0.00244331
0 0.203497 0.224191 0.0379464 0.0265067 0.00243378
33 0.74628 0.248047 0.120536 0.0641741 0.00243378
0 0.174665 0.265067 0.0267857 0.0987723 0.00243378
37 0.449405 0.327497 0.239583 0.231166 0.00243378
0 0.25186 0.310268 0.21131 0.107701 0.00242424
26 0.21875 0.256557 0.0215774 0.0253906 0.0024147
35 0.356399 0.407366 0.0245536 0.0122768 0.0024147
29 0.913691 0.290179 0.0565476 0.0390625 0.00239754
34 0.910714 0.291853 0.169643 0.15625 0.00236893
2 0.735119 0.231306 0.0267857 0.0209263 0.00228691
32 0.478051 0.419643 0.0833333 0.0602679 0.00226021
29 0.478795 0.410993 0.106399 0.0797991 0.00219917
0 0.196057 0.257534 0.0372024 0.0373884 0.00219154
0 0.951637 0.259766 0.0431548 0.0965402 0.00219154
26 0.158296 0.331473 0.0539435 0.0401786 0.00218201
0 0.309524 0.268903 0.0342262 0.0604074 0.00216484
0 0.339658 0.28969 0.0461309 0.0902623 0.00214958
0 0.227307 0.249442 0.0349702 0.0351562 0.00213242
0 0.354539 0.249302 0.171875 0.221261 0.00213242
0 0.727679 0.234375 0.0357143 0.0284598 0.00212479
53 0.781994 0.303013 0.0580357 0.0502232 0.00210762
0 0.302083 0.305804 0.0386905 0.0948661 0.00210762
38 0.872024 0.233259 0.139881 0.0248326 0.00208282
32 0.0211124 0.270159 0.0370164 0.0500837 0.00208282
0 0.553571 0.472656 0.220238 0.261161 0.00208282
25 0.747024 0.316685 0.181548 0.189174 0.00208282
54 0.791667 0.30692 0.0357143 0.0412946 0.00204277
0 0.910714 0.291853 0.169643 0.15625 0.00203514
0 0.589286 0.427734 0.458333 0.308594 0.00202751
34 0.918155 0.253627 0.104167 0.0647321 0.00201988
0 0.150298 0.271136 0.0524554 0.0927734 0.00195694
0 0.18006 0.25279 0.0245536 0.0334821 0.00193405
0 0.294271 0.209124 0.0200893 0.0178571 0.00193405
0 0.335193 0.279855 0.0491071 0.0770089 0.00191212
0 0.720238 0.383929 0.119048 0.353795 0.00191212
0 0.508185 0.47433 0.309524 0.214286 0.00191212
0 0.229539 0.232422 0.0349703 0.0373884 0.00190449
0 0.647321 0.339007 0.279762 0.347656 0.00189686
0 0.833333 0.333147 0.330357 0.232143 0.00189686
0 0.260045 0.270926 0.106399 0.0976562 0.00184631
0 0.297991 0.24721 0.0200893 0.0267857 0.00183868
46 0.784226 0.301897 0.0580357 0.0558036 0.00183868
27 0.784226 0.301897 0.0580357 0.0558036 0.00182438
0 0.705357 0.357143 0.0595238 0.129464 0.00181007
0 0.208705 0.249302 0.0476191 0.0449219 0.00179577
32 0.493676 0.392857 0.0446429 0.032366 0.00179577
34 0.922619 0.265346 0.0863096 0.0758929 0.00178909
32 0.823661 0.271763 0.0208333 0.0195312 0.00175476
24 0.158296 0.331473 0.0539435 0.0401786 0.00175476
24 0.227307 0.352121 0.061756 0.0290179 0.00175476
0 0.46689 0.201172 0.0476191 0.0513393 0.00174809
0 0.72247 0.235352 0.0223214 0.0237165 0.00174809
32 0.456101 0.395089 0.0342262 0.0290178 0.00174141
0 0.209635 0.279297 0.0383185 0.0647321 0.00172043
35 0.460566 0.479632 0.113839 0.0680803 0.00169373
33 0.258185 0.250558 0.0952381 0.0574777 0.0016613
38 0.912947 0.290179 0.0580357 0.0390625 0.0016489
26 0.783482 0.30106 0.0595238 0.0524554 0.0016489
33 0.778274 0.248605 0.0386904 0.0184152 0.00164223
52 0.790179 0.304129 0.0476191 0.0479911 0.00164223
0 0.22061 0.233119 0.0327381 0.0452009 0.00162888
32 0.514509 0.384487 0.0446429 0.0424107 0.00162315
38 0.0204613 0.28969 0.0401786 0.100307 0.00162315
24 0.196429 0.337054 0.129464 0.0524554 0.00160408
0 0.586682 0.386719 0.487351 0.420759 0.869629
32 0.478795 0.410435 0.107143 0.0803571 0.808105
0 0.601935 0.180106 0.0803572 0.129743 0.73877
0 0.386905 0.211775 0.110119 0.171317 0.737793
0 0.0197173 0.301618 0.0383185 0.125558 0.73584
0 0.322173 0.293248 0.0848214 0.142299 0.688477
0 0.198289 0.265625 0.0647321 0.101562 0.683594
0 0.933036 0.292132 0.101191 0.157366 0.586914
0 0.157738 0.266044 0.0409226 0.0957031 0.581543
0 0.196243 0.338728 0.128348 0.0569196 0.540039
0 0.738095 0.379464 0.190476 0.33817 0.26709
0 0.202567 0.292132 0.0725446 0.157366 0.259033
0 0.154948 0.259766 0.0334821 0.078125 0.226074
0 0.0204613 0.285156 0.0401786 0.0904018 0.175537
0 0.928572 0.311314 0.0952381 0.118443 0.166138
0 0.299107 0.285784 0.0357143 0.0835659 0.162964
29 0.0208333 0.280971 0.0385045 0.0301339 0.157104
32 0.459821 0.393973 0.0267857 0.0234375 0.143188
0 0.365327 0.277902 0.0372024 0.108259 0.1427
0 0.465774 0.21024 0.0446429 0.0421317 0.135742
0 0.710566 0.387277 0.188988 0.383929 0.123352
0 0.166667 0.266881 0.0424107 0.0962612 0.119629
35 0.392857 0.492746 0.0982143 0.0803572 0.11676
29 0.784226 0.301897 0.0595238 0.0558036 0.10376
0 0.374256 0.250558 0.130952 0.249442 0.0993042
0 0.952381 0.232143 0.0357143 0.0357143 0.0872803
0 0.703869 0.31529 0.0654762 0.214286 0.0722656
16 0.195685 0.338728 0.12872 0.0569196 0.0643921
35 0.781994 0.303292 0.0580357 0.0496652 0.0554199
0 0.75372 0.320871 0.162202 0.195871 0.0549011
0 0.962798 0.268415 0.0654762 0.108259 0.0526123
0 0.688988 0.408482 0.0952381 0.310268 0.0519409
0 0.167411 0.259905 0.0349702 0.0722656 0.0515442
0 0.943452 0.291574 0.0714286 0.15346 0.0497742
0 0.964286 0.288784 0.0684524 0.149554 0.0448608
41 0.791667 0.301618 0.0446428 0.0541295 0.0437012
51 0.787202 0.303571 0.0491071 0.0491071 0.0406799
51 0.791667 0.307199 0.0357143 0.0412946 0.0401001
0 0.197917 0.291853 0.127976 0.148996 0.0362244
29 0.793155 0.294643 0.0357143 0.0424107 0.0354004
35 0.155134 0.328683 0.0479911 0.0368304 0.0354004
34 0.869048 0.231585 0.14881 0.0332031 0.0346069
0 0.33631 0.275112 0.0922619 0.109933 0.0344849
33 0.834077 0.256836 0.316964 0.0823103 0.0340881
0 0.654018 0.376744 0.123512 0.387137 0.033905
52 0.784226 0.301897 0.0595238 0.0558036 0.0323486
25 0.834077 0.256836 0.316964 0.0823103 0.0319824
0 0.325893 0.307757 0.0684524 0.106585 0.0292053
32 0.482515 0.390625 0.0766369 0.0368303 0.0288696
0 0.993304 0.24442 0.0133928 0.0479911 0.0284424
0 0.744048 0.376674 0.0416667 0.0714286 0.0282135
32 0.912202 0.290179 0.0595238 0.0390625 0.0278015
32 0.0212984 0.279855 0.0377604 0.0301339 0.0271759
0 0.298363 0.28132 0.0327381 0.0623605 0.0271149
49 0.787202 0.303571 0.0491071 0.0491071 0.0264587
32 0.239955 0.701451 0.0550595 0.0167411 0.0263519
29 0.790179 0.304129 0.0476191 0.0479911 0.025177
0 0.77753 0.324219 0.114583 0.176339 0.0237732
34 0.897322 0.23284 0.0922619 0.0251116 0.0229797
0 0.366816 0.268415 0.0349703 0.0753348 0.0215759
35 0.467634 0.470703 0.0900298 0.0513393 0.021286
0 0.947917 0.272321 0.0550595 0.117746 0.0202484
0 0.786458 0.305804 0.0967262 0.128348 0.0202484
2 0.466146 0.209263 0.0446429 0.0412947 0.0199432
0 0.294271 0.278181 0.0349703 0.0898438 0.0198364
0 0.353423 0.269531 0.0610119 0.0948661 0.0196075
0 0.717262 0.392857 0.0386905 0.0546875 0.0193481
77 0.196243 0.338728 0.128348 0.0569196 0.0184021
25 0.830357 0.316964 0.318452 0.203125 0.0182648
32 0.470982 0.392299 0.0550595 0.03125 0.0176392
0 0.678571 0.314732 0.0892857 0.216518 0.0173798
0 0.677083 0.332589 0.107143 0.271205 0.0164032
0 0.213914 0.267857 0.0331101 0.0809152 0.0161591
32 0.245536 0.489397 0.0200893 0.0139509 0.0150146
34 0.889881 0.239397 0.165179 0.0505022 0.0150146
49 0.791667 0.307199 0.0357143 0.0412946 0.0147324
33 0.830357 0.316964 0.318452 0.203125 0.0147324
35 0.778274 0.311942 0.0505952 0.0301339 0.0145035
0 0.727679 0.33231 0.110119 0.245536 0.0142822
0 0.281994 0.282366 0.0699405 0.117188 0.014061
41 0.782738 0.302176 0.0595238 0.0535714 0.0139008
0 0.702381 0.283203 0.0550595 0.047433 0.0135345
0 0.696615 0.401507 0.264509 0.367746 0.0134277
0 0.186756 0.269043 0.0450149 0.0980748 0.0133743
34 0.912202 0.243583 0.157738 0.0482701 0.0132217
0 0.174851 0.265206 0.0305059 0.0990513 0.0131226
33 0.834821 0.277902 0.324405 0.123884 0.0130692
0 0.764881 0.3381 0.0892857 0.150809 0.01297
0 0.313244 0.28132 0.0617559 0.118164 0.0123367
34 0.872024 0.233259 0.136905 0.0248326 0.0121002
2 0.43564 0.363281 0.0394345 0.0234375 0.0120544
0 0.213914 0.338728 0.0907738 0.0558036 0.011734
24 0.215774 0.351004 0.0885417 0.03125 0.0115509
41 0.793155 0.294643 0.0357143 0.0424107 0.0114212
0 0.751488 0.37221 0.0535714 0.0747768 0.0107346
0 0.956101 0.237584 0.0446429 0.046317 0.0105667
25 0.466146 0.209263 0.0446429 0.0412947 0.0104065
0 0.592262 0.335379 0.297619 0.40625 0.00989532
0 0.300967 0.262835 0.03125 0.0585938 0.00978088
0 0.415923 0.310547 0.18006 0.195871 0.00963593
0 0.717262 0.375837 0.0386905 0.0892857 0.00955963
0 0.49256 0.279576 0.324405 0.258929 0.00948334
29 0.790923 0.285714 0.0327381 0.0245536 0.00898743
0 0.323661 0.26409 0.0662202 0.0767299 0.00841522
0 0.666667 0.243304 0.0803572 0.0892857 0.00837708
0 0.217448 0.269043 0.0234375 0.0567801 0.00831604
33 0.785714 0.265765 0.0982143 0.0505022 0.00809479
35 0.806548 0.267857 0.0565476 0.0396205 0.00809479
0 0.327381 0.273717 0.0677083 0.102679 0.00800323
0 0.334077 0.311384 0.104911 0.181362 0.00796509
0 0.441964 0.453404 0.184524 0.166853 0.00796509
11 0.478795 0.410435 0.107143 0.0803571 0.00793457
0 0.717262 0.319754 0.0967262 0.208705 0.00787354
25 0.834821 0.277902 0.324405 0.123884 0.00772476
0 0.297619 0.268694 0.0297619 0.0418527 0.00763702
33 0.779762 0.273926 0.116071 0.0626395 0.00734711
0 0.205729 0.265485 0.046131 0.092913 0.00725937
0 0.22526 0.265625 0.0405506 0.0691964 0.00701141
33 0.913691 0.2899 0.0565476 0.0390625 0.00701141
38 0.829613 0.234375 0.251488 0.0396205 0.00701141
0 0.706101 0.341518 0.0833333 0.239397 0.0069313
32 0.791667 0.301618 0.0446428 0.0541295 0.0068779
0 0.300595 0.270368 0.03125 0.0256696 0.0068512
33 0.422619 0.311942 0.184524 0.195312 0.00682449
26 0.913691 0.289062 0.0565476 0.0401786 0.00674438
0 0.365327 0.310826 0.0729167 0.196429 0.00674438
0 0.662946 0.311105 0.0877977 0.219308 0.00669098
0 0.166295 0.247628 0.03125 0.0482701 0.00664139
32 0.790923 0.285714 0.0327381 0.0245536 0.00664139
32 0.247768 0.489397 0.0148809 0.0128348 0.00664139
29 0.793899 0.30692 0.0357143 0.0385045 0.00661469
34 0.839286 0.235212 0.226191 0.0385045 0.00661469
35 0.785714 0.308594 0.0476191 0.0412946 0.00656509
0 0.517857 0.439732 0.34375 0.316964 0.00653839
0 0.151786 0.240792 0.03125 0.0446429 0.0064621
0 0.0197173 0.244141 0.0379464 0.0574777 0.00626373
26 0.218006 0.351562 0.0338542 0.0279018 0.00624084
38 0.86756 0.231306 0.160714 0.0323661 0.00619125
67 0.514509 0.240234 0.0215774 0.0195312 0.00614548
0 0.0190662 0.274833 0.0381324 0.0513393 0.00614548
32 0.793155 0.290737 0.0357143 0.0345982 0.00609589
16 0.213914 0.338728 0.0907738 0.0558036 0.00609589
24 0.218006 0.351562 0.0338542 0.0279018 0.00602722
25 0.0201823 0.279297 0.0390625 0.030692 0.00600433
0 0.207589 0.228516 0.0438988 0.0345982 0.00595856
0 0.217448 0.239955 0.0531994 0.0552455 0.005867
0 0.149368 0.260882 0.0357143 0.0842634 0.00584412
0 0.833333 0.296247 0.330357 0.157506 0.00570679
29 0.618304 0.130301 0.0386905 0.0267857 0.00568771
0 0.296875 0.25865 0.0267857 0.0502232 0.00568771
16 0.215774 0.351004 0.0885417 0.03125 0.00559998
29 0.779762 0.277344 0.116071 0.0636161 0.00516129
32 0.618862 0.130162 0.0420387 0.0267857 0.00511932
29 0.799107 0.272391 0.0684524 0.0511998 0.00503922
0 0.0197173 0.255441 0.0379464 0.0382255 0.00502014
67 0.511905 0.242885 0.0238095 0.0212054 0.00496292
0 0.179874 0.244141 0.0238095 0.0479911 0.00486755
35 0.434152 0.489397 0.173363 0.0870536 0.00482941
0 0.196243 0.318638 0.131324 0.0954241 0.00475693
32 0.513393 0.391462 0.0357143 0.0334821 0.00473785
0 0.514509 0.196429 0.142857 0.0625 0.00469971
0 0.28869 0.211217 0.0267857 0.0212054 0.00466537
41 0.619048 0.130615 0.0401786 0.027832 0.00460815
0 0.703869 0.27002 0.0565476 0.0771484 0.00460815
32 0.357143 0.407645 0.0223214 0.0106027 0.00455475
0 0.733631 0.23284 0.0238095 0.0209264 0.00453949
37 0.578869 0.369141 0.5 0.388951 0.00445175
0 0.159412 0.253348 0.0405506 0.0669643 0.00439835
35 0.913691 0.290179 0.0565476 0.0390625 0.00436401
32 0.436756 0.363281 0.0386905 0.0223214 0.00434875
33 0.435268 0.366909 0.202381 0.306362 0.00434875
38 0.0216704 0.280064 0.0362723 0.0269252 0.00428009
52 0.791667 0.307199 0.0357143 0.0412946 0.00426483
0 0.941964 0.329799 0.0684524 0.0814732 0.00413513
26 0.215774 0.351004 0.0885417 0.03125 0.00408554
0 0.226935 0.238002 0.0416667 0.0488281 0.00403976
33 0.596726 0.234933 0.0639881 0.0368304 0.00403976
67 0.507441 0.242048 0.0223214 0.0214844 0.00402451
0 0.965774 0.252232 0.0684524 0.0747768 0.00390053
0 0.21875 0.256557 0.0215774 0.0253906 0.00388527
0 0.476191 0.19615 0.0639881 0.0613839 0.00387001
35 0.823661 0.271763 0.0208333 0.0195312 0.00387001
37 0.418155 0.311454 0.178571 0.194057 0.00383949
0 0.286458 0.29248 0.0520833 0.100307 0.00382423
0 0.658482 0.387277 0.16369 0.320312 0.00379562
37 0.512649 0.292969 0.383929 0.236607 0.00378036
0 0.736607 0.343192 0.0803571 0.156808 0.00376511
33 0.787202 0.258371 0.0952381 0.0340402 0.00372124
0 0.30878 0.28125 0.0372024 0.0647321 0.00370789
0 0.182292 0.229911 0.0186012 0.0206473 0.00369263
0 0.542783 0.180769 0.197173 0.12786 0.00369263
0 0.981399 0.244141 0.0372023 0.0491071 0.00367928
33 0.910714 0.291853 0.169643 0.15625 0.00352478
35 0.790179 0.267857 0.0863095 0.0446429 0.00349617
33 0.75 0.245257 0.110119 0.0452009 0.00348282
0 0.478423 0.410714 0.105655 0.0803571 0.00346947
0 0.0117188 0.240932 0.0234375 0.0507812 0.00342941
29 0.790179 0.267857 0.0863095 0.0446429 0.00342941
25 0.748512 0.280413 0.14881 0.126674 0.00342941
25 0.83631 0.244699 0.294643 0.0602679 0.00341606
0 0.287946 0.272042 0.0386905 0.0965402 0.00337601
16 0.328869 0.293527 0.0967262 0.142857 0.00335121
34 0.921875 0.23856 0.123512 0.0332031 0.00331116
25 0.75372 0.260324 0.154762 0.0842634 0.00327301
29 0.327009 0.23019 0.0379464 0.015067 0.00325966
32 0.793899 0.30692 0.0357143 0.0385045 0.00324821
26 0.316964 0.304688 0.0275298 0.0334821 0.00321007
0 0.206473 0.266881 0.0438988 0.0611049 0.00314713
33 0.872768 0.254883 0.254464 0.0772879 0.00311089
35 0.778274 0.310547 0.113095 0.140067 0.003088
34 0.931548 0.263811 0.104167 0.0984933 0.00305176
25 0.784226 0.259347 0.214286 0.0867745 0.00305176
33 0.764881 0.280622 0.139881 0.086077 0.00305176
0 0.71503 0.313616 0.200893 0.211496 0.00301552
0 0.197545 0.226144 0.046131 0.0276228 0.00300407
0 0.538691 0.198103 0.190476 0.0669643 0.00300407
34 0.872768 0.254883 0.254464 0.0772879 0.00300407
29 0.240327 0.702009 0.0535714 0.015625 0.00298119
35 0.822917 0.271484 0.0238095 0.0351562 0.00296974
0 0.215774 0.351004 0.0885417 0.03125 0.00292397
36 0.195127 0.33817 0.129836 0.0569196 0.00288963
0 0.15811 0.243304 0.0379464 0.0482701 0.00284576
0 0.241909 0.287388 0.1516 0.147321 0.00281143
0 0.203497 0.224051 0.0379464 0.0262277 0.00273705
38 0.842262 0.240374 0.300595 0.0502232 0.00273705
0 0.343006 0.263811 0.0803571 0.0761719 0.00271416
33 0.74628 0.248047 0.120536 0.0641741 0.00270462
24 0.913691 0.289062 0.0565476 0.0401786 0.00269318
33 0.83631 0.244699 0.294643 0.0602679 0.00269318
0 0.705357 0.344936 0.0535714 0.1762 0.00268364
0 0.459821 0.210659 0.03125 0.0407366 0.00265312
2 0.735119 0.231306 0.0267857 0.0206473 0.00264168
0 0.267485 0.288435 0.077381 0.115095 0.00258064
37 0.570685 0.311872 0.495536 0.294782 0.00258064
35 0.196429 0.337054 0.129464 0.0524554 0.00251198
26 0.21875 0.256557 0.0215774 0.0253906 0.00250244
35 0.356399 0.407366 0.0245536 0.0122768 0.00250244
35 0.793899 0.30692 0.0357143 0.0385045 0.0024929
0 0.252232 0.311454 0.210565 0.105887 0.00248146
0 0.727679 0.234375 0.0372024 0.0281808 0.00247192
0 0.948661 0.261719 0.102679 0.110491 0.00247192
33 0.747024 0.318359 0.177083 0.19029 0.00247192
26 0.15811 0.331473 0.0528274 0.0401786 0.00246239
0 0.245536 0.273717 0.139137 0.110491 0.00245285
38 0.889881 0.239397 0.165179 0.0505022 0.00240517
29 0.913691 0.290179 0.0565476 0.0390625 0.00237846
0 0.391369 0.270089 0.135417 0.280134 0.00237846
37 0.447173 0.322266 0.235119 0.220424 0.00232315
0 0.195871 0.257673 0.0368304 0.0376674 0.00229645
0 0.309524 0.269252 0.0342262 0.0602679 0.00226021
34 0.910714 0.291853 0.169643 0.15625 0.00226021
0 0.227307 0.249442 0.0349702 0.0345982 0.00225258
29 0.478795 0.410993 0.106399 0.0797991 0.00225258
32 0.0211124 0.270159 0.0370164 0.0500837 0.00223351
32 0.478423 0.419643 0.0833333 0.0602679 0.00223351
38 0.872024 0.233259 0.136905 0.0248326 0.00220871
0 0.952381 0.259347 0.0446428 0.0962612 0.00219917
53 0.781994 0.303292 0.0580357 0.0496652 0.00219917
0 0.553571 0.472656 0.221726 0.261161 0.00218201
0 0.34003 0.289621 0.0461309 0.0904018 0.00216484
0 0.294271 0.208984 0.0200893 0.0178571 0.00216484
0 0.18006 0.253906 0.0275298 0.0340402 0.00208282
0 0.647321 0.341797 0.285714 0.351004 0.00208282
0 0.301711 0.305873 0.0379464 0.0947266 0.0020752
0 0.306176 0.287388 0.0446429 0.0658482 0.0020504
34 0.917411 0.253627 0.101191 0.0636161 0.00203514
0 0.723214 0.235352 0.0238095 0.0237165 0.00202751
0 0.297991 0.24721 0.0200893 0.0270647 0.00202751
54 0.791667 0.307199 0.0357143 0.0412946 0.00202751
0 0.588542 0.428292 0.458333 0.30971 0.00202751
0 0.229539 0.232422 0.0349703 0.0373884 0.00201035
27 0.784226 0.301897 0.0595238 0.0558036 0.00201035
0 0.150298 0.271275 0.0524554 0.0936105 0.00201035
25 0.747024 0.316685 0.178571 0.189174 0.00197983
32 0.493676 0.392857 0.0453869 0.032366 0.0019722
0 0.259766 0.269043 0.105469 0.0936105 0.0019722
0 0.720982 0.383371 0.119048 0.351562 0.00195694
0 0.705357 0.356585 0.0595238 0.13058 0.00194931
35 0.460566 0.479353 0.113839 0.0675223 0.00194931
0 0.508557 0.473493 0.310268 0.213728 0.00194931
33 0.258185 0.249721 0.0944941 0.0558036 0.00193405
0 0.834077 0.333078 0.330357 0.232282 0.00192642
0 0.910714 0.291853 0.169643 0.15625 0.00191212
0 0.698661 0.387835 0.114583 0.370536 0.00191212
0 0.209449 0.279088 0.0386905 0.0657087 0.00190449
0 0.209077 0.249302 0.046875 0.0449219 0.00189686
32 0.153646 0.328683 0.0453869 0.0357143 0.00189686
0 0.335566 0.279855 0.0491071 0.0764509 0.00186062
29 0.598214 0.235212 0.0699405 0.0362723 0.00183868
24 0.15811 0.331473 0.0528274 0.0401786 0.00183868
0 0.46689 0.201172 0.0476191 0.0513393 0.00183105
35 0.952381 0.23019 0.0372024 0.030692 0.00181007
34 0.922619 0.265485 0.0863096 0.0744978 0.00181007
29 0.325149 0.231864 0.047619 0.0181361 0.0018034
24 0.227307 0.352121 0.061756 0.0290179 0.00179577
26 0.783482 0.300781 0.0595238 0.0524554 0.00178909
0 0.754464 0.379743 0.0476191 0.0530134 0.00177479
0 0.353795 0.249442 0.174851 0.219866 0.00176811
26 0.316964 0.304688 0.0200893 0.0290179 0.00174141
0 0.220796 0.23298 0.03125 0.0449219 0.00172043
0 0.586682 0.386719 0.487351 0.420759 0.872559
32 0.479167 0.410435 0.107143 0.0803571 0.812988
0 0.601935 0.180211 0.0803572 0.129534 0.751953
0 0.0197173 0.301339 0.0385045 0.125558 0.744629
0 0.386905 0.211775 0.110119 0.171317 0.741699
0 0.321801 0.293248 0.0848214 0.142299 0.699219
0 0.198289 0.265625 0.0647321 0.101562 0.694336
0 0.933036 0.291922 0.102679 0.157227 0.596191
0 0.157738 0.266183 0.0409226 0.0959821 0.588867
0 0.196243 0.338728 0.128348 0.0569196 0.555664
0 0.738839 0.380092 0.188988 0.33803 0.282471
0 0.202381 0.292411 0.0714286 0.156808 0.279785
0 0.154762 0.259905 0.0334822 0.078404 0.226074
0 0.928572 0.310756 0.0952381 0.119559 0.174438
0 0.299107 0.285086 0.0357143 0.0838449 0.167725
0 0.365327 0.277623 0.0372024 0.108817 0.151489
29 0.0208333 0.280971 0.0383185 0.0301339 0.143188
32 0.459821 0.393973 0.0267857 0.0234375 0.142212
0 0.465774 0.21024 0.0446429 0.0418527 0.135254
0 0.166667 0.26702 0.0416667 0.0959821 0.125488
0 0.709821 0.387556 0.1875 0.384487 0.124207
35 0.392857 0.492746 0.0982143 0.0803572 0.119995
0 0.374256 0.25 0.130952 0.248884 0.105408
29 0.784226 0.301897 0.0595238 0.0558036 0.0960083
0 0.952381 0.232282 0.0357143 0.0357143 0.092041
0 0.703869 0.31529 0.0654762 0.214286 0.0738525
16 0.195685 0.338728 0.12872 0.0569196 0.0609741
0 0.752976 0.320871 0.163691 0.196987 0.0597534
0 0.963542 0.268415 0.0654762 0.108259 0.0588989
35 0.781994 0.303571 0.0580357 0.0491071 0.0566406
0 0.167411 0.260184 0.0345982 0.0733817 0.0535889
0 0.943452 0.291364 0.0714286 0.153878 0.0531921
0 0.688988 0.408482 0.0952381 0.310268 0.0526123
0 0.964286 0.289132 0.0684524 0.15053 0.0484009
41 0.791667 0.301618 0.0446428 0.0541295 0.0422363
51 0.787202 0.303571 0.0491071 0.0491071 0.0417786
51 0.791667 0.307199 0.0357143 0.0412946 0.0411377
34 0.869048 0.231585 0.14881 0.0332031 0.0405273
35 0.155134 0.328683 0.0479911 0.0368304 0.036499
0 0.653274 0.377162 0.120536 0.3863 0.035675
0 0.336682 0.274833 0.0922619 0.109933 0.035614
29 0.793155 0.295759 0.0357143 0.0446429 0.0348816
33 0.833333 0.256138 0.315476 0.0814732 0.0337219
25 0.833333 0.256138 0.315476 0.0814732 0.0327148
52 0.784226 0.301897 0.0595238 0.0558036 0.0313721
0 0.744792 0.376953 0.0431548 0.0714286 0.0303802
0 0.993304 0.24442 0.0133928 0.0479911 0.0301056
32 0.482515 0.390625 0.078125 0.0362723 0.0297546
0 0.197545 0.291853 0.125744 0.148438 0.029541
34 0.897322 0.23284 0.0922619 0.0251116 0.0290833
0 0.325893 0.307547 0.0684524 0.107003 0.0290375
0 0.298363 0.280971 0.0327381 0.061942 0.0283813
49 0.787202 0.303571 0.0491071 0.0491071 0.0259552
0 0.77753 0.324149 0.114583 0.176479 0.0259094
32 0.0212984 0.279855 0.0377604 0.0301339 0.0255585
32 0.239955 0.701451 0.0550595 0.0167411 0.0255585
32 0.912202 0.290179 0.0595238 0.0390625 0.0253754
35 0.467634 0.470703 0.0900298 0.0513393 0.0235138
0 0.366816 0.268485 0.0349703 0.0757533 0.0233765
29 0.790179 0.304409 0.0476191 0.047433 0.0233307
0 0.786458 0.305804 0.0967262 0.128348 0.0215302
2 0.466146 0.209263 0.0446429 0.0412947 0.0213623
0 0.717262 0.393415 0.0386905 0.0535714 0.0207977
0 0.947917 0.272321 0.0565476 0.118304 0.0207672
77 0.196243 0.338728 0.128348 0.0569196 0.0202484
0 0.294271 0.277902 0.0349703 0.0898438 0.0199432
0 0.353795 0.269252 0.0595238 0.0948661 0.0188751
0 0.0199033 0.283203 0.0398066 0.093192 0.0187683
0 0.213914 0.267578 0.0327381 0.0809152 0.0185394
32 0.470982 0.392299 0.0550595 0.03125 0.0177155
0 0.678571 0.314662 0.0892857 0.216657 0.0176392
34 0.890625 0.238839 0.165179 0.0496652 0.0175781
34 0.912202 0.242746 0.15625 0.046875 0.0166626
25 0.830357 0.317592 0.318452 0.205218 0.0166626
0 0.675595 0.332589 0.107143 0.271205 0.0165253
34 0.872768 0.233259 0.136905 0.0251116 0.0154266
0 0.281994 0.282366 0.0699405 0.117188 0.0153046
0 0.186756 0.268973 0.0450149 0.0976562 0.0150757
35 0.778274 0.311942 0.0505952 0.0301339 0.0150757
32 0.245536 0.489397 0.0200893 0.0133928 0.0149002
0 0.952381 0.270647 0.0401786 0.113839 0.0146179
0 0.174851 0.265346 0.0305059 0.0993304 0.0145035
0 0.702381 0.283203 0.0550595 0.047433 0.0139008
49 0.791667 0.307199 0.0357143 0.0412946 0.0138474
0 0.730655 0.33231 0.116071 0.244978 0.0137939
33 0.830357 0.317592 0.318452 0.205218 0.0137939
0 0.695685 0.401507 0.264881 0.367746 0.013588
41 0.782738 0.302176 0.0595238 0.0535714 0.0134277
2 0.43564 0.363281 0.0394345 0.0234375 0.0134277
0 0.334077 0.311384 0.104167 0.181362 0.0132751
0 0.764881 0.33817 0.0892857 0.15067 0.0131226
33 0.834821 0.273159 0.324405 0.114955 0.0127716
0 0.311012 0.280971 0.0580357 0.117746 0.0125275
0 0.213914 0.339007 0.0907738 0.0558036 0.0123367
24 0.215774 0.351004 0.0885417 0.03125 0.0122375
0 0.751488 0.37221 0.0535714 0.0753348 0.0112
0 0.956845 0.237863 0.0461309 0.047154 0.0109024
41 0.793155 0.295759 0.0357143 0.0446429 0.0108566
25 0.466146 0.209263 0.0446429 0.0412947 0.0105667
0 0.592262 0.335938 0.287202 0.40625 0.0102921
0 0.301339 0.262556 0.03125 0.0580357 0.0100937
0 0.717262 0.376116 0.0386905 0.0892857 0.0100098
0 0.415551 0.310547 0.18006 0.195871 0.00997162
0 0.217262 0.269461 0.0238095 0.0570592 0.00955963
0 0.494792 0.280134 0.319941 0.257812 0.00952148
0 0.953869 0.243862 0.0416667 0.0613839 0.00930023
35 0.806548 0.267857 0.0565476 0.0396205 0.00923157
0 0.205729 0.265346 0.046875 0.093192 0.00874329
29 0.790923 0.285714 0.0327381 0.0245536 0.00867462
0 0.666667 0.243304 0.0803572 0.0892857 0.0086441
0 0.441964 0.453404 0.184524 0.166853 0.00844574
0 0.322545 0.263672 0.0639881 0.0758929 0.00834656
34 0.841518 0.234933 0.220238 0.0382255 0.00821686
11 0.479167 0.410435 0.107143 0.0803571 0.00806427
33 0.786458 0.265765 0.0967262 0.0505022 0.00800323
0 0.297619 0.268415 0.0297619 0.0412946 0.00793457
0 0.327381 0.273507 0.0677083 0.102539 0.00775528
0 0.717262 0.319475 0.0952381 0.209263 0.00775528
25 0.834821 0.273159 0.324405 0.114955 0.00763702
0 0.225074 0.265625 0.0409226 0.0691964 0.00760651
35 0.785714 0.308594 0.0476191 0.0412946 0.00737381
26 0.913691 0.289062 0.0565476 0.0401786 0.00728989
0 0.662016 0.311384 0.0866816 0.219866 0.00725937
33 0.779762 0.273996 0.116071 0.063058 0.00723267
0 0.300595 0.27002 0.03125 0.0258091 0.00720596
33 0.422619 0.311942 0.184524 0.195312 0.00714874
33 0.913691 0.2899 0.0565476 0.0390625 0.00709534
0 0.364583 0.310756 0.0729167 0.196568 0.00698471
67 0.514509 0.240234 0.0215774 0.0195312 0.00695801
26 0.218006 0.351562 0.0334821 0.0279018 0.00695801
32 0.791667 0.301618 0.0446428 0.0541295 0.00682449
0 0.705357 0.341239 0.0833333 0.239397 0.00677109
0 0.0197173 0.24442 0.0379464 0.0574777 0.00674438
29 0.618304 0.130301 0.0386905 0.0267857 0.00664139
0 0.207403 0.228237 0.0438988 0.0345982 0.00664139
0 0.166295 0.247489 0.03125 0.0479911 0.00656509
24 0.218006 0.351562 0.0334821 0.0279018 0.00656509
38 0.830357 0.234096 0.25 0.0393415 0.00656509
0 0.151786 0.240792 0.03125 0.0446429 0.00641251
0 0.217634 0.239816 0.0535714 0.0549665 0.00636292
32 0.790923 0.285714 0.0327381 0.0245536 0.00636292
29 0.793899 0.30692 0.0357143 0.0385045 0.00629044
0 0.0189732 0.274623 0.0379464 0.0523158 0.00624084
0 0.833333 0.296038 0.330357 0.157924 0.00609589
25 0.0201823 0.279018 0.0390625 0.03125 0.00602722
0 0.149554 0.260742 0.0357143 0.0839844 0.00591278
0 0.296875 0.258092 0.0267857 0.0491071 0.00588989
32 0.793155 0.291853 0.0357143 0.0368304 0.00584412
16 0.213914 0.339007 0.0907738 0.0558036 0.00582123
0 0.518973 0.442801 0.345982 0.310826 0.00575256
32 0.618862 0.130162 0.0420387 0.0265067 0.00561905
67 0.511533 0.243025 0.0230655 0.0212054 0.00561905
0 0.28869 0.211356 0.0267857 0.0212054 0.00551224
38 0.86756 0.231306 0.160714 0.0323661 0.00548935
0 0.733631 0.232701 0.0238095 0.0209263 0.00536346
0 0.0197173 0.255022 0.0379464 0.0396205 0.00526047
41 0.619048 0.130615 0.0401786 0.027832 0.00524139
16 0.215774 0.351004 0.0885417 0.03125 0.00518036
35 0.43378 0.489397 0.174107 0.0870536 0.00500107
35 0.913691 0.290179 0.0565476 0.0390625 0.00494385
29 0.779762 0.277832 0.116071 0.0648716 0.00482941
0 0.18006 0.244001 0.0238095 0.047712 0.00479126
32 0.513393 0.391462 0.0357143 0.0334821 0.00475693
33 0.596726 0.234933 0.0639881 0.0368304 0.00468063
0 0.514509 0.196429 0.142857 0.0625 0.00468063
29 0.799107 0.272321 0.0684524 0.0513393 0.00466537
67 0.507441 0.241909 0.0223214 0.0212054 0.00460815
0 0.703869 0.268485 0.0565476 0.0802176 0.00457382
35 0.823661 0.271763 0.0208333 0.0195312 0.00452042
0 0.227307 0.238002 0.0409226 0.0485491 0.00450516
32 0.357143 0.407645 0.0223214 0.0106027 0.00439835
33 0.434896 0.366909 0.202381 0.306362 0.00438309
32 0.436756 0.363281 0.0386905 0.0223214 0.00432968
26 0.215774 0.351004 0.0885417 0.03125 0.00431442
37 0.578125 0.368931 0.498512 0.389369 0.00426483
0 0.159412 0.253069 0.0405506 0.0664062 0.00419998
34 0.921131 0.238281 0.125 0.0329241 0.00418091
0 0.981399 0.244141 0.0372023 0.0491071 0.00416565
0 0.218564 0.256557 0.0215774 0.0253906 0.00416565
0 0.941964 0.329799 0.0684524 0.0814732 0.00416565
38 0.0217634 0.280134 0.0364583 0.0267857 0.00415039
52 0.791667 0.307199 0.0357143 0.0412946 0.0041008
0 0.965774 0.252372 0.0684524 0.0750558 0.00408554
0 0.286458 0.292411 0.0520833 0.100446 0.00399017
29 0.327009 0.23019 0.0379464 0.015067 0.0039444
0 0.735863 0.343262 0.078869 0.157227 0.0039444
0 0.478795 0.410714 0.106399 0.0803571 0.00392914
0 0.475818 0.196289 0.0632441 0.0611049 0.00385475
37 0.417783 0.311454 0.177827 0.194057 0.00383949
0 0.659412 0.387765 0.163318 0.319336 0.00380898
37 0.533482 0.311942 0.410714 0.199219 0.00376511
0 0.182292 0.229771 0.0186012 0.0209263 0.00374985
0 0.30878 0.280762 0.0364583 0.0657087 0.00372124
35 0.790179 0.267857 0.0863095 0.0446429 0.00369263
0 0.287946 0.271763 0.0386905 0.0965402 0.00367928
33 0.787202 0.257812 0.0952381 0.0329241 0.00362206
0 0.0117188 0.241071 0.0234375 0.0507812 0.00359344
33 0.75 0.245536 0.110119 0.0443639 0.00352478
35 0.822917 0.271484 0.0238095 0.0351562 0.00346947
34 0.875744 0.253906 0.248512 0.0758929 0.00345612
0 0.206845 0.267299 0.0431548 0.061942 0.00341606
34 0.931548 0.263393 0.104167 0.0987723 0.00338936
25 0.748512 0.276786 0.14881 0.11942 0.00337601
26 0.316964 0.304967 0.0267857 0.0329241 0.00336266
25 0.75372 0.260184 0.154762 0.0839844 0.00332451
0 0.542783 0.180943 0.197173 0.12779 0.00329781
0 0.197545 0.226144 0.046131 0.0276228 0.00325966
35 0.778274 0.310896 0.113095 0.140485 0.00318527
33 0.764137 0.280762 0.139881 0.0869141 0.00317192
0 0.203683 0.224051 0.0383184 0.0262277 0.00313568
25 0.834821 0.244141 0.291667 0.0597098 0.00312424
32 0.793899 0.30692 0.0357143 0.0385045 0.003088
0 0.715588 0.313895 0.199777 0.211496 0.00305176
24 0.913691 0.289062 0.0565476 0.0401786 0.00304031
0 0.215774 0.351004 0.0885417 0.03125 0.00302696
0 0.538691 0.198103 0.190476 0.0669643 0.00302696
33 0.910714 0.291853 0.169643 0.15625 0.00301552
29 0.790179 0.267857 0.0863095 0.0446429 0.00300407
36 0.195127 0.33817 0.129836 0.0569196 0.00293541
0 0.242188 0.28683 0.150298 0.145647 0.00292397
25 0.782738 0.259208 0.214286 0.0870536 0.00288963
2 0.735119 0.231166 0.0267857 0.0209264 0.0028553
0 0.247768 0.273438 0.133929 0.109375 0.0028553
33 0.875744 0.253906 0.248512 0.0758929 0.00283432
33 0.74628 0.248047 0.120536 0.0641741 0.00282288
29 0.240327 0.702009 0.0535714 0.015625 0.00281143
0 0.15811 0.243164 0.0379464 0.0479911 0.00277901
0 0.267113 0.287946 0.077381 0.115513 0.00277901
0 0.727679 0.234375 0.0372024 0.0284598 0.00276756
35 0.793899 0.30692 0.0357143 0.0385045 0.00274658
0 0.390253 0.26981 0.133185 0.280692 0.00274658
16 0.328869 0.293527 0.0967262 0.142857 0.00273705
0 0.343006 0.263672 0.0803571 0.0758929 0.00270462
33 0.834821 0.244141 0.291667 0.0597098 0.00270462
38 0.840774 0.240234 0.297619 0.0499442 0.00270462
0 0.705357 0.344866 0.0535714 0.176339 0.00269318
26 0.157738 0.331473 0.0520833 0.0401786 0.0026722
37 0.570685 0.312779 0.495536 0.296875 0.0026207
26 0.218564 0.256557 0.0215774 0.0253906 0.00259018
34 0.910714 0.291853 0.169643 0.15625 0.00256157
0 0.252325 0.311384 0.209635 0.105469 0.00256157
34 0.916667 0.253348 0.101191 0.0625 0.00255013
0 0.459077 0.210659 0.0297619 0.0407366 0.00253105
0 0.948661 0.261858 0.102679 0.11077 0.00251198
0 0.195685 0.258092 0.0364583 0.0390625 0.00250244
35 0.356399 0.407366 0.0245536 0.0122768 0.00248146
33 0.258185 0.249442 0.0944941 0.0546875 0.00244331
0 0.227679 0.249302 0.0349702 0.0345982 0.00239754
38 0.872768 0.233259 0.136905 0.0251116 0.002388
0 0.309524 0.268973 0.0342262 0.0602679 0.00234985
0 0.294271 0.208984 0.0200893 0.0178571 0.00231361
35 0.196243 0.337054 0.129092 0.0524554 0.00231361
0 0.644531 0.344238 0.276414 0.353934 0.00230598
0 0.723214 0.235212 0.0223214 0.0237165 0.00226974
0 0.180432 0.254046 0.0275298 0.0343192 0.00226021
0 0.209821 0.27839 0.0379464 0.0659877 0.00226021
0 0.229539 0.232422 0.0349703 0.0373884 0.00225258
29 0.478795 0.410993 0.106399 0.0797991 0.00224304
37 0.444196 0.321917 0.229167 0.220006 0.00223351
0 0.553199 0.472935 0.22247 0.260603 0.00221634
53 0.781994 0.303571 0.0580357 0.0491071 0.00220871
29 0.325149 0.231864 0.047619 0.0184152 0.00217438
27 0.784226 0.301897 0.0595238 0.0558036 0.00217438
29 0.598214 0.235073 0.0699405 0.0362723 0.00214958
33 0.747024 0.318359 0.177083 0.190848 0.00214958
0 0.260045 0.267857 0.104167 0.0904018 0.00214005
0 0.297991 0.24721 0.0200893 0.0267857 0.00213242
0 0.301711 0.305873 0.0379464 0.0947266 0.00213242
32 0.478051 0.419643 0.0833333 0.0602679 0.00213242
34 0.922619 0.265346 0.0863096 0.0731027 0.00211525
0 0.34003 0.289551 0.0461309 0.0905413 0.00211525
35 0.460566 0.479353 0.113839 0.0675223 0.00209999
0 0.588542 0.428013 0.456845 0.309152 0.00209999
32 0.494048 0.392578 0.046131 0.0323661 0.00209045
29 0.913691 0.290179 0.0565476 0.0390625 0.00208282
32 0.0211124 0.270368 0.0370164 0.0496652 0.0020752
38 0.890625 0.238839 0.165179 0.0496652 0.00205803
35 0.952381 0.23019 0.0372024 0.030692 0.00202751
0 0.306548 0.287388 0.0446429 0.0658482 0.00201988
0 0.705357 0.357143 0.0595238 0.13058 0.00201988
0 0.209263 0.249163 0.046131 0.0446429 0.00197983
32 0.153646 0.328683 0.0453869 0.0357143 0.00196457
0 0.508557 0.473493 0.310268 0.213728 0.00196457
24 0.157738 0.331473 0.0520833 0.0401786 0.00195694
0 0.698661 0.388114 0.114583 0.371094 0.00190449
0 0.834077 0.333426 0.330357 0.232701 0.00188923
26 0.316964 0.304688 0.0200893 0.0290179 0.00188255
24 0.227307 0.352121 0.061756 0.0290179 0.00188255
33 0.259766 0.265346 0.0995164 0.0837054 0.00187492
54 0.791667 0.307199 0.0357143 0.0412946 0.00186729
0 0.754464 0.379464 0.0476191 0.0524554 0.00186729
0 0.150112 0.271205 0.0524554 0.093192 0.00186729
0 0.467262 0.201172 0.0476191 0.0513393 0.00184631
0 0.701637 0.278181 0.0625 0.0602679 0.00182438
0 0.221354 0.23298 0.030506 0.0446429 0.00181007
0 0.335566 0.280064 0.0491071 0.0760324 0.00179577
26 0.782738 0.300781 0.0595238 0.0524554 0.00178909
67 0.509673 0.245675 0.0252976 0.0259487 0.00176811
33 0.778274 0.248605 0.0386904 0.0184152 0.00176144
0 0.723214 0.398438 0.0327381 0.0424107 0.00175476
0 0.586682 0.386719 0.487351 0.420759 0.872559
32 0.479167 0.410435 0.107143 0.0803571 0.812988
0 0.601935 0.180211 0.0803572 0.129534 0.751465
0 0.0197173 0.301339 0.0385045 0.125558 0.743164
0 0.386905 0.211775 0.110119 0.171317 0.741699
0 0.321801 0.293248 0.0848214 0.142299 0.699219
0 0.198289 0.265625 0.0647321 0.101562 0.694336
0 0.933036 0.291922 0.101191 0.157227 0.597168
0 0.157738 0.266183 0.0409226 0.0959821 0.587891
0 0.196243 0.338728 0.128348 0.0569196 0.555664
0 0.738839 0.380092 0.188988 0.33803 0.283691
0 0.202381 0.292411 0.0714286 0.156808 0.279785
0 0.154762 0.259905 0.0334822 0.078404 0.224731
0 0.928572 0.310268 0.0952381 0.119978 0.175537
0 0.299107 0.285156 0.0357143 0.0842634 0.168335
0 0.365327 0.277623 0.0372024 0.108817 0.151001
29 0.0208333 0.280971 0.0383185 0.0301339 0.147095
32 0.459821 0.393973 0.0267857 0.0234375 0.143188
0 0.465774 0.2101 0.0446429 0.0418527 0.135254
0 0.166667 0.26702 0.0416667 0.0959821 0.125488
0 0.709821 0.387556 0.1875 0.384487 0.124023
35 0.392857 0.492746 0.0982143 0.0803572 0.119995
0 0.374256 0.250279 0.130952 0.248884 0.105408
29 0.784226 0.301897 0.0580357 0.0552455 0.0953369
0 0.952381 0.232282 0.0357143 0.0357143 0.0927124
0 0.703869 0.31529 0.0654762 0.214286 0.0734253
16 0.195685 0.338728 0.12872 0.0569196 0.0611877
0 0.75372 0.320871 0.162202 0.196987 0.0600891
0 0.963542 0.268415 0.0654762 0.108259 0.0587769
35 0.781994 0.303292 0.0580357 0.0496652 0.0570679
0 0.167411 0.260324 0.0345982 0.0731027 0.0534973
0 0.943452 0.291364 0.0714286 0.153878 0.053009
0 0.688988 0.408482 0.0952381 0.310268 0.0524292
0 0.964286 0.289132 0.0684524 0.15053 0.0480347
51 0.787202 0.303571 0.0491071 0.0491071 0.042572
41 0.791667 0.301618 0.0446428 0.0541295 0.0417786
51 0.791667 0.30692 0.0357143 0.0412946 0.0417786
34 0.869048 0.231585 0.14881 0.0334821 0.0414734
35 0.155134 0.328683 0.0479911 0.0368304 0.0362244
0 0.336682 0.275042 0.0922619 0.109514 0.035675
0 0.653088 0.377162 0.11942 0.3863 0.035614
29 0.793155 0.296038 0.0357143 0.0446429 0.0346069
33 0.833333 0.256138 0.315476 0.0814732 0.0344849
25 0.833333 0.256138 0.315476 0.0814732 0.0332031
52 0.784226 0.301897 0.0580357 0.0552455 0.0318604
0 0.744792 0.376953 0.0431548 0.0714286 0.0305023
0 0.993304 0.24442 0.0133928 0.0479911 0.0299835
34 0.897322 0.23284 0.0922619 0.0251116 0.0297546
0 0.197545 0.291853 0.125744 0.148438 0.0294189
0 0.325893 0.307547 0.0684524 0.107003 0.0290833
32 0.482515 0.390625 0.0773809 0.0362723 0.0290833
0 0.298363 0.280971 0.0327381 0.061942 0.0284882
32 0.0212984 0.279855 0.0377604 0.0301339 0.0259552
49 0.787202 0.303571 0.0491071 0.0491071 0.0259552
0 0.77753 0.324149 0.114583 0.176479 0.0259094
32 0.239955 0.701451 0.0550595 0.0167411 0.0255585
32 0.912202 0.290179 0.0595238 0.0390625 0.0249939
35 0.468006 0.470703 0.0892857 0.0513393 0.0236969
0 0.366816 0.268485 0.0357143 0.0757533 0.0235596
29 0.790179 0.304409 0.0476191 0.047433 0.0231476
0 0.786458 0.305804 0.0967262 0.128348 0.0215302
2 0.466146 0.209263 0.0446429 0.0412947 0.021286
0 0.947917 0.272391 0.0565476 0.118164 0.0207977
0 0.717262 0.393415 0.0386905 0.0535714 0.0205231
77 0.196243 0.338728 0.128348 0.0569196 0.0202484
0 0.294271 0.277902 0.0349703 0.0898438 0.0199127
0 0.353795 0.269252 0.0595238 0.0948661 0.0187225
0 0.0199033 0.283203 0.0398066 0.093192 0.0185394
0 0.213914 0.267718 0.0327381 0.0806362 0.0182648
32 0.470982 0.392299 0.0550595 0.03125 0.0178528
34 0.890625 0.23856 0.165179 0.0491071 0.0178528
0 0.678571 0.314662 0.0892857 0.216657 0.0177155
34 0.912202 0.242746 0.154762 0.046875 0.016922
25 0.830357 0.317453 0.318452 0.204381 0.0167847
0 0.675595 0.332868 0.107143 0.271205 0.0165253
34 0.872768 0.233259 0.136905 0.0245536 0.0158997
0 0.281622 0.282366 0.0706845 0.117188 0.0154266
35 0.778274 0.311942 0.0505952 0.0295759 0.0151901
0 0.186756 0.268973 0.0450149 0.0976562 0.0149536
32 0.245536 0.489397 0.0200893 0.0133928 0.0149002
0 0.952381 0.270647 0.0401786 0.113839 0.0147324
0 0.174851 0.265346 0.0305059 0.0993304 0.0145569
0 0.334449 0.311384 0.104167 0.181362 0.0141754
0 0.702381 0.283203 0.0550595 0.047433 0.014061
33 0.830357 0.317453 0.318452 0.204381 0.014061
0 0.730655 0.33231 0.116071 0.244978 0.0138474
49 0.791667 0.30692 0.0357143 0.0412946 0.0137405
0 0.695685 0.401507 0.264881 0.367746 0.0136337
41 0.782738 0.302176 0.0595238 0.0535714 0.0135345
0 0.764881 0.33817 0.0892857 0.15067 0.0132217
2 0.43564 0.363281 0.0394345 0.0234375 0.0131683
33 0.834077 0.2726 0.322917 0.113281 0.0130234
0 0.311012 0.280971 0.0580357 0.117746 0.0125732
0 0.213914 0.339007 0.0907738 0.0558036 0.0124283
24 0.215774 0.351004 0.0885417 0.03125 0.012291
0 0.751488 0.37221 0.0535714 0.0753348 0.0111618
0 0.956845 0.238002 0.0461309 0.047433 0.0109482
41 0.793155 0.296038 0.0357143 0.0446429 0.0106506
25 0.466146 0.209263 0.0446429 0.0412947 0.0104904
0 0.59189 0.335659 0.286458 0.40625 0.0102463
0 0.415551 0.310547 0.18006 0.195871 0.0100098
0 0.301339 0.262695 0.03125 0.0583147 0.00997162
0 0.717262 0.376116 0.0386905 0.0892857 0.00993347
0 0.495536 0.280134 0.316964 0.257812 0.00955963
0 0.217262 0.269252 0.0238095 0.0569196 0.00948334
35 0.806548 0.267857 0.0565476 0.0396205 0.00945282
0 0.953869 0.244141 0.0416667 0.0613839 0.00941467
29 0.790923 0.285714 0.0327381 0.0245536 0.00867462
0 0.205729 0.265346 0.046503 0.093192 0.00857544
0 0.441964 0.453404 0.184524 0.166853 0.00847626
0 0.666667 0.243304 0.0803572 0.0892857 0.00844574
34 0.841518 0.234933 0.220238 0.0382255 0.00844574
0 0.322545 0.263672 0.0639881 0.0758929 0.00831604
33 0.785714 0.265625 0.0982143 0.0502232 0.00815582
11 0.479167 0.410435 0.107143 0.0803571 0.00806427
0 0.297619 0.268415 0.0297619 0.0412946 0.00784302
0 0.327381 0.273507 0.0677083 0.102539 0.00784302
0 0.717262 0.319475 0.0952381 0.209263 0.00784302
25 0.834077 0.2726 0.322917 0.113281 0.00769424
0 0.225074 0.265625 0.0409226 0.0691964 0.00760651
35 0.785714 0.308594 0.0476191 0.0412946 0.00748825
33 0.779762 0.274065 0.116071 0.0634766 0.00740433
26 0.913691 0.289062 0.0565476 0.0401786 0.00723267
0 0.300595 0.27002 0.03125 0.0258091 0.00720596
0 0.662946 0.311384 0.0877977 0.219866 0.00714874
33 0.422619 0.311942 0.184524 0.195312 0.00712204
33 0.913691 0.2899 0.0565476 0.0390625 0.00701141
26 0.218006 0.351562 0.0334821 0.0279018 0.00701141
0 0.364583 0.310756 0.0729167 0.196568 0.00698471
67 0.514509 0.240234 0.0215774 0.0195312 0.0069313
0 0.0197173 0.244141 0.0379464 0.0574777 0.0068512
0 0.705357 0.341239 0.0833333 0.239397 0.00677109
32 0.791667 0.301618 0.0446428 0.0541295 0.00666809
29 0.618304 0.130301 0.0386905 0.0267857 0.00661469
0 0.207403 0.228237 0.0438988 0.0345982 0.00661469
24 0.218006 0.351562 0.0334821 0.0279018 0.00661469
0 0.166295 0.247489 0.03125 0.0479911 0.00653839
38 0.829613 0.234096 0.25 0.0393415 0.0064621
0 0.151786 0.240792 0.03125 0.0446429 0.00638962
0 0.217634 0.239816 0.0528274 0.0549665 0.00636292
32 0.790923 0.285714 0.0327381 0.0245536 0.00629044
29 0.793899 0.30692 0.0357143 0.0385045 0.00619125
0 0.0189732 0.274833 0.0379464 0.0518973 0.00614548
25 0.0201823 0.279018 0.0390625 0.03125 0.00605011
0 0.833333 0.296247 0.330357 0.157506 0.00605011
0 0.149368 0.260742 0.0357143 0.0839844 0.005867
16 0.213914 0.339007 0.0907738 0.0558036 0.005867
0 0.296875 0.258231 0.0267857 0.0493861 0.00582123
0 0.518973 0.44308 0.345982 0.310268 0.00577545
32 0.793155 0.291853 0.0357143 0.0373884 0.00575256
67 0.511533 0.243025 0.0230655 0.0212054 0.00561905
32 0.618862 0.130162 0.0420387 0.0267857 0.00557709
0 0.28869 0.211356 0.0267857 0.0212054 0.00553513
38 0.86756 0.231306 0.160714 0.0323661 0.00536346
0 0.733631 0.232701 0.0238095 0.0209263 0.00534439
0 0.0197173 0.254743 0.0379464 0.0401786 0.0053215
16 0.215774 0.351004 0.0885417 0.03125 0.00526047
41 0.619048 0.130615 0.0401786 0.027832 0.00524139
35 0.434152 0.489397 0.173363 0.0870536 0.00502014
35 0.913691 0.290179 0.0565476 0.0390625 0.00492477
29 0.779762 0.277832 0.116071 0.0648716 0.00473785
0 0.18006 0.244001 0.0238095 0.047712 0.00471878
32 0.513393 0.391462 0.0357143 0.0334821 0.00471878
33 0.596726 0.234933 0.0639881 0.0368304 0.00469971
0 0.514881 0.196429 0.142857 0.0625 0.00468063
0 0.703869 0.268485 0.0565476 0.0802176 0.00460815
35 0.823661 0.271763 0.0208333 0.0195312 0.0045929
67 0.507441 0.241909 0.0223214 0.0212054 0.00457382
29 0.799107 0.272321 0.0684524 0.0507812 0.00457382
0 0.227307 0.238002 0.0409226 0.0485491 0.00443268
32 0.357143 0.407645 0.0223214 0.0106027 0.00436401
33 0.435268 0.366909 0.202381 0.306362 0.00436401
26 0.215774 0.351004 0.0885417 0.03125 0.00429916
34 0.921131 0.238281 0.125 0.0329241 0.00426483
32 0.436756 0.363281 0.0386905 0.0223214 0.00424957
0 0.981027 0.244141 0.0379464 0.0491071 0.0042305
37 0.578125 0.368931 0.498512 0.389369 0.00421524
0 0.159412 0.253069 0.0405506 0.0664062 0.00419998
0 0.941964 0.329799 0.0684524 0.0814732 0.00418091
0 0.218564 0.256557 0.0215774 0.0253906 0.00416565
52 0.791667 0.30692 0.0357143 0.0412946 0.00416565
0 0.965774 0.252232 0.0684524 0.0747768 0.00411606
38 0.0216704 0.280064 0.0362723 0.0269252 0.00411606
0 0.478795 0.410714 0.106399 0.0803571 0.00395966
29 0.327009 0.23019 0.0379464 0.015067 0.00392914
0 0.286458 0.292411 0.0520833 0.100446 0.00392914
0 0.735863 0.343262 0.078869 0.157227 0.00392914
37 0.417783 0.311454 0.177827 0.194057 0.00387001
0 0.476191 0.196289 0.0639881 0.0611049 0.00385475
0 0.658482 0.387835 0.16369 0.319196 0.00382423
37 0.53311 0.311942 0.40997 0.199219 0.00379562
35 0.790179 0.267857 0.0863095 0.0446429 0.00374985
0 0.30878 0.280692 0.0364583 0.0658482 0.0037365
0 0.182292 0.229771 0.0186012 0.0209263 0.00369263
33 0.787202 0.257812 0.0952381 0.0329241 0.00369263
0 0.287946 0.271763 0.0386905 0.0965402 0.00366402
0 0.0117188 0.240932 0.0234375 0.0507812 0.00365067
33 0.750744 0.245536 0.108631 0.0446429 0.00362206
35 0.822917 0.271484 0.0238095 0.0351562 0.00353813
34 0.875744 0.253906 0.248512 0.0753348 0.00352478
0 0.542783 0.180943 0.197173 0.12779 0.00349617
0 0.206845 0.267299 0.0431548 0.061942 0.00342941
26 0.316964 0.305246 0.0267857 0.0323661 0.00341606
34 0.931548 0.263253 0.104167 0.0990513 0.00340271
25 0.748512 0.276228 0.14881 0.118304 0.00338936
25 0.75372 0.260184 0.154762 0.0839844 0.00335121
0 0.197545 0.226144 0.046131 0.0276228 0.00323486
35 0.778274 0.310896 0.113095 0.140485 0.00321007
33 0.764137 0.280762 0.139881 0.0869141 0.00318527
25 0.834821 0.244141 0.291667 0.0597098 0.00314713
0 0.203683 0.224051 0.0383184 0.0262277 0.00313568
0 0.215774 0.351004 0.0885417 0.03125 0.00305176
0 0.538691 0.198103 0.190476 0.0669643 0.00305176
0 0.715588 0.313686 0.199777 0.211914 0.00305176
24 0.913691 0.289062 0.0565476 0.0401786 0.00302696
33 0.910714 0.291853 0.169643 0.15625 0.00299263
32 0.793899 0.30692 0.0357143 0.0385045 0.00298119
29 0.790179 0.267857 0.0863095 0.0446429 0.00294685
0 0.242188 0.28683 0.150298 0.145647 0.00294685
35 0.791667 0.30692 0.0357143 0.0412946 0.00293541
25 0.782738 0.259208 0.214286 0.0870536 0.00292397
36 0.195127 0.33817 0.129836 0.0569196 0.00292397
33 0.74628 0.248047 0.120536 0.0641741 0.00290108
0 0.247861 0.273438 0.133743 0.109375 0.00290108
2 0.735119 0.231166 0.0267857 0.0209264 0.00288963
0 0.389881 0.26981 0.13244 0.280692 0.00283432
29 0.240327 0.702009 0.0535714 0.015625 0.00282288
0 0.267113 0.288225 0.077381 0.115513 0.00281143
33 0.875744 0.253906 0.248512 0.0753348 0.00281143
0 0.15811 0.243164 0.0379464 0.0479911 0.00279045
0 0.727679 0.234375 0.0372024 0.0284598 0.00275803
33 0.834821 0.244141 0.291667 0.0597098 0.00274658
16 0.328869 0.293527 0.0967262 0.142857 0.00273705
0 0.343006 0.263672 0.0803571 0.0758929 0.00270462
26 0.157738 0.331473 0.0520833 0.0401786 0.0026722
38 0.840774 0.240234 0.297619 0.0502232 0.0026722
0 0.705357 0.344866 0.0535714 0.176339 0.00266266
34 0.916667 0.253348 0.101191 0.0625 0.00260162
34 0.910714 0.291853 0.169643 0.15625 0.00260162
26 0.218564 0.256557 0.0215774 0.0253906 0.00259018
0 0.252232 0.311384 0.209821 0.105469 0.00256157
0 0.948661 0.261858 0.102679 0.11077 0.00250244
0 0.195685 0.258092 0.0364583 0.0385045 0.0024929
35 0.356399 0.407366 0.0245536 0.0122768 0.0024929
0 0.459077 0.210659 0.0297619 0.0407366 0.00246239
33 0.258185 0.249442 0.0944941 0.0546875 0.00246239
38 0.872768 0.233259 0.136905 0.0245536 0.00240517
0 0.227493 0.249442 0.0345982 0.0345982 0.002388
0 0.309896 0.268903 0.0334821 0.0604074 0.00236893
0 0.645089 0.344238 0.276786 0.353934 0.00232315
0 0.294271 0.208984 0.0200893 0.0178571 0.00229645
35 0.196243 0.337054 0.129092 0.0524554 0.00228691
0 0.723214 0.235212 0.0223214 0.0237165 0.00226021
0 0.180432 0.254046 0.0275298 0.0343192 0.00226021
53 0.781994 0.303292 0.0580357 0.0496652 0.00225258
37 0.444196 0.321987 0.229167 0.220424 0.00224304
0 0.553199 0.472656 0.22247 0.261161 0.00223351
0 0.229539 0.232282 0.0349703 0.0373884 0.00222588
27 0.784226 0.301897 0.0580357 0.0552455 0.00221634
0 0.209821 0.27846 0.0379464 0.0658482 0.00220871
29 0.478795 0.410993 0.106399 0.0797991 0.00219917
0 0.260045 0.267718 0.104167 0.0901228 0.00219154
29 0.597842 0.235073 0.0691964 0.0362723 0.00218201
0 0.34003 0.289551 0.0461309 0.0905413 0.00217438
29 0.325149 0.231864 0.047619 0.0184152 0.00215721
34 0.922619 0.265346 0.0863096 0.0731027 0.00214958
33 0.747024 0.31815 0.177083 0.190709 0.00214005
0 0.301711 0.305873 0.0379464 0.0947266 0.00213242
32 0.0211124 0.270368 0.0370164 0.0496652 0.00210762
35 0.460566 0.479353 0.113839 0.0675223 0.00210762
0 0.588542 0.428013 0.456845 0.309152 0.00210762
32 0.478051 0.419643 0.0825893 0.0602679 0.00209999
35 0.952381 0.23019 0.0372024 0.030692 0.00208282
0 0.297991 0.24721 0.0200893 0.0270647 0.00208282
29 0.913691 0.290179 0.0565476 0.0390625 0.0020752
32 0.493676 0.392578 0.0461309 0.0323661 0.0020504
0 0.306548 0.287388 0.0446429 0.0658482 0.00202751
38 0.890625 0.23856 0.165179 0.0491071 0.00202751
0 0.705357 0.357143 0.0595238 0.13058 0.00198746
0 0.209263 0.249163 0.046131 0.0446429 0.00197983
0 0.508557 0.473493 0.310268 0.213728 0.0019722
24 0.157738 0.331473 0.0520833 0.0401786 0.00196457
32 0.153646 0.328683 0.0453869 0.0357143 0.00191879
24 0.227307 0.352121 0.061756 0.0290179 0.00191212
0 0.720982 0.383929 0.119048 0.352679 0.00190449
26 0.316964 0.304688 0.0200893 0.0290179 0.00189686
0 0.698661 0.387905 0.114583 0.370396 0.00189686
33 0.259766 0.265346 0.0995164 0.0837054 0.00188923
0 0.150298 0.271205 0.0528274 0.093192 0.00188923
0 0.834077 0.333426 0.330357 0.232701 0.00188923
54 0.791667 0.30692 0.0357143 0.0412946 0.00187492
0 0.754464 0.379743 0.0476191 0.0524554 0.00187492
0 0.46689 0.201172 0.0476191 0.0513393 0.00184631
0 0.701637 0.278181 0.0625 0.0602679 0.00183868
0 0.335566 0.279855 0.0491071 0.0764509 0.0018177
0 0.221354 0.23298 0.030506 0.0446429 0.0018034
26 0.782738 0.300781 0.0595238 0.0524554 0.0018034
33 0.778274 0.248605 0.0386904 0.0184152 0.00178909
67 0.509673 0.245675 0.0252976 0.0259487 0.00175476
0 0.723214 0.398438 0.0327381 0.0424107 0.00171375
