5 0.524411 0.507083 0.609677 0.549167 0.878906
0 0.889437 0.6275 0.0245209 0.09 0.350342
0 0.0193311 0.571667 0.0382441 0.166667 0.323486
0 0.896125 0.609583 0.0200625 0.1 0.296631
0 0.95074 0.5825 0.0200625 0.0975 0.222656
0 0.901141 0.604167 0.0167187 0.0883333 0.216064
0 0.0231886 0.515417 0.032201 0.055 0.191284
0 0.0665267 0.516667 0.0346914 0.0433334 0.166138
9 0.0835241 0.398333 0.0107279 0.0333333 0.163452
0 0.911729 0.588333 0.0156042 0.085 0.15979
1 0.169452 0.614167 0.105258 0.166667 0.129395
0 0.872719 0.568333 0.0111458 0.05 0.127686
0 0.933464 0.590417 0.0178333 0.0783333 0.113159
0 0.0189479 0.523333 0.0378958 0.07 0.092041
0 0.911729 0.5625 0.0156042 0.03 0.0903931
0 0.0280387 0.514167 0.0243815 0.0533333 0.0891113
1 0.19951 0.645417 0.0434688 0.101667 0.078064
0 0.904484 0.599167 0.013375 0.0833334 0.0754395
0 0.871604 0.595833 0.013375 0.0583334 0.0748901
0 0.935693 0.561667 0.0111458 0.0225 0.0684204
0 0.935693 0.58875 0.0122604 0.0791667 0.0678101
13 0.985292 0.616667 0.02675 0.0383333 0.0628052
0 0.929563 0.590833 0.0245209 0.0775 0.059967
0 0.872162 0.604167 0.0144897 0.0416667 0.0598755
9 0.206337 0.427083 0.0214557 0.0541667 0.0583496
0 0.95074 0.555 0.0178333 0.0416667 0.0568542
0 0.912286 0.556667 0.0156041 0.0383334 0.0552063
1 0.193937 0.622083 0.0560078 0.145833 0.0549927
1 0.198953 0.608333 0.0423542 0.0916667 0.0545959
0 0.904484 0.58875 0.0122604 0.0675 0.0541992
1 0.889995 0.634167 0.0245208 0.075 0.0541992
0 0.900583 0.597917 0.013375 0.0808334 0.0534058
0 0.0698008 0.515 0.039707 0.055 0.0533142
0 0.874948 0.557083 0.0111459 0.035 0.0513611
0 0.874391 0.564167 0.0111458 0.0466667 0.0499573
0 0.0840814 0.518333 0.0235456 0.0516667 0.0474243
0 0.867146 0.593333 0.0144896 0.0966667 0.0473328
0 0.0196794 0.5425 0.0378262 0.11 0.043457
0 0.863802 0.585833 0.013375 0.085 0.0427246
0 0.898354 0.584583 0.0167188 0.0491667 0.0413208
0 0.863802 0.60625 0.0156042 0.0716666 0.0409851
0 0.891667 0.616667 0.02675 0.108333 0.0401611
0 0.890552 0.581667 0.0111458 0.045 0.0387573
9 0.203272 0.424167 0.0125391 0.045 0.0370483
0 0.937365 0.589167 0.0178333 0.0783333 0.0369873
0 0.864359 0.593333 0.0178333 0.0983333 0.036499
0 0.0687559 0.6 0.0459766 0.218333 0.0358276
0 0.00568612 0.540417 0.0113722 0.0358333 0.0346985
0 0.873833 0.600833 0.0156041 0.0475 0.0343628
0 0.0108498 0.5825 0.0216995 0.15 0.0320435
0 0.00773242 0.525417 0.0149772 0.0658333 0.0318604
0 0.888323 0.592083 0.0156041 0.0533333 0.0309143
0 0.925104 0.587917 0.0356667 0.0875 0.0300446
1 0.190315 0.59875 0.0518281 0.1225 0.0282135
56 0.985292 0.616667 0.02675 0.0383333 0.0272675
1 0.886651 0.645833 0.0289792 0.0524999 0.0263519
16 0.886651 0.645833 0.0289792 0.0524999 0.0263519
0 0.0324971 0.5125 0.0205501 0.0516667 0.0253296
56 0.989193 0.616667 0.018948 0.0408333 0.0245209
0 0.88275 0.625833 0.0222917 0.0908333 0.022934
0 0.943495 0.555 0.0178333 0.0391667 0.0228882
56 0.884979 0.645833 0.0312083 0.0533333 0.0226288
1 0.202297 0.631667 0.0392891 0.0883333 0.0204926
0 0.88888 0.568333 0.00780211 0.0283334 0.0203705
1 0.203969 0.616667 0.0384531 0.0783333 0.0200195
0 0.872719 0.622917 0.0245209 0.0983333 0.019989
0 0.0421452 0.583333 0.0816432 0.19 0.019989
0 0.951854 0.601667 0.0178333 0.0533334 0.0192719
0 0.0776029 0.598333 0.057819 0.225 0.0186462
0 0.00792399 0.581667 0.015848 0.129167 0.0178528
0 0.916187 0.554583 0.0178333 0.0408333 0.0175781
0 0.872719 0.610833 0.0178333 0.065 0.0171814
0 0.0333678 0.51375 0.031487 0.0508333 0.016922
0 0.425214 0.463333 0.0657604 0.118333 0.0164032
74 0.951854 0.47 0.0200624 0.0316667 0.0158997
0 0.918417 0.577917 0.0156041 0.0683333 0.0155411
24 0.028805 0.685833 0.0303027 0.045 0.0151901
0 0.0631307 0.59875 0.0718558 0.223333 0.0149536
0 0.859344 0.6125 0.0156042 0.0783333 0.0142822
26 0.874391 0.605833 0.0156042 0.0416667 0.0134277
0 0.416297 0.475417 0.111458 0.1575 0.0129242
0 0.0606751 0.613333 0.0957148 0.195 0.0128708
0 0.862688 0.605 0.0178333 0.09 0.012825
1 0.985292 0.616667 0.02675 0.0383333 0.0127258
0 0.11522 0.54 0.0122604 0.0333333 0.012291
9 0.229326 0.417917 0.0261927 0.06 0.0122375
0 0.93625 0.557917 0.0122603 0.0316667 0.0115967
9 0.219016 0.423333 0.0473698 0.065 0.011116
56 0.979161 0.619167 0.0156041 0.03 0.0110703
13 0.98975 0.6175 0.0178333 0.0416667 0.0110321
1 0.193659 0.6125 0.0328802 0.09 0.0102463
0 0.905599 0.625417 0.0122604 0.0525 0.00993347
56 0.871604 0.644167 0.02675 0.0558333 0.00971222
16 0.88275 0.649167 0.02675 0.0458333 0.00963593
1 0.98975 0.6175 0.0178333 0.0416667 0.00923157
1 0.0117031 0.615417 0.02264 0.0883333 0.00898743
26 0.0287005 0.685833 0.0300937 0.045 0.0088501
9 0.856 0.355417 0.0189479 0.0375 0.00821686
0 0.0369902 0.5675 0.0600482 0.156667 0.00821686
28 0.150469 0.64 0.0652031 0.118333 0.00806427
0 0.881635 0.574167 0.0122604 0.0533333 0.00806427
9 0.208984 0.448333 0.0264714 0.02 0.00772476
0 0.0188086 0.513333 0.0274466 0.055 0.00769424
9 0.208706 0.425833 0.0284219 0.0633333 0.00746155
9 0.916745 0.368229 0.0167188 0.061875 0.00743103
13 0.0114419 0.6125 0.0220479 0.0916667 0.00740433
13 0.871604 0.644167 0.02675 0.0558333 0.00740433
56 0.884979 0.626667 0.0312083 0.0916666 0.0068512
1 0.205919 0.599167 0.0345521 0.0716667 0.00682449
13 0.979161 0.619167 0.0156041 0.03 0.00653839
0 0.280387 0.462083 0.0411003 0.0766667 0.00651169
0 0.438867 0.482083 0.0891667 0.1525 0.00638962
56 0.889995 0.634167 0.0245208 0.075 0.00629044
56 0.0114767 0.613333 0.0223265 0.0866666 0.00624084
0 0.0863802 0.521667 0.0390104 0.0616666 0.00616837
0 0.408495 0.478333 0.151026 0.174167 0.00551224
0 0.453635 0.52 0.0691042 0.0816666 0.00547028
9 0.0828971 0.39875 0.0153255 0.0366667 0.00521851
0 0.392891 0.463333 0.14601 0.16 0.00500107
56 0.890552 0.646667 0.0211771 0.0516667 0.0049057
2 0.842625 0.609583 0.0289792 0.0658333 0.00484848
2 0.157853 0.555833 0.0713333 0.0616666 0.00481033
0 0.0389408 0.5125 0.0349701 0.05 0.00479126
13 0.864359 0.6425 0.0300938 0.0733333 0.00475693
0 0.445276 0.49875 0.0858229 0.120833 0.00468063
58 0.0129048 0.572083 0.0254613 0.165 0.0046463
0 0.148658 0.505833 0.022013 0.045 0.0045929
0 0.93625 0.580833 0.0234063 0.0941667 0.00431442
13 0.0617201 0.625 0.0972474 0.174167 0.00428009
0 0.357781 0.461667 0.0724479 0.0808333 0.00418091
0 0.31487 0.4625 0.0640885 0.09 0.00413513
13 0.987521 0.612917 0.0200624 0.0466667 0.00407028
9 0.84151 0.363333 0.013375 0.0266667 0.00400543
0 0.283104 0.441667 0.0395677 0.085 0.00395966
56 0.0617201 0.625 0.0972474 0.174167 0.00391388
13 0.860458 0.66 0.0200625 0.0266667 0.00385475
0 0.383974 0.469167 0.0713333 0.0966667 0.00379562
56 0.872719 0.622917 0.0245209 0.0983333 0.0037365
0 0.927333 0.60125 0.0256354 0.0566667 0.00372124
5 0.621938 0.520104 0.470354 0.523125 0.00367928
0 0.453357 0.483333 0.0663177 0.065 0.00362206
0 0.867146 0.618333 0.0356667 0.115 0.0036068
1 0.20787 0.626667 0.0334375 0.0733333 0.00355148
1 0.905599 0.625417 0.0122604 0.0525 0.00341606
56 0.864359 0.6425 0.0300938 0.0733333 0.00335121
0 0.334096 0.4525 0.0479271 0.0633333 0.00327301
1 0.182792 0.61125 0.0367813 0.126667 0.00327301
0 0.279203 0.482083 0.0462552 0.113333 0.00322342
0 0.28394 0.47 0.0345521 0.0583333 0.00317192
0 0.415182 0.461667 0.0473698 0.108333 0.00316048
56 0.929563 0.596667 0.0234062 0.065 0.00313568
13 0.884979 0.645833 0.0312083 0.0533333 0.00311089
7 0.528034 0.507604 0.606891 0.549792 0.00311089
0 0.400414 0.49 0.0785781 0.113333 0.00309944
24 0.874391 0.605833 0.0156042 0.0416667 0.00309944
56 0.905599 0.625417 0.0122604 0.0525 0.003088
0 0.0118773 0.611667 0.0231973 0.0933333 0.00307465
0 0.0694525 0.525 0.0757917 0.0633333 0.00302696
28 0.158689 0.549167 0.0699401 0.0475 0.00301552
17 0.886651 0.645833 0.0289792 0.0524999 0.00298119
74 0.613578 0.238958 0.0256354 0.0379167 0.00294685
0 0.342734 0.453333 0.0334375 0.0583334 0.00290108
0 0.287562 0.431667 0.0356667 0.0683334 0.00287819
0 0.409052 0.477083 0.0613021 0.0908333 0.00287819
0 0.660948 0.415833 0.0222917 0.04 0.00286674
0 0.0868678 0.515833 0.0273073 0.065 0.0028553
5 0.848198 0.550417 0.0334374 0.176667 0.00284576
0 0.305953 0.465833 0.0512708 0.085 0.00283432
0 0.52274 0.559167 0.0367813 0.14 0.00283432
0 0.379237 0.467083 0.0579583 0.0825 0.00282288
0 0.567462 0.544167 0.0309297 0.0916666 0.00277901
56 0.927333 0.602083 0.0222917 0.0541667 0.00273705
0 0.829807 0.564583 0.0111458 0.0325 0.00271416
0 0.657604 0.41125 0.0222917 0.0466667 0.00270462
0 0.393169 0.475833 0.0757917 0.0916667 0.00269318
56 0.860458 0.66 0.0200625 0.0266667 0.00269318
9 0.234062 0.395833 0.0367812 0.105 0.00266266
0 0.425214 0.452083 0.0546146 0.0966667 0.00266266
2 0.0114245 0.594167 0.022431 0.14 0.00265312
0 0.541687 0.386667 0.0323229 0.065 0.00264168
1 0.891667 0.616667 0.02675 0.108333 0.00264168
56 0.87049 0.6575 0.0234063 0.0283334 0.00263214
0 0.0463945 0.525833 0.0165794 0.0225 0.00257111
0 0.882193 0.555833 0.0178333 0.0316667 0.00256157
0 0.603547 0.51875 0.0334375 0.0841667 0.00254059
0 0.327966 0.45625 0.0579583 0.085 0.00252151
0 0.526641 0.522917 0.0323229 0.0791667 0.0024929
0 0.432458 0.47375 0.0613021 0.0908333 0.00248146
0 0.942937 0.603333 0.0156042 0.0508333 0.00246239
9 0.0881217 0.40375 0.0192266 0.0433333 0.00245285
11 0.613578 0.238958 0.0256354 0.0379167 0.00243378
0 0.338555 0.45875 0.0473698 0.0666667 0.0024147
1 0.901698 0.636667 0.0156041 0.055 0.002388
9 0.951854 0.47 0.0200624 0.0308333 0.00237846
0 0.0462204 0.515 0.0252871 0.0416667 0.00231361
28 0.169835 0.614167 0.103099 0.173333 0.00227928
0 0.9095 0.605 0.0144897 0.0766666 0.00226021
0 0.539458 0.381667 0.0256354 0.0583333 0.00224304
0 0.0468473 0.521667 0.0212467 0.03 0.00222588
0 0.387875 0.487083 0.0746771 0.1025 0.00220871
3 0.169173 0.613333 0.104701 0.173333 0.00219917
9 0.840953 0.357396 0.013375 0.0385417 0.00218201
0 0.397349 0.515833 0.0713334 0.06 0.00218201
11 0.0828971 0.398333 0.0103099 0.0333333 0.00217438
28 0.0615981 0.625 0.0966553 0.174167 0.00216484
56 0.158689 0.549167 0.0699401 0.0475 0.00214958
58 0.991979 0.570417 0.013375 0.035 0.00210762
2 0.853213 0.609167 0.0111458 0.0683333 0.00209999
1 0.201461 0.6275 0.0484844 0.133333 0.00209999
0 0.38676 0.45375 0.0880521 0.125833 0.0020752
0 0.363354 0.463333 0.13375 0.158333 0.0020752
0 0.295365 0.49 0.0412396 0.0966667 0.00206757
13 0.974146 0.618333 0.0356667 0.0283334 0.00206757
0 0.567323 0.563333 0.0289792 0.0516667 0.00204277
0 0.369763 0.465833 0.0535 0.0733333 0.00201035
0 0.383138 0.514167 0.0451406 0.0516667 0.00201035
0 0.890552 0.646667 0.0211771 0.0516667 0.00201035
9 0.614135 0.239167 0.02675 0.0366667 0.00200272
13 0.0114245 0.594167 0.022431 0.14 0.00200272
2 0.840396 0.640833 0.0334375 0.14 0.00200272
0 0.529984 0.521667 0.0256354 0.0683333 0.00198746
60 0.0114419 0.6125 0.0220479 0.0916667 0.00198746
56 0.985292 0.605 0.0256354 0.06 0.0019722
0 0.472305 0.53625 0.0328802 0.07 0.00194931
5 0.804729 0.555 0.109229 0.338333 0.00194168
13 0.872719 0.622917 0.0245209 0.0983333 0.00193405
13 0.87049 0.6575 0.0234063 0.0283334 0.00191879
24 0.898354 0.584583 0.0167188 0.0491667 0.00189686
56 0.0944609 0.6275 0.0415182 0.1675 0.00188255
0 0.461438 0.485 0.0490417 0.0566667 0.00187492
28 0.927333 0.602083 0.0222917 0.0541667 0.00186062
0 0.434688 0.457083 0.0646458 0.11 0.00181007
0 0.0243206 0.516667 0.0460985 0.0666667 0.00181007
7 0.169835 0.614167 0.103099 0.173333 0.00181007
0 0.287005 0.484167 0.0334375 0.0833333 0.0018034
3 0.0129048 0.572083 0.0254613 0.165 0.00177479
60 0.985292 0.616667 0.02675 0.0383333 0.00177479
0 0.879406 0.565833 0.0200625 0.0633333 0.00175476
0 0.743427 0.431667 0.0156042 0.0316667 0.00174809
25 0.158863 0.547917 0.0695918 0.0458333 0.00174141
0 0.234062 0.395833 0.0367812 0.105 0.00172043
0 0.562725 0.553333 0.031487 0.0733333 0.00172043
26 0.929005 0.605833 0.0178333 0.0466667 0.00171375
58 0.98975 0.6175 0.0178333 0.0416667 0.00170708
0 0.884979 0.645833 0.0312083 0.0533333 0.00170708
0 0.437474 0.475417 0.047927 0.0666667 0.0017004
0 0.291742 0.478333 0.0395677 0.06 0.00168705
0 0.350815 0.502083 0.100312 0.0833333 0.00168705
0 0.420755 0.481667 0.0685469 0.103333 0.00168133
0 0.703859 0.428333 0.0144896 0.03 0.00167465
0 0.289234 0.475833 0.0295365 0.0566666 0.00167465
0 0.455586 0.54375 0.0635313 0.0583334 0.00166798
2 0.0129048 0.572083 0.0254613 0.165 0.00166798
3 0.0117031 0.615417 0.02264 0.0883333 0.00165462
0 0.706646 0.430833 0.0178333 0.0283333 0.00164223
0 0.952411 0.5475 0.0167188 0.0416667 0.00163555
0 0.653146 0.410417 0.013375 0.0475 0.00162888
0 0.94851 0.550833 0.0222917 0.045 0.00161076
0 0.991979 0.566667 0.0122604 0.0383334 0.00161076
1 0.0130789 0.6425 0.0175895 0.0324999 0.00161076
1 0.979161 0.619167 0.0156041 0.03 0.0015974
0 0.786896 0.438333 0.013375 0.03 0.00157928
56 0.891667 0.616667 0.02675 0.108333 0.00157928
0 0.332424 0.440833 0.0540573 0.0833333 0.00156116
0 0.41351 0.451667 0.0713333 0.11 0.00154877
0 0.288956 0.4625 0.0462552 0.0908333 0.00153065
0 0.377286 0.489167 0.0601875 0.09 0.00153065
0 0.286448 0.350417 0.0222917 0.0316667 0.00152493
0 0.898354 0.555 0.0156042 0.03 0.00152493
1 0.178055 0.611667 0.0284219 0.0966666 0.00152493
0 0.289513 0.35125 0.0250781 0.0358333 0.0014782
0 0.445555 0.479583 0.0462552 0.06 0.0014782
0 0.828135 0.5625 0.013375 0.0383333 0.00144958
0 0.746771 0.386667 0.00891666 0.02 0.00142097
13 0.0129048 0.572083 0.0254613 0.165 0.00141048
0 0.0130789 0.6425 0.0175895 0.0324999 0.00141048
0 0.332424 0.46125 0.148797 0.165833 0.00139427
0 0.46701 0.5175 0.0434688 0.0683334 0.00138283
0 0.567323 0.538333 0.02675 0.0683334 0.00137806
9 0.208427 0.495833 0.0309297 0.131667 0.00137234
56 0.852656 0.66875 0.00891676 0.0516666 0.00136662
0 0.902812 0.582917 0.0289791 0.100833 0.00136662
2 0.15423 0.61375 0.0847083 0.1775 0.00136662
0 0.441654 0.480833 0.0601875 0.0825 0.00135136
16 0.888323 0.63 0.0245208 0.085 0.00134563
56 0.901698 0.636667 0.0156041 0.055 0.00134563
0 0.62974 0.52375 0.0423542 0.101667 0.00132465
1 0.179727 0.625833 0.0328802 0.133333 0.00131989
56 0.911172 0.5925 0.0156042 0.0733333 0.00131512
0 0.61525 0.52125 0.0200625 0.0908333 0.00130939
0 0.285055 0.355833 0.02675 0.0316667 0.00128937
26 0.871604 0.60375 0.013375 0.0425 0.00128937
0 0.464781 0.497917 0.0417969 0.0308333 0.0012846
13 0.991979 0.6225 0.0156042 0.0416666 0.00127888
74 0.823677 0.361771 0.0256353 0.048125 0.00127411
58 0.985292 0.6175 0.0256354 0.0383333 0.00126934
1 0.987521 0.612917 0.0200624 0.0466667 0.00126457
0 0.465339 0.535 0.0479271 0.0725 0.0012598
13 0.158271 0.548333 0.0671536 0.045 0.00125504
0 0.425214 0.43375 0.0535 0.11 0.00124454
5 0.524969 0.507083 0.609677 0.550833 0.874023
0 0.889437 0.628333 0.0245209 0.0883333 0.33374
0 0.0192962 0.571667 0.0381745 0.166667 0.299805
0 0.891667 0.616667 0.0245208 0.108333 0.29834
0 0.896682 0.609167 0.0200624 0.0983333 0.269775
0 0.95074 0.5825 0.0200625 0.0975 0.202393
0 0.900583 0.604167 0.0156041 0.0875 0.202393
0 0.0233018 0.515 0.0320443 0.055 0.17334
0 0.911729 0.588333 0.0156042 0.085 0.153076
0 0.0665267 0.517083 0.0346914 0.0433333 0.151978
9 0.0835937 0.397917 0.0108672 0.0333334 0.149048
0 0.872719 0.568333 0.0111458 0.05 0.126343
0 0.934021 0.59 0.0178333 0.0783333 0.101562
0 0.911729 0.5625 0.0156042 0.0316667 0.0869141
1 0.169556 0.615833 0.105049 0.163333 0.0856934
0 0.0189479 0.52375 0.0378958 0.0708333 0.0817871
0 0.0282477 0.514167 0.0238939 0.0533333 0.0768433
0 0.871604 0.594167 0.013375 0.0616667 0.0690308
13 0.985292 0.616667 0.02675 0.0383333 0.0656128
0 0.935693 0.561667 0.0111458 0.0225 0.0654907
1 0.19951 0.645417 0.0434688 0.100833 0.0651245
0 0.903927 0.598333 0.013375 0.0825 0.0645142
9 0.206198 0.426667 0.0217344 0.0533333 0.0623169
0 0.902812 0.6075 0.013375 0.085 0.0621033
0 0.935693 0.58875 0.0122604 0.0791667 0.0585632
0 0.912286 0.556667 0.0156041 0.0383334 0.0574951
0 0.95074 0.555 0.0178333 0.0416667 0.0568542
1 0.193659 0.6225 0.0568438 0.145 0.0566406
0 0.874948 0.557083 0.0111459 0.0358333 0.0554199
1 0.198396 0.60375 0.0462552 0.105833 0.0514526
0 0.872162 0.604167 0.0144897 0.0416667 0.0510864
0 0.874391 0.56375 0.0111458 0.0466667 0.0501404
1 0.890552 0.634583 0.0245209 0.075 0.0495911
0 0.867146 0.5925 0.0144896 0.095 0.0445251
0 0.0699401 0.515 0.0395677 0.055 0.0421753
0 0.863802 0.585 0.013375 0.085 0.0413208
9 0.203272 0.424167 0.0128177 0.045 0.0408325
0 0.898354 0.584167 0.0167188 0.0483334 0.0404663
0 0.0842207 0.518333 0.0232669 0.0516667 0.0397949
0 0.0197142 0.54 0.0377565 0.104167 0.0392761
0 0.890552 0.581667 0.0111458 0.045 0.0387573
0 0.863802 0.606667 0.0156042 0.0716666 0.0368958
0 0.863802 0.5925 0.0178333 0.0983333 0.033905
0 0.937365 0.58875 0.0178333 0.0791667 0.0337219
0 0.00571224 0.540417 0.0114245 0.0358333 0.0333862
0 0.0107453 0.5825 0.0214906 0.149167 0.0323486
0 0.873833 0.600833 0.0156041 0.0475 0.0311432
0 0.00766276 0.525833 0.0148379 0.065 0.0299225
1 0.190594 0.598333 0.0535 0.121667 0.029541
0 0.888323 0.590417 0.0144897 0.0516667 0.02948
16 0.886651 0.645833 0.0289792 0.0516667 0.0282135
56 0.985292 0.616667 0.02675 0.0383333 0.0265503
0 0.925104 0.587083 0.0356667 0.0891667 0.0261536
0 0.942937 0.555 0.0178333 0.0391667 0.0239105
0 0.0689648 0.6 0.0451406 0.218333 0.0236969
1 0.19951 0.614167 0.0398464 0.08 0.0235138
0 0.0327757 0.5125 0.0209681 0.0508333 0.023468
0 0.929563 0.590833 0.0245209 0.0766667 0.0226746
1 0.886651 0.645833 0.0289792 0.0516667 0.021286
0 0.888323 0.568333 0.00891666 0.03 0.0208435
56 0.884979 0.645833 0.0312083 0.0533333 0.0204926
1 0.205083 0.608333 0.0367813 0.0883333 0.0192719
0 0.882193 0.625833 0.0222917 0.09 0.0190887
0 0.872719 0.623333 0.0245209 0.0975 0.0181274
1 0.202297 0.630833 0.0390104 0.0866667 0.0180511
0 0.916187 0.554583 0.0178333 0.04 0.0177155
0 0.00774984 0.580833 0.0154997 0.126667 0.0165863
74 0.951854 0.47 0.0200624 0.0316667 0.016098
9 0.229047 0.4175 0.02675 0.0608333 0.0158386
0 0.0414486 0.580833 0.0809466 0.184167 0.0154266
0 0.425492 0.463333 0.0652031 0.118333 0.0153046
0 0.0780208 0.599167 0.0587943 0.225 0.0152512
0 0.0338206 0.51375 0.031696 0.0508333 0.0150757
0 0.951854 0.601667 0.0178333 0.0533334 0.0148392
0 0.872719 0.610417 0.0178333 0.0633333 0.0142822
24 0.028805 0.685417 0.0302331 0.0449999 0.0137405
0 0.918417 0.575833 0.0156041 0.065 0.0136337
0 0.93625 0.557917 0.0122603 0.0316667 0.0134811
0 0.11515 0.54 0.0122604 0.0333333 0.012825
26 0.874948 0.605833 0.0156041 0.0416667 0.0127258
0 0.859344 0.612917 0.0156042 0.0766666 0.0120544
1 0.985292 0.616667 0.02675 0.0383333 0.0116425
56 0.979719 0.619167 0.0178333 0.03 0.0113754
0 0.0634616 0.59875 0.0725872 0.223333 0.0112915
9 0.219852 0.4225 0.0456979 0.065 0.0112457
0 0.862688 0.605 0.0178333 0.09 0.0108185
0 0.416854 0.472917 0.104771 0.1525 0.0106506
1 0.194773 0.611667 0.0362239 0.0916667 0.0104904
0 0.0147334 0.584583 0.0293275 0.1575 0.00989532
16 0.883307 0.649167 0.0278646 0.045 0.00974274
9 0.856 0.355417 0.0189479 0.0375 0.00971222
0 0.0606751 0.6125 0.0965508 0.198333 0.00967407
0 0.905042 0.625417 0.0111459 0.0525 0.00912476
9 0.208984 0.448333 0.0264714 0.02 0.00901794
56 0.871604 0.644167 0.02675 0.0558333 0.00901794
1 0.208148 0.62 0.0334375 0.07 0.00898743
0 0.881635 0.571667 0.0111458 0.05 0.0088501
26 0.0287354 0.685833 0.0300241 0.045 0.00857544
9 0.916745 0.369062 0.0167188 0.0602083 0.00831604
1 0.011738 0.615833 0.02264 0.0883333 0.00815582
0 0.398464 0.467917 0.132635 0.156667 0.00815582
9 0.208706 0.425833 0.0284219 0.0633333 0.00800323
28 0.150747 0.64 0.0652031 0.118333 0.00784302
0 0.0188434 0.513333 0.027377 0.0541667 0.00725937
13 0.979719 0.619167 0.0178333 0.03 0.00701141
0 0.0376956 0.539167 0.0572443 0.1 0.00679779
13 0.871604 0.644167 0.02675 0.0558333 0.00656509
56 0.884979 0.627083 0.0312083 0.0908333 0.00614548
0 0.280596 0.46125 0.0406823 0.0758333 0.00602722
0 0.148518 0.505833 0.0217344 0.045 0.00566483
2 0.159107 0.550417 0.0704974 0.0508333 0.00561905
13 0.0114071 0.6125 0.0219782 0.0933333 0.0055542
0 0.280596 0.4475 0.040125 0.0833333 0.00548935
56 0.890552 0.634583 0.0245209 0.075 0.00538635
0 0.0873555 0.520833 0.0365026 0.06 0.0053215
0 0.0230928 0.569167 0.0285612 0.153333 0.00530243
0 0.417411 0.481667 0.139323 0.17 0.00502014
0 0.453635 0.519167 0.0691042 0.0808333 0.00494385
56 0.0114419 0.613333 0.0222568 0.0866666 0.0049057
9 0.0828971 0.398333 0.0154648 0.0366667 0.00488663
0 0.0391497 0.5125 0.0348307 0.05 0.00462723
0 0.438589 0.481667 0.0880521 0.153333 0.00460815
9 0.84151 0.363333 0.013375 0.0266667 0.00424957
0 0.35806 0.46125 0.0718906 0.08 0.00424957
0 0.31487 0.4625 0.062974 0.0883333 0.00419998
13 0.865474 0.64125 0.0312083 0.07 0.00418091
56 0.890552 0.646667 0.0211771 0.0508333 0.00416565
0 0.93625 0.580833 0.0222917 0.0933333 0.00387001
0 0.453635 0.483333 0.0657604 0.065 0.00383949
0 0.450292 0.501667 0.0769063 0.116667 0.00372124
1 0.183488 0.60875 0.0381745 0.125 0.00370789
13 0.061929 0.625 0.0973867 0.175 0.00367928
0 0.285055 0.434167 0.036224 0.075 0.00363541
58 0.0130093 0.571667 0.0256702 0.165 0.00359344
28 0.158689 0.54875 0.0702188 0.0466667 0.00358009
0 0.384531 0.4675 0.0713333 0.1 0.00355148
0 0.829807 0.564583 0.0111458 0.0325 0.00348282
2 0.842625 0.60875 0.0278646 0.0633333 0.00348282
9 0.233784 0.395833 0.036224 0.103333 0.00346947
56 0.061929 0.625 0.0973867 0.175 0.00346947
56 0.872719 0.623333 0.0245209 0.0975 0.00344276
0 0.927333 0.601667 0.0245208 0.0566666 0.00327301
0 0.334932 0.4525 0.0456979 0.0633333 0.00316048
0 0.0114071 0.6125 0.0219782 0.0933333 0.00316048
0 0.306232 0.465417 0.0523854 0.085 0.00312424
0 0.279482 0.48125 0.0451406 0.11 0.00311089
13 0.860458 0.66 0.0200625 0.0266667 0.00311089
1 0.905042 0.625417 0.0111459 0.0525 0.00305176
0 0.0701491 0.525 0.0730052 0.06 0.00298119
0 0.88275 0.555833 0.0178333 0.0316667 0.00296974
0 0.54113 0.386667 0.0300937 0.065 0.00293541
0 0.0870768 0.515833 0.0273073 0.065 0.00292397
0 0.343013 0.452917 0.0328802 0.0575 0.00291252
13 0.884979 0.645833 0.0312083 0.0533333 0.00290108
0 0.41574 0.460833 0.0468125 0.108333 0.00288963
56 0.865474 0.64125 0.0312083 0.07 0.00284576
0 0.400414 0.49 0.0785781 0.1125 0.00283432
0 0.28394 0.47 0.0345521 0.0566667 0.00276756
1 0.891667 0.616667 0.02675 0.106667 0.00269318
0 0.379516 0.466667 0.0579583 0.0816667 0.0026722
0 0.660948 0.415833 0.0222917 0.04 0.00266266
0 0.0463249 0.525833 0.0163008 0.0216667 0.00265312
0 0.425214 0.452083 0.0535 0.0958334 0.00261116
56 0.905042 0.625417 0.0111459 0.0525 0.00261116
11 0.613578 0.238958 0.0256354 0.0375 0.00260162
0 0.86826 0.61875 0.0356667 0.111667 0.00257111
0 0.53918 0.38125 0.0245208 0.0558333 0.00255013
9 0.0880521 0.403333 0.0192266 0.0433333 0.00253105
24 0.874948 0.605833 0.0156041 0.0416667 0.00251198
9 0.840953 0.3575 0.013375 0.0383334 0.00246239
0 0.657604 0.41125 0.0222917 0.0466667 0.00246239
0 0.328245 0.455833 0.0568438 0.0833333 0.00246239
74 0.613578 0.238958 0.0256354 0.0375 0.00242424
0 0.339391 0.458333 0.0456979 0.0666666 0.00242424
56 0.929562 0.5975 0.0222917 0.065 0.0024147
7 0.52887 0.508437 0.606333 0.553125 0.0024147
0 0.392891 0.475 0.0774635 0.0933333 0.00240517
0 0.410167 0.476667 0.0579583 0.09 0.00239754
56 0.87049 0.6575 0.0234063 0.0283334 0.00232315
0 0.56788 0.544167 0.0300938 0.09 0.00231361
2 0.0113548 0.593333 0.022431 0.14 0.00230598
0 0.0457676 0.515 0.0260534 0.0416667 0.00228691
0 0.523297 0.5575 0.0373385 0.136667 0.00227928
0 0.461438 0.485 0.0490417 0.055 0.00226974
17 0.886651 0.645833 0.0289792 0.0516667 0.00224304
0 0.526641 0.523333 0.0323229 0.0783333 0.00221634
0 0.0467428 0.521667 0.0215951 0.03 0.00221634
56 0.158689 0.54875 0.0702188 0.0466667 0.00221634
5 0.848198 0.555 0.0334374 0.1675 0.00221634
0 0.38676 0.453333 0.0858229 0.125833 0.00220871
0 0.396792 0.515833 0.0691042 0.0583334 0.00219917
0 0.433016 0.473333 0.0585156 0.0891667 0.00219154
26 0.929005 0.605833 0.0178333 0.0466667 0.00214958
9 0.614135 0.239375 0.02675 0.0366667 0.00214005
9 0.951854 0.47 0.0200624 0.0308333 0.00213242
1 0.901141 0.636667 0.0156042 0.055 0.00212479
56 0.860458 0.66 0.0200625 0.0266667 0.00211525
0 0.879406 0.564167 0.0178333 0.0616666 0.00209999
28 0.170218 0.614167 0.103169 0.173333 0.00209045
58 0.991979 0.570417 0.013375 0.035 0.0020752
28 0.0617375 0.625 0.0969339 0.175 0.0020504
0 0.434409 0.457083 0.0629739 0.109167 0.00204277
0 0.604104 0.517917 0.0334375 0.0825 0.00202751
13 0.974146 0.618333 0.0356667 0.0283334 0.00202751
56 0.927333 0.602083 0.0222917 0.0541667 0.00200272
0 0.942937 0.603333 0.0156042 0.0508333 0.00199509
9 0.918417 0.363333 0.0178333 0.0725 0.00197983
0 0.370042 0.465833 0.0523854 0.0716667 0.00195694
0 0.382859 0.514167 0.0434688 0.05 0.00194168
0 0.295086 0.49 0.0412396 0.095 0.00192642
56 0.985292 0.60625 0.0256354 0.0575 0.00192642
0 0.743427 0.432083 0.0156042 0.0325 0.00190449
60 0.985292 0.616667 0.02675 0.0383333 0.00190449
3 0.169277 0.612917 0.104771 0.173333 0.00190449
24 0.898354 0.584167 0.0167188 0.0483334 0.00189686
11 0.0828971 0.398333 0.0101706 0.0333333 0.00188923
0 0.233784 0.395833 0.036224 0.103333 0.00188255
0 0.704417 0.428333 0.0156042 0.03 0.00187492
0 0.530263 0.521667 0.0250781 0.0683333 0.00187492
0 0.828693 0.5625 0.013375 0.0391666 0.00187492
7 0.170218 0.614167 0.103169 0.173333 0.00186729
28 0.927333 0.602083 0.0222917 0.0541667 0.00185299
0 0.286448 0.481667 0.0339948 0.0758333 0.00183868
0 0.952969 0.547083 0.0156042 0.0408333 0.00183105
2 0.853213 0.609167 0.0100313 0.0683333 0.00183105
0 0.9095 0.604167 0.0144897 0.075 0.00181007
0 0.94851 0.550833 0.0222917 0.045 0.0018034
0 0.453357 0.534167 0.0685469 0.07 0.00177479
58 0.988635 0.6175 0.0200625 0.0408333 0.00177479
0 0.387875 0.486667 0.0746771 0.101667 0.00176811
0 0.898354 0.554167 0.0156042 0.03 0.00176811
0 0.565094 0.564167 0.0312084 0.0516667 0.00176144
13 0.872719 0.623333 0.0245209 0.0975 0.00175476
0 0.706646 0.430417 0.0178333 0.0291667 0.00174141
0 0.786896 0.438333 0.013375 0.03 0.00174141
1 0.178473 0.610833 0.0289792 0.0966667 0.00174141
5 0.62138 0.519167 0.473698 0.53 0.00174141
0 0.472583 0.537083 0.0312084 0.0683334 0.00173378
0 0.363076 0.4625 0.130964 0.155 0.00173378
0 0.991979 0.566667 0.0122604 0.0383334 0.0017271
0 0.746771 0.38625 0.00891666 0.02 0.00171375
13 0.87049 0.6575 0.0234063 0.0283334 0.00168133
60 0.0114071 0.6125 0.0219782 0.0933333 0.00165462
56 0.891667 0.616667 0.02675 0.106667 0.00165462
1 0.979719 0.619167 0.0178333 0.03 0.0016489
1 0.0130964 0.6425 0.017694 0.0333333 0.0016489
74 0.235177 0.179583 0.062974 0.0791667 0.00164223
0 0.41574 0.45125 0.0646458 0.11 0.0015974
2 0.0130093 0.571667 0.0256702 0.165 0.0015974
0 0.286448 0.350833 0.0222917 0.0316667 0.00159168
0 0.421312 0.480833 0.0657604 0.1025 0.00157928
0 0.890552 0.646667 0.0211771 0.0508333 0.00157928
0 0.437753 0.475 0.0468125 0.065 0.00156689
13 0.0113548 0.593333 0.022431 0.14 0.00156689
0 0.289792 0.351771 0.0245208 0.0364583 0.00156116
0 0.351094 0.502083 0.100312 0.0825 0.00155449
0 0.653146 0.410417 0.013375 0.0475 0.00154305
0 0.332703 0.44 0.0529427 0.0833333 0.00154305
0 0.455307 0.544167 0.0635313 0.0566667 0.00153637
3 0.0130093 0.571667 0.0256702 0.165 0.00153065
0 0.291464 0.428333 0.0300937 0.0633333 0.00150108
0 0.525526 0.541667 0.0356667 0.1 0.00150108
0 0.0243206 0.515833 0.0459591 0.065 0.00150108
0 0.884979 0.645833 0.0312083 0.0533333 0.00149536
0 0.291464 0.4775 0.0395677 0.0583334 0.00148964
3 0.011738 0.615833 0.02264 0.0883333 0.0014782
1 0.200764 0.630833 0.0490417 0.126667 0.0014782
0 0.444997 0.479167 0.0445834 0.0583334 0.00145531
16 0.888323 0.63 0.0245208 0.0833333 0.00144958
13 0.158271 0.548333 0.0674323 0.045 0.00144386
0 0.332216 0.46 0.141413 0.16 0.00144386
0 0.288956 0.460833 0.0462552 0.0933333 0.0014267
0 0.46506 0.4975 0.0417969 0.0308333 0.00141621
9 0.866589 0.354583 0.00891666 0.0375 0.00141048
0 0.285333 0.355833 0.02675 0.0316667 0.00141048
74 0.823677 0.361667 0.0256353 0.0483333 0.00141048
2 0.840396 0.64 0.0334375 0.138333 0.00141048
9 0.859344 0.35375 0.0178333 0.0366667 0.00138283
0 0.467568 0.516667 0.0423542 0.0683333 0.00137806
1 0.180562 0.625 0.0334375 0.133333 0.00137806
25 0.158793 0.547917 0.0697311 0.0458333 0.00135612
0 0.425214 0.433333 0.0523854 0.11 0.00135136
1 0.206198 0.582083 0.0300938 0.0575 0.00133038
0 0.563422 0.553333 0.0312083 0.0733333 0.00131512
0 0.372828 0.444167 0.104771 0.123333 0.00130939
0 0.741198 0.43375 0.013375 0.03 0.00129986
0 0.465896 0.489167 0.0423542 0.0466667 0.00129414
5 0.804729 0.555 0.111458 0.34 0.00129414
0 0.377008 0.49 0.0590729 0.0866667 0.00128937
0 0.599646 0.5225 0.0312083 0.0816667 0.00128937
0 0.0130964 0.6425 0.017694 0.0333333 0.00127411
0 0.902255 0.581667 0.0278646 0.0983333 0.0012598
0 0.441375 0.480833 0.0568438 0.0816667 0.00125504
26 0.871604 0.60375 0.013375 0.0425 0.00125504
2 0.736182 0.561667 0.0200625 0.045 0.00122547
1 0.205362 0.577083 0.0273073 0.0425 0.00122547
26 0.898354 0.60375 0.0178333 0.0858333 0.0012064
13 0.990865 0.6225 0.0156042 0.0408334 0.0012064
0 0.371714 0.509167 0.0540573 0.0533333 0.00119686
28 0.929005 0.605833 0.0178333 0.0466667 0.00119686
5 0.525805 0.507083 0.611349 0.5525 0.874023
0 0.889437 0.628333 0.0245209 0.0883333 0.332031
0 0.0199319 0.5725 0.038575 0.168333 0.291748
0 0.891667 0.61625 0.0245208 0.1075 0.290283
0 0.896682 0.608333 0.0200624 0.0966666 0.266602
0 0.900583 0.604167 0.0156041 0.0875 0.203735
0 0.95074 0.5825 0.0200625 0.0983333 0.201782
0 0.023206 0.515 0.0321662 0.055 0.177246
9 0.0835937 0.397917 0.0108672 0.0333334 0.161377
0 0.0664744 0.516667 0.0347959 0.0433334 0.157104
0 0.911729 0.588333 0.0156042 0.085 0.152588
0 0.872719 0.568333 0.0111458 0.05 0.127197
0 0.934021 0.59 0.0178333 0.0791667 0.0987549
0 0.911729 0.563333 0.0156042 0.0333333 0.0869141
0 0.0189479 0.52375 0.0378958 0.0716667 0.085083
9 0.206198 0.425 0.0203411 0.0533333 0.0820923
0 0.0283435 0.514167 0.023563 0.0533333 0.0733032
0 0.871604 0.5925 0.013375 0.0658333 0.0684204
1 0.169939 0.61375 0.103169 0.171667 0.0670776
13 0.985292 0.616667 0.02675 0.0383333 0.0665894
1 0.194216 0.624167 0.0557292 0.141667 0.0656128
0 0.903927 0.598333 0.013375 0.0825 0.0626831
0 0.935693 0.561667 0.0111458 0.0233333 0.062439
0 0.912286 0.556667 0.0156041 0.0383334 0.0614319
0 0.902812 0.6075 0.013375 0.0858333 0.0608521
0 0.95074 0.554583 0.0178333 0.0416667 0.0579224
1 0.19951 0.645417 0.0434688 0.100833 0.0570679
0 0.874948 0.557083 0.0111459 0.0358333 0.0569763
9 0.203411 0.424167 0.013375 0.0466667 0.0562439
0 0.935135 0.588333 0.0111458 0.08 0.0558167
1 0.198535 0.604167 0.0462552 0.103333 0.0526123
0 0.874391 0.564167 0.0111458 0.0466667 0.0495911
0 0.903927 0.587917 0.0111458 0.0658333 0.0493164
0 0.867146 0.5925 0.0144896 0.095 0.0472412
0 0.872162 0.604167 0.0144897 0.0416667 0.0465393
1 0.889995 0.63375 0.0234063 0.0766666 0.0450134
0 0.863802 0.585 0.013375 0.0841667 0.0437012
9 0.207591 0.4275 0.02675 0.0583333 0.0427246
0 0.0698704 0.515 0.0395677 0.055 0.0405273
0 0.898354 0.584167 0.0167188 0.0483334 0.0403748
0 0.910057 0.582083 0.0156042 0.0691667 0.0402527
0 0.890552 0.58125 0.0111458 0.0458333 0.0390625
0 0.0842904 0.518333 0.0232669 0.0516667 0.0388184
0 0.863802 0.605833 0.0156042 0.0733333 0.0380249
0 0.864917 0.597083 0.0222917 0.1075 0.036438
0 0.863802 0.5925 0.0167187 0.0975 0.0348816
0 0.00571224 0.540417 0.0114245 0.0358333 0.0342407
0 0.0112852 0.592917 0.0222917 0.141667 0.033783
0 0.937365 0.588333 0.0178333 0.08 0.0320435
0 0.00747119 0.525833 0.0145244 0.065 0.0319214
1 0.190733 0.59875 0.0540573 0.120833 0.0309143
0 0.888323 0.589583 0.013375 0.0508334 0.0294189
0 0.873833 0.600833 0.0156041 0.0483334 0.0291443
16 0.886651 0.645833 0.0289792 0.0516667 0.0269623
0 0.925104 0.586667 0.0356667 0.09 0.0250854
0 0.942937 0.555 0.0178333 0.04 0.0248413
56 0.985292 0.616667 0.02675 0.0383333 0.0243378
9 0.229047 0.4175 0.0261927 0.0608333 0.0239563
0 0.032915 0.5125 0.0210378 0.0508333 0.0231934
0 0.888323 0.568333 0.00891666 0.03 0.0217438
1 0.19951 0.6125 0.0398464 0.0816666 0.021698
56 0.987521 0.6125 0.0211771 0.0466667 0.0208893
0 0.0129919 0.571667 0.0257051 0.165 0.0207977
0 0.929563 0.590833 0.0245209 0.0766667 0.0204468
1 0.205083 0.6075 0.0373385 0.0883333 0.0204163
0 0.916745 0.554583 0.0167188 0.04 0.0187988
1 0.886651 0.645833 0.0289792 0.0516667 0.0186157
74 0.951854 0.47 0.0200624 0.0316667 0.0179138
0 0.872719 0.623333 0.0245209 0.0975 0.0174408
0 0.881635 0.625833 0.0211771 0.0891667 0.0173035
0 0.0691738 0.599167 0.0443047 0.216667 0.0172424
1 0.202297 0.62875 0.0390104 0.0825 0.0171814
56 0.884979 0.645833 0.0312083 0.0524999 0.0170441
0 0.00754085 0.580417 0.0150817 0.125 0.0162811
0 0.425214 0.463333 0.0646458 0.1175 0.0161591
1 0.890552 0.6475 0.0200624 0.0483334 0.0156708
0 0.93625 0.557917 0.0122603 0.0316667 0.0148392
9 0.221105 0.422083 0.0426328 0.0641667 0.0144501
0 0.0339948 0.513333 0.0316263 0.05 0.0144501
0 0.0411003 0.578333 0.0805286 0.18 0.0143356
0 0.11515 0.54 0.0122604 0.0333333 0.0134277
0 0.918417 0.575 0.0156041 0.065 0.0134277
26 0.874948 0.605833 0.0156041 0.0416667 0.0132217
0 0.0783691 0.599167 0.0592122 0.225 0.0131683
0 0.951854 0.601667 0.0178333 0.0533334 0.0130234
24 0.028805 0.685417 0.0301634 0.0449999 0.012825
0 0.872719 0.61 0.0178333 0.0625 0.0126724
16 0.890552 0.6475 0.0200624 0.0483334 0.0121918
0 0.859344 0.6125 0.0156042 0.0766667 0.0113754
9 0.856 0.355417 0.0189479 0.0375 0.0112457
1 0.985292 0.616667 0.02675 0.0383333 0.0111618
9 0.208845 0.448333 0.0264714 0.02 0.0109863
0 0.862688 0.604167 0.0178333 0.0933334 0.0103302
0 0.419919 0.47 0.0919531 0.145 0.0102463
56 0.979719 0.619167 0.0156041 0.03 0.0102081
0 0.881635 0.571667 0.0111458 0.05 0.0101318
9 0.916745 0.369167 0.0167188 0.06 0.00967407
16 0.88275 0.649583 0.02675 0.0441667 0.00923157
0 0.0640885 0.59875 0.0724479 0.223333 0.00901794
1 0.20787 0.62 0.0334375 0.07 0.00894928
0 0.905042 0.625 0.0111459 0.0525 0.00878143
26 0.0287005 0.685417 0.0300241 0.0449999 0.00831604
0 0.399021 0.466667 0.128177 0.151667 0.00793457
56 0.871604 0.644167 0.02675 0.0566666 0.0077858
0 0.0607274 0.611667 0.0975609 0.2 0.00737381
13 0.979719 0.619167 0.0156041 0.03 0.00674438
1 0.0117554 0.615833 0.0226051 0.0866666 0.00674438
0 0.0383748 0.523333 0.0558859 0.07 0.00658798
28 0.150713 0.64 0.0652728 0.118333 0.0064888
2 0.158271 0.553333 0.0702187 0.0566666 0.00612259
0 0.148518 0.505833 0.0217344 0.045 0.006073
13 0.871604 0.644167 0.02675 0.0566666 0.00593567
0 0.280596 0.460833 0.0406823 0.0758333 0.00591278
0 0.280596 0.44625 0.040125 0.085 0.00566483
9 0.0828971 0.398333 0.0154648 0.0366667 0.00540543
0 0.0876341 0.52 0.0356667 0.0583333 0.00534439
9 0.233227 0.395833 0.0351094 0.103333 0.0051384
0 0.0230579 0.56875 0.0284915 0.150833 0.00510025
56 0.884979 0.6275 0.0312083 0.09 0.0049057
0 0.453635 0.518333 0.0691042 0.08 0.00486755
0 0.418526 0.481667 0.137094 0.168333 0.00471878
13 0.987521 0.6125 0.0211771 0.0466667 0.00468063
0 0.41769 0.461667 0.0462552 0.115 0.00466537
0 0.358339 0.460833 0.0702188 0.0783333 0.00462723
9 0.84151 0.363333 0.013375 0.0266667 0.00460815
0 0.31487 0.462083 0.0618594 0.0883333 0.00448608
13 0.0113374 0.612083 0.0219085 0.0933333 0.00441742
56 0.889995 0.63375 0.0234063 0.0766666 0.00429916
0 0.438031 0.480833 0.0869375 0.151667 0.00426483
0 0.453635 0.483333 0.0657604 0.0633333 0.00415039
0 0.285055 0.434167 0.036224 0.0733333 0.00397491
28 0.158689 0.548333 0.0704974 0.0466667 0.00385475
0 0.450292 0.501667 0.0763489 0.113333 0.00380898
0 0.384531 0.46625 0.0702187 0.0991667 0.00378036
0 0.914516 0.55125 0.018948 0.0433334 0.00378036
0 0.829807 0.564583 0.0111458 0.0325 0.00370789
56 0.0113896 0.613333 0.0221523 0.0866666 0.00370789
1 0.183767 0.608333 0.0387318 0.12 0.00367928
13 0.865474 0.64 0.0312083 0.07 0.00355148
0 0.333818 0.456667 0.0529427 0.07 0.00351143
13 0.0620684 0.625 0.0978047 0.175 0.00349617
0 0.0113374 0.612083 0.0219085 0.0933333 0.00336266
56 0.890552 0.6475 0.0200624 0.0483334 0.00327301
0 0.88275 0.555833 0.0167188 0.0316667 0.00325966
0 0.00938688 0.524167 0.0171715 0.0733333 0.00322342
0 0.343292 0.452917 0.0323229 0.0575 0.00317192
0 0.0704277 0.524167 0.0706367 0.0583334 0.00313568
0 0.282547 0.469167 0.036224 0.0616667 0.00311089
0 0.927333 0.601667 0.0245208 0.0566666 0.00311089
0 0.0870768 0.515833 0.0273073 0.065 0.00307465
58 0.0129919 0.571667 0.0257051 0.165 0.00307465
0 0.27976 0.479583 0.044026 0.105833 0.00302696
9 0.0880521 0.403333 0.0189479 0.0416667 0.00300407
0 0.400135 0.490417 0.0774636 0.110833 0.00299263
1 0.905042 0.625 0.0111459 0.0525 0.0029583
0 0.433573 0.4575 0.0579583 0.106667 0.00294685
56 0.0620684 0.625 0.0978047 0.175 0.00291252
0 0.379237 0.465833 0.0568438 0.0816667 0.00288963
56 0.872719 0.623333 0.0245209 0.0975 0.00287819
9 0.840953 0.357396 0.013375 0.0385417 0.00281143
0 0.425214 0.451667 0.0523854 0.0933333 0.00279045
11 0.613578 0.23875 0.0256354 0.0375 0.00276756
0 0.04629 0.525833 0.0160918 0.0216667 0.00275803
0 0.328245 0.455833 0.0568438 0.0825 0.00266266
0 0.54113 0.386667 0.0289792 0.0633333 0.00263214
0 0.461438 0.485 0.0490417 0.055 0.00263214
13 0.860458 0.66 0.0189479 0.025 0.00263214
2 0.842625 0.608333 0.0278646 0.0633333 0.00261116
13 0.884979 0.645833 0.0312083 0.0524999 0.00259018
9 0.614135 0.239167 0.0256354 0.0366667 0.00258064
0 0.393169 0.475 0.076349 0.0916666 0.00253105
9 0.951854 0.47 0.0200624 0.0308333 0.00252151
26 0.928448 0.605833 0.0178333 0.0466667 0.00252151
0 0.386203 0.453333 0.0813646 0.123333 0.00243378
0 0.660948 0.415833 0.0222917 0.04 0.00242424
0 0.410724 0.47625 0.0551718 0.0891667 0.0024147
0 0.394562 0.515833 0.0646458 0.0566666 0.0024147
24 0.874948 0.605833 0.0156041 0.0416667 0.0024147
0 0.305953 0.469167 0.0579583 0.0816667 0.00240517
0 0.879406 0.565 0.0178333 0.0616667 0.00237846
0 0.538901 0.379583 0.0239635 0.0525 0.00236893
0 0.86826 0.618333 0.034552 0.111667 0.00234222
74 0.613578 0.23875 0.0256354 0.0375 0.00231361
0 0.0467428 0.521667 0.0215951 0.03 0.00231361
0 0.0456979 0.515 0.0261927 0.0416667 0.00230598
1 0.891109 0.617083 0.0256354 0.106667 0.00229645
9 0.918417 0.363333 0.0178333 0.0725 0.00224304
28 0.061929 0.625 0.0973867 0.175 0.00223351
0 0.526641 0.523333 0.0323229 0.0766667 0.00220871
56 0.865474 0.64 0.0312083 0.07 0.00218201
0 0.344964 0.458333 0.0390104 0.0666666 0.00217438
0 0.657604 0.41125 0.0211771 0.0466667 0.00214958
56 0.905042 0.625 0.0111459 0.0525 0.00214958
7 0.529984 0.509167 0.607448 0.553333 0.00214958
0 0.370599 0.465 0.0512708 0.0716666 0.00212479
0 0.0412744 0.511667 0.0311387 0.05 0.00211525
0 0.382859 0.514167 0.0423542 0.0491667 0.00211525
11 0.0828275 0.397917 0.0101706 0.0341667 0.00209999
0 0.56788 0.544583 0.0300938 0.09 0.00206757
56 0.158689 0.548333 0.0704974 0.0466667 0.00201988
0 0.523297 0.5575 0.0373385 0.135 0.00201988
2 0.0112852 0.592917 0.0222917 0.141667 0.00201988
56 0.871047 0.658333 0.0222917 0.0283333 0.00201988
28 0.170218 0.614167 0.103169 0.173333 0.00201988
0 0.369763 0.460833 0.0390104 0.075 0.00201035
0 0.395956 0.472083 0.165516 0.17 0.00201035
58 0.991979 0.570417 0.013375 0.035 0.00200272
0 0.704417 0.428333 0.0156042 0.03 0.00197983
24 0.898354 0.584167 0.0167188 0.0483334 0.00195694
0 0.952969 0.546667 0.0156042 0.04 0.00194168
1 0.901698 0.63625 0.0156041 0.055 0.00194168
0 0.898354 0.554167 0.0156042 0.03 0.00192642
0 0.94851 0.550833 0.0222917 0.045 0.00191212
60 0.985292 0.616667 0.02675 0.0383333 0.00190449
0 0.530263 0.52125 0.0250781 0.0675 0.00189686
0 0.743427 0.431667 0.0156042 0.0333333 0.00188255
0 0.746771 0.38625 0.00891666 0.02 0.00186729
0 0.942937 0.603333 0.0156042 0.0508333 0.00186729
0 0.786896 0.438333 0.013375 0.03 0.00186062
17 0.886651 0.645833 0.0289792 0.0516667 0.00184631
0 0.295365 0.489167 0.0412396 0.095 0.00183868
9 0.866589 0.354583 0.00891666 0.0375 0.00182438
0 0.286448 0.479167 0.0334375 0.0708333 0.00181007
13 0.974146 0.61875 0.034552 0.0275 0.0018034
0 0.603547 0.5175 0.0323229 0.0816667 0.00178909
58 0.988635 0.6175 0.0200625 0.0408333 0.00178242
74 0.235177 0.179583 0.062974 0.0791667 0.00176144
0 0.418247 0.451667 0.0568437 0.106667 0.00176144
0 0.706646 0.43 0.0178333 0.03 0.00175476
28 0.927891 0.601667 0.0222917 0.055 0.00175476
9 0.207591 0.4175 0.0300937 0.075 0.00175476
56 0.929562 0.596667 0.0222917 0.065 0.00174809
0 0.380073 0.459583 0.140437 0.150833 0.0017271
7 0.170218 0.614167 0.103169 0.173333 0.0017271
0 0.387875 0.486667 0.0735625 0.101667 0.00172043
1 0.206198 0.581667 0.0300938 0.055 0.00168705
0 0.991979 0.565833 0.0122604 0.0383333 0.00168133
9 0.859901 0.35375 0.0167188 0.0375 0.00167465
0 0.332703 0.440417 0.0512708 0.0808333 0.00166798
1 0.178333 0.609167 0.0284219 0.0916667 0.0016613
2 0.853213 0.609167 0.0100313 0.0691667 0.0016613
56 0.985292 0.60625 0.0256354 0.0566666 0.0016613
56 0.860458 0.66 0.0189479 0.025 0.00163555
74 0.823677 0.361667 0.0256353 0.0483333 0.00162315
0 0.233227 0.395833 0.0351094 0.103333 0.00161648
0 0.421312 0.480417 0.0646458 0.100833 0.00161648
0 0.453357 0.534167 0.0685469 0.0666666 0.00161648
0 0.473141 0.537083 0.0312083 0.0675 0.00161648
0 0.565094 0.564167 0.0312084 0.0516667 0.00161076
0 0.289792 0.35125 0.0245208 0.0366667 0.0015974
0 0.425214 0.4325 0.0523854 0.108333 0.0015974
0 0.444997 0.479167 0.0540573 0.07 0.0015974
0 0.286448 0.350729 0.0222917 0.031875 0.00159168
0 0.291464 0.427917 0.0300937 0.0633333 0.00159168
1 0.979719 0.619167 0.0156041 0.03 0.00157928
0 0.438031 0.475 0.0456979 0.065 0.00156116
13 0.15841 0.547917 0.0677109 0.0441667 0.00155449
13 0.872719 0.623333 0.0245209 0.0975 0.00154877
13 0.871047 0.658333 0.0222917 0.0283333 0.00154877
5 0.848198 0.564167 0.0334374 0.148333 0.00154877
1 0.200068 0.591667 0.0406823 0.101667 0.00154305
0 0.46506 0.4975 0.0417969 0.0308333 0.00153637
0 0.884979 0.645833 0.0312083 0.0524999 0.0015192
2 0.0129919 0.571667 0.0257051 0.165 0.00151253
1 0.013166 0.6425 0.0176243 0.0333333 0.00149536
0 0.9095 0.604167 0.013375 0.075 0.0014782
0 0.465896 0.48875 0.0412396 0.0466667 0.00146103
0 0.444161 0.479167 0.0423542 0.0566666 0.00145531
0 0.330474 0.457917 0.132635 0.1525 0.00145531
0 0.283661 0.352917 0.0289792 0.0316667 0.00144958
0 0.372271 0.44375 0.101427 0.120833 0.00144386
0 0.525526 0.5375 0.0356667 0.0916667 0.00143242
1 0.205362 0.576667 0.0273073 0.04 0.0014267
0 0.455307 0.544167 0.0635313 0.0566667 0.00141621
0 0.351651 0.502083 0.100312 0.0825 0.00141048
0 0.467568 0.516667 0.0423542 0.0683333 0.00141048
0 0.653146 0.41 0.013375 0.0466667 0.00140476
0 0.289234 0.460417 0.0473698 0.0933333 0.00140476
0 0.0243467 0.515833 0.0460462 0.065 0.00140476
56 0.891109 0.617083 0.0256354 0.106667 0.00140476
0 0.291464 0.476667 0.0395677 0.0583333 0.00137234
9 0.867703 0.357604 0.00668745 0.0364583 0.00136662
0 0.741198 0.433333 0.013375 0.03 0.00136185
25 0.158515 0.5475 0.0697311 0.045 0.00135612
26 0.935693 0.561667 0.0111458 0.0233333 0.00135612
0 0.338833 0.446667 0.0429115 0.0675 0.00134087
16 0.88888 0.63 0.0245209 0.085 0.00134087
3 0.0117554 0.615833 0.0226051 0.0866666 0.00133514
0 0.902812 0.581667 0.02675 0.0983333 0.00132465
60 0.0113374 0.612083 0.0219085 0.0933333 0.00131989
17 0.890552 0.6475 0.0200624 0.0483334 0.00130939
3 0.169103 0.6125 0.10484 0.173333 0.00130939
0 0.890552 0.6475 0.0200624 0.0483334 0.00130463
0 0.307346 0.4525 0.0468125 0.0933333 0.00129986
26 0.871047 0.60375 0.013375 0.0425 0.00128937
0 0.350258 0.469167 0.108672 0.141667 0.00127888
2 0.73674 0.561667 0.0200625 0.0433333 0.00127411
1 0.180423 0.624583 0.0323229 0.131667 0.00127411
3 0.0129919 0.571667 0.0257051 0.165 0.00126934
13 0.0112852 0.592917 0.0222917 0.141667 0.00126457
5 0.526919 0.507396 0.613578 0.551875 0.880859
0 0.889437 0.6275 0.0245209 0.09 0.338135
0 0.0198535 0.5725 0.0385924 0.168333 0.303955
0 0.891667 0.615833 0.0245208 0.1075 0.29834
0 0.89724 0.608333 0.0200625 0.0966666 0.283691
0 0.900583 0.604167 0.0156041 0.0875 0.214722
0 0.95074 0.582083 0.0200625 0.0975 0.206299
0 0.023206 0.515 0.0321662 0.055 0.182983
9 0.0835937 0.397917 0.0108672 0.0333334 0.181274
0 0.0664744 0.516667 0.0347959 0.0433334 0.165039
0 0.911729 0.588333 0.0156042 0.085 0.162964
0 0.872719 0.568333 0.0111458 0.05 0.132935
9 0.206198 0.424583 0.0206198 0.0525 0.125122
0 0.934021 0.59 0.0167187 0.08 0.0980835
0 0.911729 0.563333 0.0156042 0.0341666 0.0923462
0 0.0189566 0.524167 0.0378784 0.0716667 0.0866089
9 0.203411 0.42375 0.013375 0.0458333 0.0827026
1 0.195331 0.625833 0.0535 0.138333 0.081543
0 0.871604 0.591667 0.013375 0.0683334 0.0727539
0 0.0283174 0.514167 0.0234759 0.0525 0.0722656
13 0.985292 0.617083 0.02675 0.0366667 0.0705566
0 0.912286 0.556667 0.0156041 0.0383334 0.067688
0 0.902812 0.598333 0.013375 0.0825 0.0662231
0 0.935693 0.56125 0.0111458 0.0225 0.06427
0 0.874948 0.5575 0.0111459 0.0358333 0.059967
0 0.95074 0.554583 0.0178333 0.0416667 0.059967
0 0.935135 0.588333 0.0111458 0.08 0.0589905
9 0.207312 0.427083 0.02675 0.0583333 0.0558167
1 0.198953 0.605 0.0451406 0.100833 0.0554199
0 0.867146 0.591667 0.0144896 0.095 0.0537109
0 0.903927 0.587917 0.0111458 0.065 0.0531006
1 0.19951 0.645417 0.0431901 0.100833 0.0522461
0 0.930677 0.59 0.0222917 0.0783333 0.0505066
0 0.873833 0.564167 0.0111459 0.0466667 0.0492249
1 0.170253 0.614167 0.103378 0.171667 0.0467224
0 0.863802 0.585 0.013375 0.0833333 0.0466309
0 0.872162 0.604167 0.0144897 0.0416667 0.0453491
0 0.863802 0.604583 0.0156042 0.0758333 0.0427246
0 0.898354 0.584167 0.0156042 0.0483334 0.0423279
0 0.910057 0.582083 0.0156042 0.0691667 0.0418396
0 0.889995 0.58125 0.0100312 0.0458333 0.0415344
9 0.228908 0.4175 0.0261927 0.06 0.0411377
0 0.864917 0.596667 0.0222917 0.108333 0.0406189
0 0.0698704 0.515 0.0394284 0.055 0.0405273
0 0.0842904 0.518333 0.0229883 0.0516667 0.0390625
1 0.889995 0.633333 0.0234063 0.0783333 0.0384521
0 0.00571224 0.540417 0.0114245 0.0358333 0.0370483
0 0.0112155 0.591667 0.022222 0.143333 0.0370483
0 0.00727962 0.525833 0.0141413 0.0658333 0.0342407
0 0.937365 0.588333 0.0178333 0.08 0.032959
0 0.888323 0.589167 0.013375 0.05 0.0325928
1 0.190733 0.599583 0.0540573 0.1175 0.0318604
0 0.873833 0.600833 0.0156041 0.0483334 0.0288696
0 0.942937 0.555 0.0178333 0.0383334 0.0269165
0 0.925104 0.58625 0.0356667 0.0908334 0.0247498
16 0.886651 0.645833 0.0289792 0.0516667 0.0246124
0 0.910057 0.556667 0.0144896 0.035 0.0244751
0 0.888323 0.568333 0.00891666 0.03 0.0236969
0 0.0328802 0.5125 0.0208984 0.0508333 0.0230255
56 0.985292 0.617083 0.02675 0.0366667 0.0226288
1 0.205083 0.606667 0.0373385 0.0875 0.0222931
0 0.0130267 0.570833 0.0257747 0.165 0.02211
56 0.98975 0.616667 0.0178333 0.04 0.0220337
74 0.951854 0.47 0.0200624 0.0316667 0.021286
9 0.224031 0.421667 0.0365026 0.0633333 0.0205688
0 0.916745 0.554167 0.0167188 0.04 0.0198364
0 0.425492 0.463333 0.0635313 0.116667 0.0189819
0 0.93625 0.557917 0.0122603 0.0316667 0.0175171
0 0.873276 0.623333 0.0245208 0.0975 0.0174408
1 0.202297 0.626667 0.0390104 0.0783333 0.0173035
0 0.00734928 0.579167 0.0146986 0.123333 0.0167847
0 0.880521 0.625833 0.0200624 0.0883333 0.0164032
1 0.886651 0.645833 0.0289792 0.0516667 0.0161591
26 0.874948 0.605833 0.0156041 0.0416667 0.0146713
0 0.0409958 0.576667 0.0807376 0.176667 0.0142822
9 0.208845 0.448333 0.0264714 0.02 0.0139542
0 0.0339948 0.513333 0.0313477 0.05 0.0139542
56 0.884979 0.645833 0.0312083 0.0524999 0.0139008
0 0.115081 0.54 0.0122604 0.0333333 0.0138474
0 0.918974 0.573333 0.0144896 0.06 0.0135345
0 0.0691738 0.5975 0.0433294 0.215 0.0133743
9 0.856 0.355 0.0189479 0.0366667 0.0133286
1 0.891109 0.648333 0.0200625 0.0466667 0.0129242
24 0.0287354 0.685417 0.0300937 0.0449999 0.0124817
9 0.916187 0.369583 0.0156042 0.0591667 0.0123367
0 0.872719 0.609583 0.0178333 0.0616667 0.0119171
0 0.0785085 0.59875 0.0603268 0.225833 0.0118256
0 0.881635 0.57125 0.0111458 0.05 0.0116882
13 0.98975 0.616667 0.0178333 0.04 0.0115509
16 0.891109 0.648333 0.0200625 0.0466667 0.0109482
1 0.985292 0.617083 0.02675 0.0366667 0.0108566
0 0.859344 0.6125 0.0156042 0.0783333 0.0105286
0 0.951854 0.601667 0.0178333 0.0533334 0.0104065
9 0.20787 0.4375 0.0278646 0.0433334 0.00926971
56 0.978604 0.619167 0.0144896 0.0291667 0.00912476
1 0.20787 0.619583 0.0337161 0.0683334 0.00888062
26 0.0287354 0.685417 0.0300937 0.0449999 0.00871277
16 0.882193 0.65125 0.0256354 0.0408334 0.0086441
9 0.232112 0.396667 0.0328802 0.101667 0.00854492
0 0.905042 0.625 0.0111459 0.0533333 0.00854492
1 0.98975 0.6175 0.0178333 0.04 0.00837708
0 0.399578 0.464583 0.122604 0.144167 0.00821686
0 0.0645762 0.598333 0.0727266 0.223333 0.0069313
13 0.978604 0.619167 0.0144896 0.0291667 0.00664139
56 0.871604 0.64375 0.02675 0.0566666 0.00661469
0 0.280248 0.460833 0.0402643 0.075 0.0064621
0 0.0390017 0.519583 0.0564432 0.0616666 0.0064621
0 0.927333 0.595 0.02675 0.0708333 0.00641251
0 0.280596 0.445 0.040125 0.085 0.00636292
0 0.148518 0.505833 0.0217344 0.0441666 0.006073
9 0.0828971 0.398333 0.0154648 0.0366667 0.00579834
0 0.0606229 0.611667 0.0983271 0.2 0.00570679
2 0.158549 0.5525 0.0699401 0.055 0.00568771
0 0.358339 0.460833 0.0691042 0.0775 0.00561905
0 0.31487 0.461667 0.0601875 0.0866667 0.00559998
0 0.417133 0.460833 0.0451407 0.1125 0.00542831
13 0.871604 0.64375 0.02675 0.0566666 0.00536346
9 0.84151 0.363333 0.013375 0.0266667 0.0053215
1 0.0117728 0.615833 0.0225703 0.0866666 0.00518036
28 0.150887 0.64 0.0654818 0.118333 0.00518036
0 0.0231624 0.567917 0.0282129 0.149167 0.0051384
0 0.0878431 0.52 0.0349701 0.0583333 0.0050621
0 0.453635 0.5175 0.0691042 0.08 0.0049057
0 0.453914 0.483333 0.0652031 0.0633333 0.00468063
0 0.284706 0.433333 0.035806 0.0725 0.00466537
0 0.436917 0.479167 0.0847084 0.146667 0.00455475
0 0.420198 0.480833 0.132635 0.165 0.00453949
0 0.333818 0.456667 0.0529427 0.07 0.00446701
0 0.306789 0.465 0.0518281 0.085 0.00438309
0 0.82925 0.564583 0.0111458 0.0325 0.00432968
0 0.383974 0.46625 0.0685469 0.095 0.00429916
0 0.45057 0.502083 0.0757916 0.110833 0.0041008
28 0.158689 0.548333 0.0704974 0.0466667 0.00397491
0 0.935135 0.580833 0.0200624 0.0933333 0.00395966
56 0.882193 0.65125 0.0256354 0.0408334 0.0039444
13 0.0114767 0.61 0.0224658 0.0966667 0.00392914
0 0.342734 0.456667 0.0351094 0.065 0.00376511
56 0.884979 0.627083 0.0312083 0.0908333 0.00376511
1 0.183767 0.608333 0.0387318 0.113333 0.00353813
0 0.0092998 0.524167 0.0169974 0.075 0.00352478
13 0.062138 0.624583 0.0982227 0.175833 0.00349617
0 0.433573 0.457083 0.057401 0.105833 0.00348282
0 0.378958 0.465 0.0557292 0.0816667 0.00346947
0 0.88275 0.555833 0.0167188 0.0316667 0.00346947
9 0.0880521 0.402917 0.0189479 0.0416667 0.00344276
0 0.0112852 0.611667 0.0218737 0.0933333 0.00340271
0 0.391776 0.463333 0.0824792 0.111667 0.00335121
0 0.282547 0.469167 0.036224 0.0616667 0.00335121
0 0.280248 0.475 0.0424935 0.0933333 0.00332451
56 0.889995 0.633333 0.0234063 0.0783333 0.00332451
9 0.840953 0.357083 0.013375 0.0383333 0.00328636
9 0.614135 0.239167 0.0256354 0.0358333 0.00324821
0 0.399857 0.490833 0.0757916 0.108333 0.00323486
0 0.461995 0.485 0.0473698 0.0541667 0.00322342
0 0.425492 0.451667 0.0518281 0.0916667 0.00318527
11 0.614135 0.23875 0.0245208 0.0366667 0.00316048
0 0.0706541 0.524167 0.0682334 0.0566666 0.00314713
0 0.0870768 0.515833 0.0273073 0.065 0.00307465
0 0.915073 0.55 0.0200625 0.0466667 0.00307465
9 0.951854 0.47 0.0200624 0.0308333 0.00302696
13 0.865474 0.64 0.0312083 0.07 0.00301552
9 0.918417 0.363437 0.0178333 0.073125 0.00300407
26 0.928448 0.60625 0.0178333 0.0458333 0.00299263
0 0.326573 0.456667 0.0557292 0.08 0.0029583
0 0.0462552 0.52625 0.0156042 0.0216667 0.00293541
56 0.0113026 0.613333 0.0219782 0.0866666 0.0028553
58 0.0130267 0.570833 0.0257747 0.165 0.00279999
0 0.392055 0.515833 0.0590729 0.055 0.00274658
0 0.349422 0.460833 0.0523854 0.0725 0.00271416
0 0.411003 0.475833 0.0535 0.0883333 0.00271416
1 0.905042 0.625 0.0111459 0.0533333 0.00269318
74 0.614135 0.23875 0.0245208 0.0366667 0.00266266
11 0.0827578 0.3975 0.0100313 0.0341667 0.00265312
0 0.370599 0.464583 0.0512708 0.0708333 0.00263214
0 0.878849 0.565 0.0178333 0.0616667 0.00261116
56 0.062138 0.624583 0.0982227 0.175833 0.00255013
56 0.891109 0.648333 0.0200625 0.0466667 0.0024929
0 0.540573 0.385833 0.0278646 0.0633333 0.00248146
0 0.046917 0.521667 0.0212467 0.03 0.00247192
28 0.061929 0.625 0.0976654 0.175 0.00246239
0 0.384253 0.514167 0.0395677 0.0466667 0.00245285
56 0.873276 0.623333 0.0245208 0.0975 0.00245285
9 0.866589 0.354583 0.00780211 0.0366667 0.00239754
0 0.370042 0.460833 0.0367813 0.0733333 0.00239754
9 0.860458 0.354167 0.0156042 0.0366667 0.00236893
24 0.874948 0.605833 0.0156041 0.0416667 0.00234985
0 0.433016 0.474167 0.0557292 0.085 0.00234222
0 0.867146 0.616667 0.0323229 0.111667 0.00234222
0 0.0459069 0.515417 0.0257747 0.0416667 0.00227928
0 0.526641 0.524167 0.0317657 0.075 0.00227928
0 0.538901 0.378333 0.0234063 0.05 0.00226021
13 0.884979 0.645833 0.0312083 0.0524999 0.00222588
13 0.860458 0.66 0.0178333 0.025 0.00222588
0 0.407102 0.488333 0.0819219 0.13 0.00221634
0 0.704417 0.428333 0.0156042 0.03 0.00216484
0 0.660948 0.415833 0.0222917 0.04 0.00214005
0 0.0412744 0.511667 0.0311387 0.05 0.00212479
1 0.206198 0.580833 0.0300938 0.0533333 0.00211525
58 0.991979 0.570417 0.013375 0.035 0.00209999
0 0.746771 0.38625 0.00891666 0.02 0.00208282
0 0.425214 0.4325 0.0523854 0.108333 0.00205803
24 0.898354 0.584167 0.0156042 0.0483334 0.00205803
74 0.235038 0.179167 0.062974 0.0791667 0.00204277
0 0.285891 0.476667 0.0334375 0.065 0.00204277
0 0.295643 0.489167 0.0406823 0.0933333 0.00204277
0 0.394562 0.470833 0.159385 0.163333 0.00202751
0 0.530542 0.520833 0.0245208 0.0666666 0.00201035
0 0.786896 0.438333 0.013375 0.03 0.00200272
0 0.898354 0.554167 0.0156042 0.03 0.00200272
0 0.952969 0.545 0.0156042 0.0383333 0.00198746
0 0.94851 0.550833 0.0222917 0.045 0.00197983
0 0.56788 0.545 0.0289792 0.0891667 0.00194931
2 0.842625 0.607917 0.02675 0.0625 0.00194168
28 0.170392 0.614167 0.103378 0.173333 0.00194168
0 0.332146 0.44 0.0501562 0.08 0.00193405
9 0.867703 0.3575 0.00668745 0.0358333 0.00192642
0 0.387039 0.479583 0.0707761 0.0916667 0.00191879
0 0.706646 0.43 0.0178333 0.03 0.00188255
60 0.985292 0.617083 0.02675 0.0366667 0.00188255
0 0.359453 0.4625 0.113687 0.14 0.00186729
9 0.200764 0.424583 0.0208984 0.0541667 0.00183868
0 0.743427 0.431667 0.0156042 0.0333333 0.00182438
58 0.98975 0.6175 0.0178333 0.04 0.00182438
0 0.657604 0.41125 0.0211771 0.0458333 0.0018034
13 0.158549 0.547917 0.0679896 0.0441667 0.0018034
0 0.421312 0.479583 0.062974 0.0991667 0.00177479
0 0.465339 0.4975 0.0412396 0.0316667 0.00176144
2 0.0112155 0.591667 0.022222 0.143333 0.00175476
0 0.323229 0.452917 0.109229 0.136667 0.00175476
0 0.371714 0.443333 0.0980833 0.118333 0.00174809
56 0.905042 0.625 0.0111459 0.0533333 0.0017271
0 0.289792 0.351667 0.0245208 0.0366667 0.00172043
0 0.291742 0.4275 0.0295365 0.0625 0.00171375
0 0.991979 0.565 0.0111458 0.0366667 0.00171375
9 0.112155 0.4025 0.00891666 0.03 0.00170708
56 0.865474 0.64 0.0312083 0.07 0.0017004
56 0.871604 0.65875 0.0200624 0.0258333 0.0017004
0 0.286448 0.350833 0.0222917 0.0325 0.00168705
0 0.438031 0.475 0.0445833 0.0633333 0.00167465
0 0.523297 0.556667 0.0378958 0.131667 0.00167465
26 0.935693 0.56125 0.0111458 0.0225 0.00167465
1 0.205223 0.575833 0.02675 0.0383333 0.0016613
1 0.901698 0.635417 0.0156041 0.055 0.0016613
0 0.283661 0.352917 0.0289792 0.0316667 0.00165462
74 0.823677 0.361771 0.0256353 0.048125 0.00162888
56 0.158689 0.548333 0.0704974 0.0466667 0.00162888
1 0.891109 0.61625 0.0256354 0.1075 0.00162315
0 0.338833 0.447083 0.0423542 0.0658333 0.00161648
0 0.603547 0.5175 0.0323229 0.0816667 0.00161076
0 0.546146 0.38625 0.0367812 0.0658333 0.0015974
0 0.453357 0.534167 0.0685469 0.0633333 0.00159168
1 0.200625 0.59 0.0390104 0.0908333 0.00159168
0 0.468404 0.516667 0.0406823 0.0683333 0.00158501
13 0.973589 0.619167 0.0334374 0.0266667 0.00158501
0 0.473698 0.536667 0.0289792 0.0683334 0.00157356
0 0.443047 0.478333 0.040125 0.055 0.00153637
28 0.927333 0.601667 0.0222917 0.055 0.00153637
0 0.94238 0.603333 0.0144896 0.05 0.00153637
2 0.853771 0.609167 0.00891666 0.0691667 0.00152493
0 0.884979 0.645833 0.0312083 0.0524999 0.00150108
1 0.177637 0.604167 0.0270286 0.08 0.00149536
0 0.308461 0.45375 0.044026 0.0883333 0.00148964
0 0.29007 0.460833 0.0490417 0.0916667 0.00148392
17 0.886651 0.645833 0.0289792 0.0516667 0.00147247
0 0.741198 0.433333 0.013375 0.03 0.00145531
0 0.565094 0.564167 0.0312084 0.0516667 0.00145531
1 0.978604 0.619167 0.0144896 0.0291667 0.00145531
26 0.905042 0.625 0.0111459 0.0533333 0.00144958
0 0.38676 0.451667 0.134865 0.145 0.00144958
0 0.78801 0.443333 0.0156042 0.0325 0.00143814
0 0.291464 0.476667 0.040125 0.0583333 0.00143242
26 0.871047 0.60375 0.013375 0.0425 0.00139904
2 0.316542 0.1475 0.0367812 0.0233333 0.00138855
9 0.108393 0.4025 0.0149076 0.0333333 0.00138283
13 0.873276 0.623333 0.0245208 0.0975 0.00138283
56 0.985292 0.605833 0.0245208 0.0566666 0.00138283
0 0.351651 0.5025 0.100312 0.0816667 0.00137806
0 0.782438 0.535833 0.0156042 0.0308333 0.00137806
2 0.0130267 0.570833 0.0257747 0.165 0.00137806
0 0.525526 0.534167 0.0356667 0.0833333 0.00135612
9 0.851542 0.356562 0.0289792 0.0402083 0.00135136
25 0.158549 0.5475 0.0699401 0.045 0.00134563
2 0.00583415 0.541667 0.0116683 0.0383333 0.00134563
0 0.902812 0.5825 0.02675 0.0991667 0.00134087
2 0.73674 0.561667 0.0200625 0.0416667 0.00133514
0 0.375057 0.51 0.0456979 0.05 0.00133038
0 0.455307 0.544167 0.0629739 0.0558333 0.00133038
26 0.891109 0.648333 0.0200625 0.0466667 0.00133038
13 0.871604 0.65875 0.0200624 0.0258333 0.00132465
0 0.115917 0.535417 0.0147682 0.0433333 0.00131989
56 0.860458 0.66 0.0178333 0.025 0.00130463
1 0.206755 0.5825 0.0328802 0.0916667 0.00129986
0 0.232112 0.396667 0.0328802 0.101667 0.00129414
7 0.170392 0.614167 0.103378 0.173333 0.00129414
0 0.275859 0.436667 0.0406823 0.0916667 0.0012846
0 0.380909 0.5125 0.0323229 0.0366667 0.0012846
56 0.929562 0.596667 0.0222917 0.065 0.00127888
0 0.653146 0.41 0.013375 0.0466667 0.00126457
0 0.326573 0.433333 0.0479271 0.095 0.00126457
0 0.0243728 0.515417 0.0461333 0.0641667 0.0012598
5 0.528313 0.507604 0.616365 0.553125 0.892578
0 0.0191569 0.570833 0.0380352 0.166667 0.367432
0 0.889437 0.625833 0.0245209 0.0933333 0.360352
0 0.89724 0.608333 0.0200625 0.0983334 0.332764
0 0.891667 0.615833 0.0245208 0.11 0.332031
0 0.900583 0.604167 0.0156041 0.0883333 0.248657
0 0.95074 0.581667 0.0200625 0.0983333 0.246582
0 0.0230492 0.515 0.032201 0.055 0.208862
0 0.911729 0.587917 0.0156042 0.0858333 0.187134
9 0.0835937 0.3975 0.0107279 0.0333333 0.181274
0 0.0665267 0.516667 0.0346914 0.0433334 0.177856
9 0.206198 0.424583 0.0206198 0.0525 0.155029
0 0.872719 0.56875 0.0111458 0.0508333 0.146118
1 0.19756 0.627083 0.049599 0.135833 0.112793
0 0.911729 0.564167 0.0156042 0.0366667 0.105591
0 0.934021 0.589583 0.0167187 0.08 0.104492
0 0.0188783 0.524167 0.0377565 0.0725 0.0977173
9 0.203551 0.42375 0.0139323 0.0458333 0.0960083
0 0.871604 0.589167 0.013375 0.0716667 0.0869141
13 0.985292 0.6175 0.02675 0.0358333 0.0844727
0 0.903927 0.59875 0.013375 0.0841667 0.0800781
0 0.0279255 0.514167 0.0241203 0.0525 0.0773926
0 0.912286 0.556667 0.0156041 0.0383334 0.0769653
0 0.935135 0.587917 0.0111458 0.08 0.0731812
0 0.935693 0.56125 0.0111458 0.0225 0.069397
0 0.90337 0.587917 0.0111459 0.0658333 0.0669556
0 0.95074 0.554583 0.0178333 0.0416667 0.0668335
0 0.874948 0.5575 0.0111459 0.0366667 0.0638428
0 0.867146 0.592083 0.0144896 0.0966667 0.0633545
1 0.199371 0.605833 0.0437474 0.0983333 0.0541992
0 0.863802 0.6 0.0156042 0.0833333 0.0524292
0 0.863802 0.584583 0.013375 0.0841667 0.0522461
1 0.19965 0.645417 0.0440261 0.101667 0.0510864
0 0.873833 0.564167 0.0111459 0.0466667 0.0505981
0 0.864917 0.59625 0.0222917 0.109167 0.0500488
9 0.228908 0.4175 0.0259141 0.06 0.0499573
0 0.872162 0.604167 0.0144897 0.0416667 0.0481262
0 0.910057 0.5825 0.0156042 0.07 0.0477905
0 0.898354 0.584167 0.0156042 0.0491666 0.0473328
0 0.0699227 0.514583 0.0393239 0.055 0.0449219
0 0.889995 0.58125 0.0100312 0.0466667 0.0440979
0 0.00572965 0.540417 0.0114593 0.0358333 0.0401611
0 0.0111807 0.59125 0.0220827 0.143333 0.0401611
0 0.0842904 0.518333 0.0231276 0.0516667 0.0389709
1 0.174154 0.62875 0.0947396 0.134167 0.0389099
0 0.888323 0.590417 0.013375 0.0533334 0.0380249
9 0.208009 0.426667 0.0270286 0.0583334 0.0370483
0 0.00727962 0.525833 0.0141413 0.0666666 0.0366211
0 0.937365 0.587917 0.0167188 0.0808334 0.0362854
0 0.873833 0.600417 0.0156041 0.0483333 0.0340881
1 0.889995 0.630833 0.0234063 0.0816667 0.0325928
0 0.942937 0.555 0.0178333 0.0383334 0.0306244
1 0.190594 0.60125 0.0529427 0.1125 0.0281067
0 0.910057 0.556667 0.0144896 0.035 0.0267639
0 0.924547 0.585833 0.0345521 0.0916667 0.0265045
0 0.888323 0.568333 0.00891666 0.03 0.0256195
9 0.225424 0.42125 0.0334375 0.0625 0.0244293
0 0.0130267 0.570417 0.0257747 0.166667 0.0239105
0 0.425214 0.463333 0.0624167 0.115 0.0237732
0 0.0324274 0.5125 0.0202715 0.0508333 0.02211
0 0.916745 0.554167 0.0167188 0.0391666 0.0211182
1 0.204805 0.606667 0.0376172 0.0875 0.0211182
56 0.985292 0.6175 0.02675 0.0358333 0.0204163
0 0.93012 0.590417 0.0234063 0.0775 0.019989
0 0.93625 0.557917 0.0122603 0.0316667 0.0198669
56 0.98975 0.616667 0.0178333 0.0383333 0.0198669
74 0.951854 0.47 0.0200624 0.03 0.0196381
16 0.886651 0.645417 0.0289792 0.0525 0.0194244
1 0.201879 0.626667 0.0390104 0.0766667 0.0178528
0 0.880521 0.625 0.0200624 0.09 0.0172424
0 0.00717513 0.579167 0.0143503 0.124167 0.0167236
26 0.874948 0.605417 0.0156041 0.0416667 0.0167236
0 0.0402643 0.576667 0.0794141 0.175 0.0166626
0 0.872719 0.623333 0.0245209 0.0983333 0.0165253
9 0.856 0.355 0.0178333 0.0358333 0.0154266
0 0.0693654 0.5975 0.0432249 0.215 0.0153046
9 0.916187 0.37 0.0156042 0.0583333 0.0152512
0 0.918417 0.575417 0.0156041 0.0666666 0.0151901
9 0.208706 0.44875 0.0261927 0.0191666 0.0150146
1 0.886651 0.645417 0.0289792 0.0525 0.014389
24 0.0287092 0.685417 0.029937 0.0449999 0.0139542
0 0.0335768 0.513333 0.0312083 0.05 0.0137405
13 0.98975 0.616667 0.0178333 0.0383333 0.0132217
1 0.191708 0.615417 0.0618594 0.156667 0.0129242
0 0.881635 0.572083 0.0111458 0.0508333 0.0124817
0 0.872719 0.609167 0.0178333 0.0616666 0.012291
0 0.115081 0.54 0.0122604 0.0333333 0.0119629
1 0.891109 0.64875 0.0200625 0.0458333 0.0110321
9 0.917859 0.364583 0.0178333 0.0683333 0.0108566
0 0.0782821 0.598333 0.0602223 0.225 0.0108185
26 0.0287092 0.685417 0.029937 0.0449999 0.0106964
13 0.983063 0.619167 0.0222917 0.03 0.0106506
9 0.231694 0.3975 0.0317656 0.1 0.0100555
56 0.884979 0.645 0.0312083 0.055 0.00985718
9 0.20787 0.438333 0.0278646 0.0416667 0.00978088
0 0.951854 0.60125 0.0178333 0.0541667 0.00978088
13 0.984177 0.611667 0.0278646 0.0441667 0.00926971
0 0.0646633 0.5975 0.0699053 0.225 0.00901794
16 0.891109 0.64875 0.0200625 0.0458333 0.00888062
0 0.905042 0.623333 0.0122604 0.0566667 0.00874329
0 0.859901 0.612083 0.0167188 0.0783333 0.00871277
1 0.985292 0.6175 0.02675 0.0358333 0.00854492
56 0.978604 0.619167 0.0144896 0.0291667 0.00812531
1 0.207591 0.62 0.0339948 0.0666666 0.00790405
13 0.978604 0.619167 0.0144896 0.0291667 0.00790405
16 0.881635 0.652917 0.0245209 0.0375 0.00766754
56 0.983063 0.619167 0.0222917 0.03 0.00723267
0 0.358896 0.460833 0.066875 0.0766667 0.00709534
0 0.280596 0.460833 0.040125 0.075 0.00701141
0 0.280596 0.444167 0.0395677 0.0866667 0.0069046
0 0.40125 0.465 0.115917 0.138333 0.0068512
0 0.0382093 0.521667 0.0567741 0.0666667 0.00669098
0 0.416575 0.460833 0.0434687 0.11 0.00643921
0 0.315148 0.461667 0.0596302 0.0866667 0.00638962
1 0.990307 0.6175 0.0167188 0.04 0.00616837
9 0.84151 0.363333 0.0122604 0.0258333 0.00605011
56 0.984177 0.611667 0.0278646 0.0441667 0.005867
0 0.0232321 0.5675 0.0280039 0.15 0.00579834
9 0.0828971 0.398333 0.0154648 0.0358333 0.00551224
0 0.82925 0.565 0.0111458 0.0325 0.00547028
0 0.453914 0.483333 0.0652031 0.0633333 0.00544739
0 0.148518 0.505833 0.0217344 0.045 0.00544739
0 0.435802 0.477083 0.0835937 0.140833 0.00536346
0 0.333818 0.456667 0.0529427 0.07 0.00530243
0 0.0599089 0.609167 0.0966901 0.203333 0.00527954
0 0.453635 0.517083 0.0691042 0.0791667 0.00521851
0 0.284776 0.432917 0.0356667 0.0725 0.0050621
0 0.382859 0.4675 0.0657604 0.09 0.00496292
0 0.424656 0.480833 0.12149 0.16 0.00484848
0 0.0874948 0.519583 0.035388 0.0583333 0.00479126
56 0.872162 0.642917 0.0256354 0.0583333 0.00468063
0 0.450849 0.5025 0.0746771 0.108333 0.00460815
0 0.415182 0.461667 0.0880521 0.121667 0.00455475
13 0.872162 0.642917 0.0256354 0.0583333 0.00448608
0 0.935135 0.580833 0.0200624 0.0933333 0.00448608
0 0.0391497 0.5125 0.0346914 0.05 0.00439835
0 0.433573 0.4575 0.0568438 0.105 0.00436401
0 0.342734 0.457083 0.0345521 0.0641667 0.00434875
2 0.15841 0.550833 0.070776 0.05 0.00428009
28 0.151827 0.63875 0.0630436 0.115 0.00426483
0 0.462273 0.485 0.0468125 0.0541667 0.00390053
13 0.0114245 0.61 0.0223613 0.0966667 0.00390053
1 0.0117728 0.615833 0.0225006 0.0875 0.00385475
0 0.399578 0.49125 0.0735625 0.105833 0.00378036
0 0.927333 0.60125 0.0234063 0.0566667 0.00374985
28 0.158689 0.548333 0.0704974 0.0466667 0.00372124
0 0.425492 0.450833 0.0507135 0.09 0.00365067
0 0.30651 0.4675 0.0568438 0.0833333 0.00363541
26 0.928448 0.607083 0.0156041 0.0441667 0.00363541
0 0.282547 0.469583 0.0356667 0.06 0.0036068
9 0.840953 0.357083 0.013375 0.0375 0.00359344
0 0.376729 0.460833 0.0512708 0.0816667 0.00359344
0 0.00933463 0.525 0.0171367 0.075 0.00358009
0 0.88275 0.55625 0.0178333 0.0316667 0.00358009
0 0.396513 0.475833 0.0663177 0.0866666 0.00356483
0 0.391776 0.465 0.0791354 0.105 0.00351143
0 0.410724 0.475833 0.0512708 0.0883333 0.00348282
9 0.614135 0.239167 0.0245208 0.0354167 0.00345612
0 0.326294 0.4575 0.0557292 0.08 0.00337601
0 0.370599 0.464583 0.0501562 0.07 0.00337601
0 0.0728659 0.52375 0.0618594 0.0566666 0.00336266
0 0.389547 0.515833 0.0535 0.0533333 0.00335121
0 0.349979 0.460833 0.0512708 0.0716666 0.00333786
9 0.0880521 0.4025 0.0189479 0.0416667 0.00322342
13 0.0619987 0.624167 0.097944 0.175 0.00322342
9 0.951854 0.47 0.0200624 0.03 0.00319672
0 0.0112503 0.611667 0.0217344 0.0933333 0.00319672
0 0.383974 0.4525 0.0724479 0.113333 0.00312424
0 0.915073 0.55 0.0200625 0.0466667 0.00312424
0 0.384253 0.514167 0.0390104 0.0466667 0.00307465
9 0.861015 0.354271 0.013375 0.0364583 0.00307465
11 0.0827578 0.3975 0.0097526 0.0333333 0.00305176
11 0.614135 0.23875 0.0245208 0.0366667 0.00299263
0 0.0461855 0.526667 0.0154648 0.0216667 0.0029583
0 0.433016 0.474583 0.0546146 0.0833333 0.00293541
0 0.37032 0.46 0.0356667 0.0716667 0.00288963
1 0.183349 0.608333 0.0378958 0.106667 0.0028553
56 0.881635 0.652917 0.0245209 0.0375 0.00279045
0 0.0471956 0.521667 0.0209681 0.03 0.0026722
0 0.425214 0.432083 0.0512708 0.1075 0.0026207
0 0.878849 0.565833 0.0178333 0.0633333 0.00261116
0 0.866031 0.613333 0.0312083 0.115 0.00261116
13 0.865474 0.640833 0.0312083 0.07 0.00255013
0 0.407937 0.488333 0.0769063 0.125833 0.00254059
0 0.526641 0.524167 0.0317657 0.075 0.00252151
56 0.884979 0.62625 0.0312083 0.0925 0.00250244
13 0.158689 0.5475 0.0679896 0.0433334 0.0024929
74 0.614135 0.23875 0.0245208 0.0366667 0.00244331
0 0.540573 0.385833 0.02675 0.0616667 0.00243378
56 0.889995 0.630833 0.0234063 0.0816667 0.00243378
56 0.0112852 0.613333 0.0219434 0.0866666 0.00242424
24 0.874948 0.605417 0.0156041 0.0416667 0.0024147
9 0.866589 0.354271 0.00780211 0.0364583 0.00240517
1 0.905042 0.623333 0.0122604 0.0566667 0.00235939
1 0.983063 0.619167 0.0222917 0.03 0.00232315
58 0.0130267 0.570417 0.0257747 0.166667 0.00230598
0 0.0463945 0.515833 0.0250781 0.0416667 0.00228691
28 0.0605358 0.625 0.0943216 0.1725 0.00228691
0 0.538901 0.377083 0.0234063 0.0475 0.00227928
0 0.704417 0.427917 0.0156042 0.0308333 0.00226974
0 0.285891 0.476667 0.0323229 0.0616666 0.00226974
0 0.530542 0.52125 0.0245208 0.0675 0.00226974
0 0.421034 0.479583 0.0618594 0.0975 0.00226021
0 0.327688 0.445833 0.0501562 0.085 0.00225258
0 0.38676 0.479583 0.0691041 0.0891667 0.00223351
1 0.197281 0.631667 0.0395677 0.101667 0.00220871
0 0.295922 0.488333 0.040125 0.0916666 0.00215721
74 0.235038 0.18 0.0626953 0.0775 0.00214958
24 0.898354 0.584167 0.0156042 0.0491666 0.00209999
1 0.206198 0.580833 0.0300938 0.0533333 0.00209045
0 0.786896 0.438333 0.013375 0.03 0.00205803
56 0.0619987 0.624167 0.097944 0.175 0.00205803
0 0.952969 0.544583 0.0156042 0.0375 0.0020504
0 0.56788 0.545 0.0289792 0.09 0.0020504
0 0.746771 0.38625 0.00891666 0.02 0.00203514
9 0.200625 0.424167 0.0206198 0.0541667 0.00202751
0 0.361682 0.443333 0.0824792 0.11 0.00201035
9 0.867703 0.357396 0.00668745 0.0352083 0.00200272
0 0.465339 0.4975 0.0412396 0.0316667 0.00200272
0 0.947953 0.550833 0.0234063 0.045 0.00198746
0 0.438031 0.475 0.0445833 0.0633333 0.00197983
0 0.706646 0.43 0.0178333 0.03 0.00196457
26 0.935693 0.56125 0.0111458 0.0225 0.00194168
13 0.860458 0.66 0.0189479 0.025 0.00192642
56 0.872719 0.623333 0.0245209 0.0983333 0.00191879
0 0.898354 0.554583 0.0156042 0.0308333 0.00191212
0 0.743427 0.431667 0.0156042 0.0333333 0.00190449
56 0.891109 0.64875 0.0200625 0.0458333 0.00188255
0 0.46924 0.516667 0.0390104 0.0683333 0.00186729
0 0.660948 0.415833 0.0222917 0.0408333 0.00186062
0 0.453357 0.5325 0.0685469 0.0633333 0.00186062
58 0.991979 0.57 0.013375 0.035 0.00186062
58 0.990307 0.6175 0.0167188 0.04 0.00186062
13 0.884979 0.645 0.0312083 0.055 0.00185299
0 0.289792 0.352083 0.0245208 0.0366667 0.00184631
26 0.905042 0.623333 0.0122604 0.0566667 0.00184631
0 0.283661 0.352917 0.0278646 0.0316667 0.00183105
0 0.392891 0.470833 0.154927 0.156667 0.0018034
0 0.292021 0.4275 0.0289792 0.0633333 0.00179577
0 0.338833 0.446667 0.0423542 0.0666666 0.00179577
0 0.318771 0.450417 0.0947396 0.1275 0.00177479
0 0.442768 0.478333 0.0390104 0.055 0.00176811
0 0.523297 0.556667 0.0373385 0.131667 0.00176144
60 0.985292 0.6175 0.02675 0.0358333 0.00175476
0 0.356388 0.464167 0.105328 0.13 0.00175476
26 0.891109 0.64875 0.0200625 0.0458333 0.00171375
0 0.381187 0.5125 0.0317656 0.0366667 0.00170708
0 0.545589 0.38625 0.0356667 0.0658333 0.00168705
0 0.603547 0.517917 0.0323229 0.0825 0.00167465
9 0.112712 0.4025 0.00835937 0.03 0.0016613
0 0.30874 0.454167 0.0423542 0.0883333 0.0016613
0 0.383138 0.444167 0.0952969 0.115833 0.00164223
0 0.741198 0.433333 0.0144896 0.03 0.00161076
0 0.884979 0.645 0.0312083 0.055 0.00159168
0 0.376729 0.510833 0.0423542 0.0483334 0.00157356
13 0.973589 0.619167 0.0334374 0.0266667 0.00157356
0 0.474255 0.536667 0.0278646 0.0683334 0.00156689
0 0.291185 0.460417 0.0507135 0.0916666 0.00155449
26 0.871604 0.604167 0.013375 0.0433333 0.00153637
28 0.170496 0.614167 0.103169 0.1725 0.00153637
0 0.78801 0.443333 0.0156042 0.0333333 0.00153065
0 0.991979 0.564167 0.0111458 0.0358333 0.00153065
1 0.205083 0.575833 0.0261927 0.0366667 0.00153065
0 0.351094 0.5025 0.0991979 0.0816667 0.00151253
0 0.565094 0.564167 0.0312084 0.0516667 0.00150681
0 0.292021 0.47625 0.0395677 0.0575 0.00149536
0 0.338276 0.461667 0.0423542 0.0633333 0.00148964
0 0.657604 0.410833 0.0200625 0.0466667 0.00148392
0 0.419919 0.488333 0.0685469 0.13 0.00145531
9 0.852656 0.356771 0.0267501 0.0397917 0.00144958
0 0.399021 0.51875 0.0735625 0.055 0.00143242
0 0.942937 0.603333 0.013375 0.05 0.00143242
26 0.0134098 0.6425 0.0172064 0.0324999 0.00141621
0 0.524969 0.535417 0.0356667 0.0875 0.00139904
1 0.901698 0.63375 0.0156041 0.0583334 0.00136662
0 0.782438 0.535833 0.0156042 0.0316667 0.00136185
0 0.275581 0.435833 0.040125 0.09 0.00135612
26 0.0152036 0.64 0.0178682 0.0433333 0.00135612
9 0.10909 0.402083 0.0142109 0.0333333 0.00133038
2 0.00583415 0.541667 0.0116683 0.0383333 0.00132465
56 0.158689 0.548333 0.0704974 0.0466667 0.00132465
0 0.340784 0.4575 0.125391 0.133333 0.00131989
26 0.888323 0.590417 0.013375 0.0533334 0.00131512
0 0.455307 0.544167 0.0624167 0.055 0.00130463
2 0.73674 0.561667 0.0200625 0.0416667 0.00128937
0 0.0929284 0.525 0.0345521 0.05 0.0012846
1 0.200625 0.59 0.0373385 0.08 0.0012846
0 0.376729 0.491667 0.0557292 0.0816666 0.00127411
0 0.465617 0.479583 0.0417969 0.045 0.00126934
0 0.902255 0.583333 0.0278646 0.101667 0.00126934
74 0.823677 0.36125 0.0256353 0.0475 0.00126457
25 0.15841 0.5475 0.0699401 0.045 0.00126457
56 0.905042 0.623333 0.0122604 0.0566667 0.00126457
9 0.106164 0.256667 0.0250781 0.0325 0.0012598
0 0.530542 0.490833 0.0234063 0.0833333 0.00125504
26 0.898354 0.584167 0.0156042 0.0491666 0.00125504
2 0.0111807 0.59125 0.0220827 0.143333 0.00125504
28 0.927891 0.601667 0.0211771 0.055 0.00125504
0 0.385924 0.450833 0.13375 0.144167 0.00124931
74 0.0838724 0.39875 0.0100313 0.03 0.00124454
5 0.529706 0.507917 0.616922 0.5525 0.91748
0 0.0190524 0.570833 0.0378262 0.166667 0.454346
0 0.889437 0.623333 0.0245209 0.0933333 0.383057
0 0.89724 0.608333 0.0200625 0.0983334 0.37207
0 0.95074 0.581667 0.0200625 0.0983333 0.279785
0 0.900583 0.604167 0.0167188 0.0883333 0.269775
0 0.0230667 0.515 0.0320269 0.055 0.24292
0 0.0664744 0.516667 0.0345173 0.0433334 0.212769
0 0.911729 0.5875 0.0167188 0.0866666 0.204346
9 0.0836634 0.397917 0.0107279 0.0325 0.175537
1 0.198257 0.6275 0.0482057 0.135 0.17334
9 0.206198 0.424167 0.0206198 0.0516667 0.168823
0 0.872719 0.56875 0.0111458 0.0508333 0.158203
0 0.911729 0.565 0.0156042 0.04 0.113953
13 0.985292 0.617917 0.0256354 0.035 0.112793
0 0.0188434 0.524167 0.0376869 0.0733333 0.110474
9 0.203411 0.423333 0.0139323 0.045 0.104492
0 0.934021 0.589167 0.0167187 0.08 0.102295
0 0.871604 0.59 0.013375 0.0708333 0.101929
0 0.935135 0.5875 0.0111458 0.08 0.09552
0 0.0278298 0.514167 0.0241725 0.0525 0.0907593
0 0.903927 0.599167 0.013375 0.085 0.0878906
0 0.912844 0.556667 0.0156042 0.0383334 0.0866089
0 0.903927 0.5875 0.0111458 0.0666666 0.0802002
0 0.867146 0.591667 0.0156042 0.0966666 0.0800781
0 0.935693 0.560833 0.0111458 0.0233334 0.0794678
0 0.95074 0.554167 0.0178333 0.0416667 0.0775146
0 0.874948 0.5575 0.0111459 0.0358333 0.0689087
0 0.863802 0.599167 0.0156042 0.085 0.0646362
1 0.19965 0.645833 0.0437474 0.1 0.064209
1 0.19951 0.60625 0.0429115 0.0958334 0.0632324
0 0.884422 0.625833 0.0300938 0.0933333 0.0607605
0 0.864917 0.595833 0.0234062 0.11 0.0605164
0 0.863802 0.584167 0.0144896 0.0833333 0.0600891
9 0.207034 0.426667 0.0261927 0.0583334 0.0587769
0 0.872162 0.604167 0.0144897 0.0416667 0.0559387
9 0.228768 0.4175 0.0256354 0.06 0.0558167
0 0.0844297 0.518333 0.0234063 0.0516667 0.0558167
0 0.0700098 0.514583 0.0392891 0.055 0.0535889
0 0.898354 0.584167 0.0156042 0.0491666 0.0534973
0 0.910057 0.5825 0.0156042 0.0708333 0.0522461
0 0.874391 0.563333 0.0111458 0.0466667 0.0517578
0 0.889995 0.58125 0.0100312 0.0466667 0.0481262
0 0.00575578 0.540833 0.0115116 0.0366667 0.0478821
0 0.0111632 0.590417 0.0221175 0.145 0.0462036
0 0.888323 0.590833 0.013375 0.0541667 0.0436096
0 0.00720996 0.525833 0.0140716 0.0666666 0.041687
0 0.873833 0.600833 0.0156041 0.0483334 0.0396423
0 0.937365 0.5875 0.0178333 0.0816667 0.0383301
0 0.942937 0.554583 0.0178333 0.0391667 0.0334778
0 0.424935 0.463333 0.0613021 0.114167 0.0318604
1 0.189897 0.60375 0.0515495 0.105833 0.0311432
1 0.890552 0.63 0.0245209 0.0833333 0.0302124
0 0.910057 0.556667 0.0156042 0.035 0.0296478
0 0.924547 0.585 0.0345521 0.0933333 0.0285492
0 0.888323 0.568333 0.00891666 0.03 0.0276337
0 0.0132531 0.569583 0.0262275 0.168333 0.0267029
24 0.0287092 0.685 0.0297977 0.045 0.0244293
0 0.0319746 0.5125 0.0192266 0.05 0.0236053
0 0.916745 0.554167 0.0167188 0.0391666 0.0231934
0 0.93625 0.557917 0.0122603 0.0316667 0.0226746
1 0.20174 0.62625 0.0390104 0.0733333 0.0213623
0 0.93012 0.59 0.0234063 0.0783333 0.0205994
26 0.0285699 0.685 0.0296584 0.045 0.0189819
74 0.951854 0.47 0.0200624 0.03 0.0184021
0 0.880521 0.625 0.0200624 0.0916667 0.0183716
56 0.985292 0.617917 0.0256354 0.035 0.0180511
0 0.0693828 0.5975 0.0426328 0.213333 0.0178528
26 0.874948 0.605 0.0156041 0.0425 0.0175171
0 0.0388711 0.576667 0.0762096 0.175 0.0175171
56 0.98975 0.6175 0.0178333 0.0383333 0.0174408
16 0.886651 0.645 0.0289792 0.0533333 0.0174408
0 0.00693131 0.578333 0.0138626 0.121667 0.0171814
0 0.918417 0.574167 0.0156041 0.0666666 0.0167847
13 0.98975 0.6175 0.0178333 0.0383333 0.0165253
1 0.886651 0.645 0.0289792 0.0533333 0.0163422
0 0.873276 0.623333 0.0234062 0.0975 0.0162811
0 0.0332285 0.513333 0.030651 0.05 0.0149536
9 0.854885 0.354062 0.0178333 0.0335417 0.0145569
0 0.11515 0.54 0.0122604 0.0333333 0.0137405
9 0.916187 0.370417 0.0156042 0.0566666 0.0136871
0 0.872719 0.609167 0.0178333 0.0616666 0.0131683
9 0.208706 0.44875 0.0264714 0.0191666 0.01297
13 0.983063 0.619167 0.0222917 0.0291667 0.012825
0 0.881635 0.5725 0.0111458 0.05 0.0127716
1 0.207312 0.608333 0.0345521 0.0866667 0.0124817
1 0.20578 0.5975 0.0348307 0.0683334 0.0124283
0 0.0642975 0.5975 0.0675716 0.225 0.0116882
1 0.170392 0.62 0.103099 0.158333 0.0113754
9 0.917859 0.365104 0.0178333 0.068125 0.0110321
0 0.0789787 0.598333 0.0577145 0.225 0.0109863
9 0.230858 0.405 0.0298151 0.085 0.0107803
1 0.891109 0.65 0.0200625 0.0433333 0.0106964
13 0.978604 0.619167 0.0144896 0.0283333 0.0105667
13 0.984177 0.611667 0.0278646 0.0441667 0.0103302
1 0.985292 0.617917 0.0256354 0.035 0.00945282
0 0.951854 0.601667 0.0178333 0.0533334 0.00891876
0 0.905042 0.6225 0.0111459 0.0575 0.00881195
0 0.359453 0.463333 0.066875 0.0766667 0.00834656
0 0.41574 0.460417 0.0412396 0.108333 0.00803375
9 0.20787 0.442917 0.0278646 0.0325 0.00793457
0 0.860458 0.611667 0.0156042 0.0775 0.00790405
16 0.891109 0.65 0.0200625 0.0433333 0.00772476
0 0.315427 0.461667 0.0579583 0.0866667 0.00760651
0 0.280596 0.44375 0.0390104 0.0866667 0.00757599
0 0.0233714 0.5675 0.0277253 0.153333 0.00751877
0 0.43413 0.472083 0.0791354 0.13 0.00743103
0 0.280596 0.460417 0.0395677 0.0758334 0.00740433
56 0.978604 0.619167 0.0144896 0.0283333 0.00734711
0 0.454193 0.483333 0.0640885 0.0633333 0.00728989
0 0.0377565 0.519167 0.0497383 0.0616667 0.00720596
0 0.404594 0.465 0.105885 0.131667 0.00709534
16 0.880521 0.657083 0.0222917 0.0291667 0.00703812
0 0.82925 0.565 0.0111458 0.0333333 0.00701141
0 0.451406 0.503333 0.0735625 0.105 0.00664139
0 0.333818 0.456667 0.0529427 0.07 0.00658798
1 0.990865 0.6175 0.0156042 0.04 0.00656509
56 0.884979 0.645417 0.0312083 0.0533333 0.00653839
56 0.983063 0.619167 0.0222917 0.0291667 0.00629044
0 0.430508 0.480417 0.102542 0.154167 0.00624084
0 0.08847 0.52 0.0326016 0.0575 0.006073
0 0.433852 0.4575 0.0557292 0.103333 0.00595856
0 0.454193 0.516667 0.0674323 0.08 0.00591278
0 0.284497 0.432917 0.0356667 0.0725 0.00582123
0 0.148518 0.505833 0.0214557 0.045 0.00582123
0 0.381745 0.468333 0.0613021 0.085 0.00579834
0 0.0587246 0.608333 0.093207 0.205 0.0055542
9 0.84151 0.363333 0.013375 0.025 0.00544739
0 0.343292 0.4575 0.0345521 0.065 0.00536346
0 0.410445 0.475833 0.0501562 0.0883333 0.0051384
0 0.463109 0.485 0.0445833 0.0533334 0.0051384
9 0.0828971 0.398333 0.0156042 0.0358333 0.00502014
56 0.984177 0.611667 0.0278646 0.0441667 0.0049057
0 0.0877038 0.595833 0.0391497 0.208333 0.00482941
0 0.399578 0.476667 0.0579584 0.085 0.00468063
0 0.927333 0.60125 0.0234063 0.0566667 0.0046463
26 0.928448 0.609167 0.0156041 0.04 0.00462723
0 0.425771 0.450833 0.0490417 0.0883333 0.00450516
0 0.397906 0.485417 0.0702188 0.1 0.00448608
11 0.0826882 0.397083 0.0097526 0.0333333 0.00448608
0 0.077481 0.523333 0.0490068 0.0566667 0.00445175
0 0.0391497 0.5125 0.0342734 0.05 0.00443268
0 0.348865 0.460833 0.0479271 0.0716666 0.00432968
0 0.433573 0.475 0.0535 0.0833333 0.00431442
0 0.307068 0.4675 0.0546146 0.0833333 0.00429916
13 0.871604 0.643333 0.0245209 0.0575 0.00428009
0 0.371156 0.465 0.0490417 0.07 0.00424957
0 0.00919531 0.525833 0.0169277 0.0766666 0.00424957
0 0.387875 0.515833 0.0479271 0.0516667 0.00408554
0 0.326016 0.4575 0.0546146 0.08 0.00405502
0 0.383974 0.514167 0.0378958 0.045 0.00399017
13 0.0113896 0.610833 0.0223613 0.095 0.00392914
0 0.914516 0.55125 0.018948 0.0425 0.00391388
0 0.392891 0.467083 0.0735625 0.0991667 0.00390053
0 0.282547 0.470417 0.0351094 0.0583333 0.00385475
13 0.158793 0.5475 0.0680592 0.0433334 0.00367928
1 0.207312 0.624583 0.0339948 0.0666666 0.00366402
2 0.158271 0.549583 0.070776 0.0483333 0.00359344
0 0.882193 0.55625 0.0178333 0.0316667 0.00356483
1 0.0117902 0.61625 0.0223962 0.0866667 0.00353813
9 0.861015 0.354062 0.013375 0.0352083 0.00353813
9 0.614135 0.239167 0.0245208 0.0354167 0.00349617
0 0.383138 0.4525 0.0679896 0.111667 0.00346947
0 0.0112503 0.612083 0.0217344 0.0925 0.00337601
0 0.425214 0.431667 0.0501562 0.106667 0.00333786
11 0.614135 0.23875 0.0245208 0.0366667 0.00331116
0 0.0459766 0.526667 0.0153255 0.0208333 0.00329781
0 0.370042 0.46 0.0345521 0.0716667 0.00327301
56 0.871604 0.643333 0.0245209 0.0575 0.00327301
28 0.152001 0.63875 0.0626953 0.114167 0.00323486
0 0.420755 0.479167 0.0601875 0.0966666 0.00319672
0 0.0474743 0.521667 0.0204108 0.03 0.00319672
0 0.461438 0.514167 0.0512708 0.0683334 0.00317192
0 0.526641 0.524167 0.0312083 0.075 0.00316048
9 0.840953 0.356667 0.013375 0.0375 0.00311089
0 0.408773 0.488333 0.0707761 0.123333 0.00309944
1 0.182792 0.609167 0.0370599 0.101667 0.00305176
9 0.952411 0.47 0.0200625 0.03 0.00298119
0 0.530542 0.521667 0.0245208 0.0675 0.00298119
74 0.235038 0.180417 0.0626953 0.0766667 0.00294685
9 0.0873555 0.399167 0.0178333 0.0341667 0.00293541
28 0.158689 0.547917 0.0702188 0.0458333 0.00292397
1 0.206198 0.580833 0.0295365 0.0516667 0.0028553
1 0.197003 0.629167 0.0384531 0.0883333 0.0028553
0 0.448063 0.480833 0.0618594 0.0758333 0.00284576
0 0.38676 0.479583 0.0674323 0.0866666 0.00275803
74 0.614135 0.23875 0.0245208 0.0366667 0.00271416
0 0.56788 0.544583 0.0289792 0.0891667 0.00269318
0 0.878849 0.565833 0.0178333 0.0633333 0.00269318
0 0.866031 0.611667 0.0289792 0.115 0.00269318
0 0.540573 0.385833 0.02675 0.0616667 0.0026722
9 0.199928 0.424167 0.0192266 0.0533334 0.0026722
0 0.704417 0.4275 0.0156042 0.0316667 0.0026722
0 0.327688 0.445 0.0501562 0.0883333 0.00266266
26 0.891109 0.65 0.0200625 0.0433333 0.00261116
13 0.0617897 0.624167 0.0971081 0.175833 0.00261116
0 0.438031 0.475 0.0434688 0.0633333 0.00260162
0 0.538901 0.377083 0.0228489 0.0483334 0.00256157
0 0.469797 0.516667 0.0378958 0.0683333 0.00253105
0 0.465896 0.4975 0.0395677 0.0316667 0.00251198
26 0.905042 0.6225 0.0111459 0.0575 0.00248146
0 0.0473698 0.515833 0.0234062 0.04 0.00244331
0 0.453635 0.530833 0.0679896 0.0666666 0.0024147
1 0.983063 0.619167 0.0222917 0.0291667 0.00239754
0 0.286169 0.477083 0.030651 0.0583333 0.002388
0 0.296479 0.487917 0.0378958 0.0883333 0.00235939
13 0.864917 0.641667 0.0312083 0.0683334 0.00235939
1 0.905042 0.6225 0.0111459 0.0575 0.00233269
26 0.935693 0.560833 0.0111458 0.0233334 0.00232315
0 0.392891 0.455 0.0880521 0.126667 0.00230598
0 0.360568 0.443333 0.0780208 0.106667 0.00228691
0 0.381466 0.512917 0.030651 0.0358333 0.00226974
0 0.706646 0.43 0.0178333 0.0316667 0.00221634
24 0.874948 0.605 0.0156041 0.0425 0.00219154
0 0.952969 0.545 0.0156042 0.0383333 0.00218201
0 0.283661 0.353333 0.0278646 0.0316667 0.00217438
0 0.787453 0.438333 0.013375 0.03 0.00215721
0 0.746771 0.38625 0.00891666 0.02 0.00214958
26 0.0152733 0.64 0.0177985 0.0433333 0.00204277
0 0.523297 0.556667 0.0367813 0.13 0.00203514
0 0.339391 0.44625 0.0412396 0.0675 0.00202751
0 0.743427 0.431667 0.0156042 0.0333333 0.00201988
56 0.880521 0.657083 0.0222917 0.0291667 0.00201035
0 0.317656 0.449167 0.0847083 0.12 0.00201035
0 0.289792 0.352917 0.0245208 0.0366667 0.00200272
58 0.990865 0.6175 0.0156042 0.04 0.00200272
26 0.0134969 0.6425 0.0170322 0.0324999 0.00197983
1 0.204944 0.575 0.0259141 0.035 0.00195694
0 0.309576 0.455 0.0412396 0.0858333 0.00194931
0 0.947396 0.550833 0.0222918 0.045 0.00194931
0 0.545031 0.38625 0.0334375 0.0658333 0.00193405
0 0.474813 0.535833 0.02675 0.0691667 0.00193405
24 0.898354 0.584167 0.0156042 0.0491666 0.00193405
0 0.377844 0.51125 0.0395677 0.0466667 0.00191879
56 0.0112329 0.61375 0.0218389 0.0858333 0.00189686
9 0.867146 0.354167 0.00891666 0.0358333 0.00188923
13 0.860458 0.66 0.0189479 0.025 0.00188923
0 0.898354 0.554583 0.0156042 0.0308333 0.00188255
0 0.341063 0.455833 0.110344 0.1175 0.00187492
0 0.659833 0.413333 0.0256354 0.0516667 0.00186729
28 0.0597173 0.625 0.0923363 0.171667 0.00186729
0 0.567323 0.56375 0.02675 0.0508333 0.00186062
0 0.292578 0.427083 0.0278646 0.0633333 0.00185299
0 0.741198 0.43375 0.0144896 0.0308333 0.00183105
58 0.0132531 0.569583 0.0262275 0.168333 0.00182438
0 0.392333 0.47125 0.143781 0.148333 0.0018177
0 0.60299 0.517917 0.0312083 0.0825 0.0018034
56 0.890552 0.63 0.0245209 0.0833333 0.00178242
0 0.382302 0.44375 0.0891667 0.114167 0.00177479
0 0.354438 0.464167 0.0980833 0.1175 0.00177479
25 0.15841 0.5475 0.0699401 0.045 0.0017271
26 0.871604 0.60375 0.013375 0.0433333 0.00172043
56 0.884422 0.625833 0.0300938 0.0933333 0.00171375
13 0.973031 0.62 0.0334375 0.025 0.00170708
13 0.884979 0.645417 0.0312083 0.0533333 0.00168133
0 0.787453 0.443333 0.0144896 0.0333333 0.00167465
0 0.466453 0.479167 0.0390104 0.045 0.00167465
0 0.0929284 0.524583 0.0339948 0.05 0.0016613
0 0.396234 0.518333 0.066875 0.0541667 0.0016613
60 0.985292 0.617917 0.0256354 0.035 0.0016613
58 0.991979 0.57 0.0122604 0.035 0.0016489
0 0.524969 0.535 0.0345521 0.0866667 0.00164223
0 0.532214 0.5025 0.0245208 0.0925 0.00160408
9 0.86826 0.357083 0.00668755 0.035 0.00159168
56 0.873276 0.623333 0.0234062 0.0975 0.00159168
9 0.113409 0.4025 0.00835937 0.03 0.00158501
0 0.292091 0.460833 0.0500169 0.0908333 0.00158501
1 0.206755 0.583333 0.0328802 0.0866666 0.00157928
0 0.283383 0.423333 0.0317656 0.07 0.00156116
0 0.289792 0.434167 0.0328802 0.0766667 0.00156116
0 0.530542 0.490833 0.0234063 0.0833333 0.00154877
0 0.533328 0.517083 0.0278646 0.0783333 0.00154877
0 0.47732 0.529167 0.0250781 0.0616666 0.00154877
0 0.992536 0.563333 0.0122604 0.0366667 0.00154877
0 0.292857 0.476667 0.0378958 0.0566667 0.00151253
56 0.891109 0.65 0.0200625 0.0433333 0.00150108
0 0.351094 0.5025 0.0980834 0.0816667 0.0014782
1 0.206477 0.56 0.0222917 0.045 0.00146675
0 0.290279 0.446667 0.0480664 0.1 0.00146103
0 0.478156 0.5225 0.0200625 0.0566666 0.00144386
9 0.106164 0.256667 0.0250781 0.0333333 0.00143814
0 0.275302 0.435417 0.0390104 0.0891667 0.00143814
0 0.420198 0.495417 0.0724479 0.136667 0.00143242
0 0.115917 0.535 0.0147682 0.0433333 0.0014267
74 0.0838724 0.39875 0.0100313 0.03 0.00142097
0 0.884979 0.645417 0.0312083 0.0533333 0.00141621
0 0.456422 0.544167 0.0601875 0.055 0.00141048
0 0.563422 0.554583 0.0300938 0.07 0.00139904
0 0.782438 0.535833 0.0156042 0.0316667 0.00139427
2 0.73674 0.561667 0.0200625 0.0416667 0.00138855
26 0.888323 0.590833 0.013375 0.0541667 0.00138855
0 0.706646 0.425 0.0200625 0.0375 0.00138283
1 0.200346 0.588333 0.0351094 0.0683334 0.00137806
0 0.253846 0.6125 0.0156042 0.03 0.00137234
9 0.233227 0.39625 0.0376172 0.106667 0.00135612
56 0.0617897 0.624167 0.0971081 0.175833 0.00135136
0 0.376172 0.473333 0.0479271 0.0758333 0.00134563
1 0.176104 0.584167 0.0239635 0.0375 0.00134563
0 0.376172 0.493333 0.0535 0.0766667 0.00130939
0 0.292578 0.418333 0.0390104 0.075 0.00130463
5 0.530542 0.507917 0.617479 0.5525 0.932129
0 0.0190263 0.570833 0.0375998 0.166667 0.469727
0 0.889437 0.623333 0.0245209 0.0933333 0.379395
0 0.89724 0.607917 0.0200625 0.0975 0.366699
0 0.900583 0.604167 0.0167188 0.0875 0.262207
0 0.95074 0.581667 0.0200625 0.0983333 0.259033
0 0.0230928 0.515 0.0317656 0.055 0.23938
0 0.0665267 0.516667 0.0344128 0.0433334 0.219971
1 0.198535 0.6275 0.0476484 0.135 0.19812
0 0.911729 0.5875 0.0156042 0.0866666 0.187744
0 0.872719 0.568333 0.0111458 0.05 0.14856
9 0.206198 0.424167 0.0206198 0.0516667 0.141235
9 0.0837331 0.397917 0.0105885 0.0325 0.134766
13 0.985292 0.618333 0.0256354 0.035 0.11438
0 0.0187738 0.524583 0.0375475 0.0725 0.105957
0 0.911729 0.564167 0.0156042 0.0383333 0.104492
0 0.871604 0.591667 0.013375 0.0683334 0.101257
0 0.935135 0.584167 0.0156042 0.0883333 0.0923462
0 0.935135 0.5875 0.0111458 0.0783333 0.0918579
0 0.0277166 0.514167 0.0243989 0.0533333 0.0872803
9 0.203411 0.423333 0.0139323 0.045 0.0838623
0 0.912844 0.556667 0.0156042 0.0383334 0.0831299
0 0.90337 0.599583 0.013375 0.085 0.081543
0 0.935693 0.560833 0.0111458 0.0233334 0.0775146
0 0.867146 0.590833 0.0156042 0.095 0.0750122
0 0.95074 0.554167 0.0178333 0.0416667 0.074646
0 0.90337 0.5875 0.0111459 0.0658333 0.0739746
1 0.19951 0.645833 0.0434688 0.1 0.0646362
1 0.199092 0.6075 0.0417969 0.09 0.0637207
0 0.863802 0.599167 0.0156042 0.085 0.0629272
0 0.874948 0.5575 0.0111459 0.035 0.062439
0 0.864917 0.595833 0.0234062 0.11 0.0584412
0 0.884979 0.625417 0.0312083 0.0941667 0.0580139
0 0.863802 0.584167 0.013375 0.0833333 0.0561218
0 0.872162 0.604167 0.0144897 0.0416667 0.0560303
0 0.0833151 0.519167 0.0222917 0.05 0.0557251
0 0.0700968 0.514167 0.0395329 0.055 0.0534058
0 0.898354 0.584167 0.0156042 0.0483334 0.0528259
0 0.931234 0.589167 0.0211771 0.08 0.0516663
0 0.0111458 0.59 0.0220827 0.146667 0.0512695
0 0.00576449 0.540833 0.011529 0.0366667 0.049408
0 0.9095 0.582083 0.0156041 0.07 0.0476074
9 0.207034 0.426667 0.0261927 0.0583334 0.0470886
0 0.889995 0.580833 0.0100312 0.0466667 0.0457764
9 0.228768 0.4175 0.0256354 0.06 0.0440063
0 0.874391 0.563333 0.0111458 0.045 0.0432129
0 0.888323 0.590833 0.013375 0.0533333 0.0426331
0 0.00717513 0.525833 0.014002 0.0666666 0.0395508
0 0.425492 0.463333 0.0629739 0.1175 0.0367126
0 0.873833 0.600833 0.0156041 0.0483334 0.0362854
0 0.0865195 0.518333 0.0256354 0.0566667 0.0357361
1 0.890552 0.630833 0.0245209 0.0816667 0.0348816
0 0.0196794 0.539167 0.0370599 0.103333 0.0335388
24 0.0287005 0.685 0.0296758 0.045 0.03125
0 0.942937 0.554583 0.0178333 0.0391667 0.0307312
1 0.189618 0.604583 0.0509922 0.104167 0.0297546
0 0.910057 0.556667 0.0156042 0.035 0.0276947
0 0.0133228 0.569167 0.0264365 0.168333 0.0268097
0 0.888323 0.568333 0.00891666 0.03 0.0258026
26 0.0285612 0.685 0.0295365 0.045 0.0257568
0 0.924547 0.585 0.0345521 0.0933333 0.0246124
1 0.20174 0.625833 0.0390104 0.0716667 0.0224609
0 0.93625 0.557917 0.0122603 0.0316667 0.0223236
0 0.0319049 0.5125 0.0190872 0.05 0.0219879
0 0.916745 0.554167 0.0167188 0.0391666 0.0205231
0 0.0693132 0.5975 0.0424935 0.214167 0.0199432
1 0.886651 0.645417 0.0289792 0.0525 0.0197144
0 0.0389756 0.576667 0.0755827 0.176667 0.0170441
0 0.880521 0.625 0.0200624 0.0916667 0.0167847
16 0.886651 0.645417 0.0289792 0.0525 0.0167847
26 0.874391 0.605 0.0167187 0.0425 0.0162811
0 0.00680941 0.578333 0.0136188 0.12 0.0160217
13 0.990865 0.6175 0.0156042 0.0383333 0.0155411
56 0.985292 0.618333 0.0256354 0.035 0.0153046
0 0.0638099 0.5975 0.0660391 0.225 0.0148392
0 0.918417 0.572083 0.0156041 0.0625 0.014389
56 0.990865 0.6175 0.0156042 0.0383333 0.0142288
0 0.0330544 0.513333 0.0303027 0.05 0.0141144
0 0.873276 0.623333 0.0234062 0.0966667 0.014061
0 0.11515 0.54 0.0122604 0.0333333 0.0136871
74 0.951854 0.47 0.0200624 0.03 0.0134277
0 0.939594 0.589167 0.0167188 0.0783333 0.0130234
9 0.855443 0.355 0.0178333 0.0341667 0.0127716
0 0.872719 0.609167 0.0178333 0.06 0.0124283
1 0.205641 0.597917 0.0351094 0.07 0.0123825
13 0.983063 0.619167 0.0222917 0.0291667 0.0123367
1 0.207312 0.60875 0.0345521 0.0875 0.012146
1 0.891109 0.651667 0.0200625 0.04 0.011734
1 0.985292 0.618333 0.0256354 0.035 0.0116882
0 0.881635 0.572083 0.0111458 0.0491667 0.011116
9 0.916187 0.370833 0.0156042 0.055 0.0108566
13 0.978604 0.619167 0.0144896 0.0283333 0.0107803
0 0.0785607 0.598333 0.0568786 0.225 0.0104065
9 0.208706 0.44875 0.0261927 0.0191666 0.0102081
1 0.169835 0.635 0.103656 0.126667 0.00930023
13 0.984177 0.611667 0.0278646 0.0441667 0.00923157
9 0.917859 0.364896 0.0178333 0.066875 0.00891876
0 0.927333 0.59125 0.02675 0.0775 0.00888062
0 0.41574 0.460833 0.0412396 0.108333 0.00800323
0 0.82925 0.565417 0.0111458 0.0325 0.00800323
0 0.359453 0.463333 0.066875 0.0766667 0.00793457
9 0.230719 0.4075 0.0289792 0.08 0.00790405
1 0.991422 0.6175 0.0144897 0.0383333 0.0077858
0 0.0234759 0.5675 0.0276556 0.155 0.00775528
0 0.951854 0.601667 0.0178333 0.0533334 0.00775528
0 0.433573 0.471667 0.0780208 0.128333 0.00766754
0 0.905042 0.6225 0.0122604 0.0566667 0.00763702
0 0.42187 0.4525 0.0535 0.0916667 0.00757599
0 0.454193 0.483333 0.0635313 0.0633333 0.00748825
0 0.860458 0.611667 0.0156042 0.0766666 0.00728989
0 0.280596 0.44375 0.0384531 0.0858333 0.00725937
0 0.451964 0.502917 0.0724479 0.104167 0.00714874
0 0.0577493 0.607083 0.0900026 0.206667 0.00714874
16 0.891109 0.651667 0.0200625 0.04 0.00709534
0 0.315427 0.461667 0.0557292 0.0866667 0.00706482
0 0.40543 0.465417 0.101984 0.13 0.00703812
16 0.880521 0.659583 0.0222917 0.0241666 0.00701141
0 0.0373037 0.519167 0.0467428 0.06 0.00677109
0 0.280596 0.460417 0.0390104 0.0758334 0.00666809
0 0.433852 0.4575 0.0551719 0.103333 0.00634003
56 0.978604 0.619167 0.0144896 0.0283333 0.00629044
9 0.20773 0.444167 0.0275859 0.03 0.00621796
0 0.334096 0.456667 0.0529427 0.07 0.00614548
0 0.45475 0.51625 0.066875 0.08 0.00595856
0 0.381187 0.469167 0.0601875 0.0833333 0.00579834
0 0.148518 0.505833 0.0214557 0.0441666 0.00566483
0 0.409052 0.478333 0.0523854 0.0891667 0.00551224
0 0.284497 0.4325 0.0351094 0.0716666 0.00547028
26 0.928448 0.6125 0.0156041 0.0333333 0.00542831
56 0.983063 0.619167 0.0222917 0.0291667 0.00526047
0 0.463667 0.485 0.0434687 0.0541667 0.00518036
0 0.34357 0.4575 0.0339948 0.065 0.0051384
9 0.0826882 0.397917 0.0144896 0.0341667 0.00502014
0 0.400135 0.477083 0.0568438 0.085 0.00486755
0 0.433573 0.475 0.0523854 0.0833333 0.00471878
56 0.884979 0.645833 0.0312083 0.0516667 0.00471878
11 0.0826882 0.397083 0.0097526 0.0325 0.00469971
0 0.397906 0.485 0.0691041 0.1 0.0046463
9 0.84151 0.363333 0.013375 0.025 0.00460815
13 0.159107 0.5475 0.0679896 0.0433334 0.0045929
0 0.0881914 0.597083 0.0378958 0.210833 0.0045929
0 0.0789961 0.523333 0.0451406 0.0566667 0.00452042
0 0.927333 0.601667 0.0234063 0.0566666 0.00429916
0 0.348586 0.460833 0.0462552 0.0716666 0.00419998
0 0.00910824 0.525833 0.0168232 0.0766666 0.00413513
0 0.307346 0.4675 0.0546146 0.0833333 0.00411606
0 0.371156 0.465 0.0479271 0.07 0.00408554
0 0.0390801 0.5125 0.0341341 0.05 0.00402451
0 0.383974 0.514167 0.0373385 0.045 0.00400543
0 0.441654 0.483333 0.0913959 0.143333 0.00397491
1 0.207173 0.624167 0.0345521 0.065 0.0039444
0 0.392891 0.467917 0.0735625 0.0975 0.00388527
56 0.984177 0.611667 0.0278646 0.0441667 0.00383949
0 0.325737 0.4575 0.0535 0.08 0.00367928
13 0.872162 0.644167 0.0245208 0.055 0.00359344
9 0.202297 0.424167 0.0234062 0.0516667 0.00352478
74 0.235038 0.180625 0.0626953 0.0754167 0.00349617
26 0.891109 0.651667 0.0200625 0.04 0.00349617
0 0.0112503 0.611667 0.0217344 0.0933333 0.00348282
0 0.282477 0.470833 0.0346914 0.0566666 0.00345612
0 0.420755 0.479583 0.0590729 0.0958333 0.00342941
0 0.409331 0.487917 0.0657604 0.1225 0.00328636
1 0.0118076 0.616667 0.0223613 0.0866666 0.00328636
11 0.614135 0.23875 0.0245208 0.03625 0.00327301
0 0.914516 0.55125 0.018948 0.0425 0.00325966
0 0.42187 0.485833 0.127062 0.163333 0.00325966
0 0.0458372 0.526667 0.0153255 0.0208333 0.00324821
9 0.861015 0.354271 0.013375 0.0347917 0.00323486
0 0.425492 0.431667 0.0501563 0.106667 0.00322342
0 0.383417 0.4525 0.0679896 0.111667 0.00321007
0 0.882193 0.555833 0.0178333 0.0316667 0.00319672
0 0.370042 0.460417 0.0339948 0.0708333 0.00314713
0 0.0475091 0.521667 0.0200625 0.03 0.00309944
9 0.614135 0.239167 0.02675 0.0375 0.00307465
13 0.0113722 0.610833 0.0223265 0.095 0.00307465
0 0.447505 0.480833 0.0601875 0.0766666 0.00305176
0 0.462552 0.51375 0.049599 0.0691667 0.00305176
1 0.197003 0.628333 0.0381745 0.0866667 0.00304031
0 0.526641 0.524583 0.0312083 0.0741667 0.00299263
1 0.206198 0.5825 0.0300938 0.055 0.00299263
0 0.530542 0.521667 0.0245208 0.0683333 0.00292397
1 0.182652 0.609167 0.0367813 0.1 0.00290108
0 0.56788 0.544583 0.0289792 0.0891667 0.00288963
28 0.152141 0.63875 0.0624167 0.114167 0.0028553
0 0.704417 0.4275 0.0156042 0.0316667 0.00282288
0 0.38676 0.48 0.066875 0.0875 0.00282288
2 0.158132 0.549167 0.0710547 0.0475 0.00281143
26 0.905042 0.6225 0.0122604 0.0566667 0.00268364
0 0.438031 0.475 0.0434688 0.065 0.0026722
1 0.983063 0.619167 0.0222917 0.0291667 0.00263214
0 0.358339 0.45875 0.0523854 0.0725 0.00261116
74 0.614135 0.23875 0.0245208 0.03625 0.00259018
0 0.469797 0.51625 0.0378958 0.0691667 0.00256157
0 0.540573 0.386667 0.0256354 0.0616666 0.00255013
9 0.840953 0.356667 0.013375 0.0366667 0.00254059
26 0.0152733 0.640417 0.0177985 0.0425 0.00254059
1 0.905042 0.6225 0.0122604 0.0566667 0.00251198
0 0.465896 0.496667 0.0395677 0.0316667 0.00248146
0 0.538901 0.3775 0.0228489 0.0483334 0.00243378
9 0.952969 0.47 0.0200625 0.03 0.00242424
0 0.453635 0.52875 0.0674323 0.0675 0.0024147
0 0.864917 0.61 0.0289792 0.115 0.00240517
56 0.872162 0.644167 0.0245208 0.055 0.00231361
26 0.0135666 0.6425 0.0169626 0.0333333 0.00230598
0 0.706646 0.43 0.0178333 0.0316667 0.00229645
28 0.158689 0.5475 0.0704974 0.045 0.00225258
0 0.879406 0.565417 0.0178333 0.0625 0.00225258
0 0.746771 0.38625 0.00891666 0.02 0.00223351
9 0.0873555 0.399167 0.0178333 0.0341667 0.00223351
0 0.44249 0.4775 0.0367813 0.055 0.00222588
0 0.285891 0.4775 0.0300937 0.0575 0.00222588
0 0.392891 0.455 0.0880521 0.126667 0.00221634
0 0.0474743 0.515833 0.0231973 0.04 0.00219917
0 0.381466 0.512917 0.0300937 0.0358333 0.00217438
0 0.296479 0.488333 0.0367813 0.0883333 0.00215721
26 0.935693 0.560833 0.0111458 0.0233334 0.00214958
0 0.567323 0.56375 0.02675 0.0508333 0.00211525
0 0.387596 0.46 0.128734 0.131667 0.00210762
13 0.0617201 0.623333 0.0964115 0.176667 0.00210762
0 0.787453 0.438333 0.013375 0.03 0.00208282
0 0.743427 0.431667 0.0156042 0.0333333 0.00204277
0 0.331589 0.438333 0.0473698 0.0833333 0.00203514
1 0.205083 0.575833 0.0261927 0.0366667 0.00202751
0 0.361125 0.443333 0.0791354 0.108333 0.00198746
0 0.283661 0.353333 0.0278646 0.0316667 0.00194931
0 0.952969 0.545 0.0156042 0.0383333 0.00194168
0 0.741198 0.43375 0.0144896 0.0308333 0.00193405
0 0.52274 0.557083 0.0356667 0.1275 0.00192642
0 0.377844 0.511667 0.0390104 0.0466667 0.00191212
13 0.864917 0.6425 0.0300938 0.065 0.00188923
0 0.0709328 0.525833 0.0504001 0.0633333 0.00186062
58 0.991422 0.6175 0.0144897 0.0383333 0.00184631
0 0.474813 0.535833 0.02675 0.0683333 0.0018177
0 0.0929284 0.524167 0.0338555 0.05 0.00181007
0 0.339669 0.456667 0.102542 0.113333 0.00181007
28 0.058742 0.625833 0.0901071 0.17 0.0018034
0 0.289792 0.352917 0.0245208 0.0366667 0.00178909
0 0.466453 0.479167 0.0378958 0.0441667 0.00178242
0 0.309854 0.455833 0.040125 0.085 0.00177479
24 0.874391 0.605 0.0167187 0.0425 0.00176144
0 0.318214 0.45 0.0835937 0.118333 0.00175476
0 0.787453 0.443333 0.0144896 0.0333333 0.0017004
0 0.339391 0.446667 0.0412396 0.0666666 0.00168705
0 0.898354 0.554167 0.0156042 0.03 0.0016613
24 0.898354 0.584167 0.0156042 0.0483334 0.0016613
0 0.659833 0.41375 0.0245208 0.0516667 0.00165462
25 0.15841 0.547083 0.0699401 0.0441667 0.00163555
0 0.292578 0.426667 0.0273073 0.0633333 0.00162888
0 0.338833 0.46125 0.040125 0.0633333 0.00162888
1 0.206755 0.584167 0.0328802 0.0866666 0.00162888
0 0.60299 0.517917 0.0312083 0.0825 0.00160408
0 0.39512 0.518333 0.0640885 0.0533334 0.00160408
26 0.871604 0.604167 0.013375 0.0433333 0.00160408
0 0.947396 0.550833 0.0222918 0.045 0.00157356
0 0.382302 0.44375 0.0913958 0.114167 0.00156116
13 0.973031 0.619583 0.0334375 0.025 0.00156116
56 0.880521 0.659583 0.0222917 0.0241666 0.00156116
0 0.992536 0.5625 0.0122604 0.035 0.00155449
13 0.860458 0.66 0.0189479 0.025 0.00155449
0 0.477599 0.528333 0.0245208 0.0616666 0.00154305
0 0.420198 0.495 0.070776 0.136667 0.00153637
0 0.532214 0.5025 0.0245208 0.0916667 0.00152493
0 0.782438 0.535833 0.0156042 0.0316667 0.00152493
0 0.563004 0.555 0.0309297 0.0691667 0.0015192
74 0.0838724 0.398333 0.0100313 0.03 0.00151253
0 0.524969 0.535833 0.0345521 0.0883333 0.00151253
0 0.533607 0.517917 0.0273073 0.0775 0.00148964
1 0.206477 0.559167 0.0222917 0.0441667 0.00148392
0 0.115917 0.535 0.0147682 0.0441667 0.00146675
13 0.884979 0.645833 0.0312083 0.0516667 0.00146675
0 0.35388 0.465 0.0986406 0.116667 0.00146103
56 0.0111458 0.614167 0.0215951 0.085 0.00144386
0 0.530542 0.490833 0.0234063 0.0833333 0.00143242
1 0.978604 0.619167 0.0144896 0.0283333 0.00143242
56 0.890552 0.630833 0.0245209 0.0816667 0.0014267
0 0.706646 0.425 0.0200625 0.0366667 0.00141621
26 0.928448 0.605833 0.0178333 0.0475 0.00141621
0 0.478156 0.522083 0.0200625 0.0575 0.00140476
0 0.253986 0.612083 0.0153255 0.0291666 0.00140476
0 0.289792 0.434167 0.0323229 0.0766667 0.00139427
0 0.283383 0.423333 0.0312083 0.07 0.00138283
0 0.291742 0.461667 0.0473698 0.0891667 0.00138283
0 0.350536 0.502917 0.0969687 0.0816667 0.00137234
9 0.867146 0.354167 0.00891666 0.035 0.00136662
0 0.567323 0.536667 0.0245208 0.0641667 0.00136185
0 0.828135 0.558333 0.0122604 0.0416667 0.00135612
0 0.82925 0.559583 0.013375 0.0508333 0.00135612
0 0.275232 0.435 0.0380352 0.0883333 0.00134087
0 0.307068 0.48 0.0512708 0.0816666 0.00133514
0 0.548375 0.3875 0.0390104 0.065 0.00132465
1 0.200068 0.58875 0.0342734 0.0675 0.00132465
0 0.292857 0.476667 0.0367813 0.0566667 0.00130939
1 0.175826 0.583333 0.0239635 0.0366667 0.00130463
60 0.985292 0.618333 0.0256354 0.035 0.00129986
56 0.884979 0.625417 0.0312083 0.0941667 0.00129414
0 0.246462 0.605417 0.0253568 0.04 0.00128937
56 0.891109 0.651667 0.0200625 0.04 0.0012846
0 0.457536 0.544167 0.0579583 0.0533334 0.00127888
56 0.873276 0.623333 0.0234062 0.0966667 0.00127888
9 0.106164 0.256667 0.0250781 0.0333333 0.00127411
5 0.530542 0.5075 0.616365 0.553333 0.930664
0 0.0190524 0.570833 0.0375475 0.166667 0.461914
0 0.89724 0.6075 0.0200625 0.0966667 0.349609
0 0.889437 0.624167 0.0245209 0.0966666 0.343262
0 0.900583 0.604167 0.0167188 0.0875 0.244385
0 0.95074 0.582083 0.0200625 0.0975 0.237183
0 0.0231276 0.515 0.031487 0.055 0.224731
1 0.198674 0.6275 0.0473698 0.135 0.217285
0 0.066457 0.516667 0.0344128 0.0433334 0.206299
0 0.911729 0.5875 0.0156042 0.0866666 0.16394
0 0.872719 0.568333 0.0111458 0.05 0.135742
13 0.985292 0.618333 0.0256354 0.0341666 0.113586
9 0.206059 0.424167 0.0206198 0.0516667 0.106689
9 0.0837331 0.3975 0.0107279 0.0316667 0.102295
0 0.871604 0.5925 0.013375 0.0666667 0.0939941
0 0.0188173 0.524167 0.0374605 0.0716667 0.093689
0 0.912286 0.5625 0.0156041 0.0366667 0.0891113
0 0.027734 0.514167 0.0242248 0.0533333 0.0797729
0 0.912844 0.556667 0.0156042 0.0383334 0.0779419
0 0.935135 0.5875 0.0111458 0.0791667 0.0759888
0 0.935135 0.58375 0.0156042 0.0891667 0.0743408
1 0.19951 0.645417 0.0434688 0.100833 0.0715942
0 0.902812 0.6 0.013375 0.085 0.071228
0 0.935693 0.560833 0.0111458 0.0233334 0.0675659
0 0.95074 0.554167 0.0178333 0.0416667 0.0673218
1 0.199232 0.6075 0.0417969 0.09 0.0661011
0 0.902812 0.5875 0.0111458 0.065 0.0630493
9 0.203133 0.423333 0.013375 0.045 0.0609741
0 0.867146 0.591667 0.0156042 0.095 0.0602112
0 0.011111 0.589167 0.0220827 0.1475 0.0592041
0 0.864917 0.595833 0.0245209 0.11 0.0570679
0 0.863802 0.598333 0.0167187 0.085 0.0557251
0 0.863802 0.584167 0.013375 0.0833333 0.0546875
0 0.874948 0.557083 0.0111459 0.035 0.0542908
0 0.0833151 0.519583 0.0222917 0.0491667 0.0541077
0 0.872162 0.604167 0.0144897 0.0425 0.0528259
0 0.891667 0.614167 0.02675 0.11 0.0523376
0 0.898354 0.584167 0.0167188 0.0483334 0.0505981
1 0.889995 0.6325 0.0245208 0.0783333 0.0474243
0 0.00573836 0.540833 0.0114767 0.0366667 0.0461121
0 0.931792 0.589167 0.0200625 0.08 0.0455933
0 0.0700794 0.514167 0.0394284 0.055 0.0453491
0 0.9095 0.581667 0.0156041 0.07 0.041687
0 0.0753737 0.51625 0.030651 0.0541667 0.0409851
0 0.889995 0.580833 0.0100312 0.0466667 0.0402527
24 0.0287354 0.685 0.0297454 0.045 0.0389099
0 0.00707064 0.525833 0.0138626 0.0666666 0.0386963
0 0.888323 0.59 0.013375 0.0516667 0.0381165
0 0.873833 0.562917 0.0111459 0.045 0.035675
0 0.0865195 0.518333 0.0256354 0.0566667 0.0354004
9 0.228768 0.417083 0.0256354 0.06 0.0348816
9 0.207034 0.426667 0.0261927 0.0583334 0.0333252
26 0.0286222 0.685 0.0295539 0.045 0.0327148
0 0.937922 0.5875 0.0178333 0.0816667 0.0316162
0 0.873833 0.600833 0.0156041 0.0475 0.0314941
1 0.189479 0.605 0.0504349 0.103333 0.0313721
0 0.0196445 0.544167 0.0369902 0.113333 0.0281067
0 0.94238 0.554583 0.0189479 0.0391667 0.0279541
0 0.0133576 0.569167 0.0265062 0.17 0.0275879
0 0.424656 0.464167 0.0624167 0.118333 0.0255585
1 0.886651 0.645417 0.0289792 0.0525 0.0252686
0 0.910057 0.556667 0.0156042 0.035 0.0252228
1 0.20174 0.6275 0.0390104 0.075 0.0232391
0 0.888323 0.568333 0.00891666 0.03 0.0222473
0 0.92399 0.584167 0.0356667 0.0933333 0.0211182
0 0.93625 0.557917 0.0111459 0.0316667 0.0204926
0 0.031696 0.5125 0.0185996 0.05 0.0202484
0 0.0692261 0.5975 0.042389 0.215 0.0189819
0 0.916745 0.554167 0.0167188 0.0383333 0.0185852
16 0.886651 0.645417 0.0289792 0.0525 0.016922
26 0.874391 0.605 0.0167187 0.0425 0.0158386
56 0.985292 0.618333 0.0256354 0.0341666 0.0156708
0 0.880521 0.625417 0.0200624 0.0916666 0.0150757
1 0.985292 0.618333 0.0256354 0.0341666 0.0150146
0 0.0635138 0.596667 0.0666312 0.225 0.0150146
0 0.00673975 0.579167 0.0134795 0.121667 0.0149536
13 0.991422 0.6175 0.0144897 0.0383333 0.0147324
1 0.891109 0.651667 0.0200625 0.04 0.0147324
0 0.0384183 0.577083 0.0741894 0.175833 0.0143356
56 0.991422 0.6175 0.0144897 0.0383333 0.0140076
1 0.205641 0.59875 0.0351094 0.0716666 0.0139542
0 0.115081 0.54 0.0122604 0.0333333 0.0131683
0 0.0328802 0.513333 0.0298151 0.05 0.0130234
0 0.873276 0.62375 0.0234062 0.0958333 0.0127258
0 0.918417 0.57 0.0144897 0.06 0.012291
13 0.978604 0.619167 0.0144896 0.0283333 0.0113297
0 0.872719 0.609167 0.0178333 0.06 0.0110703
74 0.951854 0.470417 0.0200624 0.0308333 0.0109024
9 0.854885 0.354062 0.0178333 0.0335417 0.0106125
0 0.0768366 0.599583 0.0433294 0.22 0.0105286
1 0.207591 0.62 0.0345521 0.0666666 0.00948334
9 0.916187 0.371667 0.0156042 0.0541667 0.00945282
1 0.991979 0.617917 0.013375 0.0391666 0.00933838
1 0.169835 0.634167 0.103378 0.128333 0.00930023
13 0.984177 0.611667 0.0278646 0.0441667 0.0086441
0 0.829807 0.565417 0.0111458 0.0325 0.00831604
0 0.927333 0.591667 0.02675 0.0766666 0.00800323
0 0.881635 0.5725 0.0111458 0.0491666 0.00793457
9 0.208706 0.44875 0.0261927 0.0191666 0.00790405
0 0.0234411 0.567917 0.0277253 0.155 0.00763702
0 0.0576274 0.606667 0.0892712 0.2075 0.00763702
0 0.415182 0.46125 0.0395677 0.1075 0.00725937
16 0.881078 0.66 0.0222917 0.025 0.00720596
0 0.860458 0.6125 0.0156042 0.0766667 0.00703812
16 0.891109 0.651667 0.0200625 0.04 0.00701141
0 0.951854 0.6025 0.0178333 0.0516667 0.00664139
0 0.36001 0.464167 0.0652031 0.075 0.00656509
0 0.42187 0.4525 0.0535 0.0925 0.00653839
56 0.978604 0.619167 0.0144896 0.0283333 0.0064888
0 0.280596 0.444167 0.0384531 0.085 0.00619125
9 0.23044 0.408333 0.0289792 0.0783333 0.00614548
0 0.148518 0.505833 0.0214557 0.045 0.00614548
26 0.928448 0.61375 0.0156041 0.0316667 0.00602722
0 0.905042 0.624167 0.0122604 0.0533334 0.00602722
0 0.454193 0.48375 0.0635313 0.0633333 0.00600433
0 0.409052 0.47875 0.0512708 0.09 0.00570679
0 0.315427 0.462083 0.0546146 0.0866667 0.00568771
0 0.0369902 0.51875 0.0447227 0.0591667 0.00568771
0 0.433573 0.475 0.0769062 0.135 0.00557709
0 0.43413 0.458333 0.0546145 0.103333 0.00534439
0 0.38063 0.47 0.0585156 0.0816666 0.00518036
0 0.280596 0.460417 0.0390104 0.0758334 0.00508118
0 0.404594 0.465833 0.101427 0.131667 0.0050621
13 0.159107 0.5475 0.0685469 0.0433334 0.00500107
0 0.451964 0.50375 0.0713333 0.104167 0.00500107
0 0.0760703 0.595833 0.0720299 0.226667 0.00492477
0 0.284149 0.4325 0.0346914 0.0716666 0.00486755
0 0.334654 0.456667 0.0518281 0.0683334 0.00468063
0 0.34357 0.4575 0.0334375 0.0641667 0.00453949
0 0.455029 0.516667 0.0657604 0.0783333 0.00453949
56 0.884979 0.646667 0.0312083 0.0516667 0.00448608
9 0.20773 0.44625 0.0275859 0.0258333 0.00446701
0 0.397906 0.485417 0.066875 0.0991667 0.00446701
0 0.0886094 0.59875 0.0376172 0.214167 0.00443268
0 0.0805286 0.523333 0.0420755 0.0566667 0.00428009
0 0.0089515 0.525833 0.0165098 0.0766666 0.00424957
11 0.0826882 0.3975 0.00961328 0.0316667 0.00424957
26 0.891109 0.651667 0.0200625 0.04 0.00411606
0 0.463667 0.485417 0.0423542 0.0533334 0.00403976
9 0.0827578 0.397917 0.0144896 0.0341667 0.00397491
0 0.43413 0.475833 0.0512709 0.0833333 0.00397491
9 0.918417 0.363229 0.0178333 0.071875 0.00391388
0 0.0112155 0.611667 0.0217344 0.0933333 0.00383949
9 0.84151 0.363333 0.013375 0.025 0.00378036
0 0.927333 0.602083 0.0222917 0.055 0.00378036
0 0.383974 0.514167 0.0367813 0.045 0.00374985
0 0.336047 0.452917 0.040125 0.0616667 0.0037365
0 0.371714 0.465417 0.0468125 0.0691667 0.00370789
13 0.871604 0.645833 0.0245209 0.0533333 0.00370789
56 0.984177 0.611667 0.0278646 0.0441667 0.00369263
1 0.0118076 0.616667 0.022222 0.085 0.00365067
0 0.0391149 0.5125 0.0340645 0.05 0.00362206
1 0.206198 0.585417 0.0300938 0.06 0.00359344
0 0.34775 0.460833 0.0434687 0.0716666 0.00353813
0 0.420198 0.48 0.0579583 0.0958333 0.00351143
0 0.328245 0.457083 0.0546146 0.0808333 0.00345612
0 0.394562 0.469583 0.0679896 0.095 0.00341606
0 0.409609 0.488333 0.0635312 0.121667 0.00331116
0 0.307346 0.4675 0.0529427 0.0833333 0.00329781
1 0.182513 0.609167 0.0367812 0.1 0.00327301
1 0.905042 0.624167 0.0122604 0.0533334 0.00327301
11 0.614135 0.23875 0.0245208 0.0366667 0.00316048
28 0.152001 0.63875 0.0624167 0.114167 0.003088
1 0.196724 0.627917 0.0378958 0.09 0.00307465
0 0.914516 0.55125 0.018948 0.0425 0.00299263
0 0.0459069 0.526667 0.0153255 0.0208333 0.00298119
0 0.370042 0.460417 0.0334375 0.0708333 0.0029583
26 0.015221 0.640833 0.0178333 0.0416667 0.00291252
0 0.704417 0.4275 0.0156042 0.0316667 0.00288963
0 0.0476136 0.521667 0.0199928 0.03 0.00286674
0 0.882193 0.555833 0.0178333 0.0316667 0.00283432
26 0.905042 0.624167 0.0122604 0.0533334 0.00283432
9 0.861573 0.354271 0.013375 0.0347917 0.00282288
0 0.280875 0.477083 0.0390104 0.0816666 0.00279045
0 0.42187 0.486667 0.127062 0.161667 0.00276756
74 0.235177 0.180417 0.0624167 0.0758333 0.00274658
0 0.382859 0.455 0.066875 0.106667 0.00266266
0 0.530542 0.521667 0.0239635 0.0683333 0.00265312
0 0.425492 0.431667 0.0501563 0.105 0.00263214
26 0.0135317 0.6425 0.0170322 0.0333333 0.00261116
0 0.526919 0.525 0.030651 0.0733333 0.00257111
0 0.282826 0.4725 0.0345521 0.055 0.00254059
0 0.38676 0.480833 0.0657604 0.0866666 0.00251198
0 0.463667 0.514167 0.047927 0.0691667 0.00251198
13 0.0113722 0.610833 0.0222568 0.095 0.00244331
0 0.445555 0.480833 0.0557292 0.0766666 0.0024147
0 0.56788 0.545417 0.0278646 0.0875 0.00239754
0 0.541687 0.385 0.0256354 0.065 0.00236893
0 0.706646 0.43 0.0178333 0.0316667 0.00234222
9 0.614135 0.239375 0.02675 0.0370833 0.00230598
0 0.470911 0.516667 0.0345521 0.0666667 0.00228691
1 0.205083 0.577083 0.02675 0.0383333 0.00226021
0 0.746771 0.38625 0.00891666 0.02 0.00223351
2 0.157992 0.549167 0.0710547 0.0466667 0.00223351
0 0.359732 0.459167 0.0479271 0.0716666 0.00222588
0 0.438589 0.475833 0.0417969 0.0633333 0.00222588
9 0.840953 0.356667 0.013375 0.0366667 0.00219917
74 0.614135 0.23875 0.0245208 0.0366667 0.00218201
0 0.538901 0.37625 0.0222917 0.0458333 0.00214958
0 0.466174 0.4975 0.0384531 0.0316667 0.00214005
56 0.871604 0.645833 0.0245209 0.0533333 0.00211525
0 0.565651 0.564167 0.0300938 0.0516667 0.00208282
0 0.787453 0.438333 0.013375 0.03 0.0020752
0 0.864917 0.61 0.0278646 0.113333 0.0020752
0 0.741198 0.43375 0.0144896 0.0308333 0.00205803
9 0.952411 0.47 0.0200625 0.03 0.00205803
0 0.743427 0.431667 0.0156042 0.0333333 0.0020504
26 0.935693 0.560833 0.0111458 0.0233334 0.00201988
0 0.381745 0.512917 0.0289792 0.035 0.00201035
1 0.206755 0.584583 0.0328802 0.09 0.00199509
0 0.0475091 0.515833 0.0231276 0.04 0.00197983
9 0.199092 0.423333 0.0175547 0.0533333 0.00196457
0 0.32713 0.445833 0.0490417 0.0866667 0.00192642
13 0.864359 0.643333 0.0289792 0.0633333 0.00189686
28 0.158863 0.5475 0.0707064 0.045 0.00188923
0 0.392612 0.455833 0.0863802 0.125 0.00186062
0 0.453635 0.531667 0.066875 0.06 0.00186062
58 0.991979 0.617917 0.013375 0.0391666 0.00183868
0 0.283661 0.353333 0.0278646 0.0316667 0.00181007
0 0.296758 0.49 0.036224 0.09 0.00181007
0 0.0927891 0.524583 0.0337161 0.05 0.00178909
0 0.378401 0.511667 0.0378958 0.045 0.00174809
1 0.978604 0.619167 0.0144896 0.0283333 0.00174141
0 0.474813 0.535833 0.0261927 0.0683333 0.00173378
0 0.787453 0.443333 0.0144896 0.0333333 0.0017271
0 0.52274 0.5575 0.0356667 0.126667 0.0017271
1 0.206616 0.558333 0.0222917 0.045 0.00172043
13 0.0617201 0.623333 0.0957148 0.176667 0.0017004
0 0.287005 0.479167 0.0278646 0.0566666 0.00165462
13 0.860458 0.66 0.0178333 0.025 0.0016489
74 0.0839421 0.398333 0.0100312 0.03 0.00163555
0 0.782438 0.53625 0.0156042 0.0316667 0.00162888
0 0.952969 0.545417 0.0156042 0.0383334 0.00162315
28 0.0581673 0.625833 0.088888 0.17 0.00162315
0 0.878849 0.565417 0.0178333 0.0625 0.00161648
1 0.900583 0.635 0.0156041 0.0566666 0.00161076
0 0.0709154 0.525833 0.0497383 0.0633333 0.00159168
9 0.0874251 0.399167 0.0178333 0.0341667 0.00158501
0 0.477599 0.528333 0.0245208 0.06 0.00158501
0 0.289792 0.352917 0.0245208 0.0358333 0.00157356
0 0.360568 0.444167 0.0757917 0.105833 0.00156689
0 0.898354 0.554167 0.0156042 0.03 0.00156689
26 0.871047 0.604167 0.013375 0.0433333 0.00156116
56 0.881078 0.66 0.0222917 0.025 0.00156116
13 0.973031 0.62 0.0334375 0.025 0.00153637
0 0.992536 0.5625 0.0122604 0.035 0.00152493
26 0.928448 0.606667 0.0178333 0.0466667 0.00152493
0 0.466453 0.479167 0.0378958 0.0433333 0.0015192
13 0.884979 0.646667 0.0312083 0.0516667 0.0015192
24 0.874391 0.605 0.0167187 0.0425 0.00151253
0 0.444161 0.486667 0.0880521 0.141667 0.00150108
0 0.394005 0.518333 0.0613021 0.0533334 0.00148964
56 0.889995 0.6325 0.0245208 0.0783333 0.00148964
0 0.310133 0.45625 0.0390104 0.0833333 0.0014782
0 0.82925 0.559583 0.013375 0.0508333 0.0014782
24 0.898354 0.584167 0.0167188 0.0483334 0.00147247
2 0.736182 0.56125 0.0189479 0.04 0.00145531
1 0.175826 0.58375 0.0234062 0.0366667 0.00145531
0 0.706646 0.425 0.0200625 0.0375 0.00143242
0 0.420198 0.495 0.0691041 0.135 0.00142097
0 0.254125 0.6125 0.0150469 0.0283333 0.00140476
0 0.659833 0.413333 0.0245208 0.0516667 0.00138855
25 0.158236 0.547083 0.0697311 0.0441667 0.00138855
0 0.562725 0.556667 0.0292578 0.065 0.00137806
0 0.828135 0.558333 0.0122604 0.0416667 0.00137806
60 0.985292 0.618333 0.0256354 0.0341666 0.00137806
0 0.532214 0.503333 0.0245208 0.0916666 0.00137234
0 0.60299 0.518333 0.0312083 0.0825 0.00137234
0 0.115917 0.535 0.0147682 0.0433333 0.00136185
0 0.325458 0.4325 0.0445833 0.0941667 0.00135612
0 0.478156 0.5225 0.0200625 0.0566666 0.00135612
0 0.947396 0.550833 0.0222918 0.045 0.00135136
0 0.292578 0.426667 0.02675 0.0616667 0.00134563
56 0.891109 0.651667 0.0200625 0.04 0.00131512
1 0.204247 0.564167 0.0211771 0.0466667 0.00129986
56 0.0109717 0.614167 0.0212467 0.0833333 0.0012846
58 0.985292 0.61875 0.0256354 0.0341666 0.00127411
56 0.884979 0.625833 0.0312083 0.0933333 0.00127411
0 0.548654 0.3875 0.0384532 0.065 0.00126934
0 0.524411 0.536667 0.0339948 0.0891667 0.00126934
1 0.199789 0.588333 0.0334375 0.065 0.00126934
0 0.246462 0.605417 0.0250781 0.04 0.00124931
0 0.383138 0.444167 0.093625 0.115 0.0012207
0 0.283383 0.423333 0.030651 0.0683334 0.00120163
0 0.530542 0.490833 0.0234063 0.0833333 0.00120163
56 0.873276 0.62375 0.0234062 0.0958333 0.00119686
0 0.275581 0.435417 0.0373385 0.0875 0.00118828
0 0.713333 0.4275 0.0156042 0.0366667 0.00118351
0 0.783552 0.439167 0.0111458 0.0266667 0.00118351
0 0.56788 0.536667 0.0245208 0.065 0.00117874
26 0.888323 0.59 0.013375 0.0516667 0.00117874
53 0.529706 0.510104 0.619151 0.553125 0.00117874
11 0.952411 0.469167 0.0211771 0.03 0.0011692
0 0.789125 0.536667 0.0178333 0.0333333 0.0011692
0 0.342177 0.459167 0.109229 0.118333 0.00115585
0 0.459766 0.545 0.0529427 0.0533333 0.00115108
9 0.867146 0.35375 0.00891666 0.035 0.00114727
1 0.0135666 0.64375 0.0159176 0.03 0.00114727
0 0.29007 0.43375 0.0312083 0.0758333 0.0011425
74 0.916187 0.36375 0.0200624 0.0691667 0.00113392
5 0.53082 0.5075 0.615807 0.553333 0.931641
0 0.0185909 0.571667 0.03652 0.169167 0.456055
0 0.89724 0.6075 0.0200625 0.0966667 0.343262
0 0.889437 0.624167 0.0245209 0.0966666 0.332764
0 0.900583 0.604167 0.0167188 0.0866667 0.240723
1 0.198953 0.6275 0.0473698 0.135 0.235107
0 0.95074 0.582083 0.0200625 0.0975 0.230957
0 0.0230928 0.515 0.0313477 0.055 0.223999
0 0.0663874 0.516667 0.0342734 0.0433334 0.216064
0 0.911729 0.5875 0.0156042 0.0866666 0.157715
0 0.872719 0.568333 0.0111458 0.05 0.131226
0 0.871604 0.57375 0.0111458 0.0575 0.11676
13 0.985292 0.618333 0.0256354 0.0341666 0.115967
9 0.206059 0.424167 0.0206198 0.0516667 0.0933228
0 0.871604 0.590833 0.013375 0.0683334 0.0927124
0 0.0187389 0.524583 0.0373385 0.0716666 0.0913696
0 0.912286 0.562917 0.0156041 0.0375 0.0859985
9 0.0837331 0.398333 0.0105885 0.0316667 0.0844727
0 0.0276208 0.514167 0.0243118 0.0525 0.0800781
0 0.912844 0.556667 0.0156042 0.0383334 0.0778198
1 0.19951 0.644167 0.0434688 0.103333 0.0736694
0 0.935135 0.5875 0.0122604 0.0791667 0.0689087
0 0.902812 0.6 0.013375 0.085 0.0670776
1 0.199232 0.607917 0.0417969 0.0908333 0.0670776
0 0.935693 0.560833 0.0111458 0.0233334 0.0669556
0 0.935135 0.58375 0.0156042 0.0891667 0.0668335
0 0.95074 0.554167 0.0178333 0.0416667 0.0650024
0 0.864917 0.595833 0.0245209 0.11 0.0646362
0 0.0111458 0.58875 0.0221523 0.1475 0.0614319
0 0.902812 0.5875 0.0111458 0.065 0.0603027
0 0.863802 0.584167 0.013375 0.0833333 0.0580139
0 0.0833151 0.52 0.022013 0.0491667 0.0545044
0 0.874948 0.5575 0.0111459 0.035 0.0539856
0 0.866589 0.591667 0.0156042 0.0958334 0.0534058
0 0.863802 0.5975 0.0178333 0.0883333 0.0527039
1 0.889995 0.632917 0.0245208 0.0783333 0.0526123
9 0.202854 0.422917 0.0130964 0.0441667 0.0510864
24 0.0286918 0.685 0.0296932 0.045 0.0505066
0 0.898354 0.584167 0.0167188 0.0483334 0.0502319
0 0.871604 0.604167 0.0156042 0.0416667 0.0501404
0 0.891667 0.614167 0.02675 0.110833 0.0498657
0 0.931792 0.589167 0.0200625 0.08 0.0464783
0 0.0700098 0.514583 0.0391497 0.055 0.0447693
26 0.0285612 0.685417 0.0295365 0.0441667 0.0446777
0 0.00572965 0.540833 0.0114593 0.0366667 0.0441895
0 0.00700098 0.525833 0.0137581 0.0666666 0.0421753
0 0.9095 0.581667 0.0156041 0.07 0.0409241
0 0.889437 0.58125 0.0111458 0.0475 0.0377502
0 0.0751647 0.516667 0.030651 0.055 0.0366211
0 0.888323 0.59 0.013375 0.0516667 0.036499
0 0.0865195 0.51875 0.0256354 0.0558333 0.0357361
0 0.873833 0.562917 0.0111459 0.045 0.0344238
1 0.189758 0.605 0.0507135 0.103333 0.0330811
0 0.873833 0.600833 0.0156041 0.0475 0.0301056
9 0.228768 0.417083 0.0256354 0.06 0.0287628
0 0.013166 0.56875 0.026123 0.169167 0.0283813
0 0.941823 0.555 0.0178333 0.0383334 0.0275269
1 0.886651 0.645833 0.0289792 0.0516667 0.0270691
0 0.0196097 0.545833 0.0369902 0.116667 0.0255127
0 0.910057 0.556667 0.0156042 0.035 0.0247955
1 0.20174 0.629167 0.0387318 0.0791666 0.0226288
0 0.93625 0.557917 0.0111459 0.0316667 0.021698
0 0.888323 0.568333 0.00891666 0.03 0.0216522
0 0.424099 0.464167 0.0590729 0.115 0.0207977
0 0.923989 0.584583 0.0345521 0.0933333 0.0206909
0 0.0315915 0.5125 0.0185996 0.0508333 0.0202484
0 0.917302 0.554167 0.0156042 0.0383333 0.0184784
0 0.0691216 0.597917 0.0423193 0.214167 0.0176392
26 0.874391 0.605 0.0167187 0.0416667 0.016983
56 0.985292 0.618333 0.0256354 0.0341666 0.0167236
16 0.886651 0.645833 0.0289792 0.0516667 0.0164032
1 0.890552 0.650417 0.0200624 0.0425 0.0162201
13 0.990865 0.6175 0.0156042 0.0383333 0.0154266
1 0.985292 0.618333 0.0256354 0.0341666 0.0153656
1 0.205641 0.599583 0.0351094 0.0733333 0.0152512
56 0.990865 0.6175 0.0156042 0.0383333 0.0151901
0 0.880521 0.625417 0.0200624 0.0916666 0.0149002
0 0.00673975 0.579583 0.0134795 0.124167 0.0144501
0 0.0629914 0.596667 0.0676761 0.225 0.0137405
0 0.0385925 0.576667 0.0752344 0.176667 0.0134277
0 0.873276 0.624167 0.0234062 0.0966666 0.0133286
0 0.0327757 0.514167 0.0296061 0.05 0.0130234
13 0.978604 0.619167 0.0156042 0.0283333 0.0124817
0 0.115081 0.540417 0.0122604 0.0341666 0.0119629
0 0.918417 0.570417 0.0144897 0.06 0.0118713
9 0.20787 0.4275 0.02675 0.0583333 0.0118256
56 0.991979 0.6125 0.013375 0.0466667 0.0117798
74 0.951854 0.470417 0.0200624 0.0308333 0.0107803
9 0.854885 0.354062 0.0167187 0.0335417 0.0105286
0 0.872719 0.609583 0.0178333 0.0608333 0.0104065
0 0.939594 0.589167 0.0156042 0.0783333 0.00967407
9 0.916187 0.3725 0.0156042 0.0533333 0.00963593
1 0.991979 0.617917 0.013375 0.0391666 0.00963593
0 0.0764883 0.6 0.0431901 0.22 0.00959778
1 0.207591 0.62 0.0339948 0.0683334 0.0091629
13 0.984177 0.611667 0.0278646 0.0441667 0.00908661
0 0.927333 0.592083 0.02675 0.0758333 0.00837708
0 0.829807 0.565417 0.0111458 0.0325 0.00831604
0 0.419641 0.475 0.0535 0.0966667 0.00812531
1 0.169835 0.633333 0.103378 0.128333 0.00769424
0 0.05761 0.608333 0.0890273 0.203333 0.00766754
56 0.978604 0.619167 0.0156042 0.0283333 0.00717545
16 0.881635 0.656667 0.0245209 0.03 0.00717545
0 0.881635 0.5725 0.0111458 0.05 0.00717545
0 0.0233714 0.5675 0.0278646 0.155 0.00712204
0 0.860458 0.6125 0.0156042 0.0766667 0.0069313
16 0.890552 0.650417 0.0200624 0.0425 0.0069046
0 0.414346 0.461667 0.0378958 0.106667 0.00674438
26 0.928448 0.6125 0.0156041 0.0341667 0.00674438
0 0.148518 0.50625 0.0211771 0.0441667 0.00638962
9 0.208706 0.44875 0.0261927 0.0191666 0.00605011
0 0.951854 0.602917 0.0178333 0.0508333 0.00595856
0 0.360289 0.464167 0.0640885 0.075 0.00591278
0 0.408495 0.479167 0.0501563 0.09 0.00572968
0 0.0184603 0.51375 0.027168 0.0541667 0.00564194
13 0.159107 0.5475 0.0685469 0.0433334 0.00559998
0 0.280596 0.444167 0.0378958 0.085 0.00551224
0 0.905042 0.624583 0.0122604 0.0533333 0.00540543
0 0.454193 0.484167 0.0624167 0.0633333 0.0053215
0 0.0369902 0.5175 0.0434687 0.0566666 0.00526047
0 0.315427 0.4625 0.0535 0.0866667 0.00498199
9 0.23044 0.407083 0.0289792 0.08 0.00492477
26 0.890552 0.650417 0.0200624 0.0425 0.00479126
0 0.284149 0.4325 0.0346914 0.0716666 0.00469971
0 0.43413 0.458333 0.0540573 0.103333 0.00469971
56 0.884979 0.646667 0.0312083 0.0516667 0.00469971
0 0.375057 0.466667 0.0468125 0.0758333 0.00453949
0 0.00891667 0.525833 0.0165098 0.075 0.00453949
0 0.343849 0.4575 0.0334375 0.0633333 0.00426483
0 0.398185 0.485 0.0657604 0.0983333 0.0042305
0 0.433573 0.477083 0.0774636 0.138333 0.0042305
9 0.918417 0.363333 0.0178333 0.0716666 0.00419998
0 0.280596 0.46 0.0390104 0.075 0.00415039
13 0.991979 0.6125 0.013375 0.0466667 0.0041008
0 0.33549 0.4575 0.0501562 0.0683333 0.00407028
0 0.828135 0.564167 0.013375 0.0383333 0.00405502
56 0.984177 0.611667 0.0278646 0.0441667 0.00405502
1 0.206198 0.588333 0.030651 0.065 0.00403976
0 0.452242 0.504167 0.070776 0.103333 0.00403976
0 0.404594 0.466667 0.100312 0.13 0.00402451
28 0.150887 0.64 0.0649245 0.116667 0.00400543
11 0.0826882 0.3975 0.0097526 0.0316667 0.00400543
0 0.075304 0.595833 0.0735625 0.226667 0.0039444
0 0.0809466 0.523333 0.0406823 0.0566667 0.00392914
0 0.927333 0.6025 0.0222917 0.055 0.00392914
0 0.455307 0.516667 0.0646458 0.0783333 0.00376511
0 0.0112155 0.611667 0.0216647 0.0933333 0.00372124
0 0.0887487 0.5975 0.0370599 0.210833 0.00367928
0 0.0390801 0.5125 0.0341341 0.05 0.00366402
9 0.0827578 0.398333 0.0147682 0.0333333 0.00363541
1 0.905042 0.624583 0.0122604 0.0533333 0.00363541
13 0.872719 0.645417 0.0245209 0.0533333 0.00362206
0 0.463945 0.485833 0.0417969 0.0516667 0.00359344
9 0.84151 0.363333 0.0122604 0.025 0.00351143
26 0.0151862 0.640833 0.0180423 0.0416667 0.00341606
0 0.43413 0.476667 0.0501562 0.0825 0.00340271
1 0.0117902 0.617083 0.0221872 0.0858333 0.00337601
0 0.383974 0.514167 0.0356667 0.045 0.00336266
26 0.905042 0.624583 0.0122604 0.0533333 0.00329781
26 0.0134447 0.6425 0.0171367 0.0333333 0.00328636
11 0.614135 0.23875 0.0245208 0.0366667 0.00327301
0 0.336604 0.452917 0.0373385 0.0608333 0.00327301
1 0.182513 0.609583 0.0367812 0.100833 0.00325966
0 0.409609 0.488333 0.0624167 0.12 0.00322342
0 0.704417 0.4275 0.0167187 0.0316667 0.00317192
9 0.861573 0.354583 0.0122603 0.035 0.00316048
74 0.235177 0.180417 0.0624167 0.0758333 0.00301552
0 0.398464 0.47125 0.0601875 0.0908334 0.00296974
0 0.417969 0.452917 0.0468125 0.0958333 0.00291252
0 0.425771 0.450833 0.0462552 0.0883333 0.00291252
0 0.0476484 0.521667 0.0200625 0.03 0.00291252
0 0.0459069 0.526667 0.0154648 0.0216667 0.00288963
0 0.914516 0.550833 0.018948 0.0416667 0.00288963
0 0.328245 0.4575 0.0535 0.0791667 0.00287819
0 0.88275 0.55625 0.0178333 0.0316667 0.00287819
0 0.307068 0.467917 0.0523854 0.0833333 0.00283432
0 0.370042 0.460417 0.0334375 0.0708333 0.00281143
1 0.196027 0.625833 0.0367813 0.0933333 0.0026207
0 0.706646 0.429583 0.0178333 0.0316667 0.00247192
1 0.205362 0.579167 0.0273073 0.0425 0.00243378
0 0.530542 0.521667 0.0234063 0.0683333 0.0024147
9 0.202158 0.424167 0.0234063 0.0516667 0.00234985
13 0.01132 0.611667 0.022222 0.0933333 0.00234985
56 0.872719 0.645417 0.0245209 0.0533333 0.00232315
0 0.42187 0.486667 0.125948 0.161667 0.00229645
1 0.206895 0.584167 0.0331588 0.0933333 0.00228691
0 0.38676 0.480833 0.0646458 0.085 0.00227928
28 0.0575229 0.625417 0.0875296 0.17 0.00224304
0 0.425214 0.432083 0.0501562 0.104167 0.00223351
0 0.463945 0.51375 0.0462552 0.0675 0.00223351
0 0.541409 0.385 0.0250781 0.065 0.00221634
0 0.746771 0.38625 0.00891666 0.02 0.00221634
0 0.526641 0.525 0.0300938 0.0733333 0.00221634
0 0.56788 0.545833 0.0278646 0.0866667 0.00221634
0 0.787453 0.438333 0.013375 0.03 0.00217438
9 0.840953 0.356771 0.013375 0.0364583 0.00216484
0 0.382302 0.456667 0.0635313 0.101667 0.00216484
0 0.280875 0.48 0.0390104 0.0833333 0.00216484
0 0.741198 0.43375 0.0144896 0.0308333 0.00213242
28 0.158863 0.54875 0.0712637 0.0475 0.00213242
0 0.472583 0.5175 0.0312084 0.0666666 0.00212479
9 0.614135 0.239375 0.02675 0.0370833 0.00210762
0 0.743427 0.431667 0.0156042 0.0333333 0.00208282
0 0.444719 0.48125 0.0535 0.0758333 0.0020504
74 0.614135 0.23875 0.0245208 0.0366667 0.00201988
0 0.466174 0.4975 0.0378959 0.0316667 0.00201035
0 0.0475091 0.515833 0.0231276 0.0408333 0.00201035
26 0.935693 0.560833 0.0111458 0.0233334 0.00200272
0 0.538901 0.37625 0.0222917 0.0458333 0.00199509
0 0.282826 0.473333 0.0339948 0.0533334 0.00196457
0 0.438589 0.47625 0.0412395 0.0625 0.00195694
0 0.565233 0.564167 0.0309297 0.0516667 0.00195694
0 0.864359 0.61 0.0278646 0.115833 0.00194931
0 0.361682 0.459167 0.0434687 0.07 0.00192642
1 0.978604 0.619167 0.0156042 0.0283333 0.00192642
1 0.206755 0.558333 0.0222917 0.0466667 0.00188923
58 0.991979 0.617917 0.013375 0.0391666 0.00186062
0 0.0926497 0.524583 0.0334375 0.05 0.00183868
26 0.928448 0.605833 0.0178333 0.0466667 0.00183868
13 0.863802 0.643333 0.0289791 0.0633333 0.00182438
0 0.787453 0.443333 0.0144896 0.0325 0.0018034
9 0.952411 0.47 0.0200625 0.03 0.00178909
1 0.198674 0.658333 0.0429115 0.0733333 0.00178242
74 0.0838724 0.398333 0.0100313 0.03 0.00177479
0 0.381745 0.512917 0.0289792 0.035 0.00177479
2 0.157853 0.549167 0.0713333 0.0483333 0.00176811
0 0.283661 0.353229 0.0278646 0.031875 0.00174141
9 0.198674 0.423333 0.0167187 0.0533333 0.00173378
1 0.900583 0.635417 0.0156041 0.0558333 0.00173378
0 0.782438 0.53625 0.0156042 0.0316667 0.0017004
60 0.985292 0.618333 0.0256354 0.0341666 0.00169373
13 0.0617375 0.623333 0.0955407 0.176667 0.00168705
56 0.881635 0.656667 0.0245209 0.03 0.00163555
0 0.992536 0.5625 0.0122604 0.035 0.00162315
26 0.871047 0.604167 0.013375 0.0433333 0.00161076
0 0.952969 0.545 0.0156042 0.0383333 0.00159168
0 0.474813 0.536667 0.0261927 0.0666666 0.00159168
13 0.860458 0.66 0.0178333 0.025 0.00157928
56 0.889995 0.632917 0.0245208 0.0783333 0.00156689
0 0.297036 0.490833 0.0356667 0.09 0.00156116
0 0.477599 0.528333 0.0245208 0.06 0.00156116
9 0.856 0.35625 0.0200625 0.04 0.00153637
0 0.378122 0.512083 0.0378958 0.045 0.00153637
0 0.898354 0.554167 0.0156042 0.03 0.00153065
0 0.82925 0.559583 0.013375 0.0508333 0.00152493
2 0.736182 0.561667 0.0189479 0.04 0.0015192
0 0.289792 0.352917 0.0245208 0.0358333 0.00151253
0 0.453635 0.53375 0.0663177 0.0541666 0.00151253
0 0.393448 0.456667 0.0824791 0.123333 0.00148392
0 0.878849 0.565417 0.0178333 0.0625 0.0014782
13 0.973589 0.619583 0.0334374 0.0258333 0.00146103
1 0.175826 0.585 0.0236849 0.0391667 0.00144958
24 0.874391 0.605 0.0167187 0.0416667 0.00143814
13 0.884979 0.646667 0.0312083 0.0516667 0.00143814
1 0.210099 0.627083 0.0284219 0.0683333 0.00143242
1 0.204247 0.564167 0.0217344 0.0483333 0.0014267
28 0.0282826 0.685 0.0291882 0.0433333 0.0014267
0 0.522461 0.557917 0.0351094 0.125833 0.00142097
0 0.466732 0.479583 0.0373385 0.0433333 0.00141048
0 0.115847 0.535 0.0149076 0.0441667 0.00140476
56 0.890552 0.650417 0.0200624 0.0425 0.00136662
0 0.0707586 0.525833 0.0493551 0.0616667 0.00135612
24 0.898354 0.584167 0.0167188 0.0483334 0.00135136
56 0.884979 0.625833 0.0312083 0.0933333 0.00134563
0 0.33131 0.44 0.044026 0.0783333 0.00134087
56 0.0109717 0.615 0.0212467 0.0833333 0.00133514
0 0.533607 0.52625 0.0278646 0.0658333 0.00133038
0 0.287284 0.48 0.02675 0.0558333 0.00131989
0 0.310411 0.456667 0.0378958 0.0816667 0.00131512
0 0.659833 0.41375 0.0245208 0.0516667 0.00130939
0 0.392891 0.518333 0.0590729 0.0525 0.00130463
0 0.947396 0.550833 0.0222918 0.045 0.00130463
0 0.478156 0.522917 0.0200625 0.0558333 0.00129414
0 0.708875 0.425417 0.0222917 0.0391667 0.00128937
0 0.531935 0.503333 0.0239635 0.0908333 0.00128937
0 0.387318 0.46375 0.123161 0.121667 0.0012846
0 0.60299 0.518333 0.0312083 0.0816666 0.00127888
0 0.419919 0.495 0.0685469 0.135 0.00127888
1 0.199928 0.589167 0.0339948 0.0683333 0.00127411
0 0.713333 0.4275 0.0156042 0.0366667 0.00126934
56 0.873276 0.624167 0.0234062 0.0966666 0.00126934
0 0.292578 0.426667 0.0256354 0.0616667 0.00126457
0 0.36001 0.445833 0.0713333 0.101667 0.0012598
74 0.916187 0.364167 0.0200624 0.0683334 0.00125504
58 0.985292 0.619167 0.0256354 0.0333333 0.00124454
11 0.952411 0.469167 0.0211771 0.03 0.00123978
0 0.783552 0.439167 0.0111458 0.0266667 0.00123024
9 0.0874251 0.399167 0.0178333 0.0333333 0.00121117
0 0.789125 0.536667 0.0178333 0.0333333 0.00121117
0 0.566208 0.561667 0.0222917 0.05 0.00121117
56 0.158863 0.5475 0.0707064 0.045 0.00120163
6 0.529984 0.510417 0.618594 0.5525 0.00119686
0 0.548932 0.388333 0.0378958 0.0633333 0.00118828
53 0.529984 0.510417 0.618594 0.5525 0.00116539
26 0.00580802 0.541667 0.011616 0.0391667 0.00115585
26 0.888323 0.59 0.013375 0.0516667 0.00114727
0 0.254125 0.6125 0.0144896 0.0283333 0.00114727
16 0.888323 0.628333 0.0245208 0.0866667 0.00114727
0 0.283383 0.423333 0.030651 0.0683334 0.0011425
0 0.275859 0.435417 0.0367812 0.0866667 0.0011425
5 0.53082 0.5075 0.615807 0.555 0.928711
0 0.0185909 0.571667 0.0363807 0.169167 0.453369
0 0.89724 0.608333 0.0200625 0.0975 0.344238
0 0.889437 0.622917 0.0245209 0.0991667 0.326904
1 0.199092 0.6275 0.0470911 0.135833 0.26123
0 0.95074 0.582083 0.0200625 0.0975 0.248047
0 0.0663177 0.516667 0.0341341 0.0433334 0.234375
0 0.900583 0.604583 0.0178333 0.0875 0.233032
0 0.0230231 0.515417 0.031278 0.055 0.229492
0 0.911729 0.587083 0.0167188 0.0858333 0.161377
0 0.872719 0.568333 0.0111458 0.05 0.125488
0 0.871604 0.574167 0.0111458 0.0583333 0.11438
13 0.985292 0.618333 0.0256354 0.0341666 0.104492
0 0.0187041 0.524583 0.0371992 0.0716666 0.0923462
0 0.871604 0.589583 0.013375 0.0716666 0.088501
0 0.911729 0.56375 0.0156042 0.04 0.0834351
0 0.0278298 0.514167 0.0238939 0.0533333 0.0830078
0 0.912844 0.556667 0.0156042 0.0391667 0.0805054
0 0.864359 0.595833 0.0234063 0.11 0.0772095
9 0.0826882 0.397917 0.00961328 0.0316667 0.0753174
9 0.205919 0.424167 0.0206198 0.0516667 0.0731812
0 0.934021 0.58875 0.0178333 0.0808333 0.0725098
0 0.935135 0.5875 0.0122604 0.08 0.0681763
0 0.935135 0.560833 0.0111458 0.0233334 0.0658569
1 0.19965 0.607083 0.0423542 0.0966666 0.0656128
1 0.19951 0.645 0.0429115 0.1 0.0646362
0 0.0838724 0.5175 0.022013 0.0533333 0.0645142
0 0.902812 0.6 0.013375 0.085 0.0637207
0 0.95074 0.554167 0.0178333 0.0416667 0.0629272
0 0.863802 0.584167 0.013375 0.0833333 0.0619812
0 0.0111807 0.588333 0.022222 0.148333 0.0609741
0 0.90337 0.5875 0.0111459 0.065 0.0593262
0 0.863245 0.591667 0.0178333 0.0983334 0.0563354
0 0.874948 0.5575 0.0111459 0.0358333 0.0552979
0 0.883865 0.625 0.0312083 0.095 0.0539856
0 0.00700098 0.525833 0.0138278 0.0666666 0.0537109
24 0.0286396 0.685417 0.0296584 0.0449999 0.0520325
1 0.889437 0.632917 0.0245209 0.0783333 0.0510864
0 0.0699401 0.514167 0.0390104 0.055 0.0505981
26 0.0284828 0.685417 0.0294146 0.0441667 0.0503235
0 0.866589 0.5925 0.0156042 0.0983333 0.0496826
0 0.898354 0.584167 0.0167188 0.0483334 0.0484924
0 0.00572095 0.540833 0.0114419 0.0383333 0.044342
0 0.871604 0.604167 0.0156042 0.0416667 0.0440063
9 0.202576 0.4225 0.0122604 0.0433334 0.0402527
0 0.9095 0.581667 0.0156041 0.07 0.0396423
0 0.075513 0.516667 0.030651 0.055 0.0383911
0 0.887208 0.590833 0.013375 0.0533333 0.035553
0 0.889437 0.581667 0.0111458 0.0483334 0.0349426
1 0.189897 0.604167 0.0509922 0.106667 0.0346069
0 0.874391 0.563333 0.0111458 0.045 0.0340881
0 0.013166 0.568333 0.0261927 0.169167 0.0289764
1 0.886651 0.645417 0.0289792 0.0525 0.0282135
0 0.873833 0.600833 0.0156041 0.0483334 0.0275269
0 0.941823 0.555 0.0178333 0.04 0.0273285
0 0.910057 0.556667 0.0156042 0.035 0.0254669
0 0.017903 0.5375 0.0356667 0.0991667 0.0234222
0 0.923989 0.584167 0.0334374 0.0933333 0.022583
1 0.20174 0.6325 0.0387318 0.0883333 0.0222931
0 0.0315915 0.5125 0.0184603 0.0508333 0.0219879
0 0.93625 0.557917 0.0111459 0.0316667 0.0208435
9 0.228768 0.417083 0.0256354 0.06 0.0205688
0 0.916745 0.554583 0.0167188 0.0391667 0.0205231
0 0.888323 0.569167 0.00891666 0.0316667 0.0200958
9 0.206895 0.4275 0.0261927 0.0583333 0.0191956
0 0.424099 0.464583 0.0585156 0.115833 0.0182648
0 0.0690868 0.5975 0.0421103 0.215 0.0179138
26 0.874391 0.605 0.0167187 0.0433333 0.0171051
1 0.985292 0.618333 0.0256354 0.0341666 0.0167236
1 0.890552 0.65 0.0200624 0.0433333 0.0166626
56 0.985292 0.618333 0.0256354 0.0341666 0.0159607
0 0.93012 0.59 0.0234063 0.0783333 0.0157776
0 0.881078 0.625417 0.021177 0.0925 0.0157776
1 0.20578 0.600833 0.0348307 0.075 0.0154266
0 0.873276 0.623333 0.0234062 0.0966667 0.0145035
56 0.991422 0.617083 0.0144897 0.0383334 0.0142822
0 0.0623992 0.596667 0.0685817 0.225 0.0139542
9 0.08436 0.399167 0.0115638 0.0333333 0.0139008
0 0.0328105 0.514167 0.0292578 0.05 0.0138474
13 0.991422 0.617083 0.0144897 0.0383334 0.013588
16 0.886651 0.645417 0.0289792 0.0525 0.013588
0 0.00673104 0.579167 0.0134621 0.126667 0.0135345
0 0.861573 0.600833 0.0178334 0.1 0.0134811
0 0.918417 0.574167 0.0156041 0.07 0.0132217
0 0.0383486 0.576667 0.0746074 0.176667 0.012825
1 0.193241 0.609167 0.0326016 0.0933333 0.0123825
13 0.978604 0.619583 0.0156042 0.0291666 0.0121918
74 0.951854 0.470417 0.0200624 0.0308333 0.0116882
9 0.854885 0.354167 0.0167187 0.0341666 0.0112
0 0.115081 0.540417 0.0123997 0.0341666 0.0104523
0 0.0769062 0.599583 0.0434688 0.22 0.01017
0 0.939594 0.589167 0.0156042 0.0783333 0.0101318
0 0.872719 0.610417 0.0178333 0.0625 0.00993347
1 0.991979 0.6175 0.013375 0.04 0.00985718
1 0.172482 0.611667 0.101984 0.168333 0.00930023
9 0.916187 0.3725 0.0156042 0.0533333 0.00871277
13 0.984177 0.611667 0.0278646 0.0441667 0.00847626
1 0.207591 0.62 0.0345521 0.07 0.00841522
0 0.829807 0.565417 0.0111458 0.0325 0.00834656
0 0.419641 0.475417 0.0535 0.0966667 0.00757599
0 0.148518 0.505833 0.0217344 0.045 0.00717545
0 0.860458 0.612083 0.0156042 0.0775 0.00703812
26 0.928448 0.609167 0.0156041 0.04 0.00703812
56 0.978604 0.619583 0.0156042 0.0291666 0.00701141
0 0.0233714 0.5675 0.0278646 0.155 0.00679779
0 0.881635 0.573333 0.0122604 0.0533333 0.00661469
0 0.0179117 0.513333 0.0264539 0.055 0.00658798
0 0.413789 0.462083 0.0367813 0.105833 0.0064621
16 0.882193 0.65375 0.0256354 0.0366667 0.00641251
13 0.158793 0.5475 0.0680592 0.0433334 0.00612259
0 0.951854 0.602917 0.0178333 0.0516667 0.00600433
0 0.0887487 0.52 0.0323229 0.0583333 0.00600433
26 0.890552 0.65 0.0200624 0.0433333 0.00593567
0 0.008847 0.525417 0.0165098 0.075 0.00588989
16 0.890552 0.65 0.0200624 0.0433333 0.005867
28 0.150782 0.639583 0.0651335 0.1175 0.00572968
0 0.408495 0.479167 0.0501563 0.09 0.00557709
1 0.169417 0.634167 0.102263 0.128333 0.00557709
0 0.0631829 0.600833 0.0955755 0.221667 0.00548935
0 0.0376259 0.515833 0.0402469 0.0533333 0.00526047
0 0.0785085 0.595833 0.066875 0.226667 0.00503922
0 0.454471 0.484167 0.0618594 0.0633333 0.00502014
0 0.360568 0.464583 0.0635313 0.075 0.00498199
0 0.905042 0.624167 0.0111459 0.055 0.00494385
0 0.280596 0.444167 0.0378958 0.085 0.00486755
0 0.927333 0.6025 0.0222917 0.055 0.00486755
9 0.208706 0.44875 0.0261927 0.0191666 0.00479126
0 0.284149 0.4325 0.0346914 0.0716666 0.00450516
0 0.0827578 0.522917 0.036224 0.0566667 0.00441742
0 0.43413 0.458333 0.0535 0.103333 0.00432968
1 0.206337 0.589583 0.0309297 0.07 0.00432968
0 0.375057 0.467083 0.0456979 0.0758333 0.00419998
56 0.884979 0.645833 0.0312083 0.0533333 0.00416565
0 0.828135 0.564167 0.013375 0.0383333 0.0041008
0 0.398185 0.485417 0.0652031 0.0983333 0.00408554
0 0.31487 0.4625 0.0523854 0.0866667 0.00407028
26 0.905042 0.624167 0.0111459 0.055 0.00403976
0 0.0890273 0.5975 0.0367813 0.213333 0.00399017
56 0.984177 0.611667 0.0278646 0.0441667 0.00397491
9 0.918417 0.363229 0.0178333 0.071875 0.00382423
11 0.0826882 0.397917 0.00961328 0.0316667 0.00380898
0 0.343849 0.457917 0.0334375 0.0633333 0.00378036
0 0.452521 0.505 0.0702188 0.103333 0.00378036
26 0.0134098 0.6425 0.0172064 0.0333333 0.00370789
1 0.905042 0.624167 0.0111459 0.055 0.00365067
26 0.0151688 0.64125 0.0180771 0.0416666 0.00363541
0 0.455865 0.517083 0.0635313 0.0783333 0.00359344
9 0.23044 0.405 0.0292578 0.085 0.00352478
0 0.704417 0.4275 0.0178333 0.0333334 0.00351143
0 0.914516 0.55125 0.018948 0.0425 0.00349617
9 0.84151 0.363333 0.0122604 0.025 0.00348282
0 0.464224 0.486667 0.0412396 0.0516667 0.00348282
9 0.861573 0.354896 0.013375 0.0352083 0.00348282
0 0.280596 0.46 0.0390104 0.075 0.00346947
0 0.433852 0.4775 0.0774635 0.14 0.00344276
11 0.614135 0.238958 0.0245208 0.0366667 0.00336266
1 0.182513 0.609583 0.0365026 0.103333 0.00335121
0 0.404594 0.4675 0.100312 0.131667 0.00333786
0 0.0111981 0.6125 0.0216995 0.0916667 0.00325966
0 0.336604 0.4575 0.0479271 0.0675 0.00322342
13 0.872719 0.644167 0.0245209 0.055 0.00319672
0 0.0475091 0.521667 0.0199232 0.03 0.00314713
0 0.881635 0.55625 0.0178333 0.0316667 0.00309944
74 0.235038 0.180833 0.0626953 0.0758333 0.00304031
0 0.434687 0.4775 0.0490417 0.0816667 0.00304031
28 0.0568263 0.625833 0.0861364 0.17 0.00304031
0 0.383695 0.514167 0.0356667 0.045 0.00302696
0 0.409609 0.489167 0.0613021 0.12 0.00301552
0 0.0458372 0.52625 0.0157435 0.0216667 0.00293541
0 0.337161 0.453333 0.0351094 0.06 0.00279999
0 0.417969 0.453333 0.0456979 0.095 0.00276756
1 0.0117728 0.617083 0.0221523 0.0858333 0.00276756
0 0.400693 0.472083 0.0546146 0.0891667 0.00268364
0 0.706646 0.429583 0.0178333 0.0316667 0.0026722
28 0.158863 0.549167 0.0712637 0.0483333 0.00265312
0 0.425771 0.450833 0.0456979 0.0883333 0.00264168
0 0.370042 0.460833 0.0334375 0.0716666 0.00263214
1 0.207034 0.58375 0.0331588 0.0983333 0.00258064
0 0.530542 0.522083 0.0234063 0.0675 0.00245285
56 0.872719 0.644167 0.0245209 0.055 0.00233269
9 0.840953 0.356667 0.013375 0.0366667 0.00226974
0 0.56788 0.545833 0.0278646 0.0866667 0.00226974
0 0.327688 0.457917 0.0535 0.0791667 0.00226021
0 0.307068 0.468333 0.0512708 0.0833333 0.00225258
0 0.526641 0.525 0.0300938 0.0733333 0.00224304
0 0.786896 0.438333 0.013375 0.03 0.00223351
0 0.541409 0.385417 0.0250781 0.065 0.00219917
0 0.0476136 0.515833 0.02264 0.0408333 0.00219917
0 0.464503 0.514167 0.0451406 0.0683334 0.00218201
1 0.19547 0.625833 0.0362239 0.105 0.00218201
0 0.0414834 0.511667 0.03086 0.05 0.00217438
0 0.0925104 0.524583 0.0334375 0.05 0.00216484
0 0.746771 0.386667 0.00891666 0.02 0.00214958
0 0.741198 0.43375 0.0144896 0.0308333 0.00214958
0 0.425492 0.431667 0.0495989 0.103333 0.00210762
13 0.0112852 0.611667 0.0221523 0.0925 0.00210762
1 0.978604 0.619583 0.0156042 0.0291666 0.00210762
0 0.743427 0.432083 0.0156042 0.0333333 0.00209999
0 0.473419 0.5175 0.0300937 0.0658333 0.00209999
0 0.38676 0.48125 0.0635313 0.085 0.0020504
0 0.421591 0.486667 0.126505 0.161667 0.00204277
0 0.459766 0.481667 0.0468125 0.0566667 0.00200272
74 0.0838724 0.398333 0.0100313 0.03 0.00198746
0 0.567323 0.564167 0.02675 0.05 0.00195694
0 0.466174 0.4975 0.0373385 0.0316667 0.00194931
0 0.538901 0.376667 0.0222917 0.0466667 0.00193405
0 0.444161 0.481667 0.0523854 0.0766667 0.00191879
9 0.614135 0.239375 0.02675 0.0370833 0.00190449
1 0.206755 0.5575 0.0234062 0.05 0.00190449
0 0.382302 0.4575 0.0624167 0.1 0.00187492
0 0.38063 0.475833 0.0523854 0.0725 0.00187492
74 0.614135 0.238958 0.0245208 0.0366667 0.00186729
0 0.439146 0.476667 0.040125 0.0616666 0.00183105
58 0.991979 0.6175 0.013375 0.04 0.0018034
0 0.787453 0.443333 0.0144896 0.0325 0.00179577
0 0.992536 0.563333 0.0122604 0.0366667 0.00178909
26 0.935135 0.560833 0.0111458 0.0233334 0.00178242
60 0.985292 0.618333 0.0256354 0.0341666 0.00176811
1 0.900583 0.635 0.0156041 0.0566666 0.00176144
13 0.0617897 0.623333 0.0952969 0.176667 0.00174141
0 0.782438 0.53625 0.0156042 0.0316667 0.0017271
0 0.280805 0.483333 0.0391497 0.0916666 0.00171375
0 0.362518 0.459583 0.0412396 0.07 0.00169373
0 0.952969 0.546667 0.0156042 0.04 0.00166798
9 0.952411 0.470417 0.0200625 0.03 0.0016489
26 0.871047 0.604167 0.013375 0.0433333 0.0016489
9 0.0828971 0.398333 0.0156042 0.0358333 0.00163555
0 0.381745 0.512917 0.0284219 0.035 0.00162315
0 0.283661 0.35375 0.0278646 0.0316667 0.00161648
0 0.898354 0.554167 0.0156042 0.03 0.00160408
2 0.736182 0.561667 0.0189479 0.0408333 0.00160408
0 0.474813 0.535833 0.0261927 0.0683333 0.00158501
0 0.47732 0.528333 0.0245208 0.06 0.00157928
0 0.282826 0.473333 0.0339948 0.0516667 0.00157356
0 0.82925 0.56 0.013375 0.0516667 0.00156116
1 0.198674 0.659167 0.0429115 0.0733333 0.00156116
56 0.882193 0.65375 0.0256354 0.0366667 0.00154305
1 0.175965 0.589167 0.0239635 0.0466667 0.0015192
13 0.863802 0.6425 0.02675 0.065 0.00148392
0 0.708875 0.425833 0.0222917 0.04 0.00146103
1 0.204526 0.564167 0.022849 0.0525 0.00146103
0 0.453914 0.534167 0.0663177 0.055 0.00145531
2 0.158515 0.550833 0.0697311 0.0525 0.00145531
0 0.115847 0.535 0.0149076 0.0441667 0.00144958
28 0.0282216 0.685833 0.0291011 0.0433333 0.00144958
0 0.878849 0.565 0.0178333 0.0616667 0.00144386
0 0.947396 0.550833 0.0222918 0.045 0.00143814
56 0.889437 0.632917 0.0245209 0.0783333 0.00143814
9 0.198396 0.424167 0.0161614 0.0533334 0.0014267
0 0.289792 0.352917 0.0245208 0.0358333 0.00139904
0 0.378122 0.5125 0.0378958 0.045 0.00139904
0 0.46701 0.48 0.0367812 0.0441667 0.00138855
0 0.713333 0.427917 0.0167188 0.0358333 0.00136662
0 0.286727 0.351562 0.0217344 0.031875 0.00136185
0 0.0707586 0.525417 0.0487979 0.0625 0.00136185
13 0.860458 0.659583 0.0178333 0.025 0.00136185
0 0.522461 0.557917 0.0351094 0.125833 0.00134563
0 0.296758 0.490833 0.036224 0.0916667 0.00134087
0 0.60299 0.518333 0.0312083 0.0816666 0.00133038
0 0.479828 0.519583 0.0189479 0.0608333 0.00131989
0 0.533885 0.526667 0.0278646 0.0666667 0.00131512
24 0.874391 0.605 0.0167187 0.0433333 0.00131512
11 0.952411 0.469167 0.0211771 0.03 0.00130463
0 0.659833 0.41375 0.0245208 0.0516667 0.00129414
0 0.531935 0.503333 0.0239635 0.09 0.00128937
26 0.0057819 0.541667 0.0115638 0.0391667 0.00128937
0 0.394005 0.4575 0.0791354 0.1225 0.0012846
13 0.973589 0.619167 0.0334374 0.0266667 0.00127888
74 0.916187 0.363333 0.0200624 0.07 0.00127411
1 0.200207 0.59 0.0348307 0.075 0.00126934
0 0.562725 0.558333 0.0292578 0.0633333 0.00126457
0 0.783552 0.439167 0.0111458 0.0266667 0.0012598
1 0.20996 0.628333 0.0281432 0.07 0.00125504
56 0.890552 0.65 0.0200624 0.0433333 0.00124454
56 0.158863 0.547917 0.0707064 0.0458333 0.00123501
56 0.0109543 0.615 0.0212119 0.0833333 0.00123501
6 0.530542 0.510417 0.617479 0.5525 0.00123024
58 0.985292 0.61875 0.0256354 0.0341666 0.00122547
56 0.873276 0.623333 0.0234062 0.0966667 0.00121593
0 0.789682 0.536667 0.0178333 0.0333333 0.0012064
24 0.898354 0.584167 0.0167188 0.0483334 0.0012064
0 0.292578 0.426667 0.0256354 0.0616667 0.00119209
0 0.392333 0.518333 0.0568438 0.0525 0.00118828
56 0.883865 0.625 0.0312083 0.095 0.00118351
0 0.548932 0.38875 0.0378958 0.0633333 0.00116062
0 0.728937 0.430833 0.0156042 0.035 0.00116062
13 0.884979 0.645833 0.0312083 0.0533333 0.00115108
0 0.884979 0.645833 0.0312083 0.0533333 0.00114727
0 0.599646 0.524583 0.0289792 0.08 0.0011425
26 0.886651 0.645417 0.0289792 0.0525 0.0011425
53 0.530542 0.510417 0.617479 0.5525 0.0011425
0 0.310411 0.457083 0.0378958 0.0808333 0.00112438
9 0.884979 0.15125 0.0334375 0.0191667 0.0011158
0 0.56788 0.5375 0.0245208 0.065 0.0011158
0 0.782438 0.543333 0.0156042 0.035 0.00111198
26 0.887208 0.590833 0.013375 0.0533333 0.00110722
0 0.419641 0.495417 0.0679896 0.134167 0.0011034
9 0.867146 0.354167 0.00891666 0.035 0.00109863
0 0.530542 0.490833 0.0234063 0.0816667 0.00109863
1 0.882193 0.65375 0.0256354 0.0366667 0.00109482
5 0.531099 0.506667 0.614135 0.555 0.91748
0 0.018469 0.571667 0.0364852 0.17 0.482422
0 0.89724 0.6075 0.0200625 0.095 0.347656
1 0.198953 0.627083 0.0482057 0.1375 0.343262
0 0.891667 0.614167 0.02675 0.11 0.310791
0 0.0661087 0.516667 0.0338555 0.0433334 0.268066
0 0.95074 0.581667 0.0200625 0.0975 0.226807
0 0.900583 0.604167 0.0178333 0.0866667 0.223389
0 0.0231624 0.515417 0.03086 0.055 0.218628
0 0.911729 0.585417 0.0178333 0.0891667 0.15564
0 0.872719 0.568333 0.0111458 0.05 0.123779
13 0.985292 0.618333 0.0256354 0.0333333 0.121704
0 0.871604 0.574167 0.0111458 0.0583333 0.11084
0 0.912844 0.556667 0.0156042 0.04 0.0878906
0 0.871604 0.588333 0.013375 0.075 0.0863037
0 0.0842904 0.517917 0.021595 0.0533334 0.085083
0 0.0284219 0.514167 0.0227096 0.0533333 0.0830078
0 0.864359 0.595417 0.0234063 0.110833 0.0820923
9 0.0828971 0.3975 0.0100312 0.0316667 0.081543
0 0.0185299 0.525 0.0370599 0.0725 0.0790405
0 0.911729 0.5625 0.0156042 0.0383333 0.0782471
0 0.00689648 0.525833 0.013793 0.0666666 0.0708008
26 0.0284828 0.685833 0.0295539 0.045 0.0703125
24 0.0286309 0.685833 0.0298848 0.045 0.0700684
0 0.95074 0.554167 0.0178333 0.0416667 0.0682983
9 0.206059 0.424167 0.0203411 0.0516667 0.0670776
0 0.863245 0.584167 0.0144897 0.0833333 0.0658569
1 0.19951 0.606667 0.0423542 0.0983333 0.0646362
0 0.935135 0.5875 0.0122604 0.0791667 0.062439
0 0.934021 0.58875 0.0178333 0.0808333 0.0611877
0 0.862688 0.591667 0.0178333 0.0975 0.0610962
0 0.935135 0.560833 0.0111458 0.0233334 0.0609741
1 0.19951 0.6425 0.0429115 0.105833 0.0600891
0 0.874948 0.5575 0.0111459 0.035 0.0563354
0 0.0112155 0.586667 0.022431 0.15 0.0555115
0 0.902812 0.600417 0.013375 0.085 0.0548096
0 0.866589 0.5925 0.0167188 0.0983333 0.0545044
0 0.0694002 0.514583 0.0389756 0.055 0.0544128
0 0.902812 0.5875 0.0111458 0.065 0.0523376
1 0.889437 0.635 0.0245209 0.0733333 0.0499573
0 0.884979 0.625 0.0312083 0.095 0.0497742
0 0.898354 0.584167 0.0167188 0.0483334 0.0447693
0 0.00572095 0.540833 0.0114419 0.0383333 0.0431213
0 0.871604 0.604167 0.0156042 0.0416667 0.0389099
9 0.202576 0.4225 0.0119818 0.0433334 0.0375977
0 0.910057 0.580833 0.0167187 0.07 0.036499
1 0.189479 0.604167 0.0507135 0.108333 0.036499
0 0.0782995 0.516667 0.0259141 0.055 0.0348206
0 0.889437 0.581667 0.0100312 0.0475 0.03125
0 0.887766 0.589167 0.013375 0.0483333 0.0289764
0 0.0132705 0.5675 0.0264714 0.169167 0.0281677
0 0.0684772 0.59875 0.0433294 0.215 0.0268555
0 0.910615 0.55625 0.0156041 0.0358333 0.0267639
1 0.886094 0.645 0.0300938 0.0533333 0.0263519
0 0.941823 0.555 0.0189479 0.04 0.0253296
0 0.0175024 0.539167 0.0349352 0.103333 0.0240021
0 0.031696 0.5125 0.0183906 0.0508333 0.0228882
1 0.20174 0.63 0.039289 0.0875 0.0228882
0 0.93625 0.557917 0.0111459 0.0316667 0.0225067
0 0.916745 0.554167 0.0167188 0.04 0.0220337
0 0.873833 0.600833 0.0156041 0.0483334 0.0216522
0 0.923989 0.583333 0.0334374 0.095 0.0215302
9 0.228768 0.417083 0.0261927 0.0591667 0.0198669
1 0.985292 0.618333 0.0256354 0.0333333 0.0193481
26 0.874391 0.605 0.0167187 0.0425 0.0192719
0 0.888323 0.56875 0.00891666 0.0316667 0.0187225
0 0.0607448 0.596667 0.0695221 0.223333 0.0171814
1 0.173039 0.6125 0.101427 0.168333 0.016983
13 0.979719 0.619583 0.0178333 0.0291666 0.0160217
1 0.205641 0.601667 0.0351094 0.0783334 0.0154877
0 0.0330195 0.514167 0.0285612 0.05 0.0150757
56 0.985292 0.618333 0.0256354 0.0333333 0.0147324
13 0.991979 0.617083 0.013375 0.0383334 0.0142288
0 0.888323 0.630833 0.02675 0.0833333 0.0141754
0 0.00667879 0.574167 0.0133576 0.126667 0.0136337
56 0.991979 0.617083 0.013375 0.0383334 0.0134277
9 0.08436 0.399167 0.0117031 0.0333333 0.0133743
1 0.890552 0.650833 0.0211771 0.0416667 0.0132217
16 0.886094 0.645 0.0300938 0.0533333 0.01297
9 0.206755 0.4275 0.0261927 0.0566667 0.0126724
0 0.424099 0.465 0.0585156 0.116667 0.0125275
0 0.863802 0.57375 0.013375 0.0666667 0.0120544
0 0.918417 0.569167 0.0156041 0.0616666 0.0120087
0 0.93012 0.59 0.0234063 0.0783333 0.0120087
1 0.991979 0.6175 0.013375 0.04 0.0117798
0 0.0770456 0.6 0.0426328 0.221667 0.0116425
0 0.0408216 0.578333 0.0788568 0.179167 0.0115967
9 0.854885 0.354062 0.0167187 0.0335417 0.0109482
74 0.951854 0.470417 0.0200624 0.0308333 0.0105667
13 0.984177 0.611667 0.0278646 0.0449999 0.0105667
1 0.191151 0.608333 0.0295365 0.095 0.0100098
0 0.872719 0.623333 0.0245209 0.0975 0.00993347
26 0.890552 0.650833 0.0211771 0.0416667 0.00955963
0 0.115359 0.54 0.0111458 0.0316667 0.0091629
0 0.872719 0.609167 0.0167187 0.06 0.008255
0 0.0734232 0.59875 0.0650638 0.224167 0.00815582
26 0.928448 0.609583 0.0156041 0.04 0.00806427
1 0.207034 0.62 0.0356667 0.07 0.00772476
0 0.00863802 0.525833 0.0163704 0.0758333 0.00766754
11 0.0828971 0.3975 0.0100312 0.0316667 0.00740433
0 0.0233714 0.5675 0.0278646 0.155833 0.00723267
56 0.979719 0.619583 0.0178333 0.0291666 0.00723267
28 0.150608 0.64 0.0649245 0.118333 0.00703812
13 0.158828 0.5475 0.0679896 0.0433334 0.00701141
0 0.0172238 0.513333 0.025113 0.055 0.0069046
0 0.940151 0.589167 0.0167188 0.0783333 0.00677109
0 0.829807 0.565833 0.0111458 0.0316667 0.00634003
9 0.916187 0.373333 0.0156042 0.0516667 0.00614548
0 0.0872161 0.515833 0.0273073 0.0633333 0.00605011
16 0.883865 0.650833 0.0289792 0.0433333 0.00605011
0 0.860458 0.611667 0.0167188 0.0783333 0.00602722
0 0.881635 0.57375 0.013375 0.0533334 0.00588989
0 0.147961 0.505833 0.0189479 0.0433333 0.0055542
16 0.890552 0.650833 0.0211771 0.0416667 0.00548935
26 0.0133576 0.6425 0.0175895 0.0333333 0.00538635
1 0.890552 0.621667 0.0245209 0.103333 0.00534439
0 0.413232 0.463333 0.036224 0.106667 0.00530243
28 0.0560601 0.625833 0.0846038 0.17 0.00518036
9 0.860458 0.354583 0.013375 0.0358333 0.00511932
26 0.905042 0.625417 0.0111459 0.0516667 0.0049057
26 0.0151862 0.641667 0.0181816 0.04 0.00484848
1 0.206337 0.590833 0.0317656 0.0733333 0.00466537
0 0.0388711 0.5125 0.0337161 0.05 0.00462723
11 0.614135 0.238958 0.0245208 0.03625 0.00460815
0 0.927333 0.6025 0.0222917 0.055 0.00455475
0 0.45475 0.484583 0.0613021 0.0625 0.00448608
0 0.280596 0.444583 0.0378958 0.0858333 0.00446701
0 0.0833151 0.5225 0.0339948 0.0583334 0.00441742
56 0.984177 0.611667 0.0278646 0.0449999 0.00424957
0 0.407937 0.479167 0.0490417 0.0916667 0.0042305
0 0.343849 0.458333 0.0328802 0.0633333 0.00407028
0 0.284497 0.4325 0.0351094 0.0716666 0.00405502
0 0.704417 0.4275 0.0167187 0.0325 0.00399017
1 0.905042 0.625417 0.0111459 0.0516667 0.00399017
0 0.36001 0.464167 0.0635313 0.075 0.0039444
0 0.951854 0.602917 0.0178333 0.0508333 0.0039444
0 0.464224 0.487083 0.0406823 0.0508333 0.00370789
0 0.31487 0.463333 0.0523854 0.0866667 0.00369263
1 0.182374 0.60875 0.0359453 0.105833 0.00356483
9 0.208845 0.44875 0.0261927 0.0191666 0.00352478
0 0.913958 0.55125 0.0200625 0.0425 0.00352478
0 0.0892363 0.598333 0.0365026 0.215 0.00348282
9 0.918417 0.363229 0.0178333 0.071875 0.00340271
56 0.884979 0.645833 0.0312083 0.0533333 0.00332451
0 0.378401 0.471667 0.0529427 0.0783333 0.00321007
0 0.828135 0.564167 0.013375 0.0383333 0.00314713
0 0.397906 0.486667 0.0657604 0.1 0.00313568
0 0.434687 0.458333 0.0535 0.103333 0.00312424
0 0.0476136 0.521667 0.0195749 0.03 0.00312424
13 0.872719 0.646667 0.0245209 0.05 0.00307465
0 0.88275 0.555833 0.0178333 0.0316667 0.00302696
0 0.905042 0.625417 0.0111459 0.0516667 0.00301552
2 0.736182 0.561667 0.0189479 0.04 0.00300407
0 0.337719 0.457917 0.0456979 0.0666666 0.00299263
0 0.453078 0.505833 0.0679896 0.103333 0.00296974
74 0.234898 0.180417 0.0624167 0.0758333 0.00286674
0 0.280039 0.45875 0.0378958 0.0766667 0.00286674
0 0.402922 0.468333 0.104771 0.136667 0.00282288
1 0.979719 0.619583 0.0178333 0.0291666 0.00279999
0 0.0459069 0.525833 0.0160221 0.0216667 0.00279045
0 0.409052 0.488333 0.0607448 0.1225 0.0027256
0 0.338276 0.45375 0.0334375 0.0608333 0.0026207
0 0.0923711 0.524167 0.0328802 0.05 0.00259018
0 0.746771 0.386667 0.00891666 0.02 0.00258064
0 0.0111807 0.613333 0.0218737 0.09 0.00258064
0 0.419641 0.48 0.0568437 0.0966667 0.00256157
74 0.614135 0.238958 0.0245208 0.03625 0.00254059
13 0.01132 0.612083 0.0223613 0.0916666 0.00250244
0 0.70776 0.4275 0.0200625 0.035 0.00248146
26 0.935135 0.560833 0.0111458 0.0233334 0.00243378
0 0.371992 0.465833 0.0451406 0.0691667 0.00236893
1 0.011825 0.6175 0.0223265 0.085 0.00234222
9 0.84151 0.363333 0.0122604 0.025 0.00230598
28 0.158689 0.549167 0.0710547 0.0483333 0.00226974
0 0.787453 0.438333 0.0122604 0.03 0.00214958
0 0.56788 0.545 0.0278646 0.0875 0.00214958
0 0.433852 0.48 0.0774635 0.143333 0.00214005
0 0.436081 0.478333 0.0468125 0.0816666 0.00210762
0 0.47537 0.517917 0.0256354 0.065 0.00209999
0 0.0481361 0.515833 0.0215951 0.04 0.0020752
0 0.417969 0.454167 0.0456979 0.0966667 0.00205803
74 0.0838724 0.39875 0.0100313 0.03 0.0020504
0 0.782438 0.53625 0.013375 0.0316667 0.0020504
0 0.541409 0.385417 0.0250781 0.065 0.00203514
0 0.327688 0.458333 0.0535 0.0783333 0.00203514
0 0.383138 0.514167 0.0334375 0.0433333 0.00202751
0 0.369484 0.460833 0.0323229 0.0708333 0.00201988
0 0.741198 0.433333 0.0144896 0.0316667 0.00201988
0 0.428836 0.45125 0.0451407 0.0916667 0.00201035
26 0.00577319 0.541667 0.0115464 0.04 0.00196457
0 0.530542 0.521667 0.0222917 0.0666667 0.00195694
0 0.466174 0.4975 0.0367812 0.0316667 0.00191212
0 0.400693 0.473333 0.0540573 0.0866667 0.00190449
0 0.464781 0.51125 0.0434688 0.0625 0.00188923
9 0.19756 0.423333 0.0144896 0.0516667 0.00185299
13 0.0619813 0.6225 0.0953317 0.18 0.00185299
0 0.307346 0.468333 0.0507135 0.0825 0.00183868
58 0.991979 0.6175 0.013375 0.04 0.00182438
9 0.200625 0.424167 0.0206198 0.0508333 0.00179577
0 0.743427 0.432083 0.0156042 0.0333333 0.00179577
0 0.38676 0.51625 0.0429115 0.05 0.00179577
9 0.0828971 0.39875 0.0156042 0.0358333 0.00178909
6 0.530542 0.509583 0.61525 0.5525 0.00178909
0 0.992536 0.562917 0.0122604 0.0366667 0.00176811
0 0.786896 0.443333 0.013375 0.0325 0.00176144
0 0.460323 0.482083 0.0456979 0.0575 0.00175476
9 0.614135 0.239583 0.02675 0.0366667 0.00174141
0 0.526641 0.525 0.0289792 0.0733333 0.00174141
26 0.871047 0.604167 0.013375 0.0433333 0.00173378
1 0.206616 0.556667 0.0242422 0.0516667 0.00172043
0 0.538901 0.3775 0.0217344 0.0483334 0.00171375
60 0.985292 0.618333 0.0256354 0.0333333 0.00171375
9 0.840953 0.35625 0.013375 0.0366667 0.00170708
1 0.177079 0.606667 0.0261927 0.0833333 0.0017004
0 0.116056 0.534167 0.0153255 0.045 0.00169373
0 0.952969 0.546667 0.0156042 0.0416667 0.00169373
74 0.916187 0.364583 0.0200624 0.0683333 0.00162888
56 0.872719 0.646667 0.0245209 0.05 0.00162315
0 0.420477 0.485833 0.129849 0.161667 0.00161076
0 0.47732 0.528333 0.0245208 0.06 0.00160408
26 0.886094 0.645 0.0300938 0.0533333 0.0015974
0 0.474813 0.535833 0.0261927 0.0691667 0.00159168
0 0.382302 0.459167 0.0613021 0.0983333 0.00157356
0 0.783552 0.439167 0.0100313 0.0266667 0.00157356
0 0.45475 0.513333 0.0635313 0.0758333 0.00157356
0 0.567323 0.563333 0.02675 0.05 0.00156689
28 0.0282913 0.685833 0.0292404 0.0433333 0.00155449
11 0.952969 0.469167 0.0211771 0.0316667 0.00155449
26 0.889437 0.635 0.0245209 0.0733333 0.00153637
1 0.900583 0.636667 0.0156041 0.055 0.00153065
0 0.466453 0.480417 0.0367813 0.0441667 0.00152493
0 0.897797 0.554167 0.0156042 0.03 0.00152493
0 0.443604 0.482083 0.0512708 0.0758333 0.0015192
0 0.439146 0.477083 0.040125 0.0616666 0.00150681
9 0.952969 0.47 0.0200625 0.03 0.00146675
56 0.884979 0.625 0.0312083 0.095 0.00146675
0 0.713333 0.427917 0.0156042 0.0358333 0.00144958
0 0.425492 0.432083 0.0495989 0.103333 0.00144386
0 0.878849 0.564167 0.0178333 0.06 0.00144386
0 0.386203 0.481667 0.0601875 0.085 0.00143242
0 0.479828 0.52 0.0178333 0.06 0.0014267
26 0.887766 0.589167 0.013375 0.0483333 0.00142097
0 0.0629565 0.60375 0.0989541 0.213333 0.00142097
56 0.889437 0.635 0.0245209 0.0733333 0.00141621
0 0.416018 0.465 0.0808073 0.126667 0.00140476
0 0.659833 0.414167 0.0245208 0.0516667 0.00139904
0 0.118842 0.533333 0.0189479 0.0466667 0.00139904
0 0.829807 0.559583 0.013375 0.0516667 0.00136662
56 0.0108672 0.615 0.0211771 0.0816666 0.00135136
0 0.280805 0.4825 0.0391497 0.0933333 0.00134563
1 0.204665 0.56375 0.0245208 0.055 0.00131989
0 0.283661 0.353333 0.0278646 0.0325 0.00131512
0 0.789682 0.536667 0.0178333 0.0325 0.00128937
28 0.0553286 0.660417 0.0891318 0.1025 0.00127411
0 0.363354 0.46 0.0378958 0.07 0.00126457
0 0.947396 0.550833 0.0222918 0.045 0.00125504
58 0.985292 0.619167 0.0256354 0.0333333 0.00125504
13 0.862688 0.64375 0.02675 0.0641666 0.00125504
0 0.781323 0.542083 0.013375 0.0325 0.00124931
0 0.728937 0.43125 0.0156042 0.035 0.00124454
1 0.211492 0.626667 0.0253568 0.0666666 0.00123024
0 0.289792 0.352917 0.0245208 0.0366667 0.00122547
1 0.984177 0.611667 0.0278646 0.0449999 0.00122547
0 0.602432 0.51875 0.0300937 0.0791667 0.00121593
1 0.200904 0.592083 0.0365026 0.085 0.00121117
0 0.070985 0.528333 0.049599 0.07 0.00119686
0 0.532214 0.50375 0.0234063 0.09 0.00118351
24 0.898354 0.584167 0.0167188 0.0483334 0.00117874
74 0.198535 0.623333 0.0459766 0.143333 0.00117874
0 0.282826 0.473333 0.0345521 0.0525 0.00116062
9 0.884979 0.151042 0.0334375 0.0195833 0.00113773
0 0.297036 0.490833 0.0356667 0.0916667 0.00113392
4 0.530542 0.509583 0.61525 0.5525 0.00113392
24 0.874391 0.605 0.0167187 0.0425 0.00112057
56 0.872719 0.623333 0.0245209 0.0975 0.00112057
13 0.974146 0.619167 0.0356667 0.0266667 0.0011158
0 0.567323 0.538333 0.0245208 0.0666666 0.00109482
0 0.548932 0.39 0.0378958 0.0608333 0.00109005
0 0.453914 0.535 0.0657604 0.055 0.00109005
1 0.883865 0.650833 0.0289792 0.0433333 0.00109005
26 0.898354 0.584167 0.0167188 0.0483334 0.00108147
26 0.883865 0.650833 0.0289792 0.0433333 0.00108147
0 0.598531 0.525 0.0278646 0.0766667 0.00106907
14 0.247159 0.722917 0.0130964 0.0158333 0.00106907
13 0.859901 0.659583 0.0178333 0.0258333 0.00105667
53 0.530542 0.509583 0.61525 0.5525 0.00105286
13 0.884979 0.645833 0.0312083 0.0533333 0.00104427
0 0.310411 0.458333 0.0373385 0.08 0.00104046
26 0.901698 0.605833 0.013375 0.0891667 0.00104046
16 0.888323 0.630833 0.02675 0.0833333 0.00104046
0 0.795813 0.438333 0.0111458 0.0233333 0.00103664
13 0.093625 0.626667 0.0411003 0.169167 0.00102806
0 0.394562 0.458333 0.0791354 0.123333 0.00101662
0 0.530263 0.49125 0.022849 0.0808333 0.00100422
0 0.488745 0.541667 0.0557292 0.0683334 0.00100422
0 0.0698704 0.559583 0.0867982 0.1275 0.00100422
5 0.531378 0.507396 0.613578 0.555208 0.895508
0 0.0184255 0.571667 0.0364329 0.17 0.476562
1 0.199092 0.626667 0.048763 0.139167 0.373779
0 0.89724 0.606667 0.0211771 0.0941667 0.320801
0 0.891667 0.614167 0.02675 0.11 0.279053
0 0.0659694 0.51625 0.0338555 0.0441667 0.255371
0 0.888323 0.622917 0.02675 0.0991667 0.206299
0 0.0233714 0.515417 0.0304421 0.055 0.190674
0 0.900026 0.604167 0.0178333 0.0866667 0.188965
0 0.95074 0.581667 0.0200625 0.0966666 0.170532
0 0.911729 0.584167 0.0178333 0.0916666 0.133423
13 0.985292 0.618333 0.02675 0.0333333 0.112
0 0.872719 0.568333 0.0111458 0.0491667 0.107422
0 0.871604 0.57375 0.0111458 0.0575 0.0933228
0 0.0850566 0.519167 0.0229883 0.0516667 0.0853882
0 0.912844 0.556667 0.0156042 0.04 0.0830078
9 0.0830365 0.3975 0.0103099 0.0316667 0.078064
0 0.863802 0.595417 0.0245209 0.110833 0.0747681
0 0.00693131 0.52625 0.0138626 0.0666667 0.0727539
0 0.028805 0.514167 0.022013 0.0533333 0.0720825
0 0.871604 0.587083 0.013375 0.0758334 0.0696411
0 0.95074 0.554167 0.0178333 0.0416667 0.0643921
0 0.0184429 0.525 0.0368857 0.0716666 0.064209
26 0.0285264 0.685833 0.0297454 0.0441666 0.0596619
0 0.863245 0.584167 0.0144897 0.0833333 0.0582275
24 0.0287005 0.685833 0.0300937 0.045 0.0574951
0 0.862688 0.591667 0.0178333 0.0975 0.053894
1 0.19965 0.606667 0.0426328 0.1 0.0534058
0 0.935693 0.587083 0.0122604 0.0791667 0.0533142
1 0.88888 0.63625 0.0256354 0.0716666 0.0518494
0 0.935693 0.560833 0.0111458 0.0233334 0.0495911
0 0.866589 0.5925 0.0167188 0.0983333 0.049408
9 0.205919 0.424167 0.0200625 0.0516667 0.0492249
0 0.874948 0.557083 0.0111459 0.035 0.0488586
0 0.0691738 0.514583 0.0390104 0.0558333 0.0484924
0 0.0112677 0.586667 0.0225355 0.15 0.0472412
0 0.935135 0.583333 0.0178333 0.0908333 0.0446777
0 0.901698 0.600417 0.013375 0.0841667 0.0422363
0 0.902812 0.5875 0.0111458 0.065 0.039856
0 0.930677 0.58875 0.0222917 0.0808333 0.0388184
0 0.898354 0.584167 0.0167188 0.0483334 0.0379639
0 0.00572965 0.54125 0.0114593 0.0383333 0.0368958
1 0.199232 0.641667 0.0434688 0.108333 0.0351562
0 0.0789961 0.517083 0.0256354 0.0558333 0.0305634
0 0.871604 0.604167 0.0156042 0.0416667 0.0302124
0 0.910615 0.58 0.0178333 0.07 0.0301514
1 0.189479 0.6025 0.0512708 0.111667 0.0290833
0 0.0681986 0.59875 0.0441654 0.215833 0.0280151
9 0.202436 0.4225 0.0117031 0.0425 0.0278015
1 0.174014 0.613333 0.100034 0.166667 0.0269623
0 0.0134098 0.5675 0.02675 0.17 0.0261078
1 0.886094 0.645 0.0300938 0.0533333 0.0252686
0 0.889437 0.581667 0.0100312 0.0475 0.024704
0 0.0173457 0.54 0.0346217 0.105 0.0219116
0 0.887766 0.588333 0.013375 0.0466667 0.0217743
1 0.985292 0.619167 0.0256354 0.0333333 0.0213623
0 0.941823 0.554583 0.0200625 0.0391667 0.021286
0 0.93625 0.557917 0.0111459 0.0316667 0.0210419
1 0.20174 0.629167 0.040125 0.0933333 0.0207977
0 0.916187 0.554167 0.0178333 0.04 0.0200195
0 0.923989 0.582917 0.0334374 0.0966666 0.0173035
0 0.0601875 0.596667 0.070776 0.223333 0.0166626
26 0.874391 0.605 0.0167187 0.0425 0.0161591
13 0.980833 0.619583 0.0200625 0.0291666 0.016098
0 0.888323 0.568333 0.00891666 0.0316667 0.0151901
9 0.228768 0.417083 0.0261927 0.0591667 0.0147858
0 0.873833 0.600833 0.0156041 0.0483334 0.0144501
0 0.0330195 0.514167 0.0282826 0.05 0.0142288
1 0.991979 0.6175 0.013375 0.04 0.0130234
56 0.984734 0.6125 0.02675 0.045 0.0126266
0 0.00670492 0.572083 0.0134098 0.1275 0.0121918
13 0.991979 0.617083 0.013375 0.0383334 0.0119171
1 0.205641 0.602917 0.0356667 0.0808333 0.0118256
56 0.991979 0.612083 0.013375 0.0466667 0.0115509
1 0.890552 0.650417 0.0222917 0.0425 0.0114212
16 0.886094 0.645 0.0300938 0.0533333 0.0110703
0 0.0410654 0.57875 0.080041 0.18 0.0110703
0 0.0771849 0.600833 0.0431901 0.221667 0.0109024
0 0.88275 0.625417 0.0234062 0.0925 0.0106964
13 0.984177 0.611667 0.0278646 0.0449999 0.0106506
11 0.0830365 0.3975 0.0103099 0.0316667 0.0103302
0 0.863802 0.5725 0.013375 0.065 0.0102921
0 0.874391 0.57 0.013375 0.055 0.01017
26 0.890552 0.650417 0.0222917 0.0425 0.0100937
1 0.890552 0.6225 0.0245209 0.101667 0.00948334
9 0.854885 0.354167 0.0178333 0.0341666 0.00930023
0 0.917859 0.565 0.0156042 0.0558333 0.00912476
0 0.424099 0.465 0.0590729 0.118333 0.00847626
9 0.206755 0.4275 0.02675 0.0566667 0.00837708
0 0.115499 0.54 0.0114245 0.0316667 0.008255
26 0.929005 0.61 0.0167188 0.04 0.00821686
74 0.951854 0.470417 0.0200624 0.0308333 0.00818634
1 0.190036 0.608333 0.0278646 0.0958334 0.00674438
56 0.980833 0.619583 0.0200625 0.0291666 0.00653839
13 0.158689 0.5475 0.0677109 0.0433334 0.00651169
0 0.0233366 0.567917 0.0278646 0.156667 0.00641251
0 0.0167188 0.51375 0.0244512 0.055 0.00638962
9 0.860458 0.355104 0.013375 0.0364583 0.00631332
1 0.206477 0.619167 0.0367813 0.0733333 0.00624084
0 0.0872161 0.51625 0.0273073 0.0633333 0.00609589
28 0.150469 0.64 0.0652031 0.118333 0.00609589
56 0.985292 0.619167 0.0256354 0.0333333 0.00595856
0 0.872719 0.609167 0.0167187 0.06 0.00584412
0 0.873276 0.623333 0.0245208 0.0966667 0.00577545
28 0.0563561 0.62625 0.0856836 0.17 0.00548935
1 0.905042 0.626667 0.0111459 0.05 0.00488663
0 0.881635 0.574167 0.013375 0.0533333 0.00486755
26 0.0132705 0.642083 0.0179727 0.0341666 0.00484848
11 0.614135 0.238958 0.0245208 0.0366667 0.00481033
16 0.890552 0.650417 0.0222917 0.0425 0.00471878
0 0.829807 0.565833 0.0111458 0.0325 0.00466537
9 0.916187 0.373333 0.0156042 0.0516667 0.00462723
0 0.860458 0.612083 0.0167188 0.0775 0.00452042
26 0.905042 0.626667 0.0111459 0.05 0.00443268
0 0.0385924 0.5125 0.0337161 0.05 0.00439835
0 0.422706 0.4725 0.0713334 0.1425 0.00428009
0 0.0832454 0.5225 0.0342734 0.0583334 0.00426483
2 0.736182 0.561667 0.0189479 0.0383334 0.00416565
0 0.147961 0.505833 0.0189479 0.0441666 0.00415039
0 0.940708 0.59 0.0178333 0.0766667 0.0041008
0 0.280596 0.445 0.0378958 0.0866666 0.00407028
0 0.41351 0.464167 0.0373386 0.11 0.00407028
26 0.0151688 0.64125 0.0184255 0.0416666 0.00407028
0 0.419641 0.475833 0.0523854 0.0966666 0.00376511
1 0.206337 0.591667 0.0326016 0.075 0.00370789
0 0.927333 0.6025 0.0222917 0.055 0.00348282
0 0.343849 0.458333 0.0323229 0.0625 0.00344276
0 0.284497 0.433333 0.0351094 0.0725 0.00340271
1 0.980833 0.619583 0.0200625 0.0291666 0.00332451
0 0.45475 0.484167 0.0613021 0.0633333 0.00327301
0 0.704417 0.4275 0.0167187 0.0325 0.00321007
28 0.152141 0.617917 0.0685469 0.164167 0.00309944
0 0.315148 0.463333 0.0529427 0.0866667 0.00307465
0 0.463388 0.481667 0.0406823 0.05 0.00307465
1 0.182234 0.6075 0.0356667 0.11 0.00301552
0 0.089306 0.599167 0.0369206 0.216667 0.0029583
0 0.913958 0.550833 0.0200625 0.0416667 0.00288963
1 0.984734 0.6125 0.02675 0.045 0.00284576
0 0.359174 0.465 0.0646458 0.0766667 0.00283432
26 0.935693 0.560833 0.0111458 0.0233334 0.00274658
9 0.918417 0.363229 0.0178333 0.071875 0.00273705
0 0.280039 0.459167 0.0384531 0.0783333 0.00273705
0 0.0478574 0.521667 0.0196445 0.03 0.0027256
0 0.409052 0.48 0.0479271 0.095 0.00271416
0 0.400693 0.469167 0.113688 0.146667 0.00271416
74 0.614135 0.238958 0.0245208 0.0366667 0.00264168
0 0.0922318 0.524167 0.0328802 0.05 0.00263214
0 0.746771 0.386667 0.00891666 0.02 0.00261116
9 0.208984 0.448333 0.0261927 0.0183333 0.00258064
0 0.88275 0.555833 0.0178333 0.0316667 0.00257111
13 0.872719 0.647917 0.02675 0.0483333 0.00257111
13 0.0112155 0.61375 0.0219434 0.0891667 0.00251198
0 0.951854 0.602917 0.0178333 0.0508333 0.00251198
0 0.0461507 0.525833 0.0165098 0.0225 0.0024929
9 0.0826882 0.398333 0.0146289 0.0341667 0.00244331
56 0.884979 0.644583 0.0312083 0.0558333 0.00243378
0 0.378958 0.471667 0.0546146 0.08 0.00240517
0 0.828135 0.564167 0.013375 0.0383333 0.00237846
0 0.337719 0.458333 0.0456979 0.0666666 0.00236893
74 0.23462 0.180833 0.062974 0.0758333 0.00235939
74 0.0838724 0.39875 0.0100313 0.03 0.00229645
0 0.397628 0.488333 0.0663177 0.113333 0.00227928
0 0.409052 0.488333 0.0618594 0.125 0.00226974
0 0.338833 0.454167 0.0334375 0.0608333 0.00221634
0 0.434687 0.458333 0.0535 0.103333 0.00216484
11 0.952969 0.469167 0.0222917 0.0316667 0.00211525
0 0.46701 0.489167 0.0367812 0.045 0.00210762
0 0.78188 0.536667 0.013375 0.0316667 0.00210762
0 0.455307 0.5175 0.0646458 0.08 0.00209999
1 0.0118424 0.6175 0.0225006 0.085 0.00209045
0 0.707203 0.429167 0.0178333 0.0325 0.00208282
0 0.0112155 0.61375 0.0219434 0.0891667 0.00199509
26 0.00579061 0.541667 0.0115812 0.04 0.00194168
0 0.56788 0.545 0.0278646 0.0866666 0.00188923
6 0.530542 0.509583 0.614135 0.5525 0.00185299
13 0.062138 0.621667 0.0958542 0.181667 0.00183868
0 0.541687 0.385833 0.0256354 0.065 0.00182438
26 0.88888 0.63625 0.0256354 0.0716666 0.00182438
9 0.208706 0.435417 0.0278646 0.0425 0.00178242
0 0.0484147 0.515833 0.0211771 0.04 0.00176144
0 0.476484 0.518333 0.0234063 0.0641667 0.00174809
0 0.905042 0.626667 0.0111459 0.05 0.0017271
0 0.32713 0.459167 0.0546146 0.0783333 0.00171375
0 0.451685 0.505 0.0702187 0.106667 0.00168705
0 0.741198 0.433333 0.0144896 0.0316667 0.00165462
26 0.886094 0.645 0.0300938 0.0533333 0.00163555
0 0.787453 0.438333 0.0122604 0.03 0.00162888
0 0.402922 0.479167 0.0501562 0.0833333 0.00162888
9 0.84151 0.36375 0.0122604 0.0241667 0.00161648
74 0.916187 0.365833 0.0200624 0.0658333 0.00161076
1 0.177776 0.610417 0.0278646 0.0908333 0.00159168
74 0.198674 0.6225 0.0462552 0.145 0.00157928
56 0.884979 0.625833 0.0312083 0.0933333 0.00156689
1 0.899469 0.6375 0.0167188 0.0566666 0.00156689
58 0.991979 0.6175 0.013375 0.04 0.00155449
0 0.116195 0.534167 0.0158828 0.0466667 0.00154877
28 0.158515 0.549583 0.0708457 0.05 0.00154305
0 0.374221 0.464583 0.0451406 0.0758333 0.00153637
26 0.871047 0.604167 0.013375 0.0433333 0.00153637
0 0.992536 0.563333 0.0122604 0.0366667 0.00153065
26 0.887766 0.588333 0.013375 0.0466667 0.00152493
9 0.197281 0.423333 0.0139323 0.0516667 0.00151253
0 0.88888 0.63625 0.0256354 0.0716666 0.00150681
0 0.307625 0.468333 0.0512708 0.0816666 0.0014782
0 0.538901 0.378333 0.0222917 0.05 0.00147247
0 0.952969 0.546667 0.0156042 0.04 0.00145531
0 0.465896 0.4975 0.0367813 0.0308333 0.00144386
4 0.530542 0.509583 0.614135 0.5525 0.00144386
28 0.0552415 0.6575 0.0891667 0.108333 0.0014267
0 0.786896 0.443333 0.013375 0.0325 0.00142097
56 0.0109368 0.615 0.0214557 0.0816666 0.00142097
0 0.476484 0.533333 0.0278646 0.07 0.00141621
0 0.463388 0.5125 0.0468125 0.065 0.00141048
0 0.417133 0.485 0.138208 0.166667 0.00141048
0 0.743427 0.432083 0.0156042 0.0333333 0.00139427
0 0.530542 0.520833 0.0211771 0.0666666 0.00138855
60 0.655932 1 0.658719 0 0.00138855
0 0.783552 0.44 0.0100313 0.0258333 0.00137234
0 0.436638 0.479167 0.0456979 0.0816667 0.00136185
0 0.118982 0.532917 0.0189479 0.0475 0.00135612
9 0.200207 0.424167 0.0195052 0.0508333 0.00135136
0 0.384531 0.459583 0.0679896 0.105 0.00135136
0 0.418805 0.455 0.0473698 0.1 0.00134087
9 0.840953 0.35625 0.013375 0.0366667 0.00132465
0 0.897797 0.554167 0.0156042 0.03 0.00132465
0 0.659833 0.414167 0.0245208 0.0516667 0.00131989
0 0.428836 0.451667 0.0468125 0.0941667 0.00131989
0 0.479828 0.52 0.0178333 0.06 0.00131512
0 0.369206 0.46125 0.0312083 0.0708333 0.00130463
0 0.879406 0.564167 0.0178333 0.06 0.00130463
60 0.985292 0.618333 0.02675 0.0333333 0.00129986
0 0.567323 0.563333 0.02675 0.0508333 0.00127888
0 0.781323 0.54125 0.013375 0.0308333 0.00126934
0 0.526641 0.524583 0.0289792 0.0733333 0.00126457
1 0.206477 0.5575 0.0250781 0.0525 0.0012598
0 0.708875 0.425417 0.0222917 0.0391667 0.00124931
9 0.614135 0.239583 0.02675 0.0366667 0.00124454
56 0.88888 0.63625 0.0256354 0.0716666 0.00124454
9 0.952969 0.47 0.0200625 0.03 0.00123978
13 0.0939036 0.626667 0.0412396 0.17 0.00122547
0 0.789682 0.536667 0.0178333 0.0325 0.0012207
0 0.280596 0.480417 0.040125 0.0966667 0.00121593
13 0.155763 0.612083 0.0735625 0.174167 0.00119686
0 0.830365 0.559583 0.0122603 0.0533334 0.00118828
14 0.247159 0.722917 0.0130964 0.0158333 0.00117397
0 0.713333 0.427917 0.0156042 0.0358333 0.00115108
0 0.386203 0.486667 0.0596302 0.095 0.00114727
0 0.435245 0.482917 0.08025 0.151667 0.00113392
0 0.439146 0.4775 0.040125 0.0608333 0.00112438
0 0.444161 0.4825 0.0523854 0.0758333 0.00111198
0 0.382302 0.514167 0.0312083 0.0391667 0.0011034
58 0.985292 0.619167 0.0256354 0.0333333 0.00107288
56 0.872719 0.647917 0.02675 0.0483333 0.00106525
0 0.728937 0.430833 0.0156042 0.035 0.00105667
60 0.0614588 0.623333 0.103064 0.181667 0.00105286
24 0.898354 0.584167 0.0167188 0.0483334 0.00103664
0 0.0711766 0.529583 0.0504697 0.075 0.00102806
1 0.983062 0.615 0.0300938 0.0333333 0.00102425
0 0.549211 0.390417 0.0373385 0.06 0.00102043
26 0.898354 0.584167 0.0167188 0.0483334 0.00101662
16 0.887208 0.6325 0.02675 0.0791666 0.00100422
5 0.531378 0.5075 0.613578 0.555 0.859863
0 0.018321 0.571667 0.036224 0.17 0.452393
1 0.19965 0.626667 0.048763 0.14 0.377441
0 0.89724 0.606667 0.0222917 0.0933333 0.294922
0 0.891667 0.614167 0.02675 0.11 0.248047
0 0.0658997 0.515833 0.0339948 0.045 0.24292
0 0.888323 0.620833 0.02675 0.100833 0.168823
0 0.0238939 0.515417 0.0295365 0.055 0.16394
0 0.95074 0.58125 0.0200625 0.0975 0.13208
0 0.911729 0.585833 0.0178333 0.09 0.113586
13 0.985292 0.618333 0.02675 0.0333333 0.0933228
0 0.872719 0.568333 0.0111458 0.0491667 0.0891113
0 0.0852656 0.519167 0.0229883 0.0516667 0.0834351
0 0.00708805 0.52625 0.0141761 0.0675 0.0778198
0 0.912286 0.556667 0.0167188 0.04 0.0776367
0 0.871604 0.574167 0.0111458 0.0583333 0.0755615
9 0.0830365 0.397917 0.0103099 0.0316667 0.0742188
0 0.0196097 0.519167 0.036015 0.0616667 0.0739746
0 0.863802 0.595417 0.0245209 0.110833 0.0706787
0 0.0291882 0.514167 0.0214557 0.0533333 0.0667114
0 0.871604 0.58625 0.013375 0.0775 0.0564575
0 0.95074 0.554167 0.0178333 0.0416667 0.0558167
0 0.863245 0.584167 0.0144897 0.0833333 0.0499573
0 0.862688 0.592083 0.0178333 0.0983333 0.0481262
26 0.0286396 0.685833 0.0300763 0.0441666 0.0481262
0 0.0690868 0.514583 0.0393239 0.0558333 0.0478821
1 0.888323 0.636667 0.02675 0.0716667 0.0477905
0 0.935693 0.586667 0.0122604 0.0783333 0.045105
0 0.866589 0.593333 0.0167188 0.1 0.0441895
24 0.0288486 0.685833 0.030355 0.045 0.042572
1 0.199789 0.605833 0.0429115 0.103333 0.0405273
0 0.874948 0.557083 0.0111459 0.035 0.0391846
1 0.175268 0.614167 0.0980833 0.166667 0.0387573
0 0.935693 0.560833 0.0111458 0.0233334 0.0376892
0 0.933464 0.58875 0.0167188 0.0808333 0.0345459
9 0.206059 0.424167 0.0200625 0.0516667 0.0343628
0 0.0107104 0.570833 0.0214209 0.173333 0.033905
0 0.0677109 0.599167 0.0463945 0.218333 0.032959
0 0.901698 0.600833 0.013375 0.085 0.0324097
0 0.898354 0.584167 0.0178333 0.0483334 0.0302734
0 0.00576449 0.541667 0.011529 0.0383333 0.0296478
0 0.902812 0.5875 0.0111458 0.0658333 0.0296478
1 0.886094 0.645 0.0312083 0.0541666 0.0252686
0 0.0782995 0.516667 0.0285612 0.0566667 0.0251312
0 0.910615 0.579167 0.0178333 0.07 0.0247955
1 0.19951 0.644167 0.0429115 0.1025 0.0236969
1 0.985292 0.61875 0.0256354 0.0341666 0.0227966
0 0.871604 0.604167 0.0156042 0.0416667 0.0219879
0 0.017276 0.543333 0.0345521 0.111667 0.019989
1 0.189479 0.601667 0.0515495 0.115 0.0197906
1 0.202018 0.629167 0.0412396 0.105 0.0195618
9 0.202297 0.4225 0.0117031 0.0433334 0.0192719
0 0.938479 0.5875 0.0178333 0.0816667 0.018158
0 0.93625 0.557917 0.0111459 0.0316667 0.0179138
0 0.889437 0.581667 0.0100312 0.0466667 0.0176392
0 0.916187 0.554167 0.0178333 0.0408333 0.0175781
0 0.0591426 0.597083 0.0723086 0.223333 0.0168457
0 0.941823 0.555 0.0200625 0.04 0.0166626
0 0.887766 0.587917 0.013375 0.0458333 0.0156708
13 0.981948 0.62 0.0211771 0.03 0.0147324
0 0.922875 0.582083 0.0334374 0.0983333 0.0141754
26 0.874391 0.605 0.0167187 0.0425 0.0137939
1 0.890552 0.6225 0.0245209 0.101667 0.0135345
1 0.991422 0.6175 0.0144897 0.04 0.0130234
11 0.0830365 0.397917 0.0103099 0.0316667 0.0115509
0 0.888323 0.56875 0.00891666 0.0316667 0.0114212
0 0.0422845 0.580833 0.0822005 0.185 0.0111618
56 0.984734 0.612917 0.02675 0.045 0.0107803
26 0.889995 0.65 0.0222917 0.0433333 0.0106964
9 0.228629 0.416667 0.0264714 0.06 0.0105667
0 0.0339948 0.513333 0.022013 0.05 0.0104065
0 0.0768366 0.600417 0.0451406 0.224167 0.0104065
0 0.00681812 0.569167 0.0136362 0.131667 0.00993347
1 0.889995 0.65 0.0222917 0.0433333 0.00981903
0 0.873833 0.600417 0.0156041 0.0483333 0.00978088
56 0.992536 0.611667 0.0122604 0.0466667 0.00967407
13 0.984177 0.611667 0.0278646 0.0449999 0.00948334
13 0.991422 0.616667 0.0144897 0.0383333 0.00891876
56 0.991422 0.616667 0.0144897 0.0383333 0.00857544
0 0.883865 0.625417 0.0245208 0.0933333 0.00854492
9 0.854885 0.354167 0.0178333 0.035 0.00847626
16 0.886094 0.645 0.0312083 0.0541666 0.00828552
26 0.928448 0.609167 0.0178333 0.0416667 0.00818634
0 0.863245 0.5725 0.0122603 0.0633333 0.00815582
1 0.205641 0.604167 0.036224 0.0833333 0.00809479
9 0.860458 0.355 0.0156042 0.0366667 0.00775528
0 0.874391 0.570833 0.013375 0.0566667 0.00769424
0 0.917302 0.565 0.0156042 0.0583334 0.00717545
0 0.115708 0.54 0.0117031 0.0316667 0.0064888
0 0.0161266 0.514167 0.0237546 0.0566666 0.00636292
0 0.0871465 0.51625 0.0273073 0.0633333 0.00609589
13 0.158515 0.5475 0.0702884 0.0466667 0.006073
28 0.150329 0.64 0.0652031 0.118333 0.00598145
28 0.0561297 0.626667 0.0853005 0.17 0.00564194
9 0.206755 0.4275 0.02675 0.0566667 0.00559998
0 0.0233018 0.568333 0.0280736 0.158333 0.00559998
74 0.951854 0.470417 0.0200624 0.0308333 0.00547028
56 0.981948 0.62 0.0211771 0.03 0.00538635
11 0.614135 0.239167 0.0245208 0.0366667 0.00524139
1 0.905042 0.626667 0.0111459 0.05 0.00524139
0 0.929563 0.59 0.0245209 0.0791667 0.00516129
1 0.205919 0.618333 0.0378958 0.0766666 0.00498199
0 0.424378 0.465 0.0601875 0.12 0.00481033
0 0.0383835 0.5125 0.0334375 0.05 0.0045929
1 0.188922 0.608333 0.0256354 0.0966666 0.0042305
26 0.905042 0.626667 0.0111459 0.05 0.0041008
0 0.872719 0.609167 0.0167187 0.06 0.00408554
26 0.0131312 0.642083 0.018321 0.0341666 0.00407028
0 0.0831758 0.522917 0.0351094 0.06 0.00403976
2 0.736182 0.561667 0.0189479 0.0383334 0.00402451
28 0.152837 0.613333 0.0704974 0.173333 0.00402451
0 0.0358408 0.52 0.0404733 0.0616666 0.00395966
0 0.881635 0.575833 0.013375 0.0583334 0.00390053
0 0.280805 0.445833 0.0380352 0.09 0.00378036
0 0.873276 0.623333 0.0256354 0.0983333 0.00374985
1 0.981948 0.62 0.0211771 0.03 0.00372124
16 0.889995 0.65 0.0222917 0.0433333 0.00346947
9 0.916187 0.373333 0.0156042 0.0516667 0.00335121
0 0.830365 0.565833 0.0111459 0.0333334 0.00331116
0 0.951854 0.5925 0.0200624 0.0716667 0.00324821
0 0.860458 0.611667 0.0178333 0.0783333 0.00318527
26 0.015134 0.640417 0.0187738 0.0433333 0.00293541
13 0.992536 0.611667 0.0122604 0.0466667 0.0028553
26 0.935693 0.560833 0.0111458 0.0233334 0.00277901
0 0.284497 0.434167 0.0356667 0.0733333 0.00276756
11 0.953526 0.469167 0.0222917 0.0325 0.00273705
0 0.089306 0.600833 0.0383138 0.221667 0.0027256
0 0.344685 0.455833 0.030651 0.0583333 0.00271416
0 0.913958 0.550417 0.0222917 0.0466667 0.00270462
0 0.0920924 0.524167 0.0332982 0.0516667 0.00266266
0 0.407937 0.476667 0.112573 0.161667 0.00266266
0 0.463109 0.481667 0.0412396 0.05 0.00263214
0 0.414904 0.465 0.040125 0.115 0.00261116
0 0.147822 0.505833 0.0186693 0.0433333 0.00261116
0 0.927333 0.6025 0.0222917 0.055 0.00259018
13 0.0112155 0.614167 0.0220827 0.0883333 0.00258064
0 0.704417 0.427083 0.0167187 0.0325 0.00256157
1 0.206198 0.591667 0.0334375 0.0766666 0.00256157
0 0.746771 0.38625 0.00891666 0.02 0.00251198
74 0.614135 0.239167 0.0245208 0.0366667 0.00243378
56 0.985849 0.617917 0.0245209 0.0341667 0.00239754
0 0.01132 0.603333 0.0225703 0.108333 0.00235939
0 0.45475 0.484583 0.0618594 0.0633333 0.00232315
0 0.0479967 0.521667 0.0199232 0.03 0.00227928
74 0.0838027 0.39875 0.0101706 0.03 0.00226021
1 0.182234 0.605 0.0351094 0.12 0.00226021
9 0.918417 0.363229 0.0178333 0.071875 0.00218201
0 0.280318 0.461667 0.0384531 0.075 0.00216484
0 0.88275 0.555833 0.0178333 0.0316667 0.00216484
0 0.0465687 0.525417 0.0177637 0.0233333 0.00215721
26 0.888323 0.636667 0.02675 0.0716667 0.00209999
9 0.0826882 0.398333 0.0146289 0.0341667 0.00209045
0 0.419641 0.47625 0.0523854 0.095 0.00209045
0 0.315427 0.464167 0.0535 0.0866667 0.0020752
74 0.23462 0.180833 0.062974 0.0758333 0.00202751
0 0.78188 0.53625 0.013375 0.0316667 0.0019722
26 0.00580802 0.541667 0.011616 0.04 0.0019722
13 0.872719 0.647917 0.02675 0.0483333 0.00188255
0 0.358339 0.465833 0.066875 0.0783333 0.0018177
60 0.665406 1 0.637542 0 0.00176144
0 0.56788 0.545 0.0278646 0.0866666 0.00175476
1 0.011825 0.6175 0.0227445 0.085 0.00175476
9 0.208984 0.448333 0.0261927 0.0183333 0.00173378
74 0.198953 0.621667 0.0468125 0.146667 0.00173378
0 0.466453 0.489167 0.0378958 0.0458333 0.0017271
0 0.951297 0.602917 0.0189479 0.0508333 0.0017271
0 0.339112 0.454583 0.0356667 0.0616667 0.00171375
0 0.398464 0.4875 0.0691042 0.116667 0.0017004
13 0.0620684 0.62 0.0959935 0.185 0.0017004
1 0.984177 0.611667 0.0278646 0.0449999 0.00168705
26 0.886094 0.645 0.0312083 0.0541666 0.00167465
0 0.454193 0.518333 0.066875 0.0825 0.00166798
6 0.530542 0.509583 0.613021 0.5525 0.00165462
0 0.828135 0.564167 0.013375 0.0383333 0.0016489
4 0.530542 0.509583 0.613021 0.5525 0.00162315
0 0.336883 0.458333 0.0479271 0.0666666 0.00161076
26 0.887766 0.587917 0.013375 0.0458333 0.00159168
0 0.541966 0.385833 0.0261927 0.065 0.00158501
28 0.0551545 0.655833 0.0892015 0.111667 0.00155449
74 0.916187 0.367083 0.0200624 0.0633333 0.00154305
0 0.707203 0.429167 0.0178333 0.0333334 0.00153637
56 0.884979 0.643333 0.0312083 0.0583334 0.00152493
1 0.898911 0.6375 0.0178334 0.0583333 0.0015192
0 0.408495 0.488333 0.0657604 0.128333 0.00149536
0 0.38063 0.473333 0.0590729 0.0833333 0.00148964
0 0.935135 0.580833 0.0189479 0.0925 0.0014782
13 0.155345 0.613333 0.0735625 0.176667 0.00146675
0 0.0486585 0.515833 0.0209681 0.04 0.00145531
0 0.409609 0.481667 0.0501562 0.0983333 0.00143814
56 0.885536 0.625833 0.0312083 0.0933333 0.00141048
56 0.0110413 0.615417 0.0217344 0.0825 0.00137234
1 0.178333 0.612917 0.0289792 0.0983333 0.00136662
26 0.871047 0.604167 0.013375 0.0433333 0.00134563
0 0.477042 0.518333 0.0222917 0.0633333 0.00133038
60 0.0613717 0.622917 0.103238 0.183333 0.00133038
60 0.334375 1 0.644229 0 0.00131512
9 0.84151 0.36375 0.0122604 0.0241667 0.00130463
0 0.741198 0.433333 0.0144896 0.0316667 0.00129986
0 0.116474 0.53375 0.0164401 0.0475 0.00129986
0 0.451685 0.504167 0.0696615 0.105 0.0012846
0 0.434687 0.458333 0.0535 0.104167 0.00127411
1 0.992536 0.611667 0.0122604 0.0466667 0.00126457
0 0.32713 0.459167 0.0557292 0.0783333 0.0012598
0 0.992536 0.563333 0.0122604 0.0383334 0.0012598
0 0.53918 0.379583 0.0222917 0.0525 0.00124454
0 0.476484 0.533333 0.0273073 0.07 0.00124454
0 0.787453 0.43875 0.0122604 0.0291667 0.00122547
0 0.952969 0.546667 0.0156042 0.04 0.00122547
0 0.391219 0.474583 0.08025 0.0958333 0.00121117
58 0.991422 0.6175 0.0144897 0.04 0.00121117
13 0.0943913 0.625833 0.0411003 0.17 0.00121117
0 0.781323 0.540833 0.013375 0.0308333 0.00119686
0 0.411839 0.46875 0.0351094 0.0908333 0.0011692
0 0.783552 0.44 0.0100313 0.025 0.00116062
0 0.567323 0.5625 0.02675 0.0516667 0.00115108
0 0.660948 0.417083 0.0211771 0.0391667 0.00114727
0 0.659833 0.414167 0.0245208 0.0516667 0.0011425
0 0.786896 0.443333 0.013375 0.0325 0.0011425
0 0.879406 0.564167 0.0178333 0.06 0.00113773
9 0.952969 0.47 0.0200625 0.03 0.0011034
9 0.840396 0.355833 0.013375 0.0375 0.00109863
0 0.743427 0.431667 0.0156042 0.0333333 0.00107765
28 0.158584 0.55 0.0707064 0.0508333 0.00107765
0 0.897797 0.554167 0.0167188 0.03 0.00107288
0 0.280318 0.479167 0.0412396 0.101667 0.00106049
0 0.789125 0.536667 0.0178333 0.0325 0.00106049
0 0.468404 0.4975 0.0356667 0.0333333 0.00105286
14 0.247159 0.722917 0.0130964 0.0158333 0.00104809
0 0.905042 0.626667 0.0111459 0.05 0.00104427
9 0.197142 0.423333 0.0136536 0.0516667 0.00104046
0 0.0698182 0.560833 0.0869027 0.135 0.00104046
0 0.398464 0.47875 0.0613021 0.0875 0.00100803
0 0.46088 0.514167 0.0523854 0.0683334 0.00100803
5 0.531378 0.5075 0.612464 0.555 0.831055
0 0.01826 0.571667 0.0362065 0.17 0.425293
1 0.19951 0.625833 0.0490417 0.141667 0.379395
0 0.89724 0.60625 0.0222917 0.0933333 0.269043
0 0.0658997 0.515417 0.0341341 0.0458333 0.241455
0 0.891667 0.614167 0.02675 0.11 0.218628
0 0.0244599 0.515417 0.0285438 0.055 0.147583
0 0.888323 0.621667 0.02675 0.1 0.126343
0 0.0198535 0.518333 0.035388 0.06 0.112427
0 0.95074 0.58125 0.0200625 0.0975 0.112
0 0.911729 0.585 0.0178333 0.0908333 0.0997925
0 0.00722738 0.52625 0.0144548 0.0675 0.0796509
0 0.0854049 0.519167 0.0231276 0.0533333 0.0789185
0 0.872162 0.568333 0.0111459 0.0491667 0.0768433
13 0.985292 0.61875 0.02675 0.0341666 0.076416
0 0.912286 0.55625 0.0167188 0.0408333 0.0730591
9 0.0831758 0.398333 0.0103099 0.0316667 0.0726318
0 0.0295365 0.514167 0.0211771 0.0533333 0.0650024
0 0.863802 0.595417 0.0245209 0.110833 0.0617676
0 0.0691216 0.514167 0.0395329 0.0566666 0.0514526
1 0.88888 0.635833 0.02675 0.0725 0.0492249
0 0.0164749 0.524167 0.0329499 0.07 0.048584
0 0.95074 0.554167 0.0178333 0.0416667 0.0484924
1 0.175547 0.614167 0.0975261 0.166667 0.0477905
26 0.0289443 0.685833 0.0305814 0.045 0.0458679
0 0.871604 0.585833 0.013375 0.0783333 0.0447693
0 0.863245 0.584583 0.0144897 0.0833333 0.0427246
0 0.862688 0.592083 0.0178333 0.0983333 0.0408325
0 0.935693 0.585833 0.0122604 0.0766666 0.0389099
0 0.867146 0.593333 0.0178333 0.1 0.0381775
0 0.0673626 0.599167 0.0477878 0.219167 0.0360107
24 0.0289443 0.685833 0.0305814 0.045 0.0348816
1 0.199928 0.605 0.0431901 0.106667 0.033844
0 0.874948 0.557083 0.0111459 0.035 0.0323486
0 0.0108149 0.57 0.0216299 0.175 0.0303345
0 0.935693 0.560833 0.0111458 0.0233334 0.0301056
0 0.934021 0.58875 0.0178333 0.0808333 0.0281677
9 0.206198 0.424167 0.0200625 0.0516667 0.0274811
0 0.898354 0.584167 0.0178333 0.0483334 0.0270081
1 0.886094 0.645 0.0312083 0.055 0.026062
0 0.901698 0.600833 0.013375 0.0841667 0.0258026
1 0.985292 0.61875 0.0256354 0.0341666 0.0253754
0 0.00579932 0.541667 0.0115986 0.04 0.0250397
0 0.929563 0.588333 0.0245209 0.0816667 0.0249329
1 0.19965 0.643333 0.0429115 0.105 0.0227203
0 0.902812 0.5875 0.0111458 0.0666666 0.0225372
0 0.0760703 0.516667 0.0337161 0.0583333 0.0222473
0 0.910615 0.579167 0.0178333 0.07 0.0208893
1 0.202018 0.628333 0.0417969 0.111667 0.0197144
1 0.890552 0.624167 0.0245209 0.0983333 0.0195618
0 0.0553809 0.601667 0.0854049 0.218333 0.018692
0 0.0173109 0.545 0.0346217 0.113333 0.0180511
0 0.916187 0.554167 0.0178333 0.0416667 0.0170441
1 0.189897 0.601667 0.0521068 0.116667 0.0168457
0 0.871604 0.604167 0.0156042 0.0416667 0.0166626
9 0.202297 0.4225 0.0117031 0.0433334 0.0150757
0 0.93625 0.558333 0.0111459 0.0316667 0.0149536
0 0.938479 0.5875 0.018948 0.0816667 0.0142822
0 0.889437 0.581667 0.0100312 0.0475 0.0139542
0 0.941823 0.554583 0.0211771 0.04 0.0138474
1 0.990865 0.6175 0.0156042 0.04 0.0137405
0 0.922875 0.581667 0.0345521 0.1 0.012291
0 0.888323 0.5875 0.013375 0.045 0.0121918
0 0.0430856 0.5825 0.0835241 0.188333 0.0121918
0 0.03396 0.513333 0.0220827 0.05 0.0112457
11 0.0831758 0.398333 0.0103099 0.0316667 0.0110321
26 0.874391 0.605 0.0167187 0.0425 0.0101318
0 0.0762793 0.600417 0.0468125 0.225833 0.00997162
26 0.889995 0.649583 0.0222917 0.0441667 0.00978088
0 0.888323 0.56875 0.00891666 0.0316667 0.00926971
1 0.889995 0.649583 0.0222917 0.0441667 0.00926971
9 0.228768 0.416667 0.02675 0.06 0.00923157
56 0.984734 0.612917 0.02675 0.045 0.0088501
0 0.00693131 0.568333 0.0138626 0.138333 0.00834656
26 0.928448 0.60875 0.0178333 0.0416667 0.00812531
13 0.984177 0.611667 0.0278646 0.0458333 0.00803375
9 0.860458 0.355 0.0156042 0.0366667 0.00803375
56 0.991979 0.611667 0.013375 0.0466667 0.00800323
1 0.205641 0.605 0.036224 0.0858333 0.00720596
0 0.873833 0.600417 0.0156041 0.0483333 0.00717545
13 0.990865 0.6175 0.0156042 0.04 0.00712204
0 0.863245 0.5725 0.0122603 0.0633333 0.0068779
9 0.854885 0.354167 0.0178333 0.035 0.0068512
56 0.990865 0.617083 0.0156042 0.0383334 0.0068512
0 0.883865 0.625 0.02675 0.0933333 0.00682449
16 0.886094 0.645 0.0312083 0.055 0.00651169
0 0.917302 0.56375 0.0178333 0.0591667 0.00636292
0 0.0157087 0.514583 0.0230579 0.0566667 0.00624084
1 0.905042 0.626667 0.0111459 0.0491667 0.00621796
28 0.150225 0.640417 0.0651335 0.119167 0.006073
0 0.874391 0.57125 0.013375 0.0575 0.00600433
13 0.158549 0.5475 0.0702188 0.0466667 0.00598145
11 0.614135 0.239167 0.0245208 0.0366667 0.00584412
0 0.115917 0.54 0.0119818 0.0316667 0.00572968
0 0.0383486 0.5125 0.0330892 0.05 0.0050621
28 0.0559382 0.626667 0.0848477 0.17 0.0050621
0 0.0232321 0.568333 0.0283522 0.159167 0.0049057
56 0.982505 0.62 0.0222917 0.03 0.00443268
0 0.0894453 0.519167 0.0331588 0.0608333 0.00443268
9 0.206895 0.4275 0.02675 0.0566667 0.00421524
28 0.153116 0.612917 0.0710547 0.175833 0.00421524
0 0.0350745 0.524167 0.0415879 0.07 0.00413513
1 0.982505 0.62 0.0222917 0.03 0.00407028
0 0.0830365 0.522917 0.0370599 0.0616666 0.00379562
2 0.736182 0.561667 0.0189479 0.0383334 0.00376511
0 0.280875 0.44625 0.0384531 0.0908333 0.00372124
74 0.952411 0.470417 0.0211771 0.0308333 0.00367928
26 0.0130441 0.641667 0.0186344 0.035 0.00353813
0 0.881635 0.576667 0.013375 0.06 0.00342941
26 0.905042 0.626667 0.0111459 0.0491667 0.00340271
1 0.188643 0.608333 0.0261927 0.0983334 0.00329781
11 0.953526 0.469167 0.0222917 0.0325 0.00309944
0 0.424378 0.465 0.0607448 0.123333 0.00287819
0 0.872719 0.609583 0.0167187 0.0608333 0.00282288
9 0.916187 0.373333 0.0156042 0.0516667 0.00274658
0 0.873833 0.623333 0.02675 0.0983333 0.00273705
26 0.935693 0.560833 0.0111458 0.0233334 0.00270462
16 0.889995 0.649583 0.0222917 0.0441667 0.00268364
0 0.914516 0.550833 0.0222918 0.0466667 0.00266266
0 0.089306 0.600833 0.0395677 0.224167 0.0026207
0 0.830365 0.565833 0.0111459 0.0333334 0.00255013
0 0.284706 0.434583 0.035806 0.0741667 0.00248146
0 0.951854 0.593333 0.0200624 0.0716667 0.00247192
0 0.859344 0.611667 0.0178333 0.0816666 0.0024147
13 0.991979 0.611667 0.013375 0.0466667 0.00237846
26 0.0150991 0.64 0.0190524 0.045 0.00236893
0 0.746771 0.386667 0.00891666 0.02 0.00233269
13 0.0112155 0.614167 0.0221523 0.0883333 0.00233269
1 0.206337 0.592083 0.0337162 0.0791667 0.00231361
1 0.205919 0.625833 0.0373385 0.0683333 0.00225258
0 0.344964 0.455833 0.0312083 0.0583333 0.00224304
0 0.463109 0.481667 0.0423542 0.0508333 0.00220871
0 0.280318 0.460833 0.0390104 0.0766667 0.00216484
0 0.704417 0.426667 0.0167187 0.0333333 0.00215721
0 0.147961 0.505833 0.0189479 0.0433333 0.00214958
74 0.614135 0.239167 0.0245208 0.0366667 0.00211525
0 0.927333 0.6025 0.0222917 0.055 0.00208282
74 0.0838027 0.39875 0.0101706 0.03 0.00204277
1 0.182234 0.605 0.0351094 0.125 0.00202751
56 0.985849 0.617917 0.0245209 0.0341667 0.00199509
0 0.0479619 0.521667 0.0202715 0.03 0.00195694
1 0.984177 0.611667 0.0278646 0.0458333 0.00189686
0 0.88275 0.555833 0.0178333 0.0316667 0.00188923
74 0.23462 0.180833 0.062974 0.0758333 0.00185299
74 0.198953 0.62125 0.0468125 0.148333 0.00183868
26 0.00582544 0.541667 0.0116509 0.04 0.00183105
26 0.88888 0.635833 0.02675 0.0725 0.00182438
0 0.0113548 0.604167 0.02264 0.105 0.00181007
9 0.918417 0.363333 0.0178333 0.0716666 0.00179577
9 0.0827578 0.398333 0.0147682 0.0341667 0.00179577
0 0.78188 0.53625 0.013375 0.0316667 0.00173378
60 0.677667 1 0.614135 0 0.0017004
4 0.53082 0.510104 0.612464 0.553125 0.00169373
1 0.0118424 0.617083 0.0229186 0.0858333 0.00168133
0 0.45475 0.484583 0.0624167 0.0641667 0.00164223
0 0.416018 0.465833 0.0423542 0.12 0.00163555
13 0.155206 0.61375 0.0735625 0.1775 0.00162888
0 0.404594 0.478333 0.131521 0.175 0.00162315
1 0.898354 0.636667 0.0200624 0.0616667 0.00161648
0 0.56788 0.545 0.0278646 0.0866666 0.00161076
13 0.872719 0.6475 0.0289791 0.0491666 0.00156689
60 0.0613021 0.6225 0.103378 0.183333 0.00154305
26 0.888323 0.5875 0.013375 0.045 0.00150108
0 0.315427 0.465 0.0540573 0.0866667 0.00149536
28 0.0550326 0.655 0.0891667 0.114167 0.00148964
13 0.0620684 0.619167 0.0959935 0.186667 0.00148392
26 0.886094 0.645 0.0312083 0.055 0.0014782
60 0.302052 1 0.60076 0 0.0014782
0 0.542245 0.385833 0.02675 0.0658333 0.00142097
6 0.53082 0.510104 0.612464 0.553125 0.00141048
0 0.466453 0.489167 0.0390104 0.0466667 0.00140476
0 0.339391 0.454583 0.0378958 0.0616667 0.00138855
74 0.916187 0.367917 0.0200624 0.0616666 0.00135612
1 0.991979 0.611667 0.013375 0.0466667 0.00134087
0 0.357781 0.46625 0.0691042 0.0791667 0.00133038
0 0.454193 0.519167 0.0679896 0.0833333 0.00130939
56 0.0110413 0.615 0.0218737 0.0833333 0.00130939
56 0.885536 0.62625 0.0312083 0.0925 0.00130463
0 0.95074 0.6025 0.0200625 0.0516667 0.0012846
9 0.208984 0.448333 0.0261927 0.0183333 0.00127888
1 0.178333 0.614167 0.0289792 0.1025 0.00127888
0 0.0486237 0.515833 0.0210378 0.04 0.00127411
0 0.116753 0.533333 0.017276 0.0483333 0.00124454
26 0.0328105 0.685 0.0394284 0.05 0.00124454
0 0.828135 0.564167 0.013375 0.0391666 0.00122547
0 0.707203 0.429167 0.0178333 0.0333334 0.00121593
0 0.419919 0.476667 0.0529427 0.095 0.00121593
0 0.398742 0.4875 0.0713333 0.118333 0.0012064
56 0.884979 0.6425 0.0323229 0.06 0.0012064
11 0.610792 0.239167 0.0323229 0.0416667 0.0011692
0 0.336604 0.458333 0.0490417 0.0666666 0.0011692
0 0.476484 0.534167 0.0273073 0.07 0.00112438
0 0.567323 0.5625 0.02675 0.0533334 0.00112057
13 0.0947396 0.625833 0.0409609 0.171667 0.0011158
0 0.0932767 0.525 0.035806 0.05 0.00111198
0 0.451685 0.504583 0.0696615 0.105833 0.00111198
26 0.871047 0.604167 0.013375 0.0433333 0.00109863
0 0.893896 0.616667 0.0423542 0.12 0.00109863
0 0.53918 0.38 0.0222917 0.0533334 0.00109005
0 0.477599 0.51875 0.0217344 0.0633333 0.00108624
1 0.891109 0.614583 0.0300938 0.1125 0.00108624
0 0.741198 0.433333 0.0144896 0.0316667 0.00107765
9 0.916187 0.367917 0.0200624 0.0616666 0.00106907
0 0.952411 0.5475 0.0167188 0.04 0.00106049
0 0.992536 0.563333 0.0122604 0.0383334 0.00106049
0 0.660948 0.417083 0.0211771 0.0391667 0.00104427
0 0.0695918 0.56125 0.0876341 0.1375 0.00104427
0 0.391776 0.474583 0.0835937 0.100833 0.00104046
0 0.781323 0.540833 0.013375 0.03 0.00104046
0 0.112921 0.5275 0.0254961 0.0566666 0.00104046
9 0.84151 0.363333 0.013375 0.0233334 0.00101662
5 0.531099 0.507917 0.613021 0.554167 0.810547
0 0.0181207 0.571667 0.0360672 0.17 0.446533
1 0.199789 0.625833 0.0490417 0.141667 0.394287
0 0.89724 0.605833 0.0222917 0.0933333 0.270508
0 0.0658301 0.515 0.0342734 0.045 0.256836
0 0.892224 0.614167 0.0278646 0.11 0.216064
0 0.0254613 0.515 0.02675 0.055 0.140381
0 0.888323 0.6225 0.02675 0.1 0.105591
0 0.0198622 0.518333 0.0352313 0.06 0.104858
0 0.911729 0.584167 0.0178333 0.0916666 0.101929
0 0.95074 0.580833 0.0200625 0.0983333 0.101562
0 0.00734928 0.525833 0.0146986 0.0683334 0.0900879
0 0.0856836 0.519167 0.022849 0.0516667 0.0869141
0 0.912844 0.55625 0.0178333 0.0408333 0.0772095
0 0.872162 0.568333 0.0111459 0.05 0.0759888
13 0.985292 0.619167 0.02675 0.0333333 0.0758667
9 0.0831758 0.3975 0.0105885 0.0316667 0.0753174
0 0.0298151 0.514167 0.0207591 0.0525 0.0745239
0 0.863802 0.595417 0.0245209 0.110833 0.0657349
0 0.0685469 0.514167 0.0388711 0.0566666 0.0615234
0 0.0663351 0.6 0.0495641 0.22 0.0534058
26 0.029014 0.685833 0.0307904 0.0441666 0.0524292
1 0.176104 0.615 0.0969687 0.166667 0.0514526
0 0.0160918 0.524167 0.0321836 0.07 0.0501404
0 0.95074 0.554167 0.0178333 0.0416667 0.0496826
0 0.863245 0.584583 0.0144897 0.0841667 0.0464783
0 0.871604 0.585833 0.013375 0.0783333 0.0457764
0 0.862688 0.5925 0.0189479 0.0991666 0.0440063
0 0.867146 0.593333 0.0178333 0.1 0.0419312
0 0.935693 0.584167 0.0122604 0.0716666 0.0413818
24 0.029014 0.685833 0.0307904 0.0441666 0.0402527
1 0.88888 0.636667 0.02675 0.0716667 0.0335999
0 0.010902 0.569167 0.021804 0.175 0.0333252
0 0.0544578 0.600833 0.0833499 0.22 0.0333252
1 0.200068 0.604167 0.0429115 0.106667 0.0321045
0 0.874948 0.557083 0.0111459 0.035 0.0315552
0 0.935693 0.560833 0.0111458 0.0233334 0.0302124
0 0.873276 0.563333 0.0122604 0.0433333 0.0287018
0 0.934021 0.58875 0.0178333 0.0808333 0.0277405
0 0.898354 0.584167 0.0178333 0.0483334 0.0256653
1 0.985292 0.619167 0.0256354 0.0333333 0.0256653
0 0.929563 0.588333 0.0245209 0.0816667 0.0250397
9 0.206198 0.424167 0.0200625 0.0516667 0.0244293
0 0.00585156 0.541667 0.0117031 0.04 0.0243378
0 0.901141 0.600833 0.0133751 0.0833333 0.0231934
1 0.19965 0.6425 0.0431901 0.106667 0.0223694
1 0.886094 0.645 0.0312083 0.055 0.0214539
0 0.07614 0.516667 0.0338555 0.0583333 0.0211182
1 0.202158 0.627083 0.0417969 0.1125 0.0205688
0 0.902812 0.5875 0.0111458 0.0666666 0.02034
0 0.910615 0.578333 0.0178333 0.07 0.0199432
0 0.916187 0.554167 0.0178333 0.0416667 0.0186462
0 0.0169974 0.54625 0.0339948 0.1175 0.0185394
0 0.871604 0.604167 0.0156042 0.0416667 0.016922
1 0.189897 0.601667 0.0521068 0.116667 0.0163422
0 0.935693 0.558333 0.0122604 0.0316667 0.0156708
1 0.890552 0.6225 0.0245209 0.100833 0.0153046
13 0.984734 0.612917 0.02675 0.045 0.0149536
0 0.0339251 0.513333 0.022013 0.05 0.0143356
11 0.0831758 0.3975 0.0105885 0.0316667 0.0137939
0 0.938479 0.5875 0.018948 0.0816667 0.0137405
1 0.991979 0.6175 0.013375 0.04 0.0134277
0 0.922875 0.580833 0.0356667 0.1 0.0132751
9 0.202297 0.422917 0.0114245 0.0433333 0.0131226
26 0.890552 0.652083 0.0222917 0.0391667 0.0130234
0 0.941823 0.554583 0.0211771 0.0391667 0.0129242
0 0.889437 0.581667 0.0111458 0.0475 0.0127258
13 0.981948 0.62 0.0222917 0.03 0.0125732
26 0.874391 0.605 0.0167187 0.0416667 0.0117798
0 0.94851 0.569167 0.0222917 0.0716667 0.0116882
0 0.0756523 0.600833 0.0468125 0.226667 0.0115509
0 0.888323 0.587083 0.013375 0.0441667 0.0105667
26 0.928448 0.610417 0.0178333 0.0383334 0.00959778
9 0.228768 0.417083 0.02675 0.06 0.0091629
0 0.00700098 0.565833 0.014002 0.138333 0.00912476
0 0.888323 0.56875 0.00891666 0.0325 0.00905609
9 0.859344 0.354896 0.0178333 0.036875 0.00874329
56 0.984734 0.612917 0.02675 0.045 0.00844574
56 0.993094 0.611667 0.0111459 0.0466667 0.0078125
0 0.0153255 0.514167 0.0220827 0.0566666 0.00743103
1 0.205641 0.605 0.036224 0.0866667 0.00728989
11 0.614135 0.239167 0.0245208 0.0366667 0.00712204
56 0.985292 0.619167 0.02675 0.0333333 0.00706482
0 0.863245 0.5725 0.0122603 0.0633333 0.00701141
0 0.916745 0.564167 0.0178333 0.0616666 0.00695801
13 0.991979 0.6175 0.013375 0.04 0.00677109
28 0.15019 0.640833 0.0652031 0.12 0.00674438
9 0.854885 0.354896 0.0222918 0.036875 0.00671768
1 0.890552 0.652083 0.0222917 0.0391667 0.00664139
0 0.873833 0.6 0.0156041 0.0483333 0.00656509
0 0.0871465 0.51625 0.027168 0.0633333 0.00653839
0 0.883865 0.625 0.02675 0.0933333 0.00653839
56 0.991979 0.6175 0.013375 0.0383333 0.0064888
13 0.15841 0.5475 0.0699401 0.0466667 0.0064621
0 0.0382441 0.5125 0.0330195 0.05 0.00631332
0 0.874391 0.571667 0.013375 0.0591667 0.00588989
16 0.886094 0.645 0.0312083 0.055 0.00561905
0 0.116126 0.539583 0.0121211 0.0325 0.00551224
0 0.0232756 0.569167 0.0282651 0.161667 0.00526047
28 0.15322 0.6125 0.071403 0.176667 0.0051384
28 0.0589336 0.62125 0.0902812 0.1825 0.0051384
1 0.905042 0.626667 0.0111459 0.0491667 0.00492477
1 0.205641 0.617917 0.0387318 0.0791667 0.00477219
2 0.736182 0.561667 0.0189479 0.0383334 0.00452042
26 0.905042 0.626667 0.0111459 0.0491667 0.00426483
56 0.981948 0.62 0.0222917 0.03 0.00424957
0 0.0352574 0.53 0.0401076 0.0833333 0.00408554
0 0.0694002 0.595833 0.0857881 0.226667 0.00399017
26 0.0129744 0.641667 0.0187738 0.035 0.00397491
1 0.981948 0.62 0.0222917 0.03 0.00395966
0 0.0840117 0.52375 0.0345521 0.0633333 0.00379562
11 0.954083 0.469167 0.0222917 0.0333333 0.00378036
0 0.280875 0.4475 0.0384531 0.0916666 0.00372124
74 0.952411 0.470417 0.0211771 0.0308333 0.00358009
1 0.984734 0.612917 0.02675 0.045 0.00355148
9 0.206895 0.427083 0.02675 0.0566666 0.00351143
0 0.881635 0.576667 0.013375 0.06 0.00349617
0 0.0920924 0.523333 0.0337161 0.0516667 0.00332451
26 0.935693 0.560833 0.0111458 0.0233334 0.00328636
0 0.914516 0.550833 0.0222918 0.0466667 0.00316048
1 0.188086 0.6075 0.0250781 0.0983333 0.00304031
0 0.859344 0.61 0.0178333 0.085 0.00279045
0 0.872719 0.609167 0.0167187 0.06 0.00270462
0 0.0898633 0.601667 0.0387318 0.225 0.00268364
26 0.88888 0.636667 0.02675 0.0716667 0.0026722
26 0.0149598 0.64 0.0189131 0.0416667 0.00264168
13 0.0112155 0.61375 0.0222917 0.0891667 0.00261116
0 0.746771 0.38625 0.00891666 0.02 0.00259018
0 0.704417 0.426667 0.0167187 0.0333333 0.00259018
0 0.873833 0.6225 0.02675 0.1 0.00258064
0 0.830365 0.565833 0.0111459 0.0325 0.00250244
26 0.00585156 0.541667 0.0117031 0.0416667 0.00240517
1 0.206337 0.592083 0.0337162 0.08 0.00237846
0 0.344964 0.456667 0.0312083 0.0583333 0.00234222
0 0.927333 0.6025 0.0222917 0.0566666 0.00233269
74 0.614135 0.239167 0.0245208 0.0366667 0.00231361
0 0.0227706 0.577083 0.0313651 0.209167 0.00230598
16 0.890552 0.652083 0.0222917 0.0391667 0.00227928
0 0.463109 0.4825 0.0417969 0.0516667 0.00225258
0 0.424378 0.464583 0.0618594 0.124167 0.00219154
0 0.284776 0.435 0.0356667 0.0741667 0.00218201
13 0.993094 0.611667 0.0111459 0.0466667 0.00218201
74 0.23448 0.18125 0.062974 0.0758333 0.00214005
1 0.161475 0.6125 0.0861016 0.175 0.00211525
0 0.56788 0.545 0.0278646 0.0866666 0.00210762
9 0.917302 0.372917 0.0178333 0.0525 0.00209999
74 0.0838027 0.39875 0.0101706 0.03 0.00206757
0 0.951854 0.59375 0.0200624 0.0691667 0.00206757
0 0.0483451 0.521667 0.0204805 0.03 0.0020504
1 0.181956 0.605 0.0345521 0.128333 0.00201035
0 0.882193 0.555833 0.0178333 0.0316667 0.00200272
74 0.198953 0.621667 0.0470911 0.148333 0.00198746
60 0.298708 1 0.595187 0 0.0019722
60 0.685469 1 0.599646 0 0.00195694
0 0.147961 0.505417 0.0183906 0.0433333 0.00194931
0 0.781323 0.53625 0.013375 0.0316667 0.00194931
26 0.888323 0.587083 0.013375 0.0441667 0.00192642
9 0.0827578 0.398333 0.0147682 0.0341667 0.00190449
26 0.886094 0.645 0.0312083 0.055 0.00190449
0 0.0113896 0.605 0.0227793 0.103333 0.00183105
60 0.0610931 0.620833 0.103238 0.186667 0.00181007
13 0.154962 0.61375 0.0734928 0.178333 0.00171375
0 0.119539 0.531667 0.0186693 0.05 0.00168133
0 0.45475 0.485 0.0624167 0.0633333 0.00155449
28 0.0548236 0.655 0.089306 0.113333 0.00155449
0 0.315706 0.465 0.0535 0.0866667 0.00152493
1 0.0118424 0.617083 0.0230579 0.0858333 0.00151253
0 0.542523 0.385833 0.0273073 0.0666666 0.00149536
13 0.872719 0.648333 0.0289791 0.0466667 0.00149536
0 0.466453 0.49 0.0390104 0.045 0.00148392
11 0.859344 0.354896 0.0178333 0.036875 0.00146103
0 0.0716816 0.563333 0.0831758 0.144167 0.00144386
9 0.918417 0.362917 0.0178333 0.0725 0.00143242
4 0.53082 0.510417 0.612464 0.5525 0.00143242
0 0.707203 0.42875 0.0178333 0.0325 0.00140476
0 0.28199 0.4625 0.0367813 0.075 0.00138855
60 0.84162 1 0.31676 0 0.00138283
0 0.567323 0.561667 0.02675 0.055 0.00137234
0 0.783552 0.440417 0.0100313 0.025 0.00136662
1 0.178333 0.615 0.0289792 0.105 0.00135612
0 0.660948 0.417083 0.0211771 0.0391667 0.00135136
0 0.414904 0.4675 0.0406823 0.118333 0.00134087
0 0.049181 0.515833 0.0202018 0.04 0.00133514
0 0.115081 0.527917 0.022013 0.055 0.00132465
11 0.610792 0.239167 0.0334375 0.0416667 0.00131512
1 0.993094 0.611667 0.0111459 0.0466667 0.00130463
0 0.357224 0.466667 0.0674323 0.0791667 0.00129414
74 0.916745 0.367604 0.0200625 0.063125 0.0012846
56 0.0110065 0.615 0.0219434 0.0833333 0.00127888
0 0.95074 0.6025 0.0200625 0.0516667 0.00127411
0 0.476484 0.53375 0.0273073 0.0691667 0.00124454
1 0.898354 0.637083 0.0178333 0.0608334 0.00121593
0 0.894453 0.6175 0.0434688 0.123333 0.00119686
0 0.741198 0.43375 0.013375 0.0308333 0.00118828
0 0.336325 0.458333 0.049599 0.0666666 0.00118828
26 0.871047 0.604167 0.013375 0.0425 0.00117397
13 0.0617897 0.61375 0.0954362 0.1975 0.0011692
0 0.451964 0.505 0.0691042 0.105 0.00115585
0 0.659833 0.414167 0.0245208 0.0508333 0.00115108
56 0.885536 0.625833 0.0312083 0.0933333 0.00115108
0 0.786896 0.443333 0.013375 0.0316667 0.0011425
6 0.53082 0.510417 0.612464 0.5525 0.0011425
0 0.832594 0.456667 0.0156042 0.03 0.00113773
0 0.539458 0.380417 0.0222917 0.0541667 0.00113392
0 0.398464 0.488333 0.0713333 0.118333 0.00113392
0 0.952969 0.5475 0.0178333 0.04 0.00112438
0 0.828135 0.564167 0.013375 0.0383333 0.00112438
0 0.478714 0.519167 0.0189479 0.0625 0.00110722
0 0.787453 0.439167 0.0122604 0.0283333 0.00109863
0 0.879406 0.564167 0.0178333 0.0616666 0.00109482
0 0.992536 0.563333 0.0122604 0.0383334 0.00106907
0 0.397906 0.471667 0.130406 0.168333 0.00106907
25 0.84162 1 0.31676 0 0.00106525
9 0.208984 0.448333 0.0261927 0.0183333 0.00104809
14 0.247159 0.7225 0.013375 0.0166667 0.00104046
0 0.326852 0.459167 0.0562865 0.0783333 0.00102806
0 0.54949 0.391667 0.0367813 0.0583333 0.00101662
58 0.991979 0.6175 0.013375 0.04 0.00101185
0 0.391219 0.475833 0.0835938 0.1 0.00100422
5 0.531378 0.50875 0.612464 0.554167 0.801758
0 0.0180771 0.571667 0.0358757 0.17 0.458984
1 0.199789 0.625833 0.0490417 0.141667 0.420654
0 0.89724 0.605833 0.0222917 0.0933333 0.262939
0 0.0658823 0.515 0.0343083 0.045 0.260498
0 0.892224 0.61375 0.0278646 0.110833 0.20752
0 0.0260447 0.515 0.0257922 0.055 0.132568
0 0.911729 0.584167 0.0178333 0.0925 0.101562
0 0.0197751 0.518333 0.0354054 0.06 0.100891
0 0.95074 0.580833 0.0200625 0.0983333 0.100159
0 0.888323 0.622083 0.0278646 0.100833 0.0987549
0 0.00754085 0.52625 0.0150817 0.0683333 0.0953369
0 0.0857533 0.519167 0.0229883 0.0533333 0.0933228
9 0.0832454 0.397917 0.0105885 0.0308333 0.0820923
0 0.0300241 0.514167 0.0207591 0.0525 0.0778198
0 0.912844 0.55625 0.0178333 0.0416667 0.0753174
0 0.872162 0.568333 0.0111459 0.05 0.0739746
13 0.985292 0.619167 0.02675 0.0333333 0.0670776
0 0.863802 0.595417 0.0245209 0.110833 0.0657349
0 0.0686862 0.514167 0.0392891 0.0566666 0.0646362
0 0.0661958 0.6 0.0504001 0.22 0.0605164
26 0.0291272 0.685833 0.0310516 0.0441666 0.0552063
1 0.175547 0.614583 0.0980833 0.1675 0.0534058
0 0.0158828 0.524167 0.0317656 0.07 0.0515442
0 0.95074 0.554167 0.0178333 0.0416667 0.0469055
0 0.863245 0.584583 0.0144897 0.0841667 0.0464783
0 0.862688 0.5925 0.0189479 0.0991666 0.0437622
0 0.871604 0.585833 0.013375 0.0783333 0.0417786
0 0.93625 0.583333 0.0122603 0.07 0.0412292
24 0.0291272 0.685833 0.0310516 0.0441666 0.0402527
0 0.0542837 0.600833 0.0831409 0.221667 0.0401001
0 0.867146 0.593333 0.0178333 0.1 0.0400085
0 0.0109543 0.569167 0.0219085 0.176667 0.033905
1 0.889437 0.636667 0.02675 0.0716667 0.0325928
1 0.200068 0.604167 0.0429115 0.108333 0.0316162
0 0.874948 0.557083 0.0111459 0.035 0.0303802
0 0.935693 0.560833 0.0111458 0.0233334 0.0292053
0 0.873276 0.563333 0.0122604 0.0433333 0.0276337
1 0.985292 0.619167 0.0256354 0.0333333 0.0273743
0 0.934021 0.58875 0.0178333 0.0808333 0.0269165
1 0.199789 0.642083 0.0434688 0.1075 0.0252686
0 0.929563 0.588333 0.0245209 0.0825 0.0244751
9 0.206198 0.424167 0.0200625 0.0516667 0.024231
0 0.898354 0.584167 0.0178333 0.0483334 0.0241852
0 0.00588639 0.541667 0.0117728 0.04 0.0238647
1 0.202297 0.626667 0.0417969 0.113333 0.0222931
1 0.886094 0.644583 0.0312083 0.0549999 0.0222931
0 0.076349 0.517083 0.0342734 0.0591667 0.0221558
0 0.901141 0.600833 0.0133751 0.0833333 0.021286
0 0.916187 0.554167 0.0178333 0.0416667 0.018692
0 0.910615 0.578333 0.0178333 0.07 0.018692
0 0.902812 0.5875 0.0111458 0.0666666 0.0184021
0 0.0169103 0.546667 0.0338206 0.118333 0.0177155
1 0.890552 0.6225 0.0245209 0.101667 0.0165253
1 0.189897 0.601667 0.0521068 0.116667 0.0164032
0 0.03396 0.513333 0.0220827 0.05 0.0160217
0 0.871604 0.604167 0.0156042 0.0416667 0.0155411
0 0.935693 0.558333 0.0122604 0.0316667 0.0151291
11 0.0832454 0.397917 0.0105885 0.0308333 0.0142822
0 0.922318 0.580833 0.0345521 0.100833 0.0134277
1 0.991979 0.6175 0.013375 0.04 0.0132751
26 0.890552 0.653333 0.0211771 0.0383334 0.0132751
13 0.984734 0.6125 0.02675 0.045 0.0130692
0 0.938479 0.5875 0.018948 0.0816667 0.012825
9 0.202297 0.423333 0.0117031 0.0433333 0.0125732
0 0.941823 0.554583 0.0211771 0.0391667 0.0119629
0 0.0756698 0.600833 0.0467777 0.226667 0.0118713
0 0.889437 0.581667 0.0111458 0.0475 0.0114212
0 0.949068 0.566667 0.0211771 0.0666666 0.0113297
13 0.981948 0.62 0.0211771 0.0291667 0.0112915
26 0.874391 0.605 0.0167187 0.0416667 0.0107803
26 0.928448 0.611667 0.0178333 0.0366667 0.0104065
9 0.228768 0.416667 0.0273073 0.06 0.0103302
9 0.859344 0.354896 0.0178333 0.036875 0.0100937
0 0.888323 0.586667 0.013375 0.0433334 0.00926971
0 0.0236849 0.513333 0.0357363 0.0533334 0.00908661
0 0.00705322 0.565417 0.0141064 0.1425 0.00894928
9 0.854885 0.355 0.0222918 0.0375 0.00861359
0 0.888323 0.568333 0.00891666 0.0316667 0.00844574
0 0.0150817 0.515 0.0218737 0.0583333 0.00793457
11 0.614135 0.239167 0.0245208 0.0366667 0.00757599
56 0.984734 0.6125 0.02675 0.045 0.00757599
1 0.205641 0.605 0.036224 0.0866667 0.00728989
0 0.0382441 0.5125 0.0327409 0.05 0.00714874
0 0.916745 0.564167 0.0178333 0.0616666 0.0069046
56 0.993094 0.611667 0.0111459 0.0466667 0.0069046
0 0.863245 0.5725 0.0122603 0.0633333 0.0068512
13 0.15841 0.5475 0.0699401 0.0458333 0.00677109
1 0.890552 0.653333 0.0211771 0.0383334 0.00641251
56 0.985292 0.619167 0.02675 0.0333333 0.00636292
0 0.883865 0.625 0.02675 0.0941666 0.00612259
28 0.15019 0.640833 0.0652031 0.12 0.00605011
13 0.991979 0.6175 0.013375 0.04 0.00568771
0 0.873833 0.6 0.0156041 0.0483333 0.00564194
0 0.874391 0.571667 0.013375 0.0583333 0.00540543
0 0.116265 0.539583 0.0125391 0.0325 0.00540543
1 0.905042 0.626667 0.0111459 0.0491667 0.00521851
0 0.0233018 0.57 0.0283522 0.163333 0.00519943
1 0.205641 0.6175 0.0390104 0.08 0.00510025
2 0.73674 0.561667 0.0178333 0.0383334 0.00484848
28 0.153534 0.6125 0.0718906 0.176667 0.00475693
16 0.886094 0.644583 0.0312083 0.0549999 0.00471878
0 0.0727092 0.595833 0.0788916 0.226667 0.00462723
26 0.905042 0.626667 0.0111459 0.0491667 0.00438309
0 0.03524 0.5325 0.0398638 0.0883333 0.00432968
0 0.0900026 0.519167 0.0328802 0.0616667 0.00432968
11 0.954083 0.469167 0.0222917 0.0333333 0.00429916
1 0.981948 0.62 0.0211771 0.0291667 0.00408554
28 0.0587943 0.619167 0.0900026 0.186667 0.00402451
0 0.0847083 0.523333 0.0331589 0.0633333 0.00395966
26 0.012957 0.641667 0.0188086 0.035 0.00390053
56 0.981948 0.62 0.0211771 0.0291667 0.00382423
1 0.984734 0.6125 0.02675 0.045 0.00374985
0 0.280875 0.4475 0.0384531 0.0933333 0.0036068
0 0.881635 0.577083 0.013375 0.0616666 0.00346947
26 0.935693 0.560833 0.0111458 0.0233334 0.00344276
9 0.207034 0.427083 0.02675 0.0566666 0.00338936
74 0.952411 0.47 0.0211771 0.03 0.00328636
0 0.914516 0.550833 0.0222918 0.0466667 0.00322342
1 0.187807 0.607917 0.0245208 0.0975 0.00294685
26 0.889437 0.636667 0.02675 0.0716667 0.00279045
0 0.0902116 0.601667 0.0384531 0.226667 0.00274658
0 0.859344 0.61 0.0178333 0.085 0.00268364
26 0.015012 0.640833 0.0190872 0.0433333 0.00266266
0 0.746771 0.38625 0.00891666 0.02 0.00257111
0 0.927333 0.602083 0.0222917 0.0566667 0.00257111
13 0.0112503 0.61375 0.0223613 0.0891667 0.00254059
0 0.704417 0.426667 0.0156042 0.0333333 0.00247192
1 0.206198 0.592083 0.0339948 0.08 0.00243378
0 0.56788 0.545 0.0278646 0.0866666 0.0024147
0 0.830365 0.56625 0.0111459 0.0325 0.00237846
0 0.0227096 0.578333 0.0319049 0.215 0.00235939
0 0.872719 0.609167 0.0167187 0.06 0.00235939
0 0.873833 0.6225 0.02675 0.1 0.00234985
74 0.614135 0.239167 0.0245208 0.0366667 0.00232315
74 0.23448 0.180833 0.062974 0.0758333 0.00231361
0 0.344964 0.456667 0.0312083 0.0583333 0.00228691
26 0.00586898 0.540417 0.011738 0.0433333 0.00228691
1 0.160744 0.6125 0.084778 0.175 0.00226021
0 0.463109 0.481667 0.0423542 0.0516667 0.00218201
56 0.991979 0.6175 0.013375 0.04 0.00218201
26 0.888323 0.586667 0.013375 0.0433334 0.00211525
1 0.181956 0.605 0.0345521 0.13 0.00209045
0 0.951854 0.5925 0.0200624 0.0716667 0.00208282
60 0.061006 0.62 0.103134 0.188333 0.00208282
9 0.917302 0.372917 0.0178333 0.0525 0.0020504
74 0.0838027 0.39875 0.0103099 0.03 0.00204277
0 0.284776 0.435 0.036224 0.075 0.00198746
0 0.0484147 0.521667 0.0206198 0.03 0.0019722
0 0.147961 0.505417 0.0186693 0.0433333 0.00196457
0 0.119609 0.53125 0.0188086 0.05 0.00196457
0 0.88275 0.555833 0.0178333 0.0316667 0.00193405
74 0.198953 0.621667 0.0473698 0.148333 0.00191879
0 0.0114419 0.605 0.0228141 0.103333 0.00190449
16 0.890552 0.653333 0.0211771 0.0383334 0.00190449
0 0.781323 0.536667 0.013375 0.0316667 0.00189686
26 0.886094 0.644583 0.0312083 0.0549999 0.00187492
9 0.0827578 0.398333 0.0147682 0.0341667 0.00186729
13 0.993094 0.611667 0.0111459 0.0466667 0.00183868
0 0.424378 0.464583 0.0624167 0.125833 0.0018034
60 0.292021 1 0.582927 0 0.00172043
13 0.154927 0.61375 0.0732839 0.178333 0.00168705
60 0.692713 1 0.586271 0 0.00165462
11 0.859344 0.354896 0.0178333 0.036875 0.0015974
0 0.115499 0.527917 0.0217344 0.055 0.00159168
0 0.0720996 0.564167 0.0823398 0.146667 0.00154877
0 0.567323 0.560833 0.02675 0.0566667 0.00154877
60 0.841063 1 0.317875 0 0.00150108
1 0.0118599 0.617083 0.0230928 0.0858333 0.00149536
11 0.610792 0.239375 0.0334375 0.0416667 0.00146103
0 0.542802 0.385833 0.0278646 0.0666666 0.00145531
0 0.466453 0.49 0.0390104 0.045 0.00141621
1 0.178333 0.615 0.0289792 0.105 0.00141621
0 0.28192 0.4625 0.0369206 0.075 0.00139904
9 0.918417 0.362917 0.0178333 0.0725 0.00139427
0 0.339669 0.455 0.0390104 0.0616667 0.00138283
0 0.783552 0.440833 0.0100313 0.025 0.00136662
0 0.45475 0.485 0.0624167 0.0633333 0.00136185
0 0.660948 0.417083 0.0211771 0.0391667 0.00135612
0 0.89501 0.617917 0.0445833 0.124167 0.00135612
0 0.315427 0.465417 0.0546146 0.0866667 0.00135136
13 0.872719 0.648333 0.0289791 0.0466667 0.00133514
0 0.0493203 0.515833 0.0200625 0.04 0.00131512
1 0.993094 0.611667 0.0111459 0.0466667 0.00131512
28 0.0546842 0.654583 0.089306 0.115 0.00131512
0 0.707203 0.42875 0.0178333 0.0325 0.00128937
0 0.476484 0.53375 0.0273073 0.0691667 0.00128937
0 0.95074 0.6025 0.0200625 0.0516667 0.00126457
1 0.898354 0.637083 0.018948 0.0616666 0.00126457
24 0.0324709 0.684167 0.0387144 0.0516666 0.00126457
0 0.356945 0.467083 0.0685469 0.08 0.00124454
0 0.935693 0.580833 0.0178333 0.0925 0.00123978
74 0.916745 0.3675 0.0200625 0.0625 0.0012207
0 0.741198 0.43375 0.013375 0.0308333 0.00119686
0 0.832594 0.456667 0.0156042 0.03 0.00118351
4 0.525247 0.508437 0.601318 0.553125 0.00117874
0 0.780766 0.540833 0.0122604 0.0283333 0.00116062
26 0.871047 0.604167 0.013375 0.0425 0.00116062
56 0.0110413 0.615 0.022013 0.0833333 0.00116062
0 0.415182 0.467917 0.0423542 0.120833 0.00115585
25 0.841063 1 0.317875 0 0.0011425
0 0.659833 0.414167 0.0245208 0.0516667 0.00113392
0 0.479271 0.519167 0.0183906 0.0616667 0.00112057
0 0.53918 0.38 0.0228489 0.0533334 0.00110722
0 0.786896 0.44375 0.013375 0.0316667 0.00109863
0 0.335768 0.458333 0.0507135 0.0666666 0.00109482
0 0.345799 0.460833 0.0384531 0.0683333 0.00106907
0 0.952969 0.546667 0.0178333 0.04 0.00106907
38 0.198953 0.620833 0.0473698 0.15 0.00105667
0 0.828135 0.564167 0.013375 0.0383333 0.00104046
0 0.451964 0.505417 0.0691042 0.105 0.00104046
0 0.787453 0.439167 0.0122604 0.0291666 0.00103664
0 0.879406 0.564167 0.0178333 0.0616666 0.00103188
0 0.54949 0.391667 0.0367813 0.0583333 0.00102425
0 0.391776 0.47625 0.0847083 0.1025 0.00102043
9 0.208984 0.448333 0.0261927 0.0183333 0.00101662
0 0.992536 0.56375 0.0122604 0.0383333 0.00101185
9 0.952969 0.47 0.0211771 0.03 0.00100803
14 0.247159 0.722917 0.0130964 0.0158333 0.00100803
5 0.531099 0.509062 0.611906 0.553542 0.799316
0 0.0179117 0.571667 0.0356493 0.17 0.479492
1 0.19951 0.625833 0.0493203 0.141667 0.443604
0 0.0658301 0.515 0.0342734 0.0458333 0.265137
0 0.89724 0.605833 0.0222917 0.0933333 0.260498
0 0.892224 0.61375 0.0278646 0.110833 0.206909
0 0.0261927 0.515 0.0256354 0.055 0.132568
0 0.95074 0.580833 0.0200625 0.0983333 0.115173
0 0.0858229 0.519167 0.0234063 0.0533333 0.106689
0 0.911729 0.58375 0.0178333 0.0933333 0.106323
0 0.888323 0.621667 0.0278646 0.101667 0.104126
0 0.0196794 0.518333 0.0356667 0.06 0.103027
0 0.00762793 0.52625 0.0152559 0.0683333 0.102661
9 0.0832454 0.397917 0.0105885 0.0308333 0.0933228
0 0.0301634 0.514167 0.0207591 0.0525 0.0813599
0 0.912844 0.55625 0.0178333 0.0416667 0.0743408
0 0.872162 0.568333 0.0111459 0.0491667 0.0738525
0 0.863802 0.595417 0.0245209 0.110833 0.0696411
0 0.0659172 0.6 0.0506787 0.22 0.0680542
0 0.0689648 0.514167 0.039707 0.0566666 0.0648804
26 0.0291882 0.685833 0.0312083 0.0441666 0.0579224
1 0.175268 0.614583 0.0986406 0.1675 0.0562439
13 0.985292 0.619167 0.02675 0.0325 0.0549927
0 0.0157435 0.524167 0.031487 0.07 0.053894
0 0.863245 0.584583 0.0144897 0.0841667 0.0482178
0 0.054127 0.600833 0.0826185 0.221667 0.0476074
0 0.862688 0.5925 0.0189479 0.1 0.045105
0 0.95074 0.554167 0.0178333 0.0416667 0.0429688
24 0.0291882 0.685833 0.0312083 0.0441666 0.0427246
0 0.93625 0.585 0.0122603 0.0741666 0.0418396
0 0.871604 0.585833 0.013375 0.0783333 0.0397949
0 0.867146 0.59375 0.0178333 0.100833 0.0380249
0 0.0109543 0.568333 0.0219085 0.176667 0.0353394
1 0.889437 0.636667 0.02675 0.0716667 0.0328369
1 0.199928 0.604167 0.0431901 0.1075 0.0323486
1 0.985292 0.619167 0.0256354 0.0333333 0.0309143
0 0.874948 0.557083 0.0111459 0.035 0.0307312
1 0.199789 0.6425 0.0434688 0.106667 0.0285492
0 0.935693 0.560833 0.0111458 0.0233334 0.0282135
0 0.934021 0.58875 0.0178333 0.0808333 0.0282135
0 0.0787871 0.516667 0.0305117 0.06 0.0278015
0 0.873276 0.563333 0.0122604 0.0433333 0.0276947
1 0.886094 0.644583 0.0312083 0.0549999 0.0254669
0 0.929563 0.588333 0.0245209 0.0825 0.0252686
0 0.00592122 0.540833 0.0118424 0.0416667 0.0251312
9 0.206198 0.424167 0.0200625 0.0516667 0.0243378
1 0.202297 0.625833 0.0417969 0.111667 0.0236053
0 0.898354 0.584167 0.0178333 0.0483334 0.0231476
0 0.901141 0.60125 0.0133751 0.0841667 0.0211639
0 0.916187 0.554167 0.0178333 0.0416667 0.0191193
0 0.910615 0.5775 0.0178333 0.07 0.0180511
1 0.189897 0.601667 0.0521068 0.116667 0.0178528
0 0.0340296 0.513333 0.0220827 0.05 0.0175171
0 0.0168929 0.546667 0.0337858 0.118333 0.0174408
0 0.902812 0.5875 0.0122604 0.0666666 0.0174408
1 0.890552 0.621667 0.0245209 0.101667 0.0157166
0 0.871604 0.604167 0.0156042 0.0416667 0.0152512
0 0.922318 0.580833 0.0345521 0.101667 0.0146713
11 0.0832454 0.397917 0.0105885 0.0308333 0.0142822
0 0.935693 0.558333 0.0122604 0.0316667 0.0139542
1 0.993094 0.617083 0.0111459 0.0408333 0.0134811
26 0.890552 0.65375 0.0211771 0.0366667 0.0134811
0 0.938479 0.587083 0.0178333 0.0825 0.012825
0 0.0764186 0.600833 0.0461159 0.226667 0.0127258
9 0.202297 0.422917 0.0117031 0.0433333 0.0126724
9 0.227932 0.4175 0.0273073 0.0583333 0.0121918
0 0.949068 0.570833 0.0211771 0.075 0.0117798
0 0.941823 0.555 0.0211771 0.04 0.011116
9 0.859344 0.354896 0.0178333 0.036875 0.0110703
0 0.889437 0.581667 0.0111458 0.0475 0.0108566
26 0.928448 0.611667 0.0178333 0.0366667 0.0107803
13 0.984734 0.6125 0.02675 0.045 0.0103683
26 0.874391 0.605 0.0167187 0.0416667 0.0103302
0 0.0236239 0.513333 0.0362065 0.0533334 0.00926971
9 0.854885 0.355 0.0222918 0.0375 0.00926971
13 0.980833 0.62 0.0200625 0.0283333 0.00919342
0 0.00708805 0.564583 0.0141761 0.143333 0.00888062
0 0.888323 0.586667 0.013375 0.0433334 0.00888062
0 0.0148379 0.515 0.0217344 0.0583333 0.00867462
0 0.888323 0.568333 0.00891666 0.0316667 0.00821686
0 0.0383486 0.5125 0.0325319 0.05 0.00800323
11 0.614135 0.239167 0.0245208 0.0366667 0.00796509
1 0.20578 0.605 0.0365026 0.0866667 0.00793457
0 0.916745 0.565833 0.0178333 0.0666667 0.00751877
0 0.863245 0.5725 0.0122603 0.0633333 0.0069313
13 0.15841 0.5475 0.0699401 0.0458333 0.0069046
1 0.890552 0.65375 0.0211771 0.0366667 0.00679779
28 0.15019 0.640833 0.0652031 0.12 0.00643921
0 0.883865 0.625 0.0278646 0.0941666 0.00641251
0 0.0901419 0.519167 0.0331589 0.0616667 0.00631332
56 0.984734 0.6125 0.02675 0.045 0.00621796
0 0.116335 0.539167 0.0126784 0.0333333 0.00616837
2 0.73674 0.561667 0.0178333 0.0375 0.00591278
1 0.205501 0.6175 0.0390104 0.08 0.00584412
56 0.993651 0.611667 0.0100313 0.0475 0.00568771
56 0.985292 0.619167 0.02675 0.0325 0.00568771
1 0.905042 0.626667 0.0111459 0.0491667 0.0055542
0 0.874391 0.605 0.0167187 0.0416667 0.00547028
0 0.0232321 0.57 0.0285612 0.165 0.00542831
0 0.874391 0.570833 0.013375 0.0566667 0.00518036
0 0.0361543 0.524583 0.0384531 0.0716666 0.00481033
11 0.954083 0.469167 0.0222917 0.0333333 0.00448608
28 0.153569 0.6125 0.071821 0.176667 0.00446701
26 0.905042 0.626667 0.0111459 0.0491667 0.00443268
13 0.993094 0.617083 0.0111459 0.0408333 0.00441742
0 0.0856836 0.5225 0.0320443 0.0616667 0.00438309
16 0.886094 0.644583 0.0312083 0.0549999 0.00432968
1 0.980833 0.62 0.0200625 0.0283333 0.00411606
26 0.0129744 0.641667 0.0189131 0.035 0.00400543
1 0.984734 0.6125 0.02675 0.045 0.0039444
0 0.280875 0.4475 0.0384531 0.0933333 0.00362206
0 0.881635 0.5775 0.013375 0.0616667 0.00345612
56 0.980833 0.62 0.0200625 0.0283333 0.00332451
0 0.927333 0.601667 0.0222917 0.0575 0.00328636
1 0.188365 0.608333 0.0259141 0.0966666 0.00327301
28 0.0588117 0.6175 0.0899678 0.19 0.00327301
9 0.207034 0.4275 0.02675 0.0566667 0.00324821
26 0.935693 0.560833 0.0111458 0.0233334 0.00323486
0 0.914516 0.550833 0.0222918 0.0466667 0.00321007
74 0.952411 0.47 0.0211771 0.03 0.00311089
0 0.0905599 0.600833 0.0378958 0.226667 0.00309944
26 0.0148727 0.64125 0.0192962 0.0416666 0.00292397
26 0.889437 0.636667 0.02675 0.0716667 0.0028553
0 0.859344 0.610417 0.0178333 0.0833333 0.00270462
0 0.873833 0.6225 0.02675 0.0983333 0.00269318
0 0.147961 0.505417 0.0186693 0.0433333 0.00266266
1 0.206337 0.591667 0.0337162 0.0783333 0.00264168
0 0.951854 0.590833 0.0200624 0.075 0.0026207
0 0.746771 0.386667 0.00891666 0.02 0.00255013
0 0.704417 0.426667 0.0167187 0.0333333 0.00254059
74 0.23448 0.180833 0.062974 0.0758333 0.00253105
0 0.0228141 0.578333 0.0319049 0.215 0.00250244
0 0.119539 0.53125 0.0189479 0.05 0.00247192
74 0.614135 0.239167 0.0245208 0.0366667 0.0024147
0 0.567323 0.545 0.0289792 0.0866666 0.0024147
9 0.917302 0.372917 0.0178333 0.0525 0.00240517
0 0.872719 0.609167 0.0167187 0.06 0.00236893
0 0.344964 0.456667 0.0312083 0.0583333 0.00234222
26 0.888323 0.586667 0.013375 0.0433334 0.00230598
1 0.181816 0.605833 0.0345521 0.13 0.00230598
0 0.0114593 0.604583 0.022849 0.1025 0.00227928
13 0.0114767 0.611667 0.0228838 0.0916667 0.00226021
0 0.830365 0.56625 0.0111459 0.0333333 0.00221634
60 0.0610931 0.619583 0.10296 0.189167 0.00219154
0 0.463109 0.481667 0.0423542 0.0516667 0.00218201
26 0.00590381 0.53875 0.0118076 0.0466667 0.00214958
0 0.115081 0.5275 0.022849 0.0566666 0.00214005
74 0.0837331 0.39875 0.0103099 0.03 0.00204277
0 0.284776 0.435417 0.036224 0.075 0.00195694
0 0.0483451 0.521667 0.0206198 0.03 0.00194931
0 0.88275 0.555833 0.0178333 0.0316667 0.00192642
74 0.198674 0.621667 0.0473698 0.148333 0.00189686
9 0.0827578 0.398333 0.0147682 0.0333333 0.00186062
0 0.781323 0.536667 0.013375 0.0316667 0.00186062
26 0.886094 0.644583 0.0312083 0.0549999 0.00185299
0 0.0727091 0.565 0.0811208 0.148333 0.00171375
16 0.890552 0.65375 0.0211771 0.0366667 0.00170708
13 0.154892 0.61375 0.0730749 0.178333 0.00170708
11 0.610792 0.239375 0.0334375 0.0416667 0.00165462
0 0.567323 0.561667 0.02675 0.055 0.00165462
0 0.424378 0.465 0.0624167 0.126667 0.00161648
9 0.918417 0.363229 0.0178333 0.071875 0.00161076
1 0.0118947 0.617083 0.0230928 0.0858333 0.0015974
11 0.859344 0.354896 0.0178333 0.036875 0.00154877
0 0.542523 0.385833 0.0273073 0.0666666 0.0014782
1 0.178194 0.615 0.0287005 0.104167 0.0014782
0 0.95074 0.6025 0.0200625 0.0516667 0.00143242
0 0.89501 0.618333 0.0445833 0.125 0.00143242
0 0.281502 0.461667 0.0377565 0.0766667 0.00142097
0 0.466453 0.49 0.0390104 0.045 0.00141621
0 0.660948 0.417083 0.0211771 0.0391667 0.00141048
0 0.339391 0.455 0.040125 0.0616667 0.00139904
1 0.898354 0.6375 0.018948 0.0608333 0.00139904
60 0.84162 1 0.31676 0 0.00137806
0 0.0491113 0.515833 0.0202018 0.04 0.00137234
0 0.476484 0.534167 0.02675 0.0683333 0.00133038
60 0.287841 1 0.573453 0 0.00132465
0 0.707203 0.428333 0.0178333 0.0333333 0.00131989
0 0.315427 0.465417 0.0557292 0.0875 0.00131989
0 0.454471 0.485 0.062974 0.065 0.00129986
0 0.783552 0.440833 0.0100313 0.025 0.00129414
12 0.22849 0.416667 0.0261927 0.06 0.00126934
0 0.356667 0.4675 0.0691042 0.0816667 0.00124931
26 0.871047 0.604167 0.013375 0.0425 0.00124931
0 0.229326 0.417083 0.0278646 0.0608333 0.00124454
13 0.872719 0.648333 0.0300938 0.0475 0.0012207
0 0.741198 0.43375 0.0144896 0.0308333 0.00121593
4 0.524969 0.50875 0.599646 0.5525 0.0012064
0 0.479271 0.519167 0.0183906 0.0616667 0.00118828
0 0.53918 0.379583 0.0228489 0.0525 0.00117397
0 0.659833 0.414167 0.0245208 0.0508333 0.0011692
28 0.0546146 0.655 0.0894453 0.113333 0.0011692
9 0.884979 0.151042 0.0334375 0.0195833 0.00116539
9 0.952969 0.47 0.0211771 0.03 0.00115585
60 0.696057 1 0.579583 0 0.00114727
74 0.916745 0.367396 0.0200625 0.061875 0.0011425
0 0.780766 0.540833 0.0122604 0.0283333 0.00112057
14 0.247159 0.722917 0.0130964 0.0158333 0.00109482
0 0.392055 0.476667 0.0863802 0.105 0.00109005
0 0.832594 0.456667 0.0156042 0.03 0.00108624
0 0.41574 0.4675 0.0434688 0.123333 0.00108147
0 0.786896 0.44375 0.013375 0.0316667 0.00107288
25 0.84162 1 0.31676 0 0.00107288
0 0.54949 0.391667 0.0367813 0.0583333 0.00106525
56 0.0109717 0.615 0.021804 0.0833333 0.00104809
38 0.198674 0.620417 0.0476484 0.150833 0.00104809
9 0.208984 0.448333 0.0261927 0.0183333 0.00102806
0 0.346078 0.460833 0.0390104 0.0683333 0.00102425
0 0.952969 0.546667 0.0178333 0.0383333 0.00102043
0 0.897797 0.553333 0.0167188 0.03 0.00100803
0 0.451964 0.505833 0.0702188 0.106667 0.00100803
5 0.531378 0.509062 0.611349 0.553542 0.796875
0 0.0178333 0.571667 0.0355273 0.17 0.500977
1 0.199092 0.625833 0.0498776 0.141667 0.457031
0 0.0654992 0.514167 0.03396 0.0483334 0.276611
0 0.89724 0.605833 0.0222917 0.0925 0.262939
0 0.892224 0.61375 0.0278646 0.11 0.209473
0 0.0263233 0.515 0.0253742 0.0541667 0.135742
0 0.95074 0.580833 0.0200625 0.0983333 0.118408
0 0.0855443 0.5175 0.0222917 0.0566666 0.117188
0 0.888323 0.621667 0.0278646 0.101667 0.11084
0 0.911729 0.58375 0.0178333 0.0933333 0.10968
0 0.00766276 0.525833 0.0153255 0.0683334 0.109314
0 0.0196097 0.518333 0.035806 0.06 0.106323
9 0.0831758 0.397917 0.0105885 0.0308333 0.100891
0 0.0302331 0.514167 0.0207591 0.0525 0.0859985
0 0.872162 0.568333 0.0111459 0.0491667 0.0757446
0 0.912844 0.55625 0.0178333 0.0416667 0.0755615
0 0.0656385 0.6 0.0509574 0.22 0.0755615
0 0.863802 0.595 0.0245209 0.111667 0.0742188
26 0.0292578 0.685833 0.0313477 0.0441666 0.0632324
0 0.0157087 0.524167 0.0314173 0.07 0.0568542
1 0.174572 0.614167 0.100034 0.168333 0.0566406
0 0.0539876 0.6 0.0820612 0.221667 0.0546875
0 0.863245 0.584583 0.0144897 0.0841667 0.0527039
13 0.985292 0.619167 0.02675 0.0325 0.0507202
24 0.0292578 0.685833 0.0313477 0.0441666 0.0484924
0 0.862688 0.5925 0.0189479 0.1 0.0483093
0 0.93625 0.585833 0.0122603 0.075 0.0439453
0 0.95074 0.554167 0.0178333 0.0416667 0.0417786
0 0.866589 0.59375 0.0178333 0.100833 0.0406189
0 0.871604 0.585833 0.013375 0.0783333 0.0399475
0 0.0114593 0.582917 0.0229186 0.156667 0.0387573
1 0.199789 0.604167 0.0434688 0.106667 0.0335999
1 0.889437 0.6375 0.02675 0.07 0.0335999
0 0.080041 0.516667 0.0285612 0.06 0.0320435
0 0.874948 0.557083 0.0111459 0.035 0.0318604
1 0.985292 0.619167 0.0256354 0.0333333 0.0316162
1 0.199789 0.6425 0.0434688 0.105 0.0316162
0 0.934021 0.58875 0.0178333 0.0808333 0.0300446
0 0.935693 0.560833 0.0111458 0.0233334 0.0289307
0 0.873276 0.563333 0.0122604 0.0433333 0.0280151
1 0.886094 0.644583 0.0312083 0.0549999 0.0275879
0 0.929563 0.588333 0.0245209 0.0833333 0.0265503
0 0.00594735 0.540833 0.0118947 0.0416667 0.0264587
1 0.202297 0.625833 0.0417969 0.108333 0.0243378
0 0.898354 0.584167 0.0178333 0.0483334 0.0233765
9 0.206198 0.424167 0.0195052 0.0516667 0.0225372
0 0.900583 0.60125 0.013375 0.0841667 0.0218658
0 0.916187 0.55375 0.0178333 0.0425 0.0200653
1 0.189758 0.601667 0.0518281 0.116667 0.0189819
0 0.0340645 0.513333 0.0221523 0.05 0.0189056
0 0.910615 0.5775 0.0178333 0.07 0.0184326
0 0.902812 0.5875 0.0122604 0.0666666 0.0177765
0 0.0168581 0.547083 0.0337161 0.119167 0.0177155
0 0.871604 0.604167 0.0156042 0.0416667 0.0158997
0 0.922318 0.580833 0.0345521 0.101667 0.0157776
26 0.890552 0.654167 0.0211771 0.035 0.0142288
1 0.890552 0.621667 0.0245209 0.103333 0.0139542
11 0.0831758 0.397917 0.0105885 0.0308333 0.0139542
0 0.935693 0.558333 0.0122604 0.0316667 0.0137405
0 0.938479 0.587083 0.0178333 0.0825 0.0133743
0 0.0766276 0.600833 0.0454193 0.226667 0.0133743
0 0.0696789 0.512917 0.0392542 0.0566667 0.0132217
1 0.993094 0.617083 0.0111459 0.0408333 0.0132217
9 0.227932 0.417083 0.0273073 0.0583334 0.012291
9 0.202297 0.4225 0.0111458 0.0433334 0.0118256
9 0.859344 0.355 0.0178333 0.0375 0.0115051
26 0.928448 0.612083 0.0178333 0.035 0.011116
0 0.941823 0.555 0.0200625 0.04 0.0110321
0 0.889437 0.581667 0.0111458 0.0475 0.0108566
26 0.874391 0.605 0.0167187 0.0425 0.0102463
0 0.0236152 0.513333 0.0365026 0.0525 0.00948334
0 0.0147682 0.515 0.0217344 0.0583333 0.00933838
0 0.0071403 0.564583 0.0142806 0.145 0.00923157
9 0.854885 0.355 0.0222918 0.0375 0.00908661
0 0.888323 0.586667 0.013375 0.0433334 0.00901794
13 0.984734 0.6125 0.02675 0.045 0.00898743
11 0.614135 0.239167 0.0245208 0.0366667 0.00874329
0 0.0384183 0.5125 0.0325319 0.05 0.00871277
1 0.20578 0.604167 0.036224 0.0866667 0.00861359
0 0.888323 0.568333 0.00891666 0.0316667 0.00837708
0 0.916745 0.567083 0.0178333 0.0691667 0.00821686
13 0.980276 0.62 0.0178333 0.0283333 0.00821686
0 0.0902812 0.519167 0.0331588 0.0616667 0.0077858
0 0.863245 0.5725 0.0122603 0.0633333 0.00728989
1 0.890552 0.654167 0.0211771 0.035 0.00703812
28 0.15019 0.640833 0.0652031 0.12 0.00695801
13 0.158236 0.547083 0.0669447 0.0433333 0.0069313
0 0.0854746 0.595417 0.0535 0.2275 0.0069313
0 0.896682 0.579167 0.0200624 0.05 0.00664139
0 0.883865 0.625 0.0278646 0.0941666 0.00661469
0 0.116474 0.539167 0.0128177 0.0333333 0.00658798
2 0.736182 0.561667 0.0189479 0.0375 0.00651169
1 0.205501 0.6175 0.0390104 0.08 0.00629044
0 0.0232669 0.570417 0.0285612 0.165 0.00582123
0 0.874391 0.605 0.0167187 0.0425 0.00557709
1 0.905042 0.626667 0.0122604 0.05 0.0055542
56 0.984734 0.6125 0.02675 0.045 0.00551224
56 0.985292 0.619167 0.02675 0.0325 0.00536346
0 0.874391 0.57 0.013375 0.0558333 0.00518036
0 0.0368161 0.52 0.0372689 0.0633333 0.00511932
56 0.994208 0.611667 0.00891666 0.0475 0.00508118
0 0.0860319 0.5225 0.0313477 0.0616667 0.00452042
11 0.954083 0.469167 0.0222917 0.0333333 0.00448608
26 0.905042 0.626667 0.0122604 0.05 0.00446701
16 0.886094 0.644583 0.0312083 0.0549999 0.00446701
28 0.153395 0.6125 0.071612 0.176667 0.00434875
26 0.0129048 0.642083 0.0190524 0.0341666 0.00428009
1 0.980276 0.62 0.0178333 0.0283333 0.0039444
0 0.280875 0.447083 0.0384531 0.0925 0.00392914
13 0.993094 0.617083 0.0111459 0.0408333 0.00385475
0 0.926776 0.60125 0.0234062 0.0583334 0.00382423
1 0.984734 0.6125 0.02675 0.045 0.00378036
1 0.188643 0.608333 0.02675 0.0966666 0.00365067
0 0.881635 0.576667 0.013375 0.06 0.00365067
0 0.914516 0.550417 0.0222918 0.0466667 0.00332451
74 0.952969 0.47 0.0222917 0.03 0.00327301
26 0.935693 0.560833 0.0111458 0.0233334 0.00327301
0 0.0908385 0.600833 0.0376172 0.226667 0.00323486
9 0.207034 0.4275 0.02675 0.0566667 0.00314713
0 0.147961 0.505417 0.0186693 0.0433333 0.00311089
56 0.980276 0.62 0.0178333 0.0283333 0.00307465
0 0.119539 0.53125 0.0189479 0.05 0.00301552
0 0.873833 0.622917 0.02675 0.0983333 0.00301552
26 0.889437 0.6375 0.02675 0.07 0.00293541
28 0.0588117 0.615833 0.0896891 0.193333 0.00292397
0 0.859344 0.610833 0.0178333 0.0816667 0.00287819
1 0.206337 0.591667 0.0337162 0.0783333 0.00283432
0 0.704417 0.426667 0.0167187 0.0333333 0.00282288
74 0.23448 0.180833 0.062974 0.0758333 0.00281143
0 0.567323 0.545 0.0289792 0.0866666 0.00269318
0 0.0114767 0.60375 0.0228838 0.103333 0.00268364
0 0.115359 0.5275 0.022849 0.0566666 0.00266266
0 0.0229883 0.578333 0.0317656 0.215 0.00264168
0 0.746771 0.386667 0.00891666 0.02 0.00260162
74 0.614135 0.239167 0.0245208 0.0366667 0.00253105
0 0.463109 0.481667 0.0423542 0.0516667 0.00250244
1 0.181677 0.605833 0.0345521 0.13 0.00250244
0 0.344964 0.456667 0.0312083 0.0583333 0.0024929
0 0.872719 0.609167 0.0167187 0.06 0.00246239
26 0.888323 0.586667 0.013375 0.0433334 0.002388
0 0.830365 0.565833 0.0111459 0.0333334 0.00235939
26 0.00592122 0.537083 0.0118424 0.05 0.00229645
9 0.917302 0.372917 0.0178333 0.0525 0.00227928
60 0.0610931 0.619583 0.10282 0.189167 0.00226021
74 0.0838027 0.39875 0.0103099 0.03 0.00212479
13 0.0114941 0.611667 0.0229883 0.0916667 0.00209999
0 0.284776 0.435 0.036224 0.075 0.0020752
0 0.88275 0.555417 0.0167188 0.0308333 0.00204277
0 0.0482057 0.521667 0.0206198 0.03 0.00202751
0 0.781323 0.536667 0.013375 0.0316667 0.00194931
0 0.424099 0.465 0.0624167 0.126667 0.00194168
9 0.0828275 0.398333 0.0149076 0.0333333 0.00190449
26 0.886094 0.644583 0.0312083 0.0549999 0.00188923
11 0.610792 0.239375 0.0334375 0.0416667 0.00184631
0 0.567323 0.561667 0.02675 0.055 0.00183868
74 0.198396 0.621667 0.0479271 0.148333 0.00183868
0 0.0734232 0.565833 0.0795534 0.15 0.0018177
56 0.993094 0.617083 0.0111459 0.0408333 0.00176144
16 0.890552 0.654167 0.0211771 0.035 0.00174141
13 0.155066 0.613333 0.0730052 0.178333 0.00168705
0 0.466453 0.489583 0.0390104 0.0458333 0.0016489
11 0.859344 0.355 0.0178333 0.0375 0.00164223
1 0.0119121 0.6175 0.0231276 0.085 0.00162888
0 0.951297 0.6025 0.0189479 0.0516667 0.00158501
1 0.178055 0.614167 0.0284219 0.101667 0.00157356
0 0.281502 0.461667 0.0377565 0.0766667 0.00156116
0 0.45475 0.484583 0.0624167 0.0641667 0.00156116
0 0.542523 0.385833 0.0273073 0.0666666 0.00153637
9 0.918417 0.363229 0.0178333 0.071875 0.00153065
0 0.339391 0.455 0.0395677 0.0616667 0.00151253
0 0.229326 0.417083 0.0278646 0.0608333 0.00150681
0 0.315427 0.465417 0.0546146 0.0866667 0.00150108
0 0.660948 0.416667 0.0211771 0.0383334 0.00149536
0 0.707203 0.42875 0.0178333 0.0325 0.00146103
0 0.0490417 0.515833 0.0202018 0.04 0.00146103
1 0.898354 0.6375 0.0178333 0.0600001 0.00144958
0 0.476484 0.534167 0.02675 0.0683333 0.00143814
12 0.22835 0.417083 0.0264714 0.0608333 0.00142097
0 0.356667 0.467083 0.0679896 0.0808333 0.00139904
0 0.741198 0.43375 0.0144896 0.0308333 0.00135612
0 0.783552 0.440833 0.0100313 0.025 0.00135612
60 0.842177 1 0.315646 0 0.00133514
0 0.896125 0.618333 0.0468125 0.125 0.00133038
26 0.871047 0.604167 0.013375 0.0416667 0.00130463
0 0.391776 0.476667 0.0852656 0.103333 0.00129414
1 0.994208 0.611667 0.00891666 0.0475 0.0012846
0 0.479271 0.519167 0.0183906 0.0616667 0.00127888
0 0.53918 0.38 0.0228489 0.0533334 0.0012598
9 0.884979 0.151042 0.0334375 0.0195833 0.00125504
13 0.872719 0.648333 0.0289791 0.0466667 0.00125504
0 0.415182 0.468333 0.0423542 0.12 0.00124931
0 0.659833 0.414167 0.0245208 0.0508333 0.00119686
4 0.525247 0.50875 0.599088 0.5525 0.00119686
0 0.346078 0.460833 0.0390104 0.0683333 0.00119209
9 0.952969 0.47 0.0211771 0.03 0.00119209
0 0.335211 0.458333 0.0518281 0.0666666 0.00117874
0 0.780766 0.540833 0.0122604 0.0283333 0.00117874
0 0.832036 0.456667 0.0144896 0.0291667 0.00116539
13 0.994208 0.611667 0.00891666 0.0475 0.00115108
60 0.285333 1 0.568437 0 0.00115108
0 0.451964 0.505417 0.0702188 0.106667 0.00112915
0 0.102263 0.515 0.0543359 0.0708333 0.00112438
14 0.247159 0.722917 0.0130964 0.0158333 0.00112057
0 0.54949 0.391667 0.0367813 0.0583333 0.0011158
0 0.786896 0.443333 0.013375 0.0316667 0.0011158
28 0.0545972 0.655833 0.0894801 0.111667 0.00111198
0 0.326852 0.459167 0.0568437 0.0783333 0.00107288
0 0.897797 0.553333 0.0167188 0.03 0.00107288
2 0.368927 0.14875 0.013375 0.0104167 0.00106525
0 0.27983 0.477917 0.0433294 0.105 0.00105667
74 0.917302 0.367083 0.0200624 0.0633333 0.00105286
0 0.39512 0.460833 0.0991979 0.143333 0.00104427
0 0.787453 0.439167 0.0122604 0.0283333 0.00104427
9 0.208984 0.448333 0.0261927 0.0183333 0.00104046
25 0.842177 1 0.315646 0 0.00101662
0 0.743427 0.432083 0.0156042 0.0333333 0.00101185
0 0.952969 0.545833 0.0178333 0.0375 0.00100422
5 0.531099 0.509167 0.611906 0.553333 0.792969
0 0.0177811 0.57125 0.0354925 0.169167 0.507812
1 0.199092 0.625833 0.0498776 0.141667 0.46875
0 0.0654644 0.514167 0.033751 0.0483334 0.291016
0 0.89724 0.605833 0.0222917 0.0916667 0.267334
0 0.892224 0.613333 0.0278646 0.11 0.213379
0 0.026332 0.515 0.0254264 0.0541667 0.141724
0 0.0855443 0.5175 0.0222917 0.0566666 0.135742
0 0.00768018 0.525833 0.0153604 0.0683334 0.117188
0 0.888323 0.620833 0.0278646 0.1025 0.113953
0 0.911729 0.584167 0.0178333 0.0933333 0.113159
0 0.01954 0.51875 0.0359453 0.0608333 0.112
0 0.95074 0.580833 0.0200625 0.0983333 0.112
9 0.0832454 0.397917 0.0107279 0.0308333 0.105957
0 0.0303027 0.514167 0.0207591 0.0516667 0.0891113
0 0.0654121 0.6 0.0509922 0.22 0.085083
0 0.872162 0.568333 0.0111459 0.0483334 0.0779419
0 0.912844 0.55625 0.0178333 0.0416667 0.0759888
0 0.863802 0.595 0.0245209 0.111667 0.0736694
26 0.0292926 0.685833 0.0314173 0.0441666 0.0656128
0 0.015639 0.524167 0.031278 0.07 0.0628052
0 0.0538657 0.600417 0.0817477 0.220833 0.0610962
1 0.174119 0.614167 0.100939 0.168333 0.0554199
0 0.863245 0.585 0.0144897 0.0833333 0.0538025
24 0.0292926 0.685833 0.0314173 0.0441666 0.0510864
0 0.862688 0.5925 0.0189479 0.1 0.048584
0 0.93625 0.585 0.013375 0.0733333 0.0481262
13 0.985292 0.619167 0.02675 0.0316667 0.0470886
0 0.866589 0.59375 0.0178333 0.100833 0.0420837
0 0.95074 0.554167 0.0178333 0.0416667 0.0420227
0 0.871604 0.585833 0.013375 0.0775 0.0406189
0 0.0109543 0.5675 0.0219085 0.176667 0.0368958
1 0.199232 0.6075 0.0429114 0.095 0.0351562
0 0.874948 0.556667 0.0111459 0.035 0.0328369
1 0.199789 0.642917 0.0434688 0.105 0.0328369
1 0.985292 0.619167 0.0256354 0.0325 0.0321045
0 0.935693 0.560833 0.0111458 0.0233334 0.0319214
0 0.934021 0.589167 0.0178333 0.08 0.0312042
1 0.889437 0.638333 0.02675 0.0675 0.0302124
0 0.873276 0.563333 0.0122604 0.0433333 0.028656
0 0.00597347 0.54 0.0119469 0.0433333 0.0283813
1 0.886094 0.645 0.0312083 0.055 0.0283356
0 0.929563 0.588333 0.0245209 0.0833333 0.0280609
1 0.202297 0.625833 0.0417969 0.103333 0.0248871
0 0.898354 0.584167 0.0178333 0.0483334 0.0233307
0 0.900583 0.60125 0.013375 0.0841667 0.0228882
0 0.0340645 0.513333 0.0221523 0.05 0.0201416
9 0.206198 0.424167 0.0195052 0.0516667 0.0200195
1 0.189758 0.602083 0.0518281 0.115833 0.0196381
0 0.916187 0.554167 0.0178333 0.0416667 0.0190582
0 0.910615 0.5775 0.0178333 0.07 0.0190125
0 0.0168232 0.545833 0.0336465 0.116667 0.0188751
0 0.902812 0.5875 0.0122604 0.0666666 0.0185089
0 0.871604 0.604167 0.0156042 0.0416667 0.0173035
11 0.0832454 0.397917 0.0107279 0.0308333 0.0165253
0 0.922318 0.580833 0.0345521 0.100833 0.016098
26 0.890552 0.65625 0.0200624 0.0308333 0.0156708
0 0.93625 0.558333 0.013375 0.0316667 0.0145569
0 0.0773242 0.600833 0.0438867 0.226667 0.0142822
0 0.937922 0.5875 0.0178333 0.0816667 0.0139542
0 0.0695047 0.512917 0.0390452 0.0566667 0.0132217
1 0.993651 0.616667 0.0100313 0.0416666 0.0131226
9 0.228768 0.416667 0.0275859 0.06 0.0125732
9 0.859344 0.354583 0.0178333 0.0375 0.0117798
0 0.949625 0.567917 0.0222917 0.0683333 0.0116882
26 0.928448 0.613333 0.0178333 0.0333333 0.0115967
1 0.890552 0.620833 0.0245209 0.103333 0.0112915
0 0.889437 0.581667 0.0111458 0.0466667 0.0111618
0 0.941823 0.555 0.0200625 0.0383334 0.0109024
9 0.202297 0.4225 0.0111458 0.0416667 0.0106964
26 0.874391 0.605 0.0167187 0.0425 0.0103683
0 0.0146289 0.515 0.0217344 0.0583333 0.01017
0 0.0235107 0.513333 0.0367116 0.0525 0.00959778
11 0.614135 0.239167 0.0245208 0.0366667 0.00937653
0 0.888323 0.586667 0.013375 0.0425 0.00919342
0 0.0383486 0.5125 0.0325319 0.05 0.0091629
1 0.205641 0.604167 0.036224 0.085 0.00905609
0 0.00703581 0.561667 0.0140716 0.138333 0.00901794
0 0.888323 0.5675 0.00891666 0.03 0.00878143
0 0.0904206 0.519167 0.0328802 0.0616667 0.00867462
2 0.736182 0.561667 0.0189479 0.0366667 0.0085144
9 0.855443 0.355104 0.0234063 0.038125 0.0085144
13 0.984734 0.6125 0.02675 0.045 0.00790405
0 0.916745 0.566667 0.0178333 0.0666666 0.00784302
13 0.979719 0.62 0.0156041 0.0283333 0.00775528
28 0.15019 0.640833 0.0652031 0.12 0.00743103
0 0.863245 0.572083 0.0122603 0.0625 0.00734711
13 0.158236 0.547083 0.0669447 0.0433333 0.00725937
0 0.116474 0.539167 0.012957 0.0333333 0.00695801
0 0.883865 0.625 0.02675 0.0941666 0.0069046
0 0.0859622 0.595417 0.0526641 0.2275 0.0068779
0 0.896682 0.57875 0.0200624 0.0491667 0.00664139
1 0.890552 0.65625 0.0200624 0.0308333 0.00661469
1 0.205641 0.618333 0.0390104 0.0783333 0.00653839
0 0.874391 0.605 0.0167187 0.0425 0.005867
0 0.0233366 0.570417 0.0284219 0.165833 0.00584412
56 0.985292 0.619167 0.02675 0.0316667 0.00521851
56 0.984734 0.6125 0.02675 0.045 0.00510025
1 0.905042 0.626667 0.0122604 0.05 0.00510025
0 0.874391 0.569167 0.013375 0.0533334 0.00503922
11 0.954083 0.469167 0.0234063 0.0333333 0.00479126
56 0.994208 0.611667 0.00891666 0.0475 0.00475693
0 0.0861016 0.522083 0.0303724 0.0608333 0.00466537
16 0.886094 0.645 0.0312083 0.055 0.00466537
26 0.905042 0.626667 0.0122604 0.05 0.0046463
28 0.153395 0.6125 0.071612 0.176667 0.00434875
26 0.01287 0.642083 0.0191221 0.0341666 0.00426483
0 0.927333 0.600833 0.0234063 0.0591667 0.00419998
1 0.188643 0.608333 0.02675 0.0966666 0.00395966
0 0.280875 0.447083 0.0384531 0.0916666 0.00390053
1 0.979719 0.62 0.0156041 0.0283333 0.00388527
0 0.882193 0.575833 0.013375 0.0583334 0.00376511
1 0.984734 0.6125 0.02675 0.045 0.00359344
0 0.119678 0.530833 0.0189479 0.05 0.00356483
0 0.147961 0.505417 0.0186693 0.0433333 0.00355148
74 0.952969 0.47 0.0222917 0.03 0.00346947
13 0.993651 0.616667 0.0100313 0.0416666 0.00344276
0 0.704417 0.426667 0.0167187 0.0325 0.00340271
26 0.935693 0.560833 0.0111458 0.0233334 0.00323486
26 0.889437 0.638333 0.02675 0.0675 0.00323486
0 0.0909779 0.600833 0.0373385 0.225 0.00316048
0 0.873833 0.622917 0.02675 0.0975 0.00314713
0 0.567323 0.545 0.0289792 0.085 0.00313568
0 0.115917 0.5275 0.022013 0.0558333 0.00311089
0 0.914516 0.550417 0.0222918 0.0466667 0.00305176
56 0.979719 0.62 0.0156041 0.0283333 0.00302696
1 0.206477 0.590833 0.0334375 0.0766667 0.00300407
0 0.859344 0.611667 0.0178333 0.0816666 0.00300407
9 0.206895 0.4275 0.0270286 0.0566667 0.00291252
74 0.234341 0.180833 0.062974 0.0758333 0.00283432
0 0.746771 0.386667 0.00891666 0.02 0.00273705
28 0.0587943 0.614167 0.089724 0.195 0.00271416
0 0.344964 0.456667 0.0312083 0.0583333 0.00270462
0 0.0229883 0.578333 0.0318353 0.216667 0.00270462
74 0.614135 0.239167 0.0245208 0.0366667 0.00264168
1 0.181677 0.606667 0.0345521 0.13 0.00263214
0 0.951854 0.591667 0.0200624 0.0733333 0.00261116
0 0.0114767 0.605 0.0228838 0.1 0.00260162
60 0.0610757 0.62 0.102994 0.188333 0.00258064
0 0.872719 0.609167 0.0156042 0.06 0.00257111
0 0.830365 0.565833 0.0111459 0.0333334 0.00256157
0 0.463109 0.481667 0.0423542 0.0516667 0.00253105
26 0.888323 0.586667 0.013375 0.0425 0.00253105
0 0.940708 0.590833 0.0178333 0.075 0.00237846
26 0.00593864 0.535833 0.0118773 0.0525 0.00234222
0 0.887208 0.634167 0.0289792 0.0758333 0.00232315
9 0.917302 0.3725 0.0178333 0.0533333 0.00226974
13 0.0114941 0.611667 0.0229883 0.0908333 0.00222588
0 0.0482754 0.521667 0.0206198 0.03 0.00217438
74 0.0838724 0.39875 0.0103099 0.03 0.00216484
0 0.781323 0.536667 0.013375 0.0316667 0.00216484
0 0.567323 0.561667 0.02675 0.055 0.00211525
0 0.88275 0.555417 0.0167188 0.0308333 0.00209999
0 0.284776 0.435 0.036224 0.0733333 0.00208282
26 0.886094 0.645 0.0312083 0.055 0.00200272
11 0.610792 0.239375 0.0334375 0.0416667 0.00193405
0 0.0735625 0.565833 0.0794141 0.151667 0.00190449
11 0.859344 0.354583 0.0178333 0.0375 0.00185299
9 0.0828275 0.398333 0.0149076 0.0333333 0.00184631
0 0.706646 0.424583 0.0200625 0.0366667 0.00184631
0 0.660948 0.416667 0.0211771 0.0383334 0.00181007
16 0.890552 0.65625 0.0200624 0.0308333 0.00178909
74 0.198396 0.621667 0.0476484 0.148333 0.00178242
0 0.424099 0.465 0.0624167 0.125833 0.00177479
0 0.466453 0.49 0.0384532 0.045 0.00172043
0 0.951297 0.6025 0.0189479 0.0516667 0.00171375
13 0.155066 0.613333 0.0730052 0.178333 0.00168705
1 0.177776 0.613333 0.0284219 0.1 0.0016613
0 0.339669 0.455 0.0378958 0.0616667 0.0016489
0 0.542802 0.385833 0.0278646 0.0666666 0.00162888
0 0.783552 0.440833 0.0100313 0.025 0.00162888
1 0.0119121 0.6175 0.0231276 0.085 0.00162315
0 0.476484 0.534167 0.02675 0.0683333 0.00161076
0 0.229326 0.4175 0.0278646 0.06 0.00158501
0 0.454193 0.484583 0.0624167 0.0633333 0.00154305
0 0.741198 0.43375 0.0144896 0.0308333 0.00152493
0 0.0492507 0.515833 0.0199232 0.04 0.00152493
0 0.315427 0.465833 0.0546146 0.0866667 0.00150681
0 0.281711 0.462083 0.0373385 0.075 0.00148964
0 0.356109 0.466667 0.0663177 0.08 0.00148964
0 0.479828 0.52 0.0178333 0.0591667 0.0014782
9 0.918417 0.362917 0.0189479 0.0725 0.00146675
12 0.22835 0.416667 0.0264714 0.06 0.00146675
60 0.842734 1 0.314531 0 0.00143242
0 0.832036 0.456667 0.0144896 0.03 0.00137806
1 0.898911 0.639167 0.0178334 0.0566667 0.00137806
0 0.659833 0.414167 0.0234063 0.05 0.00136662
0 0.53918 0.379167 0.0228489 0.0533333 0.00135612
2 0.368927 0.14875 0.013375 0.0104167 0.00132465
0 0.780208 0.540417 0.0111458 0.0283334 0.00131989
13 0.872719 0.649167 0.0289791 0.0458333 0.00131989
4 0.524969 0.50875 0.598531 0.5525 0.00129414
0 0.391776 0.4775 0.0847083 0.101667 0.00127888
9 0.884979 0.151042 0.0334375 0.0195833 0.00127411
0 0.896125 0.619167 0.0468125 0.125 0.00127411
26 0.871047 0.604167 0.013375 0.0425 0.0012598
0 0.335768 0.458333 0.0507135 0.0666666 0.00125504
9 0.952969 0.47 0.0211771 0.03 0.00124931
0 0.786896 0.443333 0.013375 0.0316667 0.00124454
0 0.102402 0.515 0.0543359 0.0708333 0.00123978
0 0.414625 0.47 0.040125 0.116667 0.00123501
14 0.247159 0.722917 0.0130964 0.0158333 0.00122547
2 0.317656 0.146667 0.0345521 0.0216667 0.00121593
0 0.54949 0.3925 0.0367813 0.0566666 0.00121593
0 0.787453 0.439167 0.0122604 0.0283333 0.00115108
0 0.0875644 0.51 0.0313477 0.075 0.00113392
2 0.733953 0.56375 0.0245208 0.0491667 0.00113392
0 0.789125 0.536667 0.0178333 0.0325 0.00112438
60 0.284497 1 0.565651 0 0.00112438
0 0.326573 0.459167 0.0568437 0.0766667 0.00112057
0 0.728937 0.430833 0.0156042 0.035 0.00110722
0 0.84151 0.458333 0.00891666 0.0316667 0.00110722
0 0.84374 0.459167 0.013375 0.03 0.0011034
0 0.897797 0.553333 0.0167188 0.03 0.00109005
0 0.743427 0.432083 0.0156042 0.0333333 0.00108624
0 0.832594 0.559583 0.0122604 0.0558333 0.00108624
0 0.840396 0.56 0.0156041 0.07 0.00108147
11 0.611906 0.173333 0.0490417 0.189167 0.00107765
0 0.608562 0.665833 0.0200625 0.0533333 0.00107288
0 0.828135 0.564167 0.013375 0.0383333 0.00106525
28 0.0545449 0.655 0.0895846 0.113333 0.00106049
1 0.177219 0.620417 0.0234063 0.1325 0.00104809
0 0.451685 0.505833 0.0702187 0.105 0.00104809
0 0.27983 0.47875 0.0433294 0.104167 0.00104046
9 0.209124 0.448333 0.0264714 0.0183333 0.00102806
0 0.992536 0.563333 0.0122604 0.0375 0.00102806
0 0.879406 0.56375 0.0178333 0.06 0.00102806
11 0.208009 0.445833 0.0287005 0.0266667 0.00102425
56 0.0108672 0.615 0.0215951 0.0816666 0.00101185
0 0.717234 0.341667 0.0111458 0.0183333 0.00100803
0 0.39512 0.460833 0.0980834 0.143333 0.00100803
5 0.531099 0.509167 0.611906 0.553333 0.796875
0 0.0177114 0.57125 0.0353532 0.169167 0.512695
1 0.198953 0.625833 0.0501562 0.141667 0.480469
0 0.0654121 0.514167 0.0337161 0.0483334 0.301514
0 0.89724 0.605833 0.0222917 0.0916667 0.267334
0 0.88888 0.619167 0.0256354 0.105 0.218018
0 0.892781 0.613333 0.02675 0.11 0.215332
0 0.0856836 0.5175 0.0222917 0.0566666 0.148071
0 0.0265062 0.515 0.0250781 0.0541667 0.14563
0 0.00766276 0.525833 0.0153255 0.0683334 0.122925
0 0.0195052 0.51875 0.0359453 0.0608333 0.114746
0 0.911729 0.58375 0.0178333 0.0933333 0.113953
0 0.95074 0.580833 0.0200625 0.0983333 0.113586
9 0.0831758 0.397917 0.0105885 0.0308333 0.108215
0 0.0303724 0.514167 0.0206198 0.0516667 0.093689
0 0.0654644 0.6 0.0507484 0.22 0.0910645
0 0.872162 0.568333 0.0111459 0.0483334 0.0792236
0 0.863802 0.595 0.0245209 0.111667 0.0766602
0 0.912844 0.55625 0.0178333 0.0416667 0.0762939
26 0.0293275 0.685833 0.031487 0.0441666 0.0680542
0 0.0540573 0.600417 0.0819219 0.220833 0.0664673
0 0.0155519 0.524167 0.0311038 0.07 0.0661011
0 0.863245 0.585 0.0144897 0.0833333 0.0571899
1 0.17384 0.614167 0.101497 0.168333 0.0558167
24 0.0293275 0.685833 0.031487 0.0441666 0.0535889
0 0.862688 0.5925 0.0189479 0.1 0.051178
0 0.93625 0.585 0.013375 0.0733333 0.0489502
13 0.985292 0.619167 0.02675 0.0316667 0.0440063
0 0.95074 0.554167 0.0178333 0.0416667 0.0418396
0 0.866589 0.594167 0.0178333 0.1 0.0418396
0 0.871604 0.585833 0.013375 0.0783333 0.0401001
0 0.884979 0.625 0.0312083 0.095 0.0392761
0 0.0109368 0.5675 0.0218737 0.176667 0.0378113
1 0.199232 0.6075 0.0429114 0.095 0.0354004
0 0.874948 0.556667 0.0111459 0.0341666 0.0335999
1 0.19965 0.642917 0.0431901 0.105 0.0335999
0 0.935693 0.560833 0.0111458 0.0233334 0.0327759
0 0.934021 0.589167 0.0178333 0.08 0.0319214
1 0.985292 0.619167 0.02675 0.0316667 0.0309143
0 0.00597347 0.54 0.0119469 0.0433333 0.0301514
0 0.93012 0.588333 0.0245208 0.0833333 0.0292053
0 0.873276 0.562917 0.0122604 0.0433333 0.0289307
1 0.886094 0.645 0.0312083 0.055 0.0271759
1 0.889437 0.638333 0.02675 0.0666666 0.0268555
1 0.202297 0.625 0.0417969 0.1025 0.0250854
0 0.898354 0.584167 0.0178333 0.0483334 0.0237274
0 0.900583 0.601667 0.013375 0.0833333 0.0226746
0 0.0340296 0.513333 0.0220827 0.05 0.0213318
1 0.189479 0.6025 0.0518281 0.115 0.0202484
0 0.916187 0.554167 0.0178333 0.0416667 0.0201416
0 0.0167884 0.545 0.0335768 0.115 0.0193787
0 0.910615 0.576667 0.0178333 0.0683333 0.0190887
9 0.206337 0.424167 0.0195052 0.0516667 0.0187683
0 0.902812 0.5875 0.0111458 0.0666666 0.0182648
0 0.871604 0.604167 0.0156042 0.0416667 0.0181885
11 0.0831758 0.397917 0.0105885 0.0308333 0.0175781
26 0.891109 0.6575 0.0200625 0.0283334 0.0172424
0 0.922318 0.580833 0.0345521 0.100833 0.0171814
0 0.93625 0.558333 0.013375 0.0316667 0.0147858
0 0.0778119 0.600833 0.0427721 0.226667 0.0144501
0 0.937922 0.5875 0.0178333 0.0816667 0.0141754
0 0.0695221 0.512917 0.0387318 0.0566667 0.0133286
1 0.993651 0.616667 0.0100313 0.0416666 0.012291
9 0.228768 0.416667 0.0273073 0.06 0.0122375
26 0.928448 0.613333 0.0178333 0.0333333 0.0118713
0 0.949068 0.5675 0.0211771 0.0666666 0.0115509
0 0.889437 0.581667 0.0111458 0.0466667 0.0113297
9 0.859344 0.354583 0.0178333 0.0375 0.0111618
0 0.0145244 0.515 0.0216647 0.0583333 0.0107803
0 0.941266 0.555 0.0200624 0.0383334 0.0107803
26 0.874391 0.605 0.0167187 0.0425 0.0104523
9 0.202297 0.422083 0.0111458 0.0416667 0.01017
0 0.0235107 0.513333 0.0367812 0.0516667 0.00985718
0 0.0384531 0.5125 0.0326016 0.05 0.00971222
11 0.614135 0.239167 0.0245208 0.0366667 0.00967407
0 0.0904902 0.519167 0.0328802 0.0616667 0.00963593
2 0.736182 0.561667 0.0189479 0.0366667 0.00952148
1 0.891109 0.620417 0.0245208 0.104167 0.00937653
1 0.20578 0.603333 0.036224 0.085 0.00933838
0 0.887766 0.586667 0.0122604 0.0416667 0.00933838
0 0.00700098 0.56 0.014002 0.136667 0.0091629
0 0.888323 0.5675 0.00891666 0.03 0.00898743
0 0.917302 0.566667 0.0178333 0.0666666 0.0085144
28 0.15019 0.640833 0.0652031 0.12 0.00803375
0 0.116474 0.539167 0.0130963 0.0333333 0.00772476
13 0.158236 0.546667 0.0669447 0.0433333 0.00751877
0 0.863245 0.572083 0.0122603 0.0625 0.00748825
9 0.855443 0.355104 0.0234063 0.038125 0.00748825
13 0.984734 0.6125 0.02675 0.045 0.00717545
0 0.0874948 0.595 0.049599 0.228333 0.00706482
13 0.978604 0.62 0.0156042 0.0283333 0.00703812
1 0.205641 0.6175 0.0390104 0.0783333 0.00682449
0 0.896682 0.578333 0.0200624 0.0483334 0.00674438
0 0.874391 0.605 0.0167187 0.0425 0.00609589
1 0.891109 0.6575 0.0200625 0.0283334 0.006073
0 0.0233714 0.570833 0.0283522 0.165 0.00598145
56 0.985292 0.619167 0.02675 0.0316667 0.00530243
0 0.874391 0.569167 0.013375 0.0533334 0.00500107
26 0.905042 0.626667 0.0122604 0.05 0.00500107
56 0.984734 0.6125 0.02675 0.045 0.00496292
0 0.927333 0.6 0.0234063 0.06 0.00481033
16 0.886094 0.645 0.0312083 0.055 0.00475693
56 0.994208 0.611667 0.00891666 0.0475 0.0046463
1 0.905042 0.626667 0.0122604 0.05 0.0046463
11 0.954083 0.469167 0.0234063 0.0333333 0.00460815
28 0.153255 0.6125 0.0713333 0.176667 0.00439835
26 0.01287 0.642083 0.0191221 0.0341666 0.00436401
1 0.188504 0.60875 0.0264714 0.0958333 0.00431442
0 0.119609 0.530833 0.0190872 0.05 0.00428009
0 0.147961 0.505417 0.0186693 0.0433333 0.00419998
0 0.280875 0.446667 0.0384531 0.0916667 0.00388527
0 0.882193 0.575 0.013375 0.0583333 0.00378036
0 0.704417 0.426667 0.0156042 0.0325 0.00367928
74 0.952969 0.47 0.0222917 0.03 0.00365067
1 0.978604 0.62 0.0156042 0.0283333 0.00358009
0 0.873833 0.622917 0.02675 0.0975 0.00358009
0 0.116335 0.5275 0.0211771 0.055 0.00356483
26 0.889437 0.638333 0.02675 0.0666666 0.00352478
1 0.984734 0.6125 0.02675 0.045 0.00344276
26 0.935693 0.560833 0.0111458 0.0233334 0.00331116
0 0.914516 0.550417 0.0222918 0.0466667 0.00319672
1 0.206337 0.590833 0.0334375 0.0766667 0.00314713
0 0.859344 0.611667 0.0178333 0.08 0.00313568
0 0.56788 0.545417 0.0278646 0.085 0.003088
13 0.993651 0.616667 0.0100313 0.0416666 0.003088
74 0.234341 0.180833 0.062974 0.0758333 0.00302696
0 0.344964 0.45625 0.0312083 0.0583334 0.00298119
56 0.978604 0.62 0.0156042 0.0283333 0.00298119
74 0.614135 0.239167 0.0245208 0.0366667 0.00284576
0 0.0114941 0.604583 0.022849 0.1 0.00284576
0 0.951854 0.590833 0.018948 0.075 0.00281143
0 0.0229883 0.578333 0.031696 0.216667 0.00279999
1 0.181538 0.606667 0.0342734 0.13 0.00276756
9 0.207034 0.4275 0.0273073 0.0558333 0.00275803
0 0.746771 0.386667 0.00891666 0.02 0.00274658
0 0.872719 0.609167 0.0156042 0.06 0.00273705
0 0.463109 0.482083 0.0423542 0.0508333 0.00270462
26 0.887766 0.586667 0.0122604 0.0416667 0.00269318
60 0.0612324 0.620417 0.10296 0.1875 0.00266266
0 0.940708 0.590417 0.0178333 0.0758334 0.00264168
28 0.0588117 0.613333 0.0896891 0.196667 0.00264168
0 0.830365 0.565833 0.0100312 0.0333334 0.00252151
0 0.887208 0.634167 0.0289792 0.075 0.00248146
26 0.00594735 0.535 0.0118947 0.0533333 0.00235939
0 0.0484147 0.521667 0.0207591 0.03 0.00231361
74 0.0838724 0.39875 0.0103099 0.03 0.00230598
9 0.917302 0.3725 0.0178333 0.0533333 0.00225258
0 0.781323 0.536667 0.013375 0.0316667 0.00225258
0 0.88275 0.555417 0.0167188 0.0308333 0.00222588
0 0.567323 0.561667 0.02675 0.0541666 0.00214958
13 0.0114941 0.611667 0.0229883 0.0908333 0.00214958
26 0.886094 0.645 0.0312083 0.055 0.00214005
0 0.284706 0.434167 0.035806 0.0733333 0.00210762
11 0.610792 0.239167 0.0334375 0.0416667 0.0020504
0 0.660948 0.416667 0.0211771 0.0383334 0.00199509
11 0.859344 0.354583 0.0178333 0.0375 0.0019722
0 0.0737192 0.566667 0.0791006 0.151667 0.00195694
0 0.706646 0.424583 0.0200625 0.0366667 0.00194168
0 0.466453 0.49 0.0378958 0.045 0.00187492
9 0.0828275 0.398333 0.0149076 0.0333333 0.00182438
0 0.951297 0.6025 0.0189479 0.0516667 0.0018034
0 0.783552 0.440833 0.0100313 0.025 0.00178909
0 0.424099 0.465 0.0624167 0.125 0.00178909
16 0.891109 0.6575 0.0200625 0.0283334 0.00178909
74 0.198256 0.621667 0.0479271 0.148333 0.00176811
0 0.229186 0.4175 0.0278646 0.06 0.00176144
0 0.476484 0.534167 0.02675 0.0683333 0.0017271
13 0.155066 0.613333 0.0730052 0.178333 0.0017271
1 0.177776 0.6125 0.0278646 0.0966667 0.00171375
0 0.741198 0.43375 0.013375 0.0308333 0.0016613
0 0.542802 0.385833 0.0278646 0.0666666 0.00165462
0 0.0492855 0.515833 0.0198535 0.04 0.00162888
0 0.315427 0.465417 0.0546146 0.0858334 0.00162315
0 0.355552 0.466667 0.0646458 0.0783333 0.00162315
0 0.454471 0.484583 0.0624167 0.0633333 0.00162315
0 0.479828 0.52 0.0178333 0.0591667 0.00160408
1 0.0119295 0.6175 0.0230928 0.085 0.00157356
2 0.368927 0.14875 0.013375 0.0104167 0.00152493
0 0.659833 0.414167 0.0234063 0.05 0.00150681
60 0.843292 1 0.313417 0 0.00150108
0 0.832036 0.456667 0.0144896 0.03 0.00148964
0 0.281711 0.461667 0.0373385 0.075 0.00148392
9 0.918417 0.362917 0.0189479 0.0725 0.00143242
12 0.22835 0.416667 0.0264714 0.06 0.00143242
0 0.538901 0.379167 0.0222917 0.0516667 0.00139904
13 0.872162 0.649583 0.0289792 0.0449999 0.00139904
0 0.336047 0.458333 0.0501563 0.0658333 0.00135612
2 0.317656 0.146667 0.0345521 0.0216667 0.00135136
0 0.780208 0.540833 0.0111458 0.0283333 0.00134087
0 0.102402 0.515 0.0543359 0.0708333 0.00133514
4 0.525526 0.50875 0.598531 0.5525 0.00133514
26 0.871047 0.604167 0.013375 0.0416667 0.00132465
0 0.786896 0.443333 0.013375 0.0316667 0.00131989
9 0.884979 0.151042 0.0334375 0.0195833 0.00130939
0 0.391497 0.4775 0.0841511 0.101667 0.00130939
2 0.733953 0.564167 0.0245208 0.0483333 0.00130939
1 0.899469 0.639167 0.0178333 0.0566667 0.00129414
14 0.247159 0.722917 0.0130964 0.0158333 0.00129414
0 0.414068 0.470833 0.0390104 0.115 0.00128937
9 0.952969 0.47 0.0211771 0.03 0.00127888
0 0.0876341 0.51 0.0312083 0.075 0.00127411
0 0.54949 0.3925 0.0367813 0.0566666 0.00124931
0 0.896125 0.619167 0.0468125 0.125 0.00124931
0 0.787453 0.439167 0.0122604 0.0283333 0.0012207
0 0.608562 0.665833 0.0200625 0.0533333 0.00121117
0 0.728937 0.43125 0.0156042 0.035 0.00119209
0 0.326573 0.459167 0.0568437 0.0766667 0.00118351
1 0.177079 0.62 0.0231276 0.131667 0.00118351
0 0.840396 0.559583 0.0156041 0.07 0.00117874
0 0.897797 0.553333 0.0167188 0.03 0.00117874
0 0.789125 0.536667 0.0178333 0.0325 0.00117397
0 0.84374 0.459167 0.0122603 0.03 0.0011692
0 0.743427 0.432083 0.0156042 0.0333333 0.00116062
0 0.84151 0.458333 0.00891666 0.0316667 0.00116062
0 0.832594 0.559167 0.0122604 0.0566667 0.00115108
0 0.717234 0.341562 0.0111458 0.0185417 0.00113392
0 0.451964 0.506667 0.0696614 0.105 0.00112438
60 0.283383 1 0.563422 0 0.0011158
1 0.159385 0.556667 0.0713333 0.0633333 0.00107765
56 0.158306 0.547083 0.0701491 0.045 0.00106525
0 0.828135 0.564167 0.013375 0.0383333 0.00106525
0 0.828135 0.45625 0.0144896 0.0291667 0.00105286
11 0.611906 0.173333 0.0490417 0.18875 0.00105286
0 0.468961 0.4975 0.0351094 0.0316667 0.00104427
0 0.455307 0.595 0.0156042 0.0216667 0.00104427
0 0.28394 0.35375 0.0289792 0.0325 0.00104046
28 0.0545449 0.655 0.0895846 0.113333 0.00104046
0 0.825349 0.456667 0.0111458 0.0283333 0.00103664
0 0.879406 0.563333 0.0178333 0.06 0.00103188
0 0.713333 0.427917 0.0156042 0.0358333 0.00102806
56 0.0107279 0.615 0.0213164 0.0816666 0.00102806
11 0.208009 0.446667 0.0287005 0.025 0.00102425
0 0.741198 0.43125 0.0178333 0.0366667 0.00101662
0 0.0721693 0.539167 0.0532214 0.0983333 0.00101662
0 0.992536 0.563333 0.0122604 0.0383334 0.00101662
0 0.280039 0.478333 0.0429115 0.101667 0.00101185
5 0.531099 0.509167 0.611906 0.553333 0.795898
0 0.017694 0.57125 0.035388 0.169167 0.510742
1 0.198953 0.625833 0.0501562 0.141667 0.482422
0 0.0654121 0.514167 0.0337161 0.0483334 0.300781
0 0.89724 0.605833 0.0222917 0.0916667 0.268066
0 0.892781 0.613333 0.02675 0.11 0.216064
0 0.88888 0.619167 0.0256354 0.105 0.216064
0 0.0856139 0.5175 0.022431 0.0566666 0.14856
0 0.0264626 0.515 0.0250955 0.0541667 0.146118
0 0.00764534 0.525833 0.0152907 0.0683334 0.122925
0 0.0195052 0.51875 0.0359453 0.0608333 0.115173
0 0.911729 0.58375 0.0178333 0.0933333 0.113586
0 0.95074 0.580833 0.0200625 0.0983333 0.113586
9 0.0831758 0.397917 0.0105885 0.0308333 0.107422
0 0.0303724 0.514167 0.0206198 0.0516667 0.093689
0 0.0654818 0.6 0.0507135 0.22 0.0897827
0 0.872162 0.568333 0.0111459 0.0483334 0.0794678
0 0.863802 0.595 0.0245209 0.111667 0.0768433
0 0.912844 0.55625 0.0178333 0.0416667 0.0761108
26 0.0293275 0.685833 0.031487 0.0441666 0.0687866
0 0.0155693 0.524167 0.0311387 0.07 0.0657349
0 0.0540573 0.600417 0.0819219 0.220833 0.0652466
0 0.863245 0.585 0.0144897 0.0833333 0.0577087
1 0.173875 0.614167 0.101427 0.168333 0.0558167
24 0.0293275 0.685833 0.031487 0.0441666 0.0544128
0 0.862688 0.5925 0.0189479 0.1 0.0513611
0 0.93625 0.585 0.013375 0.0733333 0.0484009
13 0.985292 0.619167 0.02675 0.0316667 0.0433655
0 0.866589 0.59375 0.0178333 0.100833 0.0420227
0 0.95074 0.554167 0.0178333 0.0416667 0.0419312
0 0.871604 0.585833 0.013375 0.0783333 0.0401001
0 0.884979 0.625 0.0312083 0.095 0.0385437
0 0.0109368 0.5675 0.0218737 0.176667 0.0375366
1 0.199232 0.6075 0.0429114 0.095 0.0354004
1 0.19965 0.642917 0.0431901 0.105 0.0335999
0 0.874948 0.556667 0.0111459 0.0341666 0.0333862
0 0.935693 0.560833 0.0111458 0.0233334 0.0325317
0 0.934021 0.58875 0.0178333 0.0808333 0.0318604
1 0.985292 0.619167 0.02675 0.0316667 0.0309143
0 0.00598218 0.54 0.0119644 0.0433333 0.0302734
0 0.93012 0.588333 0.0245208 0.0833333 0.0290375
0 0.873276 0.562917 0.0122604 0.0433333 0.0289307
1 0.886094 0.645 0.0300938 0.055 0.0271759
1 0.889437 0.638333 0.02675 0.0666666 0.0267639
1 0.202297 0.625 0.0417969 0.1025 0.0247955
0 0.898354 0.584167 0.0178333 0.0483334 0.0237274
0 0.900583 0.601667 0.013375 0.0833333 0.0227203
0 0.0339948 0.513333 0.022013 0.05 0.0213623
0 0.916187 0.554167 0.0178333 0.0416667 0.0201721
1 0.189479 0.6025 0.0515495 0.115 0.0201721
0 0.0167884 0.545 0.0335768 0.115 0.0193481
9 0.206337 0.424167 0.0195052 0.0516667 0.0192719
0 0.910615 0.576667 0.0178333 0.0683333 0.0190582
0 0.902812 0.5875 0.0111458 0.0666666 0.0182343
0 0.871604 0.604167 0.0156042 0.0416667 0.0180969
11 0.0831758 0.397917 0.0105885 0.0308333 0.0177155
26 0.891109 0.6575 0.0200625 0.0283334 0.0173798
0 0.922318 0.580833 0.0345521 0.101667 0.0171814
0 0.93625 0.558333 0.013375 0.0316667 0.0148392
0 0.0778815 0.600833 0.0426328 0.226667 0.0142822
0 0.937922 0.5875 0.0178333 0.0816667 0.014061
0 0.0695221 0.512917 0.0387318 0.0566667 0.0133286
9 0.228768 0.416667 0.0273073 0.06 0.0124283
1 0.993651 0.616667 0.0100313 0.0416666 0.0121002
26 0.928448 0.613333 0.0178333 0.0333333 0.0117798
0 0.949068 0.5675 0.0211771 0.0666666 0.0115051
0 0.889437 0.581667 0.0111458 0.0466667 0.0112915
9 0.859344 0.354583 0.0178333 0.0375 0.0109863
0 0.941823 0.555 0.0200625 0.0383334 0.0108566
0 0.0145592 0.515 0.0215951 0.0583333 0.0107346
9 0.202297 0.422083 0.0111458 0.0416667 0.0104065
26 0.874391 0.605 0.0167187 0.0425 0.0103683
0 0.0235456 0.513333 0.0367116 0.0516667 0.00985718
11 0.614135 0.239167 0.0245208 0.0366667 0.00978088
0 0.0384531 0.5125 0.0326016 0.05 0.00971222
1 0.890552 0.620417 0.0245209 0.104167 0.00963593
0 0.0904902 0.519167 0.0328802 0.0616667 0.00955963
2 0.736182 0.561667 0.0189479 0.0366667 0.00952148
0 0.887766 0.586667 0.0122604 0.0416667 0.00933838
1 0.20578 0.603333 0.036224 0.085 0.00926971
0 0.00700098 0.56 0.014002 0.135 0.00912476
0 0.888323 0.5675 0.00891666 0.03 0.00894928
0 0.917302 0.566667 0.0178333 0.0666666 0.0085144
28 0.15019 0.640833 0.0652031 0.12 0.00806427
0 0.116544 0.53875 0.0130964 0.0341666 0.00772476
13 0.158236 0.547083 0.0669447 0.0433333 0.00757599
0 0.863245 0.571667 0.0122603 0.0616667 0.00751877
9 0.855443 0.355104 0.0234063 0.038125 0.00725937
13 0.984734 0.6125 0.02675 0.045 0.00709534
0 0.0874948 0.595 0.0497383 0.228333 0.00695801
13 0.978604 0.62 0.0156042 0.0283333 0.0069046
0 0.896682 0.578333 0.0200624 0.0483334 0.00671768
1 0.205641 0.6175 0.0390104 0.0783333 0.00671768
0 0.874391 0.605 0.0167187 0.0425 0.006073
1 0.891109 0.6575 0.0200625 0.0283334 0.00600433
0 0.0233453 0.570833 0.0284045 0.165 0.00598145
56 0.985292 0.619167 0.02675 0.0316667 0.00527954
0 0.874391 0.569167 0.013375 0.0533334 0.00503922
26 0.905042 0.626667 0.0122604 0.0491667 0.00500107
56 0.984734 0.6125 0.02675 0.045 0.00494385
16 0.886094 0.645 0.0300938 0.055 0.00481033
0 0.927333 0.600417 0.0234063 0.06 0.00477219
1 0.905042 0.626667 0.0122604 0.0491667 0.00469971
56 0.994208 0.611667 0.00891666 0.0475 0.00462723
11 0.954083 0.469167 0.0234063 0.0333333 0.00453949
26 0.0128525 0.642083 0.0191569 0.0341666 0.00439835
28 0.153255 0.6125 0.0713333 0.176667 0.00436401
1 0.188504 0.609167 0.0261927 0.095 0.00431442
0 0.119609 0.530833 0.0190872 0.05 0.00428009
0 0.147961 0.505417 0.0186693 0.0433333 0.0042305
0 0.280875 0.446667 0.0384531 0.0916667 0.00392914
0 0.882193 0.575 0.013375 0.0583333 0.00379562
0 0.704417 0.426667 0.0156042 0.0325 0.00369263
74 0.952969 0.47 0.0222917 0.03 0.00367928
26 0.889437 0.638333 0.02675 0.0666666 0.00355148
0 0.116474 0.5275 0.0211771 0.055 0.00355148
1 0.978604 0.62 0.0156042 0.0283333 0.00352478
0 0.873833 0.622917 0.02675 0.0975 0.00352478
1 0.984734 0.6125 0.02675 0.045 0.00345612
26 0.935693 0.560833 0.0111458 0.0233334 0.00335121
0 0.914516 0.550417 0.0222918 0.0466667 0.00327301
0 0.859344 0.611667 0.0178333 0.08 0.00314713
1 0.206337 0.590833 0.0334375 0.0766667 0.00312424
0 0.56788 0.545417 0.0278646 0.085 0.003088
0 0.344964 0.45625 0.0312083 0.0583334 0.00302696
13 0.993651 0.616667 0.0100313 0.0416666 0.00302696
56 0.978604 0.62 0.0156042 0.0283333 0.0029583
74 0.234341 0.180833 0.062974 0.0758333 0.00294685
74 0.614135 0.239167 0.0245208 0.0366667 0.00279999
0 0.0229883 0.578333 0.0317656 0.216667 0.00279999
0 0.951854 0.590833 0.0200624 0.075 0.00279999
9 0.206895 0.4275 0.0270286 0.0558333 0.00279045
0 0.0114941 0.604583 0.022849 0.0991667 0.00279045
1 0.181538 0.606667 0.0342734 0.129167 0.00276756
0 0.746771 0.386667 0.00891666 0.02 0.00273705
0 0.872719 0.609167 0.0156042 0.06 0.00269318
26 0.887766 0.586667 0.0122604 0.0416667 0.0026722
0 0.463109 0.482083 0.0417969 0.0508333 0.00263214
60 0.0612324 0.620417 0.103099 0.1875 0.00263214
0 0.940708 0.590417 0.0178333 0.0758334 0.0026207
28 0.0587943 0.613333 0.089724 0.196667 0.0026207
11 0.611349 0.24 0.0323229 0.0408333 0.00254059
0 0.830365 0.565833 0.0100312 0.0333334 0.00253105
0 0.887208 0.634583 0.0289792 0.075 0.00247192
26 0.00595605 0.535 0.0119121 0.0533333 0.00237846
74 0.0838724 0.39875 0.0103099 0.03 0.00231361
0 0.0484147 0.521667 0.0207591 0.03 0.00230598
0 0.781323 0.536667 0.013375 0.0316667 0.00226974
0 0.88275 0.555417 0.0167188 0.0308333 0.00223351
9 0.917302 0.3725 0.0178333 0.0533333 0.00222588
0 0.0501911 0.524167 0.0259837 0.025 0.00217438
13 0.0115116 0.611667 0.0229534 0.0908333 0.00217438
0 0.567323 0.561667 0.02675 0.0541666 0.00215721
26 0.886094 0.645 0.0300938 0.055 0.00214958
0 0.284706 0.434167 0.035806 0.0733333 0.00211525
0 0.660948 0.416667 0.0222917 0.0383334 0.00199509
11 0.859344 0.354583 0.0178333 0.0375 0.0019722
0 0.706646 0.424583 0.0200625 0.0366667 0.00194931
0 0.0736844 0.566667 0.0791702 0.151667 0.00193405
0 0.466453 0.49 0.0378958 0.045 0.00183105
9 0.0828275 0.398333 0.0149076 0.0333333 0.00182438
16 0.891109 0.6575 0.0200625 0.0283334 0.0018177
74 0.198256 0.621667 0.0479271 0.148333 0.0018034
0 0.783552 0.440833 0.0100313 0.025 0.00179577
0 0.951297 0.6025 0.0189479 0.0516667 0.00179577
0 0.424099 0.465 0.0624167 0.125 0.00176144
0 0.229326 0.4175 0.0278646 0.06 0.00175476
1 0.177776 0.612917 0.0278646 0.0975 0.0017271
13 0.155066 0.613333 0.0730052 0.178333 0.0017271
0 0.476484 0.534167 0.02675 0.0683333 0.00171375
0 0.741198 0.43375 0.013375 0.0308333 0.0016613
0 0.315427 0.465417 0.0546146 0.0858334 0.00163555
0 0.0493203 0.515833 0.0197839 0.04 0.00163555
0 0.355552 0.466667 0.0646458 0.0783333 0.00162888
0 0.542802 0.38625 0.0278646 0.0666667 0.00162315
1 0.0119295 0.6175 0.0230928 0.085 0.00160408
0 0.479828 0.52 0.017276 0.0583333 0.00159168
2 0.368927 0.14875 0.013375 0.0104167 0.00156689
0 0.454471 0.484583 0.0624167 0.0633333 0.00156689
0 0.281711 0.461667 0.0373385 0.075 0.0015192
0 0.659833 0.414167 0.0234063 0.05 0.00150681
0 0.832036 0.456667 0.0144896 0.03 0.00150108
60 0.843292 1 0.313417 0 0.00148964
12 0.22835 0.416667 0.0264714 0.06 0.00144386
9 0.918417 0.362917 0.0189479 0.0725 0.00140476
2 0.317656 0.146667 0.0345521 0.0216667 0.00139427
13 0.872162 0.649167 0.0289792 0.045 0.00139427
0 0.538901 0.379167 0.0222917 0.0516667 0.00137806
0 0.336047 0.458333 0.0501563 0.0658333 0.00136662
0 0.780208 0.540833 0.0111458 0.0283333 0.00136185
0 0.102472 0.515 0.0541966 0.0708333 0.00133038
0 0.786896 0.443333 0.013375 0.0316667 0.00132465
4 0.525526 0.508333 0.597417 0.551667 0.00132465
26 0.871047 0.604167 0.013375 0.0416667 0.00131512
2 0.733953 0.564167 0.0245208 0.0483333 0.00130463
9 0.884979 0.151042 0.0334375 0.0195833 0.00129414
1 0.898911 0.639167 0.0178334 0.0566667 0.00129414
0 0.414068 0.470833 0.0390104 0.114167 0.00128937
14 0.247159 0.722917 0.0130964 0.0158333 0.0012846
0 0.391776 0.4775 0.0835937 0.1 0.0012598
0 0.0875645 0.51 0.031069 0.075 0.0012598
9 0.952969 0.47 0.0211771 0.03 0.00125504
0 0.896125 0.619167 0.0479271 0.125 0.00124454
0 0.54949 0.3925 0.0367813 0.0566666 0.00123501
0 0.787453 0.439167 0.0122604 0.0283333 0.00122547
0 0.608562 0.665833 0.0200625 0.0533333 0.00120163
0 0.728937 0.43125 0.0156042 0.035 0.00119209
0 0.326573 0.459167 0.0568437 0.0766667 0.00118828
0 0.789125 0.536667 0.0178333 0.0325 0.00118828
1 0.177079 0.62 0.0231276 0.131667 0.00118828
0 0.897797 0.553333 0.0167188 0.03 0.00118351
0 0.84374 0.459167 0.0122603 0.03 0.00116539
0 0.840396 0.56 0.0156041 0.07 0.00116539
0 0.743427 0.432083 0.0156042 0.0333333 0.00115585
0 0.84151 0.458333 0.00891666 0.0316667 0.00115585
0 0.832594 0.559167 0.0122604 0.0566667 0.00115108
0 0.717234 0.341562 0.0111458 0.0185417 0.00112438
0 0.451964 0.506667 0.0696614 0.104167 0.00110722
60 0.283383 1 0.563422 0 0.00108624
74 0.611349 0.24 0.0323229 0.0408333 0.00107765
1 0.159385 0.556667 0.0710547 0.0633333 0.00107765
0 0.828135 0.564167 0.013375 0.0383333 0.00106907
56 0.158306 0.5475 0.0701491 0.045 0.00106049
0 0.828135 0.45625 0.0144896 0.0291667 0.00105667
11 0.611906 0.173333 0.0490417 0.18875 0.00104427
0 0.825349 0.456667 0.0111458 0.0283333 0.00104046
28 0.0544753 0.655 0.089724 0.113333 0.00104046
0 0.28394 0.35375 0.0289792 0.0325 0.00103664
0 0.713333 0.427917 0.0156042 0.0358333 0.00103664
11 0.208009 0.44625 0.0287005 0.0258333 0.00103664
0 0.879406 0.563333 0.0178333 0.06 0.00103664
0 0.455307 0.595 0.0156042 0.0216667 0.00103188
56 0.0107279 0.615 0.0213164 0.0816666 0.00103188
0 0.468961 0.4975 0.0351094 0.0316667 0.00102806
0 0.992536 0.56375 0.0122604 0.0383333 0.00102425
0 0.280039 0.478333 0.0429115 0.101667 0.00102043
0 0.741198 0.43125 0.0178333 0.0366667 0.00101662
