59 0.519469 0.700335 0.961062 0.56808 0.24292
59 0.520709 0.794643 0.950645 0.383929 0.142212
58 0.517857 0.37221 0.964286 0.700893 0.0445251
25 0.595734 0.157785 0.796627 0.298828 0.0309143
73 0.946429 0.850446 0.107143 0.0647322 0.02211
59 0.508433 0.394531 0.965278 0.738839 0.0193787
62 0.487103 0.595424 0.198413 0.202009 0.0171051
57 0.517485 0.686384 0.96503 0.585938 0.0140076
73 0.209325 0.705357 0.0585318 0.0558036 0.0119171
75 0.112847 0.456543 0.220734 0.569057 0.0110321
39 0.114087 0.867746 0.0456349 0.0680804 0.0101318
73 0.197421 0.699219 0.0833333 0.0703125 0.00974274
75 0.168155 0.458705 0.332341 0.575893 0.00857544
25 0.611111 0.113839 0.777778 0.22154 0.00723267
73 0.223214 0.705357 0.0277778 0.0535714 0.00712204
75 0.511905 0.379464 0.962302 0.716518 0.00616837
57 0.191344 0.457589 0.373264 0.613839 0.00564194
72 0.486111 0.610352 0.206349 0.234654 0.00455475
39 0.213294 0.678571 0.114087 0.118304 0.00448608
45 0.113839 0.234096 0.22371 0.118862 0.00446701
39 0.212302 0.700335 0.113095 0.0758928 0.00439835
75 0.212302 0.700335 0.113095 0.0758928 0.00418091
39 0.21131 0.703125 0.0535714 0.0602679 0.00400543
39 0.21875 0.646763 0.0446429 0.0558036 0.00367928
39 0.197421 0.700335 0.0853175 0.0714286 0.00362206
39 0.199901 0.68192 0.0863095 0.100446 0.00352478
58 0.207341 0.333984 0.406746 0.615513 0.00351143
9 0.487103 0.609933 0.204365 0.235491 0.00348282
41 0.197421 0.700893 0.0863095 0.0736608 0.00344276
58 0.188988 0.444475 0.372024 0.568638 0.00331116
41 0.112847 0.456543 0.220734 0.569057 0.00305176
14 0.243056 0.152762 0.241071 0.223493 0.00296974
58 0.215278 0.678571 0.111111 0.118304 0.00286674
13 0.518353 0.77567 0.945437 0.430804 0.00271416
57 0.519345 0.808594 0.957341 0.353795 0.00269318
60 0.545635 0.784598 0.888889 0.40625 0.00255013
26 0.611111 0.113839 0.777778 0.22154 0.0024929
44 0.242932 0.154855 0.248264 0.232701 0.00246239
56 0.94246 0.90346 0.115079 0.179688 0.00243378
20 0.511905 0.379464 0.962302 0.716518 0.00234222
58 0.348214 0.363002 0.688492 0.651228 0.00232315
73 0.21131 0.694196 0.115079 0.0848215 0.00216484
59 0.612103 0.114397 0.769841 0.223214 0.00216484
75 0.197421 0.699777 0.0863095 0.0703125 0.00214005
58 0.187624 0.197405 0.360863 0.333984 0.00211525
60 0.188988 0.444475 0.372024 0.568638 0.00209999
59 0.19246 0.472935 0.375 0.62779 0.0020752
0 0.219246 0.641741 0.0396826 0.0446428 0.00199509
26 0.21131 0.694196 0.113095 0.0848215 0.00198746
15 0.241939 0.140067 0.236359 0.198103 0.0019722
14 0.357639 0.134626 0.306548 0.230748 0.00194168
39 0.219742 0.677455 0.0545635 0.100446 0.00190449
56 0.512277 0.672991 0.975446 0.597098 0.00188255
0 0.242932 0.154855 0.248264 0.232701 0.00185299
58 0.548115 0.181641 0.899802 0.333147 0.00182438
60 0.134921 0.450893 0.264881 0.549107 0.0018177
26 0.212798 0.677455 0.119048 0.116071 0.00179577
25 0.559648 0.226842 0.872768 0.423549 0.00178242
28 0.619544 0.106794 0.760913 0.208287 0.00171375
39 0.220238 0.641183 0.0376984 0.0446428 0.00170708
26 0.755952 0.102539 0.488095 0.199498 0.00166798
13 0.94246 0.90346 0.115079 0.179688 0.00162315
25 0.533854 0.377232 0.904514 0.712054 0.00158501
40 0.113095 0.230469 0.224206 0.125558 0.00157356
14 0.548115 0.181641 0.899802 0.333147 0.00154877
60 0.113591 0.234375 0.223214 0.117746 0.00153637
58 0.240079 0.162981 0.25 0.244908 0.00152493
41 0.168155 0.458705 0.332341 0.575893 0.00151253
60 0.94246 0.90346 0.115079 0.179688 0.00150108
41 0.175595 0.698103 0.0416667 0.0658482 0.00148964
28 0.755952 0.102539 0.488095 0.199498 0.00148392
56 0.529762 0.392857 0.922619 0.729911 0.00148392
62 0.582341 0.406808 0.105159 0.135045 0.0014782
56 0.191344 0.457589 0.373264 0.613839 0.00143814
60 0.348214 0.363002 0.688492 0.651228 0.0014267
73 0.232143 0.698661 0.0753968 0.0680804 0.00142097
75 0.213294 0.678571 0.115079 0.118304 0.00142097
56 0.208333 0.700893 0.105159 0.0736608 0.00141621
58 0.134921 0.450893 0.264881 0.549107 0.00138283
75 0.175595 0.698103 0.0416667 0.0658482 0.00137234
19 0.511905 0.379464 0.962302 0.716518 0.00136662
15 0.240575 0.0996791 0.236111 0.117606 0.00134563
41 0.113839 0.234096 0.22371 0.118862 0.00130463
0 0.0411706 0.13058 0.0793651 0.193638 0.00127888
75 0.113095 0.230469 0.224206 0.125558 0.00121593
75 0.486607 0.610631 0.206349 0.236328 0.00119686
58 0.944444 0.907366 0.111111 0.178572 0.00119209
23 0.511905 0.379464 0.962302 0.716518 0.00119209
73 0.251984 0.698661 0.0357143 0.0658482 0.00118828
0 0.219246 0.677455 0.10119 0.116071 0.0011425
39 0.112103 0.853795 0.046627 0.09375 0.00108624
39 0.0272817 0.1747 0.0525794 0.103167 0.00107288
77 0.21875 0.646763 0.0446429 0.0558036 0.00106907
0 0.584325 0.133057 0.78373 0.259556 0.00106907
60 0.519469 0.700335 0.961062 0.56808 0.00106525
39 0.231151 0.65067 0.0694444 0.0647321 0.00106049
41 0.982143 0.741071 0.0357143 0.0915179 0.00105667
60 0.158606 0.362723 0.311756 0.640625 0.00105667
10 0.511905 0.379464 0.962302 0.716518 0.00105667
74 0.115327 0.599888 0.0327381 0.0167411 0.00105286
19 0.559028 0.170201 0.87004 0.322545 0.00104046
39 0.223214 0.705357 0.0277778 0.0535714 0.00102425
14 0.378968 0.102888 0.345238 0.205776 0.00100422
59 0.518353 0.71038 0.963294 0.549107 0.303955
59 0.545139 0.780134 0.887897 0.415179 0.149048
58 0.516493 0.371931 0.967014 0.702567 0.0587769
25 0.602679 0.156529 0.788691 0.301897 0.0386047
73 0.946925 0.850446 0.106151 0.0647322 0.0249939
62 0.487103 0.609933 0.204365 0.236607 0.0212097
59 0.511037 0.390067 0.958085 0.742188 0.0199127
73 0.210317 0.705357 0.0575397 0.0546875 0.0120087
57 0.5 0.762137 0.996032 0.444475 0.00971222
73 0.197917 0.699219 0.0823413 0.0703125 0.0091629
39 0.114087 0.867746 0.0451389 0.0680804 0.00763702
73 0.223214 0.705357 0.0277778 0.0535714 0.00734711
72 0.486111 0.609933 0.206349 0.235491 0.00636292
60 0.113343 0.445592 0.221726 0.537388 0.00570679
45 0.113591 0.234375 0.223214 0.11942 0.00540543
60 0.113343 0.234375 0.222718 0.118304 0.00460815
57 0.190972 0.458147 0.373016 0.608259 0.00453949
60 0.195933 0.452288 0.385913 0.560826 0.00438309
39 0.21131 0.703683 0.0535714 0.0602679 0.00379562
75 0.112847 0.456194 0.220734 0.56529 0.00356483
39 0.218254 0.646763 0.0436508 0.0558036 0.00351143
41 0.197421 0.700893 0.0863095 0.0736608 0.00344276
25 0.544147 0.201451 0.907738 0.380022 0.00337601
39 0.212302 0.700893 0.113095 0.0758928 0.00335121
58 0.210317 0.330357 0.412698 0.611607 0.00327301
39 0.213294 0.678571 0.115079 0.11942 0.00323486
75 0.212302 0.700893 0.113095 0.0758928 0.00316048
39 0.200893 0.68192 0.0833333 0.0993304 0.00300407
56 0.94246 0.904576 0.115079 0.179688 0.00293541
58 0.187996 0.174386 0.360119 0.291853 0.00291252
39 0.197917 0.699219 0.0823413 0.0703125 0.00275803
58 0.215278 0.678571 0.111111 0.120536 0.00263214
60 0.94246 0.904576 0.115079 0.179688 0.00261116
59 0.613095 0.114676 0.767857 0.224051 0.00258064
9 0.487103 0.609933 0.204365 0.236607 0.00254059
15 0.241939 0.135359 0.236359 0.189662 0.00237846
58 0.544147 0.201451 0.907738 0.380022 0.00236893
44 0.242932 0.155552 0.248264 0.234654 0.00229645
58 0.195933 0.452288 0.385913 0.560826 0.00229645
14 0.242932 0.152658 0.240327 0.224261 0.00228691
58 0.239211 0.164621 0.25372 0.251116 0.00216484
75 0.197421 0.699777 0.0863095 0.0691964 0.00215721
75 0.511409 0.376674 0.961309 0.719866 0.00215721
60 0.378968 0.366071 0.75 0.647321 0.00214005
0 0.242932 0.155552 0.248264 0.234654 0.00211525
13 0.94246 0.904576 0.115079 0.179688 0.00209045
25 0.537574 0.374721 0.895089 0.713728 0.00203514
73 0.210317 0.694196 0.111111 0.0848215 0.0019722
26 0.611111 0.114328 0.777778 0.222796 0.00191212
62 0.582341 0.401786 0.109127 0.15067 0.00184631
59 0.19246 0.477121 0.375 0.620536 0.00184631
60 0.545139 0.780134 0.887897 0.415179 0.00183105
75 0.189608 0.458147 0.372768 0.583705 0.00182438
39 0.21875 0.676897 0.0515873 0.0993303 0.00176811
0 0.21875 0.641183 0.0386905 0.0446428 0.00171375
60 0.148065 0.364397 0.291171 0.632812 0.00171375
39 0.220238 0.640625 0.0376984 0.0446429 0.00170708
58 0.378968 0.366071 0.75 0.647321 0.00170708
41 0.112847 0.456194 0.220734 0.56529 0.0017004
15 0.240575 0.0989118 0.236111 0.116908 0.00168705
26 0.21131 0.690848 0.113095 0.0915179 0.00168133
0 0.0414187 0.129708 0.0793651 0.192034 0.0016613
39 0.0272817 0.176618 0.0525794 0.0987723 0.00162315
58 0.0406746 0.133371 0.077877 0.188058 0.00152493
41 0.175595 0.697545 0.0416667 0.0647322 0.00150681
40 0.113095 0.231306 0.224206 0.125 0.00144958
75 0.113095 0.231306 0.224206 0.125 0.00143814
56 0.512897 0.697545 0.974206 0.555804 0.00135136
28 0.62252 0.107213 0.75496 0.209682 0.00134563
73 0.234127 0.698661 0.0694444 0.0680804 0.00131512
75 0.175595 0.697545 0.0416667 0.0647322 0.00130463
56 0.208333 0.700893 0.105159 0.0736608 0.00127888
56 0.113343 0.234654 0.222718 0.117746 0.00127411
41 0.113591 0.234375 0.223214 0.11942 0.00125504
60 0.518353 0.71038 0.963294 0.549107 0.00122547
13 0.516741 0.772321 0.950645 0.4375 0.00121593
73 0.251984 0.698661 0.0357143 0.0658482 0.0012064
77 0.240079 0.100656 0.235119 0.118443 0.00120163
28 0.75496 0.102818 0.490079 0.200614 0.00119686
14 0.358135 0.133894 0.305556 0.231655 0.0011692
58 0.0907738 0.17463 0.176587 0.268485 0.0011692
75 0.213294 0.678571 0.115079 0.118304 0.00116539
75 0.0272817 0.188058 0.0525794 0.0739397 0.0011425
58 0.570437 0.152204 0.835317 0.297712 0.00112915
40 0.0327381 0.151228 0.062004 0.151228 0.0011158
71 0.113343 0.234654 0.222718 0.117746 0.0011158
26 0.75496 0.102818 0.490079 0.200614 0.0011158
77 0.215278 0.678571 0.111111 0.120536 0.00111198
77 0.218254 0.646763 0.0436508 0.0558036 0.00110722
25 0.604663 0.108259 0.790675 0.210658 0.00109005
39 0.223214 0.705357 0.0277778 0.0535714 0.00108147
58 0.944444 0.907366 0.111111 0.178572 0.00108147
57 0.613095 0.114676 0.767857 0.224051 0.00106049
39 0.231151 0.65067 0.0694444 0.0647321 0.00105286
59 0.517857 0.722098 0.964286 0.527902 0.358398
58 0.515377 0.371652 0.969246 0.703125 0.0549927
25 0.601687 0.155552 0.790675 0.30106 0.0339661
59 0.518849 0.814732 0.956349 0.348214 0.0306702
62 0.486111 0.609933 0.204365 0.236607 0.0245209
73 0.946429 0.850446 0.107143 0.0647322 0.0231476
59 0.512029 0.387835 0.956101 0.741071 0.016922
73 0.210317 0.705357 0.0565476 0.0546875 0.0115509
57 0.498512 0.769531 0.997024 0.43192 0.00857544
73 0.197917 0.699219 0.0823413 0.0703125 0.00854492
60 0.114087 0.234654 0.224206 0.11942 0.00821686
60 0.113343 0.43478 0.221726 0.516602 0.00806427
73 0.223214 0.705357 0.0257936 0.0535714 0.00723267
72 0.486111 0.610491 0.206349 0.235491 0.00651169
39 0.114087 0.867746 0.0451389 0.0680804 0.00591278
60 0.163194 0.457868 0.322421 0.569754 0.00582123
57 0.190972 0.458705 0.373016 0.598214 0.00577545
45 0.113839 0.234375 0.22371 0.119978 0.00542831
25 0.540179 0.212472 0.915675 0.405971 0.00416565
39 0.21131 0.704241 0.0535714 0.0602678 0.00367928
39 0.218254 0.646763 0.0446429 0.0558036 0.00324821
58 0.187624 0.168806 0.360863 0.283482 0.00322342
41 0.197421 0.700893 0.0853175 0.0736608 0.00317192
39 0.197421 0.700335 0.0853175 0.0725447 0.00305176
56 0.94246 0.905134 0.115079 0.178571 0.00300407
75 0.212302 0.700335 0.113095 0.0770089 0.00298119
39 0.212302 0.700335 0.113095 0.0770089 0.0029583
58 0.540179 0.212472 0.915675 0.405971 0.0029583
39 0.213294 0.678571 0.115079 0.118304 0.00287819
58 0.215278 0.678571 0.113095 0.120536 0.00279999
60 0.94246 0.905134 0.115079 0.178571 0.00277901
25 0.514757 0.366908 0.958581 0.703683 0.00274658
58 0.241071 0.325056 0.475198 0.602121 0.0026722
15 0.241939 0.131104 0.236359 0.181431 0.00244331
39 0.200397 0.682478 0.0833333 0.0970982 0.0024147
60 0.401662 0.367467 0.795883 0.638951 0.00233269
44 0.244544 0.155971 0.251984 0.236049 0.00231361
75 0.197421 0.699219 0.0873016 0.0703125 0.00229645
39 0.21875 0.640625 0.0386905 0.0446429 0.00226974
59 0.612599 0.114746 0.766865 0.22447 0.00216484
13 0.94246 0.905134 0.115079 0.178571 0.00216484
39 0.0272817 0.177874 0.0525794 0.0957031 0.0020504
9 0.486111 0.609933 0.204365 0.236607 0.00201035
58 0.233259 0.16476 0.265625 0.255301 0.00198746
58 0.0406746 0.133684 0.077877 0.186872 0.00191212
14 0.24318 0.152483 0.241815 0.22433 0.00190449
62 0.582341 0.401228 0.111111 0.152902 0.00189686
0 0.244544 0.155971 0.251984 0.236049 0.00188923
59 0.19246 0.476562 0.375 0.611607 0.00187492
0 0.0421627 0.113002 0.0793651 0.158482 0.00181007
56 0.113343 0.234654 0.222718 0.117746 0.00181007
75 0.0267857 0.188616 0.0515873 0.0731027 0.00179577
45 0.116567 0.21875 0.215278 0.0859375 0.00179577
73 0.210317 0.694196 0.113095 0.0837054 0.00178909
15 0.240947 0.0987549 0.236359 0.116664 0.00178909
14 0.241567 0.118513 0.238095 0.15639 0.00174141
26 0.211806 0.689732 0.114087 0.0959822 0.00169373
60 0.518353 0.743164 0.963294 0.489118 0.00168705
60 0.147817 0.365513 0.290675 0.610491 0.00167465
26 0.610615 0.114676 0.77877 0.223772 0.00161076
58 0.202505 0.452497 0.398562 0.557059 0.00159168
77 0.240079 0.100795 0.235119 0.118722 0.00158501
39 0.218254 0.676897 0.0496032 0.0970983 0.00156116
0 0.0342262 0.146624 0.0634921 0.159877 0.00156116
75 0.113095 0.231864 0.224206 0.123884 0.00148392
0 0.21875 0.640625 0.0386905 0.0446429 0.00144386
58 0.093502 0.167969 0.183036 0.256696 0.0014267
71 0.113343 0.234654 0.222718 0.117746 0.00137806
77 0.215278 0.678571 0.113095 0.120536 0.00134563
75 0.112847 0.450335 0.220734 0.551339 0.00134563
39 0.0337302 0.188756 0.0664683 0.0750558 0.00131512
58 0.0644841 0.158622 0.124008 0.244141 0.00129986
58 0.566468 0.152902 0.843254 0.299107 0.00126934
41 0.113839 0.234375 0.22371 0.119978 0.00124454
75 0.508929 0.375558 0.964286 0.719866 0.00123024
73 0.235119 0.698661 0.0674603 0.0680804 0.00121593
56 0.190352 0.458705 0.373264 0.578125 0.00121593
77 0.946429 0.304129 0.103175 0.0558036 0.00116539
56 0.208333 0.700893 0.105159 0.0736608 0.00116062
73 0.251984 0.698661 0.0357143 0.0647321 0.00115585
58 0.401662 0.367467 0.795883 0.638951 0.00115585
77 0.218254 0.646763 0.0446429 0.0558036 0.00115108
41 0.175595 0.697545 0.0416667 0.0647322 0.00115108
75 0.175595 0.697545 0.0416667 0.0647322 0.00114727
40 0.113095 0.231864 0.224206 0.123884 0.00113392
75 0.213294 0.678571 0.115079 0.118304 0.00113392
44 0.0223214 0.134347 0.0401786 0.0951451 0.00109863
58 0.943948 0.907366 0.112103 0.178572 0.00108147
56 0.513021 0.715262 0.973958 0.5226 0.00107765
39 0.223214 0.705357 0.0257936 0.0535714 0.00107288
28 0.623016 0.107701 0.753968 0.210659 0.00107288
58 0.0332341 0.150809 0.062004 0.148996 0.00106525
57 0.612599 0.114746 0.766865 0.22447 0.00104427
40 0.0329861 0.151821 0.0625 0.149484 0.00104046
39 0.231647 0.65067 0.0704365 0.0647321 0.00102043
59 0.516989 0.746791 0.966022 0.484096 0.429199
58 0.512897 0.371931 0.974206 0.704799 0.0549927
25 0.600694 0.155692 0.792659 0.301897 0.0375977
62 0.486111 0.610491 0.203373 0.236607 0.0318604
73 0.946429 0.850446 0.107143 0.0647322 0.0220337
25 0.548735 0.198521 0.886657 0.385882 0.0153656
59 0.513889 0.385045 0.950397 0.738839 0.0131683
73 0.209821 0.705357 0.0565476 0.0546875 0.0115509
60 0.114087 0.234515 0.224206 0.119699 0.0109863
60 0.113095 0.420201 0.222222 0.488839 0.00919342
73 0.197421 0.699219 0.0833333 0.0703125 0.00821686
60 0.164187 0.454799 0.324405 0.563616 0.00793457
57 0.498512 0.771205 0.997024 0.428571 0.00793457
57 0.1906 0.457589 0.374752 0.573661 0.00769424
72 0.485119 0.610631 0.206349 0.236328 0.00714874
73 0.222718 0.705357 0.0267857 0.0535714 0.0068779
45 0.113839 0.234654 0.22371 0.119978 0.00557709
39 0.114087 0.867746 0.0446429 0.0669642 0.0049057
25 0.512029 0.366629 0.960069 0.705357 0.00466537
39 0.21131 0.703683 0.0535714 0.0613839 0.0042305
58 0.53373 0.221819 0.928572 0.426897 0.00416565
58 0.188492 0.167446 0.361111 0.283412 0.00391388
39 0.218254 0.646205 0.0436508 0.0558036 0.00341606
39 0.197421 0.700335 0.0853175 0.0725447 0.00341606
59 0.498512 0.816964 0.997024 0.339286 0.00319672
39 0.213294 0.678571 0.115079 0.11942 0.00318527
39 0.212302 0.699777 0.111111 0.078125 0.00316048
41 0.197421 0.700893 0.0863095 0.0736608 0.00309944
75 0.0267857 0.189732 0.0515873 0.0703125 0.00304031
58 0.215278 0.678571 0.113095 0.120536 0.00300407
58 0.267733 0.173828 0.397073 0.296317 0.00292397
75 0.212302 0.699777 0.111111 0.078125 0.00286674
44 0.245536 0.155169 0.25496 0.235421 0.0028553
41 0.212302 0.699777 0.111111 0.078125 0.0026722
58 0.254464 0.319754 0.501984 0.592634 0.0026722
60 0.94246 0.905134 0.115079 0.178571 0.00266266
39 0.0267857 0.17885 0.0525794 0.093192 0.00265312
56 0.94246 0.905134 0.115079 0.178571 0.00265312
39 0.218254 0.640625 0.0376984 0.0446429 0.00255013
60 0.396701 0.368304 0.785962 0.628348 0.00248146
56 0.113343 0.234654 0.22371 0.117746 0.00245285
15 0.242063 0.126256 0.237103 0.172433 0.0024147
58 0.0404266 0.135184 0.077381 0.183315 0.00237846
39 0.200397 0.68192 0.0833333 0.0959822 0.00225258
0 0.0421627 0.1107 0.0793651 0.154157 0.00219154
75 0.197421 0.700893 0.0863095 0.0736608 0.00218201
45 0.11756 0.217494 0.214286 0.0834264 0.00214958
77 0.240575 0.100935 0.235119 0.11928 0.00203514
62 0.582341 0.400112 0.111111 0.154018 0.00203514
59 0.19246 0.473214 0.375 0.603795 0.00201035
13 0.94246 0.905134 0.115079 0.178571 0.00195694
58 0.0555556 0.152902 0.107143 0.232701 0.00194168
59 0.612103 0.114886 0.767857 0.225028 0.00192642
39 0.0337302 0.189453 0.0664683 0.0731027 0.00191879
15 0.240575 0.0986328 0.237103 0.116908 0.00183868
0 0.03125 0.118722 0.0565476 0.150949 0.00174809
73 0.210317 0.694196 0.113095 0.0837054 0.00173378
26 0.212302 0.688616 0.113095 0.0970983 0.00173378
60 0.143105 0.37221 0.28125 0.570312 0.00173378
0 0.245536 0.155169 0.25496 0.235421 0.0017004
58 0.0905258 0.167411 0.178075 0.253906 0.00169373
14 0.241567 0.116908 0.238095 0.154018 0.00167465
9 0.486111 0.610491 0.203373 0.236607 0.00167465
58 0.0327381 0.152204 0.0615079 0.145647 0.00162315
39 0.0255456 0.191964 0.0486111 0.0647321 0.0015974
58 0.561508 0.153599 0.853175 0.30106 0.00157928
26 0.609623 0.115513 0.780754 0.225446 0.00153637
0 0.03125 0.149519 0.0565476 0.152414 0.00152493
56 0.1906 0.457589 0.374752 0.573661 0.00152493
39 0.218254 0.676339 0.0496032 0.0959822 0.0015192
14 0.243552 0.151821 0.242063 0.223703 0.00150108
60 0.516989 0.746791 0.966022 0.484096 0.00150108
0 0.218254 0.640625 0.0376984 0.0446429 0.00146103
75 0.113095 0.232143 0.224206 0.123884 0.00145531
44 0.0223214 0.134626 0.0396825 0.093192 0.00143814
41 0.031746 0.195033 0.0615079 0.0602679 0.00143242
77 0.946429 0.30385 0.103175 0.0552455 0.00137806
77 0.215278 0.678571 0.113095 0.120536 0.00136662
60 0.18068 0.3125 0.356895 0.569196 0.00136662
41 0.113839 0.234654 0.22371 0.119978 0.00135612
75 0.0347222 0.183594 0.0684524 0.0915179 0.00132465
41 0.0238095 0.199916 0.0456349 0.0482701 0.00132465
71 0.113591 0.234375 0.223214 0.118304 0.00130463
40 0.113095 0.232143 0.224206 0.123884 0.00129414
58 0.1906 0.457589 0.374752 0.573661 0.0012846
73 0.235119 0.698661 0.0674603 0.0680804 0.00127888
40 0.0332341 0.152658 0.0634921 0.147252 0.00124454
73 0.251984 0.698661 0.0357143 0.0647321 0.0012207
40 0.0337302 0.189453 0.0664683 0.0731027 0.00118828
58 0.944444 0.907366 0.111111 0.178572 0.0011692
40 0.0243056 0.202567 0.0436508 0.0429688 0.00116539
39 0.222718 0.705357 0.0267857 0.0535714 0.00115108
56 0.208333 0.700893 0.105159 0.0736608 0.00115108
40 0.0270337 0.179129 0.0510913 0.094308 0.00111198
74 0.939484 0.303013 0.0892858 0.0524554 0.00109863
77 0.940476 0.575893 0.107143 0.0837053 0.00109482
39 0.231151 0.649554 0.0694444 0.0625 0.00109482
59 0.94246 0.905134 0.115079 0.178571 0.00106907
44 0.0272817 0.141497 0.0505952 0.105399 0.00106049
15 0.946429 0.30385 0.103175 0.0552455 0.00106049
75 0.213294 0.678571 0.115079 0.11942 0.00104046
57 0.612103 0.114886 0.767857 0.225028 0.00103188
25 0.604663 0.108956 0.790675 0.212333 0.00102425
59 0.515377 0.746094 0.965278 0.487723 0.59082
58 0.511409 0.371652 0.977183 0.707589 0.0522461
25 0.600198 0.155971 0.793651 0.303571 0.0360718
62 0.486111 0.610491 0.203373 0.236607 0.028656
73 0.946429 0.851004 0.107143 0.0658483 0.0223694
60 0.113095 0.435826 0.222222 0.522321 0.0132217
25 0.546131 0.202567 0.893849 0.395647 0.0130234
60 0.113591 0.234375 0.224206 0.119978 0.0125275
59 0.517361 0.38058 0.943452 0.736607 0.0115967
73 0.210813 0.705357 0.0535714 0.0558036 0.0106964
57 0.498512 0.772321 0.997024 0.429687 0.00959778
57 0.190352 0.456194 0.373264 0.573103 0.00757599
60 0.212178 0.44894 0.418899 0.555246 0.00751877
73 0.197421 0.699219 0.0833333 0.0703125 0.00737381
72 0.485119 0.610491 0.206349 0.235491 0.00725937
25 0.512897 0.36635 0.958333 0.707031 0.00669098
73 0.222718 0.705357 0.0267857 0.0535714 0.00664139
58 0.188988 0.167411 0.361111 0.286272 0.00530243
58 0.528894 0.223075 0.938244 0.431641 0.00526047
45 0.113591 0.234654 0.224206 0.119978 0.00503922
75 0.0267857 0.19043 0.0515873 0.0691964 0.00450516
39 0.21131 0.703683 0.0535714 0.0613839 0.00413513
39 0.113839 0.867188 0.0451389 0.0669643 0.00376511
58 0.274926 0.172154 0.442212 0.298549 0.00374985
44 0.244172 0.154436 0.25372 0.234096 0.00351143
58 0.214782 0.678571 0.114087 0.120536 0.00348282
39 0.0267857 0.179688 0.0525794 0.0915179 0.00340271
39 0.197421 0.700335 0.0853175 0.0725447 0.00335121
39 0.218254 0.646205 0.0436508 0.0558036 0.00319672
60 0.386781 0.365234 0.766121 0.630022 0.00314713
39 0.212302 0.699219 0.112103 0.0803571 0.00311089
58 0.0404266 0.138358 0.077381 0.176967 0.00305176
39 0.213294 0.678571 0.115079 0.120536 0.00301552
56 0.113095 0.234654 0.224206 0.117746 0.00298119
58 0.235615 0.316406 0.463294 0.585938 0.00294685
39 0.0339782 0.190151 0.0664683 0.0719866 0.00258064
58 0.0515873 0.148577 0.0992064 0.221819 0.00257111
45 0.1188 0.216657 0.211806 0.0817522 0.00253105
39 0.218254 0.640625 0.0376984 0.0446429 0.00245285
39 0.0255456 0.19322 0.0486111 0.0625 0.0024147
75 0.212302 0.699219 0.112103 0.0803571 0.00239754
58 0.0324901 0.152902 0.0610119 0.143973 0.002388
41 0.0322421 0.195312 0.062004 0.0597098 0.00229645
41 0.212302 0.699219 0.112103 0.0803571 0.00226021
41 0.197421 0.700893 0.0853175 0.0736608 0.00225258
56 0.944444 0.90625 0.111111 0.178571 0.00218201
60 0.94246 0.905692 0.115079 0.179688 0.00217438
0 0.0421627 0.109515 0.0793651 0.152065 0.00212479
41 0.0238095 0.199498 0.0451389 0.0485491 0.00211525
39 0.199901 0.68192 0.0833333 0.0959822 0.00211525
60 0.134425 0.371652 0.264881 0.551339 0.00211525
40 0.0386905 0.185826 0.0739087 0.0859375 0.00206757
26 0.212302 0.686384 0.114087 0.101562 0.00200272
58 0.0858135 0.167969 0.169643 0.25 0.00195694
40 0.0322421 0.195312 0.062004 0.0597098 0.00194931
75 0.0349702 0.18471 0.0689484 0.0887277 0.00193405
77 0.240575 0.100708 0.235119 0.118338 0.00192642
40 0.0275298 0.18178 0.0520833 0.0884487 0.00192642
75 0.197421 0.699219 0.0863095 0.0703125 0.00186729
58 0.554564 0.158343 0.867064 0.310547 0.00186729
15 0.242064 0.125558 0.238095 0.171038 0.00186062
44 0.0220734 0.134766 0.0396825 0.0923549 0.00182438
59 0.192336 0.468192 0.375248 0.594866 0.0018034
0 0.244172 0.154436 0.25372 0.234096 0.0017004
13 0.94246 0.905692 0.115079 0.179688 0.00168705
40 0.0334821 0.153216 0.0639881 0.146136 0.00167465
40 0.0243056 0.202427 0.0436508 0.0438058 0.00163555
40 0.113095 0.231445 0.224206 0.125279 0.00163555
60 0.179688 0.308315 0.354911 0.55971 0.00162888
62 0.581349 0.399554 0.111111 0.15625 0.00161076
56 0.190352 0.456194 0.373264 0.573103 0.00161076
0 0.0257937 0.124163 0.0456349 0.131696 0.00152493
73 0.21131 0.694196 0.113095 0.0825893 0.00151253
59 0.613095 0.114816 0.765873 0.224609 0.00151253
77 0.946429 0.30385 0.103175 0.0552455 0.00146675
0 0.218254 0.640625 0.0376984 0.0446429 0.0014267
39 0.217758 0.676339 0.0486111 0.0970982 0.00142097
41 0.113591 0.234654 0.224206 0.119978 0.00142097
39 0.0334821 0.153216 0.0639881 0.146136 0.00141048
75 0.113095 0.231445 0.224206 0.125279 0.00137806
60 0.516369 0.736747 0.967262 0.506417 0.00137234
14 0.241567 0.117188 0.238095 0.155134 0.00134563
9 0.486111 0.610491 0.203373 0.236607 0.00131512
75 0.0384425 0.150949 0.0749008 0.15067 0.00130463
14 0.242932 0.152065 0.242312 0.224051 0.00129414
0 0.507441 0.372768 0.963294 0.720982 0.00129414
0 0.0287698 0.150391 0.0525794 0.149554 0.0012598
15 0.239955 0.0985631 0.238343 0.116769 0.00125504
77 0.940476 0.575335 0.103175 0.0814733 0.00124931
77 0.214782 0.678571 0.114087 0.120536 0.00122547
26 0.609623 0.11649 0.780754 0.227679 0.00121593
77 0.94246 0.565848 0.0952382 0.061384 0.00115585
26 0.210317 0.699777 0.108135 0.0747768 0.00115108
40 0.0252976 0.210379 0.046627 0.0602679 0.00114727
15 0.946429 0.30385 0.103175 0.0552455 0.00114727
58 0.944444 0.90625 0.111111 0.178571 0.00113773
73 0.235119 0.698661 0.0674603 0.0680804 0.00113392
73 0.251984 0.698661 0.0357143 0.0647321 0.0011158
56 0.209325 0.700893 0.107143 0.0736608 0.00111198
71 0.113343 0.234236 0.22371 0.118025 0.00104809
25 0.605159 0.109236 0.789683 0.212891 0.00104809
39 0.231647 0.649554 0.0694444 0.0625 0.00102425
59 0.514757 0.746094 0.96255 0.488839 0.695801
58 0.529266 0.367746 0.941468 0.707589 0.0772095
25 0.601191 0.157087 0.793651 0.305804 0.0362244
62 0.486111 0.610491 0.202381 0.236607 0.0288696
73 0.946429 0.851562 0.107143 0.0647322 0.0272675
60 0.113343 0.431083 0.222718 0.512835 0.0149536
60 0.114087 0.234375 0.224206 0.119978 0.0145569
59 0.518725 0.376953 0.940724 0.736049 0.012146
25 0.538194 0.201172 0.911706 0.393415 0.0116425
73 0.210814 0.705357 0.0525794 0.0558036 0.0115509
57 0.498512 0.773438 0.997024 0.428571 0.0111618
60 0.189608 0.453962 0.372768 0.570871 0.00926971
58 0.520709 0.22154 0.956597 0.430804 0.00841522
57 0.189608 0.453962 0.372768 0.570871 0.00806427
72 0.485119 0.610491 0.205357 0.235491 0.00757599
73 0.223214 0.705357 0.0257936 0.0535714 0.00740433
58 0.188988 0.17034 0.362103 0.296038 0.00734711
25 0.514385 0.366071 0.955357 0.707589 0.00712204
73 0.197421 0.699777 0.0813492 0.0691964 0.0069313
75 0.0267857 0.191685 0.0515873 0.0669643 0.00572968
45 0.113591 0.234654 0.223214 0.119978 0.00510025
58 0.215278 0.678571 0.113095 0.120536 0.0045929
58 0.310516 0.171038 0.545635 0.301339 0.00426483
58 0.224206 0.314732 0.440476 0.583705 0.00390053
39 0.21131 0.704241 0.0525794 0.0602678 0.00382423
56 0.113095 0.234654 0.223214 0.117746 0.00379562
44 0.241939 0.152623 0.250248 0.230469 0.0037365
39 0.196925 0.700335 0.0843254 0.0725447 0.00329781
60 0.371156 0.359096 0.735863 0.634487 0.00328636
58 0.0386905 0.149972 0.0753968 0.150391 0.00313568
39 0.0270337 0.180106 0.0525794 0.0904018 0.00312424
58 0.540675 0.164062 0.894841 0.321987 0.00304031
41 0.0327381 0.195592 0.0625 0.0591518 0.00274658
75 0.0352183 0.185826 0.0684524 0.0859375 0.00264168
45 0.119544 0.216518 0.210317 0.0814732 0.00263214
57 0.123512 0.44873 0.243056 0.5512 0.00254059
39 0.0342262 0.190848 0.0669643 0.0705915 0.00253105
39 0.113839 0.867746 0.0451389 0.0669642 0.00246239
41 0.0238095 0.199777 0.0451389 0.0485491 0.00239754
39 0.0255456 0.194754 0.0486111 0.0594308 0.00230598
40 0.0327381 0.195592 0.0625 0.0591518 0.00230598
40 0.0384425 0.188058 0.0734127 0.0792411 0.00229645
39 0.218254 0.646205 0.0436508 0.0558036 0.00219917
56 0.944444 0.90625 0.111111 0.178571 0.00219917
44 0.0218254 0.134905 0.0396825 0.0912388 0.00211525
39 0.212302 0.699777 0.112103 0.078125 0.00206757
77 0.240575 0.100935 0.234127 0.117885 0.00201988
60 0.128968 0.368862 0.252976 0.532366 0.00200272
56 0.189608 0.453962 0.372768 0.570871 0.0019722
41 0.212302 0.699777 0.112103 0.078125 0.00195694
75 0.197421 0.699219 0.0863095 0.0691965 0.00193405
75 0.212302 0.699777 0.112103 0.078125 0.00190449
40 0.0272817 0.183873 0.0520833 0.0825893 0.00184631
39 0.218254 0.640625 0.0376984 0.0446429 0.00183868
39 0.21379 0.678571 0.115079 0.118304 0.00183105
60 0.18254 0.304967 0.360119 0.556362 0.00182438
58 0.0615079 0.148996 0.118056 0.219308 0.00178909
75 0.113095 0.231724 0.224206 0.124721 0.00176144
40 0.0252976 0.196987 0.0486111 0.0541295 0.00174809
59 0.191344 0.451172 0.373264 0.573103 0.00172043
40 0.113095 0.231724 0.224206 0.124721 0.0017004
0 0.241939 0.152623 0.250248 0.230469 0.00168705
58 0.600694 0.125419 0.786706 0.245536 0.00168705
77 0.940476 0.574777 0.103175 0.0803572 0.00165462
0 0.218254 0.640625 0.0376984 0.0446429 0.00161076
60 0.94246 0.905692 0.115079 0.178571 0.00157928
41 0.197421 0.700893 0.0853175 0.0736608 0.00156116
75 0.0384425 0.152483 0.0749008 0.147042 0.00156116
58 0.0949901 0.169224 0.187004 0.247489 0.00154305
60 0.515873 0.739397 0.964286 0.502232 0.00154305
39 0.199405 0.68192 0.0853175 0.0959822 0.00150108
26 0.212302 0.689174 0.114087 0.0959822 0.00150108
77 0.94246 0.564732 0.0952382 0.0591518 0.00147247
41 0.113095 0.231724 0.224206 0.124721 0.00147247
77 0.946429 0.30385 0.103175 0.0552455 0.00146103
39 0.0332341 0.153739 0.0634921 0.143973 0.00145531
14 0.242188 0.151542 0.241815 0.223145 0.00144386
40 0.0332341 0.153739 0.0634921 0.143973 0.00144386
73 0.212302 0.699777 0.112103 0.078125 0.0014267
77 0.215278 0.678571 0.113095 0.120536 0.00139427
59 0.614583 0.114955 0.766865 0.224609 0.00135612
13 0.94246 0.905692 0.115079 0.178571 0.00131512
58 0.0257937 0.150112 0.046627 0.144531 0.00129414
25 0.606151 0.109515 0.787698 0.213449 0.00129414
26 0.609623 0.117048 0.780754 0.228516 0.0012846
58 0.944444 0.90625 0.111111 0.178571 0.00125504
0 0.0406746 0.108468 0.0758929 0.149693 0.00123978
60 0.112103 0.285645 0.223214 0.217773 0.00123501
15 0.242064 0.125 0.238095 0.168806 0.00121593
14 0.241567 0.117885 0.238095 0.156529 0.00119686
44 0.230159 0.111904 0.0853175 0.138916 0.00119209
56 0.123512 0.44873 0.243056 0.5512 0.00114727
62 0.581349 0.398996 0.109127 0.155692 0.00112915
40 0.0332341 0.140102 0.0625 0.0981445 0.00111198
0 0.507937 0.371094 0.962302 0.722098 0.00110722
74 0.938492 0.303292 0.0873016 0.0530134 0.00109005
73 0.24504 0.703125 0.0238095 0.0569196 0.00108147
77 0.218254 0.646205 0.0436508 0.0558036 0.00107765
15 0.946429 0.30385 0.103175 0.0552455 0.00107288
58 0.430556 0.320033 0.819444 0.586496 0.00105667
77 0.232143 0.649554 0.0694444 0.0625 0.00100422
59 0.512773 0.742188 0.96255 0.497768 0.708984
58 0.524678 0.367467 0.948661 0.707031 0.126343
62 0.486111 0.610491 0.202381 0.235491 0.0403748
25 0.601191 0.157924 0.793651 0.307478 0.0401001
73 0.946429 0.851562 0.107143 0.0647322 0.0293121
60 0.113839 0.234375 0.22371 0.119978 0.0164032
60 0.12376 0.448382 0.243552 0.549665 0.0158997
59 0.520957 0.369978 0.93626 0.725446 0.013588
25 0.532738 0.192243 0.922619 0.376116 0.0125275
73 0.210814 0.705915 0.0525794 0.0546875 0.012146
57 0.498512 0.772321 0.997024 0.433036 0.0118713
58 0.516369 0.210379 0.967262 0.409598 0.0116425
57 0.190352 0.453125 0.373264 0.570312 0.0115509
25 0.550471 0.364397 0.865327 0.699777 0.0104523
60 0.190352 0.453125 0.373264 0.570312 0.0104065
58 0.188492 0.174247 0.362103 0.304408 0.00955963
72 0.485119 0.610352 0.204365 0.234654 0.00894928
73 0.223214 0.705915 0.0257936 0.0535715 0.0077858
73 0.198413 0.699777 0.0793651 0.0691964 0.00748825
75 0.0267857 0.192104 0.0515873 0.0655692 0.00612259
58 0.209449 0.313616 0.410466 0.582589 0.00547028
45 0.113591 0.234654 0.223214 0.119978 0.00503922
58 0.301463 0.170201 0.545883 0.299665 0.00486755
56 0.112847 0.234794 0.222718 0.117467 0.00443268
44 0.241567 0.15067 0.248016 0.226004 0.00378036
60 0.112847 0.36942 0.222718 0.393973 0.00372124
58 0.215774 0.678571 0.113095 0.120536 0.00365067
57 0.12376 0.448382 0.243552 0.549665 0.00355148
39 0.21131 0.704241 0.0525794 0.0602678 0.00335121
60 0.332217 0.355469 0.656994 0.635045 0.00309944
39 0.196925 0.700893 0.0843254 0.0736608 0.00307465
75 0.0352183 0.186663 0.0689484 0.0845424 0.00302696
58 0.0386905 0.150705 0.0749008 0.148368 0.00294685
41 0.0327381 0.195731 0.0634921 0.0588728 0.00293541
73 0.209325 0.700893 0.107143 0.0736608 0.00287819
56 0.190352 0.453125 0.373264 0.570312 0.00276756
39 0.0272817 0.180525 0.0525794 0.0892857 0.00271416
40 0.0327381 0.195731 0.0634921 0.0588728 0.00251198
44 0.0252976 0.140346 0.046627 0.0998884 0.00243378
56 0.944444 0.90625 0.111111 0.179688 0.00243378
58 0.542783 0.134452 0.882689 0.262905 0.00243378
41 0.0238095 0.199637 0.0451389 0.0485491 0.00237846
77 0.241071 0.101004 0.233135 0.117746 0.00236893
45 0.119792 0.216378 0.209821 0.0811942 0.00232315
40 0.0381944 0.188198 0.0729167 0.0767299 0.00231361
39 0.0344742 0.191127 0.0674603 0.0697545 0.00228691
59 0.191468 0.464007 0.374008 0.587612 0.00225258
60 0.18502 0.302944 0.365079 0.554827 0.00214958
26 0.609623 0.116908 0.780754 0.228237 0.00211525
39 0.0255456 0.195592 0.0486111 0.0574777 0.00203514
75 0.113095 0.231724 0.224206 0.125279 0.0019722
39 0.218254 0.647321 0.0426587 0.0558035 0.00186729
0 0.241567 0.15067 0.248016 0.226004 0.00186062
60 0.513889 0.736468 0.964286 0.509208 0.00178242
40 0.0267857 0.184849 0.0510913 0.0795201 0.0017271
40 0.113095 0.231724 0.224206 0.125279 0.00169373
39 0.212302 0.698661 0.113095 0.0803571 0.00168133
59 0.615079 0.114676 0.767857 0.223493 0.00168133
16 0.512029 0.750977 0.971974 0.477958 0.0016613
39 0.113839 0.867746 0.0451389 0.0669642 0.00163555
41 0.212302 0.698661 0.113095 0.0803571 0.00163555
14 0.242064 0.150705 0.241071 0.220912 0.00162315
75 0.0384425 0.152902 0.0749008 0.145089 0.00161076
25 0.607143 0.109236 0.785714 0.212891 0.00161076
60 0.112103 0.288504 0.222222 0.223772 0.00160408
56 0.12376 0.448382 0.243552 0.549665 0.00154877
39 0.218254 0.641183 0.0376984 0.0435268 0.00153637
0 0.218254 0.641183 0.0376984 0.0435268 0.00150108
41 0.113095 0.231724 0.224206 0.125279 0.00150108
77 0.946429 0.30385 0.103175 0.0546875 0.00148392
39 0.199405 0.68192 0.0853175 0.0959822 0.0014782
77 0.94246 0.578683 0.111111 0.0881697 0.0014782
39 0.0324901 0.153878 0.0625 0.143136 0.00145531
39 0.21379 0.678571 0.115079 0.118304 0.00145531
75 0.197421 0.699219 0.0853175 0.0691965 0.00143814
75 0.212302 0.698661 0.113095 0.0803571 0.00142097
73 0.24504 0.703125 0.0238095 0.0569196 0.00138855
56 0.112103 0.288504 0.222222 0.223772 0.00138283
40 0.0243056 0.202288 0.0441468 0.0435268 0.00136185
40 0.0324901 0.153878 0.0625 0.143136 0.00135612
44 0.229167 0.111171 0.0853175 0.137033 0.00133514
26 0.212302 0.688616 0.114087 0.0970983 0.00132465
58 0.0714286 0.148438 0.138889 0.217076 0.00132465
58 0.418527 0.320033 0.807788 0.587612 0.00129414
60 0.94246 0.90625 0.113095 0.178571 0.0012846
58 0.102183 0.170061 0.201389 0.246931 0.0012598
77 0.215774 0.678571 0.113095 0.120536 0.00122547
56 0.513021 0.732282 0.973958 0.499721 0.00122547
41 0.197421 0.699219 0.0853175 0.0691965 0.00121593
40 0.0329861 0.139195 0.062004 0.0966099 0.00120163
15 0.242064 0.150705 0.241071 0.220912 0.00118351
58 0.944444 0.90625 0.111111 0.179688 0.00117874
14 0.241567 0.118164 0.237103 0.156529 0.00116062
59 0.335441 0.453404 0.658482 0.587612 0.00116062
77 0.941468 0.565709 0.093254 0.0605469 0.00115108
57 0.335441 0.453404 0.658482 0.587612 0.00108147
62 0.581349 0.3976 0.109127 0.158482 0.00107288
57 0.615079 0.114676 0.767857 0.223493 0.00105667
26 0.742064 0.104004 0.515873 0.202148 0.00104046
58 0.202257 0.436314 0.391121 0.560407 0.00104046
54 0.240575 0.110142 0.239087 0.138532 0.00103188
40 0.0374504 0.169782 0.0719246 0.112723 0.00103188
73 0.251984 0.698661 0.0357143 0.0647321 0.00102043
58 0.460317 0.444754 0.906746 0.581473 0.00101185
13 0.94246 0.90625 0.113095 0.178571 0.00100803
59 0.512401 0.741071 0.963294 0.5 0.67041
58 0.517361 0.368304 0.96131 0.707589 0.0991211
62 0.486111 0.610491 0.202381 0.235491 0.0495911
25 0.601191 0.158064 0.793651 0.307199 0.0477905
73 0.946429 0.851562 0.107143 0.0647322 0.0270691
60 0.113591 0.234096 0.223214 0.119978 0.0154877
59 0.488963 0.390346 0.966518 0.728237 0.0149536
57 0.1906 0.452288 0.372768 0.570871 0.0133286
73 0.210814 0.705915 0.0525794 0.0546875 0.0132751
60 0.130704 0.448382 0.256448 0.549665 0.012825
72 0.485119 0.610631 0.204365 0.234096 0.0127258
58 0.512897 0.205078 0.974206 0.398996 0.0106125
60 0.1906 0.452288 0.372768 0.570871 0.00971222
25 0.554067 0.363839 0.854167 0.707589 0.00955963
58 0.187376 0.178013 0.361359 0.310268 0.00930023
57 0.498512 0.771205 0.997024 0.433036 0.0091629
73 0.198909 0.699777 0.078373 0.0691964 0.00831604
73 0.223214 0.705915 0.0257936 0.0535715 0.00790405
58 0.200893 0.314174 0.393849 0.583705 0.00743103
25 0.508805 0.185407 0.974454 0.363002 0.0069046
60 0.113095 0.39502 0.222222 0.43764 0.00624084
45 0.113343 0.234515 0.222718 0.120257 0.00570679
56 0.112599 0.234515 0.222222 0.117467 0.00527954
75 0.0267857 0.192522 0.0515873 0.0647321 0.00475693
58 0.328869 0.170759 0.613095 0.300223 0.00424957
39 0.21131 0.704799 0.0515873 0.0591518 0.00353813
57 0.130704 0.448382 0.256448 0.549665 0.00353813
39 0.196429 0.700335 0.0833333 0.0725447 0.00348282
73 0.210317 0.699777 0.109127 0.0736607 0.00332451
44 0.240575 0.148717 0.244048 0.220982 0.00292397
56 0.1906 0.452288 0.372768 0.570871 0.00292397
44 0.0250496 0.139788 0.046131 0.0990513 0.00288963
41 0.0327381 0.195871 0.0634921 0.0585938 0.00276756
60 0.28621 0.353516 0.564484 0.636719 0.00276756
58 0.534722 0.134173 0.89881 0.261789 0.0027256
58 0.215774 0.678571 0.112103 0.120536 0.00257111
75 0.113095 0.231864 0.224206 0.125 0.00248146
75 0.0352183 0.186942 0.0689484 0.0839844 0.00243378
59 0.191344 0.465402 0.373264 0.589286 0.00242424
56 0.943948 0.90625 0.112103 0.178571 0.00235939
40 0.0327381 0.195871 0.0634921 0.0585938 0.00231361
25 0.606647 0.109096 0.786706 0.212054 0.00225258
39 0.113839 0.867746 0.0451389 0.0669642 0.00220871
77 0.240575 0.100865 0.233135 0.117467 0.00216484
58 0.0386905 0.150809 0.0749008 0.148158 0.00216484
45 0.12004 0.216099 0.208333 0.0809152 0.00215721
41 0.0238095 0.199637 0.0451389 0.0488281 0.00214958
39 0.0344742 0.191406 0.0674603 0.0697545 0.00211525
16 0.513021 0.747768 0.96999 0.485491 0.00209999
39 0.0272817 0.180943 0.0525794 0.0884487 0.00205803
14 0.242064 0.149867 0.240079 0.21868 0.00203514
0 0.240575 0.148717 0.244048 0.220982 0.00203514
26 0.610119 0.117188 0.779762 0.228516 0.00200272
39 0.218254 0.646205 0.0426587 0.0535714 0.00191212
0 0.218254 0.641183 0.0376984 0.0435268 0.00185299
40 0.0381944 0.188058 0.0729167 0.0770089 0.00185299
41 0.113095 0.231864 0.224206 0.125 0.00174141
56 0.112103 0.287388 0.22123 0.222098 0.00174141
40 0.113095 0.231864 0.224206 0.125 0.00169373
73 0.24504 0.703125 0.0238095 0.0569196 0.00165462
39 0.0255456 0.19615 0.0486111 0.0563616 0.00162315
0 0.511781 0.724888 0.968502 0.507812 0.00161076
60 0.112103 0.287388 0.22123 0.222098 0.00158501
77 0.946429 0.304129 0.103175 0.0546875 0.00154877
58 0.0285218 0.153739 0.0535714 0.140904 0.00154877
13 0.946925 0.851004 0.106151 0.0636161 0.00153065
39 0.199405 0.683036 0.0853175 0.094866 0.00151253
60 0.186632 0.300781 0.366815 0.552455 0.00151253
60 0.513889 0.734933 0.964286 0.512277 0.00149536
59 0.615079 0.114328 0.767857 0.222517 0.00145531
41 0.212302 0.699777 0.113095 0.078125 0.00139904
59 0.326885 0.451172 0.639881 0.59096 0.00138283
44 0.229167 0.109654 0.0833333 0.135324 0.00137806
57 0.326885 0.451172 0.639881 0.59096 0.00136662
40 0.0267857 0.185407 0.0515873 0.078404 0.00136185
58 0.414683 0.323661 0.805556 0.598214 0.00134563
56 0.130704 0.448382 0.256448 0.549665 0.00134087
54 0.241071 0.109724 0.238095 0.137695 0.0012846
40 0.0243056 0.202567 0.0441468 0.0435268 0.0012598
39 0.212302 0.699777 0.113095 0.078125 0.00125504
75 0.0384425 0.153181 0.0749008 0.144252 0.00123501
77 0.241195 0.146624 0.237847 0.212891 0.00123024
60 0.490203 0.361049 0.956101 0.680804 0.00123024
39 0.0322421 0.154018 0.0625 0.142857 0.0012064
57 0.488963 0.390346 0.966518 0.728237 0.0012064
77 0.215774 0.678571 0.112103 0.120536 0.00118351
26 0.743056 0.103934 0.513889 0.201451 0.00117397
75 0.197421 0.699219 0.0853175 0.0691965 0.0011692
73 0.240079 0.698661 0.0535714 0.0669643 0.0011692
56 0.514385 0.730469 0.97123 0.503348 0.00115108
73 0.251984 0.698661 0.0347222 0.0647321 0.0011425
39 0.214286 0.678571 0.115079 0.11942 0.0011425
58 0.203497 0.436384 0.394593 0.563616 0.0011158
39 0.219742 0.640625 0.0367064 0.0424107 0.00111198
41 0.197421 0.699219 0.0853175 0.0691965 0.00111198
77 0.940476 0.574637 0.101191 0.0806362 0.00109005
49 0.12004 0.216099 0.208333 0.0809152 0.00107288
58 0.28621 0.353516 0.564484 0.636719 0.00107288
40 0.0332341 0.138114 0.0625 0.0959821 0.00106907
62 0.581349 0.396763 0.108135 0.160714 0.00105667
57 0.615079 0.114328 0.767857 0.222517 0.00105667
59 0.508805 0.185407 0.974454 0.363002 0.00105667
49 0.240575 0.100865 0.233135 0.117467 0.00104809
15 0.242064 0.149867 0.240079 0.21868 0.00104809
26 0.212302 0.691406 0.115079 0.0904018 0.00104809
0 0.940476 0.30385 0.0932539 0.0541295 0.00102043
75 0.212302 0.699777 0.113095 0.078125 0.00101662
40 0.0322421 0.154018 0.0625 0.142857 0.00101185
59 0.512401 0.742327 0.963294 0.497489 0.663574
58 0.514757 0.367746 0.968502 0.708705 0.0750122
62 0.486111 0.609933 0.202381 0.235491 0.0548096
25 0.600694 0.158622 0.794643 0.308315 0.0465393
73 0.946429 0.851562 0.107143 0.0647322 0.0263519
60 0.113591 0.234096 0.223214 0.119978 0.0174408
59 0.502976 0.384487 0.990079 0.72433 0.0161591
72 0.485119 0.609933 0.205357 0.233259 0.0159607
73 0.210317 0.706473 0.0515873 0.0535715 0.0146713
57 0.1906 0.45173 0.372768 0.567522 0.0144501
60 0.138641 0.446429 0.272321 0.545759 0.0123825
60 0.1906 0.45173 0.372768 0.567522 0.0100937
58 0.511409 0.208705 0.977183 0.40625 0.00985718
73 0.199405 0.699777 0.077381 0.0691964 0.00952148
25 0.563988 0.364397 0.838294 0.697545 0.00948334
73 0.223214 0.705915 0.0257936 0.0535715 0.00867462
58 0.188492 0.184989 0.362103 0.323661 0.00821686
57 0.499008 0.753906 0.998016 0.467634 0.00818634
25 0.511409 0.208705 0.977183 0.40625 0.0069313
58 0.204365 0.314174 0.399802 0.583705 0.00641251
75 0.0267857 0.193359 0.0515873 0.063058 0.00629044
56 0.112599 0.234515 0.222222 0.117467 0.005867
60 0.113343 0.387835 0.222718 0.422991 0.00502014
45 0.113095 0.234515 0.222222 0.120257 0.00492477
44 0.0245536 0.139788 0.0446429 0.0979353 0.00411606
73 0.210317 0.699777 0.109127 0.0736607 0.00395966
41 0.0324901 0.19615 0.0625 0.0583147 0.00382423
58 0.359623 0.172294 0.681548 0.304408 0.00365067
39 0.21131 0.705357 0.0515873 0.0580357 0.00349617
39 0.196429 0.700335 0.0833333 0.0725447 0.00348282
57 0.138641 0.446429 0.272321 0.545759 0.00337601
41 0.0238095 0.199777 0.0451389 0.0485491 0.00333786
56 0.1906 0.45173 0.372768 0.567522 0.00317192
75 0.0376984 0.188198 0.0724206 0.0767299 0.0030632
59 0.200273 0.438058 0.387153 0.558036 0.00286674
40 0.0324901 0.19615 0.0625 0.0583147 0.00284576
44 0.241195 0.147566 0.241815 0.219378 0.00266266
39 0.113591 0.867746 0.0446429 0.0669642 0.00265312
58 0.533606 0.133231 0.903026 0.260045 0.0024929
40 0.0248016 0.197405 0.0486111 0.0538504 0.00244331
75 0.112847 0.232143 0.22371 0.123884 0.00239754
16 0.513393 0.748884 0.969246 0.483259 0.00234222
39 0.0342262 0.191685 0.0669643 0.0691964 0.00232315
56 0.943948 0.90625 0.112103 0.178571 0.00232315
26 0.610119 0.117188 0.779762 0.228795 0.00231361
45 0.120784 0.216239 0.205853 0.0809152 0.00223351
39 0.0272817 0.181222 0.0525794 0.0878906 0.00221634
58 0.0386905 0.151193 0.0753968 0.147391 0.00221634
13 0.946429 0.851004 0.107143 0.0636161 0.00218201
58 0.21627 0.678571 0.111111 0.120536 0.00216484
39 0.218254 0.646205 0.0426587 0.0535714 0.00213242
25 0.606647 0.108468 0.786706 0.211077 0.00208282
56 0.112103 0.287667 0.22123 0.222656 0.00204277
60 0.269345 0.351842 0.530754 0.628906 0.00203514
73 0.244544 0.703125 0.0228175 0.0558036 0.00199509
40 0.0376984 0.188198 0.0724206 0.0767299 0.00199509
39 0.0252976 0.196847 0.0486111 0.0549665 0.00196457
77 0.240575 0.101074 0.233135 0.118164 0.00194168
77 0.946429 0.304129 0.103175 0.0546875 0.00193405
0 0.511781 0.724888 0.968502 0.50558 0.00191879
0 0.241195 0.147566 0.241815 0.219378 0.00182438
14 0.242064 0.149135 0.239087 0.217355 0.0018177
60 0.112103 0.287667 0.22123 0.222656 0.0018177
44 0.228671 0.109113 0.0833334 0.136405 0.00177479
44 0.0329861 0.13787 0.062004 0.0953543 0.00173378
0 0.218254 0.641183 0.0376984 0.0435268 0.0017004
57 0.324405 0.452567 0.634921 0.58817 0.0015974
59 0.614583 0.113839 0.768849 0.22154 0.00157928
59 0.324405 0.452567 0.634921 0.58817 0.00155449
41 0.112847 0.232143 0.22371 0.123884 0.00154305
58 0.0280258 0.154018 0.0525794 0.140625 0.00145531
40 0.112847 0.232143 0.22371 0.123884 0.00144958
40 0.0272817 0.186105 0.0515873 0.077288 0.00141621
73 0.240079 0.699219 0.0515873 0.0669643 0.00134563
60 0.488963 0.361607 0.954613 0.680804 0.00133038
75 0.0381944 0.154053 0.0749008 0.142787 0.00131512
26 0.743056 0.103585 0.513889 0.200753 0.00131512
60 0.513889 0.736607 0.964286 0.507812 0.00130463
39 0.219742 0.640625 0.0367064 0.0424107 0.00129414
56 0.138641 0.446429 0.272321 0.545759 0.0012846
73 0.251984 0.698661 0.0337301 0.0647321 0.00127411
77 0.21627 0.678571 0.111111 0.120536 0.00127411
39 0.199405 0.684152 0.0833333 0.0915179 0.00126457
41 0.212302 0.700335 0.113095 0.0770089 0.0012598
54 0.241071 0.111189 0.237103 0.140904 0.00125504
40 0.0329861 0.13787 0.062004 0.0953543 0.00124931
57 0.488591 0.392299 0.967262 0.717634 0.00121117
57 0.614583 0.113839 0.768849 0.22154 0.00119686
40 0.0252976 0.210379 0.046627 0.0608259 0.00119209
77 0.241567 0.145647 0.237103 0.210938 0.00117874
59 0.507068 0.180106 0.975942 0.352958 0.00117874
49 0.120784 0.216239 0.205853 0.0809152 0.00117397
39 0.0322421 0.154297 0.0625 0.142299 0.0011692
60 0.185516 0.297991 0.365079 0.546875 0.00116539
56 0.515873 0.731585 0.968254 0.501116 0.00116539
41 0.197421 0.699219 0.0853175 0.0691965 0.00114727
77 0.940476 0.574637 0.101191 0.0806362 0.0011425
58 0.417163 0.325614 0.8125 0.605469 0.00112438
0 0.190972 0.465123 0.373016 0.587612 0.00109863
49 0.240575 0.101074 0.233135 0.118164 0.00109005
0 0.946429 0.304129 0.103175 0.0546875 0.00108147
75 0.197421 0.699219 0.0853175 0.0691965 0.00107765
58 0.200273 0.438058 0.387153 0.558036 0.00104046
15 0.946429 0.304129 0.103175 0.0546875 0.00103188
13 0.943948 0.90625 0.112103 0.178571 0.00101185
77 0.231151 0.648438 0.0684524 0.0602679 0.00100803
59 0.514013 0.737723 0.964038 0.50558 0.672363
58 0.512401 0.367746 0.973214 0.708705 0.0541992
62 0.486111 0.609933 0.203373 0.235491 0.0481262
25 0.600694 0.158622 0.794643 0.308315 0.0432129
73 0.946429 0.851562 0.107143 0.0647322 0.0263519
59 0.502976 0.38644 0.992064 0.720424 0.0217743
72 0.485615 0.609933 0.205357 0.233259 0.0198669
73 0.210317 0.706473 0.0525794 0.0535715 0.0159607
60 0.113839 0.234096 0.22371 0.119978 0.0158997
57 0.190972 0.450405 0.374008 0.564593 0.0140076
73 0.200397 0.700335 0.0753968 0.0680803 0.0103683
60 0.149306 0.443638 0.293651 0.540179 0.00997162
73 0.223214 0.705915 0.0248016 0.0535715 0.00937653
25 0.508929 0.364676 0.96627 0.705915 0.00933838
58 0.510417 0.220145 0.979167 0.429129 0.00878143
58 0.188368 0.193359 0.363343 0.339844 0.00728989
57 0.5 0.755022 0.996032 0.465402 0.00728989
25 0.510417 0.220145 0.979167 0.429129 0.00723267
58 0.206349 0.314453 0.404762 0.584263 0.00595856
56 0.112599 0.234375 0.22123 0.117188 0.00591278
75 0.0262897 0.193359 0.0505952 0.063058 0.00503922
60 0.113591 0.416016 0.222222 0.479353 0.00502014
44 0.0243056 0.139753 0.0441468 0.0966099 0.00496292
45 0.113095 0.234515 0.222222 0.120257 0.00494385
75 0.0339782 0.191685 0.0664683 0.0691964 0.00481033
73 0.210317 0.699777 0.107143 0.0736607 0.00443268
39 0.196429 0.700335 0.0833333 0.0725447 0.00370789
41 0.0322421 0.19615 0.062004 0.0585938 0.00353813
39 0.21131 0.705357 0.0515873 0.0580357 0.00351143
41 0.0238095 0.200335 0.0446429 0.0479911 0.00319672
58 0.370908 0.175781 0.708581 0.3125 0.00316048
56 0.190972 0.450405 0.374008 0.564593 0.003088
39 0.113839 0.867746 0.0446429 0.0669642 0.00302696
59 0.200397 0.438058 0.386905 0.552455 0.00293541
16 0.515005 0.748744 0.966022 0.484654 0.00257111
44 0.241567 0.146903 0.240079 0.21875 0.00253105
13 0.946429 0.851004 0.107143 0.0636161 0.00252151
58 0.520833 0.159877 0.938492 0.313058 0.00250244
58 0.198413 0.152379 0.333333 0.24993 0.00235939
75 0.113095 0.232701 0.224206 0.122768 0.00227928
40 0.0322421 0.19615 0.062004 0.0585938 0.00225258
73 0.244544 0.703683 0.0228175 0.0569197 0.00224304
44 0.228175 0.109166 0.0833333 0.136858 0.00222588
39 0.217262 0.648996 0.0456349 0.0602678 0.00213242
56 0.943948 0.905692 0.112103 0.179688 0.00213242
45 0.120784 0.216518 0.205853 0.0814732 0.00209999
58 0.216766 0.678571 0.110119 0.120536 0.00209999
56 0.112103 0.2869 0.22123 0.220843 0.00206757
25 0.605655 0.108189 0.78869 0.210519 0.0020504
0 0.511781 0.725446 0.968502 0.508929 0.00203514
39 0.0339782 0.191685 0.0664683 0.0691964 0.00198746
26 0.609623 0.117885 0.780754 0.229911 0.00197983
40 0.0248016 0.197545 0.047619 0.0535714 0.0019722
44 0.0332341 0.137974 0.0625 0.0951451 0.00194168
39 0.0272817 0.180943 0.0525794 0.0884487 0.00186062
58 0.0384425 0.151507 0.0749008 0.146763 0.00185299
39 0.0262897 0.193359 0.0505952 0.063058 0.00181007
77 0.946429 0.304129 0.103175 0.0546875 0.00174141
0 0.218254 0.641183 0.0376984 0.0435268 0.00170708
14 0.241071 0.145124 0.237103 0.209752 0.00166798
60 0.112103 0.2869 0.22123 0.220843 0.0016489
39 0.218254 0.641183 0.0376984 0.0435268 0.00162315
57 0.318452 0.452288 0.623016 0.584263 0.00162315
58 0.594246 0.126116 0.769841 0.246373 0.00159168
59 0.318452 0.452288 0.623016 0.584263 0.00158501
40 0.0376984 0.188058 0.0724206 0.077567 0.00156689
41 0.113095 0.232701 0.224206 0.122768 0.00154305
59 0.614087 0.113421 0.767857 0.220982 0.00150681
60 0.250496 0.350167 0.493056 0.623326 0.00150681
0 0.241567 0.146903 0.240079 0.21875 0.00143814
73 0.240575 0.698661 0.0486111 0.0669643 0.00143242
77 0.241195 0.108119 0.235863 0.135882 0.00138855
73 0.251984 0.698661 0.0337301 0.0647321 0.00136662
60 0.488095 0.362165 0.954365 0.678571 0.00131512
77 0.216766 0.678571 0.110119 0.120536 0.00128937
40 0.113095 0.232701 0.224206 0.122768 0.00127411
44 0.0223214 0.126151 0.0386905 0.0713588 0.00124454
25 0.503472 0.134347 0.96131 0.26144 0.00123978
54 0.240947 0.112793 0.236359 0.144113 0.00121593
49 0.120784 0.216518 0.205853 0.0814732 0.00121593
57 0.614087 0.113421 0.767857 0.220982 0.0012064
57 0.502976 0.38644 0.992064 0.720424 0.0012064
39 0.199901 0.685268 0.0823413 0.0892858 0.00118828
41 0.197421 0.699219 0.0853175 0.0691965 0.00118828
56 0.511781 0.725446 0.968502 0.508929 0.00118828
60 0.514013 0.737723 0.964038 0.50558 0.00118351
40 0.0267857 0.186105 0.0505952 0.077567 0.00116062
59 0.506448 0.175921 0.977183 0.344587 0.00115108
41 0.212302 0.700893 0.112103 0.0758928 0.00113392
77 0.940476 0.574777 0.101191 0.0803572 0.00112438
26 0.742064 0.103376 0.515873 0.200614 0.0011034
58 0.0277778 0.154157 0.0515873 0.139788 0.00109863
0 0.946429 0.304129 0.103175 0.0546875 0.00109005
77 0.231151 0.648438 0.0674603 0.0591518 0.00109005
49 0.240575 0.101161 0.233135 0.118548 0.00106907
44 0.241071 0.1363 0.0357143 0.0373884 0.00106525
40 0.0332341 0.137974 0.0625 0.0951451 0.00105286
75 0.197421 0.699219 0.0853175 0.0691965 0.00104809
75 0.0381944 0.154297 0.0749008 0.14202 0.00104809
77 0.218254 0.646205 0.0426587 0.0535714 0.00103664
40 0.0252976 0.210659 0.046627 0.0608259 0.00102043
0 0.191468 0.46317 0.374008 0.582589 0.00101662
44 0.0243056 0.202846 0.0436508 0.0429687 0.00100422
59 0.514013 0.743443 0.960069 0.495257 0.633301
58 0.514013 0.368583 0.971974 0.708147 0.036499
59 0.5031 0.395368 0.9938 0.707031 0.0350037
25 0.601191 0.160993 0.795635 0.313058 0.0322266
62 0.486111 0.609515 0.204365 0.234096 0.0282135
57 0.19246 0.449498 0.376984 0.56529 0.0275879
73 0.946429 0.851004 0.107143 0.0658483 0.0243378
25 0.52381 0.20731 0.944444 0.40346 0.0209656
73 0.210317 0.706473 0.0525794 0.0535715 0.0208893
60 0.114087 0.234375 0.224206 0.11942 0.0189819
57 0.527778 0.758371 0.94246 0.459821 0.0146179
73 0.204365 0.702009 0.0664683 0.0647321 0.0144501
73 0.223214 0.705915 0.0248016 0.0524554 0.0140076
72 0.486111 0.609933 0.206349 0.232143 0.013588
25 0.511409 0.36635 0.961309 0.704799 0.0125732
60 0.179688 0.443569 0.354911 0.54255 0.0102463
58 0.513021 0.224191 0.973958 0.433315 0.00867462
44 0.0230655 0.138986 0.0421627 0.0953544 0.00803375
56 0.112847 0.234375 0.221726 0.117746 0.00538635
56 0.19246 0.449498 0.376984 0.56529 0.00473785
73 0.206845 0.700893 0.102183 0.0736608 0.00471878
58 0.192336 0.178013 0.37128 0.308036 0.00429916
44 0.242064 0.147914 0.247024 0.223145 0.00397491
60 0.113343 0.413435 0.22371 0.472238 0.00385475
59 0.201885 0.441127 0.390873 0.557478 0.00383949
73 0.244048 0.704241 0.0218254 0.0558036 0.00356483
57 0.332465 0.454799 0.65253 0.583705 0.00352478
16 0.517981 0.75014 0.96007 0.481864 0.00351143
75 0.0262897 0.192522 0.0505952 0.0641741 0.00344276
41 0.0248016 0.197266 0.047619 0.0541295 0.00342941
45 0.113095 0.234654 0.222222 0.119978 0.00324821
13 0.946429 0.850446 0.107143 0.0647322 0.00316048
77 0.943452 0.304129 0.0972222 0.0546875 0.00314713
44 0.228175 0.112863 0.0833333 0.143136 0.00305176
39 0.113591 0.867746 0.0446429 0.0658483 0.00301552
58 0.345362 0.171038 0.648562 0.296317 0.00293541
58 0.264385 0.311942 0.520833 0.581473 0.00290108
0 0.513889 0.727121 0.964286 0.50558 0.00281143
59 0.36756 0.41769 0.717262 0.615513 0.00271416
26 0.609127 0.118025 0.781746 0.23019 0.00257111
77 0.940476 0.578683 0.115079 0.0881697 0.00253105
56 0.943948 0.905692 0.112103 0.180804 0.00251198
39 0.21131 0.705915 0.0505952 0.0558036 0.0024929
39 0.196429 0.700893 0.0833333 0.0714286 0.00245285
57 0.5031 0.395368 0.9938 0.707031 0.00232315
56 0.522941 0.738281 0.954117 0.489955 0.00220871
40 0.0334821 0.191127 0.0654762 0.0691964 0.00219154
58 0.520337 0.157087 0.939484 0.307478 0.00213242
77 0.240079 0.113421 0.236111 0.147042 0.00211525
14 0.242188 0.148682 0.239831 0.217146 0.00211525
60 0.515997 0.739397 0.960069 0.5 0.00199509
56 0.112351 0.284877 0.221726 0.217076 0.00194168
57 0.614087 0.113839 0.769841 0.22154 0.00191879
39 0.217262 0.649554 0.0456349 0.0602678 0.00189686
58 0.206845 0.148996 0.325397 0.234933 0.00188923
39 0.0267857 0.17899 0.0520833 0.0923549 0.00183868
58 0.217758 0.678571 0.106151 0.11942 0.00182438
44 0.0218254 0.125837 0.0386905 0.0711496 0.00178242
71 0.514013 0.743443 0.960069 0.495257 0.00177479
39 0.0334821 0.191127 0.0654762 0.0691964 0.00176811
60 0.112351 0.284877 0.221726 0.217076 0.00171375
75 0.0369544 0.186663 0.0709325 0.0767299 0.00170708
40 0.0248016 0.197266 0.047619 0.0541295 0.00168133
59 0.404266 0.503627 0.794643 0.499442 0.00167465
59 0.614087 0.113839 0.769841 0.22154 0.00164223
0 0.242064 0.147914 0.247024 0.223145 0.00162888
40 0.03125 0.1378 0.0585318 0.0938198 0.00162315
59 0.511409 0.167271 0.969246 0.325614 0.00162315
60 0.485119 0.361886 0.950397 0.674665 0.00161648
39 0.0252976 0.195731 0.047619 0.0571987 0.0015974
45 0.119544 0.216797 0.207341 0.0814732 0.00156116
0 0.943452 0.304129 0.0972222 0.0546875 0.00153637
77 0.217758 0.678571 0.106151 0.11942 0.00153065
73 0.236607 0.699777 0.0376984 0.0647322 0.00151253
25 0.510913 0.132289 0.94246 0.256627 0.00151253
58 0.591766 0.126988 0.776786 0.247698 0.00148964
41 0.0334821 0.191127 0.0654762 0.0691964 0.0014782
15 0.943452 0.304129 0.0972222 0.0546875 0.00146103
57 0.15191 0.415179 0.299355 0.483259 0.00145531
0 0.191468 0.464565 0.375 0.59096 0.00144386
40 0.0233135 0.185547 0.0436508 0.0767299 0.0014267
77 0.218254 0.646205 0.0436508 0.0535714 0.00142097
58 0.0379464 0.151507 0.0739087 0.145647 0.00141621
77 0.230159 0.647321 0.0664683 0.0580357 0.00140476
44 0.241071 0.136754 0.0357143 0.0384347 0.00139904
15 0.242063 0.128627 0.236111 0.176897 0.00139904
77 0.940476 0.565848 0.0952381 0.061384 0.00139427
73 0.251488 0.698661 0.0337302 0.0647321 0.00139427
0 0.218254 0.641741 0.0386905 0.0446428 0.00137806
25 0.605655 0.108259 0.78869 0.210658 0.00137806
39 0.218254 0.641741 0.0386905 0.0446428 0.00133514
41 0.0233135 0.185547 0.0436508 0.0767299 0.00132465
0 0.344122 1 0.647073 0 0.00132465
75 0.113095 0.233259 0.224206 0.121094 0.00131512
44 0.0243056 0.200335 0.0456349 0.0477121 0.00125504
26 0.739335 0.103167 0.521329 0.199916 0.00123024
44 0.0357143 0.139648 0.0654762 0.0809152 0.0012207
41 0.113095 0.233259 0.224206 0.121094 0.0012064
15 0.517981 0.75014 0.96007 0.481864 0.00119686
44 0.237103 0.145368 0.0436508 0.0566406 0.00118351
54 0.240947 0.118443 0.236359 0.155971 0.00113773
49 0.119544 0.216797 0.207341 0.0814732 0.00113392
41 0.114831 0.770647 0.0362103 0.0245536 0.00112057
74 0.115079 0.773438 0.031746 0.0200893 0.00109863
60 0.264385 0.311942 0.520833 0.581473 0.00109863
73 0.248016 0.700893 0.0238095 0.0625 0.00108147
60 0.187996 0.291016 0.37004 0.536272 0.00105286
39 0.0282738 0.154611 0.0545635 0.139997 0.00104809
44 0.237103 0.103812 0.0476191 0.113525 0.00103188
57 0.115327 0.406529 0.225694 0.448103 0.00103188
41 0.0238095 0.202985 0.0436508 0.0407366 0.00101662
40 0.0282738 0.154611 0.0545635 0.139997 0.00101185
59 0.513765 0.740932 0.960566 0.500279 0.53125
59 0.502976 0.401786 0.994048 0.698661 0.0448608
57 0.191964 0.452009 0.375 0.572545 0.0298767
58 0.514013 0.369978 0.971974 0.708705 0.0250854
25 0.55754 0.171875 0.878968 0.331473 0.0219421
25 0.522817 0.231306 0.948413 0.449777 0.0211182
57 0.521329 0.767997 0.953373 0.443917 0.0206451
73 0.210317 0.706473 0.0515873 0.0535715 0.0198669
73 0.946429 0.851562 0.107143 0.0669643 0.0178528
60 0.114087 0.234654 0.224206 0.11942 0.0157166
73 0.223214 0.705915 0.0248016 0.0524554 0.0151901
62 0.486111 0.609933 0.204365 0.233259 0.0133743
73 0.196429 0.700893 0.0833333 0.0714286 0.0104065
44 0.0228175 0.138672 0.0416667 0.0951451 0.00933838
72 0.486111 0.609933 0.206349 0.232143 0.00793457
25 0.510417 0.368304 0.965278 0.706473 0.00775528
25 0.588294 0.124163 0.815476 0.242746 0.00757599
58 0.513889 0.23577 0.972222 0.453125 0.00754929
60 0.181424 0.440848 0.359375 0.540179 0.00754929
44 0.243056 0.149414 0.251984 0.226842 0.00498199
56 0.191964 0.452009 0.375 0.572545 0.00492477
59 0.375496 0.413504 0.731151 0.626116 0.00436401
57 0.349702 0.453404 0.685516 0.586496 0.00429916
16 0.520337 0.746791 0.955357 0.48856 0.00416565
58 0.484127 0.186942 0.910714 0.334821 0.00413513
73 0.244048 0.704241 0.0218254 0.0558036 0.00405502
44 0.227679 0.115862 0.0843254 0.14774 0.00383949
57 0.502976 0.401786 0.994048 0.698661 0.0036068
56 0.112599 0.234654 0.22123 0.117746 0.00358009
56 0.526786 0.741211 0.946429 0.48856 0.00355148
0 0.514757 0.728655 0.96255 0.504743 0.00335121
71 0.513765 0.740932 0.960566 0.500279 0.00332451
13 0.946429 0.850446 0.107143 0.0647322 0.00313568
58 0.196429 0.169782 0.37996 0.290458 0.00312424
77 0.94246 0.30385 0.0952382 0.0541295 0.00305176
58 0.27567 0.168527 0.494296 0.286272 0.00288963
60 0.113343 0.408203 0.22371 0.462612 0.00274658
60 0.515997 0.737723 0.960069 0.502232 0.00269318
26 0.608631 0.117606 0.782738 0.229632 0.0026722
56 0.943452 0.905134 0.113095 0.183036 0.00259018
59 0.216394 0.441336 0.420387 0.565988 0.00255013
41 0.0233135 0.20159 0.0441468 0.0449219 0.0024147
14 0.243056 0.148996 0.240079 0.218192 0.00230598
77 0.940476 0.579381 0.115079 0.0890067 0.00228691
41 0.03125 0.195871 0.0605159 0.0580357 0.00215721
45 0.113095 0.234794 0.222222 0.120257 0.00208282
57 0.613591 0.114886 0.772817 0.223633 0.0020504
59 0.403274 0.504953 0.792659 0.50572 0.00199509
58 0.530258 0.130301 0.909722 0.253906 0.0019722
59 0.513889 0.23577 0.972222 0.453125 0.0019722
75 0.0260417 0.191825 0.0505952 0.0658482 0.00195694
44 0.0218254 0.125279 0.0386905 0.0700335 0.00193405
58 0.296627 0.310268 0.585317 0.578125 0.00186729
15 0.520337 0.746791 0.955357 0.48856 0.00186729
39 0.114831 0.86942 0.0411706 0.0636161 0.00183868
40 0.0337302 0.190709 0.0654762 0.0697545 0.00182438
77 0.240079 0.104841 0.235119 0.126256 0.00182438
40 0.0302579 0.137695 0.0570437 0.0945871 0.0018034
60 0.484127 0.361607 0.948413 0.671875 0.00174809
39 0.21131 0.706473 0.0505952 0.0546875 0.00174141
15 0.94246 0.30385 0.0952382 0.0541295 0.00168133
39 0.196429 0.700893 0.0833333 0.0714286 0.00162315
58 0.214286 0.149693 0.321429 0.231864 0.0015974
15 0.242188 0.129325 0.235863 0.178292 0.00156116
0 0.190972 0.461775 0.371032 0.540737 0.00156116
44 0.240575 0.136858 0.0357143 0.0401786 0.00155449
0 0.347222 1 0.636905 0 0.00153065
58 0.217262 0.678571 0.105159 0.11942 0.00151253
60 0.112599 0.283482 0.22123 0.214286 0.00149536
59 0.514013 0.162807 0.964038 0.313895 0.00149536
59 0.613591 0.114886 0.772817 0.223633 0.00148964
77 0.217262 0.678571 0.105159 0.11942 0.0014782
0 0.94246 0.30385 0.0952382 0.0541295 0.00147247
41 0.0228175 0.18457 0.0426587 0.078404 0.00146675
0 0.243056 0.149414 0.251984 0.226842 0.00144386
56 0.112599 0.283482 0.22123 0.214286 0.0014267
73 0.235119 0.700335 0.031746 0.0636161 0.00142097
39 0.217262 0.649554 0.0456349 0.0602678 0.00138855
40 0.0228175 0.18457 0.0426587 0.078404 0.00136662
44 0.235615 0.104335 0.0515873 0.116664 0.00136185
44 0.236111 0.14617 0.0456349 0.0581055 0.00135612
42 0.0195933 0.138079 0.0357143 0.0854492 0.00130463
44 0.0357143 0.139474 0.0654762 0.0809849 0.00128937
44 0.0243056 0.201032 0.0456349 0.046317 0.00127888
39 0.0267857 0.176897 0.0515873 0.0965402 0.00127411
77 0.230159 0.647321 0.0674603 0.0569196 0.00126457
77 0.217758 0.646763 0.0436508 0.0546875 0.00125504
73 0.251488 0.698661 0.0327381 0.0647321 0.00124454
60 0.94246 0.905134 0.115079 0.180804 0.00119209
73 0.248016 0.703125 0.0218254 0.0580357 0.0011692
60 0.196305 0.288783 0.387153 0.53404 0.0011692
40 0.0265377 0.154297 0.0510913 0.139788 0.00116539
26 0.729663 0.103237 0.540675 0.199777 0.00116062
39 0.0337302 0.190709 0.0654762 0.0697545 0.0011425
60 0.296627 0.310268 0.585317 0.578125 0.00112057
39 0.0223214 0.130266 0.0386905 0.0999582 0.0011158
39 0.0265377 0.154297 0.0510913 0.139788 0.00110722
13 0.943452 0.905134 0.113095 0.183036 0.00105667
41 0.114831 0.770647 0.0362103 0.0245536 0.00104809
77 0.939484 0.565848 0.0972222 0.061384 0.00103664
75 0.0369544 0.185686 0.0709325 0.078125 0.00103664
57 0.115823 0.404297 0.226687 0.443638 0.00103188
73 0.21131 0.700893 0.109127 0.0758928 0.00101662
56 0.613591 0.114886 0.772817 0.223633 0.00101662
17 0.596726 0.121094 0.794643 0.236607 0.00100803
59 0.514757 0.731027 0.96255 0.517857 0.388672
59 0.502852 0.405692 0.994296 0.699777 0.0592041
57 0.522321 0.762835 0.951389 0.455357 0.0236969
57 0.19246 0.45173 0.375992 0.577567 0.0233307
73 0.210317 0.706473 0.0535714 0.0535715 0.0184784
73 0.223214 0.706473 0.0248016 0.0535715 0.0158997
25 0.550099 0.194196 0.895833 0.375 0.0158997
73 0.946429 0.851562 0.107143 0.0669643 0.012291
58 0.484127 0.329799 0.924603 0.603795 0.0104904
60 0.113839 0.234654 0.224702 0.119978 0.0104065
73 0.196925 0.700893 0.0833333 0.0714286 0.00989532
44 0.0225694 0.138393 0.0416667 0.0959822 0.00874329
25 0.554564 0.292132 0.882937 0.55971 0.00772476
57 0.269717 0.441127 0.526042 0.582031 0.00653839
25 0.49814 0.377511 0.991816 0.727121 0.00634003
62 0.486111 0.609236 0.204365 0.232422 0.00612259
56 0.526786 0.74163 0.946429 0.492188 0.005867
71 0.511905 0.729911 0.964286 0.522321 0.00579834
44 0.244916 0.151507 0.2562 0.231864 0.00559998
57 0.502852 0.405692 0.994296 0.699777 0.00553513
56 0.19246 0.45173 0.375992 0.577567 0.00494385
25 0.575397 0.129604 0.843254 0.253348 0.00482941
72 0.486111 0.609933 0.206349 0.231027 0.00475693
16 0.519841 0.735491 0.956349 0.512277 0.00468063
60 0.183532 0.438895 0.363095 0.539621 0.00460815
44 0.228175 0.118443 0.0853175 0.151507 0.00432968
73 0.244048 0.704241 0.0218254 0.0558036 0.00379562
58 0.46875 0.447266 0.923611 0.576451 0.00362206
0 0.512897 0.728934 0.964286 0.510882 0.0036068
60 0.514757 0.731027 0.96255 0.517857 0.00349617
13 0.946429 0.850446 0.107143 0.0647322 0.0028553
15 0.519841 0.735491 0.956349 0.512277 0.00275803
58 0.235119 0.166888 0.400794 0.280064 0.00263214
58 0.485119 0.186802 0.906746 0.332868 0.00261116
56 0.943452 0.905134 0.113095 0.183036 0.0024147
59 0.41121 0.509417 0.808532 0.528041 0.0024147
77 0.940476 0.30385 0.0912699 0.0541295 0.00234985
14 0.242932 0.149693 0.240327 0.219587 0.00224304
56 0.113095 0.234933 0.222222 0.120536 0.00214958
26 0.613095 0.115234 0.773809 0.22433 0.00210762
57 0.427579 0.449219 0.839286 0.570312 0.00201988
60 0.113343 0.405413 0.22371 0.457031 0.00198746
77 0.940476 0.578683 0.115079 0.0892857 0.00186729
56 0.269717 0.441127 0.526042 0.582031 0.00182438
56 0.49814 0.377511 0.991816 0.727121 0.0018177
40 0.0297619 0.137591 0.0555556 0.0964704 0.00176811
44 0.0218254 0.125 0.0391865 0.0714286 0.00174809
59 0.513393 0.250698 0.973214 0.480748 0.00174809
57 0.613095 0.115234 0.773809 0.22433 0.0017004
0 0.186012 0.421875 0.365079 0.486607 0.00161076
44 0.234127 0.106846 0.0545635 0.123082 0.0015974
60 0.484127 0.361049 0.948413 0.670759 0.00156116
42 0.0200893 0.1378 0.0367064 0.0865653 0.00153637
0 0.347718 1 0.633929 0 0.00153065
58 0.529266 0.130441 0.909722 0.253906 0.00150681
0 0.940476 0.30385 0.0912699 0.0541295 0.00150108
58 0.302579 0.311105 0.597222 0.579799 0.00148964
44 0.240079 0.136579 0.0376984 0.0446429 0.0014782
15 0.940476 0.30385 0.0912699 0.0541295 0.00146675
41 0.0223214 0.182478 0.0416667 0.0825893 0.00136662
59 0.191468 0.46596 0.375 0.592634 0.00136185
58 0.220114 0.152065 0.319692 0.234933 0.00134563
77 0.22123 0.678013 0.0992063 0.117188 0.00129414
41 0.0233135 0.201869 0.0436508 0.0440848 0.00127411
0 0.503968 0.397321 0.988095 0.741071 0.00127411
60 0.207341 0.290458 0.40873 0.541853 0.00126934
45 0.113095 0.234933 0.222222 0.120536 0.00126457
73 0.236111 0.700335 0.031746 0.0636161 0.00124454
15 0.241567 0.131383 0.236111 0.182547 0.00123978
17 0.593254 0.121303 0.801587 0.236747 0.0012064
40 0.0252976 0.154018 0.0486111 0.140067 0.00119686
59 0.269717 0.441127 0.526042 0.582031 0.00118828
39 0.21131 0.706473 0.0515873 0.0535715 0.00117874
59 0.613095 0.115234 0.773809 0.22433 0.0011692
44 0.235615 0.147287 0.0496032 0.0603376 0.00116062
0 0.613095 0.115234 0.773809 0.22433 0.00116062
40 0.0337302 0.19043 0.0664683 0.0700335 0.00115585
39 0.196925 0.700893 0.0833333 0.0714286 0.00115108
40 0.0223214 0.182478 0.0416667 0.0825893 0.00115108
0 0.288566 0.1265 0.454613 0.248117 0.00112915
60 0.94246 0.904018 0.115079 0.183036 0.0011158
39 0.0223214 0.13058 0.0376984 0.101004 0.00110722
77 0.240079 0.105608 0.233135 0.129743 0.0011034
0 0.244916 0.151507 0.2562 0.231864 0.00109863
73 0.250992 0.698661 0.031746 0.063616 0.00109005
73 0.248016 0.702567 0.0218254 0.0580357 0.00109005
26 0.718998 0.103167 0.562004 0.199637 0.00108147
44 0.0243056 0.201451 0.0456349 0.0452009 0.00106525
44 0.0362103 0.138811 0.0654762 0.0825893 0.00106049
42 0.0297619 0.137591 0.0555556 0.0964704 0.00105667
59 0.515873 0.16197 0.964286 0.310547 0.00105667
41 0.03125 0.195592 0.0605159 0.0580357 0.00105286
39 0.115079 0.86942 0.0416667 0.0636161 0.00104046
60 0 0.99442 0 0.0111607 0.00104046
39 0.0252976 0.154018 0.0486111 0.140067 0.00103188
60 0.112599 0.285226 0.22123 0.217494 0.00102425
59 0.513021 0.724888 0.964038 0.53125 0.327637
59 0.508929 0.383929 0.982143 0.736607 0.0758667
57 0.536582 0.745536 0.926835 0.491071 0.0213623
57 0.192584 0.441406 0.376736 0.563616 0.018692
73 0.210317 0.706473 0.0525794 0.0535715 0.0177155
73 0.223214 0.706473 0.0257936 0.0535715 0.0160217
73 0.946429 0.851562 0.107143 0.0669643 0.0113754
25 0.550719 0.205497 0.894593 0.398159 0.0110321
58 0.506448 0.361049 0.987103 0.679688 0.0106506
73 0.196925 0.700893 0.0833333 0.0714286 0.00967407
71 0.510417 0.721122 0.965278 0.542132 0.0088501
44 0.0228175 0.138149 0.0416667 0.0964704 0.0077858
60 0.114087 0.234933 0.224206 0.119978 0.00743103
57 0.502976 0.404576 0.994048 0.706473 0.00731659
56 0.526662 0.738281 0.946677 0.501116 0.00717545
25 0.498016 0.378627 0.996032 0.731585 0.00626373
58 0.512401 0.25851 0.975198 0.496931 0.00538635
57 0.285838 0.44029 0.559276 0.579241 0.00521851
44 0.243552 0.153146 0.253968 0.235003 0.00500107
44 0.228175 0.11921 0.0853175 0.152762 0.00498199
56 0.192336 0.449777 0.375248 0.571429 0.00482941
16 0.519965 0.72433 0.956101 0.535714 0.00471878
72 0.486111 0.609933 0.206349 0.231027 0.00436401
62 0.485615 0.609375 0.204365 0.232143 0.00403976
0 0.511037 0.727818 0.966022 0.515346 0.00395966
25 0.576885 0.130336 0.840278 0.254953 0.00374985
15 0.519965 0.72433 0.956101 0.535714 0.00370789
60 0.513021 0.724888 0.964038 0.53125 0.00366402
13 0.946429 0.850446 0.107143 0.0647322 0.00353813
73 0.244048 0.704241 0.0218254 0.0558036 0.00351143
58 0.223214 0.166818 0.365079 0.27853 0.00346947
56 0.520337 0.374442 0.935516 0.717634 0.00337601
60 0.180556 0.435547 0.357143 0.531808 0.00316048
58 0.467262 0.44615 0.920635 0.575335 0.00311089
59 0.420759 0.514021 0.829117 0.543387 0.00273705
77 0.940476 0.304129 0.0912699 0.0535714 0.00258064
56 0.943452 0.904576 0.113095 0.184152 0.00226021
14 0.243056 0.150391 0.240079 0.220982 0.00223351
58 0.487599 0.188616 0.905754 0.337054 0.00221634
25 0.55506 0.300502 0.881944 0.577567 0.0019722
57 0.414683 0.447614 0.813492 0.567941 0.00196457
56 0.112847 0.234933 0.221726 0.121094 0.00192642
40 0.0295139 0.137416 0.0555556 0.0970982 0.00191212
60 0.113343 0.404576 0.22371 0.455357 0.00183868
58 0.283234 0.30971 0.558532 0.577009 0.00182438
56 0.285838 0.44029 0.559276 0.579241 0.00181007
15 0.940476 0.304129 0.0912699 0.0535714 0.00176811
26 0.613095 0.114886 0.773809 0.223633 0.00176811
20 0.498016 0.378627 0.996032 0.731585 0.00174141
44 0.233631 0.108834 0.0565476 0.128034 0.0017271
60 0 0.898438 0 0.203125 0.0016613
44 0.0218254 0.12514 0.0391865 0.0733817 0.00159168
42 0.0203373 0.137521 0.0376984 0.0871233 0.00159168
0 0.940476 0.304129 0.0912699 0.0535714 0.00155449
57 0.613095 0.114886 0.773809 0.223633 0.00154877
0 0.498016 0.378627 0.996032 0.731585 0.00154305
77 0.939484 0.578683 0.117064 0.0892857 0.00153637
0 0.354291 1 0.616816 0 0.00148964
0 0.186508 0.419364 0.366071 0.482701 0.00141621
58 0.527902 0.131696 0.91245 0.256417 0.00133514
60 0 0.994699 0 0.0106027 0.00132465
44 0.239583 0.135882 0.0386905 0.0488281 0.00131512
60 0.484623 0.361049 0.947421 0.670759 0.00130939
59 0.512401 0.25851 0.975198 0.496931 0.00129986
77 0.219246 0.677455 0.103175 0.118304 0.00129414
41 0.0220734 0.181083 0.0411706 0.0853795 0.00123501
60 0.206845 0.290458 0.407738 0.544085 0.00122547
0 0.613095 0.114886 0.773809 0.223633 0.00119209
73 0.236607 0.699777 0.0337301 0.0647322 0.00117874
26 0.713046 0.102888 0.573909 0.199358 0.00115108
57 0.21131 0.731585 0.416667 0.515625 0.00115108
57 0.113343 0.404576 0.22371 0.455357 0.00113773
39 0.0223214 0.13058 0.0376984 0.101004 0.00113392
75 0.498016 0.378627 0.996032 0.731585 0.00112438
40 0.0248016 0.153983 0.046627 0.140137 0.0011158
60 0.946429 0.850446 0.107143 0.0647322 0.00111198
13 0.943452 0.904576 0.113095 0.184152 0.00109005
39 0.21131 0.706473 0.0515873 0.0535715 0.00107765
59 0.613095 0.114886 0.773809 0.223633 0.00107288
0 0.285218 0.12793 0.457341 0.251116 0.00106525
73 0.250992 0.698661 0.031746 0.063616 0.00106049
13 0.511037 0.727818 0.966022 0.515346 0.00105667
44 0.22123 0.11077 0.121032 0.135045 0.00104427
73 0.248016 0.702567 0.0218254 0.0580357 0.00104046
39 0.196925 0.700893 0.0833333 0.0714286 0.00102425
73 0.210317 0.697545 0.111111 0.078125 0.00102425
77 0.240079 0.107422 0.233135 0.133371 0.00101662
44 0.354167 0.114537 0.371032 0.186105 0.00101662
42 0.0295139 0.137416 0.0555556 0.0970982 0.00101185
44 0.235119 0.147879 0.0515873 0.0616629 0.00101185
40 0.0220734 0.181083 0.0411706 0.0853795 0.00100803
60 0.94246 0.901786 0.115079 0.185268 0.00100803
59 0.512773 0.724888 0.964534 0.53125 0.254639
59 0.509549 0.385045 0.980903 0.738839 0.0705566
73 0.214286 0.706473 0.0436508 0.0535715 0.0235138
73 0.223214 0.706473 0.0257936 0.0535715 0.0213623
57 0.191964 0.465402 0.375992 0.591518 0.0181885
57 0.534598 0.74721 0.930804 0.488839 0.0181885
73 0.196925 0.700893 0.0833333 0.0703125 0.012291
73 0.946429 0.851005 0.107143 0.0669643 0.0111618
71 0.510045 0.71889 0.966022 0.546596 0.0102463
58 0.485987 0.330357 0.924851 0.604911 0.00993347
44 0.0225694 0.137974 0.0416667 0.0979353 0.00952148
56 0.527282 0.740513 0.945437 0.495536 0.0086441
25 0.512401 0.268136 0.975198 0.515625 0.00861359
57 0.502976 0.404855 0.994048 0.708147 0.00793457
25 0.518353 0.155273 0.949405 0.303292 0.00671768
44 0.244172 0.15332 0.257689 0.237444 0.00629044
60 0.114087 0.234933 0.225198 0.120536 0.00605011
44 0.228175 0.119908 0.0853175 0.154715 0.00600433
56 0.19246 0.449219 0.376984 0.577009 0.00518036
73 0.244048 0.704241 0.0218254 0.0558036 0.00502014
25 0.498016 0.379743 0.996032 0.733817 0.00502014
56 0.515377 0.376116 0.947421 0.720982 0.00500107
57 0.304688 0.438895 0.596974 0.59096 0.00471878
16 0.520337 0.722098 0.955357 0.540179 0.00413513
15 0.520337 0.722098 0.955357 0.540179 0.00397491
0 0.510789 0.727818 0.966518 0.513114 0.00391388
60 0.512773 0.724888 0.964534 0.53125 0.00367928
58 0.459821 0.442801 0.905754 0.578683 0.00353813
58 0.228175 0.164586 0.357143 0.274623 0.00317192
72 0.486111 0.609235 0.206349 0.23019 0.00317192
20 0.498016 0.379743 0.996032 0.733817 0.00298119
13 0.946429 0.850446 0.107143 0.0647322 0.00296974
59 0.441964 0.510672 0.872024 0.565709 0.00290108
25 0.601687 0.189872 0.796627 0.372489 0.00286674
60 0.184028 0.436454 0.364087 0.537807 0.00282288
57 0.425595 0.444475 0.835317 0.573103 0.0026722
40 0.0282738 0.137521 0.0535714 0.0988421 0.00247192
60 0 0.902344 0 0.195312 0.00247192
25 0.587302 0.123605 0.823413 0.24135 0.00239754
77 0.940476 0.303571 0.0912699 0.0535714 0.002388
56 0.943452 0.904018 0.113095 0.185268 0.00234985
62 0.485615 0.609375 0.205357 0.232143 0.00234985
77 0.94246 0.578125 0.115079 0.0881696 0.00223351
26 0.611111 0.115653 0.777778 0.225167 0.00221634
0 0.50434 0.390067 0.991319 0.758929 0.00216484
60 1 0.876116 0 0.247768 0.00214958
14 0.243056 0.15053 0.240079 0.221819 0.00208282
42 0.0208333 0.137137 0.0386905 0.0881696 0.00205803
44 0.232143 0.111904 0.0595238 0.136126 0.00203514
60 1 0.917411 0 0.165179 0.00198746
60 0 0.859375 0 0.28125 0.0019722
56 0.304688 0.438895 0.596974 0.59096 0.00194168
60 0.113095 0.406529 0.223214 0.459263 0.00192642
75 0.498016 0.379743 0.996032 0.733817 0.00191212
44 0.0218254 0.124721 0.0391865 0.0750558 0.00183105
0 0.940476 0.303571 0.0912699 0.0535714 0.00178242
73 0.235615 0.700335 0.0287698 0.0636161 0.0016489
73 0.248016 0.702567 0.0218254 0.0580357 0.00158501
0 0.187004 0.419155 0.367063 0.49428 0.00156689
57 0.214162 0.726702 0.422867 0.528739 0.00156689
77 0.219742 0.677455 0.103175 0.118304 0.00155449
44 0.358631 0.113351 0.357143 0.182338 0.00154305
40 0.0245536 0.153774 0.046131 0.140555 0.00150108
26 0.709325 0.102958 0.581349 0.199777 0.00150108
15 0.940476 0.303571 0.0912699 0.0535714 0.00148392
0 0.611111 0.115653 0.777778 0.225167 0.0014782
73 0.250992 0.698661 0.031746 0.063616 0.00145531
0 0.350694 1 0.622024 0 0.00145531
0 0.285218 0.12915 0.460317 0.253418 0.00145531
44 0.238591 0.134626 0.0406746 0.0602679 0.00143814
58 0.49194 0.183873 0.893105 0.327567 0.00142097
60 0.515377 0.382812 0.96131 0.735491 0.00141621
60 0 0.993304 0 0.0133928 0.00137806
41 0.0218254 0.178292 0.0406746 0.0909598 0.00135612
58 0.302579 0.311942 0.598214 0.581473 0.00134563
73 0.209821 0.698103 0.109127 0.077009 0.00129414
57 0.611111 0.115653 0.777778 0.225167 0.00129414
59 0.512401 0.268136 0.975198 0.515625 0.0012846
42 0.0282738 0.137521 0.0535714 0.0988421 0.00127888
60 0.217758 0.292132 0.430556 0.549665 0.00126934
56 0.112847 0.235073 0.221726 0.121373 0.00126457
58 0.532862 0.131975 0.90253 0.256975 0.00126457
17 0.595238 0.121233 0.795635 0.236886 0.0012598
0 0.481027 0.130999 0.819692 0.253627 0.00125504
57 0.113095 0.406529 0.223214 0.459263 0.00124931
60 1 0.99442 0 0.0111607 0.00124931
44 0.220238 0.112235 0.121032 0.138253 0.00121117
24 0.880952 0.276228 0.238095 0.145647 0.00118351
13 0.510789 0.727818 0.966518 0.513114 0.00117874
40 0.0218254 0.178292 0.0406746 0.0909598 0.00116062
44 0.234623 0.148577 0.0535714 0.063058 0.00114727
39 0.0223214 0.131278 0.0376984 0.102958 0.00113392
56 0.425595 0.444475 0.835317 0.573103 0.00111198
60 0.946429 0.850446 0.107143 0.0647322 0.00110722
77 0.240575 0.11942 0.236111 0.160156 0.0011034
63 0.510789 0.727818 0.966518 0.513114 0.00106525
60 0.94246 0.90067 0.115079 0.1875 0.00105667
19 0.521701 0.277065 0.954613 0.539621 0.00102425
15 0.241071 0.129046 0.236111 0.178571 0.00102043
59 0.214162 0.726702 0.422867 0.528739 0.00100803
59 0.512773 0.724191 0.964534 0.533761 0.24585
59 0.510417 0.386161 0.979167 0.738839 0.0731812
73 0.214286 0.706473 0.0436508 0.0535715 0.0244293
73 0.223214 0.706473 0.0257936 0.0535715 0.0227203
57 0.535218 0.746094 0.929564 0.492188 0.0157166
57 0.192956 0.433315 0.377976 0.570871 0.0155411
73 0.196925 0.700893 0.0833333 0.0703125 0.012146
71 0.510789 0.716657 0.966518 0.553292 0.0112915
73 0.946429 0.851005 0.107143 0.0669643 0.0107803
44 0.0228175 0.137974 0.0416667 0.0990513 0.00919342
56 0.527778 0.741211 0.944444 0.495257 0.00898743
58 0.485119 0.329241 0.922619 0.602679 0.0085144
57 0.502976 0.401507 0.994048 0.713728 0.00775528
56 0.498884 0.381138 0.99628 0.735491 0.00751877
44 0.244544 0.153878 0.256944 0.238002 0.00664139
44 0.228175 0.120326 0.0863095 0.155273 0.00631332
25 0.512401 0.269531 0.975198 0.518415 0.00595856
73 0.244048 0.704241 0.0218254 0.0558036 0.00508118
60 0.114087 0.234933 0.225198 0.120536 0.00508118
56 0.192336 0.445312 0.375248 0.571429 0.00460815
25 0.599702 0.174944 0.800595 0.338728 0.00407028
20 0.498884 0.381138 0.99628 0.735491 0.00403976
25 0.498884 0.381138 0.99628 0.735491 0.0039444
15 0.521329 0.71889 0.953373 0.548828 0.00388527
0 0.510913 0.727818 0.96627 0.513114 0.00379562
57 0.31064 0.433315 0.608879 0.59096 0.00367928
16 0.523686 0.723214 0.952629 0.53683 0.00367928
59 0.446305 0.4375 0.877232 0.582589 0.00349617
13 0.946429 0.850446 0.107143 0.0647322 0.00341606
60 0.512773 0.724191 0.964534 0.533761 0.00333786
58 0.446305 0.4375 0.877232 0.582589 0.00325966
60 1 0.874442 0 0.251116 0.00316048
72 0.486111 0.609235 0.206349 0.23019 0.00296974
60 0 0.859933 0 0.280134 0.00293541
75 0.498884 0.381138 0.99628 0.735491 0.00291252
58 0.229043 0.16326 0.349454 0.271694 0.0028553
60 0 0.90067 0 0.198661 0.00279045
0 0.504464 0.391183 0.991071 0.764509 0.00277901
60 1 0.914062 0 0.171875 0.00261116
40 0.0282738 0.137556 0.0535714 0.100725 0.00248146
77 0.940476 0.303571 0.0912699 0.0535714 0.00247192
60 0.182416 0.432757 0.359375 0.531808 0.00232315
44 0.231647 0.114328 0.0615079 0.141881 0.00231361
26 0.618552 0.108677 0.762897 0.211775 0.00229645
56 0.943452 0.90346 0.113095 0.186384 0.00227928
14 0.24318 0.15067 0.239831 0.222098 0.00225258
42 0.0208333 0.136858 0.0386905 0.0890067 0.00214958
77 0.94246 0.578125 0.115079 0.0881696 0.00213242
60 0.112847 0.404855 0.222718 0.455915 0.00213242
14 0.239955 0.11928 0.236359 0.159598 0.00198746
0 0.940476 0.303571 0.0912699 0.0535714 0.00187492
62 0.486111 0.609375 0.204365 0.232143 0.0018034
59 0.361111 0.501395 0.700397 0.512835 0.00178909
0 0.611111 0.115932 0.777778 0.226004 0.00176811
44 0.0218254 0.124581 0.0391865 0.0761719 0.00174141
60 0.512401 0.38365 0.97123 0.741629 0.00173378
15 0.940476 0.303571 0.0912699 0.0535714 0.0017004
73 0.248512 0.702009 0.0208333 0.0580357 0.0017004
56 0.31064 0.433315 0.608879 0.59096 0.00166798
73 0.235119 0.700335 0.0277778 0.0636161 0.0016613
77 0.218254 0.677455 0.105159 0.118304 0.0016613
0 0.28373 0.129708 0.46131 0.254534 0.0016489
25 0.534598 0.133092 0.899058 0.258929 0.0016489
57 0.209325 0.727539 0.412698 0.524833 0.00161076
40 0.0243056 0.153704 0.0456349 0.140695 0.00154305
44 0.358135 0.113212 0.360119 0.18178 0.00148392
0 0.417163 0.130999 0.691468 0.253627 0.00148392
73 0.250992 0.698661 0.031746 0.063616 0.00147247
17 0.611111 0.115932 0.777778 0.226004 0.00145531
44 0.238095 0.131383 0.0436508 0.0759626 0.00144386
57 0.112847 0.404855 0.222718 0.455915 0.00142097
60 1 0.993304 0 0.0133928 0.00138283
41 0.0218254 0.17606 0.0406746 0.0954241 0.00137806
24 0.880952 0.274065 0.238095 0.15053 0.00136662
0 0.354167 1 0.609127 0 0.00136185
0 0.187376 0.415737 0.367312 0.487723 0.00130463
42 0.0282738 0.137556 0.0535714 0.100725 0.0012846
60 0 0.992188 0 0.015625 0.00127411
44 0.220238 0.113124 0.121032 0.139823 0.00124454
73 0.209325 0.697545 0.109127 0.078125 0.00124454
60 0.946429 0.850446 0.107143 0.0647322 0.00121593
57 0.611111 0.115932 0.777778 0.226004 0.00119686
58 0.297123 0.309989 0.58631 0.578683 0.00119686
60 0.217262 0.290458 0.428571 0.548549 0.00119209
40 0.0218254 0.17606 0.0406746 0.0954241 0.00118828
41 0.114831 0.771205 0.0367064 0.0245536 0.00117874
59 0.512401 0.269531 0.975198 0.518415 0.00117874
15 0.512401 0.269531 0.975198 0.518415 0.0011692
77 0.498884 0.381138 0.99628 0.735491 0.00116539
56 0.112847 0.234933 0.221726 0.121652 0.00116062
13 0.510913 0.727818 0.96627 0.513114 0.00114727
77 0.239955 0.11928 0.236359 0.159598 0.00113773
57 0.453373 0.510324 0.894841 0.568638 0.00113392
77 0.941468 0.600307 0.117063 0.131975 0.00112438
63 0.510913 0.727818 0.96627 0.513114 0.00112438
58 0.534598 0.133092 0.899058 0.258929 0.00109863
39 0.115079 0.86942 0.0416667 0.0647322 0.00109005
77 0.294767 0.127476 0.454117 0.248396 0.00109005
44 0.234127 0.148751 0.0555556 0.0635463 0.00108147
59 0.209325 0.727539 0.412698 0.524833 0.00107288
19 0.522817 0.279297 0.954365 0.544085 0.00106525
44 0.238095 0.141183 0.0416667 0.0507812 0.00106049
39 0.0223214 0.132394 0.0381944 0.106306 0.00105667
15 0.240947 0.128488 0.236359 0.177176 0.00104427
60 0.94246 0.899554 0.115079 0.189732 0.00104046
39 0.0233135 0.154157 0.0446429 0.140904 0.00102806
13 0.943452 0.90346 0.113095 0.186384 0.00102806
13 0.501984 0.407366 0.996032 0.75 0.00100803
59 0.513393 0.723772 0.965278 0.534598 0.262207
59 0.510417 0.38644 0.979167 0.738281 0.0794678
73 0.21379 0.706473 0.0446429 0.0535715 0.025177
73 0.223214 0.706473 0.0257936 0.0535715 0.0235138
57 0.536706 0.742327 0.926587 0.499721 0.0165863
57 0.191964 0.430734 0.375992 0.554827 0.0162201
73 0.196925 0.700893 0.0833333 0.0703125 0.0119629
73 0.946429 0.851005 0.107143 0.0669643 0.0117798
58 0.484127 0.328125 0.920635 0.59933 0.0103683
71 0.511037 0.715402 0.966022 0.554688 0.0103302
56 0.514757 0.377232 0.950645 0.720982 0.00971222
56 0.527902 0.738281 0.944196 0.498884 0.00874329
44 0.0228175 0.137974 0.0416667 0.100167 0.00857544
57 0.502976 0.40067 0.994048 0.71317 0.00815582
44 0.228175 0.120326 0.0853175 0.155273 0.00651169
44 0.242932 0.154297 0.254216 0.237723 0.006073
73 0.244048 0.704241 0.0218254 0.0558036 0.00524139
25 0.512277 0.263393 0.975446 0.506138 0.00510025
56 0.191592 0.441406 0.374752 0.559152 0.0049057
60 0.114335 0.234933 0.224702 0.120536 0.00462723
25 0.600694 0.171596 0.798611 0.332589 0.00450516
13 0.946429 0.850446 0.107143 0.0647322 0.00438309
0 0.511781 0.727539 0.966518 0.51144 0.0039444
25 0.498512 0.381696 0.99504 0.734375 0.00390053
20 0.498512 0.381696 0.99504 0.734375 0.00385475
57 0.305432 0.430525 0.59747 0.576451 0.00385475
72 0.486111 0.609235 0.206349 0.23019 0.00385475
75 0.498512 0.381696 0.99504 0.734375 0.00353813
59 0.460317 0.511719 0.90873 0.558036 0.00351143
15 0.522321 0.717773 0.951389 0.55106 0.00342941
58 0.437004 0.438058 0.858135 0.578125 0.00332451
16 0.522321 0.717773 0.951389 0.55106 0.00329781
0 0.503968 0.390067 0.992064 0.760045 0.00328636
58 0.228175 0.164028 0.34623 0.272391 0.00322342
60 0.513393 0.723772 0.965278 0.534598 0.00309944
60 1 0.874721 0 0.250558 0.00304031
77 0.940476 0.30385 0.0912699 0.0535714 0.00301552
60 1 0.914621 0 0.170759 0.00250244
60 0 0.900112 0 0.199777 0.00248146
40 0.0287698 0.137416 0.0545635 0.100446 0.00247192
14 0.24256 0.150809 0.239087 0.221819 0.00237846
44 0.232143 0.113996 0.0615079 0.141706 0.00236893
56 0.943452 0.90346 0.113095 0.186384 0.00235939
26 0.618056 0.108398 0.763889 0.211217 0.00235939
60 0.18068 0.428571 0.356895 0.520089 0.00205803
15 0.940476 0.30385 0.0912699 0.0535714 0.00204277
62 0.486111 0.609236 0.204365 0.232422 0.00198746
42 0.0210814 0.136684 0.0391865 0.0893555 0.0019722
77 0.217262 0.678013 0.109127 0.118304 0.0019722
0 0.944444 0.304129 0.10119 0.0535714 0.00192642
77 0.94246 0.578125 0.115079 0.0881696 0.00192642
60 0.510913 0.381696 0.972222 0.736607 0.00187492
60 0.113095 0.403181 0.223214 0.452567 0.00186062
73 0.248016 0.702009 0.0218254 0.0580357 0.00182438
0 0.611111 0.115723 0.777778 0.225586 0.00181007
58 0.283234 0.307199 0.558532 0.573103 0.00178242
57 0.437004 0.438058 0.858135 0.578125 0.0017271
73 0.236111 0.699777 0.0287698 0.0647322 0.00172043
56 0.305432 0.430525 0.59747 0.576451 0.00168705
44 0.0218254 0.124372 0.0396825 0.0771484 0.00164223
57 0.206225 0.730469 0.40501 0.518973 0.00164223
0 0.28063 0.129569 0.464534 0.254255 0.0015974
73 0.250992 0.698661 0.031746 0.063616 0.00156116
25 0.53373 0.133894 0.900794 0.260672 0.00156116
57 0.119544 0.384766 0.234127 0.400112 0.00156116
44 0.358135 0.112863 0.361111 0.182199 0.00154877
56 0.113095 0.234933 0.222222 0.121652 0.00153637
40 0.0243056 0.153599 0.0451389 0.140904 0.00148392
41 0.114831 0.771205 0.0367064 0.0245536 0.0014782
0 0.399306 0.131383 0.673611 0.254534 0.00143242
39 0.115079 0.86942 0.0416667 0.0647322 0.0014267
44 0.238095 0.131452 0.0436508 0.0730329 0.00139904
0 0.1875 0.417411 0.368056 0.486607 0.00137234
77 0.289807 0.128069 0.462054 0.249442 0.00135612
73 0.210317 0.695312 0.109127 0.0825893 0.00132465
44 0.220238 0.113072 0.121032 0.139648 0.00131989
24 0.880952 0.272321 0.238095 0.154576 0.00131989
77 0.498512 0.381696 0.99504 0.734375 0.00131989
0 0.360243 1 0.589038 0 0.00130939
60 0.946429 0.850446 0.107143 0.0647322 0.00129986
49 0.271949 0.044329 0.430308 0.0851702 0.00129414
58 0.53373 0.133894 0.900794 0.260672 0.00127411
41 0.0220734 0.175921 0.0406746 0.0957031 0.00126457
17 0.611111 0.115723 0.777778 0.225586 0.00124454
60 1 0.993304 0 0.0133928 0.00121117
15 0.512277 0.263393 0.975446 0.506138 0.0012064
77 0.239955 0.11928 0.236359 0.159319 0.00119686
13 0.943452 0.90346 0.113095 0.186384 0.00118828
63 0.511781 0.727539 0.966518 0.51144 0.0011692
42 0.0287698 0.137416 0.0545635 0.100446 0.00115108
40 0.0220734 0.175921 0.0406746 0.0957031 0.0011425
60 0 0.992746 0 0.0145089 0.0011425
13 0.511781 0.727539 0.966518 0.51144 0.0011034
39 0.21131 0.707031 0.0515873 0.0535715 0.00109005
57 0.611111 0.115723 0.777778 0.225586 0.00109005
77 0.941468 0.604911 0.117063 0.141741 0.00108147
59 0.206225 0.730469 0.40501 0.518973 0.00108147
26 0.861111 0.285993 0.188492 0.0825893 0.00107288
19 0.522817 0.26981 0.954365 0.525112 0.00107288
27 0.482143 0.6137 0.19246 0.216797 0.00106525
60 0.210317 0.288784 0.414683 0.545201 0.00105286
39 0.196925 0.700893 0.0833333 0.0703125 0.00104809
59 0.512277 0.263393 0.975446 0.506138 0.00104809
39 0.0223214 0.131696 0.0376984 0.104911 0.00104046
44 0.234127 0.148298 0.0555556 0.062221 0.00101185
60 0.94246 0.899554 0.115079 0.189732 0.00101185
44 0.238095 0.140869 0.0416667 0.0497349 0.00100422
59 0.513765 0.72433 0.964534 0.533482 0.287842
59 0.510417 0.386161 0.979167 0.736607 0.0930176
73 0.213294 0.706473 0.0456349 0.0535715 0.0268555
73 0.223214 0.706473 0.0257936 0.0535715 0.0247955
57 0.539683 0.741211 0.920635 0.501953 0.0181885
57 0.191468 0.428083 0.375 0.545619 0.0154266
73 0.946429 0.851005 0.107143 0.0669643 0.014389
73 0.196925 0.700893 0.0833333 0.0703125 0.0120087
58 0.483135 0.327288 0.918651 0.595424 0.0104523
56 0.514013 0.376674 0.950149 0.71875 0.00963593
71 0.511409 0.717076 0.965278 0.552455 0.00926971
44 0.0228175 0.13787 0.0426587 0.100935 0.00905609
57 0.502976 0.399554 0.994048 0.712054 0.00796509
56 0.52877 0.736049 0.94246 0.503348 0.00734711
44 0.228175 0.120117 0.0853175 0.154855 0.00669098
73 0.244048 0.704241 0.0218254 0.0558036 0.00538635
44 0.24256 0.154297 0.252976 0.237723 0.00536346
13 0.945933 0.850446 0.108135 0.0647322 0.00502014
56 0.190972 0.437779 0.374008 0.553013 0.00481033
72 0.486111 0.609235 0.206349 0.23019 0.0046463
60 0.114335 0.235073 0.224702 0.120257 0.00457382
25 0.601687 0.169364 0.796627 0.327567 0.00448608
25 0.511533 0.258092 0.976935 0.49442 0.00445175
0 0.511905 0.727121 0.96627 0.510045 0.00407028
59 0.462302 0.512277 0.914683 0.551339 0.00397491
25 0.498016 0.381696 0.996032 0.732143 0.00363541
57 0.304067 0.428013 0.59623 0.566964 0.00362206
77 0.939484 0.30385 0.0892858 0.0535714 0.0036068
58 0.226687 0.164621 0.344246 0.272321 0.00332451
0 0.502976 0.388393 0.994048 0.754464 0.00331116
75 0.498016 0.381696 0.996032 0.732143 0.00317192
20 0.498016 0.381696 0.996032 0.732143 0.00314713
60 1 0.875 0 0.25 0.00304031
16 0.523314 0.719308 0.949405 0.547991 0.00300407
58 0.43254 0.437221 0.849206 0.576451 0.00298119
60 0.513765 0.72433 0.964534 0.533482 0.00293541
15 0.523314 0.719308 0.949405 0.547991 0.00286674
40 0.0287698 0.137416 0.0545635 0.100167 0.00277901
60 0 0.862165 0 0.27567 0.00254059
56 0.943452 0.904018 0.113095 0.185268 0.0024929
60 1 0.914062 0 0.171875 0.00245285
77 0.216766 0.677455 0.110119 0.118304 0.0024147
44 0.232143 0.11302 0.0615079 0.139474 0.00231361
15 0.939484 0.30385 0.0892858 0.0535714 0.00231361
14 0.24256 0.150635 0.239087 0.22161 0.00230598
77 0.94246 0.577567 0.115079 0.0870535 0.00225258
62 0.486111 0.609236 0.204365 0.232422 0.00214958
26 0.618056 0.108119 0.763889 0.210938 0.00206757
42 0.0213294 0.136754 0.0396825 0.089774 0.00203514
73 0.248016 0.702009 0.0218254 0.0580357 0.00195694
0 0.944444 0.304129 0.10119 0.0535714 0.00194931
60 0.179688 0.425223 0.354911 0.512277 0.00194168
41 0.114831 0.771205 0.0367064 0.0245536 0.00188255
0 0.610615 0.115165 0.77877 0.224749 0.00188255
39 0.115079 0.86942 0.0416667 0.0647322 0.00186729
58 0.278894 0.305734 0.551339 0.569336 0.00178242
60 0.508929 0.38058 0.974206 0.732143 0.00176144
73 0.235615 0.699777 0.0287698 0.0647322 0.00175476
44 0.360119 0.112514 0.359127 0.180106 0.00173378
44 0.0218254 0.124093 0.0396825 0.0774275 0.00172043
56 0.113095 0.235073 0.222222 0.121373 0.00170708
60 0.113343 0.401855 0.22371 0.449637 0.00166798
73 0.250992 0.698661 0.031746 0.063616 0.00161076
57 0.119296 0.386719 0.233631 0.404018 0.00157928
40 0.0243056 0.153599 0.0456349 0.140904 0.00152493
57 0.205233 0.732003 0.403026 0.513672 0.0015192
57 0.43254 0.437221 0.849206 0.576451 0.00148392
0 0.278274 0.129185 0.46627 0.253627 0.0014782
56 0.304067 0.428013 0.59623 0.566964 0.00146103
25 0.535218 0.134626 0.897817 0.262556 0.00144386
44 0.219742 0.112932 0.121032 0.13909 0.00141621
60 0.945933 0.850446 0.108135 0.0647322 0.00141048
73 0.210317 0.694196 0.109127 0.0848215 0.00140476
77 0.239955 0.119001 0.236359 0.158482 0.00136662
44 0.238095 0.131836 0.0426587 0.0686384 0.00134563
13 0.943452 0.905134 0.113095 0.183036 0.00134563
60 0 0.904018 0 0.191964 0.00131989
77 0.941468 0.604771 0.117063 0.140904 0.00131512
0 0.187624 0.417341 0.3688 0.484515 0.00130939
0 0.420139 0.131975 0.727183 0.25558 0.00128937
41 0.0218254 0.17606 0.0406746 0.0954241 0.0012846
0 0.363963 1 0.575645 0 0.00127888
39 0.21131 0.707031 0.0515873 0.0535715 0.00127411
58 0.535218 0.134626 0.897817 0.262556 0.00126934
49 0.270957 0.044329 0.430308 0.0851702 0.00124931
26 0.861111 0.285993 0.186508 0.0825893 0.00119686
60 1 0.993862 0 0.0122767 0.00119209
77 0.288194 0.127965 0.46627 0.249093 0.00118828
39 0.196925 0.700893 0.0833333 0.0703125 0.00118351
42 0.0287698 0.137416 0.0545635 0.100167 0.00117397
77 0.498016 0.381696 0.996032 0.732143 0.00117397
40 0.0218254 0.17606 0.0406746 0.0954241 0.0011692
24 0.880952 0.271763 0.238095 0.15625 0.00116062
41 0.115079 0.86942 0.0416667 0.0647322 0.0011425
49 0.207341 0.0463518 0.3125 0.0882394 0.0011158
63 0.511905 0.727121 0.96627 0.510045 0.00109863
27 0.482639 0.6137 0.193452 0.216797 0.00109005
40 0.0213294 0.136754 0.0396825 0.089774 0.00108147
60 0.94246 0.90067 0.115079 0.1875 0.00108147
39 0.0223214 0.131731 0.0376984 0.104841 0.00107765
59 0.511533 0.258092 0.976935 0.49442 0.00107288
19 0.522817 0.260603 0.954365 0.506696 0.00107288
15 0.511533 0.258092 0.976935 0.49442 0.00106049
6 0.507441 0.397879 0.985119 0.760045 0.00106049
39 0.0243056 0.153599 0.0456349 0.140904 0.00105286
59 0.205233 0.732003 0.403026 0.513672 0.00105286
57 0.610615 0.115165 0.77877 0.224749 0.00103664
60 0 0.992746 0 0.0145089 0.00103664
17 0.610615 0.115165 0.77877 0.224749 0.00102806
59 0.610615 0.115165 0.77877 0.224749 0.00102806
75 0.939484 0.30385 0.0892858 0.0535714 0.00102425
79 0.386409 0.101911 0.330357 0.199079 0.00101662
13 0.511905 0.727121 0.96627 0.510045 0.00101662
58 0.488591 0.184152 0.875992 0.325893 0.00100803
41 0.940476 0.303292 0.0932539 0.0541295 0.00100422
59 0.513889 0.725446 0.964286 0.53125 0.317383
59 0.510417 0.385882 0.979167 0.734933 0.0977173
73 0.214286 0.706473 0.0436508 0.0535715 0.0289764
73 0.223214 0.706473 0.0257936 0.0535715 0.0264587
57 0.542659 0.743304 0.914683 0.497768 0.0183411
73 0.946429 0.850447 0.107143 0.0669642 0.0151291
57 0.190972 0.456473 0.374008 0.569196 0.014389
73 0.196925 0.700893 0.0833333 0.0703125 0.0124817
56 0.512897 0.376953 0.952381 0.717076 0.0109863
58 0.482639 0.325056 0.915675 0.588728 0.00955963
57 0.502852 0.398996 0.994296 0.709821 0.00837708
44 0.0228175 0.137835 0.0426587 0.102121 0.00831604
71 0.512401 0.718192 0.965278 0.550223 0.00796509
56 0.529886 0.736468 0.940228 0.500279 0.0069313
73 0.243552 0.704241 0.0208333 0.0558036 0.00598145
44 0.228175 0.120047 0.0863095 0.154715 0.00579834
44 0.24256 0.154576 0.251984 0.237723 0.00498199
13 0.945933 0.850446 0.108135 0.0647322 0.00482941
72 0.486111 0.609235 0.206349 0.23019 0.00473785
60 0.114583 0.235073 0.225198 0.120257 0.00457382
56 0.190352 0.434989 0.373264 0.548549 0.00446701
77 0.939484 0.303571 0.0892858 0.0535714 0.00416565
0 0.512029 0.727679 0.966022 0.508929 0.00397491
59 0.454861 0.511719 0.899802 0.550223 0.00388527
25 0.601687 0.168806 0.796627 0.326451 0.00382423
75 0.498016 0.381138 0.996032 0.731027 0.00378036
25 0.511905 0.25 0.97619 0.478237 0.00362206
60 1 0.874442 0 0.251116 0.00340271
25 0.498016 0.381138 0.996032 0.731027 0.00332451
57 0.308532 0.424665 0.605159 0.564732 0.00327301
58 0.423611 0.436384 0.831349 0.575893 0.00319672
77 0.94246 0.577567 0.115079 0.0870535 0.00300407
20 0.498016 0.381138 0.996032 0.731027 0.00299263
58 0.227307 0.164865 0.343006 0.271275 0.00298119
0 0.501364 0.388114 0.997272 0.75279 0.00284576
16 0.524926 0.720982 0.948165 0.544643 0.00273705
77 0.217262 0.677455 0.109127 0.118304 0.00269318
40 0.0287698 0.137277 0.0545635 0.101004 0.00261116
60 0.513889 0.725446 0.964286 0.53125 0.00252151
56 0.943452 0.90346 0.113095 0.186384 0.00251198
15 0.524926 0.720982 0.948165 0.544643 0.00247192
60 0 0.862723 0 0.274554 0.00233269
41 0.114831 0.771205 0.0367064 0.0245536 0.00229645
14 0.24256 0.150809 0.239087 0.22154 0.00228691
73 0.248512 0.702009 0.0208333 0.0580357 0.00225258
14 0.240079 0.118862 0.236111 0.157924 0.00222588
15 0.939484 0.303571 0.0892858 0.0535714 0.00220871
56 0.113343 0.235212 0.222718 0.121094 0.00218201
0 0.944444 0.304129 0.10119 0.0535714 0.00209999
62 0.486111 0.609236 0.204365 0.232422 0.00208282
44 0.232143 0.111886 0.0605159 0.138114 0.00202751
26 0.617064 0.108259 0.765873 0.211496 0.00200272
0 0.610119 0.115513 0.779762 0.225446 0.0019722
42 0.0213294 0.13644 0.0396825 0.0904018 0.00191212
44 0.360119 0.112305 0.357143 0.179129 0.00188255
39 0.115079 0.86942 0.0416667 0.0636161 0.00187492
73 0.234623 0.700893 0.0257936 0.0625 0.00186062
60 0.179563 0.423061 0.354167 0.507673 0.00178242
49 0.270337 0.0443987 0.429564 0.0853097 0.00174141
60 0.506944 0.380022 0.978175 0.731027 0.0017004
73 0.251488 0.698661 0.030754 0.0625001 0.0016613
77 0.941468 0.601423 0.117063 0.134208 0.0016613
73 0.209821 0.694196 0.109127 0.0848215 0.00162888
49 0.206349 0.0463518 0.313492 0.0883789 0.00156116
44 0.0218254 0.123465 0.0396825 0.0767299 0.00155449
77 0.285714 0.127651 0.470238 0.248605 0.00153065
40 0.0243056 0.15346 0.0456349 0.140904 0.0015192
58 0.287574 0.304688 0.567708 0.566964 0.00149536
13 0.943452 0.905134 0.113095 0.183036 0.00146675
57 0.423611 0.436384 0.831349 0.575893 0.00144386
77 0.240079 0.118862 0.236111 0.157924 0.0014267
57 0.204365 0.732701 0.402778 0.513393 0.00139904
60 0.113343 0.401228 0.22371 0.447545 0.00139427
57 0.119048 0.389788 0.234127 0.410156 0.00138855
77 0.498016 0.381138 0.996032 0.731027 0.00136662
56 0.308532 0.424665 0.605159 0.564732 0.00136185
49 0.254836 0.0695975 0.377232 0.136475 0.00134563
0 0.276786 0.128802 0.468254 0.252999 0.00133514
58 0.532862 0.135359 0.90253 0.263881 0.00132465
60 0.945933 0.850446 0.108135 0.0647322 0.00131989
39 0.21131 0.707031 0.0515873 0.0535715 0.00126457
60 1 0.993304 0 0.0133928 0.00125504
41 0.115079 0.86942 0.0416667 0.0636161 0.00124931
26 0.861111 0.286272 0.186508 0.0825893 0.00124454
44 0.220238 0.112793 0.121032 0.138811 0.00123978
0 0.364955 1 0.569692 0 0.00123978
0 0.428075 0.13222 0.756944 0.256208 0.00123024
60 0 0.90625 0 0.1875 0.00123024
44 0.238095 0.132847 0.0416667 0.0613142 0.0012207
75 0.939484 0.303571 0.0892858 0.0535714 0.0012064
41 0.0218254 0.175084 0.0406746 0.0973772 0.00119209
25 0.532862 0.135359 0.90253 0.263881 0.00118351
39 0.196925 0.700893 0.0833333 0.0703125 0.00115585
27 0.482143 0.6137 0.19246 0.216797 0.00115108
19 0.522941 0.253069 0.954117 0.491071 0.00115108
40 0.0218254 0.175084 0.0406746 0.0973772 0.0011425
0 0.187996 0.417132 0.368056 0.482701 0.00112915
41 0.940476 0.303292 0.0932539 0.0541295 0.0011158
42 0.0287698 0.137277 0.0545635 0.101004 0.00107765
41 0.115327 0.773996 0.0327381 0.0189732 0.00106049
60 0.94246 0.90067 0.115079 0.1875 0.00105667
17 0.610119 0.115513 0.779762 0.225446 0.00104427
40 0.0213294 0.13644 0.0396825 0.0904018 0.00104046
74 0.115327 0.773996 0.0327381 0.0189732 0.00104046
15 0.511905 0.25 0.97619 0.478237 0.00103664
63 0.512029 0.727679 0.966022 0.508929 0.00103188
77 0.252976 0.147077 0.279762 0.243792 0.00102806
19 0.498016 0.381138 0.996032 0.731027 0.00102806
77 0.230655 0.647321 0.0684524 0.0569196 0.00102425
0 0.24256 0.154576 0.251984 0.237723 0.00102425
59 0.204365 0.732701 0.402778 0.513393 0.00101662
77 0.428075 0.13222 0.756944 0.256208 0.00100803
59 0.514757 0.728237 0.96255 0.524554 0.325928
59 0.510789 0.385603 0.978423 0.733259 0.0987549
73 0.215278 0.706473 0.0416667 0.0535715 0.0313721
73 0.223214 0.706473 0.0257936 0.0535715 0.0279083
57 0.544767 0.74721 0.910466 0.489955 0.0175781
73 0.946429 0.850447 0.107143 0.0669642 0.0153656
57 0.190352 0.454799 0.373264 0.565848 0.0134277
73 0.196925 0.700893 0.0833333 0.0703125 0.0121002
56 0.513889 0.376116 0.948413 0.714286 0.00985718
58 0.481647 0.323382 0.913691 0.58538 0.00948334
44 0.0228175 0.137521 0.0426587 0.10219 0.00834656
71 0.513021 0.722656 0.964038 0.540179 0.00748825
57 0.50248 0.397879 0.99504 0.708705 0.00740433
73 0.243552 0.704241 0.0208333 0.0558036 0.00653839
56 0.530878 0.737165 0.938244 0.497768 0.00579834
73 0.208333 0.705357 0.0575397 0.0580357 0.00564194
44 0.228175 0.119978 0.0863095 0.154855 0.00553513
13 0.945933 0.850446 0.108135 0.0647322 0.00508118
72 0.486111 0.609235 0.206349 0.23019 0.00502014
60 0.114583 0.235212 0.225198 0.119978 0.00475693
44 0.242064 0.154297 0.251984 0.237165 0.00473785
77 0.939484 0.303571 0.0892858 0.0535714 0.00453949
56 0.1906 0.432757 0.372768 0.546317 0.00413513
0 0.513393 0.728237 0.965278 0.50558 0.00392914
59 0.453869 0.51144 0.897817 0.541853 0.00390053
25 0.602183 0.167969 0.795635 0.325335 0.00370789
60 1 0.873326 0 0.253348 0.00370789
75 0.498512 0.381138 0.99504 0.728795 0.00367928
58 0.409722 0.434431 0.803571 0.575335 0.00337601
59 0.409722 0.434431 0.803571 0.575335 0.00329781
77 0.94246 0.577567 0.115079 0.0870535 0.00327301
25 0.511905 0.248744 0.97619 0.475167 0.00322342
57 0.308036 0.421317 0.604167 0.5625 0.00319672
25 0.498512 0.381138 0.99504 0.728795 0.00300407
77 0.217262 0.677455 0.109127 0.118304 0.00291252
0 0.501984 0.387277 0.996032 0.748884 0.00282288
58 0.227059 0.165039 0.341518 0.271484 0.00279999
41 0.114831 0.771205 0.0367064 0.0245536 0.00273705
40 0.0287698 0.137033 0.0545635 0.100935 0.00270462
20 0.498512 0.381138 0.99504 0.728795 0.00263214
73 0.249008 0.702009 0.0198413 0.0580357 0.0024929
56 0.113591 0.234933 0.223214 0.121094 0.00245285
16 0.525794 0.726423 0.946429 0.533761 0.0024147
60 0.514757 0.728237 0.96255 0.524554 0.00240517
56 0.943452 0.904018 0.113095 0.1875 0.00239754
15 0.939484 0.303571 0.0892858 0.0535714 0.00232315
14 0.240079 0.118722 0.236111 0.157645 0.00229645
62 0.486111 0.609375 0.204365 0.232143 0.00214958
15 0.525794 0.726423 0.946429 0.533761 0.00214005
0 0.944444 0.304129 0.10119 0.0535714 0.00208282
44 0.360615 0.112026 0.358135 0.178292 0.0020504
39 0.115079 0.86942 0.0416667 0.0636161 0.00204277
49 0.270709 0.044329 0.42882 0.0851702 0.00203514
0 0.610119 0.115304 0.779762 0.225028 0.00199509
73 0.234127 0.700893 0.0238095 0.0625 0.00198746
60 0 0.864397 0 0.271205 0.00198746
44 0.232143 0.111398 0.0605159 0.137416 0.00194931
26 0.617064 0.108119 0.765873 0.211217 0.00193405
42 0.0213294 0.1363 0.0396825 0.0906808 0.00191879
49 0.205853 0.046317 0.313492 0.0881696 0.00187492
60 0.178695 0.421945 0.352927 0.505441 0.00185299
77 0.941964 0.599888 0.116071 0.131696 0.00183868
73 0.250992 0.698661 0.0297619 0.0625001 0.00174809
49 0.255952 0.0691964 0.380952 0.135603 0.0017271
77 0.28373 0.126953 0.474206 0.24721 0.0017271
77 0.240079 0.118722 0.236111 0.157645 0.0016613
73 0.209325 0.695312 0.109127 0.0825893 0.00162315
40 0.0243056 0.153495 0.0456349 0.141113 0.0015974
44 0.0218254 0.123326 0.0396825 0.0770089 0.00154877
60 0.507441 0.379464 0.975198 0.726562 0.00154877
14 0.242064 0.154297 0.251984 0.237165 0.00144958
13 0.943452 0.905134 0.113095 0.183036 0.00144386
75 0.939484 0.303571 0.0892858 0.0535714 0.00143242
60 0.113343 0.40067 0.22371 0.446429 0.0014267
58 0.28869 0.303571 0.570437 0.563616 0.00142097
57 0.1188 0.38923 0.232639 0.40904 0.00141048
77 0.498512 0.381138 0.99504 0.728795 0.00139427
26 0.860119 0.285993 0.186508 0.0825893 0.00135612
39 0.21131 0.707031 0.0515873 0.0535715 0.00135612
60 0.945933 0.850446 0.108135 0.0647322 0.00135612
41 0.115079 0.86942 0.0416667 0.0636161 0.00135612
0 0.28373 0.126953 0.474206 0.24721 0.00135612
58 0.529762 0.135638 0.90873 0.264439 0.00132465
19 0.523314 0.248605 0.953373 0.481585 0.00132465
60 1 0.992188 0 0.015625 0.00130939
40 0.0220734 0.173968 0.0406746 0.0996094 0.00127411
58 0.523314 0.248605 0.953373 0.481585 0.00127411
57 0.453869 0.51144 0.897817 0.541853 0.00126457
56 0.308036 0.421317 0.604167 0.5625 0.00124454
0 0.432044 0.132394 0.774802 0.256417 0.00123978
41 0.0220734 0.173968 0.0406746 0.0996094 0.00123501
0 0.364583 1 0.56746 0 0.00122547
41 0.115327 0.773996 0.0327381 0.0189732 0.00120163
44 0.219742 0.112793 0.121032 0.138811 0.00118828
44 0.238591 0.132952 0.0416667 0.0588728 0.00118351
74 0.115327 0.773996 0.0327381 0.0189732 0.00118351
39 0.196925 0.700893 0.0833333 0.0703125 0.00117874
27 0.482143 0.613281 0.19246 0.216518 0.00117874
41 0.938492 0.303571 0.0873016 0.0535714 0.0011692
73 0.237103 0.704241 0.0208333 0.0558036 0.00113773
19 0.498512 0.381138 0.99504 0.728795 0.00112915
60 0 0.907366 0 0.185268 0.00112915
40 0.0213294 0.1363 0.0396825 0.0906808 0.00112438
77 0.230159 0.647321 0.0674603 0.0569196 0.0011034
57 0.204365 0.736747 0.402778 0.504185 0.00109863
77 0.252108 0.14624 0.283482 0.243234 0.00109005
77 0.432044 0.132394 0.774802 0.256417 0.00109005
42 0.0287698 0.137033 0.0545635 0.100935 0.00108624
60 0.943452 0.904018 0.113095 0.1875 0.00108147
17 0.610119 0.115304 0.779762 0.225028 0.00108147
0 0.242064 0.154297 0.251984 0.237165 0.00106525
0 0.187996 0.4149 0.368056 0.477121 0.00104809
39 0.0233135 0.153739 0.0441468 0.141741 0.00104427
59 0.610119 0.115304 0.779762 0.225028 0.00102425
6 0.507441 0.396763 0.985119 0.753348 0.00100422
59 0.514757 0.728237 0.96255 0.52567 0.33374
59 0.510789 0.385603 0.978423 0.733259 0.0980835
73 0.215278 0.706473 0.0416667 0.0535715 0.0313721
73 0.223214 0.706473 0.0257936 0.0535715 0.0280151
57 0.544643 0.746791 0.910714 0.490792 0.0173798
73 0.946429 0.850447 0.107143 0.0669642 0.0150757
57 0.190352 0.454799 0.373264 0.565848 0.0138474
73 0.196925 0.700893 0.0833333 0.0703125 0.0121002
58 0.481647 0.323661 0.913691 0.585938 0.0102921
56 0.513889 0.376116 0.948413 0.714286 0.00985718
44 0.0228175 0.137695 0.0426587 0.1024 0.00844574
71 0.513021 0.721959 0.964038 0.540458 0.00731659
57 0.502852 0.398159 0.994296 0.708147 0.00728989
73 0.243552 0.704241 0.0208333 0.0558036 0.0064888
56 0.530878 0.737165 0.938244 0.497768 0.00575256
73 0.208333 0.705357 0.0575397 0.0580357 0.00561905
44 0.228175 0.119908 0.0863095 0.154715 0.00557709
72 0.486111 0.609235 0.206349 0.23019 0.00510025
13 0.945933 0.850446 0.108135 0.0647322 0.00502014
77 0.939484 0.303571 0.0892858 0.0535714 0.00471878
60 0.114583 0.235212 0.225198 0.119978 0.00471878
44 0.242064 0.154157 0.251984 0.236886 0.00466537
56 0.1906 0.433315 0.372768 0.546317 0.00426483
0 0.513393 0.728237 0.965278 0.50558 0.00397491
59 0.452877 0.511161 0.895833 0.542411 0.0039444
25 0.602183 0.16769 0.795635 0.324219 0.00385475
60 1 0.873326 0 0.253348 0.00370789
75 0.49814 0.381138 0.995784 0.727679 0.00359344
58 0.408234 0.434989 0.800595 0.574219 0.00348282
25 0.511781 0.249163 0.976439 0.476005 0.00335121
59 0.408234 0.434989 0.800595 0.574219 0.00335121
57 0.307044 0.422363 0.602183 0.561523 0.00324821
77 0.94246 0.577567 0.115079 0.0870535 0.00322342
25 0.49814 0.381138 0.995784 0.727679 0.00298119
58 0.226687 0.165179 0.34127 0.271763 0.0029583
77 0.217262 0.677455 0.109127 0.118304 0.00287819
0 0.501984 0.387277 0.996032 0.747768 0.00281143
40 0.0287698 0.137137 0.0545635 0.100725 0.00276756
41 0.114831 0.771205 0.0367064 0.0245536 0.00273705
20 0.49814 0.381138 0.995784 0.727679 0.00252151
73 0.249008 0.702567 0.0198413 0.0580357 0.00246239
56 0.113591 0.234933 0.223214 0.121094 0.00245285
16 0.525794 0.726005 0.946429 0.534598 0.00242424
56 0.943452 0.904018 0.113095 0.1875 0.00236893
60 0.514757 0.728237 0.96255 0.52567 0.00235939
15 0.939484 0.303571 0.0892858 0.0535714 0.00234985
14 0.240079 0.118722 0.236111 0.157645 0.00228691
62 0.486111 0.609375 0.204365 0.232143 0.00218201
15 0.525794 0.726005 0.946429 0.534598 0.00213242
0 0.944444 0.304129 0.10119 0.0535714 0.00211525
39 0.115079 0.86942 0.0416667 0.0636161 0.00210762
49 0.270709 0.044329 0.42882 0.0851702 0.00204277
44 0.361111 0.112026 0.357143 0.178292 0.00202751
60 0 0.864397 0 0.271205 0.00201988
0 0.610119 0.115304 0.779762 0.225028 0.00198746
73 0.234127 0.700893 0.0238095 0.0625 0.00195694
26 0.61756 0.108119 0.764881 0.211217 0.00194168
44 0.232143 0.111171 0.0605159 0.136754 0.00193405
42 0.0213294 0.1363 0.0396825 0.0906808 0.00191879
49 0.204365 0.0462821 0.311508 0.0880999 0.00189686
60 0.178695 0.422363 0.352927 0.504604 0.00188255
77 0.941964 0.59933 0.116071 0.131696 0.0018177
73 0.250992 0.698661 0.0297619 0.0625001 0.00174809
49 0.255952 0.0693359 0.380952 0.135882 0.0017271
77 0.28373 0.126953 0.474206 0.24721 0.00165462
77 0.240079 0.118722 0.236111 0.157645 0.00162315
40 0.0243056 0.15332 0.0456349 0.141183 0.00162315
73 0.209325 0.695312 0.109127 0.0825893 0.00161076
44 0.0218254 0.123396 0.0396825 0.0774275 0.00155449
58 0.286582 0.303292 0.565724 0.563058 0.00154305
60 0.507812 0.379464 0.974454 0.726562 0.00153637
14 0.242064 0.154157 0.251984 0.236886 0.00145531
60 0.113591 0.40067 0.223214 0.446429 0.00144958
75 0.939484 0.303571 0.0892858 0.0535714 0.00144386
57 0.1188 0.38923 0.232639 0.40904 0.00141621
13 0.943452 0.905134 0.113095 0.183036 0.00141048
39 0.21131 0.707031 0.0515873 0.0535715 0.00138855
41 0.115079 0.86942 0.0416667 0.0636161 0.00137806
58 0.529266 0.135568 0.909722 0.264021 0.00137234
77 0.49814 0.381138 0.995784 0.727679 0.00136662
26 0.860119 0.285993 0.186508 0.0825893 0.00134563
60 0.945933 0.850446 0.108135 0.0647322 0.00133514
0 0.28373 0.126953 0.474206 0.24721 0.00131989
40 0.0220734 0.174107 0.0406746 0.0993304 0.00130463
19 0.522941 0.248884 0.954117 0.483259 0.00129414
0 0.529266 0.135568 0.909722 0.264021 0.00128937
57 0.452877 0.511161 0.895833 0.542411 0.0012846
60 1 0.992188 0 0.015625 0.00126457
56 0.307044 0.422363 0.602183 0.561523 0.00124454
41 0.0220734 0.174107 0.0406746 0.0993304 0.00123501
0 0.364211 1 0.567212 0 0.00123501
27 0.482143 0.613281 0.19246 0.216518 0.00122547
44 0.219246 0.112723 0.121032 0.138672 0.0012064
39 0.196925 0.700893 0.0833333 0.0703125 0.0012064
41 0.115327 0.773996 0.0327381 0.0189732 0.0012064
41 0.938492 0.303571 0.0873016 0.0535714 0.00117874
74 0.115327 0.773996 0.0327381 0.0189732 0.0011692
44 0.238591 0.133057 0.0416667 0.0581055 0.00116062
60 0 0.907366 0 0.185268 0.0011425
40 0.0213294 0.1363 0.0396825 0.0906808 0.00113773
73 0.237103 0.704241 0.0208333 0.0558036 0.0011158
19 0.49814 0.381138 0.995784 0.727679 0.00110722
77 0.230159 0.647321 0.0674603 0.0569196 0.00109863
42 0.0287698 0.137137 0.0545635 0.100725 0.00108147
60 0.943452 0.904018 0.113095 0.1875 0.00108147
0 0.187996 0.415458 0.368056 0.478237 0.00108147
57 0.204365 0.737584 0.402778 0.502511 0.00108147
0 0.242064 0.154157 0.251984 0.236886 0.00106525
17 0.610119 0.115304 0.779762 0.225028 0.00106049
39 0.0233135 0.153739 0.0446429 0.141741 0.00104427
77 0.438368 0.13222 0.789931 0.256208 0.00103664
25 0.529266 0.135568 0.909722 0.264021 0.00102806
59 0.610119 0.115304 0.779762 0.225028 0.00102425
77 0.251984 0.145926 0.28373 0.243025 0.00102425
6 0.507441 0.396484 0.985119 0.75279 0.00101185
59 0.511781 0.249163 0.976439 0.476005 0.00100422
