0 0.197244 0.398438 0.37646 0.638393 0.852539
0 0.910028 0.412458 0.178571 0.506557 0.820312
0 0.580357 0.385603 0.480769 0.59375 0.817383
43 0.652473 0.61942 0.0841347 0.103795 0.729492
60 0.533139 0.80971 0.92033 0.368304 0.717773
55 0.666209 0.77567 0.582074 0.194196 0.515625
41 0.243819 0.761161 0.106456 0.0892857 0.484375
56 0.392342 0.646205 0.377747 0.102679 0.439697
45 0.784684 0.658482 0.164835 0.0580357 0.383057
43 0.669643 0.636161 0.116758 0.136161 0.303955
60 0.778675 0.21596 0.303915 0.0641741 0.123352
55 0.600103 0.75 0.331387 0.142857 0.118408
60 0.776957 0.279576 0.302198 0.189732 0.104492
0 0.357572 0.23019 0.0540865 0.0424107 0.0970459
44 0.673077 0.640067 0.118475 0.126116 0.0869141
56 0.724588 0.304129 0.171703 0.116629 0.0685425
39 0.93149 0.166853 0.0343406 0.0435268 0.0634766
44 0.678013 0.657924 0.106885 0.09375 0.0566406
41 0.849931 0.323661 0.0755495 0.0993304 0.0552063
42 0.673936 0.641741 0.115041 0.122768 0.053009
0 0.347699 0.229632 0.0729739 0.0446429 0.0509033
56 0.103881 0.945871 0.205185 0.100446 0.0509033
73 0.12706 0.949777 0.15625 0.0959822 0.0450134
58 0.0201751 0.257812 0.0386332 0.138951 0.0432129
57 0.476047 0.485212 0.952095 0.483817 0.041626
56 0.686813 0.304129 0.245536 0.117188 0.0406799
0 0.461023 0.208426 0.0789835 0.0887277 0.0404663
60 0.782109 0.376953 0.303915 0.385603 0.0403748
43 0.678013 0.657924 0.106885 0.09375 0.0380249
47 0.714286 0.120187 0.0652472 0.0472935 0.0313721
41 0.712569 0.169643 0.0652472 0.0390625 0.0304413
56 0.436126 0.285645 0.15024 0.0827288 0.0299835
43 0.691106 0.550781 0.101305 0.0435268 0.0283356
45 0.712569 0.170061 0.0635302 0.0376674 0.0267639
42 0.678013 0.657924 0.106885 0.09375 0.0264587
0 0.287496 0.402344 0.547948 0.629464 0.0258636
46 0.714286 0.120187 0.0652472 0.0472935 0.0257568
41 0.784684 0.658482 0.164835 0.0580357 0.0241394
43 0.661916 0.563756 0.168269 0.0577567 0.0227966
44 0.696257 0.666295 0.0549451 0.0691964 0.0226288
45 0.765797 0.66183 0.206044 0.0691964 0.02211
13 0.103881 0.945871 0.205185 0.100446 0.0217743
56 0.744334 0.345145 0.200893 0.192522 0.0215302
55 0.577782 0.451451 0.276442 0.164063 0.0215302
71 0.777816 0.21596 0.307349 0.062779 0.0211182
39 0.848214 0.313895 0.0755495 0.121094 0.0189819
75 0.932349 0.168108 0.0360577 0.0424107 0.0179138
40 0.858517 0.14338 0.0583792 0.0854492 0.0177765
42 0.657838 0.619978 0.0957246 0.103795 0.0177765
39 0.942651 0.167969 0.0583792 0.0429688 0.0174408
53 0.600103 0.75 0.331387 0.142857 0.0174408
75 0.861092 0.121233 0.0583791 0.0398996 0.0173798
43 0.64539 0.606027 0.0759788 0.0758928 0.016922
43 0.625859 0.611049 0.0412088 0.0837053 0.0164642
26 0.577782 0.453125 0.278159 0.146205 0.0163422
60 0.779533 0.228934 0.305632 0.0912388 0.0159607
73 0.672218 0.783482 0.614698 0.219866 0.0159607
40 0.934066 0.129604 0.0343406 0.0594308 0.0150757
43 0.628863 0.629464 0.0472184 0.09375 0.0147858
40 0.807864 0.0554548 0.0343406 0.0297154 0.0146179
32 0.714286 0.119141 0.0618131 0.0488281 0.0141754
56 0.457589 0.553013 0.51511 0.304688 0.0137405
39 0.243819 0.763393 0.105598 0.0959821 0.0136337
41 0.855082 0.265346 0.0429258 0.031808 0.0134277
75 0.713427 0.169364 0.0652472 0.0387835 0.0131683
74 0.861092 0.121233 0.056662 0.0396205 0.0126724
54 0.836195 0.754464 0.0892857 0.0513393 0.0124817
0 0.445141 0.228237 0.126202 0.132254 0.0124283
53 0.655692 0.772321 0.570484 0.191964 0.0123825
75 0.944368 0.168248 0.0583791 0.0440848 0.0123367
55 0.836195 0.754464 0.0892857 0.0491071 0.0121918
56 0.223966 0.597098 0.261204 0.223214 0.0121002
60 0.507812 0.864955 0.907452 0.258929 0.0118256
60 0.769445 0.436384 0.329241 0.508929 0.0115051
39 0.858517 0.121094 0.051511 0.0407366 0.0111618
43 0.718578 0.58803 0.0549451 0.111886 0.011116
43 0.686813 0.559012 0.120192 0.0605469 0.011116
40 0.753778 0.151228 0.0274726 0.0189732 0.0109482
44 0.657838 0.619978 0.0957246 0.103795 0.0109024
27 0.259701 0.25279 0.0807006 0.0680804 0.0106506
43 0.625 0.625 0.0377747 0.0558036 0.0102081
40 0.750344 0.159598 0.0343407 0.0390625 0.0100555
40 0.758929 0.127372 0.0343406 0.0711496 0.00997162
57 0.434839 0.28404 0.149382 0.0809152 0.00989532
39 0.0195312 0.455078 0.0386332 0.0669643 0.00985718
40 0.915179 0.128383 0.0240385 0.0551758 0.00981903
44 0.254121 0.710938 0.0429258 0.0178571 0.00978088
53 0.836195 0.754464 0.0892857 0.0491071 0.00945282
0 0.46274 0.184187 0.0875687 0.134417 0.00933838
56 0.579499 0.453683 0.276442 0.142299 0.00933838
60 0.641312 0.9375 0.716003 0.113839 0.00923157
43 0.674794 0.561384 0.0618132 0.0200893 0.00905609
44 0.262277 0.715402 0.0600962 0.0267857 0.00894928
60 0.434839 0.28404 0.149382 0.0809152 0.00888062
65 0.12706 0.949777 0.15625 0.0959822 0.0088501
16 0.359718 0.229911 0.0480769 0.0424107 0.00878143
43 0.691964 0.55692 0.104739 0.0290179 0.0085144
43 0.696257 0.666295 0.0549451 0.0691964 0.00831604
43 0.697974 0.553571 0.13908 0.0357143 0.00818634
44 0.712569 0.685268 0.0652472 0.0513393 0.00818634
56 0.741758 0.427734 0.209478 0.373326 0.00809479
43 0.647321 0.570312 0.199176 0.0669643 0.00775528
43 0.686813 0.561384 0.0858517 0.0223215 0.00763702
15 0.359718 0.229911 0.0480769 0.0424107 0.00751877
55 0.57864 0.425223 0.274725 0.092634 0.00748825
39 0.855082 0.166295 0.0618132 0.0435268 0.00737381
74 0.876545 0.128069 0.0257554 0.0245536 0.00731659
43 0.691106 0.583845 0.106456 0.106864 0.00714874
56 0.182435 0.945312 0.35886 0.102679 0.00712204
73 0.101949 0.946429 0.201322 0.103795 0.0068779
40 0.925481 0.13058 0.0583791 0.0638951 0.00674438
77 0.359718 0.229911 0.0480769 0.0424107 0.00664139
0 0.40522 0.392578 0.770948 0.563058 0.00664139
56 0.848214 0.322545 0.0755495 0.103795 0.00653839
44 0.705701 0.668527 0.0480769 0.0669643 0.00641251
39 0.712569 0.168945 0.0652472 0.0387835 0.00638962
55 0.68016 0.754464 0.384186 0.138393 0.00636292
41 0.944368 0.168666 0.0583791 0.0426897 0.00629044
60 0.7409 0.305176 0.197459 0.122907 0.00626373
69 0.0517256 0.603795 0.100017 0.245536 0.00624084
42 0.712569 0.685268 0.0652472 0.0513393 0.00621796
43 0.679731 0.646205 0.089715 0.102679 0.006073
0 0.923678 0.260742 0.152644 0.196708 0.00598145
43 0.712569 0.685268 0.0652472 0.0513393 0.00595856
40 0.808723 0.0490374 0.0394917 0.0343192 0.00588989
55 0.683165 0.777902 0.141226 0.0669642 0.00588989
0 0.433551 0.243722 0.157109 0.162667 0.00584412
40 0.903159 0.125837 0.0377747 0.0499442 0.00582123
44 0.712569 0.16476 0.0618132 0.0398996 0.00572968
40 0.942651 0.167969 0.0583792 0.0429688 0.00566483
39 0.0141655 0.443917 0.0279018 0.063058 0.00557709
43 0.669643 0.556362 0.0618132 0.03125 0.00557709
41 0.836195 0.754464 0.0892857 0.0513393 0.0055542
59 0.436126 0.28404 0.151099 0.0809152 0.00544739
43 0.668784 0.581334 0.0652473 0.0717076 0.00530243
41 0.857658 0.321987 0.0583792 0.0892857 0.00527954
56 0.59023 0.484096 0.277301 0.265067 0.00521851
42 0.254121 0.710938 0.0429258 0.0178571 0.00519943
56 0.454585 0.477679 0.907452 0.483259 0.00518036
56 0.662775 0.315848 0.298764 0.135603 0.0051384
44 0.24897 0.709821 0.0326236 0.0167411 0.00503922
42 0.696257 0.666295 0.0549451 0.0691964 0.00502014
60 0.57864 0.288784 0.645604 0.186942 0.00502014
45 0.836195 0.753906 0.0892857 0.0524554 0.00500107
40 0.861092 0.124302 0.0600962 0.0482701 0.00498199
44 0.690247 0.552455 0.103022 0.0435268 0.0049057
56 0.57864 0.516183 0.357143 0.273438 0.0049057
53 0.727807 0.810268 0.498369 0.122768 0.00484848
75 0.855941 0.167411 0.0600962 0.0418527 0.00469971
48 0.836195 0.754464 0.0892857 0.0513393 0.00468063
39 0.00987294 0.337054 0.0180288 0.0613839 0.00466537
44 0.259272 0.712054 0.0566621 0.0223214 0.00462723
40 0.915179 0.11356 0.0206044 0.0245536 0.00457382
40 0.809581 0.135463 0.0394917 0.0839844 0.00455475
43 0.685096 0.595982 0.0892857 0.09375 0.00453949
43 0.641312 0.600446 0.0618132 0.0669643 0.00453949
56 0.530134 0.51144 0.449004 0.30971 0.00448608
0 0.973043 0.318917 0.0539148 0.0563616 0.00436401
71 0.412088 0.247907 0.0995879 0.0125558 0.00432968
56 0.774382 0.359863 0.195742 0.220006 0.00432968
26 0.57864 0.425223 0.274725 0.092634 0.00432968
41 0.935783 0.167411 0.0446429 0.0429688 0.00428009
24 0.579499 0.453683 0.276442 0.142299 0.00421524
40 0.904876 0.119699 0.0360577 0.0382254 0.00418091
62 0.0517256 0.603795 0.100017 0.245536 0.00418091
45 0.944368 0.171456 0.0583791 0.0385045 0.0041008
41 0.698832 0.16769 0.0343406 0.0284598 0.00403976
42 0.690033 0.553013 0.110319 0.0379464 0.00400543
56 0.164835 0.893415 0.176854 0.206473 0.00397491
0 0.438702 0.452288 0.470467 0.519531 0.00395966
56 0.361006 0.231306 0.0463599 0.0390625 0.0039444
53 0.720295 0.816964 0.384615 0.104911 0.0039444
56 0.227507 0.919643 0.417239 0.151786 0.0039444
56 0.111178 0.901786 0.221497 0.183036 0.00391388
43 0.641312 0.647321 0.0257554 0.0558035 0.00390053
44 0.452438 0.231864 0.053228 0.0396205 0.00388527
39 0.894574 0.163783 0.0309066 0.0351562 0.00387001
49 0.452438 0.23298 0.053228 0.0379464 0.00385475
56 0.509959 0.48019 0.391484 0.446987 0.00385475
57 0.401356 0.648438 0.388908 0.113839 0.00383949
60 0.833534 0.670759 0.332933 0.102679 0.00382423
60 0.348558 0.861049 0.583791 0.263393 0.00382423
55 0.614698 0.755022 0.436126 0.159598 0.00378036
56 0.438702 0.452288 0.470467 0.519531 0.00374985
45 0.713427 0.120257 0.0635302 0.0457589 0.0037365
42 0.628863 0.629464 0.0472184 0.09375 0.0037365
42 0.73489 0.755022 0.0412089 0.0279018 0.00369263
67 0.244248 0.761161 0.103881 0.0892857 0.00366402
56 0.0521549 0.607143 0.100876 0.246652 0.00365067
48 0.667067 0.774554 0.602679 0.198661 0.00363541
73 0.0489354 0.947545 0.0948661 0.102678 0.0036068
62 0.103881 0.945871 0.205185 0.100446 0.00358009
74 0.714286 0.118862 0.0618131 0.0496652 0.00356483
39 0.898008 0.166434 0.0412088 0.0385045 0.00356483
43 0.634444 0.640067 0.0360577 0.0703125 0.00356483
43 0.687672 0.66183 0.0789835 0.0803572 0.00353813
41 0.709135 0.167969 0.0549451 0.031808 0.00351143
43 0.628005 0.59933 0.0369162 0.0613839 0.00351143
41 0.865385 0.31808 0.0412088 0.0758929 0.00349617
0 0.456731 0.220982 0.0669643 0.0608259 0.00346947
0 0.435268 0.282994 0.149382 0.0813337 0.00346947
43 0.254121 0.710938 0.0429258 0.0178571 0.00344276
40 0.803571 0.135184 0.0309066 0.0811942 0.00340271
40 0.805288 0.117048 0.0240385 0.0429687 0.00338936
0 0.452438 0.232422 0.053228 0.0379464 0.00338936
43 0.635302 0.603934 0.120192 0.104632 0.00338936
44 0.8568 0.14202 0.0618132 0.0881696 0.00337601
39 0.870536 0.175223 0.0326237 0.0217634 0.00335121
75 0.359718 0.229911 0.0480769 0.0424107 0.00335121
40 0.809581 0.0562221 0.0412088 0.0368304 0.00332451
56 0.782967 0.409668 0.291896 0.454102 0.00332451
45 0.672219 0.776786 0.619849 0.203125 0.00331116
43 0.24897 0.709821 0.0326236 0.0167411 0.00329781
60 0.760431 0.938616 0.477764 0.113839 0.00323486
40 0.93149 0.166853 0.0343406 0.0435268 0.00313568
56 0.435268 0.303641 0.152816 0.117048 0.00309944
0 0.577782 0.235631 0.334821 0.148158 0.0030632
53 0.822459 0.754464 0.0583792 0.0401786 0.00304031
58 0.0188874 0.222935 0.0360577 0.0680804 0.00301552
39 0.359718 0.229911 0.0480769 0.0424107 0.00300407
41 0.714286 0.119141 0.0618131 0.0488281 0.00299263
43 0.661916 0.632812 0.0635303 0.0837054 0.00299263
60 0.53829 0.441127 0.716003 0.49721 0.00296974
42 0.24897 0.709821 0.0326236 0.0167411 0.0029583
26 0.972184 0.318638 0.0556319 0.0558036 0.00294685
39 0.855082 0.265346 0.0429258 0.031808 0.00293541
43 0.67136 0.630022 0.0583792 0.0881697 0.00292397
60 0.809925 0.809152 0.380151 0.337054 0.00290108
41 0.861092 0.121233 0.0583791 0.0398996 0.00287819
74 0.872253 0.125 0.0343406 0.0332031 0.0028553
56 0.338256 0.868304 0.623283 0.25558 0.00284576
41 0.849931 0.305176 0.0721154 0.110631 0.00282288
42 0.625859 0.611049 0.0412088 0.0837053 0.00281143
40 0.71772 0.165039 0.0618132 0.0426897 0.00279999
43 0.645604 0.645089 0.0326237 0.0602678 0.00274658
44 0.709135 0.674665 0.0583791 0.0647321 0.00273705
39 0.75807 0.131696 0.0377747 0.0767299 0.00271416
73 0.303056 0.957589 0.123626 0.0825892 0.00271416
46 0.453297 0.232422 0.054945 0.0379464 0.00269318
60 0.102807 0.944754 0.203898 0.100446 0.00263214
56 0.393952 0.452497 0.675009 0.541434 0.0026207
56 0.22139 0.5625 0.379679 0.389509 0.0026207
45 0.579499 0.453683 0.276442 0.142299 0.00261116
43 0.686599 0.576451 0.141226 0.108259 0.00261116
55 0.784684 0.658482 0.164835 0.0580357 0.00260162
14 0.713427 0.169364 0.0652472 0.0387835 0.00259018
0 0.510817 0.17191 0.183723 0.163435 0.00256157
44 0.860234 0.120954 0.0583791 0.0393415 0.00253105
40 0.872253 0.125 0.0343406 0.0332031 0.00251198
42 0.262277 0.715402 0.0600962 0.0267857 0.00251198
56 0.0553743 0.964286 0.0523695 0.0703125 0.00251198
58 0.0193166 0.236886 0.0369162 0.094308 0.0024929
26 0.361006 0.231027 0.0463599 0.0407366 0.0024929
43 0.639595 0.590402 0.049794 0.0803572 0.0024929
54 0.822459 0.754464 0.0583792 0.0401786 0.00248146
40 0.855082 0.165458 0.0618132 0.0452009 0.00245285
42 0.259272 0.712054 0.0566621 0.0223214 0.00244331
26 0.398352 0.65067 0.379464 0.107143 0.00243378
39 0.583791 0.376116 0.0429258 0.0357143 0.00242424
44 0.687672 0.66183 0.0789835 0.0803572 0.00242424
56 0.412088 0.247907 0.0995879 0.0125558 0.0024147
0 0.00987294 0.337054 0.0180288 0.0613839 0.0024147
56 0.718578 0.58803 0.0549451 0.111886 0.0024147
44 0.691964 0.55692 0.104739 0.0290179 0.00239754
41 0.817308 0.424107 0.0206044 0.0401786 0.002388
53 0.489354 0.766741 0.221497 0.116071 0.00236893
66 0.12706 0.949777 0.15625 0.0959822 0.00236893
43 0.670501 0.595843 0.0652472 0.0917969 0.00234985
56 0.579928 0.430804 0.275584 0.0892857 0.00232315
56 0.573489 0.415179 0.549451 0.462054 0.00232315
60 0.741672 0.823661 0.516655 0.328125 0.00231361
48 0.616844 0.750558 0.333963 0.143973 0.00229645
63 0.125343 0.949777 0.164835 0.0959822 0.00229645
39 0.00858517 0.344029 0.0163118 0.0546875 0.00228691
0 0.342977 0.222656 0.0841346 0.0558036 0.00226974
39 0.443853 0.186523 0.0480769 0.0446429 0.00226021
60 0.428829 0.272042 0.16226 0.0591518 0.00224304
43 0.650541 0.550781 0.0244678 0.0290179 0.00223351
63 0.436126 0.285645 0.15024 0.0827288 0.00223351
53 0.508671 0.753348 0.211195 0.122768 0.00222588
41 0.855941 0.166295 0.0618132 0.0418527 0.00221634
56 0.0493647 0.8125 0.0970124 0.209821 0.00221634
26 0.848214 0.319754 0.0772665 0.110491 0.00219917
72 0.0521549 0.607143 0.100876 0.246652 0.00219917
69 0.051511 0.675223 0.101305 0.376116 0.00218201
40 0.752919 0.155413 0.0446428 0.0597098 0.00216484
55 0.825893 0.753348 0.0772665 0.0401785 0.00216484
44 0.765797 0.66183 0.206044 0.0691964 0.00216484
37 0.782109 0.215402 0.307349 0.0647321 0.00214958
60 0.67737 0.651786 0.643887 0.107143 0.00214958
44 0.697974 0.553571 0.13908 0.0357143 0.00214005
0 0.59023 0.484096 0.277301 0.265067 0.00213242
41 0.894574 0.163783 0.0309066 0.0351562 0.00212479
40 0.829327 0.141044 0.0755494 0.0912388 0.00211525
56 0.848214 0.344866 0.0807005 0.152902 0.00211525
55 0.720295 0.816964 0.384615 0.104911 0.00208282
43 0.705701 0.668527 0.0480769 0.0669643 0.0020752
43 0.707418 0.677455 0.0652472 0.0625 0.0020752
71 0.434839 0.28404 0.149382 0.0809152 0.00206757
56 0.784684 0.351562 0.121909 0.198661 0.00206757
0 0.197673 0.400949 0.378177 0.644531 0.844238
0 0.909942 0.415737 0.180117 0.513393 0.78418
0 0.581216 0.375 0.477335 0.578125 0.748535
43 0.652473 0.61942 0.0841347 0.104911 0.73877
60 0.534856 0.80971 0.915179 0.368304 0.705566
55 0.660199 0.775112 0.57864 0.199777 0.542969
41 0.243819 0.761161 0.107315 0.0892857 0.501953
56 0.391484 0.646205 0.377747 0.102679 0.437744
45 0.784684 0.658482 0.164835 0.0580357 0.407227
43 0.670501 0.636161 0.118475 0.136161 0.352295
60 0.778675 0.216239 0.303915 0.0641741 0.118774
55 0.599245 0.75 0.327953 0.142857 0.11676
60 0.777816 0.280692 0.302198 0.192522 0.108582
44 0.673077 0.639509 0.120192 0.127232 0.106689
0 0.358001 0.23019 0.053228 0.0424107 0.0939941
44 0.679945 0.65904 0.108173 0.09375 0.0670776
39 0.93149 0.166853 0.0343406 0.0435268 0.0665894
56 0.724373 0.304409 0.172133 0.117746 0.0614319
42 0.673077 0.639509 0.120192 0.127232 0.0592041
41 0.849931 0.32394 0.0755495 0.0998884 0.0554199
56 0.10431 0.946429 0.206044 0.100446 0.0497742
41 0.712569 0.169643 0.0652472 0.0390625 0.049408
0 0.347699 0.229632 0.0738324 0.0446429 0.0490417
57 0.473043 0.484305 0.935783 0.482282 0.0463867
58 0.0201751 0.257254 0.0377747 0.138393 0.0419312
43 0.679945 0.65904 0.108173 0.09375 0.0409851
56 0.418956 0.641741 0.427541 0.128348 0.0397949
73 0.127275 0.950335 0.157538 0.0959822 0.0386047
56 0.436985 0.28683 0.151099 0.0848214 0.0370483
0 0.461882 0.208566 0.0807005 0.0887277 0.035614
47 0.714286 0.120326 0.0652472 0.0470145 0.0298767
43 0.691964 0.551339 0.099588 0.0424107 0.0284424
42 0.679945 0.65904 0.108173 0.09375 0.0283356
56 0.746909 0.34368 0.209478 0.189872 0.0261536
45 0.770948 0.662388 0.195742 0.0703125 0.0258636
45 0.712569 0.170061 0.0635302 0.0373884 0.0257568
41 0.784684 0.658482 0.164835 0.0580357 0.0255585
43 0.664706 0.563058 0.164406 0.0569197 0.0235138
73 0.672218 0.782924 0.618132 0.220982 0.0224609
44 0.697115 0.666295 0.0549451 0.0691964 0.0218658
46 0.714286 0.120326 0.0652472 0.0470145 0.02034
71 0.777601 0.21596 0.306061 0.063058 0.0195618
42 0.658482 0.631696 0.0961539 0.125 0.0193481
39 0.942651 0.168248 0.0583792 0.0429688 0.0187683
39 0.848214 0.314453 0.0755495 0.119978 0.0176392
26 0.57864 0.452567 0.278159 0.147321 0.0175171
41 0.855082 0.265206 0.0429258 0.032087 0.0173035
40 0.858517 0.143415 0.0583792 0.0856585 0.0173035
40 0.807864 0.0557338 0.0343406 0.0299944 0.0164032
75 0.932349 0.168248 0.0343406 0.0424107 0.0155411
55 0.578211 0.450893 0.277301 0.162946 0.0154266
75 0.861092 0.121233 0.0583791 0.0398996 0.0151291
40 0.934066 0.129429 0.0343406 0.0592215 0.0147324
53 0.599245 0.75 0.327953 0.142857 0.0145035
13 0.10431 0.946429 0.206044 0.100446 0.0144501
60 0.779533 0.229911 0.303915 0.093192 0.0142288
53 0.660199 0.774554 0.583791 0.198661 0.014061
40 0.753778 0.151228 0.0274726 0.0184152 0.0133743
39 0.243819 0.763393 0.105598 0.0959821 0.0133286
60 0.505237 0.864397 0.905735 0.258929 0.0133286
32 0.714286 0.11928 0.0618131 0.0485491 0.0131226
44 0.658482 0.620536 0.0978709 0.104911 0.0128708
44 0.254979 0.710938 0.0429258 0.0178571 0.0125275
40 0.750344 0.159598 0.0343407 0.0390625 0.0124283
55 0.836195 0.754464 0.0875687 0.0491071 0.0122375
54 0.837054 0.755022 0.0892858 0.0513393 0.012146
43 0.687028 0.55971 0.119763 0.0613839 0.0121002
43 0.64539 0.606027 0.0759788 0.0758928 0.0120544
43 0.628863 0.629464 0.0472184 0.09375 0.0120544
57 0.434839 0.28397 0.149382 0.0816127 0.0119171
74 0.861092 0.121233 0.056662 0.0393415 0.0115967
0 0.444712 0.232282 0.130495 0.139788 0.0114212
75 0.713427 0.169364 0.0652472 0.0385045 0.0112457
43 0.628434 0.602121 0.0412088 0.0658482 0.0110703
39 0.858517 0.121024 0.051511 0.0405971 0.0107346
75 0.944368 0.168248 0.0583791 0.0435268 0.0107346
44 0.262706 0.715402 0.0600962 0.0256697 0.0106506
27 0.259701 0.25279 0.0807006 0.0680804 0.0104523
56 0.45158 0.54269 0.504808 0.325335 0.0104523
56 0.579928 0.453125 0.277301 0.142857 0.0102463
56 0.224073 0.597238 0.260989 0.222935 0.0102463
60 0.777816 0.425223 0.310783 0.486607 0.0101318
40 0.758929 0.126953 0.0343406 0.0703125 0.00955963
43 0.718578 0.587612 0.0549451 0.112723 0.00948334
0 0.46274 0.18457 0.0884272 0.13365 0.00948334
65 0.127275 0.950335 0.157538 0.0959822 0.00945282
44 0.713427 0.686384 0.0635302 0.0491071 0.00941467
40 0.915179 0.128348 0.0240385 0.0549665 0.00926971
60 0.432692 0.282087 0.152816 0.0904018 0.00926971
53 0.836195 0.754464 0.0875687 0.0491071 0.00894928
39 0.0195312 0.455357 0.0386332 0.0669643 0.0088501
43 0.625 0.625 0.0360577 0.0535714 0.00878143
43 0.673935 0.561523 0.0600962 0.0198102 0.00857544
43 0.623283 0.614955 0.0360577 0.0714286 0.00831604
55 0.685096 0.777902 0.13908 0.0669642 0.00812531
56 0.741758 0.425502 0.211195 0.368862 0.00806427
43 0.691964 0.557478 0.103022 0.0279018 0.00790405
0 0.923678 0.260882 0.152644 0.196429 0.00784302
43 0.685096 0.561384 0.0824176 0.0223215 0.00772476
39 0.855941 0.166295 0.0600962 0.0435268 0.00769424
41 0.944368 0.168945 0.0583791 0.0421317 0.00766754
43 0.697115 0.666295 0.0549451 0.0691964 0.00754929
56 0.183293 0.945312 0.360577 0.100446 0.00754929
43 0.697974 0.553432 0.137363 0.0337612 0.00725937
56 0.848214 0.323103 0.0755495 0.103795 0.00725937
43 0.647536 0.569755 0.198747 0.063616 0.00717545
74 0.876545 0.128069 0.0257554 0.0245536 0.00698471
55 0.676511 0.754464 0.369162 0.140625 0.00698471
44 0.712569 0.165039 0.0618132 0.0387835 0.0069046
43 0.713427 0.686384 0.0635302 0.0491071 0.0069046
42 0.713427 0.686384 0.0635302 0.0491071 0.00671768
39 0.712569 0.169085 0.0652472 0.0385045 0.00666809
43 0.691964 0.583705 0.104739 0.104911 0.00653839
16 0.360148 0.229911 0.0480769 0.0424107 0.00651169
44 0.705701 0.669643 0.0480769 0.0669643 0.0064621
44 0.24897 0.709821 0.0326236 0.0167411 0.00636292
77 0.360148 0.229911 0.0480769 0.0424107 0.00629044
40 0.942651 0.168248 0.0583792 0.0429688 0.00626373
40 0.925481 0.130336 0.0583791 0.0635463 0.00624084
41 0.837054 0.755022 0.0892858 0.0513393 0.00616837
60 0.659341 0.9375 0.679945 0.116071 0.00616837
40 0.808723 0.049142 0.0394917 0.0345285 0.006073
60 0.741758 0.306083 0.199176 0.125558 0.00605011
56 0.669858 0.31529 0.288032 0.135045 0.00600433
56 0.452438 0.477679 0.896291 0.484375 0.00595856
40 0.861092 0.123326 0.0600962 0.046317 0.00593567
56 0.589801 0.484096 0.274725 0.263951 0.00582123
42 0.254979 0.710938 0.0429258 0.0178571 0.00579834
44 0.259701 0.712054 0.0558036 0.0223214 0.00572968
40 0.903159 0.125314 0.0377747 0.0490374 0.00561905
43 0.668784 0.55692 0.0618132 0.0290179 0.00551224
15 0.360148 0.229911 0.0480769 0.0424107 0.00548935
43 0.679731 0.647321 0.089715 0.100446 0.00536346
69 0.0517256 0.611468 0.0995879 0.236886 0.00530243
39 0.00987294 0.337054 0.0175996 0.0608259 0.00526047
59 0.436126 0.284319 0.151099 0.0814732 0.00521851
44 0.691106 0.552455 0.101305 0.0424107 0.00510025
56 0.771806 0.356585 0.192308 0.21317 0.00510025
55 0.579499 0.424107 0.274725 0.0915179 0.00510025
45 0.834478 0.754464 0.0892857 0.0513393 0.00500107
0 0.435268 0.283203 0.149382 0.0820312 0.00494385
43 0.668784 0.580915 0.0635303 0.0691965 0.00488663
39 0.0141655 0.444196 0.0279018 0.063616 0.00484848
60 0.593235 0.289342 0.623283 0.188058 0.00479126
41 0.698832 0.16769 0.0343406 0.0284598 0.00473785
42 0.73489 0.755022 0.0412089 0.0279018 0.00473785
40 0.81044 0.134766 0.0377747 0.0828683 0.00471878
41 0.935783 0.167271 0.0446429 0.0426897 0.00471878
40 0.915179 0.11356 0.0206044 0.0242746 0.00453949
56 0.78125 0.40904 0.290179 0.449777 0.00452042
41 0.708276 0.167969 0.053228 0.03125 0.00450516
39 0.894574 0.163783 0.0291896 0.0351562 0.00446701
71 0.412517 0.247768 0.0995879 0.0122768 0.00438309
42 0.697115 0.666295 0.0549451 0.0691964 0.00438309
56 0.592806 0.515625 0.333963 0.273438 0.00436401
45 0.944368 0.171596 0.0583791 0.0379464 0.00429916
44 0.452009 0.232003 0.053228 0.0393415 0.00429916
56 0.112895 0.901786 0.224931 0.185268 0.00428009
24 0.579928 0.453125 0.277301 0.142857 0.00424957
56 0.219351 0.915737 0.40522 0.159598 0.0042305
0 0.438273 0.450823 0.46274 0.520229 0.00421524
39 0.898008 0.166434 0.0412088 0.0387835 0.00418091
26 0.579499 0.424107 0.274725 0.0915179 0.00415039
75 0.855082 0.167411 0.0583791 0.0412946 0.0041008
48 0.837054 0.755022 0.0892858 0.0513393 0.0041008
42 0.691106 0.552734 0.10989 0.0373884 0.00405502
73 0.0970124 0.947545 0.191449 0.102678 0.00405502
53 0.730598 0.810268 0.487637 0.125 0.00403976
0 0.973043 0.318917 0.0539148 0.0563616 0.00400543
60 0.834392 0.670759 0.331216 0.102679 0.00400543
45 0.714286 0.121861 0.0618131 0.0419922 0.00395966
43 0.641312 0.647321 0.0257554 0.0558035 0.00391388
43 0.685096 0.595843 0.0892857 0.094029 0.00385475
41 0.714286 0.11928 0.0618131 0.0485491 0.00380898
0 0.409512 0.442801 0.805288 0.571987 0.00378036
49 0.452867 0.232282 0.0540865 0.0376674 0.00374985
67 0.244248 0.761161 0.104739 0.0892857 0.00374985
74 0.714286 0.118862 0.0618131 0.0496652 0.00372124
56 0.436985 0.306083 0.154533 0.118862 0.00369263
40 0.808723 0.0566581 0.0412088 0.0379115 0.00367928
56 0.361435 0.231306 0.0463599 0.0390625 0.00367928
39 0.360148 0.229911 0.0480769 0.0424107 0.00365067
56 0.438273 0.450823 0.46274 0.520229 0.00365067
39 0.870536 0.175502 0.0326237 0.0212054 0.00362206
43 0.254979 0.710938 0.0429258 0.0178571 0.00362206
48 0.669643 0.776786 0.611264 0.203125 0.00362206
43 0.24897 0.709821 0.0326236 0.0167411 0.0036068
56 0.412517 0.247768 0.0995879 0.0122768 0.00353813
62 0.0517256 0.602818 0.100017 0.247489 0.00353813
43 0.635302 0.606027 0.120192 0.104911 0.00351143
56 0.165264 0.893415 0.177713 0.206473 0.00351143
53 0.719437 0.816964 0.382898 0.104911 0.00346947
0 0.457589 0.220145 0.0669643 0.0625 0.00342941
41 0.861092 0.121233 0.0583791 0.0398996 0.00340271
44 0.8568 0.14202 0.0618132 0.0878906 0.00338936
75 0.360148 0.229911 0.0480769 0.0424107 0.00338936
40 0.803571 0.134731 0.0309066 0.0804269 0.00337601
0 0.452438 0.232422 0.053228 0.0379464 0.00337601
40 0.718578 0.165179 0.0583791 0.0424107 0.00333786
40 0.93149 0.166853 0.0343406 0.0435268 0.00333786
0 0.333963 0.229074 0.0618132 0.0452009 0.00333786
42 0.24897 0.709821 0.0326236 0.0167411 0.00331116
40 0.805288 0.116211 0.0240385 0.0415737 0.00329781
60 0.347699 0.858817 0.583791 0.267857 0.00327301
41 0.867102 0.315848 0.0412089 0.0792411 0.00322342
56 0.591518 0.465402 0.310783 0.19308 0.00322342
39 0.855082 0.265206 0.0429258 0.032087 0.00319672
0 0.424966 0.244141 0.166552 0.170201 0.00318527
42 0.657624 0.61942 0.0807006 0.102679 0.00316048
43 0.641312 0.599888 0.0618132 0.0669643 0.00314713
42 0.628863 0.629464 0.0472184 0.09375 0.00311089
55 0.631868 0.775112 0.245536 0.108259 0.00311089
60 0.81881 0.808036 0.361006 0.334821 0.0030632
56 0.503949 0.47147 0.391484 0.464425 0.00305176
43 0.634444 0.640625 0.0360577 0.0691964 0.00301552
0 0.577782 0.235491 0.334821 0.146205 0.00300407
56 0.532709 0.510324 0.44557 0.308594 0.00300407
58 0.0188874 0.222098 0.0351992 0.0669643 0.00292397
74 0.872253 0.125419 0.0343406 0.0320871 0.00286674
60 0.4284 0.272391 0.163118 0.0590123 0.00286674
44 0.709135 0.675223 0.0600962 0.0647321 0.00286674
44 0.860234 0.120954 0.0583791 0.0390625 0.0028553
62 0.10431 0.946429 0.206044 0.100446 0.00284576
56 0.0521549 0.608119 0.100876 0.245815 0.00282288
43 0.667067 0.569755 0.171703 0.0825893 0.00277901
55 0.714286 0.809152 0.410371 0.120536 0.00275803
43 0.687672 0.662388 0.0789835 0.0792411 0.00273705
26 0.972184 0.318638 0.0556319 0.0558036 0.0027256
56 0.581216 0.430525 0.274725 0.0887277 0.0027256
53 0.822459 0.753906 0.0566621 0.0390625 0.00270462
42 0.262706 0.71317 0.0600962 0.0223214 0.00269318
41 0.855082 0.166574 0.0618132 0.0418527 0.00269318
56 0.334392 0.868304 0.620707 0.254464 0.00269318
56 0.718578 0.587612 0.0549451 0.112723 0.0026722
53 0.488925 0.766741 0.220639 0.116071 0.0026722
55 0.825893 0.753348 0.0755495 0.0379465 0.00266266
41 0.849931 0.305246 0.0721154 0.110491 0.00265312
40 0.872253 0.125419 0.0343406 0.0320871 0.00263214
54 0.822459 0.753906 0.0566621 0.0390625 0.00263214
60 0.460165 0.698661 0.460165 0.125 0.0026207
41 0.361006 0.229911 0.0463599 0.0407366 0.00261116
0 0.00987294 0.337054 0.0175996 0.0608259 0.00260162
40 0.855082 0.166574 0.0618132 0.0418527 0.00259018
56 0.0553743 0.964286 0.051511 0.0703125 0.00258064
44 0.770948 0.662388 0.195742 0.0703125 0.00258064
73 0.193381 0.748884 0.177284 0.109375 0.00257111
43 0.688745 0.577567 0.140367 0.111607 0.00254059
56 0.574777 0.420271 0.552026 0.471959 0.00254059
39 0.583791 0.376116 0.0420673 0.0357143 0.00253105
57 0.403503 0.648438 0.393201 0.118304 0.00253105
56 0.192093 0.86942 0.374742 0.25 0.00253105
40 0.361006 0.229911 0.0463599 0.0407366 0.00252151
44 0.691964 0.557478 0.103022 0.0279018 0.00252151
73 0.0489354 0.947545 0.0948661 0.102678 0.00251198
58 0.0193166 0.23577 0.0369162 0.0926339 0.00248146
44 0.750343 0.672991 0.240385 0.0970983 0.00248146
40 0.753777 0.155971 0.0429258 0.0591518 0.00243378
41 0.817308 0.423828 0.0223214 0.0407366 0.00243378
43 0.67136 0.63058 0.0583792 0.0870536 0.00243378
73 0.801854 0.827567 0.360577 0.138393 0.00243378
0 0.941277 0.231724 0.117445 0.14202 0.00240517
60 0.412517 0.247768 0.0995879 0.0122768 0.00239754
40 0.855082 0.120745 0.0480769 0.039481 0.002388
67 0.477335 0.197545 0.0326236 0.0491072 0.002388
39 0.75807 0.131383 0.0377747 0.0759626 0.00236893
44 0.855082 0.166016 0.0618132 0.0435268 0.00236893
56 0.782967 0.349609 0.123626 0.193638 0.00236893
63 0.125129 0.949777 0.166981 0.0959822 0.00236893
41 0.894574 0.163783 0.0291896 0.0351562 0.00235939
66 0.127275 0.950335 0.157538 0.0959822 0.00230598
45 0.673077 0.779018 0.623283 0.209821 0.00228691
39 0.443853 0.186663 0.0480769 0.0446429 0.00227928
60 0.768372 0.938058 0.461882 0.113839 0.00227928
45 0.579928 0.453125 0.277301 0.142857 0.00225258
63 0.436126 0.285993 0.15024 0.0831473 0.00222588
14 0.713427 0.169364 0.0652472 0.0385045 0.00220871
44 0.703984 0.152762 0.0343406 0.0226004 0.00219154
40 0.0109461 0.337612 0.0193166 0.0636161 0.00218201
55 0.784684 0.658482 0.164835 0.0580357 0.00216484
76 0.669643 0.633929 0.116758 0.133929 0.00215721
55 0.705915 0.771763 0.401356 0.157366 0.00215721
60 0.103022 0.945312 0.205185 0.100446 0.00215721
0 0.503949 0.47147 0.391484 0.464425 0.00214958
39 0.870536 0.16769 0.0343407 0.0362723 0.00213242
44 0.709135 0.158343 0.0549451 0.0329241 0.00212479
56 0.0100876 0.428571 0.0197459 0.0948661 0.00211525
60 0.545051 0.435896 0.693896 0.483119 0.00211525
26 0.848214 0.321429 0.0772665 0.107143 0.00210762
44 0.685096 0.561384 0.0824176 0.0223215 0.00209045
26 0.655048 0.617188 0.0910028 0.102679 0.00209045
44 0.697974 0.553432 0.137363 0.0337612 0.0020752
40 0.895433 0.125837 0.0291896 0.0524554 0.00206757
41 0.820742 0.75 0.0583791 0.0401785 0.0020504
46 0.714286 0.128383 0.0652472 0.0685686 0.0020504
44 0.706559 0.655692 0.0309066 0.0424107 0.00203514
43 0.670501 0.595982 0.0652472 0.0915179 0.00202751
0 0.46875 0.167097 0.0867102 0.149065 0.00202751
63 0.395776 0.646205 0.37603 0.102679 0.00201988
73 0.303486 0.957589 0.125343 0.0837053 0.00201988
43 0.650756 0.550781 0.0257555 0.0290179 0.00201035
0 0.198103 0.402902 0.379894 0.648438 0.82959
0 0.909169 0.41769 0.180288 0.517299 0.769043
43 0.652473 0.61942 0.0858517 0.104911 0.750488
0 0.581216 0.378348 0.479052 0.584821 0.710449
60 0.534856 0.809152 0.915179 0.368304 0.700195
55 0.664492 0.776228 0.590659 0.202009 0.584961
41 0.243819 0.761161 0.107315 0.0892857 0.517578
45 0.784684 0.658482 0.164835 0.0580357 0.44165
56 0.391484 0.646205 0.377747 0.102679 0.435059
43 0.670501 0.636161 0.118475 0.136161 0.366699
44 0.672862 0.641183 0.120622 0.125 0.121704
55 0.588084 0.751116 0.355426 0.145089 0.111633
60 0.778675 0.216239 0.302198 0.0641741 0.111267
60 0.776957 0.28125 0.303915 0.193638 0.109314
0 0.358001 0.23019 0.053228 0.0424107 0.0980835
44 0.680804 0.660714 0.108173 0.0915178 0.0758667
39 0.93149 0.166853 0.0343406 0.0435268 0.0723877
42 0.672862 0.641183 0.120622 0.125 0.0623169
56 0.725446 0.304409 0.175137 0.118304 0.0568542
41 0.712569 0.169643 0.0652472 0.0390625 0.0564575
57 0.470896 0.482143 0.921188 0.478795 0.0528259
56 0.104739 0.946429 0.206902 0.0993303 0.0528259
0 0.347699 0.229632 0.0738324 0.0449219 0.0500488
41 0.849931 0.32394 0.0755495 0.0998884 0.049408
56 0.436985 0.2869 0.151099 0.0846819 0.0477905
58 0.0199605 0.256696 0.0377747 0.137277 0.0432129
43 0.680804 0.660714 0.108173 0.0915178 0.0394897
56 0.421102 0.640625 0.431834 0.131696 0.0340881
0 0.461882 0.208705 0.0807005 0.0884487 0.0339661
73 0.12706 0.950893 0.158826 0.0959821 0.0318604
47 0.714286 0.120257 0.0652472 0.046875 0.0314941
56 0.746909 0.341588 0.209478 0.185128 0.0287628
42 0.680804 0.660714 0.108173 0.0915178 0.0280151
43 0.691964 0.551339 0.099588 0.0412947 0.0279083
41 0.784684 0.658482 0.164835 0.0580357 0.0253754
45 0.712569 0.170061 0.0635302 0.0373884 0.0239563
43 0.66535 0.563058 0.161401 0.0558036 0.0234222
44 0.696257 0.666295 0.0566621 0.0691964 0.0218658
42 0.658482 0.620536 0.0978709 0.104911 0.0215302
73 0.673292 0.782924 0.621137 0.220982 0.0209656
39 0.942651 0.168248 0.0583792 0.0429688 0.0206451
26 0.57864 0.453125 0.278159 0.148438 0.0204163
41 0.855082 0.265206 0.0429258 0.032087 0.0177765
53 0.662989 0.77567 0.59023 0.200893 0.0177765
40 0.858517 0.143415 0.0583792 0.0856585 0.0173798
44 0.658482 0.620536 0.0978709 0.104911 0.0168457
46 0.714286 0.118792 0.0618131 0.0495257 0.0165863
71 0.778675 0.215681 0.302198 0.0636161 0.0164032
39 0.848214 0.314802 0.0755495 0.11928 0.0158997
40 0.807864 0.0557861 0.0343406 0.0298898 0.0154877
75 0.861092 0.121164 0.0583791 0.039481 0.0146179
75 0.932349 0.168108 0.0343406 0.0421317 0.0145035
44 0.25455 0.71038 0.0429258 0.0178571 0.0142288
55 0.578211 0.451451 0.277301 0.160156 0.0139542
60 0.504808 0.864955 0.906594 0.258929 0.0138474
60 0.779533 0.234375 0.303915 0.101562 0.0137405
53 0.597098 0.75 0.328812 0.142857 0.0136871
40 0.934925 0.129325 0.0343406 0.0591518 0.0130692
40 0.752919 0.151228 0.0257555 0.0181362 0.0130234
57 0.435268 0.284319 0.149382 0.0820312 0.0130234
43 0.687028 0.55971 0.119763 0.0602678 0.0129242
39 0.243711 0.763393 0.104954 0.0959821 0.0129242
40 0.750344 0.159459 0.0343407 0.0382254 0.012825
0 0.44557 0.229213 0.129636 0.132533 0.0123825
39 0.857658 0.120954 0.0497939 0.0404576 0.011734
56 0.223644 0.598214 0.261848 0.222098 0.0115967
74 0.861092 0.121233 0.056662 0.0393415 0.0115051
32 0.714286 0.11928 0.0618131 0.0482701 0.0115051
44 0.262706 0.715402 0.0600962 0.0245536 0.011467
13 0.104739 0.946429 0.206902 0.0993303 0.0114212
75 0.713427 0.169364 0.0652472 0.0385045 0.0113297
40 0.753778 0.162946 0.0343406 0.0435268 0.011116
43 0.628863 0.629464 0.0472184 0.09375 0.0104523
56 0.579928 0.454241 0.277301 0.145089 0.0104523
39 0.0197459 0.455357 0.0390625 0.0669643 0.0104065
75 0.944368 0.168248 0.0583791 0.0435268 0.0103683
54 0.837912 0.755022 0.0892857 0.0513393 0.0102921
55 0.836195 0.754464 0.0875687 0.046875 0.01017
44 0.713427 0.685826 0.0635302 0.0491071 0.0100098
43 0.64539 0.606027 0.0759788 0.0758928 0.00974274
0 0.923678 0.260882 0.152644 0.195871 0.00963593
60 0.432692 0.282366 0.152816 0.0904018 0.00945282
65 0.12706 0.950893 0.158826 0.0959821 0.00945282
60 0.778675 0.387277 0.307349 0.410714 0.00933838
27 0.259701 0.252511 0.0807006 0.0680804 0.00912476
43 0.628434 0.602679 0.0429258 0.0669642 0.00881195
56 0.450828 0.54827 0.504593 0.31529 0.00874329
0 0.46317 0.184187 0.0892857 0.134417 0.00871277
40 0.758929 0.126918 0.0343406 0.0703823 0.00861359
39 0.855941 0.166295 0.0600962 0.0435268 0.00854492
56 0.183723 0.945312 0.360577 0.100446 0.00844574
43 0.673077 0.561523 0.0583791 0.0198102 0.008255
40 0.915179 0.128069 0.0223214 0.0546875 0.00818634
56 0.743261 0.422712 0.216775 0.364397 0.00806427
53 0.836195 0.754464 0.0875687 0.046875 0.00800323
0 0.312929 0.407924 0.600103 0.639509 0.00800323
43 0.624142 0.624442 0.0343406 0.0524554 0.00796509
41 0.944368 0.169085 0.0583791 0.0418527 0.00757599
55 0.685955 0.777902 0.137363 0.0658482 0.00754929
56 0.848214 0.323103 0.0755495 0.102679 0.00751877
43 0.685096 0.561523 0.0824176 0.0220424 0.00748825
43 0.718578 0.587612 0.0549451 0.112723 0.00737381
45 0.746051 0.65904 0.245536 0.0714285 0.00734711
56 0.450721 0.478516 0.89114 0.487165 0.00725937
0 0.434409 0.244699 0.157967 0.162388 0.00720596
43 0.713427 0.685826 0.0635302 0.0491071 0.00717545
44 0.24897 0.709821 0.0326236 0.0167411 0.00717545
39 0.713427 0.169364 0.0652472 0.0385045 0.00714874
43 0.691964 0.557478 0.103022 0.0279018 0.00712204
43 0.648824 0.569196 0.196171 0.061384 0.00712204
43 0.697974 0.553571 0.135646 0.0334821 0.00706482
43 0.696257 0.666295 0.0566621 0.0691964 0.00706482
44 0.712569 0.165179 0.0618132 0.0385045 0.00701141
74 0.876545 0.128104 0.0257554 0.0244838 0.00682449
55 0.679087 0.753906 0.37603 0.140625 0.00677109
39 0.00987294 0.337333 0.0171703 0.0608259 0.00671768
42 0.713427 0.685826 0.0635302 0.0491071 0.00671768
40 0.942651 0.168248 0.0583792 0.0429688 0.00664139
44 0.705701 0.669085 0.0480769 0.0669642 0.00653839
56 0.668784 0.315778 0.290179 0.135184 0.00653839
44 0.259701 0.711496 0.0558036 0.0223214 0.00641251
43 0.691964 0.58245 0.104739 0.102958 0.00629044
77 0.360577 0.23005 0.0480769 0.0424107 0.00609589
0 0.435697 0.282924 0.149382 0.0831473 0.006073
56 0.590659 0.483817 0.278159 0.262277 0.00602722
41 0.837912 0.755022 0.0892857 0.0513393 0.00595856
40 0.861092 0.123256 0.0600962 0.0461774 0.00588989
42 0.25455 0.71038 0.0429258 0.0178571 0.00584412
60 0.741758 0.306641 0.199176 0.127232 0.00566483
69 0.0519403 0.611049 0.0995879 0.237723 0.00564194
43 0.668784 0.557059 0.0618132 0.0287388 0.00557709
39 0.894574 0.163783 0.0291896 0.0351562 0.00551224
16 0.360577 0.23005 0.0480769 0.0424107 0.00542831
56 0.781035 0.404088 0.288891 0.439593 0.00542831
60 0.662775 0.9375 0.67136 0.116071 0.00526047
40 0.903159 0.125 0.0377747 0.0485491 0.00524139
39 0.898008 0.166434 0.0412088 0.0387835 0.00518036
40 0.808723 0.0492467 0.0377747 0.0343192 0.00516129
40 0.925481 0.130301 0.0583791 0.0633371 0.00510025
44 0.691106 0.552455 0.101305 0.0424107 0.00510025
43 0.679945 0.64788 0.0910028 0.0970982 0.0050621
60 0.602679 0.289062 0.614698 0.1875 0.0050621
41 0.701408 0.168387 0.0394917 0.0304129 0.00496292
39 0.0141655 0.444196 0.0279018 0.063616 0.0049057
42 0.73489 0.755022 0.0394918 0.0279018 0.0049057
41 0.935783 0.167271 0.0446429 0.0426897 0.0049057
59 0.436556 0.284319 0.151957 0.0820312 0.00488663
43 0.668784 0.580218 0.0635303 0.0672433 0.00486755
56 0.436985 0.30385 0.154533 0.114397 0.00482941
56 0.11311 0.902344 0.225361 0.184152 0.00479126
15 0.360577 0.23005 0.0480769 0.0424107 0.0046463
55 0.579499 0.424107 0.274725 0.0909598 0.00460815
0 0.411659 0.445592 0.809581 0.595424 0.00460815
56 0.412088 0.247628 0.0995879 0.0122768 0.0045929
71 0.412088 0.247628 0.0995879 0.0122768 0.00455475
40 0.809581 0.134452 0.0377747 0.082101 0.00448608
45 0.834478 0.754464 0.0858516 0.0502232 0.00446701
24 0.579928 0.454241 0.277301 0.145089 0.00446701
40 0.915179 0.113421 0.0206044 0.0242746 0.00441742
56 0.216775 0.922433 0.402644 0.146205 0.00438309
44 0.452009 0.232003 0.053228 0.0393415 0.00426483
39 0.870536 0.175781 0.0326237 0.0206473 0.00419998
39 0.360577 0.23005 0.0480769 0.0424107 0.00413513
75 0.855082 0.167411 0.0583791 0.0412946 0.00408554
45 0.944368 0.171875 0.0583791 0.0373884 0.00407028
56 0.769231 0.359863 0.175137 0.217773 0.00407028
26 0.579499 0.424107 0.274725 0.0909598 0.00407028
42 0.691106 0.553013 0.10989 0.0368304 0.00405502
42 0.696257 0.666295 0.0566621 0.0691964 0.00405502
60 0.834821 0.671875 0.330357 0.102679 0.00403976
53 0.7145 0.808594 0.411659 0.122768 0.00400543
0 0.457589 0.219727 0.0678228 0.0633371 0.00399017
48 0.669858 0.777344 0.614269 0.205357 0.0039444
45 0.714286 0.121931 0.0618131 0.0418527 0.00391388
43 0.641956 0.647321 0.0244677 0.0558035 0.00388527
41 0.714286 0.11928 0.0618131 0.0482701 0.00387001
49 0.452867 0.232143 0.0540865 0.0373884 0.00385475
0 0.973043 0.318917 0.0539148 0.0563616 0.00380898
43 0.636161 0.607701 0.120192 0.104911 0.00374985
67 0.244785 0.761719 0.104524 0.0904018 0.00374985
56 0.591518 0.460938 0.310783 0.185268 0.00372124
43 0.24897 0.709821 0.0326236 0.0167411 0.00370789
56 0.361435 0.231166 0.0463599 0.0390625 0.00365067
0 0.452438 0.232422 0.053228 0.0379464 0.00365067
56 0.59581 0.517578 0.331387 0.269531 0.00365067
43 0.25455 0.71038 0.0429258 0.0178571 0.00363541
56 0.43956 0.453195 0.472184 0.516602 0.00362206
48 0.837912 0.755022 0.0892857 0.0513393 0.00359344
73 0.102378 0.946429 0.202181 0.102679 0.00358009
74 0.714286 0.118792 0.0618131 0.0495257 0.00352478
43 0.685096 0.59654 0.0892857 0.094866 0.00346947
75 0.360577 0.23005 0.0480769 0.0424107 0.00345612
40 0.808723 0.0567627 0.0412088 0.0379813 0.00344276
42 0.24897 0.709821 0.0326236 0.0167411 0.00336266
40 0.718578 0.165318 0.0566621 0.0421317 0.00335121
0 0.43956 0.453195 0.472184 0.516602 0.00335121
41 0.861092 0.121164 0.0583791 0.039481 0.00333786
39 0.855082 0.265206 0.0429258 0.032087 0.00329781
44 0.263135 0.71875 0.0635302 0.0334821 0.00329781
0 0.57864 0.234794 0.333104 0.143136 0.00328636
73 0.193381 0.748884 0.177284 0.109375 0.00325966
40 0.93149 0.166853 0.0343406 0.0435268 0.00324821
60 0.4284 0.272391 0.163118 0.0590123 0.00323486
41 0.855082 0.166574 0.0618132 0.0418527 0.00322342
67 0.476906 0.197405 0.0326236 0.0488281 0.00321007
0 0.332246 0.228795 0.0583791 0.0452009 0.00321007
40 0.80443 0.115932 0.0223215 0.0407366 0.00317192
40 0.855082 0.166574 0.0618132 0.0418527 0.00317192
40 0.803571 0.134801 0.0309066 0.0802874 0.00313568
58 0.0193166 0.221819 0.0360577 0.0680804 0.00313568
39 0.863668 0.166853 0.0480769 0.0396205 0.003088
60 0.823661 0.80692 0.352679 0.334821 0.00307465
56 0.165694 0.892857 0.17943 0.207589 0.00305176
44 0.8568 0.14202 0.0600962 0.0876116 0.00304031
56 0.578211 0.419364 0.553743 0.472656 0.00299263
44 0.751202 0.672991 0.236951 0.0959822 0.00296974
60 0.458448 0.698661 0.456731 0.125 0.0029583
44 0.709135 0.675781 0.0600962 0.0647321 0.00294685
41 0.867102 0.31529 0.0394918 0.0792411 0.00293541
62 0.0517256 0.602818 0.100017 0.249721 0.00293541
39 0.583791 0.376116 0.0420673 0.0357143 0.00292397
56 0.581216 0.430525 0.274725 0.0887277 0.00291252
55 0.7145 0.808594 0.411659 0.122768 0.00291252
44 0.860234 0.120815 0.0583791 0.0390625 0.0028553
44 0.772665 0.662946 0.192308 0.0691965 0.0028553
41 0.361006 0.229911 0.0463599 0.0407366 0.00284576
60 0.412088 0.247628 0.0995879 0.0122768 0.00284576
0 0.940419 0.231585 0.119162 0.141741 0.00284576
58 0.0193166 0.235212 0.0369162 0.0915179 0.00279999
42 0.262706 0.71317 0.0600962 0.0223214 0.00279999
56 0.192737 0.870536 0.376889 0.25 0.00279999
40 0.361006 0.229911 0.0463599 0.0407366 0.00279045
43 0.668784 0.568638 0.168269 0.078125 0.00277901
53 0.488925 0.766741 0.220639 0.118304 0.00276756
74 0.873111 0.125558 0.0326236 0.031529 0.00274658
43 0.635302 0.640625 0.0343407 0.0691964 0.00271416
0 0.00987294 0.337333 0.0171703 0.0608259 0.00269318
42 0.628863 0.629464 0.0472184 0.09375 0.00268364
56 0.0553743 0.964286 0.051511 0.0703125 0.00268364
43 0.688745 0.577985 0.140367 0.109654 0.0026722
56 0.718578 0.587612 0.0549451 0.112723 0.00266266
55 0.63101 0.772321 0.247253 0.113839 0.00259018
40 0.855082 0.120675 0.0480769 0.0393415 0.00258064
39 0.870536 0.167969 0.0343407 0.0357143 0.00255013
40 0.0107315 0.337612 0.0188874 0.0636161 0.00255013
43 0.641312 0.599888 0.0618132 0.0658482 0.00255013
41 0.894574 0.163783 0.0291896 0.0351562 0.00254059
26 0.972184 0.318638 0.0556319 0.0558036 0.00247192
44 0.691964 0.557478 0.103022 0.0279018 0.00247192
56 0.335251 0.86942 0.625859 0.252232 0.00247192
40 0.873111 0.125558 0.0326236 0.031529 0.00246239
43 0.686813 0.662946 0.0789835 0.078125 0.00246239
26 0.655048 0.617188 0.0910028 0.100446 0.00246239
53 0.822459 0.753906 0.0549451 0.0379465 0.00242424
55 0.825034 0.75279 0.0721154 0.0379464 0.00242424
63 0.436126 0.285993 0.151099 0.0837054 0.0024147
60 0.34727 0.858259 0.586367 0.267857 0.00240517
40 0.753777 0.156669 0.0412088 0.0574777 0.002388
56 0.782967 0.348703 0.123626 0.190988 0.00235939
44 0.703984 0.152065 0.0326236 0.0214844 0.00234985
54 0.822459 0.753906 0.0549451 0.0379465 0.00234985
41 0.849931 0.304967 0.0721154 0.109933 0.00233269
44 0.8568 0.166155 0.0583791 0.0407366 0.00232315
76 0.669643 0.633929 0.118475 0.133929 0.00231361
41 0.817308 0.423549 0.0223214 0.0412947 0.00229645
45 0.57864 0.453125 0.278159 0.148438 0.00228691
56 0.530563 0.512835 0.453297 0.305804 0.00228691
56 0.0523695 0.608259 0.101305 0.246652 0.00226974
55 0.704842 0.772321 0.401786 0.160714 0.00223351
44 0.253262 0.706473 0.0420673 0.0245535 0.00222588
45 0.751202 0.672991 0.236951 0.0959822 0.00222588
62 0.104739 0.946429 0.206902 0.0993303 0.00222588
39 0.934925 0.154855 0.0188874 0.0228795 0.00221634
57 0.40522 0.648438 0.396635 0.11942 0.00221634
43 0.67136 0.631138 0.0583792 0.0848214 0.00220871
44 0.709135 0.157645 0.051511 0.031808 0.00219917
41 0.8216 0.75 0.0583792 0.0379465 0.00219917
39 0.444712 0.186663 0.0472184 0.0438058 0.00218201
44 0.706559 0.655134 0.0309066 0.0412946 0.00218201
56 0.00987294 0.427734 0.0197459 0.0965402 0.00214958
44 0.697974 0.553571 0.135646 0.0334821 0.00214005
44 0.685096 0.561523 0.0824176 0.0220424 0.00214005
60 0.764294 0.938058 0.470038 0.113839 0.00214005
43 0.646463 0.646205 0.0343407 0.0580357 0.00209999
73 0.414663 0.248884 0.110749 0.0128348 0.00208282
43 0.659341 0.65067 0.0343407 0.046875 0.00208282
14 0.713427 0.169364 0.0652472 0.0385045 0.0020752
56 0.174279 0.951451 0.271291 0.0970982 0.00206757
42 0.77524 0.712054 0.0412088 0.0290178 0.00204277
39 0.757212 0.131278 0.0377747 0.0761719 0.00203514
60 0.796489 0.65067 0.405649 0.107143 0.00201035
13 0.450721 0.478516 0.89114 0.487165 0.00200272
44 0.679945 0.64788 0.0910028 0.0970982 0.00199509
46 0.714286 0.128941 0.0652472 0.0696847 0.00198746
0 0.964457 0.257534 0.0710851 0.186942 0.00198746
26 0.848214 0.321987 0.0772665 0.105469 0.00198746
41 0.269574 0.752232 0.0703984 0.0870536 0.00198746
47 0.713427 0.168666 0.0652472 0.0387835 0.00197983
66 0.12706 0.950893 0.158826 0.0959821 0.00197983
73 0.803357 0.827009 0.354138 0.140625 0.0019722
0 0.198103 0.402623 0.381611 0.651228 0.812988
43 0.652473 0.61942 0.0858517 0.104911 0.764648
0 0.90831 0.419085 0.182006 0.521205 0.762695
60 0.534856 0.809152 0.915179 0.368304 0.690918
0 0.581216 0.380301 0.480769 0.59096 0.682617
55 0.668784 0.776786 0.600962 0.205357 0.638672
41 0.243819 0.761161 0.107315 0.0892857 0.537109
45 0.784684 0.658482 0.164835 0.0580357 0.44165
56 0.391484 0.646205 0.377747 0.102679 0.396973
43 0.671145 0.636161 0.120622 0.136161 0.38501
44 0.673935 0.642299 0.121909 0.122768 0.137573
55 0.586796 0.751116 0.356284 0.147321 0.107788
60 0.776099 0.281738 0.305632 0.194336 0.0994873
0 0.358431 0.23019 0.0523695 0.0424107 0.0963745
60 0.777601 0.216239 0.302627 0.0641741 0.0957031
44 0.682521 0.66183 0.106456 0.0881697 0.0875854
39 0.93149 0.166853 0.0343406 0.0435268 0.0820923
42 0.673935 0.642299 0.121909 0.122768 0.0700684
41 0.712569 0.169643 0.0652472 0.0390625 0.0600891
57 0.447716 0.480957 0.886848 0.495675 0.0592041
56 0.436985 0.2869 0.151099 0.0846819 0.0587769
56 0.105168 0.946429 0.207761 0.0993303 0.0520325
56 0.72609 0.304409 0.175567 0.118304 0.0507202
0 0.347699 0.229492 0.0738324 0.0449219 0.0487671
58 0.0197459 0.255999 0.0377747 0.135324 0.0458679
41 0.849931 0.323661 0.0755495 0.100446 0.0440063
43 0.682521 0.66183 0.106456 0.0881697 0.0401001
47 0.714286 0.120326 0.0652472 0.0467355 0.0340881
0 0.461882 0.208845 0.0807005 0.0881696 0.0303345
42 0.682521 0.66183 0.106456 0.0881697 0.0303345
56 0.746909 0.339565 0.212912 0.181362 0.0297546
43 0.691964 0.551339 0.099588 0.0412947 0.0283356
45 0.769231 0.662946 0.199176 0.0703125 0.0274811
56 0.424107 0.637277 0.43956 0.142857 0.0271759
41 0.784684 0.658482 0.164835 0.0580357 0.0265503
0 0.341582 0.409598 0.659555 0.646205 0.0261536
73 0.12706 0.950335 0.159684 0.0948661 0.026062
42 0.658482 0.620536 0.0995879 0.104911 0.0259552
39 0.942651 0.168248 0.0583792 0.0426897 0.0241394
43 0.667067 0.563058 0.157967 0.0558036 0.0236053
56 0.689389 0.303292 0.243819 0.117188 0.0229797
73 0.672862 0.783482 0.621995 0.220982 0.0228882
26 0.578211 0.453125 0.279018 0.154018 0.021698
44 0.695398 0.665737 0.0583792 0.0691964 0.021286
44 0.658482 0.620536 0.0995879 0.104911 0.021286
45 0.712569 0.169922 0.0635302 0.0373884 0.0209656
40 0.858517 0.143415 0.0583792 0.0859375 0.0190582
53 0.664492 0.776786 0.594093 0.203125 0.0185394
41 0.855082 0.265206 0.0429258 0.032087 0.016922
46 0.714286 0.118792 0.0618131 0.0495257 0.0158386
43 0.687028 0.55971 0.119763 0.0591517 0.0149002
39 0.0197459 0.455357 0.0394918 0.0680804 0.0147324
60 0.779533 0.244001 0.303915 0.120815 0.0147324
39 0.848214 0.314662 0.0755495 0.118443 0.0145035
44 0.254121 0.71038 0.0429258 0.0178571 0.0142822
43 0.680804 0.652344 0.0892858 0.0982143 0.0137939
40 0.807006 0.0556641 0.0343406 0.0294364 0.0135345
75 0.932349 0.168108 0.0343406 0.0421317 0.0130234
60 0.50352 0.864955 0.909169 0.256696 0.0130234
39 0.8568 0.120954 0.0480769 0.0401786 0.0127258
57 0.434839 0.284319 0.149382 0.0825893 0.0127258
40 0.750344 0.159598 0.0343407 0.0385045 0.0125275
39 0.243711 0.763393 0.104954 0.0959821 0.0124817
0 0.444282 0.229353 0.131353 0.131696 0.0122375
71 0.778675 0.215541 0.302198 0.0633371 0.0121918
40 0.752919 0.151228 0.0257555 0.0178571 0.012146
75 0.861092 0.121094 0.0583791 0.0396205 0.011467
40 0.934066 0.129185 0.0343406 0.0591518 0.0111618
53 0.59581 0.750558 0.327953 0.142857 0.0111618
75 0.713427 0.169364 0.0652472 0.0385045 0.0110703
74 0.861092 0.121094 0.056662 0.0390625 0.0109024
44 0.262277 0.714844 0.0592376 0.0245536 0.0109024
55 0.577782 0.451172 0.278159 0.165737 0.0108185
44 0.713427 0.686384 0.0635302 0.0491071 0.0103302
0 0.923249 0.261021 0.153503 0.196708 0.0102921
65 0.12706 0.950335 0.159684 0.0948661 0.0102921
32 0.714286 0.11928 0.0618131 0.0482701 0.0102463
75 0.944368 0.168108 0.0583791 0.0435268 0.00989532
43 0.629293 0.629464 0.0480769 0.09375 0.00981903
27 0.257555 0.252232 0.0841346 0.0658482 0.00963593
39 0.855941 0.166295 0.0600962 0.0435268 0.00952148
56 0.184366 0.945312 0.362723 0.100446 0.00933838
56 0.447716 0.480957 0.886848 0.495675 0.00919342
56 0.223322 0.598214 0.262491 0.223214 0.00901794
39 0.00987294 0.337612 0.0171703 0.0602679 0.00891876
56 0.579928 0.455357 0.277301 0.15067 0.0088501
44 0.703984 0.667411 0.0429258 0.0680804 0.00867462
56 0.848214 0.322266 0.0755495 0.105469 0.00854492
44 0.680804 0.652344 0.0892858 0.0982143 0.00844574
60 0.432692 0.282366 0.152816 0.0909598 0.00841522
56 0.746051 0.421875 0.224931 0.366071 0.00837708
40 0.758929 0.126674 0.0343406 0.0703125 0.00818634
39 0.713427 0.169364 0.0652472 0.0385045 0.00803375
0 0.434409 0.244699 0.157967 0.162388 0.00803375
60 0.778675 0.329869 0.307349 0.295619 0.00793457
44 0.71171 0.165039 0.0600962 0.0379464 0.00787354
43 0.673077 0.561523 0.0583791 0.0198102 0.00772476
13 0.103666 0.945871 0.205615 0.0993303 0.00769424
43 0.646463 0.606027 0.0772665 0.0758928 0.00766754
0 0.46317 0.183175 0.0892857 0.13644 0.00763702
43 0.713427 0.686384 0.0635302 0.0491071 0.00751877
43 0.623283 0.623884 0.0343407 0.0513393 0.00748825
43 0.649253 0.568638 0.195312 0.0602679 0.00737381
40 0.942651 0.168248 0.0583792 0.0426897 0.00734711
41 0.944368 0.169085 0.0583791 0.0418527 0.00731659
44 0.24897 0.709821 0.0317651 0.015625 0.00725937
54 0.837054 0.754464 0.0892858 0.0513393 0.00725937
43 0.685096 0.561523 0.0824176 0.0220424 0.00717545
40 0.915179 0.128069 0.0206044 0.0544085 0.00703812
55 0.837054 0.754464 0.0892858 0.0513393 0.00701141
56 0.779533 0.395717 0.288462 0.423968 0.00701141
43 0.628434 0.602121 0.0429258 0.0658482 0.00698471
39 0.894574 0.163783 0.0274725 0.0351562 0.0069313
43 0.695398 0.665737 0.0583792 0.0691964 0.0068512
55 0.685955 0.777902 0.137363 0.0658482 0.0068512
42 0.713427 0.686384 0.0635302 0.0491071 0.00679779
39 0.89715 0.166434 0.0394918 0.0387835 0.00677109
43 0.718578 0.587612 0.0549451 0.112723 0.00677109
43 0.689389 0.583705 0.115041 0.113839 0.00671768
56 0.451472 0.553571 0.506739 0.305804 0.00669098
55 0.685311 0.753348 0.391054 0.142857 0.00664139
43 0.698618 0.553571 0.134358 0.0334821 0.00661469
0 0.435268 0.282296 0.149382 0.0849609 0.00653839
74 0.876545 0.12793 0.0257554 0.0242746 0.00651169
56 0.668784 0.315848 0.293613 0.135603 0.0064888
43 0.691964 0.557478 0.103022 0.0279018 0.00631332
44 0.259272 0.711496 0.0549451 0.0223214 0.00626373
67 0.476906 0.196708 0.0326236 0.0479911 0.00624084
53 0.836195 0.754464 0.0858517 0.046875 0.00602722
40 0.861092 0.125419 0.0600962 0.0507812 0.00593567
77 0.360577 0.229911 0.0480769 0.0424107 0.00582123
39 0.0141655 0.444755 0.028331 0.0647321 0.00568771
56 0.412088 0.247489 0.0995879 0.0122768 0.00557709
41 0.837054 0.754464 0.0892858 0.0513393 0.0055542
43 0.668784 0.557478 0.0600962 0.0279018 0.00551224
56 0.591518 0.484096 0.281593 0.262835 0.00530243
42 0.254121 0.71038 0.0429258 0.0178571 0.00526047
41 0.935783 0.167132 0.0446429 0.0424107 0.00518036
69 0.0519403 0.610491 0.100446 0.238839 0.0051384
41 0.70055 0.168248 0.0377747 0.0301339 0.00511932
42 0.73489 0.755022 0.0394918 0.0279018 0.00510025
24 0.579928 0.455357 0.277301 0.15067 0.00510025
43 0.626288 0.633929 0.0403503 0.0758928 0.00496292
39 0.360577 0.229911 0.0480769 0.0424107 0.00494385
44 0.452009 0.232143 0.053228 0.0390625 0.00482941
43 0.667711 0.580497 0.0622424 0.0666853 0.00481033
39 0.870536 0.175781 0.0326237 0.0206473 0.00479126
44 0.691964 0.551339 0.099588 0.0412947 0.00471878
56 0.112895 0.902902 0.22579 0.183036 0.00462723
60 0.603537 0.289342 0.619849 0.1875 0.00460815
40 0.902301 0.12514 0.0360577 0.0488281 0.0045929
16 0.360577 0.229911 0.0480769 0.0424107 0.00455475
60 0.741758 0.306362 0.200893 0.12779 0.00450516
60 0.667067 0.9375 0.662775 0.116071 0.00448608
40 0.922047 0.13072 0.0652472 0.062779 0.00429916
40 0.808723 0.0493862 0.0377747 0.0340402 0.00426483
56 0.767514 0.356864 0.176854 0.212612 0.00426483
48 0.670501 0.777902 0.614698 0.207589 0.00424957
59 0.436126 0.284668 0.151099 0.0824498 0.0042305
56 0.572201 0.420131 0.582933 0.477818 0.0042305
43 0.636161 0.608259 0.120192 0.104911 0.00418091
40 0.809581 0.134347 0.0377747 0.0817522 0.00415039
43 0.64217 0.647321 0.0240385 0.0558035 0.00413513
40 0.915179 0.113351 0.0206044 0.023856 0.00407028
71 0.412088 0.247489 0.0995879 0.0122768 0.00405502
42 0.680804 0.652344 0.0892858 0.0982143 0.00405502
40 0.855082 0.166434 0.0618132 0.0415737 0.00402451
49 0.452438 0.23298 0.053228 0.0379464 0.00399017
67 0.244785 0.761161 0.104524 0.0915179 0.00399017
44 0.8568 0.14202 0.0583791 0.0873326 0.00388527
15 0.360577 0.229911 0.0480769 0.0424107 0.00385475
45 0.944368 0.171875 0.0583791 0.0373884 0.00383949
42 0.691106 0.552455 0.10989 0.0368303 0.00383949
41 0.714286 0.11928 0.0618131 0.0482701 0.00382423
53 0.715144 0.807478 0.412088 0.126116 0.00378036
45 0.714286 0.121791 0.0618131 0.0418527 0.00374985
40 0.904876 0.119559 0.0360577 0.0379464 0.00372124
56 0.361435 0.231306 0.0463599 0.0390625 0.00370789
42 0.695398 0.665737 0.0583792 0.0691964 0.00370789
58 0.019102 0.221401 0.036487 0.0672433 0.00369263
73 0.193595 0.748884 0.177713 0.111607 0.00366402
44 0.751202 0.672433 0.235234 0.09375 0.00365067
60 0.834392 0.671875 0.331216 0.102679 0.00365067
60 0.42797 0.272321 0.163977 0.0585938 0.00363541
45 0.831903 0.754464 0.0807005 0.0491071 0.00362206
75 0.855082 0.167411 0.0583791 0.0412946 0.00355148
41 0.855082 0.166434 0.0618132 0.0415737 0.00355148
43 0.24897 0.709821 0.0317651 0.015625 0.00353813
26 0.579499 0.424665 0.274725 0.0948661 0.00352478
74 0.714286 0.118792 0.0618131 0.0495257 0.00349617
57 0.511247 0.423828 0.783826 0.425781 0.00349617
39 0.855082 0.265206 0.0429258 0.032087 0.00337601
43 0.254121 0.71038 0.0429258 0.0178571 0.00337601
40 0.719437 0.165458 0.0549451 0.0418527 0.00331116
40 0.93149 0.166853 0.0343406 0.0435268 0.00329781
39 0.865385 0.166853 0.0412088 0.0396205 0.00329781
40 0.361006 0.23005 0.0463599 0.0404576 0.00328636
0 0.452438 0.232422 0.053228 0.0376674 0.00328636
55 0.579499 0.424665 0.274725 0.0948661 0.00328636
40 0.0107315 0.337612 0.0188874 0.0636161 0.00327301
0 0.57864 0.234515 0.334821 0.140346 0.00327301
44 0.860234 0.120815 0.0583791 0.0387835 0.00324821
41 0.361006 0.23005 0.0463599 0.0404576 0.00322342
75 0.360577 0.229911 0.0480769 0.0424107 0.00321007
60 0.412088 0.247489 0.0995879 0.0122768 0.00321007
56 0.44557 0.456403 0.489354 0.513532 0.00319672
44 0.769231 0.662946 0.199176 0.0703125 0.00318527
60 0.455872 0.698103 0.448146 0.125 0.00317192
39 0.870536 0.167969 0.0343407 0.0357143 0.00312424
56 0.598386 0.5226 0.327953 0.259487 0.00312424
0 0.331817 0.228795 0.0575206 0.0446429 0.00311089
43 0.685096 0.59654 0.0892857 0.094866 0.00311089
42 0.24897 0.709821 0.0317651 0.015625 0.00311089
62 0.0519403 0.610491 0.100446 0.238839 0.00311089
0 0.973043 0.318917 0.0539148 0.0563616 0.00309944
60 0.82761 0.806362 0.343407 0.335938 0.00309944
55 0.715144 0.807478 0.412088 0.126116 0.00307465
0 0.456731 0.222377 0.0661058 0.0580357 0.00305176
43 0.703984 0.667411 0.051511 0.0691965 0.00296974
40 0.808723 0.0567801 0.0412088 0.0376674 0.00294685
44 0.8568 0.166016 0.0583791 0.0407366 0.00293541
56 0.192737 0.870536 0.376889 0.25 0.00293541
41 0.861092 0.121094 0.0583791 0.0396205 0.00291252
44 0.703984 0.151786 0.0309066 0.0206473 0.00288963
63 0.435697 0.285993 0.15024 0.0837054 0.00288963
0 0.940419 0.231166 0.119162 0.141462 0.0028553
40 0.80443 0.116071 0.0223215 0.0407366 0.00283432
40 0.803571 0.134801 0.0309066 0.0802874 0.00283432
44 0.709135 0.676339 0.0600962 0.0647322 0.00282288
73 0.0991587 0.947545 0.1966 0.102678 0.00277901
53 0.488496 0.766183 0.21978 0.118304 0.00273705
57 0.433122 0.268485 0.155391 0.112584 0.0027256
26 0.655048 0.617188 0.0910028 0.100446 0.0027256
40 0.855082 0.120605 0.0480769 0.039202 0.00271416
44 0.709135 0.157087 0.051511 0.0304129 0.00271416
41 0.867102 0.31529 0.0394918 0.0797991 0.00271416
0 0.00987294 0.337612 0.0171703 0.0602679 0.0026722
56 0.718578 0.587612 0.0549451 0.112723 0.0026722
56 0.165694 0.892857 0.180288 0.207589 0.0026722
43 0.635302 0.640625 0.0343407 0.0691964 0.00265312
56 0.0553743 0.964286 0.051511 0.0703125 0.00265312
41 0.894574 0.163783 0.0274725 0.0351562 0.00263214
42 0.262706 0.71317 0.0600962 0.0223214 0.00259018
48 0.837054 0.754464 0.0892858 0.0513393 0.00254059
39 0.934925 0.154715 0.0188874 0.0223214 0.00251198
44 0.24897 0.707589 0.0334821 0.0223214 0.0024929
46 0.714286 0.128313 0.0652472 0.0681501 0.0024929
0 0.44557 0.456403 0.489354 0.513532 0.0024929
42 0.629293 0.629464 0.0480769 0.09375 0.00247192
76 0.670501 0.633929 0.118475 0.133929 0.00247192
40 0.87397 0.125698 0.0309066 0.03125 0.00245285
73 0.414663 0.248744 0.10989 0.0125558 0.00242424
67 0.482486 0.195033 0.0446429 0.0457589 0.00240517
44 0.706559 0.654576 0.0309066 0.0401786 0.00239754
74 0.87397 0.125698 0.0309066 0.03125 0.002388
56 0.581216 0.430804 0.274725 0.0892857 0.00234222
26 0.972184 0.318638 0.0556319 0.0558036 0.00233269
41 0.820742 0.75 0.0583791 0.0379465 0.00230598
40 0.753777 0.156808 0.0412088 0.0569196 0.00229645
43 0.686813 0.662946 0.0789835 0.078125 0.00229645
41 0.269574 0.752232 0.0703984 0.0870536 0.00229645
39 0.583791 0.376116 0.0412088 0.0357143 0.00228691
43 0.659341 0.650112 0.0343407 0.046875 0.00228691
67 0.48592 0.204799 0.0532281 0.0664062 0.00227928
56 0.0103022 0.426897 0.0197459 0.0993304 0.00227928
43 0.452009 0.232143 0.053228 0.0390625 0.00223351
56 0.75206 0.302455 0.106456 0.107701 0.00221634
45 0.751202 0.672433 0.235234 0.09375 0.00221634
41 0.89715 0.166434 0.0394918 0.0387835 0.00219917
44 0.691964 0.557478 0.103022 0.0279018 0.00219917
42 0.776099 0.712054 0.0394918 0.0290178 0.00213242
14 0.713427 0.169364 0.0652472 0.0385045 0.00212479
56 0.335573 0.870536 0.628649 0.25 0.00212479
26 0.49794 0.50279 0.305632 0.233259 0.00211525
47 0.713427 0.168666 0.0652472 0.0385045 0.00210762
60 0.424966 0.280413 0.130494 0.0731027 0.00209999
41 0.849931 0.304688 0.0721154 0.109933 0.00208282
44 0.685096 0.561523 0.0824176 0.0220424 0.00208282
44 0.703125 0.673549 0.132212 0.107143 0.00208282
56 0.78125 0.347726 0.12706 0.190709 0.0020752
13 0.447716 0.480957 0.886848 0.495675 0.0020752
43 0.647321 0.646763 0.0360578 0.0569196 0.00206757
55 0.630151 0.770089 0.24897 0.120536 0.00206757
56 0.174923 0.951451 0.274296 0.0970982 0.00206757
56 0.35285 0.229911 0.0618132 0.0438058 0.00205803
39 0.444712 0.186663 0.0463599 0.0435268 0.0020504
41 0.452009 0.232701 0.053228 0.0379464 0.0020504
56 0.42797 0.272321 0.163977 0.0585938 0.0020504
60 0.819025 0.648438 0.360577 0.108259 0.0020504
77 0.452438 0.23298 0.053228 0.0379464 0.00202751
26 0.847356 0.323103 0.0772665 0.100446 0.00202751
39 0.0188874 0.47433 0.0360577 0.0245536 0.00201988
44 0.698618 0.553571 0.134358 0.0334821 0.00201988
43 0.641312 0.59933 0.0635302 0.0647322 0.00200272
60 0.346411 0.858259 0.588084 0.267857 0.00197983
43 0.67136 0.631696 0.0566621 0.0825893 0.0019722
58 0.0270433 0.326381 0.0540865 0.285854 0.0019722
0 0.96274 0.257254 0.0745192 0.1875 0.00196457
41 0.817308 0.423549 0.0223214 0.0412947 0.00194931
44 0.703984 0.165876 0.0446428 0.0332031 0.00193405
0 0.197888 0.404018 0.382898 0.654018 0.822266
0 0.90831 0.421387 0.182006 0.527762 0.773926
43 0.652473 0.61942 0.0858517 0.104911 0.767578
60 0.534856 0.808594 0.915179 0.36942 0.695801
0 0.582933 0.373954 0.477335 0.571289 0.682617
55 0.671575 0.779018 0.6074 0.207589 0.666992
41 0.244248 0.761719 0.107315 0.0904018 0.558105
45 0.784684 0.658482 0.164835 0.0580357 0.476562
43 0.671145 0.636161 0.120622 0.136161 0.420654
56 0.391484 0.646205 0.378606 0.104911 0.349609
44 0.673935 0.641741 0.121909 0.122768 0.172119
44 0.682521 0.66183 0.108173 0.0870536 0.108215
55 0.585508 0.751116 0.357143 0.146205 0.0943604
0 0.358431 0.23019 0.051511 0.0424107 0.0939941
39 0.93149 0.166713 0.0343406 0.0432478 0.0859985
60 0.776099 0.283552 0.305632 0.197405 0.083313
42 0.673935 0.641741 0.121909 0.122768 0.0827026
60 0.777601 0.216239 0.302627 0.0636161 0.0715942
56 0.436985 0.2869 0.15024 0.0846819 0.0634766
57 0.443853 0.479353 0.880838 0.503348 0.0611877
41 0.712569 0.169503 0.0652472 0.0387835 0.0587769
58 0.0197459 0.255162 0.0377747 0.13365 0.0509033
56 0.105812 0.946429 0.20819 0.0982143 0.0501404
0 0.347699 0.229353 0.0738324 0.0446429 0.0500488
56 0.726305 0.304688 0.178571 0.11942 0.0422363
41 0.849931 0.323661 0.0755495 0.100446 0.0386047
43 0.682521 0.66183 0.108173 0.0870536 0.0367737
42 0.660199 0.620536 0.103022 0.104911 0.033844
42 0.682521 0.66183 0.108173 0.0870536 0.0335999
47 0.714286 0.120257 0.0652472 0.046596 0.0316162
44 0.660199 0.620536 0.103022 0.104911 0.0306702
56 0.747768 0.339286 0.214629 0.180804 0.0301056
41 0.784684 0.658482 0.164835 0.0580357 0.0296478
0 0.461882 0.208845 0.0807005 0.0878906 0.028595
56 0.68853 0.305176 0.247253 0.119559 0.0262604
53 0.666209 0.779018 0.597528 0.206473 0.0261536
43 0.691964 0.551339 0.099588 0.0412947 0.0258636
39 0.942651 0.168248 0.0566621 0.0424107 0.0257568
0 0.337826 0.410714 0.655048 0.647321 0.0255585
43 0.664277 0.5625 0.16183 0.0558036 0.0235138
40 0.858517 0.143276 0.0583792 0.0859375 0.0231476
44 0.695398 0.666295 0.0583792 0.0691964 0.0202484
73 0.673077 0.784598 0.625 0.220982 0.0196381
26 0.577782 0.452288 0.279876 0.160156 0.0187683
45 0.712569 0.169922 0.0635302 0.0373884 0.0177155
73 0.12706 0.950335 0.160543 0.0948661 0.0168457
43 0.685955 0.559152 0.121909 0.0591518 0.0165253
39 0.0201751 0.455357 0.0394918 0.0680804 0.0162201
41 0.855082 0.265067 0.0429258 0.031808 0.0157776
56 0.428829 0.609515 0.449004 0.202846 0.0145035
44 0.254121 0.71038 0.0429258 0.0178571 0.0140076
40 0.807006 0.0558036 0.0343406 0.0295759 0.0139008
46 0.714286 0.118792 0.0618131 0.0495257 0.01297
40 0.750344 0.159738 0.0343407 0.0379464 0.01297
39 0.244248 0.763393 0.105598 0.0959821 0.01297
39 0.853365 0.120117 0.0412088 0.0398996 0.0125275
53 0.594523 0.75 0.328812 0.142857 0.0124283
40 0.752919 0.151228 0.0257555 0.0172991 0.0123367
0 0.442136 0.236049 0.137363 0.145089 0.0122375
43 0.680804 0.652902 0.0892858 0.0959822 0.0121918
60 0.502661 0.864955 0.910886 0.256696 0.0121002
75 0.932349 0.167969 0.0343406 0.0418527 0.0120087
40 0.753778 0.163225 0.0343406 0.0435268 0.0118256
39 0.848214 0.31529 0.0772665 0.117746 0.011467
57 0.435268 0.284528 0.149382 0.0827288 0.0113297
39 0.855941 0.166295 0.0600962 0.0435268 0.0108185
75 0.713427 0.169364 0.0652472 0.0385045 0.0107346
44 0.712569 0.686384 0.0618132 0.047991 0.0106506
67 0.476906 0.196289 0.0326236 0.047154 0.0106125
56 0.443853 0.479353 0.880838 0.503348 0.0106125
44 0.262277 0.714844 0.0592376 0.0245536 0.0103683
40 0.934066 0.129325 0.0360577 0.0591518 0.0102921
39 0.00987294 0.337612 0.0175996 0.0602679 0.0102081
27 0.256696 0.252232 0.0841346 0.0658482 0.00997162
56 0.779533 0.396136 0.290179 0.427595 0.00974274
56 0.184796 0.945871 0.362723 0.0993303 0.00971222
56 0.748841 0.422433 0.233087 0.373884 0.00963593
74 0.861092 0.121094 0.0583791 0.0393415 0.00955963
71 0.778675 0.215402 0.302198 0.063058 0.00937653
75 0.944368 0.167969 0.0583791 0.0435268 0.00933838
75 0.861092 0.121094 0.0583791 0.0393415 0.00923157
0 0.922819 0.260882 0.154361 0.197545 0.00894928
43 0.629293 0.628906 0.0480769 0.09375 0.00888062
56 0.848214 0.322545 0.0755495 0.104911 0.0088501
56 0.745192 0.318917 0.192308 0.139509 0.00878143
39 0.713427 0.168527 0.0652472 0.0385045 0.00874329
44 0.703984 0.667411 0.0429258 0.0669643 0.0085144
44 0.680804 0.652902 0.0892858 0.0959822 0.00841522
44 0.71171 0.1649 0.0583791 0.0376674 0.00828552
60 0.434839 0.275949 0.157109 0.0664062 0.00815582
40 0.942651 0.168248 0.0566621 0.0424107 0.00796509
43 0.68853 0.583705 0.116758 0.113839 0.00787354
40 0.758929 0.126674 0.0343406 0.0705915 0.0078125
65 0.12706 0.950335 0.160543 0.0948661 0.00775528
0 0.339114 0.226981 0.0600962 0.0410157 0.00763702
43 0.649038 0.56822 0.195742 0.0599888 0.00760651
39 0.898008 0.166434 0.0377747 0.0387835 0.00757599
0 0.463599 0.182199 0.0892857 0.138393 0.00754929
39 0.894574 0.164062 0.0274725 0.0351562 0.00746155
56 0.579928 0.456194 0.277301 0.155134 0.00740433
43 0.712569 0.686384 0.0618132 0.047991 0.00734711
32 0.714286 0.119141 0.0618131 0.0482701 0.00723267
41 0.944368 0.168806 0.0583791 0.0418527 0.00723267
44 0.24897 0.709821 0.0317651 0.015625 0.00717545
43 0.673077 0.561523 0.0583791 0.0198102 0.00706482
40 0.915179 0.128034 0.0206044 0.0547572 0.0068779
0 0.435697 0.280134 0.148523 0.0892857 0.0068779
43 0.623283 0.623884 0.0343407 0.0524554 0.00682449
55 0.579928 0.456194 0.277301 0.155134 0.00674438
43 0.718578 0.587612 0.0549451 0.112723 0.00664139
60 0.432692 0.281738 0.151957 0.0927734 0.00658798
55 0.685955 0.777902 0.137363 0.0647321 0.00653839
74 0.876545 0.128034 0.0257554 0.0240653 0.00643921
42 0.712569 0.686384 0.0618132 0.047991 0.00643921
13 0.103666 0.945312 0.206473 0.100446 0.00636292
55 0.684882 0.753348 0.391913 0.142857 0.00634003
43 0.685096 0.561523 0.0824176 0.0220424 0.00631332
45 0.747768 0.658482 0.242102 0.0725446 0.00624084
43 0.695398 0.666295 0.0583792 0.0691964 0.00609589
40 0.861092 0.128209 0.0600962 0.0563616 0.00605011
43 0.698832 0.553571 0.135646 0.032366 0.00598145
43 0.646463 0.606027 0.0772665 0.0758928 0.00593567
56 0.571343 0.419573 0.603537 0.487863 0.00593567
41 0.699691 0.168248 0.0360577 0.0301339 0.00572968
44 0.45158 0.232143 0.053228 0.0390625 0.00566483
43 0.691964 0.557478 0.103022 0.0267857 0.00559998
39 0.360577 0.229911 0.0472184 0.0424107 0.0055542
56 0.668784 0.316964 0.29533 0.138393 0.0055542
56 0.223214 0.598214 0.262706 0.223214 0.0055542
56 0.404361 0.667411 0.403503 0.138393 0.00548935
41 0.935783 0.166853 0.0446429 0.0424107 0.00544739
43 0.628863 0.602121 0.0437844 0.0658482 0.00542831
40 0.855082 0.166295 0.0618132 0.0415737 0.00542831
77 0.360577 0.229911 0.0472184 0.0424107 0.00540543
41 0.837054 0.755022 0.0892858 0.0502232 0.00534439
53 0.836195 0.754464 0.0858517 0.0446429 0.0053215
56 0.11268 0.902902 0.225361 0.183036 0.00526047
39 0.870536 0.175781 0.0326237 0.0200893 0.00518036
54 0.837054 0.755022 0.0892858 0.0502232 0.00518036
55 0.837054 0.755022 0.0892858 0.0502232 0.00518036
39 0.0143802 0.444755 0.028331 0.0658482 0.00516129
60 0.712483 0.936384 0.575034 0.116071 0.00511932
42 0.73489 0.755022 0.0394918 0.0279018 0.00508118
24 0.579928 0.456194 0.277301 0.155134 0.00508118
49 0.452438 0.23298 0.053228 0.0373884 0.00500107
56 0.412088 0.247489 0.0995879 0.0117188 0.00494385
43 0.668784 0.557478 0.0600962 0.0279018 0.00488663
42 0.254121 0.71038 0.0429258 0.0178571 0.00479126
56 0.450721 0.539621 0.506525 0.335938 0.00479126
69 0.0517256 0.610352 0.100017 0.239118 0.00475693
40 0.902301 0.125698 0.0360577 0.0502232 0.0046463
43 0.626288 0.633929 0.0403503 0.0758928 0.00453949
56 0.591089 0.484375 0.280735 0.264509 0.00439835
44 0.855941 0.141881 0.0583791 0.0873326 0.00438309
40 0.922047 0.131138 0.0652472 0.0636161 0.00436401
48 0.670501 0.780692 0.616415 0.210938 0.00436401
43 0.636161 0.608259 0.120192 0.104911 0.00434875
44 0.691964 0.551339 0.099588 0.0412947 0.00428009
71 0.412088 0.247489 0.0995879 0.0117188 0.00424957
43 0.667926 0.580357 0.0635303 0.0669643 0.0042305
40 0.808723 0.0494908 0.0377747 0.0338309 0.00421524
43 0.64217 0.647321 0.0240385 0.0558035 0.00421524
67 0.244677 0.761719 0.103881 0.0915178 0.00418091
40 0.860234 0.120815 0.056662 0.0387835 0.00416565
40 0.808723 0.134173 0.0377747 0.081543 0.00415039
0 0.424536 0.244699 0.167411 0.169085 0.00415039
40 0.915179 0.113351 0.0206044 0.023856 0.00407028
44 0.751202 0.671875 0.231799 0.0915179 0.00405502
40 0.0107315 0.337891 0.0188874 0.063058 0.00395966
16 0.360577 0.229911 0.0472184 0.0424107 0.00392914
40 0.904876 0.119978 0.0360577 0.0385045 0.00391388
60 0.603966 0.291016 0.603537 0.191964 0.00390053
58 0.0193166 0.220982 0.0360577 0.0664062 0.00380898
67 0.482057 0.194475 0.0437844 0.0446429 0.00376511
39 0.866243 0.166853 0.0412088 0.0396205 0.00370789
41 0.361435 0.23005 0.0463599 0.0404576 0.00369263
42 0.680804 0.652902 0.0892858 0.0959822 0.00369263
53 0.713427 0.807478 0.413805 0.126116 0.00369263
41 0.714286 0.119141 0.0618131 0.0482701 0.00362206
44 0.771806 0.662946 0.194025 0.0703125 0.0036068
40 0.721154 0.165458 0.051511 0.0415737 0.00359344
75 0.855082 0.167132 0.0583791 0.0412946 0.00355148
41 0.855082 0.166295 0.0618132 0.0415737 0.00352478
40 0.361435 0.23005 0.0463599 0.0404576 0.00351143
44 0.860234 0.120815 0.056662 0.0387835 0.00346947
40 0.713427 0.168527 0.0652472 0.0385045 0.00346947
40 0.93149 0.166713 0.0343406 0.0432478 0.00346947
44 0.703984 0.151507 0.0309066 0.0206473 0.00344276
67 0.48592 0.202009 0.051511 0.0605469 0.00342941
58 0.0193166 0.234375 0.0369162 0.0892857 0.00341606
74 0.714286 0.118792 0.0618131 0.0495257 0.00340271
45 0.714286 0.121791 0.0618131 0.0418527 0.00340271
15 0.360577 0.229911 0.0472184 0.0424107 0.00340271
59 0.436985 0.284528 0.151099 0.0827288 0.00340271
0 0.453726 0.453055 0.503949 0.521345 0.00340271
43 0.24897 0.709821 0.0317651 0.015625 0.00337601
44 0.8568 0.166016 0.0583791 0.0407366 0.00335121
45 0.944368 0.171875 0.0583791 0.0373884 0.00335121
56 0.361435 0.231166 0.0455013 0.0387835 0.00335121
0 0.57864 0.234933 0.336538 0.140067 0.00332451
60 0.830958 0.80692 0.338084 0.339286 0.00332451
60 0.833963 0.672433 0.332074 0.101562 0.00331116
42 0.691106 0.552455 0.111607 0.0368303 0.00328636
42 0.695398 0.666295 0.0583792 0.0691964 0.00328636
73 0.194454 0.749442 0.17943 0.110491 0.00328636
55 0.713427 0.807478 0.413805 0.126116 0.00328636
60 0.740041 0.294085 0.207761 0.146205 0.00325966
44 0.709135 0.156529 0.0480769 0.0292969 0.00324821
45 0.831044 0.754464 0.0789835 0.0491071 0.00319672
75 0.360577 0.229911 0.0472184 0.0424107 0.00312424
60 0.412088 0.247489 0.0995879 0.0117188 0.00312424
39 0.855082 0.265067 0.0429258 0.031808 0.00312424
43 0.254121 0.71038 0.0429258 0.0178571 0.00309944
40 0.808723 0.0570417 0.0412088 0.0382603 0.003088
0 0.444712 0.206717 0.15024 0.231097 0.00305176
60 0.454155 0.698103 0.442995 0.125 0.00301552
0 0.452438 0.232422 0.053228 0.0373884 0.00296974
42 0.24897 0.709821 0.0317651 0.015625 0.0029583
57 0.433122 0.267857 0.154533 0.114955 0.0029583
58 0.0270433 0.324219 0.0540865 0.28125 0.00292397
76 0.670501 0.633929 0.118475 0.132812 0.00291252
57 0.570055 0.385045 0.600962 0.361607 0.00286674
56 0.124056 0.876116 0.248111 0.235491 0.00286674
56 0.192737 0.871652 0.377747 0.247768 0.0028553
26 0.580357 0.425223 0.274725 0.0993304 0.00284576
26 0.656121 0.617746 0.0922905 0.101562 0.00274658
40 0.80443 0.11649 0.0223215 0.0415737 0.00273705
41 0.894574 0.164062 0.0274725 0.0351562 0.00273705
56 0.453726 0.453055 0.503949 0.521345 0.00273705
43 0.45158 0.232143 0.053228 0.0390625 0.0027256
60 0.765797 0.307478 0.243819 0.13058 0.00270462
43 0.685096 0.59654 0.0892857 0.094866 0.00269318
62 0.0517256 0.610352 0.100017 0.239118 0.00269318
44 0.709135 0.676339 0.0600962 0.0625 0.00265312
41 0.270003 0.752232 0.0695398 0.0870536 0.00263214
55 0.703125 0.775112 0.401786 0.170759 0.00260162
56 0.603537 0.529018 0.319368 0.247768 0.00259018
40 0.87397 0.125837 0.0309066 0.03125 0.00258064
56 0.0553743 0.964286 0.051511 0.0703125 0.00257111
46 0.714286 0.131417 0.0652472 0.0744978 0.00257111
0 0.938702 0.234515 0.122596 0.148158 0.00252151
44 0.706559 0.654576 0.0309066 0.0401786 0.00251198
43 0.636161 0.640625 0.0343406 0.0691964 0.00251198
63 0.436126 0.285993 0.149382 0.0831473 0.00250244
56 0.591518 0.46038 0.3125 0.200893 0.0024929
41 0.45158 0.232701 0.053228 0.0373884 0.00248146
42 0.262706 0.71317 0.0600962 0.0223214 0.00248146
44 0.700764 0.672433 0.126631 0.101562 0.00248146
60 0.777601 0.233398 0.319797 0.100167 0.00245285
41 0.861092 0.121094 0.0583791 0.0393415 0.00244331
44 0.861092 0.128209 0.0600962 0.0563616 0.00243378
0 0.973043 0.318917 0.0539148 0.0563616 0.0024147
41 0.867102 0.31529 0.0377747 0.0792411 0.00239754
56 0.0103022 0.426339 0.0201751 0.101562 0.00239754
39 0.934925 0.155134 0.0188874 0.0228795 0.00237846
40 0.754636 0.156808 0.0412088 0.0574777 0.00236893
44 0.24897 0.707589 0.0334821 0.0223214 0.00236893
73 0.414663 0.248744 0.10989 0.0122768 0.00235939
56 0.718578 0.587612 0.0549451 0.112723 0.00234222
41 0.820742 0.75 0.0583791 0.0379465 0.00234222
13 0.443853 0.479353 0.880838 0.503348 0.00234222
43 0.659341 0.649554 0.0343407 0.046875 0.00233269
45 0.751202 0.671875 0.231799 0.0915179 0.00233269
53 0.487637 0.765625 0.21978 0.118304 0.00230598
26 0.49794 0.50279 0.305632 0.233259 0.00229645
43 0.67737 0.651786 0.147665 0.0892857 0.00229645
41 0.898008 0.166434 0.0377747 0.0387835 0.00226021
53 0.605254 0.794643 0.461882 0.151786 0.00226021
56 0.751202 0.302455 0.108173 0.107143 0.00224304
39 0.0188874 0.473772 0.0360577 0.0267858 0.00224304
56 0.353709 0.229771 0.0618132 0.0438058 0.00224304
56 0.166123 0.892857 0.181147 0.207589 0.00224304
0 0.00987294 0.337612 0.0175996 0.0602679 0.00223351
40 0.834478 0.140625 0.0824176 0.0912388 0.00221634
56 0.0506525 0.947545 0.0987294 0.101562 0.00221634
74 0.87397 0.125837 0.0309066 0.03125 0.00220871
0 0.456302 0.223912 0.0643888 0.0546875 0.00220871
44 0.455872 0.208566 0.0712569 0.0859375 0.00218201
77 0.452438 0.23298 0.053228 0.0373884 0.00216484
44 0.808723 0.134173 0.0377747 0.081543 0.00215721
43 0.706559 0.582031 0.0841346 0.118304 0.00214005
56 0.40522 0.602679 0.415522 0.270089 0.00213242
42 0.629293 0.628906 0.0480769 0.09375 0.00212479
56 0.174923 0.951451 0.276872 0.0970982 0.00211525
44 0.703984 0.166016 0.0446428 0.0329241 0.00210762
40 0.244785 0.761161 0.106241 0.0892857 0.00209045
14 0.713427 0.169364 0.0652472 0.0385045 0.0020752
40 0.801854 0.131104 0.0309066 0.0698242 0.00206757
42 0.776099 0.712054 0.0377747 0.0290178 0.00206757
40 0.659341 0.0408412 0.0377747 0.0650809 0.00205803
40 0.898008 0.166434 0.0377747 0.0387835 0.00205803
60 0.56147 0.662388 0.872253 0.148438 0.00205803
43 0.686813 0.662946 0.0807005 0.0758929 0.00203514
56 0.00987294 0.40625 0.0188874 0.0792411 0.00201988
42 0.700764 0.672433 0.126631 0.101562 0.00201035
26 0.972184 0.318638 0.0556319 0.0558036 0.00200272
44 0.664277 0.5625 0.16183 0.0558036 0.00200272
0 0.403503 0.205636 0.192308 0.094308 0.00197983
39 0.444712 0.186663 0.0463599 0.0435268 0.0019722
41 0.849931 0.304688 0.0721154 0.109375 0.0019722
0 0.197888 0.402623 0.38204 0.654576 0.837402
0 0.90831 0.42327 0.182006 0.531808 0.792969
43 0.652473 0.61942 0.0858517 0.102679 0.760742
60 0.535714 0.808036 0.916896 0.370536 0.726562
0 0.582933 0.373047 0.477335 0.570871 0.713867
55 0.673292 0.78125 0.610834 0.212054 0.697754
45 0.784684 0.658482 0.164835 0.0580357 0.563965
41 0.24457 0.761719 0.106671 0.0904018 0.560059
43 0.67136 0.636161 0.121909 0.136161 0.390381
56 0.391484 0.646205 0.377747 0.104911 0.364746
44 0.674794 0.646205 0.121909 0.113839 0.214722
44 0.683594 0.662946 0.106027 0.0848215 0.132935
0 0.358431 0.230329 0.051511 0.0421317 0.128052
55 0.585508 0.751116 0.355426 0.146205 0.0917358
42 0.67136 0.635603 0.120192 0.135045 0.0900879
39 0.93149 0.166713 0.0343406 0.0432478 0.0803833
0 0.347699 0.229353 0.0729739 0.0446429 0.067688
58 0.0197459 0.254743 0.0377747 0.132812 0.0663452
60 0.774382 0.284319 0.307349 0.199219 0.064209
60 0.778675 0.216239 0.302198 0.063058 0.0637207
57 0.43956 0.466797 0.877404 0.52846 0.0616455
56 0.436985 0.28683 0.149382 0.0837054 0.0609741
56 0.1247 0.950893 0.170416 0.09375 0.0589905
41 0.713427 0.168527 0.0652472 0.0385045 0.0583496
0 0.339865 0.40904 0.659555 0.646205 0.0522461
42 0.661272 0.620536 0.102593 0.104911 0.0448608
44 0.661272 0.620536 0.102593 0.104911 0.044342
56 0.724588 0.303571 0.175137 0.11942 0.0405273
0 0.461882 0.208984 0.0807005 0.0873326 0.0343018
42 0.683594 0.662946 0.106027 0.0848215 0.0323486
53 0.665994 0.78125 0.597957 0.209821 0.0321045
43 0.689389 0.65904 0.103022 0.094866 0.0314941
41 0.849931 0.324219 0.0755495 0.100446 0.0311432
47 0.714286 0.120257 0.0635302 0.046596 0.0306702
56 0.746909 0.340332 0.214629 0.183175 0.0305634
41 0.784684 0.658482 0.164835 0.0580357 0.0278015
39 0.94351 0.168248 0.0566621 0.0424107 0.0263519
56 0.679945 0.305315 0.264423 0.120396 0.0262604
40 0.858517 0.143276 0.0566621 0.0856585 0.0246124
73 0.672862 0.785714 0.625429 0.220982 0.0228882
43 0.691964 0.551339 0.099588 0.0412947 0.0222931
44 0.695398 0.666295 0.0583792 0.0691964 0.0222015
43 0.663633 0.563616 0.166552 0.0546875 0.0207977
67 0.476477 0.19615 0.0326236 0.047433 0.0186157
26 0.577782 0.453125 0.279876 0.166295 0.0186157
45 0.712569 0.169922 0.0635302 0.0373884 0.0179901
0 0.434409 0.244978 0.157967 0.162946 0.0159607
56 0.4284 0.613839 0.448146 0.195312 0.0159607
39 0.0201751 0.455357 0.039921 0.0680804 0.0153046
44 0.254979 0.71038 0.0429258 0.0178571 0.0151291
41 0.855082 0.265067 0.0429258 0.031808 0.014061
56 0.18544 0.946429 0.364011 0.0982143 0.0139542
46 0.714286 0.118722 0.0618131 0.0493862 0.0137939
27 0.259272 0.252372 0.0824176 0.0678014 0.0137405
40 0.750344 0.160156 0.0343407 0.0385045 0.0136871
43 0.684238 0.560268 0.12706 0.0613839 0.013588
40 0.752919 0.151088 0.0257555 0.0172991 0.0133743
39 0.24457 0.763393 0.104954 0.0959821 0.0133743
57 0.434409 0.284319 0.147665 0.0831473 0.012825
75 0.713427 0.169224 0.0652472 0.0385045 0.0124817
56 0.779533 0.400181 0.290179 0.440709 0.0124817
44 0.712569 0.686384 0.0618132 0.046875 0.0119629
75 0.932349 0.167969 0.0343406 0.0418527 0.0118713
39 0.855941 0.166295 0.0600962 0.0435268 0.0115967
56 0.746909 0.424386 0.243819 0.390067 0.0115967
44 0.262706 0.715402 0.0600962 0.0245536 0.0115509
40 0.807006 0.0556641 0.0343406 0.0291574 0.0114212
73 0.12749 0.950335 0.160543 0.0948661 0.0114212
60 0.503091 0.866072 0.913462 0.256696 0.0113297
56 0.43956 0.466797 0.877404 0.52846 0.0110703
56 0.740041 0.289342 0.209478 0.154576 0.0109863
39 0.853365 0.120117 0.0412088 0.0396205 0.0108566
53 0.594093 0.750558 0.326236 0.141741 0.0108566
60 0.434839 0.275949 0.157109 0.0664062 0.0107803
75 0.944368 0.168248 0.0583791 0.0435268 0.0102463
74 0.861092 0.121094 0.0583791 0.0393415 0.00981903
56 0.571772 0.420759 0.619849 0.502232 0.00974274
39 0.00987294 0.337612 0.0180288 0.0602679 0.00967407
44 0.703984 0.667411 0.0429258 0.0669643 0.00930023
56 0.848214 0.323103 0.0755495 0.103795 0.00926971
0 0.922047 0.260463 0.154533 0.198382 0.00923157
39 0.713427 0.168527 0.0652472 0.0385045 0.00901794
0 0.436126 0.277972 0.147665 0.0947266 0.00898743
40 0.94351 0.168248 0.0566621 0.0424107 0.0088501
40 0.933207 0.129325 0.0377747 0.0594308 0.00881195
75 0.861092 0.121094 0.0583791 0.0393415 0.00881195
43 0.629293 0.628906 0.0480769 0.09375 0.00881195
0 0.46317 0.183001 0.0892857 0.136789 0.00881195
39 0.848214 0.315778 0.0755495 0.116211 0.0085144
0 0.338685 0.226702 0.0583791 0.0404576 0.008255
44 0.710852 0.164621 0.0583791 0.0373884 0.00821686
39 0.894574 0.164062 0.0274725 0.0354353 0.0078125
43 0.712569 0.686384 0.0618132 0.046875 0.0077858
44 0.24897 0.709821 0.0326236 0.0167411 0.00757599
39 0.898008 0.166574 0.0377747 0.0387835 0.00728989
44 0.259701 0.712054 0.054945 0.0223214 0.00728989
56 0.579928 0.458984 0.277301 0.163504 0.00728989
40 0.855082 0.166295 0.0618132 0.0412946 0.00725937
40 0.758929 0.126535 0.0343406 0.0705915 0.00720596
32 0.714286 0.11921 0.0618131 0.0481306 0.00720596
45 0.748626 0.658482 0.238668 0.0691964 0.00717545
43 0.623283 0.623884 0.0343407 0.0513393 0.00706482
41 0.944368 0.168806 0.0583791 0.0418527 0.00703812
43 0.673077 0.561523 0.0583791 0.0198102 0.00701141
74 0.876545 0.12793 0.0257554 0.0239955 0.00674438
42 0.712569 0.686384 0.0618132 0.046875 0.00669098
55 0.690247 0.753348 0.398352 0.142857 0.00666809
40 0.915179 0.128348 0.0206044 0.0549665 0.00664139
60 0.706473 0.936384 0.587054 0.113839 0.00664139
49 0.452438 0.23298 0.053228 0.0373884 0.00653839
40 0.935783 0.166853 0.0446429 0.0424107 0.00638962
56 0.403503 0.669643 0.398352 0.141741 0.00634003
41 0.698832 0.168248 0.0343406 0.0298549 0.00626373
43 0.68853 0.583845 0.116758 0.11356 0.00626373
71 0.778031 0.215541 0.301769 0.062779 0.00595856
44 0.45158 0.232003 0.053228 0.0390625 0.00582123
43 0.683379 0.561384 0.0789835 0.0212054 0.00582123
65 0.12749 0.950335 0.160543 0.0948661 0.00582123
40 0.861092 0.130859 0.0600962 0.0616629 0.00579834
55 0.685955 0.777902 0.137363 0.0647321 0.00579834
43 0.695398 0.666295 0.0583792 0.0691964 0.00575256
43 0.718578 0.587612 0.0549451 0.112723 0.00566483
60 0.431834 0.280692 0.151099 0.0948661 0.00564194
13 0.103881 0.945871 0.207761 0.0993303 0.00559998
39 0.360577 0.229911 0.0472184 0.0424107 0.00557709
41 0.935783 0.166853 0.0446429 0.0424107 0.00557709
42 0.73489 0.755022 0.0377747 0.0279018 0.0055542
43 0.646463 0.606027 0.0772665 0.0758928 0.00551224
77 0.360577 0.229911 0.0472184 0.0424107 0.00544739
67 0.485491 0.200753 0.0506525 0.0580357 0.00542831
41 0.705701 0.16755 0.0480769 0.0301339 0.00538635
43 0.64818 0.569196 0.199176 0.0591518 0.00536346
39 0.870536 0.175921 0.0326237 0.0203683 0.00521851
71 0.412088 0.247489 0.0978709 0.0117188 0.00516129
56 0.222785 0.598214 0.263565 0.222098 0.0051384
56 0.45158 0.543248 0.508242 0.329799 0.0051384
43 0.628863 0.601562 0.0437844 0.0647321 0.00502014
0 0.440848 0.206438 0.154533 0.232213 0.00502014
44 0.752275 0.671875 0.229653 0.0892857 0.00496292
41 0.837912 0.755022 0.0892857 0.0502232 0.0049057
56 0.412088 0.247489 0.0978709 0.0117188 0.00482941
56 0.112036 0.902902 0.224073 0.183036 0.00482941
42 0.254979 0.71038 0.0429258 0.0178571 0.00468063
24 0.579928 0.458984 0.277301 0.163504 0.00468063
67 0.480769 0.193359 0.0437843 0.0457589 0.00466537
44 0.776957 0.662946 0.182006 0.0691965 0.00462723
53 0.836195 0.753906 0.0858517 0.0446429 0.00457382
40 0.902301 0.125837 0.0360577 0.0505022 0.00453949
43 0.698832 0.553432 0.133929 0.031529 0.00453949
43 0.691964 0.558594 0.103022 0.0256696 0.00453949
43 0.626288 0.633929 0.0403503 0.0758928 0.00453949
43 0.64217 0.647321 0.0240385 0.0558035 0.00453949
56 0.59023 0.484654 0.279018 0.265067 0.00446701
75 0.855082 0.167271 0.0583791 0.0412946 0.00441742
47 0.707418 0.123535 0.051511 0.039481 0.00429916
39 0.0143802 0.445312 0.0287603 0.0664062 0.00429916
43 0.668784 0.558036 0.0600962 0.0279018 0.00429916
40 0.922047 0.131417 0.0652472 0.0641741 0.00428009
0 0.576923 0.233119 0.333104 0.135324 0.00424957
48 0.670501 0.783482 0.616415 0.214286 0.00424957
58 0.0193166 0.220982 0.0369162 0.0664062 0.00421524
44 0.855941 0.14202 0.056662 0.0870536 0.00415039
55 0.579928 0.458984 0.277301 0.163504 0.00411606
39 0.865385 0.166853 0.0412088 0.0396205 0.00399017
40 0.860234 0.120745 0.0583791 0.038644 0.00395966
60 0.412088 0.247489 0.0978709 0.0117188 0.0039444
67 0.244677 0.762277 0.103881 0.0915179 0.0039444
32 0.707418 0.123535 0.051511 0.039481 0.00391388
0 0.452867 0.232422 0.0532281 0.0373884 0.00383949
44 0.704842 0.151228 0.0309065 0.0198103 0.00382423
40 0.713427 0.168527 0.0652472 0.0385045 0.00380898
43 0.679945 0.648996 0.0910028 0.0892857 0.00376511
43 0.63659 0.609375 0.119334 0.100446 0.00376511
44 0.691964 0.551339 0.099588 0.0412947 0.0037365
40 0.0107315 0.337891 0.0188874 0.063058 0.00370789
41 0.361435 0.23005 0.0463599 0.0404576 0.00367928
55 0.714286 0.80692 0.412088 0.127232 0.00366402
40 0.904876 0.119838 0.0360577 0.0385045 0.00363541
40 0.809581 0.134452 0.0377747 0.082101 0.00363541
40 0.915179 0.113351 0.0206044 0.023856 0.00362206
55 0.836195 0.753906 0.0858517 0.0446429 0.00362206
44 0.860234 0.120745 0.0583791 0.038644 0.00356483
0 0.45716 0.453125 0.512534 0.522321 0.00355148
16 0.360577 0.229911 0.0472184 0.0424107 0.00349617
40 0.361435 0.23005 0.0463599 0.0404576 0.00348282
69 0.0517256 0.609933 0.0995879 0.241071 0.00348282
43 0.667926 0.580357 0.0635303 0.0669643 0.00345612
44 0.708276 0.155971 0.0463599 0.0279018 0.00344276
40 0.721154 0.165737 0.051511 0.0410156 0.00344276
57 0.433122 0.267578 0.153674 0.115513 0.00341606
41 0.714286 0.11921 0.0618131 0.0481306 0.00340271
44 0.8568 0.166016 0.0583791 0.0407366 0.00340271
39 0.870536 0.168248 0.0343407 0.0351562 0.00340271
45 0.944368 0.171596 0.0583791 0.0376674 0.00336266
45 0.714286 0.121791 0.0618131 0.0418527 0.00332451
56 0.361435 0.231027 0.0455013 0.0390625 0.00329781
41 0.855082 0.166295 0.0618132 0.0412946 0.00329781
53 0.714286 0.80692 0.412088 0.127232 0.00327301
58 0.026614 0.324498 0.053228 0.281808 0.00324821
75 0.360577 0.229911 0.0472184 0.0424107 0.00323486
60 0.833104 0.672991 0.333791 0.100446 0.00322342
59 0.434409 0.284319 0.147665 0.0831473 0.00321007
74 0.714286 0.118722 0.0618131 0.0493862 0.00318527
42 0.695398 0.666295 0.0583792 0.0691964 0.00317192
43 0.24897 0.709821 0.0326236 0.0167411 0.00316048
54 0.837912 0.755022 0.0892857 0.0502232 0.00316048
60 0.453297 0.698661 0.442995 0.125 0.00316048
56 0.192308 0.878348 0.377747 0.232143 0.00309944
0 0.330529 0.228516 0.054945 0.0440848 0.00307465
60 0.59581 0.292341 0.611264 0.196568 0.00307465
41 0.894574 0.164062 0.0274725 0.0354353 0.00305176
39 0.855082 0.265067 0.0429258 0.031808 0.00305176
56 0.0510817 0.947545 0.0995879 0.101562 0.00298119
44 0.699691 0.671317 0.121909 0.094866 0.00294685
15 0.360577 0.229911 0.0472184 0.0424107 0.00293541
40 0.808723 0.0496652 0.0377747 0.0329241 0.00291252
42 0.24897 0.709821 0.0326236 0.0167411 0.00288963
43 0.254979 0.71038 0.0429258 0.0178571 0.0028553
43 0.45158 0.232003 0.053228 0.0390625 0.00283432
74 0.861092 0.127511 0.0600962 0.0546875 0.00281143
44 0.706559 0.654018 0.0309066 0.0401786 0.00279045
45 0.828468 0.754464 0.0721154 0.046875 0.00279045
76 0.670501 0.633929 0.120192 0.131696 0.00277901
60 0.740041 0.289342 0.209478 0.154576 0.00275803
56 0.779533 0.291574 0.303915 0.215402 0.00274658
60 0.821514 0.809152 0.356971 0.34375 0.0027256
44 0.709135 0.676897 0.0600962 0.0625 0.00270462
46 0.707418 0.123535 0.051511 0.039481 0.00269318
14 0.713427 0.169224 0.0652472 0.0385045 0.00269318
41 0.45158 0.232701 0.053228 0.0373884 0.00269318
56 0.0553743 0.964286 0.051511 0.0714286 0.00269318
73 0.195098 0.75 0.180718 0.111607 0.00268364
13 0.571772 0.420759 0.619849 0.502232 0.00265312
42 0.262706 0.71317 0.0600962 0.0223214 0.00263214
77 0.452438 0.23298 0.053228 0.0373884 0.00260162
43 0.659341 0.649554 0.0343407 0.046875 0.00260162
26 0.655048 0.617746 0.0910028 0.100446 0.00259018
26 0.580357 0.426339 0.274725 0.103795 0.00258064
45 0.752275 0.671875 0.229653 0.0892857 0.00257111
43 0.636161 0.641183 0.0326237 0.0691964 0.00255013
0 0.937844 0.234933 0.124313 0.149554 0.00255013
41 0.270433 0.752232 0.0703984 0.0870536 0.00255013
60 0.435268 0.25 0.154533 0.015067 0.00253105
56 0.0103022 0.425781 0.0206044 0.103237 0.00252151
42 0.691106 0.552734 0.111607 0.0362723 0.00252151
40 0.808723 0.0570766 0.0412088 0.0379116 0.00243378
57 0.578211 0.325614 0.529705 0.259487 0.00242424
44 0.861092 0.130859 0.0600962 0.0616629 0.00240517
40 0.87397 0.125698 0.0309066 0.031529 0.00240517
40 0.755495 0.157227 0.0412088 0.0563616 0.00240517
60 0.766655 0.307478 0.245536 0.131138 0.00240517
43 0.67737 0.65346 0.145948 0.0881697 0.00240517
56 0.129421 0.87221 0.258843 0.243304 0.00239754
26 0.49794 0.504185 0.305632 0.229353 0.002388
56 0.43398 0.462891 0.594952 0.526228 0.002388
13 0.43956 0.466797 0.877404 0.52846 0.00237846
56 0.604396 0.528181 0.317651 0.249442 0.00237846
40 0.898008 0.166574 0.0377747 0.0387835 0.00236893
56 0.174923 0.951451 0.27773 0.0970982 0.00236893
40 0.803571 0.134766 0.0291896 0.0800781 0.00235939
44 0.455872 0.208287 0.0721154 0.0845424 0.00235939
60 0.421102 0.249442 0.119334 0.0128348 0.00235939
0 0.404361 0.205915 0.192308 0.09375 0.00234985
41 0.8216 0.75 0.0566621 0.0379465 0.00234222
58 0.0223214 0.286761 0.0420673 0.202148 0.00234222
73 0.414663 0.248605 0.111607 0.0122768 0.00233269
44 0.663633 0.563616 0.166552 0.0546875 0.00231361
41 0.898008 0.16769 0.0377747 0.0362723 0.00228691
40 0.80443 0.11642 0.0223215 0.0414342 0.00227928
56 0.0100876 0.40625 0.0188874 0.0792411 0.00226021
56 0.718578 0.587612 0.0549451 0.112723 0.00225258
60 0.776957 0.234375 0.314217 0.101562 0.00223351
41 0.870536 0.174665 0.0309066 0.0223214 0.00221634
44 0.253262 0.706473 0.0420673 0.0234375 0.00221634
0 0.309924 0.26716 0.371738 0.120257 0.00220871
40 0.244677 0.761161 0.105598 0.0892857 0.00220871
43 0.683379 0.597238 0.0858516 0.0957031 0.00218201
39 0.444712 0.186802 0.0463599 0.0435268 0.00217438
49 0.713427 0.127093 0.0652472 0.0661272 0.00215721
53 0.486779 0.765625 0.216346 0.117188 0.00215721
74 0.87397 0.125698 0.0309066 0.031529 0.00214958
0 0.455872 0.224749 0.0635302 0.0532924 0.00214958
44 0.73489 0.75558 0.0377747 0.0290178 0.00214958
26 0.972613 0.31808 0.0547733 0.0558036 0.00213242
40 0.894574 0.164062 0.0274725 0.0354353 0.00212479
42 0.699691 0.671317 0.121909 0.094866 0.00212479
56 0.751202 0.302734 0.10989 0.107143 0.00211525
44 0.809581 0.134452 0.0377747 0.082101 0.00209999
56 0.354138 0.229632 0.0600962 0.0435268 0.00208282
44 0.703984 0.166016 0.0446428 0.0329241 0.0020752
42 0.776099 0.712054 0.0360577 0.0290178 0.00205803
40 0.870536 0.168248 0.0343407 0.0351562 0.0020504
46 0.714286 0.140067 0.0635302 0.0912388 0.0020504
40 0.837912 0.140939 0.0892857 0.0908901 0.0020504
56 0.165694 0.892857 0.181147 0.207589 0.0020504
53 0.605683 0.795201 0.464457 0.15067 0.00204277
39 0.0188874 0.473772 0.0360577 0.0267858 0.00203514
43 0.686813 0.663505 0.0807005 0.0758929 0.00203514
13 0.746909 0.424386 0.243819 0.390067 0.00203514
43 0.646463 0.647321 0.0360577 0.0558035 0.00202751
0 0.197888 0.398996 0.380323 0.655134 0.847168
0 0.90831 0.42327 0.182006 0.530692 0.815918
43 0.652473 0.618862 0.0858517 0.102679 0.764648
0 0.577782 0.410435 0.492788 0.656808 0.737305
60 0.536573 0.808036 0.915179 0.370536 0.736328
55 0.673077 0.781808 0.609547 0.212054 0.684082
45 0.784684 0.658482 0.164835 0.0580357 0.583008
41 0.24457 0.761719 0.106671 0.0904018 0.525391
56 0.391484 0.646205 0.377747 0.104911 0.381104
43 0.671145 0.636719 0.120622 0.135045 0.363037
44 0.674794 0.647879 0.121909 0.109375 0.226807
0 0.358431 0.230329 0.051511 0.0421317 0.150024
44 0.684882 0.664062 0.103451 0.0825893 0.137573
42 0.671575 0.635603 0.119763 0.135045 0.0939941
55 0.58465 0.751116 0.355426 0.147321 0.092041
0 0.347699 0.229213 0.0721154 0.0446429 0.0747681
56 0.12427 0.950893 0.171274 0.09375 0.0736694
39 0.932349 0.166853 0.0343406 0.0429688 0.0734253
58 0.0197459 0.254464 0.0377747 0.131696 0.0698242
60 0.777816 0.216239 0.302198 0.063058 0.0665894
57 0.436126 0.468192 0.872253 0.52567 0.064209
56 0.436556 0.2869 0.148523 0.0835659 0.0634766
60 0.771806 0.28404 0.310783 0.198103 0.0570679
41 0.712569 0.168527 0.0652472 0.0382254 0.0568542
44 0.659341 0.61942 0.0995879 0.102679 0.0499573
42 0.659341 0.61942 0.0995879 0.102679 0.0484924
56 0.72652 0.304688 0.178142 0.11942 0.0381775
0 0.461882 0.208984 0.079842 0.0870536 0.0345459
43 0.689389 0.660156 0.103022 0.0926339 0.0330811
42 0.684882 0.664062 0.103451 0.0825893 0.03125
53 0.665994 0.78125 0.594523 0.208705 0.0307922
56 0.746909 0.341239 0.214629 0.185268 0.0306702
47 0.714286 0.120326 0.0635302 0.0461775 0.0273743
41 0.849931 0.324219 0.0755495 0.100446 0.0267639
73 0.672218 0.786272 0.625 0.220982 0.024231
39 0.94351 0.168248 0.0566621 0.0424107 0.0237732
56 0.672218 0.305525 0.279876 0.119978 0.0237732
44 0.695398 0.666295 0.0583792 0.0691964 0.0235138
43 0.667067 0.564732 0.159684 0.0524554 0.0207977
43 0.691964 0.551897 0.099588 0.0401786 0.0206451
40 0.858517 0.143415 0.0583792 0.0853795 0.0204163
56 0.185869 0.946429 0.364011 0.0982143 0.0197144
67 0.476477 0.196289 0.0326236 0.0477121 0.0192719
26 0.577352 0.452288 0.280735 0.169085 0.0179901
56 0.11268 0.945871 0.221927 0.0993303 0.0177765
0 0.434409 0.244978 0.15625 0.162946 0.0174408
56 0.427541 0.621094 0.446429 0.180804 0.0171814
27 0.256267 0.252093 0.0858517 0.0661272 0.016922
0 0.405113 0.412946 0.795201 0.600446 0.0165253
44 0.254979 0.71038 0.0437843 0.0178571 0.0159607
45 0.712569 0.169922 0.0635302 0.0371094 0.0155411
41 0.784684 0.658482 0.164835 0.0580357 0.0149002
56 0.564904 0.425851 0.650756 0.508789 0.0146179
56 0.733173 0.426339 0.276442 0.408482 0.0138474
57 0.434409 0.284319 0.147665 0.0825893 0.0137405
56 0.779533 0.40339 0.290179 0.447684 0.0136871
39 0.0203898 0.455357 0.0403503 0.0686384 0.0134811
60 0.434409 0.275949 0.157967 0.0664062 0.0131226
46 0.714286 0.120326 0.0635302 0.0461775 0.012825
44 0.712569 0.686384 0.0618132 0.046875 0.0127716
43 0.685955 0.561384 0.123626 0.063616 0.0127716
56 0.436126 0.468192 0.872253 0.52567 0.0126266
44 0.262706 0.715402 0.0600962 0.0245536 0.0124817
39 0.244677 0.763393 0.104739 0.0959821 0.012291
40 0.750344 0.160296 0.0343407 0.0385045 0.0120087
40 0.752919 0.151088 0.0257555 0.0172991 0.0115509
75 0.713427 0.169364 0.0652472 0.0385045 0.0112457
0 0.922819 0.260463 0.154361 0.19894 0.0109024
0 0.436126 0.27853 0.147665 0.0936105 0.0108566
41 0.855082 0.265206 0.0429258 0.031529 0.0107346
44 0.703984 0.667411 0.0429258 0.0669643 0.0104065
75 0.932349 0.168108 0.0343406 0.0418527 0.0103683
39 0.855941 0.166434 0.0600962 0.0432478 0.0103302
60 0.50352 0.866072 0.916037 0.256696 0.0103302
56 0.7409 0.281808 0.212912 0.169643 0.00993347
56 0.848214 0.322545 0.0755495 0.103795 0.00926971
75 0.944368 0.168248 0.0583791 0.0432478 0.00923157
53 0.593235 0.751116 0.327953 0.140625 0.0091629
43 0.629293 0.628348 0.0480769 0.09375 0.00898743
43 0.712569 0.686384 0.0618132 0.046875 0.00898743
74 0.861092 0.121164 0.0583791 0.039202 0.00894928
44 0.710852 0.164621 0.0583791 0.0371094 0.00878143
0 0.463599 0.182617 0.0892857 0.137556 0.00867462
39 0.712569 0.168527 0.0652472 0.0382254 0.00857544
56 0.402644 0.669643 0.389767 0.141741 0.00857544
0 0.338256 0.226702 0.0583791 0.0404576 0.00844574
40 0.94351 0.168248 0.0566621 0.0424107 0.00841522
73 0.12706 0.950893 0.161401 0.09375 0.00841522
39 0.00987294 0.337891 0.0175996 0.0597098 0.00821686
60 0.702181 0.9375 0.595639 0.113839 0.00803375
39 0.853365 0.120117 0.0429258 0.0396205 0.00800323
44 0.259701 0.712054 0.054945 0.0223214 0.00796509
44 0.24897 0.709821 0.0326236 0.0167411 0.0078125
56 0.745192 0.318638 0.195742 0.139509 0.00757599
43 0.623283 0.624442 0.0343407 0.0513393 0.00740433
43 0.673077 0.561523 0.0583791 0.0198102 0.00723267
42 0.712569 0.686384 0.0618132 0.046875 0.00723267
56 0.580357 0.458705 0.276442 0.165179 0.00720596
39 0.894574 0.164062 0.0274725 0.0351562 0.00717545
56 0.701408 0.417969 0.408654 0.469866 0.00698471
45 0.748412 0.658482 0.23738 0.0691964 0.00695801
40 0.807006 0.0553153 0.0343406 0.0283203 0.0069046
41 0.944368 0.169085 0.0583791 0.0418527 0.00682449
39 0.898008 0.166574 0.0377747 0.0385045 0.00677109
40 0.855941 0.166574 0.0600962 0.0407366 0.00666809
32 0.714286 0.11942 0.0618131 0.0477121 0.00661469
41 0.698832 0.168248 0.0343406 0.0301339 0.00656509
56 0.436126 0.303641 0.152816 0.112584 0.0064888
67 0.481628 0.194336 0.0446429 0.0443638 0.00643921
75 0.861092 0.121164 0.0583791 0.039202 0.00636292
49 0.452438 0.23298 0.053228 0.0373884 0.00624084
55 0.691964 0.753906 0.401786 0.143973 0.00619125
43 0.695398 0.666295 0.0583792 0.0691964 0.00612259
39 0.848214 0.315848 0.0755495 0.116071 0.00602722
74 0.876545 0.12793 0.0257554 0.0239955 0.00595856
44 0.45158 0.232003 0.0523695 0.0390625 0.00588989
43 0.690033 0.584263 0.113753 0.112723 0.00588989
40 0.758929 0.126256 0.0343406 0.0705915 0.00572968
56 0.222785 0.598214 0.261848 0.220982 0.00561905
40 0.932349 0.129325 0.0412088 0.0594308 0.00551224
44 0.75206 0.671875 0.228365 0.0881696 0.00551224
67 0.48592 0.200893 0.051511 0.0585937 0.00540543
41 0.936642 0.166992 0.0463599 0.0418527 0.00536346
42 0.73489 0.755022 0.0377747 0.0279018 0.00534439
56 0.450721 0.544922 0.506525 0.326451 0.00534439
13 0.104095 0.946429 0.207332 0.0982143 0.00534439
43 0.646463 0.606027 0.0772665 0.0758928 0.00530243
44 0.777816 0.662388 0.182006 0.0680804 0.00530243
56 0.11268 0.90346 0.224502 0.18192 0.00524139
56 0.588942 0.484375 0.274725 0.265625 0.00518036
13 0.564904 0.425851 0.650756 0.508789 0.0051384
43 0.628434 0.601562 0.0429258 0.0636161 0.0050621
71 0.412088 0.247489 0.0978709 0.0117188 0.00503922
0 0.43956 0.204799 0.157967 0.235491 0.00502014
41 0.705701 0.16755 0.0480769 0.0301339 0.00500107
43 0.718578 0.587193 0.0549451 0.11356 0.00498199
43 0.641956 0.647321 0.0244677 0.0558035 0.00494385
39 0.360577 0.229911 0.0472184 0.0424107 0.0049057
60 0.431834 0.280971 0.151099 0.094308 0.0049057
0 0.576065 0.237026 0.333104 0.142578 0.00486755
77 0.360577 0.229911 0.0472184 0.0424107 0.00475693
42 0.254979 0.71038 0.0437843 0.0178571 0.00469971
39 0.870536 0.175781 0.0326237 0.0206473 0.00468063
43 0.626288 0.634487 0.0403503 0.0758928 0.00466537
60 0.412088 0.247489 0.0978709 0.0117188 0.00460815
24 0.580357 0.458705 0.276442 0.165179 0.00452042
40 0.915179 0.128592 0.0240385 0.0553153 0.00450516
56 0.412088 0.247489 0.0978709 0.0117188 0.00450516
0 0.452867 0.232422 0.0532281 0.0373884 0.00438309
44 0.855941 0.14202 0.056662 0.0870536 0.00436401
58 0.0193166 0.220982 0.0369162 0.0658482 0.00436401
55 0.684882 0.777902 0.137792 0.0658482 0.00436401
71 0.778031 0.215681 0.301769 0.0625 0.00434875
65 0.12706 0.950893 0.161401 0.09375 0.00432968
44 0.704842 0.151367 0.0309065 0.0200893 0.00424957
43 0.649253 0.570312 0.198747 0.0591518 0.00411606
43 0.691964 0.559152 0.103022 0.0245536 0.00408554
43 0.667926 0.558175 0.0600962 0.0287388 0.00402451
56 0.0523695 0.947545 0.102163 0.101562 0.00390053
44 0.709135 0.155971 0.0480769 0.0279018 0.00385475
75 0.855082 0.167411 0.0583791 0.0407366 0.00385475
41 0.837912 0.755022 0.0892857 0.0491072 0.00383949
40 0.712569 0.168527 0.0652472 0.0382254 0.00379562
53 0.836195 0.753906 0.0858517 0.0435268 0.0037365
56 0.192522 0.891741 0.377318 0.207589 0.0037365
47 0.707418 0.123605 0.051511 0.0393415 0.00370789
43 0.697974 0.554129 0.133929 0.03125 0.00370789
40 0.932349 0.166853 0.0343406 0.0429688 0.00369263
41 0.261848 0.758929 0.0772665 0.0892857 0.00365067
48 0.669428 0.784598 0.615127 0.214286 0.00365067
69 0.0519403 0.609375 0.0991587 0.241071 0.00362206
0 0.291037 0.405134 0.56147 0.640625 0.00358009
40 0.861092 0.129604 0.0600962 0.0588728 0.00355148
43 0.68016 0.649554 0.0922905 0.0870536 0.00355148
67 0.244677 0.762277 0.103881 0.0915179 0.00355148
44 0.860234 0.120815 0.056662 0.0385045 0.00351143
60 0.453297 0.698661 0.442995 0.127232 0.00348282
60 0.776099 0.324289 0.309066 0.283343 0.00345612
13 0.436126 0.468192 0.872253 0.52567 0.00345612
57 0.433122 0.267857 0.152816 0.114955 0.00344276
32 0.707418 0.123605 0.051511 0.0393415 0.00342941
39 0.866243 0.167132 0.0412088 0.0390625 0.00342941
43 0.637019 0.609933 0.118475 0.0982143 0.00342941
41 0.714286 0.11942 0.0618131 0.0477121 0.00340271
44 0.8568 0.165876 0.0583791 0.0410156 0.00331116
39 0.0145948 0.445312 0.0291896 0.0669643 0.00331116
56 0.779533 0.293039 0.303915 0.21861 0.00331116
55 0.716003 0.80692 0.410371 0.129464 0.00327301
42 0.695398 0.666295 0.0583792 0.0691964 0.00323486
56 0.361435 0.231027 0.0455013 0.0390625 0.00322342
44 0.691964 0.551897 0.099588 0.0401786 0.00322342
60 0.831817 0.673549 0.336367 0.100446 0.00322342
0 0.453297 0.453404 0.504808 0.521763 0.00319672
45 0.714286 0.121722 0.0618131 0.0419922 0.00318527
43 0.24897 0.709821 0.0326236 0.0167411 0.00317192
40 0.860234 0.120815 0.056662 0.0385045 0.00316048
41 0.361435 0.23005 0.0455013 0.0404576 0.00314713
40 0.0107315 0.33817 0.0188874 0.0625 0.00314713
43 0.695398 0.561244 0.0858516 0.0203683 0.00313568
45 0.944368 0.171596 0.0583791 0.0376674 0.00311089
40 0.721154 0.166016 0.051511 0.0407366 0.003088
44 0.698832 0.670759 0.118475 0.092634 0.003088
40 0.361435 0.23005 0.0455013 0.0404576 0.0030632
43 0.667711 0.580357 0.0622424 0.0658482 0.0030632
40 0.922047 0.131696 0.0686813 0.0650112 0.00304031
41 0.855941 0.166574 0.0600962 0.0407366 0.00302696
14 0.713427 0.169364 0.0652472 0.0385045 0.00300407
40 0.902301 0.125837 0.0360577 0.0502232 0.00299263
43 0.45158 0.232003 0.0523695 0.0390625 0.00299263
44 0.707418 0.654018 0.0309066 0.0379464 0.0029583
13 0.733173 0.426339 0.276442 0.408482 0.0029583
43 0.659341 0.650112 0.0360578 0.046875 0.00294685
59 0.436556 0.284319 0.151099 0.0831473 0.00292397
53 0.716003 0.80692 0.410371 0.129464 0.00292397
74 0.714286 0.118722 0.0618131 0.0493862 0.00288963
42 0.24897 0.709821 0.0326236 0.0167411 0.00287819
43 0.254979 0.71038 0.0437843 0.0178571 0.00287819
60 0.59023 0.292132 0.622424 0.196429 0.00287819
60 0.435697 0.25 0.155391 0.015067 0.00286674
40 0.809581 0.134452 0.0394917 0.082659 0.00284576
60 0.7409 0.281808 0.212912 0.169643 0.00282288
44 0.709135 0.676897 0.0600962 0.0625 0.00281143
16 0.360577 0.229911 0.0472184 0.0424107 0.00279999
56 0.0553743 0.964286 0.051511 0.0714286 0.00279045
75 0.360577 0.229911 0.0472184 0.0424107 0.00277901
44 0.667067 0.564732 0.159684 0.0524554 0.00275803
26 0.49794 0.504185 0.303915 0.228237 0.00273705
60 0.420673 0.249442 0.118475 0.0128348 0.0027256
43 0.63659 0.641183 0.0334821 0.0691964 0.00271416
41 0.45158 0.232561 0.053228 0.0373884 0.00269318
42 0.262706 0.71317 0.0600962 0.0223214 0.00269318
56 0.174493 0.951451 0.279447 0.0970982 0.00269318
0 0.9375 0.23577 0.123626 0.151228 0.0026722
55 0.836195 0.753906 0.0858517 0.0435268 0.00266266
44 0.455872 0.208287 0.0712569 0.0839844 0.00260162
39 0.855082 0.265206 0.0429258 0.031529 0.00259018
60 0.741758 0.306641 0.206044 0.130022 0.00257111
57 0.575206 0.321429 0.525412 0.253348 0.00257111
46 0.707418 0.123605 0.051511 0.0393415 0.00256157
74 0.861092 0.129604 0.0600962 0.0588728 0.00254059
58 0.0268286 0.321987 0.053228 0.279018 0.00254059
41 0.894574 0.164062 0.0274725 0.0351562 0.00253105
56 0.13307 0.871652 0.26614 0.243304 0.00253105
26 0.972613 0.31808 0.0547733 0.0558036 0.00252151
43 0.67737 0.654018 0.144231 0.0870536 0.00252151
56 0.00965831 0.415737 0.0193166 0.0987723 0.00251198
45 0.75206 0.671875 0.228365 0.0881696 0.0024929
44 0.861092 0.134452 0.0600962 0.0692662 0.00248146
77 0.452438 0.23298 0.053228 0.0373884 0.00248146
76 0.670501 0.633929 0.120192 0.131696 0.00248146
46 0.714286 0.131278 0.0652472 0.0742188 0.00245285
49 0.714286 0.131278 0.0652472 0.0742188 0.00243378
0 0.321836 0.26716 0.340187 0.120257 0.00243378
55 0.580357 0.458705 0.276442 0.165179 0.00243378
56 0.606113 0.526507 0.314217 0.251674 0.00243378
56 0.605254 0.418248 0.489354 0.417969 0.00236893
58 0.0223214 0.285993 0.0420673 0.201451 0.00235939
13 0.779533 0.40339 0.290179 0.447684 0.00234985
41 0.825893 0.754464 0.0669643 0.0457589 0.00232315
56 0.160972 0.893973 0.189732 0.207589 0.00229645
60 0.776314 0.23577 0.312071 0.103795 0.00226974
73 0.195312 0.751116 0.180288 0.111607 0.00226974
41 0.270433 0.751674 0.0703984 0.0859375 0.00226974
15 0.360577 0.229911 0.0472184 0.0424107 0.00226021
56 0.718578 0.587193 0.0549451 0.11356 0.00226021
43 0.686813 0.663505 0.0824176 0.0758929 0.00226021
0 0.467033 0.220564 0.197459 0.210658 0.00225258
56 0.434839 0.463728 0.579499 0.522321 0.00225258
26 0.655048 0.617746 0.0910028 0.0993303 0.00224304
41 0.870536 0.174526 0.0309066 0.0226004 0.00223351
44 0.253262 0.706473 0.0429258 0.0234375 0.00223351
0 0.403074 0.205915 0.194025 0.09375 0.00223351
53 0.486779 0.765625 0.214629 0.117188 0.00223351
60 0.424107 0.285784 0.12706 0.0779855 0.00222588
60 0.825378 0.809152 0.349245 0.345982 0.00222588
44 0.703984 0.166016 0.0446428 0.0323661 0.00221634
40 0.915179 0.113351 0.0206044 0.023856 0.00220871
44 0.809581 0.134452 0.0394917 0.082659 0.00219917
73 0.415522 0.248605 0.111607 0.0122768 0.00219917
56 0.0480769 0.8125 0.0940076 0.209821 0.00219917
40 0.898008 0.166574 0.0377747 0.0385045 0.00219154
43 0.647321 0.647879 0.0360578 0.0546875 0.00219154
42 0.698832 0.670759 0.118475 0.092634 0.00218201
56 0.40361 0.610631 0.410156 0.249721 0.00218201
56 0.347807 0.878348 0.657409 0.234375 0.00218201
40 0.904876 0.119838 0.0360577 0.0385045 0.00217438
67 0.467462 0.192243 0.0549451 0.0496652 0.00217438
26 0.580786 0.425781 0.273867 0.106027 0.00217438
57 0.48635 0.386161 0.732315 0.348214 0.00217438
26 0.502232 0.52567 0.319368 0.162946 0.00216484
39 0.444712 0.186942 0.0463599 0.0435268 0.00215721
74 0.888565 0.140381 0.142514 0.0942383 0.00212479
41 0.898008 0.167969 0.0377747 0.0362723 0.00211525
44 0.748412 0.658482 0.23738 0.0691964 0.00211525
42 0.776099 0.712054 0.0343406 0.0290178 0.00209045
45 0.825893 0.754464 0.0669643 0.0457589 0.0020752
13 0.701408 0.417969 0.408654 0.469866 0.00204277
44 0.73489 0.75558 0.0377747 0.0290178 0.00203514
44 0.776099 0.712054 0.0343406 0.0290178 0.00201035
39 0.495793 0.231585 0.0489355 0.0379464 0.00200272
0 0.197888 0.39481 0.380323 0.65904 0.852051
0 0.910028 0.42327 0.178571 0.530692 0.826172
43 0.652473 0.618862 0.0858517 0.102679 0.766113
60 0.536144 0.808036 0.916037 0.370536 0.756348
0 0.577782 0.412946 0.492788 0.660714 0.75
55 0.672218 0.785714 0.626717 0.217634 0.689453
45 0.784684 0.658482 0.164835 0.0580357 0.65332
41 0.244248 0.761719 0.106456 0.0904018 0.513672
56 0.391484 0.646205 0.377747 0.104911 0.404541
43 0.671145 0.636161 0.120622 0.133929 0.352295
44 0.674579 0.648438 0.120622 0.107143 0.235107
0 0.35886 0.230469 0.051511 0.0421317 0.141235
44 0.685096 0.664062 0.103022 0.0825893 0.140381
42 0.67136 0.635045 0.118475 0.133929 0.10376
55 0.58422 0.751116 0.356284 0.147321 0.0946655
56 0.123412 0.950893 0.172991 0.09375 0.088501
39 0.932349 0.166853 0.0343406 0.0429688 0.0792236
60 0.777816 0.216239 0.302198 0.063058 0.0734253
41 0.712569 0.169643 0.0652472 0.0385045 0.0673218
58 0.0201751 0.253906 0.0377747 0.131138 0.0648804
0 0.348558 0.229353 0.0721154 0.0446429 0.0621033
60 0.770948 0.283482 0.310783 0.196429 0.0603027
57 0.442995 0.468192 0.885989 0.533482 0.0564575
44 0.659555 0.61942 0.0991587 0.102679 0.0541992
56 0.436556 0.286551 0.148523 0.0831473 0.0538025
42 0.659555 0.61942 0.0991587 0.102679 0.0534058
56 0.725446 0.304409 0.176854 0.118862 0.0403748
43 0.689389 0.660714 0.103022 0.0892857 0.0334778
42 0.685096 0.664062 0.103022 0.0825893 0.0328369
44 0.695398 0.666295 0.0583792 0.0680804 0.0311432
53 0.664277 0.78125 0.591089 0.207589 0.0301056
56 0.746909 0.34375 0.212912 0.190848 0.0294189
0 0.461882 0.208984 0.079842 0.0870536 0.0292053
41 0.849931 0.323661 0.0755495 0.0993304 0.0279083
56 0.668784 0.305246 0.286745 0.119978 0.0250854
39 0.942651 0.168387 0.0583792 0.0421317 0.0247955
47 0.714286 0.120536 0.0635302 0.0460379 0.02211
27 0.255838 0.252093 0.0858517 0.0661272 0.02211
73 0.671575 0.78683 0.624571 0.220982 0.02211
56 0.185869 0.946429 0.362294 0.0982143 0.0218658
43 0.67136 0.564593 0.151099 0.0516183 0.0217743
26 0.577782 0.451172 0.279876 0.171317 0.0211182
67 0.476477 0.196429 0.0326236 0.0474331 0.0207214
43 0.691964 0.551897 0.099588 0.0390625 0.0197906
0 0.405649 0.409598 0.795845 0.604911 0.0190887
56 0.427541 0.624442 0.444712 0.174107 0.0186157
44 0.254979 0.71038 0.0429258 0.0178571 0.0178528
45 0.712569 0.170061 0.0635302 0.0368304 0.0171814
40 0.858517 0.143276 0.0566621 0.0851004 0.0166626
44 0.712569 0.686384 0.0618132 0.046875 0.0165863
56 0.570913 0.427734 0.643887 0.518415 0.0150146
39 0.0201751 0.455078 0.0403503 0.0686384 0.0148392
60 0.435268 0.275949 0.157967 0.0664062 0.0147324
56 0.122982 0.945312 0.241672 0.0982142 0.0146713
46 0.714286 0.120536 0.0635302 0.0460379 0.014061
44 0.262706 0.715402 0.0600962 0.0245536 0.0140076
56 0.779318 0.405064 0.288891 0.451032 0.0140076
57 0.434409 0.28411 0.147665 0.0824498 0.0137939
44 0.703984 0.667411 0.0429258 0.0669643 0.0134277
0 0.922047 0.260463 0.154533 0.200056 0.0133743
56 0.740041 0.42606 0.26614 0.416853 0.0133743
0 0.434409 0.244838 0.154533 0.162109 0.0127716
40 0.752919 0.150949 0.0257555 0.0172991 0.0127258
43 0.686599 0.56236 0.120622 0.0650112 0.0127258
40 0.750344 0.160435 0.0343407 0.0379464 0.0125732
56 0.442995 0.468192 0.885989 0.533482 0.0121002
41 0.855082 0.265346 0.0412089 0.031808 0.0115509
39 0.244677 0.762835 0.104739 0.094866 0.0113297
44 0.713427 0.169364 0.0635302 0.0379464 0.0110703
0 0.436126 0.279088 0.147665 0.0913784 0.0109024
75 0.713427 0.169503 0.0652472 0.0382254 0.0107803
43 0.712569 0.686384 0.0618132 0.046875 0.0107803
44 0.710852 0.164202 0.054945 0.0359933 0.0104523
40 0.942651 0.168387 0.0583792 0.0421317 0.0104523
56 0.401786 0.669643 0.388049 0.140625 0.0103302
39 0.855941 0.166574 0.0600962 0.0429688 0.0100937
43 0.629293 0.628348 0.0480769 0.094866 0.00955963
75 0.932349 0.168248 0.0343406 0.0418527 0.00941467
56 0.579499 0.458705 0.276442 0.168527 0.00937653
56 0.7409 0.27846 0.211195 0.175223 0.00933838
44 0.259701 0.711496 0.0540866 0.0223214 0.00894928
56 0.848214 0.322545 0.0755495 0.103795 0.00888062
39 0.712569 0.168666 0.0652472 0.0382254 0.00878143
44 0.24897 0.709821 0.0326236 0.0178571 0.00878143
60 0.692737 0.9375 0.614526 0.113839 0.00854492
60 0.503091 0.86663 0.913462 0.25558 0.0085144
43 0.623283 0.624442 0.0343407 0.0513393 0.00841522
42 0.712569 0.686384 0.0618132 0.046875 0.00841522
75 0.944368 0.168387 0.0583791 0.0429688 0.00837708
45 0.749485 0.658482 0.236951 0.0669643 0.00815582
74 0.861092 0.121233 0.0583791 0.0390625 0.00803375
39 0.00987294 0.337891 0.0180288 0.0597098 0.00803375
41 0.784684 0.658482 0.164835 0.0580357 0.00790405
40 0.807006 0.0553153 0.0343406 0.0283203 0.00787354
0 0.299193 0.402344 0.576065 0.642857 0.00775528
44 0.45158 0.231864 0.051511 0.0390625 0.00763702
43 0.673077 0.561523 0.0583791 0.0198102 0.00763702
0 0.463599 0.182722 0.0892857 0.137347 0.00757599
39 0.894574 0.164062 0.0274725 0.0357143 0.00751877
41 0.944368 0.169364 0.0583791 0.0410156 0.00751877
53 0.592376 0.750558 0.32967 0.141741 0.00748825
73 0.126417 0.950893 0.162689 0.09375 0.00746155
39 0.898008 0.166574 0.0377747 0.0385045 0.00743103
56 0.743475 0.315778 0.188874 0.134068 0.00734711
56 0.588513 0.485491 0.27215 0.266741 0.00734711
43 0.695398 0.666295 0.0583792 0.0680804 0.00728989
41 0.698832 0.168248 0.0343406 0.0295759 0.00723267
39 0.853365 0.120117 0.0429258 0.0393415 0.00703812
56 0.709135 0.419573 0.393201 0.473354 0.0069046
49 0.452438 0.23298 0.053228 0.0373884 0.00669098
56 0.303915 0.945312 0.580357 0.0993303 0.00669098
0 0.338256 0.226562 0.0566621 0.0398996 0.00643921
42 0.735749 0.755022 0.0377747 0.0279018 0.00643921
40 0.758929 0.125837 0.0343406 0.0694754 0.00629044
43 0.646463 0.606027 0.0772665 0.0758928 0.00616837
40 0.855941 0.166713 0.0600962 0.0404576 0.00605011
43 0.64217 0.647321 0.0257555 0.0558035 0.00600433
74 0.876545 0.12793 0.0257554 0.0239955 0.00598145
40 0.93149 0.129325 0.0412088 0.0594308 0.00595856
44 0.78125 0.66183 0.171703 0.0669643 0.00593567
32 0.714286 0.119629 0.0618131 0.0475725 0.00591278
44 0.705701 0.150949 0.0309066 0.0189732 0.00588989
56 0.223107 0.598075 0.261204 0.219029 0.005867
39 0.360577 0.23005 0.0463599 0.0421317 0.00577545
56 0.113324 0.90346 0.22579 0.18192 0.00577545
43 0.628434 0.601562 0.0429258 0.0647321 0.00570679
44 0.855082 0.141706 0.054945 0.0865653 0.00559998
43 0.691106 0.584263 0.111607 0.112723 0.00557709
56 0.436126 0.305315 0.152816 0.117048 0.0055542
67 0.48592 0.200614 0.0497939 0.0574777 0.00553513
75 0.861092 0.121233 0.0583791 0.0390625 0.00547028
44 0.75206 0.670759 0.226648 0.0870536 0.00547028
13 0.570913 0.427734 0.643887 0.518415 0.00547028
55 0.68853 0.753348 0.393201 0.142857 0.00540543
44 0.708276 0.155413 0.0446429 0.0265067 0.00538635
71 0.411659 0.247489 0.0970124 0.0117188 0.00534439
41 0.935783 0.167132 0.0446429 0.0418527 0.00527954
56 0.449863 0.544643 0.504808 0.327009 0.00521851
67 0.480769 0.193359 0.0437843 0.0452009 0.00516129
43 0.626717 0.633929 0.0412087 0.0758928 0.00511932
39 0.848214 0.315848 0.0755495 0.115513 0.00502014
13 0.10431 0.946429 0.207761 0.0982143 0.00502014
40 0.915179 0.128627 0.0240385 0.0552455 0.00496292
24 0.579499 0.458705 0.276442 0.168527 0.00496292
60 0.411659 0.247489 0.0970124 0.0117188 0.00481033
43 0.678443 0.579241 0.136933 0.0926339 0.00481033
39 0.870536 0.175921 0.0326237 0.0203683 0.00477219
42 0.254979 0.71038 0.0429258 0.0178571 0.00475693
56 0.0523695 0.947545 0.101734 0.101562 0.00466537
43 0.718578 0.587193 0.0549451 0.11356 0.00462723
40 0.712569 0.168666 0.0652472 0.0382254 0.00452042
0 0.452438 0.232422 0.053228 0.0373884 0.00450516
0 0.574348 0.236049 0.327953 0.140067 0.00448608
40 0.932349 0.166853 0.0343406 0.0429688 0.00445175
55 0.686599 0.777902 0.134358 0.0647321 0.00439835
58 0.0193166 0.220982 0.0369162 0.0658482 0.00434875
44 0.8568 0.165876 0.0583791 0.0407366 0.00429916
60 0.431834 0.280971 0.15024 0.093192 0.00424957
41 0.837912 0.75558 0.0875687 0.0491072 0.00419998
44 0.860234 0.120815 0.056662 0.0385045 0.00413513
71 0.778031 0.215681 0.301769 0.0625 0.00407028
43 0.667926 0.558036 0.0600962 0.030134 0.00405502
60 0.453297 0.698661 0.446429 0.127232 0.00405502
77 0.360577 0.23005 0.0463599 0.0421317 0.00399017
43 0.691964 0.55971 0.103022 0.0234375 0.00399017
56 0.411659 0.247489 0.0970124 0.0117188 0.0039444
41 0.714286 0.119629 0.0618131 0.0475725 0.00391388
43 0.679087 0.650112 0.0910028 0.0848214 0.00383949
45 0.714286 0.121931 0.0618131 0.0418527 0.00382423
41 0.361435 0.231166 0.0446429 0.0387835 0.00379562
43 0.649897 0.570871 0.195742 0.0591518 0.00379562
56 0.193166 0.886161 0.377747 0.216518 0.00376511
40 0.861092 0.129429 0.0600962 0.0586635 0.0037365
42 0.695398 0.666295 0.0583792 0.0680804 0.00370789
41 0.45158 0.232422 0.053228 0.0373884 0.00367928
13 0.442995 0.468192 0.885989 0.533482 0.00365067
44 0.455872 0.208147 0.0703984 0.0831473 0.00362206
43 0.45158 0.231864 0.051511 0.0390625 0.00355148
44 0.709135 0.677455 0.0600962 0.0625 0.00355148
67 0.24457 0.761719 0.103237 0.0915178 0.00355148
60 0.775884 0.340402 0.309495 0.314732 0.00355148
39 0.0145948 0.445871 0.0291896 0.0669643 0.00353813
43 0.659341 0.650112 0.0343407 0.046875 0.00351143
58 0.0193166 0.234375 0.0373455 0.0898438 0.00348282
44 0.707418 0.654018 0.0309066 0.0379464 0.00346947
43 0.24897 0.709821 0.0326236 0.0178571 0.00342941
55 0.715144 0.806362 0.413805 0.129464 0.00342941
40 0.0107315 0.33817 0.0188874 0.0625 0.00340271
53 0.836195 0.753348 0.0858517 0.0424107 0.00340271
43 0.637019 0.609375 0.118475 0.0959821 0.00338936
40 0.723729 0.166016 0.0463599 0.0401786 0.00337601
43 0.697974 0.554827 0.132212 0.030971 0.00337601
40 0.361435 0.229911 0.0446429 0.0401786 0.00336266
43 0.693681 0.561384 0.0789835 0.0200893 0.00333786
40 0.922047 0.131452 0.0686813 0.0641044 0.00331116
40 0.860234 0.120815 0.056662 0.0385045 0.00329781
44 0.67136 0.564593 0.151099 0.0516183 0.00329781
57 0.432692 0.268415 0.152816 0.113281 0.00324821
65 0.126417 0.950893 0.162689 0.09375 0.00324821
39 0.86796 0.167411 0.0377747 0.0385045 0.00323486
56 0.779533 0.295759 0.303915 0.223214 0.00316048
40 0.902301 0.125558 0.0360577 0.0493862 0.00314713
75 0.855082 0.167829 0.0583791 0.0404576 0.00314713
44 0.691106 0.553292 0.101305 0.0385045 0.00313568
45 0.944368 0.171875 0.0583791 0.0368304 0.00312424
43 0.636161 0.641183 0.0343406 0.0691964 0.00312424
59 0.436126 0.284319 0.151099 0.0825893 0.00311089
41 0.265282 0.758929 0.0703984 0.0892857 0.00307465
44 0.809581 0.134521 0.0394917 0.0825195 0.0030632
60 0.7409 0.27846 0.211195 0.175223 0.0030632
56 0.0553743 0.964286 0.0519403 0.0714286 0.00302696
42 0.24897 0.709821 0.0326236 0.0178571 0.00301552
60 0.830529 0.674107 0.338942 0.102679 0.00301552
60 0.435697 0.249861 0.155391 0.014788 0.00299263
43 0.667067 0.580357 0.0618132 0.0658482 0.00299263
26 0.49794 0.507812 0.300481 0.219866 0.00296974
13 0.740041 0.42606 0.26614 0.416853 0.00296974
43 0.254979 0.71038 0.0429258 0.0178571 0.00294685
44 0.703984 0.16755 0.0446428 0.0298549 0.00293541
56 0.361435 0.231166 0.0446429 0.0387835 0.00293541
74 0.714286 0.118722 0.0618131 0.0493862 0.00292397
44 0.861092 0.134487 0.0600962 0.0691964 0.00292397
60 0.594093 0.290806 0.618132 0.197405 0.00292397
26 0.972613 0.318359 0.0547733 0.0552455 0.00291252
0 0.441278 0.203404 0.161401 0.238281 0.00291252
40 0.809581 0.134521 0.0394917 0.0825195 0.00290108
60 0.421102 0.249442 0.119334 0.0128348 0.00290108
41 0.894574 0.164062 0.0274725 0.0357143 0.00288963
47 0.702267 0.123186 0.0377747 0.0373884 0.0028553
55 0.836195 0.753348 0.0858517 0.0424107 0.0028553
41 0.870536 0.174665 0.0309066 0.0223214 0.00283432
39 0.495793 0.231585 0.0489355 0.0379464 0.00281143
56 0.608259 0.422503 0.493647 0.446289 0.00279999
0 0.9375 0.23591 0.123626 0.151507 0.00277901
43 0.686813 0.664062 0.0789835 0.0747768 0.00276756
39 0.855082 0.265346 0.0412089 0.031808 0.00275803
56 0.139724 0.872768 0.279447 0.241071 0.00275803
41 0.855941 0.166713 0.0600962 0.0404576 0.00273705
32 0.702267 0.123186 0.0377747 0.0373884 0.0027256
48 0.669858 0.784598 0.614269 0.214286 0.00271416
42 0.262706 0.71317 0.0600962 0.0223214 0.00270462
14 0.713427 0.169503 0.0652472 0.0382254 0.00264168
39 0.858517 0.170759 0.0549451 0.0323661 0.00264168
56 0.160113 0.893973 0.191449 0.207589 0.00263214
77 0.452438 0.23298 0.053228 0.0373884 0.0026207
41 0.898008 0.167969 0.0377747 0.0359933 0.00261116
43 0.676511 0.654018 0.144231 0.0870536 0.00260162
75 0.360577 0.23005 0.0463599 0.0421317 0.00259018
56 0.351884 0.87779 0.664706 0.234375 0.00258064
0 0.448146 0.455636 0.494506 0.517299 0.00257111
60 0.741758 0.305525 0.206044 0.129464 0.00255013
69 0.0519403 0.608817 0.0987294 0.241071 0.00255013
40 0.898008 0.166574 0.0377747 0.0385045 0.00253105
26 0.580357 0.425781 0.274725 0.108259 0.00253105
57 0.570484 0.336426 0.574348 0.272461 0.00253105
44 0.73489 0.75558 0.0377747 0.0290178 0.00252151
0 0.32967 0.228376 0.053228 0.0435268 0.00251198
46 0.702267 0.123186 0.0377747 0.0373884 0.0024929
39 0.444712 0.186942 0.0463599 0.0435268 0.0024929
56 0.00965831 0.415737 0.0193166 0.0993304 0.00247192
49 0.713427 0.125 0.0635302 0.0613839 0.00247192
26 0.502232 0.526786 0.317651 0.15625 0.00246239
44 0.253262 0.706473 0.0412088 0.0245535 0.00245285
53 0.715144 0.806362 0.413805 0.129464 0.00245285
43 0.647536 0.647879 0.0373454 0.0546875 0.0024147
13 0.779318 0.405064 0.288891 0.451032 0.0024147
0 0.333856 0.26716 0.302412 0.120257 0.00239754
76 0.670501 0.633929 0.120192 0.131696 0.002388
41 0.825893 0.754464 0.0652472 0.0446429 0.00235939
45 0.825893 0.754464 0.0652472 0.0446429 0.00234985
44 0.686813 0.664062 0.0789835 0.0747768 0.00233269
16 0.360577 0.23005 0.0463599 0.0421317 0.00231361
56 0.403503 0.614397 0.408654 0.238839 0.00231361
74 0.861092 0.129429 0.0600962 0.0586635 0.00230598
40 0.915179 0.113421 0.0206044 0.0237165 0.00227928
58 0.0223214 0.286272 0.0416381 0.203125 0.00227928
60 0.776314 0.236886 0.312071 0.106027 0.00226021
39 0.0188874 0.472935 0.0360577 0.0284598 0.00225258
44 0.679087 0.650112 0.0910028 0.0848214 0.00225258
44 0.776099 0.712612 0.0326236 0.0279018 0.00225258
24 0.22579 0.24721 0.155391 0.078125 0.00221634
56 0.427649 0.464565 0.583577 0.520647 0.00221634
67 0.46875 0.192522 0.0523695 0.0491071 0.00220871
42 0.67136 0.564593 0.151099 0.0516183 0.00220871
40 0.873111 0.125837 0.0326236 0.03125 0.00219154
56 0.580786 0.432478 0.27215 0.0954241 0.00219154
41 0.444712 0.187221 0.0463599 0.0412946 0.00218201
42 0.674794 0.654018 0.13908 0.113839 0.00218201
41 0.834478 0.753348 0.0755494 0.0379465 0.00217438
74 0.889423 0.140381 0.140797 0.0942383 0.00217438
43 0.705701 0.669643 0.0480769 0.0647322 0.00216484
0 0.122124 0.952009 0.179001 0.0959821 0.00216484
45 0.781465 0.215681 0.305203 0.063058 0.00215721
55 0.630151 0.769531 0.245536 0.117188 0.00214958
45 0.606542 0.75 0.358001 0.142857 0.00214005
56 0.0480769 0.8125 0.0935783 0.209821 0.00213242
42 0.776099 0.712612 0.0326236 0.0279018 0.00212479
53 0.485491 0.765625 0.211195 0.116071 0.00212479
40 0.904876 0.119768 0.0360577 0.0380859 0.00211525
56 0.718578 0.587193 0.0549451 0.11356 0.00211525
0 0.197459 0.392857 0.379464 0.658482 0.853027
0 0.910028 0.422154 0.178571 0.52846 0.831543
60 0.536144 0.808594 0.916037 0.36942 0.783203
43 0.652473 0.618862 0.0858517 0.103795 0.777344
0 0.577782 0.410714 0.491071 0.65625 0.76416
45 0.784684 0.658482 0.164835 0.0580357 0.70752
55 0.672218 0.785714 0.626717 0.216518 0.700684
41 0.244248 0.761719 0.107315 0.0904018 0.5
56 0.391484 0.646205 0.377747 0.104911 0.458984
43 0.670501 0.635603 0.121909 0.135045 0.390381
44 0.674579 0.648438 0.120622 0.107143 0.235107
44 0.685096 0.663505 0.103022 0.0814732 0.142212
41 0.712569 0.169782 0.0652472 0.0385045 0.113953
56 0.122768 0.950893 0.174279 0.09375 0.10968
42 0.671575 0.635045 0.119763 0.133929 0.108948
0 0.35886 0.230608 0.049794 0.0418527 0.106689
55 0.583791 0.751116 0.357143 0.147321 0.0953369
39 0.930632 0.166853 0.0343407 0.0429688 0.0903931
60 0.777816 0.216239 0.302198 0.0625 0.0769653
58 0.0199605 0.25279 0.0373455 0.128348 0.0609741
60 0.771806 0.282645 0.309066 0.194754 0.0585632
56 0.436126 0.286272 0.149382 0.0831473 0.0574951
42 0.660199 0.619978 0.101305 0.104911 0.0499573
44 0.660199 0.619978 0.101305 0.104911 0.0499573
57 0.445141 0.470982 0.890282 0.53125 0.0492249
56 0.726305 0.304409 0.176854 0.118862 0.044342
0 0.348128 0.229353 0.0712569 0.0446429 0.044281
43 0.688745 0.660714 0.102593 0.0915178 0.0379028
42 0.685096 0.663505 0.103022 0.0814732 0.0359497
44 0.695398 0.666295 0.0583792 0.0680804 0.0343628
56 0.746051 0.344587 0.211195 0.192522 0.029541
39 0.942651 0.168527 0.0583792 0.0418527 0.0279083
41 0.849931 0.323661 0.0755495 0.0993304 0.0270691
26 0.577782 0.451451 0.279876 0.171317 0.0268555
56 0.425395 0.637277 0.440419 0.147321 0.0267639
53 0.664492 0.780692 0.590659 0.207589 0.0265503
56 0.673077 0.305246 0.278159 0.119978 0.0253754
27 0.258413 0.253348 0.0807006 0.0675223 0.0236969
73 0.672218 0.78683 0.625 0.220982 0.0235138
43 0.672862 0.564732 0.148094 0.0524554 0.0232391
56 0.18544 0.946429 0.361435 0.0982143 0.0224609
45 0.712569 0.170201 0.0635302 0.0368304 0.0222015
67 0.476477 0.196429 0.0326236 0.0474331 0.0219421
0 0.407795 0.40625 0.801854 0.606027 0.0207977
0 0.461882 0.208845 0.0807005 0.0873326 0.0196381
44 0.25455 0.71038 0.0420673 0.0178571 0.0195618
56 0.402644 0.666295 0.382898 0.135045 0.0190582
43 0.691964 0.551897 0.099588 0.0390625 0.0188293
44 0.712569 0.686384 0.0618132 0.046875 0.0184784
40 0.858517 0.143136 0.0566621 0.0848214 0.0183411
56 0.119978 0.945871 0.236521 0.0982142 0.0181274
40 0.752919 0.151088 0.0257555 0.0172991 0.0162811
39 0.0201751 0.455357 0.0403503 0.0691965 0.0162201
47 0.714286 0.120536 0.0635302 0.0460379 0.0161591
41 0.855082 0.265346 0.0429258 0.031808 0.016098
44 0.713427 0.169643 0.0635302 0.0373884 0.0159607
44 0.709135 0.163783 0.051511 0.0343192 0.0157776
40 0.942651 0.168527 0.0583792 0.0418527 0.0157166
44 0.703984 0.667411 0.0429258 0.0669643 0.0156708
0 0.922047 0.260463 0.154533 0.200614 0.0154877
40 0.807006 0.0556815 0.0343406 0.028983 0.0153046
40 0.750344 0.160993 0.0343407 0.0390625 0.0150146
44 0.262277 0.715402 0.0592376 0.0245536 0.0146713
56 0.578211 0.42606 0.622424 0.519531 0.0145569
56 0.778675 0.404506 0.286745 0.447684 0.0141144
43 0.687672 0.5625 0.120192 0.0658482 0.0136871
56 0.445141 0.470982 0.890282 0.53125 0.0135345
44 0.45158 0.231864 0.051511 0.0390625 0.0133743
60 0.435268 0.275949 0.157967 0.0669643 0.0132217
46 0.714286 0.120536 0.0635302 0.0460379 0.0126266
56 0.579069 0.459821 0.277301 0.169643 0.0126266
75 0.712569 0.169643 0.0652472 0.0382254 0.012146
57 0.434839 0.28411 0.148523 0.0824498 0.012146
75 0.93149 0.168248 0.0343406 0.0418527 0.0119629
43 0.712569 0.686384 0.0618132 0.046875 0.0116425
41 0.944368 0.169782 0.0583791 0.0401786 0.0106964
39 0.244677 0.763393 0.104739 0.0959821 0.0105286
75 0.944368 0.168527 0.0583791 0.0429688 0.0102921
56 0.588084 0.486607 0.269574 0.267857 0.0102463
43 0.629293 0.62779 0.0480769 0.0959821 0.0101318
44 0.24897 0.709821 0.0309066 0.0178571 0.0100555
56 0.740041 0.283552 0.207761 0.163923 0.00981903
39 0.855082 0.166574 0.0583791 0.0429688 0.00978088
44 0.705701 0.15067 0.0309066 0.0184152 0.00963593
44 0.259272 0.710938 0.053228 0.0223215 0.00959778
0 0.436985 0.280971 0.149382 0.0876116 0.00941467
40 0.758929 0.125837 0.0343406 0.0694754 0.00923157
43 0.623283 0.624442 0.0326237 0.0513393 0.00919342
39 0.00987294 0.33817 0.0180288 0.0591518 0.00912476
39 0.712569 0.168806 0.0652472 0.0379464 0.00898743
40 0.932349 0.129429 0.0394918 0.0592215 0.00894928
49 0.452438 0.23298 0.051511 0.0373884 0.00881195
41 0.697974 0.168248 0.0326236 0.0295759 0.00874329
42 0.712569 0.686384 0.0618132 0.046875 0.00874329
60 0.691106 0.9375 0.616415 0.113839 0.00874329
44 0.708276 0.154994 0.0429258 0.0253906 0.00861359
56 0.848214 0.322266 0.0755495 0.103795 0.00844574
39 0.898008 0.166853 0.0377747 0.0385045 0.00818634
44 0.855082 0.141602 0.054945 0.0859375 0.00803375
41 0.45158 0.232701 0.051511 0.0373884 0.00796509
45 0.749485 0.658482 0.235234 0.0680804 0.00793457
60 0.502661 0.86663 0.910886 0.25558 0.00793457
39 0.894574 0.164481 0.0274725 0.0362723 0.00790405
56 0.749485 0.422433 0.231799 0.390625 0.00784302
39 0.360577 0.23005 0.0463599 0.0418527 0.0077858
41 0.361435 0.231445 0.0446429 0.0382255 0.00769424
71 0.411229 0.247489 0.0961538 0.0117188 0.00766754
43 0.695398 0.666295 0.0583792 0.0680804 0.00763702
40 0.91432 0.128662 0.0223214 0.0551758 0.00751877
43 0.673077 0.561384 0.0566621 0.0189732 0.00746155
39 0.855941 0.120745 0.0463599 0.039202 0.00717545
42 0.736607 0.755022 0.0377747 0.0279018 0.00712204
56 0.223214 0.597656 0.260989 0.21875 0.00698471
56 0.731456 0.417969 0.34169 0.467634 0.00698471
40 0.930632 0.166853 0.0343407 0.0429688 0.0068512
43 0.64217 0.647321 0.0240385 0.0558035 0.0068512
44 0.455872 0.20745 0.0703984 0.0811942 0.00682449
56 0.315076 0.945312 0.602679 0.100446 0.00682449
73 0.125773 0.950893 0.163977 0.09375 0.00671768
40 0.855941 0.167132 0.0600962 0.0398996 0.00669098
74 0.861092 0.121303 0.0583791 0.039202 0.00666809
41 0.714286 0.119629 0.0618131 0.0481306 0.00664139
58 0.0197459 0.231306 0.0369162 0.094308 0.00636292
75 0.861092 0.121303 0.0583791 0.039202 0.00629044
43 0.646463 0.606027 0.0772665 0.0758928 0.00629044
44 0.858517 0.166016 0.0549451 0.0401786 0.00626373
0 0.434409 0.247628 0.154533 0.155971 0.00621796
44 0.780392 0.662388 0.17342 0.0669643 0.00614548
43 0.628005 0.601562 0.0420673 0.0647321 0.006073
41 0.935783 0.167132 0.0446429 0.0418527 0.006073
56 0.44997 0.55692 0.50631 0.302455 0.006073
56 0.11311 0.904018 0.225361 0.180804 0.00605011
74 0.876545 0.12793 0.0257554 0.0242746 0.00602722
56 0.0506525 0.947545 0.0987294 0.100447 0.00593567
44 0.751202 0.670759 0.224931 0.0848215 0.00579834
40 0.712569 0.168806 0.0652472 0.0379464 0.00577545
45 0.714286 0.12207 0.0618131 0.0415737 0.00572968
44 0.860234 0.120954 0.056662 0.0385045 0.00568771
56 0.436556 0.306431 0.152816 0.11928 0.00559998
43 0.691106 0.584263 0.111607 0.112723 0.00559998
53 0.593235 0.750558 0.32967 0.141741 0.00559998
13 0.10431 0.946429 0.207761 0.0982143 0.0055542
67 0.485491 0.200335 0.0497939 0.0566406 0.00548935
43 0.625859 0.634487 0.0394918 0.0758928 0.00547028
43 0.45158 0.231864 0.051511 0.0390625 0.00544739
67 0.480769 0.193359 0.0429258 0.0446429 0.00536346
24 0.579069 0.459821 0.277301 0.169643 0.00526047
0 0.46274 0.184849 0.0892857 0.133092 0.00521851
40 0.861092 0.13058 0.0600962 0.0608259 0.00518036
41 0.837912 0.75558 0.0875687 0.0491072 0.00516129
39 0.935783 0.168527 0.0343407 0.0410156 0.0051384
71 0.778675 0.215681 0.300481 0.061942 0.00496292
40 0.922047 0.130859 0.0669643 0.062779 0.00494385
39 0.870536 0.17606 0.0326237 0.0200893 0.00494385
41 0.784684 0.658482 0.166552 0.0569196 0.00494385
40 0.860234 0.120954 0.056662 0.0385045 0.00479126
43 0.679087 0.579241 0.135646 0.0926339 0.00477219
55 0.684238 0.753906 0.386332 0.143973 0.00473785
42 0.25455 0.71038 0.0420673 0.0178571 0.00469971
44 0.81044 0.134521 0.0377747 0.0825195 0.00466537
39 0.848214 0.316476 0.0755495 0.1137 0.00466537
60 0.433122 0.700893 0.406937 0.131696 0.0046463
40 0.902301 0.125419 0.0360577 0.0488281 0.00455475
58 0.0193166 0.220843 0.0369162 0.0655692 0.00446701
13 0.578211 0.42606 0.622424 0.519531 0.00446701
43 0.718578 0.587054 0.0566621 0.113839 0.00445175
32 0.714286 0.119629 0.0618131 0.0481306 0.00434875
40 0.0107315 0.338728 0.0188874 0.0625 0.00434875
41 0.869677 0.174944 0.0326237 0.0217634 0.00431442
55 0.672218 0.780134 0.159684 0.0691964 0.00424957
41 0.894574 0.164481 0.0274725 0.0362723 0.0042305
39 0.495364 0.231724 0.0480769 0.0379464 0.00419998
43 0.667926 0.558036 0.0600962 0.030134 0.00419998
43 0.650541 0.570871 0.192737 0.0580357 0.00418091
41 0.898008 0.168248 0.0377747 0.0357143 0.00413513
60 0.411229 0.247489 0.0961538 0.0117188 0.00402451
43 0.659341 0.65067 0.0343407 0.046875 0.00402451
40 0.727163 0.166295 0.0377747 0.0396205 0.00400543
0 0.337397 0.225586 0.053228 0.0376674 0.00391388
40 0.361435 0.23005 0.0446429 0.0401786 0.00391388
43 0.678443 0.65067 0.0922906 0.0870536 0.00390053
44 0.861092 0.135463 0.0600962 0.0711496 0.00387001
44 0.707418 0.654018 0.0309066 0.0379464 0.00385475
44 0.703984 0.166295 0.0412088 0.031808 0.00383949
44 0.709135 0.676339 0.0600962 0.0625 0.00382423
55 0.715144 0.805804 0.415522 0.129464 0.00379562
43 0.691964 0.560128 0.101305 0.0226005 0.00376511
42 0.695398 0.666295 0.0583792 0.0680804 0.00376511
13 0.445141 0.470982 0.890282 0.53125 0.00376511
44 0.714286 0.118792 0.0618131 0.0495257 0.00374985
43 0.24897 0.709821 0.0309066 0.0178571 0.00372124
60 0.776099 0.33817 0.307349 0.310268 0.00372124
40 0.81044 0.134521 0.0377747 0.0825195 0.00370789
45 0.944368 0.172294 0.0583791 0.0362723 0.00370789
41 0.444712 0.187221 0.0463599 0.0412946 0.00370789
43 0.703984 0.667969 0.051511 0.0680804 0.00367928
56 0.0553743 0.964286 0.0523695 0.0714286 0.00362206
56 0.193166 0.896205 0.377747 0.196429 0.00362206
67 0.24457 0.761719 0.103237 0.0915178 0.00359344
74 0.714286 0.118792 0.0618131 0.0495257 0.00358009
44 0.672862 0.564732 0.148094 0.0524554 0.00356483
43 0.637019 0.610491 0.118475 0.0959822 0.00352478
39 0.0145948 0.445871 0.0291896 0.0675223 0.00348282
41 0.855082 0.168527 0.0600962 0.0390625 0.00346947
44 0.868819 0.167829 0.0360577 0.0376674 0.00345612
39 0.868819 0.167829 0.0360577 0.0376674 0.00342941
40 0.915179 0.113421 0.0206044 0.0239955 0.00337601
26 0.972613 0.318359 0.0547733 0.0552455 0.00336266
43 0.692823 0.561384 0.0772666 0.0200893 0.00336266
56 0.361435 0.231445 0.0446429 0.0382255 0.00335121
75 0.855082 0.168248 0.0583791 0.0396205 0.00331116
0 0.573489 0.228655 0.321085 0.120815 0.00331116
43 0.696901 0.554827 0.130924 0.030971 0.00329781
40 0.898008 0.166853 0.0377747 0.0385045 0.00325966
43 0.636161 0.640625 0.0326237 0.0691964 0.00324821
43 0.667067 0.580357 0.0618132 0.0658482 0.00322342
77 0.360577 0.23005 0.0463599 0.0418527 0.00317192
56 0.779533 0.292132 0.302198 0.21596 0.00317192
56 0.411229 0.247489 0.0961538 0.0117188 0.00313568
60 0.600962 0.289342 0.611264 0.196429 0.00313568
42 0.24897 0.709821 0.0309066 0.0178571 0.00312424
40 0.904876 0.119838 0.0343406 0.0379464 0.003088
0 0.452438 0.23298 0.051511 0.0373884 0.00305176
39 0.855082 0.265346 0.0429258 0.031808 0.00305176
43 0.686813 0.664062 0.0789835 0.0758929 0.00302696
60 0.433122 0.269252 0.152816 0.111049 0.00302696
60 0.740041 0.283552 0.207761 0.163923 0.00301552
44 0.691964 0.553711 0.101305 0.0376674 0.00300407
40 0.659341 0.0419137 0.0377747 0.063494 0.00298119
40 0.872253 0.126116 0.0343406 0.030971 0.00298119
26 0.497081 0.511998 0.298764 0.211496 0.00298119
43 0.25455 0.71038 0.0420673 0.0178571 0.00296974
0 0.9375 0.236189 0.123626 0.152065 0.00296974
44 0.735749 0.75558 0.0360577 0.0279017 0.0029583
43 0.676726 0.654576 0.143802 0.0870536 0.0029583
41 0.26614 0.758929 0.0686813 0.0892857 0.0029583
46 0.71772 0.121652 0.0480769 0.0424107 0.00294685
45 0.45158 0.232701 0.051511 0.0373884 0.00292397
56 0.581216 0.432757 0.271291 0.0959822 0.00291252
44 0.444712 0.186942 0.0463599 0.0435268 0.00288963
45 0.782109 0.21582 0.303915 0.063058 0.00288963
0 0.448146 0.214007 0.118475 0.0948661 0.0028553
39 0.949519 0.169782 0.0412088 0.0398996 0.00284576
41 0.255838 0.754464 0.0875687 0.0959821 0.00284576
56 0.354138 0.878348 0.668784 0.233259 0.00282288
41 0.861092 0.121303 0.0583791 0.039202 0.00279999
40 0.807864 0.0498047 0.0377747 0.0320871 0.00279045
39 0.444712 0.186942 0.0463599 0.0435268 0.00277901
41 0.860234 0.171177 0.051511 0.031529 0.00277901
42 0.675653 0.65346 0.135646 0.113839 0.00277901
26 0.579499 0.427455 0.274725 0.109933 0.00275803
40 0.808723 0.0572684 0.0412088 0.038365 0.00273705
60 0.830529 0.674107 0.338942 0.104911 0.00273705
40 0.935783 0.168527 0.0343407 0.0410156 0.00271416
39 0.860234 0.171177 0.051511 0.031529 0.00271416
65 0.125773 0.950893 0.163977 0.09375 0.00269318
44 0.776099 0.71317 0.0309066 0.0267857 0.00268364
53 0.836195 0.753906 0.0858517 0.0424107 0.00268364
13 0.743261 0.426618 0.257984 0.416853 0.0026722
44 0.755495 0.126151 0.0343407 0.0663365 0.00266266
40 0.755495 0.156808 0.0412088 0.0574777 0.00264168
44 0.253262 0.707031 0.0412088 0.0234375 0.00264168
55 0.836195 0.753906 0.0858517 0.0424107 0.00264168
49 0.713427 0.121373 0.0635302 0.0541295 0.00263214
57 0.552885 0.364397 0.655907 0.3125 0.00263214
56 0.608688 0.421317 0.489354 0.457589 0.0026207
41 0.825893 0.754464 0.0652472 0.0446429 0.00261116
43 0.647536 0.647879 0.0373454 0.0546875 0.00260162
0 0.612122 0.232143 0.393201 0.297991 0.00260162
56 0.141655 0.871652 0.28331 0.243304 0.00259018
39 0.0186727 0.473214 0.0360577 0.0279018 0.00257111
56 0.159255 0.893415 0.194025 0.208705 0.00256157
40 0.645819 0.0432391 0.0545158 0.0607038 0.00255013
60 0.436126 0.249721 0.15625 0.0145089 0.00254059
42 0.672862 0.564732 0.148094 0.0524554 0.00253105
42 0.262706 0.71317 0.0600962 0.0223214 0.00252151
75 0.360577 0.23005 0.0463599 0.0418527 0.00251198
59 0.436985 0.28411 0.151099 0.0824498 0.00250244
45 0.751202 0.670759 0.224931 0.0848215 0.0024929
40 0.894574 0.164481 0.0274725 0.0362723 0.00248146
24 0.224931 0.24707 0.157109 0.078404 0.00248146
45 0.825893 0.754464 0.0652472 0.0446429 0.00247192
44 0.749485 0.658482 0.235234 0.0680804 0.00247192
40 0.803571 0.134905 0.0291896 0.0803571 0.00246239
41 0.822459 0.750558 0.0549451 0.0357143 0.00245285
73 0.192737 0.751116 0.175996 0.110491 0.00245285
55 0.630151 0.768973 0.245536 0.118304 0.00245285
77 0.452438 0.23298 0.051511 0.0373884 0.0024147
44 0.753778 0.141741 0.0274726 0.0334821 0.00240517
60 0.420673 0.249442 0.118475 0.0128348 0.00240517
56 0.00965831 0.415179 0.0193166 0.0976562 0.00240517
44 0.678443 0.65067 0.0922906 0.0870536 0.00240517
67 0.470038 0.192801 0.0489355 0.0488281 0.00235939
40 0.825893 0.14059 0.0652472 0.0899135 0.00235939
42 0.776099 0.71317 0.0309066 0.0267857 0.00233269
39 0.460165 0.206194 0.0798421 0.0909598 0.00232315
76 0.669858 0.633929 0.119763 0.131696 0.00230598
45 0.606542 0.75 0.358001 0.142857 0.00228691
44 0.876545 0.127267 0.0257554 0.0255999 0.00226021
16 0.360577 0.23005 0.0463599 0.0418527 0.00226021
0 0.197888 0.419085 0.378606 0.702009 0.853516
0 0.910028 0.420759 0.178571 0.52567 0.833984
60 0.535714 0.809152 0.916896 0.368304 0.812988
43 0.652473 0.618862 0.0858517 0.103795 0.773438
0 0.577782 0.40625 0.491071 0.647321 0.770996
55 0.672862 0.785714 0.625429 0.21875 0.737305
45 0.784684 0.658482 0.163118 0.0580357 0.716797
43 0.663633 0.631696 0.108173 0.127232 0.666992
56 0.391054 0.646205 0.378606 0.103795 0.511719
41 0.244248 0.762277 0.107315 0.0915179 0.509766
44 0.674794 0.647321 0.121909 0.109375 0.229492
41 0.712569 0.169922 0.0652472 0.0385045 0.174927
44 0.685096 0.664062 0.103022 0.0825893 0.137573
56 0.121909 0.950893 0.175137 0.09375 0.125488
43 0.676511 0.643973 0.118475 0.120536 0.10968
42 0.671575 0.634487 0.119763 0.135045 0.108948
39 0.930632 0.167132 0.0343407 0.0429688 0.100891
55 0.583791 0.751116 0.357143 0.147321 0.085083
0 0.359289 0.230748 0.0497939 0.0418527 0.0813599
60 0.778031 0.216239 0.301769 0.0625 0.0690308
58 0.0197459 0.251535 0.0369162 0.125837 0.0614319
56 0.436556 0.286203 0.149382 0.0827288 0.0535889
60 0.77245 0.282087 0.306061 0.194196 0.0508118
56 0.726305 0.304757 0.176854 0.11928 0.0501404
43 0.68853 0.660714 0.103022 0.0915178 0.0432129
44 0.66256 0.621652 0.106885 0.107143 0.0393372
57 0.446429 0.469587 0.892857 0.531808 0.0393372
42 0.66256 0.621652 0.106885 0.107143 0.0383301
42 0.685096 0.664062 0.103022 0.0825893 0.0380249
44 0.695398 0.666295 0.0583792 0.0680804 0.0363464
0 0.348558 0.229632 0.0703984 0.0446429 0.0346985
39 0.942651 0.168806 0.0583792 0.0418527 0.0339661
45 0.712569 0.170201 0.0635302 0.0368304 0.0302124
56 0.402215 0.664621 0.381181 0.13058 0.0298767
40 0.807006 0.0560826 0.0343406 0.0298549 0.0297546
56 0.746051 0.344029 0.209478 0.191964 0.0288696
26 0.577782 0.452567 0.279876 0.171875 0.0281067
56 0.67973 0.305246 0.264852 0.120536 0.0276947
41 0.849931 0.323661 0.0755495 0.0987723 0.0274811
56 0.422819 0.641741 0.435268 0.136161 0.0266571
53 0.664492 0.780692 0.592376 0.208705 0.0247955
40 0.942651 0.168806 0.0583792 0.0418527 0.0238647
73 0.672218 0.78683 0.625 0.220982 0.0237732
44 0.709135 0.163504 0.0480769 0.0329241 0.0232391
40 0.752919 0.151228 0.0257555 0.0172991 0.0232391
40 0.858517 0.142822 0.0566621 0.0843331 0.0229797
43 0.672219 0.564872 0.149382 0.0532924 0.0229797
27 0.258843 0.253209 0.079842 0.0678013 0.0228882
41 0.855082 0.265346 0.0429258 0.031808 0.0227203
44 0.25455 0.710938 0.0420673 0.0178571 0.0219421
67 0.476477 0.196708 0.0326236 0.046875 0.0217743
40 0.750344 0.16197 0.0343407 0.0410156 0.0197144
44 0.712569 0.686384 0.0618132 0.047991 0.0196381
44 0.45158 0.232003 0.051511 0.0387835 0.0195618
56 0.185225 0.946429 0.361006 0.0982143 0.0193481
44 0.713427 0.169782 0.0635302 0.0373884 0.0191956
0 0.319368 0.399554 0.616415 0.638393 0.0190582
44 0.703984 0.667411 0.0429258 0.0669643 0.0179138
44 0.262277 0.715402 0.0592376 0.0245536 0.0167236
40 0.75807 0.125837 0.0343406 0.0691964 0.0163422
41 0.45158 0.232701 0.051511 0.0373884 0.0163422
39 0.0201751 0.455357 0.0394918 0.0691965 0.016098
43 0.691964 0.551897 0.099588 0.0390625 0.016098
41 0.944368 0.169922 0.0583791 0.0401786 0.0157776
56 0.57864 0.461217 0.278159 0.171875 0.0157166
0 0.922819 0.260324 0.154361 0.200893 0.0156021
44 0.705701 0.15053 0.0291896 0.0178571 0.0151901
75 0.93149 0.168387 0.0343406 0.0418527 0.0148392
41 0.361435 0.231585 0.0446429 0.0379464 0.0148392
0 0.461882 0.208705 0.0807005 0.0878906 0.0146179
56 0.581216 0.423828 0.609547 0.518415 0.014389
75 0.712569 0.169922 0.0652472 0.0385045 0.0137939
40 0.932349 0.129429 0.0394918 0.0592215 0.0136337
56 0.776957 0.403739 0.281593 0.442522 0.0134277
60 0.433551 0.283761 0.145089 0.078125 0.0132751
56 0.446429 0.469587 0.892857 0.531808 0.0132217
44 0.709135 0.154715 0.0412088 0.0248326 0.0130692
43 0.687672 0.563058 0.120192 0.0680803 0.01297
56 0.740256 0.427525 0.263994 0.419503 0.0125275
40 0.91432 0.128627 0.0223214 0.0552455 0.0124817
41 0.713427 0.119559 0.0635302 0.0488281 0.0124283
47 0.714286 0.120536 0.0635302 0.046317 0.0122375
75 0.944368 0.168666 0.0583791 0.0426897 0.0119171
49 0.452438 0.23298 0.051511 0.0373884 0.0119171
43 0.712569 0.686384 0.0618132 0.047991 0.0118713
0 0.412946 0.441406 0.824176 0.649554 0.0116882
46 0.714286 0.120536 0.0635302 0.046317 0.0115509
44 0.24897 0.709821 0.0309066 0.0178571 0.0113754
44 0.855082 0.141323 0.051511 0.0853795 0.0112915
56 0.587225 0.487444 0.267857 0.269531 0.0111618
44 0.259272 0.710938 0.053228 0.0223215 0.0109482
71 0.4108 0.247489 0.0961538 0.0117188 0.0106964
43 0.628863 0.627232 0.0472184 0.0959821 0.0104065
57 0.436985 0.28411 0.151099 0.0824498 0.0102463
40 0.930632 0.167132 0.0343407 0.0429688 0.0102081
44 0.681662 0.657366 0.0824176 0.0848214 0.0102081
41 0.697974 0.168248 0.0326236 0.0290179 0.0100098
39 0.855082 0.166853 0.0583791 0.0426897 0.00997162
39 0.24457 0.763393 0.104954 0.0959821 0.00989532
43 0.622854 0.625 0.0334821 0.0491071 0.00967407
44 0.455443 0.206613 0.0695398 0.0795201 0.00963593
44 0.859375 0.166295 0.051511 0.0398996 0.00959778
39 0.360577 0.23019 0.0463599 0.0418527 0.00948334
39 0.713427 0.169085 0.0635302 0.0379464 0.00923157
40 0.855941 0.167411 0.0600962 0.0396205 0.00905609
39 0.898008 0.166853 0.0377747 0.0385045 0.00894928
42 0.712569 0.686384 0.0618132 0.047991 0.00881195
45 0.714286 0.122419 0.0618131 0.0411551 0.0086441
39 0.00987294 0.33817 0.0180288 0.0591518 0.00857544
44 0.71772 0.1649 0.0446428 0.0368304 0.00847626
39 0.894574 0.164621 0.0274725 0.0362723 0.00834656
42 0.735749 0.755022 0.0360577 0.0279018 0.00812531
39 0.855082 0.120815 0.0446428 0.0393415 0.00809479
0 0.436985 0.28118 0.149382 0.0871931 0.00803375
60 0.692823 0.9375 0.612981 0.112723 0.00775528
40 0.922047 0.13072 0.0686813 0.0625 0.00772476
75 0.861092 0.121512 0.0583791 0.0393415 0.00763702
44 0.859375 0.120954 0.0566621 0.0387835 0.00760651
43 0.64217 0.647321 0.0240385 0.0558035 0.00760651
43 0.695398 0.666295 0.0583792 0.0680804 0.00751877
56 0.848214 0.322266 0.0755495 0.103795 0.00751877
60 0.42797 0.2726 0.164835 0.0580357 0.00731659
43 0.673077 0.561384 0.0583791 0.0189732 0.00723267
40 0.902301 0.125419 0.0360577 0.0488281 0.00720596
60 0.502232 0.866072 0.90831 0.256696 0.00714874
40 0.859375 0.120954 0.0566621 0.0387835 0.00706482
41 0.934925 0.167132 0.0429258 0.0418527 0.00698471
56 0.45158 0.570312 0.511676 0.27567 0.00698471
40 0.713427 0.169085 0.0635302 0.0379464 0.00695801
41 0.869677 0.175223 0.0326237 0.0217634 0.0069313
56 0.0502232 0.947545 0.0978709 0.100447 0.0069313
45 0.748841 0.658482 0.236521 0.0691964 0.00674438
44 0.714286 0.118862 0.0618131 0.0496652 0.00671768
44 0.808723 0.134347 0.0377747 0.0820313 0.00666809
58 0.0197459 0.228655 0.0360577 0.0884487 0.00658798
43 0.646463 0.606027 0.0772665 0.0770089 0.00651169
41 0.898008 0.168387 0.0377747 0.0354353 0.0064888
41 0.855082 0.169085 0.0600962 0.0385045 0.0064888
43 0.45158 0.232003 0.051511 0.0387835 0.0064888
41 0.444282 0.187361 0.0463599 0.0412946 0.0064621
74 0.876545 0.127755 0.0257554 0.0246233 0.00643921
43 0.627576 0.602121 0.0412088 0.0658482 0.00641251
71 0.777816 0.216239 0.305632 0.061942 0.00638962
42 0.681662 0.657366 0.0824176 0.0848214 0.00629044
41 0.894574 0.164621 0.0274725 0.0362723 0.00624084
44 0.868819 0.168108 0.0343406 0.0371094 0.00621796
44 0.776099 0.66183 0.182006 0.0669643 0.00614548
73 0.124914 0.950893 0.164835 0.09375 0.006073
60 0.433551 0.702009 0.408654 0.131696 0.00602722
44 0.750344 0.670759 0.223214 0.0870536 0.00600433
74 0.861092 0.121512 0.0583791 0.0393415 0.00593567
41 0.837912 0.75558 0.0858517 0.0491072 0.00591278
56 0.112466 0.904018 0.224931 0.180804 0.00572968
13 0.103881 0.946429 0.207761 0.0982143 0.00572968
39 0.495364 0.231724 0.0480769 0.0379464 0.00564194
43 0.625859 0.635045 0.0394918 0.0758929 0.00564194
56 0.321085 0.945312 0.614698 0.100446 0.00564194
40 0.808723 0.0578264 0.0412088 0.039481 0.00557709
44 0.702267 0.166434 0.0412088 0.03125 0.00544739
56 0.223322 0.597238 0.260774 0.218471 0.00540543
39 0.848214 0.316406 0.0755495 0.113839 0.00536346
67 0.485491 0.200195 0.0489355 0.0558036 0.00527954
40 0.808723 0.134347 0.0377747 0.0820313 0.00524139
39 0.870536 0.17606 0.0326237 0.0200893 0.00516129
67 0.481199 0.193359 0.0429258 0.0446429 0.00508118
56 0.436985 0.307199 0.152816 0.120536 0.00508118
44 0.444282 0.186942 0.0455014 0.0435268 0.0050621
40 0.0107315 0.338728 0.0188874 0.0625 0.0050621
43 0.691964 0.584263 0.111607 0.112723 0.0050621
40 0.730598 0.166295 0.0309066 0.0396205 0.00498199
40 0.807864 0.0499442 0.0377747 0.0329241 0.00496292
45 0.45158 0.232701 0.051511 0.0373884 0.0049057
40 0.915179 0.11363 0.0206044 0.0241351 0.00488663
39 0.935783 0.168527 0.0343407 0.0412946 0.00488663
40 0.659341 0.042341 0.0377747 0.0629185 0.00481033
40 0.904876 0.119908 0.0343406 0.0380859 0.00475693
41 0.861951 0.171596 0.0480769 0.030692 0.00471878
42 0.25455 0.710938 0.0420673 0.0178571 0.00466537
41 0.784684 0.658482 0.164835 0.0569196 0.0046463
24 0.57864 0.461217 0.278159 0.171875 0.00457382
40 0.361435 0.23019 0.0446429 0.0398996 0.00450516
41 0.861092 0.121512 0.0583791 0.0393415 0.00439835
40 0.898008 0.166853 0.0377747 0.0385045 0.00436401
43 0.678443 0.578683 0.136933 0.0926339 0.00434875
43 0.659341 0.65067 0.0343407 0.046875 0.00429916
55 0.685096 0.753348 0.386332 0.145089 0.00428009
44 0.755495 0.125977 0.0360577 0.0666853 0.00426483
40 0.872253 0.126256 0.0343406 0.030692 0.00426483
45 0.944368 0.172433 0.0583791 0.0362723 0.00426483
44 0.707418 0.655134 0.0309066 0.0401785 0.00421524
40 0.644746 0.0436314 0.0532281 0.0603376 0.00419998
0 0.46274 0.185826 0.0892857 0.130859 0.00415039
74 0.714286 0.118862 0.0618131 0.0496652 0.00411606
39 0.868819 0.168108 0.0343406 0.0371094 0.00403976
43 0.650541 0.570871 0.192737 0.0591518 0.00400543
43 0.718578 0.586496 0.0566621 0.113839 0.00399017
55 0.715144 0.805246 0.415522 0.132813 0.00399017
0 0.433551 0.255859 0.152816 0.138951 0.00395966
53 0.594952 0.750558 0.32967 0.142857 0.0039444
43 0.667926 0.558594 0.0600962 0.0290179 0.00392914
44 0.708276 0.676339 0.0600962 0.0636161 0.00388527
43 0.678443 0.651786 0.0922906 0.0892857 0.00387001
56 0.0553743 0.964286 0.0523695 0.0714286 0.00387001
58 0.0188874 0.221261 0.0360577 0.0641741 0.00385475
55 0.673935 0.780134 0.15625 0.0691964 0.00380898
43 0.24897 0.709821 0.0309066 0.0178571 0.00379562
13 0.581216 0.423828 0.609547 0.518415 0.00379562
42 0.676511 0.652902 0.133929 0.113839 0.00378036
40 0.819025 0.140102 0.0532281 0.090332 0.00376511
13 0.446429 0.469587 0.892857 0.531808 0.00376511
40 0.755495 0.15625 0.0412088 0.0585938 0.00374985
67 0.244677 0.762277 0.103881 0.0926339 0.0037365
43 0.675653 0.655134 0.142514 0.0870535 0.00363541
43 0.691964 0.560128 0.103022 0.0226005 0.00356483
42 0.695398 0.666295 0.0583792 0.0680804 0.00356483
26 0.972613 0.318359 0.0547733 0.0552455 0.00355148
45 0.782109 0.21596 0.303915 0.063058 0.00355148
43 0.637019 0.611607 0.118475 0.0982143 0.00353813
40 0.935783 0.168527 0.0343407 0.0412946 0.00352478
56 0.361435 0.231585 0.0446429 0.0379464 0.00351143
60 0.4108 0.247489 0.0961538 0.0117188 0.00351143
44 0.672219 0.564872 0.149382 0.0532924 0.00349617
39 0.855082 0.265346 0.0429258 0.031808 0.00348282
41 0.266999 0.758929 0.0669643 0.0892857 0.00345612
44 0.720295 0.121373 0.0429258 0.0410156 0.00342941
39 0.0145948 0.445871 0.0291896 0.0675223 0.00341606
39 0.444282 0.186942 0.0455014 0.0435268 0.00340271
0 0.61341 0.231306 0.390625 0.296317 0.00340271
75 0.855082 0.168806 0.0583791 0.0390625 0.00338936
44 0.876545 0.127372 0.0257554 0.0256696 0.00337601
41 0.496223 0.232422 0.0480769 0.0373884 0.00337601
43 0.636161 0.640625 0.0326237 0.0703125 0.00336266
44 0.736607 0.75558 0.0343406 0.0279017 0.00336266
40 0.894574 0.164621 0.0274725 0.0362723 0.00329781
56 0.580786 0.433315 0.270433 0.0970982 0.00329781
40 0.805288 0.117746 0.0240385 0.0438058 0.00328636
44 0.720295 0.145508 0.053228 0.0532924 0.00327301
43 0.691964 0.561384 0.0721154 0.0200893 0.00322342
32 0.713427 0.119559 0.0635302 0.0488281 0.00321007
60 0.774597 0.326381 0.308637 0.285854 0.00319672
40 0.895433 0.12643 0.0291896 0.0529436 0.00318527
44 0.753778 0.141881 0.0274726 0.0332031 0.00318527
40 0.801854 0.131662 0.0291896 0.0692662 0.00316048
49 0.713427 0.120675 0.0635302 0.0530134 0.00314713
43 0.687672 0.664062 0.0807006 0.0758929 0.00312424
42 0.24897 0.709821 0.0309066 0.0178571 0.00312424
56 0.779318 0.288504 0.299193 0.208147 0.00305176
56 0.193381 0.902902 0.378177 0.183036 0.00304031
43 0.666209 0.580915 0.0618132 0.0658482 0.00301552
44 0.252833 0.707031 0.0403503 0.0234375 0.00299263
43 0.696901 0.554688 0.130924 0.03125 0.0029583
39 0.861951 0.171596 0.0480769 0.030692 0.00294685
60 0.433122 0.26981 0.152816 0.109933 0.00293541
69 0.432692 0.282645 0.149382 0.0892857 0.00293541
60 0.603537 0.288225 0.606113 0.196987 0.00293541
41 0.832761 0.753348 0.0738324 0.0379465 0.00288963
43 0.25455 0.710938 0.0420673 0.0178571 0.00286674
44 0.691964 0.55413 0.101305 0.0379465 0.0028553
44 0.776099 0.71317 0.0291896 0.0267857 0.0028553
0 0.563187 0.221401 0.29533 0.100725 0.0028553
0 0.9375 0.236328 0.123626 0.152344 0.0028553
40 0.889423 0.139509 0.0549451 0.0797991 0.00284576
40 0.755495 0.0639648 0.0206044 0.0294364 0.00283432
41 0.898008 0.173549 0.0309066 0.0239955 0.00282288
39 0.452438 0.232561 0.0523695 0.0373884 0.00282288
0 0.344265 0.22433 0.0815591 0.0521764 0.00279045
41 0.752919 0.151228 0.0257555 0.0172991 0.00277901
42 0.672219 0.564872 0.149382 0.0532924 0.00275803
26 0.497081 0.510324 0.297047 0.213728 0.00274658
60 0.738324 0.291922 0.204327 0.146066 0.00273705
39 0.951236 0.169922 0.0412089 0.0396205 0.00271416
41 0.868819 0.168108 0.0343406 0.0371094 0.00271416
26 0.579499 0.42885 0.274725 0.112165 0.00271416
40 0.673935 0.0437361 0.0412089 0.0616629 0.00269318
40 0.870536 0.168806 0.0326237 0.0340402 0.00268364
43 0.647107 0.647879 0.0347699 0.0546875 0.0026722
0 0.336538 0.224888 0.049794 0.0357143 0.00263214
75 0.361435 0.231585 0.0446429 0.0379464 0.00261116
42 0.262706 0.71317 0.0592376 0.0223214 0.00261116
60 0.830529 0.675223 0.338942 0.108259 0.00256157
41 0.822459 0.751116 0.053228 0.0357143 0.00253105
39 0.460165 0.205915 0.0789835 0.0909598 0.00253105
56 0.354675 0.879464 0.671145 0.232143 0.00253105
40 0.895433 0.122559 0.0377747 0.0456194 0.00251198
40 0.455443 0.206613 0.0695398 0.0795201 0.00251198
73 0.191878 0.751116 0.174279 0.110491 0.00251198
39 0.0184581 0.47433 0.0360577 0.0256697 0.0024929
13 0.740256 0.427525 0.263994 0.419503 0.0024929
74 0.887706 0.140206 0.144231 0.093471 0.00248146
44 0.934925 0.155413 0.0188874 0.0228795 0.00247192
77 0.360577 0.23019 0.0463599 0.0418527 0.00247192
24 0.22139 0.24721 0.16505 0.078683 0.00246239
44 0.455014 0.193778 0.0686813 0.0558036 0.00245285
56 0.4108 0.247489 0.0961538 0.0117188 0.00245285
45 0.825893 0.75558 0.0635303 0.0446428 0.00245285
55 0.836195 0.754464 0.0841346 0.0424107 0.00244331
57 0.540865 0.373047 0.703984 0.317522 0.00244331
56 0.33729 0.707589 0.578855 0.198661 0.00244331
43 0.705701 0.669643 0.0480769 0.0658482 0.00242424
42 0.776099 0.71317 0.0291896 0.0267857 0.00242424
0 0.197244 0.410156 0.379035 0.683036 0.870117
60 0.536144 0.810268 0.917754 0.366071 0.853516
0 0.910028 0.417132 0.178571 0.520647 0.850098
55 0.673077 0.785156 0.623283 0.219866 0.832031
0 0.576923 0.401228 0.491071 0.635045 0.784668
43 0.652473 0.61942 0.0875687 0.104911 0.756348
43 0.668784 0.634487 0.120192 0.132812 0.675781
45 0.784684 0.658482 0.163118 0.0580357 0.635254
56 0.397493 0.654018 0.37603 0.109375 0.635254
41 0.243926 0.762277 0.107958 0.0915179 0.533203
41 0.712569 0.169922 0.0652472 0.0390625 0.287842
44 0.676726 0.644531 0.123197 0.117188 0.206909
56 0.121695 0.950893 0.177284 0.0959821 0.170532
44 0.685955 0.662946 0.104739 0.0870535 0.134766
42 0.676726 0.644531 0.123197 0.117188 0.122498
39 0.932349 0.167132 0.0343406 0.0429688 0.108215
40 0.807006 0.0563442 0.0343406 0.0298898 0.0953369
60 0.77524 0.282087 0.298764 0.194196 0.0723877
58 0.0201751 0.252511 0.0377747 0.126116 0.0678101
60 0.777816 0.216239 0.300481 0.0625 0.0605164
43 0.68853 0.657366 0.101305 0.100446 0.0600891
55 0.582933 0.752232 0.360577 0.151786 0.0572815
56 0.72609 0.305315 0.175567 0.120396 0.0552063
40 0.859375 0.144113 0.0566621 0.0851004 0.0531921
0 0.359718 0.231027 0.0480769 0.0412946 0.0449219
39 0.942651 0.168945 0.0583792 0.0418527 0.0441895
42 0.685955 0.662946 0.104739 0.0870535 0.0435181
40 0.758929 0.126116 0.0343406 0.0689174 0.0433655
41 0.45158 0.232701 0.051511 0.0379464 0.0389099
44 0.708276 0.164062 0.0480769 0.0329241 0.0384521
41 0.361435 0.231864 0.0446429 0.0376674 0.0346069
40 0.752919 0.151367 0.0257555 0.0175781 0.0340881
41 0.855082 0.265485 0.0429258 0.032087 0.0340881
56 0.436985 0.286203 0.149382 0.0827288 0.033844
40 0.942651 0.168945 0.0583792 0.0418527 0.0333252
56 0.745192 0.34103 0.209478 0.187361 0.0322266
44 0.45158 0.232003 0.051511 0.0387835 0.0313721
40 0.753778 0.163644 0.0343406 0.0426897 0.0303345
45 0.712569 0.170201 0.0635302 0.0379464 0.0297546
40 0.934066 0.129325 0.0377747 0.0588728 0.0294189
44 0.713427 0.169364 0.0635302 0.0379464 0.0290833
44 0.705701 0.15053 0.0309066 0.0175781 0.0278015
0 0.351133 0.229911 0.0652473 0.0443639 0.0273285
41 0.713427 0.119489 0.0635302 0.0498047 0.0269623
75 0.932349 0.168527 0.0343406 0.0418527 0.0269623
44 0.695398 0.666295 0.0618131 0.0691964 0.0257568
26 0.577782 0.453125 0.279876 0.171875 0.0255585
40 0.915179 0.127372 0.0206044 0.0527344 0.0246124
41 0.944368 0.169782 0.0583791 0.0404576 0.0239563
42 0.656121 0.620536 0.0957246 0.107143 0.0236969
43 0.675653 0.56529 0.144231 0.0546875 0.0235138
57 0.444712 0.469029 0.885989 0.498326 0.0228882
71 0.410371 0.247489 0.0944368 0.0117188 0.0224609
40 0.808723 0.0576869 0.0412088 0.038923 0.0223694
27 0.258413 0.253069 0.0807006 0.0675223 0.02211
44 0.709135 0.154576 0.0377747 0.0245536 0.0219421
44 0.855082 0.141183 0.054945 0.0853795 0.0219421
41 0.849073 0.323661 0.0738324 0.0982143 0.021286
44 0.253692 0.709821 0.0403503 0.0178571 0.0206451
67 0.476477 0.196429 0.0326236 0.046317 0.0205688
75 0.712569 0.169922 0.0652472 0.0390625 0.0197144
53 0.664492 0.780692 0.592376 0.210938 0.0196381
44 0.703984 0.667411 0.0446428 0.0669643 0.0195007
40 0.92033 0.129743 0.0652472 0.0599888 0.0194244
75 0.944368 0.168806 0.0583791 0.0429688 0.0194244
56 0.579069 0.460938 0.277301 0.170759 0.0193481
42 0.667926 0.627232 0.121909 0.120536 0.0191956
40 0.807006 0.0494908 0.0377747 0.034668 0.0190582
40 0.643029 0.0437709 0.053228 0.0597796 0.0181274
56 0.183937 0.946429 0.358431 0.100446 0.0177765
44 0.860234 0.166295 0.0480769 0.0401786 0.016983
44 0.667711 0.627232 0.117187 0.120536 0.016922
40 0.815591 0.140206 0.0480769 0.0906808 0.0167236
40 0.659341 0.0426549 0.0377747 0.0620117 0.0164642
49 0.452438 0.23298 0.051511 0.0373884 0.0162811
40 0.932349 0.167132 0.0343406 0.0429688 0.0161591
40 0.902301 0.124581 0.0360577 0.047154 0.0159607
44 0.262277 0.715402 0.0592376 0.0245536 0.0156708
41 0.855082 0.169922 0.0583791 0.0373884 0.0154877
40 0.855082 0.16769 0.0600962 0.0396205 0.0150146
44 0.71772 0.1649 0.0446428 0.0362723 0.0148392
44 0.714286 0.118862 0.0583792 0.0496652 0.014061
41 0.898008 0.168806 0.0377747 0.0348772 0.014061
56 0.586796 0.488002 0.265282 0.271763 0.0137405
56 0.597528 0.417411 0.56147 0.506696 0.0137405
44 0.712569 0.685826 0.0618132 0.0491071 0.0136871
56 0.668141 0.317522 0.2949 0.142299 0.0135345
40 0.859375 0.121094 0.0566621 0.0387835 0.0134277
73 0.672219 0.785714 0.623283 0.223214 0.0133286
39 0.360577 0.230469 0.0463599 0.0412946 0.012825
56 0.754636 0.423828 0.231799 0.438058 0.0127258
60 0.433551 0.28404 0.145948 0.078125 0.0124817
56 0.444712 0.469029 0.885989 0.498326 0.0121002
41 0.444282 0.187361 0.0463599 0.0418527 0.0119629
44 0.868819 0.168248 0.0343406 0.0371094 0.0118713
0 0.402537 0.404506 0.793484 0.569336 0.0117798
45 0.714286 0.122838 0.0618131 0.0408761 0.011734
40 0.904876 0.119559 0.0343406 0.0376674 0.0116882
44 0.807864 0.134521 0.0360577 0.0825195 0.0115967
44 0.859375 0.121094 0.0566621 0.0387835 0.0115509
43 0.712569 0.685826 0.0618132 0.0491071 0.0115509
43 0.688745 0.564732 0.119763 0.0736607 0.0112915
41 0.894574 0.1649 0.0274725 0.0362723 0.0112457
41 0.868819 0.175223 0.0343406 0.0214844 0.0112
44 0.655048 0.620536 0.0927198 0.107143 0.0112
0 0.923249 0.260463 0.153503 0.20173 0.0110703
44 0.259272 0.710938 0.053228 0.0223215 0.0108566
40 0.915179 0.1137 0.0206044 0.0242746 0.0105667
44 0.454585 0.205497 0.0678228 0.077567 0.0105286
46 0.714286 0.120466 0.0635302 0.0470145 0.0102921
39 0.898008 0.167411 0.0394918 0.0379464 0.0102921
43 0.691964 0.551618 0.099588 0.0396205 0.0102921
45 0.45158 0.232701 0.051511 0.0379464 0.00989532
39 0.713427 0.169085 0.0635302 0.0382254 0.00974274
40 0.803571 0.134731 0.0291896 0.0798689 0.00971222
43 0.628434 0.627232 0.0463599 0.0970982 0.00967407
39 0.855082 0.166992 0.0583791 0.0426897 0.00959778
42 0.736607 0.755022 0.0343406 0.0279018 0.00955963
44 0.727163 0.669643 0.175137 0.0870536 0.00955963
39 0.894574 0.1649 0.0274725 0.0362723 0.00945282
41 0.860234 0.171317 0.0480769 0.031529 0.00945282
41 0.496223 0.232003 0.0480769 0.0371094 0.00919342
43 0.622854 0.626116 0.0334821 0.046875 0.00905609
13 0.103451 0.945312 0.206902 0.100446 0.00905609
47 0.714286 0.120466 0.0635302 0.0470145 0.00898743
39 0.0199605 0.455357 0.0394918 0.0669643 0.00894928
56 0.0480769 0.947545 0.0940076 0.102678 0.00878143
56 0.847356 0.323661 0.0755494 0.0993304 0.00871277
40 0.649897 0.0494908 0.0360577 0.0495954 0.0086441
44 0.444282 0.186942 0.0455014 0.0435268 0.0086441
75 0.861092 0.121722 0.0583791 0.03976 0.00861359
45 0.755495 0.662946 0.223214 0.0725446 0.00854492
41 0.697115 0.168248 0.0309066 0.0295759 0.0085144
41 0.935783 0.167411 0.0412088 0.0424107 0.0085144
39 0.855082 0.120884 0.0446428 0.039202 0.00841522
44 0.702267 0.166295 0.0412088 0.03125 0.00841522
43 0.64217 0.647321 0.0223214 0.0558035 0.00831604
40 0.872253 0.12643 0.0343406 0.0311803 0.00828552
43 0.45158 0.232003 0.051511 0.0387835 0.00815582
42 0.712569 0.685826 0.0618132 0.0491071 0.00809479
60 0.615986 0.9375 0.766655 0.113839 0.00803375
44 0.755495 0.125977 0.0360577 0.0666853 0.00800323
39 0.495364 0.231724 0.0480769 0.0379464 0.00796509
58 0.0197459 0.22168 0.0351992 0.0742188 0.0077858
40 0.805288 0.117746 0.0240385 0.0435268 0.00775528
60 0.49794 0.864955 0.896291 0.258929 0.00769424
0 0.461882 0.207868 0.0772665 0.0890067 0.00757599
60 0.432692 0.701451 0.406937 0.132812 0.00757599
39 0.00987294 0.33817 0.0180288 0.0591518 0.00746155
40 0.676511 0.0436663 0.0377747 0.0608259 0.00743103
44 0.681662 0.65625 0.0824176 0.0870536 0.00734711
44 0.722871 0.119001 0.0377747 0.0359933 0.00731659
39 0.24457 0.763393 0.104954 0.0959821 0.00731659
56 0.454155 0.58803 0.51511 0.236886 0.00725937
57 0.436985 0.28411 0.151099 0.0824498 0.00723267
40 0.808723 0.137033 0.0412088 0.0853097 0.00706482
40 0.896291 0.125837 0.0309066 0.0516183 0.00679779
40 0.757212 0.155413 0.0412088 0.0597098 0.00677109
41 0.861092 0.121722 0.0583791 0.03976 0.00664139
60 0.4284 0.272879 0.164835 0.0585938 0.00664139
40 0.755495 0.0638253 0.0206044 0.0294364 0.0064888
43 0.672219 0.561384 0.0566621 0.0189732 0.00638962
43 0.626717 0.601005 0.0377747 0.0647321 0.00638962
41 0.868819 0.168248 0.0343406 0.0371094 0.00636292
40 0.635732 0.0468052 0.0437844 0.0535714 0.00634003
75 0.855082 0.169224 0.0583791 0.0387835 0.00631332
40 0.759787 0.0523856 0.0257555 0.0453404 0.00629044
43 0.646463 0.606027 0.0772665 0.078125 0.00626373
40 0.713427 0.169085 0.0635302 0.0382254 0.00624084
41 0.807006 0.054827 0.0343406 0.0251116 0.00619125
44 0.876545 0.127755 0.0257554 0.0251814 0.00619125
40 0.898008 0.167411 0.0394918 0.0379464 0.00619125
43 0.695398 0.666295 0.0618131 0.0691964 0.00616837
45 0.944368 0.172712 0.0583791 0.0362723 0.00612259
71 0.778031 0.216239 0.305203 0.0616629 0.00605011
67 0.481628 0.194196 0.0420673 0.0424107 0.00602722
0 0.436985 0.28125 0.149382 0.0870536 0.00600433
55 0.718578 0.793527 0.408654 0.15625 0.00588989
60 0.615986 0.285993 0.574348 0.195871 0.00584412
41 0.837912 0.756138 0.0858517 0.0479911 0.00570679
44 0.755495 0.662946 0.223214 0.0725446 0.00570679
74 0.876545 0.127755 0.0257554 0.0251814 0.00568771
0 0.461023 0.230469 0.0755495 0.0449219 0.00559998
56 0.112895 0.905134 0.22579 0.180804 0.00559998
40 0.894574 0.1649 0.0274725 0.0362723 0.0055542
39 0.868819 0.168248 0.0343406 0.0371094 0.0055542
40 0.762363 0.0569894 0.0309066 0.0428292 0.00553513
44 0.721154 0.150949 0.049794 0.0396205 0.00548935
43 0.625429 0.636161 0.0386332 0.0736607 0.00536346
40 0.621137 0.0341448 0.0575206 0.0649414 0.00534439
40 0.891999 0.136719 0.049794 0.0739397 0.00534439
41 0.898867 0.172991 0.0326237 0.0256696 0.00527954
44 0.934925 0.154855 0.0188874 0.0212054 0.00519943
42 0.681662 0.65625 0.0824176 0.0870536 0.00510025
40 0.361435 0.230329 0.0446429 0.0396205 0.0050621
40 0.895433 0.120675 0.0223214 0.0404576 0.00502014
40 0.0107315 0.33817 0.0188874 0.0625 0.00502014
39 0.870536 0.17606 0.0309066 0.0206473 0.00500107
44 0.263135 0.71875 0.0626717 0.0334821 0.00498199
69 0.432692 0.28118 0.151099 0.0916574 0.00494385
26 0.972613 0.318359 0.0547733 0.0552455 0.00482941
56 0.223107 0.597656 0.259487 0.216518 0.00482941
0 0.614269 0.229492 0.409512 0.294364 0.00479126
39 0.444282 0.186942 0.0455014 0.0435268 0.00471878
56 0.304344 0.944755 0.582933 0.101562 0.0045929
40 0.597957 0.0352609 0.0480769 0.065639 0.00455475
74 0.714286 0.118862 0.0583792 0.0496652 0.00455475
56 0.361435 0.231864 0.0446429 0.0376674 0.00453949
42 0.253692 0.709821 0.0403503 0.0178571 0.00453949
44 0.855082 0.169922 0.0583791 0.0373884 0.00450516
40 0.732315 0.166295 0.0274725 0.0396205 0.00445175
67 0.485062 0.199219 0.0480769 0.0535714 0.00441742
43 0.659341 0.65067 0.0360578 0.046875 0.00441742
41 0.265711 0.759487 0.0712569 0.0904017 0.00434875
56 0.59023 0.365234 0.61899 0.358817 0.0042305
41 0.752919 0.151367 0.0257555 0.0175781 0.00419998
71 0.400927 0.246373 0.0978709 0.0122768 0.00419998
44 0.471326 0.190011 0.0446429 0.0491071 0.00416565
44 0.450721 0.182478 0.0343407 0.0440848 0.00411606
44 0.753778 0.141881 0.0274726 0.0332031 0.00408554
45 0.778675 0.216378 0.3125 0.061663 0.00407028
56 0.581216 0.433873 0.269574 0.0976563 0.00402451
39 0.452438 0.232422 0.051511 0.0373884 0.00400543
43 0.691964 0.583705 0.111607 0.113839 0.00400543
44 0.824176 0.137242 0.0412088 0.0765207 0.00399017
44 0.801854 0.131696 0.0291896 0.0705915 0.00397491
71 0.435697 0.284877 0.15024 0.0837054 0.0039444
67 0.24457 0.762277 0.103237 0.0937501 0.00392914
44 0.706559 0.655692 0.0326237 0.0424107 0.00390053
39 0.855082 0.265485 0.0429258 0.032087 0.00387001
43 0.673935 0.655692 0.13908 0.0915179 0.00385475
44 0.825034 0.152204 0.0377747 0.0571987 0.00383949
45 0.361435 0.231585 0.0455013 0.0379464 0.00380898
56 0.0545158 0.96317 0.051511 0.0680803 0.00379562
44 0.895433 0.120675 0.0223214 0.0404576 0.00378036
56 0.436985 0.308873 0.154533 0.123884 0.00376511
43 0.637019 0.646205 0.0274726 0.0580357 0.00374985
44 0.248111 0.707589 0.0309066 0.0223214 0.0037365
44 0.360577 0.230469 0.0463599 0.0412946 0.00372124
49 0.714286 0.120047 0.0618131 0.0525949 0.00372124
74 0.861092 0.121722 0.0583791 0.03976 0.00370789
40 0.805288 0.112863 0.0206044 0.0326451 0.00366402
43 0.679087 0.578683 0.135646 0.0926339 0.00363541
73 0.124056 0.950893 0.167411 0.09375 0.00363541
40 0.685096 0.0439802 0.0257555 0.058245 0.0036068
44 0.453726 0.190151 0.0661058 0.0491071 0.00358009
43 0.649897 0.571987 0.197459 0.0625 0.00358009
43 0.24897 0.709821 0.0309066 0.0178571 0.00356483
43 0.635302 0.640625 0.0326237 0.0714286 0.00355148
39 0.848214 0.318359 0.0755495 0.109933 0.00351143
71 0.435697 0.249163 0.152816 0.0133929 0.00348282
39 0.952095 0.169643 0.0394918 0.0396205 0.00333786
44 0.896291 0.125837 0.0309066 0.0516183 0.00332451
43 0.667711 0.557896 0.0588084 0.0292969 0.00332451
39 0.860234 0.171317 0.0480769 0.031529 0.00329781
75 0.361435 0.231864 0.0446429 0.0376674 0.00325966
42 0.675653 0.56529 0.144231 0.0546875 0.00318527
60 0.740041 0.306641 0.200893 0.13058 0.00314713
43 0.471326 0.190011 0.0446429 0.0491071 0.00313568
24 0.579069 0.460938 0.277301 0.170759 0.00313568
39 0.476047 0.193638 0.0334821 0.046317 0.00309944
75 0.452438 0.232422 0.051511 0.0373884 0.00309944
44 0.675653 0.56529 0.144231 0.0546875 0.00307465
39 0.459306 0.206194 0.0789835 0.0909598 0.0030632
40 0.870536 0.169085 0.0343407 0.0334821 0.00304031
40 0.935783 0.108398 0.0188874 0.0147879 0.00302696
41 0.453726 0.190151 0.0661058 0.0491071 0.00302696
41 0.707418 0.169643 0.051511 0.0323661 0.00300407
56 0.325378 0.669643 0.530563 0.167411 0.00298119
13 0.597528 0.417411 0.56147 0.506696 0.00296974
44 0.736607 0.754464 0.0343406 0.0267857 0.00294685
43 0.691964 0.560268 0.101305 0.0223214 0.00293541
44 0.801854 0.151228 0.0240385 0.015346 0.00292397
42 0.262706 0.71317 0.0583791 0.0223214 0.00291252
41 0.829327 0.753348 0.0652472 0.0379465 0.00291252
60 0.432692 0.26981 0.154533 0.109933 0.00291252
44 0.476477 0.199916 0.0326236 0.0560826 0.00287819
40 0.762363 0.0500837 0.0343407 0.0496652 0.00286674
43 0.686813 0.663505 0.0824176 0.077009 0.0028553
56 0.0540865 0.54827 0.101305 0.349888 0.00284576
43 0.444282 0.186942 0.0455014 0.0435268 0.00283432
42 0.695398 0.666295 0.0618131 0.0691964 0.00282288
13 0.444712 0.469029 0.885989 0.498326 0.00279999
43 0.686813 0.561384 0.051511 0.0200893 0.00279045
40 0.782967 0.140346 0.0446428 0.078683 0.00275803
58 0.0304773 0.252372 0.0583791 0.135324 0.00275803
44 0.76408 0.136963 0.0309066 0.0726144 0.0027256
55 0.692823 0.753348 0.400069 0.151786 0.0027256
40 0.886848 0.165458 0.0669643 0.0415737 0.00271416
55 0.725446 0.816964 0.393201 0.109375 0.00271416
40 0.876545 0.127755 0.0257554 0.0251814 0.00270462
43 0.645604 0.647321 0.0326237 0.0558035 0.00270462
39 0.655907 0.0990513 0.0171704 0.0138114 0.00269318
60 0.410371 0.247489 0.0944368 0.0117188 0.00268364
41 0.785543 0.658482 0.164835 0.0569196 0.00268364
0 0.461882 0.185826 0.0867102 0.131138 0.00266266
43 0.637019 0.610491 0.118475 0.0959822 0.00266266
40 0.863668 0.16769 0.0446429 0.0385045 0.00265312
44 0.776099 0.714286 0.0291896 0.0267857 0.00265312
56 0.330958 0.707589 0.550309 0.198661 0.00264168
0 0.196815 0.412946 0.379894 0.688616 0.865723
60 0.536573 0.811384 0.92033 0.366071 0.86084
55 0.673077 0.784598 0.621566 0.220982 0.847168
0 0.910028 0.416574 0.178571 0.520647 0.844727
0 0.579499 0.370815 0.479052 0.569754 0.773926
43 0.653331 0.61942 0.0875687 0.104911 0.713867
56 0.397493 0.654018 0.375172 0.110491 0.665527
43 0.671145 0.635045 0.124056 0.135045 0.663574
41 0.243819 0.763393 0.108173 0.09375 0.533203
45 0.784684 0.658482 0.163118 0.0580357 0.515625
41 0.712569 0.169782 0.0652472 0.0398996 0.315674
56 0.121051 0.950893 0.178571 0.0959821 0.183594
44 0.676296 0.640625 0.124056 0.127232 0.169922
40 0.807006 0.0558733 0.0343406 0.0288783 0.122498
42 0.676296 0.640625 0.124056 0.127232 0.122498
44 0.684882 0.659598 0.106885 0.0959821 0.11438
39 0.932349 0.167411 0.0343406 0.0429688 0.0946655
40 0.859375 0.144217 0.0566621 0.0854492 0.0838623
60 0.776099 0.282366 0.29533 0.194196 0.0753174
43 0.687672 0.65346 0.103022 0.109375 0.0720825
58 0.0201751 0.251953 0.0373455 0.125558 0.0651245
40 0.758929 0.126116 0.0343406 0.0689174 0.0632324
44 0.713427 0.169364 0.0635302 0.0385045 0.0570679
41 0.45158 0.232561 0.051511 0.0379464 0.055603
41 0.361435 0.231864 0.0446429 0.0373884 0.0541992
44 0.707418 0.164342 0.0480769 0.0334821 0.0514526
60 0.777816 0.216239 0.300481 0.0625 0.0492249
56 0.727163 0.305525 0.176854 0.121652 0.0486755
39 0.944368 0.168945 0.0583791 0.0421317 0.0479431
42 0.687672 0.65346 0.103022 0.109375 0.0432129
44 0.45158 0.232003 0.051511 0.0387835 0.0405273
55 0.582074 0.753348 0.365728 0.155134 0.0390625
44 0.706559 0.15067 0.0309066 0.0178571 0.0384521
41 0.713427 0.119559 0.0635302 0.0502232 0.0381775
40 0.934066 0.12922 0.0360577 0.058524 0.0360718
41 0.855082 0.265485 0.0412089 0.032087 0.0354004
40 0.641312 0.0433524 0.0549451 0.0601981 0.0343628
44 0.8568 0.141427 0.0583791 0.0860073 0.0342407
40 0.944368 0.168945 0.0583791 0.0421317 0.0340881
40 0.808723 0.0571289 0.0412088 0.0376674 0.0330811
56 0.745192 0.341797 0.209478 0.190848 0.032959
75 0.934066 0.168527 0.0377747 0.0424107 0.0328369
41 0.944368 0.169364 0.0583791 0.0415737 0.0325928
71 0.409942 0.247349 0.0952953 0.0119978 0.0321045
40 0.807006 0.0486886 0.0377747 0.0351563 0.0319824
44 0.709135 0.154855 0.0377747 0.0245536 0.0301056
40 0.752919 0.151228 0.0257555 0.0172991 0.0287628
40 0.753778 0.163783 0.0343406 0.0429688 0.0268555
40 0.657624 0.0422625 0.0377747 0.0623779 0.0267639
40 0.915179 0.125872 0.0206044 0.0495954 0.0265503
0 0.358001 0.230469 0.049794 0.0429688 0.0263062
40 0.92033 0.129743 0.0618132 0.0594308 0.0261536
75 0.944368 0.168806 0.0583791 0.0432478 0.0248871
41 0.855941 0.169643 0.0583791 0.0387835 0.0227203
45 0.712569 0.17034 0.0618132 0.0387835 0.0222931
40 0.815591 0.140381 0.0480769 0.0908901 0.0218658
44 0.855082 0.166992 0.0583791 0.0426897 0.0217743
44 0.714286 0.120466 0.0652472 0.0472935 0.021698
56 0.436985 0.286203 0.149382 0.0827288 0.0209656
44 0.716861 0.1649 0.0463599 0.0368304 0.0204926
43 0.674794 0.56529 0.145948 0.0569196 0.0204163
44 0.693681 0.666295 0.0652472 0.0691964 0.02034
42 0.656765 0.621652 0.0961538 0.110491 0.0202484
26 0.577782 0.453683 0.279876 0.170759 0.0195618
27 0.258413 0.253069 0.0807006 0.0675223 0.0192719
49 0.452438 0.23298 0.051511 0.0373884 0.0190582
40 0.901442 0.127755 0.0377747 0.0541992 0.0187683
44 0.703984 0.667411 0.0446428 0.0669643 0.0181885
56 0.579499 0.460938 0.278159 0.170759 0.0180511
41 0.849073 0.323661 0.0738324 0.0982143 0.0177765
75 0.712569 0.170061 0.0652472 0.0396205 0.0175781
40 0.932349 0.167411 0.0343406 0.0429688 0.0173798
40 0.649038 0.0492815 0.0377747 0.0498744 0.0162811
44 0.86796 0.168527 0.0360577 0.0373884 0.0158997
43 0.681662 0.65625 0.0824176 0.0870536 0.0157776
44 0.253262 0.709821 0.0394918 0.0178571 0.0156708
44 0.807006 0.134766 0.0343406 0.0825893 0.0155411
41 0.898008 0.169085 0.0377747 0.0345982 0.0155411
44 0.858517 0.121164 0.0549451 0.038923 0.0152512
67 0.476477 0.196289 0.0326236 0.0460379 0.0152512
57 0.456731 0.464914 0.889423 0.480887 0.0151291
56 0.753778 0.427455 0.230082 0.433036 0.0149536
56 0.183293 0.945871 0.358001 0.100446 0.0149536
39 0.360577 0.230469 0.0463599 0.0410156 0.0147324
56 0.602249 0.416364 0.553743 0.506557 0.0147324
40 0.855082 0.167969 0.0618132 0.0396205 0.0144501
41 0.444282 0.18736 0.0455014 0.0421317 0.0143356
56 0.586367 0.48856 0.26614 0.275112 0.0142822
56 0.667067 0.318011 0.298764 0.144113 0.0139542
40 0.858517 0.121164 0.0549451 0.038923 0.0135345
53 0.666209 0.780692 0.597528 0.21317 0.0129242
41 0.496223 0.232143 0.0480769 0.0368304 0.012825
45 0.714286 0.122977 0.0618131 0.0411551 0.0125275
40 0.904876 0.11942 0.0343406 0.0373884 0.0123825
45 0.45158 0.232561 0.051511 0.0379464 0.0121918
44 0.755495 0.125802 0.0360577 0.066476 0.0120087
40 0.760646 0.0516183 0.0274725 0.0460379 0.0119629
44 0.262277 0.714286 0.0592376 0.0245535 0.0119171
40 0.597528 0.0347726 0.0472184 0.0648019 0.0116425
40 0.915179 0.1137 0.0206044 0.0245536 0.0113754
56 0.456731 0.464914 0.889423 0.480887 0.0113754
44 0.453297 0.204799 0.0652473 0.0764509 0.0112457
44 0.656765 0.621652 0.0961538 0.110491 0.0111618
40 0.803571 0.134766 0.0291896 0.0800781 0.011116
44 0.444282 0.186802 0.0455014 0.0438058 0.0109863
40 0.678228 0.0433786 0.0326237 0.0600063 0.0109024
41 0.894574 0.1649 0.0274725 0.0368304 0.0108185
44 0.719437 0.668527 0.161401 0.0892857 0.0104065
44 0.722871 0.115932 0.0343406 0.0295759 0.0103683
43 0.68853 0.565848 0.120192 0.0758929 0.00997162
41 0.807006 0.0543387 0.0343406 0.0244141 0.00993347
40 0.870536 0.12636 0.0377747 0.0313198 0.00993347
43 0.712569 0.685826 0.0618132 0.0491071 0.00993347
43 0.453297 0.232143 0.0532281 0.0390625 0.00989532
41 0.868819 0.174944 0.0343406 0.0223214 0.00981903
41 0.934066 0.168527 0.0377747 0.0424107 0.00952148
60 0.433551 0.28404 0.145948 0.078125 0.00919342
46 0.714286 0.120466 0.0652472 0.0472935 0.00908661
39 0.898008 0.16755 0.0394918 0.0379464 0.00894928
40 0.805288 0.116908 0.0240385 0.0418527 0.00888062
44 0.712569 0.685826 0.0618132 0.0491071 0.00881195
56 0.847356 0.323661 0.0755494 0.0993304 0.00878143
13 0.103237 0.945312 0.206473 0.100446 0.00867462
56 0.0489354 0.947545 0.0952953 0.102678 0.0086441
40 0.620707 0.0335519 0.0566621 0.0634766 0.00861359
40 0.755495 0.0637381 0.0206044 0.0293318 0.00857544
44 0.259272 0.710938 0.053228 0.0223215 0.00857544
41 0.86796 0.168527 0.0360577 0.0373884 0.00834656
58 0.0195312 0.219866 0.0351992 0.0703125 0.00831604
0 0.402215 0.410993 0.788977 0.553013 0.008255
44 0.876545 0.12793 0.0257554 0.0253906 0.00809479
60 0.647321 0.9375 0.703984 0.116071 0.00806427
44 0.934925 0.154855 0.0188874 0.0206473 0.00803375
43 0.628005 0.627232 0.0472184 0.0959821 0.00803375
39 0.713427 0.169085 0.0635302 0.0387835 0.00796509
47 0.714286 0.120466 0.0652472 0.0472935 0.00790405
39 0.894574 0.1649 0.0274725 0.0368304 0.00790405
0 0.923678 0.259487 0.152644 0.203125 0.00790405
42 0.736607 0.755022 0.0343406 0.0279018 0.00772476
75 0.855941 0.169643 0.0583791 0.0387835 0.00769424
43 0.622425 0.626674 0.0326236 0.046875 0.00766754
40 0.808723 0.136998 0.0394917 0.0848214 0.00763702
60 0.623283 0.285435 0.556319 0.195871 0.00757599
44 0.719437 0.149554 0.051511 0.0424107 0.00751877
42 0.69454 0.667411 0.106456 0.0892857 0.00746155
39 0.495364 0.231864 0.0480769 0.0379464 0.00734711
43 0.69454 0.667411 0.106456 0.0892857 0.00728989
60 0.431834 0.702009 0.406937 0.133929 0.00717545
43 0.64217 0.647879 0.0240385 0.0546875 0.00709534
39 0.855082 0.166992 0.0583791 0.0426897 0.00706482
57 0.57864 0.451939 0.640453 0.420898 0.00706482
41 0.860234 0.121791 0.0583791 0.0398996 0.00695801
40 0.634444 0.0407366 0.0412088 0.0602679 0.0068779
40 0.757212 0.154994 0.0412088 0.0605469 0.0068779
45 0.944368 0.172433 0.0583791 0.0368304 0.00679779
75 0.860234 0.121791 0.0583791 0.0398996 0.00671768
40 0.895433 0.125558 0.0291896 0.0510603 0.00669098
40 0.636161 0.0494559 0.0429258 0.0502232 0.00666809
60 0.493218 0.864397 0.886848 0.261161 0.00651169
43 0.691964 0.551339 0.099588 0.0401786 0.0064621
73 0.672219 0.785714 0.623283 0.225446 0.00631332
42 0.712569 0.685826 0.0618132 0.0491071 0.00626373
71 0.436126 0.249163 0.152816 0.0133929 0.00624084
0 0.345124 0.228237 0.0772665 0.0446429 0.00624084
39 0.854224 0.120954 0.0429258 0.0390625 0.00621796
55 0.719437 0.790179 0.406937 0.167411 0.00616837
40 0.685096 0.041748 0.0257555 0.0543387 0.00614548
56 0.455014 0.581473 0.516827 0.252232 0.00609589
40 0.891999 0.136858 0.049794 0.0742188 0.00602722
44 0.895433 0.120536 0.0223214 0.0401786 0.00595856
69 0.432692 0.279576 0.152816 0.0954241 0.00595856
44 0.471326 0.190011 0.0446429 0.0491071 0.00591278
56 0.736607 0.285784 0.199176 0.158343 0.00588989
44 0.452438 0.182199 0.0309066 0.0435268 0.00579834
44 0.801854 0.131557 0.0309066 0.0703125 0.00572968
41 0.697115 0.168248 0.0309066 0.0301339 0.00568771
71 0.776957 0.216239 0.305632 0.0613839 0.00568771
40 0.898008 0.16755 0.0394918 0.0379464 0.00561905
39 0.24457 0.763951 0.104954 0.0970982 0.00561905
39 0.0100876 0.33817 0.0180288 0.0602679 0.00559998
39 0.0195312 0.457589 0.0390625 0.0658483 0.00557709
44 0.360577 0.230469 0.0463599 0.0410156 0.0055542
40 0.894574 0.1649 0.0274725 0.0368304 0.00553513
44 0.681662 0.65625 0.0824176 0.0870536 0.00553513
44 0.703984 0.667411 0.0618132 0.0725446 0.00551224
44 0.701408 0.166992 0.0394917 0.030971 0.00542831
40 0.361435 0.230469 0.0446429 0.0396205 0.00538635
40 0.895433 0.120536 0.0223214 0.0401786 0.00527954
43 0.625859 0.600446 0.0377747 0.063616 0.00527954
40 0.661058 0.0360631 0.0377747 0.0634766 0.00524139
43 0.693681 0.666295 0.0652472 0.0691964 0.00524139
56 0.112895 0.904576 0.22579 0.180804 0.00521851
44 0.824176 0.13644 0.0412088 0.0803571 0.00516129
44 0.753778 0.141741 0.0274726 0.0334821 0.0051384
45 0.361435 0.231864 0.0455013 0.0379464 0.0051384
43 0.645604 0.606027 0.0772665 0.078125 0.0051384
44 0.895433 0.125558 0.0291896 0.0510603 0.00503922
44 0.825893 0.15053 0.0377747 0.0611049 0.00502014
40 0.691964 0.0465175 0.0377747 0.0609828 0.00500107
71 0.436126 0.285156 0.151099 0.0837054 0.00500107
39 0.86796 0.168527 0.0360577 0.0373884 0.00498199
44 0.452009 0.189174 0.0626717 0.047433 0.00494385
0 0.613839 0.229771 0.408654 0.294922 0.00494385
43 0.673077 0.561384 0.0549451 0.0189732 0.00492477
41 0.898867 0.172433 0.0326237 0.0267857 0.00488663
60 0.4284 0.272879 0.164835 0.0585938 0.00486755
39 0.452438 0.232561 0.051511 0.0376674 0.00484848
40 0.805288 0.113351 0.0206044 0.0336217 0.00473785
44 0.858517 0.171038 0.0549451 0.0323661 0.00468063
44 0.752061 0.662946 0.223214 0.078125 0.00468063
0 0.460165 0.232143 0.0712569 0.0412946 0.00460815
43 0.625 0.635603 0.0394918 0.0736607 0.00452042
40 0.647321 0.0347377 0.0446429 0.0645926 0.00450516
56 0.361435 0.231864 0.0446429 0.0373884 0.00443268
40 0.713427 0.169085 0.0635302 0.0387835 0.00441742
56 0.918956 0.402623 0.162088 0.489397 0.00436401
41 0.262277 0.758929 0.0789835 0.0915178 0.00434875
40 0.634444 0.0325405 0.0463599 0.0614537 0.00429916
40 0.0109461 0.33817 0.0193166 0.0625 0.00428009
74 0.876545 0.12793 0.0257554 0.0253906 0.00426483
45 0.776957 0.216239 0.305632 0.0613839 0.00424957
44 0.263135 0.71875 0.0626717 0.0334821 0.00421524
42 0.681662 0.65625 0.0824176 0.0870536 0.00413513
26 0.972613 0.318638 0.0547733 0.0558036 0.0041008
56 0.0545158 0.548549 0.102163 0.347098 0.0041008
41 0.752919 0.151228 0.0257555 0.0172991 0.00408554
41 0.837912 0.756696 0.0858517 0.046875 0.00407028
0 0.436985 0.280622 0.149382 0.0883091 0.00405502
0 0.461023 0.209263 0.0738324 0.0859375 0.00400543
44 0.903159 0.124302 0.0343406 0.046596 0.00395966
39 0.444282 0.186802 0.0455014 0.0438058 0.00391388
44 0.801854 0.151228 0.0240385 0.015067 0.00390053
74 0.714286 0.118931 0.0583792 0.0498047 0.00388527
57 0.436985 0.28411 0.151099 0.0824498 0.00388527
44 0.710852 0.140869 0.0686813 0.0938198 0.00387001
56 0.581216 0.434431 0.269574 0.0993304 0.00385475
44 0.476047 0.200056 0.0317651 0.0563616 0.00379562
75 0.452438 0.232561 0.051511 0.0376674 0.00378036
44 0.729739 0.119838 0.0343406 0.046596 0.00376511
42 0.253262 0.709821 0.0394918 0.0178571 0.00374985
41 0.452009 0.189174 0.0626717 0.047433 0.0037365
40 0.627576 0.0425502 0.0377747 0.0514788 0.00372124
44 0.763221 0.136126 0.0326237 0.0748466 0.00372124
43 0.475618 0.193638 0.0343406 0.046596 0.00370789
43 0.659341 0.651228 0.0377747 0.047991 0.00370789
56 0.601391 0.353237 0.598386 0.339286 0.00365067
39 0.869677 0.175781 0.0326237 0.0212054 0.00363541
43 0.471326 0.190011 0.0446429 0.0491071 0.0036068
43 0.691964 0.584263 0.111607 0.113839 0.0036068
44 0.721154 0.111189 0.0343406 0.0343192 0.00359344
40 0.935783 0.108398 0.0188874 0.0147879 0.00355148
43 0.673077 0.655134 0.137363 0.09375 0.00355148
44 0.742617 0.648996 0.221497 0.09375 0.00353813
56 0.274296 0.944755 0.524554 0.101562 0.00351143
43 0.636161 0.646205 0.0291896 0.0580357 0.00341606
39 0.951236 0.169643 0.0412089 0.0398996 0.00340271
56 0.343514 0.671875 0.492574 0.158482 0.00340271
40 0.679087 0.0346592 0.0291896 0.0449393 0.00336266
40 0.685096 0.0334473 0.0240385 0.0419224 0.00333786
67 0.244677 0.762835 0.103022 0.094866 0.00333786
44 0.248111 0.707589 0.0309066 0.0223214 0.00332451
49 0.713427 0.120047 0.0618131 0.0528739 0.00331116
39 0.855082 0.265625 0.0412089 0.0323661 0.00329781
40 0.741758 0.0528041 0.0412088 0.0489676 0.00325966
43 0.650756 0.572545 0.195742 0.0658482 0.00324821
56 0.0523695 0.60505 0.0987294 0.243025 0.00324821
42 0.674794 0.56529 0.145948 0.0569196 0.00322342
43 0.444282 0.186802 0.0455014 0.0438058 0.00318527
44 0.705701 0.65625 0.0343406 0.0424107 0.00318527
40 0.745192 0.0601458 0.0309066 0.0348424 0.00317192
41 0.758929 0.100865 0.0206044 0.015625 0.00316048
40 0.732315 0.166295 0.0274725 0.0396205 0.00316048
41 0.808723 0.0571289 0.0412088 0.0376674 0.00314713
45 0.752061 0.662946 0.223214 0.078125 0.00314713
44 0.655907 0.137835 0.0274726 0.093192 0.00312424
43 0.679087 0.579381 0.135646 0.093471 0.00312424
75 0.361435 0.231864 0.0446429 0.0373884 0.00309944
43 0.634444 0.640067 0.0343407 0.0714285 0.00309944
56 0.0545158 0.96317 0.051511 0.0680803 0.00309944
39 0.458448 0.206473 0.0772665 0.0909598 0.00305176
13 0.748841 0.426339 0.229653 0.407366 0.00305176
67 0.484203 0.1988 0.0480769 0.0530134 0.00304031
40 0.876545 0.12793 0.0257554 0.0253906 0.00302696
60 0.740041 0.305734 0.200893 0.138532 0.00302696
40 0.76408 0.0634766 0.0326236 0.0347377 0.00300407
56 0.437843 0.308664 0.154533 0.123744 0.00299263
40 0.782967 0.140311 0.0429258 0.0793108 0.00294685
13 0.602249 0.416364 0.553743 0.506557 0.00293541
56 0.329241 0.706473 0.541724 0.198661 0.00291252
40 0.813874 0.0388184 0.051511 0.0548968 0.00290108
67 0.480769 0.192801 0.0429258 0.0440848 0.00290108
40 0.605254 0.0321219 0.0635302 0.0615932 0.00288963
41 0.270433 0.751674 0.0738324 0.0892858 0.00288963
44 0.704842 0.154436 0.054945 0.0594308 0.00286674
39 0.848214 0.317801 0.0755495 0.111607 0.00282288
56 0.223214 0.598214 0.260131 0.215402 0.00282288
44 0.702267 0.112026 0.0343407 0.0373884 0.00279999
43 0.24897 0.709821 0.0309066 0.0178571 0.00279045
0 0.517685 0.371024 0.345124 0.524693 0.00279045
43 0.703984 0.667411 0.0618132 0.0725446 0.00276756
0 0.196386 0.392299 0.380752 0.643973 0.859863
60 0.537002 0.811384 0.921188 0.366071 0.855469
55 0.673077 0.78404 0.621566 0.222098 0.835449
0 0.9108 0.416853 0.1784 0.523438 0.832031
0 0.579928 0.376674 0.481628 0.574777 0.758301
56 0.397064 0.654576 0.375172 0.111607 0.654785
43 0.671575 0.635045 0.126631 0.136161 0.642578
43 0.65419 0.61942 0.0892857 0.107143 0.62793
41 0.243819 0.763393 0.107315 0.09375 0.539062
45 0.784684 0.658482 0.163118 0.0569196 0.395996
41 0.712569 0.169782 0.0652472 0.0404576 0.325928
56 0.120407 0.950335 0.179001 0.0959822 0.179565
44 0.675652 0.637277 0.125343 0.135045 0.126831
40 0.807006 0.0553153 0.0343406 0.0277623 0.112
40 0.860234 0.144287 0.0583791 0.0858678 0.111267
42 0.675652 0.637277 0.125343 0.135045 0.108948
44 0.713427 0.169503 0.0635302 0.0393415 0.0894775
44 0.683164 0.654018 0.110319 0.107143 0.0869141
43 0.686813 0.65067 0.104739 0.116071 0.0844727
39 0.934066 0.167411 0.0377747 0.0429688 0.0797729
40 0.758929 0.12643 0.0343406 0.0691267 0.0747681
41 0.361865 0.232143 0.0437844 0.0373884 0.072876
60 0.77524 0.282994 0.293613 0.195173 0.0709229
41 0.452438 0.232701 0.051511 0.0379464 0.0703125
44 0.708276 0.164481 0.0480769 0.0343192 0.0637207
58 0.0201751 0.252232 0.0369162 0.125558 0.0577087
39 0.944368 0.168806 0.0583791 0.0424107 0.0510864
40 0.641312 0.0426113 0.0549451 0.0614014 0.0507202
44 0.705701 0.151088 0.0309066 0.0186942 0.0499573
41 0.713427 0.119629 0.0635302 0.0506417 0.0495911
44 0.857658 0.141741 0.0600962 0.0867746 0.0495911
41 0.944368 0.168806 0.0583791 0.0435268 0.0472412
44 0.45158 0.232003 0.051511 0.0390625 0.0463867
56 0.727163 0.306083 0.178571 0.123326 0.0409851
60 0.777816 0.216239 0.300481 0.0625 0.0405273
71 0.409942 0.24721 0.0952953 0.0117188 0.0402527
42 0.686813 0.65067 0.104739 0.116071 0.0401001
44 0.708276 0.155134 0.0394917 0.0253906 0.0399475
40 0.807864 0.0479213 0.0394918 0.0355748 0.0386047
40 0.657624 0.0413731 0.0377747 0.0640172 0.035553
41 0.855082 0.265625 0.0412089 0.0323661 0.0352783
40 0.933207 0.12922 0.0377747 0.058524 0.0343628
75 0.9375 0.168527 0.0446429 0.0424107 0.0343628
40 0.808723 0.0563442 0.0412088 0.0360282 0.0339661
44 0.714286 0.120536 0.0652472 0.047433 0.0311432
40 0.944368 0.168806 0.0583791 0.0424107 0.0303345
41 0.855941 0.169922 0.0583791 0.0390625 0.029541
56 0.746051 0.342704 0.211195 0.194057 0.0290833
40 0.92033 0.129883 0.0635303 0.0594308 0.0282135
44 0.855082 0.167132 0.0583791 0.0429688 0.0269623
44 0.716003 0.165179 0.0480769 0.0373884 0.0263519
55 0.581216 0.754464 0.369162 0.158482 0.0246124
40 0.646463 0.0490374 0.0429258 0.0502232 0.0244293
40 0.915179 0.125279 0.0206044 0.0482701 0.0236053
45 0.712569 0.169922 0.0635302 0.0373884 0.0216217
40 0.597528 0.034389 0.0463599 0.0643136 0.0212097
40 0.753778 0.163644 0.0377747 0.0429688 0.0207977
49 0.452438 0.23298 0.051511 0.0373884 0.0204163
40 0.815591 0.140346 0.0480769 0.0909598 0.0204163
40 0.752919 0.151367 0.0257555 0.0175781 0.02034
44 0.807006 0.135324 0.0343406 0.0837054 0.0197144
44 0.866243 0.168527 0.0394918 0.0373884 0.0194244
40 0.760646 0.0509905 0.0274725 0.046317 0.0189819
0 0.35886 0.230748 0.0489355 0.0424107 0.018692
56 0.753778 0.430315 0.230082 0.436244 0.0185394
44 0.858517 0.121233 0.0549451 0.0387835 0.0184021
41 0.496223 0.23284 0.0480769 0.0359933 0.0173035
40 0.901442 0.127372 0.0377747 0.0535714 0.0172424
44 0.755495 0.125802 0.0360577 0.066476 0.0171051
39 0.361435 0.231306 0.0455013 0.0401786 0.0167847
56 0.604825 0.419643 0.564045 0.515625 0.0164642
40 0.934066 0.167411 0.0377747 0.0429688 0.0153046
44 0.704842 0.667411 0.0463599 0.0680804 0.0152512
44 0.683379 0.658482 0.0892857 0.0848214 0.0151901
56 0.580357 0.460938 0.276442 0.168527 0.0151291
42 0.657838 0.624442 0.0991587 0.117188 0.0151291
41 0.898867 0.169224 0.0394917 0.0345982 0.0149536
27 0.255838 0.252232 0.0858517 0.0658482 0.0149536
43 0.670501 0.56529 0.154533 0.0591518 0.0149536
44 0.691964 0.666295 0.0686813 0.0691964 0.0145569
41 0.444712 0.1875 0.0463599 0.0424107 0.0145035
41 0.849931 0.323661 0.0755495 0.0982143 0.0142822
44 0.723729 0.11377 0.0343406 0.0255301 0.0139008
56 0.586367 0.489676 0.26614 0.279576 0.0137405
45 0.452438 0.232701 0.051511 0.0379464 0.0134277
56 0.687672 0.30692 0.250687 0.125 0.0134277
41 0.807006 0.0537807 0.0377747 0.0234375 0.0133286
56 0.436985 0.286203 0.149382 0.0827288 0.0133286
56 0.661916 0.319475 0.3125 0.146763 0.0133286
75 0.712569 0.170201 0.0652472 0.0401786 0.0132217
40 0.678228 0.0430472 0.0309066 0.0596924 0.0130692
43 0.681662 0.65625 0.0858517 0.0870536 0.0126266
45 0.713427 0.123047 0.0618131 0.0418527 0.0124817
26 0.577782 0.453683 0.279876 0.167411 0.0124283
44 0.452438 0.20452 0.0618132 0.0753348 0.0121002
40 0.855082 0.168248 0.0618132 0.0396205 0.0120544
40 0.617273 0.0331247 0.0652472 0.0627965 0.0116882
44 0.444712 0.186663 0.0463599 0.0440848 0.0116882
67 0.476477 0.19615 0.0326236 0.046317 0.0112457
43 0.453297 0.232143 0.0532281 0.0390625 0.011116
56 0.18222 0.945871 0.356714 0.101562 0.0109863
40 0.858517 0.121233 0.0549451 0.0387835 0.0109482
44 0.253262 0.709821 0.0394918 0.0178571 0.0108185
40 0.868819 0.126395 0.0412088 0.0320871 0.0102463
44 0.71772 0.142997 0.0583791 0.0563616 0.0102081
56 0.484633 0.459333 0.843922 0.465262 0.01017
40 0.803571 0.13508 0.0291896 0.0808454 0.00989532
40 0.904876 0.11928 0.0343406 0.0371094 0.00981903
53 0.667711 0.78125 0.601391 0.216518 0.00978088
44 0.876545 0.128104 0.0257554 0.0255999 0.00963593
41 0.866243 0.168527 0.0394918 0.0373884 0.00945282
44 0.725446 0.667969 0.178571 0.0948661 0.00945282
40 0.634444 0.0389579 0.0412088 0.0620117 0.00930023
41 0.895433 0.1649 0.0291896 0.0368304 0.00930023
40 0.915179 0.113839 0.0206044 0.0245536 0.0091629
40 0.636161 0.0492467 0.0446429 0.0505022 0.00912476
44 0.934925 0.154855 0.0188874 0.0203683 0.00912476
40 0.755495 0.0634766 0.0206044 0.0292969 0.00891876
60 0.629293 0.285435 0.542582 0.195871 0.00891876
57 0.484633 0.459333 0.843922 0.465262 0.00878143
71 0.435697 0.249302 0.151957 0.0131138 0.00861359
75 0.930632 0.168108 0.0343407 0.0401786 0.00837708
58 0.0193166 0.21889 0.0351992 0.0683594 0.00828552
55 0.711066 0.780134 0.404791 0.196429 0.00828552
75 0.855941 0.169922 0.0583791 0.0390625 0.00818634
44 0.262706 0.714286 0.0600962 0.0245535 0.00818634
56 0.0519403 0.947545 0.101734 0.102678 0.00815582
60 0.668784 0.9375 0.661058 0.116071 0.00800323
40 0.685096 0.038365 0.0274725 0.0479911 0.00796509
56 0.848214 0.323661 0.0755495 0.100446 0.00793457
43 0.686599 0.565848 0.124056 0.078125 0.00787354
40 0.805288 0.116769 0.0240385 0.0412946 0.00784302
44 0.895433 0.120466 0.0223214 0.0400391 0.00784302
45 0.944368 0.172154 0.0583791 0.0379464 0.0077858
44 0.360577 0.230469 0.0463599 0.0407366 0.0077858
44 0.657838 0.624442 0.0991587 0.117188 0.00766754
39 0.898867 0.167969 0.0412088 0.0373884 0.00760651
40 0.802713 0.121722 0.0240385 0.0517578 0.00757599
13 0.102807 0.945312 0.205615 0.100446 0.00757599
41 0.868819 0.174805 0.0343406 0.0228795 0.00751877
44 0.801854 0.132254 0.0309066 0.0719866 0.00746155
43 0.695398 0.664062 0.10989 0.0959821 0.00734711
43 0.712569 0.685826 0.0618132 0.0491071 0.00717545
39 0.712569 0.170201 0.0652472 0.0401786 0.00714874
44 0.710852 0.141183 0.0686813 0.094308 0.00712204
40 0.691964 0.0459769 0.0394918 0.0616455 0.00701141
41 0.860234 0.121931 0.0583791 0.0401786 0.00698471
40 0.808723 0.137591 0.0412088 0.0858678 0.00695801
40 0.645819 0.0344587 0.0476477 0.0641741 0.0069313
42 0.695398 0.664062 0.10989 0.0959821 0.0068779
44 0.895433 0.125558 0.0309066 0.0513393 0.0068512
44 0.452867 0.182059 0.0300481 0.0443638 0.0068512
46 0.714286 0.120536 0.0652472 0.047433 0.00679779
44 0.701408 0.166853 0.0394917 0.03125 0.00674438
44 0.471755 0.189872 0.0446429 0.0493862 0.00666809
41 0.930632 0.168108 0.0343407 0.0401786 0.00666809
56 0.918956 0.404018 0.162088 0.493304 0.00664139
44 0.753777 0.141427 0.0291896 0.0341099 0.0064621
44 0.823317 0.136719 0.0446429 0.0828683 0.00629044
60 0.433551 0.284319 0.145948 0.078125 0.00629044
43 0.628005 0.627232 0.0472184 0.0982143 0.00626373
69 0.432692 0.277274 0.152816 0.100586 0.00626373
47 0.714286 0.120536 0.0652472 0.047433 0.00624084
60 0.431834 0.702009 0.408654 0.136161 0.00621796
39 0.895433 0.1649 0.0291896 0.0368304 0.00619125
44 0.259272 0.710938 0.0549451 0.0212054 0.00616837
39 0.495793 0.231864 0.0489355 0.0376674 0.00612259
40 0.814732 0.0380511 0.053228 0.0536412 0.006073
45 0.361435 0.231864 0.0446429 0.0373884 0.00605011
40 0.756353 0.15346 0.0412088 0.0636161 0.00598145
43 0.622425 0.626674 0.0326236 0.046875 0.00598145
40 0.89114 0.138079 0.0532281 0.0765207 0.00577545
0 0.923678 0.259766 0.152644 0.203125 0.00575256
71 0.436126 0.285156 0.149382 0.0842634 0.00570679
44 0.695398 0.664062 0.10989 0.0959821 0.00566483
44 0.825034 0.146729 0.0394918 0.0698242 0.00564194
43 0.64217 0.647879 0.0240385 0.0546875 0.00564194
44 0.903159 0.124023 0.0343406 0.046317 0.00553513
56 0.0545158 0.550223 0.102163 0.344866 0.00553513
40 0.361435 0.230469 0.0437844 0.0396205 0.00544739
56 0.746909 0.316895 0.192308 0.141881 0.00542831
39 0.452438 0.232561 0.051511 0.0376674 0.00536346
40 0.895433 0.125558 0.0309066 0.0513393 0.0053215
44 0.712569 0.685826 0.0618132 0.0491071 0.00530243
0 0.402644 0.418248 0.784684 0.540737 0.00519943
75 0.944368 0.172154 0.0583791 0.0379464 0.00516129
39 0.855082 0.167132 0.0583791 0.0429688 0.00510025
56 0.457589 0.563477 0.520261 0.288225 0.00510025
0 0.345124 0.228376 0.0772665 0.0443638 0.0050621
60 0.486779 0.863281 0.87397 0.263393 0.0050621
44 0.729739 0.119838 0.0343406 0.046596 0.00502014
44 0.763221 0.135289 0.0343406 0.0770787 0.00498199
71 0.776957 0.216239 0.305632 0.0613839 0.00498199
42 0.736607 0.755022 0.0343406 0.0279018 0.00496292
40 0.685096 0.032959 0.0240385 0.0419224 0.00488663
41 0.808723 0.0563442 0.0412088 0.0360282 0.00488663
45 0.776957 0.216239 0.305632 0.0613839 0.00481033
40 0.741758 0.0523158 0.0446428 0.0498047 0.00479126
44 0.721154 0.110561 0.0343406 0.0330636 0.00473785
75 0.860234 0.121931 0.0583791 0.0401786 0.00468063
40 0.679945 0.0337612 0.0309066 0.0439453 0.00462723
56 0.11268 0.904018 0.225361 0.18192 0.00457382
40 0.712569 0.170201 0.0618132 0.0412946 0.00455475
44 0.801854 0.151367 0.0240385 0.015625 0.00448608
44 0.475618 0.200056 0.0326237 0.0566406 0.00443268
42 0.712569 0.685826 0.0618132 0.0491071 0.00443268
0 0.613839 0.23019 0.406937 0.295201 0.00441742
39 0.24457 0.764509 0.104954 0.0982143 0.00436401
13 0.750129 0.428013 0.227078 0.41183 0.00434875
40 0.895433 0.1649 0.0291896 0.0368304 0.00431442
56 0.0523695 0.604771 0.0995879 0.243583 0.00429916
40 0.895433 0.120466 0.0223214 0.0400391 0.00428009
39 0.866243 0.168527 0.0394918 0.0373884 0.00428009
44 0.655907 0.13644 0.0274726 0.0904018 0.00418091
40 0.898867 0.167969 0.0412088 0.0373884 0.00418091
43 0.691964 0.550781 0.099588 0.0401786 0.00418091
43 0.475618 0.193499 0.0343406 0.047154 0.00416565
39 0.853365 0.120954 0.0412088 0.0390625 0.00413513
75 0.452438 0.232561 0.051511 0.0376674 0.00407028
43 0.625859 0.600446 0.0377747 0.0647321 0.00405502
40 0.627576 0.0410854 0.0394917 0.0534319 0.00403976
39 0.0100876 0.33817 0.0180288 0.0602679 0.00403976
41 0.597528 0.034389 0.0463599 0.0643136 0.00400543
44 0.703984 0.667411 0.0669643 0.0736607 0.00397491
44 0.704842 0.154157 0.054945 0.0602679 0.00390053
43 0.691964 0.666295 0.0686813 0.0691964 0.00390053
43 0.645604 0.605469 0.0772665 0.0770089 0.00388527
39 0.0197459 0.458426 0.0394918 0.0652902 0.00383949
44 0.868819 0.126395 0.0412088 0.0320871 0.00378036
41 0.450721 0.188895 0.0600962 0.046875 0.00378036
41 0.696257 0.16769 0.0309066 0.0287388 0.00376511
56 0.361865 0.232143 0.0437844 0.0373884 0.00376511
44 0.89114 0.138079 0.0532281 0.0765207 0.00374985
56 0.736607 0.277065 0.199176 0.176339 0.0037365
40 0.76408 0.0624302 0.0343406 0.0365513 0.00366402
41 0.655907 0.0512695 0.0309066 0.0447824 0.00362206
40 0.744334 0.0576172 0.0326237 0.0396205 0.00359344
60 0.4284 0.272879 0.164835 0.0585938 0.00359344
44 0.730598 0.645647 0.200893 0.102679 0.00358009
40 0.0109461 0.33817 0.0193166 0.0625 0.00356483
57 0.6074 0.44036 0.576065 0.398298 0.00356483
43 0.625859 0.635603 0.0394918 0.0747768 0.00355148
73 0.67136 0.785156 0.621566 0.225446 0.00351143
13 0.604825 0.419643 0.564045 0.515625 0.00349617
44 0.702267 0.112026 0.0343407 0.0373884 0.00348282
43 0.673077 0.561384 0.0549451 0.0189732 0.00344276
55 0.634014 0.748326 0.361436 0.160714 0.00342941
56 0.347592 0.672991 0.484418 0.158482 0.00341606
43 0.471755 0.189872 0.0446429 0.0493862 0.00337601
40 0.762363 0.0421666 0.0377747 0.0632673 0.00336266
40 0.913462 0.142334 0.0858517 0.089216 0.00332451
40 0.597528 0.0465611 0.0429258 0.0470843 0.00331116
26 0.972613 0.318359 0.0547733 0.0552455 0.00329781
44 0.778675 0.141602 0.0360577 0.0770089 0.00328636
41 0.752919 0.151367 0.0257555 0.0175781 0.00327301
39 0.951236 0.169643 0.0412089 0.0401786 0.00327301
13 0.0545158 0.550223 0.102163 0.344866 0.00319672
41 0.758929 0.100935 0.0206044 0.0154855 0.00317192
74 0.876545 0.128104 0.0257554 0.0255999 0.00314713
44 0.262706 0.719308 0.0635302 0.0345982 0.00313568
0 0.459736 0.232422 0.0695398 0.0407366 0.00313568
67 0.244677 0.763393 0.103022 0.0959821 0.00312424
44 0.93149 0.166853 0.0326237 0.0435268 0.00309944
44 0.697115 0.118792 0.0291896 0.0260882 0.003088
39 0.444712 0.186663 0.0463599 0.0440848 0.00307465
40 0.776099 0.0509556 0.0257555 0.0313198 0.00302696
40 0.935783 0.108398 0.0188874 0.0147879 0.00301552
42 0.681662 0.65625 0.0858517 0.0870536 0.00301552
43 0.444712 0.186663 0.0463599 0.0440848 0.00300407
60 0.767514 0.292411 0.243819 0.164063 0.00300407
56 0.581216 0.434989 0.271291 0.0998884 0.00300407
39 0.354138 0.23019 0.0583791 0.0440848 0.00298119
44 0.851648 0.120396 0.0394917 0.0385045 0.00296974
43 0.660199 0.651786 0.0394917 0.0491071 0.0029583
43 0.636161 0.646205 0.0291896 0.0580357 0.00293541
0 0.518973 0.369489 0.349416 0.528878 0.00292397
56 0.60783 0.361328 0.595811 0.359933 0.00291252
56 0.0240385 0.436105 0.0455014 0.133929 0.00290108
43 0.691106 0.583566 0.113324 0.114118 0.00290108
40 0.782109 0.14059 0.0429258 0.0798689 0.00288963
42 0.253262 0.709821 0.0394918 0.0178571 0.00286674
56 0.327953 0.705357 0.540865 0.198661 0.00286674
43 0.672219 0.655134 0.137363 0.0982143 0.0028553
41 0.269145 0.752232 0.078125 0.0915179 0.0028553
40 0.802713 0.138393 0.0669643 0.094308 0.00283432
40 0.78125 0.0544085 0.0240385 0.0272042 0.00281143
75 0.361865 0.232143 0.0437844 0.0373884 0.00279999
56 0.609547 0.51981 0.32967 0.257254 0.00279045
41 0.837912 0.756696 0.0858517 0.046875 0.00276756
39 0.457589 0.206473 0.0755494 0.0915179 0.0027256
39 0.855082 0.265765 0.0412089 0.0326451 0.00271416
0 0.436126 0.279576 0.149382 0.0904018 0.00270462
44 0.652258 0.144113 0.038204 0.105469 0.00268364
44 0.248111 0.707031 0.0309066 0.0223215 0.0026722
72 0.436126 0.285714 0.149382 0.0820312 0.0026722
42 0.670501 0.56529 0.154533 0.0591518 0.0026722
40 0.693681 0.0370745 0.0377747 0.0551758 0.00263214
43 0.633585 0.640067 0.0360577 0.0714285 0.0026207
41 0.951236 0.169643 0.0412089 0.0401786 0.00261116
74 0.758929 0.100935 0.0206044 0.0154855 0.00258064
0 0.196171 0.392299 0.380323 0.643973 0.856934
60 0.537431 0.8125 0.92033 0.366071 0.847656
0 0.9108 0.415737 0.1784 0.522321 0.832031
55 0.672219 0.78404 0.621566 0.223214 0.819824
0 0.580357 0.377232 0.480769 0.577009 0.754395
56 0.396635 0.654018 0.374313 0.111607 0.6875
43 0.672219 0.635045 0.12706 0.136161 0.625977
43 0.653975 0.61942 0.089715 0.107143 0.57373
41 0.244677 0.764509 0.106456 0.0959821 0.556641
41 0.712569 0.169922 0.0652472 0.0407366 0.370117
45 0.784684 0.658482 0.163118 0.0569196 0.338135
56 0.121695 0.949777 0.172133 0.0959822 0.181274
40 0.860234 0.144392 0.0583791 0.0859375 0.12854
40 0.807006 0.0552281 0.0360577 0.0273786 0.122498
44 0.674794 0.636161 0.12706 0.138393 0.105225
42 0.674794 0.636161 0.12706 0.138393 0.101562
41 0.452438 0.232701 0.051511 0.0382255 0.100159
41 0.361865 0.232143 0.0437844 0.0373884 0.092041
40 0.758929 0.126116 0.0343406 0.0686384 0.0894775
43 0.685955 0.648996 0.106456 0.11942 0.0875854
44 0.713427 0.169643 0.0635302 0.0396205 0.0838623
41 0.944368 0.168806 0.0583791 0.0435268 0.0766602
39 0.9375 0.16755 0.0446429 0.0432478 0.0750122
41 0.713427 0.119838 0.0635302 0.0507813 0.0692749
40 0.641312 0.0422363 0.0549451 0.0621512 0.0685425
44 0.708276 0.164621 0.0480769 0.0345982 0.0661011
60 0.77524 0.282924 0.293613 0.195313 0.0585632
44 0.706559 0.151507 0.0326237 0.0189732 0.0574951
44 0.857658 0.141881 0.0600962 0.0870536 0.0570679
58 0.0206044 0.251953 0.0369162 0.125558 0.0509033
44 0.452009 0.231864 0.051511 0.0390625 0.0503235
41 0.855082 0.265625 0.0412089 0.0323661 0.0455322
40 0.657624 0.0410505 0.0377747 0.0645229 0.0450134
44 0.708276 0.155552 0.0412088 0.0259487 0.0450134
40 0.807864 0.0477469 0.0394918 0.0356445 0.0446777
41 0.855941 0.170061 0.0583791 0.0390625 0.044342
71 0.409512 0.247349 0.0944368 0.0117188 0.0433655
40 0.933207 0.129325 0.0377747 0.0583147 0.0417786
40 0.808723 0.0558733 0.0412088 0.0350167 0.0399475
75 0.941793 0.168666 0.053228 0.0426897 0.0381775
56 0.727163 0.306292 0.178571 0.124023 0.0366211
60 0.777601 0.216099 0.299193 0.062221 0.0360718
42 0.685955 0.648996 0.106456 0.11942 0.0360718
40 0.92033 0.129604 0.0618132 0.0588728 0.035553
44 0.714286 0.124093 0.0618131 0.0598493 0.0346069
40 0.645604 0.0490374 0.0446429 0.0503627 0.0335999
40 0.944368 0.169085 0.0583791 0.0424107 0.0311432
44 0.685955 0.648996 0.106456 0.11942 0.0305634
40 0.597528 0.0342146 0.0463599 0.0641044 0.0292053
44 0.855082 0.167132 0.0583791 0.0429688 0.0290833
44 0.716003 0.165179 0.0480769 0.0373884 0.0284424
40 0.915179 0.124861 0.0206044 0.047433 0.0280151
56 0.746909 0.344029 0.209478 0.196987 0.0263519
41 0.496223 0.233119 0.0480769 0.0354353 0.0261536
39 0.930632 0.168248 0.0343407 0.0401786 0.024704
45 0.712569 0.170201 0.0635302 0.0379464 0.0243378
40 0.762363 0.0479911 0.0343407 0.0520368 0.0240479
56 0.753563 0.433524 0.230512 0.432059 0.0220337
40 0.754636 0.163783 0.0377747 0.0429688 0.0211182
44 0.807864 0.135638 0.0360577 0.0847517 0.0208893
44 0.862809 0.168806 0.0463599 0.0373884 0.0207214
40 0.815591 0.140206 0.0480769 0.0906808 0.0206451
40 0.901442 0.127232 0.0377747 0.0530134 0.0195007
40 0.752919 0.152065 0.0257555 0.0189732 0.0192719
55 0.594523 0.754464 0.337397 0.16183 0.0189819
44 0.755495 0.125802 0.0360577 0.066476 0.0185394
56 0.608688 0.418597 0.564904 0.513253 0.0184784
41 0.898867 0.168248 0.0412088 0.0371094 0.0181885
49 0.452438 0.23298 0.051511 0.0376674 0.0181885
44 0.859375 0.121233 0.0566621 0.0387835 0.0175781
39 0.361435 0.231306 0.0455013 0.0401786 0.0174408
41 0.807006 0.0537109 0.0377747 0.0234375 0.016922
41 0.444712 0.1875 0.0463599 0.0424107 0.0166626
44 0.723729 0.113491 0.0343406 0.0252511 0.0164642
0 0.35886 0.230748 0.0480769 0.0424107 0.0164032
40 0.679945 0.0429077 0.0309066 0.0595529 0.0162201
45 0.452438 0.232701 0.051511 0.0382255 0.0151901
44 0.704842 0.667411 0.0463599 0.0680804 0.0139008
40 0.615127 0.0329939 0.0695398 0.0626395 0.0138474
45 0.713427 0.122907 0.0618131 0.0424107 0.0138474
41 0.849931 0.323661 0.0755495 0.0982143 0.0138474
56 0.585079 0.490513 0.265282 0.283482 0.0136337
44 0.683379 0.65904 0.0910028 0.0837054 0.0131683
56 0.580357 0.461217 0.276442 0.167969 0.0130234
27 0.255838 0.252232 0.0858517 0.0658482 0.0129242
44 0.45158 0.204799 0.0609547 0.0753348 0.0128708
42 0.658482 0.626116 0.0995879 0.120536 0.0128708
44 0.691964 0.666295 0.0703983 0.0691964 0.0127258
56 0.437414 0.286203 0.149382 0.0827288 0.0127258
56 0.661272 0.319475 0.315505 0.146763 0.0125275
44 0.716003 0.138672 0.0618132 0.0658482 0.0118713
40 0.855941 0.168527 0.0600962 0.0398996 0.0118713
40 0.637019 0.049142 0.0446428 0.0507115 0.0116882
75 0.712569 0.170201 0.0652472 0.0404576 0.0116882
40 0.762363 0.0544259 0.0309066 0.0462821 0.0116425
44 0.444712 0.186802 0.0463599 0.0440848 0.011467
43 0.668784 0.56529 0.159684 0.0591518 0.0113297
40 0.634444 0.0385132 0.0429258 0.0627616 0.0112915
40 0.806147 0.0604074 0.0412088 0.0361328 0.0112
43 0.681662 0.65625 0.0858517 0.0870536 0.0111618
40 0.867102 0.12643 0.0446428 0.0328544 0.0108185
56 0.687672 0.307199 0.250687 0.126116 0.0107346
43 0.453297 0.232143 0.0532281 0.0396205 0.0106964
40 0.859375 0.121233 0.0566621 0.0387835 0.0105286
40 0.803571 0.135463 0.0309066 0.0817522 0.0104904
40 0.685096 0.0368652 0.0274725 0.0451311 0.0103683
40 0.904876 0.11928 0.0343406 0.0371094 0.0103302
41 0.896291 0.165179 0.0309066 0.0373884 0.0102921
40 0.915179 0.113979 0.0206044 0.0248326 0.01017
40 0.755495 0.0634068 0.0206044 0.0294364 0.00997162
71 0.435268 0.249302 0.151099 0.0131138 0.00971222
44 0.876545 0.128069 0.0257554 0.0256696 0.00952148
44 0.934925 0.154855 0.0188874 0.0200893 0.00952148
75 0.855941 0.170061 0.0583791 0.0390625 0.00937653
45 0.944368 0.171596 0.0583791 0.0390625 0.00937653
40 0.691964 0.0457938 0.0394918 0.0618722 0.00926971
40 0.644746 0.034389 0.0480769 0.0640346 0.00908661
44 0.253262 0.709821 0.0394918 0.0178571 0.00908661
44 0.896291 0.120396 0.0240385 0.0398996 0.00888062
40 0.815591 0.0379464 0.051511 0.0532924 0.00881195
60 0.634444 0.285086 0.537431 0.195452 0.00867462
44 0.360577 0.230469 0.0463599 0.0407366 0.00857544
56 0.848214 0.323661 0.0755495 0.100446 0.00857544
55 0.710852 0.780692 0.403503 0.198661 0.00857544
44 0.710852 0.141323 0.0686813 0.094308 0.0085144
40 0.805288 0.116629 0.0223214 0.0410156 0.00841522
26 0.577352 0.453962 0.279018 0.164621 0.00828552
40 0.802713 0.121233 0.0240385 0.0507812 0.00818634
41 0.930632 0.168248 0.0343407 0.0401786 0.00818634
56 0.0570913 0.947545 0.112466 0.102678 0.00818634
41 0.860234 0.121931 0.0583791 0.0401786 0.00812531
44 0.731241 0.667411 0.192737 0.0982143 0.00800323
56 0.181791 0.945312 0.356714 0.102679 0.00800323
44 0.896291 0.125558 0.0309066 0.0513393 0.00790405
41 0.597528 0.0342146 0.0463599 0.0641044 0.00784302
67 0.476477 0.196429 0.0326236 0.046875 0.0077858
44 0.801854 0.133231 0.0309066 0.0739397 0.00772476
53 0.669643 0.781808 0.606113 0.21875 0.00772476
58 0.0195312 0.21875 0.0351992 0.0680804 0.00769424
60 0.683379 0.9375 0.631868 0.116071 0.00763702
41 0.86796 0.174665 0.0360577 0.0234375 0.00757599
44 0.702267 0.166992 0.0412088 0.03125 0.00725937
56 0.0547304 0.550223 0.103022 0.345982 0.0069046
41 0.808723 0.0558733 0.0412088 0.0350167 0.00682449
75 0.930632 0.168248 0.0343407 0.0401786 0.00682449
44 0.453297 0.18192 0.0291896 0.0449219 0.00679779
39 0.712569 0.170201 0.0652472 0.0404576 0.00677109
39 0.944368 0.171456 0.0583791 0.0382254 0.00674438
56 0.537431 0.456194 0.776099 0.454799 0.00674438
0 0.511247 0.37493 0.330529 0.515765 0.00661469
60 0.433551 0.284668 0.145948 0.0779855 0.00658798
44 0.262706 0.714286 0.0600962 0.0245535 0.00658798
40 0.757212 0.153425 0.0412088 0.0636858 0.00656509
39 0.898867 0.168248 0.0412088 0.0371094 0.00656509
43 0.695184 0.660714 0.113753 0.100446 0.00656509
45 0.361435 0.231864 0.0446429 0.0379464 0.00653839
13 0.102593 0.945312 0.205185 0.102679 0.00653839
44 0.823317 0.136858 0.0463599 0.0831473 0.00651169
44 0.472184 0.189732 0.0446429 0.0496652 0.0064888
44 0.753777 0.141183 0.0291896 0.0345982 0.00643921
40 0.361435 0.230469 0.0446429 0.0396205 0.00631332
40 0.89114 0.138532 0.054945 0.077567 0.00629044
43 0.684882 0.566406 0.12749 0.0792411 0.00626373
57 0.582074 0.448661 0.635302 0.435268 0.00626373
40 0.679945 0.0334124 0.0309066 0.0433873 0.00609589
40 0.741758 0.0521066 0.0429258 0.0500837 0.00609589
44 0.903159 0.124023 0.0343406 0.0460379 0.006073
44 0.658482 0.626116 0.0995879 0.120536 0.006073
43 0.712569 0.685268 0.0618132 0.0491072 0.00600433
60 0.430975 0.702009 0.408654 0.136161 0.00600433
39 0.452438 0.232561 0.051511 0.0379464 0.00595856
39 0.495793 0.232003 0.0489355 0.0376674 0.00577545
42 0.695184 0.660714 0.113753 0.100446 0.00577545
56 0.918956 0.404018 0.162088 0.493304 0.00568771
40 0.712569 0.17034 0.0618132 0.0415737 0.00566483
69 0.432692 0.277274 0.152816 0.100586 0.00566483
56 0.614698 0.423828 0.540865 0.364397 0.00564194
44 0.729739 0.119768 0.0343406 0.0467355 0.00544739
44 0.762363 0.135289 0.0343407 0.0781948 0.00542831
40 0.896291 0.125558 0.0309066 0.0513393 0.00540543
39 0.896291 0.165179 0.0309066 0.0373884 0.00538635
56 0.0523695 0.603237 0.0995879 0.246652 0.00519943
43 0.628005 0.627232 0.0472184 0.0982143 0.0051384
71 0.778031 0.216239 0.305203 0.0613839 0.00510025
45 0.778031 0.216239 0.305203 0.0613839 0.00503922
13 0.750558 0.429409 0.226219 0.411272 0.00503922
44 0.26013 0.710938 0.0549451 0.0212054 0.00502014
44 0.721154 0.110561 0.0343406 0.0330636 0.00500107
46 0.714286 0.120675 0.0652472 0.047433 0.00496292
43 0.622425 0.626116 0.0343407 0.046875 0.00496292
0 0.345124 0.228376 0.0772665 0.0443638 0.00496292
0 0.923249 0.259766 0.153503 0.203683 0.00484848
44 0.656765 0.135568 0.0257555 0.0882394 0.00481033
40 0.597528 0.046317 0.0429258 0.0482701 0.00471878
75 0.452438 0.232561 0.051511 0.0379464 0.00469971
44 0.475618 0.200195 0.0326237 0.0571987 0.00468063
43 0.64217 0.648438 0.0240385 0.0546875 0.00466537
39 0.855082 0.167132 0.0583791 0.0429688 0.0046463
47 0.714286 0.120675 0.0652472 0.047433 0.00457382
44 0.801854 0.151507 0.0240385 0.0172991 0.00457382
44 0.713427 0.122907 0.0618131 0.0424107 0.00453949
56 0.746909 0.317243 0.194025 0.142857 0.00453949
39 0.862809 0.168806 0.0463599 0.0373884 0.00450516
44 0.695184 0.660714 0.113753 0.100446 0.00450516
71 0.436126 0.285784 0.149382 0.0835659 0.00446701
44 0.704842 0.152483 0.054945 0.0638951 0.00443268
41 0.899725 0.171596 0.0343407 0.0284598 0.00443268
41 0.655907 0.0513393 0.0309066 0.0446429 0.00441742
56 0.457697 0.582589 0.520046 0.251116 0.00438309
40 0.915179 0.142613 0.0824176 0.089216 0.00436401
40 0.896291 0.120396 0.0240385 0.0398996 0.00434875
40 0.76408 0.0621512 0.0326236 0.0372489 0.00431442
56 0.112466 0.904018 0.224931 0.18192 0.00429916
13 0.0547304 0.550223 0.103022 0.345982 0.00419998
44 0.89114 0.138532 0.054945 0.077567 0.00418091
42 0.737466 0.754464 0.0326237 0.0267857 0.00418091
40 0.743475 0.0564314 0.0343407 0.0419922 0.00415039
44 0.867102 0.12643 0.0446428 0.0328544 0.00415039
40 0.896291 0.165179 0.0309066 0.0373884 0.00413513
44 0.712569 0.685268 0.0618132 0.0491072 0.00413513
60 0.484203 0.862723 0.868819 0.265625 0.00411606
13 0.608688 0.418597 0.564904 0.513253 0.0041008
41 0.696257 0.16769 0.0309066 0.0290179 0.00405502
40 0.627146 0.0401786 0.0403503 0.0552455 0.00403976
75 0.860234 0.121931 0.0583791 0.0401786 0.00402451
56 0.460916 0.41748 0.793484 0.40053 0.0039444
60 0.4284 0.27281 0.164835 0.0581752 0.00388527
42 0.712569 0.685268 0.0618132 0.0491072 0.00383949
56 0.361435 0.231864 0.0446429 0.0379464 0.00379562
39 0.244677 0.764509 0.104739 0.0982143 0.00379562
43 0.475618 0.193359 0.0343406 0.047433 0.00376511
44 0.702267 0.112026 0.0343407 0.0373884 0.0037365
40 0.898867 0.168248 0.0412088 0.0371094 0.0037365
0 0.612552 0.23019 0.407795 0.295201 0.00365067
44 0.777816 0.141881 0.0343406 0.0767299 0.00355148
40 0.693681 0.036656 0.0377747 0.0537807 0.00353813
40 0.776099 0.050572 0.0257555 0.031808 0.00353813
44 0.697115 0.119559 0.0291896 0.0276228 0.00346947
40 0.0109461 0.33817 0.0193166 0.063058 0.00346947
44 0.703984 0.667969 0.0686813 0.0725446 0.00346947
44 0.93149 0.166853 0.0326237 0.0435268 0.00345612
40 0.935783 0.108398 0.0188874 0.015067 0.00338936
40 0.714286 0.0459682 0.0497939 0.0631975 0.00337601
43 0.691964 0.666295 0.0703983 0.0691964 0.00332451
41 0.758929 0.101004 0.0206044 0.015625 0.00329781
39 0.950378 0.169643 0.0429258 0.0401786 0.00329781
41 0.950378 0.169643 0.0429258 0.0401786 0.00329781
39 0.0100876 0.33817 0.0180288 0.0602679 0.00328636
43 0.625859 0.600446 0.0377747 0.0647321 0.00328636
56 0.38365 0.670201 0.410585 0.146205 0.00322342
40 0.780392 0.0541295 0.0257554 0.0274833 0.00321007
44 0.870536 0.12207 0.0412088 0.0393415 0.00321007
40 0.746909 0.0467704 0.0480769 0.0599191 0.00319672
56 0.606113 0.520368 0.334821 0.255022 0.00318527
56 0.0253262 0.437779 0.0472184 0.138393 0.00317192
40 0.932349 0.16755 0.0360577 0.0412946 0.00316048
26 0.972613 0.318638 0.0547733 0.0552455 0.00316048
44 0.65419 0.144008 0.0377747 0.105399 0.003088
43 0.645604 0.604911 0.0772665 0.078125 0.003088
57 0.460916 0.41748 0.793484 0.40053 0.00307465
72 0.436126 0.285993 0.149382 0.0820312 0.00305176
56 0.0309066 0.482422 0.0592376 0.193638 0.00305176
40 0.782109 0.140625 0.0429258 0.0803571 0.00304031
40 0.733173 0.0518973 0.0463599 0.0513393 0.00302696
44 0.851648 0.120466 0.0394917 0.038644 0.00300407
40 0.801854 0.138358 0.0686813 0.0943778 0.00300407
44 0.712569 0.647321 0.17342 0.102679 0.00300407
39 0.854224 0.120954 0.0429258 0.0390625 0.00298119
67 0.244677 0.763951 0.103022 0.0970982 0.00298119
43 0.625859 0.635045 0.0394918 0.0758929 0.0029583
41 0.633156 0.0514439 0.0386333 0.0479213 0.00294685
41 0.753778 0.150112 0.0240385 0.015067 0.00294685
43 0.691964 0.550781 0.099588 0.0401786 0.00294685
56 0.736607 0.275181 0.200893 0.180664 0.00293541
75 0.361865 0.232143 0.0437844 0.0373884 0.00291252
0 0.167411 0.876116 0.182864 0.247768 0.00290108
43 0.472184 0.189732 0.0446429 0.0496652 0.00288963
39 0.354138 0.230329 0.0583791 0.0440848 0.00288963
41 0.956387 0.0586635 0.051511 0.0354353 0.00287819
40 0.831044 0.0439104 0.0446428 0.0310407 0.00282288
41 0.655907 0.0581752 0.0274726 0.0322266 0.00279999
39 0.0197459 0.458705 0.0394918 0.0647322 0.00279999
41 0.837912 0.757255 0.0858517 0.046875 0.00279045
41 0.267428 0.752232 0.0815591 0.0915179 0.00279045
73 0.670501 0.784598 0.621566 0.225446 0.00277901
60 0.740041 0.295201 0.200893 0.167969 0.00276756
39 0.443853 0.187779 0.0463599 0.0418527 0.00275803
43 0.672219 0.561384 0.0566621 0.0189732 0.0027256
45 0.496223 0.234375 0.0480769 0.0334821 0.00270462
56 0.101305 0.941406 0.199176 0.114955 0.00268364
40 0.655907 0.0513393 0.0309066 0.0446429 0.0026722
40 0.600962 0.0517578 0.0360577 0.0443638 0.00263214
41 0.691964 0.0457938 0.0394918 0.0618722 0.0026207
74 0.758929 0.101004 0.0206044 0.015625 0.00260162
74 0.876545 0.128069 0.0257554 0.0256696 0.00260162
56 0.142084 0.891741 0.231799 0.214286 0.00260162
41 0.597528 0.046317 0.0429258 0.0482701 0.00259018
42 0.681662 0.65625 0.0858517 0.0870536 0.00258064
44 0.457589 0.206473 0.0738324 0.0915179 0.00258064
41 0.63659 0.0454799 0.0455013 0.0558036 0.00257111
0 0.196171 0.392578 0.380323 0.642299 0.85791
60 0.53829 0.813616 0.90831 0.370536 0.847168
0 0.9108 0.4149 0.1784 0.521763 0.842285
55 0.673292 0.783482 0.621137 0.22433 0.827637
0 0.580786 0.378348 0.479911 0.578125 0.756348
56 0.396635 0.654576 0.374313 0.112723 0.705566
43 0.673935 0.636161 0.130494 0.140625 0.651367
41 0.243819 0.764509 0.108173 0.0959821 0.59082
43 0.656765 0.61942 0.0944368 0.107143 0.53125
41 0.712569 0.170201 0.0635302 0.0407366 0.377441
45 0.786401 0.658482 0.161401 0.0580357 0.297363
56 0.119119 0.949777 0.179001 0.0970983 0.176147
40 0.859375 0.144392 0.0583791 0.0859375 0.160278
41 0.452438 0.232701 0.051511 0.0385045 0.119629
40 0.807006 0.0547573 0.0360577 0.0263672 0.113586
40 0.640453 0.0412598 0.0549451 0.0638253 0.10968
44 0.713427 0.169782 0.0635302 0.0404576 0.10968
40 0.758929 0.126395 0.0343406 0.0691964 0.108215
43 0.685096 0.647321 0.106456 0.122768 0.107422
41 0.362294 0.232143 0.0429258 0.0373884 0.104126
42 0.674794 0.636161 0.12706 0.139509 0.102295
44 0.674794 0.636161 0.12706 0.139509 0.0960083
41 0.944368 0.168806 0.0583791 0.0438058 0.0907593
41 0.713427 0.119768 0.0635302 0.0509208 0.0789185
39 0.939217 0.16769 0.0480769 0.0429688 0.072876
44 0.857658 0.14202 0.0600962 0.0876116 0.0705566
44 0.705701 0.151786 0.0343406 0.0198103 0.0680542
44 0.709135 0.1649 0.051511 0.0351563 0.0665894
40 0.657624 0.0401175 0.0377747 0.0659703 0.064209
41 0.855082 0.265625 0.0412089 0.0323661 0.0577087
44 0.453297 0.232143 0.0532281 0.0396205 0.0566406
40 0.807864 0.0472935 0.0412088 0.0359933 0.0518494
44 0.707418 0.155971 0.0412088 0.0267857 0.0510864
60 0.775884 0.283761 0.292325 0.196987 0.050415
40 0.644746 0.0487933 0.0463599 0.050572 0.0503235
44 0.714286 0.123884 0.0618131 0.0597098 0.0503235
58 0.0201751 0.251535 0.0369162 0.124163 0.0499573
41 0.855941 0.170061 0.0583791 0.0396205 0.0495911
71 0.409512 0.24721 0.0944368 0.0117188 0.0495911
75 0.944368 0.168806 0.0583791 0.0438058 0.0453491
40 0.763221 0.0475028 0.0360577 0.0527344 0.0446777
40 0.934066 0.129325 0.0377747 0.0583147 0.0446777
40 0.92033 0.129499 0.056662 0.058524 0.0430298
40 0.808723 0.0549665 0.0412088 0.0334821 0.0423889
40 0.597098 0.0340489 0.0455014 0.0638777 0.0417786
41 0.496223 0.23298 0.0480769 0.0351562 0.0348816
56 0.728022 0.307199 0.180288 0.125558 0.0337219
44 0.855082 0.167132 0.0583791 0.0435268 0.0299835
40 0.944368 0.169085 0.0583791 0.0424107 0.0298767
40 0.915179 0.122489 0.0206044 0.0426897 0.0290833
40 0.81044 0.0425502 0.0480769 0.0431083 0.0275879
60 0.777816 0.21596 0.298764 0.061942 0.0268555
44 0.807864 0.136161 0.0360577 0.0856585 0.0257568
45 0.712569 0.170619 0.0635302 0.0393415 0.0253754
40 0.815591 0.139474 0.0480769 0.0904715 0.0247955
56 0.746051 0.341518 0.211195 0.19308 0.0247955
44 0.685955 0.654018 0.106456 0.111607 0.0238647
56 0.753563 0.435268 0.230512 0.430804 0.0234222
44 0.755495 0.125802 0.0360577 0.066476 0.0228882
40 0.679945 0.0426549 0.0309066 0.0595006 0.0214539
40 0.901442 0.126918 0.0360577 0.0525251 0.0213623
40 0.754636 0.163644 0.0377747 0.0432478 0.0206451
41 0.807006 0.0533622 0.0377747 0.023019 0.0204163
44 0.859375 0.121233 0.0566621 0.0387835 0.0202484
49 0.452438 0.23298 0.051511 0.0379464 0.0202484
41 0.898867 0.168527 0.0412088 0.0368304 0.0200958
39 0.930632 0.168387 0.0343407 0.0401786 0.0197906
0 0.359718 0.230887 0.0480769 0.0424107 0.0197144
40 0.752919 0.154576 0.0257555 0.0239955 0.0196381
44 0.724588 0.113142 0.0343406 0.0248326 0.0189819
56 0.61341 0.416016 0.552026 0.510603 0.0189819
39 0.360577 0.230608 0.0463599 0.0407366 0.0187683
41 0.444712 0.18736 0.0463599 0.0426897 0.0186157
45 0.452438 0.232701 0.051511 0.0385045 0.0175781
40 0.763221 0.0535889 0.0309066 0.0468401 0.0174408
42 0.685955 0.654018 0.106456 0.111607 0.0166626
40 0.815591 0.0373884 0.0549451 0.0532924 0.0162201
55 0.596669 0.75558 0.333104 0.166295 0.0161591
40 0.676511 0.0442592 0.0429258 0.0615932 0.0154877
40 0.615556 0.0326538 0.0686813 0.062064 0.0150146
56 0.58465 0.491071 0.264423 0.284598 0.0149536
44 0.716003 0.137521 0.0652472 0.0692662 0.0141144
40 0.806147 0.0600063 0.0412088 0.0356794 0.014061
40 0.685096 0.0358451 0.0274725 0.0435442 0.0137405
44 0.45115 0.205218 0.0600962 0.0733817 0.0134277
45 0.714286 0.121791 0.0618131 0.0443638 0.0133286
56 0.580357 0.460938 0.276442 0.164062 0.0132217
44 0.704842 0.667411 0.0480769 0.0691965 0.0130692
40 0.855941 0.168527 0.0600962 0.0407366 0.0130692
44 0.444712 0.186663 0.0463599 0.0440848 0.0130234
41 0.597098 0.0340489 0.0455014 0.0638777 0.0127716
40 0.634873 0.0313198 0.0455014 0.0590123 0.0127258
40 0.691964 0.0443028 0.0377747 0.0603899 0.0125732
40 0.866243 0.12636 0.0463599 0.0335519 0.0121918
56 0.66535 0.319824 0.309066 0.148298 0.012146
75 0.712569 0.170201 0.0652472 0.0407366 0.0119629
40 0.756353 0.0631975 0.0223215 0.0295759 0.0118256
40 0.904876 0.119141 0.0343406 0.0368304 0.0118256
40 0.915179 0.113909 0.0206044 0.0249721 0.0113754
43 0.453297 0.232143 0.0532281 0.0396205 0.0112915
27 0.255838 0.252372 0.0858517 0.0661272 0.0112
44 0.71171 0.141462 0.0669643 0.0948661 0.0112
40 0.803571 0.135882 0.0309066 0.0828683 0.0111618
75 0.855941 0.170061 0.0583791 0.0396205 0.0109482
41 0.895433 0.165179 0.0309066 0.0373884 0.0109024
40 0.805288 0.11649 0.0223214 0.0407366 0.0108566
44 0.935783 0.154855 0.0206044 0.0195312 0.0108566
44 0.876545 0.128069 0.0257554 0.0256696 0.0106964
44 0.896291 0.120396 0.0240385 0.0398996 0.0105667
40 0.859375 0.121233 0.0566621 0.0387835 0.0105667
71 0.435268 0.249302 0.151957 0.0128348 0.0105667
45 0.944368 0.171317 0.0583791 0.0396205 0.0104523
44 0.683379 0.65904 0.0910028 0.0837054 0.0103302
56 0.436985 0.286203 0.149382 0.0827288 0.01017
44 0.896291 0.125837 0.0309066 0.0518973 0.00997162
44 0.801854 0.134242 0.0309066 0.0769392 0.00989532
43 0.681662 0.65625 0.0858517 0.0870536 0.00989532
41 0.849931 0.32394 0.0755495 0.0987723 0.00985718
44 0.691106 0.666295 0.0738324 0.0691964 0.00978088
43 0.668784 0.565988 0.159684 0.0599888 0.00978088
42 0.660199 0.628906 0.103022 0.127232 0.00974274
41 0.808723 0.0549665 0.0412088 0.0334821 0.00967407
40 0.802713 0.121443 0.0240385 0.0511998 0.00948334
67 0.476477 0.19615 0.0326236 0.046875 0.00948334
40 0.741758 0.0517927 0.0446428 0.0507115 0.00945282
44 0.360577 0.230608 0.0463599 0.0407366 0.00888062
44 0.702267 0.166992 0.0412088 0.03125 0.00874329
0 0.507383 0.377511 0.321085 0.510603 0.00874329
44 0.454155 0.181641 0.0274725 0.0452009 0.00871277
44 0.472184 0.189732 0.0455014 0.0496652 0.0085144
60 0.634014 0.286551 0.526271 0.196987 0.00847626
44 0.822459 0.136963 0.0480769 0.0837751 0.008255
56 0.180718 0.945312 0.354567 0.102679 0.008255
44 0.737466 0.666295 0.209478 0.107143 0.00815582
56 0.848214 0.323382 0.0755495 0.100446 0.00809479
41 0.930632 0.168387 0.0343407 0.0401786 0.00803375
56 0.0605254 0.947545 0.119334 0.103795 0.00800323
60 0.686813 0.9375 0.625 0.116071 0.00796509
40 0.758929 0.0608259 0.0240385 0.0291574 0.00793457
40 0.757212 0.152204 0.0412088 0.0661272 0.00775528
55 0.711066 0.78125 0.401357 0.198661 0.00772476
44 0.253262 0.709821 0.0403503 0.0178571 0.00763702
40 0.916037 0.142857 0.0772665 0.0887277 0.00746155
58 0.0193166 0.216797 0.0347699 0.0641741 0.00746155
40 0.712569 0.17048 0.0618132 0.0418527 0.00746155
44 0.903159 0.124023 0.0343406 0.046317 0.00743103
41 0.860234 0.12207 0.0583791 0.0404576 0.00734711
39 0.898867 0.168527 0.0412088 0.0368304 0.00731659
44 0.753777 0.140904 0.0309066 0.0351562 0.00725937
39 0.712569 0.170201 0.0652472 0.0407366 0.00701141
56 0.0547304 0.550781 0.103451 0.344866 0.00701141
40 0.597098 0.0461426 0.0437843 0.0490374 0.00698471
40 0.89114 0.13923 0.054945 0.0792411 0.00695801
41 0.86796 0.174805 0.0360577 0.0234375 0.0068779
45 0.361435 0.231864 0.0446429 0.0379464 0.0068779
53 0.671145 0.781808 0.608259 0.220982 0.00671768
40 0.361435 0.230469 0.0446429 0.0396205 0.00664139
44 0.729739 0.119908 0.0343406 0.0464565 0.00658798
75 0.930632 0.168387 0.0343407 0.0401786 0.00658798
71 0.39921 0.246094 0.0995879 0.0128348 0.00656509
44 0.76408 0.135603 0.0343406 0.0789621 0.00653839
44 0.657624 0.134487 0.0240385 0.0859375 0.0064888
26 0.577352 0.454799 0.279018 0.16183 0.0064888
40 0.76408 0.0606689 0.0326236 0.0399344 0.00629044
39 0.495793 0.232003 0.0489355 0.0376674 0.00626373
39 0.452438 0.232422 0.051511 0.0379464 0.00616837
60 0.435268 0.276228 0.157967 0.0669643 0.00616837
13 0.102378 0.944754 0.204756 0.102679 0.00616837
39 0.895433 0.165179 0.0309066 0.0373884 0.00593567
60 0.431405 0.702567 0.407795 0.137277 0.00584412
45 0.776957 0.216099 0.303915 0.0611049 0.00582123
0 0.345124 0.228516 0.0772665 0.0440848 0.00582123
40 0.743475 0.0546177 0.0343407 0.0453404 0.00568771
44 0.722871 0.110631 0.0343406 0.0329241 0.00568771
44 0.866243 0.12636 0.0463599 0.0335519 0.00561905
44 0.704842 0.153181 0.054945 0.062779 0.00559998
40 0.746909 0.0453317 0.0480769 0.062936 0.00557709
69 0.432692 0.275949 0.152816 0.103795 0.0055542
40 0.896291 0.122628 0.0377747 0.0454799 0.00553513
44 0.89114 0.13923 0.054945 0.0792411 0.00553513
44 0.713427 0.122907 0.0618131 0.0426897 0.00551224
44 0.801854 0.151367 0.0240385 0.0189732 0.00542831
44 0.475618 0.199916 0.0317651 0.0566406 0.00542831
56 0.0525841 0.60505 0.100017 0.243025 0.00534439
44 0.262706 0.714286 0.0618132 0.0245535 0.0053215
41 0.655907 0.0455148 0.0326236 0.0560128 0.00521851
13 0.750344 0.429967 0.224931 0.410156 0.00518036
40 0.693681 0.0360631 0.0377747 0.0531529 0.00500107
43 0.712569 0.68471 0.0618132 0.0513392 0.00500107
40 0.713427 0.0455497 0.0497939 0.0638951 0.0049057
39 0.860234 0.168527 0.051511 0.0379464 0.00484848
43 0.628005 0.626116 0.0472184 0.100446 0.00481033
75 0.452438 0.232422 0.051511 0.0379464 0.00479126
43 0.622425 0.626116 0.0343407 0.0479911 0.00477219
43 0.685096 0.566406 0.128778 0.0814732 0.00475693
44 0.660199 0.628906 0.103022 0.127232 0.00469971
40 0.896291 0.120396 0.0240385 0.0398996 0.00462723
41 0.899725 0.171317 0.0343407 0.0290179 0.00460815
46 0.714286 0.120536 0.0652472 0.0477121 0.0045929
56 0.606113 0.413225 0.509959 0.343192 0.00457382
44 0.777816 0.141741 0.0343406 0.0772879 0.00455475
43 0.64217 0.648438 0.0240385 0.0546875 0.00453949
40 0.776099 0.0492118 0.0274726 0.0332729 0.00448608
71 0.436126 0.285784 0.149382 0.0835659 0.00446701
44 0.697115 0.120466 0.0309066 0.0294364 0.00439835
43 0.475189 0.193359 0.0351992 0.0479911 0.00438309
40 0.627146 0.0399083 0.0403503 0.0553676 0.00436401
47 0.714286 0.120536 0.0652472 0.0477121 0.00434875
40 0.895433 0.165179 0.0309066 0.0373884 0.00434875
56 0.111178 0.904018 0.222356 0.180804 0.00434875
44 0.655907 0.143973 0.0343406 0.10519 0.00429916
40 0.733173 0.0512695 0.0463599 0.0525949 0.0042305
13 0.61341 0.416016 0.552026 0.510603 0.00421524
56 0.918956 0.404297 0.162088 0.494978 0.00421524
40 0.696257 0.0304129 0.0446429 0.0546875 0.00418091
44 0.26013 0.710938 0.0566621 0.0223215 0.00415039
44 0.702267 0.112026 0.0326237 0.0371094 0.00413513
40 0.802713 0.138253 0.0669643 0.0945871 0.00411606
41 0.633156 0.0512695 0.0386333 0.0478516 0.0041008
0 0.923678 0.259347 0.152644 0.203962 0.0041008
13 0.0547304 0.550781 0.103451 0.344866 0.00405502
40 0.0109461 0.33817 0.0193166 0.063058 0.00402451
60 0.478301 0.861607 0.856585 0.265625 0.00402451
41 0.597098 0.0461426 0.0437843 0.0490374 0.00400543
56 0.361435 0.231864 0.0446429 0.0379464 0.0039444
42 0.737466 0.754464 0.0326237 0.0267857 0.00392914
41 0.696257 0.16769 0.0309066 0.0290179 0.00385475
44 0.457589 0.206473 0.0738324 0.0917969 0.00383949
40 0.779533 0.0532227 0.0274725 0.0274833 0.00382423
40 0.771806 0.0453404 0.0343406 0.0477121 0.00380898
44 0.93149 0.167132 0.0326237 0.0435268 0.00380898
40 0.633156 0.0512695 0.0386333 0.0478516 0.00379562
41 0.63659 0.0445731 0.0455013 0.0576172 0.00374985
40 0.935783 0.108398 0.0206044 0.015067 0.00370789
75 0.860234 0.12207 0.0583791 0.0404576 0.00362206
71 0.776957 0.216099 0.303915 0.0611049 0.00362206
39 0.949519 0.169503 0.0446429 0.0404576 0.0036068
43 0.472184 0.189732 0.0455014 0.0496652 0.00356483
40 0.831044 0.0429688 0.0446428 0.0305525 0.00351143
57 0.603108 0.437779 0.550309 0.410156 0.00351143
56 0.603537 0.518973 0.336539 0.256696 0.00351143
44 0.870536 0.12214 0.0394917 0.039202 0.00349617
40 0.898867 0.168527 0.0412088 0.0368304 0.00349617
40 0.78125 0.140904 0.0429258 0.0811942 0.00346947
39 0.244677 0.765067 0.104739 0.0993304 0.00346947
56 0.458555 0.58538 0.520046 0.246652 0.00345612
41 0.758929 0.101004 0.0206044 0.015625 0.00342941
72 0.436126 0.285993 0.149382 0.0825893 0.00342941
43 0.625859 0.59933 0.0360577 0.0636161 0.00341606
44 0.939217 0.16769 0.0480769 0.0429688 0.00340271
56 0.495257 0.407087 0.61663 0.368862 0.00340271
41 0.691964 0.0454189 0.0377747 0.0622036 0.00338936
67 0.244677 0.764509 0.103022 0.0982143 0.00337601
56 0.024897 0.437779 0.0472184 0.137835 0.00332451
41 0.655907 0.0581927 0.0274726 0.0317732 0.00325966
39 0.443853 0.187779 0.0463599 0.0418527 0.00325966
44 0.458448 0.163923 0.0206044 0.0343192 0.00322342
41 0.612122 0.0316685 0.0772665 0.0605469 0.00312424
39 0.0103022 0.33817 0.0180288 0.0602679 0.00312424
41 0.644746 0.0487933 0.0463599 0.050572 0.003088
56 0.0304773 0.478795 0.0579499 0.195313 0.00307465
45 0.496223 0.234375 0.0480769 0.0334821 0.00302696
75 0.362294 0.232143 0.0429258 0.0373884 0.00301552
44 0.71171 0.646205 0.171703 0.104911 0.00301552
44 0.851648 0.120396 0.0394917 0.0385045 0.00300407
40 0.328812 0.0368304 0.0300481 0.0373884 0.00298119
41 0.956387 0.0585938 0.051511 0.0355748 0.00298119
42 0.712569 0.68471 0.0618132 0.0513392 0.00293541
44 0.714286 0.104911 0.0240385 0.023019 0.00291252
40 0.529705 0.0384696 0.0291896 0.0540597 0.00290108
0 0.166981 0.876116 0.182006 0.247768 0.00290108
43 0.645604 0.604911 0.0755495 0.078125 0.00288963
44 0.712569 0.68471 0.0618132 0.0513392 0.00288963
0 0.611693 0.230748 0.407795 0.296317 0.00288963
41 0.676511 0.0442592 0.0429258 0.0615932 0.00286674
56 0.79842 0.511161 0.123626 0.227679 0.00286674
41 0.26614 0.752232 0.0858516 0.09375 0.00283432
26 0.972613 0.318638 0.0547733 0.0546875 0.00281143
39 0.855082 0.265765 0.0429258 0.0326451 0.00277901
0 0.459306 0.232422 0.0686813 0.0407366 0.00276756
43 0.625429 0.635045 0.0403503 0.078125 0.00275803
40 0.932349 0.16769 0.0360577 0.0412946 0.00274658
40 0.729739 0.0436663 0.049794 0.0675223 0.00273705
40 0.655907 0.0513044 0.0309066 0.0442941 0.00273705
44 0.702267 0.667969 0.0721154 0.0736607 0.00273705
40 0.828469 0.0503976 0.051511 0.0419224 0.00271416
41 0.715144 0.165318 0.051511 0.0376674 0.00271416
39 0.0197459 0.459263 0.0394918 0.0636161 0.00271416
40 0.627146 0.0281721 0.0592376 0.0545654 0.00270462
44 0.915179 0.122489 0.0206044 0.0426897 0.00270462
43 0.444712 0.186663 0.0463599 0.0440848 0.00270462
43 0.691106 0.666295 0.0738324 0.0691964 0.00270462
39 0.457589 0.206473 0.0738324 0.0917969 0.00269318
74 0.758929 0.101004 0.0206044 0.015625 0.00268364
60 0.834392 0.65067 0.331216 0.107143 0.0026722
40 0.85079 0.0422712 0.0223214 0.0301339 0.00266266
44 0.928056 0.165737 0.0446428 0.0435268 0.00265312
40 0.661058 0.0283116 0.0377747 0.0519148 0.00264168
40 0.714286 0.121164 0.0618131 0.054269 0.00264168
41 0.757212 0.152204 0.0412088 0.0661272 0.00263214
0 0.196171 0.393136 0.379464 0.642299 0.858887
0 0.9108 0.413993 0.1784 0.520229 0.853027
60 0.53829 0.813616 0.90831 0.370536 0.842773
55 0.672219 0.783482 0.621566 0.225446 0.837402
0 0.581645 0.37779 0.476477 0.575893 0.763672
56 0.396205 0.654018 0.374313 0.111607 0.747559
43 0.673935 0.636161 0.130494 0.140625 0.682617
41 0.243926 0.764509 0.107958 0.0959821 0.638672
43 0.657838 0.61942 0.0957246 0.107143 0.525391
41 0.712569 0.170201 0.0635302 0.0407366 0.437744
45 0.786401 0.658482 0.161401 0.0558036 0.295898
40 0.860234 0.144531 0.0583791 0.0859375 0.190674
56 0.119763 0.949777 0.180288 0.0982142 0.185303
41 0.452438 0.232701 0.051511 0.0385045 0.152588
40 0.640453 0.0407366 0.0549451 0.0647321 0.13208
40 0.807006 0.0547573 0.0360577 0.0263672 0.122498
40 0.758929 0.12636 0.0343406 0.0692662 0.122498
41 0.944368 0.168806 0.0583791 0.0440848 0.121277
41 0.362294 0.232003 0.0429258 0.0376674 0.119995
41 0.713427 0.119838 0.0635302 0.0510603 0.107788
42 0.674794 0.636161 0.12706 0.140625 0.10376
44 0.713427 0.169782 0.0635302 0.0407366 0.0974121
44 0.674794 0.636161 0.12706 0.140625 0.0888062
39 0.940934 0.16769 0.051511 0.0429688 0.0783691
40 0.657624 0.0397949 0.0377747 0.066476 0.0747681
41 0.855082 0.265625 0.0412089 0.0323661 0.0742188
44 0.857658 0.14216 0.0600962 0.0876116 0.0720825
44 0.705701 0.152065 0.0343406 0.0200893 0.0710449
41 0.855941 0.170201 0.0583791 0.0396205 0.0673218
44 0.709135 0.1649 0.051511 0.0351563 0.0656128
40 0.643887 0.0486189 0.0463599 0.0509208 0.0583496
44 0.452009 0.231864 0.051511 0.0393415 0.0579224
40 0.807864 0.047154 0.0412088 0.0364118 0.0562439
40 0.763221 0.0473982 0.0360577 0.0532227 0.0545959
71 0.409512 0.24721 0.0944368 0.0117188 0.053009
40 0.934066 0.129325 0.0377747 0.0583147 0.0526123
44 0.707418 0.155971 0.0412088 0.0273438 0.0526123
40 0.92033 0.129604 0.0549451 0.0583147 0.0518494
75 0.944368 0.168806 0.0583791 0.0440848 0.0518494
40 0.597098 0.0339704 0.0455014 0.0637556 0.0481262
40 0.808723 0.0548968 0.0412088 0.0333426 0.0474243
58 0.0203898 0.251256 0.0369162 0.123605 0.0465393
41 0.496223 0.23298 0.049794 0.0357143 0.0463867
44 0.714286 0.124581 0.0618131 0.0608259 0.0455322
60 0.776099 0.284319 0.293613 0.198661 0.0426331
43 0.685096 0.651786 0.108173 0.113839 0.0399475
40 0.81044 0.0416434 0.0480769 0.0453404 0.0366211
40 0.915179 0.122349 0.0206044 0.0424107 0.033844
56 0.728881 0.307757 0.180288 0.126674 0.0318604
40 0.944368 0.169085 0.0583791 0.0424107 0.0314941
40 0.815591 0.139369 0.0480769 0.0904018 0.0298767
44 0.855082 0.167132 0.0583791 0.0435268 0.0292053
45 0.712569 0.170619 0.0635302 0.0396205 0.0284424
40 0.901442 0.127267 0.0377747 0.0529436 0.0250854
44 0.808723 0.136126 0.0377747 0.0860073 0.0249939
56 0.746909 0.34103 0.209478 0.192941 0.0239563
56 0.753563 0.436454 0.230512 0.428432 0.0239563
40 0.680804 0.04262 0.0309065 0.0597098 0.0236969
41 0.443853 0.187779 0.0463599 0.0418527 0.0235138
44 0.755495 0.125977 0.0377747 0.0666853 0.0233307
40 0.755495 0.163644 0.0377747 0.0432478 0.0227966
60 0.778675 0.215681 0.297047 0.061942 0.0227203
41 0.898867 0.168527 0.0412088 0.0368304 0.0226288
41 0.807006 0.0533622 0.0377747 0.0231585 0.0225372
0 0.359718 0.230887 0.0480769 0.0424107 0.0219421
40 0.753778 0.157645 0.0274726 0.0301339 0.0215302
39 0.360577 0.230748 0.0463599 0.0407366 0.0197144
45 0.452438 0.232701 0.051511 0.0385045 0.0197144
40 0.763221 0.0535017 0.0309066 0.0475725 0.0195618
56 0.616415 0.412946 0.544299 0.502232 0.0191956
44 0.859375 0.121233 0.0566621 0.0390625 0.0188293
44 0.724588 0.113002 0.0343406 0.0245536 0.0183411
39 0.93149 0.168248 0.0326237 0.0401786 0.0180511
49 0.452438 0.23298 0.051511 0.0379464 0.0179138
40 0.806147 0.0598319 0.0412088 0.0354701 0.0177155
40 0.676511 0.0441633 0.0446429 0.061785 0.0173798
44 0.685096 0.651786 0.108173 0.113839 0.0167236
41 0.597098 0.0339704 0.0455014 0.0637556 0.0163422
45 0.714286 0.121791 0.0618131 0.0446429 0.016098
40 0.614698 0.0328195 0.0703983 0.0624302 0.0154877
40 0.685096 0.0358887 0.0274725 0.0440151 0.0151901
40 0.691964 0.0442243 0.0377747 0.0605469 0.0149536
56 0.583791 0.491071 0.262706 0.285714 0.0147858
55 0.596669 0.756138 0.331387 0.168527 0.0146713
40 0.855082 0.168527 0.0618132 0.0407366 0.0145569
44 0.715144 0.137277 0.0652472 0.0703125 0.0142822
40 0.635302 0.0316337 0.0463599 0.0595006 0.0141754
0 0.503091 0.386161 0.3125 0.492188 0.0137405
56 0.581216 0.460659 0.276442 0.161272 0.0136871
40 0.904876 0.11921 0.0343406 0.0369699 0.0135345
40 0.865385 0.12643 0.0480769 0.0345285 0.0130692
44 0.704842 0.667411 0.0480769 0.0691965 0.0130234
44 0.450721 0.206752 0.0600962 0.0691964 0.0129242
40 0.915179 0.114118 0.0206044 0.0251116 0.0128708
40 0.803571 0.136126 0.0309066 0.0832171 0.012825
44 0.444712 0.186663 0.0463599 0.0440848 0.0127716
40 0.756353 0.0631278 0.0223215 0.0295759 0.0127258
42 0.685096 0.651786 0.108173 0.113839 0.0127258
75 0.712569 0.170201 0.0652472 0.0410156 0.0124817
75 0.855941 0.170201 0.0583791 0.0396205 0.0124283
40 0.805288 0.11635 0.0223214 0.0407366 0.012146
40 0.741758 0.0516532 0.0429258 0.0509905 0.0118713
41 0.896291 0.165458 0.0309066 0.0373884 0.0118256
41 0.808723 0.0548968 0.0412088 0.0333426 0.0115967
40 0.859375 0.121233 0.0566621 0.0390625 0.011467
45 0.944368 0.171038 0.0583791 0.0401786 0.011467
27 0.256696 0.252511 0.0858517 0.0658482 0.0113297
71 0.435268 0.249302 0.151957 0.0128348 0.0112915
44 0.71171 0.141462 0.0669643 0.0948661 0.0112915
56 0.669643 0.319824 0.302198 0.148298 0.0112457
44 0.935783 0.154855 0.0206044 0.0195312 0.0109863
44 0.896291 0.120396 0.0240385 0.0398996 0.0104904
40 0.802713 0.121233 0.0240385 0.0510603 0.0104065
44 0.896291 0.126151 0.0309066 0.0523856 0.0102463
43 0.453297 0.232143 0.0532281 0.0396205 0.0101318
44 0.683379 0.659598 0.0910028 0.0825893 0.0100937
44 0.876545 0.128069 0.0257554 0.0259487 0.0100098
44 0.801854 0.134905 0.0309066 0.078125 0.00981903
40 0.916037 0.142857 0.0755495 0.0887277 0.00974274
44 0.691106 0.666295 0.0738324 0.0691964 0.00971222
56 0.437414 0.285156 0.151099 0.0809152 0.00971222
43 0.681662 0.65625 0.0858517 0.0870536 0.00955963
41 0.849931 0.324219 0.0755495 0.0993304 0.00952148
41 0.93149 0.168248 0.0326237 0.0401786 0.00933838
56 0.848214 0.323661 0.0755495 0.100446 0.00919342
44 0.702267 0.166992 0.0412088 0.031529 0.00908661
40 0.757212 0.151786 0.0429258 0.0669643 0.00908661
44 0.454155 0.181362 0.0274725 0.0452009 0.00874329
40 0.758929 0.0606166 0.0240385 0.0301339 0.00871277
43 0.669643 0.565848 0.159684 0.0591518 0.00857544
40 0.597098 0.0458287 0.0437843 0.0500837 0.00854492
40 0.681662 0.0327846 0.0309066 0.0429688 0.00841522
44 0.822459 0.136963 0.0480769 0.0837751 0.00841522
44 0.360577 0.230748 0.0463599 0.0407366 0.00812531
41 0.860234 0.12207 0.0583791 0.0404576 0.00806427
40 0.891999 0.139927 0.053228 0.0806362 0.00793457
40 0.712569 0.17034 0.0618132 0.0418527 0.00793457
67 0.476477 0.196429 0.0326236 0.046875 0.00784302
60 0.638951 0.28683 0.518115 0.198103 0.0078125
60 0.720295 0.936384 0.558036 0.117188 0.0078125
56 0.0639595 0.947545 0.126202 0.103795 0.00775528
44 0.472184 0.189453 0.0446429 0.0496652 0.00769424
41 0.867102 0.174944 0.0377747 0.0234375 0.00751877
44 0.740256 0.666295 0.219351 0.111607 0.00751877
55 0.709993 0.781808 0.400069 0.199777 0.00751877
39 0.898867 0.168527 0.0412088 0.0368304 0.00734711
39 0.712569 0.170201 0.0652472 0.0410156 0.00734711
40 0.746909 0.044887 0.0480769 0.0639648 0.00720596
40 0.361435 0.230469 0.0446429 0.0396205 0.00720596
44 0.253262 0.709821 0.0403503 0.0178571 0.00717545
60 0.435268 0.276228 0.157967 0.0669643 0.00712204
58 0.0193166 0.216239 0.0351992 0.063058 0.00712204
56 0.0549451 0.551339 0.103451 0.341518 0.00712204
71 0.417239 0.249442 0.110749 0.0122768 0.00706482
44 0.903159 0.124163 0.0343406 0.046596 0.00701141
45 0.361435 0.231864 0.0446429 0.0379464 0.0069046
44 0.753777 0.140765 0.0309066 0.0357143 0.0068512
56 0.180074 0.945312 0.354138 0.102679 0.0068512
39 0.496223 0.232003 0.049794 0.0376674 0.00671768
71 0.39921 0.246233 0.0995879 0.0131138 0.00671768
0 0.345124 0.228516 0.0772665 0.0440848 0.00669098
44 0.657624 0.134731 0.0240385 0.0860073 0.00653839
44 0.763221 0.135463 0.0360577 0.0809152 0.00653839
53 0.67136 0.782366 0.609547 0.220982 0.00651169
40 0.896291 0.122768 0.0360577 0.0457589 0.0064621
39 0.452438 0.232561 0.051511 0.0382254 0.00643921
56 0.0525841 0.605469 0.100017 0.241071 0.00619125
40 0.713427 0.0454799 0.0497939 0.0640346 0.00614548
39 0.896291 0.165458 0.0309066 0.0373884 0.00609589
45 0.776957 0.21596 0.303915 0.0608259 0.00605011
75 0.93149 0.168248 0.0326237 0.0401786 0.00600433
44 0.891999 0.139927 0.053228 0.0806362 0.00595856
44 0.705701 0.153739 0.0549451 0.0616629 0.00591278
44 0.729739 0.119838 0.0343406 0.046596 0.005867
13 0.102163 0.944197 0.204327 0.102679 0.005867
44 0.713427 0.122977 0.0618131 0.0431083 0.00577545
44 0.865385 0.12643 0.0480769 0.0345285 0.00575256
40 0.693681 0.0362026 0.0377747 0.0531529 0.00568771
41 0.655907 0.0453317 0.0326236 0.0562395 0.00568771
39 0.858517 0.168666 0.0549451 0.0382254 0.00568771
60 0.430975 0.702567 0.406937 0.137277 0.00551224
75 0.452438 0.232561 0.051511 0.0382254 0.00548935
44 0.801854 0.151228 0.0240385 0.0217634 0.00542831
40 0.803571 0.138253 0.0652472 0.0945871 0.00534439
69 0.432692 0.276786 0.152816 0.102679 0.00534439
40 0.734032 0.0510603 0.0463599 0.0530134 0.0053215
44 0.475618 0.200056 0.0317651 0.0569196 0.00526047
40 0.696257 0.0304914 0.0446429 0.0548096 0.00519943
44 0.722871 0.110631 0.0343406 0.0329241 0.00518036
26 0.576923 0.455636 0.278159 0.15904 0.00511932
41 0.899725 0.171317 0.0343407 0.0295759 0.00503922
40 0.896291 0.120396 0.0240385 0.0398996 0.00496292
43 0.712569 0.68471 0.0618132 0.0513392 0.00496292
41 0.597098 0.0458287 0.0437843 0.0500837 0.0049057
42 0.657838 0.61942 0.0957246 0.107143 0.00484848
43 0.645604 0.613281 0.0824176 0.0970982 0.00482941
13 0.750344 0.430804 0.224931 0.409598 0.00482941
40 0.776099 0.0486886 0.0274726 0.0344587 0.00475693
44 0.262706 0.714286 0.0618132 0.0245535 0.00475693
41 0.633585 0.0511998 0.0394917 0.0479911 0.00462723
40 0.896291 0.165458 0.0309066 0.0373884 0.00460815
44 0.697974 0.121373 0.0309066 0.03125 0.00452042
41 0.696257 0.16769 0.0309066 0.0290179 0.00446701
40 0.771806 0.0450265 0.0343406 0.0483399 0.00443268
44 0.777816 0.141427 0.0343406 0.0776367 0.00439835
56 0.110749 0.904018 0.221497 0.180804 0.00439835
56 0.600532 0.404576 0.49193 0.325893 0.00432968
44 0.655907 0.144113 0.0343406 0.10519 0.00429916
43 0.622425 0.626116 0.0343407 0.0479911 0.00429916
40 0.627146 0.0392718 0.0403503 0.0570592 0.00426483
43 0.628005 0.626116 0.0472184 0.100446 0.00426483
41 0.63659 0.0438756 0.0455013 0.0591518 0.00424957
40 0.935783 0.108538 0.0206044 0.015346 0.00415039
43 0.64217 0.648438 0.0240385 0.0535714 0.00415039
40 0.779533 0.0530831 0.0274725 0.0280413 0.00411606
13 0.616415 0.412946 0.544299 0.502232 0.0041008
40 0.633585 0.0511998 0.0394917 0.0479911 0.00402451
41 0.692823 0.0452619 0.0394918 0.0623779 0.00400543
40 0.78125 0.140939 0.0429258 0.0819615 0.00399017
71 0.436126 0.285784 0.149382 0.0835659 0.00399017
13 0.0549451 0.551339 0.103451 0.341518 0.00399017
56 0.361435 0.231864 0.0446429 0.0379464 0.00397491
39 0.951236 0.169503 0.0446428 0.0404576 0.0039444
72 0.436126 0.285993 0.149382 0.0825893 0.0039444
40 0.831044 0.0430385 0.0446428 0.03125 0.00391388
46 0.714286 0.120536 0.0635302 0.0479911 0.00391388
60 0.476477 0.861607 0.851648 0.266741 0.00388527
42 0.737466 0.754464 0.0326237 0.0267857 0.00387001
0 0.923249 0.259208 0.153503 0.204241 0.00387001
67 0.244677 0.764509 0.103022 0.0982143 0.00387001
43 0.685096 0.566406 0.128778 0.0825893 0.00383949
44 0.657838 0.61942 0.0957246 0.107143 0.00383949
40 0.0109461 0.33817 0.0193166 0.063058 0.00382423
41 0.612122 0.0317732 0.0772665 0.0607561 0.00380898
44 0.260131 0.710938 0.0583791 0.0223215 0.00376511
44 0.702267 0.111886 0.0309066 0.0371094 0.00372124
43 0.475618 0.193359 0.0343406 0.0479911 0.00367928
44 0.93149 0.167132 0.0326237 0.0435268 0.00365067
56 0.603108 0.518694 0.337397 0.256138 0.00365067
40 0.898867 0.168527 0.0412088 0.0368304 0.00363541
56 0.0253262 0.438895 0.0472184 0.140067 0.00363541
71 0.776957 0.21596 0.303915 0.0608259 0.00362206
45 0.782109 0.668527 0.168269 0.078125 0.00362206
39 0.443853 0.187779 0.0463599 0.0418527 0.0036068
56 0.492788 0.396205 0.394918 0.328125 0.0036068
40 0.761504 0.135324 0.0377747 0.0873326 0.00359344
40 0.714286 0.121303 0.0618131 0.054548 0.00359344
41 0.655907 0.0583147 0.0274726 0.0313895 0.00356483
47 0.714286 0.120536 0.0635302 0.0479911 0.00352478
41 0.714286 0.165458 0.053228 0.0379464 0.00351143
40 0.529705 0.0385742 0.0291896 0.0541295 0.00349617
40 0.730598 0.0436053 0.049794 0.0677839 0.00344276
39 0.244677 0.765067 0.104739 0.0993304 0.00344276
56 0.919815 0.40353 0.160371 0.49428 0.00344276
41 0.758929 0.101004 0.0206044 0.015625 0.00340271
41 0.854224 0.121512 0.0429258 0.0385045 0.00340271
45 0.496223 0.234375 0.0480769 0.0334821 0.00340271
56 0.030692 0.478795 0.0583791 0.197545 0.00340271
75 0.860234 0.12207 0.0583791 0.0404576 0.00337601
44 0.458448 0.163783 0.0206044 0.0340402 0.00336266
0 0.167411 0.875 0.182006 0.25 0.00335121
40 0.328812 0.0368304 0.0300481 0.0373884 0.00333786
40 0.628434 0.0282854 0.0566621 0.0547573 0.00332451
44 0.870536 0.12214 0.0394917 0.039202 0.00332451
75 0.362294 0.232003 0.0429258 0.0376674 0.00332451
41 0.860234 0.144531 0.0583791 0.0859375 0.00332451
41 0.676511 0.0441633 0.0446429 0.061785 0.00327301
43 0.625859 0.59933 0.0360577 0.0625 0.00325966
41 0.643887 0.0486189 0.0463599 0.0509208 0.00324821
44 0.457589 0.206194 0.0755494 0.0920759 0.00324821
40 0.851648 0.0429688 0.0240385 0.0316685 0.00322342
44 0.940934 0.16769 0.051511 0.0429688 0.00322342
40 0.603537 0.0296108 0.0583791 0.0562919 0.00321007
40 0.661058 0.0283116 0.0377747 0.0519148 0.00321007
41 0.956387 0.058524 0.051511 0.0357143 0.00319672
40 0.824176 0.0350865 0.0583791 0.0464565 0.00318527
40 0.788977 0.13787 0.0910027 0.0959124 0.00307465
41 0.264852 0.752232 0.0892857 0.0948661 0.00305176
44 0.712569 0.645089 0.17342 0.107143 0.00304031
41 0.757212 0.151786 0.0429258 0.0669643 0.00302696
41 0.709993 0.195312 0.0686813 0.0820312 0.00302696
60 0.833963 0.65067 0.332074 0.106027 0.00299263
42 0.712569 0.68471 0.0618132 0.0513392 0.00296974
40 0.643887 0.027832 0.0343406 0.0531529 0.00293541
56 0.79842 0.511161 0.123626 0.227679 0.00293541
40 0.828469 0.0508859 0.051511 0.0435965 0.00292397
41 0.757212 0.16197 0.0446429 0.0460379 0.00291252
39 0.855082 0.265765 0.0429258 0.0326451 0.00286674
43 0.472184 0.189453 0.0446429 0.0496652 0.00284576
40 0.885989 0.163644 0.0721154 0.0460379 0.00282288
40 0.655907 0.0512695 0.0309066 0.0442243 0.00279045
74 0.758929 0.101004 0.0206044 0.015625 0.00279045
43 0.691106 0.666295 0.0738324 0.0691964 0.00279045
68 0.435697 0.285993 0.148523 0.0831473 0.00279045
41 0.685096 0.0360979 0.0343406 0.0452706 0.00277901
56 0.17063 0.837054 0.23738 0.305804 0.00277901
40 0.932349 0.16769 0.0360577 0.0412946 0.00276756
40 0.635302 0.0373535 0.0789835 0.0717773 0.00276756
75 0.858517 0.14345 0.0583792 0.0858678 0.00276756
57 0.617703 0.441336 0.598386 0.420898 0.00276756
0 0.9108 0.412946 0.1784 0.517857 0.867188
0 0.196171 0.402344 0.378606 0.668527 0.865723
55 0.672219 0.783482 0.621566 0.225446 0.848145
60 0.537861 0.813616 0.907452 0.370536 0.843262
56 0.395776 0.654018 0.374313 0.111607 0.777344
0 0.581645 0.376674 0.47476 0.572545 0.775391
43 0.673935 0.636161 0.130494 0.140625 0.697754
41 0.243389 0.764509 0.108173 0.0959821 0.677246
43 0.656765 0.61942 0.0944368 0.107143 0.571777
41 0.712569 0.17034 0.0635302 0.0410156 0.511719
45 0.786401 0.658482 0.161401 0.0558036 0.313965
40 0.860234 0.144531 0.0583791 0.0859375 0.214722
56 0.119763 0.949777 0.180288 0.0982142 0.199341
41 0.452438 0.232701 0.051511 0.0385045 0.187134
40 0.640453 0.040632 0.0549451 0.0649414 0.150024
41 0.944368 0.168806 0.0583791 0.0440848 0.146606
41 0.362294 0.231864 0.0429258 0.0379464 0.141724
41 0.713427 0.119838 0.0635302 0.0510603 0.140381
40 0.807006 0.0546701 0.0360577 0.0262626 0.139404
40 0.758929 0.126256 0.0343406 0.0689174 0.135742
43 0.684882 0.647321 0.106885 0.125 0.113586
42 0.674794 0.636161 0.12706 0.140625 0.107422
41 0.855082 0.265765 0.0412089 0.0326451 0.0917358
41 0.855941 0.170201 0.0583791 0.0396205 0.0913696
44 0.674794 0.636161 0.12706 0.140625 0.0881958
39 0.940934 0.16769 0.051511 0.0429688 0.0878906
44 0.713427 0.169922 0.0635302 0.0407366 0.0863037
40 0.657624 0.03976 0.0377747 0.0665458 0.0809326
44 0.705701 0.151786 0.0343406 0.0200893 0.0726318
44 0.857658 0.14216 0.0600962 0.0873326 0.0710449
40 0.643887 0.0486189 0.0463599 0.0509208 0.0685425
44 0.709135 0.1649 0.051511 0.0351563 0.0656128
40 0.933207 0.129325 0.0377747 0.0583147 0.0600891
41 0.496652 0.23298 0.0489355 0.0357143 0.0598755
40 0.807864 0.0472587 0.0412088 0.0363421 0.0596619
75 0.944368 0.168806 0.0583791 0.0440848 0.0579224
44 0.452009 0.231864 0.051511 0.0396205 0.0579224
40 0.763221 0.0474679 0.0360577 0.0532227 0.0562439
40 0.92033 0.129604 0.0549451 0.0583147 0.0562439
40 0.597098 0.0338222 0.0455014 0.063494 0.0541992
44 0.707418 0.155971 0.0412088 0.0267857 0.0526123
58 0.0206044 0.251116 0.0369162 0.123326 0.0526123
71 0.409083 0.24721 0.0935783 0.0117188 0.0507202
44 0.714286 0.124651 0.0618131 0.0609654 0.0419312
60 0.776099 0.284598 0.293613 0.199219 0.0410767
40 0.807006 0.0596401 0.0377747 0.0352958 0.0402527
40 0.915179 0.122698 0.0206044 0.0431083 0.0384521
40 0.81044 0.0425502 0.0480769 0.0435268 0.0381775
40 0.944368 0.169085 0.0583791 0.0424107 0.033844
40 0.815591 0.139369 0.0480769 0.0906808 0.0337219
56 0.728881 0.307757 0.180288 0.126674 0.0322266
45 0.712569 0.170759 0.0652472 0.0396205 0.0317383
41 0.443853 0.18764 0.0463599 0.0421317 0.0306702
44 0.855941 0.167132 0.0600962 0.0435268 0.0280151
40 0.679945 0.0424892 0.0309066 0.0595529 0.0264587
40 0.901442 0.127267 0.0377747 0.0529436 0.0264587
41 0.899725 0.168666 0.0412088 0.0368304 0.0256653
56 0.746909 0.342634 0.211195 0.195313 0.0255585
56 0.752919 0.437012 0.231799 0.425084 0.0254669
41 0.807006 0.0534319 0.0377747 0.023019 0.0247955
40 0.755495 0.163644 0.0377747 0.0432478 0.0240479
44 0.808723 0.13644 0.0377747 0.0864955 0.0238647
60 0.778675 0.215681 0.297047 0.061942 0.0235138
0 0.359718 0.230748 0.0480769 0.0424107 0.0235138
40 0.815591 0.0375279 0.051511 0.0534319 0.0227966
40 0.753778 0.159598 0.0274726 0.0340402 0.0226288
44 0.755495 0.125872 0.0377747 0.0668945 0.0222015
39 0.360577 0.230748 0.0463599 0.0407366 0.0216217
45 0.452438 0.232701 0.051511 0.0385045 0.0211182
41 0.597098 0.0338222 0.0455014 0.063494 0.0210419
56 0.618132 0.410435 0.542582 0.491629 0.02034
40 0.675652 0.0440848 0.0446429 0.0618025 0.0202484
40 0.762363 0.0534668 0.0309066 0.0475028 0.0190582
45 0.714286 0.121861 0.0618131 0.0447824 0.0189819
0 0.502232 0.396205 0.310783 0.472098 0.0184021
44 0.685096 0.652902 0.108173 0.111607 0.0179138
44 0.723729 0.112514 0.0343406 0.023577 0.0174408
40 0.685096 0.035226 0.0274725 0.0428292 0.0173035
40 0.691964 0.0441459 0.0377747 0.0604248 0.0171814
40 0.855082 0.168527 0.0618132 0.0407366 0.0167236
44 0.859375 0.121233 0.0566621 0.0390625 0.0163422
39 0.932349 0.168248 0.0343406 0.0401786 0.0163422
49 0.452438 0.23298 0.051511 0.0379464 0.0163422
40 0.613839 0.0328195 0.0721154 0.0624302 0.0161591
40 0.635302 0.0316772 0.0463599 0.0596924 0.0158386
55 0.597957 0.75558 0.330529 0.168527 0.0147858
40 0.803571 0.13644 0.0309066 0.0837054 0.0142822
44 0.714286 0.136858 0.0652472 0.0705915 0.014061
40 0.756353 0.063215 0.0223215 0.029541 0.0138474
40 0.864526 0.126395 0.0497939 0.0351562 0.0138474
44 0.704842 0.667411 0.0480769 0.0669643 0.0138474
40 0.904876 0.119141 0.0343406 0.0368304 0.0137939
42 0.685096 0.652902 0.108173 0.111607 0.0137939
56 0.583362 0.49163 0.261847 0.28683 0.0137405
40 0.915179 0.114118 0.0206044 0.0251116 0.013588
56 0.581216 0.460938 0.276442 0.160714 0.0133286
41 0.896291 0.165458 0.0309066 0.0376674 0.0132217
40 0.7409 0.0516183 0.0429258 0.0509208 0.0130692
75 0.855941 0.170201 0.0583791 0.0396205 0.0130692
41 0.808723 0.0546875 0.0412088 0.0326451 0.0130234
27 0.256267 0.252511 0.0858517 0.0658482 0.0127258
45 0.944368 0.170759 0.0583791 0.0412946 0.0125275
44 0.44557 0.186105 0.0429258 0.0440848 0.0123825
44 0.450721 0.208984 0.0583791 0.0641741 0.0123825
40 0.805288 0.116281 0.0223214 0.0405971 0.0123367
40 0.859375 0.121233 0.0566621 0.0390625 0.0121002
75 0.712569 0.170201 0.0652472 0.0412946 0.0120544
44 0.683379 0.659598 0.0910028 0.0825893 0.011734
44 0.691106 0.666295 0.0738324 0.0691964 0.0115051
56 0.848214 0.323661 0.0755495 0.0993304 0.0115051
41 0.849931 0.324219 0.0755495 0.0987723 0.0114212
44 0.935783 0.154855 0.0206044 0.0195312 0.0110703
56 0.674794 0.319196 0.291896 0.146205 0.0110703
41 0.932349 0.168248 0.0343406 0.0401786 0.0110321
56 0.436985 0.286272 0.149382 0.0825893 0.0109863
43 0.680804 0.657366 0.0858517 0.0848214 0.0109024
44 0.71171 0.141462 0.0669643 0.0948661 0.0105667
40 0.597098 0.0456194 0.0437843 0.0505022 0.0102921
71 0.435268 0.249442 0.151099 0.0128348 0.0102921
40 0.757212 0.151786 0.0446429 0.0669643 0.00974274
42 0.659341 0.62779 0.101305 0.125 0.00963593
44 0.896291 0.120396 0.0240385 0.0398996 0.00955963
40 0.916896 0.142892 0.0789835 0.089216 0.00945282
44 0.896291 0.126116 0.0309066 0.0524554 0.00941467
56 0.599674 0.418527 0.502232 0.366071 0.00933838
43 0.453297 0.232143 0.0532281 0.0396205 0.00926971
44 0.702267 0.166992 0.0412088 0.031529 0.00901794
44 0.801854 0.135917 0.0343406 0.0797293 0.00898743
40 0.758929 0.0609654 0.0240385 0.0294364 0.00894928
41 0.869677 0.174386 0.0326237 0.0251116 0.00894928
41 0.860234 0.12207 0.0583791 0.0404576 0.00874329
44 0.876545 0.128069 0.0257554 0.0256696 0.00871277
60 0.435268 0.276228 0.157109 0.0669643 0.00837708
40 0.713427 0.170201 0.0635302 0.0418527 0.00837708
40 0.89114 0.140765 0.054945 0.0823103 0.00831604
40 0.361435 0.230329 0.0446429 0.0396205 0.00815582
44 0.822459 0.136998 0.0480769 0.0834263 0.00812531
44 0.453726 0.181362 0.0283311 0.0452009 0.00790405
40 0.746909 0.0450265 0.0480769 0.0636858 0.00787354
60 0.655048 0.286551 0.492788 0.198661 0.00787354
56 0.0639595 0.947545 0.126202 0.103795 0.0078125
43 0.669858 0.565988 0.160972 0.0599888 0.0077858
60 0.721154 0.936384 0.556319 0.117188 0.00769424
44 0.360577 0.230748 0.0463599 0.0407366 0.00763702
58 0.0197459 0.216518 0.0351992 0.0636161 0.00763702
56 0.0551597 0.551339 0.103451 0.342634 0.00754929
56 0.0523695 0.605469 0.100017 0.241071 0.00754929
39 0.712569 0.170201 0.0652472 0.0412946 0.00746155
0 0.345553 0.228516 0.076408 0.0440848 0.00746155
39 0.452438 0.232422 0.051511 0.0385045 0.00740433
39 0.496223 0.232003 0.049794 0.0376674 0.00737381
40 0.713427 0.0454799 0.0497939 0.0638951 0.00725937
44 0.253262 0.709821 0.0403503 0.0178571 0.00725937
55 0.709993 0.78125 0.398352 0.200893 0.00714874
40 0.76408 0.0607038 0.0309066 0.0398647 0.00703812
40 0.896291 0.122768 0.0377747 0.0457589 0.00703812
44 0.742617 0.667411 0.221497 0.109375 0.00703812
67 0.476477 0.196708 0.0326236 0.046875 0.00698471
45 0.361435 0.231864 0.0446429 0.0379464 0.00698471
39 0.8568 0.168806 0.0583791 0.0379464 0.00682449
39 0.899725 0.168666 0.0412088 0.0368304 0.00674438
44 0.471755 0.189453 0.0446429 0.0496652 0.00674438
40 0.693681 0.0359846 0.0377747 0.0521938 0.00656509
44 0.76408 0.136196 0.0377747 0.0808454 0.00653839
75 0.452438 0.232422 0.051511 0.0385045 0.00651169
56 0.17943 0.945312 0.35285 0.102679 0.0064888
40 0.697115 0.0304827 0.0446429 0.054548 0.00624084
44 0.753777 0.140625 0.0309066 0.0362723 0.00624084
40 0.803571 0.138253 0.0669643 0.0945871 0.00619125
71 0.399639 0.246094 0.0987294 0.0128348 0.00616837
44 0.903159 0.124023 0.0343406 0.046317 0.00614548
44 0.657624 0.134452 0.0240385 0.0854492 0.00612259
71 0.416381 0.249442 0.10989 0.0122768 0.00612259
41 0.597098 0.0456194 0.0437843 0.0505022 0.00602722
53 0.670501 0.781808 0.609547 0.222098 0.00602722
43 0.712569 0.685268 0.0618132 0.0513393 0.00600433
44 0.705701 0.152658 0.0549451 0.0641044 0.00598145
41 0.655907 0.0452619 0.0326236 0.0563791 0.00595856
39 0.896291 0.165458 0.0309066 0.0376674 0.00595856
45 0.777601 0.21596 0.302627 0.0608259 0.00575256
13 0.102163 0.944197 0.204327 0.102679 0.00568771
60 0.430975 0.702567 0.40522 0.137277 0.00548935
41 0.697115 0.16769 0.0309066 0.0290179 0.00544739
44 0.89114 0.140765 0.054945 0.0823103 0.00542831
44 0.729739 0.119699 0.0343406 0.046596 0.00540543
44 0.713427 0.122838 0.0618131 0.0433873 0.00540543
75 0.932349 0.168248 0.0343406 0.0401786 0.00534439
41 0.899725 0.171317 0.0343407 0.0295759 0.00527954
43 0.645604 0.613281 0.0824176 0.0970982 0.00527954
41 0.633585 0.0511998 0.0394917 0.0479911 0.00503922
43 0.698832 0.65625 0.125343 0.111607 0.00500107
44 0.864526 0.126395 0.0497939 0.0351562 0.00494385
44 0.802713 0.15067 0.0257555 0.0267857 0.00494385
40 0.896291 0.120396 0.0240385 0.0398996 0.0049057
44 0.722871 0.110561 0.0343406 0.0327846 0.00488663
41 0.637019 0.0434222 0.0463599 0.0600586 0.00484848
41 0.611264 0.0317034 0.0772665 0.0606166 0.00477219
56 0.111393 0.904018 0.222785 0.180804 0.00477219
40 0.776099 0.0488979 0.0274726 0.0340402 0.00475693
44 0.475618 0.200056 0.0317651 0.0569196 0.00473785
69 0.432692 0.27853 0.151957 0.0991908 0.00469971
26 0.576923 0.455915 0.278159 0.158482 0.00466537
67 0.24457 0.764509 0.103237 0.0982143 0.00462723
40 0.896291 0.165458 0.0309066 0.0376674 0.0045929
13 0.750344 0.430873 0.224931 0.408343 0.0045929
40 0.771806 0.0454799 0.0343406 0.0475725 0.00448608
44 0.262706 0.714286 0.0618132 0.0245535 0.00448608
0 0.16784 0.875 0.182864 0.25 0.00438309
56 0.479911 0.390695 0.322802 0.305664 0.00436401
44 0.777816 0.14202 0.0343406 0.0770089 0.00434875
40 0.633585 0.0511998 0.0394917 0.0479911 0.00432968
41 0.692823 0.0452009 0.0394918 0.0625 0.00429916
40 0.935783 0.108608 0.0206044 0.015346 0.00429916
40 0.686813 0.040632 0.0343406 0.0562919 0.00429916
45 0.782967 0.668527 0.168269 0.078125 0.00429916
40 0.626717 0.0387486 0.0412087 0.0581055 0.00426483
40 0.780392 0.0530134 0.0274725 0.0276228 0.00424957
44 0.656765 0.61942 0.0944368 0.107143 0.00424957
39 0.443853 0.18764 0.0463599 0.0421317 0.0042305
40 0.714286 0.121233 0.0618131 0.0546875 0.0042305
40 0.78125 0.140904 0.0429258 0.0814732 0.00419998
40 0.831044 0.0432826 0.0446428 0.0313198 0.00418091
39 0.950378 0.169503 0.0446428 0.0404576 0.00416565
44 0.655907 0.144113 0.0343406 0.10519 0.00415039
13 0.0551597 0.551339 0.103451 0.342634 0.00415039
41 0.714286 0.165458 0.053228 0.0379464 0.0041008
43 0.621995 0.626116 0.0334821 0.0479911 0.0041008
44 0.697974 0.121373 0.0309066 0.031529 0.00408554
40 0.529705 0.0391323 0.0291896 0.0531529 0.00407028
56 0.361435 0.231864 0.0446429 0.0379464 0.00405502
13 0.618132 0.410435 0.542582 0.491629 0.00405502
45 0.496652 0.23298 0.0489355 0.0357143 0.00403976
72 0.436126 0.285993 0.149382 0.0825893 0.00403976
43 0.628005 0.626116 0.0472184 0.100446 0.00402451
43 0.64217 0.648996 0.0240385 0.0535714 0.00402451
0 0.923249 0.259208 0.153503 0.204799 0.00397491
56 0.60182 0.518415 0.334821 0.256696 0.00397491
42 0.737466 0.754464 0.0326237 0.0267857 0.00395966
40 0.731456 0.0437709 0.0480769 0.0674526 0.00392914
40 0.0109461 0.33817 0.0193166 0.0636161 0.00391388
41 0.655907 0.0585938 0.0274726 0.030971 0.00388527
40 0.602679 0.0296456 0.0583791 0.0562221 0.00385475
41 0.709135 0.195592 0.0686814 0.0814732 0.00380898
41 0.854224 0.121512 0.0429258 0.0385045 0.00378036
75 0.362294 0.231864 0.0429258 0.0379464 0.00378036
40 0.661058 0.0283116 0.0377747 0.0519148 0.00376511
42 0.712569 0.685268 0.0618132 0.0513393 0.00374985
41 0.675652 0.0440848 0.0446429 0.0618025 0.0037365
41 0.685096 0.0351214 0.0343406 0.0427595 0.0037365
40 0.761504 0.135463 0.0377747 0.0873326 0.0037365
41 0.860234 0.144531 0.0583791 0.0859375 0.00370789
71 0.777601 0.21596 0.302627 0.0608259 0.00369263
40 0.85079 0.0431083 0.0223214 0.0319475 0.00365067
56 0.0309066 0.478795 0.0588084 0.202009 0.00365067
46 0.714286 0.120605 0.0635302 0.0478516 0.00363541
56 0.0255409 0.44029 0.0480769 0.142857 0.00363541
39 0.244677 0.765067 0.104739 0.0993304 0.00358009
41 0.757212 0.151786 0.0446429 0.0669643 0.00356483
43 0.684238 0.566406 0.132212 0.0825893 0.00355148
40 0.328812 0.0369001 0.0309066 0.0373884 0.00353813
44 0.260131 0.710938 0.0583791 0.0223215 0.00353813
41 0.756353 0.161691 0.0446429 0.046596 0.00352478
41 0.758929 0.101004 0.0206044 0.015625 0.00348282
41 0.643887 0.0486189 0.0463599 0.0509208 0.00345612
44 0.703125 0.111816 0.0326237 0.0369699 0.00345612
40 0.899725 0.168666 0.0412088 0.0368304 0.00345612
44 0.93149 0.167132 0.0326237 0.0435268 0.00344276
47 0.714286 0.120605 0.0635302 0.0478516 0.00338936
40 0.824176 0.0355748 0.0583791 0.0456194 0.00337601
43 0.691106 0.666295 0.0738324 0.0691964 0.00336266
40 0.71171 0.141462 0.0669643 0.0948661 0.00336266
44 0.713427 0.646205 0.176854 0.104911 0.00336266
40 0.643029 0.0278669 0.0360577 0.0532227 0.00335121
41 0.697974 0.121373 0.0309066 0.031529 0.00335121
45 0.855941 0.170201 0.0583791 0.0396205 0.00335121
40 0.733173 0.05399 0.0412088 0.047154 0.00333786
60 0.476477 0.861607 0.849931 0.267857 0.00332451
0 0.140582 0.891741 0.23738 0.216518 0.00331116
43 0.625859 0.59933 0.0360577 0.0647322 0.00324821
56 0.0459306 0.864955 0.0910028 0.0982142 0.00324821
41 0.956387 0.0584542 0.051511 0.0357143 0.00322342
60 0.833963 0.65067 0.332074 0.102679 0.00322342
40 0.789835 0.137835 0.0927197 0.0959821 0.00319672
40 0.588084 0.0344587 0.0566621 0.0633371 0.00318527
44 0.870536 0.12214 0.0394917 0.039202 0.00317192
26 0.972613 0.318638 0.0547733 0.0552455 0.00317192
56 0.170845 0.83817 0.236951 0.305804 0.00317192
75 0.860234 0.12207 0.0583791 0.0404576 0.00316048
56 0.919815 0.402623 0.160371 0.491629 0.00316048
40 0.829327 0.0513742 0.051511 0.0445731 0.00314713
40 0.494506 0.231306 0.0497939 0.0390625 0.00314713
56 0.79842 0.511161 0.123626 0.227679 0.00314713
57 0.620707 0.435896 0.582074 0.407227 0.00311089
39 0.855082 0.265625 0.0429258 0.0329241 0.00309944
40 0.655907 0.0514439 0.0309066 0.0438756 0.0030632
44 0.458448 0.163504 0.0206044 0.0334821 0.0030632
41 0.807006 0.0596401 0.0377747 0.0352958 0.00305176
40 0.479052 0.0370396 0.0309066 0.0375279 0.00304031
41 0.686813 0.040632 0.0343406 0.0562919 0.00304031
0 0.617703 0.236328 0.412946 0.307478 0.00304031
0 0.9108 0.412946 0.1784 0.516741 0.876465
0 0.195956 0.40067 0.378177 0.662946 0.872559
55 0.672219 0.783482 0.621566 0.225446 0.864258
60 0.537431 0.813616 0.90831 0.370536 0.844238
56 0.395776 0.65346 0.374313 0.111607 0.801758
0 0.581645 0.376116 0.47476 0.569196 0.782227
43 0.673935 0.636161 0.130494 0.140625 0.713867
41 0.243389 0.764509 0.108173 0.0959821 0.70752
43 0.656765 0.618862 0.0961538 0.106027 0.596191
41 0.712569 0.17034 0.0635302 0.0410156 0.562012
45 0.786401 0.658482 0.161401 0.0558036 0.341553
40 0.860234 0.144531 0.0583791 0.0859375 0.228149
41 0.452438 0.232701 0.051511 0.0382255 0.222656
56 0.119978 0.949777 0.180718 0.0982142 0.202393
41 0.713427 0.119838 0.0635302 0.0510603 0.169922
41 0.944368 0.168806 0.0583791 0.0440848 0.165039
40 0.640453 0.0405884 0.0549451 0.0650286 0.162354
41 0.362294 0.232003 0.0429258 0.0376674 0.156128
40 0.807006 0.0546178 0.0360577 0.0260882 0.151978
40 0.75807 0.125977 0.0343406 0.0683594 0.141235
41 0.855941 0.170201 0.0583791 0.0396205 0.119995
43 0.684882 0.647321 0.106885 0.123884 0.11438
42 0.674794 0.636161 0.12706 0.140625 0.112
41 0.855082 0.265765 0.0412089 0.0326451 0.108215
39 0.942651 0.16769 0.0549451 0.0429688 0.100525
44 0.713427 0.169922 0.0635302 0.0407366 0.0894775
44 0.674794 0.636161 0.12706 0.140625 0.0881958
40 0.657624 0.0397513 0.0377747 0.0664237 0.085083
40 0.643887 0.0486189 0.0463599 0.0509208 0.0747681
41 0.496652 0.23298 0.0489355 0.0357143 0.0739746
44 0.705701 0.151646 0.0343406 0.0195312 0.0731812
40 0.933207 0.129325 0.0377747 0.0583147 0.0675659
44 0.857658 0.14216 0.0600962 0.0870536 0.0665894
40 0.92033 0.129325 0.0549451 0.0577567 0.0628052
44 0.709135 0.1649 0.051511 0.0351563 0.0623169
40 0.807864 0.0472238 0.0412088 0.0361328 0.0618896
40 0.597098 0.0336914 0.0455014 0.0631975 0.0605164
75 0.944368 0.168806 0.0583791 0.0440848 0.0605164
40 0.763221 0.0474679 0.0360577 0.0530832 0.0596619
44 0.452009 0.231864 0.051511 0.0390625 0.0587769
58 0.0206044 0.250558 0.0369162 0.12221 0.0554199
71 0.409083 0.24721 0.0935783 0.0117188 0.053009
44 0.707418 0.155971 0.0412088 0.0267857 0.0510864
44 0.714286 0.123954 0.0618131 0.0595703 0.0474243
40 0.807006 0.0595703 0.0377747 0.0351562 0.0470886
40 0.915179 0.121512 0.0206044 0.0404576 0.0437012
40 0.815591 0.139369 0.0497939 0.0912388 0.0414734
40 0.81044 0.0427595 0.0480769 0.0431083 0.0411377
41 0.443853 0.18764 0.0463599 0.0421317 0.0386047
60 0.776099 0.284598 0.293613 0.199777 0.0360718
40 0.944368 0.169085 0.0583791 0.0424107 0.0354004
45 0.712569 0.170759 0.0652472 0.0396205 0.0348816
56 0.728881 0.307547 0.180288 0.127093 0.0328369
44 0.855941 0.167411 0.0600962 0.0435268 0.0305634
40 0.901442 0.126988 0.0377747 0.0523856 0.0298767
41 0.898867 0.168806 0.0429258 0.0368304 0.0294189
40 0.755495 0.163644 0.0377747 0.0432478 0.0282135
40 0.679945 0.0424107 0.0309066 0.0594308 0.0275879
41 0.807006 0.0533622 0.0377747 0.023019 0.0275879
56 0.746909 0.342076 0.209478 0.194196 0.0274811
0 0.359718 0.230748 0.0472184 0.0424107 0.0251312
40 0.752919 0.161551 0.0274726 0.0379464 0.0249939
41 0.597528 0.0321568 0.0463599 0.0597098 0.0248871
40 0.815591 0.0374581 0.051511 0.0532924 0.0247955
45 0.452438 0.232701 0.051511 0.0382255 0.0239563
44 0.808723 0.136475 0.0377747 0.0864258 0.0233307
39 0.360577 0.230608 0.0463599 0.0407366 0.0233307
56 0.753992 0.436942 0.233087 0.422991 0.0226288
60 0.779533 0.215541 0.29533 0.0616629 0.0218658
44 0.755495 0.125977 0.0377747 0.0669643 0.0217743
40 0.676511 0.0440151 0.0446429 0.0618025 0.021698
0 0.502232 0.404088 0.310783 0.456334 0.0212402
45 0.713427 0.121931 0.0635302 0.0446429 0.0210419
40 0.762363 0.053397 0.0309066 0.0475028 0.0201721
40 0.855941 0.168806 0.0600962 0.0401786 0.0195618
56 0.61899 0.407366 0.533997 0.481027 0.0191193
40 0.691964 0.0441197 0.0377747 0.0604771 0.0182648
40 0.685096 0.0348772 0.0274725 0.0422712 0.0181274
44 0.685955 0.654018 0.108173 0.110491 0.0178528
49 0.452438 0.23298 0.051511 0.0379464 0.0171814
44 0.723729 0.112026 0.0343406 0.0223214 0.016983
39 0.932349 0.168248 0.0343406 0.0401786 0.016922
40 0.635302 0.0317034 0.0463599 0.0596401 0.0168457
40 0.613839 0.0327933 0.0721154 0.0624826 0.0160217
40 0.803571 0.13644 0.0309066 0.0837054 0.0160217
44 0.860234 0.121233 0.0583791 0.0390625 0.0156708
40 0.904876 0.119141 0.0343406 0.0368304 0.0154266
40 0.757212 0.063215 0.0206044 0.029541 0.0152512
40 0.915179 0.114118 0.0206044 0.0251116 0.0151901
55 0.598386 0.75558 0.32967 0.167411 0.0150757
41 0.896291 0.165458 0.0309066 0.0376674 0.0148392
40 0.7409 0.0515834 0.0429258 0.0509905 0.0146713
41 0.808723 0.0544782 0.0412088 0.0320871 0.0145035
75 0.855941 0.170201 0.0583791 0.0396205 0.0145035
56 0.582933 0.491071 0.260989 0.285714 0.0145035
42 0.685955 0.654018 0.108173 0.110491 0.0144501
40 0.805288 0.116211 0.0240385 0.0404576 0.0141754
56 0.581645 0.460379 0.275584 0.157366 0.0139542
40 0.863668 0.126116 0.051511 0.0348772 0.0138474
27 0.256267 0.252372 0.0858517 0.0655692 0.0138474
44 0.705701 0.667411 0.0480769 0.0669643 0.0137405
44 0.714286 0.136858 0.0652472 0.0694754 0.0136871
45 0.944368 0.170759 0.0583791 0.0412946 0.0134811
44 0.445141 0.186105 0.0437844 0.0440848 0.0131683
40 0.860234 0.121233 0.0583791 0.0390625 0.0131226
56 0.848214 0.323661 0.0755495 0.0993304 0.0127258
41 0.932349 0.168248 0.0343406 0.0401786 0.0124817
44 0.683379 0.659598 0.0910028 0.0814732 0.012146
44 0.450721 0.208984 0.0592376 0.063058 0.0119629
44 0.691106 0.666295 0.0738324 0.0691964 0.0119171
75 0.712569 0.17034 0.0652472 0.0410156 0.011734
40 0.597098 0.0456543 0.0437843 0.0504325 0.0115967
43 0.680804 0.657366 0.0858517 0.0848214 0.0114212
56 0.436985 0.286272 0.149382 0.0825893 0.0114212
40 0.757212 0.152483 0.0446429 0.0655692 0.0112915
44 0.935783 0.154855 0.0206044 0.0195312 0.0112457
56 0.680804 0.31808 0.278159 0.143973 0.0111618
41 0.849931 0.324219 0.0755495 0.0987723 0.0109024
41 0.867102 0.174944 0.0377747 0.0239955 0.0106964
41 0.860234 0.12207 0.0583791 0.0401786 0.0105667
71 0.435268 0.249302 0.151099 0.0128348 0.0102921
42 0.658482 0.627232 0.101305 0.123884 0.0101318
40 0.916037 0.142543 0.0807005 0.0893555 0.00959778
44 0.896291 0.120326 0.0240385 0.0397601 0.00955963
44 0.896291 0.125872 0.0309066 0.0518276 0.00948334
44 0.71171 0.141427 0.0669643 0.0949358 0.00933838
44 0.702267 0.166992 0.0412088 0.031529 0.00919342
44 0.801854 0.1363 0.0343406 0.0800781 0.00912476
56 0.59581 0.413225 0.491071 0.354353 0.00905609
60 0.435268 0.28118 0.15625 0.070452 0.00898743
40 0.713427 0.170201 0.0635302 0.0418527 0.00891876
39 0.8568 0.168806 0.0583791 0.0382254 0.0088501
44 0.876545 0.128069 0.0257554 0.0259487 0.00878143
40 0.746909 0.0450963 0.0480769 0.0635463 0.00867462
40 0.361865 0.230329 0.0437844 0.0396205 0.00867462
43 0.453297 0.232143 0.0532281 0.0396205 0.0086441
40 0.89114 0.140486 0.054945 0.0814732 0.00857544
44 0.453726 0.181222 0.0283311 0.0452009 0.00837708
39 0.496223 0.231864 0.049794 0.0379464 0.00828552
0 0.345553 0.228516 0.076408 0.0440848 0.00818634
40 0.713427 0.0454799 0.0497939 0.0638951 0.00812531
44 0.822459 0.136719 0.0480769 0.0825893 0.00809479
39 0.452438 0.232561 0.051511 0.0382254 0.00793457
40 0.896291 0.122698 0.0377747 0.0456194 0.00784302
58 0.0197459 0.21596 0.0351992 0.0625 0.0078125
39 0.712569 0.17034 0.0652472 0.0410156 0.0077858
40 0.80443 0.138253 0.0669643 0.0945871 0.00775528
56 0.0605254 0.947545 0.119334 0.103795 0.00757599
56 0.0523695 0.606027 0.100017 0.239955 0.00757599
40 0.76408 0.0608433 0.0309066 0.0395857 0.00748825
44 0.360577 0.230608 0.0463599 0.0407366 0.00743103
60 0.722871 0.936384 0.552885 0.116071 0.00743103
43 0.668784 0.565848 0.161401 0.0591518 0.00740433
45 0.361435 0.231864 0.0446429 0.0379464 0.00734711
60 0.656765 0.286551 0.487637 0.199219 0.00734711
39 0.898867 0.168806 0.0429258 0.0368304 0.00725937
44 0.471755 0.189453 0.0446429 0.0491072 0.00723267
44 0.253262 0.709821 0.0403503 0.0178571 0.00717545
75 0.452438 0.232561 0.051511 0.0382254 0.00714874
56 0.0551597 0.551618 0.103451 0.342076 0.00712204
44 0.76408 0.137242 0.0360577 0.0781948 0.00698471
40 0.693681 0.0358538 0.0377747 0.0516183 0.00695801
40 0.697115 0.0304827 0.0446429 0.0544085 0.0069313
44 0.743475 0.667969 0.224931 0.108259 0.0069313
55 0.711066 0.78125 0.397922 0.199777 0.0068779
67 0.476477 0.196708 0.0326236 0.046875 0.0068512
41 0.597098 0.0456543 0.0437843 0.0504325 0.00653839
43 0.712569 0.685268 0.0618132 0.0502232 0.0064888
39 0.896291 0.165458 0.0309066 0.0376674 0.0064621
44 0.657624 0.134068 0.0274726 0.0848214 0.00624084
41 0.697115 0.16769 0.0309066 0.0290179 0.00624084
41 0.899725 0.171317 0.0343407 0.0295759 0.00612259
56 0.179645 0.944755 0.35328 0.103795 0.00612259
44 0.705701 0.152483 0.0549451 0.0644531 0.00602722
44 0.753777 0.140939 0.0309066 0.0356445 0.00600433
41 0.655907 0.0452009 0.0326236 0.0563616 0.00598145
44 0.903159 0.123535 0.0343406 0.0453404 0.00595856
71 0.399639 0.246094 0.0987294 0.0128348 0.00593567
71 0.416381 0.249442 0.108173 0.0122768 0.00584412
53 0.671575 0.781808 0.610835 0.223214 0.00579834
13 0.102163 0.944197 0.204327 0.102679 0.00579834
44 0.729739 0.119699 0.0343406 0.046317 0.00570679
45 0.777601 0.215681 0.302627 0.0608259 0.00553513
43 0.645604 0.612723 0.0824176 0.0970982 0.00551224
60 0.430546 0.702567 0.403503 0.137277 0.00544739
67 0.24457 0.764509 0.103237 0.0982143 0.0053215
41 0.612122 0.0316772 0.0772665 0.0605294 0.00524139
40 0.896291 0.120326 0.0240385 0.0397601 0.00524139
44 0.89114 0.140486 0.054945 0.0814732 0.00521851
41 0.633585 0.0513044 0.0394917 0.0479213 0.00519943
41 0.637019 0.0431693 0.0463599 0.0607038 0.00510025
75 0.932349 0.168248 0.0343406 0.0401786 0.0050621
0 0.16784 0.874442 0.182006 0.251116 0.00496292
40 0.686813 0.0400739 0.0343406 0.0546177 0.00494385
44 0.722871 0.110282 0.0343406 0.0322266 0.00492477
44 0.802713 0.150949 0.0257555 0.0295759 0.00492477
39 0.443853 0.18764 0.0463599 0.0421317 0.00488663
40 0.896291 0.165458 0.0309066 0.0376674 0.00481033
41 0.685096 0.0348075 0.0343406 0.0419922 0.00479126
40 0.776099 0.0487933 0.0274726 0.0342494 0.00477219
45 0.496652 0.23298 0.0489355 0.0357143 0.00477219
40 0.935783 0.108677 0.0188874 0.015346 0.00475693
40 0.714286 0.121233 0.0618131 0.0544085 0.00475693
44 0.863668 0.126116 0.051511 0.0348772 0.00473785
44 0.475618 0.200056 0.0309066 0.0563616 0.00469971
56 0.111607 0.904576 0.223214 0.18192 0.00468063
44 0.777816 0.142334 0.0343406 0.0763811 0.00466537
41 0.714286 0.165458 0.053228 0.0373884 0.0046463
40 0.529705 0.039263 0.0291896 0.0528913 0.00460815
45 0.782967 0.667969 0.168269 0.0770089 0.00460815
40 0.770948 0.0457241 0.0343406 0.0469448 0.0045929
26 0.577782 0.456473 0.278159 0.15625 0.0045929
69 0.432692 0.279297 0.151957 0.0970982 0.00452042
41 0.692823 0.0451399 0.0394918 0.0626221 0.00450516
40 0.633585 0.0513044 0.0394917 0.0479213 0.00450516
44 0.656765 0.618862 0.0961538 0.106027 0.00450516
41 0.709135 0.195592 0.0686814 0.0809152 0.00448608
40 0.780392 0.0529436 0.0274725 0.0274833 0.00446701
40 0.78125 0.140869 0.0429258 0.0809849 0.00446701
41 0.756353 0.161691 0.0446429 0.046596 0.00445175
40 0.831044 0.0431431 0.0446428 0.0310407 0.00441742
43 0.70055 0.657366 0.128778 0.110491 0.00439835
56 0.467462 0.387835 0.28331 0.297991 0.00436401
72 0.436126 0.286342 0.149382 0.0824498 0.00434875
40 0.731456 0.0438407 0.0480769 0.0674526 0.00432968
39 0.950378 0.169503 0.0446428 0.0404576 0.00432968
40 0.0109461 0.33817 0.0193166 0.0636161 0.00428009
41 0.757212 0.152483 0.0446429 0.0655692 0.00426483
40 0.661058 0.0283116 0.0377747 0.0519148 0.0042305
40 0.626288 0.0386091 0.0420673 0.0581055 0.0042305
44 0.655907 0.143938 0.0343406 0.10498 0.0042305
75 0.362294 0.232003 0.0429258 0.0376674 0.00421524
42 0.737466 0.754464 0.0326237 0.0267857 0.00419998
0 0.923249 0.259208 0.153503 0.205357 0.00418091
44 0.262706 0.714286 0.0618132 0.0245535 0.00411606
45 0.855941 0.170201 0.0583791 0.0396205 0.0041008
13 0.750558 0.431083 0.226219 0.407924 0.0041008
41 0.655907 0.0587158 0.0274726 0.0304478 0.00407028
43 0.621995 0.626116 0.0334821 0.046875 0.00405502
42 0.712569 0.685268 0.0618132 0.0502232 0.00400543
13 0.0551597 0.551618 0.103451 0.342076 0.00400543
41 0.676511 0.0440151 0.0446429 0.0618025 0.00397491
56 0.361435 0.231864 0.0446429 0.0379464 0.00397491
40 0.494506 0.231306 0.0497939 0.0390625 0.00395966
43 0.64217 0.649554 0.0240385 0.0535714 0.00392914
44 0.697974 0.121233 0.0309066 0.03125 0.00391388
40 0.85079 0.0427595 0.0223214 0.03125 0.00390053
41 0.860234 0.144531 0.0583791 0.0859375 0.00388527
40 0.761504 0.135184 0.0377747 0.0867746 0.00387001
41 0.697974 0.121233 0.0309066 0.03125 0.00383949
43 0.628005 0.626674 0.0472184 0.0993303 0.00383949
56 0.602249 0.517857 0.330529 0.256696 0.00382423
0 0.141655 0.891183 0.234375 0.217634 0.00380898
39 0.244677 0.765625 0.104739 0.100446 0.00378036
40 0.733173 0.0539202 0.0412088 0.0472935 0.00372124
41 0.758929 0.101004 0.0206044 0.015625 0.00370789
56 0.0253262 0.439732 0.0476477 0.142857 0.00369263
40 0.643029 0.0278408 0.0360577 0.0531355 0.00365067
40 0.825034 0.0355835 0.056662 0.0450439 0.00365067
40 0.328812 0.0369001 0.0309066 0.0373884 0.00363541
44 0.714286 0.646205 0.180288 0.104911 0.0036068
43 0.691106 0.666295 0.0738324 0.0691964 0.00359344
40 0.898867 0.168806 0.0429258 0.0368304 0.00358009
40 0.789835 0.13787 0.0927197 0.0959124 0.00358009
56 0.0304773 0.477121 0.0583791 0.198661 0.00353813
13 0.61899 0.407366 0.533997 0.481027 0.00348282
46 0.714286 0.120675 0.0635302 0.0477121 0.00346947
41 0.643887 0.0486189 0.0463599 0.0509208 0.00345612
44 0.703125 0.111747 0.0326237 0.0368304 0.00345612
60 0.832761 0.650112 0.333104 0.101562 0.00345612
40 0.479052 0.0370396 0.0309066 0.0375279 0.00344276
40 0.933207 0.130894 0.0480769 0.0657785 0.00344276
26 0.972613 0.318638 0.0547733 0.0552455 0.00344276
75 0.860234 0.12207 0.0583791 0.0401786 0.00342941
56 0.0459306 0.864955 0.0910028 0.0982142 0.00342941
43 0.683594 0.565848 0.133499 0.0825893 0.00341606
41 0.807006 0.0595703 0.0377747 0.0351562 0.00340271
40 0.71171 0.141427 0.0669643 0.0949358 0.00340271
47 0.714286 0.120675 0.0635302 0.0477121 0.00338936
40 0.829327 0.0510603 0.051511 0.0440848 0.00332451
71 0.777601 0.215681 0.302627 0.0608259 0.00332451
56 0.171059 0.83817 0.236521 0.305804 0.00332451
44 0.458448 0.163086 0.0206044 0.0329241 0.00331116
44 0.870536 0.12221 0.0412088 0.0393415 0.00328636
43 0.625859 0.59933 0.0360577 0.0636161 0.00325966
41 0.955529 0.0584717 0.051511 0.0356794 0.00323486
44 0.93149 0.167132 0.0326237 0.0435268 0.00323486
44 0.260131 0.710938 0.0583791 0.0223215 0.00323486
0 0.618132 0.236328 0.413805 0.307478 0.00322342
39 0.855082 0.265625 0.0429258 0.0329241 0.00321007
40 0.767514 0.150391 0.0377747 0.0647321 0.00316048
40 0.655907 0.0516183 0.0309066 0.0435268 0.00314713
56 0.79842 0.511719 0.123626 0.226562 0.00313568
40 0.458448 0.206194 0.0755495 0.0920759 0.00312424
44 0.712569 0.685268 0.0618132 0.0502232 0.00311089
40 0.903159 0.142334 0.0652473 0.0886579 0.00311089
74 0.758929 0.101004 0.0206044 0.015625 0.003088
39 0.397493 0.224888 0.0171703 0.0251116 0.00307465
39 0.456731 0.226144 0.0652472 0.0521763 0.00307465
56 0.0549451 0.96317 0.0523695 0.0691965 0.00305176
0 0.9108 0.413225 0.1784 0.517299 0.881348
55 0.672219 0.782924 0.621566 0.225446 0.878906
0 0.195956 0.398996 0.378177 0.659598 0.87793
60 0.537431 0.814174 0.90831 0.36942 0.84668
56 0.395776 0.652902 0.374313 0.111607 0.817383
0 0.581645 0.376186 0.47476 0.567941 0.790527
43 0.673935 0.636161 0.130494 0.140625 0.726562
41 0.243389 0.764509 0.108173 0.0959821 0.723145
43 0.656765 0.618304 0.0944368 0.104911 0.625977
41 0.712569 0.17048 0.0635302 0.0412946 0.577637
45 0.786401 0.658482 0.161401 0.0558036 0.348633
40 0.860234 0.144531 0.0583791 0.0859375 0.246582
41 0.452438 0.232701 0.051511 0.0382255 0.245117
56 0.119978 0.949777 0.180718 0.0982142 0.209473
40 0.640453 0.0404576 0.0549451 0.0652902 0.188354
41 0.713427 0.119838 0.0635302 0.0510603 0.184814
41 0.944368 0.168806 0.0583791 0.0440848 0.166138
41 0.362294 0.232003 0.0429258 0.0376674 0.161865
40 0.807006 0.0544782 0.0377747 0.0258092 0.156128
40 0.75807 0.125837 0.0343406 0.0680804 0.151978
41 0.855941 0.170201 0.0583791 0.0401786 0.139893
43 0.685096 0.647321 0.106456 0.122768 0.119995
41 0.855082 0.265765 0.0412089 0.0326451 0.11554
42 0.674794 0.636161 0.12706 0.140625 0.108948
39 0.942651 0.16769 0.0549451 0.0429688 0.107788
40 0.656765 0.03976 0.0360577 0.0664062 0.0933228
41 0.496223 0.232701 0.049794 0.0359933 0.0881958
44 0.713427 0.169922 0.0635302 0.0410156 0.0869141
40 0.643029 0.0485491 0.0463599 0.0510603 0.0844727
44 0.674794 0.636161 0.12706 0.140625 0.0820923
40 0.933207 0.12915 0.0377747 0.0581055 0.0753174
40 0.763221 0.047433 0.0360577 0.0530134 0.0720825
40 0.92033 0.12915 0.053228 0.0575474 0.0715942
40 0.597098 0.0337001 0.0455014 0.0633196 0.069519
44 0.705701 0.151507 0.0343406 0.0192522 0.069519
40 0.807864 0.0470843 0.0412088 0.0362723 0.0632324
75 0.944368 0.168806 0.0583791 0.0440848 0.0628052
44 0.857658 0.142264 0.0600962 0.0871233 0.0605164
44 0.709135 0.165039 0.051511 0.0351562 0.0587769
44 0.452009 0.232003 0.051511 0.0390625 0.0587769
71 0.409083 0.24721 0.0935783 0.0117188 0.0545959
58 0.0203898 0.249442 0.0369162 0.119978 0.0524292
44 0.714286 0.123465 0.0618131 0.0583147 0.0495911
40 0.815591 0.139265 0.0497939 0.0914481 0.049408
40 0.915179 0.119838 0.0206044 0.0373884 0.0484924
40 0.81044 0.0416085 0.0480769 0.0454102 0.0481262
44 0.707418 0.155831 0.0412088 0.0265067 0.0456848
41 0.443853 0.187779 0.0463599 0.0418527 0.0455322
40 0.944368 0.169085 0.0583791 0.0424107 0.0360718
60 0.777816 0.287667 0.293613 0.206473 0.0349426
45 0.712569 0.170759 0.0652472 0.0401786 0.0346069
40 0.902301 0.126674 0.0360577 0.0518973 0.0342407
58 0.0195312 0.231027 0.0351992 0.0831473 0.0342407
56 0.728881 0.307547 0.180288 0.127093 0.0327148
40 0.755495 0.163644 0.0377747 0.0432478 0.0314941
41 0.898867 0.168806 0.0429258 0.0365513 0.0304413
40 0.681662 0.0424107 0.0309066 0.0594308 0.0299835
40 0.806147 0.0595529 0.0412088 0.0349121 0.0299835
44 0.855941 0.167411 0.0600962 0.0435268 0.0294189
40 0.815591 0.0372838 0.053228 0.0533622 0.0289764
41 0.807006 0.0532924 0.0377747 0.0228795 0.0289764
40 0.752919 0.162667 0.0274726 0.0401786 0.0284424
0 0.359718 0.230887 0.0463599 0.0424107 0.0282745
56 0.746909 0.341588 0.211195 0.192941 0.0279083
45 0.452438 0.232701 0.051511 0.0382255 0.0263519
41 0.597098 0.0321568 0.0463599 0.0597098 0.0258636
40 0.676511 0.0439802 0.0446429 0.0618722 0.0241394
39 0.360577 0.230608 0.0463599 0.0407366 0.0238647
40 0.762363 0.0530134 0.0309066 0.0475725 0.0233307
44 0.808723 0.136475 0.0377747 0.0864258 0.0222931
0 0.501374 0.408412 0.309066 0.447684 0.02211
40 0.855941 0.168806 0.0600962 0.0404576 0.0220337
45 0.713427 0.121931 0.0635302 0.0446429 0.0214539
40 0.691964 0.0440848 0.0377747 0.0605469 0.0208893
60 0.779533 0.215402 0.29533 0.0613839 0.0205688
44 0.755495 0.126151 0.0377747 0.0668945 0.0204926
56 0.752919 0.436663 0.231799 0.423549 0.0200195
40 0.685096 0.0347377 0.0274725 0.0421317 0.0197144
49 0.452438 0.23298 0.051511 0.0379464 0.0191956
71 0.413805 0.248605 0.106456 0.0111607 0.0186157
40 0.636161 0.0319563 0.0463599 0.0599714 0.0182648
40 0.803571 0.136579 0.0309066 0.0839844 0.0182648
56 0.617273 0.407296 0.530563 0.47447 0.0182648
40 0.904876 0.119141 0.0343406 0.0365513 0.0180511
39 0.932349 0.168248 0.0343406 0.0401786 0.0177155
40 0.7409 0.0515137 0.0429258 0.05113 0.0175171
40 0.805288 0.116211 0.0240385 0.0401786 0.0172424
40 0.915179 0.114118 0.0206044 0.0251116 0.0172424
44 0.685955 0.654576 0.108173 0.109375 0.0170441
40 0.757212 0.0630755 0.0206044 0.029541 0.0165253
75 0.855941 0.170201 0.0583791 0.0401786 0.0165253
41 0.808723 0.0542515 0.0412088 0.0315639 0.0157776
44 0.724588 0.111747 0.0343406 0.0214844 0.0157166
41 0.896291 0.165458 0.0309066 0.0373884 0.0153656
44 0.860234 0.121233 0.0583791 0.0390625 0.0146713
42 0.685955 0.654576 0.108173 0.109375 0.0146713
40 0.860234 0.121233 0.0583791 0.0390625 0.0145569
40 0.863668 0.126116 0.051511 0.0348772 0.0145035
56 0.582933 0.490792 0.260989 0.285156 0.0142822
44 0.444712 0.186802 0.0463599 0.0440848 0.014061
55 0.599245 0.75558 0.327953 0.168527 0.0140076
56 0.848214 0.323661 0.0755495 0.0993304 0.013588
27 0.256267 0.252372 0.0858517 0.0655692 0.0133286
44 0.705701 0.667411 0.0480769 0.0669643 0.0133286
40 0.614698 0.0328456 0.0703983 0.0623779 0.0132751
45 0.944368 0.170619 0.0583791 0.0415737 0.0132751
40 0.597098 0.0459682 0.0437843 0.0502232 0.0132217
56 0.581645 0.459821 0.275584 0.155134 0.0131683
56 0.436985 0.286272 0.149382 0.0825893 0.0130234
40 0.757212 0.152762 0.0446429 0.0647321 0.01297
41 0.932349 0.168248 0.0343406 0.0401786 0.0129242
75 0.713427 0.17034 0.0652472 0.0410156 0.0123825
44 0.715144 0.137312 0.0652472 0.0685686 0.0119171
43 0.680804 0.657366 0.0858517 0.0837053 0.0119171
44 0.683379 0.659598 0.0927198 0.0814732 0.0118713
44 0.691106 0.666295 0.0755495 0.0691964 0.0116882
44 0.450721 0.208984 0.0600962 0.061942 0.0116425
44 0.935783 0.154715 0.0206044 0.0192522 0.0115967
41 0.867102 0.174944 0.0377747 0.0239955 0.0115967
40 0.916896 0.142718 0.0789835 0.0892857 0.0113297
41 0.860234 0.121931 0.0583791 0.0401786 0.0109863
56 0.685311 0.317801 0.270862 0.143415 0.0109863
40 0.746909 0.0449306 0.0480769 0.0640172 0.0104065
39 0.8568 0.168806 0.0583791 0.0385045 0.0103302
40 0.80443 0.138253 0.0669643 0.094308 0.0102081
40 0.713427 0.17034 0.0635302 0.0418527 0.0100555
41 0.849073 0.316406 0.0755495 0.112165 0.0100098
42 0.658482 0.626116 0.101305 0.122768 0.00997162
71 0.435268 0.249302 0.151099 0.0128348 0.00978088
44 0.896291 0.120257 0.0240385 0.0396205 0.00941467
40 0.891999 0.140206 0.053228 0.0811942 0.00937653
44 0.703125 0.166853 0.0429258 0.031808 0.00937653
40 0.713427 0.0454799 0.0497939 0.0638951 0.00926971
0 0.345553 0.228516 0.076408 0.0440848 0.00912476
44 0.896291 0.125523 0.0309066 0.051409 0.00908661
40 0.896291 0.122628 0.0377747 0.0454799 0.00901794
44 0.453726 0.181083 0.0283311 0.0446429 0.00901794
39 0.496223 0.231864 0.049794 0.0379464 0.00901794
56 0.592806 0.41183 0.486779 0.350446 0.00894928
44 0.801854 0.136684 0.0343406 0.0804269 0.00881195
40 0.361865 0.230469 0.0437844 0.0396205 0.00878143
60 0.435268 0.276228 0.157109 0.0669643 0.00874329
40 0.76408 0.0604771 0.0309066 0.0401786 0.00854492
44 0.876545 0.128069 0.0257554 0.0259487 0.00831604
40 0.697115 0.0304129 0.0446429 0.0541295 0.00821686
43 0.453297 0.232143 0.0532281 0.0396205 0.00800323
39 0.452438 0.232561 0.051511 0.0382254 0.00796509
39 0.713427 0.17034 0.0652472 0.0410156 0.00784302
44 0.823317 0.136405 0.0463599 0.082101 0.0078125
39 0.898867 0.168806 0.0429258 0.0365513 0.00766754
44 0.71171 0.141602 0.0669643 0.0951451 0.00760651
56 0.0523695 0.606585 0.100446 0.237723 0.00760651
58 0.0193166 0.215262 0.0351992 0.0613839 0.00754929
44 0.471326 0.189453 0.0446429 0.0491072 0.00751877
67 0.476477 0.196708 0.0326236 0.046596 0.00746155
56 0.0558036 0.947545 0.10989 0.104911 0.00743103
75 0.452438 0.232561 0.051511 0.0382254 0.00740433
45 0.361865 0.231864 0.0446429 0.0379464 0.00737381
60 0.66256 0.286551 0.477764 0.199219 0.00734711
43 0.668784 0.565848 0.161401 0.0591518 0.00731659
44 0.360577 0.230608 0.0463599 0.0407366 0.00706482
40 0.650541 0.0370396 0.0485062 0.0711496 0.00703812
60 0.724803 0.936384 0.549021 0.116071 0.00701141
40 0.687672 0.0401699 0.0360577 0.0541469 0.0069313
44 0.764938 0.138358 0.0360577 0.0759626 0.0068779
39 0.896291 0.165458 0.0309066 0.0373884 0.00682449
44 0.657624 0.132952 0.0257555 0.0823103 0.00679779
44 0.253262 0.709821 0.0403503 0.0178571 0.00677109
41 0.697115 0.16769 0.0326237 0.0290179 0.00653839
41 0.899725 0.171177 0.0343407 0.0295759 0.00653839
43 0.712569 0.685268 0.0618132 0.0502232 0.00653839
44 0.744334 0.667969 0.226648 0.108259 0.00653839
41 0.685096 0.0345285 0.0343406 0.0412946 0.00631332
41 0.597098 0.0459682 0.0437843 0.0502232 0.00624084
56 0.0551597 0.55413 0.103451 0.335938 0.00619125
55 0.70892 0.78125 0.395347 0.198661 0.00616837
44 0.705701 0.15332 0.0549451 0.062779 0.00609589
71 0.39921 0.246094 0.0978709 0.0128348 0.00598145
13 0.102163 0.944197 0.204327 0.103795 0.00595856
56 0.178786 0.944755 0.351562 0.103795 0.00588989
40 0.896291 0.120257 0.0240385 0.0396205 0.00584412
44 0.902301 0.126674 0.0360577 0.0518973 0.00584412
67 0.244248 0.764509 0.103881 0.0982143 0.00572968
41 0.655907 0.045166 0.0326236 0.0564314 0.00564194
44 0.730598 0.119699 0.0326237 0.046317 0.00561905
60 0.430546 0.703125 0.401786 0.138393 0.00559998
40 0.529705 0.0395508 0.0291896 0.0524554 0.0055542
41 0.633585 0.0513742 0.0394917 0.0476423 0.0055542
53 0.67136 0.781808 0.611264 0.223214 0.00547028
44 0.753777 0.141183 0.0309066 0.0354353 0.00544739
45 0.496223 0.232701 0.049794 0.0359933 0.00544739
40 0.714286 0.121164 0.0618131 0.054269 0.00540543
45 0.777601 0.215681 0.302627 0.0608259 0.00540543
39 0.443853 0.187779 0.0463599 0.0418527 0.00538635
41 0.655048 0.0517578 0.0291896 0.0432478 0.00534439
40 0.935783 0.108677 0.0188874 0.015346 0.00530243
40 0.896291 0.165458 0.0309066 0.0373884 0.00524139
75 0.932349 0.168248 0.0343406 0.0401786 0.00519943
41 0.714286 0.165458 0.053228 0.0373884 0.00518036
41 0.637449 0.0428292 0.0472184 0.0615234 0.00516129
41 0.756353 0.161551 0.0446429 0.046875 0.00510025
44 0.891999 0.140206 0.053228 0.0811942 0.0050621
40 0.770948 0.0454102 0.0343406 0.046596 0.00500107
40 0.776099 0.0483398 0.0274726 0.0345982 0.00496292
40 0.78125 0.140904 0.0446429 0.0809152 0.00496292
40 0.731456 0.0438843 0.0480769 0.0673654 0.00492477
40 0.633585 0.0513742 0.0394917 0.0476423 0.00492477
44 0.722012 0.110073 0.0326236 0.031808 0.00486755
41 0.709135 0.195731 0.0686814 0.0806362 0.00486755
41 0.691964 0.0440848 0.0377747 0.0605469 0.00481033
40 0.661058 0.0282506 0.0377747 0.0517578 0.00479126
0 0.167625 0.873884 0.181576 0.252232 0.00479126
40 0.78125 0.0526297 0.0274725 0.0271345 0.00471878
40 0.494506 0.231306 0.0497939 0.0390625 0.00471878
41 0.611264 0.0317732 0.0772665 0.0606166 0.00469971
44 0.802713 0.151786 0.0257555 0.0295759 0.00468063
39 0.950378 0.169503 0.0446428 0.0404576 0.00468063
40 0.831044 0.0430036 0.0446428 0.0311802 0.00466537
44 0.777816 0.142439 0.0343406 0.0761719 0.00466537
45 0.855941 0.170201 0.0583791 0.0401786 0.0046463
44 0.656765 0.143834 0.0326236 0.104632 0.00462723
44 0.475618 0.200056 0.0309066 0.0560826 0.00462723
44 0.656765 0.618304 0.0944368 0.104911 0.00462723
40 0.789835 0.137695 0.0927197 0.0957031 0.00460815
26 0.577782 0.457031 0.278159 0.155134 0.0045929
44 0.863668 0.126116 0.051511 0.0348772 0.00446701
40 0.626288 0.0393415 0.0403503 0.0569196 0.00443268
75 0.362294 0.232003 0.0429258 0.0376674 0.00443268
72 0.436126 0.286342 0.149382 0.0824498 0.00443268
56 0.46274 0.388672 0.276442 0.296875 0.00443268
40 0.761504 0.134626 0.0377747 0.0859375 0.00439835
0 0.923249 0.259068 0.153503 0.205636 0.00439835
56 0.111607 0.904018 0.223214 0.180804 0.00439835
41 0.655907 0.0588728 0.0274726 0.0302734 0.00432968
40 0.85079 0.0427595 0.0223214 0.0313895 0.00429916
40 0.825034 0.0352958 0.056662 0.0450614 0.00426483
40 0.734032 0.0535889 0.0412088 0.0479562 0.00424957
43 0.621995 0.626116 0.0334821 0.046875 0.00418091
40 0.0109461 0.33817 0.0193166 0.0636161 0.00416565
44 0.248541 0.709263 0.0300481 0.0167411 0.00413513
41 0.687672 0.0401699 0.0360577 0.0541469 0.00413513
41 0.860234 0.144531 0.0583791 0.0859375 0.00411606
42 0.712569 0.685268 0.0618132 0.0502232 0.0041008
42 0.737466 0.754464 0.0326237 0.0267857 0.00408554
41 0.697974 0.121024 0.0309066 0.0308315 0.00403976
41 0.676511 0.0439802 0.0446429 0.0618722 0.00400543
39 0.244677 0.765067 0.104739 0.0993304 0.00400543
40 0.479052 0.0370396 0.0309066 0.0375279 0.00399017
40 0.643029 0.027832 0.0360577 0.0530134 0.00397491
56 0.361865 0.231864 0.0446429 0.0379464 0.00397491
13 0.750558 0.431431 0.226219 0.408343 0.0039444
43 0.64217 0.649554 0.0240385 0.0535714 0.00392914
0 0.140797 0.891183 0.235234 0.217634 0.00392914
41 0.758929 0.101004 0.0206044 0.015625 0.00388527
69 0.433122 0.279855 0.151957 0.0959821 0.00387001
43 0.628005 0.626674 0.0472184 0.0993303 0.00385475
56 0.603537 0.518136 0.32967 0.256138 0.00385475
75 0.860234 0.121931 0.0583791 0.0401786 0.00382423
43 0.691106 0.666295 0.0755495 0.0691964 0.00382423
40 0.458019 0.206194 0.0755495 0.0915179 0.00382423
40 0.830186 0.0564837 0.0549451 0.0519322 0.00379562
44 0.262706 0.714286 0.0618132 0.0245535 0.00376511
40 0.328812 0.0369001 0.0309066 0.0373884 0.00374985
40 0.898867 0.168806 0.0429258 0.0365513 0.0037365
55 0.516398 0.8125 0.965831 0.366071 0.00372124
43 0.701408 0.657366 0.132212 0.111607 0.00366402
41 0.807006 0.0595529 0.0377747 0.0349121 0.00363541
44 0.458448 0.162667 0.0206044 0.0323661 0.00363541
40 0.932349 0.130999 0.0480769 0.0655692 0.00362206
39 0.397493 0.224888 0.0171703 0.0245536 0.00362206
44 0.697974 0.121024 0.0309066 0.0308315 0.00359344
40 0.768372 0.15067 0.0394917 0.0647321 0.00359344
13 0.053228 0.552734 0.106456 0.34096 0.00359344
39 0.456302 0.228795 0.0635302 0.046317 0.00358009
44 0.716003 0.646763 0.183723 0.103795 0.00356483
43 0.625859 0.598772 0.0360577 0.0625 0.00353813
56 0.0244677 0.438616 0.0463599 0.139509 0.00351143
26 0.972613 0.318638 0.0547733 0.0558036 0.00348282
56 0.0459306 0.864955 0.0910028 0.0982142 0.00348282
60 0.832246 0.650112 0.335508 0.100446 0.00346947
47 0.714286 0.120675 0.0635302 0.0477121 0.00345612
56 0.79842 0.511719 0.123626 0.226562 0.00342941
39 0.855082 0.265625 0.0429258 0.0329241 0.00340271
44 0.702267 0.111677 0.0309066 0.0366908 0.00336266
40 0.71171 0.141602 0.0669643 0.0951451 0.00336266
43 0.683379 0.565709 0.133929 0.0806362 0.00335121
44 0.870536 0.12221 0.0412088 0.0393415 0.00333786
40 0.769231 0.0386091 0.0446429 0.0586635 0.00332451
56 0.171274 0.83817 0.237809 0.305804 0.00331116
40 0.903159 0.142439 0.0652473 0.0884487 0.00328636
40 0.655048 0.0517578 0.0291896 0.0432478 0.00325966
46 0.714286 0.120675 0.0635302 0.0477121 0.00325966
74 0.758929 0.101004 0.0206044 0.015625 0.00323486
73 0.121695 0.949777 0.17385 0.0982142 0.00323486
13 0.617273 0.407296 0.530563 0.47447 0.00322342
41 0.786401 0.65904 0.164835 0.0558035 0.00321007
41 0.643029 0.0485491 0.0463599 0.0510603 0.00319672
40 0.876545 0.128069 0.0257554 0.0259487 0.00319672
41 0.75206 0.214565 0.0377747 0.0435268 0.00319672
43 0.645604 0.604353 0.0755495 0.077009 0.00317192
55 0.673077 0.782924 0.621566 0.225446 0.889648
0 0.911229 0.412946 0.177541 0.516741 0.886719
0 0.195742 0.398438 0.377747 0.65625 0.880859
60 0.537431 0.814174 0.90831 0.36942 0.849121
56 0.395776 0.652902 0.374313 0.111607 0.827637
0 0.581645 0.376744 0.47476 0.566825 0.794434
43 0.673935 0.636161 0.130494 0.140625 0.740234
41 0.243389 0.764509 0.108173 0.0959821 0.73877
43 0.656765 0.618304 0.0961538 0.104911 0.631836
41 0.712569 0.17048 0.0635302 0.0412946 0.594727
45 0.786401 0.658482 0.161401 0.0558036 0.357666
40 0.860234 0.144531 0.0583791 0.0859375 0.267334
41 0.452438 0.232701 0.051511 0.0382255 0.26123
56 0.119763 0.949777 0.181147 0.0982142 0.219971
40 0.640453 0.0403966 0.0549451 0.0654123 0.213379
41 0.713427 0.119838 0.0635302 0.0510603 0.202393
40 0.807006 0.054548 0.0377747 0.0256696 0.174438
41 0.362294 0.232003 0.0429258 0.0376674 0.168823
41 0.944368 0.168806 0.0583791 0.0440848 0.167236
40 0.758929 0.125558 0.0343406 0.0675223 0.165649
41 0.855941 0.170201 0.0583791 0.0401786 0.148071
43 0.684882 0.647321 0.106885 0.122768 0.126831
41 0.855082 0.265765 0.0412089 0.0326451 0.126343
39 0.942651 0.16769 0.0549451 0.0429688 0.114746
42 0.674794 0.636161 0.12706 0.140625 0.110474
40 0.656765 0.0398647 0.0360577 0.066197 0.104492
41 0.496223 0.232701 0.049794 0.0362723 0.102295
40 0.643673 0.0484794 0.0450721 0.0511998 0.0953369
44 0.713427 0.169922 0.0635302 0.0410156 0.092041
40 0.763221 0.0475377 0.0360577 0.0529436 0.085083
40 0.934066 0.129185 0.0377747 0.0580357 0.0838623
40 0.597098 0.0337699 0.0455014 0.0634591 0.0803833
44 0.674794 0.636161 0.12706 0.140625 0.0803833
40 0.918613 0.12922 0.051511 0.0574079 0.078064
44 0.705701 0.151367 0.0343406 0.0189732 0.0715942
40 0.807864 0.0470843 0.0412088 0.0362723 0.069519
75 0.944368 0.168806 0.0583791 0.0440848 0.0637207
44 0.857658 0.142055 0.0600962 0.0869838 0.0614319
44 0.714286 0.123047 0.0618131 0.0574777 0.0605164
40 0.815591 0.139369 0.0497939 0.0915179 0.0589905
44 0.709135 0.1649 0.051511 0.0351563 0.0587769
44 0.452009 0.231864 0.051511 0.0390625 0.0583496
40 0.81044 0.0410069 0.0480769 0.0466134 0.0570679
71 0.408654 0.24707 0.0927198 0.0114397 0.0554199
40 0.915179 0.118304 0.0206044 0.0343192 0.0534058
58 0.0201751 0.248465 0.0369162 0.118025 0.0520325
41 0.443853 0.18764 0.0463599 0.0421317 0.0507202
44 0.707418 0.155692 0.0412088 0.0262277 0.0470886
40 0.902301 0.126709 0.0360577 0.0518276 0.0379028
40 0.807006 0.0596401 0.0412089 0.0347377 0.036499
45 0.712569 0.170759 0.0652472 0.0401786 0.0363464
40 0.944368 0.169085 0.0583791 0.0424107 0.0359497
60 0.777816 0.288225 0.293613 0.207589 0.0359497
58 0.0195312 0.227818 0.0351992 0.0767299 0.0339661
40 0.755495 0.163504 0.0377747 0.0429688 0.0334778
40 0.681662 0.042402 0.0309066 0.0593087 0.0332031
41 0.898867 0.168806 0.0429258 0.0365513 0.0321045
44 0.855941 0.167411 0.0600962 0.0435268 0.0317383
56 0.729739 0.307547 0.182006 0.127093 0.0313721
0 0.359718 0.230887 0.0463599 0.0424107 0.03125
41 0.807006 0.0533622 0.0377747 0.0228795 0.0311432
40 0.752919 0.162946 0.0274726 0.0410156 0.0299835
40 0.676511 0.043954 0.0446429 0.0619245 0.0278015
45 0.452438 0.232701 0.051511 0.0382255 0.0275879
40 0.762363 0.0530134 0.0309066 0.0477121 0.0273743
56 0.746909 0.342076 0.211195 0.194196 0.0267639
41 0.596669 0.0321917 0.0463599 0.0597796 0.0266571
40 0.855941 0.168806 0.0600962 0.0404576 0.0253754
39 0.360577 0.230608 0.0463599 0.0407366 0.0252686
40 0.691964 0.0440935 0.0377747 0.0602504 0.0248871
0 0.502232 0.412946 0.310783 0.438616 0.0228424
40 0.685096 0.03445 0.0274725 0.0415911 0.0222015
45 0.713427 0.121931 0.0635302 0.0446429 0.02211
44 0.808723 0.136579 0.0377747 0.0864955 0.0217743
40 0.740041 0.0515834 0.0412088 0.05113 0.021698
40 0.904876 0.119141 0.0343406 0.0365513 0.0208893
44 0.755495 0.126151 0.0377747 0.0668945 0.0207977
40 0.636161 0.0322266 0.0463599 0.0602679 0.0200195
40 0.803571 0.136684 0.0309066 0.0837751 0.0200195
40 0.805288 0.116071 0.0223214 0.0401786 0.0199432
49 0.452438 0.23298 0.051511 0.0379464 0.0195007
60 0.779533 0.215402 0.29533 0.0613839 0.0194244
40 0.757212 0.063058 0.0206044 0.0295759 0.0191956
39 0.932349 0.168248 0.0343406 0.0404576 0.0184784
71 0.413805 0.248605 0.106456 0.0111607 0.0184021
56 0.752919 0.435826 0.231799 0.422991 0.0181274
41 0.808723 0.054391 0.0412088 0.0315639 0.016983
56 0.617273 0.40625 0.527129 0.46875 0.0167236
44 0.724588 0.111468 0.0343406 0.0210659 0.0164032
75 0.855941 0.170201 0.0583791 0.0401786 0.0164032
40 0.859375 0.121233 0.0566621 0.0387835 0.0162201
41 0.896291 0.165179 0.0309066 0.0373884 0.0160217
44 0.685096 0.655134 0.108173 0.109375 0.0156021
40 0.597098 0.0462472 0.0437843 0.0499442 0.0154266
40 0.863668 0.126116 0.051511 0.0351562 0.0152512
44 0.859375 0.121233 0.0566621 0.0387835 0.0148392
55 0.600103 0.75558 0.327953 0.167411 0.0148392
44 0.444712 0.186802 0.0463599 0.0440848 0.0144501
56 0.582933 0.491071 0.260989 0.285714 0.014389
40 0.757212 0.152867 0.0446429 0.0642439 0.0142288
40 0.611264 0.0318429 0.0772665 0.0607561 0.0141754
42 0.685096 0.655134 0.108173 0.109375 0.0140076
45 0.944368 0.170759 0.0583791 0.0412946 0.0139008
27 0.256267 0.252372 0.0858517 0.0655692 0.0137405
40 0.916896 0.142718 0.0789835 0.0890067 0.0137405
41 0.932349 0.168248 0.0343406 0.0404576 0.013588
56 0.848214 0.323661 0.0755495 0.0993304 0.0135345
44 0.705701 0.667411 0.0480769 0.0669643 0.0133743
56 0.581645 0.458147 0.275584 0.151786 0.0133286
56 0.436985 0.286342 0.149382 0.0824498 0.0132217
44 0.935783 0.154715 0.0206044 0.0192522 0.0126266
40 0.805288 0.138393 0.0652472 0.094029 0.0126266
43 0.683379 0.659598 0.0927198 0.0803571 0.0125732
40 0.746051 0.0450265 0.049794 0.0639649 0.0123825
41 0.867102 0.175084 0.0377747 0.0237165 0.0123367
44 0.715144 0.136998 0.0652472 0.0680804 0.0122375
75 0.713427 0.17034 0.0652472 0.0410156 0.0120544
41 0.860234 0.12207 0.0583791 0.0401786 0.0118256
44 0.683379 0.659598 0.0927198 0.0803571 0.0116425
44 0.691106 0.666295 0.0755495 0.0691964 0.011467
44 0.450721 0.209263 0.0600962 0.0597098 0.0113754
40 0.713427 0.17034 0.0635302 0.0418527 0.0109863
39 0.8568 0.168806 0.0583791 0.0385045 0.0109482
40 0.714286 0.0456194 0.0480769 0.0637556 0.0107803
41 0.849073 0.316964 0.0755495 0.111049 0.0106964
56 0.689389 0.317243 0.262706 0.142299 0.0104904
40 0.697115 0.0304129 0.0446429 0.0537109 0.0102081
40 0.76408 0.0602504 0.0309066 0.0404925 0.01017
0 0.345553 0.228516 0.076408 0.0440848 0.0100098
40 0.892857 0.139927 0.051511 0.0803571 0.00993347
39 0.496223 0.232143 0.049794 0.0385045 0.00993347
40 0.896291 0.122698 0.0377747 0.0456194 0.00985718
44 0.703125 0.166853 0.0429258 0.031529 0.00985718
42 0.658482 0.626674 0.101305 0.122768 0.00971222
44 0.896291 0.120187 0.0223214 0.039481 0.00967407
44 0.896291 0.125419 0.0309066 0.0510603 0.00959778
44 0.454155 0.180804 0.0274725 0.0440848 0.00945282
71 0.435268 0.249302 0.151099 0.0128348 0.00941467
40 0.361865 0.230329 0.0437844 0.0396205 0.0091629
40 0.687672 0.0397252 0.0343406 0.0528041 0.0091629
44 0.801854 0.137033 0.0343406 0.0808454 0.00891876
60 0.435268 0.281529 0.15625 0.0708705 0.00891876
44 0.876545 0.128069 0.0257554 0.0259487 0.00881195
56 0.589801 0.40904 0.479052 0.34375 0.00871277
39 0.452438 0.232561 0.051511 0.0382254 0.00831604
44 0.471326 0.189453 0.0446429 0.0488281 0.00812531
39 0.713427 0.17034 0.0652472 0.0410156 0.00809479
67 0.476477 0.196708 0.0326236 0.046317 0.00806427
56 0.778031 0.40067 0.284598 0.402902 0.00800323
44 0.824176 0.13644 0.0446428 0.0817522 0.0077858
39 0.898867 0.168806 0.0429258 0.0365513 0.00775528
75 0.452438 0.232561 0.051511 0.0382254 0.00775528
43 0.453297 0.232143 0.0532281 0.0396205 0.00769424
41 0.685096 0.0343105 0.0343406 0.040754 0.00766754
58 0.0193166 0.215123 0.0351992 0.0611049 0.00757599
56 0.0523695 0.607003 0.100446 0.236886 0.00751877
56 0.0525841 0.947545 0.103451 0.104911 0.00746155
44 0.71171 0.141602 0.0669643 0.0951451 0.00737381
44 0.657624 0.132673 0.0257555 0.0817522 0.00734711
44 0.765797 0.139369 0.0343406 0.0736607 0.00734711
45 0.361865 0.231864 0.0446429 0.0379464 0.00725937
60 0.669643 0.286551 0.467033 0.199219 0.00723267
44 0.253262 0.709821 0.0412088 0.0178571 0.00703812
41 0.899725 0.171177 0.0343407 0.0295759 0.00701141
39 0.896291 0.165179 0.0309066 0.0373884 0.00698471
43 0.712569 0.685268 0.0618132 0.0502232 0.0068779
43 0.667067 0.565709 0.164835 0.0583148 0.0068779
60 0.726305 0.936384 0.546017 0.116071 0.0068512
44 0.360577 0.230608 0.0463599 0.0407366 0.00671768
40 0.529705 0.0398908 0.0291896 0.0517753 0.00664139
44 0.743475 0.667411 0.226648 0.107143 0.00651169
41 0.697115 0.16769 0.0326237 0.0290179 0.0064888
41 0.597098 0.0462472 0.0437843 0.0499442 0.0064621
44 0.705701 0.153181 0.0549451 0.062779 0.00643921
40 0.896291 0.120187 0.0223214 0.039481 0.00631332
45 0.496223 0.232701 0.049794 0.0362723 0.00619125
40 0.935783 0.108677 0.0188874 0.015346 0.00616837
40 0.600962 0.0507115 0.0377747 0.0461775 0.00612259
40 0.714286 0.121094 0.0618131 0.0541295 0.00609589
13 0.102163 0.944197 0.204327 0.103795 0.00609589
41 0.633585 0.0514439 0.0394917 0.0475028 0.006073
67 0.244248 0.764509 0.103881 0.0982143 0.006073
44 0.730598 0.119559 0.0326237 0.046317 0.00598145
44 0.902301 0.126709 0.0360577 0.0518276 0.00593567
39 0.443853 0.18764 0.0463599 0.0421317 0.00593567
55 0.709993 0.78125 0.394918 0.198661 0.00591278
40 0.731456 0.0442243 0.0480769 0.0668248 0.00582123
41 0.655907 0.0450701 0.0309066 0.0566232 0.00579834
60 0.430546 0.702567 0.400927 0.137277 0.00579834
40 0.790694 0.137835 0.0927198 0.0954241 0.00568771
41 0.757212 0.161551 0.0446429 0.046875 0.00564194
56 0.0551597 0.555804 0.103451 0.332589 0.00564194
56 0.178357 0.944197 0.350704 0.104911 0.00561905
40 0.770948 0.0456194 0.0343406 0.0457589 0.00559998
41 0.691964 0.0440935 0.0377747 0.0602504 0.00557709
53 0.67136 0.781808 0.611264 0.223214 0.0055542
40 0.661058 0.0282506 0.0377747 0.0517578 0.00553513
40 0.633585 0.0514439 0.0394917 0.0475028 0.00551224
44 0.753777 0.141183 0.0309066 0.0351562 0.00547028
40 0.776099 0.0483398 0.0274726 0.0344587 0.00544739
40 0.78125 0.0525949 0.0274725 0.0270647 0.00544739
40 0.896291 0.165179 0.0309066 0.0373884 0.00540543
44 0.892857 0.139927 0.051511 0.0803571 0.00534439
41 0.637449 0.0426549 0.0472184 0.0618722 0.0053215
40 0.494506 0.231306 0.0497939 0.0390625 0.00527954
41 0.714286 0.165458 0.053228 0.0373884 0.00521851
75 0.932349 0.168248 0.0343406 0.0404576 0.00521851
45 0.777816 0.215541 0.302198 0.0605469 0.00519943
44 0.722871 0.109933 0.0343406 0.031529 0.00516129
40 0.78125 0.141044 0.0446429 0.0806362 0.00516129
40 0.85079 0.0431431 0.0223214 0.0321568 0.0051384
40 0.626717 0.0401001 0.0394918 0.055542 0.00511932
40 0.832761 0.0429688 0.0446429 0.030971 0.0050621
44 0.656765 0.143834 0.0326236 0.104632 0.00498199
40 0.825893 0.0353045 0.0549451 0.0446254 0.00496292
0 0.167411 0.873884 0.181147 0.252232 0.00492477
41 0.709993 0.195592 0.0686813 0.0803572 0.0049057
44 0.777816 0.142613 0.0343406 0.0758231 0.00488663
41 0.655907 0.0589425 0.0274726 0.0301339 0.00486755
41 0.687672 0.0397252 0.0343406 0.0528041 0.00484848
40 0.478194 0.0370396 0.0291896 0.0375279 0.00482941
45 0.855941 0.170201 0.0583791 0.0401786 0.00481033
75 0.362294 0.232003 0.0429258 0.0376674 0.00481033
26 0.577782 0.456473 0.278159 0.15346 0.00479126
44 0.863668 0.126116 0.051511 0.0351562 0.00468063
45 0.782967 0.667969 0.168269 0.0770089 0.00466537
39 0.951236 0.169503 0.0446428 0.0404576 0.0046463
44 0.475618 0.200056 0.0309066 0.0558036 0.0046463
40 0.831044 0.0565709 0.051511 0.0520368 0.00460815
44 0.802713 0.152623 0.0257555 0.0301339 0.0045929
0 0.923249 0.258789 0.153503 0.205636 0.00455475
42 0.737466 0.754464 0.0326237 0.0267857 0.00448608
44 0.656765 0.618304 0.0961538 0.104911 0.00445175
56 0.455872 0.386091 0.24897 0.289202 0.00443268
40 0.643029 0.0278669 0.0343406 0.0530832 0.00436401
41 0.860234 0.144531 0.0583791 0.0859375 0.00436401
72 0.436556 0.286342 0.15024 0.0824498 0.00436401
56 0.112036 0.904018 0.224073 0.180804 0.00436401
41 0.611264 0.0318429 0.0772665 0.0607561 0.00434875
0 0.140367 0.890625 0.235234 0.21875 0.00432968
44 0.248541 0.709263 0.0300481 0.0167411 0.00431442
40 0.762363 0.136161 0.0412088 0.0906808 0.00428009
40 0.0111607 0.33817 0.0197459 0.0636161 0.00426483
41 0.758929 0.101004 0.0206044 0.0154855 0.0042305
40 0.457589 0.206473 0.0755494 0.0909598 0.0042305
41 0.697115 0.120675 0.0309066 0.0301339 0.00419998
41 0.807006 0.0595529 0.0377747 0.0349121 0.00416565
39 0.397493 0.224609 0.0171703 0.0245536 0.00416565
41 0.676511 0.043954 0.0446429 0.0619245 0.00415039
42 0.712569 0.685268 0.0618132 0.0502232 0.00411606
40 0.328812 0.0369001 0.0309066 0.0373884 0.0041008
43 0.691106 0.666295 0.0755495 0.0691964 0.0041008
39 0.24457 0.765067 0.104954 0.0993304 0.00407028
56 0.361865 0.231864 0.0446429 0.0379464 0.00402451
44 0.458448 0.162109 0.0206044 0.03125 0.00400543
40 0.769231 0.0385742 0.0412088 0.0580357 0.00399017
75 0.860234 0.12207 0.0583791 0.0401786 0.00399017
43 0.621995 0.626116 0.0334821 0.046875 0.00399017
55 0.516827 0.8125 0.964973 0.366071 0.00397491
40 0.755495 0.036656 0.0480769 0.0634068 0.00391388
40 0.768372 0.150809 0.0394917 0.0641741 0.00390053
40 0.933207 0.130894 0.0480769 0.0652204 0.00388527
43 0.64217 0.649554 0.0240385 0.0535714 0.00382423
40 0.530563 0.0472935 0.0274725 0.0404576 0.00380898
44 0.262706 0.714286 0.0618132 0.0245535 0.00380898
56 0.603537 0.517857 0.327953 0.25558 0.00379562
40 0.898867 0.168806 0.0429258 0.0365513 0.00378036
43 0.700335 0.658482 0.130924 0.109375 0.00374985
13 0.750558 0.431431 0.226219 0.408343 0.00370789
26 0.972184 0.318638 0.0556319 0.0558036 0.00369263
39 0.855082 0.265625 0.0429258 0.0329241 0.00366402
56 0.0459306 0.864955 0.0910028 0.0982142 0.00365067
13 0.053228 0.553292 0.106456 0.339844 0.00365067
44 0.697115 0.120675 0.0309066 0.0301339 0.00362206
40 0.655048 0.0517229 0.0291896 0.043178 0.0036068
40 0.902301 0.142543 0.0618132 0.0882394 0.0036068
43 0.628005 0.626116 0.0472184 0.100446 0.00359344
40 0.655907 0.0453317 0.0240385 0.0559605 0.00356483
44 0.715144 0.646763 0.182006 0.103795 0.00356483
40 0.777816 0.0625174 0.0274726 0.0340053 0.00353813
44 0.702267 0.111607 0.0309066 0.0365513 0.00353813
69 0.433122 0.280134 0.151957 0.0948661 0.00353813
56 0.0242531 0.438337 0.0455014 0.138393 0.00353813
43 0.625859 0.598214 0.0360577 0.0625 0.00352478
40 0.876545 0.128069 0.0257554 0.0259487 0.00351143
40 0.644746 0.0544085 0.0309066 0.0403181 0.00348282
74 0.758929 0.101004 0.0206044 0.0154855 0.00348282
60 0.831817 0.65067 0.336367 0.100446 0.00345612
44 0.870536 0.12221 0.0377747 0.0393415 0.00344276
0 0.458448 0.232561 0.0669643 0.0398996 0.00344276
40 0.724588 0.0411551 0.0377747 0.0717076 0.00341606
41 0.75206 0.150251 0.0326236 0.0186942 0.00341606
47 0.714286 0.120675 0.0635302 0.0477121 0.00340271
41 0.75206 0.214565 0.0377747 0.0435268 0.00340271
56 0.171274 0.83817 0.237809 0.305804 0.00340271
40 0.449004 0.138532 0.0326236 0.0334821 0.00335121
39 0.475618 0.193638 0.0343406 0.047433 0.00335121
75 0.858517 0.14338 0.0583792 0.0854492 0.00332451
40 0.71171 0.141602 0.0669643 0.0951451 0.00328636
41 0.656765 0.0991909 0.0188874 0.0136719 0.00324821
55 0.673292 0.783482 0.621137 0.225446 0.891113
0 0.911229 0.412667 0.177541 0.516183 0.886719
0 0.195742 0.398158 0.377747 0.656808 0.880859
60 0.537002 0.814174 0.909169 0.36942 0.849609
56 0.395347 0.652902 0.375172 0.111607 0.829102
0 0.581645 0.376744 0.47476 0.566825 0.792969
41 0.243389 0.764509 0.108173 0.0959821 0.73877
43 0.673935 0.636161 0.130494 0.140625 0.737305
43 0.656765 0.618304 0.0961538 0.104911 0.637207
41 0.712569 0.17048 0.0635302 0.0412946 0.592773
45 0.786401 0.658482 0.161401 0.0558036 0.363037
40 0.860234 0.144531 0.0583791 0.0859375 0.267334
41 0.452438 0.232701 0.051511 0.0382255 0.26123
56 0.119763 0.949777 0.181147 0.0982142 0.219971
40 0.640453 0.0403878 0.0549451 0.0654297 0.212036
41 0.713427 0.119838 0.0635302 0.0510603 0.202393
40 0.807006 0.0545306 0.0377747 0.0257045 0.175537
41 0.362294 0.232003 0.0429258 0.0376674 0.168335
41 0.944368 0.168806 0.0583791 0.0440848 0.167725
40 0.758929 0.125558 0.0343406 0.0675223 0.162354
41 0.855941 0.170201 0.0583791 0.0398996 0.147095
41 0.855082 0.265625 0.0412089 0.0323661 0.12854
43 0.684882 0.647321 0.106885 0.122768 0.125122
39 0.942651 0.16769 0.0549451 0.0429688 0.11554
42 0.674794 0.636161 0.12706 0.140625 0.111267
40 0.656765 0.0399344 0.0360577 0.0660575 0.105225
41 0.496223 0.232701 0.049794 0.0362723 0.102661
44 0.713427 0.169922 0.0635302 0.0410156 0.0939941
40 0.643887 0.0485142 0.0446428 0.05113 0.0933228
40 0.934066 0.129185 0.0377747 0.0580357 0.0844727
40 0.763221 0.0474679 0.0360577 0.0530832 0.0827026
40 0.597098 0.0338222 0.0455014 0.063494 0.0820923
44 0.674794 0.636161 0.12706 0.140625 0.0803833
40 0.918613 0.12922 0.051511 0.0574079 0.078064
44 0.705701 0.151367 0.0343406 0.0189732 0.0715942
40 0.807864 0.0470843 0.0412088 0.0362723 0.0685425
75 0.944368 0.168806 0.0583791 0.0440848 0.0632324
44 0.714286 0.122977 0.0618131 0.0573382 0.0628052
44 0.857658 0.142055 0.0600962 0.0869838 0.0609741
40 0.815591 0.139369 0.0497939 0.0915179 0.0587769
44 0.709135 0.1649 0.051511 0.0348772 0.0583496
44 0.452009 0.232003 0.051511 0.0390625 0.0579224
40 0.81044 0.0408761 0.0480769 0.046875 0.0570679
71 0.408654 0.24707 0.0927198 0.0114397 0.0545959
40 0.915179 0.118164 0.0206044 0.0340402 0.0541992
58 0.0201751 0.248605 0.0369162 0.118304 0.0528259
41 0.443853 0.18764 0.0463599 0.0421317 0.0509033
44 0.707418 0.155692 0.0412088 0.0262277 0.0470886
40 0.902301 0.126674 0.0360577 0.0518973 0.0381775
45 0.712569 0.170759 0.0652472 0.0401786 0.0368958
40 0.807006 0.0597273 0.0412089 0.0348424 0.0367737
60 0.777816 0.287946 0.293613 0.207031 0.0359497
40 0.944368 0.169085 0.0583791 0.0424107 0.0358276
58 0.0195312 0.227818 0.0356284 0.0767299 0.0343628
40 0.755495 0.163504 0.0377747 0.0429688 0.0340881
40 0.681662 0.0424107 0.0309066 0.0594308 0.0333252
41 0.898867 0.168806 0.0429258 0.0365513 0.0324707
44 0.855941 0.167411 0.0600962 0.0435268 0.0323486
0 0.359718 0.230887 0.0463599 0.0424107 0.0321655
56 0.729739 0.307547 0.182006 0.127093 0.0314941
41 0.807006 0.0533622 0.0377747 0.023019 0.0302124
40 0.752919 0.162946 0.0274726 0.0410156 0.0302124
40 0.676511 0.0439453 0.0446429 0.061942 0.0278015
45 0.452438 0.232701 0.051511 0.0382255 0.0275879
40 0.762363 0.0530483 0.0309066 0.0477818 0.0267639
56 0.746909 0.341518 0.211195 0.19308 0.0266571
40 0.855941 0.168806 0.0600962 0.0401786 0.0259552
41 0.596669 0.0322353 0.0463599 0.0598319 0.0258636
39 0.360577 0.230608 0.0463599 0.0407366 0.0253754
40 0.691964 0.0440848 0.0377747 0.0602679 0.0250854
0 0.502232 0.412667 0.310783 0.439174 0.0226746
45 0.713427 0.121931 0.0635302 0.0446429 0.0224609
40 0.685096 0.0344936 0.0274725 0.0417829 0.0223694
44 0.808723 0.136475 0.0377747 0.0864258 0.0220337
40 0.740041 0.0515834 0.0412088 0.05113 0.0209656
40 0.904876 0.119001 0.0343406 0.0365513 0.0209656
44 0.755495 0.126151 0.0377747 0.0668945 0.0207214
40 0.636161 0.032305 0.0463599 0.0603899 0.0200195
40 0.803571 0.136684 0.0309066 0.0837751 0.0197144
40 0.805288 0.116071 0.0223214 0.0398996 0.0196381
49 0.452438 0.23298 0.051511 0.0379464 0.0191956
60 0.779533 0.215402 0.29533 0.0613839 0.0191956
39 0.932349 0.168248 0.0343406 0.0404576 0.0190582
40 0.757212 0.063058 0.0206044 0.0295759 0.0189056
71 0.413805 0.248605 0.106456 0.0111607 0.0181274
56 0.752919 0.435826 0.231799 0.422991 0.0175171
41 0.808723 0.0544085 0.0412088 0.0316685 0.0165863
44 0.724588 0.111468 0.0343406 0.0209263 0.0165253
56 0.617273 0.405413 0.527129 0.468192 0.0164032
40 0.859375 0.121233 0.0566621 0.0387835 0.0163422
44 0.685096 0.655134 0.108173 0.107143 0.0163422
41 0.896291 0.165318 0.0309066 0.0373884 0.0161591
75 0.855941 0.170201 0.0583791 0.0398996 0.0157776
55 0.600103 0.755022 0.327953 0.167411 0.0155411
40 0.597098 0.0462472 0.0437843 0.0500837 0.0154877
40 0.863668 0.126116 0.051511 0.0351562 0.0151901
44 0.859375 0.121233 0.0566621 0.0387835 0.0146713
42 0.685096 0.655134 0.108173 0.107143 0.0146713
56 0.582933 0.491071 0.260989 0.285714 0.0144501
40 0.757212 0.153041 0.0446429 0.0641741 0.014389
44 0.444712 0.186663 0.0463599 0.0440848 0.014389
40 0.611264 0.0318429 0.0772665 0.0607561 0.0141144
27 0.256267 0.252372 0.0858517 0.0655692 0.014061
45 0.944368 0.170759 0.0583791 0.0412946 0.0139008
41 0.932349 0.168248 0.0343406 0.0404576 0.0138474
56 0.848214 0.323661 0.0755495 0.0993304 0.0136337
44 0.705701 0.667411 0.0480769 0.0669643 0.0135345
40 0.916896 0.142718 0.0789835 0.0890067 0.0135345
56 0.581645 0.458147 0.275584 0.151786 0.0133743
56 0.436985 0.286342 0.149382 0.0824498 0.0131683
44 0.935783 0.154715 0.0206044 0.0192522 0.0127716
43 0.683379 0.659598 0.0927198 0.0803571 0.0127716
41 0.867102 0.175084 0.0377747 0.0237165 0.0125275
40 0.805288 0.138428 0.0652472 0.0942383 0.0123367
44 0.715144 0.136963 0.0652472 0.0681501 0.012291
40 0.746051 0.044887 0.049794 0.0642439 0.0121918
41 0.860234 0.12207 0.0583791 0.0401786 0.0118256
75 0.713427 0.17034 0.0652472 0.0410156 0.0116882
44 0.683379 0.659598 0.0927198 0.0803571 0.0116882
44 0.691106 0.666295 0.0755495 0.0680804 0.0116425
44 0.450721 0.209821 0.0592376 0.0591518 0.0112457
41 0.849073 0.316964 0.0755495 0.111049 0.0112
39 0.8568 0.168806 0.0583791 0.0382254 0.0109482
40 0.713427 0.17034 0.0635302 0.0418527 0.0109482
56 0.68853 0.317243 0.262706 0.142299 0.0104904
40 0.714286 0.0456107 0.0480769 0.0639125 0.0103302
40 0.696257 0.0304478 0.0429258 0.0537807 0.0101318
0 0.345553 0.228516 0.076408 0.0440848 0.0100937
39 0.496223 0.232143 0.049794 0.0385045 0.0100098
40 0.896291 0.122698 0.0377747 0.0456194 0.00993347
44 0.703125 0.166853 0.0429258 0.031529 0.00993347
42 0.658482 0.626116 0.0995879 0.122768 0.00993347
40 0.76408 0.0603376 0.0309066 0.0405971 0.00989532
40 0.892857 0.139927 0.051511 0.0803571 0.00981903
44 0.896291 0.120187 0.0223214 0.039481 0.00959778
44 0.896291 0.125419 0.0309066 0.0510603 0.00955963
44 0.454155 0.180804 0.0274725 0.0440848 0.00937653
71 0.435268 0.249302 0.151099 0.0128348 0.00923157
40 0.361865 0.230329 0.0437844 0.0396205 0.0091629
40 0.687672 0.0400739 0.0343406 0.0535017 0.00905609
60 0.435268 0.281529 0.15625 0.0708705 0.00891876
44 0.801854 0.136858 0.0343406 0.0806362 0.00888062
44 0.876545 0.128069 0.0257554 0.0259487 0.00878143
56 0.589801 0.408761 0.477335 0.343192 0.00847626
39 0.452438 0.232561 0.051511 0.0382254 0.00831604
39 0.713427 0.17034 0.0652472 0.0410156 0.00806427
44 0.471326 0.189453 0.0446429 0.0488281 0.00803375
67 0.476477 0.196708 0.0326236 0.046317 0.00787354
75 0.452438 0.232561 0.051511 0.0382254 0.00784302
44 0.824176 0.136405 0.0446428 0.081543 0.0078125
39 0.898867 0.168806 0.0429258 0.0365513 0.0078125
56 0.777816 0.399275 0.28331 0.400112 0.0077858
43 0.453297 0.232143 0.0532281 0.0396205 0.00769424
58 0.0193166 0.215123 0.0351992 0.0608259 0.00760651
56 0.0523695 0.947545 0.103022 0.104911 0.00757599
41 0.685096 0.0343279 0.0343406 0.0408587 0.00754929
56 0.0523695 0.607003 0.100446 0.236886 0.00751877
44 0.71171 0.141602 0.0669643 0.0951451 0.00746155
44 0.657624 0.132533 0.0257555 0.0814732 0.00734711
44 0.765797 0.139788 0.0343406 0.0725446 0.00734711
60 0.667711 0.286551 0.467462 0.199219 0.00723267
45 0.361865 0.231864 0.0446429 0.0379464 0.00714874
41 0.899725 0.171317 0.0343407 0.0295759 0.00709534
39 0.896291 0.165318 0.0309066 0.0373884 0.00706482
43 0.712569 0.685268 0.0618132 0.0491072 0.00701141
44 0.253262 0.709821 0.0403503 0.0178571 0.00701141
43 0.66814 0.565848 0.164406 0.0591518 0.0069313
60 0.743261 0.938616 0.512105 0.113839 0.0068512
40 0.529705 0.0398647 0.0291896 0.0519671 0.00671768
44 0.360577 0.230608 0.0463599 0.0407366 0.00656509
44 0.705701 0.153181 0.0549451 0.063058 0.0064621
41 0.697115 0.16769 0.0326237 0.0290179 0.0064621
44 0.74369 0.668527 0.226219 0.107143 0.0064621
13 0.102163 0.944197 0.204327 0.103795 0.00638962
40 0.896291 0.120187 0.0223214 0.039481 0.00636292
41 0.597098 0.0462472 0.0437843 0.0500837 0.00629044
40 0.935783 0.108677 0.0188874 0.015346 0.00624084
45 0.496223 0.232701 0.049794 0.0362723 0.00619125
44 0.729739 0.119559 0.0343406 0.046317 0.00612259
40 0.714286 0.121094 0.0618131 0.0541295 0.00600433
39 0.443853 0.18764 0.0463599 0.0421317 0.00598145
67 0.244248 0.764509 0.103881 0.0982143 0.00598145
41 0.633585 0.0514788 0.0394917 0.047433 0.00595856
60 0.430546 0.702567 0.400927 0.137277 0.00591278
44 0.902301 0.126674 0.0360577 0.0518973 0.005867
41 0.757212 0.161551 0.0446429 0.046875 0.00575256
40 0.731456 0.0441197 0.0480769 0.067034 0.00572968
41 0.655907 0.0450701 0.0309066 0.0566232 0.00566483
56 0.0551597 0.555943 0.103451 0.33231 0.00559998
53 0.67136 0.781808 0.611264 0.223214 0.00559998
56 0.178357 0.944197 0.350704 0.104911 0.00559998
40 0.661058 0.0282506 0.0377747 0.0517578 0.00557709
55 0.709349 0.780692 0.394488 0.197545 0.00557709
41 0.691964 0.0440848 0.0377747 0.0602679 0.00551224
40 0.770948 0.0455148 0.0343406 0.0462472 0.00548935
44 0.753777 0.141218 0.0309066 0.0350865 0.00548935
40 0.790694 0.1378 0.0927198 0.0954939 0.00548935
40 0.896291 0.165318 0.0309066 0.0373884 0.00544739
40 0.633585 0.0514788 0.0394917 0.047433 0.00542831
45 0.777816 0.215541 0.302198 0.0605469 0.00538635
40 0.78125 0.0526646 0.0274725 0.0272042 0.00536346
40 0.494506 0.231306 0.0497939 0.0390625 0.00536346
40 0.776099 0.048305 0.0274726 0.034668 0.00530243
44 0.892857 0.139927 0.051511 0.0803571 0.00526047
75 0.932349 0.168248 0.0343406 0.0404576 0.00521851
44 0.722871 0.109863 0.0343406 0.0313895 0.00518036
40 0.626717 0.0401786 0.0394918 0.055385 0.00516129
0 0.167411 0.873884 0.181147 0.252232 0.00516129
41 0.637449 0.0425851 0.0472184 0.0620117 0.0051384
41 0.714286 0.165458 0.053228 0.0373884 0.0051384
40 0.85079 0.0433873 0.0223214 0.0326451 0.00511932
41 0.709993 0.195731 0.0686813 0.0803571 0.00511932
40 0.832761 0.0430036 0.0446429 0.0311802 0.00508118
40 0.78125 0.141044 0.0429258 0.0806362 0.00502014
44 0.656765 0.143834 0.0326236 0.104632 0.00502014
44 0.777816 0.142718 0.0343406 0.0753348 0.00496292
40 0.825893 0.0352609 0.0549451 0.0448521 0.00494385
40 0.478194 0.0370396 0.0291896 0.0375279 0.00488663
26 0.577782 0.456473 0.278159 0.152902 0.00488663
45 0.855941 0.170201 0.0583791 0.0398996 0.00481033
41 0.655907 0.0590297 0.0274726 0.0300991 0.00479126
75 0.362294 0.232003 0.0429258 0.0376674 0.00479126
41 0.687672 0.0400739 0.0343406 0.0535017 0.00477219
39 0.951236 0.169364 0.0446428 0.0407366 0.0046463
44 0.863668 0.126116 0.051511 0.0351562 0.00460815
44 0.802713 0.152902 0.0257555 0.0295759 0.00460815
44 0.475618 0.200056 0.0309066 0.0558036 0.00460815
0 0.923249 0.258789 0.153503 0.205636 0.00460815
44 0.656765 0.618304 0.0961538 0.104911 0.00457382
42 0.737466 0.754464 0.0326237 0.0267857 0.00452042
40 0.831044 0.0565709 0.051511 0.0520368 0.00450516
56 0.112036 0.904576 0.224073 0.180804 0.00446701
0 0.140367 0.890625 0.235234 0.21875 0.00443268
72 0.436126 0.286342 0.149382 0.0824498 0.00438309
40 0.643029 0.0278669 0.0343406 0.0530832 0.00436401
41 0.860234 0.144531 0.0583791 0.0859375 0.00434875
44 0.248111 0.708705 0.0291896 0.0178572 0.00431442
39 0.397493 0.224609 0.0171703 0.0245536 0.00426483
56 0.456302 0.386091 0.24897 0.289202 0.00426483
40 0.0111607 0.33817 0.0197459 0.0636161 0.0042305
42 0.712569 0.685268 0.0618132 0.0491072 0.00421524
41 0.697115 0.120815 0.0309066 0.0301339 0.00419998
43 0.691106 0.666295 0.0755495 0.0680804 0.00419998
40 0.457589 0.206334 0.0755494 0.0912388 0.00419998
40 0.762363 0.136161 0.0412088 0.0909598 0.00418091
41 0.807006 0.0596401 0.0377747 0.0350167 0.00416565
41 0.611264 0.0318429 0.0772665 0.0607561 0.00413513
41 0.758929 0.101004 0.0206044 0.0154855 0.00413513
56 0.361865 0.231864 0.0446429 0.0379464 0.00403976
40 0.328812 0.0369001 0.0309066 0.0373884 0.00400543
39 0.244677 0.765067 0.104739 0.0993304 0.00400543
44 0.458448 0.162109 0.0206044 0.03125 0.00397491
55 0.516827 0.8125 0.964973 0.366071 0.00395966
41 0.676511 0.0439453 0.0446429 0.061942 0.0039444
75 0.860234 0.12207 0.0583791 0.0401786 0.0039444
43 0.621995 0.626116 0.0334821 0.046875 0.0039444
40 0.768372 0.150984 0.0394917 0.0641044 0.00391388
40 0.769231 0.0385829 0.0412088 0.0581578 0.00390053
40 0.530563 0.0472935 0.0274725 0.0404576 0.00390053
40 0.898867 0.168806 0.0429258 0.0365513 0.00385475
43 0.64217 0.649554 0.0240385 0.0524553 0.00385475
40 0.934066 0.130894 0.0480769 0.0652204 0.00383949
40 0.755495 0.0366124 0.0480769 0.063494 0.00380898
56 0.603966 0.517578 0.327095 0.256138 0.00380898
41 0.751202 0.214565 0.0377747 0.0435268 0.00376511
44 0.262706 0.714286 0.0618132 0.0245535 0.00372124
39 0.855082 0.265625 0.0429258 0.0329241 0.00370789
56 0.0459306 0.864955 0.0910028 0.0982142 0.00370789
26 0.972184 0.318359 0.0556319 0.0552455 0.00366402
44 0.697115 0.120815 0.0309066 0.0301339 0.00363541
13 0.750558 0.431362 0.226219 0.408482 0.00363541
40 0.655048 0.0517927 0.0291896 0.043178 0.00362206
43 0.628005 0.626674 0.0472184 0.0993303 0.00359344
40 0.902301 0.142543 0.0618132 0.0882394 0.00359344
40 0.655907 0.0460379 0.0240385 0.054548 0.00358009
13 0.053228 0.553292 0.106456 0.339844 0.00358009
40 0.876545 0.128069 0.0257554 0.0259487 0.00355148
43 0.701408 0.658482 0.132212 0.109375 0.00355148
44 0.702267 0.111607 0.0309066 0.0365513 0.00353813
44 0.716217 0.646763 0.18501 0.103795 0.00353813
43 0.625859 0.598214 0.0360577 0.0625 0.00352478
0 0.458448 0.232422 0.0669643 0.0396205 0.00351143
56 0.0242531 0.438337 0.0455014 0.138393 0.00351143
60 0.832246 0.650112 0.335508 0.0993303 0.00351143
74 0.758929 0.101004 0.0206044 0.0154855 0.00349617
40 0.777816 0.0625174 0.0274726 0.0340053 0.00348282
56 0.171274 0.83817 0.236951 0.305804 0.00348282
69 0.433122 0.280204 0.151957 0.0947266 0.00344276
40 0.644746 0.0544782 0.0309066 0.0401786 0.00342941
44 0.870536 0.12221 0.0377747 0.0393415 0.00342941
41 0.75206 0.150251 0.0326236 0.0186942 0.00342941
39 0.475618 0.193638 0.0343406 0.047433 0.00338936
40 0.724588 0.0410854 0.0377747 0.0718471 0.00337601
47 0.714286 0.120675 0.0635302 0.0477121 0.00337601
40 0.449004 0.138532 0.0326236 0.0334821 0.00337601
56 0.79842 0.511719 0.123626 0.226562 0.00335121
75 0.858517 0.14338 0.0583792 0.0854492 0.00325966
40 0.453297 0.140067 0.0274725 0.0368304 0.00324821
41 0.400069 0.16769 0.0120192 0.0106027 0.00324821
40 0.71171 0.141602 0.0669643 0.0951451 0.00323486
