2 0.153356 0.483586 0.126031 0.0808081 0.819824
4 0.545391 0.594276 0.877757 0.781145 0.451416
3 0.352999 0.522727 0.6625 0.848485 0.437744
4 0.756187 0.431818 0.198527 0.0656566 0.361084
7 0.832029 0.446549 0.0513047 0.0420876 0.305664
2 0.16437 0.433081 0.037642 0.0210438 0.299072
4 0.830913 0.267256 0.336827 0.13468 0.297363
0 0.072217 0.460438 0.0108744 0.03367 0.226807
4 0.345192 0.475589 0.654693 0.897306 0.167725
7 0.769571 0.455387 0.0446128 0.0218855 0.156128
2 0.769571 0.455387 0.0446128 0.0218855 0.150024
4 0.757302 0.444024 0.196296 0.0488215 0.0875854
7 0.352999 0.522727 0.6625 0.848485 0.0800781
4 0.752283 0.421612 0.195181 0.0608165 0.069519
4 0.796338 0.44697 0.114878 0.0437711 0.0621033
2 0.832029 0.446549 0.0513047 0.0420876 0.0603027
7 0.830913 0.452441 0.0513047 0.0294613 0.0554199
0 0.0596696 0.460017 0.0138021 0.0311448 0.0549011
3 0.355787 0.68266 0.671423 0.577441 0.0524292
0 0.0694984 0.460438 0.0177057 0.03367 0.0502319
74 0.310617 0.0828072 0.0434975 0.0635522 0.0379028
11 0.309501 0.0577652 0.0501894 0.11553 0.0359497
2 0.144992 0.438131 0.0786301 0.0311448 0.0314941
0 0.0678254 0.470118 0.018821 0.0555556 0.0299835
2 0.830913 0.452441 0.0513047 0.0294613 0.0296478
0 0.170923 0.462963 0.0156145 0.0218855 0.0294189
2 0.85545 0.4133 0.0156145 0.0168351 0.0288696
7 0.527047 0.59354 0.945907 0.785985 0.0265503
4 0.830913 0.446128 0.0524199 0.0429293 0.0263519
4 0.746149 0.415825 0.176221 0.0412458 0.0244293
7 0.684249 0.406566 0.0223064 0.020202 0.0243378
4 0.75786 0.397306 0.05242 0.0328283 0.0209656
2 0.683691 0.408249 0.0133838 0.0176768 0.0204926
2 0.676999 0.407407 0.0412669 0.0252525 0.0197906
2 0.684249 0.406566 0.0223064 0.020202 0.0195007
0 0.0652288 0.460438 0.0265237 0.0353535 0.0190582
7 0.825894 0.454966 0.0412668 0.0252525 0.0188293
4 0.777378 0.40404 0.0613426 0.040404 0.0175781
2 0.688152 0.407407 0.0133839 0.0185185 0.0158997
7 0.688152 0.407407 0.0133839 0.0185185 0.0155411
2 0.709343 0.40867 0.0144992 0.0151515 0.0147324
7 0.856008 0.4133 0.0156144 0.0159933 0.0134277
2 0.163673 0.429293 0.0384785 0.0151515 0.0134277
2 0.726073 0.4133 0.0200758 0.0126263 0.0133286
4 0.238678 0.386153 0.438878 0.752946 0.0122375
7 0.683691 0.408249 0.0133838 0.0176768 0.0116882
4 0.768455 0.39899 0.0446128 0.03367 0.0114212
2 0.665846 0.411195 0.0200758 0.0151515 0.0113754
4 0.795781 0.418455 0.282176 0.0923821 0.0113754
0 0.167437 0.461279 0.0156145 0.026936 0.0109482
7 0.153496 0.483586 0.127983 0.0833334 0.0107803
0 0.166601 0.455387 0.0248159 0.023569 0.0106125
2 0.716593 0.409091 0.0156145 0.016835 0.0104904
2 0.676999 0.406566 0.0345749 0.020202 0.01017
7 0.794108 0.44697 0.10484 0.0420876 0.00985718
2 0.671423 0.409091 0.0223064 0.016835 0.00937653
0 0.0712411 0.457492 0.0142203 0.040404 0.00905609
7 0.355787 0.68266 0.671423 0.577441 0.00898743
0 0.0714502 0.47096 0.0144992 0.0555556 0.00888062
5 0.545391 0.594276 0.877757 0.781145 0.00888062
2 0.12868 0.45665 0.0513047 0.0286196 0.0088501
0 0.165904 0.447811 0.0379209 0.0488216 0.0086441
4 0.804703 0.42803 0.110417 0.0749158 0.00857544
4 0.791877 0.422559 0.0981481 0.043771 0.00844574
2 0.352999 0.493266 0.665846 0.909091 0.00837708
4 0.725516 0.412458 0.128262 0.0311448 0.00809479
4 0.821991 0.381313 0.352441 0.350168 0.00796509
4 0.839278 0.327231 0.316751 0.251263 0.00769424
2 0.14168 0.457071 0.0746567 0.0319866 0.00748825
11 0.311174 0.082702 0.0451705 0.0629209 0.00740433
0 0.503567 0.285774 0.0602273 0.0812289 0.00714874
2 0.154611 0.443603 0.0546507 0.037037 0.00706482
4 0.765109 0.399411 0.0334596 0.030303 0.00701141
4 0.790204 0.410354 0.0345749 0.0227273 0.0069313
4 0.777378 0.414141 0.0289983 0.0218855 0.00679779
5 0.684249 0.406566 0.0223064 0.020202 0.00674438
7 0.16451 0.433502 0.0373632 0.0210438 0.00669098
0 0.187513 0.462963 0.0253735 0.0286195 0.00666809
4 0.762879 0.406987 0.0267677 0.0286196 0.00653839
5 0.792435 0.44697 0.0970328 0.0420876 0.00653839
4 0.769571 0.455387 0.0423821 0.023569 0.00643921
4 0.676999 0.406566 0.0345749 0.020202 0.00643921
4 0.709901 0.418771 0.103725 0.0260943 0.00619125
4 0.771244 0.451178 0.0501894 0.0311448 0.00619125
17 0.0708925 0.460438 0.0142203 0.03367 0.006073
4 0.849316 0.406987 0.0903409 0.0429293 0.00577545
4 0.956387 0.411616 0.0825337 0.030303 0.00577545
4 0.811953 0.409933 0.0602273 0.0252525 0.00575256
4 0.940215 0.331229 0.114878 0.234007 0.00557709
4 0.760648 0.409091 0.0267676 0.0210438 0.00548935
2 0.140251 0.451178 0.0747264 0.037037 0.00548935
0 0.494644 0.296086 0.0490741 0.0614478 0.00544739
7 0.671423 0.409091 0.0223064 0.016835 0.00534439
4 0.776263 0.422138 0.0267677 0.0159933 0.0053215
0 0.507749 0.280093 0.0451705 0.0867003 0.00530243
4 0.794108 0.407828 0.0301136 0.023569 0.00519943
4 0.838721 0.399411 0.0579967 0.0496633 0.00519943
4 0.758418 0.400673 0.205219 0.125421 0.00516129
7 0.709343 0.40867 0.0144992 0.0151515 0.0051384
0 0.466204 0.295875 0.0579966 0.0656566 0.00510025
4 0.796896 0.409091 0.0211911 0.0185185 0.00503922
4 0.746149 0.419192 0.155029 0.030303 0.00502014
4 0.850989 0.39657 0.0780724 0.0519781 0.00494385
4 0.740572 0.4133 0.0323442 0.0151515 0.00486755
4 0.782955 0.407828 0.055766 0.030303 0.00481033
5 0.352999 0.522727 0.6625 0.848485 0.00479126
17 0.0596696 0.460017 0.0138021 0.0311448 0.00473785
0 0.486279 0.296928 0.0423822 0.0622896 0.00468063
24 0.0723564 0.460438 0.0111532 0.0319865 0.00460815
0 0.0644794 0.470539 0.0246765 0.0597643 0.00455475
11 0.31452 0.218224 0.0658039 0.436448 0.00450516
6 0.345192 0.475589 0.654693 0.897306 0.00441742
4 0.964194 0.406566 0.0646886 0.016835 0.00439835
0 0.504682 0.285774 0.0925715 0.0816498 0.00436401
13 0.882218 0.448232 0.024537 0.0143098 0.00436401
4 0.734996 0.414983 0.0446128 0.0176768 0.00432968
4 0.844855 0.4133 0.0401515 0.020202 0.00431442
0 0.155169 0.464646 0.0234217 0.0319865 0.00426483
9 0.0597393 0.460017 0.0135233 0.0319865 0.00424957
4 0.830913 0.452441 0.0513047 0.0294613 0.00415039
4 0.930177 0.404461 0.0423821 0.0143098 0.00405502
2 0.493529 0.408354 0.317866 0.392045 0.00402451
11 0.313684 0.334175 0.0674769 0.667508 0.00395966
4 0.749495 0.399411 0.055766 0.0420876 0.00392914
3 0.0723564 0.460438 0.0111532 0.0319865 0.00390053
7 0.716593 0.409091 0.0156145 0.016835 0.00387001
2 0.666404 0.40362 0.0189605 0.0159933 0.00378036
4 0.80303 0.431397 0.0936869 0.0547138 0.0037365
0 0.586658 0.343855 0.055766 0.0530303 0.00366402
2 0.123034 0.476431 0.0667798 0.0673401 0.00363541
4 0.81028 0.438552 0.0914563 0.0589226 0.0036068
4 0.726073 0.4133 0.0200758 0.0126263 0.00359344
25 0.16437 0.433081 0.037642 0.0210438 0.00359344
4 0.825894 0.454966 0.0412668 0.0252525 0.00359344
7 0.0652288 0.460438 0.0265237 0.0353535 0.00359344
17 0.0651068 0.464646 0.0256524 0.0420876 0.00352478
6 0.527047 0.59354 0.945907 0.785985 0.00348282
2 0.0433929 0.505051 0.0858099 0.026936 0.00345612
4 0.758418 0.38952 0.0669192 0.0509259 0.00340271
7 0.813068 0.456229 0.0156145 0.023569 0.00337601
0 0.451705 0.303451 0.0474011 0.0530303 0.00336266
4 0.780166 0.402778 0.184028 0.0715488 0.00333786
4 0.676999 0.407407 0.0412669 0.0252525 0.00333786
0 0.595581 0.360269 0.0133839 0.0193603 0.00332451
7 0.726073 0.4133 0.0200758 0.0126263 0.00328636
4 0.856008 0.402462 0.0724958 0.0401936 0.00319672
0 0.458954 0.299242 0.0513047 0.0580808 0.00314713
0 0.491577 0.300926 0.0390362 0.0538721 0.00312424
0 0.509144 0.300084 0.0373632 0.0488216 0.00311089
0 0.498548 0.302189 0.0479588 0.0505051 0.003088
2 0.825894 0.454966 0.0412668 0.0252525 0.00307465
4 0.71492 0.417088 0.118224 0.037037 0.00300407
2 0.813068 0.456229 0.0156145 0.023569 0.00299263
4 0.787974 0.736532 0.41936 0.39899 0.0029583
5 0.688152 0.407407 0.0133839 0.0185185 0.00292397
4 0.829798 0.414983 0.0635732 0.0218855 0.00290108
4 0.757302 0.43771 0.205219 0.0925926 0.00287819
4 0.771801 0.417508 0.0156145 0.020202 0.0028553
2 0.196017 0.463805 0.0479588 0.0361953 0.0028553
4 0.959175 0.344066 0.0780724 0.197391 0.00283432
0 0.771801 0.417508 0.0156145 0.020202 0.00279999
2 0.010247 0.497475 0.0202152 0.013468 0.00277901
2 0.160467 0.446549 0.0421033 0.0471381 0.0027256
4 0.724958 0.403199 0.0446128 0.0336701 0.0026722
4 0.818645 0.414983 0.0646885 0.023569 0.0026722
8 0.769571 0.455387 0.0446128 0.0218855 0.0026722
0 0.70544 0.662458 0.0334596 0.0404041 0.00266266
0 0.441109 0.305556 0.0267677 0.0467172 0.00265312
2 0.117178 0.468434 0.0520018 0.0479798 0.00263214
2 0.0723564 0.460438 0.0111532 0.0319865 0.00261116
4 0.772917 0.420034 0.024537 0.0185185 0.00259018
10 0.0597393 0.460017 0.0135233 0.0319865 0.00254059
19 0.0723564 0.460438 0.0111532 0.0319865 0.00254059
4 0.738899 0.446128 0.126031 0.0404041 0.00251198
0 0.474569 0.292088 0.0613426 0.0711279 0.00246239
4 0.772917 0.422559 0.0379209 0.0185185 0.00246239
17 0.0720775 0.464226 0.0122685 0.0404041 0.00242424
74 0.309501 0.0577652 0.0501894 0.11553 0.00242424
2 0.0220276 0.500421 0.0432186 0.0176768 0.00240517
12 0.31452 0.218224 0.0658039 0.436448 0.00235939
11 0.0597393 0.460017 0.0135233 0.0319865 0.00233269
2 0.0448916 0.510943 0.0897833 0.0319866 0.00232315
4 0.961406 0.420875 0.0747265 0.047138 0.00228691
5 0.770686 0.454966 0.0468434 0.0252525 0.00227928
5 0.825894 0.454966 0.0412668 0.0252525 0.00226974
7 0.665846 0.411195 0.0200758 0.0151515 0.00225258
0 0.587774 0.35101 0.0356903 0.0412458 0.00223351
0 0.683691 0.408249 0.0133838 0.0176768 0.00223351
0 0.687037 0.658249 0.0189604 0.0471381 0.00223351
4 0.292284 0.304714 0.150429 0.597643 0.00223351
4 0.38841 0.377525 0.557102 0.489057 0.00221634
10 0.0652288 0.460438 0.0265237 0.0353535 0.00220871
4 0.782955 0.460438 0.160606 0.0757576 0.00218201
2 0.186816 0.462963 0.0351326 0.0328283 0.00217438
2 0.0328409 0.502104 0.065647 0.0218855 0.00216484
2 0.703767 0.407828 0.0200758 0.0176768 0.00214005
0 0.701536 0.655724 0.0446128 0.057239 0.00210762
12 0.0723564 0.460438 0.0111532 0.0319865 0.00208282
4 0.987058 0.285354 0.0234218 0.0959596 0.0020752
4 0.840951 0.406566 0.0468434 0.0311448 0.00205803
5 0.830913 0.446549 0.0535354 0.0420876 0.00205803
7 0.817529 0.440236 0.0780724 0.0555556 0.0020504
4 0.99375 0.287879 0.00892258 0.0892256 0.00204277
2 0.527047 0.59354 0.945907 0.785985 0.00199509
4 0.651347 0.75968 0.690383 0.420034 0.00195694
7 0.785185 0.444444 0.144992 0.047138 0.00194168
4 0.751726 0.393939 0.0513047 0.0328283 0.00193405
31 0.313684 0.334175 0.0674769 0.667508 0.00191879
7 0.771244 0.451178 0.0501894 0.0311448 0.00191212
19 0.0652288 0.460438 0.0265237 0.0353535 0.00191212
5 0.230035 0.407828 0.0518624 0.0454545 0.00189686
0 0.691498 0.656566 0.0267676 0.0505051 0.00189686
7 0.0597393 0.460017 0.0135233 0.0319865 0.00188255
3 0.527047 0.59354 0.945907 0.785985 0.00188255
19 0.0596696 0.460017 0.0138021 0.0311448 0.00186062
2 0.734996 0.414983 0.0446128 0.0176768 0.00185299
0 0.595581 0.334806 0.0356902 0.0345118 0.00182438
4 0.712132 0.407407 0.0301136 0.0210438 0.00181007
2 0.0694984 0.460438 0.0177057 0.03367 0.00181007
7 0.882218 0.448232 0.024537 0.0143098 0.00181007
2 0.166601 0.455387 0.0248159 0.023569 0.0018034
5 0.830913 0.452441 0.0513047 0.0294613 0.0018034
4 0.782955 0.48569 0.158375 0.023569 0.0018034
12 0.311732 0.294402 0.0691498 0.586279 0.00179577
4 0.739457 0.398569 0.144992 0.0563973 0.00178909
11 0.30274 0.339857 0.100518 0.678872 0.00173378
11 0.315078 0.303451 0.0624579 0.188552 0.00170708
0 0.595023 0.414983 0.0223064 0.0420876 0.0017004
0 0.703209 0.66835 0.0356903 0.030303 0.00169373
0 0.478472 0.293981 0.0468434 0.0643939 0.00168133
0 0.237981 0.422138 0.00697076 0.0143098 0.00167465
7 0.144992 0.438131 0.0786301 0.0311448 0.0016489
4 0.820318 0.397306 0.151684 0.0563973 0.00163555
7 0.676999 0.407407 0.0412669 0.0252525 0.00163555
9 0.072217 0.460438 0.0108744 0.03367 0.00162888
4 0.726631 0.488215 0.0457281 0.0151515 0.00161076
4 0.924043 0.345328 0.147222 0.248737 0.00161076
4 0.923485 0.405303 0.0501894 0.0176768 0.00157928
7 0.703767 0.407828 0.0200758 0.0176768 0.00157356
0 0.685922 0.662037 0.0156145 0.0404041 0.00156689
2 0.0504334 0.509259 0.0706137 0.0218855 0.00154877
4 0.781839 0.385101 0.252062 0.157407 0.00154305
4 0.684249 0.406566 0.0223064 0.020202 0.00153637
7 0.757302 0.444024 0.196296 0.0488215 0.00153637
7 0.493529 0.408354 0.317866 0.392045 0.00151253
8 0.856008 0.4133 0.0156144 0.0159933 0.00148392
2 0.663615 0.4133 0.0211911 0.0185185 0.00146103
4 0.856008 0.4133 0.0156144 0.0159933 0.00146103
0 0.598927 0.359848 0.0178451 0.0214647 0.00142097
2 0.789089 0.44697 0.132723 0.0454546 0.00139904
0 0.688152 0.407407 0.0133839 0.0185185 0.00138855
3 0.0596696 0.460017 0.0138021 0.0311448 0.00138855
4 0.814184 0.50463 0.359133 0.228115 0.00138855
4 0.847085 0.389099 0.0736112 0.0298822 0.00138283
0 0.588889 0.407828 0.0334596 0.0648148 0.00132465
0 0.134082 0.465488 0.0374329 0.0420876 0.00131989
2 0.209959 0.451178 0.0769571 0.0404041 0.00131512
0 0.512489 0.257155 0.0223064 0.03367 0.00130463
0 0.36471 0.50968 0.692614 0.852694 0.00130463
0 0.596138 0.363216 0.0167298 0.0239899 0.00129986
4 0.716593 0.409091 0.0156145 0.016835 0.00125504
37 0.830356 0.266414 0.337942 0.136364 0.00125504
0 0.579409 0.350379 0.0412668 0.0429293 0.00124931
5 0.683691 0.408249 0.0133838 0.0176768 0.00124931
9 0.0694984 0.460438 0.0177057 0.03367 0.00124454
2 0.202988 0.456229 0.0496317 0.0319866 0.00124454
13 0.0651068 0.464646 0.0256524 0.0420876 0.00124454
2 0.0596696 0.460017 0.0138021 0.0311448 0.00122547
3 0.421591 0.761785 0.64354 0.439394 0.00122547
0 0.588889 0.395623 0.0334596 0.0631313 0.0012207
37 0.313405 0.333123 0.0658039 0.662879 0.0012207
2 0.207728 0.465488 0.0292771 0.026936 0.00121117
0 0.59335 0.401094 0.0267676 0.0496633 0.00120163
7 0.844855 0.4133 0.0401515 0.020202 0.00118828
7 0.676999 0.406566 0.0345749 0.020202 0.00118828
19 0.0694984 0.460438 0.0177057 0.03367 0.00118351
14 0.861027 0.29335 0.00669193 0.0113636 0.00117397
8 0.832029 0.446549 0.0513047 0.0420876 0.0011692
0 0.167542 0.485269 0.0937566 0.0791246 0.00116539
2 0.725516 0.412458 0.128262 0.0311448 0.00112438
7 0.709901 0.407407 0.024537 0.0193603 0.00112057
2 0.0548075 0.512626 0.0523852 0.0218855 0.00112057
4 0.781839 0.568287 0.43609 0.762416 0.0011158
7 0.734996 0.414983 0.0446128 0.0176768 0.00109482
2 0.709901 0.407407 0.024537 0.0193603 0.00107288
7 0.651347 0.75968 0.690383 0.420034 0.00106907
0 0.625694 0.247475 0.0111532 0.0260943 0.00106525
7 0.0943142 0.415825 0.188628 0.106061 0.00106525
2 0.355787 0.68266 0.671423 0.577441 0.00106525
0 0.117178 0.468434 0.0520018 0.0479798 0.00106049
2 0.772917 0.420034 0.024537 0.0185185 0.00105667
0 0.596696 0.383418 0.0401515 0.0639731 0.00104809
5 0.709901 0.407407 0.024537 0.0193603 0.00104809
10 0.072217 0.460438 0.0108744 0.03367 0.00104809
0 0.861027 0.29335 0.00669193 0.0113636 0.00104427
2 0.127425 0.452862 0.0602273 0.0353535 0.00104427
4 0.820318 0.40867 0.0758417 0.0319865 0.00104046
5 0.716593 0.409091 0.0156145 0.016835 0.00103664
0 0.578712 0.40362 0.0538142 0.0824916 0.00102425
4 0.938542 0.403199 0.0167298 0.0109427 0.00101662
2 0.154054 0.483165 0.127425 0.0816499 0.808105
3 0.345749 0.525989 0.658039 0.857113 0.416748
4 0.545949 0.591856 0.877757 0.787668 0.395996
4 0.755629 0.430556 0.199642 0.0664983 0.386719
2 0.16451 0.433081 0.0379209 0.0210438 0.352295
4 0.830913 0.266414 0.336827 0.136364 0.346924
7 0.832029 0.446128 0.0513047 0.0420876 0.310791
0 0.0721473 0.460438 0.0110138 0.03367 0.218018
2 0.769571 0.455387 0.0446128 0.0227273 0.188354
4 0.342961 0.48569 0.653578 0.900673 0.174927
7 0.769571 0.455387 0.0446128 0.0227273 0.163452
2 0.832029 0.446128 0.0513047 0.0420876 0.0736694
4 0.75786 0.443603 0.196296 0.0496633 0.0715942
7 0.350489 0.528199 0.659712 0.852694 0.0682983
7 0.830356 0.45202 0.0501894 0.030303 0.0605164
4 0.796338 0.44697 0.114878 0.0446128 0.0518494
0 0.059687 0.459596 0.0136278 0.0303031 0.050415
0 0.0703349 0.460438 0.0160327 0.03367 0.0462036
2 0.856008 0.4133 0.0156144 0.0159933 0.044342
2 0.144748 0.438552 0.079118 0.0319866 0.0411377
3 0.352441 0.673506 0.668077 0.6008 0.0358276
2 0.830356 0.45202 0.0501894 0.030303 0.035553
11 0.30978 0.0577652 0.0501894 0.11553 0.0340881
0 0.170923 0.462963 0.0156145 0.0218855 0.0307312
74 0.310617 0.0828072 0.0434975 0.0635522 0.0304413
0 0.0680345 0.470539 0.0184028 0.0555556 0.0299225
7 0.684249 0.406145 0.0223064 0.020202 0.0275879
2 0.683691 0.408249 0.0133838 0.0176768 0.0269623
2 0.684249 0.406145 0.0223064 0.020202 0.025177
4 0.743361 0.415825 0.172875 0.0404041 0.0239563
2 0.676999 0.406987 0.0412669 0.0244108 0.0237732
4 0.757302 0.397201 0.0535354 0.032197 0.0229797
7 0.856008 0.4133 0.0156144 0.0159933 0.0218658
2 0.709343 0.408249 0.0156145 0.0151515 0.0214539
2 0.687595 0.407407 0.0144992 0.0185185 0.0208893
7 0.825894 0.454545 0.0412668 0.0252525 0.0200195
4 0.777378 0.40404 0.0602273 0.0395623 0.0192719
2 0.726073 0.4133 0.0200758 0.013468 0.0191193
0 0.0650894 0.464646 0.0254084 0.0420876 0.0190125
4 0.830913 0.446128 0.0513047 0.0429293 0.0189819
2 0.163673 0.429293 0.0384785 0.0159933 0.0187683
7 0.687595 0.407407 0.0144992 0.0185185 0.0182648
2 0.665846 0.411195 0.0200758 0.0151515 0.0163422
4 0.777378 0.426768 0.161721 0.0791246 0.0161591
2 0.717151 0.409091 0.0178451 0.016835 0.0151291
2 0.670307 0.409091 0.024537 0.016835 0.0141754
2 0.680345 0.405724 0.0289983 0.0185185 0.0133743
7 0.683691 0.408249 0.0133838 0.0176768 0.0132751
4 0.768455 0.39899 0.0446128 0.03367 0.0121918
7 0.794665 0.44697 0.10484 0.0420876 0.0121002
0 0.167577 0.461279 0.0156145 0.026936 0.0120544
4 0.792435 0.42298 0.275484 0.0816498 0.0115509
7 0.153391 0.483165 0.128192 0.0841751 0.0113754
2 0.128506 0.456229 0.0485861 0.026936 0.0112457
0 0.16674 0.454966 0.0250947 0.0244108 0.0109863
7 0.545949 0.591856 0.877757 0.787668 0.0107803
2 0.142343 0.45665 0.0758418 0.0319866 0.00971222
0 0.0715199 0.470539 0.0143597 0.0555556 0.00955963
4 0.721054 0.412458 0.122685 0.0311448 0.00878143
0 0.166183 0.447811 0.0379209 0.0488216 0.00861359
4 0.806376 0.427609 0.10484 0.0732323 0.00834656
4 0.218742 0.345118 0.387295 0.664141 0.00803375
4 0.792435 0.421717 0.0948021 0.040404 0.00800323
4 0.765109 0.399411 0.0334596 0.0294613 0.00775528
7 0.16451 0.433502 0.0373632 0.0210438 0.00772476
2 0.155029 0.443182 0.054093 0.0378788 0.00754929
5 0.792435 0.446128 0.0970328 0.0420876 0.00725937
0 0.187513 0.462963 0.0256524 0.0286195 0.00725937
7 0.670307 0.409091 0.024537 0.016835 0.00723267
7 0.709343 0.408249 0.0156145 0.0151515 0.00723267
2 0.140217 0.451178 0.0742385 0.037037 0.00712204
5 0.684249 0.406145 0.0223064 0.020202 0.00706482
5 0.545949 0.591856 0.877757 0.787668 0.0068512
4 0.790762 0.409933 0.034575 0.0218855 0.00682449
4 0.709901 0.418771 0.102609 0.0252525 0.00674438
11 0.311174 0.082702 0.0451705 0.0631313 0.00669098
4 0.676441 0.406566 0.0356903 0.0210438 0.00666809
0 0.508586 0.282618 0.0479588 0.0850168 0.00638962
2 0.351047 0.503367 0.663058 0.895623 0.00631332
4 0.762879 0.406566 0.0267677 0.0286196 0.00612259
4 0.958617 0.410774 0.0780725 0.0286195 0.00609589
4 0.824221 0.344697 0.349095 0.279461 0.00609589
5 0.350489 0.528199 0.659712 0.852694 0.00609589
4 0.810838 0.409933 0.0568813 0.0252525 0.00602722
4 0.777936 0.414141 0.0289983 0.0218855 0.00575256
4 0.850989 0.405303 0.0869949 0.0412458 0.00564194
2 0.666404 0.40404 0.0189605 0.0151515 0.00557709
7 0.717151 0.409091 0.0178451 0.016835 0.00557709
6 0.342961 0.48569 0.653578 0.900673 0.00557709
7 0.352441 0.673506 0.668077 0.6008 0.00557709
4 0.850989 0.396465 0.0780724 0.0513468 0.00548935
4 0.838721 0.399411 0.0579967 0.0496633 0.00542831
2 0.0433581 0.505051 0.0856008 0.026936 0.0053215
24 0.0723564 0.460859 0.0111532 0.0319865 0.00530243
4 0.761206 0.40867 0.027883 0.0210438 0.00519943
4 0.930177 0.40404 0.0379209 0.013468 0.00519943
4 0.785185 0.407828 0.0513047 0.0294613 0.00518036
4 0.796896 0.409091 0.0223064 0.0193603 0.00510025
4 0.745591 0.419192 0.147222 0.0294613 0.00510025
4 0.769571 0.455387 0.0423821 0.0227273 0.00508118
13 0.882218 0.447811 0.024537 0.0143098 0.00502014
4 0.771244 0.451178 0.0501894 0.0311448 0.00498199
4 0.941888 0.329756 0.112647 0.232744 0.00498199
0 0.466204 0.295875 0.0579966 0.0664983 0.00494385
4 0.789646 0.425926 0.10484 0.0555556 0.00492477
4 0.77682 0.421717 0.0267677 0.0151515 0.0049057
2 0.123243 0.476431 0.0669192 0.0673401 0.00486755
0 0.493529 0.297559 0.0457281 0.0576599 0.00482941
0 0.508028 0.281145 0.0702652 0.0875421 0.00479126
4 0.757302 0.400673 0.202988 0.123737 0.00479126
0 0.155029 0.464646 0.0237005 0.0319865 0.00475693
7 0.680345 0.405724 0.0289983 0.0185185 0.00469971
4 0.740572 0.4133 0.0334596 0.0151515 0.00468063
4 0.966425 0.405724 0.059112 0.016835 0.00466537
2 0.196296 0.463384 0.0476799 0.0361953 0.0046463
4 0.796338 0.408249 0.0334596 0.026936 0.00446701
11 0.314241 0.330808 0.0646886 0.660774 0.00438309
2 0.494087 0.406145 0.316751 0.391414 0.00436401
0 0.0644794 0.470539 0.0242582 0.0597643 0.00434875
7 0.726073 0.4133 0.0200758 0.013468 0.00431442
4 0.804146 0.430976 0.0925716 0.0547138 0.00416565
4 0.734996 0.414983 0.0446128 0.0185185 0.00411606
9 0.0596696 0.459596 0.0133838 0.0319866 0.00405502
4 0.846528 0.4133 0.0379209 0.020202 0.0039444
4 0.749495 0.39899 0.0535353 0.0420876 0.00392914
4 0.75786 0.38952 0.0658039 0.0500842 0.00383949
4 0.747264 0.425505 0.185143 0.043771 0.00380898
0 0.504682 0.286195 0.0914562 0.0808081 0.00378036
4 0.811395 0.43771 0.0892256 0.0589226 0.00378036
11 0.315078 0.30303 0.0624579 0.188552 0.00376511
2 0.0103516 0.497475 0.0204243 0.013468 0.00370789
7 0.817529 0.440236 0.0780724 0.0555556 0.00367928
11 0.31452 0.21633 0.0646886 0.43266 0.00367928
2 0.117457 0.468013 0.0525595 0.0471381 0.00366402
2 0.825894 0.454545 0.0412668 0.0252525 0.00359344
2 0.704882 0.407828 0.0223064 0.0176768 0.00355148
3 0.0723564 0.460859 0.0111532 0.0319865 0.00352478
0 0.772359 0.417508 0.0156145 0.020202 0.00346947
0 0.586658 0.343434 0.055766 0.0530303 0.00342941
4 0.781839 0.400253 0.176221 0.0656566 0.00340271
4 0.788531 0.736532 0.41936 0.400673 0.00340271
2 0.035272 0.501684 0.070544 0.0218855 0.00336266
2 0.734996 0.414983 0.0446128 0.0185185 0.00335121
4 0.830356 0.45202 0.0501894 0.030303 0.00333786
2 0.0723564 0.460859 0.0111532 0.0319865 0.00324821
2 0.021923 0.500421 0.0430095 0.0176768 0.00324821
2 0.160885 0.446128 0.0418245 0.0471381 0.00321007
2 0.0449265 0.510943 0.089853 0.0319866 0.00321007
4 0.829798 0.414983 0.0624579 0.0218855 0.00319672
4 0.757302 0.43771 0.205219 0.0925926 0.00317192
4 0.726073 0.4133 0.0200758 0.013468 0.00314713
17 0.0723564 0.460859 0.0111532 0.0319865 0.00311089
0 0.595581 0.360269 0.0133839 0.0193603 0.003088
5 0.687595 0.407407 0.0144992 0.0185185 0.00307465
4 0.825894 0.454545 0.0412668 0.0252525 0.0030632
2 0.813068 0.456229 0.0178452 0.023569 0.00304031
0 0.507471 0.304503 0.0345749 0.0446128 0.00301552
0 0.499106 0.303241 0.0468434 0.0475589 0.0029583
0 0.452262 0.30303 0.0479588 0.0542929 0.00293541
7 0.813068 0.456229 0.0178452 0.023569 0.00291252
7 0.665846 0.411195 0.0200758 0.0151515 0.00288963
4 0.818645 0.414562 0.0646885 0.0227272 0.00288963
2 0.187095 0.462963 0.0359691 0.03367 0.00286674
4 0.96029 0.348906 0.0780724 0.175926 0.00284576
7 0.0652462 0.460438 0.0264888 0.0345118 0.00283432
0 0.458954 0.298822 0.0513047 0.0589226 0.00279999
4 0.306713 0.34596 0.455608 0.661616 0.00279999
4 0.723843 0.404461 0.0446128 0.0319866 0.00275803
7 0.771244 0.451178 0.0501894 0.0311448 0.00274658
25 0.16451 0.433081 0.0379209 0.0210438 0.0027256
10 0.0596696 0.459596 0.0133838 0.0319866 0.00270462
0 0.683691 0.408249 0.0133838 0.0176768 0.00268364
74 0.30978 0.0577652 0.0501894 0.11553 0.0026722
8 0.769571 0.455387 0.0446128 0.0227273 0.00266266
12 0.0723564 0.460859 0.0111532 0.0319865 0.00265312
17 0.059687 0.459596 0.0136278 0.0303031 0.00264168
11 0.0596696 0.459596 0.0133838 0.0319866 0.00258064
0 0.441109 0.305556 0.0267677 0.0471381 0.00257111
0 0.484607 0.29335 0.0457281 0.0664983 0.00254059
4 0.384716 0.396465 0.56003 0.441077 0.0024929
4 0.738899 0.446128 0.1238 0.0395623 0.00244331
7 0.704882 0.407828 0.0223064 0.0176768 0.00236893
4 0.772917 0.422559 0.0356903 0.016835 0.00234985
4 0.772359 0.417508 0.0156145 0.020202 0.00232315
4 0.772917 0.420034 0.024537 0.0185185 0.00228691
0 0.474569 0.292508 0.0607849 0.0698653 0.00220871
4 0.961406 0.420875 0.0736111 0.047138 0.00220871
0 0.70544 0.662458 0.0323443 0.0404041 0.00219917
7 0.783512 0.443603 0.148338 0.0488215 0.00219917
0 0.587216 0.350168 0.0368056 0.0425084 0.00217438
2 0.209959 0.451178 0.0730534 0.0404041 0.00217438
5 0.230035 0.407828 0.0518624 0.0454545 0.00215721
10 0.0652462 0.460438 0.0264888 0.0345118 0.00215721
17 0.0650894 0.464646 0.0254084 0.0420876 0.00212479
2 0.663615 0.4133 0.0200758 0.0185185 0.00211525
7 0.676999 0.406987 0.0412669 0.0244108 0.00211525
4 0.780724 0.460017 0.155029 0.0774411 0.00210762
7 0.144748 0.438552 0.079118 0.0319866 0.00209999
4 0.99375 0.287879 0.00892258 0.0892256 0.00208282
2 0.772917 0.420034 0.024537 0.0185185 0.00208282
0 0.487395 0.301768 0.0368056 0.0530303 0.0020752
2 0.16674 0.454966 0.0250947 0.0244108 0.00205803
4 0.839836 0.40646 0.0468434 0.0305135 0.00203514
7 0.846528 0.4133 0.0379209 0.020202 0.00203514
5 0.825894 0.454545 0.0412668 0.0252525 0.00203514
2 0.0703349 0.460438 0.0160327 0.03367 0.00201988
2 0.202431 0.456229 0.0501894 0.0319866 0.00201988
6 0.547622 0.600063 0.873295 0.772938 0.00201988
2 0.710459 0.407407 0.024537 0.0185185 0.00198746
2 0.0499803 0.509259 0.0715199 0.0218855 0.00198746
7 0.734996 0.414983 0.0446128 0.0185185 0.00196457
5 0.830913 0.446128 0.0513047 0.0429293 0.00195694
4 0.92237 0.404882 0.0468434 0.016835 0.00194931
7 0.710459 0.407407 0.024537 0.0185185 0.00192642
0 0.687037 0.658249 0.0178451 0.0462963 0.00192642
5 0.770686 0.454966 0.0468434 0.0252525 0.00191212
4 0.824221 0.397306 0.142761 0.0563973 0.00188255
0 0.59335 0.334806 0.0401515 0.0349327 0.00186729
7 0.882218 0.447811 0.024537 0.0143098 0.00186729
0 0.237981 0.422138 0.00697076 0.0143098 0.00186062
4 0.739457 0.397727 0.133838 0.0547138 0.00186062
2 0.207171 0.465067 0.0306713 0.0277778 0.00185299
2 0.131747 0.452862 0.055766 0.0353535 0.00183868
4 0.711574 0.407407 0.0312289 0.020202 0.00181007
4 0.988173 0.285143 0.0200758 0.0963804 0.00181007
2 0.77682 0.421717 0.0267677 0.0151515 0.0018034
31 0.314241 0.330808 0.0646886 0.660774 0.00174809
4 0.652462 0.758418 0.687037 0.419192 0.00171375
7 0.0596696 0.459596 0.0133838 0.0319866 0.00170708
7 0.494087 0.406145 0.316751 0.391414 0.0017004
4 0.785185 0.573232 0.429398 0.742424 0.0017004
19 0.0723564 0.460859 0.0111532 0.0319865 0.00169373
0 0.701536 0.655724 0.0446128 0.057239 0.00168705
12 0.313405 0.319865 0.0646886 0.636364 0.00167465
4 0.779609 0.48569 0.151684 0.023569 0.0016613
4 0.846528 0.38931 0.0736111 0.030303 0.00161648
0 0.595581 0.414562 0.0223064 0.0412458 0.00160408
2 0.796896 0.409091 0.0223064 0.0193603 0.0015974
0 0.691498 0.656566 0.0289983 0.0505051 0.00157928
4 0.814184 0.510522 0.356902 0.218013 0.00157356
8 0.856008 0.4133 0.0156144 0.0159933 0.00156116
4 0.726631 0.488215 0.0457281 0.0151515 0.00155449
0 0.687595 0.407407 0.0144992 0.0185185 0.00154877
5 0.830356 0.45202 0.0501894 0.030303 0.00154877
14 0.861027 0.29335 0.00669193 0.0109428 0.00152493
5 0.710459 0.407407 0.024537 0.0185185 0.0015192
4 0.293329 0.304083 0.150568 0.593855 0.00151253
17 0.0683831 0.468013 0.0192393 0.0505051 0.00150681
2 0.246207 0.422559 0.0144992 0.0151515 0.00150108
7 0.85545 0.398569 0.0780724 0.0496633 0.0014782
7 0.77682 0.421717 0.0267677 0.0151515 0.00145531
26 0.0723564 0.460859 0.0111532 0.0319865 0.00145531
0 0.134117 0.464646 0.0373632 0.0404041 0.00144386
0 0.512489 0.256734 0.0223064 0.0332492 0.00143242
4 0.684806 0.406566 0.0223064 0.020202 0.00139904
5 0.680345 0.405724 0.0289983 0.0185185 0.00138283
0 0.861027 0.29335 0.00669193 0.0109428 0.00137234
7 0.772917 0.420034 0.024537 0.0185185 0.00137234
12 0.31452 0.21633 0.0646886 0.430976 0.00137234
2 0.740572 0.4133 0.0334596 0.0151515 0.00136662
9 0.0721473 0.460438 0.0110138 0.03367 0.00136662
2 0.059687 0.459596 0.0136278 0.0303031 0.00136185
7 0.666404 0.40404 0.0189605 0.0151515 0.00135136
4 0.960848 0.386153 0.076957 0.116582 0.00135136
2 0.279666 0.409933 0.0228641 0.0218855 0.00133514
2 0.0546507 0.512626 0.0515835 0.0218855 0.00133514
0 0.702652 0.66835 0.0356903 0.030303 0.00133514
3 0.059687 0.459596 0.0136278 0.0303031 0.00133038
0 0.598369 0.359848 0.0167298 0.0214647 0.00131512
2 0.721054 0.412458 0.122685 0.0311448 0.00130463
4 0.85545 0.412879 0.0156145 0.0168351 0.00126934
0 0.772917 0.420034 0.024537 0.0185185 0.0012598
11 0.312847 0.131524 0.0596696 0.263047 0.0012598
5 0.683691 0.408249 0.0133838 0.0176768 0.00124931
2 0.788531 0.44697 0.133838 0.0462963 0.00124454
4 0.938542 0.403199 0.0167298 0.0109427 0.00123978
0 0.596138 0.363215 0.0167298 0.023569 0.00123024
4 0.796896 0.630051 0.40263 0.258418 0.00122547
5 0.717151 0.409091 0.0178451 0.016835 0.0012207
0 0.167716 0.485269 0.093408 0.0791246 0.0012064
5 0.709901 0.418771 0.102609 0.0252525 0.00120163
2 0.167716 0.485269 0.093408 0.0791246 0.00117874
0 0.363315 0.482323 0.687595 0.909091 0.00117874
5 0.670307 0.409091 0.024537 0.016835 0.00117397
2 0.210656 0.462121 0.0273253 0.0277778 0.0011692
4 0.934638 0.403199 0.0156144 0.0117845 0.00116539
7 0.881103 0.443603 0.0289983 0.023569 0.00116539
10 0.0721473 0.460438 0.0110138 0.03367 0.00116539
4 0.920697 0.403199 0.0256523 0.0117845 0.00116062
8 0.351047 0.503367 0.663058 0.895623 0.00116062
0 0.579966 0.349327 0.0423821 0.0446128 0.00115585
11 0.293329 0.351431 0.119897 0.702862 0.00115585
2 0.237981 0.422138 0.00697076 0.0143098 0.00115108
4 0.503009 0.429398 0.349095 0.440867 0.00115108
7 0.829798 0.414983 0.0624579 0.0218855 0.00114727
2 0.187513 0.462963 0.0256524 0.0286195 0.00114727
5 0.713805 0.416667 0.114878 0.037037 0.00113392
2 0.189744 0.451599 0.0716593 0.0446128 0.00113392
0 0.588889 0.408354 0.0334596 0.0637626 0.0011158
2 0.882218 0.448653 0.024537 0.013468 0.0011158
2 0.154228 0.483165 0.127634 0.0816499 0.790527
3 0.34547 0.534617 0.658596 0.84154 0.395996
2 0.16451 0.433081 0.0379209 0.0210438 0.388672
4 0.546228 0.591751 0.877199 0.787879 0.364746
4 0.755072 0.430976 0.200758 0.0656566 0.363037
7 0.830913 0.445707 0.0513047 0.0429293 0.331055
4 0.830913 0.266414 0.336827 0.137205 0.320801
2 0.769571 0.455387 0.0446128 0.0218855 0.221313
0 0.0720775 0.460438 0.0108744 0.03367 0.203735
7 0.769571 0.455387 0.0446128 0.0218855 0.183594
4 0.342961 0.505471 0.652462 0.867845 0.131592
2 0.832029 0.446128 0.0513047 0.0420876 0.0838623
7 0.830356 0.45202 0.0501894 0.030303 0.0700684
7 0.349653 0.537142 0.659154 0.838173 0.0682983
2 0.856008 0.4133 0.0156144 0.0168351 0.0646362
4 0.758975 0.444024 0.194066 0.0488215 0.0548096
2 0.144573 0.438131 0.0791877 0.0311448 0.0477905
0 0.0595999 0.459596 0.0135233 0.0303031 0.0460205
4 0.75061 0.420455 0.191835 0.0580808 0.0460205
4 0.796896 0.44697 0.113763 0.0454546 0.0451965
2 0.830356 0.45202 0.0501894 0.030303 0.0419312
2 0.683691 0.408249 0.0133838 0.016835 0.0383301
11 0.310059 0.0576599 0.0501894 0.11532 0.0346069
7 0.684249 0.406566 0.0223064 0.020202 0.0343628
2 0.684249 0.406566 0.0223064 0.020202 0.0330811
7 0.856008 0.4133 0.0156144 0.0168351 0.0318604
3 0.351883 0.675926 0.668077 0.594276 0.0318604
0 0.170783 0.462963 0.0153356 0.0218855 0.0314941
2 0.709343 0.40867 0.0156145 0.0159933 0.0309143
2 0.676999 0.406987 0.0401515 0.023569 0.0294189
0 0.0681739 0.470539 0.0181239 0.0555556 0.0290833
2 0.687037 0.407407 0.0156145 0.0185185 0.0287628
2 0.726073 0.4133 0.0200758 0.013468 0.026062
74 0.310617 0.0826757 0.0434975 0.0636048 0.0238647
2 0.665846 0.410774 0.0200758 0.0151515 0.0237732
7 0.687037 0.407407 0.0156145 0.0185185 0.0234222
2 0.163673 0.429293 0.0384785 0.0151515 0.0234222
7 0.825894 0.454545 0.0412668 0.0252525 0.0230713
2 0.669192 0.409091 0.024537 0.016835 0.0213623
2 0.716593 0.409091 0.0178452 0.016835 0.0207977
4 0.75786 0.396886 0.05242 0.0319865 0.0206451
2 0.680345 0.405724 0.0289983 0.0185185 0.0181274
4 0.777378 0.40404 0.0602273 0.0395623 0.0181274
0 0.0648977 0.464646 0.0249553 0.0420876 0.0179901
4 0.741688 0.414983 0.167298 0.037037 0.0175781
7 0.683691 0.408249 0.0133838 0.016835 0.0172424
4 0.830913 0.446128 0.0513047 0.0420876 0.0157776
7 0.795223 0.44697 0.10484 0.0420876 0.0146713
4 0.784628 0.427189 0.147222 0.0774411 0.0137939
2 0.128122 0.456229 0.0487952 0.026936 0.0131226
0 0.167577 0.461279 0.0153357 0.026936 0.0124283
7 0.1536 0.483165 0.128331 0.0841751 0.0115967
4 0.790204 0.425505 0.272138 0.0757576 0.0114212
2 0.142622 0.456229 0.0769571 0.0319866 0.0112457
4 0.768455 0.39899 0.0446128 0.0328283 0.0108185
0 0.0734717 0.459596 0.0161721 0.0345118 0.0108185
7 0.709343 0.40867 0.0156145 0.0159933 0.0103683
0 0.16688 0.454966 0.0248159 0.0244108 0.0102463
7 0.546228 0.591751 0.877199 0.787879 0.0100937
7 0.669192 0.409091 0.024537 0.016835 0.00985718
11 0.314799 0.297559 0.0624579 0.18266 0.00971222
0 0.0715896 0.470539 0.0142203 0.0555556 0.00937653
5 0.684249 0.406566 0.0223064 0.020202 0.00919342
0 0.0716593 0.457071 0.0132444 0.040404 0.00908661
7 0.16451 0.433502 0.0373632 0.020202 0.00888062
5 0.792435 0.446549 0.0970328 0.0420876 0.0085144
2 0.666404 0.40362 0.0189605 0.0151515 0.00812531
2 0.140007 0.450758 0.0746567 0.0378788 0.00809479
0 0.166183 0.447811 0.0373632 0.0488216 0.00790405
2 0.154751 0.443182 0.0546507 0.0378788 0.0077858
7 0.716593 0.409091 0.0178452 0.016835 0.00769424
5 0.546228 0.591751 0.877199 0.787879 0.00766754
4 0.765109 0.399411 0.0334596 0.0277778 0.00740433
0 0.187513 0.462542 0.0253735 0.0286195 0.00740433
5 0.349653 0.537142 0.659154 0.838173 0.00703812
4 0.718824 0.411616 0.111532 0.0286195 0.00695801
4 0.808607 0.426873 0.100379 0.0704966 0.0069046
11 0.311174 0.082702 0.0451705 0.0633418 0.00679779
4 0.792435 0.420875 0.0936869 0.037037 0.00679779
2 0.0433581 0.50463 0.0856008 0.0260943 0.0064888
2 0.196575 0.462963 0.0474011 0.0353535 0.0064621
13 0.882218 0.447811 0.024537 0.0143098 0.00638962
2 0.350489 0.527357 0.661942 0.85101 0.00634003
7 0.680345 0.405724 0.0289983 0.0185185 0.00621796
4 0.790762 0.409933 0.0334596 0.0218855 0.00614548
7 0.351883 0.675926 0.668077 0.594276 0.00600433
24 0.0723564 0.460438 0.0111532 0.0319865 0.00588989
4 0.220276 0.328072 0.336827 0.619108 0.00588989
4 0.709901 0.41835 0.101494 0.0252525 0.00582123
4 0.790204 0.447811 0.0925715 0.0387205 0.00577545
2 0.123173 0.476431 0.0670586 0.0673401 0.00577545
6 0.342961 0.505471 0.652462 0.867845 0.00577545
4 0.676441 0.406566 0.0356903 0.0210438 0.00572968
4 0.794108 0.407828 0.031229 0.0227273 0.00566483
0 0.508586 0.282407 0.0479588 0.0854377 0.00564194
7 0.726073 0.4133 0.0200758 0.013468 0.00551224
4 0.930734 0.40404 0.0334597 0.0143098 0.00551224
2 0.705997 0.407828 0.0223064 0.0176768 0.00542831
4 0.807492 0.409933 0.0490741 0.0244108 0.00542831
7 0.837605 0.446128 0.0390362 0.0387205 0.00542831
2 0.734996 0.414983 0.0446128 0.0176768 0.00527954
4 0.828741 0.328914 0.342519 0.266414 0.00511932
4 0.763436 0.407407 0.0267677 0.026936 0.00508118
4 0.96029 0.409512 0.0758417 0.0260943 0.00503922
9 0.0595999 0.459596 0.0132444 0.0319866 0.00496292
4 0.787416 0.407828 0.0468434 0.0286195 0.00492477
0 0.155029 0.464226 0.0234217 0.0311448 0.0049057
4 0.838721 0.399937 0.0568813 0.0486111 0.00481033
4 0.850989 0.396465 0.0780724 0.0513468 0.00479126
2 0.837605 0.446128 0.0390362 0.0387205 0.00477219
7 0.818645 0.440236 0.0758418 0.0555556 0.00473785
4 0.778493 0.414141 0.0267677 0.0218855 0.00471878
2 0.494644 0.406987 0.316751 0.393098 0.00460815
4 0.790204 0.425084 0.10484 0.0538721 0.0045929
4 0.797454 0.40867 0.0223064 0.0193603 0.00455475
4 0.850989 0.404987 0.0869949 0.0401936 0.00453949
0 0.466204 0.295875 0.0591119 0.0664983 0.00452042
2 0.0100902 0.497475 0.0199712 0.013468 0.00446701
4 0.746149 0.419613 0.139415 0.0277778 0.00445175
4 0.757302 0.400253 0.202988 0.122054 0.00443268
4 0.77682 0.421717 0.0267677 0.0151515 0.00441742
11 0.31452 0.317971 0.0646886 0.635101 0.00441742
0 0.493529 0.29798 0.0451705 0.0563973 0.00439835
2 0.117318 0.467172 0.0522806 0.0454546 0.00439835
2 0.0723564 0.460438 0.0111532 0.0319865 0.00429916
4 0.769571 0.455387 0.0423821 0.023569 0.00426483
4 0.972559 0.405303 0.0423821 0.0151515 0.00426483
2 0.825894 0.454545 0.0412668 0.0252525 0.0042305
5 0.687037 0.407407 0.0156145 0.0185185 0.00421524
4 0.756745 0.438131 0.205219 0.0925926 0.00419998
0 0.06434 0.470539 0.0237005 0.0589226 0.00415039
0 0.508586 0.280934 0.0702652 0.087963 0.00411606
4 0.740572 0.412879 0.0312289 0.0151515 0.00411606
4 0.760648 0.409091 0.024537 0.0193603 0.00411606
2 0.0360388 0.501684 0.0720775 0.0218855 0.00407028
4 0.770686 0.451178 0.0490741 0.030303 0.00400543
4 0.804703 0.430556 0.0914563 0.0538721 0.00390053
7 0.665846 0.410774 0.0200758 0.0151515 0.00388527
2 0.0218184 0.500421 0.0427307 0.0176768 0.00378036
4 0.293887 0.335859 0.378093 0.627946 0.00378036
4 0.734996 0.414983 0.0446128 0.0176768 0.00374985
4 0.94133 0.328283 0.113763 0.232323 0.00365067
2 0.772917 0.420034 0.024537 0.0185185 0.00362206
2 0.161164 0.446128 0.0418245 0.0471381 0.00358009
0 0.772359 0.417508 0.0156145 0.020202 0.00356483
2 0.045031 0.510101 0.0900621 0.0319866 0.00356483
11 0.31452 0.214857 0.0641309 0.422138 0.00353813
7 0.770686 0.451178 0.0490741 0.030303 0.00351143
4 0.75786 0.38931 0.0658039 0.0496633 0.00349617
2 0.813626 0.456229 0.0178451 0.023569 0.00348282
4 0.847643 0.4133 0.0345749 0.0193602 0.00345612
12 0.0723564 0.460438 0.0111532 0.0319865 0.00344276
2 0.187374 0.462121 0.0351326 0.0319865 0.00342941
7 0.705997 0.407828 0.0223064 0.0176768 0.00341606
4 0.772359 0.737374 0.450589 0.40404 0.00337601
4 0.811953 0.438552 0.0869949 0.0589226 0.00335121
4 0.749495 0.398569 0.0513047 0.0404041 0.00328636
3 0.0723564 0.460438 0.0111532 0.0319865 0.00328636
2 0.710459 0.407407 0.0256524 0.0185185 0.00325966
0 0.586658 0.343434 0.0568813 0.0530303 0.00314713
7 0.847643 0.4133 0.0345749 0.0193602 0.00314713
0 0.504682 0.286195 0.0936869 0.0808081 0.00312424
7 0.710459 0.407407 0.0256524 0.0185185 0.00312424
2 0.77682 0.421717 0.0267677 0.0151515 0.003088
7 0.813626 0.456229 0.0178451 0.023569 0.00307465
7 0.734996 0.414983 0.0446128 0.0176768 0.00304031
0 0.595581 0.360059 0.0133839 0.0193603 0.00298119
4 0.830356 0.414983 0.0624579 0.0218855 0.00294685
11 0.0595999 0.459596 0.0132444 0.0319866 0.00293541
2 0.6625 0.4133 0.0200758 0.0185185 0.00288963
10 0.0595999 0.459596 0.0132444 0.0319866 0.00287819
4 0.785185 0.398569 0.167298 0.0622895 0.00287819
2 0.209541 0.451178 0.0713805 0.0404041 0.00286674
4 0.825894 0.454545 0.0412668 0.0252525 0.00281143
4 0.762879 0.397201 0.127146 0.0574495 0.00277901
8 0.769571 0.455387 0.0446128 0.0218855 0.00275803
0 0.507471 0.304714 0.0345749 0.0437711 0.00271416
0 0.683691 0.408249 0.0133838 0.016835 0.00271416
7 0.676999 0.406987 0.0401515 0.023569 0.00271416
7 0.786301 0.444444 0.142761 0.0479798 0.00271416
2 0.797454 0.40867 0.0223064 0.0193603 0.00270462
0 0.499384 0.303872 0.0462858 0.0462963 0.00269318
2 0.740572 0.412879 0.0312289 0.0151515 0.0026722
2 0.202291 0.456229 0.0496317 0.0319866 0.00265312
4 0.819202 0.414562 0.0646886 0.0227272 0.00258064
4 0.726073 0.4133 0.0200758 0.013468 0.00257111
4 0.712689 0.416667 0.113763 0.0353535 0.00252151
4 0.775705 0.388889 0.240909 0.147306 0.00251198
7 0.77682 0.421717 0.0267677 0.0151515 0.00248146
0 0.452262 0.302609 0.0490741 0.0547138 0.00247192
7 0.144573 0.438131 0.0791877 0.0311448 0.00247192
0 0.441109 0.305345 0.0267677 0.0467172 0.00240517
74 0.310059 0.0576599 0.0501894 0.11532 0.00240517
4 0.721612 0.405303 0.0401515 0.0294613 0.00239754
5 0.229617 0.408354 0.0515836 0.0452441 0.00237846
5 0.830913 0.446128 0.0513047 0.0420876 0.00237846
2 0.206892 0.464646 0.0312289 0.0286195 0.00237846
0 0.458954 0.299032 0.0513047 0.0589226 0.00236893
11 0.312847 0.131524 0.059112 0.263047 0.00236893
7 0.772917 0.420034 0.024537 0.0185185 0.00235939
7 0.0651765 0.460438 0.02621 0.0345118 0.00235939
12 0.313405 0.296296 0.0646886 0.589226 0.00235939
5 0.710459 0.407407 0.0256524 0.0185185 0.00234222
4 0.384507 0.405303 0.559333 0.41835 0.00228691
2 0.16688 0.454966 0.0248159 0.0244108 0.00226974
0 0.484328 0.29335 0.0462858 0.0664983 0.00225258
5 0.825894 0.454545 0.0412668 0.0252525 0.00225258
17 0.0723564 0.460438 0.0111532 0.0319865 0.00225258
7 0.904524 0.403199 0.0189604 0.0143098 0.00222588
2 0.246207 0.422559 0.0144992 0.0151515 0.00221634
6 0.54818 0.599747 0.87218 0.773569 0.00220871
2 0.0499803 0.509259 0.0715199 0.0218855 0.00219917
10 0.0651765 0.460438 0.02621 0.0345118 0.00219154
4 0.772917 0.422138 0.0334596 0.016835 0.00214958
25 0.16451 0.433081 0.0379209 0.0210438 0.00211525
4 0.501894 0.428346 0.345749 0.437921 0.00211525
0 0.586658 0.349748 0.0379209 0.0429293 0.00210762
4 0.739457 0.446128 0.122685 0.0387205 0.00210762
2 0.131468 0.452862 0.0554872 0.0353535 0.00208282
7 0.882218 0.447811 0.024537 0.0143098 0.00208282
4 0.960848 0.357323 0.0758418 0.142256 0.00206757
0 0.70544 0.663721 0.0323443 0.0378788 0.00204277
4 0.99375 0.287879 0.00892258 0.0883839 0.00202751
7 0.494644 0.406987 0.316751 0.393098 0.00200272
4 0.779609 0.459596 0.153914 0.0791246 0.0019722
7 0.859354 0.399726 0.0747264 0.038931 0.00194931
4 0.921812 0.404882 0.0446128 0.016835 0.00194168
5 0.76734 0.454545 0.0390362 0.0218855 0.00191879
2 0.938542 0.403199 0.0167298 0.0109427 0.00190449
0 0.238121 0.422138 0.00724959 0.0143098 0.00189686
7 0.666404 0.40362 0.0189605 0.0151515 0.00188923
5 0.680345 0.405724 0.0289983 0.0185185 0.00187492
4 0.772917 0.420034 0.024537 0.0185185 0.00186729
17 0.0595999 0.459596 0.0135233 0.0303031 0.00183105
0 0.486837 0.302189 0.0379209 0.0521886 0.00182438
0 0.687037 0.658249 0.0178451 0.0462963 0.00181007
4 0.785743 0.574074 0.428283 0.700337 0.00181007
26 0.0723564 0.460438 0.0111532 0.0319865 0.00179577
14 0.861585 0.29314 0.00780725 0.0113636 0.00177479
0 0.592235 0.334806 0.0423821 0.0349327 0.00176811
4 0.839836 0.407407 0.0468434 0.0286196 0.00176144
2 0.935196 0.403199 0.0156145 0.0117845 0.00175476
4 0.828683 0.397306 0.133838 0.0555556 0.00175476
7 0.740572 0.412879 0.0312289 0.0151515 0.00174141
7 0.0595999 0.459596 0.0132444 0.0319866 0.00173378
7 0.830356 0.414983 0.0624579 0.0218855 0.00171375
2 0.847643 0.4133 0.0345749 0.0193602 0.00171375
2 0.279666 0.409933 0.0228641 0.0218855 0.0017004
5 0.683691 0.408249 0.0133838 0.016835 0.00169373
4 0.772359 0.417508 0.0156145 0.020202 0.00169373
4 0.746707 0.396886 0.111532 0.0521885 0.00168705
4 0.654135 0.757576 0.683691 0.419192 0.00168705
9 0.0720775 0.460438 0.0108744 0.03367 0.00168133
7 0.777378 0.40404 0.0602273 0.0395623 0.0016613
5 0.716593 0.409091 0.0178452 0.016835 0.00162315
2 0.238121 0.422138 0.00724959 0.0143098 0.00162315
5 0.669192 0.409091 0.024537 0.016835 0.00161076
2 0.718824 0.411616 0.111532 0.0286195 0.00161076
4 0.961963 0.420875 0.0736112 0.047138 0.00161076
8 0.856008 0.4133 0.0156144 0.0168351 0.00159168
7 0.852662 0.395623 0.0814183 0.0479798 0.00157356
2 0.210517 0.462121 0.0273253 0.0277778 0.00157356
0 0.595581 0.414562 0.0200758 0.0412458 0.00156689
2 0.190023 0.451178 0.070544 0.0437711 0.00154877
0 0.474011 0.302189 0.0613426 0.0555556 0.00154305
2 0.795223 0.44697 0.10484 0.0420876 0.00153637
0 0.861585 0.29314 0.00780725 0.0113636 0.00152493
5 0.709343 0.40867 0.0156145 0.0159933 0.00152493
2 0.227525 0.421717 0.00669193 0.0151515 0.00152493
2 0.790762 0.409933 0.0334596 0.0218855 0.0015192
0 0.772917 0.420034 0.024537 0.0185185 0.0015192
2 0.0595999 0.459596 0.0135233 0.0303031 0.00151253
0 0.701536 0.655724 0.0446128 0.057239 0.00150681
4 0.712132 0.407407 0.0301136 0.020202 0.00150108
31 0.31452 0.317971 0.0646886 0.635101 0.00149536
0 0.687037 0.407407 0.0156145 0.0185185 0.00148964
0 0.692056 0.656566 0.0289983 0.0496633 0.00148392
4 0.778493 0.485269 0.150568 0.0244108 0.0014782
4 0.813068 0.508838 0.352441 0.209596 0.0014782
5 0.709901 0.41835 0.101494 0.0252525 0.00147247
12 0.31452 0.214857 0.0641309 0.422138 0.00147247
4 0.792992 0.628788 0.410438 0.23064 0.00146675
0 0.13464 0.464646 0.0357599 0.0387205 0.00145531
4 0.846528 0.388889 0.0736111 0.0294613 0.00144386
2 0.0544415 0.512626 0.0507471 0.020202 0.00143242
17 0.0648977 0.464646 0.0249553 0.0420876 0.00142097
4 0.989289 0.284933 0.0189605 0.0968013 0.00141621
4 0.726073 0.488636 0.0446128 0.0151515 0.00141048
7 0.938542 0.403199 0.0167298 0.0109427 0.00140476
7 0.797454 0.40867 0.0223064 0.0193603 0.00139904
4 0.580524 0.437816 0.775147 0.457702 0.00139904
0 0.512489 0.256734 0.0217488 0.0328283 0.00139427
5 0.712689 0.416667 0.113763 0.0353535 0.00137234
7 0.163673 0.429293 0.0384785 0.0151515 0.00135612
2 0.187513 0.462542 0.0253735 0.0286195 0.00133514
19 0.0723564 0.460438 0.0111532 0.0319865 0.00132465
7 0.229617 0.408354 0.0515836 0.0452441 0.00131989
3 0.0595999 0.459596 0.0135233 0.0303031 0.00131989
4 0.938542 0.403199 0.0167298 0.0109427 0.00130463
2 0.882218 0.448232 0.024537 0.0126263 0.00130463
2 0.154054 0.483165 0.127983 0.0824916 0.769043
2 0.16451 0.433081 0.0379209 0.0210438 0.42627
3 0.361921 0.530198 0.692614 0.843645 0.379395
7 0.830913 0.445286 0.0513047 0.0420876 0.359375
4 0.547064 0.590488 0.877757 0.790404 0.339844
4 0.755072 0.430976 0.200758 0.063973 0.307373
4 0.830913 0.266414 0.336827 0.137205 0.265869
2 0.769571 0.455387 0.0446128 0.0218855 0.256836
7 0.769571 0.455387 0.0446128 0.0218855 0.209473
0 0.0720775 0.460438 0.0108744 0.0328283 0.189575
2 0.831471 0.446128 0.0501894 0.0420876 0.093689
2 0.856008 0.412879 0.0156144 0.0159933 0.0927124
7 0.830356 0.452441 0.0501894 0.0294613 0.0838623
4 0.361642 0.517256 0.686479 0.85101 0.0658569
7 0.34798 0.540404 0.655808 0.83165 0.0637207
2 0.683691 0.408249 0.0133838 0.016835 0.0535889
2 0.144713 0.43771 0.0789089 0.0303031 0.0528259
2 0.830356 0.452441 0.0501894 0.0294613 0.0492249
4 0.753399 0.441077 0.206334 0.0538721 0.0463867
2 0.709343 0.408249 0.0156145 0.0151515 0.0448608
7 0.684249 0.406566 0.0223064 0.020202 0.0437012
7 0.856008 0.412879 0.0156144 0.0159933 0.0437012
2 0.684249 0.406566 0.0223064 0.020202 0.0419312
3 0.351883 0.680976 0.668077 0.590909 0.0417786
4 0.797454 0.447391 0.100379 0.0404041 0.0401001
11 0.30978 0.0576073 0.0501894 0.115215 0.0396423
0 0.0595999 0.459596 0.0133838 0.0303031 0.0386963
2 0.687037 0.407407 0.0156145 0.0185185 0.0383301
2 0.675884 0.406566 0.0401515 0.0218855 0.0367737
2 0.726073 0.4133 0.0200758 0.013468 0.0360718
2 0.665846 0.410774 0.0200758 0.0151515 0.0347595
0 0.170644 0.462963 0.0150568 0.0218855 0.0332642
2 0.669192 0.40867 0.0234217 0.016835 0.0306702
7 0.687037 0.407407 0.0156145 0.0185185 0.0297546
2 0.716035 0.409091 0.0178452 0.016835 0.0285492
2 0.163673 0.428872 0.0381997 0.0151515 0.0280151
0 0.0683133 0.470539 0.0178451 0.0555556 0.0269623
7 0.683691 0.408249 0.0133838 0.016835 0.0228882
2 0.680345 0.405724 0.0289983 0.0185185 0.0227966
4 0.749495 0.419192 0.189604 0.0538721 0.0202484
4 0.790204 0.44697 0.129377 0.0462963 0.0180511
74 0.310617 0.0826757 0.0434975 0.0636048 0.0174408
2 0.127948 0.456229 0.0485861 0.026936 0.0162811
7 0.795223 0.44697 0.10484 0.0412458 0.0156708
11 0.314799 0.295875 0.0619003 0.179293 0.0154877
0 0.0646188 0.464226 0.0243976 0.0412458 0.0150757
4 0.777378 0.40404 0.0602273 0.0387205 0.0149536
7 0.709343 0.408249 0.0156145 0.0151515 0.0149536
4 0.830913 0.446128 0.0513047 0.0420876 0.0145035
4 0.758418 0.396886 0.0490741 0.0311448 0.0139542
0 0.167577 0.460859 0.0150568 0.0260943 0.0132751
7 0.669192 0.40867 0.0234217 0.016835 0.0131226
2 0.142343 0.456229 0.0761206 0.0319866 0.0131226
5 0.684249 0.406566 0.0223064 0.020202 0.0124283
7 0.1536 0.483165 0.128331 0.0841751 0.0121002
7 0.34798 0.671612 0.646886 0.574284 0.0119171
7 0.527883 0.588384 0.944234 0.796296 0.0116882
2 0.666961 0.40362 0.0178452 0.0143098 0.011116
0 0.0743082 0.459596 0.0144992 0.03367 0.0109863
4 0.795781 0.427609 0.124916 0.0757576 0.0108185
7 0.16451 0.433502 0.0373632 0.020202 0.0105286
7 0.716035 0.409091 0.0178452 0.016835 0.0103302
0 0.167019 0.455387 0.0228641 0.023569 0.00971222
13 0.88166 0.447811 0.0245371 0.013468 0.00955963
4 0.790762 0.427189 0.272138 0.0707071 0.00955963
5 0.791877 0.446128 0.0959175 0.0420876 0.00901794
2 0.139833 0.450337 0.0744476 0.037037 0.00894928
0 0.0715896 0.470539 0.0140809 0.0547138 0.00867462
5 0.527883 0.588384 0.944234 0.796296 0.00861359
4 0.737226 0.4133 0.151684 0.030303 0.00857544
2 0.196575 0.462542 0.0474011 0.0353535 0.00841522
0 0.0717987 0.457071 0.0129656 0.0395623 0.00815582
2 0.735553 0.414983 0.0434975 0.016835 0.00790405
7 0.680345 0.405724 0.0289983 0.0185185 0.00775528
2 0.156563 0.442761 0.0510259 0.037037 0.00775528
2 0.705997 0.408249 0.0223064 0.016835 0.00769424
0 0.187374 0.462121 0.0248159 0.0286195 0.00769424
4 0.763994 0.398569 0.0334596 0.0319865 0.00754929
11 0.311174 0.082702 0.0451705 0.0633418 0.00725937
0 0.166461 0.447811 0.0365267 0.0471381 0.00717545
7 0.726073 0.4133 0.0200758 0.013468 0.00714874
2 0.123103 0.47601 0.0669192 0.0673401 0.00709534
2 0.0434278 0.504209 0.0857402 0.0252525 0.00695801
6 0.349374 0.541351 0.659712 0.826389 0.00695801
5 0.34798 0.540404 0.655808 0.83165 0.00679779
2 0.349374 0.541351 0.659712 0.826389 0.00653839
7 0.838721 0.446128 0.0368055 0.0387205 0.00641251
2 0.838721 0.446128 0.0368055 0.0387205 0.00634003
2 0.772917 0.419613 0.024537 0.0185185 0.00619125
24 0.0723564 0.460438 0.0110138 0.0319865 0.00616837
9 0.0595999 0.460017 0.013105 0.0311448 0.00605011
5 0.687037 0.407407 0.0156145 0.0185185 0.00598145
2 0.0723564 0.460438 0.0110138 0.0319865 0.00591278
4 0.756187 0.439394 0.205219 0.0909091 0.00566483
7 0.81976 0.440657 0.0713805 0.0547138 0.00544739
2 0.116969 0.46633 0.0510259 0.0437711 0.00544739
7 0.665846 0.410774 0.0200758 0.0151515 0.00540543
0 0.155448 0.463805 0.0220276 0.030303 0.00536346
2 0.777378 0.421717 0.0267677 0.0151515 0.0053215
4 0.794108 0.407828 0.031229 0.0227273 0.00521851
2 0.00961963 0.497475 0.0189604 0.013468 0.00521851
4 0.828741 0.328283 0.342519 0.265152 0.00519943
4 0.809722 0.425505 0.0981482 0.0648148 0.00511932
0 0.508586 0.282407 0.0468434 0.0850168 0.00510025
4 0.792435 0.420455 0.0914562 0.0345118 0.00503922
4 0.790762 0.409933 0.0334596 0.0218855 0.00502014
4 0.501336 0.42803 0.340173 0.435185 0.00502014
2 0.741688 0.412879 0.0289983 0.0143098 0.0049057
4 0.289704 0.333754 0.325116 0.606061 0.0049057
4 0.932407 0.40404 0.0267676 0.013468 0.00488663
6 0.527883 0.588384 0.944234 0.796296 0.00488663
2 0.494923 0.409091 0.317309 0.395623 0.00482941
7 0.705997 0.408249 0.0223064 0.016835 0.00468063
12 0.0723564 0.460438 0.0110138 0.0319865 0.00457382
2 0.797454 0.408249 0.0223064 0.0185185 0.00453949
7 0.735553 0.414983 0.0434975 0.016835 0.00445175
0 0.466204 0.295875 0.0591119 0.0664983 0.00443268
7 0.710459 0.407407 0.024537 0.0185185 0.00443268
2 0.710459 0.407407 0.024537 0.0185185 0.00441742
4 0.80303 0.409933 0.0368055 0.023569 0.00441742
7 0.848759 0.4133 0.0334596 0.0193602 0.00436401
7 0.770686 0.450758 0.0490741 0.0311448 0.00436401
2 0.0361433 0.501684 0.0721473 0.020202 0.00436401
0 0.492971 0.298822 0.0434975 0.0542929 0.00434875
7 0.777378 0.421717 0.0267677 0.0151515 0.00429916
4 0.778493 0.741583 0.441667 0.419192 0.00421524
4 0.789647 0.408249 0.0401515 0.026936 0.00418091
4 0.717151 0.410774 0.0780724 0.023569 0.00413513
11 0.31452 0.27883 0.0635732 0.556818 0.00413513
2 0.187653 0.462121 0.0334596 0.0319865 0.0041008
2 0.813068 0.456229 0.0167297 0.023569 0.00405502
4 0.677557 0.406566 0.0334596 0.020202 0.00403976
2 0.0215048 0.5 0.0421033 0.016835 0.00400543
7 0.772917 0.419613 0.024537 0.0185185 0.00399017
11 0.312847 0.131734 0.059112 0.263468 0.00391388
2 0.661942 0.4133 0.0178451 0.0185185 0.00390053
4 0.762879 0.409091 0.0267677 0.023569 0.00385475
4 0.709901 0.41835 0.100379 0.023569 0.00385475
2 0.161443 0.446128 0.0401515 0.0471381 0.00382423
0 0.0642006 0.470539 0.0231429 0.0589226 0.0037365
7 0.904524 0.403199 0.0189604 0.0143098 0.00370789
4 0.797454 0.408249 0.0223064 0.0185185 0.00367928
4 0.790762 0.423822 0.102609 0.0513468 0.00366402
4 0.769571 0.455387 0.0423821 0.023569 0.00366402
4 0.777378 0.421717 0.0267677 0.0151515 0.00363541
4 0.778493 0.414983 0.024537 0.020202 0.00356483
4 0.75786 0.399411 0.205219 0.122054 0.00352478
0 0.595581 0.360059 0.0133839 0.0193603 0.00348282
4 0.97702 0.404882 0.0200757 0.013468 0.00346947
0 0.509144 0.280934 0.0680345 0.087963 0.00345612
0 0.772917 0.417929 0.0156145 0.0193603 0.00345612
7 0.675884 0.406566 0.0401515 0.0218855 0.00341606
4 0.838721 0.400253 0.055766 0.0462963 0.00338936
2 0.246207 0.422559 0.0144992 0.0151515 0.00337601
11 0.0595999 0.460017 0.013105 0.0311448 0.00331116
7 0.813068 0.456229 0.0167297 0.023569 0.00331116
5 0.710459 0.407407 0.024537 0.0185185 0.00325966
0 0.586101 0.343434 0.055766 0.0530303 0.00324821
10 0.0595999 0.460017 0.013105 0.0311448 0.00324821
2 0.208565 0.451178 0.0685922 0.0395623 0.00323486
4 0.741688 0.412879 0.0289983 0.0143098 0.00319672
2 0.045031 0.510101 0.0900621 0.0303031 0.00314713
2 0.202152 0.45665 0.0468434 0.0303031 0.00313568
7 0.741688 0.412879 0.0289983 0.0143098 0.003088
3 0.0723564 0.460438 0.0110138 0.0319865 0.0030632
4 0.770686 0.450758 0.0490741 0.0311448 0.00304031
2 0.938542 0.403199 0.0167298 0.0109427 0.00301552
4 0.735553 0.414983 0.0434975 0.016835 0.00299263
4 0.74838 0.420034 0.126031 0.0260943 0.00299263
8 0.769571 0.455387 0.0446128 0.0218855 0.00296974
4 0.961406 0.406987 0.0724958 0.0210438 0.00294685
4 0.850989 0.396359 0.0780724 0.0507155 0.00293541
4 0.850989 0.406987 0.0847643 0.0353535 0.00293541
2 0.20731 0.464646 0.0303925 0.026936 0.00291252
2 0.935196 0.403199 0.0156145 0.010101 0.00286674
5 0.830913 0.446128 0.0513047 0.0420876 0.0028553
4 0.451774 0.410669 0.506216 0.3992 0.00282288
4 0.848759 0.4133 0.0334596 0.0193602 0.00279999
7 0.144713 0.43771 0.0789089 0.0303031 0.00279999
0 0.507749 0.305135 0.0340173 0.0433502 0.00277901
0 0.504682 0.287037 0.0936869 0.0791246 0.00275803
4 0.830356 0.452441 0.0501894 0.0294613 0.00269318
4 0.814184 0.438973 0.0825337 0.0572391 0.00268364
2 0.790762 0.409933 0.0334596 0.0218855 0.0026722
0 0.499663 0.304082 0.0457281 0.0454545 0.00266266
4 0.758418 0.409512 0.0200758 0.0176768 0.00265312
7 0.501336 0.42803 0.340173 0.435185 0.00261116
7 0.666961 0.40362 0.0178452 0.0143098 0.00259018
4 0.787974 0.375842 0.265446 0.171717 0.00259018
7 0.761764 0.444444 0.188489 0.047138 0.00254059
5 0.825894 0.454545 0.0412668 0.0252525 0.00251198
2 0.848759 0.4133 0.0334596 0.0193602 0.0024929
5 0.680345 0.405724 0.0289983 0.0185185 0.00248146
5 0.683691 0.408249 0.0133838 0.016835 0.00247192
2 0.167019 0.455387 0.0228641 0.023569 0.00244331
12 0.313405 0.263468 0.0635732 0.523569 0.00244331
0 0.683691 0.408249 0.0133838 0.016835 0.00243378
10 0.0651068 0.460438 0.0259312 0.03367 0.00242424
2 0.717151 0.410774 0.0780724 0.023569 0.0024147
7 0.777378 0.40404 0.0602273 0.0387205 0.002388
4 0.830913 0.414562 0.0624579 0.0218855 0.00236893
4 0.592095 0.433081 0.749774 0.44697 0.00235939
7 0.797454 0.408249 0.0223064 0.0185185 0.00233269
7 0.762879 0.409091 0.0267677 0.023569 0.00231361
2 0.13119 0.452441 0.0549295 0.0345118 0.00231361
0 0.44083 0.305556 0.02621 0.0462963 0.00230598
2 0.238121 0.422138 0.00724959 0.013468 0.00230598
4 0.75786 0.38931 0.0658039 0.0488215 0.00226974
0 0.452262 0.30303 0.0490741 0.0547138 0.00226021
0 0.458954 0.298822 0.05242 0.0589226 0.00225258
7 0.830913 0.414562 0.0624579 0.0218855 0.00225258
9 0.0720775 0.460438 0.0108744 0.0328283 0.00221634
0 0.587774 0.35101 0.0356903 0.0395623 0.00220871
5 0.229756 0.40867 0.0513047 0.0446128 0.00220871
0 0.484328 0.29335 0.0462858 0.0664983 0.00219917
5 0.709343 0.408249 0.0156145 0.0151515 0.00219154
5 0.669192 0.40867 0.0234217 0.016835 0.00218201
4 0.762879 0.396465 0.0914562 0.0547138 0.00218201
74 0.30978 0.0576073 0.0501894 0.115215 0.00217438
14 0.861585 0.29314 0.00780725 0.0109428 0.00215721
7 0.938542 0.403199 0.0167298 0.0109427 0.00214958
4 0.749495 0.398148 0.049074 0.0378788 0.00214005
2 0.279666 0.409512 0.0228641 0.0218855 0.00213242
2 0.0510346 0.509259 0.0680171 0.0218855 0.00213242
2 0.762879 0.409091 0.0267677 0.023569 0.00211525
5 0.766782 0.454545 0.0379209 0.0218855 0.00210762
2 0.227525 0.421717 0.00613427 0.0143098 0.00208282
5 0.716035 0.409091 0.0178452 0.016835 0.0020752
4 0.834259 0.405303 0.0624579 0.040404 0.00205803
4 0.789647 0.397201 0.151684 0.059133 0.00204277
4 0.937984 0.325758 0.120455 0.228956 0.00204277
0 0.238121 0.422138 0.00724959 0.013468 0.00202751
7 0.88166 0.447811 0.0245371 0.013468 0.00202751
26 0.0723564 0.460438 0.0110138 0.0319865 0.00202751
4 0.787195 0.566498 0.42561 0.624579 0.00201988
2 0.904524 0.403199 0.0189604 0.0143098 0.00200272
4 0.81976 0.414141 0.0624579 0.0218855 0.0019722
0 0.70544 0.664141 0.0323443 0.037037 0.00195694
4 0.99375 0.287879 0.00892258 0.0875421 0.00192642
7 0.861027 0.399726 0.0691498 0.0372475 0.00192642
7 0.764552 0.400779 0.0323442 0.0317761 0.00190449
2 0.210656 0.462121 0.0273253 0.026936 0.00188923
7 0.0651068 0.460438 0.0259312 0.03367 0.00185299
7 0.0595999 0.460017 0.013105 0.0311448 0.0018034
13 0.882218 0.445286 0.0267676 0.016835 0.00179577
7 0.856008 0.398569 0.076957 0.047138 0.00178909
4 0.856008 0.406987 0.0591119 0.030303 0.00178242
4 0.772359 0.421717 0.0323443 0.016835 0.00177479
2 0.190162 0.451178 0.0680345 0.0437711 0.00176811
0 0.486837 0.302399 0.0373632 0.0513468 0.00176144
7 0.80303 0.409933 0.0368055 0.023569 0.00174809
2 0.219997 0.422559 0.0139415 0.013468 0.00174141
17 0.0723564 0.460438 0.0110138 0.0319865 0.00174141
0 0.592793 0.334596 0.0412668 0.0345118 0.0017271
7 0.758418 0.409512 0.0200758 0.0176768 0.0017271
7 0.790762 0.409933 0.0334596 0.0218855 0.00172043
0 0.687037 0.658249 0.0178451 0.0462963 0.00172043
7 0.935196 0.403199 0.0156145 0.010101 0.00171375
4 0.726073 0.4133 0.0200758 0.013468 0.00171375
0 0.772917 0.419613 0.024537 0.0185185 0.00171375
5 0.705997 0.408249 0.0223064 0.016835 0.00170708
2 0.795223 0.44697 0.10484 0.0412458 0.0017004
8 0.349374 0.541351 0.659712 0.826389 0.0017004
4 0.657481 0.757997 0.678115 0.420034 0.0017004
4 0.720497 0.405724 0.0356903 0.026936 0.00168705
8 0.856008 0.412879 0.0156144 0.0159933 0.00168705
0 0.595581 0.414562 0.0200758 0.0404041 0.00168133
25 0.16451 0.433081 0.0379209 0.0210438 0.00167465
7 0.856008 0.406987 0.0591119 0.030303 0.0016489
0 0.135477 0.463384 0.0329716 0.037037 0.0016489
5 0.665846 0.410774 0.0200758 0.0151515 0.00162888
2 0.758418 0.409512 0.0200758 0.0176768 0.00162888
7 0.163673 0.428872 0.0381997 0.0151515 0.00162315
2 0.0595999 0.459596 0.0133838 0.0303031 0.00158501
0 0.861585 0.29314 0.00780725 0.0109428 0.00157928
2 0.187374 0.462121 0.0248159 0.0286195 0.00157356
2 0.135477 0.463384 0.0329716 0.037037 0.00154877
4 0.741688 0.44697 0.115993 0.037037 0.00153065
4 0.920139 0.404461 0.0401515 0.0159933 0.00153065
5 0.709901 0.41835 0.100379 0.023569 0.00152493
4 0.791319 0.627525 0.412668 0.215488 0.00151253
2 0.97702 0.404461 0.0111531 0.013468 0.00150108
2 0.772359 0.421717 0.0323443 0.016835 0.00150108
5 0.34798 0.671612 0.646886 0.574284 0.00149536
0 0.474011 0.30303 0.0613426 0.0538721 0.00148392
7 0.709901 0.41835 0.100379 0.023569 0.0014782
2 0.206055 0.476431 0.0259312 0.0227273 0.0014782
10 0.0720775 0.460438 0.0108744 0.0328283 0.00146675
4 0.712689 0.415825 0.111532 0.03367 0.00146103
4 0.778493 0.459175 0.151684 0.0799663 0.00146103
0 0.701536 0.655303 0.0446128 0.0563973 0.00144958
0 0.692614 0.656566 0.0301136 0.0505051 0.00140476
2 0.0542499 0.513468 0.0484816 0.020202 0.00139904
0 0.361642 0.517256 0.686479 0.85101 0.00139904
4 0.946907 0.350589 0.102609 0.232323 0.00139427
0 0.596138 0.362795 0.0156145 0.023569 0.00138855
0 0.687037 0.407407 0.0156145 0.0185185 0.00134087
5 0.712689 0.415825 0.111532 0.03367 0.00132465
17 0.0595999 0.459596 0.0133838 0.0303031 0.00131989
2 0.709901 0.41835 0.100379 0.023569 0.00131512
2 0.153914 0.482323 0.128541 0.0824916 0.756348
2 0.16451 0.43266 0.0379209 0.020202 0.449463
7 0.830913 0.445286 0.0513047 0.0420876 0.373779
3 0.359133 0.515993 0.693729 0.912458 0.373779
4 0.547064 0.587121 0.878872 0.798822 0.339844
2 0.769571 0.455387 0.0446128 0.0218855 0.281494
4 0.830913 0.266414 0.336827 0.136364 0.250977
4 0.755629 0.431818 0.200758 0.0622895 0.225464
7 0.769571 0.455387 0.0446128 0.0218855 0.209473
4 0.342961 0.51189 0.650232 0.861742 0.180664
0 0.0720775 0.460438 0.0108744 0.0319865 0.175537
2 0.856008 0.412879 0.0156144 0.0159933 0.113159
2 0.831471 0.446128 0.0501894 0.0420876 0.108582
7 0.830356 0.452441 0.0501894 0.0286195 0.0939941
7 0.346864 0.538721 0.660269 0.877104 0.0690308
2 0.684249 0.408249 0.0133838 0.016835 0.0603027
2 0.830356 0.452441 0.0501894 0.0286195 0.0585632
2 0.709343 0.40867 0.0156145 0.0159933 0.0538025
2 0.145236 0.436869 0.0775844 0.0286196 0.0524292
7 0.856008 0.412879 0.0156144 0.0159933 0.0499573
7 0.684249 0.406566 0.0223064 0.020202 0.0450134
11 0.310059 0.0578178 0.0490741 0.114162 0.0440063
2 0.726073 0.412879 0.0200758 0.0126263 0.0427246
2 0.684249 0.406566 0.0223064 0.020202 0.0423889
2 0.687595 0.407407 0.0144992 0.0185185 0.0403748
2 0.665846 0.410774 0.0200758 0.0151515 0.0402527
2 0.675884 0.406566 0.0379209 0.0218855 0.0390625
2 0.669192 0.409091 0.0223064 0.016835 0.0347595
0 0.170644 0.462963 0.0150568 0.0218855 0.0332642
2 0.716035 0.409091 0.0178452 0.016835 0.0325928
4 0.791877 0.448232 0.0869949 0.0378788 0.0319824
0 0.0596696 0.459596 0.0132444 0.0303031 0.0319214
7 0.825337 0.454966 0.0401515 0.0244108 0.0316162
2 0.163673 0.428872 0.0379209 0.0151515 0.0306702
7 0.687595 0.407407 0.0144992 0.0185185 0.0284424
0 0.0683133 0.470539 0.0178451 0.0555556 0.0256653
4 0.753399 0.442761 0.206334 0.050505 0.0239563
7 0.684249 0.408249 0.0133838 0.016835 0.0234222
3 0.352999 0.669297 0.670307 0.627736 0.0232391
2 0.680345 0.405724 0.0267677 0.0185185 0.0231476
4 0.798569 0.447391 0.109301 0.0437711 0.0219421
7 0.709343 0.40867 0.0156145 0.0159933 0.0167847
2 0.128018 0.456229 0.047889 0.026936 0.0157776
11 0.314799 0.294613 0.0619003 0.177189 0.0150757
4 0.830913 0.446128 0.0513047 0.0420876 0.0140076
13 0.882218 0.447811 0.024537 0.013468 0.0140076
7 0.795223 0.44697 0.10484 0.0412458 0.0136871
7 0.669192 0.409091 0.0223064 0.016835 0.0136337
0 0.167577 0.460859 0.0150568 0.0260943 0.0135345
5 0.684249 0.406566 0.0223064 0.020202 0.0133286
4 0.746149 0.417508 0.185143 0.0563973 0.0132751
7 0.153496 0.482744 0.128541 0.0841751 0.012825
0 0.0645491 0.464226 0.0241188 0.0412458 0.0127716
2 0.141332 0.45665 0.0736808 0.0319866 0.0123825
74 0.310617 0.0825968 0.0434975 0.0635522 0.0120087
2 0.666961 0.403199 0.0178452 0.013468 0.011734
4 0.780724 0.425926 0.149453 0.0723906 0.0116882
0 0.0750053 0.459596 0.0128262 0.03367 0.0112457
7 0.16451 0.433081 0.0373632 0.020202 0.0112
7 0.716035 0.409091 0.0178452 0.016835 0.0109863
6 0.348537 0.530724 0.658039 0.85101 0.0102081
4 0.777378 0.404461 0.0602273 0.0378788 0.0100098
2 0.772917 0.420034 0.024537 0.0185185 0.00959778
2 0.839836 0.445707 0.0356902 0.0378788 0.00955963
4 0.501057 0.427189 0.341846 0.433502 0.00923157
2 0.735553 0.414141 0.0423821 0.016835 0.00905609
2 0.705997 0.408249 0.0223064 0.016835 0.00901794
5 0.791877 0.446128 0.0959175 0.0412458 0.00871277
0 0.167019 0.455808 0.0217487 0.0227273 0.00844574
2 0.139938 0.450337 0.0742385 0.037037 0.00828552
0 0.0716593 0.470539 0.0142203 0.0538721 0.00828552
4 0.759533 0.396886 0.0446128 0.030303 0.00821686
2 0.777378 0.421717 0.0256524 0.0151515 0.00821686
7 0.839836 0.445707 0.0356902 0.0378788 0.00818634
4 0.756745 0.441077 0.205219 0.0900673 0.00818634
11 0.311174 0.082702 0.0446128 0.0631313 0.00812531
2 0.196575 0.462542 0.0468434 0.0345118 0.00790405
7 0.726073 0.412879 0.0200758 0.0126263 0.00775528
4 0.792435 0.427609 0.275484 0.0681818 0.00766754
7 0.680345 0.405724 0.0267677 0.0185185 0.00760651
5 0.346586 0.533565 0.654135 0.853746 0.00748825
2 0.158654 0.44234 0.0468434 0.0353535 0.00743103
0 0.187374 0.462121 0.024537 0.0277778 0.00737381
2 0.0723564 0.460438 0.0110138 0.0311448 0.00695801
9 0.059687 0.459596 0.0130702 0.0303031 0.00664139
2 0.122546 0.476431 0.0658039 0.0673401 0.0064621
5 0.687595 0.407407 0.0144992 0.0185185 0.00641251
2 0.742803 0.412458 0.0267677 0.013468 0.00636292
0 0.167019 0.447811 0.0351326 0.0471381 0.00634003
7 0.346307 0.664878 0.641309 0.602904 0.00634003
2 0.825337 0.454966 0.0401515 0.0244108 0.00629044
2 0.0434975 0.504209 0.0858796 0.0252525 0.00621796
24 0.0723564 0.460438 0.0110138 0.0311448 0.00612259
4 0.828462 0.328283 0.343077 0.265993 0.00605011
2 0.797454 0.40867 0.0200758 0.0185185 0.00602722
2 0.348537 0.530724 0.658039 0.85101 0.00600433
7 0.665846 0.410774 0.0200758 0.0151515 0.00598145
7 0.777378 0.421717 0.0256524 0.0151515 0.00588989
4 0.226689 0.327652 0.332365 0.594697 0.00572968
7 0.772917 0.420034 0.024537 0.0185185 0.00557709
0 0.155866 0.463805 0.0206334 0.0286195 0.00542831
5 0.547064 0.587121 0.878872 0.798822 0.00542831
0 0.0717987 0.457071 0.0128262 0.0395623 0.00540543
12 0.0723564 0.460438 0.0110138 0.0311448 0.00536346
7 0.821991 0.441077 0.0691498 0.0538721 0.0053215
4 0.764552 0.39899 0.0323442 0.030303 0.00503922
2 0.813068 0.45665 0.0156145 0.0227273 0.00502014
7 0.705997 0.408249 0.0223064 0.016835 0.00492477
2 0.00946279 0.497475 0.018577 0.013468 0.00484848
11 0.312847 0.131734 0.059112 0.263468 0.00484848
2 0.11683 0.463805 0.0485164 0.0378788 0.00481033
4 0.291656 0.333123 0.370286 0.606481 0.00479126
7 0.848758 0.4133 0.031229 0.0193602 0.00477219
7 0.735553 0.414141 0.0423821 0.016835 0.0045929
7 0.710459 0.407407 0.024537 0.0185185 0.00453949
7 0.547064 0.587121 0.878872 0.798822 0.00452042
0 0.508865 0.282828 0.0457281 0.0850168 0.00450516
2 0.710459 0.407407 0.024537 0.0185185 0.00441742
0 0.466204 0.296086 0.0585543 0.0652357 0.00438309
0 0.492414 0.299453 0.0423821 0.0530303 0.00431442
7 0.770686 0.450337 0.0468434 0.0319865 0.00421524
7 0.904524 0.403199 0.0189604 0.013468 0.00415039
2 0.661385 0.413721 0.0167298 0.0176768 0.00413513
2 0.187931 0.4617 0.0320654 0.0311448 0.00411606
4 0.776263 0.744108 0.443897 0.420875 0.00411606
4 0.794665 0.407828 0.0301137 0.0218855 0.00402451
0 0.595581 0.360059 0.0133839 0.0193603 0.00397491
4 0.933523 0.40404 0.0223063 0.013468 0.00397491
7 0.675884 0.406566 0.0379209 0.0218855 0.00379562
4 0.791319 0.409933 0.0323443 0.0210438 0.00369263
2 0.036213 0.501684 0.0722867 0.020202 0.00366402
2 0.791319 0.409933 0.0323443 0.0210438 0.00365067
5 0.830913 0.446128 0.0513047 0.0420876 0.00362206
2 0.246207 0.422559 0.0144992 0.0151515 0.00355148
0 0.0642006 0.470539 0.0230035 0.0589226 0.00355148
7 0.742803 0.412458 0.0267677 0.013468 0.00353813
7 0.813068 0.45665 0.0156145 0.0227273 0.00353813
4 0.791877 0.420875 0.0892255 0.0319866 0.00351143
2 0.162 0.446128 0.0379209 0.0454546 0.00349617
5 0.710459 0.407407 0.024537 0.0185185 0.00348282
2 0.0212259 0.5 0.041476 0.016835 0.00345612
0 0.585543 0.343645 0.0535353 0.0526094 0.00342941
10 0.059687 0.459596 0.0130702 0.0303031 0.00341606
11 0.314241 0.255471 0.0630156 0.509259 0.00338936
2 0.717151 0.409933 0.0535354 0.0218855 0.00337601
4 0.73165 0.412037 0.124916 0.0252525 0.00336266
11 0.059687 0.459596 0.0130702 0.0303031 0.00335121
4 0.801915 0.409512 0.0334596 0.023569 0.00328636
5 0.825337 0.454966 0.0401515 0.0244108 0.00322342
4 0.595581 0.434449 0.74838 0.449285 0.00322342
4 0.811953 0.423401 0.0925715 0.0589226 0.00319672
8 0.769571 0.455387 0.0446128 0.0218855 0.00316048
2 0.938542 0.403199 0.0167298 0.010101 0.00314713
2 0.762879 0.409933 0.024537 0.0218855 0.00314713
2 0.935196 0.403199 0.0144992 0.010101 0.00309944
7 0.762879 0.409933 0.024537 0.0218855 0.00309944
4 0.769571 0.454966 0.0423821 0.0227273 0.00304031
4 0.76734 0.396465 0.223064 0.123737 0.00302696
4 0.474847 0.412458 0.534796 0.402357 0.00301552
4 0.762879 0.409933 0.024537 0.0218855 0.00300407
7 0.765109 0.444865 0.180682 0.047138 0.00299263
4 0.790762 0.408249 0.0379209 0.026936 0.00293541
9 0.0720775 0.460438 0.0108744 0.0319865 0.00292397
2 0.848758 0.4133 0.031229 0.0193602 0.00288963
4 0.777378 0.421717 0.0256524 0.0151515 0.0028553
0 0.508028 0.305345 0.0334596 0.0429293 0.00283432
7 0.145236 0.436869 0.0775844 0.0286196 0.00282288
2 0.494087 0.409091 0.315636 0.395623 0.00282288
2 0.207728 0.464646 0.029556 0.026936 0.00279999
5 0.684249 0.408249 0.0133838 0.016835 0.00273705
2 0.208286 0.451178 0.0685922 0.0387205 0.00273705
2 0.202849 0.457071 0.0440551 0.0286196 0.00273705
7 0.666961 0.403199 0.0178452 0.013468 0.00271416
7 0.797454 0.40867 0.0200758 0.0185185 0.00269318
4 0.797454 0.40867 0.0200758 0.0185185 0.00268364
0 0.772917 0.41835 0.0156145 0.020202 0.00265312
0 0.50998 0.281145 0.0652462 0.0875421 0.00264168
5 0.709343 0.40867 0.0156145 0.0159933 0.00264168
4 0.778493 0.415404 0.0234217 0.0193603 0.00264168
4 0.790762 0.422559 0.102609 0.0462963 0.00263214
4 0.806376 0.428451 0.0869949 0.0462963 0.0026207
4 0.78608 0.574495 0.427841 0.662458 0.00261116
4 0.678115 0.406566 0.031229 0.020202 0.00260162
2 0.771801 0.421717 0.031229 0.016835 0.00259018
4 0.97479 0.404882 0.0122685 0.013468 0.00258064
2 0.238121 0.422138 0.00697074 0.013468 0.00256157
10 0.0651242 0.460438 0.0256175 0.03367 0.00252151
0 0.500221 0.304714 0.0457281 0.0446128 0.00251198
2 0.167019 0.455808 0.0217487 0.0227273 0.00251198
2 0.045031 0.510101 0.0900621 0.0303031 0.00251198
3 0.0723564 0.460438 0.0110138 0.0311448 0.00250244
5 0.680345 0.405724 0.0267677 0.0185185 0.0024929
13 0.882218 0.445286 0.0267676 0.016835 0.0024929
7 0.765109 0.399411 0.0323442 0.0260943 0.00247192
2 0.756187 0.409933 0.0156145 0.0159933 0.00244331
7 0.830913 0.414562 0.0624579 0.0218855 0.00243378
4 0.709901 0.41835 0.0992635 0.023569 0.0024147
5 0.766225 0.454545 0.0368055 0.0218855 0.0024147
4 0.830356 0.452441 0.0501894 0.0286195 0.00240517
0 0.587774 0.351852 0.0323443 0.0387205 0.00235939
14 0.861585 0.292929 0.00780725 0.0109428 0.00234985
4 0.383112 0.406987 0.55766 0.416667 0.00234985
7 0.777378 0.404461 0.0602273 0.0378788 0.00234222
0 0.504403 0.287879 0.0936869 0.0774411 0.00233269
5 0.716035 0.409091 0.0178452 0.016835 0.00233269
4 0.848758 0.4133 0.031229 0.0193602 0.00232315
5 0.830356 0.452441 0.0501894 0.0286195 0.00232315
4 0.742803 0.412458 0.0267677 0.013468 0.00231361
4 0.717151 0.409933 0.0535354 0.0218855 0.00228691
5 0.669192 0.409091 0.0223064 0.016835 0.00227928
2 0.227665 0.421717 0.00613425 0.0143098 0.00226974
4 0.838163 0.401515 0.055766 0.043771 0.00226021
7 0.938542 0.403199 0.0167298 0.010101 0.00225258
8 0.348537 0.530724 0.658039 0.85101 0.00224304
0 0.136766 0.462542 0.0289983 0.0345118 0.00221634
7 0.756187 0.409933 0.0156145 0.0159933 0.00220871
26 0.0723564 0.460438 0.0110138 0.0311448 0.00216484
4 0.770686 0.450337 0.0468434 0.0319865 0.00215721
4 0.825337 0.454966 0.0401515 0.0244108 0.00214005
4 0.815299 0.439394 0.0780724 0.0555556 0.00213242
4 0.735553 0.414141 0.0423821 0.016835 0.00212479
4 0.753956 0.393939 0.0535354 0.0294613 0.00209045
2 0.13119 0.45202 0.0543718 0.03367 0.00209045
0 0.484049 0.293771 0.0462858 0.0660774 0.0020752
7 0.791319 0.409933 0.0323443 0.0210438 0.0020752
0 0.511095 0.279672 0.0323442 0.0854377 0.00206757
2 0.904524 0.403199 0.0189604 0.013468 0.00205803
0 0.684249 0.408249 0.0133838 0.016835 0.00205803
0 0.452541 0.30303 0.0485164 0.0538721 0.0020504
0 0.441109 0.305556 0.0267677 0.0462963 0.00203514
6 0.547064 0.587121 0.878872 0.798822 0.00203514
7 0.801915 0.409512 0.0334596 0.023569 0.00200272
74 0.310059 0.0574495 0.0501894 0.114899 0.00198746
2 0.279666 0.409512 0.0228641 0.0218855 0.00191212
5 0.705997 0.408249 0.0223064 0.016835 0.00191212
0 0.238121 0.422138 0.00697074 0.013468 0.00191212
7 0.501057 0.427189 0.341846 0.433502 0.00188923
4 0.642424 0.768939 0.704882 0.423401 0.00187492
4 0.830913 0.414562 0.0624579 0.0218855 0.00186729
4 0.847643 0.409091 0.080303 0.030303 0.00186729
61 0.361364 0.511785 0.689268 0.86532 0.00186729
5 0.665846 0.410774 0.0200758 0.0151515 0.00186062
2 0.219997 0.422559 0.0136626 0.013468 0.00183868
4 0.961963 0.405724 0.0713805 0.0185185 0.0018177
7 0.771801 0.421717 0.031229 0.016835 0.00181007
7 0.935196 0.403199 0.0144992 0.010101 0.00179577
10 0.0720775 0.460438 0.0108744 0.0319865 0.00179577
2 0.0544416 0.50968 0.0531171 0.0185185 0.00178909
7 0.882218 0.447811 0.024537 0.013468 0.00177479
7 0.163673 0.428872 0.0379209 0.0151515 0.00176811
8 0.856008 0.412879 0.0156144 0.0159933 0.00176144
0 0.487395 0.30303 0.0356903 0.0505051 0.00173378
4 0.756187 0.409933 0.0156145 0.0159933 0.00172043
2 0.210795 0.462121 0.0267677 0.026936 0.00172043
2 0.187374 0.462121 0.024537 0.0277778 0.00171375
7 0.778493 0.415404 0.0234217 0.0193603 0.00170708
4 0.750053 0.420034 0.114878 0.023569 0.0017004
0 0.595581 0.414983 0.0200758 0.0404041 0.00168705
2 0.778493 0.415404 0.0234217 0.0193603 0.00168705
4 0.188489 0.651515 0.368056 0.498316 0.00168705
4 0.99375 0.287879 0.00892258 0.0875421 0.00168133
5 0.229756 0.40867 0.0513047 0.0446128 0.00167465
2 0.795223 0.44697 0.10484 0.0412458 0.00167465
0 0.598369 0.359848 0.0144992 0.020202 0.00164223
4 0.850989 0.396359 0.0780724 0.0507155 0.00164223
0 0.59335 0.335017 0.0401515 0.0345118 0.00162888
0 0.596138 0.362795 0.0156145 0.023569 0.00160408
0 0.687037 0.658249 0.0178451 0.0462963 0.00159168
0 0.70544 0.664141 0.0323443 0.0361953 0.00158501
7 0.059687 0.459596 0.0130702 0.0303031 0.00155449
2 0.97702 0.404461 0.0111531 0.013468 0.0015192
4 0.763436 0.395728 0.0825337 0.0536616 0.0015192
2 0.801915 0.409512 0.0334596 0.023569 0.00150108
2 0.206055 0.476431 0.0256524 0.0218855 0.00150108
4 0.786301 0.622054 0.421591 0.231481 0.00150108
0 0.772917 0.420034 0.024537 0.0185185 0.00148964
2 0.190441 0.450758 0.0669192 0.0429293 0.0014782
0 0.11683 0.463805 0.0485164 0.0378788 0.00147247
2 0.0596696 0.459596 0.0132444 0.0303031 0.00146103
7 0.854893 0.408249 0.0412669 0.026936 0.00144958
2 0.136766 0.462542 0.0289983 0.0345118 0.00144958
0 0.474569 0.303451 0.059112 0.0513468 0.00143814
7 0.709901 0.41835 0.0992635 0.023569 0.00143814
25 0.16451 0.43266 0.0379209 0.020202 0.00143242
3 0.0720775 0.463805 0.0122685 0.0404041 0.0014267
4 0.81976 0.414141 0.0624579 0.0218855 0.00141621
17 0.0723564 0.460438 0.0110138 0.0311448 0.00140476
5 0.709901 0.41835 0.0992635 0.023569 0.00138855
4 0.771801 0.421717 0.031229 0.016835 0.00137806
7 0.794665 0.407828 0.0301137 0.0218855 0.00136662
4 0.811395 0.502525 0.333481 0.193603 0.00136662
0 0.361364 0.511785 0.689268 0.86532 0.00135136
7 0.0651242 0.460438 0.0256175 0.03367 0.00134087
2 0.709901 0.41835 0.0992635 0.023569 0.00133514
4 0.74838 0.398148 0.0468434 0.0361953 0.00133038
7 0.863815 0.400253 0.0646886 0.0353535 0.00131512
4 0.790762 0.396465 0.143876 0.0589225 0.00130939
5 0.666961 0.403199 0.0178452 0.013468 0.00129414
4 0.936311 0.324285 0.1238 0.226852 0.00129414
0 0.692614 0.656566 0.0312289 0.0505051 0.00128937
2 0.15367 0.481902 0.12875 0.0824916 0.762207
2 0.16451 0.43266 0.037642 0.020202 0.462891
4 0.547622 0.584175 0.881103 0.804714 0.346924
4 0.362479 0.512732 0.69596 0.860059 0.345215
3 0.359691 0.507155 0.69819 0.935185 0.343262
7 0.830913 0.445286 0.0513047 0.0420876 0.338135
2 0.769571 0.455387 0.0446128 0.0218855 0.29248
4 0.830913 0.266204 0.336827 0.135101 0.265869
7 0.769571 0.455387 0.0468434 0.023569 0.205566
0 0.0720775 0.460438 0.0108744 0.0328283 0.189575
4 0.756187 0.433502 0.200758 0.060606 0.148071
2 0.856566 0.412879 0.0156145 0.0159933 0.142212
2 0.831471 0.446128 0.0501894 0.0420876 0.111267
7 0.829798 0.452862 0.0490741 0.0286195 0.0913696
2 0.684249 0.408249 0.0133838 0.016835 0.0680542
7 0.345749 0.526936 0.658039 0.905724 0.0665894
11 0.310059 0.0578704 0.0490741 0.113636 0.0623169
2 0.709343 0.409091 0.0156145 0.0151515 0.0621033
2 0.829798 0.452862 0.0490741 0.0286195 0.0600891
7 0.856566 0.412879 0.0156145 0.0159933 0.0549927
2 0.665846 0.410774 0.0200758 0.0151515 0.0490417
7 0.684806 0.406566 0.0223064 0.020202 0.0488586
2 0.145549 0.436869 0.0766782 0.0286196 0.0486755
2 0.726631 0.412879 0.0189604 0.0126263 0.0484924
2 0.675326 0.406566 0.0368056 0.020202 0.0451965
2 0.684806 0.406566 0.0223064 0.020202 0.0448608
2 0.687595 0.407407 0.0144992 0.0185185 0.0423889
2 0.669192 0.409091 0.0223064 0.016835 0.0394897
0 0.170644 0.462963 0.0150568 0.0227273 0.0367126
2 0.68146 0.406145 0.024537 0.0185185 0.0348816
2 0.716035 0.409091 0.0156145 0.016835 0.0340881
7 0.825337 0.455387 0.0401515 0.023569 0.0313721
0 0.0596696 0.459596 0.0132444 0.0303031 0.0301056
2 0.163673 0.428451 0.0379209 0.0151515 0.0299835
7 0.687595 0.407407 0.0144992 0.0185185 0.0290833
7 0.684249 0.408249 0.0133838 0.016835 0.0254669
13 0.882218 0.448232 0.024537 0.013468 0.0248871
0 0.0683133 0.470539 0.0178451 0.0555556 0.0243835
11 0.314799 0.295034 0.0619003 0.177609 0.0219421
4 0.773474 0.449495 0.0501894 0.0353535 0.0216217
7 0.709343 0.409091 0.0156145 0.0151515 0.0194244
6 0.347701 0.528725 0.656366 0.853325 0.0165863
5 0.684806 0.406566 0.0223064 0.020202 0.0158997
2 0.128401 0.456229 0.0468434 0.026936 0.0157166
4 0.771801 0.444865 0.167298 0.0462963 0.0149002
0 0.167577 0.460859 0.0150568 0.0260943 0.0146179
7 0.669192 0.409091 0.0223064 0.016835 0.0145569
4 0.503567 0.428346 0.349095 0.434554 0.014061
2 0.774032 0.420034 0.024537 0.0185185 0.0137939
0 0.0754932 0.459175 0.0119897 0.0328283 0.0133286
2 0.666961 0.403199 0.0178452 0.013468 0.0132217
7 0.153496 0.482323 0.128541 0.0841751 0.0130234
2 0.777378 0.421296 0.024537 0.0159933 0.012825
7 0.795781 0.44697 0.12157 0.0437711 0.0127716
4 0.830913 0.446128 0.0513047 0.0420876 0.0126266
2 0.14067 0.457071 0.0713805 0.0319866 0.012146
3 0.35272 0.659091 0.668634 0.651515 0.0121002
0 0.0650371 0.460017 0.0250947 0.0319865 0.0119629
4 0.798569 0.447811 0.105955 0.0429293 0.0119629
7 0.16451 0.433081 0.0373632 0.020202 0.0117798
2 0.840951 0.445707 0.0334596 0.0378788 0.011734
7 0.716035 0.409091 0.0156145 0.016835 0.011467
11 0.311174 0.082702 0.0446128 0.0629209 0.0112457
4 0.757302 0.444444 0.205219 0.0892256 0.0106506
2 0.736669 0.414141 0.0401515 0.0151515 0.0102921
74 0.310617 0.0825968 0.0434975 0.0633418 0.0102463
2 0.705997 0.408249 0.0234217 0.0176768 0.00912476
0 0.167159 0.457071 0.0203546 0.023569 0.00861359
7 0.726631 0.412879 0.0189604 0.0126263 0.00857544
7 0.777378 0.421296 0.024537 0.0159933 0.00847626
5 0.345192 0.527357 0.652462 0.866162 0.00834656
2 0.797454 0.408249 0.0200758 0.0185185 0.00828552
2 0.743361 0.412458 0.0256524 0.013468 0.00800323
7 0.840951 0.445707 0.0334596 0.0378788 0.00800323
5 0.687595 0.407407 0.0144992 0.0185185 0.00790405
7 0.679787 0.405724 0.0267677 0.0176768 0.0078125
7 0.774032 0.420034 0.024537 0.0185185 0.0078125
0 0.187374 0.462121 0.0242582 0.0277778 0.00766754
2 0.139938 0.450337 0.0736808 0.037037 0.00757599
2 0.159909 0.441919 0.0437763 0.03367 0.00737381
4 0.777936 0.404882 0.0602273 0.037037 0.00725937
2 0.196575 0.462542 0.0468434 0.0345118 0.00723267
0 0.0716593 0.470539 0.0142203 0.0547138 0.00712204
2 0.711574 0.409512 0.0312289 0.0185185 0.00701141
7 0.665846 0.410774 0.0200758 0.0151515 0.00695801
4 0.770128 0.411721 0.0948022 0.0401936 0.00695801
4 0.791877 0.417088 0.111532 0.050505 0.00677109
2 0.0723564 0.460438 0.0111532 0.0311448 0.00671768
5 0.791877 0.446128 0.0959175 0.0404041 0.00669098
0 0.167577 0.448653 0.0337384 0.0471381 0.00653839
2 0.825337 0.455387 0.0401515 0.023569 0.00626373
4 0.829019 0.329545 0.341961 0.26936 0.00624084
24 0.0723564 0.460438 0.0111532 0.0311448 0.00616837
11 0.312847 0.13205 0.0579966 0.264099 0.00593567
13 0.882218 0.446128 0.0267676 0.016835 0.005867
4 0.736111 0.409933 0.120455 0.0378788 0.00582123
0 0.156563 0.463384 0.0195181 0.0286195 0.00577545
9 0.0596696 0.459596 0.0129656 0.0303031 0.00561905
2 0.1215 0.47601 0.0637126 0.0664983 0.00561905
4 0.217627 0.334175 0.353278 0.580808 0.00540543
0 0.595581 0.359848 0.0133839 0.0193603 0.00536346
7 0.849316 0.4133 0.0312289 0.0193602 0.0053215
2 0.0437763 0.504209 0.0864373 0.0252525 0.00530243
7 0.705997 0.408249 0.0234217 0.0176768 0.00518036
2 0.81251 0.457071 0.0156144 0.0218855 0.00511932
7 0.736669 0.414141 0.0401515 0.0151515 0.0050621
4 0.761764 0.396886 0.0379209 0.0294613 0.00492477
2 0.345192 0.527357 0.652462 0.866162 0.00484848
2 0.791319 0.409933 0.031229 0.0210438 0.00482941
12 0.0723564 0.460438 0.0111532 0.0311448 0.00482941
4 0.8008 0.424979 0.113763 0.065867 0.00481033
7 0.710459 0.407828 0.024537 0.0193603 0.00477219
7 0.823106 0.441077 0.0646885 0.0521885 0.00475693
4 0.797454 0.427189 0.283291 0.0715488 0.00457382
7 0.904524 0.403199 0.0189604 0.013468 0.00455475
2 0.661385 0.413721 0.0156145 0.0176768 0.00452042
0 0.466204 0.296717 0.0579966 0.0631313 0.00438309
2 0.00961963 0.497475 0.0188907 0.013468 0.00434875
7 0.675326 0.406566 0.0368056 0.020202 0.00434875
0 0.491856 0.300505 0.0412668 0.0513468 0.00432968
2 0.710459 0.407828 0.024537 0.0193603 0.00431442
2 0.762879 0.411195 0.024537 0.020202 0.00429916
7 0.770128 0.449916 0.0468434 0.0328283 0.00429916
7 0.743361 0.412458 0.0256524 0.013468 0.00426483
7 0.789089 0.447811 0.0903409 0.037037 0.00426483
7 0.771801 0.444865 0.167298 0.0462963 0.00421524
7 0.762879 0.411195 0.024537 0.020202 0.00419998
0 0.503288 0.291035 0.0535354 0.0698653 0.00402451
2 0.187931 0.462121 0.031229 0.030303 0.00400543
0 0.509144 0.283249 0.0446128 0.0850168 0.00395966
5 0.710459 0.407828 0.024537 0.0193603 0.00392914
2 0.120733 0.461279 0.0373632 0.030303 0.00392914
4 0.598927 0.438973 0.747264 0.457071 0.00392914
2 0.246207 0.422559 0.0144992 0.0151515 0.00391388
4 0.756187 0.396044 0.0535354 0.030303 0.00388527
0 0.138021 0.461279 0.0250947 0.0311448 0.00382423
0 0.585543 0.343855 0.0535353 0.0521885 0.0037365
5 0.830913 0.446128 0.0513047 0.0420876 0.00369263
5 0.709343 0.409091 0.0156145 0.0151515 0.00363541
11 0.0596696 0.459596 0.0129656 0.0303031 0.00352478
7 0.765109 0.399411 0.031229 0.0260943 0.00348282
2 0.938542 0.403199 0.0167298 0.0109427 0.00348282
2 0.849316 0.4133 0.0312289 0.0193602 0.00348282
5 0.684249 0.408249 0.0133838 0.016835 0.00345612
2 0.755072 0.409933 0.0122685 0.0151515 0.00342941
2 0.934638 0.403199 0.0133839 0.010101 0.00341606
4 0.795223 0.407407 0.0289983 0.0218855 0.00338936
61 0.347701 0.528725 0.656366 0.853325 0.00338936
7 0.797454 0.408249 0.0200758 0.0185185 0.00335121
4 0.765109 0.399411 0.031229 0.0260943 0.00332451
4 0.934638 0.40404 0.0178451 0.0126263 0.00328636
2 0.162 0.446128 0.0359691 0.0454546 0.00327301
10 0.0596696 0.459596 0.0129656 0.0303031 0.00325966
5 0.825337 0.455387 0.0401515 0.023569 0.00314713
0 0.508028 0.305766 0.0334596 0.0425084 0.00313568
7 0.81251 0.457071 0.0156144 0.0218855 0.00313568
0 0.0641309 0.470539 0.0228641 0.0589226 0.00312424
4 0.306155 0.337963 0.443897 0.595118 0.00312424
7 0.666961 0.403199 0.0178452 0.013468 0.003088
8 0.769571 0.455387 0.0446128 0.0218855 0.0030632
5 0.547622 0.584175 0.881103 0.804714 0.00305176
2 0.0365267 0.501684 0.0730534 0.020202 0.00296974
7 0.342961 0.657407 0.633502 0.624579 0.0029583
2 0.0211562 0.5 0.0413365 0.016835 0.00291252
2 0.167577 0.448653 0.0337384 0.0471381 0.00286674
4 0.380603 0.406987 0.560448 0.417508 0.00286674
5 0.679787 0.405724 0.0267677 0.0176768 0.0028553
7 0.755072 0.409933 0.0122685 0.0151515 0.00279999
2 0.238121 0.422138 0.00724959 0.013468 0.00279999
0 0.120733 0.461279 0.0373632 0.030303 0.00279045
4 0.777378 0.74495 0.441667 0.422559 0.00277901
10 0.0650371 0.460017 0.0250947 0.0319865 0.00276756
7 0.145549 0.436869 0.0766782 0.0286196 0.00269318
8 0.347701 0.528725 0.656366 0.853325 0.00269318
4 0.784964 0.576494 0.430072 0.69718 0.00269318
5 0.716035 0.409091 0.0156145 0.016835 0.00268364
0 0.772917 0.41835 0.0156145 0.0193603 0.00268364
4 0.791319 0.409933 0.031229 0.0210438 0.00268364
2 0.208147 0.464646 0.0284407 0.026936 0.00265312
0 0.588889 0.354377 0.0289983 0.0332492 0.00259018
14 0.861585 0.29314 0.00780725 0.0109428 0.00258064
4 0.768455 0.39899 0.0401515 0.0319865 0.00257111
5 0.669192 0.409091 0.0223064 0.016835 0.00257111
3 0.0723564 0.460438 0.0111532 0.0311448 0.00257111
2 0.167159 0.457071 0.0203546 0.023569 0.00255013
2 0.204382 0.457071 0.0395939 0.026936 0.00254059
0 0.500779 0.305135 0.0434975 0.0437711 0.00253105
7 0.791319 0.409933 0.031229 0.0210438 0.00252151
4 0.509144 0.415825 0.587774 0.407407 0.00252151
7 0.830913 0.414983 0.0602273 0.0218855 0.00250244
7 0.938542 0.403199 0.0167298 0.0109427 0.00247192
2 0.778493 0.415825 0.0223064 0.0185185 0.00247192
7 0.777936 0.404882 0.0602273 0.037037 0.00244331
4 0.8008 0.409091 0.0289983 0.023569 0.00244331
5 0.705997 0.408249 0.0234217 0.0176768 0.00240517
7 0.8008 0.409091 0.0289983 0.023569 0.00240517
2 0.227525 0.421717 0.00613427 0.013468 0.00239754
7 0.778493 0.415825 0.0223064 0.0185185 0.002388
9 0.0720775 0.460438 0.0108744 0.0328283 0.002388
0 0.511095 0.292508 0.0401515 0.0656566 0.00237846
4 0.762879 0.411195 0.024537 0.020202 0.00237846
4 0.741688 0.414562 0.171759 0.0420876 0.00235939
2 0.206613 0.451178 0.0658039 0.0387205 0.00234985
26 0.0723564 0.460438 0.0111532 0.0311448 0.00232315
2 0.045275 0.510101 0.09055 0.0303031 0.00229645
5 0.766225 0.454545 0.0356902 0.0218855 0.00228691
5 0.665846 0.410774 0.0200758 0.0151515 0.00227928
0 0.684249 0.408249 0.0133838 0.016835 0.00223351
4 0.769571 0.455387 0.0423821 0.0218855 0.00221634
4 0.790204 0.420875 0.083649 0.0286196 0.00219917
11 0.31452 0.232323 0.0624579 0.461279 0.00219917
4 0.814184 0.420875 0.0869949 0.0521885 0.00217438
2 0.279666 0.409933 0.0228641 0.0218855 0.00216484
0 0.452262 0.303451 0.0479588 0.0521886 0.00214958
0 0.596138 0.362374 0.0156145 0.0231482 0.00212479
0 0.238121 0.422138 0.00724959 0.013468 0.00211525
5 0.829798 0.452862 0.0490741 0.0286195 0.00210762
0 0.441667 0.305976 0.0267677 0.0462963 0.00209999
2 0.904524 0.403199 0.0189604 0.013468 0.00208282
4 0.777378 0.421296 0.024537 0.0159933 0.0020752
4 0.809722 0.391414 0.305598 0.131313 0.0020504
2 0.206892 0.452862 0.0501894 0.0319865 0.00198746
4 0.797454 0.408249 0.0200758 0.0185185 0.0019722
4 0.778493 0.415825 0.0223064 0.0185185 0.00194168
74 0.310059 0.0572917 0.0501894 0.114583 0.00194168
2 0.220276 0.422138 0.0128262 0.013468 0.00192642
2 0.131189 0.45202 0.0538142 0.03367 0.00192642
0 0.595581 0.415404 0.0178452 0.0404041 0.00191879
4 0.806934 0.427609 0.0847643 0.0429293 0.00191879
4 0.829798 0.452862 0.0490741 0.0286195 0.00190449
4 0.973674 0.404461 0.00892248 0.0126263 0.00190449
7 0.934638 0.403199 0.0133839 0.010101 0.00187492
2 0.8008 0.409091 0.0289983 0.023569 0.00186729
0 0.687037 0.658249 0.0178451 0.0471381 0.00184631
0 0.475405 0.295244 0.057439 0.0635522 0.00183105
4 0.849316 0.4133 0.0312289 0.0193602 0.0018034
4 0.799684 0.481902 0.341288 0.214646 0.0018034
0 0.503846 0.28851 0.0942445 0.0765993 0.00178242
0 0.774032 0.420034 0.024537 0.0185185 0.00178242
7 0.795223 0.407407 0.0289983 0.0218855 0.0017004
8 0.856566 0.412879 0.0156145 0.0159933 0.00168705
0 0.705997 0.6633 0.031229 0.037037 0.00168705
4 0.165346 0.662458 0.327346 0.457912 0.00168705
7 0.163673 0.428451 0.0379209 0.0151515 0.00168133
0 0.635732 0.434343 0.0156145 0.023569 0.00168133
4 0.607292 0.770202 0.777378 0.424242 0.0016613
10 0.0720775 0.460438 0.0108744 0.0328283 0.00162888
11 0.315078 0.258365 0.0619003 0.317445 0.00162888
2 0.934638 0.40404 0.0178451 0.0126263 0.00161076
4 0.743361 0.412458 0.0256524 0.013468 0.00157928
5 0.666961 0.403199 0.0178452 0.013468 0.00157356
2 0.206195 0.476431 0.0250947 0.0218855 0.00156689
4 0.818645 0.440236 0.0691498 0.0521885 0.00156116
2 0.798569 0.447811 0.105955 0.0429293 0.00156116
4 0.68146 0.406145 0.024537 0.0185185 0.00152493
4 0.675326 0.406566 0.0368056 0.020202 0.00150681
4 0.825337 0.455387 0.0401515 0.023569 0.00148964
0 0.59335 0.335017 0.0401515 0.0345118 0.0014782
2 0.211074 0.462121 0.0267677 0.0260943 0.0014782
7 0.547622 0.584175 0.881103 0.804714 0.0014782
0 0.146107 0.462963 0.0239794 0.0319865 0.00144386
0 0.47652 0.304714 0.0552084 0.0488216 0.00143814
4 0.840951 0.409933 0.0658038 0.0277778 0.0014267
4 0.838163 0.403199 0.0546507 0.0395623 0.00142097
2 0.97702 0.404461 0.0111531 0.013468 0.00141048
7 0.81976 0.414141 0.0602273 0.0218855 0.00139904
2 0.0543718 0.50968 0.0545113 0.0185185 0.00139904
5 0.704325 0.407407 0.0323443 0.020202 0.00138855
17 0.0723564 0.460438 0.0111532 0.0311448 0.00138855
7 0.710459 0.41835 0.0959175 0.0218855 0.00137234
0 0.210098 0.422559 0.00724959 0.0117845 0.00136662
0 0.692056 0.656145 0.0289983 0.0505051 0.00136662
4 0.99375 0.287879 0.00892258 0.0875421 0.00136185
0 0.511653 0.279461 0.0289983 0.0841751 0.00135612
2 0.0499803 0.509259 0.0694287 0.0210438 0.00134087
4 0.718824 0.410774 0.0624579 0.0193603 0.00134087
25 0.16451 0.43266 0.037642 0.020202 0.00133514
6 0.547622 0.584175 0.881103 0.804714 0.00133514
4 0.782955 0.617003 0.430513 0.26936 0.00133514
7 0.755072 0.397201 0.0513047 0.0338805 0.00131512
4 0.736669 0.414141 0.0401515 0.0151515 0.00131512
2 0.710459 0.41835 0.0959175 0.0218855 0.00130463
0 0.701536 0.655303 0.0446128 0.0563973 0.00130463
0 0.687595 0.407407 0.0144992 0.0185185 0.00129986
2 0.138021 0.461279 0.0250947 0.0311448 0.00129986
4 0.710459 0.41835 0.0959175 0.0218855 0.00129414
7 0.882218 0.448232 0.024537 0.013468 0.00129414
5 0.229756 0.409091 0.0507471 0.0437711 0.00127888
2 0.795223 0.407407 0.0289983 0.0218855 0.00127888
7 0.854335 0.409091 0.0245371 0.0252525 0.00127888
0 0.685922 0.664141 0.0156145 0.0353535 0.00127888
2 0.189883 0.450758 0.0663615 0.0429293 0.00127411
7 0.0596696 0.459596 0.0129656 0.0303031 0.00127411
4 0.830913 0.414983 0.0602273 0.0218855 0.00126934
2 0.495481 0.410669 0.318424 0.397517 0.00126934
0 0.861585 0.29314 0.00780725 0.0109428 0.0012598
5 0.16451 0.433081 0.0373632 0.020202 0.0012598
2 0.0596696 0.459596 0.0132444 0.0303031 0.00125504
13 0.164789 0.432239 0.0379209 0.0193603 0.00123501
4 0.711574 0.409512 0.0312289 0.0185185 0.00122547
2 0.153496 0.481481 0.128541 0.0824916 0.757812
4 0.363037 0.525253 0.69819 0.828283 0.484375
2 0.16451 0.43266 0.037642 0.020202 0.428223
4 0.548737 0.583333 0.878872 0.806397 0.354004
3 0.344076 0.521886 0.655808 0.861953 0.29248
7 0.830913 0.445286 0.0513047 0.0420876 0.276611
2 0.769571 0.455387 0.0446128 0.0218855 0.275146
4 0.831471 0.265783 0.335711 0.135101 0.269043
0 0.0721473 0.460438 0.0108744 0.0319865 0.194336
7 0.769571 0.455387 0.0468434 0.023569 0.169922
2 0.856566 0.412879 0.0156145 0.0159933 0.155029
2 0.831471 0.446128 0.0501894 0.0420876 0.109314
4 0.757302 0.434764 0.200758 0.0597643 0.102295
7 0.829798 0.452862 0.0490741 0.0286195 0.0797729
11 0.310059 0.0578704 0.0490741 0.113215 0.0792236
2 0.684249 0.408249 0.0133838 0.016835 0.0639648
2 0.709343 0.40867 0.0144992 0.0159933 0.0616455
2 0.829798 0.452862 0.0490741 0.0286195 0.0611877
7 0.856566 0.412879 0.0156145 0.0159933 0.0534058
2 0.727189 0.412879 0.0178451 0.0126263 0.0488586
2 0.665846 0.410774 0.0200758 0.0151515 0.0486755
7 0.342124 0.526094 0.650789 0.900673 0.0470886
2 0.674769 0.406566 0.0356903 0.0193603 0.0438538
2 0.145549 0.436869 0.0769571 0.0286196 0.0432129
7 0.684806 0.406566 0.0223064 0.020202 0.0427246
2 0.684806 0.406566 0.0223064 0.020202 0.0401001
2 0.688152 0.407407 0.0133839 0.0185185 0.0377502
2 0.669192 0.409091 0.0223064 0.016835 0.0372009
0 0.170644 0.462963 0.014778 0.0227273 0.0350037
13 0.882218 0.448232 0.024537 0.013468 0.0346069
11 0.314799 0.295875 0.0619003 0.178451 0.0346069
2 0.716593 0.409091 0.0156145 0.016835 0.0321045
0 0.0596522 0.459596 0.0131399 0.0303031 0.0303802
2 0.163673 0.428451 0.0379209 0.0151515 0.0271759
7 0.825337 0.455387 0.0401515 0.023569 0.0255585
7 0.688152 0.407407 0.0133839 0.0185185 0.0248871
7 0.684249 0.408249 0.0133838 0.016835 0.02211
0 0.0683133 0.470539 0.0177057 0.0555556 0.0216522
6 0.345192 0.541667 0.652462 0.822391 0.0215302
2 0.680345 0.405724 0.0267677 0.0176768 0.0213623
4 0.501894 0.430135 0.343519 0.436027 0.0198669
7 0.709343 0.40867 0.0144992 0.0159933 0.0178528
2 0.777936 0.421296 0.024537 0.0159933 0.0166626
2 0.774032 0.420034 0.024537 0.0185185 0.0163422
5 0.684806 0.406566 0.0223064 0.020202 0.0161591
7 0.77682 0.454966 0.0323443 0.0218855 0.0157776
4 0.768455 0.449495 0.0401515 0.0353535 0.0154877
2 0.77682 0.454966 0.0323443 0.0218855 0.0149002
0 0.167577 0.460859 0.0144992 0.0260943 0.0141754
3 0.335154 0.670455 0.614541 0.593434 0.014061
0 0.0755629 0.459596 0.0117109 0.0319866 0.0139008
11 0.310895 0.0827283 0.0446128 0.0630787 0.0135345
2 0.12868 0.456229 0.0462858 0.026936 0.0134811
7 0.796338 0.44697 0.120455 0.0429293 0.0126724
2 0.841509 0.445286 0.0312289 0.037037 0.0126266
7 0.153356 0.482323 0.128262 0.0841751 0.0126266
2 0.666961 0.403199 0.0178452 0.013468 0.0125275
7 0.669192 0.409091 0.0223064 0.016835 0.0124283
0 0.0649848 0.459596 0.0245022 0.0319866 0.0115509
4 0.75786 0.44697 0.204104 0.0892256 0.0113297
7 0.16451 0.433502 0.0373632 0.020202 0.0110321
2 0.140112 0.457071 0.0699863 0.0319866 0.0108185
2 0.737226 0.413721 0.0379209 0.0151515 0.0106125
4 0.775147 0.445286 0.162837 0.0454546 0.0104523
4 0.830913 0.446128 0.0513047 0.0420876 0.00993347
2 0.798011 0.408249 0.0189604 0.0185185 0.00985718
7 0.716593 0.409091 0.0156145 0.016835 0.00967407
11 0.312568 0.132155 0.057439 0.26431 0.00919342
7 0.777936 0.421296 0.024537 0.0159933 0.0091629
2 0.743918 0.412458 0.024537 0.013468 0.00891876
0 0.167159 0.457492 0.0192393 0.023569 0.00891876
2 0.709901 0.409091 0.0267677 0.0176768 0.00891876
74 0.310617 0.0825179 0.0434975 0.0634996 0.00857544
13 0.882218 0.446128 0.0267676 0.016835 0.00837708
7 0.774032 0.420034 0.024537 0.0185185 0.00828552
5 0.342682 0.52904 0.647443 0.854377 0.00821686
5 0.688152 0.407407 0.0133839 0.0185185 0.00809479
2 0.705997 0.408249 0.0223064 0.0176768 0.00806427
7 0.727189 0.412879 0.0178451 0.0126263 0.00784302
4 0.798011 0.447811 0.103725 0.0420876 0.00748825
0 0.187234 0.462121 0.0237005 0.0277778 0.00725937
2 0.160048 0.441919 0.0429398 0.0328283 0.0069046
7 0.680345 0.405724 0.0267677 0.0176768 0.00666809
2 0.140112 0.450337 0.0736111 0.037037 0.00664139
7 0.841509 0.445286 0.0312289 0.037037 0.00661469
7 0.665846 0.410774 0.0200758 0.0151515 0.00631332
4 0.829019 0.332702 0.341961 0.275673 0.00626373
0 0.167995 0.449074 0.0326231 0.0462963 0.00624084
4 0.223203 0.380471 0.311453 0.484849 0.00614548
0 0.595581 0.359848 0.0133839 0.0193603 0.00600433
2 0.196575 0.462121 0.0468434 0.03367 0.00588989
2 0.825337 0.455387 0.0401515 0.023569 0.00572968
0 0.156842 0.462963 0.0186816 0.0286195 0.00557709
2 0.791319 0.409933 0.0301137 0.0210438 0.0055542
2 0.0724261 0.460438 0.0110138 0.0311448 0.00553513
2 0.770686 0.421717 0.0289983 0.0159933 0.00548935
0 0.071729 0.470539 0.0140809 0.0547138 0.00547028
24 0.0724261 0.460438 0.0110138 0.0311448 0.00540543
0 0.138579 0.460438 0.0223064 0.0286196 0.00536346
61 0.345192 0.541667 0.652462 0.822391 0.00526047
7 0.849316 0.4133 0.0312289 0.0185185 0.00519943
5 0.791877 0.446128 0.0959175 0.0404041 0.00519943
2 0.762879 0.412037 0.024537 0.0193603 0.00492477
4 0.605061 0.446023 0.737226 0.469907 0.00482941
7 0.775147 0.445286 0.162837 0.0454546 0.00477219
4 0.777936 0.405303 0.0602273 0.0361953 0.00468063
0 0.127704 0.460438 0.0211911 0.026936 0.00468063
2 0.811953 0.457071 0.0144991 0.0218855 0.0046463
7 0.737226 0.413721 0.0379209 0.0151515 0.00455475
7 0.762879 0.412037 0.024537 0.0193603 0.00443268
2 0.0438809 0.504209 0.0867858 0.0252525 0.00438309
4 0.774032 0.409933 0.0613426 0.03367 0.00438309
2 0.342124 0.526094 0.650789 0.900673 0.00436401
7 0.705997 0.408249 0.0223064 0.0176768 0.00432968
5 0.830913 0.445707 0.0513047 0.0420876 0.00432968
4 0.789646 0.412458 0.100379 0.0404041 0.00432968
4 0.292214 0.380892 0.389247 0.505892 0.00432968
9 0.0596522 0.459596 0.0131399 0.0303031 0.00429916
7 0.904524 0.403199 0.0178452 0.013468 0.00426483
7 0.743918 0.412458 0.024537 0.013468 0.00419998
7 0.710459 0.407828 0.024537 0.0193603 0.00416565
2 0.660827 0.413721 0.0156145 0.0176768 0.00403976
2 0.754514 0.410354 0.0111532 0.0151515 0.00403976
12 0.0724261 0.460438 0.0110138 0.0311448 0.00399017
7 0.674769 0.406566 0.0356903 0.0193603 0.00397491
7 0.335154 0.670455 0.614541 0.593434 0.00391388
2 0.120524 0.47601 0.0617608 0.0656566 0.00388527
2 0.246207 0.42298 0.0144992 0.0151515 0.00387001
5 0.709343 0.40867 0.0144992 0.0159933 0.00385475
2 0.849316 0.4133 0.0312289 0.0185185 0.00385475
7 0.824221 0.441919 0.0635733 0.0521885 0.00385475
4 0.380324 0.409512 0.562121 0.417508 0.00385475
0 0.466204 0.297138 0.0568813 0.0622896 0.00378036
5 0.710459 0.407828 0.024537 0.0193603 0.00374985
0 0.49102 0.300715 0.0395939 0.050505 0.00369263
2 0.00982876 0.497475 0.0192393 0.013468 0.00366402
5 0.684249 0.408249 0.0133838 0.016835 0.00362206
7 0.765109 0.398885 0.031229 0.025463 0.0036068
2 0.934638 0.403199 0.0133839 0.010101 0.00353813
11 0.0596522 0.460017 0.012861 0.0303031 0.00351143
2 0.938542 0.403199 0.0167298 0.0109427 0.00348282
2 0.187792 0.4617 0.0303925 0.030303 0.00345612
7 0.770128 0.449495 0.0468434 0.03367 0.00344276
0 0.584428 0.343855 0.0513047 0.0521885 0.00342941
7 0.798011 0.408249 0.0189604 0.0185185 0.00341606
4 0.760648 0.407513 0.0579967 0.0317761 0.00337601
0 0.503009 0.292088 0.05242 0.0673401 0.00319672
4 0.8008 0.422559 0.111532 0.0589226 0.00314713
7 0.788531 0.447811 0.0892255 0.037037 0.00311089
5 0.825337 0.455387 0.0401515 0.023569 0.00307465
2 0.777936 0.416667 0.0223064 0.0185185 0.00305176
0 0.508586 0.283249 0.0434975 0.0858586 0.00301552
8 0.345192 0.541667 0.652462 0.822391 0.00296974
5 0.680345 0.405724 0.0267677 0.0176768 0.00288963
2 0.161721 0.446128 0.0351326 0.0454546 0.00288963
0 0.508028 0.305976 0.0323443 0.0420876 0.0028553
7 0.754514 0.410354 0.0111532 0.0151515 0.00284576
2 0.127704 0.460438 0.0211911 0.026936 0.00284576
0 0.772917 0.41835 0.0156145 0.0193603 0.00281143
14 0.861027 0.29314 0.00892258 0.0109428 0.00279999
2 0.23826 0.422138 0.00724957 0.013468 0.00277901
7 0.770686 0.421717 0.0289983 0.0159933 0.00277901
7 0.666961 0.403199 0.0178452 0.013468 0.00276756
4 0.762321 0.396359 0.0356902 0.02883 0.00275803
4 0.802473 0.426347 0.292214 0.0757576 0.00275803
7 0.777936 0.416667 0.0223064 0.0185185 0.00271416
4 0.795781 0.407407 0.027883 0.0218855 0.00268364
8 0.769571 0.455387 0.0446128 0.0218855 0.00265312
0 0.512211 0.282407 0.0613426 0.0850168 0.0026207
5 0.716593 0.409091 0.0156145 0.016835 0.00258064
7 0.791319 0.409933 0.0301137 0.0210438 0.00256157
5 0.669192 0.409091 0.0223064 0.016835 0.00250244
7 0.145549 0.436869 0.0769571 0.0286196 0.00250244
0 0.588889 0.356061 0.0267677 0.0294613 0.00247192
5 0.548737 0.583333 0.878872 0.806397 0.00247192
2 0.167995 0.449074 0.0326231 0.0462963 0.00245285
10 0.0596522 0.460017 0.012861 0.0303031 0.00244331
0 0.0640612 0.470539 0.0224458 0.0589226 0.00244331
0 0.684249 0.408249 0.0133838 0.016835 0.00242424
10 0.0649848 0.459596 0.0245022 0.0319866 0.00242424
3 0.0724261 0.460438 0.0110138 0.0311448 0.0024147
7 0.811953 0.457071 0.0144991 0.0218855 0.00240517
5 0.705997 0.408249 0.0223064 0.0176768 0.00235939
2 0.227525 0.421717 0.00613427 0.013468 0.00235939
4 0.934638 0.40404 0.0156144 0.0117845 0.00235939
4 0.358018 0.690236 0.674769 0.606061 0.00235939
0 0.598369 0.359848 0.0133839 0.0193603 0.00234985
2 0.0211127 0.500421 0.0412843 0.016835 0.00234985
7 0.800242 0.409091 0.027883 0.023569 0.00234222
2 0.0369798 0.501684 0.0738202 0.020202 0.00233269
2 0.167159 0.457492 0.0192393 0.023569 0.00231361
26 0.0724261 0.460438 0.0110138 0.0311448 0.00230598
2 0.208425 0.465067 0.0276042 0.026936 0.00230598
7 0.938542 0.403199 0.0167298 0.0109427 0.00228691
4 0.784628 0.583333 0.429398 0.725589 0.00227928
5 0.665846 0.410774 0.0200758 0.0151515 0.00226974
7 0.832029 0.414983 0.0602273 0.0218855 0.00226974
0 0.595581 0.362374 0.0156145 0.023569 0.00226021
4 0.755629 0.395728 0.05242 0.0300926 0.00226021
4 0.167577 0.662458 0.33125 0.461279 0.00225258
4 0.532844 0.417403 0.555987 0.409301 0.00224304
0 0.500779 0.305556 0.0434975 0.0429293 0.00222588
2 0.205637 0.457071 0.0362479 0.026936 0.00221634
5 0.829798 0.452862 0.0490741 0.0286195 0.00220871
0 0.23826 0.422138 0.00724957 0.013468 0.00217438
7 0.777936 0.405303 0.0602273 0.0361953 0.00215721
5 0.766225 0.454545 0.0356902 0.0218855 0.00209999
2 0.279945 0.409933 0.0223064 0.0218855 0.00206757
0 0.774032 0.420034 0.024537 0.0185185 0.00205803
2 0.904524 0.403199 0.0178452 0.013468 0.00201988
2 0.0454493 0.510101 0.0908986 0.0303031 0.00201035
4 0.612868 0.770202 0.766225 0.425926 0.00198746
0 0.452541 0.303872 0.0474011 0.0521886 0.00197983
2 0.800242 0.409091 0.027883 0.023569 0.0019722
0 0.441109 0.305976 0.0256524 0.0458754 0.00196457
11 0.315357 0.335017 0.0619003 0.255892 0.00195694
2 0.205637 0.450758 0.0646885 0.0378788 0.00194931
4 0.791319 0.409933 0.0301137 0.0210438 0.00191879
0 0.510817 0.29335 0.0401515 0.0643939 0.00189686
0 0.596138 0.415825 0.0178452 0.0404041 0.00188255
4 0.799684 0.482744 0.339057 0.209596 0.00185299
2 0.220276 0.422138 0.0125473 0.013468 0.00183868
9 0.0721473 0.460438 0.0108744 0.0319865 0.00182438
11 0.31452 0.213173 0.0624579 0.40362 0.00182438
74 0.310059 0.0571338 0.0490741 0.114268 0.0018177
0 0.635732 0.434764 0.0156145 0.0244108 0.0018034
0 0.687037 0.658249 0.0178451 0.0471381 0.00178909
4 0.762879 0.412037 0.024537 0.0193603 0.00176144
4 0.785185 0.73064 0.428283 0.451178 0.00174141
7 0.934638 0.403199 0.0133839 0.010101 0.00173378
4 0.800242 0.409091 0.027883 0.023569 0.00173378
7 0.795781 0.407407 0.027883 0.0218855 0.0017271
2 0.206892 0.453704 0.0468434 0.030303 0.00168705
2 0.131329 0.45202 0.0535354 0.03367 0.00165462
0 0.475405 0.296086 0.0563237 0.0614478 0.00161648
4 0.769571 0.455387 0.0423821 0.0218855 0.00158501
5 0.666961 0.403199 0.0178452 0.013468 0.00157356
8 0.856566 0.412879 0.0156145 0.0159933 0.00156689
0 0.14778 0.462963 0.0197969 0.030303 0.00156689
2 0.717708 0.410354 0.0501894 0.0176768 0.00155449
7 0.163673 0.428451 0.0379209 0.0151515 0.00154877
4 0.815299 0.419192 0.0847643 0.0488215 0.00154305
4 0.764552 0.400253 0.0312289 0.0294613 0.00153637
2 0.206195 0.476431 0.0248159 0.0218855 0.00148964
4 0.76734 0.398569 0.0401515 0.0319865 0.00148392
4 0.777936 0.421296 0.024537 0.0159933 0.00148392
2 0.798011 0.447811 0.103725 0.0420876 0.00144386
4 0.829798 0.452862 0.0490741 0.0286195 0.00143814
4 0.798011 0.408249 0.0189604 0.0185185 0.0014267
2 0.795781 0.407407 0.027883 0.0218855 0.00142097
0 0.688152 0.407407 0.0133839 0.0185185 0.00141048
4 0.777936 0.416667 0.0223064 0.0185185 0.00141048
4 0.787416 0.421296 0.0780724 0.0260943 0.00140476
4 0.826452 0.388047 0.336827 0.137205 0.00139904
13 0.164789 0.432239 0.0379209 0.0193603 0.00138855
0 0.705997 0.6633 0.031229 0.037037 0.00137806
4 0.121012 0.665404 0.239794 0.396465 0.00137806
0 0.210098 0.422559 0.00724959 0.0117845 0.00137234
2 0.775147 0.445286 0.162837 0.0454546 0.00135612
4 0.849316 0.4133 0.0312289 0.0185185 0.00134087
5 0.16451 0.433502 0.0373632 0.020202 0.00133514
5 0.703767 0.407407 0.031229 0.020202 0.00131512
0 0.477357 0.305135 0.0535354 0.0475589 0.00130939
2 0.97702 0.404461 0.0111531 0.013468 0.00130463
5 0.764552 0.398885 0.0312289 0.02883 0.0012846
4 0.973117 0.404461 0.00780716 0.0117845 0.0012846
6 0.501894 0.430135 0.343519 0.436027 0.0012846
0 0.685922 0.6633 0.0156145 0.037037 0.00127888
4 0.807492 0.426768 0.0825337 0.0387205 0.00126457
2 0.128819 0.480219 0.0791877 0.0690236 0.00125504
7 0.820875 0.414141 0.0579966 0.0218855 0.00124931
17 0.0724261 0.460438 0.0110138 0.0311448 0.00124454
0 0.691498 0.656566 0.0267676 0.0505051 0.0012207
0 0.503009 0.28851 0.0970328 0.0765993 0.00121117
25 0.16451 0.43266 0.037642 0.020202 0.00121117
2 0.772917 0.41835 0.0156145 0.0193603 0.0012064
2 0.211074 0.462121 0.0264889 0.0252525 0.0012064
0 0.59335 0.335017 0.0390362 0.0345118 0.00120163
10 0.0721473 0.460438 0.0108744 0.0319865 0.00120163
2 0.252202 0.422559 0.0133838 0.0151515 0.00118351
4 0.99375 0.287879 0.00892258 0.0867004 0.00115585
0 0.468992 0.305135 0.0568813 0.0547138 0.00115108
2 0.710459 0.417929 0.0959175 0.0218855 0.00115108
4 0.791877 0.422138 0.100379 0.0387205 0.00115108
0 0.861027 0.29314 0.00892258 0.0109428 0.00114727
5 0.335154 0.670455 0.614541 0.593434 0.00113392
7 0.854893 0.409512 0.0200757 0.0244108 0.00112057
7 0.710459 0.417929 0.0959175 0.0218855 0.00112057
7 0.755072 0.397727 0.0501894 0.03367 0.0011158
0 0.34798 0.609428 0.202988 0.323232 0.0011158
0 0.167437 0.484848 0.0922927 0.0791246 0.00111198
4 0.837605 0.410774 0.0568813 0.0252525 0.00110722
2 0.787416 0.421296 0.0780724 0.0260943 0.0011034
2 0.0545113 0.50968 0.0554872 0.0185185 0.00109863
6 0.548737 0.583333 0.878872 0.806397 0.00109863
12 0.312847 0.131103 0.0585543 0.262205 0.00109005
0 0.701536 0.654882 0.0446128 0.0555555 0.00108624
4 0.821991 0.440236 0.0579966 0.0496633 0.00105667
2 0.0596522 0.459596 0.0131399 0.0303031 0.00105667
2 0.189326 0.450337 0.0669192 0.0420876 0.00105286
2 0.153496 0.481481 0.128262 0.0824916 0.759277
4 0.363873 0.529882 0.699863 0.813973 0.654785
2 0.16437 0.433081 0.037642 0.0210438 0.403564
4 0.548737 0.579545 0.881103 0.813973 0.377441
4 0.831471 0.265152 0.335711 0.13468 0.345215
2 0.769571 0.454966 0.0446128 0.0218855 0.276611
7 0.830913 0.445286 0.0513047 0.0420876 0.23938
0 0.0721473 0.460438 0.0110138 0.0319865 0.200562
3 0.339336 0.527778 0.646328 0.892256 0.191895
2 0.856566 0.412879 0.0156145 0.0168351 0.166626
7 0.769571 0.455387 0.0468434 0.023569 0.166626
2 0.831471 0.446128 0.0501894 0.0420876 0.108948
11 0.30978 0.0578704 0.0485164 0.113005 0.0863037
4 0.75786 0.435185 0.199642 0.0597643 0.0797729
7 0.829798 0.452862 0.0490741 0.0286195 0.0753174
2 0.684249 0.40867 0.0133838 0.0176768 0.0634766
2 0.709343 0.409091 0.0144992 0.016835 0.062561
2 0.829798 0.452862 0.0490741 0.0286195 0.0594177
7 0.856566 0.412879 0.0156145 0.0168351 0.0566406
2 0.665846 0.410774 0.0200758 0.0151515 0.0497742
2 0.727189 0.412879 0.0178451 0.0126263 0.0481262
11 0.314799 0.295875 0.0619003 0.180135 0.0467224
7 0.684806 0.406566 0.0223064 0.0210438 0.0453491
2 0.674769 0.406566 0.0334596 0.0185185 0.0437012
13 0.882218 0.448232 0.024537 0.013468 0.0394897
2 0.145828 0.436448 0.0761206 0.0277778 0.0389099
2 0.684806 0.406566 0.0223064 0.0210438 0.0386047
2 0.688152 0.407407 0.0156145 0.0185185 0.0366211
2 0.669192 0.409091 0.0211911 0.016835 0.0359497
0 0.0595999 0.459596 0.013105 0.0303031 0.0333252
2 0.716593 0.409091 0.0156145 0.016835 0.03125
0 0.170644 0.462963 0.014778 0.0227273 0.0307922
4 0.502173 0.429188 0.342961 0.434554 0.0281067
7 0.688152 0.407407 0.0156145 0.0185185 0.0261536
2 0.163534 0.428451 0.0379209 0.0151515 0.0254669
7 0.825337 0.455387 0.0401515 0.023569 0.0248871
7 0.339336 0.527778 0.646328 0.892256 0.0245209
7 0.684249 0.40867 0.0133838 0.0176768 0.0239563
0 0.0684528 0.470539 0.0175663 0.0555556 0.023819
6 0.343797 0.546402 0.649674 0.809554 0.0218658
2 0.679787 0.405724 0.0256524 0.0176768 0.0207977
2 0.777936 0.421296 0.024537 0.0159933 0.0196381
5 0.684806 0.406566 0.0223064 0.0210438 0.0195618
7 0.709343 0.409091 0.0144992 0.016835 0.018692
2 0.773474 0.420034 0.0234217 0.0185185 0.0186157
2 0.780724 0.455387 0.024537 0.0218855 0.0144501
0 0.0704743 0.468434 0.0150568 0.0496633 0.0142822
4 0.75786 0.449074 0.204104 0.0900673 0.0135345
2 0.842067 0.445286 0.0289983 0.037037 0.0133743
7 0.797454 0.44697 0.115993 0.0420876 0.0133743
11 0.310895 0.082702 0.0446128 0.0631313 0.0132217
0 0.0755629 0.459596 0.0119897 0.0319866 0.012825
2 0.666961 0.403199 0.0178452 0.013468 0.0126266
7 0.669192 0.409091 0.0211911 0.016835 0.0126266
4 0.766225 0.450337 0.0356902 0.03367 0.012291
7 0.780724 0.455387 0.024537 0.0218855 0.0122375
7 0.153356 0.481902 0.128262 0.0850168 0.0121918
0 0.167577 0.460859 0.0144992 0.0260943 0.0121002
11 0.312568 0.132155 0.0568813 0.26431 0.0115967
2 0.798011 0.408249 0.0189604 0.0185185 0.011116
7 0.16451 0.433502 0.0373632 0.020202 0.011116
0 0.0646188 0.459596 0.02384 0.0319866 0.0107346
2 0.12868 0.45665 0.0460069 0.0260943 0.0106125
3 0.330414 0.673401 0.601715 0.582492 0.0105286
2 0.134989 0.456229 0.0417548 0.0286196 0.0104904
2 0.737226 0.4133 0.0368055 0.0151515 0.0104523
7 0.777936 0.421296 0.024537 0.0159933 0.0102463
13 0.882218 0.446128 0.0267676 0.016835 0.00971222
7 0.773474 0.420034 0.0234217 0.0185185 0.00955963
5 0.688152 0.407407 0.0156145 0.0185185 0.00948334
7 0.716593 0.409091 0.0156145 0.016835 0.00930023
2 0.140007 0.457071 0.0690801 0.0319866 0.00919342
2 0.743918 0.412458 0.024537 0.013468 0.0091629
2 0.709343 0.409091 0.0256524 0.016835 0.00891876
4 0.778493 0.445286 0.155029 0.0454546 0.00844574
4 0.830913 0.446128 0.0513047 0.0420876 0.00800323
4 0.602133 0.470434 0.747543 0.518729 0.00784302
7 0.727189 0.412879 0.0178451 0.0126263 0.00775528
74 0.310617 0.0825968 0.0434975 0.0633418 0.00757599
2 0.705997 0.408249 0.0223064 0.0176768 0.00757599
0 0.167159 0.457071 0.0195181 0.023569 0.00757599
0 0.595023 0.359848 0.0122685 0.0193603 0.00720596
4 0.222506 0.390572 0.32177 0.468013 0.00698471
7 0.679787 0.405724 0.0256524 0.0176768 0.0068512
2 0.160606 0.441919 0.0418245 0.0319865 0.00677109
5 0.341288 0.53125 0.644655 0.843224 0.00666809
7 0.665846 0.410774 0.0200758 0.0151515 0.00664139
0 0.187095 0.462121 0.0234217 0.0277778 0.00664139
2 0.770686 0.421717 0.027883 0.0159933 0.00661469
61 0.343797 0.546402 0.649674 0.809554 0.00651169
0 0.138857 0.460438 0.0200758 0.026936 0.0064888
0 0.130179 0.460438 0.0151265 0.023569 0.00616837
2 0.791319 0.409933 0.0289984 0.020202 0.00602722
7 0.842067 0.445286 0.0289983 0.037037 0.00595856
2 0.825337 0.455387 0.0401515 0.023569 0.00588989
4 0.829019 0.335017 0.341961 0.281145 0.00579834
4 0.38374 0.409827 0.559751 0.421086 0.00577545
0 0.167577 0.448653 0.0331808 0.0471381 0.00568771
2 0.140251 0.450337 0.0741688 0.037037 0.00566483
2 0.0724261 0.460438 0.0111532 0.0311448 0.00564194
24 0.0724261 0.460438 0.0111532 0.0311448 0.00561905
7 0.849316 0.4133 0.0312289 0.0185185 0.00536346
2 0.763436 0.412458 0.0234217 0.0185185 0.00530243
2 0.196575 0.462121 0.0462858 0.03367 0.00511932
7 0.778493 0.445286 0.155029 0.0454546 0.00511932
4 0.291029 0.388468 0.400539 0.490741 0.00488663
0 0.156981 0.463384 0.0184028 0.0277778 0.00486755
7 0.763436 0.412458 0.0234217 0.0185185 0.00479126
5 0.830913 0.445707 0.0513047 0.0420876 0.00475693
4 0.358297 0.694024 0.670865 0.598485 0.00471878
4 0.794108 0.448653 0.0936868 0.0420876 0.00468063
5 0.684249 0.40867 0.0133838 0.0176768 0.00452042
5 0.709343 0.409091 0.0144992 0.016835 0.00438309
2 0.753956 0.410774 0.0111532 0.0151515 0.00438309
2 0.811395 0.457071 0.0133838 0.0218855 0.00438309
7 0.737226 0.4133 0.0368055 0.0151515 0.00432968
5 0.791877 0.446128 0.0959175 0.0404041 0.00432968
7 0.710459 0.407828 0.024537 0.0193603 0.00431442
7 0.904524 0.403199 0.0178452 0.013468 0.00431442
7 0.743918 0.412458 0.024537 0.013468 0.00426483
7 0.705997 0.408249 0.0223064 0.0176768 0.00424957
2 0.660269 0.413721 0.0144991 0.0176768 0.0041008
5 0.710459 0.407828 0.024537 0.0193603 0.00407028
2 0.849316 0.4133 0.0312289 0.0185185 0.00405502
2 0.246346 0.42298 0.0142203 0.0151515 0.0039444
7 0.765109 0.398885 0.031229 0.025463 0.00388527
12 0.0724261 0.460438 0.0111532 0.0311448 0.00385475
7 0.674769 0.406566 0.0334596 0.0185185 0.00383949
4 0.777936 0.405724 0.0602273 0.0361953 0.00380898
7 0.825337 0.441498 0.0624579 0.0513468 0.00380898
7 0.798011 0.408249 0.0189604 0.0185185 0.0037365
11 0.0595999 0.460017 0.0128262 0.0303031 0.00358009
2 0.934638 0.403199 0.0133839 0.010101 0.00356483
4 0.774032 0.409512 0.0535353 0.030303 0.00356483
2 0.339336 0.527778 0.646328 0.892256 0.00353813
2 0.777936 0.416667 0.0223064 0.0185185 0.00351143
5 0.679787 0.405724 0.0256524 0.0176768 0.00340271
4 0.787416 0.410774 0.0847643 0.03367 0.00336266
2 0.938542 0.403199 0.0167298 0.0109427 0.00332451
2 0.0097242 0.497475 0.0190999 0.013468 0.00329781
7 0.770128 0.449495 0.0457281 0.0328283 0.00327301
2 0.0439157 0.504209 0.0868555 0.0252525 0.00319672
7 0.770686 0.421717 0.027883 0.0159933 0.00316048
5 0.825337 0.455387 0.0401515 0.023569 0.00312424
2 0.187931 0.461279 0.029556 0.030303 0.00311089
7 0.777936 0.416667 0.0223064 0.0185185 0.0030632
9 0.0595999 0.459596 0.013105 0.0303031 0.0030632
2 0.23826 0.422138 0.00724957 0.013468 0.00301552
7 0.666961 0.403199 0.0178452 0.013468 0.00293541
7 0.753956 0.410774 0.0111532 0.0151515 0.00293541
0 0.465925 0.297769 0.0563236 0.061027 0.00290108
5 0.669192 0.409091 0.0211911 0.016835 0.00286674
2 0.119479 0.475589 0.0593908 0.0656566 0.00281143
0 0.584428 0.344066 0.0513047 0.0521885 0.00275803
11 0.315078 0.335648 0.0619003 0.257997 0.00275803
0 0.597811 0.359848 0.0133839 0.0197811 0.00274658
26 0.0724261 0.460438 0.0111532 0.0311448 0.00273705
8 0.343797 0.546402 0.649674 0.809554 0.00271416
4 0.763436 0.406566 0.0479588 0.0286196 0.00268364
14 0.861027 0.29314 0.00892258 0.0109428 0.00266266
7 0.791319 0.409933 0.0289984 0.020202 0.00266266
2 0.279945 0.409933 0.0223064 0.0218855 0.00265312
0 0.484607 0.301347 0.0423821 0.0538721 0.00264168
5 0.716593 0.409091 0.0156145 0.016835 0.00264168
7 0.788531 0.448653 0.0892255 0.037037 0.00264168
5 0.665846 0.410774 0.0200758 0.0151515 0.00263214
0 0.772917 0.41835 0.0144991 0.0193603 0.0026207
8 0.769571 0.454966 0.0446128 0.0218855 0.0026207
3 0.0724261 0.460438 0.0111532 0.0311448 0.00260162
2 0.161861 0.446128 0.0345749 0.0454546 0.00258064
0 0.0639915 0.470539 0.0223064 0.0589226 0.00254059
0 0.595581 0.361953 0.0144992 0.0227273 0.00252151
2 0.227525 0.421717 0.00613427 0.0143098 0.00251198
7 0.330414 0.673401 0.601715 0.582492 0.00251198
0 0.490741 0.301136 0.0390362 0.050505 0.00248146
5 0.705997 0.408249 0.0223064 0.0176768 0.00246239
4 0.801915 0.420034 0.109301 0.0521885 0.0024147
7 0.145828 0.436448 0.0761206 0.0277778 0.00240517
5 0.766225 0.454545 0.0368055 0.0218855 0.00239754
4 0.796338 0.407407 0.0267677 0.0210438 0.002388
5 0.829798 0.452862 0.0490741 0.0286195 0.00235939
7 0.799684 0.409091 0.0267677 0.023569 0.00234222
2 0.167577 0.448653 0.0331808 0.0471381 0.00232315
2 0.167159 0.457071 0.0195181 0.023569 0.00226974
0 0.588889 0.358165 0.024537 0.0252525 0.00224304
7 0.938542 0.403199 0.0167298 0.0109427 0.00223351
0 0.684249 0.40867 0.0133838 0.0176768 0.00221634
7 0.831471 0.414983 0.059112 0.0218855 0.00220871
4 0.80303 0.427609 0.292214 0.0732323 0.00219917
2 0.208704 0.464646 0.0270465 0.026936 0.00218201
10 0.0646188 0.459596 0.02384 0.0319866 0.00218201
7 0.811395 0.457071 0.0133838 0.0218855 0.00214005
0 0.503567 0.290404 0.0513047 0.0715488 0.00213242
4 0.78407 0.585753 0.430513 0.717382 0.00213242
4 0.762879 0.396465 0.0334596 0.0286195 0.00212479
0 0.23826 0.422138 0.00724957 0.013468 0.00211525
2 0.130179 0.460438 0.0151265 0.023569 0.00208282
4 0.168553 0.662879 0.333202 0.462121 0.00206757
4 0.615657 0.76936 0.760648 0.425926 0.00206757
7 0.777936 0.405724 0.0602273 0.0361953 0.0020504
2 0.904524 0.403199 0.0178452 0.013468 0.0020504
4 0.934638 0.40404 0.0156144 0.0117845 0.00204277
10 0.0595999 0.460017 0.0128262 0.0303031 0.00202751
0 0.508586 0.282618 0.0434975 0.0871212 0.00201988
2 0.220415 0.422138 0.0119897 0.013468 0.00201988
11 0.31452 0.211332 0.0624579 0.403093 0.00201988
2 0.799684 0.409091 0.0267677 0.023569 0.00201035
0 0.508028 0.306397 0.0323443 0.0412458 0.00200272
2 0.0210604 0.500421 0.04111 0.016835 0.00198746
4 0.799684 0.484848 0.345749 0.205387 0.00197983
0 0.773474 0.420034 0.0234217 0.0185185 0.00193405
0 0.635732 0.434764 0.0156145 0.0244108 0.00190449
2 0.206474 0.457071 0.0342961 0.026936 0.00189686
7 0.796338 0.407407 0.0267677 0.0210438 0.00187492
2 0.717151 0.409933 0.0468434 0.016835 0.00186729
5 0.666961 0.403199 0.0178452 0.013468 0.0018177
4 0.755072 0.395623 0.0513047 0.0294613 0.00176811
0 0.441109 0.306397 0.0256524 0.0454546 0.00175476
7 0.934638 0.403199 0.0133839 0.010101 0.00174141
0 0.596696 0.416246 0.0178452 0.0395623 0.00172043
2 0.0360388 0.501684 0.0720775 0.020202 0.00171375
74 0.310059 0.0571338 0.0490741 0.114268 0.00171375
13 0.164789 0.43266 0.0379209 0.020202 0.00168705
2 0.0451007 0.510101 0.0902015 0.0303031 0.00167465
0 0.452262 0.304293 0.0468434 0.0513468 0.0016489
2 0.712689 0.407828 0.0289983 0.020202 0.00163555
4 0.791319 0.409933 0.0289984 0.020202 0.00162888
0 0.511374 0.282407 0.0658039 0.0862795 0.00162315
0 0.501615 0.305976 0.0412669 0.0420876 0.00158501
5 0.16451 0.433502 0.0373632 0.020202 0.00157928
4 0.120873 0.664983 0.239515 0.39899 0.00157356
2 0.204382 0.451178 0.0624579 0.0387205 0.00156116
0 0.148338 0.462963 0.0181239 0.0286195 0.00155449
2 0.796338 0.407407 0.0267677 0.0210438 0.00153637
4 0.763436 0.412458 0.0234217 0.0185185 0.00153637
0 0.687037 0.658249 0.0178451 0.0471381 0.00153065
7 0.163534 0.428451 0.0379209 0.0151515 0.0015192
8 0.856566 0.412879 0.0156145 0.0168351 0.00151253
5 0.763994 0.39899 0.0312289 0.0286195 0.00150108
4 0.799684 0.409091 0.0267677 0.023569 0.00144386
2 0.206334 0.476852 0.0245371 0.0227273 0.00144386
4 0.780724 0.738216 0.434975 0.419192 0.00144386
0 0.209959 0.422138 0.00724957 0.0126263 0.00143242
2 0.778493 0.445286 0.155029 0.0454546 0.0014267
5 0.703767 0.407407 0.031229 0.020202 0.00140476
2 0.207171 0.454125 0.0440551 0.0294613 0.00139904
4 0.792992 0.408249 0.0334596 0.0252525 0.00138855
2 0.772917 0.41835 0.0144991 0.0193603 0.00138855
7 0.792992 0.408249 0.0334596 0.0252525 0.00137234
0 0.347701 0.61069 0.202988 0.327441 0.00135612
2 0.794108 0.448653 0.0936868 0.0420876 0.00133514
4 0.777936 0.421296 0.024537 0.0159933 0.00131989
2 0.131329 0.45202 0.0538142 0.03367 0.00130463
4 0.769571 0.454966 0.0423821 0.0227273 0.00130463
9 0.0721473 0.460438 0.0110138 0.0319865 0.00129986
2 0.766225 0.450337 0.0356902 0.03367 0.00129414
0 0.688152 0.407407 0.0156145 0.0185185 0.00126457
4 0.777936 0.416667 0.0223064 0.0185185 0.00126457
4 0.798011 0.408249 0.0189604 0.0185185 0.0012598
2 0.252341 0.422559 0.0128262 0.0151515 0.00125504
0 0.475405 0.297559 0.0546506 0.0585017 0.00124931
4 0.639218 0.413721 0.646607 0.408249 0.00123978
0 0.597811 0.363215 0.0156145 0.0244108 0.00123501
2 0.97702 0.404882 0.0111531 0.013468 0.00123501
6 0.502173 0.429188 0.342961 0.434554 0.00122547
5 0.548737 0.579545 0.881103 0.813973 0.00122547
7 0.854893 0.409512 0.0189605 0.0244108 0.00119686
2 0.78407 0.420875 0.0669192 0.023569 0.00119686
7 0.820875 0.414141 0.055766 0.0218855 0.00118828
4 0.76734 0.398569 0.0390362 0.0311448 0.00118351
0 0.685922 0.664983 0.0156145 0.0345119 0.00118351
0 0.510817 0.293981 0.0401515 0.0635522 0.00117874
4 0.815856 0.41835 0.0825337 0.047138 0.00117874
7 0.772917 0.41835 0.0144991 0.0193603 0.0011692
4 0.828462 0.385101 0.343077 0.143939 0.00116062
4 0.99375 0.287879 0.00892258 0.0867004 0.00115585
4 0.849316 0.4133 0.0312289 0.0185185 0.00114727
4 0.829798 0.452862 0.0490741 0.0286195 0.00114727
4 0.973117 0.404461 0.00780716 0.0126263 0.00113392
0 0.861027 0.29314 0.00892258 0.0109428 0.00112438
5 0.727189 0.412879 0.0178451 0.0126263 0.0011158
7 0.755072 0.397727 0.0490741 0.0328283 0.0011034
17 0.0724261 0.460438 0.0111532 0.0311448 0.0011034
4 0.78407 0.420875 0.0669192 0.023569 0.00109482
0 0.791319 0.735269 0.0256524 0.040404 0.00108147
0 0.705997 0.664562 0.031229 0.0345118 0.00107765
2 0.211074 0.462121 0.02621 0.0252525 0.00107288
0 0.780724 0.455387 0.024537 0.0218855 0.00106907
2 0.0595999 0.459596 0.013105 0.0303031 0.00104427
2 0.127739 0.48064 0.0768874 0.0681818 0.00104046
7 0.837048 0.410774 0.0546507 0.0252525 0.00104046
4 0.808607 0.426768 0.0791877 0.037037 0.00102806
3 0.0720775 0.463805 0.0124079 0.0404041 0.00102806
0 0.478472 0.306608 0.0468434 0.0441919 0.00102425
0 0.167856 0.484848 0.0908986 0.0791246 0.00102425
2 0.724958 0.419192 0.0713805 0.0218855 0.00101662
2 0.153496 0.481061 0.128262 0.0833333 0.769043
4 0.363594 0.527883 0.699306 0.814604 0.697754
4 0.831471 0.264731 0.335711 0.13468 0.414795
2 0.16437 0.433081 0.037642 0.0210438 0.375732
4 0.549295 0.598064 0.879987 0.773569 0.300781
2 0.769571 0.454966 0.0446128 0.0218855 0.271973
7 0.830913 0.446128 0.0513047 0.0420876 0.203125
0 0.0720775 0.460438 0.0110138 0.0319865 0.202393
2 0.856566 0.412879 0.0156145 0.0168351 0.169922
3 0.337105 0.527778 0.642982 0.888889 0.166626
7 0.769571 0.455387 0.0468434 0.023569 0.157104
2 0.831471 0.446128 0.0501894 0.0420876 0.101929
11 0.30978 0.0578704 0.0485164 0.113005 0.083313
4 0.75786 0.435606 0.199642 0.0606061 0.0830078
7 0.829798 0.452441 0.0490741 0.0286195 0.0700684
2 0.684249 0.40867 0.0133838 0.0176768 0.064209
2 0.709343 0.409091 0.0144992 0.016835 0.0630493
7 0.856566 0.412879 0.0156145 0.0168351 0.0570679
0 0.0720775 0.464226 0.0125474 0.0404041 0.0555115
2 0.829798 0.452441 0.0490741 0.0286195 0.0539856
11 0.314799 0.296086 0.0619003 0.181397 0.0526123
2 0.665846 0.410774 0.0200758 0.0151515 0.0524292
7 0.684806 0.406566 0.0223064 0.0210438 0.0488586
2 0.727189 0.412879 0.0178451 0.0126263 0.0486755
2 0.674211 0.406566 0.0334596 0.0193603 0.0445251
13 0.882218 0.447811 0.024537 0.013468 0.0414734
2 0.684806 0.406566 0.0223064 0.0210438 0.0408325
2 0.669192 0.409091 0.0211911 0.016835 0.0354004
0 0.0595302 0.459596 0.0132444 0.0303031 0.0350647
2 0.688152 0.407407 0.0144992 0.0185185 0.0348816
2 0.145967 0.436448 0.0755629 0.0277778 0.0339661
2 0.716593 0.409091 0.0156145 0.016835 0.0309143
0 0.170644 0.462963 0.0144992 0.023569 0.0299835
0 0.0684528 0.470539 0.0175663 0.0555556 0.0290833
7 0.688152 0.407407 0.0144992 0.0185185 0.0267639
4 0.503009 0.430976 0.34798 0.439394 0.0264587
7 0.684249 0.40867 0.0133838 0.0176768 0.0258636
2 0.163394 0.428451 0.0379209 0.0151515 0.0235138
7 0.825337 0.454966 0.0401515 0.0244108 0.0229797
6 0.343519 0.545034 0.649116 0.808923 0.0226288
2 0.679787 0.405724 0.0256524 0.0185185 0.0222015
5 0.684806 0.406566 0.0223064 0.0210438 0.0219421
2 0.777936 0.420875 0.0234217 0.016835 0.0209656
7 0.709343 0.409091 0.0144992 0.016835 0.0197906
2 0.772917 0.420034 0.0223064 0.0185185 0.0189819
4 0.75786 0.449495 0.204104 0.0909091 0.0165863
7 0.337105 0.527778 0.642982 0.888889 0.0159607
2 0.666404 0.403199 0.0178452 0.013468 0.0142288
7 0.797454 0.44697 0.118224 0.0420876 0.0142288
7 0.153217 0.481902 0.128262 0.0850168 0.0137939
7 0.669192 0.409091 0.0211911 0.016835 0.0134277
11 0.312568 0.131944 0.0568813 0.263889 0.0131683
2 0.798011 0.408249 0.0189604 0.0185185 0.0125732
2 0.785185 0.455387 0.0156145 0.0218855 0.0124283
11 0.310895 0.082702 0.0446128 0.0631313 0.0122375
0 0.167577 0.460859 0.014778 0.0260943 0.0116425
2 0.843182 0.445286 0.0289983 0.0378788 0.0115509
0 0.0754235 0.459596 0.0121291 0.0319866 0.0112457
4 0.766225 0.450337 0.0356902 0.03367 0.0112457
0 0.0634338 0.464646 0.0220276 0.0412458 0.0109482
7 0.16451 0.433502 0.0373632 0.0210438 0.0109024
2 0.737226 0.4133 0.0368055 0.0151515 0.0106125
7 0.777936 0.420875 0.0234217 0.016835 0.0106125
5 0.688152 0.407407 0.0144992 0.0185185 0.0100555
2 0.709343 0.409091 0.024537 0.0185185 0.00985718
7 0.716593 0.409091 0.0156145 0.016835 0.00981903
4 0.6006 0.491688 0.753956 0.563763 0.00967407
7 0.772917 0.420034 0.0223064 0.0185185 0.00955963
2 0.743918 0.412458 0.024537 0.013468 0.00945282
3 0.327625 0.674242 0.596138 0.579125 0.00945282
7 0.785185 0.455387 0.0156145 0.0218855 0.00930023
4 0.780724 0.445286 0.151684 0.0454546 0.00847626
2 0.135233 0.456229 0.0412668 0.0286196 0.00828552
7 0.727189 0.412879 0.0178451 0.0126263 0.00803375
2 0.128819 0.45665 0.0457281 0.0260943 0.00787354
61 0.343519 0.545034 0.649116 0.808923 0.00763702
2 0.140251 0.457071 0.0694287 0.0319866 0.00754929
0 0.130771 0.460438 0.0133838 0.0218855 0.00751877
0 0.167019 0.457492 0.0195181 0.023569 0.00740433
4 0.216651 0.393939 0.335154 0.463805 0.00740433
7 0.679787 0.405724 0.0256524 0.0185185 0.00731659
2 0.705997 0.408249 0.0223064 0.0185185 0.00723267
0 0.139136 0.460438 0.0184028 0.0252525 0.00723267
4 0.385413 0.408986 0.557521 0.424453 0.00714874
7 0.665846 0.410774 0.0200758 0.0151515 0.00712204
74 0.310617 0.0827283 0.0434975 0.0634996 0.00701141
0 0.595023 0.359848 0.0122685 0.0193603 0.00701141
2 0.791877 0.409933 0.0289983 0.0218855 0.00677109
2 0.770128 0.421717 0.0256524 0.016835 0.00669098
4 0.830913 0.446128 0.0513047 0.0420876 0.00656509
0 0.187095 0.462121 0.0228641 0.026936 0.00653839
4 0.35272 0.697811 0.657481 0.590909 0.0064888
0 0.0717987 0.470539 0.0139415 0.0538721 0.00641251
2 0.15977 0.441919 0.0434975 0.03367 0.00626373
0 0.167577 0.448653 0.0329019 0.0471381 0.00591278
2 0.762879 0.412879 0.024537 0.0193602 0.00564194
7 0.849316 0.4133 0.0312289 0.0193602 0.00564194
24 0.0723564 0.460438 0.0111532 0.0311448 0.00559998
4 0.829019 0.335859 0.341961 0.282828 0.00538635
2 0.0723564 0.460438 0.0111532 0.0311448 0.00527954
2 0.825337 0.454966 0.0401515 0.0244108 0.00526047
7 0.762879 0.412879 0.024537 0.0193602 0.00521851
7 0.904524 0.403199 0.0178452 0.0143098 0.0051384
5 0.341009 0.529461 0.645213 0.841751 0.00503922
7 0.710459 0.407828 0.024537 0.0193603 0.00500107
5 0.710459 0.407828 0.024537 0.0193603 0.00494385
5 0.684249 0.40867 0.0133838 0.0176768 0.00486755
2 0.196575 0.462121 0.0462858 0.03367 0.00486755
5 0.709343 0.409091 0.0144992 0.016835 0.00481033
5 0.830356 0.445707 0.05242 0.0420876 0.00477219
2 0.140565 0.450337 0.0746567 0.037037 0.00468063
7 0.765109 0.398885 0.031229 0.025463 0.00466537
7 0.843182 0.445286 0.0289983 0.0378788 0.00460815
2 0.753956 0.410354 0.0111532 0.0151515 0.00453949
4 0.794108 0.448653 0.0948022 0.0420876 0.00452042
0 0.156981 0.463384 0.0184028 0.026936 0.00450516
7 0.705997 0.408249 0.0223064 0.0185185 0.00448608
7 0.743918 0.412458 0.024537 0.013468 0.00443268
7 0.737226 0.4133 0.0368055 0.0151515 0.00436401
7 0.798011 0.408249 0.0189604 0.0185185 0.00432968
2 0.660269 0.413721 0.0133838 0.0176768 0.00418091
2 0.849316 0.4133 0.0312289 0.0193602 0.00415039
7 0.824779 0.441077 0.0613426 0.0521885 0.00407028
7 0.674211 0.406566 0.0334596 0.0193603 0.00402451
5 0.791319 0.446128 0.0948021 0.0404041 0.00400543
2 0.811395 0.457071 0.0133838 0.0218855 0.00392914
2 0.934638 0.403199 0.0133839 0.010101 0.00388527
2 0.246207 0.422559 0.0144992 0.0151515 0.00383949
4 0.774032 0.409091 0.0513047 0.030303 0.00383949
12 0.0723564 0.460438 0.0111532 0.0311448 0.00378036
5 0.679787 0.405724 0.0256524 0.0185185 0.00376511
2 0.777936 0.416667 0.0223064 0.0193603 0.0037365
11 0.0595302 0.459596 0.0129656 0.0303031 0.0037365
4 0.777936 0.405724 0.0602273 0.0361953 0.00372124
2 0.938542 0.403199 0.0167298 0.0109427 0.00370789
4 0.301973 0.390152 0.456724 0.492424 0.00359344
7 0.770128 0.448232 0.0457281 0.0353535 0.00351143
4 0.786301 0.409933 0.0780724 0.0328283 0.00344276
7 0.666404 0.403199 0.0178452 0.013468 0.00335121
26 0.0723564 0.460438 0.0111532 0.0311448 0.00331116
0 0.0639218 0.470539 0.0223064 0.0589226 0.00321007
7 0.777936 0.416667 0.0223064 0.0193603 0.00317192
7 0.753956 0.410354 0.0111532 0.0151515 0.00314713
11 0.315078 0.335438 0.0619003 0.258418 0.00314713
5 0.825337 0.454966 0.0401515 0.0244108 0.00309944
5 0.669192 0.409091 0.0211911 0.016835 0.003088
7 0.770128 0.421717 0.0256524 0.016835 0.00305176
2 0.23826 0.421717 0.00724957 0.013468 0.00300407
2 0.00975905 0.497475 0.0192393 0.013468 0.00300407
2 0.187653 0.461279 0.0292771 0.030303 0.00298119
7 0.791877 0.409933 0.0289983 0.0218855 0.00294685
8 0.343519 0.545034 0.649116 0.808923 0.00293541
2 0.337105 0.527778 0.642982 0.888889 0.00293541
2 0.279666 0.409933 0.0228641 0.0218855 0.00291252
5 0.716593 0.409091 0.0156145 0.016835 0.00291252
0 0.772917 0.41835 0.0144991 0.0193603 0.00291252
5 0.665846 0.410774 0.0200758 0.0151515 0.00286674
5 0.705997 0.408249 0.0223064 0.0185185 0.00274658
4 0.763994 0.406145 0.0468434 0.0286196 0.00271416
0 0.597811 0.359848 0.0133839 0.0197811 0.00265312
7 0.787974 0.448232 0.0881103 0.037037 0.00265312
7 0.938542 0.403199 0.0167298 0.0109427 0.00260162
0 0.465646 0.29798 0.055766 0.0606061 0.00259018
7 0.799684 0.409091 0.0256523 0.023569 0.00254059
4 0.801915 0.429293 0.289983 0.0707071 0.00250244
3 0.0723564 0.460438 0.0111532 0.0311448 0.00248146
14 0.861027 0.29335 0.00892258 0.0109428 0.00247192
4 0.752841 0.430976 0.200758 0.0437711 0.00246239
2 0.227525 0.421717 0.00613427 0.0151515 0.00245285
2 0.716035 0.409933 0.0423821 0.016835 0.00245285
2 0.0439854 0.504209 0.086995 0.0252525 0.00243378
0 0.58387 0.344066 0.0501894 0.0521885 0.00242424
0 0.595581 0.361953 0.0144992 0.0227273 0.00242424
5 0.829798 0.452441 0.0490741 0.0286195 0.00242424
4 0.801915 0.420034 0.108186 0.0521885 0.00239754
4 0.795781 0.407407 0.027883 0.0218855 0.00237846
2 0.904524 0.403199 0.0178452 0.0143098 0.00237846
7 0.832029 0.414562 0.0579967 0.0218855 0.00235939
8 0.769571 0.454966 0.0446128 0.0218855 0.00235939
9 0.0595302 0.459596 0.0132444 0.0303031 0.00235939
2 0.161721 0.446128 0.0340173 0.0454546 0.00232315
5 0.766225 0.454545 0.0368055 0.0218855 0.00232315
0 0.684249 0.40867 0.0133838 0.0176768 0.00227928
7 0.795781 0.407407 0.027883 0.0218855 0.00226974
7 0.777936 0.405724 0.0602273 0.0361953 0.00226021
7 0.145967 0.436448 0.0755629 0.0277778 0.00223351
2 0.167019 0.457492 0.0195181 0.023569 0.00223351
2 0.167577 0.448653 0.0329019 0.0471381 0.00222588
2 0.799684 0.409091 0.0256523 0.023569 0.00219917
2 0.208565 0.464646 0.0267677 0.026936 0.00219917
0 0.484049 0.301136 0.0434975 0.0547138 0.00219154
0 0.772917 0.420034 0.0223064 0.0185185 0.00219154
0 0.23826 0.421717 0.00724957 0.013468 0.00217438
4 0.762879 0.396359 0.0334596 0.02883 0.00214005
11 0.31452 0.210385 0.0624579 0.402462 0.00213242
5 0.666404 0.403199 0.0178452 0.013468 0.00209999
4 0.934638 0.40404 0.0167298 0.0126263 0.00208282
0 0.490183 0.303872 0.0379209 0.0458754 0.0020752
0 0.589447 0.359007 0.0234217 0.023569 0.00205803
10 0.0644272 0.459596 0.0236657 0.0319866 0.00203514
4 0.61733 0.768519 0.757302 0.427609 0.00202751
7 0.934638 0.403199 0.0133839 0.010101 0.00200272
2 0.220415 0.421717 0.0117109 0.013468 0.00200272
0 0.63629 0.434764 0.0156145 0.0244108 0.0019722
7 0.766225 0.450337 0.0356902 0.03367 0.0019722
4 0.636848 0.415825 0.658039 0.414983 0.0019722
2 0.118503 0.475589 0.057439 0.0656566 0.00194931
7 0.811395 0.457071 0.0133838 0.0218855 0.00193405
2 0.934638 0.40404 0.0167298 0.0126263 0.00187492
7 0.327625 0.674242 0.596138 0.579125 0.00187492
5 0.763994 0.39899 0.0312289 0.0286195 0.00186729
13 0.164649 0.43266 0.0379209 0.020202 0.00184631
4 0.168832 0.662037 0.333759 0.462121 0.00181007
4 0.755072 0.395623 0.0513047 0.0294613 0.00179577
2 0.795781 0.407407 0.027883 0.0218855 0.00177479
2 0.206474 0.457912 0.0340173 0.026936 0.00176811
4 0.8008 0.485269 0.35021 0.203704 0.00176811
10 0.0595302 0.459596 0.0129656 0.0303031 0.00175476
2 0.712689 0.407828 0.0289983 0.020202 0.00174141
7 0.762879 0.444444 0.187374 0.0488215 0.00174141
2 0.0209122 0.500421 0.0408486 0.016835 0.0017271
0 0.503567 0.288721 0.05242 0.0757576 0.00171375
74 0.310059 0.0571338 0.0490741 0.114268 0.00170708
0 0.596138 0.416246 0.0167298 0.0395623 0.0016613
5 0.16451 0.433502 0.0373632 0.0210438 0.0016613
5 0.703767 0.407407 0.031229 0.020202 0.0016489
0 0.440551 0.306397 0.024537 0.0450337 0.00164223
4 0.121152 0.664141 0.239794 0.39899 0.00163555
0 0.148616 0.463384 0.0172875 0.026936 0.00154877
2 0.203685 0.451178 0.0619003 0.0387205 0.00152493
4 0.791877 0.409933 0.0289983 0.0218855 0.0015192
0 0.508028 0.306818 0.0323443 0.0404041 0.00151253
2 0.780724 0.445286 0.151684 0.0454546 0.00148964
7 0.163394 0.428451 0.0379209 0.0151515 0.00148392
0 0.452262 0.304293 0.0468434 0.0505051 0.0014782
0 0.209959 0.422138 0.00724957 0.0126263 0.00147247
0 0.687037 0.658249 0.0178451 0.0471381 0.00147247
2 0.130771 0.460438 0.0133838 0.0218855 0.00146103
4 0.762879 0.412879 0.024537 0.0193602 0.00142097
2 0.772917 0.41835 0.0144991 0.0193603 0.00142097
4 0.78407 0.584596 0.430513 0.728115 0.00141048
2 0.045031 0.50968 0.0900621 0.0294613 0.00140476
0 0.347701 0.609428 0.204661 0.324916 0.00139904
8 0.856566 0.412879 0.0156145 0.0168351 0.00139427
2 0.187095 0.462121 0.0228641 0.026936 0.00138855
2 0.206334 0.476852 0.0245371 0.0227273 0.00138855
2 0.206892 0.454545 0.0434975 0.0294613 0.00135612
4 0.799684 0.409091 0.0256523 0.023569 0.00133514
7 0.754514 0.397727 0.0490741 0.0328283 0.00132465
2 0.97702 0.404882 0.0111531 0.013468 0.00131989
0 0.688152 0.407407 0.0144992 0.0185185 0.00131512
4 0.99375 0.287879 0.00892258 0.0867004 0.00130463
2 0.794108 0.448653 0.0948022 0.0420876 0.00129986
0 0.785185 0.455387 0.0156145 0.0218855 0.00129414
0 0.501894 0.306397 0.0407092 0.0416667 0.0012846
2 0.0355508 0.501684 0.0711016 0.020202 0.0012846
2 0.252202 0.422559 0.0128262 0.0151515 0.0012598
7 0.820875 0.414141 0.055766 0.0218855 0.00125504
0 0.511095 0.282407 0.0674768 0.0867004 0.00123024
2 0.780724 0.420875 0.0579967 0.023569 0.00122547
7 0.854893 0.409512 0.0189605 0.0244108 0.0012207
4 0.798011 0.408249 0.0189604 0.0185185 0.00121117
7 0.837048 0.410354 0.0535354 0.0260943 0.00121117
7 0.772917 0.41835 0.0144991 0.0193603 0.00118828
0 0.790204 0.734848 0.0234217 0.0387205 0.00118828
0 0.597811 0.363215 0.0156145 0.0244108 0.00117397
4 0.76734 0.398569 0.0379209 0.0311448 0.00116062
4 0.972559 0.404461 0.00892248 0.0126263 0.00115108
2 0.766225 0.450337 0.0356902 0.03367 0.00115108
5 0.727189 0.412879 0.0178451 0.0126263 0.00114727
4 0.816414 0.416667 0.0825337 0.0454546 0.0011425
0 0.124916 0.673401 0.013105 0.026936 0.00113773
0 0.861027 0.29335 0.00892258 0.0109428 0.00112915
4 0.777936 0.420875 0.0234217 0.016835 0.00112057
0 0.685922 0.665825 0.0156145 0.03367 0.0011158
7 0.909543 0.403199 0.0178451 0.013468 0.00111198
0 0.634617 0.432239 0.0178451 0.0286195 0.0011034
4 0.769571 0.454966 0.0423821 0.0227273 0.0011034
2 0.725516 0.419192 0.0691498 0.0218855 0.00109863
4 0.777936 0.416667 0.0223064 0.0193603 0.00109005
4 0.849316 0.4133 0.0312289 0.0193602 0.00108147
2 0.211074 0.462121 0.02621 0.0252525 0.00108147
4 0.827904 0.383838 0.344192 0.148148 0.00107765
0 0.475126 0.29798 0.0535354 0.0572391 0.00107288
2 0.99375 0.403199 0.00892258 0.0126263 0.00106525
26 0.0595302 0.459596 0.0132444 0.0303031 0.00106525
7 0.703767 0.407407 0.031229 0.020202 0.00105667
6 0.503009 0.430976 0.34798 0.439394 0.00104046
4 0.782955 0.737374 0.430513 0.420875 0.00103188
9 0.0720775 0.460438 0.0110138 0.0319865 0.00102425
4 0.829798 0.452441 0.0490741 0.0286195 0.00100803
0 0.168692 0.484848 0.0883891 0.0791246 0.00100803
4 0.992077 0.284091 0.0133839 0.0959596 0.00100803
3 0.0720775 0.464226 0.0125474 0.0404041 0.00100422
2 0.15367 0.481482 0.128192 0.0841751 0.78125
4 0.341009 0.52399 0.651905 0.837542 0.72168
4 0.830913 0.26452 0.336827 0.135101 0.476562
2 0.16437 0.433502 0.037642 0.0218855 0.352295
4 0.548737 0.597222 0.881103 0.775253 0.264404
2 0.769571 0.454966 0.0446128 0.0218855 0.253906
0 0.0720775 0.460438 0.0111532 0.0328283 0.204956
2 0.856566 0.412879 0.0156145 0.0168351 0.172119
7 0.830913 0.445707 0.0513047 0.0420876 0.167725
3 0.336269 0.531145 0.641309 0.890572 0.137573
7 0.770128 0.455387 0.0457281 0.023569 0.136597
2 0.830913 0.446128 0.0513047 0.0420876 0.0970459
4 0.75786 0.436027 0.199642 0.0606061 0.0923462
11 0.309501 0.0578704 0.0490741 0.113215 0.0881958
2 0.684249 0.40867 0.0133838 0.0176768 0.0673218
7 0.829798 0.45202 0.0490741 0.0294613 0.0623169
2 0.709343 0.409091 0.0144992 0.016835 0.0607605
7 0.856566 0.412879 0.0156145 0.0168351 0.0545959
2 0.665846 0.410774 0.0200758 0.0151515 0.0539856
11 0.314799 0.295875 0.0619003 0.18266 0.0518494
7 0.684806 0.406566 0.0223064 0.0210438 0.0507202
2 0.829798 0.45202 0.0490741 0.0294613 0.049408
2 0.727189 0.412458 0.0178451 0.013468 0.0483093
2 0.674211 0.406566 0.0334596 0.020202 0.0467224
2 0.684806 0.406566 0.0223064 0.0210438 0.0456848
13 0.882218 0.447811 0.024537 0.013468 0.0423889
0 0.0683831 0.470539 0.0177057 0.0555556 0.0358276
0 0.0595302 0.459596 0.0132444 0.0303031 0.0354919
2 0.669192 0.409091 0.0211911 0.016835 0.0350037
2 0.688152 0.407407 0.0144992 0.0185185 0.0346069
2 0.146351 0.436027 0.0747961 0.0277778 0.0298767
2 0.717151 0.409091 0.0156145 0.016835 0.0292053
0 0.170644 0.462963 0.0144992 0.023569 0.028656
7 0.684249 0.40867 0.0133838 0.0176768 0.0269623
7 0.688152 0.407407 0.0144992 0.0185185 0.0262604
2 0.67923 0.405724 0.0267677 0.0185185 0.0236053
6 0.342961 0.537458 0.649116 0.824074 0.021698
5 0.684806 0.406566 0.0223064 0.0210438 0.0216217
4 0.758418 0.450337 0.204104 0.0925926 0.0208893
2 0.163394 0.428451 0.0379209 0.0151515 0.0204163
7 0.825337 0.454545 0.0401515 0.0252525 0.0195618
7 0.709343 0.409091 0.0144992 0.016835 0.0192719
2 0.778493 0.420455 0.0223064 0.016835 0.0192719
7 0.795223 0.447391 0.118224 0.0446128 0.0172424
0 0.0706137 0.468855 0.0146386 0.050505 0.0162811
2 0.666404 0.403199 0.0178452 0.013468 0.0155411
2 0.772917 0.419192 0.0200758 0.0185185 0.0153046
11 0.312568 0.131944 0.0568813 0.263889 0.0153046
7 0.153217 0.481902 0.128262 0.0858586 0.0147324
7 0.669192 0.409091 0.0211911 0.016835 0.0134277
2 0.798011 0.408249 0.0189604 0.0185185 0.0134277
4 0.506355 0.434238 0.36471 0.448022 0.012825
0 0.063033 0.464646 0.0214351 0.0420876 0.0123367
4 0.326231 0.678872 0.594465 0.579966 0.0115967
11 0.310895 0.0828072 0.0446128 0.0631313 0.0114212
4 0.76734 0.449495 0.0379209 0.0353535 0.0110703
0 0.167577 0.461279 0.014778 0.026936 0.0108185
0 0.06434 0.460017 0.0235611 0.0319865 0.0107803
3 0.326231 0.678872 0.594465 0.579966 0.0105667
2 0.737226 0.4133 0.0356902 0.0151515 0.0102921
0 0.0753538 0.459596 0.0124079 0.0328283 0.01017
2 0.843182 0.445286 0.0267676 0.0378788 0.0100098
7 0.16451 0.433502 0.0373632 0.0210438 0.00989532
2 0.709343 0.409091 0.0256524 0.0185185 0.00989532
4 0.78407 0.445286 0.142761 0.0454546 0.00989532
7 0.778493 0.420455 0.0223064 0.016835 0.00985718
5 0.688152 0.407407 0.0144992 0.0185185 0.00941467
7 0.717151 0.409091 0.0156145 0.016835 0.00941467
2 0.743918 0.412458 0.024537 0.013468 0.00933838
2 0.786301 0.454966 0.0133839 0.0210438 0.00905609
61 0.342961 0.537458 0.649116 0.824074 0.00894928
0 0.130911 0.460859 0.0125474 0.0210438 0.00881195
4 0.380951 0.407828 0.568674 0.430135 0.00844574
4 0.591677 0.517782 0.775147 0.619318 0.00828552
7 0.772917 0.419192 0.0200758 0.0185185 0.00809479
7 0.336269 0.531145 0.641309 0.890572 0.00809479
0 0.139136 0.460859 0.0172875 0.0244108 0.00806427
7 0.727189 0.412458 0.0178451 0.013468 0.00784302
4 0.214838 0.364478 0.367777 0.531145 0.00760651
74 0.310617 0.0827283 0.0434975 0.0634996 0.00754929
7 0.67923 0.405724 0.0267677 0.0185185 0.00737381
7 0.665846 0.410774 0.0200758 0.0151515 0.00731659
0 0.595023 0.360269 0.0122685 0.0193603 0.00723267
0 0.167019 0.457912 0.0195181 0.023569 0.0069046
2 0.791877 0.410354 0.0289983 0.0218855 0.0068779
2 0.135233 0.456229 0.0404303 0.0286196 0.00677109
2 0.705997 0.408249 0.0223064 0.0185185 0.00674438
2 0.140391 0.457071 0.0694287 0.0319866 0.00638962
0 0.186816 0.462121 0.0228641 0.026936 0.00621796
7 0.786301 0.454966 0.0133839 0.0210438 0.00612259
2 0.128819 0.457071 0.0448916 0.0252525 0.00602722
2 0.763436 0.412458 0.0234217 0.020202 0.00598145
0 0.167577 0.448653 0.0323443 0.0471381 0.00598145
4 0.830913 0.445707 0.0513047 0.0420876 0.00595856
2 0.158375 0.442761 0.0462858 0.03367 0.00568771
7 0.849316 0.4133 0.0312289 0.0193602 0.00553513
2 0.769013 0.420875 0.0234217 0.016835 0.00544739
7 0.710459 0.407828 0.024537 0.0193603 0.00536346
7 0.763436 0.412458 0.0234217 0.020202 0.0053215
5 0.710459 0.407828 0.024537 0.0193603 0.00530243
7 0.904524 0.403199 0.0178452 0.0143098 0.00524139
24 0.0723564 0.460438 0.0112926 0.0319865 0.00519943
4 0.797454 0.448653 0.102609 0.0420876 0.00519943
2 0.0723564 0.460438 0.0112926 0.0319865 0.00511932
7 0.763994 0.398885 0.0312289 0.02883 0.0050621
4 0.829019 0.336279 0.341961 0.28367 0.00496292
7 0.798011 0.408249 0.0189604 0.0185185 0.00475693
2 0.753956 0.410774 0.0111532 0.0151515 0.00469971
5 0.684249 0.40867 0.0133838 0.0176768 0.00468063
4 0.774032 0.409091 0.0513047 0.030303 0.00466537
5 0.709343 0.409091 0.0144992 0.016835 0.00460815
2 0.825337 0.454545 0.0401515 0.0252525 0.00460815
2 0.196715 0.462121 0.0465646 0.03367 0.0045929
7 0.825337 0.441077 0.0602273 0.0521885 0.00452042
0 0.0638346 0.470539 0.0223413 0.0589226 0.00432968
7 0.705997 0.408249 0.0223064 0.0185185 0.00428009
7 0.674211 0.406566 0.0334596 0.020202 0.00428009
7 0.743918 0.412458 0.024537 0.013468 0.00426483
2 0.849316 0.4133 0.0312289 0.0193602 0.00426483
0 0.156981 0.463805 0.0181239 0.026936 0.00418091
2 0.660269 0.413721 0.0144991 0.0176768 0.00415039
4 0.785185 0.410354 0.0758418 0.0345118 0.00411606
7 0.737226 0.4133 0.0356902 0.0151515 0.0041008
2 0.934638 0.403199 0.0133839 0.0109427 0.00403976
7 0.770128 0.444444 0.0457281 0.0429293 0.00402451
2 0.938542 0.403199 0.0167298 0.0109427 0.00399017
11 0.0595302 0.460017 0.0129656 0.0311448 0.00395966
2 0.14067 0.450337 0.0750053 0.037037 0.00390053
2 0.246207 0.422559 0.0144992 0.0159933 0.00378036
0 0.772917 0.41835 0.0133838 0.020202 0.00374985
26 0.0723564 0.460438 0.0112926 0.0319865 0.00370789
5 0.67923 0.405724 0.0267677 0.0185185 0.00369263
12 0.0723564 0.460438 0.0112926 0.0319865 0.00366402
7 0.666404 0.403199 0.0178452 0.013468 0.00362206
5 0.341567 0.525253 0.646328 0.851852 0.00362206
5 0.830356 0.445707 0.05242 0.0420876 0.0036068
2 0.811953 0.457071 0.0133839 0.0218855 0.00346947
2 0.777936 0.416667 0.0211911 0.0193603 0.00345612
7 0.843182 0.445286 0.0267676 0.0378788 0.00345612
11 0.315078 0.336911 0.0619003 0.262205 0.00333786
2 0.279666 0.409933 0.0228641 0.0218855 0.00325966
4 0.763994 0.405724 0.0446128 0.0294613 0.00317192
7 0.753956 0.410774 0.0111532 0.0151515 0.00314713
8 0.341288 0.520939 0.652462 0.857113 0.00313568
4 0.8008 0.430976 0.287753 0.0690236 0.00309944
7 0.787416 0.44697 0.086995 0.0387205 0.0030632
2 0.23826 0.421717 0.00724957 0.0143098 0.00305176
5 0.669192 0.409091 0.0211911 0.016835 0.0029583
0 0.772917 0.419192 0.0200758 0.0185185 0.0029583
5 0.791319 0.446128 0.0948021 0.0404041 0.00293541
5 0.665846 0.410774 0.0200758 0.0151515 0.00292397
7 0.791877 0.410354 0.0289983 0.0218855 0.00292397
4 0.632526 0.419192 0.673374 0.425926 0.00283432
7 0.938542 0.403199 0.0167298 0.0109427 0.00282288
7 0.777936 0.416667 0.0211911 0.0193603 0.00282288
2 0.0097939 0.497475 0.019309 0.013468 0.00277901
2 0.716035 0.409933 0.0423821 0.0185185 0.00277901
2 0.187653 0.461279 0.0289983 0.030303 0.00276756
4 0.801357 0.42298 0.109301 0.0589226 0.00274658
5 0.717151 0.409091 0.0156145 0.016835 0.00273705
0 0.597811 0.360059 0.0133839 0.0197811 0.00270462
11 0.31452 0.209543 0.0624579 0.404146 0.00268364
7 0.795223 0.407407 0.0267677 0.0218855 0.00260162
5 0.705997 0.408249 0.0223064 0.0185185 0.00260162
7 0.799684 0.409091 0.024537 0.023569 0.00260162
4 0.762879 0.396359 0.0334596 0.02883 0.00253105
2 0.904524 0.403199 0.0178452 0.0143098 0.0024929
4 0.795223 0.407407 0.0267677 0.0218855 0.00247192
7 0.769013 0.420875 0.0234217 0.016835 0.00245285
5 0.825337 0.454545 0.0401515 0.0252525 0.00244331
7 0.777936 0.405829 0.0602273 0.0368266 0.00240517
2 0.799684 0.409091 0.024537 0.023569 0.00239754
2 0.227525 0.421296 0.00613427 0.0151515 0.00237846
7 0.832029 0.414983 0.0579967 0.0218855 0.00236893
3 0.0723564 0.460438 0.0112926 0.0319865 0.00232315
14 0.861027 0.29335 0.00892258 0.0109428 0.00224304
0 0.58387 0.344276 0.0501894 0.0521885 0.00224304
0 0.465646 0.29819 0.055766 0.0606061 0.00223351
0 0.23826 0.421717 0.00724957 0.0143098 0.00222588
2 0.336269 0.531145 0.641309 0.890572 0.00220871
2 0.167019 0.457912 0.0195181 0.023569 0.00219917
5 0.666404 0.403199 0.0178452 0.013468 0.00219154
2 0.167577 0.448653 0.0323443 0.0471381 0.00219154
0 0.684249 0.40867 0.0133838 0.0176768 0.00216484
2 0.208844 0.464646 0.0267677 0.026936 0.00216484
2 0.0439854 0.504209 0.0871344 0.0252525 0.00216484
4 0.934638 0.40404 0.0167298 0.0126263 0.00214958
2 0.161861 0.446128 0.0337384 0.0454546 0.00211525
8 0.769571 0.454966 0.0446128 0.0218855 0.00211525
5 0.763994 0.398885 0.0312289 0.02883 0.00209999
4 0.326231 0.362795 0.55766 0.572391 0.00209045
4 0.755072 0.395728 0.0513047 0.0300926 0.00208282
7 0.934638 0.403199 0.0133839 0.0109427 0.0020752
2 0.795223 0.407407 0.0267677 0.0218855 0.00205803
0 0.63629 0.435185 0.0156145 0.0252525 0.00204277
7 0.76734 0.444444 0.178451 0.0488215 0.00201988
7 0.76734 0.449495 0.0379209 0.0353535 0.00201988
2 0.220555 0.421717 0.0117109 0.0143098 0.00197983
5 0.829798 0.45202 0.0490741 0.0294613 0.0019722
2 0.934638 0.40404 0.0167298 0.0126263 0.00195694
9 0.0595302 0.460017 0.0129656 0.0311448 0.00194168
0 0.588889 0.359007 0.0223064 0.023569 0.00193405
7 0.146351 0.436027 0.0747961 0.0277778 0.00191879
10 0.06434 0.460017 0.0235611 0.0319865 0.00191212
13 0.16451 0.43266 0.0379209 0.020202 0.00186729
5 0.765667 0.454545 0.0356902 0.0218855 0.00183868
4 0.121152 0.663721 0.240073 0.403199 0.00183868
2 0.712689 0.407828 0.0289983 0.020202 0.00182438
74 0.310059 0.0572391 0.0490741 0.114478 0.00179577
0 0.482376 0.300716 0.0457281 0.0559764 0.00176144
7 0.811953 0.457071 0.0133839 0.0218855 0.00172043
0 0.489625 0.304083 0.0379209 0.0458754 0.0017004
4 0.170505 0.660774 0.337105 0.464646 0.00168705
2 0.78407 0.445286 0.142761 0.0454546 0.00168133
5 0.703209 0.407407 0.0301137 0.020202 0.0016613
2 0.206474 0.457912 0.0342961 0.026936 0.00165462
4 0.801915 0.484428 0.356902 0.205387 0.0016489
5 0.16451 0.433502 0.0373632 0.0210438 0.00159168
0 0.209959 0.421717 0.00724957 0.013468 0.00159168
0 0.440551 0.306608 0.024537 0.0450337 0.00158501
0 0.148756 0.463805 0.0167298 0.0252525 0.00158501
2 0.020738 0.5 0.0405698 0.016835 0.00158501
7 0.754514 0.397727 0.0490741 0.0328283 0.00156689
0 0.596696 0.416667 0.0156145 0.0395623 0.00155449
10 0.0595302 0.460017 0.0129656 0.0311448 0.00155449
4 0.613565 0.766835 0.764831 0.430976 0.00154877
0 0.786301 0.454966 0.0133839 0.0210438 0.00153637
2 0.203267 0.451178 0.0607849 0.0387205 0.00150681
2 0.117666 0.47601 0.055766 0.0656566 0.00150108
4 0.792992 0.408249 0.0334596 0.0252525 0.00146675
7 0.837048 0.409933 0.0535354 0.026936 0.00145531
0 0.687037 0.658249 0.0178451 0.0471381 0.00144958
7 0.326231 0.678872 0.594465 0.579966 0.00143242
0 0.504682 0.286406 0.05242 0.0808081 0.00141048
8 0.856566 0.412879 0.0156145 0.0168351 0.00136185
2 0.797454 0.448653 0.102609 0.0420876 0.00135136
4 0.99375 0.287879 0.00892258 0.0867004 0.00134563
0 0.452262 0.304714 0.0468434 0.0505051 0.00133514
4 0.494644 0.385943 0.310059 0.356061 0.00132465
0 0.688152 0.407407 0.0144992 0.0185185 0.00131989
2 0.772917 0.41835 0.0133838 0.020202 0.00131512
4 0.76734 0.398569 0.0379209 0.0319865 0.00130939
2 0.0448916 0.509259 0.0897833 0.0303031 0.00130939
0 0.34798 0.611111 0.205219 0.328283 0.00130939
4 0.763436 0.412458 0.0234217 0.020202 0.00129986
0 0.790204 0.734848 0.0234217 0.0387205 0.00129986
2 0.97702 0.404882 0.0111531 0.013468 0.00129414
2 0.207031 0.454545 0.0432186 0.030303 0.00129414
7 0.163394 0.428451 0.0379209 0.0151515 0.00127888
2 0.252062 0.422138 0.0128262 0.0159933 0.00127888
0 0.509701 0.305556 0.0323443 0.0395623 0.00127411
7 0.820875 0.414141 0.055766 0.0218855 0.00126934
2 0.206334 0.476431 0.0245371 0.023569 0.00126457
4 0.799684 0.409091 0.024537 0.023569 0.00123501
7 0.0918745 0.410038 0.183749 0.0957492 0.00123501
4 0.816414 0.417508 0.0814183 0.0454545 0.00123501
7 0.854893 0.409512 0.0189605 0.0244108 0.00123024
2 0.726073 0.41835 0.0680345 0.023569 0.00121593
0 0.124846 0.673822 0.0132444 0.026936 0.00121593
26 0.0595302 0.459596 0.0132444 0.0303031 0.00119209
4 0.798011 0.408249 0.0189604 0.0185185 0.00118828
2 0.778493 0.419613 0.0490741 0.0244108 0.00118351
0 0.634617 0.43266 0.0178451 0.0286195 0.00117874
0 0.597811 0.363215 0.0156145 0.0244108 0.00117397
4 0.972559 0.40404 0.00892248 0.013468 0.0011692
0 0.861027 0.29335 0.00892258 0.0109428 0.00115108
4 0.992077 0.284091 0.0133839 0.0968013 0.00115108
2 0.0349932 0.501684 0.0699863 0.020202 0.0011425
7 0.909543 0.403199 0.0178451 0.013468 0.0011158
2 0.130911 0.460859 0.0125474 0.0210438 0.00109863
2 0.909543 0.403199 0.0178451 0.013468 0.00107765
0 0.685922 0.665404 0.0156145 0.0336701 0.00107765
9 0.865488 0.358165 0.0111532 0.023569 0.00107765
2 0.99375 0.403199 0.00892258 0.0126263 0.00107288
7 0.703209 0.407407 0.0301137 0.020202 0.00106907
0 0.163394 0.428451 0.0379209 0.0151515 0.00105667
0 0.502452 0.306818 0.0390362 0.0412458 0.00105286
5 0.727189 0.412458 0.0178451 0.013468 0.00105286
4 0.849316 0.4133 0.0312289 0.0193602 0.00104809
2 0.76734 0.449495 0.0379209 0.0353535 0.00104809
0 0.169668 0.484848 0.0856008 0.0791246 0.00104046
2 0.712132 0.417508 0.0914562 0.0218855 0.00103188
7 0.772917 0.41835 0.0133838 0.020202 0.00102043
14 0.530892 0.208754 0.0128262 0.0159933 0.00101662
2 0.153322 0.481482 0.127774 0.0841751 0.785156
4 0.342403 0.525358 0.649116 0.851641 0.730957
4 0.830913 0.263889 0.336827 0.137205 0.586914
2 0.164231 0.434343 0.0379209 0.023569 0.319092
2 0.769571 0.455387 0.0446128 0.0218855 0.237915
2 0.856008 0.4133 0.0167298 0.0168351 0.190674
0 0.0720078 0.460438 0.0112926 0.0328283 0.174927
7 0.830913 0.44697 0.0513047 0.0404041 0.15918
4 0.757302 0.436027 0.198527 0.0622896 0.11676
3 0.339336 0.510943 0.650789 0.880471 0.111267
7 0.769571 0.455387 0.0446128 0.0218855 0.102295
2 0.830913 0.445707 0.0513047 0.0429293 0.0946655
2 0.763994 0.454545 0.0323442 0.0218855 0.0939941
11 0.309501 0.0578704 0.0490741 0.113636 0.0894775
4 0.549574 0.598064 0.877199 0.773569 0.0891113
2 0.684249 0.40867 0.0133838 0.0176768 0.0755615
2 0.665846 0.410774 0.0200758 0.0151515 0.069519
2 0.709343 0.409091 0.0144992 0.016835 0.0687866
2 0.673653 0.406566 0.0334596 0.020202 0.0682983
13 0.88166 0.447811 0.0245371 0.013468 0.0637207
7 0.684806 0.406566 0.0211911 0.020202 0.0632324
2 0.682576 0.406566 0.0223064 0.020202 0.058136
2 0.727189 0.412879 0.0178451 0.013468 0.0568542
7 0.856008 0.4133 0.0167298 0.0168351 0.0507202
11 0.314799 0.296296 0.0619003 0.186027 0.0411377
2 0.669192 0.409091 0.0223064 0.016835 0.0397949
2 0.829798 0.451599 0.0490741 0.030303 0.0396423
7 0.763994 0.454545 0.0323442 0.0218855 0.0381775
2 0.688152 0.407407 0.0133839 0.0193603 0.0372009
7 0.684249 0.40867 0.0133838 0.0176768 0.0328369
7 0.688152 0.407407 0.0133839 0.0193603 0.0318604
0 0.170644 0.462963 0.0144992 0.0227273 0.0310822
2 0.717151 0.409091 0.0133839 0.016835 0.0306702
4 0.758418 0.449495 0.202988 0.0942761 0.029541
5 0.684806 0.406566 0.0211911 0.020202 0.0259552
0 0.0682436 0.470539 0.0174269 0.0555556 0.0257568
6 0.342403 0.525358 0.649116 0.851641 0.0256653
2 0.146386 0.436027 0.0747264 0.0277778 0.025177
0 0.0594605 0.460017 0.0132444 0.0303031 0.0248413
2 0.666404 0.40404 0.0178452 0.013468 0.0223694
4 0.327346 0.68729 0.596696 0.574916 0.0219421
7 0.794108 0.44697 0.120455 0.0454546 0.0217743
7 0.709343 0.409091 0.0144992 0.016835 0.0214539
7 0.153322 0.481482 0.128331 0.0858586 0.0180511
2 0.797454 0.408249 0.0200758 0.0193603 0.0177765
2 0.163394 0.428451 0.0379209 0.0151515 0.0162201
7 0.669192 0.409091 0.0223064 0.016835 0.0160217
0 0.13105 0.462121 0.0117109 0.016835 0.0158997
61 0.342403 0.525358 0.649116 0.851641 0.0150757
4 0.776263 0.448653 0.055766 0.037037 0.0145035
11 0.31229 0.131944 0.0568813 0.263889 0.0143356
2 0.778493 0.419613 0.0223064 0.0185185 0.013588
2 0.709343 0.40867 0.024537 0.0185185 0.013588
3 0.327346 0.68729 0.596696 0.574916 0.0135345
0 0.0704743 0.468855 0.014778 0.050505 0.0134811
4 0.786301 0.445286 0.139415 0.0454546 0.0133743
7 0.817529 0.445286 0.0758418 0.0420876 0.0131226
2 0.737226 0.4133 0.0345749 0.0151515 0.0130234
0 0.138857 0.461279 0.0150568 0.0218855 0.0123367
7 0.825337 0.454545 0.0401515 0.0260943 0.0122375
2 0.743918 0.412458 0.024537 0.013468 0.0116882
0 0.594465 0.360269 0.0111532 0.0193603 0.011116
0 0.167577 0.460859 0.0144992 0.0260943 0.0110321
5 0.688152 0.407407 0.0133839 0.0193603 0.0106506
7 0.665846 0.410774 0.0200758 0.0151515 0.0100937
7 0.717151 0.409091 0.0133839 0.016835 0.00997162
11 0.310059 0.082702 0.0446128 0.0639731 0.00978088
7 0.16451 0.433502 0.0373632 0.0210438 0.00952148
7 0.67923 0.406145 0.0267677 0.0185185 0.00937653
0 0.075075 0.459596 0.0129656 0.03367 0.00923157
7 0.727189 0.412879 0.0178451 0.013468 0.00901794
0 0.0647583 0.460017 0.0241188 0.0319865 0.00898743
2 0.791877 0.409933 0.0289983 0.023569 0.00796509
4 0.799684 0.447811 0.107071 0.0437711 0.00796509
4 0.773474 0.409091 0.049074 0.030303 0.00793457
2 0.771801 0.41835 0.0156145 0.020202 0.0078125
2 0.843182 0.445286 0.0267676 0.0387205 0.0078125
0 0.771801 0.417929 0.0133838 0.020202 0.00728989
7 0.710459 0.407828 0.0234217 0.0193603 0.00706482
7 0.778493 0.419613 0.0223064 0.0185185 0.0069313
4 0.781839 0.408144 0.0635732 0.0321969 0.0068779
2 0.763436 0.4133 0.0234217 0.020202 0.0068512
5 0.710459 0.407828 0.0234217 0.0193603 0.00669098
0 0.16688 0.458754 0.0181239 0.0252525 0.00669098
4 0.497711 0.415404 0.330692 0.410774 0.00669098
7 0.763994 0.398569 0.0312289 0.0294613 0.00664139
2 0.13593 0.456229 0.0387574 0.0286196 0.00651169
4 0.375863 0.405303 0.577736 0.430135 0.00636292
4 0.830356 0.445707 0.05242 0.0429293 0.00631332
0 0.167995 0.449495 0.0317866 0.0471381 0.00621796
7 0.797454 0.408249 0.0200758 0.0193603 0.00619125
2 0.139554 0.457071 0.0669192 0.0319866 0.00595856
7 0.673653 0.406566 0.0334596 0.020202 0.00582123
74 0.310617 0.0828072 0.0434975 0.0635522 0.00579834
0 0.186537 0.462121 0.0217487 0.026936 0.00579834
2 0.0722867 0.460438 0.011432 0.0319865 0.00561905
7 0.666404 0.40404 0.0178452 0.013468 0.00547028
2 0.753956 0.410774 0.0111532 0.0151515 0.00540543
7 0.849316 0.4133 0.0312289 0.0193602 0.00538635
4 0.828462 0.33649 0.343077 0.286616 0.00538635
2 0.660269 0.4133 0.0156145 0.0185185 0.00534439
7 0.763436 0.4133 0.0234217 0.020202 0.00527954
2 0.159212 0.442761 0.0446128 0.0353535 0.00526047
4 0.817529 0.445286 0.0758418 0.0420876 0.00521851
2 0.129133 0.457071 0.0439854 0.0252525 0.00521851
4 0.763994 0.405303 0.0457281 0.0311448 0.00521851
2 0.938542 0.403199 0.0167298 0.0109427 0.0051384
7 0.743918 0.412458 0.024537 0.013468 0.00510025
5 0.684249 0.40867 0.0133838 0.0176768 0.00508118
2 0.787416 0.454966 0.0111532 0.0210438 0.00496292
7 0.737226 0.4133 0.0345749 0.0151515 0.0049057
5 0.709343 0.409091 0.0144992 0.016835 0.00482941
4 0.796338 0.433502 0.276599 0.0656566 0.00481033
7 0.771801 0.41835 0.0156145 0.020202 0.00479126
5 0.67923 0.406145 0.0267677 0.0185185 0.00477219
7 0.904524 0.403199 0.0178452 0.0143098 0.00475693
2 0.849316 0.4133 0.0312289 0.0193602 0.00469971
2 0.934638 0.403199 0.0144992 0.0109427 0.00460815
7 0.705997 0.408249 0.0223064 0.0185185 0.00460815
0 0.597811 0.359848 0.0133839 0.0197811 0.00455475
24 0.0722867 0.460438 0.011432 0.0319865 0.00438309
4 0.8008 0.422559 0.110417 0.0597643 0.00424957
0 0.15726 0.463805 0.0167298 0.026936 0.0042305
11 0.0594605 0.460438 0.013105 0.0303031 0.00421524
7 0.795223 0.407828 0.027883 0.0218855 0.00418091
2 0.716035 0.409933 0.0379209 0.0185185 0.0041008
2 0.246067 0.422559 0.0144992 0.0151515 0.00405502
5 0.665846 0.410774 0.0200758 0.0151515 0.00402451
11 0.315078 0.253157 0.0613426 0.273148 0.00397491
7 0.787416 0.440236 0.0847643 0.0521885 0.0039444
8 0.339336 0.510943 0.650789 0.880471 0.00385475
7 0.825337 0.441077 0.0602273 0.0538721 0.00382423
2 0.196575 0.462542 0.0465646 0.03367 0.00379562
7 0.769571 0.436027 0.0446128 0.0606061 0.00367928
2 0.23826 0.421717 0.00724957 0.0143098 0.00348282
11 0.31452 0.208544 0.0624579 0.402778 0.00346947
5 0.666404 0.40404 0.0178452 0.013468 0.00341606
2 0.279945 0.409933 0.0234217 0.0218855 0.00335121
7 0.753956 0.410774 0.0111532 0.0151515 0.00335121
2 0.140774 0.449916 0.0753538 0.037037 0.00332451
26 0.0722867 0.460438 0.011432 0.0319865 0.00332451
5 0.669192 0.409091 0.0223064 0.016835 0.00325966
7 0.938542 0.403199 0.0167298 0.0109427 0.00324821
2 0.825337 0.454545 0.0401515 0.0260943 0.00319672
2 0.799127 0.409091 0.024537 0.023569 0.00317192
2 0.795223 0.407828 0.027883 0.0218855 0.00314713
2 0.777378 0.416667 0.0200758 0.020202 0.00309944
7 0.791877 0.409933 0.0289983 0.023569 0.00309944
7 0.799127 0.409091 0.024537 0.023569 0.00309944
4 0.762879 0.396359 0.0323442 0.02883 0.003088
7 0.777936 0.405303 0.0602273 0.0378788 0.00300407
2 0.811953 0.457071 0.0144991 0.0218855 0.00292397
12 0.0722867 0.460438 0.011432 0.0319865 0.00284576
4 0.795223 0.407828 0.027883 0.0218855 0.00281143
5 0.717151 0.409091 0.0133839 0.016835 0.00276756
5 0.705997 0.408249 0.0223064 0.0185185 0.00275803
7 0.798569 0.446128 0.0936869 0.0404041 0.00274658
2 0.768455 0.419192 0.0223064 0.0185185 0.00271416
4 0.755072 0.395728 0.0513047 0.0300926 0.0026722
5 0.763994 0.398569 0.0312289 0.0294613 0.0026207
7 0.334038 0.542088 0.639078 0.872054 0.00257111
7 0.787416 0.454966 0.0111532 0.0210438 0.00251198
2 0.187095 0.461279 0.0281618 0.0286196 0.0024929
2 0.227246 0.421296 0.00613427 0.0151515 0.00247192
10 0.0647583 0.460017 0.0241188 0.0319865 0.00242424
2 0.904524 0.403199 0.0178452 0.0143098 0.00239754
4 0.1215 0.663721 0.241049 0.408249 0.00239754
7 0.832029 0.414983 0.0579967 0.0218855 0.00235939
7 0.843182 0.445286 0.0267676 0.0387205 0.00235939
4 0.639218 0.494003 0.695681 0.589436 0.00234985
2 0.16688 0.458754 0.0181239 0.0252525 0.00232315
0 0.0640612 0.470539 0.0223064 0.0589226 0.00229645
5 0.830356 0.445707 0.05242 0.0429293 0.00226021
0 0.23826 0.421717 0.00724957 0.0143098 0.00221634
3 0.0722867 0.460438 0.011432 0.0319865 0.00221634
7 0.777378 0.416667 0.0200758 0.020202 0.00220871
2 0.167995 0.449495 0.0317866 0.0471381 0.00220871
0 0.635732 0.435185 0.0156145 0.0252525 0.00219154
0 0.787416 0.454966 0.0111532 0.0210438 0.00214958
14 0.861585 0.29335 0.00892258 0.0109428 0.00212479
7 0.934638 0.403199 0.0144992 0.0109427 0.00210762
2 0.0101599 0.497475 0.0201803 0.013468 0.00210762
2 0.786301 0.445286 0.139415 0.0454546 0.00210762
4 0.227525 0.348064 0.41713 0.606902 0.00210762
13 0.16451 0.433081 0.0379209 0.0210438 0.0020752
2 0.161303 0.44697 0.0323443 0.0454546 0.00205803
2 0.220555 0.421717 0.0111532 0.0151515 0.0020504
4 0.934638 0.40404 0.0167298 0.013468 0.00203514
7 0.837605 0.409933 0.0535354 0.026936 0.0019722
7 0.754514 0.397727 0.0490741 0.0328283 0.00194931
0 0.590004 0.360269 0.0200758 0.0210437 0.00192642
0 0.148616 0.463805 0.0158933 0.023569 0.00191879
9 0.865488 0.357744 0.0111532 0.023569 0.00190449
5 0.702094 0.407407 0.027883 0.020202 0.00189686
7 0.765109 0.442761 0.182912 0.050505 0.00186729
7 0.0914562 0.407828 0.182912 0.0917508 0.00186062
4 0.17162 0.657828 0.339894 0.467172 0.00185299
0 0.465367 0.29798 0.0552083 0.0597643 0.00183105
4 0.792992 0.408249 0.0334596 0.026936 0.00183105
5 0.789646 0.445707 0.0936868 0.0412458 0.00182438
7 0.776263 0.448653 0.055766 0.037037 0.0018177
7 0.146386 0.436027 0.0747264 0.0277778 0.00178242
6 0.327346 0.68729 0.596696 0.574916 0.00178242
74 0.30978 0.0573443 0.0490741 0.114689 0.00174141
2 0.208983 0.465488 0.0259312 0.026936 0.00171375
0 0.684249 0.40867 0.0133838 0.0176768 0.00169373
5 0.16451 0.433502 0.0373632 0.0210438 0.00168705
0 0.209959 0.421717 0.00724957 0.013468 0.00168705
5 0.341288 0.516414 0.644655 0.871212 0.00168705
4 0.992635 0.285774 0.0122685 0.0942761 0.00167465
4 0.620118 0.763468 0.749495 0.439394 0.00167465
4 0.816414 0.415825 0.0803031 0.0420876 0.00166798
0 0.439715 0.306818 0.0223064 0.0437711 0.0016613
2 0.799684 0.447811 0.107071 0.0437711 0.00162315
2 0.724958 0.41835 0.0691498 0.023569 0.00161076
4 0.766782 0.398569 0.0379209 0.0319865 0.00154877
2 0.0457978 0.509259 0.0915956 0.0311448 0.00152493
2 0.252341 0.421717 0.0125474 0.0151515 0.00149536
7 0.811953 0.457071 0.0144991 0.0218855 0.00149536
0 0.582755 0.344697 0.049074 0.0513468 0.00148964
2 0.0445779 0.504209 0.0883194 0.0252525 0.00148964
0 0.687037 0.658249 0.0178451 0.0471381 0.00148964
0 0.596696 0.417088 0.0156145 0.0387205 0.00148392
0 0.124916 0.673401 0.013105 0.026936 0.00147247
4 0.766225 0.393939 0.0713805 0.0530303 0.00146103
5 0.825337 0.454545 0.0401515 0.0260943 0.00144386
8 0.769571 0.455387 0.0446128 0.0218855 0.00143242
0 0.830913 0.444444 0.0513047 0.0437711 0.0014267
2 0.208007 0.457912 0.0301136 0.0260943 0.00139904
0 0.481818 0.301136 0.0468434 0.0551347 0.00138855
2 0.770128 0.438973 0.0446128 0.0538721 0.00138855
10 0.0594605 0.460438 0.013105 0.0303031 0.00137234
9 0.0594605 0.460438 0.013105 0.0303031 0.00136185
0 0.489068 0.304503 0.0379209 0.0450337 0.00134087
7 0.822549 0.414141 0.0513047 0.0218855 0.00131989
4 0.811953 0.501263 0.340173 0.179293 0.00131512
14 0.530892 0.208754 0.0133838 0.016835 0.00129414
5 0.817529 0.445286 0.0758418 0.0420876 0.00129414
4 0.99375 0.287879 0.00892258 0.0867004 0.00128937
4 0.837605 0.409933 0.0535354 0.026936 0.00127888
2 0.339336 0.510943 0.650789 0.880471 0.00126934
8 0.856008 0.4133 0.0167298 0.0168351 0.00126457
7 0.768455 0.419192 0.0223064 0.0185185 0.00125504
2 0.200479 0.451599 0.0585543 0.0395623 0.00124454
5 0.829798 0.451599 0.0490741 0.030303 0.00123978
7 0.85545 0.409933 0.0178452 0.023569 0.00123501
4 0.827346 0.384049 0.345307 0.156145 0.00123024
7 0.702094 0.407407 0.027883 0.020202 0.0012207
0 0.790204 0.734428 0.0234217 0.0395623 0.00121117
2 0.97702 0.404882 0.0111531 0.013468 0.0012064
0 0.451705 0.305345 0.0446128 0.0488215 0.00120163
2 0.116412 0.475589 0.0532565 0.0639731 0.00119686
4 0.743779 0.738215 0.508865 0.430976 0.00119686
4 0.775147 0.401094 0.055766 0.0395623 0.00119209
7 0.782955 0.401515 0.0490741 0.043771 0.00119209
2 0.711574 0.417508 0.0925715 0.0218855 0.00119209
2 0.205916 0.476852 0.0248159 0.0227273 0.00117874
2 0.817529 0.445286 0.0758418 0.0420876 0.00117397
5 0.754514 0.397727 0.0490741 0.0328283 0.00116539
2 0.99375 0.403199 0.00892258 0.0126263 0.00115108
13 0.85545 0.412458 0.0167297 0.0185185 0.00115108
7 0.163394 0.428451 0.0379209 0.0151515 0.0011425
0 0.861585 0.29335 0.00892258 0.0109428 0.00113773
0 0.348607 0.611111 0.205079 0.328283 0.00113392
0 0.688152 0.407407 0.0133839 0.0193603 0.00112915
2 0.594465 0.360269 0.0111532 0.0193603 0.00112438
2 0.910101 0.403199 0.0156145 0.013468 0.00112438
4 0.797454 0.408249 0.0200758 0.0193603 0.0011158
4 0.799127 0.409091 0.024537 0.023569 0.00109482
7 0.327346 0.68729 0.596696 0.574916 0.00109482
2 0.209959 0.421717 0.00724957 0.013468 0.00109005
5 0.795223 0.407828 0.027883 0.0218855 0.00108624
13 0.830913 0.445707 0.0513047 0.0429293 0.00107288
5 0.777936 0.405303 0.0602273 0.0378788 0.00106049
7 0.724958 0.41835 0.0691498 0.023569 0.00106049
2 0.702094 0.407407 0.027883 0.020202 0.00105667
2 0.207449 0.455808 0.039315 0.0277778 0.00105667
7 0.823106 0.436869 0.0334596 0.0404041 0.00105286
13 0.881103 0.446128 0.0278831 0.020202 0.00104809
5 0.763994 0.454545 0.0323442 0.0218855 0.00104809
4 0.300021 0.760101 0.475684 0.451178 0.00104809
5 0.727189 0.412879 0.0178451 0.013468 0.00103664
4 0.849316 0.4133 0.0312289 0.0193602 0.00102425
0 0.161303 0.44697 0.0323443 0.0454546 0.00102425
4 0.973117 0.40404 0.00780716 0.013468 0.00100803
7 0.159212 0.442761 0.0446128 0.0353535 0.00100803
2 0.153217 0.481482 0.126589 0.0841751 0.782715
4 0.34324 0.523148 0.648559 0.864478 0.642578
4 0.830913 0.263468 0.336827 0.138889 0.625977
2 0.16437 0.434343 0.0381997 0.023569 0.273682
2 0.770128 0.455387 0.0446128 0.0218855 0.193115
3 0.339615 0.510101 0.652462 0.895623 0.188965
2 0.856008 0.4133 0.0167298 0.0168351 0.188354
7 0.830356 0.44697 0.0513047 0.0420876 0.155029
0 0.0719381 0.460438 0.011432 0.0328283 0.137939
4 0.758418 0.436448 0.198527 0.0631313 0.108215
4 0.511374 0.595013 0.971444 0.784722 0.107788
2 0.830913 0.445286 0.0513047 0.0437711 0.0933228
11 0.309501 0.0578704 0.0485164 0.113636 0.0881958
2 0.673653 0.406566 0.031229 0.020202 0.0800781
2 0.761764 0.454545 0.027883 0.0218855 0.0797729
13 0.88166 0.447811 0.0245371 0.013468 0.0797729
2 0.684249 0.40867 0.0133838 0.0176768 0.0715942
2 0.709343 0.409091 0.0144992 0.016835 0.0687866
2 0.666404 0.410774 0.0211911 0.0151515 0.0670776
2 0.682576 0.406566 0.0223064 0.020202 0.0634766
7 0.770128 0.455387 0.0446128 0.0218855 0.0605164
2 0.727746 0.412879 0.0167298 0.013468 0.0592041
7 0.684806 0.406566 0.0211911 0.020202 0.0566406
7 0.856008 0.4133 0.0167298 0.0168351 0.0402527
2 0.668634 0.409091 0.0223064 0.016835 0.0389099
11 0.314799 0.296717 0.0619003 0.18771 0.0375977
4 0.758418 0.449495 0.204104 0.0942761 0.0372009
2 0.68871 0.407407 0.0133839 0.0193603 0.0333252
2 0.829798 0.451178 0.0490741 0.0319865 0.0324707
0 0.170644 0.462963 0.0139415 0.0227273 0.0301514
2 0.717151 0.409091 0.0133839 0.016835 0.0297546
7 0.684249 0.40867 0.0133838 0.0176768 0.0284424
7 0.68871 0.407407 0.0133839 0.0193603 0.0271759
6 0.34324 0.523148 0.648559 0.864478 0.0265503
7 0.761764 0.454545 0.027883 0.0218855 0.0243378
7 0.795223 0.44697 0.117109 0.0454546 0.024231
61 0.339615 0.5 0.652462 0.895623 0.0229797
0 0.13105 0.462963 0.0117109 0.0151515 0.0225372
2 0.666404 0.40404 0.0178452 0.013468 0.0224609
5 0.684806 0.406566 0.0211911 0.020202 0.0224609
13 0.88166 0.446549 0.0267677 0.0176768 0.0222931
2 0.146804 0.436027 0.0736111 0.0277778 0.021286
4 0.325952 0.689394 0.590562 0.579125 0.0208893
2 0.797454 0.408249 0.0200758 0.0193603 0.0202484
7 0.709343 0.409091 0.0144992 0.016835 0.0190582
0 0.0681042 0.470539 0.0174269 0.0555556 0.0184784
7 0.153391 0.481482 0.12875 0.0875421 0.0180511
3 0.325952 0.689394 0.590562 0.579125 0.0180511
0 0.138579 0.462121 0.0133838 0.020202 0.0153656
0 0.0594605 0.460017 0.0132444 0.0303031 0.0149536
4 0.791877 0.447811 0.0869949 0.0387205 0.0149002
7 0.668634 0.409091 0.0223064 0.016835 0.0146713
4 0.792992 0.444444 0.124916 0.0454545 0.0141754
11 0.31229 0.13205 0.0563236 0.264099 0.0135345
2 0.737226 0.412879 0.0334596 0.0143098 0.0134811
2 0.709343 0.408249 0.024537 0.0185185 0.0132217
2 0.163116 0.428451 0.0379209 0.0151515 0.012825
2 0.743918 0.411616 0.0223064 0.013468 0.012146
0 0.594465 0.360269 0.0111532 0.0193603 0.0111618
0 0.771801 0.417508 0.0133838 0.020202 0.0107803
0 0.167437 0.461279 0.0142203 0.026936 0.01017
4 0.780724 0.407828 0.0579967 0.0319865 0.0100555
0 0.0704046 0.468855 0.0150568 0.050505 0.00974274
4 0.772917 0.409091 0.049074 0.030303 0.00948334
7 0.666404 0.410774 0.0211911 0.0151515 0.00945282
7 0.67923 0.406145 0.0289983 0.0185185 0.00878143
7 0.812511 0.445286 0.0847643 0.0420876 0.00878143
7 0.727746 0.412879 0.0167298 0.013468 0.0086441
7 0.825337 0.454125 0.0412668 0.026936 0.00844574
7 0.16451 0.433502 0.0373632 0.0218855 0.00841522
7 0.717151 0.409091 0.0133839 0.016835 0.00834656
5 0.68871 0.407407 0.0133839 0.0193603 0.00831604
11 0.310059 0.082702 0.0446128 0.0639731 0.008255
2 0.792992 0.410354 0.0289983 0.0244108 0.00821686
0 0.0750053 0.459596 0.0133838 0.03367 0.0078125
2 0.779051 0.418771 0.0211911 0.020202 0.00763702
4 0.765109 0.404777 0.0446128 0.032197 0.00703812
0 0.06495 0.460017 0.0242931 0.0319865 0.00698471
7 0.710459 0.407828 0.0234217 0.0193603 0.0068779
2 0.763994 0.413721 0.0223064 0.0193602 0.00658798
7 0.763994 0.398148 0.0312289 0.0294613 0.00651169
7 0.797454 0.408249 0.0200758 0.0193603 0.00641251
7 0.673653 0.406566 0.031229 0.020202 0.00631332
5 0.710459 0.407828 0.0234217 0.0193603 0.00614548
2 0.704882 0.408249 0.0223064 0.0185185 0.005867
4 0.829798 0.445707 0.0535354 0.0429293 0.00566483
0 0.16674 0.458754 0.0175663 0.0252525 0.00564194
2 0.136104 0.456229 0.0378512 0.0286196 0.0055542
4 0.792992 0.434343 0.267677 0.0631313 0.00547028
0 0.168134 0.449495 0.031229 0.0471381 0.00536346
2 0.160606 0.441919 0.0418245 0.03367 0.00534439
4 0.828462 0.336911 0.343077 0.2883 0.0053215
7 0.666404 0.40404 0.0178452 0.013468 0.00526047
2 0.844297 0.445286 0.0267676 0.0387205 0.00526047
2 0.849316 0.4133 0.0312289 0.020202 0.00524139
0 0.186258 0.462121 0.0209123 0.026936 0.00524139
2 0.753956 0.410774 0.0100379 0.0151515 0.00521851
2 0.0723564 0.460438 0.0117109 0.0319865 0.00510025
2 0.938542 0.403199 0.0167298 0.0109427 0.00496292
2 0.139101 0.457071 0.0653159 0.0319866 0.00494385
7 0.795223 0.408249 0.0289983 0.0218855 0.00492477
4 0.801357 0.419192 0.108186 0.0538721 0.0049057
2 0.660269 0.4133 0.0144991 0.0185185 0.00488663
7 0.743918 0.411616 0.0223064 0.013468 0.00481033
7 0.849316 0.4133 0.0312289 0.020202 0.00473785
7 0.737226 0.412879 0.0334596 0.0143098 0.00468063
11 0.31452 0.20786 0.0624579 0.402462 0.00466537
5 0.67923 0.406145 0.0289983 0.0185185 0.00439835
2 0.934638 0.403199 0.0133839 0.0109427 0.00434875
4 0.812511 0.445286 0.0847643 0.0420876 0.00428009
7 0.763994 0.413721 0.0223064 0.0193602 0.00426483
0 0.597811 0.359638 0.0111532 0.0197811 0.00419998
4 0.496317 0.4133 0.334596 0.409091 0.0041008
5 0.684249 0.40867 0.0133838 0.0176768 0.00408554
11 0.0595302 0.460438 0.013105 0.0303031 0.00408554
7 0.779051 0.418771 0.0211911 0.020202 0.00400543
2 0.129238 0.457071 0.0421033 0.0252525 0.00400543
2 0.246067 0.422559 0.0144992 0.0151515 0.00395966
4 0.378372 0.403304 0.570486 0.424032 0.00395966
74 0.310617 0.0828862 0.0434975 0.0636048 0.00391388
7 0.704882 0.408249 0.0223064 0.0185185 0.00391388
5 0.709343 0.409091 0.0144992 0.016835 0.00391388
0 0.157121 0.463805 0.0161721 0.0260943 0.00391388
5 0.666404 0.410774 0.0211911 0.0151515 0.00379562
7 0.782955 0.435606 0.0758418 0.0614478 0.00370789
2 0.771801 0.41835 0.0144991 0.0218855 0.00369263
24 0.0723564 0.460438 0.0117109 0.0319865 0.00366402
2 0.798569 0.409091 0.024537 0.023569 0.00365067
2 0.23826 0.421717 0.00752842 0.0151515 0.0036068
2 0.716035 0.409933 0.0401515 0.0185185 0.00359344
7 0.904524 0.403199 0.0178452 0.0143098 0.00346947
2 0.196575 0.462542 0.0462858 0.0328283 0.00335121
5 0.666404 0.40404 0.0178452 0.013468 0.00325966
8 0.339615 0.5 0.652462 0.895623 0.00319672
7 0.825894 0.440657 0.0591119 0.0547138 0.00318527
7 0.770686 0.436448 0.0446128 0.0580808 0.003088
4 0.763436 0.396359 0.0312289 0.02883 0.00300407
7 0.777378 0.405619 0.0602273 0.038931 0.00298119
2 0.279945 0.409933 0.0234217 0.0218855 0.0029583
5 0.668634 0.409091 0.0223064 0.016835 0.00292397
26 0.0723564 0.460438 0.0117109 0.0319865 0.00290108
7 0.753956 0.410774 0.0100379 0.0151515 0.0028553
2 0.140949 0.449916 0.0761206 0.037037 0.00282288
10 0.06495 0.460017 0.0242931 0.0319865 0.00281143
2 0.787974 0.454545 0.0111532 0.020202 0.00279045
4 0.755629 0.395728 0.0513047 0.0300926 0.00276756
2 0.825337 0.454125 0.0412668 0.026936 0.00263214
7 0.771801 0.41835 0.0144991 0.0218855 0.0026207
4 0.121012 0.664983 0.240351 0.410774 0.00260162
0 0.830913 0.444444 0.0513047 0.0437711 0.00253105
7 0.838721 0.409933 0.0535354 0.026936 0.00253105
5 0.763994 0.398148 0.0312289 0.0294613 0.00248146
2 0.81251 0.457071 0.0167298 0.0227273 0.00245285
2 0.227246 0.421296 0.00613427 0.0151515 0.00243378
4 0.795223 0.408249 0.0289983 0.0218855 0.00242424
7 0.938542 0.403199 0.0167298 0.0109427 0.002388
2 0.594465 0.360269 0.0111532 0.0193603 0.00235939
2 0.792992 0.444444 0.124916 0.0454545 0.00234222
7 0.832586 0.414983 0.0568813 0.0218855 0.00224304
0 0.148477 0.464646 0.0153357 0.0227272 0.00222588
0 0.23826 0.421717 0.00752842 0.0151515 0.00220871
12 0.0723564 0.460438 0.0117109 0.0319865 0.00219154
7 0.0913865 0.406566 0.182773 0.0892256 0.00219154
2 0.187095 0.461279 0.0273253 0.0286196 0.00218201
5 0.704882 0.408249 0.0223064 0.0185185 0.00217438
2 0.904524 0.403199 0.0178452 0.0143098 0.00214958
5 0.717151 0.409091 0.0133839 0.016835 0.00212479
2 0.16674 0.458754 0.0175663 0.0252525 0.00209999
0 0.787974 0.454545 0.0111532 0.020202 0.0020752
2 0.168134 0.449495 0.031229 0.0471381 0.00201988
14 0.861585 0.29335 0.00892258 0.0113636 0.00199509
2 0.220555 0.421717 0.0111532 0.0151515 0.00199509
7 0.791877 0.447811 0.0869949 0.0387205 0.00199509
3 0.0723564 0.460438 0.0117109 0.0319865 0.00196457
4 0.992635 0.286195 0.0111532 0.0942761 0.00195694
2 0.770686 0.436448 0.0446128 0.0580808 0.00193405
13 0.16451 0.433502 0.0381997 0.0218855 0.00191879
13 0.830913 0.445286 0.0513047 0.0437711 0.00190449
7 0.755072 0.398043 0.0490741 0.032197 0.00185299
9 0.865488 0.357534 0.0111532 0.0239899 0.00185299
4 0.17148 0.656566 0.339615 0.468013 0.00185299
2 0.161024 0.447811 0.0315078 0.0454546 0.00176144
0 0.635732 0.435185 0.0156145 0.0252525 0.00174141
4 0.766782 0.393939 0.0702652 0.0547138 0.00173378
6 0.325952 0.689394 0.590562 0.579125 0.00173378
2 0.723843 0.417929 0.0736111 0.023569 0.0017004
0 0.209959 0.421296 0.00724957 0.0143098 0.00169373
4 0.819202 0.412879 0.0747264 0.0361953 0.00168705
4 0.229756 0.343434 0.416014 0.599327 0.0016613
5 0.34324 0.523148 0.648559 0.864478 0.0016489
5 0.700421 0.407407 0.024537 0.020202 0.00162315
7 0.146804 0.436027 0.0736111 0.0277778 0.00158501
2 0.0103516 0.497475 0.0206334 0.013468 0.00157928
0 0.973674 0.403199 0.00892248 0.013468 0.00157356
2 0.25262 0.421717 0.0122685 0.0151515 0.00156116
7 0.782955 0.40141 0.0513047 0.0439815 0.00154877
5 0.16451 0.433502 0.0373632 0.0218855 0.00154877
7 0.934638 0.403199 0.0133839 0.0109427 0.00152493
2 0.767898 0.418771 0.0223064 0.0210438 0.00151253
4 0.622348 0.761364 0.745034 0.445286 0.00151253
0 0.0641309 0.47096 0.0223064 0.0589226 0.0014782
4 0.827346 0.382997 0.345307 0.159091 0.00147247
0 0.590004 0.36048 0.0200758 0.0206229 0.00146675
0 0.439436 0.306818 0.0211911 0.0429293 0.00144386
2 0.209122 0.465488 0.0256523 0.0260943 0.00144386
4 0.641867 0.494108 0.688152 0.585859 0.00144386
13 0.85545 0.412458 0.0167297 0.0185185 0.00141621
5 0.829798 0.445707 0.0535354 0.0429293 0.00140476
14 0.530613 0.208754 0.0133839 0.016835 0.00139904
7 0.34324 0.523148 0.648559 0.864478 0.00136662
2 0.0462161 0.509259 0.0924321 0.0319865 0.00135612
4 0.934638 0.40362 0.0156144 0.0126263 0.00134087
0 0.684249 0.40867 0.0133838 0.0176768 0.00132465
0 0.124916 0.673401 0.013105 0.026936 0.00130463
0 0.687037 0.65867 0.0178451 0.0462963 0.00129986
4 0.838721 0.409933 0.0535354 0.026936 0.00129414
7 0.823664 0.414562 0.0479588 0.0218855 0.00127888
2 0.208844 0.457912 0.0284407 0.0252525 0.00127888
74 0.30978 0.0573443 0.0490741 0.114689 0.00127888
0 0.767898 0.418771 0.0223064 0.0210438 0.00126934
7 0.81251 0.457071 0.0167298 0.0227273 0.0012598
7 0.844297 0.445286 0.0267676 0.0387205 0.00123978
0 0.348816 0.611532 0.205219 0.328283 0.00121117
0 0.844297 0.445286 0.0267676 0.0387205 0.0012064
4 0.775705 0.401094 0.0568813 0.0395623 0.00120163
5 0.795223 0.408249 0.0289983 0.0218855 0.00119686
0 0.465088 0.29798 0.0552084 0.0597643 0.00117397
0 0.597811 0.362374 0.0133839 0.0239899 0.0011692
2 0.339615 0.510101 0.652462 0.895623 0.00116062
4 0.754514 0.74032 0.487395 0.428451 0.00116062
0 0.779051 0.418771 0.0211911 0.020202 0.0011425
10 0.0595302 0.460438 0.013105 0.0303031 0.00113773
8 0.856008 0.4133 0.0167298 0.0168351 0.00112915
7 0.700421 0.407407 0.024537 0.020202 0.00112438
7 0.0725132 0.400253 0.138265 0.0765993 0.00112057
2 0.209959 0.421296 0.00724957 0.0143098 0.00109863
7 0.160606 0.441919 0.0418245 0.03367 0.00109863
7 0.85545 0.409933 0.0178452 0.0244108 0.00109482
0 0.596696 0.417929 0.0156145 0.0395623 0.00109005
14 0.973674 0.403199 0.00892248 0.013468 0.00108624
2 0.782955 0.435606 0.0758418 0.0614478 0.00108147
2 0.911216 0.402778 0.0156145 0.0126263 0.00107288
2 0.199085 0.451599 0.0568813 0.0395623 0.00106525
7 0.791877 0.400568 0.031229 0.042298 0.00105667
5 0.789646 0.444444 0.0936868 0.0437711 0.00105667
7 0.787974 0.454545 0.0111532 0.020202 0.00105667
0 0.865488 0.357534 0.0111532 0.0239899 0.00105667
5 0.755072 0.398043 0.0490741 0.032197 0.00104809
2 0.205637 0.476852 0.0250947 0.0227273 0.00104809
0 0.161024 0.447811 0.0315078 0.0454546 0.00104046
4 0.20745 0.608165 0.411553 0.588384 0.00104046
2 0.700421 0.407407 0.024537 0.020202 0.00103188
2 0.791877 0.447811 0.0869949 0.0387205 0.00103188
4 0.813068 0.500842 0.334596 0.175084 0.00103188
0 0.861585 0.29335 0.00892258 0.0113636 0.00102043
9 0.0595302 0.460438 0.013105 0.0303031 0.00100803
7 0.16437 0.418771 0.0448916 0.0488215 0.00100803
2 0.153322 0.481482 0.126659 0.0841751 0.785156
4 0.830913 0.259891 0.336827 0.148148 0.62793
4 0.346028 0.513047 0.650789 0.896465 0.503906
2 0.16437 0.434343 0.0381997 0.023569 0.235107
3 0.340173 0.507576 0.654693 0.924242 0.221313
2 0.856008 0.4133 0.0167298 0.0168351 0.183594
4 0.508923 0.590909 0.982155 0.801347 0.176147
7 0.830356 0.44697 0.0513047 0.0420876 0.15918
2 0.770128 0.455387 0.0446128 0.020202 0.158203
0 0.0719381 0.460438 0.0115714 0.0328283 0.0977173
2 0.830913 0.445286 0.0513047 0.0437711 0.0939941
11 0.309501 0.0579756 0.0490741 0.113636 0.0907593
4 0.757302 0.434343 0.200758 0.063973 0.0907593
2 0.673653 0.406566 0.031229 0.020202 0.088501
13 0.88166 0.448232 0.0256523 0.0143098 0.083313
2 0.760648 0.454545 0.024537 0.0218855 0.0731812
2 0.709343 0.40867 0.0144992 0.0159933 0.0685425
2 0.684249 0.40867 0.0133838 0.0176768 0.0675659
2 0.682576 0.406566 0.0234217 0.020202 0.0658569
2 0.666404 0.410774 0.0211911 0.0151515 0.0628052
2 0.728304 0.412879 0.0156145 0.013468 0.0618896
7 0.685364 0.406566 0.0211911 0.020202 0.0510864
4 0.758418 0.450337 0.205219 0.0942761 0.0441895
2 0.668634 0.409091 0.0223064 0.016835 0.0374756
7 0.770128 0.455387 0.0446128 0.020202 0.036499
7 0.856008 0.4133 0.0167298 0.0168351 0.0333252
2 0.689268 0.407407 0.0133839 0.0193603 0.0309143
0 0.170505 0.462963 0.0139415 0.0218855 0.0306244
2 0.717151 0.409091 0.0133839 0.016835 0.0290833
2 0.829798 0.451178 0.0490741 0.0319865 0.0284424
61 0.34073 0.488636 0.654693 0.928451 0.0267639
7 0.796338 0.44697 0.114878 0.0454546 0.0263519
7 0.684249 0.40867 0.0133838 0.0176768 0.024704
0 0.13105 0.462963 0.0117109 0.0151515 0.0245667
7 0.689268 0.407407 0.0133839 0.0193603 0.0239563
11 0.314799 0.297138 0.0619003 0.191077 0.0238647
2 0.797454 0.408249 0.0200758 0.020202 0.0226288
2 0.678672 0.406145 0.0301137 0.0185185 0.0222931
6 0.346028 0.513047 0.650789 0.896465 0.0222015
2 0.666404 0.40404 0.0178452 0.0143098 0.0215302
5 0.685364 0.406566 0.0211911 0.020202 0.0207977
3 0.325673 0.691919 0.583312 0.582492 0.0192719
3 0.41462 0.529461 0.82924 0.868687 0.0185394
2 0.146943 0.436027 0.0733323 0.0277778 0.0184784
7 0.153496 0.481482 0.128819 0.0875421 0.0184021
7 0.709343 0.40867 0.0144992 0.0159933 0.0177765
7 0.760648 0.454545 0.024537 0.0218855 0.0175171
4 0.325673 0.691919 0.583312 0.582492 0.0166626
0 0.138439 0.462121 0.0125474 0.0193603 0.0160217
11 0.31229 0.13205 0.0563236 0.264099 0.0154877
2 0.737226 0.412458 0.0312289 0.013468 0.0143356
7 0.668634 0.409091 0.0223064 0.016835 0.0137939
4 0.780724 0.407828 0.055766 0.0319865 0.0136871
0 0.771801 0.417508 0.0133838 0.020202 0.0130692
2 0.743918 0.411616 0.0223064 0.013468 0.0127716
2 0.709343 0.40867 0.024537 0.0193603 0.0127258
4 0.796338 0.444024 0.118224 0.0462963 0.0123825
0 0.0678951 0.470539 0.0175663 0.0555556 0.0122375
4 0.772917 0.409933 0.049074 0.030303 0.0107803
2 0.163255 0.428451 0.0379209 0.0151515 0.0102463
0 0.167298 0.461279 0.0144992 0.0260943 0.00989532
0 0.594465 0.360269 0.0111532 0.0193603 0.00963593
4 0.766225 0.404882 0.0434975 0.0328283 0.00919342
2 0.792992 0.410774 0.0301137 0.0252525 0.00905609
7 0.666404 0.410774 0.0211911 0.0151515 0.00867462
61 0.41462 0.529461 0.82924 0.868687 0.0085144
7 0.728304 0.412879 0.0156145 0.013468 0.00847626
0 0.0594082 0.460017 0.013349 0.0303031 0.00831604
7 0.678672 0.406145 0.0301137 0.0185185 0.00815582
7 0.16451 0.433502 0.0373632 0.0218855 0.00763702
7 0.717151 0.409091 0.0133839 0.016835 0.00748825
7 0.710459 0.407828 0.024537 0.0193603 0.00725937
7 0.763994 0.397727 0.0312289 0.0294613 0.00723267
11 0.310059 0.082702 0.0446128 0.0641835 0.00706482
5 0.689268 0.407407 0.0133839 0.0193603 0.0069313
7 0.825337 0.453704 0.0412668 0.0277778 0.0069046
5 0.710459 0.407828 0.024537 0.0193603 0.00643921
11 0.31452 0.208281 0.0624579 0.404146 0.00638962
2 0.763994 0.4133 0.0223064 0.020202 0.00636292
7 0.797454 0.408249 0.0200758 0.020202 0.00634003
7 0.673653 0.406566 0.031229 0.020202 0.00634003
0 0.0749356 0.459596 0.0135233 0.03367 0.00629044
2 0.704882 0.408249 0.0211911 0.0185185 0.00568771
4 0.828462 0.337963 0.343077 0.292088 0.00551224
7 0.795223 0.408249 0.0289983 0.0218855 0.00534439
0 0.0653159 0.460017 0.0246765 0.0319865 0.00519943
2 0.849316 0.4133 0.0312289 0.020202 0.00516129
2 0.136627 0.456229 0.0368056 0.0286196 0.00511932
2 0.753956 0.410774 0.0100379 0.0151515 0.0050621
4 0.829798 0.445286 0.0535354 0.0437711 0.00503922
4 0.801915 0.416667 0.105955 0.047138 0.0049057
7 0.666404 0.40404 0.0178452 0.0143098 0.00488663
0 0.18598 0.4617 0.0206334 0.0260943 0.00479126
7 0.743918 0.411616 0.0223064 0.013468 0.00477219
7 0.737226 0.412458 0.0312289 0.013468 0.00473785
0 0.168413 0.450337 0.0306713 0.0454546 0.00468063
2 0.160327 0.44234 0.0423821 0.0345118 0.0046463
2 0.0722867 0.460438 0.0118503 0.0319865 0.00455475
2 0.594465 0.360269 0.0111532 0.0193603 0.00441742
2 0.660269 0.4133 0.0144991 0.0185185 0.00439835
2 0.138892 0.457071 0.0646188 0.0319866 0.00438309
2 0.938542 0.403199 0.0167298 0.0117845 0.00432968
2 0.779051 0.418771 0.0211911 0.0218855 0.00432968
5 0.678672 0.406145 0.0301137 0.0185185 0.0042305
7 0.849316 0.4133 0.0312289 0.020202 0.00397491
11 0.0595302 0.460438 0.0132444 0.0303031 0.00397491
2 0.844297 0.445286 0.0267676 0.0395623 0.00390053
2 0.93408 0.403199 0.0133839 0.0109427 0.00379562
0 0.157121 0.463805 0.0156145 0.0260943 0.00378036
7 0.763994 0.4133 0.0223064 0.020202 0.0037365
2 0.245928 0.422559 0.0150568 0.0151515 0.00372124
7 0.773474 0.435185 0.05242 0.0622895 0.00369263
5 0.666404 0.410774 0.0211911 0.0151515 0.0036068
7 0.704882 0.408249 0.0211911 0.0185185 0.00359344
2 0.23826 0.421717 0.00752842 0.0151515 0.00359344
5 0.709343 0.40867 0.0144992 0.0159933 0.00353813
5 0.684249 0.40867 0.0133838 0.0176768 0.00346947
2 0.129656 0.457492 0.040988 0.0252525 0.00342941
0 0.830913 0.444444 0.0513047 0.0446128 0.00331116
4 0.418245 0.502946 0.83649 0.931818 0.00329781
0 0.597811 0.359428 0.0111532 0.0193602 0.00322342
2 0.797454 0.408249 0.0267677 0.0252525 0.00321007
7 0.777378 0.405303 0.0602273 0.0395623 0.00317192
5 0.666404 0.40404 0.0178452 0.0143098 0.00311089
4 0.763994 0.396359 0.0312289 0.02883 0.003088
7 0.839278 0.409933 0.0568813 0.026936 0.00307465
2 0.196575 0.462542 0.0462858 0.0328283 0.0030632
4 0.756187 0.395728 0.0513047 0.0300926 0.00302696
24 0.0722867 0.460438 0.0118503 0.0319865 0.00302696
2 0.717151 0.409512 0.0423821 0.0193603 0.00291252
10 0.0653159 0.460017 0.0246765 0.0319865 0.00291252
7 0.0914562 0.405619 0.182912 0.0877525 0.00288963
5 0.668634 0.409091 0.0223064 0.016835 0.00287819
13 0.830913 0.445286 0.0513047 0.0437711 0.00279045
5 0.763994 0.397727 0.0312289 0.0294613 0.00269318
7 0.904524 0.403199 0.0178452 0.0143098 0.00268364
7 0.753956 0.410774 0.0100379 0.0151515 0.00263214
4 0.494366 0.41088 0.34073 0.408881 0.00261116
7 0.825337 0.440236 0.0602273 0.0555556 0.00255013
2 0.796338 0.444024 0.118224 0.0462963 0.00255013
26 0.0722867 0.460438 0.0118503 0.0319865 0.00253105
2 0.141227 0.449495 0.0766782 0.037037 0.00252151
7 0.779051 0.418771 0.0211911 0.0218855 0.0024929
74 0.310617 0.0822548 0.0429398 0.0644465 0.00247192
8 0.358575 0.478535 0.699306 0.936869 0.00247192
2 0.770686 0.436027 0.0446128 0.0589226 0.00243378
2 0.825337 0.453704 0.0412668 0.0277778 0.00239754
4 0.356902 0.35101 0.604503 0.531987 0.00239754
2 0.279666 0.409933 0.0234217 0.0218855 0.00237846
2 0.227246 0.420875 0.00613427 0.0151515 0.00235939
4 0.121012 0.664983 0.24063 0.412458 0.00234985
0 0.148477 0.464646 0.0153357 0.0218855 0.00232315
2 0.813068 0.457071 0.0178452 0.0227273 0.00227928
0 0.0716593 0.471381 0.0142203 0.0555556 0.00219154
7 0.832586 0.414983 0.0568813 0.0218855 0.00215721
2 0.787974 0.454966 0.0111532 0.020202 0.00214958
13 0.881103 0.446128 0.0289983 0.0210438 0.00212479
0 0.23826 0.421717 0.00752842 0.0151515 0.00209999
4 0.76734 0.393834 0.0702652 0.055766 0.00209999
7 0.754514 0.398148 0.0501894 0.0319865 0.00202751
2 0.186816 0.461279 0.0273253 0.0277778 0.00201988
4 0.795223 0.408249 0.0289983 0.0218855 0.00201035
2 0.771801 0.417508 0.0144991 0.023569 0.00198746
0 0.973674 0.403199 0.00892248 0.013468 0.00197983
2 0.166601 0.459175 0.0170086 0.0252525 0.0019722
5 0.704882 0.408249 0.0211911 0.0185185 0.00195694
2 0.904524 0.403199 0.0178452 0.0143098 0.00194168
2 0.168413 0.450337 0.0306713 0.0454546 0.00190449
2 0.722727 0.417508 0.0769571 0.023569 0.00188923
4 0.99375 0.286616 0.0111532 0.0942761 0.00188923
2 0.220415 0.421296 0.011432 0.0151515 0.00187492
5 0.717151 0.409091 0.0133839 0.016835 0.00185299
14 0.861585 0.29335 0.00892258 0.0113636 0.00183105
4 0.18821 0.667929 0.37419 0.465488 0.00178242
7 0.938542 0.403199 0.0167298 0.0117845 0.00174141
4 0.826452 0.382786 0.343519 0.160354 0.0017271
12 0.0722867 0.460438 0.0118503 0.0319865 0.00172043
13 0.16451 0.433502 0.0381997 0.0218855 0.0017004
7 0.771801 0.417508 0.0144991 0.023569 0.00167465
4 0.239376 0.334806 0.436927 0.609848 0.0016613
9 0.865488 0.357534 0.0111532 0.0239899 0.00163555
5 0.700421 0.407407 0.024537 0.020202 0.00162888
3 0.0722867 0.460438 0.0118503 0.0319865 0.00162888
2 0.160885 0.448232 0.0306713 0.0462963 0.00162315
4 0.403188 0.680135 0.804146 0.594276 0.00162315
7 0.804703 0.446128 0.0780724 0.0387205 0.00161648
0 0.787974 0.454966 0.0111532 0.020202 0.00158501
0 0.209959 0.421296 0.00724957 0.0143098 0.00156689
2 0.19295 0.462963 0.0345749 0.030303 0.00153065
13 0.85545 0.412458 0.0167297 0.0185185 0.00152493
2 0.25262 0.421717 0.0122685 0.0151515 0.00151253
0 0.767898 0.422138 0.024537 0.0286196 0.00151253
4 0.821991 0.411616 0.0691498 0.0319865 0.00150681
7 0.0737505 0.399726 0.141367 0.075968 0.00146675
5 0.346028 0.513047 0.650789 0.896465 0.00146675
5 0.16451 0.433502 0.0373632 0.0218855 0.00144386
7 0.146943 0.436027 0.0733323 0.0277778 0.00143814
6 0.325673 0.691919 0.583312 0.582492 0.00141048
7 0.791877 0.400568 0.031229 0.042298 0.00136185
7 0.164231 0.418771 0.0446128 0.0488215 0.00132465
14 0.530613 0.209175 0.0133839 0.016835 0.00131512
0 0.635732 0.435185 0.0156145 0.0252525 0.00130939
5 0.795223 0.408249 0.0289983 0.0218855 0.00129986
0 0.844297 0.445286 0.0267676 0.0395623 0.0012846
0 0.348816 0.611111 0.204661 0.326599 0.00127411
4 0.775705 0.401094 0.0579967 0.0395623 0.0012598
7 0.824221 0.414562 0.0446128 0.0218855 0.00124931
0 0.439157 0.306818 0.0206334 0.0425084 0.00122547
2 0.0467737 0.50968 0.0935475 0.0328283 0.00121593
7 0.813068 0.457071 0.0178452 0.0227273 0.00121117
4 0.759533 0.394781 0.0680345 0.0454546 0.0012064
2 0.010735 0.497475 0.0214699 0.013468 0.00120163
13 0.882218 0.45202 0.0289983 0.0218855 0.00119686
2 0.597811 0.359428 0.0111532 0.0193602 0.00118828
2 0.209122 0.465909 0.0256523 0.0260943 0.00118828
7 0.853777 0.393834 0.0791877 0.0439815 0.00118351
0 0.779051 0.418771 0.0211911 0.0218855 0.00118351
4 0.755211 0.743266 0.486001 0.429293 0.00117397
3 0.403188 0.680135 0.804146 0.594276 0.00116539
7 0.700421 0.407407 0.024537 0.020202 0.00115585
2 0.209122 0.457492 0.027883 0.0244108 0.00115108
0 0.865488 0.357534 0.0111532 0.0239899 0.00114727
7 0.746149 0.401515 0.0401515 0.026936 0.0011425
4 0.839278 0.409933 0.0568813 0.026936 0.0011425
2 0.777378 0.405303 0.0602273 0.0395623 0.00113392
7 0.93408 0.403199 0.0133839 0.0109427 0.00113392
5 0.754514 0.398148 0.0501894 0.0319865 0.00112438
2 0.709901 0.417508 0.0959175 0.0218855 0.00112057
7 0.821991 0.411616 0.0691498 0.0319865 0.00112057
4 0.736308 0.347643 0.527383 0.271044 0.0011158
40 0.346028 0.513047 0.650789 0.896465 0.0011158
7 0.160327 0.44234 0.0423821 0.0345118 0.00111198
0 0.124916 0.673401 0.013105 0.0260943 0.00109863
7 0.717151 0.409512 0.0423821 0.0193603 0.00109863
2 0.767898 0.422138 0.024537 0.0286196 0.00109005
14 0.973674 0.403199 0.00892248 0.013468 0.00109005
2 0.700421 0.407407 0.024537 0.020202 0.00108147
0 0.684249 0.40867 0.0133838 0.0176768 0.00107765
0 0.687037 0.658249 0.0178451 0.0454546 0.00107765
2 0.209959 0.421296 0.00724957 0.0143098 0.00107288
5 0.829798 0.445286 0.0535354 0.0437711 0.00106907
2 0.196854 0.449495 0.138857 0.0883839 0.00106525
4 0.612868 0.758418 0.766225 0.452862 0.00106525
13 0.829798 0.451178 0.0490741 0.0319865 0.00104809
7 0.346028 0.513047 0.650789 0.896465 0.00103664
0 0.590004 0.36069 0.0200758 0.020202 0.00103188
7 0.722727 0.417508 0.0769571 0.023569 0.00101662
0 0.160885 0.448232 0.0306713 0.0462963 0.00100803
2 0.153356 0.481482 0.126589 0.0841751 0.791992
4 0.830913 0.25947 0.336827 0.148569 0.642578
4 0.351326 0.505051 0.658039 0.919192 0.388672
3 0.343519 0.50968 0.660269 0.940236 0.226807
2 0.16451 0.434343 0.0384785 0.023569 0.218628
4 0.527325 0.59354 0.945349 0.80282 0.196777
2 0.856008 0.4133 0.0167298 0.0168351 0.182373
4 0.42884 0.520202 0.857681 0.895623 0.182373
7 0.830356 0.446549 0.0513047 0.0420876 0.157104
2 0.770686 0.455387 0.0446128 0.020202 0.151001
2 0.830913 0.445286 0.0513047 0.0437711 0.0963745
11 0.309501 0.058186 0.0490741 0.113215 0.092041
2 0.672538 0.406145 0.031229 0.0193603 0.0856934
13 0.88166 0.448232 0.0256523 0.0143098 0.0827026
4 0.757302 0.435185 0.200758 0.0631313 0.0812378
0 0.0719381 0.460438 0.0117109 0.0319865 0.0787964
2 0.760648 0.454545 0.0256523 0.0218855 0.0750122
2 0.709343 0.40867 0.0144992 0.0159933 0.0705566
2 0.684249 0.40867 0.0133838 0.0176768 0.0682983
2 0.728304 0.412879 0.0156145 0.013468 0.0670776
2 0.682576 0.406145 0.0223064 0.0193603 0.0614319
2 0.666404 0.410774 0.0211911 0.0151515 0.0589905
7 0.685364 0.406566 0.0211911 0.020202 0.0463867
4 0.758418 0.451178 0.205219 0.0942761 0.0456848
2 0.668634 0.409091 0.0223064 0.016835 0.0372009
0 0.170644 0.462963 0.0139415 0.0218855 0.0306244
2 0.689268 0.407828 0.0122685 0.0193603 0.0302124
2 0.717708 0.409091 0.0122685 0.016835 0.0302124
7 0.856008 0.4133 0.0167298 0.0168351 0.0299835
2 0.829798 0.451178 0.0490741 0.0319865 0.0289764
7 0.770686 0.455387 0.0446128 0.020202 0.0275879
7 0.796338 0.44697 0.113763 0.0454546 0.0275879
0 0.13105 0.463384 0.0117109 0.013468 0.0263062
61 0.343519 0.482744 0.660269 0.94697 0.025177
2 0.797454 0.408249 0.0200758 0.020202 0.0249939
3 0.42884 0.520202 0.857681 0.895623 0.0228882
7 0.684249 0.40867 0.0133838 0.0176768 0.0224609
7 0.689268 0.407828 0.0122685 0.0193603 0.0216217
2 0.67923 0.406145 0.031229 0.0185185 0.0205688
5 0.685364 0.406566 0.0211911 0.020202 0.0201721
2 0.666404 0.40404 0.0178452 0.0143098 0.0200195
7 0.153635 0.481482 0.128819 0.0875421 0.0197144
11 0.314799 0.298401 0.0619003 0.193603 0.0193481
11 0.31229 0.13205 0.0568813 0.264099 0.0191956
3 0.326789 0.690657 0.584428 0.5867 0.0187683
2 0.146525 0.436027 0.0744476 0.0286195 0.0179138
6 0.351326 0.505051 0.658039 0.919192 0.0173035
7 0.709343 0.40867 0.0144992 0.0159933 0.0165863
0 0.1383 0.462121 0.0122685 0.0185185 0.0165253
4 0.781839 0.407828 0.0535354 0.0319865 0.0165253
2 0.737226 0.412458 0.0312289 0.013468 0.0155411
7 0.760648 0.454545 0.0256523 0.0218855 0.0152512
2 0.743361 0.411616 0.0223064 0.0126263 0.0134277
4 0.326789 0.690657 0.584428 0.5867 0.0132751
0 0.771801 0.417088 0.0133838 0.0210438 0.0132217
7 0.668634 0.409091 0.0223064 0.016835 0.0124283
6 0.42884 0.520202 0.857681 0.895623 0.0123367
4 0.772917 0.409512 0.0468435 0.0294613 0.0114212
2 0.709343 0.408249 0.024537 0.0185185 0.0111618
2 0.792992 0.410354 0.0289983 0.0252525 0.0104523
4 0.766782 0.404461 0.0423821 0.0328283 0.01017
4 0.797454 0.444444 0.118224 0.0454545 0.00985718
0 0.167298 0.461279 0.0144992 0.0260943 0.00978088
0 0.0677557 0.470539 0.0177057 0.0555556 0.00926971
2 0.163116 0.428451 0.0379209 0.0151515 0.00878143
61 0.42884 0.520202 0.857681 0.895623 0.00857544
7 0.728304 0.412879 0.0156145 0.013468 0.00854492
7 0.763994 0.397727 0.0312289 0.0286195 0.00818634
11 0.31452 0.208123 0.0624579 0.404461 0.00809479
7 0.666404 0.410774 0.0211911 0.0151515 0.00757599
11 0.310338 0.082702 0.0451705 0.0643939 0.00748825
0 0.594465 0.360269 0.0111532 0.0193603 0.00746155
7 0.16451 0.433502 0.0373632 0.0218855 0.00728989
7 0.67923 0.406145 0.031229 0.0185185 0.00725937
7 0.710459 0.407828 0.024537 0.0193603 0.00723267
7 0.717708 0.409091 0.0122685 0.016835 0.0068512
2 0.764552 0.4133 0.0223064 0.020202 0.0064621
5 0.689268 0.407828 0.0122685 0.0193603 0.00638962
5 0.710459 0.407828 0.024537 0.0193603 0.00636292
7 0.797454 0.408249 0.0200758 0.020202 0.00631332
4 0.828183 0.34133 0.343634 0.298822 0.00624084
7 0.825337 0.453283 0.0423821 0.0286195 0.00609589
7 0.672538 0.406145 0.031229 0.0193603 0.00598145
2 0.704882 0.408249 0.0200758 0.0185185 0.00595856
0 0.0595476 0.460438 0.013349 0.0311448 0.00582123
7 0.795223 0.408249 0.0289983 0.0218855 0.00553513
2 0.594465 0.360269 0.0111532 0.0193603 0.00542831
0 0.0750053 0.459596 0.0133838 0.03367 0.00536346
2 0.849316 0.4133 0.0312289 0.020202 0.00508118
2 0.136871 0.456229 0.0363176 0.0286196 0.00508118
2 0.753956 0.410774 0.0100379 0.0151515 0.0050621
7 0.737226 0.412458 0.0312289 0.013468 0.00482941
7 0.743361 0.411616 0.0223064 0.0126263 0.00481033
2 0.072217 0.460438 0.0119897 0.0319865 0.00453949
0 0.18584 0.4617 0.0203546 0.0260943 0.00452042
4 0.802473 0.413721 0.103725 0.0412458 0.00452042
4 0.777378 0.405303 0.0602273 0.040404 0.00443268
2 0.139136 0.457071 0.0644097 0.0319866 0.00432968
7 0.666404 0.40404 0.0178452 0.0143098 0.00426483
0 0.168553 0.450337 0.0303925 0.0454546 0.00419998
4 0.829798 0.445707 0.0535354 0.0437711 0.00408554
0 0.0653682 0.459596 0.0248507 0.0319866 0.00400543
5 0.67923 0.406145 0.031229 0.0185185 0.00397491
2 0.660269 0.4133 0.0133838 0.0185185 0.00390053
7 0.771801 0.435185 0.0490741 0.0622895 0.00382423
7 0.0915259 0.405829 0.183052 0.0873317 0.00382423
2 0.159212 0.442761 0.0451705 0.0353535 0.00379562
2 0.779051 0.419192 0.0211911 0.023569 0.00376511
11 0.0595476 0.460438 0.013349 0.0311448 0.00376511
2 0.245928 0.422559 0.0150568 0.0151515 0.0037365
0 0.157121 0.463805 0.0156145 0.0260943 0.00370789
2 0.844297 0.445286 0.0267676 0.0395623 0.00369263
2 0.797454 0.408249 0.027883 0.0252525 0.00365067
2 0.238121 0.421717 0.00724959 0.0151515 0.00365067
2 0.938542 0.403199 0.0167298 0.0109427 0.00363541
7 0.764552 0.4133 0.0223064 0.020202 0.00359344
0 0.830913 0.444444 0.0513047 0.0446128 0.00355148
13 0.830913 0.445286 0.0513047 0.0437711 0.00353813
7 0.777378 0.405303 0.0602273 0.040404 0.00348282
7 0.849316 0.4133 0.0312289 0.020202 0.00346947
5 0.684249 0.40867 0.0133838 0.0176768 0.00340271
5 0.666404 0.410774 0.0211911 0.0151515 0.00338936
7 0.839836 0.409933 0.0579967 0.026936 0.00338936
7 0.704882 0.408249 0.0200758 0.0185185 0.00329781
2 0.933523 0.403199 0.0133838 0.0109427 0.00328636
5 0.709343 0.40867 0.0144992 0.0159933 0.00325966
2 0.130074 0.457492 0.0395939 0.0244108 0.00325966
2 0.196575 0.462542 0.0462858 0.0328283 0.00324821
2 0.935753 0.40362 0.0156145 0.0126263 0.00317192
4 0.753399 0.433502 0.200758 0.0454546 0.00300407
4 0.756187 0.395728 0.0513047 0.0300926 0.00299263
10 0.0653682 0.459596 0.0248507 0.0319866 0.00298119
5 0.763994 0.397727 0.0312289 0.0286195 0.0029583
4 0.763994 0.396359 0.0312289 0.02883 0.00293541
5 0.668634 0.409091 0.0223064 0.016835 0.00283432
2 0.770686 0.435606 0.0457281 0.0597643 0.00282288
5 0.666404 0.40404 0.0178452 0.0143098 0.00279999
24 0.072217 0.460438 0.0119897 0.0319865 0.00265312
2 0.797454 0.444444 0.118224 0.0454545 0.00265312
7 0.753956 0.410774 0.0100379 0.0151515 0.00257111
4 0.202849 0.637626 0.400679 0.529461 0.00257111
2 0.141506 0.449495 0.0772359 0.037037 0.0024929
0 0.148477 0.464646 0.0150568 0.0218855 0.00244331
2 0.717151 0.409091 0.0446128 0.0193603 0.00243378
2 0.227107 0.421296 0.0064131 0.0151515 0.002388
2 0.279945 0.409933 0.0234217 0.0218855 0.00237846
13 0.881103 0.446128 0.0289983 0.0210438 0.00235939
26 0.072217 0.460438 0.0119897 0.0319865 0.00234222
4 0.120455 0.664983 0.239794 0.412458 0.00230598
7 0.904524 0.403199 0.0178452 0.0143098 0.00226974
0 0.597811 0.359428 0.0111532 0.0193602 0.00224304
7 0.754514 0.398148 0.0501894 0.0319865 0.00223351
7 0.825337 0.440236 0.0602273 0.0555556 0.00221634
4 0.76734 0.393203 0.0691498 0.0570286 0.00219917
2 0.813068 0.457071 0.0178452 0.0218855 0.00219154
2 0.721612 0.417508 0.0803031 0.023569 0.00211525
7 0.779051 0.419192 0.0211911 0.023569 0.00211525
2 0.777378 0.416667 0.0200758 0.0218855 0.00205803
0 0.973674 0.403199 0.00892248 0.013468 0.00205803
2 0.787974 0.454966 0.0111532 0.020202 0.0020504
7 0.0777936 0.399832 0.150568 0.0765993 0.0020504
0 0.238121 0.421717 0.00724959 0.0151515 0.00204277
2 0.186537 0.461279 0.0273253 0.0277778 0.00201988
2 0.166461 0.459596 0.0167298 0.0252525 0.0019722
4 0.236448 0.33165 0.424379 0.604377 0.0019722
7 0.832586 0.414983 0.0568813 0.0218855 0.00194931
4 0.35746 0.347222 0.600042 0.537879 0.00193405
2 0.168553 0.450337 0.0303925 0.0454546 0.00192642
4 0.826452 0.380261 0.345749 0.167088 0.00188923
8 0.359969 0.475589 0.703209 0.951178 0.00188255
2 0.220555 0.421717 0.0117109 0.0151515 0.00187492
2 0.771801 0.417929 0.0156145 0.023569 0.00181007
2 0.904524 0.403199 0.0178452 0.0143098 0.00177479
5 0.704882 0.408249 0.0200758 0.0185185 0.00177479
4 0.99375 0.286406 0.0111532 0.094697 0.00176811
4 0.492414 0.409933 0.343519 0.409091 0.00176811
14 0.861585 0.29335 0.00892258 0.0113636 0.00171375
4 0.795223 0.408249 0.0289983 0.0218855 0.0017004
13 0.882218 0.45202 0.0289983 0.0218855 0.0017004
7 0.164231 0.418771 0.0446128 0.0488215 0.0016613
5 0.717708 0.409091 0.0122685 0.016835 0.00165462
13 0.85545 0.412458 0.0167297 0.0185185 0.00161648
2 0.160606 0.448653 0.0306713 0.0454546 0.0015974
0 0.0715199 0.471381 0.0144992 0.0555556 0.0015974
2 0.252899 0.421717 0.0122685 0.0151515 0.00158501
0 0.209959 0.421717 0.00724957 0.0151515 0.00157356
5 0.700421 0.407407 0.0223064 0.020202 0.00156689
13 0.16451 0.433502 0.0384785 0.0218855 0.00156689
3 0.072217 0.460438 0.0119897 0.0319865 0.00156689
74 0.310617 0.0823864 0.0429398 0.0648148 0.00155449
7 0.791877 0.400673 0.031229 0.0429293 0.00152493
7 0.771801 0.417929 0.0156145 0.023569 0.00152493
12 0.0719381 0.460438 0.0117109 0.0319865 0.0015192
7 0.805261 0.446128 0.0780724 0.0387205 0.0015192
0 0.767898 0.423401 0.024537 0.0319866 0.00150108
2 0.597811 0.359428 0.0111532 0.0193602 0.00145531
3 0.398448 0.728956 0.775705 0.518519 0.00145531
0 0.358018 0.504209 0.707113 0.947811 0.00143814
9 0.865488 0.357323 0.0111532 0.0244108 0.0014267
7 0.146525 0.436027 0.0744476 0.0286195 0.00141621
5 0.16451 0.433502 0.0373632 0.0218855 0.00141048
5 0.795223 0.408249 0.0289983 0.0218855 0.00138283
0 0.844297 0.445286 0.0267676 0.0395623 0.00137234
2 0.777378 0.405303 0.0602273 0.040404 0.00136662
13 0.829798 0.451178 0.0490741 0.0319865 0.00134563
0 0.0648454 0.465488 0.0253387 0.0420876 0.00134087
7 0.938542 0.403199 0.0167298 0.0109427 0.00130463
4 0.759533 0.394781 0.0691498 0.0454546 0.00129986
4 0.822549 0.411616 0.0669192 0.030303 0.00129986
14 0.530335 0.209175 0.0133838 0.016835 0.00129414
7 0.746149 0.40162 0.0401515 0.0267256 0.00127888
0 0.348537 0.612374 0.205219 0.329125 0.00127888
4 0.410438 0.674242 0.820875 0.607744 0.00127411
7 0.85322 0.393939 0.080303 0.0446128 0.00124931
4 0.816972 0.5 0.326789 0.169192 0.00122547
5 0.754514 0.398148 0.0501894 0.0319865 0.00121593
7 0.822549 0.411616 0.0669192 0.030303 0.00121117
0 0.787974 0.454966 0.0111532 0.020202 0.00118828
2 0.197272 0.450337 0.141367 0.0909091 0.00118828
0 0.438878 0.306818 0.0200758 0.0420876 0.00118351
2 0.209122 0.465909 0.0256523 0.0260943 0.00118351
7 0.849874 0.411616 0.0579967 0.020202 0.00118351
0 0.777378 0.416667 0.0200758 0.0218855 0.00117874
2 0.209122 0.457492 0.027883 0.0244108 0.00117874
40 0.351326 0.505051 0.658039 0.919192 0.00117397
2 0.766782 0.404461 0.0423821 0.0328283 0.0011692
7 0.824779 0.414141 0.0434975 0.0218855 0.00115585
2 0.0469829 0.50968 0.0939657 0.03367 0.00115108
0 0.865488 0.357323 0.0111532 0.0244108 0.00115108
7 0.700421 0.407407 0.0223064 0.020202 0.00113773
7 0.717151 0.409091 0.0446128 0.0193603 0.00113392
2 0.700421 0.407407 0.0223064 0.020202 0.00112438
7 0.813068 0.457071 0.0178452 0.0218855 0.00112057
2 0.209959 0.421717 0.00724957 0.0151515 0.00110722
7 0.159212 0.442761 0.0451705 0.0353535 0.00110722
0 0.779051 0.419192 0.0211911 0.023569 0.00109863
7 0.0618305 0.406145 0.122546 0.0858586 0.00109863
4 0.747264 0.74495 0.501894 0.429293 0.00109863
2 0.767898 0.423401 0.024537 0.0319866 0.00108147
5 0.796338 0.44697 0.113763 0.0454546 0.00106907
7 0.721612 0.417508 0.0803031 0.023569 0.00106525
14 0.973674 0.403199 0.00892248 0.013468 0.00104809
7 0.777378 0.416667 0.0200758 0.0218855 0.00104046
7 0.802473 0.413721 0.103725 0.0412458 0.00103188
2 0.0111706 0.497475 0.0223413 0.013468 0.00102425
2 0.197551 0.451599 0.0585543 0.0404041 0.00102043
13 0.796338 0.44697 0.113763 0.0454546 0.00102043
6 0.326789 0.690657 0.584428 0.5867 0.00102043
5 0.351326 0.505051 0.658039 0.919192 0.00101662
7 0.85545 0.401936 0.0791878 0.0395623 0.00100422
2 0.153356 0.481482 0.126589 0.0841751 0.800781
4 0.830913 0.259049 0.337942 0.149411 0.644043
4 0.351326 0.493687 0.658039 0.943603 0.357666
4 0.50725 0.57923 0.985501 0.831439 0.259766
2 0.16451 0.434343 0.0384785 0.023569 0.212036
3 0.34324 0.502525 0.660827 0.962963 0.200562
2 0.856566 0.4133 0.0178452 0.0168351 0.190674
7 0.830913 0.446549 0.0513047 0.0420876 0.165649
4 0.431629 0.507997 0.863258 0.920034 0.165039
2 0.770686 0.455387 0.0446128 0.020202 0.147583
2 0.830913 0.445286 0.0513047 0.0437711 0.106689
11 0.309501 0.0581334 0.0490741 0.113321 0.0987549
2 0.672538 0.405724 0.0301137 0.0185185 0.0960083
13 0.88166 0.448232 0.0256523 0.0143098 0.0939941
2 0.709343 0.408249 0.0144992 0.016835 0.0823975
2 0.728304 0.412879 0.0156145 0.013468 0.0812378
2 0.759533 0.454545 0.0234217 0.0218855 0.0742188
2 0.684249 0.40867 0.0133838 0.0176768 0.0715942
2 0.683133 0.406145 0.0223064 0.0193603 0.0715942
0 0.0719381 0.460438 0.0117109 0.0319865 0.0709229
4 0.757302 0.434764 0.200758 0.0631313 0.0698242
2 0.666404 0.410774 0.0211911 0.0151515 0.0687866
7 0.685364 0.406566 0.0211911 0.020202 0.0488586
2 0.717708 0.409091 0.0122685 0.016835 0.0351562
0 0.170505 0.462963 0.0136627 0.0218855 0.0346069
4 0.758975 0.451178 0.206334 0.0976431 0.0333252
2 0.689268 0.407828 0.0111532 0.0193603 0.0309143
2 0.797454 0.408249 0.0211911 0.020202 0.0309143
2 0.829798 0.451178 0.0490741 0.0319865 0.0306702
0 0.13105 0.463805 0.0117109 0.013468 0.0303802
7 0.856566 0.4133 0.0178452 0.0168351 0.028656
7 0.796338 0.446128 0.113763 0.0454546 0.0250854
4 0.786301 0.407828 0.0423821 0.0319865 0.0249939
7 0.684249 0.40867 0.0133838 0.0176768 0.0245209
61 0.344076 0.478535 0.661385 0.957071 0.024231
7 0.769013 0.455387 0.0423821 0.0218855 0.0237732
2 0.666404 0.40404 0.0178452 0.0143098 0.0236053
7 0.689268 0.407828 0.0111532 0.0193603 0.0227203
2 0.678672 0.406145 0.031229 0.0185185 0.0223694
7 0.153635 0.481902 0.128819 0.0867003 0.0205688
5 0.685364 0.406566 0.0211911 0.020202 0.02034
2 0.737226 0.412458 0.0312289 0.013468 0.0191193
7 0.709343 0.408249 0.0144992 0.016835 0.0190582
0 0.13816 0.462121 0.0119897 0.0185185 0.0190125
6 0.351326 0.493687 0.658039 0.943603 0.018692
2 0.146246 0.436027 0.0750053 0.0286195 0.0176392
0 0.771801 0.417088 0.0133838 0.0210438 0.0170441
3 0.431629 0.507997 0.863258 0.920034 0.0170441
3 0.332087 0.689394 0.591677 0.590909 0.0164032
2 0.743361 0.411616 0.0223064 0.0126263 0.016098
11 0.31229 0.131944 0.0568813 0.263889 0.0159607
2 0.709343 0.408249 0.024537 0.0193603 0.0146179
4 0.772917 0.409091 0.0446128 0.0286195 0.0146179
7 0.668077 0.409091 0.0223064 0.016835 0.0144501
2 0.79355 0.410354 0.0301137 0.0252525 0.0135345
6 0.431629 0.507997 0.863258 0.920034 0.0134277
7 0.759533 0.454545 0.0234217 0.0218855 0.0130234
4 0.766782 0.40404 0.0412668 0.0328283 0.0124817
11 0.315078 0.308081 0.0613426 0.206229 0.0121002
7 0.763994 0.397727 0.0312289 0.0286195 0.011467
0 0.167298 0.461279 0.0144992 0.026936 0.0109863
11 0.31452 0.220539 0.0613426 0.440236 0.0109024
4 0.332087 0.689394 0.591677 0.590909 0.0109024
2 0.593908 0.360269 0.0111532 0.0193603 0.0103683
7 0.728304 0.412879 0.0156145 0.013468 0.00971222
7 0.710459 0.407828 0.024537 0.0193603 0.00941467
4 0.795781 0.443603 0.120455 0.047138 0.00926971
0 0.593908 0.360269 0.0111532 0.0193603 0.00831604
7 0.678672 0.406145 0.031229 0.0185185 0.00821686
2 0.163394 0.428451 0.0379209 0.0151515 0.00803375
5 0.710459 0.407828 0.024537 0.0193603 0.00800323
0 0.0677557 0.47096 0.0172875 0.0555556 0.00793457
7 0.717708 0.409091 0.0122685 0.016835 0.00775528
61 0.431629 0.507997 0.863258 0.920034 0.00769424
7 0.797454 0.408249 0.0211911 0.020202 0.00760651
7 0.16451 0.433502 0.0373632 0.0218855 0.00754929
4 0.796896 0.447391 0.0981482 0.0387205 0.00703812
7 0.795223 0.408249 0.0289983 0.0227273 0.0069313
11 0.310338 0.0826757 0.0451705 0.0640257 0.00679779
2 0.764552 0.412879 0.0223064 0.020202 0.00671768
2 0.704882 0.408249 0.0200758 0.0185185 0.00666809
7 0.829798 0.452441 0.0513047 0.0319865 0.00653839
4 0.827904 0.340067 0.344192 0.29798 0.00634003
5 0.689268 0.407828 0.0111532 0.0193603 0.00631332
7 0.672538 0.405724 0.0301137 0.0185185 0.00629044
0 0.0595999 0.460438 0.0133838 0.0311448 0.00595856
2 0.137184 0.456229 0.0362479 0.0286196 0.00582123
7 0.737226 0.412458 0.0312289 0.013468 0.00575256
2 0.753956 0.410774 0.0111532 0.0151515 0.00557709
0 0.0751447 0.459596 0.0133838 0.03367 0.00553513
7 0.743361 0.411616 0.0223064 0.0126263 0.00542831
7 0.0915259 0.405303 0.183052 0.0867003 0.00519943
7 0.666404 0.40404 0.0178452 0.0143098 0.00518036
2 0.849316 0.4133 0.0312289 0.020202 0.00508118
4 0.777378 0.404882 0.0602273 0.040404 0.00492477
0 0.185561 0.461279 0.0200758 0.0252525 0.00484848
2 0.797454 0.408249 0.0289983 0.0252525 0.00481033
0 0.16925 0.451178 0.0289983 0.0437711 0.00479126
4 0.80303 0.410774 0.0981482 0.0353535 0.00479126
2 0.660269 0.4133 0.0133838 0.0185185 0.00469971
2 0.139136 0.457071 0.0644097 0.0319866 0.00468063
4 0.829798 0.445707 0.0535354 0.0437711 0.00460815
0 0.830913 0.444444 0.0513047 0.0446128 0.00455475
7 0.777378 0.404882 0.0602273 0.040404 0.00439835
2 0.072217 0.460438 0.0121291 0.0319865 0.00439835
0 0.0655425 0.459596 0.0250598 0.0319866 0.00429916
11 0.0595999 0.460438 0.0133838 0.0311448 0.00428009
5 0.678672 0.406145 0.031229 0.0185185 0.00426483
13 0.830913 0.445286 0.0513047 0.0437711 0.00411606
0 0.15726 0.463805 0.0150568 0.0252525 0.00408554
2 0.245928 0.422138 0.0150568 0.0151515 0.00402451
2 0.23826 0.421717 0.00752842 0.0151515 0.0039444
5 0.666404 0.410774 0.0211911 0.0151515 0.00392914
5 0.763994 0.397727 0.0312289 0.0286195 0.00387001
7 0.770686 0.434764 0.0446128 0.0614478 0.00379562
7 0.704882 0.408249 0.0200758 0.0185185 0.00376511
2 0.938542 0.403199 0.0167298 0.0117845 0.00372124
7 0.764552 0.412879 0.0223064 0.020202 0.00370789
4 0.756187 0.395728 0.0513047 0.0300926 0.00367928
7 0.842067 0.409933 0.0624579 0.0286195 0.00365067
2 0.130353 0.457912 0.0395939 0.023569 0.00359344
5 0.684249 0.40867 0.0133838 0.0176768 0.00355148
4 0.763994 0.396359 0.0312289 0.02883 0.00349617
5 0.709343 0.408249 0.0144992 0.016835 0.00349617
2 0.843182 0.445286 0.0289983 0.0404041 0.00345612
5 0.666404 0.40404 0.0178452 0.0143098 0.00328636
7 0.849316 0.4133 0.0312289 0.020202 0.00327301
2 0.196296 0.462542 0.0465646 0.0328283 0.00327301
2 0.716035 0.409091 0.0401515 0.0193603 0.00319672
13 0.881103 0.446128 0.0289983 0.0210438 0.00318527
2 0.128541 0.456229 0.0515835 0.026936 0.00318527
2 0.933523 0.403199 0.0133838 0.0117845 0.00314713
2 0.770686 0.435606 0.0457281 0.0597643 0.00312424
2 0.935753 0.40362 0.0156145 0.0126263 0.00311089
2 0.15963 0.443603 0.0446128 0.037037 0.00309944
10 0.0655425 0.459596 0.0250598 0.0319866 0.00300407
2 0.795781 0.443603 0.120455 0.047138 0.00292397
7 0.753956 0.410774 0.0111532 0.0151515 0.00279999
7 0.754514 0.398148 0.0501894 0.0311448 0.00274658
0 0.148477 0.464646 0.0153357 0.0218855 0.00269318
4 0.771244 0.395202 0.0736112 0.0563973 0.00266266
2 0.72217 0.417508 0.0791877 0.023569 0.00265312
2 0.779609 0.424242 0.0211911 0.0353535 0.00265312
4 0.752841 0.433502 0.200758 0.0454546 0.0026207
2 0.141332 0.449495 0.0770268 0.037037 0.00261116
2 0.597811 0.359428 0.0111532 0.0193602 0.00257111
2 0.226968 0.420875 0.00641308 0.0151515 0.00251198
4 0.200897 0.635101 0.396775 0.531145 0.00245285
24 0.072217 0.460438 0.0121291 0.0319865 0.00244331
13 0.882218 0.451599 0.0289983 0.0218855 0.00239754
2 0.279945 0.409933 0.0234217 0.0218855 0.002388
0 0.973674 0.403199 0.00892248 0.013468 0.00236893
0 0.597811 0.359428 0.0111532 0.0193602 0.00235939
0 0.23826 0.421717 0.00752842 0.0151515 0.00234222
2 0.813626 0.457071 0.0189605 0.0218855 0.00232315
7 0.791877 0.400673 0.0334596 0.0429293 0.00226021
26 0.072217 0.460438 0.0121291 0.0319865 0.00219917
7 0.164231 0.418771 0.0446128 0.0488215 0.00219917
2 0.786301 0.407828 0.0423821 0.0319865 0.00219917
2 0.166461 0.459596 0.0161721 0.0252525 0.00218201
7 0.904524 0.403199 0.0178452 0.0151515 0.00217438
2 0.186398 0.461279 0.027883 0.0277778 0.00216484
4 0.120942 0.664983 0.24077 0.410774 0.00214005
7 0.832586 0.414983 0.0557659 0.0218855 0.00208282
2 0.16925 0.451178 0.0289983 0.0437711 0.00201988
2 0.766782 0.40404 0.0412668 0.0328283 0.00201988
2 0.788531 0.454966 0.0111532 0.020202 0.00200272
4 0.354672 0.340488 0.601157 0.549663 0.00200272
9 0.865488 0.357323 0.0111532 0.0244108 0.00199509
2 0.220415 0.421717 0.011432 0.0151515 0.00197983
5 0.704882 0.408249 0.0200758 0.0185185 0.00194931
0 0.76734 0.429293 0.024537 0.0437711 0.00193405
2 0.777378 0.416246 0.0200758 0.0218855 0.00192642
14 0.861585 0.29335 0.00892258 0.0113636 0.00191212
5 0.699306 0.407407 0.0223064 0.020202 0.00191212
2 0.777378 0.404882 0.0602273 0.040404 0.00188255
7 0.825337 0.440236 0.0602273 0.0555556 0.00188255
8 0.361364 0.47601 0.709343 0.95202 0.00182438
0 0.209959 0.421717 0.00724957 0.0151515 0.0018034
74 0.310617 0.0825179 0.0423821 0.0647622 0.00178242
2 0.253178 0.421717 0.0117109 0.0151515 0.00178242
0 0.865488 0.357323 0.0111532 0.0244108 0.00178242
4 0.795223 0.408249 0.0289983 0.0227273 0.00177479
2 0.904524 0.403199 0.0178452 0.0151515 0.00177479
5 0.717708 0.409091 0.0122685 0.016835 0.00171375
2 0.160467 0.450337 0.0301136 0.0454546 0.00171375
13 0.85545 0.412879 0.0167297 0.0176768 0.00169373
2 0.796896 0.447391 0.0981482 0.0387205 0.0016613
4 0.826452 0.380471 0.345749 0.16835 0.0016489
7 0.779609 0.424242 0.0211911 0.0353535 0.00164223
5 0.795223 0.408249 0.0289983 0.0227273 0.00162888
7 0.746149 0.401936 0.0390362 0.0252525 0.00162315
7 0.716035 0.409091 0.0401515 0.0193603 0.00161076
13 0.16451 0.433923 0.0384785 0.0227273 0.00160408
4 0.99375 0.286616 0.0111532 0.094697 0.00160408
2 0.192114 0.462963 0.0334596 0.030303 0.00156689
7 0.806934 0.446128 0.0724958 0.0387205 0.00155449
7 0.852662 0.393519 0.0825337 0.0446128 0.00154305
7 0.850989 0.411616 0.0579967 0.020202 0.00152493
0 0.843182 0.445286 0.0289983 0.0404041 0.00151253
7 0.0653159 0.399411 0.130632 0.0732323 0.00151253
0 0.777378 0.416246 0.0200758 0.0218855 0.00150681
4 0.760648 0.394781 0.0680346 0.0454546 0.00148392
7 0.146246 0.436027 0.0750053 0.0286195 0.00147247
0 0.788531 0.454966 0.0111532 0.020202 0.00147247
5 0.754514 0.398148 0.0501894 0.0311448 0.00146103
14 0.530613 0.209175 0.0139415 0.016835 0.00145531
12 0.0719381 0.460438 0.0117109 0.0319865 0.00145531
4 0.491856 0.411616 0.345749 0.415825 0.00144386
7 0.699306 0.407407 0.0223064 0.020202 0.00143242
5 0.16451 0.433502 0.0373632 0.0218855 0.00142097
0 0.439157 0.306608 0.0200758 0.0420875 0.00139427
2 0.771801 0.41835 0.0156145 0.0252525 0.00138855
2 0.699306 0.407407 0.0223064 0.020202 0.00136662
13 0.825337 0.452862 0.0423821 0.0286195 0.00135136
3 0.072217 0.460438 0.0121291 0.0319865 0.00134087
7 0.771801 0.41835 0.0156145 0.0252525 0.00132465
4 0.824221 0.411616 0.0624579 0.030303 0.00132465
7 0.824779 0.414141 0.0423821 0.0218855 0.00131512
0 0.0715896 0.471381 0.0144992 0.0555556 0.00131512
0 0.0650371 0.465488 0.0255129 0.0420876 0.00130939
7 0.824221 0.411616 0.0624579 0.030303 0.00130939
31 0.31452 0.220539 0.0613426 0.440236 0.00130463
3 0.399285 0.729798 0.794108 0.518519 0.00129414
2 0.0478193 0.50968 0.0956387 0.0345118 0.00128937
7 0.938542 0.403199 0.0167298 0.0117845 0.00127888
7 0.766782 0.40404 0.0412668 0.0328283 0.00127888
0 0.779609 0.424242 0.0211911 0.0353535 0.00126457
0 0.635732 0.435185 0.0156145 0.0252525 0.00125504
2 0.195599 0.450337 0.146386 0.0942761 0.00125504
7 0.85545 0.401936 0.080303 0.040404 0.00124454
2 0.765109 0.397727 0.0334596 0.026936 0.00123978
5 0.229756 0.409512 0.0501894 0.0437711 0.00123501
4 0.818645 0.499158 0.327904 0.170034 0.00123501
7 0.724958 0.406566 0.0223064 0.0218855 0.00122547
7 0.72217 0.417508 0.0791877 0.023569 0.00122547
7 0.813626 0.457071 0.0189605 0.0218855 0.00122547
2 0.658039 0.402778 0.00892253 0.0227273 0.00121593
2 0.209541 0.457071 0.0270465 0.0244108 0.00121117
13 0.879987 0.42298 0.0334596 0.0260943 0.0012064
7 0.751726 0.393519 0.0479588 0.0311448 0.00117397
0 0.772917 0.433923 0.0334596 0.0614478 0.0011692
4 0.811395 0.446549 0.0892256 0.0446128 0.00116539
0 0.634059 0.433502 0.0189604 0.030303 0.00115585
7 0.786301 0.407828 0.0423821 0.0319865 0.00115585
5 0.796338 0.446128 0.113763 0.0454546 0.00115585
2 0.196157 0.451599 0.0610638 0.0404041 0.00115108
2 0.209959 0.421717 0.00724957 0.0151515 0.0011425
4 0.761206 0.747475 0.474011 0.427609 0.0011425
0 0.99375 0.287668 0.00892258 0.0871212 0.00112438
2 0.811395 0.446549 0.0892256 0.0446128 0.0011158
7 0.80303 0.410774 0.0981482 0.0353535 0.00111198
5 0.777378 0.404882 0.0602273 0.040404 0.00110722
5 0.751726 0.393519 0.0479588 0.0311448 0.00109863
14 0.973674 0.403199 0.00892248 0.013468 0.00109482
0 0.684249 0.40867 0.0133838 0.0176768 0.00109005
0 0.990962 0.339015 0.0167298 0.146044 0.00109005
0 0.124916 0.673401 0.013105 0.0260943 0.00108624
13 0.796338 0.446128 0.113763 0.0454546 0.00108147
0 0.34791 0.611111 0.200897 0.324916 0.00108147
0 0.597254 0.423822 0.0178452 0.0412458 0.00107288
0 0.160467 0.450337 0.0301136 0.0454546 0.00107288
2 0.209122 0.46633 0.0253735 0.0252525 0.00107288
7 0.15963 0.443603 0.0446128 0.037037 0.00107288
2 0.832586 0.414983 0.0557659 0.0218855 0.00105667
7 0.173432 0.420034 0.0619003 0.0631313 0.00104809
40 0.351326 0.493687 0.658039 0.943603 0.00104046
0 0.358018 0.497475 0.711574 0.968013 0.00102425
4 0.865488 0.357323 0.0111532 0.0244108 0.00100803
2 0.153496 0.481482 0.126589 0.0841751 0.816406
4 0.830913 0.258838 0.337942 0.149832 0.638672
4 0.355787 0.491162 0.664731 0.950337 0.339844
4 0.506971 0.573653 0.986059 0.84596 0.281494
2 0.16451 0.434343 0.0384785 0.023569 0.217285
2 0.856566 0.4133 0.0178452 0.0168351 0.201782
3 0.347422 0.502104 0.666961 0.968855 0.196777
7 0.830913 0.446128 0.0513047 0.0420876 0.171021
4 0.436648 0.504209 0.873295 0.927609 0.163452
2 0.770686 0.455387 0.0446128 0.020202 0.156128
11 0.309501 0.0579756 0.0490741 0.113636 0.125977
2 0.830913 0.445286 0.0513047 0.0437711 0.122925
2 0.672538 0.405724 0.0301137 0.0185185 0.0987549
13 0.88166 0.448232 0.0256523 0.0143098 0.0966797
2 0.709343 0.408249 0.0144992 0.016835 0.0913696
2 0.728304 0.412879 0.0156145 0.013468 0.0894775
2 0.684249 0.40867 0.0133838 0.0176768 0.0783691
2 0.758418 0.454966 0.0223064 0.0210438 0.078064
2 0.683133 0.406145 0.0223064 0.0193603 0.0731812
2 0.666404 0.410774 0.0211911 0.0151515 0.0723877
0 0.0719381 0.460438 0.0119897 0.0319865 0.0701904
4 0.757302 0.435185 0.200758 0.0622895 0.0616455
7 0.685364 0.406566 0.0211911 0.020202 0.0488586
2 0.717708 0.409091 0.0122685 0.016835 0.0390625
0 0.170505 0.462963 0.0136627 0.0218855 0.0381775
2 0.829798 0.451599 0.0490741 0.0311448 0.0372009
2 0.797454 0.408249 0.0211911 0.020202 0.036499
2 0.689268 0.407828 0.0111532 0.0193603 0.0337219
0 0.13105 0.463805 0.0117109 0.0126263 0.03302
4 0.759533 0.452862 0.20745 0.0976431 0.0306702
7 0.856566 0.4133 0.0178452 0.0168351 0.0288696
4 0.788531 0.408249 0.0379209 0.0319865 0.0263519
2 0.685922 0.407407 0.0200758 0.020202 0.0261536
2 0.666404 0.40404 0.0178452 0.0143098 0.0258636
2 0.678115 0.406145 0.031229 0.0185185 0.0248871
7 0.684249 0.40867 0.0133838 0.0176768 0.0243378
7 0.796338 0.446128 0.113763 0.0454546 0.0239563
7 0.1536 0.481902 0.128889 0.0867003 0.0232391
61 0.347422 0.478956 0.665846 0.957912 0.0230713
7 0.689268 0.407828 0.0111532 0.0193603 0.0224609
2 0.737226 0.412458 0.0312289 0.013468 0.0217743
7 0.769013 0.455387 0.0423821 0.0218855 0.021286
5 0.685364 0.406566 0.0211911 0.020202 0.0207977
7 0.820875 0.446549 0.0702652 0.0446128 0.0205688
0 0.138021 0.462542 0.0117109 0.0185185 0.0201721
7 0.709343 0.408249 0.0144992 0.016835 0.0193481
2 0.743361 0.411616 0.0223064 0.0126263 0.0183411
3 0.436648 0.504209 0.873295 0.927609 0.0180511
0 0.771801 0.417088 0.0133838 0.0210438 0.0179901
2 0.146142 0.436027 0.0752144 0.0286195 0.0178528
2 0.79355 0.410354 0.0301137 0.0252525 0.0167847
11 0.31229 0.131944 0.0568813 0.263889 0.0167847
6 0.355787 0.491162 0.664731 0.950337 0.0158997
3 0.3385 0.686763 0.603388 0.59617 0.0151901
2 0.709901 0.408249 0.0256524 0.0193603 0.0149002
4 0.772917 0.40867 0.0446128 0.0286195 0.0149002
7 0.668077 0.409091 0.0223064 0.016835 0.0147324
11 0.315078 0.3125 0.0613426 0.216751 0.0145569
0 0.771801 0.419613 0.0156145 0.0277778 0.0141754
7 0.763994 0.397306 0.0312289 0.0286195 0.0139008
4 0.766782 0.40362 0.0401515 0.0328283 0.0126266
2 0.593908 0.360269 0.0111532 0.0193603 0.0121918
0 0.167298 0.461279 0.0144992 0.026936 0.0120087
7 0.758418 0.454966 0.0223064 0.0210438 0.0116882
11 0.314241 0.221801 0.0613426 0.442761 0.0115509
6 0.436648 0.504209 0.873295 0.927609 0.011467
4 0.3385 0.686763 0.603388 0.59617 0.0106964
7 0.710459 0.407828 0.024537 0.0193603 0.0101318
7 0.728304 0.412879 0.0156145 0.013468 0.00967407
5 0.710459 0.407828 0.024537 0.0193603 0.00867462
7 0.678115 0.406145 0.031229 0.0185185 0.0085144
7 0.797454 0.408249 0.0211911 0.020202 0.00821686
4 0.795223 0.443603 0.122685 0.0462963 0.00803375
7 0.16451 0.433502 0.037642 0.0218855 0.00800323
11 0.310338 0.0826757 0.0451705 0.0640257 0.00787354
2 0.163394 0.428451 0.0381997 0.0151515 0.0078125
0 0.593908 0.360269 0.0111532 0.0193603 0.00763702
2 0.704325 0.408249 0.0200758 0.0185185 0.00760651
7 0.717708 0.409091 0.0122685 0.016835 0.00757599
7 0.795223 0.408249 0.0289983 0.0227273 0.00751877
61 0.436648 0.504209 0.873295 0.927609 0.00737381
2 0.764552 0.412458 0.0223064 0.020202 0.00725937
7 0.825337 0.452862 0.0423821 0.0286195 0.0069046
0 0.067686 0.471381 0.0172875 0.0555556 0.0069046
4 0.827904 0.341961 0.344192 0.301768 0.00666809
2 0.753956 0.410774 0.0111532 0.0159933 0.00638962
7 0.0915956 0.404987 0.183191 0.0873317 0.00638962
5 0.689268 0.407828 0.0111532 0.0193603 0.00636292
7 0.672538 0.405724 0.0301137 0.0185185 0.00609589
2 0.137463 0.456229 0.0359691 0.0286196 0.00602722
7 0.737226 0.412458 0.0312289 0.013468 0.00595856
0 0.0596522 0.460438 0.0134187 0.0303031 0.00572968
2 0.797454 0.408249 0.0289983 0.0252525 0.00570679
0 0.0751447 0.459596 0.0133838 0.03367 0.00559998
7 0.743361 0.411616 0.0223064 0.0126263 0.00553513
4 0.796896 0.44697 0.0981482 0.0387205 0.00551224
2 0.848758 0.4133 0.031229 0.020202 0.00542831
7 0.666404 0.40404 0.0178452 0.0143098 0.00527954
0 0.185422 0.461279 0.0197969 0.0252525 0.00521851
0 0.830913 0.444444 0.0513047 0.0454545 0.00500107
0 0.169807 0.452862 0.027883 0.0412458 0.0049057
7 0.77682 0.404882 0.0591119 0.040404 0.00486755
2 0.072217 0.460438 0.0122685 0.0319865 0.00484848
2 0.139554 0.457071 0.0649674 0.0319866 0.00482941
2 0.660269 0.4133 0.0133838 0.0185185 0.00471878
4 0.77682 0.404882 0.0591119 0.040404 0.00469971
4 0.803588 0.410354 0.0959176 0.0345118 0.00462723
5 0.763994 0.397306 0.0312289 0.0286195 0.00455475
5 0.678115 0.406145 0.031229 0.0185185 0.00450516
13 0.830913 0.445286 0.0513047 0.0437711 0.00448608
0 0.15726 0.463805 0.0144992 0.0252525 0.00434875
0 0.0655948 0.460017 0.0250947 0.0319865 0.00434875
4 0.829798 0.445707 0.0535354 0.0437711 0.00428009
2 0.245928 0.422138 0.0150568 0.0151515 0.00426483
11 0.0596522 0.460438 0.0134187 0.0303031 0.00426483
2 0.23826 0.421717 0.00752842 0.0151515 0.00418091
2 0.843182 0.444865 0.0289983 0.0404041 0.00408554
5 0.666404 0.410774 0.0211911 0.0151515 0.00400543
7 0.842067 0.409933 0.0646886 0.0286195 0.00399017
2 0.196296 0.462121 0.0468434 0.0319865 0.00390053
7 0.764552 0.412458 0.0223064 0.020202 0.00382423
7 0.704325 0.408249 0.0200758 0.0185185 0.00374985
5 0.684249 0.40867 0.0133838 0.0176768 0.00372124
4 0.757302 0.396044 0.0490741 0.0294613 0.00367928
5 0.709343 0.408249 0.0144992 0.016835 0.00366402
7 0.770686 0.434764 0.0423822 0.0614478 0.00365067
2 0.770686 0.435185 0.0457281 0.0606061 0.00362206
2 0.130771 0.457912 0.0384785 0.023569 0.0036068
4 0.763994 0.396359 0.0312289 0.02883 0.00349617
2 0.938542 0.403199 0.0167298 0.0117845 0.00345612
13 0.881103 0.446128 0.0289983 0.0210438 0.00340271
2 0.716593 0.409091 0.0401515 0.0185185 0.00337601
5 0.666404 0.40404 0.0178452 0.0143098 0.00336266
7 0.848758 0.4133 0.031229 0.020202 0.00323486
2 0.128541 0.456229 0.0515835 0.026936 0.00322342
2 0.597811 0.359428 0.0111532 0.0193602 0.00312424
2 0.795223 0.443603 0.122685 0.0462963 0.00312424
2 0.935753 0.40362 0.0144992 0.0126263 0.00309944
2 0.721612 0.417508 0.0825337 0.0244108 0.00302696
7 0.755072 0.398148 0.0490741 0.030303 0.00301552
2 0.933523 0.403199 0.0133838 0.0117845 0.0029583
7 0.753956 0.410774 0.0111532 0.0159933 0.00293541
10 0.0655948 0.460017 0.0250947 0.0319865 0.00293541
0 0.148477 0.464646 0.0153357 0.0218855 0.00290108
4 0.771244 0.395202 0.0736112 0.0563973 0.00286674
2 0.788531 0.408249 0.0379209 0.0319865 0.00277901
13 0.882776 0.451178 0.0289984 0.0218855 0.00277901
2 0.159073 0.444024 0.0457281 0.0378788 0.00276756
2 0.141646 0.449495 0.0769571 0.037037 0.00271416
2 0.226968 0.421296 0.00641308 0.0151515 0.00270462
2 0.279945 0.409933 0.0234217 0.0218855 0.00269318
7 0.164231 0.418771 0.0446128 0.0488215 0.00263214
2 0.81251 0.457071 0.0167298 0.0218855 0.00259018
2 0.766782 0.40362 0.0401515 0.0328283 0.00259018
4 0.200339 0.637626 0.39566 0.521044 0.00256157
7 0.791877 0.400673 0.0334596 0.0429293 0.00250244
0 0.973674 0.403199 0.00892248 0.013468 0.0024929
2 0.186258 0.461279 0.027883 0.026936 0.00247192
2 0.196575 0.465488 0.0395939 0.030303 0.00245285
7 0.788531 0.441919 0.0914562 0.047138 0.00242424
24 0.072217 0.460438 0.0122685 0.0319865 0.00242424
0 0.23826 0.421717 0.00752842 0.0151515 0.002388
2 0.77682 0.404882 0.0591119 0.040404 0.00237846
2 0.779609 0.429714 0.0223064 0.0462963 0.00235939
2 0.166322 0.460017 0.0158933 0.0252525 0.00230598
7 0.832586 0.414983 0.0557659 0.0218855 0.00217438
26 0.072217 0.460438 0.0122685 0.0319865 0.00216484
4 0.753399 0.433502 0.201873 0.0446128 0.00213242
4 0.120594 0.664141 0.240073 0.410774 0.00212479
0 0.76734 0.431818 0.0267677 0.0496633 0.00211525
0 0.597811 0.359428 0.0111532 0.0193602 0.00210762
2 0.169807 0.452862 0.027883 0.0412458 0.00210762
7 0.904524 0.403199 0.0178452 0.0143098 0.00208282
2 0.220415 0.421717 0.011432 0.0151515 0.00208282
5 0.699306 0.407407 0.0211911 0.020202 0.0020504
2 0.788531 0.454966 0.0111532 0.020202 0.00203514
2 0.777378 0.415825 0.0200758 0.0218855 0.00200272
2 0.253317 0.421717 0.0119897 0.0151515 0.00197983
5 0.704325 0.408249 0.0200758 0.0185185 0.00195694
14 0.861585 0.29335 0.00892258 0.0113636 0.00194931
0 0.20982 0.421296 0.0075284 0.0151515 0.00187492
4 0.355787 0.342803 0.595581 0.545034 0.00186729
5 0.795223 0.408249 0.0289983 0.0227273 0.00184631
7 0.825337 0.440236 0.0602273 0.0555556 0.00184631
7 0.0672677 0.399411 0.134535 0.0732323 0.00183868
74 0.310895 0.0823864 0.0429398 0.0648148 0.00183105
2 0.796896 0.44697 0.0981482 0.0387205 0.00181007
4 0.636708 0.541246 0.725237 0.910774 0.0018034
7 0.745591 0.402462 0.0379209 0.0250421 0.00179577
2 0.904524 0.403199 0.0178452 0.0143098 0.00178242
2 0.160327 0.451599 0.029556 0.0437711 0.00177479
7 0.850989 0.412037 0.0602272 0.020202 0.00176811
2 0.192393 0.462963 0.0340172 0.030303 0.00174809
7 0.716593 0.409091 0.0401515 0.0185185 0.00174809
0 0.843182 0.444865 0.0289983 0.0404041 0.0017271
5 0.717708 0.409091 0.0122685 0.016835 0.00170708
13 0.85545 0.412879 0.0167297 0.0176768 0.00169373
9 0.865488 0.357323 0.0111532 0.0244108 0.00164223
2 0.763994 0.397306 0.0312289 0.0286195 0.00163555
0 0.777378 0.415825 0.0200758 0.0218855 0.00163555
4 0.795223 0.408249 0.0289983 0.0227273 0.00161648
0 0.772917 0.434343 0.031229 0.060606 0.00161648
4 0.826789 0.378998 0.346423 0.172138 0.00161076
8 0.363037 0.47601 0.710459 0.95202 0.00161076
7 0.852104 0.393203 0.0825337 0.0452441 0.00160408
2 0.699306 0.407407 0.0211911 0.020202 0.00160408
5 0.755072 0.398148 0.0490741 0.030303 0.00158501
0 0.865488 0.357323 0.0111532 0.0244108 0.00158501
0 0.439157 0.306397 0.0200758 0.0420876 0.00157356
7 0.807492 0.446128 0.0691498 0.0387205 0.00156116
7 0.699306 0.407407 0.0211911 0.020202 0.00155449
14 0.530613 0.209175 0.0139415 0.016835 0.00154877
13 0.16451 0.433923 0.0384785 0.0227273 0.00154877
4 0.820875 0.499158 0.325673 0.16835 0.00153637
7 0.766782 0.40362 0.0401515 0.0328283 0.00153065
2 0.708786 0.417508 0.0981482 0.0218855 0.00152493
31 0.314241 0.221801 0.0613426 0.442761 0.0015192
13 0.825337 0.452862 0.0423821 0.0286195 0.00150108
4 0.99375 0.286616 0.0111532 0.0951178 0.00149536
5 0.16451 0.433502 0.037642 0.0218855 0.00148964
7 0.146142 0.436027 0.0752144 0.0286195 0.00148964
0 0.788531 0.454966 0.0111532 0.020202 0.00148392
4 0.760648 0.394781 0.0669192 0.0454546 0.0014782
2 0.048133 0.510101 0.0962661 0.0353535 0.00145531
7 0.779609 0.429714 0.0223064 0.0462963 0.00144386
2 0.196296 0.450337 0.143876 0.0942761 0.00143814
2 0.209401 0.457071 0.0273253 0.023569 0.00141048
7 0.824221 0.411195 0.0624579 0.0294613 0.00141048
2 0.196017 0.451599 0.0613426 0.0404041 0.00137806
7 0.724958 0.406145 0.0223064 0.0218855 0.00136662
2 0.820875 0.446549 0.0702652 0.0446128 0.00136662
2 0.657481 0.402778 0.00892253 0.0227273 0.00136185
7 0.854893 0.40141 0.0814183 0.0406145 0.00136185
7 0.788531 0.408249 0.0379209 0.0319865 0.00135612
12 0.0719381 0.460438 0.0119897 0.0319865 0.00135136
3 0.072217 0.460438 0.0122685 0.0319865 0.00134087
2 0.771801 0.419613 0.0156145 0.0277778 0.00131989
0 0.779609 0.429714 0.0223064 0.0462963 0.00131989
5 0.796338 0.446128 0.113763 0.0454546 0.00131989
5 0.229756 0.410038 0.0501894 0.0435606 0.00129414
4 0.490183 0.412563 0.35021 0.418982 0.00126457
3 0.400679 0.728114 0.801357 0.521886 0.00126457
7 0.751726 0.393519 0.0479588 0.0311448 0.00125504
13 0.879987 0.422559 0.0334596 0.0252525 0.00124931
7 0.721612 0.417508 0.0825337 0.0244108 0.00124454
7 0.771801 0.419613 0.0156145 0.0277778 0.00124454
7 0.173711 0.420875 0.0630156 0.0648148 0.00123978
0 0.99375 0.287668 0.00892258 0.0871212 0.00123501
4 0.824221 0.411195 0.0624579 0.0294613 0.00123501
5 0.751726 0.393519 0.0479588 0.0311448 0.00122547
2 0.209122 0.46633 0.0256523 0.0252525 0.0012064
2 0.832586 0.414983 0.0557659 0.0218855 0.00120163
7 0.81251 0.457071 0.0167298 0.0218855 0.00120163
32 0.705997 0.670034 0.0289983 0.026936 0.00120163
7 0.803588 0.410354 0.0959176 0.0345118 0.00119686
2 0.20982 0.421296 0.0075284 0.0151515 0.00119209
5 0.77682 0.404882 0.0591119 0.040404 0.00117874
13 0.796338 0.446128 0.113763 0.0454546 0.00117874
0 0.160327 0.451599 0.029556 0.0437711 0.00117397
0 0.635732 0.435185 0.0156145 0.0252525 0.00116539
0 0.684249 0.40867 0.0133838 0.0176768 0.0011425
7 0.938542 0.403199 0.0167298 0.0117845 0.00113773
5 0.797454 0.408249 0.0211911 0.020202 0.00113773
0 0.124916 0.673401 0.013105 0.0260943 0.00113773
4 0.241049 0.335017 0.440273 0.61532 0.00112438
12 0.31452 0.208965 0.0635732 0.406987 0.00112057
7 0.159073 0.444024 0.0457281 0.0378788 0.0011034
0 0.597254 0.424242 0.0178452 0.040404 0.00109482
0 0.34798 0.611111 0.2002 0.324916 0.00109482
2 0.76734 0.431818 0.0267677 0.0496633 0.00109005
2 0.20731 0.456229 0.0387574 0.026936 0.00109005
2 0.197168 0.478956 0.223552 0.142256 0.00109005
0 0.634059 0.433502 0.0189604 0.030303 0.00108147
0 0.0715199 0.471381 0.0144992 0.0555556 0.00108147
0 0.990962 0.3367 0.0167298 0.150673 0.00107288
40 0.355787 0.491162 0.664731 0.950337 0.00104046
6 0.506971 0.573653 0.986059 0.84596 0.00104046
0 0.359691 0.498317 0.713805 0.97138 0.00103188
61 0.506971 0.573653 0.986059 0.84596 0.00102806
2 0.20494 0.477273 0.0256524 0.023569 0.00102425
2 0.0119374 0.497475 0.0238748 0.013468 0.00102425
4 0.759393 0.747896 0.477636 0.428451 0.00100803
2 0.1536 0.481482 0.126659 0.0841751 0.833496
4 0.830913 0.258628 0.337942 0.149411 0.640625
4 0.506413 0.5 0.987174 1 0.381104
4 0.358297 0.491582 0.668634 0.946128 0.329346
2 0.16451 0.434343 0.0384785 0.023569 0.2323
2 0.856566 0.4133 0.0178452 0.0168351 0.223999
3 0.350768 0.505051 0.672538 0.962963 0.188354
7 0.830913 0.446128 0.0513047 0.0420876 0.167725
4 0.577736 0.594381 0.838721 0.799453 0.165039
2 0.770686 0.455387 0.0446128 0.020202 0.160767
11 0.309501 0.0579756 0.0490741 0.113847 0.146118
2 0.830913 0.445286 0.0513047 0.0437711 0.139404
2 0.672538 0.405724 0.0301137 0.0185185 0.0987549
13 0.88166 0.447811 0.0256523 0.0151515 0.0974121
2 0.709343 0.408249 0.0144992 0.016835 0.0970459
2 0.728862 0.4133 0.0156145 0.013468 0.0970459
2 0.684249 0.40867 0.0133838 0.0176768 0.0872803
2 0.758418 0.454966 0.0223064 0.0210438 0.0856934
0 0.0718684 0.460438 0.0119897 0.0319865 0.0793457
2 0.666404 0.410774 0.0211911 0.0151515 0.0753174
2 0.684806 0.406566 0.0223064 0.020202 0.0720825
4 0.75786 0.435185 0.200758 0.0622895 0.0558167
7 0.684806 0.406566 0.0223064 0.020202 0.0499573
2 0.829798 0.45202 0.0490741 0.030303 0.0463867
2 0.717708 0.409091 0.0122685 0.016835 0.0427246
2 0.797454 0.408249 0.0211911 0.020202 0.0420837
0 0.170505 0.462963 0.0136627 0.0218855 0.0388184
2 0.689268 0.407828 0.0111532 0.0193603 0.036499
0 0.13105 0.463805 0.0117109 0.0117845 0.0341797
4 0.759533 0.453704 0.20745 0.0976431 0.0323486
7 0.856566 0.4133 0.0178452 0.0168351 0.0311432
2 0.666404 0.40404 0.0178452 0.0143098 0.0284424
2 0.678115 0.406145 0.031229 0.0185185 0.0276947
4 0.789647 0.408249 0.0356902 0.0319865 0.0272675
2 0.736669 0.412458 0.0301136 0.013468 0.0248871
7 0.153879 0.481482 0.128889 0.0858586 0.024704
7 0.684249 0.40867 0.0133838 0.0176768 0.0244293
7 0.796338 0.446128 0.113763 0.0462963 0.0230713
7 0.689268 0.407828 0.0111532 0.0193603 0.0222015
61 0.350489 0.478535 0.670865 0.957071 0.0219421
5 0.684806 0.406566 0.0223064 0.020202 0.0214539
0 0.138021 0.462542 0.0117109 0.0185185 0.0207977
2 0.794108 0.410354 0.0289983 0.0252525 0.0205688
7 0.821991 0.446128 0.0669192 0.0454546 0.0204163
7 0.769013 0.455387 0.0423821 0.0218855 0.0202484
3 0.43609 0.505051 0.87218 0.925926 0.0199432
2 0.742803 0.411616 0.0223064 0.0126263 0.0197906
7 0.829798 0.45202 0.0490741 0.030303 0.0197906
2 0.145967 0.436027 0.0755629 0.0286195 0.0195618
0 0.771801 0.417088 0.0133838 0.0210438 0.0193481
7 0.709343 0.408249 0.0144992 0.016835 0.0187683
11 0.315078 0.318182 0.0613426 0.228956 0.0177155
11 0.31229 0.131839 0.0568813 0.263678 0.0172424
3 0.341009 0.688973 0.609522 0.591751 0.0159607
7 0.763994 0.397306 0.0312289 0.0286195 0.0156708
0 0.771801 0.42298 0.0156145 0.0345118 0.0150757
6 0.358297 0.491582 0.668634 0.946128 0.0147858
7 0.668077 0.409091 0.0223064 0.016835 0.0146713
4 0.772917 0.409091 0.0446128 0.0286195 0.0146179
2 0.709901 0.408249 0.0256524 0.0193603 0.0134811
2 0.593908 0.360269 0.0111532 0.0193603 0.0127258
4 0.76734 0.40362 0.0401515 0.0328283 0.0126724
4 0.341009 0.688973 0.609522 0.591751 0.012291
0 0.167437 0.461279 0.0142203 0.026936 0.0122375
11 0.31452 0.223064 0.0613426 0.445286 0.0116425
7 0.758418 0.454966 0.0223064 0.0210438 0.0115509
6 0.43609 0.505051 0.87218 0.925926 0.0107803
7 0.710459 0.407828 0.024537 0.0193603 0.01017
7 0.728862 0.4133 0.0156145 0.013468 0.00981903
7 0.797454 0.408249 0.0211911 0.020202 0.0091629
7 0.678115 0.406145 0.031229 0.0185185 0.00867462
5 0.710459 0.407828 0.024537 0.0193603 0.0086441
7 0.16451 0.433502 0.037642 0.0218855 0.00857544
11 0.310338 0.082702 0.0451705 0.0641835 0.0085144
0 0.067686 0.47096 0.017148 0.0555556 0.00831604
7 0.795223 0.408249 0.0289983 0.0227273 0.008255
2 0.703767 0.408249 0.0200758 0.0185185 0.00812531
2 0.163394 0.428451 0.0381997 0.0151515 0.00803375
4 0.794108 0.443603 0.123801 0.047138 0.00757599
7 0.0916653 0.404461 0.183331 0.0858586 0.00743103
0 0.593908 0.360269 0.0111532 0.0193603 0.00740433
7 0.717708 0.409091 0.0122685 0.016835 0.00740433
2 0.764552 0.412458 0.0223064 0.020202 0.00740433
61 0.43609 0.505051 0.87218 0.925926 0.00728989
2 0.797454 0.408249 0.0289983 0.0252525 0.00701141
2 0.753956 0.410774 0.0111532 0.0159933 0.0069313
4 0.827904 0.343434 0.344192 0.304714 0.00651169
7 0.736669 0.412458 0.0301136 0.013468 0.00636292
0 0.0595999 0.460438 0.0133838 0.0303031 0.00636292
5 0.689268 0.407828 0.0111532 0.0193603 0.00629044
2 0.137603 0.45665 0.0359691 0.0277778 0.00629044
2 0.848758 0.4133 0.031229 0.020202 0.00619125
0 0.0752841 0.459596 0.0133838 0.03367 0.00614548
4 0.789647 0.439394 0.0847643 0.0521885 0.00609589
7 0.672538 0.405724 0.0301137 0.0185185 0.00584412
7 0.742803 0.411616 0.0223064 0.0126263 0.00568771
0 0.830913 0.444444 0.0513047 0.0446128 0.0055542
0 0.185283 0.461279 0.0195181 0.0252525 0.00551224
7 0.776263 0.404882 0.0579966 0.040404 0.00538635
2 0.0721473 0.460438 0.0122685 0.0319865 0.00534439
7 0.666404 0.40404 0.0178452 0.0143098 0.0053215
2 0.140217 0.457071 0.0664312 0.0319866 0.00526047
0 0.065525 0.459596 0.0250947 0.0319866 0.00521851
5 0.763994 0.397306 0.0312289 0.0286195 0.00516129
2 0.842067 0.444865 0.0312289 0.0404041 0.0051384
2 0.196575 0.462121 0.0468434 0.0319865 0.00511932
0 0.169668 0.452862 0.0281618 0.0420876 0.00508118
2 0.659712 0.4133 0.0133838 0.0185185 0.00482941
4 0.797454 0.44697 0.0992635 0.0395623 0.00481033
2 0.245928 0.422138 0.0150568 0.0151515 0.00479126
2 0.23826 0.421717 0.00752842 0.0151515 0.00469971
4 0.803588 0.409933 0.0948022 0.03367 0.00462723
5 0.678115 0.406145 0.031229 0.0185185 0.0045929
4 0.776263 0.404882 0.0579966 0.040404 0.0045929
0 0.15726 0.463805 0.0144992 0.0252525 0.00441742
11 0.0595999 0.460438 0.0133838 0.0303031 0.00434875
13 0.830913 0.445286 0.0513047 0.0437711 0.00428009
2 0.770686 0.435185 0.0446128 0.0606061 0.0042305
7 0.843182 0.409512 0.0669192 0.0286195 0.00419998
4 0.829798 0.445707 0.0535354 0.0437711 0.00397491
5 0.666404 0.410774 0.0211911 0.0151515 0.00391388
2 0.938542 0.403199 0.0167298 0.0117845 0.00385475
5 0.684249 0.40867 0.0133838 0.0176768 0.00380898
7 0.764552 0.412458 0.0223064 0.020202 0.00376511
4 0.757302 0.396044 0.0490741 0.0294613 0.00370789
2 0.130911 0.457912 0.0376421 0.023569 0.00370789
7 0.770686 0.435185 0.0446128 0.0606061 0.00367928
7 0.703767 0.408249 0.0200758 0.0185185 0.00363541
13 0.881103 0.446128 0.0289983 0.020202 0.00352478
4 0.763994 0.396465 0.0312289 0.0286195 0.00346947
5 0.709343 0.408249 0.0144992 0.016835 0.00346947
2 0.597811 0.359428 0.0111532 0.0193602 0.00340271
2 0.279945 0.409933 0.0234217 0.0218855 0.00340271
2 0.128506 0.456229 0.0513744 0.026936 0.00338936
7 0.848758 0.4133 0.031229 0.020202 0.00337601
2 0.93408 0.403199 0.0133839 0.0109427 0.00335121
2 0.794108 0.443603 0.123801 0.047138 0.00335121
5 0.666404 0.40404 0.0178452 0.0143098 0.00333786
2 0.721612 0.417508 0.0825337 0.0244108 0.00329781
7 0.755072 0.398148 0.0513047 0.030303 0.00328636
2 0.789647 0.408249 0.0356902 0.0319865 0.00324821
2 0.226968 0.420875 0.00641308 0.0151515 0.00309944
2 0.717151 0.40867 0.0423821 0.0193603 0.00307465
2 0.196854 0.465488 0.0398727 0.030303 0.00304031
2 0.776263 0.404882 0.0579966 0.040404 0.00301552
7 0.753956 0.410774 0.0111532 0.0159933 0.00300407
4 0.771244 0.395202 0.0736112 0.0563973 0.00299263
2 0.141924 0.449495 0.0772359 0.037037 0.0029583
0 0.148616 0.464646 0.0150568 0.0218855 0.0029583
2 0.76734 0.40362 0.0401515 0.0328283 0.00288963
4 0.200339 0.644781 0.39566 0.501684 0.00286674
2 0.186258 0.461279 0.0281618 0.026936 0.00284576
2 0.811953 0.457492 0.0156145 0.0218855 0.00281143
13 0.882218 0.451178 0.0289983 0.0218855 0.00279045
10 0.065525 0.459596 0.0250947 0.0319866 0.00269318
7 0.164231 0.41835 0.0451705 0.0488215 0.0026722
2 0.1574 0.445286 0.0493529 0.0387205 0.00264168
7 0.791877 0.400673 0.0334596 0.0429293 0.00254059
2 0.166322 0.460017 0.0158933 0.0252525 0.00251198
24 0.0721473 0.460438 0.0122685 0.0319865 0.00251198
2 0.253317 0.421717 0.0117109 0.0143098 0.00247192
0 0.973674 0.403199 0.00892248 0.013468 0.00244331
0 0.23826 0.421717 0.00752842 0.0151515 0.00242424
0 0.76734 0.433502 0.0267677 0.0521885 0.002388
2 0.220555 0.421717 0.0117109 0.0151515 0.00237846
26 0.0721473 0.460438 0.0122685 0.0319865 0.00234222
7 0.832029 0.414983 0.055766 0.0218855 0.00232315
0 0.773474 0.434343 0.0301137 0.060606 0.00229645
4 0.120594 0.664141 0.239794 0.409091 0.00227928
2 0.169668 0.452862 0.0281618 0.0420876 0.00226974
7 0.788531 0.441077 0.0914562 0.0488215 0.00225258
7 0.904524 0.403199 0.0178452 0.0143098 0.00219154
5 0.795223 0.408249 0.0289983 0.0227273 0.00212479
2 0.763994 0.397306 0.0312289 0.0286195 0.00209045
5 0.69819 0.407407 0.0200758 0.020202 0.00208282
7 0.0720775 0.399411 0.144155 0.0732323 0.0020504
2 0.904524 0.403199 0.0178452 0.0143098 0.00203514
0 0.842067 0.444865 0.0312289 0.0404041 0.00201988
2 0.788531 0.454966 0.0111532 0.020202 0.00201988
7 0.745591 0.402357 0.0379209 0.0244108 0.00199509
0 0.20982 0.421296 0.0075284 0.0151515 0.00199509
14 0.862142 0.29335 0.00892258 0.0113636 0.00197983
0 0.597811 0.359428 0.0111532 0.0193602 0.00197983
0 0.777378 0.415825 0.0200758 0.0218855 0.00197983
2 0.777378 0.415825 0.0200758 0.0218855 0.00197983
2 0.192672 0.462963 0.0340173 0.030303 0.0019722
7 0.850989 0.411616 0.0624578 0.020202 0.0019722
2 0.779051 0.432239 0.0223064 0.0530303 0.00192642
2 0.797454 0.44697 0.0992635 0.0395623 0.00192642
74 0.310895 0.0823864 0.0429398 0.0650252 0.00191212
31 0.31452 0.223064 0.0613426 0.445286 0.00190449
2 0.160327 0.451599 0.0298348 0.0437711 0.00188255
7 0.773474 0.434343 0.0301137 0.060606 0.00187492
5 0.703767 0.408249 0.0200758 0.0185185 0.00186062
2 0.20968 0.457071 0.027883 0.023569 0.00183105
4 0.753956 0.433081 0.202988 0.0437711 0.0018177
2 0.69819 0.407407 0.0200758 0.020202 0.0018034
4 0.35746 0.347643 0.590004 0.537037 0.00176811
2 0.0480285 0.510101 0.0960569 0.0353535 0.00175476
2 0.196296 0.451599 0.0607849 0.0404041 0.00174141
5 0.755072 0.398148 0.0513047 0.030303 0.00173378
2 0.708786 0.417508 0.0981482 0.0218855 0.00172043
0 0.439436 0.306397 0.0200758 0.0420876 0.00169373
7 0.717151 0.40867 0.0423821 0.0193603 0.00168705
7 0.808607 0.446128 0.0669192 0.0387205 0.00168133
7 0.76734 0.40362 0.0401515 0.0328283 0.0016613
2 0.198248 0.450337 0.137742 0.0925926 0.00165462
4 0.239515 0.332912 0.427725 0.601852 0.00164223
5 0.717708 0.409091 0.0122685 0.016835 0.00163555
5 0.16451 0.433502 0.037642 0.0218855 0.00162315
3 0.397054 0.726431 0.794108 0.525253 0.00162315
7 0.852104 0.393203 0.0825337 0.0452441 0.00161648
4 0.822548 0.498737 0.320097 0.165825 0.00161076
14 0.530335 0.209175 0.0144991 0.016835 0.0015974
7 0.69819 0.407407 0.0200758 0.020202 0.0015974
7 0.145967 0.436027 0.0755629 0.0286195 0.00159168
2 0.209122 0.46633 0.0256523 0.0252525 0.00158501
13 0.85545 0.412879 0.0167297 0.0176768 0.00157928
13 0.825337 0.452862 0.0423821 0.0286195 0.00155449
8 0.363594 0.475589 0.707113 0.951178 0.00153637
4 0.79355 0.409091 0.0323443 0.026936 0.00153065
0 0.779051 0.432239 0.0223064 0.0530303 0.00152493
32 0.705997 0.670034 0.0289983 0.026936 0.00152493
4 0.761764 0.394781 0.0680346 0.0454546 0.00150108
7 0.789647 0.408249 0.0356902 0.0319865 0.00150108
0 0.788531 0.454966 0.0111532 0.020202 0.0014782
4 0.826231 0.378577 0.347538 0.17298 0.0014782
2 0.657481 0.402778 0.00892253 0.0227273 0.00146675
4 0.99375 0.286195 0.0111532 0.0955387 0.00144958
2 0.832029 0.414983 0.055766 0.0218855 0.00144386
2 0.207449 0.456229 0.0384785 0.026936 0.00144386
7 0.724958 0.405724 0.0211911 0.0218855 0.00143242
5 0.796338 0.446128 0.113763 0.0462963 0.00143242
7 0.824221 0.411195 0.0624579 0.0294613 0.00142097
9 0.865488 0.357113 0.0111532 0.0248316 0.00141621
7 0.854335 0.401515 0.0825337 0.0404041 0.00141048
0 0.99375 0.287458 0.00892258 0.0875421 0.00140476
3 0.0721473 0.460438 0.0122685 0.0319865 0.00139427
0 0.865488 0.357113 0.0111532 0.0248316 0.00139427
5 0.229756 0.410038 0.0504682 0.0435606 0.00138855
12 0.314799 0.208333 0.0630156 0.406566 0.00138855
13 0.16451 0.433923 0.0384785 0.0227273 0.00137806
2 0.20982 0.421296 0.0075284 0.0151515 0.00136662
12 0.0718684 0.460438 0.0119897 0.0319865 0.00136662
5 0.797454 0.408249 0.0211911 0.020202 0.00132465
7 0.174269 0.421822 0.0641309 0.0671296 0.00132465
7 0.751726 0.393519 0.0479588 0.0311448 0.00130463
5 0.751726 0.393519 0.0479588 0.0311448 0.00129414
2 0.197098 0.481481 0.222576 0.148148 0.00128937
2 0.788531 0.441077 0.0914562 0.0488215 0.00127888
13 0.796338 0.446128 0.113763 0.0462963 0.00127411
5 0.776263 0.404882 0.0579966 0.040404 0.0012598
7 0.721612 0.417508 0.0825337 0.0244108 0.00124931
0 0.684249 0.40867 0.0133838 0.0176768 0.00124454
7 0.803588 0.409933 0.0948022 0.03367 0.00124454
13 0.879987 0.422559 0.0334596 0.0244108 0.00123978
0 0.160327 0.451599 0.0298348 0.0437711 0.00123501
0 0.124916 0.673401 0.013105 0.0252525 0.00123501
4 0.397054 0.726431 0.794108 0.525253 0.00123024
7 0.779051 0.432239 0.0223064 0.0530303 0.00122547
2 0.0121465 0.497475 0.0242931 0.013468 0.0012207
2 0.20494 0.477273 0.0256524 0.023569 0.00121593
7 0.938542 0.403199 0.0167298 0.0117845 0.00121117
5 0.829798 0.445707 0.0535354 0.0437711 0.00119686
2 0.771801 0.42298 0.0156145 0.0345118 0.00119209
4 0.824221 0.411195 0.0624579 0.0294613 0.00117874
25 0.763994 0.399832 0.0312289 0.0311448 0.0011692
6 0.506692 0.571128 0.986616 0.85101 0.0011692
0 0.347352 0.613636 0.202012 0.329966 0.00116062
4 0.489347 0.413194 0.350768 0.417719 0.00116062
7 0.811953 0.457492 0.0156145 0.0218855 0.00115108
2 0.76734 0.433502 0.0267677 0.0521885 0.0011425
7 0.771801 0.42298 0.0156145 0.0345118 0.0011425
40 0.358297 0.491582 0.668634 0.946128 0.0011425
61 0.506692 0.571128 0.986616 0.85101 0.00109005
7 0.168274 0.423822 0.0515835 0.040404 0.00108624
0 0.597254 0.424242 0.0178452 0.040404 0.00108147
7 0.1574 0.445286 0.0493529 0.0387205 0.00106525
2 0.911774 0.402778 0.0133839 0.0126263 0.00105667
0 0.0715199 0.471381 0.0146386 0.0563973 0.00105286
2 0.773474 0.434343 0.0301137 0.060606 0.00104809
2 0.211074 0.4617 0.02621 0.026936 0.00104809
60 1 0.50463 0 0.607744 0.00104809
2 0.808607 0.446128 0.0669192 0.0387205 0.00104046
0 0.363594 0.475589 0.707113 0.951178 0.00104046
0 0.685922 0.656566 0.0167298 0.0505051 0.00102425
2 0.780166 0.367845 0.0178451 0.0159933 0.00101662
2 0.185283 0.461279 0.0195181 0.0252525 0.00101662
2 0.245092 0.419192 0.0144992 0.0193603 0.00100803
7 0.181518 0.447811 0.0763994 0.0488216 0.00100803
0 0.689268 0.407828 0.0111532 0.0193603 0.00100422
2 0.153635 0.481902 0.126589 0.0833334 0.845703
4 0.830913 0.261784 0.336827 0.141414 0.668945
4 0.506413 0.5 0.987174 1 0.38501
4 0.359691 0.49032 0.670307 0.94697 0.334473
2 0.16451 0.434343 0.0387574 0.023569 0.245117
2 0.856566 0.4133 0.0178452 0.0168351 0.242188
2 0.770686 0.455387 0.0446128 0.020202 0.180054
7 0.830913 0.446128 0.0513047 0.0420876 0.177856
3 0.353278 0.505892 0.676442 0.959596 0.175537
4 0.578851 0.595539 0.83649 0.798822 0.164551
2 0.830913 0.445286 0.0513047 0.0437711 0.158691
11 0.309501 0.0579756 0.0490741 0.113636 0.154053
2 0.709343 0.408249 0.0144992 0.016835 0.106689
2 0.728862 0.4133 0.0156145 0.013468 0.105957
2 0.672538 0.405724 0.031229 0.0185185 0.103027
2 0.758975 0.454966 0.0223064 0.0210438 0.0984497
2 0.684249 0.40867 0.0133838 0.0176768 0.0977173
13 0.88166 0.448232 0.0256523 0.0143098 0.0966797
0 0.0718684 0.460438 0.0119897 0.0319865 0.0863037
2 0.666961 0.410774 0.0223064 0.0151515 0.083313
2 0.684806 0.406566 0.0223064 0.020202 0.081543
2 0.829798 0.45202 0.0490741 0.030303 0.0535889
7 0.684806 0.406566 0.0223064 0.020202 0.0526123
2 0.797454 0.408249 0.0223064 0.020202 0.0479431
4 0.758418 0.435185 0.200758 0.0622895 0.0477905
2 0.717708 0.409091 0.0122685 0.016835 0.0470886
0 0.170505 0.462963 0.0136627 0.0218855 0.0406189
2 0.689268 0.407407 0.0111532 0.020202 0.0397949
0 0.13105 0.464226 0.0117109 0.0126263 0.0352173
7 0.856566 0.4133 0.0178452 0.0168351 0.0335999
2 0.666961 0.40404 0.0178452 0.0143098 0.0318604
2 0.678115 0.406145 0.031229 0.0185185 0.0310211
2 0.737226 0.412458 0.0289983 0.013468 0.0281067
4 0.759533 0.453704 0.20745 0.0976431 0.0276947
7 0.153879 0.481482 0.128889 0.0858586 0.0275879
4 0.791319 0.408249 0.0323443 0.0319865 0.0273743
7 0.684249 0.40867 0.0133838 0.0176768 0.0256653
2 0.794108 0.409933 0.0289983 0.0252525 0.0245209
5 0.684806 0.406566 0.0223064 0.020202 0.0233307
7 0.689268 0.407407 0.0111532 0.020202 0.0229797
7 0.796338 0.446128 0.113763 0.0454546 0.0228882
2 0.742803 0.411616 0.0223064 0.0126263 0.0222015
0 0.138021 0.462542 0.0117109 0.0185185 0.0216217
7 0.829798 0.45202 0.0490741 0.030303 0.0214539
7 0.769013 0.455387 0.0423821 0.0218855 0.0211182
2 0.145689 0.436869 0.0761206 0.0286196 0.0210419
7 0.709343 0.408249 0.0144992 0.016835 0.0196381
0 0.771801 0.417088 0.0133838 0.0210438 0.0187683
61 0.352441 0.478114 0.673653 0.956229 0.018692
7 0.763994 0.397306 0.0312289 0.0277778 0.0184021
3 0.434975 0.503367 0.86995 0.925926 0.0184021
11 0.315357 0.316498 0.0613426 0.225589 0.0177155
3 0.345749 0.689815 0.617887 0.590067 0.0176392
11 0.31229 0.131734 0.0568813 0.263468 0.0171051
7 0.668077 0.409091 0.0223064 0.016835 0.0156708
4 0.772917 0.408249 0.0446128 0.0286195 0.0150146
0 0.771801 0.425084 0.0156145 0.0387205 0.0149536
6 0.359691 0.49032 0.670307 0.94697 0.0149536
2 0.710459 0.408249 0.0267677 0.020202 0.0145569
4 0.345749 0.689815 0.617887 0.590067 0.0139542
0 0.167437 0.461279 0.0142203 0.0260943 0.0133286
2 0.593908 0.360269 0.0111532 0.0189394 0.01297
4 0.766782 0.403093 0.0401515 0.032197 0.0123367
7 0.758975 0.454966 0.0223064 0.0210438 0.012291
11 0.314799 0.207492 0.0624579 0.414141 0.0113297
7 0.710459 0.407828 0.024537 0.0193603 0.0110321
6 0.434975 0.503367 0.86995 0.925926 0.0110321
7 0.797454 0.408249 0.0223064 0.020202 0.0104065
7 0.728862 0.4133 0.0156145 0.013468 0.0102081
5 0.710459 0.407828 0.024537 0.0193603 0.00967407
0 0.0676163 0.47096 0.0170086 0.0555556 0.00963593
7 0.678115 0.406145 0.031229 0.0185185 0.00930023
2 0.703767 0.408249 0.0200758 0.0185185 0.00919342
7 0.795223 0.408249 0.0289983 0.0227273 0.00912476
7 0.16451 0.433502 0.037642 0.0218855 0.00901794
11 0.310338 0.082702 0.0451705 0.0641835 0.00871277
7 0.0917351 0.404461 0.18347 0.0858586 0.00854492
2 0.163394 0.428451 0.0381997 0.0151515 0.00809479
2 0.764552 0.412037 0.0234217 0.0210437 0.00796509
4 0.782955 0.45202 0.20968 0.0833334 0.00796509
7 0.717708 0.409091 0.0122685 0.016835 0.00775528
0 0.593908 0.360269 0.0111532 0.0189394 0.00769424
2 0.753956 0.410774 0.0111532 0.0159933 0.00769424
4 0.794108 0.443603 0.124916 0.047138 0.00743103
0 0.0595999 0.460438 0.0132444 0.0303031 0.00695801
0 0.0754235 0.459596 0.013105 0.03367 0.00695801
2 0.137742 0.45665 0.0365267 0.0277778 0.0068512
7 0.737226 0.412458 0.0289983 0.013468 0.00682449
2 0.848758 0.4133 0.031229 0.020202 0.00674438
5 0.689268 0.407407 0.0111532 0.020202 0.00661469
0 0.0655425 0.459596 0.0250598 0.0319866 0.00641251
2 0.842067 0.445286 0.0312289 0.0404041 0.00631332
61 0.434975 0.503367 0.86995 0.925926 0.00626373
7 0.776263 0.404882 0.0579966 0.040404 0.00624084
2 0.196575 0.462121 0.0468434 0.0319865 0.00619125
7 0.742803 0.411616 0.0223064 0.0126263 0.00616837
5 0.763994 0.397306 0.0312289 0.0277778 0.00605011
7 0.672538 0.405724 0.031229 0.0185185 0.00598145
4 0.787416 0.439394 0.0780724 0.0521885 0.00598145
2 0.141227 0.457071 0.0683134 0.0319866 0.00595856
0 0.185283 0.461279 0.0195181 0.0252525 0.00582123
7 0.666961 0.40404 0.0178452 0.0143098 0.00577545
4 0.827904 0.341961 0.344192 0.302609 0.00575256
2 0.0721473 0.460438 0.0124079 0.0319865 0.00570679
0 0.830913 0.444444 0.0513047 0.0446128 0.00542831
2 0.659712 0.4133 0.0133838 0.0185185 0.00536346
0 0.169668 0.452862 0.0281618 0.0412458 0.00534439
2 0.246067 0.422559 0.0150568 0.0151515 0.00526047
2 0.23826 0.421717 0.00752842 0.0151515 0.00508118
2 0.770686 0.435185 0.0446128 0.0606061 0.00508118
5 0.678115 0.406145 0.031229 0.0185185 0.00502014
4 0.776263 0.404882 0.0579966 0.040404 0.0049057
4 0.804146 0.409933 0.0936869 0.03367 0.00471878
0 0.15726 0.463805 0.0144992 0.0252525 0.00466537
11 0.0595999 0.460438 0.0132444 0.0303031 0.0045929
7 0.84374 0.409512 0.0669192 0.0286195 0.00443268
2 0.938542 0.403199 0.0167298 0.0109427 0.00439835
4 0.829798 0.445707 0.0535354 0.0437711 0.00434875
4 0.797454 0.44697 0.0981481 0.0387205 0.00426483
5 0.666961 0.410774 0.0223064 0.0151515 0.00411606
5 0.684249 0.40867 0.0133838 0.0176768 0.00407028
2 0.279945 0.409933 0.0239794 0.0218855 0.00403976
2 0.131085 0.457912 0.0378512 0.023569 0.00403976
7 0.770686 0.435185 0.0446128 0.0606061 0.00400543
4 0.757302 0.396044 0.0490741 0.0294613 0.00399017
7 0.764552 0.412037 0.0234217 0.0210437 0.00399017
13 0.830913 0.445286 0.0513047 0.0437711 0.00392914
7 0.703767 0.408249 0.0200758 0.0185185 0.00387001
2 0.128506 0.456229 0.0513744 0.026936 0.00378036
4 0.763994 0.396465 0.0312289 0.0286195 0.00376511
2 0.791319 0.408249 0.0323443 0.0319865 0.00376511
2 0.93408 0.403199 0.0133839 0.0117845 0.00374985
7 0.755072 0.397727 0.0513047 0.030303 0.00372124
2 0.722727 0.417508 0.0780724 0.0244108 0.00372124
5 0.709343 0.408249 0.0144992 0.016835 0.00367928
7 0.848758 0.4133 0.031229 0.020202 0.00362206
2 0.776263 0.404882 0.0579966 0.040404 0.0036068
5 0.666961 0.40404 0.0178452 0.0143098 0.00359344
2 0.597811 0.359428 0.0111532 0.0193602 0.00353813
2 0.794108 0.443603 0.124916 0.047138 0.00342941
2 0.717151 0.409091 0.0412668 0.0185185 0.00340271
2 0.226968 0.421296 0.00669193 0.0151515 0.00337601
13 0.881103 0.446128 0.0289983 0.020202 0.00336266
2 0.766782 0.403093 0.0401515 0.032197 0.00333786
7 0.753956 0.410774 0.0111532 0.0159933 0.00327301
2 0.186119 0.461279 0.0287195 0.026936 0.00325966
2 0.14189 0.449495 0.0770268 0.037037 0.00321007
4 0.771801 0.395202 0.0736111 0.0555555 0.00319672
4 0.201036 0.646044 0.396496 0.495791 0.00317192
0 0.148616 0.464646 0.0150568 0.0218855 0.00301552
2 0.811953 0.457492 0.0156145 0.0218855 0.00300407
2 0.253456 0.421717 0.0117109 0.0143098 0.00288963
2 0.166461 0.460017 0.0156145 0.0252525 0.00284576
7 0.791319 0.400673 0.0334597 0.0429293 0.00279999
7 0.16437 0.41835 0.0457281 0.0488215 0.00275803
13 0.882218 0.451178 0.0289983 0.0218855 0.00264168
2 0.220415 0.421717 0.011432 0.0151515 0.00260162
0 0.773474 0.434343 0.0301137 0.060606 0.00260162
2 0.763994 0.397306 0.0312289 0.0277778 0.00259018
7 0.832029 0.414983 0.055766 0.0218855 0.00259018
24 0.0721473 0.460438 0.0124079 0.0319865 0.00258064
26 0.0721473 0.460438 0.0124079 0.0319865 0.00253105
2 0.169668 0.452862 0.0281618 0.0412458 0.0024929
0 0.973674 0.403199 0.00892248 0.013468 0.0024929
0 0.76734 0.433923 0.0267677 0.0538721 0.00248146
10 0.0655425 0.459596 0.0250598 0.0319866 0.00248146
5 0.795223 0.408249 0.0289983 0.0227273 0.00242424
0 0.23826 0.421717 0.00752842 0.0151515 0.00242424
2 0.155866 0.445707 0.05242 0.0404041 0.0024147
4 0.120594 0.664141 0.240073 0.407407 0.00239754
7 0.0744476 0.399411 0.148895 0.0732323 0.00235939
7 0.904524 0.403199 0.0189604 0.0143098 0.00234985
5 0.698748 0.407407 0.0200758 0.020202 0.00227928
2 0.192672 0.462963 0.0345749 0.030303 0.00225258
7 0.746149 0.401936 0.0379209 0.0244108 0.00223351
31 0.31452 0.222854 0.0613426 0.444865 0.00222588
7 0.788531 0.440236 0.0914562 0.0488215 0.00221634
2 0.904524 0.403199 0.0189604 0.0143098 0.00219154
7 0.825337 0.440236 0.0602273 0.0555556 0.00219154
2 0.209401 0.457071 0.0284407 0.023569 0.00216484
2 0.196436 0.451599 0.0610638 0.0404041 0.00214958
2 0.797454 0.44697 0.0981481 0.0387205 0.00214958
0 0.842067 0.445286 0.0312289 0.0404041 0.00213242
2 0.777378 0.415825 0.0200758 0.0218855 0.00212479
2 0.788531 0.454966 0.0111532 0.020202 0.00212479
2 0.0480285 0.510101 0.0960569 0.0353535 0.00210762
7 0.850989 0.411616 0.0624578 0.020202 0.00210762
3 0.396217 0.723485 0.792435 0.531145 0.00209999
0 0.20982 0.421296 0.0075284 0.0151515 0.0020752
2 0.160327 0.45202 0.0301136 0.0437711 0.0020752
14 0.862142 0.29335 0.00892258 0.0113636 0.00205803
0 0.597811 0.359428 0.0111532 0.0193602 0.00204277
7 0.773474 0.434343 0.0301137 0.060606 0.00203514
5 0.703767 0.408249 0.0200758 0.0185185 0.00199509
74 0.310895 0.0823864 0.0429398 0.0650252 0.00198746
2 0.698748 0.407407 0.0200758 0.020202 0.00198746
0 0.777378 0.415825 0.0200758 0.0218855 0.00198746
0 0.439436 0.306397 0.0200758 0.0425084 0.00197983
5 0.755072 0.397727 0.0513047 0.030303 0.00197983
2 0.778493 0.43266 0.0223064 0.0538721 0.0019722
4 0.236448 0.332071 0.413226 0.60101 0.0019722
2 0.709343 0.417088 0.0981482 0.0210438 0.00194168
2 0.209122 0.46633 0.0259312 0.0252525 0.00185299
7 0.717151 0.409091 0.0412668 0.0185185 0.00183868
4 0.359691 0.348485 0.585543 0.535354 0.00183105
7 0.808607 0.446128 0.0658039 0.0387205 0.00181007
7 0.766782 0.403093 0.0401515 0.032197 0.00181007
2 0.199085 0.449074 0.132165 0.0900673 0.00181007
4 0.825337 0.499158 0.316751 0.1633 0.00178242
2 0.206892 0.456229 0.0395939 0.026936 0.00177479
32 0.705997 0.670034 0.0289983 0.026936 0.00175476
5 0.717708 0.409091 0.0122685 0.016835 0.0017271
14 0.530335 0.209175 0.0144991 0.016835 0.00172043
7 0.698748 0.407407 0.0200758 0.020202 0.00172043
7 0.852104 0.393203 0.0825337 0.0452441 0.00170708
7 0.145689 0.436869 0.0761206 0.0286196 0.00170708
5 0.16451 0.433502 0.037642 0.0218855 0.00168705
8 0.352441 0.478114 0.673653 0.956229 0.00164223
2 0.657481 0.402778 0.00892253 0.0227273 0.00163555
0 0.788531 0.454966 0.0111532 0.020202 0.00162888
4 0.396217 0.723485 0.792435 0.531145 0.00162888
2 0.832029 0.414983 0.055766 0.0218855 0.00162315
5 0.229756 0.409512 0.0504682 0.0437711 0.00161076
7 0.791319 0.408249 0.0323443 0.0319865 0.0015974
4 0.753956 0.43266 0.202988 0.0437711 0.00157356
5 0.797454 0.408249 0.0223064 0.020202 0.00156689
7 0.824779 0.414562 0.0401515 0.0218855 0.00156116
7 0.724958 0.405724 0.0211911 0.0218855 0.00155449
12 0.314799 0.208333 0.0630156 0.406566 0.00154305
5 0.796338 0.446128 0.113763 0.0454546 0.00154305
0 0.778493 0.43266 0.0223064 0.0538721 0.00153637
13 0.825337 0.452862 0.0423821 0.0286195 0.00153637
4 0.761764 0.394886 0.0669192 0.0452441 0.00153065
0 0.994308 0.287458 0.0100379 0.0875421 0.00152493
4 0.795223 0.408249 0.0289983 0.0227273 0.00152493
7 0.854335 0.40162 0.0825337 0.0401936 0.00151253
2 0.20982 0.421296 0.0075284 0.0151515 0.00150108
13 0.85545 0.412879 0.0167297 0.0176768 0.00149536
5 0.751726 0.393519 0.0479588 0.0311448 0.00147247
7 0.751726 0.393519 0.0479588 0.0311448 0.00147247
7 0.824779 0.411195 0.0613426 0.0294613 0.00146675
4 0.99375 0.286195 0.0111532 0.0959596 0.00145531
7 0.174548 0.422664 0.0652462 0.0688131 0.00145531
3 0.0721473 0.460438 0.0124079 0.0319865 0.00144958
5 0.776263 0.404882 0.0579966 0.040404 0.00143814
9 0.865488 0.357113 0.0111532 0.0248316 0.00141621
5 0.829798 0.445707 0.0535354 0.0437711 0.00140476
7 0.938542 0.403199 0.0167298 0.0109427 0.00139904
2 0.0120942 0.497475 0.0241885 0.013468 0.00139427
0 0.865488 0.357113 0.0111532 0.0248316 0.00138855
2 0.204801 0.476852 0.0259312 0.0227273 0.00136662
2 0.197272 0.481902 0.222785 0.14899 0.00136185
2 0.788531 0.440236 0.0914562 0.0488215 0.00135136
12 0.0718684 0.460438 0.0119897 0.0319865 0.00134563
13 0.16451 0.433502 0.0384785 0.0218855 0.00133038
7 0.722727 0.417508 0.0780724 0.0244108 0.00132465
4 0.825952 0.378788 0.348096 0.171717 0.00130463
7 0.804146 0.409933 0.0936869 0.03367 0.00129986
25 0.763436 0.399411 0.0312289 0.0311448 0.00127411
0 0.160327 0.45202 0.0301136 0.0437711 0.00127411
3 0.30274 0.756313 0.481958 0.462121 0.00126934
2 0.76734 0.433923 0.0267677 0.0538721 0.00126457
0 0.124916 0.673401 0.013105 0.0252525 0.00126457
2 0.211074 0.461279 0.02621 0.026936 0.0012598
0 0.684249 0.40867 0.0133838 0.0176768 0.00124454
2 0.771801 0.425084 0.0156145 0.0387205 0.00124454
7 0.778493 0.43266 0.0223064 0.0538721 0.00123978
2 0.773474 0.434343 0.0301137 0.060606 0.00123978
7 0.168413 0.423401 0.0518624 0.040404 0.00123501
0 0.464531 0.296928 0.0552084 0.0593434 0.00122547
2 0.0459372 0.510101 0.0918745 0.0252525 0.0012207
2 0.912332 0.402357 0.0133839 0.0117845 0.0012064
6 0.506971 0.57197 0.986059 0.847643 0.0012064
0 0.451147 0.305135 0.0423821 0.0467172 0.00120163
4 0.824779 0.411195 0.0613426 0.0294613 0.00119686
7 0.771801 0.425084 0.0156145 0.0387205 0.00118828
2 0.808607 0.446128 0.0658039 0.0387205 0.00117874
2 0.824779 0.414562 0.0401515 0.0218855 0.00117397
7 0.811953 0.457492 0.0156145 0.0218855 0.00116062
0 0.685922 0.656566 0.0167298 0.0505051 0.00116062
13 0.879987 0.422138 0.0334596 0.023569 0.00115108
0 0.346934 0.613636 0.203964 0.329966 0.0011425
4 0.489625 0.414878 0.35021 0.417719 0.0011425
0 0.361642 0.501684 0.711016 0.957913 0.00113773
13 0.796338 0.446128 0.113763 0.0454546 0.00113392
40 0.359691 0.49032 0.670307 0.94697 0.00112057
0 0.597254 0.424242 0.0178452 0.040404 0.0011158
7 0.181797 0.447811 0.0769571 0.0488216 0.0011158
2 0.0510259 0.512626 0.0717987 0.020202 0.00109482
7 0.0347492 0.798822 0.0690801 0.0875421 0.00109482
2 0.185283 0.461279 0.0195181 0.0252525 0.00109005
2 0.780166 0.367845 0.0178451 0.0159933 0.00108147
2 0.245231 0.419192 0.0142203 0.0193603 0.00107288
37 0.31452 0.222854 0.0613426 0.444865 0.00106525
5 0.85545 0.412879 0.0167297 0.0176768 0.00105286
60 1 0.505156 0 0.607534 0.00105286
7 0.838163 0.406987 0.0546507 0.0345118 0.00104809
0 0.635732 0.435185 0.0156145 0.0252525 0.00104809
0 0.0715199 0.471381 0.0146386 0.0572391 0.00104809
7 0.155866 0.445707 0.05242 0.0404041 0.00104809
2 0.153635 0.481902 0.126589 0.0833334 0.855957
4 0.830913 0.261574 0.336827 0.141835 0.697754
4 0.506413 0.5 0.987174 1 0.390381
4 0.363037 0.486532 0.674769 0.951178 0.341553
2 0.856566 0.4133 0.0178452 0.0168351 0.258301
2 0.16451 0.434343 0.0390362 0.023569 0.256836
7 0.830913 0.446128 0.0513047 0.0420876 0.191895
2 0.770686 0.455387 0.0446128 0.020202 0.187134
2 0.830913 0.445286 0.0513047 0.0437711 0.176636
4 0.577736 0.59596 0.838721 0.79798 0.170532
3 0.358297 0.503367 0.686479 0.962963 0.157715
11 0.309501 0.0580808 0.0490741 0.113426 0.150024
2 0.728862 0.4133 0.0156145 0.013468 0.112793
2 0.709343 0.40867 0.0144992 0.0159933 0.111633
2 0.672538 0.405724 0.031229 0.0185185 0.108582
2 0.758418 0.454966 0.0223064 0.0210438 0.103027
2 0.684249 0.40867 0.0133838 0.0176768 0.102295
13 0.88166 0.448232 0.0256523 0.0143098 0.0987549
2 0.666961 0.410774 0.0223064 0.0151515 0.0900879
0 0.0717987 0.460438 0.0119897 0.0319865 0.0869141
2 0.684806 0.406566 0.0223064 0.020202 0.0856934
2 0.829798 0.45202 0.0490741 0.030303 0.0592041
7 0.684806 0.406566 0.0223064 0.020202 0.0545959
2 0.797454 0.408249 0.0223064 0.020202 0.053009
2 0.718266 0.409091 0.0111532 0.016835 0.0495911
4 0.758418 0.435185 0.200758 0.0622895 0.044342
0 0.170505 0.462963 0.0136627 0.0218855 0.0429688
2 0.689268 0.407407 0.0111532 0.020202 0.0406799
0 0.13105 0.464226 0.0117109 0.0117845 0.037262
7 0.856566 0.4133 0.0178452 0.0168351 0.0359497
2 0.666961 0.40404 0.0178452 0.0143098 0.0347595
2 0.678115 0.406145 0.0334596 0.0185185 0.0328369
2 0.737226 0.412458 0.0289983 0.013468 0.0299835
7 0.153879 0.481482 0.128889 0.0858586 0.0294189
4 0.792435 0.408249 0.0301137 0.0311448 0.0275879
2 0.794108 0.409933 0.0301136 0.0252525 0.0272675
7 0.684249 0.40867 0.0133838 0.0176768 0.0264587
4 0.759533 0.453704 0.20745 0.0976431 0.0261536
5 0.684806 0.406566 0.0223064 0.020202 0.0238647
7 0.829798 0.45202 0.0490741 0.030303 0.0235138
7 0.689268 0.407407 0.0111532 0.020202 0.0233307
2 0.742803 0.411616 0.0223064 0.0117845 0.0232391
7 0.796338 0.445707 0.113763 0.0462963 0.0227203
2 0.145549 0.436869 0.0763994 0.0286196 0.0226288
0 0.137881 0.462121 0.011432 0.0185185 0.0226288
7 0.769013 0.455387 0.0423821 0.0218855 0.0216217
7 0.763994 0.397306 0.0312289 0.0277778 0.0207214
0 0.771801 0.417088 0.0133838 0.0210438 0.0202484
7 0.709343 0.40867 0.0144992 0.0159933 0.0197906
61 0.356345 0.477273 0.68146 0.954545 0.0178528
7 0.668077 0.409091 0.0234217 0.016835 0.016922
11 0.312568 0.131524 0.0568813 0.263047 0.0168457
0 0.771801 0.425084 0.0156145 0.0387205 0.0162201
3 0.349095 0.68729 0.623464 0.593434 0.0158386
4 0.772917 0.408249 0.0434975 0.0286195 0.0156021
6 0.363037 0.486532 0.674769 0.951178 0.0155411
11 0.315078 0.311869 0.0613426 0.217172 0.0154266
2 0.710459 0.408249 0.0267677 0.020202 0.0151291
2 0.593908 0.360269 0.0111532 0.0189394 0.0150757
0 0.167437 0.461279 0.0142203 0.0260943 0.0145569
4 0.349095 0.68729 0.623464 0.593434 0.012825
7 0.758418 0.454966 0.0223064 0.0210438 0.0126266
4 0.766782 0.403199 0.0401515 0.0319866 0.0125732
6 0.436648 0.497896 0.873295 0.933502 0.012146
11 0.314799 0.207912 0.0624579 0.414983 0.0119171
7 0.710459 0.407828 0.024537 0.0193603 0.0115967
7 0.797454 0.408249 0.0223064 0.020202 0.0115967
7 0.728862 0.4133 0.0156145 0.013468 0.0105286
7 0.795223 0.408249 0.0289983 0.0227273 0.0100937
5 0.710459 0.407828 0.024537 0.0193603 0.0100098
7 0.678115 0.406145 0.0334596 0.0185185 0.00997162
0 0.0676163 0.47096 0.0167298 0.0555556 0.00971222
2 0.703209 0.408249 0.0189604 0.0185185 0.00967407
7 0.16451 0.433502 0.037642 0.0218855 0.00937653
7 0.0918048 0.40404 0.18361 0.0858586 0.00874329
11 0.310338 0.082702 0.0451705 0.0639731 0.00854492
2 0.764552 0.412037 0.0234217 0.0210437 0.00828552
2 0.163394 0.428451 0.0381997 0.0151515 0.00821686
2 0.754514 0.410774 0.0111532 0.0159933 0.00800323
0 0.593908 0.360269 0.0111532 0.0189394 0.00790405
7 0.718266 0.409091 0.0111532 0.016835 0.00766754
4 0.784628 0.45202 0.20968 0.0833334 0.00760651
0 0.0754235 0.459596 0.013105 0.03367 0.00748825
0 0.0595999 0.460438 0.0132444 0.0303031 0.00746155
2 0.138021 0.456229 0.0368056 0.026936 0.00743103
2 0.848758 0.4133 0.031229 0.020202 0.00740433
7 0.737226 0.412458 0.0289983 0.013468 0.00717545
0 0.065525 0.459596 0.0250947 0.0319866 0.00712204
4 0.792992 0.443182 0.127146 0.047138 0.00709534
7 0.77682 0.404777 0.0591119 0.0406145 0.0068779
2 0.840951 0.445286 0.0334596 0.0404041 0.0068779
2 0.196575 0.462121 0.0471223 0.0319865 0.00682449
5 0.689268 0.407407 0.0111532 0.020202 0.00664139
5 0.763994 0.397306 0.0312289 0.0277778 0.00653839
2 0.14168 0.457071 0.0690801 0.0319866 0.0064888
7 0.742803 0.411616 0.0223064 0.0117845 0.0064621
7 0.666961 0.40404 0.0178452 0.0143098 0.00638962
7 0.672538 0.405724 0.031229 0.0185185 0.00624084
0 0.185143 0.461279 0.0195181 0.0252525 0.00616837
61 0.436648 0.497896 0.873295 0.933502 0.006073
2 0.659154 0.4133 0.0133838 0.0185185 0.00588989
2 0.0720775 0.460438 0.0125474 0.0311448 0.00588989
4 0.796896 0.435606 0.240909 0.0614478 0.00579834
0 0.830913 0.444444 0.0513047 0.0446128 0.00561905
0 0.169668 0.452862 0.0281618 0.0404041 0.00559998
2 0.245928 0.422138 0.0150568 0.0151515 0.0055542
4 0.785743 0.439394 0.0758417 0.0521885 0.00551224
2 0.23826 0.421296 0.00752842 0.0151515 0.00538635
2 0.770686 0.435185 0.0446128 0.0606061 0.00530243
5 0.678115 0.406145 0.0334596 0.0185185 0.00527954
4 0.827904 0.340909 0.344192 0.300505 0.0051384
4 0.77682 0.404777 0.0591119 0.0406145 0.00511932
4 0.829798 0.445286 0.0535354 0.0437711 0.00508118
11 0.0594082 0.460438 0.013349 0.0303031 0.00502014
0 0.15726 0.463805 0.0144992 0.0252525 0.00496292
7 0.84374 0.409933 0.0669192 0.0286195 0.00492477
2 0.938542 0.403199 0.0167298 0.0109427 0.00475693
4 0.804146 0.409933 0.0903409 0.03367 0.00469971
2 0.279945 0.409933 0.0239794 0.0218855 0.00445175
5 0.666961 0.410774 0.0223064 0.0151515 0.00438309
2 0.131015 0.457912 0.0379906 0.023569 0.00438309
4 0.757302 0.396044 0.0490741 0.0294613 0.00434875
5 0.684249 0.40867 0.0133838 0.0176768 0.00418091
7 0.764552 0.412037 0.0234217 0.0210437 0.00415039
2 0.128541 0.456229 0.0518624 0.026936 0.0041008
2 0.935753 0.403199 0.0144992 0.0126263 0.00408554
4 0.763994 0.396465 0.0312289 0.0286195 0.00405502
7 0.754514 0.397727 0.0501894 0.030303 0.00405502
7 0.770686 0.435185 0.0446128 0.0606061 0.00405502
2 0.597811 0.359428 0.0111532 0.0193602 0.00403976
2 0.77682 0.404777 0.0591119 0.0406145 0.00403976
7 0.703209 0.408249 0.0189604 0.0185185 0.0039444
2 0.723843 0.417508 0.0769571 0.023569 0.0039444
4 0.796338 0.44697 0.0981481 0.0387205 0.00390053
7 0.848758 0.4133 0.031229 0.020202 0.00388527
5 0.666961 0.40404 0.0178452 0.0143098 0.00382423
13 0.830913 0.445286 0.0513047 0.0437711 0.00374985
2 0.766782 0.403199 0.0401515 0.0319866 0.0037365
2 0.18598 0.461279 0.0289983 0.026936 0.00363541
2 0.226968 0.420875 0.00669193 0.0151515 0.0036068
5 0.709343 0.40867 0.0144992 0.0159933 0.00359344
2 0.142064 0.449074 0.0772359 0.0361953 0.00348282
7 0.754514 0.410774 0.0111532 0.0159933 0.00341606
4 0.771801 0.395202 0.0736111 0.0555555 0.00338936
2 0.717151 0.40867 0.0423821 0.0193603 0.00335121
2 0.792992 0.443182 0.127146 0.047138 0.00328636
13 0.881103 0.446128 0.0289983 0.020202 0.00325966
2 0.811953 0.457492 0.0156145 0.0218855 0.00324821
2 0.253456 0.421717 0.0117109 0.0143098 0.00322342
2 0.166322 0.460438 0.0156145 0.0252525 0.00318527
0 0.148616 0.464646 0.0150568 0.0218855 0.00309944
7 0.791319 0.400673 0.0334597 0.0429293 0.003088
4 0.200618 0.641519 0.396217 0.501473 0.00305176
2 0.763994 0.397306 0.0312289 0.0277778 0.00302696
0 0.774032 0.434343 0.0289983 0.060606 0.00300407
7 0.832029 0.414983 0.055766 0.0218855 0.00288963
7 0.164231 0.41835 0.0457281 0.0488215 0.00288963
2 0.220276 0.421717 0.0117109 0.0151515 0.00282288
13 0.882218 0.451178 0.0289983 0.0218855 0.00277901
0 0.76734 0.433923 0.0267677 0.0538721 0.00270462
2 0.169668 0.452862 0.0281618 0.0404041 0.00269318
5 0.795223 0.408249 0.0289983 0.0227273 0.00264168
0 0.973674 0.403199 0.00892248 0.013468 0.00264168
2 0.156424 0.445286 0.0513047 0.0404041 0.00259018
24 0.0720775 0.460438 0.0125474 0.0311448 0.00253105
0 0.23826 0.421296 0.00752842 0.0151515 0.00251198
7 0.746149 0.402252 0.0379209 0.0237795 0.0024929
26 0.0720775 0.460438 0.0125474 0.0311448 0.00248146
7 0.0737505 0.399411 0.147501 0.0732323 0.00248146
10 0.065525 0.459596 0.0250947 0.0319866 0.00244331
2 0.196157 0.451599 0.0616214 0.0404041 0.00243378
7 0.904524 0.403199 0.0200758 0.0143098 0.00240517
5 0.69819 0.407407 0.0178451 0.020202 0.00239754
4 0.121012 0.664141 0.240909 0.405724 0.00239754
2 0.209401 0.456229 0.0284407 0.023569 0.00234222
2 0.048133 0.510101 0.0962661 0.0353535 0.00232315
7 0.850989 0.412037 0.0624578 0.020202 0.00230598
31 0.31452 0.221801 0.0613426 0.442761 0.00229645
2 0.777378 0.415825 0.0200758 0.0218855 0.00228691
2 0.160467 0.452441 0.0301136 0.0429293 0.00228691
2 0.796338 0.44697 0.0981481 0.0387205 0.00225258
7 0.825337 0.440236 0.0602273 0.0555556 0.00221634
0 0.20982 0.421296 0.0075284 0.0151515 0.00219917
7 0.788531 0.440236 0.0892255 0.0496633 0.00219917
74 0.310895 0.0824653 0.0429398 0.0648674 0.00218201
0 0.439436 0.306397 0.0200758 0.0425084 0.00218201
2 0.904524 0.403199 0.0200758 0.0143098 0.00214958
0 0.840951 0.445286 0.0334596 0.0404041 0.00214005
2 0.788531 0.454545 0.0111532 0.020202 0.00213242
2 0.69819 0.407407 0.0178451 0.020202 0.00209999
5 0.754514 0.397727 0.0501894 0.030303 0.00209999
7 0.774032 0.434343 0.0289983 0.060606 0.00209045
14 0.862142 0.29335 0.00892258 0.0109428 0.00208282
0 0.777378 0.415825 0.0200758 0.0218855 0.0020752
2 0.709343 0.417088 0.0981482 0.0210438 0.00203514
0 0.597811 0.359428 0.0111532 0.0193602 0.00201988
3 0.284685 0.708754 0.463973 0.565657 0.00201988
2 0.778493 0.43266 0.0223064 0.0538721 0.00199509
5 0.703209 0.408249 0.0189604 0.0185185 0.00194931
7 0.766782 0.403199 0.0401515 0.0319866 0.00194168
2 0.199085 0.448653 0.13105 0.0892256 0.00193405
2 0.206613 0.456229 0.0401515 0.0260943 0.00192642
7 0.808607 0.446128 0.0646885 0.0387205 0.00192642
4 0.360806 0.345118 0.581082 0.543771 0.00192642
7 0.717151 0.40867 0.0423821 0.0193603 0.00191879
2 0.209122 0.46633 0.02621 0.0252525 0.00189686
4 0.224458 0.33165 0.384228 0.606061 0.00189686
5 0.229756 0.409512 0.0504682 0.0437711 0.00188255
2 0.656923 0.402357 0.00892253 0.0227273 0.00186729
0 0.788531 0.454545 0.0111532 0.020202 0.00186729
14 0.530335 0.209175 0.0144991 0.0164141 0.00186062
7 0.69819 0.407407 0.0178451 0.020202 0.00184631
32 0.705997 0.670034 0.0289983 0.026936 0.00184631
2 0.832029 0.414983 0.055766 0.0218855 0.00183868
7 0.145549 0.436869 0.0763994 0.0286196 0.00183868
7 0.852104 0.393203 0.0825337 0.0452441 0.0018177
7 0.824779 0.414562 0.0390362 0.0218855 0.0018034
5 0.16451 0.433502 0.037642 0.0218855 0.00174809
5 0.797454 0.408249 0.0223064 0.020202 0.00173378
4 0.825894 0.499158 0.31452 0.1633 0.0017271
4 0.284685 0.708754 0.463973 0.565657 0.00171375
8 0.356345 0.477273 0.68146 0.954545 0.0017004
7 0.792435 0.408249 0.0301137 0.0311448 0.00168133
7 0.725516 0.405724 0.0200758 0.0218855 0.00167465
2 0.20982 0.421296 0.0075284 0.0151515 0.0016613
5 0.796338 0.445707 0.113763 0.0462963 0.0016613
5 0.718266 0.409091 0.0111532 0.016835 0.00165462
7 0.854335 0.401936 0.0825337 0.0395623 0.0016489
0 0.778493 0.43266 0.0223064 0.0538721 0.00162888
7 0.751726 0.393519 0.0479588 0.0311448 0.0015974
5 0.751726 0.393519 0.0479588 0.0311448 0.00158501
0 0.994308 0.287458 0.0100379 0.087963 0.00157928
4 0.795223 0.408249 0.0289983 0.0227273 0.00156689
4 0.762321 0.394886 0.0669192 0.0452441 0.00156689
7 0.938542 0.403199 0.0167298 0.0109427 0.00155449
7 0.174826 0.422559 0.0658039 0.0690236 0.00154877
4 0.753399 0.43266 0.202988 0.0437711 0.00154305
5 0.829798 0.445286 0.0535354 0.0437711 0.00153637
7 0.825894 0.410774 0.0591119 0.0286195 0.00153637
5 0.77682 0.404777 0.0591119 0.0406145 0.0015192
13 0.825337 0.452862 0.0423821 0.0286195 0.0015192
12 0.314799 0.208386 0.0630156 0.407302 0.00149536
4 0.99375 0.286195 0.0111532 0.0959596 0.00149536
2 0.0123034 0.497054 0.0246067 0.013468 0.00146675
13 0.85545 0.412879 0.0167297 0.0176768 0.00144958
0 0.124916 0.673401 0.013105 0.0252525 0.00144386
3 0.0720775 0.460438 0.0125474 0.0311448 0.00143814
2 0.04646 0.510101 0.0929201 0.0252525 0.00141621
2 0.204661 0.477273 0.0256524 0.0227273 0.00141048
25 0.763436 0.399411 0.0312289 0.030303 0.00139904
9 0.865488 0.357113 0.0122685 0.0248316 0.00139427
7 0.723843 0.417508 0.0769571 0.023569 0.00138855
0 0.865488 0.357113 0.0122685 0.0248316 0.00138855
2 0.824779 0.414562 0.0390362 0.0218855 0.00137806
2 0.197412 0.480219 0.223064 0.145623 0.00137806
2 0.788531 0.440236 0.0892255 0.0496633 0.00136662
7 0.804146 0.409933 0.0903409 0.03367 0.00135612
2 0.76734 0.433923 0.0267677 0.0538721 0.00134563
0 0.684249 0.40867 0.0133838 0.0176768 0.00133038
7 0.168413 0.423401 0.0521412 0.040404 0.00132465
13 0.164649 0.433502 0.0387574 0.0218855 0.00131989
0 0.160467 0.452441 0.0301136 0.0429293 0.00131989
2 0.211074 0.461279 0.02621 0.026936 0.00131989
2 0.771801 0.425084 0.0156145 0.0387205 0.00131512
0 0.451147 0.305135 0.0423821 0.0467172 0.00130463
0 0.464531 0.296717 0.0546506 0.0589226 0.0012846
2 0.774032 0.434343 0.0289983 0.060606 0.0012846
12 0.0717987 0.460438 0.0119897 0.0319865 0.00127888
7 0.771801 0.425084 0.0156145 0.0387205 0.00127411
7 0.778493 0.43266 0.0223064 0.0538721 0.00127411
0 0.685922 0.656566 0.0167298 0.0505051 0.00126934
7 0.0347492 0.798822 0.0690801 0.0875421 0.00126934
2 0.808607 0.446128 0.0646885 0.0387205 0.00126457
7 0.811953 0.457492 0.0156145 0.0218855 0.0012598
2 0.912332 0.402357 0.0133839 0.0117845 0.00124454
4 0.825894 0.410774 0.0591119 0.0286195 0.00124454
0 0.597254 0.424242 0.0178452 0.040404 0.00121593
2 0.0506773 0.513047 0.0754235 0.0210438 0.00121593
7 0.182076 0.447811 0.0775147 0.0488216 0.00119686
2 0.780166 0.367845 0.0178451 0.0159933 0.00118351
4 0.519181 0.730219 0.392593 0.497475 0.00117874
0 0.634059 0.433502 0.0189604 0.030303 0.00117397
0 0.635732 0.435185 0.0156145 0.0252525 0.00117397
5 0.85545 0.412879 0.0167297 0.0176768 0.00116062
4 0.825673 0.379209 0.348653 0.170034 0.00115108
2 0.185143 0.461279 0.0195181 0.0252525 0.0011425
4 0.427725 0.724327 0.607849 0.524411 0.00112915
2 0.245231 0.419192 0.0142203 0.0193603 0.00112438
37 0.31452 0.221801 0.0613426 0.442761 0.00112438
2 0.772917 0.408249 0.0434975 0.0286195 0.0011158
7 0.156424 0.445286 0.0513047 0.0404041 0.00111198
13 0.879987 0.421717 0.0334596 0.0227273 0.00109482
1 0.0676163 0.47096 0.0167298 0.0555556 0.00109005
0 0.991519 0.333544 0.0156145 0.156987 0.00109005
4 0.751726 0.393519 0.0479588 0.0311448 0.00107288
0 0.252341 0.418771 0.00836489 0.0193603 0.00107288
7 0.85545 0.409933 0.0178452 0.0244108 0.00106907
4 0.756187 0.387626 0.0669192 0.0488215 0.00106049
13 0.796338 0.445707 0.113763 0.0462963 0.00105667
0 0.598927 0.43266 0.0156145 0.0227272 0.00105286
2 0.1536 0.481481 0.126659 0.0824916 0.858887
4 0.830913 0.261364 0.336827 0.141835 0.712402
4 0.506692 0.5 0.986616 1 0.386719
4 0.363037 0.497475 0.716035 0.956229 0.345215
2 0.856566 0.4133 0.0178452 0.0168351 0.265869
2 0.16451 0.434343 0.0390362 0.023569 0.26123
7 0.830913 0.446128 0.0513047 0.0420876 0.194336
2 0.830913 0.445286 0.0513047 0.0437711 0.189575
2 0.770686 0.455387 0.0434975 0.020202 0.187134
4 0.578293 0.596907 0.837605 0.796086 0.17334
11 0.309501 0.0579756 0.0490741 0.113426 0.157104
3 0.360806 0.502104 0.690383 0.962121 0.15564
2 0.728862 0.4133 0.0156145 0.013468 0.117554
2 0.709343 0.408249 0.0144992 0.016835 0.117188
2 0.67198 0.405724 0.0301137 0.0185185 0.113586
2 0.684249 0.40867 0.0133838 0.0176768 0.107422
2 0.758418 0.454966 0.0223064 0.0210438 0.105225
13 0.881103 0.448232 0.0267676 0.0143098 0.104492
2 0.666961 0.410774 0.0223064 0.0151515 0.0963745
0 0.0717987 0.460438 0.0119897 0.0319865 0.0950317
2 0.684806 0.406566 0.0223064 0.020202 0.0910645
2 0.829798 0.45202 0.0490741 0.030303 0.0651245
2 0.797454 0.408249 0.0223064 0.020202 0.0585632
7 0.684806 0.406566 0.0223064 0.020202 0.0570679
2 0.717708 0.409091 0.0122685 0.016835 0.0522461
0 0.170505 0.462963 0.0136627 0.0218855 0.0450134
2 0.689268 0.407407 0.0122685 0.020202 0.0420837
4 0.758418 0.435185 0.200758 0.0622895 0.0390625
0 0.13105 0.464226 0.0117109 0.0117845 0.0381165
7 0.856566 0.4133 0.0178452 0.0168351 0.0379028
2 0.666961 0.40404 0.0178452 0.0143098 0.0377502
2 0.678115 0.406145 0.0334596 0.0185185 0.0346069
7 0.153879 0.481482 0.128889 0.0858586 0.0323486
2 0.737226 0.412458 0.0289983 0.013468 0.0314941
2 0.794108 0.409933 0.0301136 0.0252525 0.0314941
7 0.684249 0.40867 0.0133838 0.0176768 0.0278015
4 0.79355 0.408249 0.027883 0.0311448 0.0276947
7 0.829798 0.45202 0.0490741 0.030303 0.0252686
2 0.742803 0.411616 0.0223064 0.0117845 0.0244293
7 0.689268 0.407407 0.0122685 0.020202 0.0243378
5 0.684806 0.406566 0.0223064 0.020202 0.0240479
2 0.145236 0.436869 0.0770268 0.0294613 0.0237732
7 0.763994 0.397306 0.0312289 0.0277778 0.0236969
0 0.137881 0.462121 0.011432 0.0185185 0.0231476
7 0.796338 0.445707 0.113763 0.0462963 0.0223694
4 0.760648 0.453704 0.20968 0.0993266 0.0223694
7 0.769013 0.455387 0.0423821 0.0210438 0.0210419
0 0.771801 0.417088 0.0133838 0.0210438 0.0210114
7 0.709343 0.408249 0.0144992 0.016835 0.0207214
7 0.668077 0.409091 0.0234217 0.016835 0.0180511
0 0.771244 0.428451 0.0167298 0.0454546 0.0173035
2 0.710459 0.408249 0.0267677 0.020202 0.0168457
6 0.364152 0.485269 0.676999 0.95202 0.0166626
4 0.772917 0.408249 0.0423822 0.0286195 0.016098
61 0.358018 0.476852 0.684806 0.953704 0.0156708
0 0.167437 0.461279 0.0142203 0.0260943 0.0154877
11 0.31229 0.131313 0.0568813 0.262626 0.0150757
2 0.593908 0.360269 0.0111532 0.0189394 0.0150146
3 0.350768 0.684238 0.62681 0.599537 0.0149002
11 0.315357 0.308923 0.0613426 0.210438 0.0138474
7 0.797454 0.408249 0.0223064 0.020202 0.0132751
7 0.710459 0.407828 0.024537 0.0193603 0.0125275
4 0.766225 0.403199 0.0401515 0.0319866 0.0124817
7 0.758418 0.454966 0.0223064 0.0210438 0.0123825
11 0.314799 0.207965 0.0624579 0.41572 0.0118713
7 0.795223 0.408249 0.0289983 0.0227273 0.0112915
4 0.350768 0.684238 0.62681 0.599537 0.0109863
7 0.728862 0.4133 0.0156145 0.013468 0.0109482
0 0.0676163 0.47096 0.016451 0.0555556 0.0106964
5 0.710459 0.407828 0.024537 0.0193603 0.0106506
7 0.678115 0.406145 0.0334596 0.0185185 0.0105667
2 0.703209 0.408249 0.0189604 0.0185185 0.0102463
7 0.0919442 0.40404 0.183888 0.0858586 0.0100098
7 0.16451 0.433502 0.037642 0.0218855 0.00971222
0 0.0595999 0.460438 0.0132444 0.0303031 0.00844574
0 0.593908 0.360269 0.0111532 0.0189394 0.00841522
0 0.0754235 0.459175 0.013105 0.03367 0.00837708
2 0.764552 0.411616 0.0234217 0.0218855 0.00834656
2 0.754514 0.410774 0.0111532 0.016835 0.00831604
2 0.163394 0.428451 0.0381997 0.0151515 0.008255
0 0.065525 0.459596 0.0250947 0.0319866 0.008255
11 0.310338 0.082702 0.0451705 0.0639731 0.00818634
7 0.717708 0.409091 0.0122685 0.016835 0.00815582
2 0.848758 0.413721 0.031229 0.0193602 0.00796509
2 0.13816 0.45665 0.0373632 0.0277778 0.00796509
7 0.77682 0.404777 0.0591119 0.0406145 0.00772476
2 0.196715 0.462121 0.0471223 0.0319865 0.00766754
7 0.737226 0.412458 0.0289983 0.013468 0.00754929
5 0.763994 0.397306 0.0312289 0.0277778 0.00734711
2 0.142238 0.45665 0.0707531 0.0328283 0.00725937
4 0.786858 0.45202 0.210795 0.0841751 0.00714874
2 0.840951 0.445286 0.0334596 0.0404041 0.00706482
7 0.666961 0.40404 0.0178452 0.0143098 0.00701141
7 0.742803 0.411616 0.0223064 0.0117845 0.00677109
5 0.689268 0.407407 0.0122685 0.020202 0.00671768
0 0.185143 0.461279 0.0195181 0.0252525 0.00653839
4 0.791877 0.442761 0.129377 0.047138 0.00653839
2 0.659154 0.4133 0.0133838 0.0185185 0.0064621
7 0.67198 0.405724 0.0301137 0.0185185 0.00638962
0 0.830913 0.444444 0.0513047 0.0446128 0.00602722
0 0.169807 0.452862 0.027883 0.0404041 0.00595856
2 0.0720775 0.460438 0.0125474 0.0319865 0.00593567
2 0.770686 0.435606 0.0446128 0.0597643 0.00591278
2 0.246067 0.422559 0.0150568 0.0151515 0.00588989
4 0.797454 0.435606 0.238678 0.0614478 0.005867
2 0.23826 0.421296 0.00752842 0.0151515 0.00570679
5 0.678115 0.406145 0.0334596 0.0185185 0.00540543
4 0.829798 0.445286 0.0535354 0.0437711 0.00536346
7 0.845412 0.409512 0.0702652 0.0286195 0.00530243
4 0.77682 0.404777 0.0591119 0.0406145 0.00524139
0 0.15726 0.463805 0.0144992 0.0252525 0.00521851
11 0.0593908 0.460438 0.0133838 0.0303031 0.00519943
61 0.435532 0.495791 0.871065 0.936027 0.00516129
4 0.781839 0.439394 0.0691498 0.0521885 0.0051384
2 0.938542 0.403199 0.0167298 0.0109427 0.00510025
6 0.435532 0.491162 0.871065 0.975589 0.00498199
2 0.279945 0.409933 0.024537 0.0218855 0.00488663
4 0.827904 0.340488 0.344192 0.300505 0.00482941
2 0.130911 0.457912 0.0387574 0.023569 0.00479126
4 0.804146 0.409512 0.0869949 0.0328283 0.00475693
2 0.77682 0.404777 0.0591119 0.0406145 0.00471878
2 0.128506 0.456229 0.0519321 0.026936 0.00457382
4 0.757302 0.395518 0.0490741 0.02883 0.00455475
5 0.666961 0.410774 0.0223064 0.0151515 0.00453949
2 0.935753 0.403199 0.0144992 0.0126263 0.00452042
7 0.755072 0.397727 0.0513047 0.0294613 0.00443268
2 0.766225 0.403199 0.0401515 0.0319866 0.00441742
7 0.764552 0.411616 0.0234217 0.0218855 0.00431442
4 0.763994 0.396465 0.0312289 0.0286195 0.00428009
5 0.684249 0.40867 0.0133838 0.0176768 0.0042305
7 0.848758 0.413721 0.031229 0.0193602 0.00421524
7 0.703209 0.408249 0.0189604 0.0185185 0.00419998
2 0.7244 0.417508 0.0758418 0.023569 0.00416565
7 0.770686 0.435606 0.0446128 0.0597643 0.00415039
2 0.597811 0.359428 0.0111532 0.0193602 0.00411606
5 0.666961 0.40404 0.0178452 0.0143098 0.00407028
2 0.716593 0.40867 0.0401515 0.0193603 0.00403976
2 0.18598 0.461279 0.0289983 0.026936 0.00395966
0 0.774032 0.434343 0.0289983 0.060606 0.00391388
2 0.226968 0.420875 0.00669193 0.0151515 0.00387001
2 0.142203 0.449495 0.0775147 0.037037 0.00379562
5 0.709343 0.408249 0.0144992 0.016835 0.00366402
7 0.754514 0.410774 0.0111532 0.016835 0.00365067
4 0.771801 0.395728 0.0724958 0.0553451 0.00358009
2 0.253456 0.421717 0.0117109 0.0143098 0.00355148
2 0.763994 0.397306 0.0312289 0.0277778 0.00349617
4 0.804146 0.444444 0.100379 0.0420876 0.00346947
13 0.830913 0.445286 0.0513047 0.0437711 0.00346947
7 0.791319 0.400673 0.0334597 0.0429293 0.00345612
13 0.881103 0.446128 0.0289983 0.020202 0.00335121
2 0.166322 0.460438 0.0156145 0.0252525 0.00333786
2 0.811953 0.457492 0.0156145 0.0218855 0.00333786
7 0.832029 0.414983 0.0546506 0.0218855 0.00319672
0 0.148616 0.464646 0.0153357 0.0218855 0.00312424
2 0.791877 0.442761 0.129377 0.047138 0.00312424
2 0.220276 0.421717 0.0111532 0.0151515 0.0030632
7 0.16437 0.417929 0.0460069 0.0488215 0.00296974
0 0.766782 0.434343 0.027883 0.0555556 0.00293541
13 0.882218 0.451178 0.0289983 0.0218855 0.00288963
4 0.200061 0.639836 0.395102 0.503157 0.00286674
5 0.795223 0.408249 0.0289983 0.0227273 0.0028553
2 0.169807 0.452862 0.027883 0.0404041 0.00275803
0 0.973674 0.403199 0.00892248 0.013468 0.00274658
7 0.745591 0.402252 0.0379209 0.0237795 0.00268364
2 0.196017 0.451599 0.0619003 0.0404041 0.00268364
7 0.904524 0.403199 0.0200758 0.0143098 0.00264168
2 0.209541 0.456229 0.0281618 0.023569 0.00264168
0 0.23826 0.421296 0.00752842 0.0151515 0.00263214
2 0.192672 0.462963 0.0345749 0.030303 0.00259018
7 0.850989 0.412037 0.0646885 0.020202 0.00259018
24 0.0720775 0.460438 0.0125474 0.0319865 0.00255013
2 0.0482376 0.510101 0.0964752 0.0353535 0.00255013
5 0.69819 0.407407 0.0178451 0.020202 0.00254059
26 0.0720775 0.460438 0.0125474 0.0319865 0.00253105
2 0.155587 0.446128 0.0529777 0.0412458 0.00251198
2 0.796338 0.44697 0.0970328 0.0387205 0.00245285
2 0.160606 0.452441 0.0301136 0.0429293 0.00244331
31 0.31452 0.22096 0.0619003 0.440236 0.00243378
0 0.439436 0.306187 0.0206335 0.0425084 0.00239754
74 0.310895 0.0824653 0.0429398 0.0648674 0.002388
0 0.20982 0.421296 0.0075284 0.0151515 0.002388
4 0.121012 0.663721 0.24063 0.404882 0.00235939
2 0.904524 0.403199 0.0200758 0.0143098 0.00234222
0 0.777378 0.415825 0.0200758 0.0218855 0.00234222
7 0.0646188 0.404461 0.128401 0.0824916 0.00234222
7 0.825894 0.440236 0.0591119 0.0555556 0.00229645
2 0.777378 0.415825 0.0200758 0.0218855 0.00228691
0 0.840951 0.445286 0.0334596 0.0404041 0.00226974
5 0.755072 0.397727 0.0513047 0.0294613 0.00224304
2 0.206334 0.456229 0.0407092 0.0260943 0.00223351
7 0.716593 0.40867 0.0401515 0.0193603 0.00223351
2 0.69819 0.407407 0.0178451 0.020202 0.00222588
10 0.065525 0.459596 0.0250947 0.0319866 0.00219917
2 0.708786 0.417088 0.0981482 0.0210438 0.00216484
2 0.788531 0.454545 0.0133839 0.020202 0.00216484
5 0.229756 0.409512 0.0504682 0.0437711 0.00215721
7 0.766225 0.403199 0.0401515 0.0319866 0.00215721
0 0.597811 0.359428 0.0111532 0.0193602 0.00214005
7 0.774032 0.434343 0.0289983 0.060606 0.00214005
2 0.209122 0.465909 0.02621 0.0252525 0.00214005
0 0.788531 0.454545 0.0133839 0.020202 0.00211525
14 0.862142 0.29335 0.00892258 0.0109428 0.00209999
2 0.656923 0.402778 0.00892253 0.0227273 0.00209999
7 0.789089 0.439394 0.0892256 0.0513468 0.0020752
7 0.808607 0.445707 0.0624579 0.0378788 0.0020752
2 0.198806 0.44697 0.124916 0.0858586 0.0020752
2 0.832029 0.414983 0.0546506 0.0218855 0.0020504
5 0.703209 0.408249 0.0189604 0.0185185 0.00203514
7 0.69819 0.407407 0.0178451 0.020202 0.00198746
4 0.360806 0.343434 0.578851 0.546296 0.0019722
7 0.824779 0.414562 0.0390362 0.0218855 0.00196457
7 0.145236 0.436869 0.0770268 0.0294613 0.00196457
32 0.705997 0.670034 0.0289983 0.026936 0.00196457
7 0.852104 0.393098 0.0825337 0.0446128 0.00195694
14 0.530335 0.209175 0.0144991 0.016835 0.00194931
3 0.280782 0.710438 0.453935 0.56229 0.00192642
5 0.797454 0.408249 0.0223064 0.020202 0.00190449
0 0.778493 0.433502 0.0223064 0.0555556 0.00186729
7 0.854335 0.401936 0.0825337 0.0395623 0.00186729
7 0.79355 0.408249 0.027883 0.0311448 0.00186062
7 0.725516 0.405724 0.0200758 0.0218855 0.00184631
2 0.20982 0.421296 0.0075284 0.0151515 0.00181007
2 0.778493 0.433502 0.0223064 0.0555556 0.00179577
4 0.218324 0.331439 0.370286 0.608165 0.00176811
5 0.16451 0.433502 0.037642 0.0218855 0.00175476
0 0.994308 0.287458 0.0100379 0.087963 0.00172043
5 0.751726 0.393519 0.0479588 0.0311448 0.00170708
7 0.751726 0.393519 0.0479588 0.0311448 0.00170708
7 0.938542 0.403199 0.0167298 0.0109427 0.0017004
5 0.717708 0.409091 0.0122685 0.016835 0.0017004
5 0.796338 0.445707 0.113763 0.0462963 0.0017004
4 0.826452 0.498316 0.31229 0.161616 0.0017004
8 0.358018 0.476852 0.684806 0.953704 0.00168705
7 0.175663 0.42298 0.0674768 0.0707071 0.00166798
2 0.0468434 0.510101 0.0936869 0.0252525 0.00164223
4 0.795223 0.408249 0.0289983 0.0227273 0.00163555
5 0.829798 0.445286 0.0535354 0.0437711 0.00163555
7 0.825894 0.410774 0.0591119 0.0286195 0.00162888
5 0.77682 0.404777 0.0591119 0.0406145 0.00161076
4 0.280782 0.710438 0.453935 0.56229 0.00160408
25 0.763436 0.399411 0.0312289 0.030303 0.00157928
4 0.762879 0.394781 0.0669192 0.0446128 0.00156689
2 0.824779 0.414562 0.0390362 0.0218855 0.00156116
2 0.211074 0.461279 0.02621 0.026936 0.00154877
12 0.314799 0.208544 0.0630156 0.407828 0.00154877
0 0.124916 0.673401 0.013105 0.0252525 0.00154305
2 0.204661 0.476852 0.0256524 0.0227273 0.00153637
13 0.825337 0.452862 0.0434975 0.0286195 0.00153065
0 0.865488 0.356902 0.0111532 0.0252525 0.00151253
2 0.0123731 0.497054 0.0247462 0.013468 0.00150681
0 0.464531 0.296717 0.0552084 0.0589226 0.00149536
7 0.804146 0.409512 0.0869949 0.0328283 0.0014782
4 0.99375 0.286195 0.0111532 0.0959596 0.00147247
7 0.7244 0.417508 0.0758418 0.023569 0.00144386
9 0.865488 0.356902 0.0111532 0.0252525 0.00144386
2 0.766782 0.434343 0.027883 0.0555556 0.00143242
7 0.168553 0.423401 0.05242 0.040404 0.0014267
2 0.808607 0.445707 0.0624579 0.0378788 0.0014267
3 0.0720775 0.460438 0.0125474 0.0319865 0.0014267
0 0.684249 0.40867 0.0133838 0.0176768 0.00141048
0 0.451147 0.304924 0.0418245 0.0467172 0.00140476
2 0.774032 0.434343 0.0289983 0.060606 0.00138855
2 0.789089 0.439394 0.0892256 0.0513468 0.00138855
4 0.753956 0.43266 0.202988 0.0437711 0.00138855
2 0.912332 0.402357 0.0133839 0.0117845 0.00136662
0 0.685922 0.656566 0.0167298 0.0505051 0.00136185
7 0.0346795 0.798822 0.0689407 0.0875421 0.00136185
2 0.197272 0.478956 0.222785 0.143098 0.00135136
0 0.160606 0.452441 0.0301136 0.0429293 0.00134563
13 0.85545 0.412879 0.0167297 0.0176768 0.00134087
2 0.0502591 0.512626 0.0787695 0.0218855 0.00133514
0 0.634059 0.433923 0.0189604 0.030303 0.00131512
2 0.772917 0.408249 0.0423822 0.0286195 0.00131512
13 0.164649 0.433923 0.0387574 0.0227273 0.00129986
0 0.63629 0.435185 0.0156145 0.0252525 0.00129414
7 0.182215 0.447811 0.0777936 0.0488216 0.00129414
7 0.811953 0.457492 0.0156145 0.0218855 0.00127411
2 0.780166 0.367845 0.0178451 0.0159933 0.00125504
7 0.771244 0.428451 0.0167298 0.0454546 0.00125504
2 0.771244 0.428451 0.0167298 0.0454546 0.00124931
7 0.838163 0.406671 0.055766 0.0351431 0.00124454
0 0.597254 0.424242 0.0178452 0.040404 0.00123978
4 0.825894 0.410774 0.0591119 0.0286195 0.00123501
4 0.51946 0.731061 0.39315 0.497475 0.00123501
0 0.0690801 0.45665 0.0184028 0.0395623 0.00123024
37 0.31452 0.22096 0.0619003 0.440236 0.0012064
7 0.778493 0.433502 0.0223064 0.0555556 0.00120163
12 0.0717987 0.460438 0.0119897 0.0319865 0.00119209
5 0.85545 0.412879 0.0167297 0.0176768 0.00118828
2 0.185143 0.461279 0.0195181 0.0252525 0.00117874
2 0.24537 0.419192 0.0139415 0.0193603 0.00117397
0 0.252341 0.418771 0.00836489 0.0193603 0.00117397
2 0.00386877 0.354588 0.00731929 0.0214647 0.00116062
7 0.155587 0.446128 0.0529777 0.0412458 0.00116062
4 0.428283 0.724327 0.604503 0.524411 0.00116062
1 0.0676163 0.47096 0.016451 0.0555556 0.00115585
2 0.185561 0.449495 0.0733323 0.0454546 0.00115108
7 0.85545 0.409933 0.0178452 0.0244108 0.00114727
0 0.991519 0.333333 0.0156145 0.157407 0.00110722
4 0.756187 0.387626 0.0669192 0.0488215 0.0011034
2 0.153635 0.481481 0.126589 0.0824916 0.858887
4 0.830913 0.261364 0.336827 0.141414 0.713867
4 0.506692 0.5 0.986616 1 0.383057
4 0.363037 0.497475 0.71492 0.956229 0.345215
2 0.856566 0.4133 0.0178452 0.0168351 0.265869
2 0.16451 0.434343 0.0390362 0.023569 0.26123
7 0.830913 0.446128 0.0513047 0.0420876 0.193115
2 0.830913 0.445286 0.0513047 0.0437711 0.188354
2 0.770686 0.455387 0.0434975 0.020202 0.187134
4 0.578712 0.596801 0.836769 0.796296 0.174927
11 0.309501 0.0580282 0.0490741 0.113531 0.156128
3 0.360248 0.501684 0.690383 0.962963 0.155029
2 0.709343 0.408249 0.0144992 0.016835 0.117188
2 0.728862 0.4133 0.0156145 0.013468 0.117188
2 0.67198 0.405724 0.0301137 0.0185185 0.113159
2 0.684249 0.40867 0.0133838 0.0176768 0.107056
13 0.881103 0.448232 0.0267676 0.0143098 0.105957
2 0.758418 0.454966 0.0223064 0.0210438 0.104858
2 0.666961 0.410774 0.0223064 0.0151515 0.0960083
0 0.0717987 0.460438 0.0121291 0.0319865 0.0960083
2 0.684806 0.406566 0.0223064 0.020202 0.0907593
2 0.829798 0.45202 0.0490741 0.030303 0.0646362
2 0.797454 0.408249 0.0223064 0.020202 0.0583496
7 0.684806 0.406566 0.0223064 0.020202 0.0570679
2 0.717708 0.409091 0.0122685 0.016835 0.0522461
0 0.170505 0.462963 0.0136627 0.0218855 0.0448608
2 0.689268 0.407407 0.0122685 0.020202 0.0423889
4 0.758418 0.435185 0.200758 0.0622895 0.0396423
7 0.856566 0.4133 0.0178452 0.0168351 0.0379028
0 0.13105 0.464226 0.0117109 0.0117845 0.0379028
2 0.666404 0.40404 0.0189605 0.0143098 0.037323
2 0.678115 0.406145 0.0334596 0.0185185 0.0346069
7 0.153879 0.481482 0.128889 0.0858586 0.0322266
2 0.794108 0.409933 0.0301136 0.0252525 0.03125
2 0.737226 0.412458 0.0289983 0.013468 0.0310211
7 0.684249 0.40867 0.0133838 0.0176768 0.0278015
4 0.79355 0.408249 0.027883 0.0311448 0.0278015
7 0.829798 0.45202 0.0490741 0.030303 0.0252686
7 0.689268 0.407407 0.0122685 0.020202 0.0245209
2 0.742803 0.411616 0.0223064 0.0117845 0.024231
5 0.684806 0.406566 0.0223064 0.020202 0.0240479
2 0.145236 0.436869 0.0770268 0.0294613 0.0238647
7 0.763994 0.397306 0.0312289 0.0277778 0.0235138
0 0.137742 0.462121 0.0117109 0.0185185 0.0230255
4 0.760648 0.453704 0.20968 0.0993266 0.0227203
7 0.796338 0.445707 0.113763 0.0462963 0.0224609
7 0.769013 0.455387 0.0423821 0.0210438 0.0209656
0 0.771801 0.417088 0.0133838 0.0210438 0.0208435
7 0.709343 0.408249 0.0144992 0.016835 0.0206451
7 0.668077 0.409091 0.0234217 0.016835 0.0179901
0 0.771244 0.428451 0.0167298 0.0471381 0.0171814
2 0.709901 0.408249 0.0267677 0.020202 0.0165253
6 0.363594 0.484848 0.675884 0.952862 0.0165253
4 0.772917 0.408249 0.0423822 0.0286195 0.0161591
11 0.312568 0.131313 0.0568813 0.262626 0.0158997
61 0.35746 0.476852 0.683691 0.953704 0.0157166
0 0.167437 0.461279 0.0142203 0.0260943 0.0153656
2 0.593908 0.360269 0.0111532 0.0189394 0.0149536
3 0.350489 0.683923 0.626252 0.600168 0.0147324
11 0.315357 0.308502 0.0613426 0.209596 0.0139008
7 0.797454 0.408249 0.0223064 0.020202 0.0132751
4 0.766225 0.403199 0.0401515 0.0319866 0.0126266
7 0.710459 0.407828 0.024537 0.0193603 0.0125275
7 0.758418 0.454966 0.0223064 0.0210438 0.0123367
11 0.314799 0.207965 0.0624579 0.41572 0.0117798
7 0.795223 0.408249 0.0289983 0.0227273 0.0112457
4 0.350489 0.683923 0.626252 0.600168 0.0109482
7 0.728862 0.4133 0.0156145 0.013468 0.0108566
5 0.710459 0.407828 0.024537 0.0193603 0.0106506
0 0.0676163 0.47096 0.016451 0.0555556 0.0106506
7 0.678115 0.406145 0.0334596 0.0185185 0.0105286
2 0.703209 0.408249 0.0189604 0.0185185 0.0102921
7 0.0920139 0.40404 0.184028 0.0858586 0.0102463
7 0.16451 0.433502 0.0379209 0.0218855 0.00971222
0 0.0595476 0.460438 0.013349 0.0303031 0.0085144
0 0.0754932 0.459175 0.013105 0.03367 0.00847626
0 0.593908 0.360269 0.0111532 0.0189394 0.00841522
0 0.065525 0.459596 0.0250947 0.0319866 0.00828552
2 0.754514 0.410774 0.0111532 0.016835 0.008255
2 0.764552 0.411616 0.0234217 0.0218855 0.008255
2 0.163394 0.428451 0.0381997 0.0151515 0.008255
11 0.310338 0.082702 0.0451705 0.0639731 0.00818634
7 0.717708 0.409091 0.0122685 0.016835 0.00809479
2 0.848758 0.413721 0.031229 0.0193602 0.00800323
2 0.138335 0.456229 0.0372935 0.026936 0.00790405
7 0.77682 0.404777 0.0591119 0.0406145 0.00772476
2 0.196715 0.462121 0.0471223 0.0319865 0.00766754
7 0.737226 0.412458 0.0289983 0.013468 0.00743103
4 0.7863 0.45202 0.20968 0.0833334 0.00728989
5 0.763994 0.397306 0.0312289 0.0277778 0.00725937
2 0.142203 0.45665 0.070544 0.0328283 0.00717545
2 0.840951 0.445286 0.0334596 0.0404041 0.00706482
7 0.666404 0.40404 0.0189605 0.0143098 0.0069046
5 0.689268 0.407407 0.0122685 0.020202 0.00674438
7 0.742803 0.411616 0.0223064 0.0117845 0.00674438
4 0.791877 0.442761 0.129377 0.047138 0.00661469
0 0.185143 0.461279 0.0195181 0.0252525 0.00653839
7 0.67198 0.405724 0.0301137 0.0185185 0.00641251
2 0.659154 0.4133 0.0133838 0.0185185 0.00636292
0 0.830913 0.444444 0.0513047 0.0446128 0.00605011
2 0.0720775 0.460438 0.0125474 0.0311448 0.00600433
0 0.169668 0.452862 0.0281618 0.0404041 0.00595856
2 0.245928 0.422559 0.0150568 0.0151515 0.00593567
4 0.797454 0.435606 0.238678 0.0614478 0.00591278
2 0.770686 0.435606 0.0446128 0.0597643 0.00588989
2 0.23826 0.421296 0.00752842 0.0151515 0.00575256
4 0.829798 0.445286 0.0535354 0.0437711 0.00540543
5 0.678115 0.406145 0.0334596 0.0185185 0.00538635
7 0.845412 0.409512 0.0702652 0.0286195 0.00530243
4 0.77682 0.404777 0.0591119 0.0406145 0.00527954
0 0.15726 0.463805 0.0144992 0.0252525 0.00521851
4 0.781839 0.439394 0.0680345 0.0521885 0.00519943
61 0.435254 0.495791 0.870507 0.936027 0.00518036
11 0.0593908 0.460438 0.0133838 0.0303031 0.00511932
6 0.435254 0.490741 0.870507 0.976431 0.00503922
2 0.938542 0.403199 0.0167298 0.0109427 0.00500107
2 0.279945 0.409933 0.024537 0.0218855 0.00488663
4 0.827904 0.340488 0.344192 0.299663 0.00482941
2 0.130911 0.457912 0.0387574 0.023569 0.00481033
4 0.804146 0.409933 0.0881103 0.0319865 0.00477219
2 0.77682 0.404777 0.0591119 0.0406145 0.00471878
2 0.128506 0.456229 0.0519321 0.026936 0.00457382
4 0.757302 0.395518 0.0490741 0.02883 0.00455475
2 0.935753 0.403199 0.0144992 0.0126263 0.00448608
5 0.666961 0.410774 0.0223064 0.0151515 0.00446701
7 0.755072 0.397727 0.0513047 0.0294613 0.00445175
7 0.764552 0.411616 0.0234217 0.0218855 0.00429916
2 0.766225 0.403199 0.0401515 0.0319866 0.00428009
4 0.763994 0.396465 0.0312289 0.0286195 0.00426483
5 0.684249 0.40867 0.0133838 0.0176768 0.00426483
7 0.848758 0.413721 0.031229 0.0193602 0.0042305
7 0.703209 0.408249 0.0189604 0.0185185 0.00418091
7 0.770686 0.435606 0.0446128 0.0597643 0.00416565
2 0.723843 0.417508 0.0758418 0.023569 0.00415039
2 0.597811 0.359428 0.0111532 0.0193602 0.00407028
5 0.666404 0.40404 0.0189605 0.0143098 0.00400543
2 0.18598 0.461279 0.0292772 0.026936 0.00397491
0 0.774032 0.434343 0.0289983 0.060606 0.00390053
2 0.226968 0.420875 0.00669193 0.0151515 0.00387001
2 0.716593 0.40867 0.0401515 0.0193603 0.00385475
2 0.142238 0.449495 0.077445 0.037037 0.00376511
5 0.709343 0.408249 0.0144992 0.016835 0.00363541
7 0.754514 0.410774 0.0111532 0.016835 0.00362206
4 0.771801 0.395728 0.0724958 0.0553451 0.0036068
2 0.253456 0.421717 0.0117109 0.0143098 0.00356483
4 0.804146 0.444444 0.100379 0.0420876 0.00349617
2 0.763994 0.397306 0.0312289 0.0277778 0.00346947
13 0.830913 0.445286 0.0513047 0.0437711 0.00345612
7 0.791319 0.400673 0.0334597 0.0429293 0.00344276
13 0.881103 0.446128 0.0289983 0.020202 0.00338936
2 0.166322 0.460438 0.0156145 0.0252525 0.00333786
2 0.811953 0.457492 0.0156145 0.0218855 0.00332451
7 0.832029 0.414983 0.0546506 0.0218855 0.00317192
0 0.148616 0.464646 0.0153357 0.0218855 0.00312424
2 0.791877 0.442761 0.129377 0.047138 0.00312424
2 0.220415 0.421717 0.011432 0.0151515 0.00304031
7 0.16437 0.417929 0.0460069 0.0488215 0.00296974
0 0.766782 0.434343 0.027883 0.0555556 0.0029583
13 0.882218 0.451178 0.0289983 0.0218855 0.00291252
5 0.795223 0.408249 0.0289983 0.0227273 0.00282288
4 0.199782 0.641414 0.394544 0.501684 0.00282288
0 0.973674 0.403199 0.00892248 0.013468 0.00276756
2 0.169668 0.452862 0.0281618 0.0404041 0.00275803
2 0.196017 0.451599 0.0619003 0.0404041 0.00271416
7 0.745591 0.402252 0.0379209 0.0237795 0.00268364
7 0.904524 0.403199 0.0200758 0.0143098 0.00265312
0 0.23826 0.421296 0.00752842 0.0151515 0.00265312
2 0.209401 0.456229 0.0284407 0.023569 0.00261116
24 0.0720775 0.460438 0.0125474 0.0311448 0.00258064
7 0.850989 0.412037 0.0646885 0.020202 0.00257111
26 0.0720775 0.460438 0.0125474 0.0311448 0.00255013
2 0.0482376 0.510101 0.0964752 0.0353535 0.00255013
5 0.69819 0.407407 0.0178451 0.020202 0.00252151
2 0.160327 0.452441 0.0301136 0.0429293 0.00243378
2 0.796338 0.44697 0.0970328 0.0387205 0.00243378
31 0.31452 0.220539 0.0619003 0.440236 0.00243378
2 0.155587 0.446128 0.0529777 0.0412458 0.0024147
0 0.439436 0.306187 0.0200758 0.0425084 0.002388
0 0.20982 0.421296 0.0075284 0.0151515 0.002388
7 0.0648977 0.404461 0.128959 0.0833333 0.00237846
4 0.120873 0.663721 0.24063 0.404882 0.00235939
2 0.904524 0.403199 0.0200758 0.0143098 0.00234222
0 0.777378 0.415825 0.0200758 0.0218855 0.00233269
7 0.825894 0.440236 0.0591119 0.0555556 0.00231361
2 0.777378 0.415825 0.0200758 0.0218855 0.00226974
0 0.840951 0.445286 0.0334596 0.0404041 0.00226974
5 0.755072 0.397727 0.0513047 0.0294613 0.00225258
74 0.310895 0.0824653 0.0429398 0.0648674 0.00222588
2 0.69819 0.407407 0.0178451 0.020202 0.00221634
2 0.206334 0.456229 0.0407092 0.0260943 0.00221634
5 0.229756 0.409512 0.0504682 0.0437711 0.00219154
7 0.716593 0.40867 0.0401515 0.0193603 0.00218201
7 0.774032 0.434343 0.0289983 0.060606 0.00217438
2 0.788531 0.454545 0.0133839 0.020202 0.00217438
10 0.065525 0.459596 0.0250947 0.0319866 0.00216484
2 0.708786 0.417088 0.0981482 0.0210438 0.00214958
0 0.597811 0.359428 0.0111532 0.0193602 0.00214005
7 0.766225 0.403199 0.0401515 0.0319866 0.00214005
2 0.209122 0.465909 0.02621 0.0252525 0.00211525
7 0.789089 0.439394 0.0892256 0.0513468 0.00209999
7 0.808607 0.445707 0.0624579 0.0378788 0.00209045
14 0.862142 0.29335 0.00892258 0.0109428 0.00208282
2 0.656923 0.402778 0.00892253 0.0227273 0.00208282
0 0.788531 0.454545 0.0133839 0.020202 0.00208282
2 0.198527 0.44697 0.124916 0.0858586 0.00206757
2 0.832029 0.414983 0.0546506 0.0218855 0.00203514
5 0.703209 0.408249 0.0189604 0.0185185 0.00201035
7 0.69819 0.407407 0.0178451 0.020202 0.0019722
32 0.705997 0.670034 0.0289983 0.026936 0.00196457
7 0.852104 0.393098 0.0825337 0.0446128 0.00195694
7 0.824779 0.414562 0.0390362 0.0218855 0.00195694
7 0.145236 0.436869 0.0770268 0.0294613 0.00195694
4 0.360248 0.343013 0.579966 0.546296 0.00195694
14 0.530335 0.209175 0.0144991 0.016835 0.00194931
5 0.797454 0.408249 0.0223064 0.020202 0.00190449
3 0.280433 0.710438 0.451844 0.56229 0.00189686
0 0.779051 0.433502 0.0234217 0.0555556 0.00186062
7 0.79355 0.408249 0.027883 0.0311448 0.00186062
7 0.854335 0.401936 0.0825337 0.0395623 0.00185299
7 0.725516 0.405724 0.0200758 0.0218855 0.00183105
2 0.20982 0.421296 0.0075284 0.0151515 0.0018034
2 0.779051 0.433502 0.0234217 0.0555556 0.00177479
5 0.16451 0.433502 0.0379209 0.0218855 0.00175476
4 0.218603 0.33165 0.373075 0.609428 0.00173378
0 0.994308 0.287458 0.0100379 0.087963 0.00171375
5 0.751726 0.393519 0.0479588 0.0311448 0.00171375
7 0.751726 0.393519 0.0479588 0.0311448 0.00170708
5 0.796338 0.445707 0.113763 0.0462963 0.0017004
8 0.35746 0.476852 0.683691 0.953704 0.0017004
5 0.717708 0.409091 0.0122685 0.016835 0.00169373
4 0.82701 0.498316 0.313405 0.1633 0.00168705
7 0.175523 0.42298 0.0674769 0.0707071 0.00168133
7 0.938542 0.403199 0.0167298 0.0109427 0.00167465
4 0.795223 0.408249 0.0289983 0.0227273 0.0016489
5 0.829798 0.445286 0.0535354 0.0437711 0.00163555
2 0.0468434 0.510101 0.0936869 0.0252525 0.00162315
7 0.825894 0.410774 0.0591119 0.0286195 0.00162315
5 0.77682 0.404777 0.0591119 0.0406145 0.00161648
4 0.762879 0.394886 0.0669192 0.0452441 0.0015974
4 0.280433 0.710438 0.451844 0.56229 0.00158501
25 0.763436 0.399411 0.0312289 0.030303 0.00157356
2 0.824779 0.414562 0.0390362 0.0218855 0.00155449
12 0.314799 0.208544 0.0630156 0.407828 0.00154305
2 0.211074 0.461279 0.02621 0.026936 0.00153637
0 0.124916 0.673401 0.013105 0.0252525 0.00153065
2 0.204661 0.477273 0.0256524 0.0218855 0.00152493
13 0.825337 0.452862 0.0434975 0.0286195 0.00151253
2 0.0124428 0.497054 0.0248856 0.013468 0.00151253
0 0.464531 0.296717 0.0552084 0.0589226 0.00148392
4 0.99375 0.286195 0.0111532 0.0955387 0.00148392
0 0.865488 0.356902 0.0122685 0.0252525 0.00148392
7 0.804146 0.409933 0.0881103 0.0319865 0.00147247
7 0.168553 0.423401 0.05242 0.040404 0.00143814
7 0.723843 0.417508 0.0758418 0.023569 0.00143814
3 0.0720775 0.460438 0.0125474 0.0311448 0.00143242
2 0.766782 0.434343 0.027883 0.0555556 0.00142097
9 0.865488 0.356902 0.0122685 0.0252525 0.00142097
2 0.808607 0.445707 0.0624579 0.0378788 0.00141621
4 0.753956 0.43266 0.202988 0.0437711 0.00140476
2 0.774032 0.434343 0.0289983 0.060606 0.00139904
0 0.451147 0.304924 0.0418245 0.0467172 0.00138855
0 0.684249 0.40867 0.0133838 0.0176768 0.00138855
2 0.789089 0.439394 0.0892256 0.0513468 0.00138283
0 0.685922 0.656566 0.0167298 0.0505051 0.00136185
0 0.160327 0.452441 0.0301136 0.0429293 0.00135136
7 0.0346795 0.798822 0.0689407 0.0875421 0.00135136
2 0.912332 0.402357 0.0133839 0.0117845 0.00134563
13 0.85545 0.412879 0.0167297 0.0176768 0.00134563
2 0.197272 0.478956 0.222785 0.143098 0.00133038
0 0.634059 0.433923 0.0189604 0.030303 0.00131989
2 0.0501894 0.512626 0.0789089 0.0218855 0.00131512
0 0.63629 0.435185 0.0156145 0.0252525 0.00129986
7 0.182355 0.447811 0.0780724 0.0488216 0.00129986
13 0.164649 0.433923 0.0387574 0.0227273 0.00129414
2 0.772917 0.408249 0.0423822 0.0286195 0.0012846
0 0.0691498 0.45665 0.0184028 0.0395623 0.00127888
7 0.811953 0.457492 0.0156145 0.0218855 0.00126934
2 0.780166 0.367845 0.0178451 0.0159933 0.00125504
7 0.771244 0.428451 0.0167298 0.0471381 0.00124931
7 0.838163 0.406671 0.055766 0.0351431 0.00124454
0 0.597254 0.424242 0.0178452 0.040404 0.00124454
2 0.771244 0.428451 0.0167298 0.0471381 0.00123978
4 0.825894 0.410774 0.0591119 0.0286195 0.00123024
4 0.51946 0.73064 0.394266 0.498317 0.00121593
37 0.31452 0.220539 0.0619003 0.440236 0.0012064
7 0.779051 0.433502 0.0234217 0.0555556 0.00119686
12 0.0717987 0.460438 0.0121291 0.0319865 0.00119686
5 0.85545 0.412879 0.0167297 0.0176768 0.00118828
2 0.245231 0.419192 0.0142203 0.0193603 0.00117874
2 0.185701 0.449495 0.0736111 0.0454546 0.00117874
2 0.00386877 0.354377 0.00731929 0.0218855 0.0011692
2 0.185143 0.461279 0.0195181 0.0252525 0.0011692
0 0.252341 0.418771 0.00836489 0.0193603 0.00116062
1 0.0676163 0.47096 0.016451 0.0555556 0.00115108
7 0.85545 0.409933 0.0178452 0.0244108 0.0011425
4 0.428004 0.723906 0.605061 0.525253 0.00113773
7 0.155587 0.446128 0.0529777 0.0412458 0.00113392
13 0.879987 0.421717 0.0334596 0.0227273 0.0011158
4 0.756187 0.387626 0.0669192 0.0488215 0.00111198
0 0.991519 0.333333 0.0156145 0.157407 0.00111198
