0 0.124171 0.702109 0.141034 0.358524 0.895508
0 0.364571 0.677944 0.156085 0.322496 0.89502
0 0.885784 0.593146 0.0680085 0.12478 0.855469
0 0.26869 0.737698 0.194549 0.278559 0.804199
35 0.359275 0.702988 0.0384639 0.0483304 0.618652
32 0.680086 0.630053 0.0111489 0.0158172 0.455078
0 0.347847 0.57645 0.0401362 0.170474 0.379395
0 0.346175 0.536467 0.0323319 0.0922671 0.217285
34 0.367079 0.600176 0.0624341 0.0896309 0.216064
0 0.3537 0.458699 0.0083617 0.0210896 0.127686
34 0.362898 0.587873 0.0568596 0.0606327 0.122498
34 0.383524 0.597979 0.0981107 0.14587 0.0875854
0 0.354536 0.600176 0.0540724 0.219684 0.0736694
34 0.403034 0.641037 0.0568596 0.0553603 0.0605164
35 0.27956 0.775483 0.0295447 0.0597539 0.0596619
29 0.145772 0.461336 0.0334468 0.0281195 0.0570679
35 0.424496 0.654657 0.0200681 0.0272408 0.0393372
0 0.352864 0.554482 0.0468256 0.123023 0.0381165
0 0.232177 0.737258 0.119851 0.272408 0.0379028
34 0.356209 0.561511 0.0540724 0.108963 0.0351562
35 0.261861 0.627856 0.0404149 0.0527241 0.0290833
34 0.398017 0.637961 0.0434809 0.043058 0.0271759
35 0.369588 0.704745 0.0222979 0.0439367 0.0267639
34 0.359553 0.577329 0.0602043 0.0808436 0.0265503
34 0.902507 0.545694 0.0412511 0.0281195 0.0261536
0 0.356209 0.601933 0.0557447 0.119508 0.0249939
0 0.38436 0.596221 0.0975533 0.151142 0.024231
35 0.888013 0.630931 0.0100341 0.0210896 0.0231476
35 0.361226 0.693322 0.0479405 0.0632689 0.0229797
34 0.405264 0.630053 0.0557447 0.0773286 0.0227966
34 0.893031 0.545694 0.0200681 0.0281195 0.021286
35 0.280953 0.767135 0.0267575 0.0456941 0.021286
35 0.427005 0.655975 0.0144936 0.0246046 0.0209656
34 0.361226 0.601054 0.0624341 0.137083 0.0197144
32 0.146191 0.461336 0.0337256 0.0281195 0.0164642
34 0.808299 0.529877 0.0111489 0.140598 0.0162811
35 0.343666 0.543937 0.0289873 0.0667838 0.0158997
0 0.351192 0.459139 0.0133787 0.0219684 0.0141144
32 0.888013 0.630931 0.0100341 0.0210896 0.0138474
0 0.343945 0.458699 0.0105915 0.0210896 0.0136871
35 0.345617 0.537786 0.0323319 0.086116 0.0136337
24 0.0986682 0.661687 0.0777639 0.130053 0.0133743
32 0.678971 0.628295 0.0111489 0.0175747 0.0123825
0 0.354536 0.6529 0.0590894 0.333919 0.012146
35 0.26869 0.644112 0.0340043 0.082601 0.0103302
34 0.146469 0.461336 0.0356766 0.0281195 0.01017
35 0.263394 0.639279 0.0451532 0.0852372 0.0100098
34 0.891916 0.545255 0.042366 0.0333919 0.00993347
0 0.343666 0.543937 0.0289873 0.0667838 0.00981903
35 0.384081 0.630931 0.0200681 0.0333919 0.00923157
35 0.420873 0.650264 0.0267574 0.0377856 0.0091629
0 0.347847 0.459578 0.016166 0.0210896 0.0088501
34 0.400526 0.631371 0.0512851 0.0571177 0.00818634
34 0.366243 0.634886 0.0702384 0.195079 0.00806427
34 0.383802 0.628295 0.100341 0.189807 0.00796509
34 0.379064 0.593146 0.0836171 0.0685413 0.00772476
35 0.18772 0.802724 0.0192319 0.0351493 0.00760651
2 0.932052 0.421793 0.021183 0.0158172 0.00757599
35 0.283183 0.761423 0.0234128 0.0360281 0.00709534
35 0.407773 0.643234 0.053515 0.0509666 0.00666809
26 0.0986682 0.661687 0.0777639 0.130053 0.00658798
35 0.178662 0.568102 0.0144936 0.0404218 0.00653839
0 0.874077 0.594025 0.0468256 0.123023 0.00651169
35 0.179219 0.572935 0.0122638 0.0333919 0.0064621
35 0.252802 0.781195 0.0825022 0.0773286 0.00593567
0 0.341715 0.676626 0.094766 0.304042 0.00588989
24 0.0992256 0.646309 0.0886341 0.165202 0.00568771
35 0.336419 0.640598 0.0139362 0.0377856 0.00568771
35 0.274752 0.637961 0.0235522 0.0790861 0.0055542
0 0.906409 0.424429 0.00891914 0.0123023 0.00551224
34 0.410281 0.646749 0.0479404 0.0456942 0.00536346
35 0.274194 0.662566 0.0202075 0.0456942 0.00510025
35 0.265763 0.779877 0.0571383 0.0746924 0.00492477
35 0.881882 0.577768 0.0267575 0.0456942 0.00482941
2 0.938741 0.421793 0.011149 0.0158172 0.00453949
35 0.342273 0.688928 0.016166 0.0641476 0.00448608
35 0.275658 0.646309 0.0200681 0.0790861 0.00432968
24 0.0841745 0.675747 0.0525394 0.0949033 0.00431442
35 0.887456 0.625659 0.0122639 0.0369069 0.00428009
35 0.384639 0.638401 0.0183958 0.0325132 0.00428009
0 0.346175 0.523726 0.0306596 0.0615114 0.00426483
24 0.0767884 0.678383 0.0348405 0.0843586 0.00413513
35 0.193295 0.792619 0.0345617 0.0562391 0.00397491
2 0.923133 0.422671 0.00891914 0.013181 0.00395966
0 0.339485 0.59051 0.0234128 0.142355 0.00392914
35 0.273985 0.621265 0.0245277 0.0527241 0.00391388
35 0.882996 0.572056 0.031217 0.0544815 0.00382423
35 0.346732 0.550088 0.0345617 0.116872 0.00380898
34 0.906409 0.623023 0.0267574 0.059754 0.0036068
0 0.911984 0.424429 0.0111489 0.0123023 0.00358009
29 0.680086 0.630053 0.0111489 0.0158172 0.00358009
35 0.253081 0.804921 0.0825022 0.12478 0.00348282
35 0.256426 0.632689 0.0328894 0.0579965 0.00345612
0 0.870175 0.424429 0.0078043 0.0140597 0.00344276
35 0.270362 0.628735 0.0301022 0.0685413 0.00340271
34 0.387426 0.641476 0.0200681 0.0316344 0.00340271
14 0.680086 0.630053 0.0111489 0.0158172 0.00335121
35 0.871848 0.579965 0.0133787 0.0333919 0.00333786
0 0.877422 0.422671 0.00668936 0.0158172 0.00329781
35 0.864043 0.624341 0.0245276 0.0579965 0.00324821
34 0.887456 0.545694 0.0245276 0.0342707 0.00317192
35 0.188138 0.796134 0.0267575 0.0474517 0.00311089
35 0.179498 0.550967 0.0139362 0.0421793 0.00309944
35 0.380737 0.626977 0.0312171 0.0342707 0.00299263
35 0.359832 0.644112 0.0351192 0.026362 0.00298119
35 0.18786 0.8058 0.0239702 0.0369069 0.00294685
35 0.299349 0.823374 0.0256426 0.0316344 0.00283432
35 0.364292 0.681459 0.0518426 0.0913883 0.00276756
35 0.276215 0.6529 0.0167234 0.0650264 0.00275803
0 0.360111 0.597539 0.0590894 0.0905097 0.0027256
0 0.264509 0.622144 0.0362341 0.0606327 0.00271416
35 0.343109 0.531634 0.0267575 0.0720562 0.00268364
35 0.387426 0.641476 0.0200681 0.0316344 0.00261116
0 0.679528 0.643234 0.0144936 0.0439367 0.00261116
0 0.938741 0.421793 0.011149 0.0158172 0.00253105
35 0.273707 0.783392 0.0412511 0.0799648 0.00250244
0 0.34283 0.604569 0.0652213 0.207381 0.0024929
34 0.409166 0.621265 0.0351192 0.0738137 0.00248146
35 0.363456 0.63884 0.0445958 0.0377856 0.00247192
0 0.675069 0.422671 0.00891919 0.0219684 0.00243378
34 0.386311 0.628735 0.0245277 0.0316344 0.00239754
35 0.180195 0.543058 0.0125426 0.0316344 0.002388
0 0.347568 0.556239 0.0367915 0.0931459 0.00236893
0 0.923133 0.422671 0.00891914 0.013181 0.00235939
14 0.678971 0.628295 0.0111489 0.0175747 0.00235939
35 0.385196 0.697715 0.0144936 0.0351494 0.00235939
34 0.820562 0.592707 0.0200681 0.0114236 0.00234222
0 0.241932 0.809315 0.103685 0.133568 0.00231361
35 0.40833 0.618629 0.0323319 0.0685413 0.00228691
32 0.474945 0.931459 0.0105915 0.0158172 0.00226021
35 0.363734 0.611599 0.0512851 0.0922672 0.00222588
2 0.78823 0.425308 0.010034 0.0123023 0.00221634
35 0.198312 0.793497 0.0465469 0.0632689 0.00221634
35 0.145494 0.461336 0.0340043 0.029877 0.00220871
35 0.364013 0.663005 0.0546298 0.123023 0.00218201
38 0.146469 0.461336 0.0356766 0.0281195 0.00216484
34 0.364571 0.671353 0.0501703 0.0615114 0.00209045
34 0.884669 0.56239 0.0301022 0.0641476 0.00204277
0 0.409166 0.601054 0.0356766 0.107206 0.00199509
2 0.906409 0.424429 0.00891914 0.0123023 0.00198746
34 0.89972 0.568541 0.0490553 0.0755712 0.00198746
32 0.42589 0.655536 0.0156085 0.026362 0.00198746
0 0.868503 0.608084 0.0356767 0.0931459 0.0019722
0 0.843975 0.423111 0.00891914 0.013181 0.00196457
35 0.336698 0.623023 0.0156085 0.0738137 0.00196457
34 0.386311 0.650264 0.0178383 0.0439367 0.00195694
0 0.405822 0.626538 0.0501702 0.0817223 0.00190449
35 0.176432 0.565026 0.0156085 0.0210896 0.00188923
35 0.395788 0.633568 0.042366 0.0386643 0.00188923
24 0.108005 0.643673 0.0674511 0.151142 0.00188255
0 0.235243 0.775483 0.118179 0.20123 0.00188255
0 0.343109 0.531634 0.0267575 0.0720562 0.00186062
0 0.932052 0.421793 0.021183 0.0158172 0.00184631
34 0.346453 0.549209 0.0328894 0.0632689 0.00184631
14 0.681201 0.63181 0.0133787 0.0210897 0.00183868
26 0.0790878 0.677504 0.0402756 0.089631 0.00183105
34 0.346732 0.550088 0.0345617 0.116872 0.0018034
35 0.879652 0.59051 0.0334468 0.107206 0.00178242
35 0.300185 0.827768 0.0250851 0.0228471 0.0017271
32 0.887456 0.625659 0.0122639 0.0369069 0.00171375
0 0.968286 0.419156 0.0078042 0.0210896 0.00170708
0 0.409166 0.621265 0.0351192 0.0738137 0.00170708
2 0.911984 0.424429 0.0111489 0.0123023 0.00168133
34 0.398017 0.611599 0.0524 0.082601 0.00163555
26 0.102152 0.680141 0.0632703 0.0790861 0.00163555
34 0.889686 0.574253 0.0222979 0.0404218 0.00162888
24 0.114068 0.629174 0.0820841 0.16696 0.0015974
34 0.384639 0.666081 0.0189532 0.0764499 0.00156689
35 0.868503 0.608084 0.0356767 0.0931459 0.00156116
24 0.102152 0.680141 0.0632703 0.0790861 0.00154877
35 0.197615 0.788664 0.0367915 0.0615114 0.00154877
0 0.865158 0.429262 0.00668936 0.00966607 0.00153637
0 0.833941 0.424868 0.00668936 0.0105448 0.00152493
34 0.874635 0.561511 0.0156085 0.0544815 0.00152493
34 0.420873 0.650264 0.0267574 0.0377856 0.00152493
26 0.0992256 0.646309 0.0886341 0.165202 0.0015192
0 0.879652 0.59051 0.0334468 0.107206 0.00150681
38 0.884669 0.592707 0.0691235 0.12478 0.00150108
0 0.265624 0.602373 0.0295447 0.0281195 0.00148964
0 0.354815 0.620826 0.0512851 0.0905097 0.00148392
0 0.272592 0.608084 0.0200681 0.0307557 0.00146675
34 0.364292 0.681459 0.0518426 0.0913883 0.00146675
32 0.681201 0.63181 0.0133787 0.0210897 0.00144386
0 0.337813 0.608963 0.0178383 0.101933 0.00143814
0 0.678971 0.628295 0.0111489 0.0175747 0.0014267
35 0.201517 0.817223 0.0484979 0.0720563 0.00141048
35 0.273428 0.61116 0.0222979 0.0377856 0.00138855
32 0.82112 0.593146 0.0167233 0.0105448 0.00137806
35 0.680086 0.630053 0.0111489 0.0158172 0.00136662
0 0.681201 0.63181 0.0133787 0.0210897 0.00135612
34 0.807741 0.490334 0.00891914 0.0615114 0.00135136
35 0.872962 0.572935 0.0133788 0.0351494 0.00135136
35 0.400247 0.61819 0.0144937 0.0492091 0.00135136
35 0.336141 0.703866 0.0156085 0.0246045 0.00134563
38 0.364013 0.588752 0.0613192 0.0641476 0.00132465
35 0.364571 0.671353 0.0501703 0.0615114 0.00130939
0 0.324156 0.695079 0.235243 0.314587 0.00130463
35 0.337256 0.656854 0.0144936 0.0676625 0.00129414
34 0.384639 0.638401 0.0183958 0.0325132 0.00128937
35 0.281232 0.789543 0.0289873 0.0887522 0.00125504
34 0.681201 0.63181 0.0133787 0.0210897 0.00124931
35 0.416134 0.565905 0.0156085 0.026362 0.00123024
0 0.977763 0.418278 0.00891914 0.0228471 0.00122547
32 0.385475 0.699912 0.0144936 0.0289982 0.00122547
35 0.416413 0.572935 0.0167234 0.0369068 0.00121593
34 0.3537 0.460018 0.00780427 0.0202109 0.00120163
2 0.145494 0.461336 0.0379064 0.0281195 0.00119686
34 0.403034 0.59007 0.0445958 0.143234 0.00118828
34 0.273428 0.61116 0.0222979 0.0377856 0.00118351
35 0.402477 0.567663 0.0412511 0.0913884 0.00117874
34 0.380737 0.626977 0.0312171 0.0342707 0.00117397
35 0.3668 0.635325 0.0535149 0.0456942 0.00117397
35 0.381851 0.653778 0.0178383 0.0527241 0.00117397
35 0.338371 0.676186 0.0139362 0.0456942 0.0011692
35 0.351192 0.459139 0.0133787 0.0219684 0.00116062
0 0.258237 0.62478 0.0331681 0.0544815 0.00114727
34 0.146887 0.476274 0.0379064 0.0615114 0.0011425
0 0.263394 0.639279 0.0451532 0.0852372 0.00112057
34 0.726911 0.634446 0.0468256 0.0386643 0.0011158
0 0.961596 0.421353 0.0111489 0.0166959 0.00111198
14 0.680086 0.641476 0.0133787 0.0404218 0.00110722
0 0.187163 0.785149 0.280117 0.199473 0.00109863
2 0.82112 0.593146 0.0167233 0.0105448 0.00109005
34 0.400247 0.61819 0.0144937 0.0492091 0.00109005
35 0.137132 0.695079 0.0128213 0.0289982 0.00108147
35 0.273707 0.689807 0.0172809 0.0228471 0.00106907
24 0.12013 0.589631 0.0621554 0.06942 0.00106525
34 0.680086 0.630053 0.0111489 0.0158172 0.00106525
35 0.306317 0.696397 0.0629916 0.0281195 0.00105286
35 0.299907 0.815026 0.0278724 0.0439367 0.00105286
35 0.358717 0.709139 0.0451532 0.0650263 0.00104809
35 0.884669 0.56239 0.0301022 0.0641476 0.00103664
0 0.352307 0.466608 0.0122638 0.0351494 0.00102425
24 0.0836171 0.679262 0.0365128 0.0878734 0.00102425
0 0.124241 0.702109 0.141452 0.360281 0.87793
0 0.364849 0.677504 0.156643 0.325132 0.861816
0 0.885784 0.593146 0.0680085 0.12478 0.826172
0 0.269247 0.737258 0.195107 0.279438 0.769043
35 0.359553 0.702988 0.0379064 0.0483304 0.584961
32 0.680086 0.630053 0.0111489 0.0158172 0.488281
0 0.347847 0.57645 0.0401362 0.170474 0.328613
34 0.367358 0.600615 0.0624341 0.0905097 0.243652
0 0.346175 0.536907 0.0323319 0.0931458 0.19873
34 0.384081 0.606327 0.0986682 0.12478 0.175537
0 0.353422 0.458699 0.00891914 0.0210896 0.163452
34 0.363177 0.587873 0.0574171 0.0615114 0.125122
34 0.403592 0.641037 0.0568596 0.0553603 0.0913696
29 0.145772 0.461336 0.0337256 0.0281195 0.0710449
35 0.279839 0.773726 0.0289873 0.0579965 0.0661011
0 0.355094 0.601054 0.0546298 0.221441 0.0632324
34 0.356766 0.561951 0.0546298 0.105448 0.0499573
34 0.398854 0.638401 0.0462681 0.0448154 0.0402527
34 0.357324 0.58348 0.0524 0.0755711 0.0384521
34 0.903065 0.545694 0.0423659 0.0281195 0.0370483
35 0.262 0.628295 0.0406936 0.0527241 0.036499
0 0.232177 0.737698 0.119851 0.273286 0.0332031
35 0.42366 0.653778 0.0217404 0.0281195 0.0328369
34 0.893031 0.545694 0.0200681 0.0281195 0.0282135
35 0.887456 0.630931 0.0111489 0.0210896 0.0269623
0 0.353979 0.554921 0.0479405 0.122144 0.0267029
34 0.361783 0.603691 0.063549 0.13181 0.025177
0 0.356209 0.601933 0.0557447 0.119508 0.0241394
35 0.361226 0.693322 0.0479405 0.0632689 0.0211182
35 0.370145 0.704745 0.021183 0.0439367 0.0209656
0 0.384639 0.596221 0.0969958 0.151142 0.0200195
35 0.42589 0.655536 0.016166 0.026362 0.0184021
32 0.14633 0.461775 0.0334468 0.0281195 0.0171051
0 0.343388 0.458699 0.0100341 0.0210896 0.016922
32 0.887456 0.630931 0.0111489 0.0210896 0.0168457
0 0.350913 0.459139 0.0133787 0.0219684 0.0151901
32 0.678971 0.628295 0.0111489 0.0175747 0.0151291
35 0.343388 0.543937 0.0284298 0.0659051 0.0147324
24 0.0987379 0.661687 0.0784607 0.129174 0.0134811
34 0.893031 0.545255 0.042366 0.0325132 0.0134277
34 0.807184 0.528559 0.00891914 0.137083 0.0132217
35 0.345617 0.538225 0.0323319 0.0852372 0.0132217
35 0.269874 0.644552 0.0321926 0.0834797 0.0132217
35 0.263533 0.63884 0.0448745 0.0843585 0.012825
2 0.932052 0.421793 0.021183 0.0158172 0.0120544
34 0.367079 0.636204 0.0707958 0.191564 0.0116425
34 0.405822 0.626538 0.0512851 0.0826011 0.0110703
34 0.14633 0.461336 0.0356766 0.0281195 0.0109482
0 0.355094 0.651582 0.0590894 0.331283 0.0102921
0 0.347847 0.459578 0.0156085 0.0210896 0.0100937
35 0.179219 0.572935 0.0122638 0.0342706 0.00841522
0 0.343388 0.543937 0.0284298 0.0659051 0.00818634
35 0.178662 0.567663 0.0144936 0.0404218 0.00818634
0 0.874077 0.594025 0.0468256 0.123023 0.00818634
34 0.379622 0.594025 0.0836171 0.0685413 0.00815582
35 0.274822 0.637961 0.0234128 0.0790861 0.00790405
34 0.807184 0.531634 0.0133787 0.133568 0.00757599
26 0.0987379 0.661687 0.0784607 0.129174 0.00723267
35 0.282904 0.761423 0.0234128 0.0360281 0.00706482
35 0.384081 0.630492 0.0200681 0.0333919 0.00703812
2 0.938741 0.421793 0.011149 0.0158172 0.00701141
35 0.18772 0.802724 0.0189532 0.0351493 0.00701141
34 0.410281 0.646309 0.0479404 0.0456942 0.0069313
35 0.419758 0.648506 0.0301022 0.0404218 0.00669098
35 0.274334 0.65993 0.0210436 0.0527241 0.00651169
35 0.252663 0.780756 0.0827809 0.0764498 0.0064621
35 0.407773 0.643234 0.053515 0.0509666 0.006073
35 0.277609 0.780756 0.0334468 0.0720562 0.006073
0 0.906409 0.424429 0.00891914 0.0123023 0.00591278
2 0.923133 0.422232 0.00891914 0.013181 0.00557709
35 0.273985 0.623023 0.0245277 0.0544815 0.00547028
0 0.357324 0.58348 0.0524 0.0755711 0.00542831
35 0.336419 0.639719 0.0139362 0.0386643 0.0053215
24 0.0990862 0.64587 0.0889128 0.165202 0.00516129
35 0.887456 0.626098 0.0111489 0.0360281 0.0050621
35 0.881882 0.577329 0.0267575 0.0465729 0.00502014
0 0.341715 0.678822 0.094766 0.297891 0.00494385
34 0.391885 0.641037 0.0295447 0.0342706 0.00492477
35 0.269804 0.779438 0.0484979 0.0738137 0.00488663
35 0.270989 0.628735 0.0288479 0.0685413 0.00473785
0 0.877422 0.422232 0.00668936 0.0166959 0.00468063
0 0.346453 0.550088 0.0328894 0.0650263 0.0046463
34 0.906409 0.623023 0.0267574 0.059754 0.0046463
35 0.256286 0.632689 0.0326107 0.0579965 0.00448608
0 0.870175 0.424429 0.0078043 0.0140597 0.00446701
24 0.0790182 0.677504 0.0401362 0.089631 0.00431442
0 0.346175 0.523726 0.0306596 0.0597539 0.00428009
0 0.3406 0.609402 0.0702384 0.220562 0.00405502
2 0.78823 0.425308 0.00891919 0.0123023 0.00395966
34 0.887456 0.545694 0.0245276 0.0333919 0.00395966
0 0.338928 0.589631 0.0222979 0.142355 0.0039444
35 0.342273 0.689367 0.016166 0.0659051 0.00387001
0 0.911984 0.423989 0.0111489 0.0123023 0.00382423
35 0.179498 0.550527 0.0139362 0.0421792 0.00380898
35 0.882996 0.572056 0.031217 0.0544815 0.00379562
29 0.680086 0.630053 0.0111489 0.0158172 0.00374985
35 0.192877 0.792619 0.0331681 0.0562391 0.0037365
35 0.276006 0.652021 0.017699 0.0685413 0.00369263
35 0.871848 0.579965 0.0133787 0.0333919 0.00363541
34 0.820562 0.592267 0.0200681 0.0123023 0.00344276
34 0.409166 0.620387 0.0345617 0.0746925 0.00344276
35 0.864043 0.62478 0.0245276 0.0579964 0.00340271
35 0.384639 0.638401 0.0189532 0.0325132 0.00327301
35 0.347011 0.550967 0.0345617 0.11775 0.00323486
0 0.675069 0.422232 0.00891919 0.0228471 0.00312424
35 0.253917 0.801845 0.0808299 0.116872 0.00309944
0 0.938741 0.421793 0.011149 0.0158172 0.003088
35 0.180195 0.543058 0.0125426 0.0316344 0.00305176
34 0.387983 0.629174 0.0278723 0.0333919 0.0029583
35 0.299628 0.823374 0.0256426 0.0316344 0.00292397
0 0.923133 0.422232 0.00891914 0.013181 0.00288963
35 0.18786 0.796134 0.0262 0.046573 0.00287819
34 0.89972 0.567223 0.0490553 0.072935 0.00283432
35 0.360111 0.644112 0.0356766 0.026362 0.00281143
0 0.843975 0.422671 0.00891914 0.013181 0.00277901
2 0.906409 0.424429 0.00891914 0.0123023 0.00275803
35 0.34283 0.531634 0.0267575 0.0702987 0.0027256
0 0.264787 0.622144 0.0356766 0.0606327 0.00259018
34 0.885226 0.561951 0.0289873 0.0632689 0.0024929
2 0.911984 0.423989 0.0111489 0.0123023 0.00248146
34 0.347011 0.550967 0.0345617 0.11775 0.00248146
35 0.176293 0.565026 0.0158872 0.0210896 0.00245285
35 0.879652 0.59051 0.0334468 0.105448 0.00243378
24 0.0883554 0.673111 0.055466 0.100176 0.00243378
0 0.833941 0.424868 0.00668936 0.0105448 0.00242424
26 0.0790182 0.677504 0.0401362 0.089631 0.0024147
0 0.968286 0.419156 0.0078042 0.0210896 0.00240517
34 0.346453 0.550088 0.0328894 0.0650263 0.00237846
35 0.364571 0.681019 0.0512851 0.0922671 0.00233269
0 0.409166 0.601054 0.0356766 0.106327 0.00229645
32 0.887456 0.626098 0.0111489 0.0360281 0.00229645
35 0.379064 0.626538 0.0367915 0.0351494 0.00227928
14 0.680086 0.630053 0.0111489 0.0158172 0.00225258
0 0.36039 0.595782 0.0590894 0.0869948 0.00222588
0 0.932052 0.421793 0.021183 0.0158172 0.00220871
32 0.474945 0.931459 0.0100341 0.0140598 0.00220871
0 0.879652 0.59051 0.0334468 0.105448 0.00219917
35 0.364571 0.611599 0.0512851 0.0913884 0.00218201
35 0.363734 0.63884 0.0445958 0.0377856 0.00218201
35 0.14633 0.461775 0.0334468 0.0281195 0.00215721
0 0.348683 0.557118 0.0390213 0.0949033 0.00215721
0 0.865158 0.428822 0.00668936 0.00878733 0.00212479
0 0.86906 0.608963 0.0345617 0.0913884 0.00209045
35 0.391885 0.641037 0.0295447 0.0342706 0.00208282
34 0.364571 0.668717 0.0496128 0.0579965 0.0020752
35 0.198591 0.795255 0.0459894 0.0597539 0.00206757
34 0.889686 0.574253 0.0222979 0.0404218 0.00203514
34 0.419758 0.648506 0.0301022 0.0404218 0.00203514
38 0.14633 0.461336 0.0356766 0.0281195 0.00203514
35 0.408609 0.619069 0.032332 0.0685413 0.0019722
35 0.364571 0.662126 0.0546298 0.12478 0.0019722
0 0.679528 0.642794 0.0144936 0.0439367 0.0019722
35 0.385196 0.697715 0.0144936 0.0351494 0.0019722
34 0.385753 0.650264 0.0167234 0.0439367 0.00193405
34 0.726911 0.634007 0.0468256 0.0377856 0.00190449
0 0.405822 0.626538 0.0512851 0.0826011 0.00187492
2 0.145494 0.461775 0.0379064 0.0272408 0.00186729
35 0.387983 0.629174 0.0278723 0.0333919 0.00184631
2 0.773179 0.420914 0.0178383 0.0210896 0.00182438
34 0.874077 0.561511 0.0156086 0.0544815 0.00181007
34 0.399132 0.609842 0.0512852 0.0878735 0.00181007
35 0.336698 0.623023 0.0156085 0.0746924 0.0018034
14 0.678971 0.628295 0.0111489 0.0175747 0.00178242
0 0.409166 0.620387 0.0345617 0.0746925 0.00175476
24 0.108423 0.644112 0.0666149 0.151142 0.00175476
0 0.34283 0.531634 0.0267575 0.0702987 0.00174809
0 0.977205 0.418278 0.0078043 0.0228471 0.00173378
32 0.42589 0.655536 0.016166 0.026362 0.00173378
32 0.82112 0.593146 0.0167233 0.0105448 0.00171375
35 0.86906 0.608963 0.0345617 0.0913884 0.00170708
35 0.273776 0.611599 0.0221585 0.0386643 0.00170708
38 0.885226 0.592707 0.0691235 0.12478 0.0017004
0 0.355094 0.621265 0.0512851 0.0931459 0.00169373
26 0.102222 0.681019 0.0631309 0.0790862 0.00164223
35 0.300464 0.827768 0.0245277 0.0228471 0.00162888
0 0.235521 0.804482 0.118179 0.143234 0.00162888
34 0.364571 0.681019 0.0512851 0.0922671 0.00161648
35 0.680086 0.630053 0.0111489 0.0158172 0.00160408
0 0.961596 0.421353 0.0111489 0.0166959 0.00159168
34 0.384639 0.666081 0.0178383 0.0773286 0.00157928
24 0.113998 0.628735 0.0819447 0.166081 0.00153637
34 0.384639 0.638401 0.0189532 0.0325132 0.00151253
32 0.681201 0.631371 0.0133787 0.0202109 0.00148964
34 0.3537 0.459578 0.00780427 0.0193322 0.0014782
34 0.807741 0.489895 0.00891914 0.0597539 0.0014782
35 0.872962 0.572496 0.0133788 0.0351494 0.00147247
14 0.681201 0.631371 0.0133787 0.0202109 0.00145531
34 0.273776 0.611599 0.0221585 0.0386643 0.00144958
35 0.197476 0.788664 0.0356766 0.0615114 0.00143814
2 0.84955 0.42355 0.0133787 0.0123023 0.00143242
0 0.337813 0.608963 0.0178383 0.101933 0.00143242
26 0.0990862 0.64587 0.0889128 0.165202 0.0014267
0 0.94989 0.421793 0.0078043 0.0158172 0.00142097
34 0.379064 0.626538 0.0367915 0.0351494 0.00142097
0 0.319975 0.695079 0.244162 0.316344 0.00142097
0 0.265624 0.602373 0.0295447 0.0281195 0.00141048
24 0.102222 0.681019 0.0631309 0.0790862 0.00141048
34 0.893031 0.592267 0.0512852 0.121265 0.00138283
35 0.346453 0.550088 0.0328894 0.0650263 0.00137234
35 0.273776 0.689367 0.017699 0.0237258 0.00137234
34 0.403034 0.59007 0.0445958 0.143234 0.00135612
35 0.39746 0.634007 0.0457107 0.039543 0.00134087
0 0.352307 0.466608 0.0122638 0.0351494 0.00133514
38 0.364571 0.589192 0.0613192 0.0650263 0.00132465
0 0.271965 0.604569 0.0213224 0.0307557 0.00132465
0 0.78823 0.425308 0.00891919 0.0123023 0.00130939
35 0.402477 0.566784 0.0412511 0.0913884 0.00130939
34 0.680086 0.630053 0.0111489 0.0158172 0.00129986
35 0.337256 0.658172 0.0144936 0.0667838 0.0012846
0 0.81666 0.425308 0.00668936 0.0123023 0.00127888
0 0.678971 0.628295 0.0111489 0.0175747 0.00127888
35 0.20305 0.817223 0.0437596 0.0650264 0.00127411
2 0.769835 0.416081 0.0167234 0.0246046 0.0012598
0 0.188417 0.786467 0.284856 0.196837 0.00125504
24 0.120339 0.589631 0.062016 0.0685413 0.00124931
34 0.401641 0.619508 0.0183958 0.0544815 0.00124454
34 0.42366 0.653778 0.0217404 0.0281195 0.00124454
35 0.336419 0.704306 0.016166 0.0254833 0.00123978
0 0.263533 0.63884 0.0448745 0.0843585 0.00123501
0 0.258377 0.62478 0.0334468 0.0544815 0.00123024
35 0.3537 0.459578 0.00780427 0.0193322 0.00122547
35 0.416134 0.566344 0.0156085 0.026362 0.00121117
34 0.4192 0.579086 0.0144936 0.0597539 0.00121117
0 0.805511 0.424429 0.0078043 0.0158172 0.00119686
2 0.82112 0.593146 0.0167233 0.0105448 0.00119686
35 0.281232 0.789982 0.0289873 0.089631 0.00119686
0 0.753111 0.424868 0.00891914 0.0123023 0.00118351
34 0.147166 0.466608 0.0356766 0.0369068 0.00118351
34 0.30799 0.696837 0.0618766 0.0281195 0.00117874
34 0.681201 0.631371 0.0133787 0.0202109 0.00117397
0 0.681201 0.641476 0.0133787 0.0386643 0.0011692
34 0.900277 0.622583 0.0390213 0.0615114 0.00116539
34 0.146887 0.476274 0.037349 0.0597539 0.00116539
2 0.843975 0.422671 0.00891914 0.013181 0.00116062
32 0.679528 0.641476 0.0122638 0.0404218 0.00116062
34 0.910869 0.643234 0.0167234 0.0210896 0.00115585
34 0.273985 0.623023 0.0245277 0.0544815 0.00114727
35 0.416413 0.572935 0.0167234 0.0377856 0.00113773
35 0.338371 0.676186 0.0139362 0.0465729 0.00112438
2 0.782099 0.424868 0.00668936 0.0140598 0.00112057
35 0.34283 0.500879 0.0133787 0.0175747 0.00112057
32 0.385196 0.699912 0.0144936 0.0289982 0.00110722
0 0.681201 0.631371 0.0133787 0.0202109 0.00110722
0 0.986682 0.421793 0.00891914 0.0149385 0.0011034
35 0.885226 0.592707 0.0691235 0.12478 0.00109863
34 0.338928 0.589631 0.0222979 0.142355 0.00108147
35 0.367079 0.634886 0.0540724 0.0465729 0.00108147
26 0.0883554 0.673111 0.055466 0.100176 0.00107288
34 0.872962 0.572496 0.0133788 0.0351494 0.00105667
34 0.351192 0.584359 0.0468256 0.158172 0.00105667
35 0.364571 0.668717 0.0496128 0.0579965 0.00104809
35 0.173087 0.55536 0.0273149 0.0536028 0.00104427
0 0.273776 0.611599 0.0221585 0.0386643 0.00104427
34 0.356766 0.605448 0.0546298 0.105448 0.00104427
35 0.401641 0.619508 0.0183958 0.0544815 0.00104046
24 0.117621 0.615993 0.0727469 0.12478 0.00103188
34 0.338928 0.639719 0.0167234 0.126538 0.00103188
35 0.137132 0.695079 0.0128213 0.0298769 0.00103188
35 0.306596 0.696397 0.0629916 0.0281195 0.00102425
0 0.800494 0.421793 0.011149 0.0193321 0.00100803
34 0.409166 0.601054 0.0356766 0.106327 0.00100803
35 0.860699 0.608524 0.0200681 0.043058 0.00100803
35 0.299907 0.815466 0.0278724 0.0439367 0.00100422
0 0.124328 0.702109 0.142114 0.360281 0.866699
0 0.364013 0.678383 0.158315 0.323374 0.847656
0 0.885784 0.593146 0.0680085 0.12478 0.811523
0 0.269804 0.737258 0.196221 0.279438 0.74707
35 0.358996 0.702988 0.0379064 0.0483304 0.563965
32 0.679528 0.630053 0.010034 0.0158172 0.517578
0 0.347847 0.57645 0.0401362 0.170474 0.29834
34 0.367637 0.600176 0.063549 0.0896309 0.262939
34 0.384081 0.609402 0.0986682 0.11775 0.206909
0 0.346175 0.536907 0.0323319 0.0931458 0.193726
0 0.353422 0.458699 0.00891914 0.0210896 0.190674
34 0.363177 0.587873 0.0579745 0.0615114 0.131226
34 0.403592 0.641037 0.0568596 0.0553603 0.110474
29 0.145772 0.461336 0.0337256 0.0281195 0.0786133
35 0.279839 0.773286 0.0289873 0.0579965 0.0675659
0 0.355373 0.600176 0.0557447 0.219684 0.0619812
34 0.356766 0.56239 0.0546298 0.103691 0.0574951
34 0.399411 0.638401 0.047383 0.0448154 0.0474243
34 0.903065 0.545694 0.0423659 0.0272408 0.0446777
35 0.262 0.627856 0.0406936 0.0518453 0.0367737
34 0.893031 0.545694 0.0200681 0.0281195 0.0330811
35 0.423102 0.653778 0.0222979 0.0289982 0.0323486
0 0.232177 0.737258 0.120409 0.274165 0.0294189
35 0.887456 0.630931 0.0111489 0.0210896 0.0282135
34 0.362619 0.605009 0.0652213 0.130053 0.0255585
0 0.356209 0.601933 0.0557447 0.119508 0.0240021
35 0.280953 0.766257 0.0267575 0.0439367 0.0226288
35 0.361783 0.693322 0.0479405 0.0623902 0.0222931
0 0.34283 0.458699 0.00891917 0.0210896 0.0216522
0 0.354258 0.55536 0.0484979 0.121265 0.0206451
35 0.370424 0.704745 0.0206256 0.0439367 0.0189819
32 0.887456 0.630931 0.0111489 0.0210896 0.0187683
35 0.42589 0.655536 0.016166 0.026362 0.0185394
32 0.146191 0.461336 0.0337256 0.0281195 0.0184784
0 0.384639 0.596221 0.0975533 0.151142 0.0182648
2 0.932052 0.421353 0.0222979 0.0158172 0.0181274
0 0.350913 0.459139 0.0133787 0.0219684 0.016098
34 0.893031 0.545255 0.042366 0.0325132 0.0156708
35 0.27085 0.644552 0.0302415 0.0834797 0.0142822
35 0.263673 0.63884 0.0445958 0.0843585 0.0136337
34 0.368194 0.636204 0.0730256 0.191564 0.0127716
34 0.405264 0.626098 0.0512851 0.0817223 0.0125732
24 0.0985288 0.662566 0.0794362 0.126538 0.0125732
35 0.343388 0.543937 0.0278723 0.0650264 0.0124283
0 0.347568 0.459578 0.0156085 0.0210896 0.0116882
35 0.345617 0.538225 0.0323319 0.0852372 0.0116882
2 0.938741 0.421793 0.011149 0.0158172 0.0103683
34 0.145772 0.461336 0.0351192 0.0281195 0.00971222
35 0.274822 0.637961 0.0234128 0.0790861 0.00971222
34 0.807184 0.524605 0.00891914 0.129174 0.00948334
0 0.355094 0.648945 0.0590894 0.326011 0.00933838
35 0.179219 0.572935 0.0122638 0.0342706 0.00891876
34 0.3799 0.594464 0.0841745 0.06942 0.00881195
35 0.178662 0.568102 0.0144936 0.0386643 0.0085144
0 0.343388 0.543937 0.0278723 0.0650264 0.00806427
34 0.410002 0.646309 0.0484979 0.0456942 0.00790405
2 0.923133 0.421793 0.00891914 0.0140597 0.0078125
0 0.87352 0.594464 0.0457107 0.122144 0.00763702
35 0.273985 0.656854 0.021183 0.0579965 0.00748825
26 0.0985288 0.662566 0.0794362 0.126538 0.00723267
35 0.282904 0.761423 0.0234128 0.0360281 0.00714874
35 0.252524 0.780316 0.0830596 0.0755711 0.00674438
35 0.18772 0.803163 0.0186745 0.0351494 0.00658798
35 0.273985 0.623023 0.0245277 0.0544815 0.0064888
35 0.38436 0.630492 0.021183 0.0333919 0.00643921
2 0.78823 0.424868 0.00891919 0.0114235 0.00619125
35 0.418643 0.648506 0.0323319 0.0421793 0.00616837
35 0.407494 0.643234 0.0535149 0.0509666 0.00602722
34 0.39523 0.641037 0.0362341 0.0351494 0.00593567
0 0.906409 0.424429 0.00891914 0.0123023 0.00588989
35 0.277609 0.780316 0.0334468 0.0720562 0.00588989
0 0.877422 0.422232 0.00668936 0.0166959 0.00544739
35 0.271756 0.628295 0.0273149 0.0685414 0.0051384
0 0.338928 0.610721 0.0746979 0.223199 0.00508118
35 0.336698 0.63884 0.0144936 0.0421793 0.00498199
0 0.870175 0.423989 0.0078043 0.013181 0.0049057
35 0.887456 0.626098 0.0111489 0.0360281 0.00484848
0 0.357324 0.58304 0.0529575 0.0720562 0.00481033
24 0.0990862 0.64587 0.0894703 0.163445 0.00477219
35 0.256286 0.632689 0.0326107 0.0571178 0.00473785
35 0.270432 0.778998 0.0478011 0.0729349 0.00469971
34 0.906409 0.623023 0.0267574 0.059754 0.00457382
0 0.346453 0.550088 0.0328894 0.0650263 0.00453949
35 0.275936 0.651142 0.0178383 0.0702987 0.00453949
35 0.881882 0.577329 0.0267575 0.0474517 0.00452042
34 0.888013 0.545694 0.0245276 0.0333919 0.00450516
34 0.807184 0.530756 0.0133787 0.133568 0.00446701
34 0.820562 0.592267 0.0200681 0.0114235 0.00408554
0 0.346175 0.523726 0.0306596 0.0597539 0.00407028
0 0.338928 0.589631 0.0222979 0.142355 0.00399017
2 0.906409 0.424429 0.00891914 0.0123023 0.0039444
24 0.0790182 0.677504 0.0401362 0.089631 0.00392914
35 0.179498 0.550088 0.0139362 0.0413005 0.00391388
29 0.679528 0.630053 0.010034 0.0158172 0.00390053
0 0.341994 0.681019 0.0942086 0.289982 0.00388527
34 0.409166 0.619508 0.0345617 0.0755711 0.00387001
0 0.911984 0.423989 0.0111489 0.0123023 0.00374985
35 0.342273 0.689807 0.016166 0.0667838 0.0037365
2 0.911984 0.423989 0.0111489 0.0123023 0.00362206
35 0.871848 0.579525 0.0133787 0.0333919 0.00352478
35 0.192598 0.793497 0.0323319 0.0544816 0.00344276
35 0.864043 0.62478 0.0245276 0.0579964 0.00338936
34 0.900835 0.566784 0.0490554 0.0711775 0.00333786
35 0.882996 0.571617 0.031217 0.0553603 0.00333786
35 0.299628 0.823374 0.0256426 0.0316344 0.00332451
34 0.389098 0.629174 0.0312171 0.0333919 0.00325966
0 0.675069 0.422232 0.00891919 0.0228471 0.00323486
35 0.180334 0.543058 0.0122638 0.0316344 0.00323486
35 0.384917 0.63884 0.0189532 0.0316344 0.00312424
0 0.938741 0.421793 0.011149 0.0158172 0.00311089
0 0.843975 0.422671 0.00891914 0.013181 0.00302696
0 0.923133 0.421793 0.00891914 0.0140597 0.00298119
35 0.360111 0.643673 0.0356766 0.0254833 0.00287819
34 0.885226 0.561511 0.0289873 0.0632689 0.00284576
0 0.833941 0.424868 0.00668936 0.0105448 0.00283432
2 0.145354 0.461775 0.0381851 0.0272408 0.00277901
0 0.968286 0.419156 0.0078042 0.0210896 0.00276756
35 0.34729 0.550967 0.0345617 0.11775 0.00276756
2 0.772622 0.420914 0.0178383 0.0210896 0.00275803
0 0.265206 0.622144 0.0348405 0.0597539 0.00275803
35 0.254196 0.79877 0.0802724 0.110721 0.00275803
34 0.34729 0.550967 0.0345617 0.11775 0.00271416
35 0.18786 0.796134 0.0256426 0.0456941 0.00268364
34 0.346453 0.550088 0.0328894 0.0650263 0.00264168
0 0.409166 0.601054 0.0356766 0.105448 0.00263214
35 0.176153 0.564587 0.0156085 0.0210896 0.0026207
0 0.879652 0.591388 0.0334468 0.107206 0.00252151
35 0.34283 0.531195 0.0256426 0.0702988 0.00246239
26 0.0790182 0.677504 0.0401362 0.089631 0.00246239
0 0.865158 0.428822 0.00668936 0.00878733 0.00246239
34 0.418643 0.648506 0.0323319 0.0421793 0.00239754
35 0.365128 0.612478 0.0512851 0.0913884 0.00236893
34 0.728026 0.635325 0.0445958 0.0369068 0.00235939
35 0.364571 0.681019 0.0518426 0.0922671 0.00235939
32 0.887456 0.626098 0.0111489 0.0360281 0.00234985
34 0.889686 0.573814 0.0222979 0.0404218 0.00229645
32 0.474945 0.931459 0.0100341 0.0140598 0.00226974
24 0.0894006 0.672671 0.0589501 0.100176 0.00225258
0 0.932052 0.421353 0.0222979 0.0158172 0.00222588
35 0.364013 0.637961 0.0445958 0.0386643 0.00221634
2 0.84955 0.42355 0.0144937 0.0123023 0.00219917
0 0.86906 0.608963 0.0345617 0.0913884 0.00219154
0 0.260328 0.625659 0.0362341 0.0553603 0.00219154
35 0.879652 0.591388 0.0334468 0.107206 0.00218201
35 0.378507 0.626538 0.0390213 0.0351494 0.00212479
34 0.364571 0.668278 0.0496128 0.0588752 0.00210762
35 0.364571 0.661687 0.0546298 0.126538 0.00205803
35 0.145494 0.461336 0.0340043 0.0289982 0.00203514
0 0.360668 0.595782 0.0596469 0.086116 0.00202751
35 0.39523 0.641037 0.0362341 0.0351494 0.00202751
0 0.977763 0.418278 0.00891914 0.0228471 0.00201988
34 0.874077 0.561072 0.0156086 0.0536028 0.00200272
0 0.348962 0.557118 0.0401362 0.095782 0.00199509
34 0.398017 0.605448 0.0546298 0.0984183 0.00196457
2 0.769835 0.416081 0.0167234 0.0246046 0.00194931
35 0.385196 0.697715 0.0144936 0.0351494 0.00194931
35 0.273776 0.611599 0.0221585 0.0386643 0.00194168
34 0.385753 0.650703 0.0167234 0.0439367 0.00191879
0 0.355094 0.622144 0.0518426 0.0931458 0.00191212
35 0.408609 0.619069 0.032332 0.0685413 0.00188923
0 0.409166 0.619508 0.0345617 0.0755711 0.00188255
35 0.19873 0.796134 0.0457107 0.056239 0.00188255
2 0.782656 0.424429 0.00668936 0.0140597 0.00186729
0 0.405264 0.626098 0.0512851 0.0817223 0.00186729
35 0.679528 0.630053 0.010034 0.0158172 0.00181007
32 0.82112 0.593146 0.0167233 0.00966607 0.00179577
0 0.961596 0.421353 0.0111489 0.0166959 0.00178909
2 0.843975 0.422671 0.00891914 0.013181 0.00177479
38 0.14633 0.461336 0.0356766 0.0281195 0.00176811
14 0.679528 0.630053 0.010034 0.0158172 0.00174809
0 0.679528 0.642794 0.0144936 0.0439367 0.0017004
0 0.34283 0.531195 0.0256426 0.0702988 0.00169373
32 0.42589 0.655536 0.016166 0.026362 0.00168133
34 0.364571 0.681019 0.0518426 0.0922671 0.0016613
35 0.336698 0.623023 0.0156085 0.0755711 0.00165462
34 0.384917 0.63884 0.0189532 0.0316344 0.0016489
32 0.681201 0.630931 0.0133787 0.0193322 0.00164223
0 0.313564 0.695958 0.257541 0.316344 0.00164223
0 0.81666 0.425308 0.00668936 0.0123023 0.00162888
35 0.86906 0.608963 0.0345617 0.0913884 0.00162315
26 0.102083 0.681019 0.0634096 0.0773286 0.00159168
35 0.389098 0.629174 0.0312171 0.0333919 0.00157928
34 0.273776 0.611599 0.0221585 0.0386643 0.00157356
0 0.94989 0.421793 0.0078043 0.0158172 0.00156689
24 0.107866 0.644112 0.0677298 0.150264 0.00156689
34 0.38436 0.666081 0.0178383 0.0773286 0.00155449
0 0.265624 0.602373 0.0295447 0.0281195 0.00154877
38 0.885226 0.592267 0.0691235 0.12478 0.00153065
0 0.272034 0.604569 0.021183 0.0307557 0.0015192
35 0.273707 0.688928 0.0178383 0.0246045 0.0015192
34 0.378507 0.626538 0.0390213 0.0351494 0.00151253
0 0.805511 0.424429 0.0078043 0.0149385 0.00150681
2 0.833941 0.424868 0.00668936 0.0105448 0.00150108
34 0.403034 0.621265 0.0228553 0.0579965 0.00150108
34 0.423102 0.653778 0.0222979 0.0289982 0.00148964
0 0.753111 0.424868 0.00891914 0.0123023 0.00147247
35 0.872962 0.572496 0.0133788 0.0351494 0.00147247
34 0.3537 0.459578 0.00780427 0.0193322 0.00146675
0 0.352307 0.466608 0.0117064 0.0351494 0.00145531
24 0.113859 0.628295 0.0830596 0.165202 0.00144958
34 0.679528 0.630053 0.010034 0.0158172 0.00144958
0 0.235521 0.804042 0.118179 0.14587 0.00144958
34 0.893031 0.592267 0.0512852 0.121265 0.00144386
0 0.263673 0.63884 0.0445958 0.0843585 0.00143242
0 0.184829 0.788225 0.275867 0.195079 0.00143242
2 0.82112 0.593146 0.0167233 0.00966607 0.00142097
0 0.78823 0.424868 0.00891919 0.0114235 0.00141621
0 0.337813 0.609402 0.0178383 0.101054 0.00141621
38 0.364571 0.588752 0.0613192 0.0650263 0.00139904
34 0.403034 0.589631 0.0445958 0.142355 0.00139427
34 0.807741 0.489455 0.00891914 0.059754 0.00137806
26 0.0990862 0.64587 0.0894703 0.163445 0.00134087
35 0.402477 0.566344 0.0412511 0.0905096 0.00133514
34 0.30799 0.696837 0.0629916 0.0281195 0.00133038
14 0.681201 0.630931 0.0133787 0.0193322 0.00133038
35 0.346453 0.550088 0.0328894 0.0650263 0.00131989
34 0.4192 0.579086 0.0144936 0.0588752 0.00130939
35 0.337256 0.658172 0.0144936 0.0667838 0.00130939
35 0.197476 0.788664 0.0351192 0.0615114 0.00127411
0 0.800494 0.421793 0.011149 0.0193321 0.00126934
2 0.94989 0.421793 0.0078043 0.0158172 0.00126934
35 0.3537 0.459578 0.00780427 0.0193322 0.00126934
34 0.273985 0.623023 0.0245277 0.0544815 0.00126457
24 0.102083 0.681019 0.0634096 0.0773286 0.00126457
35 0.300464 0.827768 0.0234128 0.0228471 0.0012598
0 0.986682 0.421793 0.00891914 0.0149385 0.00124454
24 0.120269 0.588752 0.0621554 0.0667838 0.00123978
35 0.398017 0.633568 0.0462681 0.0404218 0.00123501
32 0.678971 0.641476 0.0133787 0.0404218 0.0012207
35 0.416134 0.565905 0.0156085 0.026362 0.00121117
35 0.336698 0.704306 0.0167234 0.0263621 0.00121117
35 0.281581 0.789982 0.0288479 0.089631 0.00119209
0 0.403034 0.589631 0.0445958 0.142355 0.00118828
35 0.338371 0.676626 0.0139362 0.0474517 0.00117874
0 0.678971 0.628295 0.0111489 0.0175747 0.0011692
0 0.273776 0.611599 0.0221585 0.0386643 0.00116539
34 0.347847 0.57645 0.0401362 0.170474 0.00116062
35 0.367358 0.634007 0.0546299 0.0483304 0.00115585
2 0.788788 0.417399 0.0133787 0.0228471 0.00115108
35 0.34283 0.500879 0.0133787 0.0175747 0.00115108
34 0.910869 0.643234 0.0167234 0.0210896 0.00115108
34 0.872962 0.572496 0.0133788 0.0351494 0.00114727
2 0.800494 0.421793 0.011149 0.0193321 0.00113392
2 0.89972 0.424868 0.0178383 0.0123023 0.00113392
34 0.357324 0.605887 0.0546298 0.104569 0.00112438
34 0.900835 0.622144 0.0379064 0.0615114 0.0011158
35 0.204304 0.816784 0.0406936 0.0606327 0.0011158
35 0.416413 0.572935 0.0167234 0.0377856 0.0011034
34 0.338928 0.589631 0.0222979 0.142355 0.0011034
32 0.385196 0.699912 0.0144936 0.0289982 0.00109482
34 0.409166 0.601054 0.0356766 0.105448 0.00109005
35 0.150789 0.72232 0.018117 0.0281195 0.00108624
0 0.782656 0.424429 0.00668936 0.0140597 0.00108147
35 0.173366 0.55536 0.0267575 0.0527241 0.00107765
26 0.0894006 0.672671 0.0589501 0.100176 0.00107765
34 0.905294 0.550088 0.043481 0.0210896 0.00106907
2 0.961596 0.421353 0.0111489 0.0166959 0.00106525
34 0.338928 0.639719 0.0167234 0.12478 0.00106525
34 0.882997 0.54174 0.0156085 0.0246045 0.00105667
34 0.381851 0.653778 0.0178383 0.0536028 0.00105667
34 0.831154 0.593585 0.0401361 0.0123023 0.00104427
34 0.681201 0.630931 0.0133787 0.0193322 0.00104046
35 0.364571 0.668278 0.0496128 0.0588752 0.00103664
35 0.82112 0.593146 0.0167233 0.00966607 0.00102806
35 0.137132 0.695079 0.0122638 0.0298769 0.00102425
34 0.903065 0.558875 0.0445958 0.0527241 0.00102043
35 0.860699 0.607206 0.0200681 0.0404218 0.00102043
34 0.731371 0.630931 0.0512852 0.0386643 0.00102043
0 0.811086 0.429701 0.00668936 0.00878733 0.00101185
0 0.12445 0.702109 0.142706 0.360281 0.86084
0 0.364013 0.677065 0.158315 0.327768 0.842773
0 0.885784 0.592707 0.0680085 0.123902 0.801758
0 0.270362 0.737698 0.198451 0.280316 0.733398
35 0.358996 0.702988 0.0379064 0.0483304 0.53125
32 0.679528 0.630053 0.010034 0.0158172 0.525391
0 0.347847 0.57645 0.0401362 0.170474 0.281494
34 0.368194 0.600615 0.0652213 0.0905097 0.259766
34 0.384081 0.612917 0.0986682 0.110721 0.246582
0 0.353422 0.458699 0.00891914 0.0210896 0.213379
0 0.346175 0.536907 0.0323319 0.0931458 0.199341
34 0.403871 0.641037 0.0574171 0.0553603 0.138428
34 0.363177 0.587434 0.058532 0.0615114 0.125977
29 0.145772 0.460896 0.0334468 0.0281195 0.0827026
34 0.357324 0.562829 0.0557447 0.101933 0.0637207
35 0.280117 0.773286 0.0284298 0.0571177 0.0637207
0 0.355651 0.596661 0.0557447 0.212654 0.0626831
34 0.400247 0.637961 0.0484979 0.0448154 0.0570679
34 0.902507 0.545694 0.0412511 0.0272408 0.0467224
34 0.893031 0.545694 0.0200681 0.0281195 0.0348816
35 0.261861 0.627856 0.0404149 0.0518453 0.0340881
35 0.887456 0.630931 0.0111489 0.0210896 0.0318604
0 0.349798 0.615114 0.0457107 0.249561 0.02948
0 0.34283 0.458699 0.00891917 0.0210896 0.0279083
35 0.421988 0.653778 0.0256426 0.0298769 0.0255585
0 0.232177 0.737258 0.120409 0.274165 0.0253296
35 0.256426 0.629174 0.0295447 0.0509666 0.0247955
2 0.932052 0.421353 0.0222979 0.0158172 0.024704
34 0.364013 0.606327 0.0680086 0.128295 0.0244293
0 0.356209 0.601933 0.0568596 0.118629 0.0227203
35 0.361505 0.693322 0.047383 0.0615114 0.0219421
35 0.280953 0.765817 0.0267575 0.043058 0.0214539
32 0.887456 0.630931 0.0111489 0.0210896 0.021286
32 0.146191 0.461336 0.0337256 0.0281195 0.0182648
0 0.350634 0.458699 0.0133787 0.0210896 0.0182343
35 0.424217 0.654657 0.0195107 0.0263621 0.0178528
34 0.893031 0.544815 0.0401362 0.0316344 0.0170441
0 0.354537 0.55536 0.0490554 0.119508 0.0161591
35 0.370702 0.704745 0.0200681 0.043058 0.0160217
35 0.427005 0.655975 0.0144936 0.0254833 0.0151901
0 0.384639 0.596221 0.0981107 0.151142 0.0147324
34 0.404985 0.625659 0.0518426 0.0808436 0.0146179
34 0.371539 0.635325 0.0797149 0.189807 0.014389
2 0.938741 0.421793 0.0133787 0.0158172 0.0142288
0 0.34729 0.459578 0.0150511 0.0210896 0.0135345
35 0.271756 0.644112 0.0284298 0.082601 0.0131226
35 0.263812 0.637961 0.0443171 0.0843585 0.0123367
24 0.0982501 0.663445 0.0808299 0.12478 0.0113754
35 0.34283 0.543937 0.0267575 0.0650264 0.0103302
35 0.274822 0.637961 0.0234128 0.0790861 0.01017
35 0.345617 0.537786 0.0323319 0.0843585 0.0100098
2 0.92369 0.421793 0.00891914 0.0140597 0.00971222
35 0.365128 0.689367 0.0507277 0.0764499 0.00959778
34 0.145772 0.461336 0.0348405 0.0272408 0.00941467
35 0.179219 0.572935 0.0122638 0.0333919 0.00933838
34 0.409724 0.64587 0.0490553 0.0456942 0.00901794
2 0.78823 0.424429 0.00891919 0.0123023 0.00888062
35 0.178662 0.568102 0.0139362 0.0377856 0.00874329
34 0.380179 0.594025 0.0858469 0.0711775 0.00857544
0 0.34283 0.543937 0.0267575 0.0650264 0.008255
0 0.355094 0.647188 0.0590894 0.324253 0.00818634
0 0.87352 0.594025 0.0457107 0.123023 0.00796509
35 0.274264 0.655097 0.021183 0.0606327 0.00737381
35 0.282626 0.760984 0.0234128 0.0351494 0.00695801
35 0.273985 0.622583 0.0245277 0.0544815 0.00679779
26 0.0982501 0.663445 0.0808299 0.12478 0.00656509
34 0.807184 0.51406 0.00891914 0.107206 0.0064621
35 0.252245 0.780316 0.0836171 0.0755711 0.00598145
0 0.877422 0.422232 0.00668936 0.0166959 0.00588989
35 0.187581 0.803163 0.0183958 0.0351494 0.005867
0 0.906409 0.42355 0.00891914 0.0123023 0.00561905
2 0.906409 0.42355 0.00891914 0.0123023 0.00527954
0 0.870175 0.423989 0.00891914 0.013181 0.0051384
0 0.346732 0.550088 0.0323319 0.0650263 0.00502014
35 0.277609 0.780316 0.0328894 0.0720562 0.00494385
35 0.887456 0.626098 0.0111489 0.0351494 0.00492477
35 0.407494 0.642355 0.0535149 0.0509666 0.00488663
0 0.336977 0.618629 0.0813873 0.242531 0.00488663
34 0.887456 0.545694 0.0245276 0.0333919 0.00479126
34 0.808299 0.523286 0.0111489 0.127417 0.00469971
35 0.336698 0.637961 0.0144936 0.0421792 0.0046463
2 0.911984 0.42355 0.0111489 0.0123023 0.00462723
35 0.384917 0.630492 0.0222979 0.0342707 0.00460815
34 0.820562 0.592267 0.0200681 0.0123023 0.00457382
35 0.416971 0.647627 0.0345617 0.0421792 0.00448608
34 0.905852 0.623023 0.0267574 0.059754 0.00446701
0 0.346175 0.523286 0.0306596 0.0597539 0.00443268
34 0.393558 0.630053 0.0401362 0.0333919 0.00434875
35 0.881882 0.576889 0.0267575 0.0474517 0.00431442
24 0.0991559 0.645431 0.0898884 0.162566 0.00431442
34 0.409166 0.618629 0.0345617 0.0764499 0.00428009
0 0.338928 0.589191 0.0222979 0.143234 0.00411606
0 0.357881 0.582601 0.0535149 0.0702987 0.00403976
35 0.179637 0.549209 0.0136575 0.0404218 0.00402451
35 0.269735 0.778559 0.0480798 0.0720562 0.00391388
2 0.772622 0.420914 0.0178383 0.0210896 0.00388527
2 0.145215 0.461336 0.0379064 0.0281195 0.00379562
35 0.871848 0.579086 0.0133787 0.0333919 0.00376511
29 0.679528 0.630053 0.010034 0.0158172 0.00372124
34 0.820562 0.593146 0.0178383 0.00966607 0.00366402
35 0.180334 0.543058 0.0122638 0.0316344 0.00351143
35 0.342273 0.689807 0.0167234 0.0667838 0.00349617
2 0.84955 0.423111 0.0156085 0.0123023 0.00348282
34 0.900277 0.565905 0.0479404 0.06942 0.00342941
0 0.675069 0.422232 0.00891919 0.0228471 0.00340271
35 0.864043 0.62478 0.0245276 0.0579964 0.00336266
0 0.911984 0.42355 0.0111489 0.0123023 0.00332451
24 0.0788788 0.677504 0.0401362 0.089631 0.00328636
0 0.844533 0.422671 0.00891914 0.0140597 0.00317192
0 0.341715 0.681898 0.094766 0.289982 0.00317192
0 0.265624 0.621265 0.0334468 0.0588752 0.00313568
35 0.299628 0.823374 0.0256426 0.0316344 0.00311089
0 0.833941 0.424429 0.00668936 0.0105448 0.00309944
35 0.882996 0.571177 0.031217 0.0544815 0.003088
0 0.409166 0.600615 0.0351192 0.105448 0.0030632
34 0.885226 0.561511 0.0289873 0.0615114 0.00301552
0 0.879652 0.591388 0.0334468 0.107206 0.00298119
34 0.416971 0.647627 0.0345617 0.0421792 0.00292397
35 0.192319 0.793937 0.031217 0.0536028 0.00292397
34 0.34729 0.551406 0.0345617 0.118629 0.00288963
0 0.938741 0.421793 0.0133787 0.0158172 0.00286674
34 0.346732 0.550088 0.0323319 0.0650263 0.00286674
0 0.865158 0.428822 0.00668936 0.00878733 0.00286674
2 0.782656 0.424429 0.00668936 0.0140597 0.00284576
35 0.176153 0.564148 0.0158872 0.0210896 0.00284576
0 0.92369 0.421793 0.00891914 0.0140597 0.00282288
0 0.967728 0.419156 0.00891914 0.0210896 0.00279999
2 0.769835 0.415641 0.0167234 0.0246046 0.00277901
2 0.844533 0.422671 0.00891914 0.0140597 0.00274658
35 0.360111 0.644112 0.0356766 0.0246046 0.00271416
34 0.408609 0.605888 0.0367915 0.0931459 0.00251198
32 0.887456 0.626098 0.0111489 0.0351494 0.00251198
0 0.86906 0.608084 0.0345617 0.0931459 0.00247192
0 0.259631 0.625659 0.0348405 0.0544815 0.00240517
35 0.385196 0.63884 0.0200681 0.0333919 0.00240517
34 0.726911 0.632689 0.0445958 0.0342706 0.00239754
2 0.833941 0.424429 0.00668936 0.0105448 0.00237846
32 0.474945 0.931459 0.0100341 0.0140598 0.00237846
35 0.365685 0.612478 0.0524 0.0913884 0.00235939
34 0.889686 0.573814 0.0222979 0.0404218 0.00231361
35 0.187581 0.797012 0.0250851 0.0448155 0.00230598
35 0.342551 0.530756 0.0256426 0.0685413 0.00222588
0 0.977205 0.418278 0.00891914 0.0219684 0.00217438
35 0.879652 0.591388 0.0334468 0.107206 0.00216484
34 0.874077 0.560633 0.0156086 0.0527241 0.00215721
26 0.0788788 0.677504 0.0401362 0.089631 0.00215721
0 0.932052 0.421353 0.0222979 0.0158172 0.00210762
35 0.254335 0.795694 0.0794362 0.104569 0.00209999
34 0.396345 0.597979 0.0590894 0.115114 0.00209045
34 0.364571 0.668717 0.0501703 0.0632689 0.00209045
35 0.364292 0.636204 0.0457107 0.0421792 0.0020752
35 0.34729 0.551406 0.0345617 0.118629 0.00205803
0 0.355094 0.623023 0.0524 0.0931459 0.0020504
0 0.409166 0.618629 0.0345617 0.0764499 0.00202751
35 0.273776 0.611599 0.0221585 0.0369069 0.00201035
24 0.0908639 0.673111 0.0629916 0.099297 0.00200272
0 0.307432 0.698594 0.270362 0.314587 0.00198746
34 0.404149 0.622144 0.0312171 0.0615114 0.0019722
34 0.421988 0.653778 0.0256426 0.0298769 0.00194931
35 0.265624 0.621265 0.0334468 0.0588752 0.00193405
35 0.679528 0.630053 0.010034 0.0158172 0.00193405
0 0.342551 0.530756 0.0256426 0.0685413 0.00189686
0 0.349519 0.557118 0.0401362 0.0966608 0.00189686
0 0.272104 0.604569 0.0210436 0.0307557 0.00189686
35 0.364849 0.659051 0.0551873 0.130931 0.00189686
34 0.375441 0.626098 0.0501703 0.0369069 0.00188923
0 0.817218 0.424868 0.00668936 0.0114235 0.00188255
2 0.94989 0.421793 0.00891914 0.0158172 0.00186729
0 0.962154 0.420914 0.0122639 0.0175747 0.00183868
32 0.820562 0.593146 0.0178383 0.00966607 0.00183105
0 0.265624 0.602373 0.0289873 0.0281195 0.0018177
34 0.385753 0.650264 0.0167234 0.0439367 0.0018177
35 0.145494 0.461336 0.0340043 0.0281195 0.00181007
0 0.805511 0.424429 0.0078043 0.0149385 0.00176144
2 0.962154 0.420914 0.0122639 0.0175747 0.00175476
34 0.385196 0.63884 0.0200681 0.0333919 0.00174141
0 0.361226 0.595343 0.0602043 0.0852372 0.00172043
0 0.263812 0.637961 0.0443171 0.0843585 0.00172043
35 0.385196 0.697715 0.0144936 0.0351494 0.00172043
35 0.398854 0.641476 0.0434809 0.0369068 0.00171375
32 0.681201 0.630931 0.0133787 0.0193322 0.00171375
0 0.404985 0.625659 0.0518426 0.0808436 0.00170708
2 0.800494 0.421793 0.011149 0.0193321 0.00168705
34 0.273776 0.611599 0.0221585 0.0369069 0.00168705
0 0.753111 0.424868 0.00891914 0.0123023 0.00167465
34 0.364571 0.681019 0.0518426 0.0913883 0.00167465
32 0.42589 0.655536 0.0156085 0.026362 0.00161648
2 0.789345 0.417838 0.0133788 0.0228471 0.00160408
35 0.872962 0.572056 0.0133788 0.0342707 0.00158501
35 0.86906 0.608084 0.0345617 0.0931459 0.00156689
0 0.94989 0.421793 0.00891914 0.0158172 0.00156116
38 0.146191 0.461336 0.0353979 0.0281195 0.00156116
35 0.199009 0.797891 0.0451532 0.0527241 0.00153637
0 0.403034 0.59007 0.0445958 0.143234 0.00153065
14 0.679528 0.630053 0.010034 0.0158172 0.00152493
2 0.89972 0.424429 0.0178383 0.0123023 0.00151253
34 0.384081 0.66652 0.0178383 0.0808436 0.00150681
2 0.820562 0.593146 0.0178383 0.00966607 0.00150108
26 0.101943 0.681019 0.0636884 0.0773286 0.0014782
35 0.336698 0.623023 0.0156085 0.0755711 0.00147247
0 0.78823 0.424429 0.00891919 0.0123023 0.00146103
35 0.375441 0.626098 0.0501703 0.0369069 0.00146103
34 0.347847 0.57645 0.0401362 0.170474 0.00145531
0 0.800494 0.421793 0.011149 0.0193321 0.00144958
34 0.893588 0.592267 0.0501703 0.121265 0.00144958
0 0.352307 0.466169 0.0117064 0.0342706 0.00144386
0 0.235521 0.803163 0.118736 0.14587 0.00144386
34 0.679528 0.630053 0.010034 0.0158172 0.00143814
35 0.408051 0.618629 0.0323319 0.0685413 0.00141621
24 0.113998 0.627416 0.0841745 0.163445 0.00140476
0 0.337813 0.609842 0.0178383 0.0984183 0.00139904
0 0.679528 0.642794 0.0144936 0.0439367 0.00139904
34 0.907524 0.630053 0.0245276 0.0465729 0.00139427
0 0.185212 0.789104 0.276215 0.193322 0.00139427
34 0.403034 0.59007 0.0445958 0.143234 0.00138283
0 0.986124 0.421793 0.00891914 0.0140597 0.00137234
0 0.273776 0.611599 0.0221585 0.0369069 0.00136662
35 0.273707 0.688928 0.0178383 0.0246045 0.00135612
34 0.4192 0.579086 0.0144936 0.0588752 0.00134563
34 0.273985 0.622583 0.0245277 0.0544815 0.00134087
38 0.364571 0.588752 0.0624341 0.0650263 0.00133038
14 0.681201 0.630931 0.0133787 0.0193322 0.00129414
35 0.346732 0.550088 0.0323319 0.0650263 0.0012846
38 0.885226 0.592267 0.0691235 0.12478 0.0012846
35 0.337256 0.658172 0.0144936 0.0685413 0.0012846
34 0.390492 0.595782 0.0858469 0.149385 0.0012846
34 0.3537 0.459578 0.00780427 0.0193322 0.0012598
24 0.120269 0.588313 0.0624341 0.0667838 0.00124931
35 0.402477 0.565905 0.0406937 0.0896309 0.00121593
34 0.308826 0.696837 0.0646639 0.0272408 0.00121117
34 0.807741 0.489455 0.00891914 0.059754 0.0012064
26 0.0991559 0.645431 0.0898884 0.162566 0.0012064
24 0.125147 0.62478 0.123196 0.200351 0.00120163
34 0.872962 0.572056 0.0133788 0.0342707 0.00119686
35 0.820562 0.593146 0.0178383 0.00966607 0.00118828
35 0.338371 0.676186 0.0139362 0.0474516 0.00118828
35 0.300464 0.828207 0.0234128 0.0219684 0.00118828
2 0.691792 0.426186 0.0078043 0.0140597 0.00116062
35 0.342551 0.500879 0.0128213 0.0175747 0.00116062
34 0.357324 0.605448 0.0546298 0.103691 0.00116062
35 0.173924 0.554921 0.0256426 0.0518453 0.00115585
32 0.47383 0.933216 0.00891914 0.0175747 0.00115585
2 0.799379 0.413005 0.0089191 0.0193322 0.00115108
0 0.782656 0.424429 0.00668936 0.0140597 0.00114727
34 0.910869 0.643234 0.0167234 0.0210896 0.0011425
24 0.101943 0.681019 0.0636884 0.0773286 0.0011425
35 0.3537 0.459578 0.00780427 0.0193322 0.00113773
34 0.882997 0.5413 0.0156085 0.0246046 0.00113773
13 0.820562 0.592267 0.0200681 0.0123023 0.00113392
34 0.338928 0.589191 0.0222979 0.143234 0.00113392
32 0.678971 0.641037 0.0133787 0.039543 0.00112438
35 0.367915 0.63181 0.0557447 0.0527241 0.0011158
2 0.675069 0.422232 0.00891919 0.0228471 0.00110722
35 0.336977 0.704745 0.0172809 0.026362 0.00110722
34 0.367915 0.63181 0.0557447 0.0527241 0.00109482
34 0.900835 0.622144 0.0379064 0.0606327 0.00109005
34 0.726911 0.639719 0.0445958 0.0351493 0.00109005
0 0.811086 0.429262 0.00668936 0.0079086 0.00109005
35 0.416134 0.565905 0.0156085 0.026362 0.00108147
34 0.905294 0.550527 0.0423659 0.0210896 0.00107765
34 0.338928 0.640597 0.0167234 0.12478 0.00107765
34 0.381851 0.653778 0.0183958 0.0544815 0.00107765
2 0.707958 0.424868 0.0178383 0.0158172 0.00107288
32 0.678971 0.628295 0.0122638 0.0193322 0.00106907
35 0.860699 0.606327 0.0200681 0.0386643 0.00105667
2 0.662247 0.424429 0.0111489 0.0184534 0.00104427
35 0.281511 0.789982 0.0284298 0.089631 0.00104427
34 0.830596 0.593585 0.0401361 0.0123023 0.00104046
34 0.903065 0.558436 0.0445958 0.0518453 0.00103664
32 0.385196 0.699912 0.0144936 0.0289982 0.00103664
0 0.272522 0.628295 0.0257819 0.0676625 0.00101662
38 0.820562 0.593146 0.0178383 0.00966607 0.00101185
35 0.197615 0.788225 0.0345617 0.0615114 0.00101185
0 0.876865 0.41652 0.0111489 0.0281195 0.00100803
24 0.11783 0.615114 0.0737224 0.121265 0.00100803
0 0.124659 0.702109 0.143125 0.360281 0.868164
0 0.364571 0.677065 0.15943 0.329526 0.862305
0 0.885784 0.593146 0.0680085 0.12478 0.818848
0 0.271198 0.737258 0.200124 0.281195 0.740723
35 0.358996 0.702988 0.0367915 0.0474517 0.517578
32 0.679528 0.630053 0.010034 0.0158172 0.513672
0 0.347847 0.57645 0.0401362 0.168717 0.277588
34 0.368473 0.600176 0.0668937 0.0896309 0.259766
34 0.384081 0.614235 0.0986682 0.107206 0.258301
0 0.346175 0.536907 0.0317745 0.0931458 0.230225
0 0.353422 0.458699 0.00891914 0.0210896 0.212769
34 0.403871 0.641037 0.0574171 0.0553603 0.151978
34 0.363456 0.586995 0.0590894 0.0615114 0.121704
0 0.893031 0.591828 0.0490554 0.120387 0.0831299
29 0.145772 0.460896 0.0334468 0.0281195 0.0736694
34 0.357324 0.564587 0.0557447 0.0975396 0.0700684
0 0.355094 0.592707 0.0546298 0.204745 0.0654907
35 0.280117 0.773286 0.0284298 0.056239 0.0637207
0 0.34729 0.551406 0.0345617 0.118629 0.0633545
34 0.400526 0.637961 0.0490554 0.0439367 0.0596619
34 0.361226 0.594025 0.0602043 0.0826011 0.0484924
34 0.902507 0.545694 0.0412511 0.026362 0.0437012
35 0.261721 0.627856 0.0401362 0.0518453 0.0367737
35 0.887456 0.630931 0.0111489 0.0210896 0.0333252
34 0.892473 0.545694 0.0200681 0.0281195 0.0323486
2 0.932052 0.421353 0.0222979 0.0158172 0.0298767
0 0.349519 0.612478 0.0451532 0.246046 0.0288086
0 0.34283 0.458699 0.00891917 0.0210896 0.0274811
34 0.366243 0.607645 0.0713532 0.125659 0.0236053
0 0.232037 0.736819 0.120687 0.275044 0.0223236
0 0.356488 0.601933 0.0563022 0.11775 0.0219421
35 0.281232 0.765378 0.0262 0.0421792 0.0216217
32 0.887456 0.630931 0.0111489 0.0210896 0.021286
35 0.361226 0.69464 0.0457107 0.0597539 0.021286
35 0.42143 0.653778 0.0256425 0.0298769 0.0188293
32 0.14633 0.461336 0.0334468 0.0272408 0.0179138
0 0.350634 0.458699 0.0133787 0.0210896 0.0170441
2 0.938741 0.421793 0.0122639 0.0158172 0.016983
35 0.365128 0.703866 0.0312171 0.0456942 0.0166626
34 0.893031 0.544815 0.0401362 0.0316344 0.0162811
34 0.404707 0.625659 0.0512851 0.0808436 0.0148392
34 0.376277 0.632689 0.0880767 0.188049 0.0144501
35 0.424496 0.655097 0.0189532 0.0263621 0.0141754
35 0.370981 0.704745 0.0189532 0.0421793 0.0138474
0 0.354537 0.556239 0.0490554 0.11775 0.0133286
24 0.0983198 0.663445 0.0809692 0.123023 0.0133286
35 0.427005 0.655536 0.0144936 0.0246046 0.0131226
0 0.34729 0.459578 0.0144936 0.0210896 0.0129242
35 0.263951 0.637083 0.0434809 0.082601 0.0127258
35 0.272592 0.644552 0.0267575 0.082601 0.0125275
2 0.92369 0.421793 0.00891914 0.0140597 0.0115051
0 0.384081 0.596221 0.0981107 0.151142 0.0109863
0 0.34283 0.543937 0.0267575 0.0650264 0.0108566
0 0.872962 0.594025 0.0445958 0.123023 0.0108566
2 0.78823 0.424868 0.00891919 0.0114235 0.00989532
35 0.256426 0.629613 0.0301022 0.0518453 0.00963593
35 0.179219 0.572935 0.0122638 0.0333919 0.00948334
34 0.409724 0.64587 0.0490553 0.0456942 0.00926971
34 0.145772 0.461336 0.0345617 0.026362 0.00908661
35 0.178662 0.568541 0.0139362 0.0369068 0.0086441
35 0.34283 0.543937 0.0267575 0.0650264 0.00857544
35 0.345617 0.537786 0.0323319 0.0843585 0.00831604
34 0.380737 0.593585 0.0858469 0.072935 0.00818634
26 0.0983198 0.663445 0.0809692 0.123023 0.00790405
35 0.274264 0.654218 0.0206255 0.0623901 0.0077858
35 0.365128 0.689807 0.0501703 0.0755712 0.00766754
35 0.273985 0.623462 0.0239702 0.0553603 0.00720596
35 0.282904 0.760984 0.0228554 0.0351494 0.00671768
0 0.354815 0.646309 0.058532 0.324253 0.00666809
2 0.906409 0.42355 0.00891914 0.0123023 0.00641251
35 0.18786 0.803163 0.0183958 0.0351494 0.00638962
0 0.877422 0.422232 0.00668936 0.0166959 0.00614548
34 0.356488 0.601933 0.0563022 0.11775 0.00600433
34 0.39523 0.630053 0.0445958 0.0342706 0.00557709
0 0.346175 0.523726 0.0301022 0.0597539 0.00547028
2 0.911984 0.42355 0.0111489 0.0123023 0.00544739
0 0.870175 0.42355 0.00891914 0.0140597 0.00536346
35 0.887456 0.626098 0.0111489 0.0342706 0.00534439
0 0.346732 0.550088 0.0323319 0.0641476 0.00530243
35 0.251966 0.780316 0.0841745 0.0755711 0.00530243
0 0.906409 0.42355 0.00891914 0.0123023 0.00519943
35 0.277887 0.780316 0.0323319 0.0702987 0.00519943
24 0.0992953 0.645431 0.0901671 0.160808 0.00482941
34 0.408051 0.619069 0.0323319 0.06942 0.0045929
35 0.336698 0.637522 0.0144936 0.0448155 0.00455475
34 0.887456 0.545255 0.0245276 0.0325132 0.00452042
34 0.905852 0.623023 0.0267574 0.059754 0.00448608
2 0.145215 0.461775 0.0379064 0.0272408 0.00445175
35 0.872405 0.579086 0.0133787 0.0333919 0.00428009
0 0.880209 0.589631 0.0323319 0.105448 0.00428009
2 0.84955 0.422671 0.0156085 0.0123023 0.00426483
35 0.881882 0.57645 0.0267575 0.0474517 0.00426483
34 0.807184 0.506151 0.00891914 0.0913884 0.00419998
34 0.820562 0.592267 0.0200681 0.0123023 0.00419998
0 0.338928 0.589191 0.0222979 0.143234 0.00413513
35 0.179777 0.54877 0.0133787 0.0386643 0.00402451
2 0.772622 0.420914 0.0178383 0.0202109 0.00395966
35 0.180334 0.543058 0.0122638 0.0316344 0.0037365
24 0.0788788 0.677504 0.0398575 0.089631 0.0037365
0 0.409166 0.601054 0.0351192 0.105448 0.00370789
0 0.336698 0.637083 0.0891916 0.281195 0.00362206
34 0.820562 0.593146 0.0178383 0.00966607 0.00353813
35 0.407215 0.642355 0.0540724 0.0509666 0.00346947
0 0.265763 0.621705 0.0331681 0.0588752 0.00345612
2 0.843975 0.422671 0.00891914 0.0140597 0.00341606
29 0.679528 0.630053 0.010034 0.0158172 0.00336266
0 0.357881 0.582601 0.0535149 0.0667838 0.00332451
35 0.385475 0.630931 0.0234128 0.0333919 0.00332451
35 0.299628 0.823374 0.0256426 0.0316344 0.00325966
35 0.342551 0.689807 0.016166 0.0667838 0.00323486
35 0.864043 0.62478 0.0245276 0.0579964 0.00322342
0 0.843975 0.422671 0.00891914 0.0140597 0.00317192
0 0.833941 0.424429 0.00668936 0.0105448 0.00316048
34 0.34729 0.551406 0.0345617 0.118629 0.00314713
34 0.416413 0.647627 0.0356766 0.0421792 0.00314713
2 0.782656 0.424429 0.00780425 0.0140597 0.00312424
34 0.89972 0.565905 0.0490553 0.0685413 0.00312424
0 0.869618 0.607206 0.0356766 0.0949033 0.003088
35 0.416413 0.647627 0.0356766 0.0421792 0.00307465
0 0.865158 0.428822 0.00668936 0.00878733 0.00304031
35 0.191483 0.794815 0.0289873 0.0509666 0.00302696
35 0.176153 0.564148 0.0156085 0.0210896 0.00299263
0 0.675069 0.422232 0.00891919 0.0228471 0.00296974
34 0.346732 0.550088 0.0323319 0.0641476 0.00294685
2 0.833941 0.424429 0.00668936 0.0105448 0.00293541
0 0.911984 0.42355 0.0111489 0.0123023 0.00290108
2 0.769835 0.416081 0.0167234 0.0246046 0.00281143
0 0.938741 0.421793 0.0122639 0.0158172 0.00276756
34 0.885226 0.560633 0.0289873 0.0615114 0.00275803
0 0.92369 0.421793 0.00891914 0.0140597 0.00274658
26 0.0788788 0.677504 0.0398575 0.089631 0.00271416
0 0.25977 0.625659 0.0351192 0.0544815 0.00268364
0 0.341436 0.683656 0.0953235 0.288225 0.00265312
35 0.359832 0.644112 0.0351192 0.0246046 0.00264168
0 0.967728 0.419596 0.00891914 0.0202109 0.00261116
34 0.808299 0.521968 0.0111489 0.12478 0.00261116
35 0.880209 0.589631 0.0323319 0.105448 0.00261116
0 0.34283 0.530756 0.0256426 0.0685413 0.00260162
32 0.887456 0.626098 0.0111489 0.0342706 0.00254059
34 0.726911 0.63181 0.0445958 0.0316345 0.00252151
34 0.408609 0.602812 0.0367915 0.100176 0.00245285
34 0.808299 0.513181 0.00891924 0.110721 0.00244331
2 0.962154 0.421353 0.0133787 0.0166959 0.00236893
35 0.187442 0.797012 0.0245277 0.0439367 0.00236893
2 0.94989 0.421793 0.00891914 0.0158172 0.00235939
0 0.409166 0.61775 0.0345617 0.0790861 0.00232315
35 0.188975 0.807557 0.018117 0.0333919 0.00230598
24 0.0917001 0.673111 0.0646639 0.100176 0.00229645
32 0.474945 0.931459 0.0100341 0.0140598 0.00228691
0 0.355094 0.623462 0.0524 0.0931459 0.00226974
0 0.306039 0.704745 0.273707 0.307557 0.00226021
34 0.403592 0.623023 0.0356766 0.0632689 0.00223351
0 0.977205 0.418278 0.00891914 0.0219684 0.00218201
34 0.42143 0.653778 0.0256425 0.0298769 0.00217438
34 0.889686 0.573814 0.0200681 0.0404218 0.00214958
34 0.395509 0.593146 0.0602043 0.126538 0.00209999
35 0.366243 0.613357 0.0529575 0.089631 0.00209999
34 0.874077 0.560633 0.0156086 0.0527241 0.00208282
34 0.375998 0.626098 0.0546299 0.0369069 0.00208282
35 0.273707 0.611599 0.0217404 0.0369069 0.0020504
34 0.374047 0.610721 0.0691235 0.0984183 0.00203514
35 0.265763 0.621705 0.0331681 0.0588752 0.00201988
34 0.364849 0.668717 0.0496128 0.0632689 0.00198746
0 0.81666 0.424868 0.0078042 0.0114235 0.00196457
0 0.932052 0.421353 0.0222979 0.0158172 0.00194168
0 0.272034 0.604569 0.0206255 0.029877 0.00191879
35 0.364292 0.636204 0.0451532 0.0421792 0.00189686
35 0.300464 0.827768 0.0245277 0.0228471 0.00189686
0 0.265902 0.602373 0.0284298 0.0272408 0.00188923
35 0.34283 0.530756 0.0256426 0.0685413 0.00187492
0 0.263951 0.637083 0.0434809 0.082601 0.00187492
2 0.89972 0.424429 0.0178383 0.0123023 0.00186729
35 0.385196 0.63884 0.0195107 0.0316344 0.00185299
34 0.347847 0.57645 0.0401362 0.168717 0.00183105
26 0.102013 0.681019 0.063549 0.0755712 0.00178242
2 0.800494 0.421793 0.011149 0.0193321 0.00177479
0 0.402756 0.59007 0.0440383 0.143234 0.00177479
32 0.681201 0.630931 0.0133787 0.0193322 0.00177479
34 0.273707 0.611599 0.0217404 0.0369069 0.00176811
35 0.679528 0.630053 0.010034 0.0158172 0.00176811
0 0.962154 0.421353 0.0133787 0.0166959 0.00176144
34 0.385196 0.63884 0.0195107 0.0316344 0.00175476
34 0.364571 0.681898 0.0512851 0.0896309 0.0017004
35 0.87352 0.572056 0.0133787 0.0342707 0.00169373
32 0.820562 0.593146 0.0178383 0.00966607 0.00168705
0 0.805511 0.424429 0.0078043 0.0140597 0.0016613
34 0.385754 0.650703 0.0156085 0.043058 0.0016489
0 0.753111 0.424868 0.00891914 0.0123023 0.00163555
0 0.404707 0.625659 0.0512851 0.0808436 0.00163555
2 0.789345 0.417838 0.0133788 0.0228471 0.00162315
35 0.145633 0.461336 0.0337256 0.0281195 0.00160408
24 0.113859 0.627416 0.0844533 0.161687 0.0015974
35 0.869618 0.607206 0.0356766 0.0949033 0.00157356
32 0.426168 0.655536 0.0156085 0.026362 0.00154877
0 0.361226 0.594025 0.0602043 0.0826011 0.00154305
0 0.235382 0.800967 0.119015 0.150264 0.00154305
35 0.365128 0.659051 0.0551873 0.130053 0.00153637
0 0.337813 0.61116 0.0178383 0.0966608 0.00150681
35 0.385196 0.697276 0.0144936 0.0360282 0.00150681
0 0.94989 0.421793 0.00891914 0.0158172 0.00149536
38 0.145633 0.461336 0.0337256 0.0281195 0.00148964
34 0.384081 0.66696 0.0178383 0.0790861 0.00147247
2 0.820562 0.593146 0.0178383 0.00966607 0.00146675
34 0.908082 0.630931 0.0234128 0.0456942 0.00143814
34 0.885226 0.592267 0.0691235 0.12478 0.0014267
35 0.199009 0.799648 0.0445958 0.0492091 0.00141048
35 0.34729 0.551406 0.0345617 0.118629 0.00140476
0 0.273707 0.611599 0.0217404 0.0369069 0.00140476
0 0.800494 0.421793 0.011149 0.0193321 0.00138855
34 0.679528 0.630053 0.010034 0.0158172 0.00138283
34 0.273985 0.623462 0.0239702 0.0553603 0.00136662
24 0.125008 0.62478 0.123475 0.200351 0.00136662
24 0.12013 0.588752 0.0627128 0.0667838 0.00136185
34 0.893031 0.591828 0.0490554 0.120387 0.00134563
34 0.355094 0.592707 0.0546298 0.204745 0.00134563
26 0.107448 0.63884 0.0933724 0.16696 0.00134563
0 0.986124 0.421793 0.00891914 0.0140597 0.00134087
14 0.679528 0.630053 0.010034 0.0158172 0.00133514
34 0.402756 0.59007 0.0440383 0.143234 0.00133038
35 0.336698 0.623023 0.0156085 0.0755711 0.00131989
14 0.681201 0.630931 0.0133787 0.0193322 0.00131512
35 0.39969 0.641476 0.0445958 0.0369068 0.00129986
24 0.102013 0.681019 0.063549 0.0755712 0.00129986
34 0.395788 0.595782 0.0746979 0.149385 0.00128937
0 0.78823 0.424868 0.00891919 0.0114235 0.0012846
34 0.3537 0.459578 0.00780427 0.0193322 0.00127411
34 0.4192 0.579086 0.0144936 0.0579965 0.00126457
35 0.273707 0.688049 0.0178383 0.0254833 0.00126457
35 0.337534 0.658612 0.0144936 0.06942 0.00124931
0 0.352307 0.466169 0.0117064 0.0342706 0.00123978
13 0.820562 0.592267 0.0200681 0.0123023 0.00123978
7 0.932052 0.421353 0.0222979 0.0158172 0.00123024
35 0.820562 0.593146 0.0178383 0.00966607 0.0012207
34 0.910869 0.643234 0.0156086 0.0193322 0.0012207
38 0.364571 0.588752 0.0624341 0.0650263 0.00121117
2 0.799379 0.413005 0.0089191 0.0193322 0.0012064
34 0.368473 0.63181 0.0568596 0.0509666 0.00119686
0 0.185909 0.792179 0.279281 0.18717 0.00119686
26 0.0917001 0.673111 0.0646639 0.100176 0.0011692
0 0.679528 0.642355 0.0144936 0.0439368 0.00116539
34 0.338928 0.589191 0.0222979 0.143234 0.00115585
24 0.117621 0.614235 0.0741405 0.121265 0.00114727
35 0.338371 0.676626 0.0139362 0.0474517 0.00114727
2 0.691792 0.426186 0.0078043 0.0140597 0.00113392
35 0.174342 0.554921 0.0245277 0.0509666 0.00113392
34 0.87352 0.572056 0.0133787 0.0342707 0.00113392
35 0.402477 0.565026 0.0401362 0.0878735 0.00112438
34 0.882997 0.54174 0.0156085 0.0237258 0.0011158
0 0.272522 0.628295 0.0257819 0.0685414 0.0011158
2 0.862928 0.424429 0.010034 0.0123023 0.00110722
34 0.338928 0.641037 0.0167234 0.123902 0.00110722
2 0.675069 0.422232 0.00891919 0.0228471 0.00109482
35 0.346732 0.550088 0.0323319 0.0641476 0.00109482
2 0.707958 0.424868 0.0167234 0.0158172 0.00109005
0 0.360668 0.6529 0.0579745 0.147627 0.00107288
34 0.385475 0.630931 0.0234128 0.0333919 0.00106907
34 0.381851 0.653778 0.0178383 0.0527241 0.00106907
2 0.967728 0.419596 0.00891914 0.0202109 0.00106525
34 0.905294 0.550088 0.0423659 0.0210896 0.00106525
0 0.782656 0.424429 0.00780425 0.0140597 0.00105667
35 0.375998 0.626098 0.0546299 0.0369069 0.00105286
32 0.678971 0.628295 0.0122638 0.0193322 0.00105286
35 0.3537 0.459578 0.00780427 0.0193322 0.00104809
35 0.34283 0.500879 0.0133787 0.0175747 0.00104427
0 0.876865 0.41652 0.0111489 0.0272408 0.00104046
2 0.662247 0.424429 0.0111489 0.0175747 0.00104046
35 0.374047 0.610721 0.0691235 0.0984183 0.00102806
35 0.368473 0.63181 0.0568596 0.0509666 0.00102043
38 0.885226 0.592267 0.0691235 0.12478 0.00101662
34 0.311056 0.696837 0.0680086 0.0272408 0.00101662
35 0.337256 0.704745 0.0178383 0.0281195 0.00100803
34 0.880767 0.56239 0.0267574 0.0615114 0.00100422
35 0.408051 0.619069 0.0323319 0.06942 0.00100422
0 0.12452 0.702109 0.142846 0.360281 0.885254
0 0.364571 0.677504 0.15943 0.328647 0.881836
0 0.886341 0.592707 0.0680085 0.123023 0.844727
0 0.272104 0.737698 0.201657 0.280316 0.759766
35 0.359275 0.702988 0.0367915 0.0474517 0.523438
32 0.678971 0.630053 0.0111489 0.0158172 0.460938
0 0.347847 0.575571 0.0395787 0.167838 0.332031
0 0.345617 0.535589 0.0323319 0.0869947 0.293457
34 0.36903 0.600176 0.0674511 0.0896309 0.267334
34 0.384081 0.614235 0.0981107 0.107206 0.256836
0 0.3537 0.458699 0.00891917 0.0210896 0.23584
34 0.404149 0.640598 0.0574171 0.0544816 0.164551
34 0.363456 0.587873 0.0579745 0.0597539 0.129395
34 0.357881 0.582601 0.0540724 0.0615114 0.11676
0 0.34729 0.550967 0.0345617 0.119508 0.0907593
29 0.145772 0.460457 0.0334468 0.0281195 0.0900879
0 0.354536 0.588752 0.0529575 0.196837 0.0855713
34 0.357324 0.56239 0.0557447 0.102812 0.0637207
34 0.400805 0.637961 0.0490554 0.0439367 0.0623169
35 0.280117 0.773286 0.0284298 0.056239 0.0579224
35 0.888013 0.630931 0.0100341 0.0210896 0.0405273
34 0.903065 0.546134 0.0401362 0.026362 0.0375977
0 0.34283 0.458699 0.00891917 0.0210896 0.0347595
0 0.349241 0.614235 0.0445958 0.248682 0.033783
2 0.932609 0.421353 0.0222979 0.0158172 0.0321045
34 0.891916 0.545694 0.0200681 0.0281195 0.0275879
35 0.261443 0.627416 0.0390213 0.0509666 0.0269623
0 0.356488 0.601494 0.0563022 0.118629 0.0261536
0 0.231898 0.737258 0.120409 0.274165 0.0254211
35 0.256008 0.628735 0.0287085 0.0509666 0.0240479
34 0.365128 0.608084 0.0680086 0.12478 0.0234222
32 0.888013 0.630931 0.0100341 0.0210896 0.0217743
35 0.281511 0.765378 0.0256426 0.0421792 0.0204926
0 0.354537 0.554921 0.0490554 0.119508 0.0199432
35 0.365685 0.703866 0.0301022 0.0456942 0.0198669
0 0.350634 0.458699 0.0128213 0.0202109 0.0192719
24 0.0985985 0.663005 0.080133 0.123902 0.0191193
35 0.360111 0.695518 0.042366 0.0579965 0.0189819
0 0.872962 0.593146 0.0445958 0.12478 0.0187988
2 0.938741 0.421793 0.0133787 0.0158172 0.018692
32 0.14633 0.461336 0.0328894 0.0272408 0.0186157
35 0.422545 0.653778 0.0234128 0.0298769 0.0165253
0 0.343388 0.543497 0.0278723 0.0659051 0.0162811
35 0.37126 0.704745 0.0189532 0.0421793 0.0156708
34 0.891916 0.544815 0.0379065 0.0316344 0.0148392
0 0.34729 0.459578 0.0156085 0.0210896 0.0147324
35 0.424775 0.655097 0.0183958 0.0263621 0.0137405
34 0.404985 0.625659 0.0518426 0.0808436 0.012825
0 0.384639 0.595782 0.0981107 0.151142 0.0124283
2 0.92369 0.421793 0.00891914 0.0140597 0.0116425
26 0.0985985 0.663005 0.080133 0.123902 0.0112457
34 0.377392 0.630931 0.0914213 0.188049 0.0109482
2 0.78823 0.424868 0.00891919 0.0114235 0.0102463
34 0.409445 0.64587 0.0496128 0.0456942 0.0101318
35 0.273428 0.644552 0.0250851 0.0817223 0.00941467
35 0.179219 0.572935 0.0122638 0.0333919 0.00930023
35 0.263394 0.643673 0.0451532 0.0852372 0.00919342
34 0.145772 0.461336 0.0345617 0.026362 0.00847626
34 0.380179 0.594464 0.0836171 0.06942 0.0078125
35 0.18786 0.803163 0.0183958 0.0351494 0.00740433
0 0.400247 0.595782 0.0657788 0.149385 0.00723267
35 0.365128 0.693322 0.0490554 0.0685414 0.00720596
34 0.395788 0.630492 0.0457107 0.0351494 0.00714874
35 0.274264 0.653778 0.0206255 0.0623902 0.00709534
0 0.877422 0.422232 0.00668936 0.0166959 0.0069313
35 0.283183 0.760984 0.0222979 0.0351494 0.00679779
2 0.906409 0.42355 0.00891914 0.0123023 0.00677109
0 0.346175 0.522847 0.0301022 0.0597539 0.00674438
0 0.354258 0.650703 0.0574171 0.334798 0.00656509
0 0.879652 0.593146 0.0334468 0.112478 0.00643921
24 0.0788788 0.677504 0.0398575 0.089631 0.00643921
2 0.145215 0.461336 0.0379064 0.0281195 0.00631332
24 0.0991559 0.645431 0.0896097 0.15993 0.00631332
0 0.870175 0.42355 0.00891914 0.0140597 0.00619125
0 0.346732 0.550088 0.0323319 0.0632689 0.00619125
35 0.887456 0.626098 0.0111489 0.0342706 0.00619125
35 0.273776 0.622144 0.0243883 0.052724 0.00614548
0 0.409166 0.600615 0.0345617 0.104569 0.006073
0 0.26632 0.620387 0.0320532 0.0579965 0.00595856
35 0.345339 0.538225 0.0317745 0.0843585 0.00584412
2 0.911984 0.42355 0.0111489 0.0123023 0.00553513
0 0.906409 0.42355 0.00891914 0.0123023 0.00547028
35 0.343388 0.543497 0.0278723 0.0659051 0.00542831
26 0.0788788 0.677504 0.0398575 0.089631 0.00527954
35 0.277678 0.780316 0.0321926 0.0702987 0.00527954
0 0.338371 0.587873 0.021183 0.144112 0.00516129
35 0.336698 0.637961 0.0144936 0.0439367 0.00502014
2 0.84955 0.422671 0.0156085 0.0123023 0.00486755
0 0.869618 0.606327 0.0356766 0.0966608 0.00482941
34 0.356488 0.601494 0.0563022 0.118629 0.00469971
0 0.357881 0.58304 0.0535149 0.06942 0.00450516
0 0.258934 0.62522 0.0334468 0.0544816 0.00450516
34 0.408051 0.618629 0.0323319 0.0702987 0.00436401
35 0.871848 0.579525 0.0133787 0.0342707 0.00432968
35 0.251687 0.780316 0.084732 0.0746925 0.00432968
0 0.341158 0.550088 0.0234128 0.0632689 0.00431442
34 0.905852 0.622583 0.0267574 0.059754 0.00428009
34 0.887456 0.545255 0.0245276 0.0325132 0.0041008
34 0.820562 0.592267 0.0200681 0.0123023 0.0041008
2 0.772622 0.420914 0.0178383 0.0202109 0.00402451
35 0.179916 0.54833 0.0131 0.0377856 0.00392914
0 0.357324 0.608963 0.0646639 0.247803 0.00382423
24 0.0889128 0.673111 0.0576958 0.0984183 0.00380898
35 0.180334 0.542619 0.0122638 0.0307557 0.00376511
2 0.843975 0.422232 0.00891914 0.0140598 0.00369263
0 0.843975 0.422232 0.00891914 0.0140598 0.00363541
0 0.272522 0.608084 0.0202075 0.029877 0.00362206
0 0.833941 0.424429 0.00668936 0.0105448 0.00359344
0 0.3406 0.683656 0.0958809 0.297012 0.00355148
35 0.299628 0.823374 0.0256426 0.0316344 0.00353813
0 0.34283 0.531195 0.0256426 0.06942 0.00351143
34 0.820562 0.593146 0.0178383 0.00966607 0.00348282
34 0.416413 0.647627 0.0356766 0.0421792 0.00338936
0 0.865158 0.428822 0.00668936 0.00878733 0.00336266
35 0.34283 0.690246 0.0156085 0.0659051 0.00332451
2 0.833941 0.424429 0.00668936 0.0105448 0.00331116
35 0.881324 0.57645 0.0256426 0.0474517 0.00329781
29 0.678971 0.630053 0.0111489 0.0158172 0.00325966
35 0.191204 0.795255 0.0278724 0.0509666 0.00322342
2 0.782656 0.424429 0.00780425 0.0140597 0.00319672
35 0.386311 0.630931 0.0245277 0.0351494 0.00319672
0 0.675069 0.422671 0.00891919 0.0228471 0.00317192
0 0.266181 0.602812 0.0284298 0.0281195 0.00314713
0 0.264787 0.636204 0.0418086 0.0808436 0.00314713
0 0.355094 0.623902 0.0518426 0.0913884 0.00314713
2 0.769835 0.416081 0.0167234 0.0246046 0.00312424
35 0.862928 0.62478 0.0222979 0.0579964 0.00304031
26 0.0999224 0.671353 0.0713533 0.0966608 0.00302696
0 0.938741 0.421793 0.0133787 0.0158172 0.00296974
35 0.176293 0.564148 0.0156085 0.0210896 0.00293541
0 0.92369 0.421793 0.00891914 0.0140597 0.00292397
24 0.0999224 0.671353 0.0713533 0.0966608 0.00290108
0 0.911984 0.42355 0.0111489 0.0123023 0.00288963
0 0.262697 0.624341 0.0432022 0.0606327 0.00282288
0 0.30576 0.712654 0.273707 0.295255 0.00282288
26 0.102152 0.681019 0.0627128 0.0755712 0.00279045
34 0.89972 0.565905 0.0468256 0.0685413 0.00270462
34 0.34729 0.550967 0.0345617 0.119508 0.00268364
0 0.235243 0.800527 0.118736 0.151142 0.00264168
2 0.962154 0.421353 0.0133787 0.0166959 0.00261116
35 0.406936 0.642355 0.0546298 0.0509666 0.00260162
35 0.341158 0.550088 0.0234128 0.0632689 0.00259018
2 0.94989 0.421793 0.00891914 0.0158172 0.00255013
32 0.887456 0.626098 0.0111489 0.0342706 0.00255013
34 0.885226 0.560633 0.0289873 0.0615114 0.00254059
35 0.416413 0.647627 0.0356766 0.0421792 0.00254059
0 0.967728 0.419596 0.00891914 0.0202109 0.00253105
35 0.189114 0.807557 0.0178383 0.0325132 0.00250244
0 0.403034 0.59051 0.0434809 0.144112 0.0024929
35 0.187302 0.797012 0.0239702 0.0439367 0.00248146
34 0.346732 0.550088 0.0323319 0.0632689 0.00246239
34 0.379064 0.625659 0.0524001 0.0369069 0.00240517
35 0.359832 0.644112 0.0351192 0.0246046 0.002388
34 0.403034 0.623023 0.0367915 0.0632689 0.00232315
0 0.81666 0.424868 0.0078042 0.0114235 0.00229645
35 0.882996 0.571177 0.0301022 0.0553603 0.00226974
0 0.404985 0.625659 0.0518426 0.0808436 0.00225258
35 0.300464 0.827768 0.0245277 0.0228471 0.00225258
0 0.977205 0.418278 0.00891914 0.0228471 0.00224304
34 0.807184 0.496046 0.00891914 0.0702988 0.00224304
24 0.108354 0.644991 0.0661969 0.147627 0.00223351
34 0.422545 0.653778 0.0234128 0.0298769 0.00222588
34 0.408609 0.600176 0.0367915 0.105448 0.00218201
32 0.474945 0.931459 0.0100341 0.0140598 0.00215721
0 0.361783 0.594464 0.0613192 0.0834798 0.00214005
0 0.932609 0.421353 0.0222979 0.0158172 0.00211525
26 0.0889128 0.673111 0.0576958 0.0984183 0.00205803
34 0.395788 0.594025 0.0590894 0.12478 0.00203514
35 0.273707 0.610721 0.0217404 0.0369069 0.00202751
0 0.337534 0.611599 0.0172809 0.0966608 0.00201988
34 0.890243 0.573814 0.0211829 0.0404218 0.00201035
34 0.874635 0.560633 0.0156085 0.0527241 0.00196457
2 0.89972 0.424429 0.0178383 0.0123023 0.00193405
0 0.27287 0.627416 0.0250851 0.0667838 0.00191879
24 0.102152 0.681019 0.0627128 0.0755712 0.00189686
35 0.385196 0.639279 0.0195107 0.0316344 0.00188923
34 0.273707 0.610721 0.0217404 0.0369069 0.00188255
24 0.113789 0.626538 0.083199 0.159051 0.00187492
34 0.364571 0.670474 0.0490554 0.0632689 0.00186729
34 0.375162 0.610281 0.0713533 0.0975395 0.00184631
0 0.272592 0.607206 0.0239702 0.0369069 0.00183868
0 0.753111 0.424868 0.00891914 0.0123023 0.00183105
0 0.805511 0.424429 0.0078043 0.0140597 0.0018034
38 0.145633 0.461336 0.0337256 0.0281195 0.00179577
34 0.726911 0.630931 0.0445958 0.0316344 0.00179577
34 0.385196 0.639279 0.0195107 0.0316344 0.00178909
2 0.789345 0.417838 0.0133788 0.0228471 0.00177479
2 0.800494 0.421793 0.011149 0.0193321 0.00176811
35 0.678971 0.630053 0.0111489 0.0158172 0.00176811
24 0.120269 0.587873 0.0618767 0.0650263 0.00176144
0 0.962154 0.421353 0.0133787 0.0166959 0.00175476
35 0.263812 0.78471 0.0599256 0.0808435 0.00174141
34 0.364571 0.682777 0.0512851 0.0878734 0.00170708
35 0.87352 0.572056 0.0133787 0.0342707 0.00168705
13 0.820562 0.592267 0.0200681 0.0123023 0.00168705
34 0.385754 0.651142 0.0156085 0.0421792 0.00168705
32 0.681201 0.630492 0.0133787 0.0175747 0.00168705
14 0.681201 0.630492 0.0133787 0.0175747 0.00167465
35 0.364013 0.636204 0.0445958 0.0421792 0.00165462
35 0.385475 0.696837 0.0144936 0.0351494 0.00160408
34 0.808299 0.509666 0.00891924 0.101933 0.00158501
0 0.259213 0.600176 0.0239702 0.0281195 0.00158501
32 0.820562 0.593146 0.0178383 0.00966607 0.00158501
2 0.820562 0.593146 0.0178383 0.00966607 0.00157356
26 0.0991559 0.645431 0.0896097 0.15993 0.00157356
0 0.800494 0.421793 0.011149 0.0193321 0.00156689
35 0.366243 0.613357 0.0524 0.0878734 0.00156689
35 0.879652 0.593146 0.0334468 0.112478 0.00154877
34 0.908639 0.63225 0.0222979 0.0421792 0.00152493
35 0.26632 0.620387 0.0320532 0.0579965 0.0015192
0 0.986124 0.421793 0.00891914 0.0140597 0.00148964
32 0.426447 0.655536 0.0156085 0.026362 0.00148964
7 0.932609 0.421353 0.0222979 0.0158172 0.00146103
34 0.384639 0.66696 0.0172809 0.0808436 0.00144958
14 0.678971 0.630053 0.0111489 0.0158172 0.00141048
0 0.94989 0.421793 0.00891914 0.0158172 0.00139904
2 0.799379 0.413005 0.0089191 0.0193322 0.00138283
0 0.78823 0.424868 0.00891919 0.0114235 0.00137806
34 0.273776 0.622144 0.0243883 0.052724 0.00137806
24 0.124799 0.62478 0.123335 0.200351 0.00137234
24 0.117343 0.613357 0.0733043 0.11775 0.00134563
34 0.347847 0.575571 0.0395787 0.167838 0.00134563
26 0.112883 0.683656 0.0395788 0.063269 0.00133514
0 0.360668 0.65246 0.0579745 0.147627 0.00133038
35 0.869618 0.606327 0.0356766 0.0966608 0.00131512
34 0.885784 0.592267 0.0680085 0.12478 0.00131512
35 0.199009 0.800088 0.0443171 0.0474517 0.00131512
35 0.820562 0.593146 0.0178383 0.00966607 0.00129414
34 0.910869 0.644112 0.0156086 0.0193321 0.00128937
35 0.337534 0.659051 0.0144936 0.0702987 0.0012598
35 0.145633 0.461336 0.0337256 0.0281195 0.00125504
35 0.336698 0.623023 0.0156085 0.0738137 0.00124454
0 0.679528 0.642355 0.0144936 0.0439368 0.00123024
32 0.47383 0.933216 0.00891914 0.0140598 0.00122547
2 0.967728 0.419596 0.00891914 0.0202109 0.00121593
35 0.185351 0.80536 0.021183 0.0360281 0.00121593
0 0.352307 0.466169 0.0117064 0.0342706 0.00121117
34 0.808299 0.518893 0.0111489 0.11775 0.00121117
34 0.386311 0.630931 0.0245277 0.0351494 0.00121117
2 0.691235 0.426186 0.00891919 0.0140597 0.0012064
35 0.338371 0.676626 0.0139362 0.0474517 0.00118828
2 0.862928 0.424429 0.010034 0.0123023 0.00117874
34 0.403034 0.59051 0.0434809 0.144112 0.00117397
13 0.932609 0.421353 0.0222979 0.0158172 0.00116062
35 0.34283 0.531195 0.0256426 0.06942 0.00116062
0 0.876865 0.41652 0.0111489 0.0272408 0.00114727
38 0.364571 0.588752 0.0624341 0.0641476 0.0011425
1 0.932609 0.421353 0.0222979 0.0158172 0.00113773
2 0.675069 0.422671 0.00891919 0.0228471 0.00112915
34 0.87352 0.572056 0.0133787 0.0342707 0.00112915
0 0.274752 0.636643 0.0235522 0.0764499 0.00112438
35 0.399968 0.641916 0.0451533 0.0377855 0.0011158
34 0.893031 0.592267 0.0490554 0.119508 0.00111198
34 0.4192 0.579086 0.0139362 0.0597539 0.00110722
0 0.782656 0.424429 0.00780425 0.0140597 0.00109863
0 0.24681 0.807118 0.0939298 0.132689 0.00109863
34 0.368473 0.630931 0.0568596 0.052724 0.00109482
38 0.820562 0.593146 0.0178383 0.00966607 0.00108624
2 0.707958 0.424868 0.0167234 0.0158172 0.00108147
34 0.354536 0.588752 0.0529575 0.196837 0.00108147
0 0.810528 0.429262 0.00668936 0.00702987 0.00107288
0 0.228275 0.704745 0.113719 0.202988 0.00107288
13 0.820562 0.593146 0.0178383 0.00966607 0.00106907
34 0.678971 0.630053 0.0111489 0.0158172 0.00106907
34 0.3537 0.459578 0.00780427 0.0193322 0.00106049
35 0.337813 0.704745 0.0178383 0.0281195 0.00106049
2 0.870175 0.42355 0.00891914 0.0140597 0.00105667
34 0.338928 0.641476 0.0167234 0.12478 0.00104809
0 0.3406 0.457821 0.0156085 0.0228471 0.00104427
34 0.882997 0.54174 0.0156085 0.0237258 0.00104427
0 0.181449 0.799209 0.275379 0.171353 0.00104046
2 0.662805 0.424429 0.0111489 0.0175747 0.00103188
35 0.860699 0.612917 0.0200681 0.0518454 0.00103188
2 0.350634 0.458699 0.0128213 0.0202109 0.00103188
0 0.871848 0.417399 0.0133787 0.026362 0.00102425
35 0.365128 0.658172 0.0551873 0.13181 0.00102043
35 0.34729 0.550967 0.0345617 0.119508 0.00101185
0 0.47383 0.933216 0.00891914 0.0140598 0.00100803
0 0.799379 0.413005 0.0089191 0.0193322 0.00100422
0 0.12445 0.70167 0.14187 0.359402 0.900391
0 0.364571 0.677504 0.158315 0.328647 0.89502
0 0.886341 0.593146 0.0668937 0.123023 0.843262
0 0.271756 0.737258 0.200124 0.281195 0.776855
35 0.359275 0.703427 0.0362341 0.0474516 0.46875
32 0.678971 0.629613 0.0111489 0.0158172 0.394287
0 0.347847 0.575132 0.0395787 0.16696 0.320068
0 0.345617 0.535149 0.0323319 0.086116 0.286865
34 0.369588 0.600176 0.0680086 0.0896309 0.264404
34 0.384081 0.614235 0.0981107 0.105448 0.245117
0 0.3537 0.458699 0.00891917 0.0210896 0.229492
34 0.404149 0.640598 0.0574171 0.0544816 0.166626
34 0.363456 0.587434 0.0579745 0.0597539 0.125977
0 0.34729 0.550967 0.0345617 0.119508 0.0903931
29 0.145912 0.460457 0.0331681 0.0281195 0.0894775
0 0.353979 0.59051 0.0518426 0.200351 0.0830078
34 0.357324 0.56239 0.0557447 0.101933 0.0628052
35 0.888013 0.630492 0.0100341 0.0219684 0.0481262
35 0.280396 0.772847 0.0278724 0.056239 0.0456848
34 0.361783 0.594025 0.0613192 0.0808436 0.0417786
34 0.396902 0.634446 0.0434809 0.0413005 0.036499
0 0.342273 0.458699 0.00891917 0.0210896 0.0352173
0 0.231062 0.738576 0.118736 0.273286 0.0334778
0 0.348962 0.623902 0.0445958 0.268893 0.0315552
34 0.903065 0.546134 0.0401362 0.026362 0.0299835
0 0.872962 0.593146 0.0445958 0.12478 0.0297089
2 0.932609 0.421353 0.0222979 0.0158172 0.0288696
0 0.356488 0.601054 0.0563022 0.119508 0.0268555
34 0.364849 0.608524 0.0657788 0.121265 0.0225372
34 0.891916 0.545694 0.0200681 0.0281195 0.0222931
32 0.888013 0.630492 0.0100341 0.0219684 0.0214539
24 0.0987379 0.663445 0.0801331 0.12478 0.021286
35 0.255868 0.629174 0.0284298 0.0509666 0.0209656
35 0.260885 0.627416 0.0384639 0.0509666 0.02034
0 0.350634 0.458699 0.0128213 0.0193322 0.0184326
35 0.365964 0.704306 0.0295447 0.0448154 0.0181274
0 0.343388 0.543058 0.0278723 0.0650264 0.0178528
32 0.146609 0.461336 0.0328894 0.026362 0.0175171
35 0.28179 0.764499 0.0250851 0.0404217 0.0174408
2 0.938741 0.421793 0.0133787 0.0158172 0.0172424
0 0.355094 0.554921 0.0490554 0.119508 0.0170441
0 0.346732 0.459578 0.0144936 0.0210896 0.0139542
35 0.37126 0.704745 0.0183958 0.0421793 0.0136337
35 0.422545 0.653339 0.0234128 0.029877 0.0133286
35 0.359832 0.695958 0.0412511 0.0579965 0.0131226
34 0.891916 0.544815 0.0379065 0.0316344 0.012825
35 0.426447 0.655536 0.0156085 0.026362 0.0126266
26 0.0987379 0.663445 0.0801331 0.12478 0.0125275
0 0.384639 0.595782 0.0969958 0.150264 0.0111618
34 0.409166 0.64587 0.0501702 0.0456942 0.0107803
34 0.405264 0.62522 0.0512851 0.0817223 0.0104065
34 0.384639 0.595782 0.0969958 0.150264 0.0100555
2 0.924248 0.421793 0.00891914 0.0140597 0.00978088
34 0.400526 0.641916 0.0457107 0.039543 0.00923157
34 0.378785 0.629174 0.0936511 0.188049 0.00923157
2 0.78823 0.424868 0.00891919 0.0114235 0.00919342
0 0.879094 0.594025 0.0356767 0.115993 0.00878143
35 0.179219 0.572935 0.0122638 0.0342706 0.0085144
0 0.404707 0.595343 0.0568596 0.148506 0.00834656
0 0.409724 0.601054 0.0345618 0.103691 0.00818634
0 0.3537 0.654218 0.0568596 0.342706 0.00775528
35 0.263394 0.644112 0.0451532 0.0843585 0.00760651
35 0.273707 0.644552 0.0239702 0.0817223 0.00748825
0 0.266739 0.619947 0.0312171 0.056239 0.00728989
24 0.0788091 0.677504 0.0397181 0.089631 0.00728989
34 0.145912 0.461336 0.034283 0.026362 0.00714874
0 0.346732 0.550088 0.0323319 0.0632689 0.00712204
35 0.887456 0.626098 0.0111489 0.0342706 0.00703812
34 0.379622 0.594903 0.0813873 0.0685413 0.0068512
2 0.145215 0.461336 0.0379064 0.0281195 0.00671768
0 0.346175 0.522847 0.0301022 0.0597539 0.00669098
0 0.877422 0.421793 0.0078042 0.0175747 0.00664139
35 0.18786 0.803163 0.018117 0.0351494 0.00661469
24 0.0992256 0.64587 0.089749 0.15993 0.0064888
26 0.0788091 0.677504 0.0397181 0.089631 0.0064621
0 0.869618 0.605448 0.0356766 0.099297 0.00643921
0 0.870175 0.42355 0.00891914 0.0140597 0.00616837
35 0.274264 0.65246 0.0206255 0.0650264 0.00598145
2 0.906409 0.42355 0.00891914 0.0123023 0.00588989
0 0.340043 0.681019 0.0953235 0.304921 0.00582123
0 0.258237 0.62478 0.0314958 0.0544815 0.00564194
35 0.365128 0.693322 0.0479405 0.0685414 0.00551224
0 0.906409 0.42355 0.00891914 0.0123023 0.00544739
0 0.338371 0.587873 0.021183 0.14587 0.00530243
0 0.341158 0.550088 0.0222979 0.0632689 0.00494385
34 0.906409 0.622583 0.0267574 0.059754 0.00488663
35 0.273776 0.622144 0.0243883 0.0536028 0.00486755
0 0.272522 0.608084 0.0202075 0.029877 0.00475693
0 0.357881 0.58304 0.0535149 0.0685413 0.0046463
2 0.84955 0.422671 0.0156085 0.013181 0.00462723
2 0.911984 0.42355 0.0111489 0.0123023 0.00453949
0 0.235521 0.797012 0.118179 0.158172 0.00445175
24 0.0875889 0.67355 0.053933 0.0975396 0.00443268
0 0.35593 0.612478 0.0641064 0.25659 0.00424957
34 0.40833 0.618629 0.0323319 0.0711775 0.00411606
0 0.262836 0.623902 0.0429235 0.0615114 0.00407028
35 0.336698 0.637961 0.0144936 0.0439367 0.00402451
35 0.277887 0.780316 0.0317745 0.0702987 0.00402451
35 0.34506 0.538664 0.031217 0.0843585 0.0039444
0 0.34283 0.531195 0.0256426 0.06942 0.00391388
0 0.355094 0.62478 0.0512851 0.0949033 0.00387001
34 0.820562 0.592267 0.0200681 0.0123023 0.00380898
0 0.265902 0.635325 0.0395788 0.0790861 0.00380898
0 0.843975 0.421793 0.00891914 0.0140597 0.00378036
0 0.266181 0.602812 0.0284298 0.0281195 0.00378036
0 0.30576 0.71529 0.273149 0.288225 0.00372124
2 0.772622 0.420914 0.0178383 0.0210896 0.00370789
0 0.833941 0.424429 0.00668936 0.0105448 0.00367928
34 0.415298 0.647627 0.0379064 0.0421792 0.00366402
34 0.356488 0.601054 0.0563022 0.119508 0.00365067
34 0.887456 0.545255 0.0245276 0.0325132 0.00363541
35 0.871848 0.579525 0.0133787 0.0351494 0.00362206
2 0.843975 0.421793 0.00891914 0.0140597 0.00351143
35 0.180055 0.547452 0.0128213 0.0369068 0.00351143
0 0.675069 0.422232 0.00891919 0.0228471 0.00348282
35 0.180613 0.542619 0.0117064 0.0307557 0.00342941
35 0.343388 0.543058 0.0278723 0.0650264 0.00338936
26 0.102222 0.681019 0.0625735 0.0755712 0.00337601
2 0.833941 0.424429 0.00668936 0.0105448 0.00322342
34 0.820562 0.593146 0.0178383 0.00966607 0.00321007
2 0.769835 0.416081 0.0167234 0.0246046 0.0030632
34 0.379064 0.625659 0.0590894 0.0386643 0.00298119
35 0.299907 0.823374 0.0256426 0.0316344 0.0029583
0 0.938741 0.421793 0.0133787 0.0158172 0.00290108
0 0.865158 0.428822 0.00668936 0.0079086 0.0028553
2 0.782656 0.424429 0.00891914 0.0140597 0.00284576
35 0.251687 0.780316 0.084732 0.0755711 0.00284576
0 0.924248 0.421793 0.00891914 0.0140597 0.00283432
29 0.678971 0.629613 0.0111489 0.0158172 0.00281143
35 0.387426 0.630931 0.0267575 0.0351494 0.00275803
35 0.342273 0.690246 0.0156085 0.0659051 0.00275803
35 0.862928 0.62522 0.0222979 0.0579965 0.00274658
0 0.405264 0.62522 0.0512851 0.0817223 0.00274658
35 0.191204 0.794815 0.0275936 0.0518454 0.00271416
34 0.34729 0.550967 0.0345617 0.119508 0.00265312
35 0.176293 0.564148 0.0156085 0.0210896 0.00264168
0 0.911984 0.42355 0.0111489 0.0123023 0.00260162
0 0.27287 0.627416 0.0245277 0.0667838 0.00253105
34 0.401641 0.623023 0.0412511 0.0650263 0.00250244
2 0.962154 0.420914 0.0133787 0.0175747 0.0024929
32 0.887456 0.626098 0.0111489 0.0342706 0.00248146
26 0.0875889 0.67355 0.053933 0.0975396 0.00247192
0 0.967728 0.419156 0.00891914 0.0210896 0.00236893
34 0.346732 0.550088 0.0323319 0.0632689 0.00235939
34 0.900277 0.566344 0.0468256 0.0685413 0.00232315
34 0.422545 0.653339 0.0234128 0.029877 0.00232315
35 0.880767 0.57645 0.0245277 0.0483304 0.00231361
24 0.108563 0.645431 0.0657788 0.146749 0.00230598
0 0.817218 0.424868 0.00891914 0.0114235 0.00228691
0 0.361783 0.594025 0.0613192 0.0808436 0.00228691
2 0.94989 0.421353 0.00891914 0.0158172 0.00227928
34 0.885784 0.560633 0.0278724 0.0606327 0.00223351
24 0.103197 0.685413 0.0675905 0.0843586 0.00221634
0 0.337534 0.611599 0.0172809 0.0957821 0.00220871
35 0.188975 0.807557 0.0178383 0.0316345 0.00219154
0 0.932609 0.421353 0.0222979 0.0158172 0.00214958
0 0.977205 0.418278 0.00891914 0.0228471 0.00208282
38 0.145772 0.461336 0.0334468 0.0281195 0.0020752
34 0.396066 0.592267 0.0596469 0.130053 0.00205803
24 0.12013 0.587873 0.0618767 0.0641476 0.00203514
35 0.187302 0.797012 0.0239702 0.0456942 0.00202751
35 0.406936 0.642355 0.0546298 0.0509666 0.00201035
34 0.408609 0.597539 0.0367915 0.110721 0.00200272
35 0.415298 0.647627 0.0379064 0.0421792 0.00199509
24 0.113928 0.626538 0.0829203 0.158172 0.00195694
34 0.273707 0.610721 0.0217404 0.0369069 0.00191879
0 0.258934 0.600176 0.0234128 0.0281195 0.00189686
32 0.474945 0.931459 0.0100341 0.0140598 0.00184631
26 0.106751 0.640597 0.0914214 0.161687 0.00184631
0 0.753111 0.424868 0.00891914 0.0123023 0.00182438
34 0.890801 0.573814 0.0200681 0.0404218 0.00181007
13 0.820562 0.592267 0.0200681 0.0123023 0.00179577
34 0.874635 0.560633 0.0156085 0.0527241 0.00176144
34 0.908639 0.632689 0.0222979 0.0421792 0.00175476
34 0.385196 0.639279 0.0195107 0.0316344 0.00173378
35 0.341158 0.550088 0.0222979 0.0632689 0.00172043
35 0.360111 0.644112 0.0356766 0.0246046 0.00171375
0 0.962154 0.420914 0.0133787 0.0175747 0.00170708
35 0.273707 0.610721 0.0217404 0.0369069 0.00170708
34 0.364571 0.682777 0.0512851 0.0869947 0.00170708
34 0.364849 0.670474 0.0490554 0.0650263 0.00170708
2 0.789345 0.418278 0.0133788 0.0228471 0.0016613
0 0.805511 0.423989 0.0078043 0.0149385 0.0016613
34 0.375719 0.610281 0.0724682 0.0975395 0.00165462
2 0.89972 0.424429 0.0178383 0.0123023 0.0016489
26 0.112883 0.683216 0.0393 0.0632689 0.00164223
35 0.385196 0.639279 0.0195107 0.0316344 0.00163555
14 0.681201 0.630492 0.0133787 0.0175747 0.00162315
0 0.247785 0.807118 0.0919788 0.132689 0.00161076
34 0.386032 0.651142 0.0156085 0.0421792 0.00160408
0 0.800494 0.421353 0.011149 0.0193322 0.0015974
35 0.882996 0.571177 0.0301022 0.056239 0.00157928
2 0.800494 0.421353 0.011149 0.0193322 0.0015192
32 0.820562 0.593146 0.0178383 0.00966607 0.00150681
34 0.910869 0.644112 0.0156086 0.0193321 0.00150681
2 0.820562 0.593146 0.0178383 0.00966607 0.00149536
0 0.985567 0.421793 0.00891914 0.0149385 0.00144958
24 0.117203 0.613357 0.0733043 0.11775 0.00144386
35 0.385475 0.696837 0.0144936 0.0360281 0.00143814
35 0.678971 0.629613 0.0111489 0.0158172 0.0014267
0 0.360668 0.652021 0.0579745 0.149385 0.0014267
35 0.872962 0.572056 0.0133788 0.0351494 0.00141048
32 0.681201 0.630492 0.0133787 0.0175747 0.00141048
0 0.78823 0.424868 0.00891919 0.0114235 0.00139427
34 0.273776 0.622144 0.0243883 0.0536028 0.00137806
34 0.387426 0.630931 0.0267575 0.0351494 0.00137806
14 0.678971 0.629613 0.0111489 0.0158172 0.00135136
7 0.932609 0.421353 0.0222979 0.0158172 0.00134563
32 0.426447 0.655536 0.0156085 0.026362 0.00134563
34 0.384639 0.66696 0.0167234 0.0808436 0.00134563
34 0.807184 0.49297 0.00891914 0.0650264 0.00133514
0 0.396066 0.634007 0.0819448 0.235501 0.00133514
2 0.799379 0.412566 0.0100341 0.0184534 0.00131512
0 0.274543 0.636204 0.0239702 0.0755711 0.00131512
24 0.12452 0.624341 0.123056 0.199473 0.00131512
1 0.932609 0.421353 0.0222979 0.0158172 0.00128937
0 0.94989 0.421353 0.00891914 0.0158172 0.0012846
32 0.473551 0.933216 0.00836172 0.0140598 0.00126934
34 0.885784 0.592267 0.0668937 0.12478 0.00126457
35 0.300743 0.827768 0.0234128 0.0228471 0.0012598
24 0.127237 0.578207 0.0490554 0.0456942 0.00125504
0 0.40833 0.618629 0.0323319 0.0711775 0.00122547
0 0.346453 0.641476 0.0340043 0.121265 0.00122547
35 0.820562 0.593146 0.0178383 0.00966607 0.0012207
13 0.932609 0.421353 0.0222979 0.0158172 0.00121117
35 0.363734 0.636204 0.0440383 0.0421792 0.00120163
2 0.691235 0.426186 0.00891919 0.0140597 0.00119686
38 0.820562 0.593146 0.0178383 0.00966607 0.00119686
0 0.876865 0.41652 0.0111489 0.0272408 0.00117874
2 0.967728 0.419156 0.00891914 0.0210896 0.00117874
35 0.263673 0.786028 0.0602043 0.0834798 0.00117874
34 0.726911 0.630931 0.0445958 0.029877 0.00117397
0 0.276006 0.646309 0.0199287 0.0782074 0.00115108
34 0.347847 0.575132 0.0395787 0.16696 0.00113773
0 0.348962 0.543058 0.0267575 0.059754 0.00113392
13 0.820562 0.593146 0.0178383 0.00966607 0.00113392
0 0.679528 0.642355 0.0144936 0.0439368 0.00112915
2 0.675069 0.422232 0.00891919 0.0228471 0.00109482
34 0.403034 0.59051 0.0434809 0.144112 0.00109005
0 0.416413 0.59754 0.0200681 0.100176 0.00109005
0 0.415298 0.57645 0.0189532 0.0492091 0.00108624
34 0.807741 0.50703 0.00891914 0.0966608 0.00108147
34 0.872962 0.572056 0.0133788 0.0351494 0.00107765
35 0.266739 0.619947 0.0312171 0.056239 0.00107765
0 0.782656 0.424429 0.00891914 0.0140597 0.00107288
34 0.4192 0.579965 0.0139362 0.0615114 0.00106907
0 0.799379 0.412566 0.0100341 0.0184534 0.00106525
0 0.367358 0.603691 0.0602043 0.099297 0.00106525
35 0.337813 0.658612 0.0144936 0.0711775 0.00106525
2 0.707958 0.424868 0.0167234 0.0158172 0.00106049
0 0.340322 0.457821 0.0150511 0.0228471 0.00106049
35 0.366243 0.613796 0.0518426 0.0869947 0.00106049
38 0.364571 0.588752 0.0624341 0.0650263 0.00105667
35 0.185351 0.8058 0.021183 0.0369069 0.00105667
2 0.862928 0.424429 0.010034 0.0123023 0.00104809
24 0.113441 0.682777 0.042366 0.0667838 0.00104809
35 0.338371 0.676626 0.0139362 0.0492091 0.00104809
35 0.199009 0.800527 0.0440383 0.0474517 0.00104046
0 0.871848 0.417399 0.0133787 0.026362 0.00103664
0 0.352307 0.466169 0.0111489 0.0342706 0.00102425
0 0.230226 0.703866 0.109817 0.191564 0.00102043
0 0.408609 0.588752 0.042366 0.13884 0.00100803
0 0.473551 0.933216 0.00836172 0.0140598 0.00100803
0 0.124102 0.702109 0.141452 0.358524 0.910645
0 0.365128 0.677065 0.1572 0.329526 0.910156
0 0.886341 0.592267 0.0668937 0.123023 0.835938
0 0.272034 0.737258 0.199566 0.279438 0.799316
35 0.359553 0.703866 0.0356766 0.0474517 0.437744
32 0.679528 0.630053 0.0111489 0.0158172 0.37207
0 0.347847 0.574692 0.0390213 0.16696 0.323486
34 0.369866 0.599736 0.068566 0.0887522 0.255371
0 0.345617 0.535589 0.0323319 0.0869947 0.250244
34 0.38436 0.614235 0.0975533 0.105448 0.245117
0 0.3537 0.458699 0.00891917 0.0210896 0.219971
34 0.404149 0.640598 0.0579745 0.0553603 0.172119
34 0.364571 0.588752 0.0624341 0.0632689 0.130249
34 0.357602 0.582601 0.0540724 0.0615114 0.113586
29 0.145912 0.460896 0.0328894 0.0272408 0.105225
0 0.34729 0.550967 0.0345617 0.121265 0.0930176
0 0.353422 0.591388 0.0507277 0.202109 0.0809326
35 0.888013 0.630492 0.0100341 0.0219684 0.0554199
34 0.357324 0.560633 0.0557447 0.105448 0.0522461
0 0.231062 0.739016 0.118179 0.272408 0.0441895
0 0.872962 0.592707 0.0445958 0.12478 0.0422363
35 0.280396 0.773286 0.0278724 0.056239 0.0399475
34 0.382409 0.597539 0.0992256 0.14587 0.0394897
34 0.396902 0.634446 0.0434809 0.0413005 0.0381775
0 0.342273 0.458699 0.00891917 0.0210896 0.0337219
0 0.348405 0.634007 0.0434809 0.288225 0.0292511
34 0.903065 0.546573 0.0401362 0.026362 0.0288696
2 0.932609 0.420914 0.0222979 0.0158172 0.0284424
0 0.356209 0.600176 0.0568596 0.121265 0.0273743
24 0.0989469 0.664323 0.079715 0.121265 0.0257568
0 0.354815 0.553603 0.0496128 0.121265 0.0214539
34 0.891916 0.545694 0.0200681 0.0281195 0.0201721
32 0.888013 0.630492 0.0100341 0.0219684 0.0198669
34 0.363734 0.608963 0.063549 0.119508 0.0194244
35 0.255729 0.629174 0.0281511 0.0509666 0.0171814
2 0.938741 0.421793 0.0133787 0.0158172 0.0171051
32 0.146609 0.461336 0.0328894 0.026362 0.016922
35 0.282068 0.764499 0.0245277 0.0404217 0.0166626
35 0.366243 0.704306 0.0289873 0.0448154 0.0165253
0 0.343388 0.543497 0.0278723 0.0650263 0.0151901
26 0.0989469 0.664323 0.079715 0.121265 0.0146713
0 0.350634 0.458699 0.0128213 0.0193322 0.0146713
0 0.347011 0.459139 0.0150511 0.0210896 0.0130692
34 0.892473 0.544815 0.0379064 0.0316344 0.0124817
35 0.426447 0.655536 0.0156085 0.026362 0.0119629
35 0.37126 0.704745 0.0183958 0.0421793 0.0118713
34 0.409166 0.64587 0.0501702 0.0456942 0.0116882
35 0.262836 0.627856 0.0429235 0.0553602 0.0115967
35 0.421709 0.653339 0.0250851 0.029877 0.0110703
0 0.384639 0.595782 0.0969958 0.149385 0.00997162
34 0.39746 0.605009 0.073583 0.128295 0.00989532
0 0.409724 0.601054 0.0345618 0.103691 0.00985718
34 0.400805 0.642355 0.0462681 0.0404218 0.00981903
0 0.339207 0.678383 0.094766 0.31283 0.00933838
2 0.78823 0.424429 0.00891919 0.0123023 0.00926971
2 0.924248 0.421793 0.00891914 0.0140597 0.00919342
24 0.0787394 0.677504 0.0394394 0.0887522 0.00908661
35 0.359553 0.695518 0.0401362 0.0579965 0.00901794
0 0.353143 0.655975 0.0563022 0.346221 0.00898743
0 0.405264 0.594903 0.0557447 0.147627 0.00871277
34 0.405264 0.62522 0.0518426 0.0817223 0.00857544
35 0.179359 0.572935 0.0122638 0.0342706 0.00834656
26 0.0787394 0.677504 0.0394394 0.0887522 0.00834656
35 0.887456 0.625659 0.0111489 0.0333919 0.008255
34 0.146051 0.461336 0.0340043 0.026362 0.00803375
34 0.379343 0.629174 0.094766 0.186292 0.00790405
0 0.346732 0.550967 0.0323319 0.0632689 0.00748825
0 0.266739 0.619508 0.0306596 0.0544815 0.00746155
0 0.869618 0.605009 0.0356766 0.100176 0.00743103
35 0.18786 0.803163 0.018117 0.0351494 0.00734711
0 0.235521 0.789982 0.117621 0.172232 0.00712204
24 0.0991559 0.64587 0.0898884 0.158172 0.0068512
0 0.257541 0.62522 0.0301022 0.0536028 0.00621796
0 0.877422 0.421793 0.0078042 0.0175747 0.00612259
34 0.380179 0.595343 0.0797149 0.0685413 0.00612259
35 0.274543 0.636204 0.0239702 0.0755711 0.00612259
35 0.263254 0.644112 0.0448745 0.0852373 0.00605011
2 0.145215 0.461775 0.0379064 0.0272408 0.00600433
24 0.0868224 0.673989 0.0515639 0.0966608 0.00591278
0 0.338371 0.586995 0.021183 0.147627 0.00582123
0 0.870175 0.42355 0.00891914 0.0140597 0.00568771
2 0.906409 0.42355 0.00891914 0.0123023 0.00566483
0 0.346175 0.522847 0.0301022 0.0588752 0.00557709
0 0.357881 0.58348 0.0546298 0.0720562 0.00547028
34 0.906409 0.622144 0.0267574 0.0597539 0.00544739
35 0.274264 0.652021 0.0206255 0.0650263 0.00542831
0 0.906409 0.42355 0.00891914 0.0123023 0.00521851
0 0.272522 0.608084 0.0202075 0.0307557 0.0051384
35 0.268132 0.635325 0.0351192 0.0790861 0.00511932
0 0.340879 0.550088 0.0222979 0.0623901 0.0050621
0 0.262558 0.623902 0.0429234 0.0597539 0.0049057
0 0.30576 0.717926 0.272592 0.282953 0.00481033
2 0.84955 0.422671 0.0156085 0.013181 0.00460815
0 0.268132 0.635325 0.0351192 0.0790861 0.00460815
35 0.365407 0.692443 0.0479405 0.0702988 0.00432968
26 0.102431 0.681019 0.0618766 0.0738137 0.00424957
26 0.0996437 0.67355 0.0710745 0.0922671 0.00421524
2 0.911984 0.42355 0.0111489 0.013181 0.00419998
34 0.820562 0.591828 0.0200681 0.0123023 0.00419998
35 0.273707 0.621705 0.0245277 0.0527241 0.00416565
2 0.773179 0.420035 0.0178383 0.0210896 0.00403976
35 0.336698 0.639279 0.0144936 0.0413005 0.00400543
24 0.0996437 0.67355 0.0710745 0.0922671 0.00395966
0 0.675069 0.421793 0.00891919 0.0237258 0.0039444
0 0.266181 0.602812 0.0284298 0.0281195 0.00379562
34 0.40833 0.618629 0.0323319 0.0720562 0.00366402
0 0.355094 0.625659 0.0512851 0.0949033 0.00366402
35 0.277887 0.780316 0.0317745 0.0702987 0.00366402
0 0.833941 0.424429 0.00668936 0.0105448 0.00362206
0 0.843975 0.421793 0.00891914 0.0149385 0.00359344
2 0.843975 0.421793 0.00891914 0.0149385 0.00353813
2 0.769277 0.416081 0.0156085 0.0246046 0.00351143
34 0.887456 0.545255 0.0245276 0.0325132 0.00348282
35 0.180055 0.547452 0.0128213 0.0369068 0.00341606
34 0.380179 0.625659 0.0590894 0.0386643 0.00338936
35 0.180613 0.542619 0.0117064 0.0307557 0.00336266
35 0.34506 0.538664 0.031217 0.0843585 0.00333786
0 0.34283 0.531634 0.0256426 0.0685413 0.00332451
26 0.0868224 0.673989 0.0515639 0.0966608 0.00328636
2 0.833941 0.424429 0.00668936 0.0105448 0.00327301
35 0.871848 0.579525 0.0144936 0.0360281 0.00325966
2 0.782656 0.424429 0.00891914 0.0140597 0.00311089
34 0.356209 0.600176 0.0568596 0.121265 0.00309944
0 0.405264 0.62522 0.0518426 0.0817223 0.003088
0 0.246113 0.808436 0.0958809 0.133568 0.00300407
0 0.273219 0.627416 0.0243883 0.0667838 0.00294685
29 0.679528 0.630053 0.0111489 0.0158172 0.00293541
24 0.103197 0.685413 0.0673118 0.0834798 0.00282288
2 0.962154 0.420914 0.0133787 0.0175747 0.00275803
35 0.190647 0.795255 0.0267575 0.0509666 0.00275803
0 0.938741 0.421793 0.0133787 0.0158172 0.00274658
0 0.924248 0.421793 0.00891914 0.0140597 0.0027256
35 0.343388 0.543497 0.0278723 0.0650263 0.00269318
35 0.862928 0.62522 0.0222979 0.0579965 0.00266266
35 0.176153 0.564148 0.0156085 0.0210896 0.00264168
35 0.299907 0.823374 0.0256426 0.0316344 0.0026207
34 0.401083 0.623023 0.042366 0.0659051 0.00261116
35 0.387983 0.630492 0.0278723 0.0351494 0.00256157
34 0.421709 0.653339 0.0250851 0.029877 0.00255013
38 0.145772 0.461336 0.0334468 0.0281195 0.00253105
0 0.361783 0.594025 0.0613192 0.0826011 0.0024929
24 0.10926 0.64587 0.063549 0.144991 0.00248146
32 0.887456 0.625659 0.0111489 0.0333919 0.00242424
0 0.911984 0.42355 0.0111489 0.013181 0.00240517
2 0.94989 0.421353 0.00891914 0.0158172 0.00235939
0 0.337534 0.610721 0.0172809 0.0984183 0.00232315
35 0.342273 0.689807 0.0156085 0.0667838 0.00226021
26 0.113022 0.683216 0.0387426 0.0623902 0.00226021
35 0.189253 0.808436 0.0172809 0.0316345 0.00226021
0 0.865158 0.428822 0.00668936 0.00878733 0.00226021
0 0.817218 0.424868 0.00891914 0.0114235 0.00224304
0 0.967728 0.419156 0.00891914 0.0210896 0.00222588
34 0.89972 0.566784 0.0468256 0.0685413 0.00221634
0 0.399132 0.648067 0.0763703 0.269772 0.00219917
34 0.346732 0.550967 0.0323319 0.0632689 0.00214958
34 0.34729 0.550967 0.0345617 0.121265 0.00214005
35 0.251409 0.780316 0.084732 0.0755711 0.0020752
0 0.932609 0.420914 0.0222979 0.0158172 0.0020504
34 0.885784 0.560633 0.0278724 0.0597539 0.00204277
13 0.820562 0.591828 0.0200681 0.0123023 0.00199509
24 0.120269 0.587434 0.0613192 0.0632689 0.00198746
0 0.258656 0.600176 0.0234128 0.0281195 0.00198746
35 0.187024 0.797012 0.0239702 0.0456942 0.00198746
0 0.977205 0.418278 0.00891914 0.0228471 0.00196457
34 0.273707 0.610721 0.0217404 0.0369069 0.00196457
0 0.753111 0.424429 0.00891914 0.0123023 0.00193405
34 0.396902 0.592267 0.0579745 0.128295 0.00193405
34 0.908639 0.63181 0.0222979 0.0421793 0.00192642
0 0.27287 0.771529 0.185072 0.203866 0.00190449
24 0.114068 0.626098 0.0829203 0.157293 0.00186062
34 0.409166 0.607206 0.0345617 0.100176 0.0018177
26 0.106333 0.641037 0.0908639 0.160808 0.0018034
2 0.789345 0.418278 0.0133788 0.0228471 0.00179577
35 0.880767 0.57645 0.0245277 0.0492091 0.00178242
34 0.364571 0.682777 0.0512851 0.0869947 0.00176811
32 0.475224 0.931459 0.010034 0.0158172 0.00176144
35 0.414462 0.647627 0.0390213 0.0421792 0.00171375
34 0.890801 0.573814 0.0200681 0.0404218 0.00170708
34 0.385754 0.639279 0.0200681 0.0325131 0.00169373
2 0.820562 0.593146 0.0178383 0.0105448 0.00167465
35 0.406936 0.642355 0.0546298 0.0509666 0.00166798
34 0.910869 0.643234 0.0156086 0.0210896 0.00166798
0 0.962154 0.420914 0.0133787 0.0175747 0.00163555
35 0.273707 0.610721 0.0217404 0.0369069 0.00160408
34 0.364849 0.670474 0.0490554 0.0650263 0.00160408
0 0.805511 0.423989 0.0078043 0.0149385 0.00156689
2 0.89972 0.424429 0.0178383 0.0123023 0.00156689
0 0.800494 0.420914 0.011149 0.0193321 0.00156116
34 0.874635 0.560193 0.0156085 0.0527241 0.00156116
32 0.820562 0.593146 0.0178383 0.0105448 0.00154877
34 0.387983 0.630492 0.0278723 0.0351494 0.00153637
34 0.386311 0.651142 0.0156085 0.0421792 0.00152493
14 0.681201 0.630492 0.0133787 0.0175747 0.00152493
35 0.340879 0.550088 0.0222979 0.0623901 0.0015192
2 0.800494 0.420914 0.011149 0.0193321 0.00151253
35 0.679528 0.630053 0.0111489 0.0158172 0.00148964
0 0.230226 0.706503 0.10926 0.195079 0.00147247
0 0.36039 0.652021 0.0579745 0.151142 0.00144386
38 0.820562 0.593146 0.0178383 0.0105448 0.00143814
2 0.799379 0.412566 0.0100341 0.0193321 0.00143242
0 0.276006 0.646309 0.0199287 0.0782074 0.0014267
0 0.40833 0.618629 0.0323319 0.0720562 0.00142097
34 0.273707 0.621705 0.0245277 0.0527241 0.00141048
1 0.932609 0.420914 0.0222979 0.0158172 0.00138855
7 0.932609 0.420914 0.0222979 0.0158172 0.00138283
0 0.78823 0.424429 0.00891919 0.0123023 0.00137806
24 0.127377 0.578207 0.0484979 0.0456942 0.00136662
2 0.691235 0.426186 0.00891919 0.0140597 0.00135612
35 0.385754 0.639279 0.0200681 0.0325131 0.00135136
35 0.360111 0.644112 0.0356766 0.0246046 0.00134087
32 0.426447 0.655536 0.0156085 0.026362 0.00134087
0 0.416413 0.59754 0.0206255 0.100176 0.00133514
24 0.117273 0.613357 0.0728862 0.11775 0.00133514
34 0.807184 0.493849 0.00891914 0.0650264 0.00132465
2 0.967728 0.419156 0.00891914 0.0210896 0.00130939
24 0.11358 0.682777 0.0412511 0.0667838 0.00130939
0 0.678971 0.642355 0.0156085 0.0439368 0.00130463
35 0.820562 0.593146 0.0178383 0.0105448 0.00129414
0 0.415298 0.579086 0.0195107 0.0544815 0.0012846
35 0.385475 0.696837 0.0144936 0.0360281 0.0012846
0 0.985567 0.421793 0.00891914 0.0149385 0.00127888
14 0.679528 0.630053 0.0111489 0.0158172 0.00127888
34 0.886341 0.592267 0.0657788 0.12478 0.0012598
34 0.384639 0.666081 0.0172809 0.082601 0.00125504
0 0.345617 0.641476 0.0323319 0.121265 0.00123501
35 0.300464 0.827768 0.0234128 0.0228471 0.00123024
2 0.675069 0.421793 0.00891919 0.0237258 0.0012064
13 0.932609 0.420914 0.0222979 0.0158172 0.00120163
35 0.882996 0.571177 0.0301022 0.056239 0.00118828
35 0.87352 0.572056 0.0133787 0.0351494 0.00118351
0 0.349241 0.543058 0.0267575 0.059754 0.00117874
2 0.707958 0.424868 0.0156085 0.0158172 0.0011692
0 0.94989 0.421353 0.00891914 0.0158172 0.0011692
32 0.47383 0.933216 0.00891914 0.0140598 0.00116539
34 0.726911 0.630492 0.0434809 0.0298769 0.00115108
0 0.876865 0.41652 0.0111489 0.0272408 0.00109863
0 0.782656 0.424429 0.00891914 0.0140597 0.00109482
0 0.367358 0.603691 0.0596468 0.0984183 0.00109005
0 0.799379 0.412566 0.0100341 0.0193321 0.00108147
24 0.122778 0.625659 0.125147 0.193322 0.00108147
2 0.662247 0.424429 0.0111489 0.0193321 0.00107288
38 0.364571 0.588752 0.0624341 0.0632689 0.00106907
34 0.807741 0.50703 0.00891914 0.0966608 0.00106525
26 0.10926 0.64587 0.063549 0.144991 0.00106525
32 0.681201 0.630492 0.0133787 0.0175747 0.00106525
0 0.409166 0.588752 0.0412511 0.13884 0.00105667
0 0.340322 0.45826 0.0150511 0.0228471 0.00104809
0 0.272661 0.644112 0.0266181 0.0869947 0.00104046
2 0.870175 0.42355 0.00891914 0.0140597 0.00103188
35 0.185351 0.8058 0.021183 0.0369069 0.00102806
2 0.862928 0.424429 0.010034 0.0123023 0.00102425
34 0.364849 0.666081 0.0529575 0.113357 0.00100422
0 0.365128 0.677065 0.1572 0.329526 0.92041
0 0.123962 0.702109 0.141731 0.358524 0.915039
0 0.886341 0.592267 0.0668937 0.123023 0.832031
0 0.272034 0.737258 0.200124 0.279438 0.809082
35 0.359553 0.703866 0.0356766 0.0474517 0.424316
32 0.679528 0.630053 0.0111489 0.0158172 0.357666
0 0.347568 0.574692 0.0390213 0.16696 0.324219
34 0.38436 0.614235 0.0975533 0.105448 0.256836
0 0.345617 0.536028 0.0317745 0.086116 0.234375
34 0.370145 0.600176 0.0702384 0.0896309 0.230957
0 0.3537 0.458699 0.00891917 0.0210896 0.229492
34 0.404428 0.640597 0.0579745 0.056239 0.169922
29 0.146051 0.460896 0.0328894 0.0272408 0.130249
34 0.364571 0.588752 0.0624341 0.0641476 0.122498
34 0.357881 0.582601 0.0546298 0.0615114 0.105957
0 0.34729 0.550967 0.0345617 0.121265 0.0897827
0 0.353422 0.59007 0.0501703 0.199473 0.0790405
35 0.887456 0.630492 0.0111489 0.0219684 0.0538025
0 0.230923 0.738576 0.118458 0.273286 0.0496826
34 0.357324 0.559754 0.0557447 0.107206 0.0477905
0 0.872962 0.592707 0.0445958 0.12478 0.0456848
34 0.382409 0.597539 0.0992256 0.14587 0.0390625
34 0.397181 0.634446 0.0440383 0.0413005 0.0375977
0 0.342273 0.458699 0.0083617 0.0210896 0.0358887
35 0.280396 0.772847 0.0278724 0.0553603 0.0354004
2 0.932609 0.420914 0.0222979 0.0158172 0.0327148
34 0.903065 0.546573 0.0401362 0.026362 0.0311432
24 0.0986682 0.664323 0.0799937 0.121265 0.0303345
0 0.356766 0.599297 0.0568596 0.123023 0.0272675
0 0.348405 0.635325 0.0434809 0.289982 0.0267639
0 0.354815 0.553603 0.0496128 0.123023 0.0232849
34 0.891916 0.545694 0.0200681 0.0281195 0.0209656
2 0.938741 0.421793 0.0133787 0.0158172 0.0194244
34 0.363734 0.608963 0.0646639 0.120387 0.0187683
32 0.887456 0.630492 0.0111489 0.0219684 0.0183411
26 0.0986682 0.664323 0.0799937 0.121265 0.0180511
32 0.146609 0.461336 0.0326107 0.026362 0.0179901
35 0.25559 0.629174 0.0278724 0.0509666 0.0160217
35 0.282068 0.764499 0.0245277 0.0404217 0.0148392
35 0.366243 0.704745 0.0289873 0.0439367 0.014389
0 0.343109 0.543937 0.0273149 0.0650264 0.0141754
0 0.347011 0.459139 0.0156085 0.0210896 0.0136337
34 0.893031 0.544815 0.0401362 0.0316344 0.0132217
0 0.350634 0.458699 0.0133787 0.0193322 0.0130234
34 0.408888 0.64587 0.0507277 0.0465729 0.0119629
2 0.78823 0.424429 0.00891919 0.0123023 0.0112
0 0.338928 0.676626 0.094766 0.316344 0.0108185
35 0.426447 0.655536 0.0156085 0.026362 0.0104904
2 0.924248 0.421793 0.00891914 0.0140597 0.0102921
35 0.262836 0.628295 0.0429235 0.0544815 0.0102463
35 0.37126 0.704745 0.0178383 0.0421793 0.0100937
0 0.409445 0.601054 0.0351192 0.103691 0.0100098
0 0.384639 0.595782 0.0969958 0.149385 0.00952148
0 0.352864 0.656415 0.0568596 0.347979 0.00948334
24 0.0786001 0.677944 0.0393 0.0887523 0.00941467
34 0.396345 0.605448 0.0758128 0.127416 0.00937653
34 0.400805 0.642355 0.0468256 0.0421793 0.00930023
26 0.0786001 0.677944 0.0393 0.0887523 0.00905609
35 0.420037 0.6529 0.0284298 0.029877 0.00891876
24 0.099365 0.64587 0.0903065 0.158172 0.00844574
0 0.235521 0.787346 0.117621 0.177504 0.00844574
34 0.145912 0.461336 0.0340043 0.026362 0.00818634
35 0.887456 0.626098 0.0111489 0.0342706 0.00803375
0 0.869618 0.604569 0.0356766 0.101054 0.00796509
0 0.404707 0.594903 0.0557447 0.147627 0.00796509
35 0.179359 0.572935 0.0122638 0.0342706 0.00784302
34 0.405264 0.625659 0.0524 0.082601 0.00763702
0 0.346732 0.550967 0.0323319 0.0632689 0.00751877
34 0.380179 0.628295 0.0969958 0.184534 0.00734711
0 0.877422 0.421793 0.0078042 0.0175747 0.00725937
35 0.359553 0.695079 0.0412511 0.0579965 0.00725937
2 0.906409 0.42355 0.00891914 0.0140597 0.00651169
35 0.18786 0.803163 0.018117 0.0351494 0.00651169
0 0.870733 0.42355 0.00891924 0.0140597 0.00643921
0 0.26646 0.619508 0.0312171 0.0544815 0.00636292
24 0.0888432 0.67355 0.0567203 0.0975396 0.00629044
2 0.84955 0.422671 0.0156085 0.0140597 0.00621796
2 0.145215 0.461775 0.0379064 0.0272408 0.00619125
0 0.357881 0.584359 0.0546298 0.0773286 0.00584412
0 0.346175 0.522847 0.0301022 0.0588752 0.00577545
0 0.338371 0.586116 0.021183 0.147627 0.00572968
26 0.102292 0.681019 0.0618767 0.0755712 0.00568771
0 0.906409 0.42355 0.00891914 0.0140597 0.00559998
0 0.30576 0.720123 0.272592 0.280316 0.00553513
34 0.379622 0.595782 0.0780426 0.0685413 0.00551224
35 0.263115 0.644552 0.0451532 0.0852372 0.00542831
0 0.257819 0.62478 0.0306596 0.0527241 0.00540543
2 0.772622 0.420035 0.0178383 0.0228471 0.00524139
35 0.273707 0.644552 0.0239702 0.0817223 0.00519943
2 0.769277 0.416081 0.0156085 0.0254833 0.00494385
35 0.274264 0.6529 0.0206255 0.0650264 0.00488663
0 0.341158 0.550088 0.0228554 0.0632689 0.00486755
0 0.675069 0.421793 0.00891919 0.0246046 0.00473785
34 0.906409 0.622583 0.0267574 0.059754 0.00471878
35 0.267575 0.636204 0.0356766 0.0808436 0.0045929
2 0.911984 0.42355 0.0111489 0.013181 0.00453949
24 0.0997134 0.673989 0.0712139 0.0931459 0.00443268
2 0.844533 0.421793 0.0100341 0.0158172 0.00436401
0 0.267575 0.636204 0.0356766 0.0808436 0.00436401
0 0.833941 0.424429 0.0078042 0.0114236 0.00419998
0 0.272313 0.608084 0.0200681 0.0307557 0.00419998
0 0.262558 0.623902 0.0429234 0.0597539 0.00415039
34 0.820562 0.591828 0.0200681 0.0123023 0.00411606
0 0.844533 0.421793 0.0100341 0.0158172 0.00408554
2 0.782656 0.424429 0.00891914 0.0140597 0.00399017
2 0.833941 0.424429 0.0078042 0.0114236 0.00391388
0 0.244998 0.8058 0.0964384 0.130053 0.0037365
35 0.365407 0.691125 0.0479405 0.0720562 0.00372124
34 0.380737 0.625659 0.0618767 0.0404218 0.00369263
35 0.273707 0.622144 0.0245277 0.0536028 0.0036068
35 0.336698 0.63884 0.0144936 0.0421793 0.00355148
26 0.0888432 0.67355 0.0567203 0.0975396 0.00355148
34 0.887456 0.545255 0.0245276 0.0325132 0.00353813
0 0.355373 0.626098 0.0518426 0.0975396 0.00353813
34 0.408051 0.618629 0.0323319 0.0720562 0.00340271
0 0.34283 0.531195 0.0256426 0.06942 0.00337601
2 0.962154 0.420914 0.0133787 0.0175747 0.00335121
35 0.180613 0.543058 0.0117064 0.029877 0.00333786
35 0.277887 0.780316 0.0317745 0.0702987 0.00329781
0 0.265902 0.602812 0.0284298 0.0281195 0.00325966
29 0.679528 0.630053 0.0111489 0.0158172 0.00321007
26 0.112953 0.682777 0.038882 0.0632689 0.00316048
35 0.34506 0.538664 0.031217 0.0843585 0.003088
0 0.924248 0.421793 0.00891914 0.0140597 0.00300407
0 0.938741 0.421793 0.0133787 0.0158172 0.00300407
35 0.871848 0.579525 0.0144936 0.0369068 0.0029583
0 0.405264 0.625659 0.0524 0.082601 0.00293541
38 0.145772 0.461336 0.0334468 0.0281195 0.00284576
24 0.108493 0.64587 0.0656394 0.144991 0.00281143
34 0.356766 0.599297 0.0568596 0.123023 0.00279045
0 0.817218 0.424429 0.00891914 0.0123023 0.00276756
2 0.94989 0.420914 0.00891914 0.0158172 0.00274658
34 0.420037 0.6529 0.0284298 0.029877 0.00271416
34 0.400526 0.623023 0.0445958 0.0667838 0.00263214
0 0.27287 0.627856 0.0245277 0.0676626 0.00263214
0 0.362062 0.594903 0.0624341 0.0843586 0.00257111
35 0.862928 0.625659 0.0222979 0.0579965 0.00254059
0 0.967728 0.419596 0.00891914 0.0210896 0.00252151
2 0.789345 0.418278 0.0133788 0.0237258 0.00251198
35 0.176153 0.564148 0.0156085 0.0210896 0.00251198
0 0.911984 0.42355 0.0111489 0.013181 0.00250244
26 0.106333 0.641037 0.0914214 0.160808 0.00250244
35 0.343109 0.543937 0.0273149 0.0650264 0.00247192
0 0.753111 0.424429 0.00891914 0.0123023 0.00243378
0 0.273079 0.769772 0.186327 0.207381 0.00243378
35 0.190786 0.795255 0.0270362 0.0527241 0.002388
35 0.388541 0.630492 0.0295447 0.0360281 0.00236893
34 0.89972 0.566784 0.0468256 0.0685413 0.00229645
0 0.865158 0.428383 0.00668936 0.00878733 0.00229645
0 0.398854 0.6529 0.0769277 0.281195 0.00228691
32 0.887456 0.626098 0.0111489 0.0342706 0.00224304
0 0.977205 0.418278 0.00891914 0.0228471 0.00223351
0 0.932609 0.420914 0.0222979 0.0158172 0.00221634
0 0.337534 0.610721 0.0172809 0.0966608 0.00219154
35 0.299907 0.823374 0.0256426 0.0316344 0.00218201
24 0.114277 0.626538 0.0841745 0.158172 0.00217438
13 0.820562 0.591828 0.0200681 0.0123023 0.00206757
24 0.120269 0.587873 0.0615979 0.0632689 0.00205803
35 0.189253 0.808436 0.0172809 0.0316345 0.00205803
34 0.346732 0.550967 0.0323319 0.0632689 0.00201988
2 0.799379 0.413005 0.0100341 0.0202109 0.00200272
34 0.885784 0.559754 0.0278724 0.0597539 0.00199509
2 0.89972 0.424429 0.0178383 0.0123023 0.00198746
0 0.800494 0.420914 0.011149 0.0210896 0.00195694
2 0.800494 0.420914 0.011149 0.0210896 0.00191212
0 0.805511 0.42355 0.0078043 0.0158172 0.00191212
34 0.34729 0.550967 0.0345617 0.121265 0.00189686
35 0.342273 0.689807 0.0156085 0.0667838 0.00186062
0 0.962154 0.420914 0.0133787 0.0175747 0.00183105
34 0.396624 0.591828 0.058532 0.130053 0.00183105
0 0.258934 0.600176 0.0234128 0.0281195 0.00178242
32 0.475224 0.931459 0.010034 0.0175747 0.00177479
0 0.230086 0.707381 0.109538 0.196837 0.00176811
35 0.187024 0.797012 0.0239702 0.0456942 0.00173378
34 0.273707 0.610281 0.0217404 0.0360281 0.0017271
34 0.890801 0.573814 0.0200681 0.0395431 0.00171375
35 0.251269 0.780756 0.0850107 0.0755711 0.00171375
38 0.820562 0.593146 0.0178383 0.0105448 0.0017004
34 0.908639 0.63225 0.0222979 0.0421792 0.0017004
34 0.364571 0.681898 0.0512851 0.0878735 0.0017004
7 0.932609 0.420914 0.0222979 0.0158172 0.00165462
32 0.820562 0.593146 0.0178383 0.0105448 0.00165462
2 0.820562 0.593146 0.0178383 0.0105448 0.00163555
2 0.691235 0.426186 0.00891919 0.0140597 0.00162888
2 0.967728 0.419596 0.00891914 0.0210896 0.00162315
1 0.932609 0.420914 0.0222979 0.0158172 0.00159168
0 0.274543 0.636643 0.0239702 0.0764499 0.00159168
34 0.408609 0.596661 0.037349 0.114235 0.00158501
0 0.78823 0.424429 0.00891919 0.0123023 0.00156116
34 0.385754 0.63884 0.0206255 0.0333919 0.00155449
34 0.388541 0.630492 0.0295447 0.0360281 0.00154305
2 0.707958 0.424868 0.0156085 0.0166959 0.00152493
34 0.910869 0.643234 0.0156086 0.0210896 0.00152493
35 0.413905 0.647627 0.0401362 0.0421792 0.0015192
0 0.36039 0.651142 0.0579745 0.1529 0.00151253
35 0.880767 0.57645 0.0245277 0.0492091 0.00150681
24 0.113371 0.682777 0.0416692 0.0667838 0.00150681
0 0.799379 0.413005 0.0100341 0.0202109 0.00149536
34 0.874635 0.560193 0.0156085 0.0527241 0.00149536
24 0.117343 0.614235 0.073583 0.119508 0.00146675
35 0.273707 0.610281 0.0217404 0.0360281 0.00145531
24 0.122638 0.625659 0.125147 0.193322 0.00145531
0 0.275658 0.646309 0.0200681 0.0782074 0.00143242
2 0.675069 0.421793 0.00891919 0.0246046 0.0014267
34 0.386032 0.651142 0.0161659 0.0421792 0.0014267
0 0.985567 0.421793 0.00891914 0.0158172 0.00142097
0 0.408051 0.618629 0.0323319 0.0720562 0.00142097
35 0.406936 0.642355 0.0546298 0.0509666 0.00142097
0 0.876865 0.41652 0.0111489 0.0272408 0.00141621
32 0.426447 0.655536 0.0156085 0.026362 0.00141621
35 0.341158 0.550088 0.0228554 0.0632689 0.00138283
24 0.127377 0.578207 0.0482192 0.0456942 0.00138283
0 0.416413 0.597539 0.0200681 0.099297 0.00136185
35 0.820562 0.593146 0.0178383 0.0105448 0.00134087
14 0.681201 0.630492 0.0133787 0.0184534 0.00133514
0 0.415298 0.581722 0.0195107 0.0597539 0.00130939
0 0.782656 0.424429 0.00891914 0.0140597 0.00130463
2 0.862928 0.423989 0.0111489 0.013181 0.00130463
2 0.662247 0.424429 0.0111489 0.0193321 0.00129414
0 0.94989 0.420914 0.00891914 0.0158172 0.00129414
13 0.932609 0.420914 0.0222979 0.0158172 0.00126457
2 0.870733 0.42355 0.00891924 0.0140597 0.0012598
35 0.679528 0.630053 0.0111489 0.0158172 0.00124931
0 0.345617 0.641476 0.0323319 0.123023 0.00124931
26 0.108493 0.64587 0.0656394 0.144991 0.00124931
34 0.726911 0.630492 0.0445958 0.0298769 0.00123978
2 0.763703 0.42355 0.0133787 0.0140597 0.00120163
0 0.87129 0.417399 0.0133787 0.026362 0.00119209
0 0.3406 0.457821 0.0156085 0.0228471 0.00117874
34 0.273707 0.622144 0.0245277 0.0536028 0.00117874
0 0.678971 0.642355 0.0156085 0.0439368 0.00117874
34 0.886341 0.591828 0.0646639 0.12478 0.00117397
34 0.384639 0.665202 0.0172809 0.0861159 0.00115108
35 0.385475 0.696837 0.0144936 0.0351494 0.00114727
35 0.385754 0.63884 0.0206255 0.0333919 0.00112915
2 0.541281 0.424429 0.0144936 0.0123023 0.00112438
34 0.807184 0.493849 0.00891914 0.0650264 0.00112057
0 0.349241 0.543058 0.0267575 0.059754 0.00112057
0 0.691235 0.426186 0.00891919 0.0140597 0.0011034
32 0.473551 0.932337 0.00891914 0.0158173 0.0011034
1 0.938741 0.421793 0.0133787 0.0158172 0.00108624
35 0.87352 0.572056 0.0133787 0.0351494 0.00108624
0 0.674511 0.418278 0.0111489 0.029877 0.00108147
14 0.679528 0.630053 0.0111489 0.0158172 0.00108147
35 0.36039 0.644112 0.0362341 0.0246046 0.00104427
35 0.300464 0.827768 0.0234128 0.0228471 0.00104427
32 0.300464 0.827768 0.0234128 0.0228471 0.00103188
2 0.887456 0.424429 0.0133787 0.0123023 0.00100803
38 0.364571 0.588752 0.0624341 0.0641476 0.00100422
0 0.365128 0.676626 0.1572 0.328647 0.928711
0 0.123684 0.70167 0.14201 0.357645 0.91748
0 0.886341 0.592267 0.0668937 0.123023 0.827148
0 0.272104 0.737258 0.200542 0.279438 0.818359
35 0.359275 0.703866 0.0356766 0.0474517 0.42627
32 0.679528 0.630053 0.0111489 0.0158172 0.368408
0 0.347568 0.575132 0.0390213 0.16696 0.319092
34 0.384081 0.614675 0.0969958 0.104569 0.262939
0 0.345617 0.536028 0.0317745 0.0869947 0.230957
0 0.3537 0.458699 0.00891917 0.0210896 0.228882
34 0.370702 0.600176 0.0707958 0.0896309 0.213379
34 0.404149 0.640597 0.0579745 0.056239 0.167725
29 0.145912 0.461336 0.0326107 0.0281195 0.161377
34 0.364571 0.589192 0.0624341 0.0650263 0.117554
34 0.357881 0.582601 0.0546298 0.0615114 0.0966797
0 0.34729 0.550967 0.0345617 0.121265 0.088501
0 0.353143 0.59051 0.0501703 0.200351 0.0787964
0 0.872962 0.592267 0.0445958 0.12478 0.0618896
35 0.887456 0.630053 0.0111489 0.0228471 0.0558167
0 0.230923 0.738576 0.118458 0.273286 0.0558167
34 0.357324 0.559754 0.0557447 0.108963 0.0430298
34 0.382409 0.597979 0.0992256 0.144991 0.0387573
34 0.396902 0.634446 0.0445958 0.0421792 0.0381775
0 0.342273 0.458699 0.00891917 0.0210896 0.0360718
35 0.280326 0.773286 0.0280117 0.056239 0.0340881
2 0.932609 0.420914 0.0222979 0.016696 0.0319824
34 0.903065 0.546573 0.0401362 0.026362 0.0313721
24 0.0985288 0.664763 0.0802724 0.121265 0.0311432
0 0.356209 0.598418 0.0568596 0.12478 0.0269165
0 0.348405 0.634886 0.0434809 0.289982 0.026062
0 0.354815 0.553603 0.0496128 0.123023 0.0231476
34 0.891916 0.545694 0.0200681 0.0281195 0.0216217
32 0.146609 0.461336 0.0323319 0.0272408 0.02034
34 0.364292 0.608963 0.0652213 0.119508 0.0191193
26 0.0985288 0.664763 0.0802724 0.121265 0.0190582
2 0.938741 0.421353 0.0133787 0.0166959 0.0188293
32 0.887456 0.630053 0.0111489 0.0228471 0.018692
35 0.25559 0.629174 0.0278724 0.0500879 0.0153046
0 0.34283 0.543937 0.0267575 0.0650264 0.0144501
35 0.366522 0.704745 0.0284298 0.0439367 0.0142822
35 0.282068 0.764499 0.0245277 0.0404217 0.0141754
0 0.347011 0.459578 0.0156085 0.0210896 0.0139008
34 0.893031 0.544815 0.0401362 0.0316344 0.0134811
0 0.338928 0.676626 0.0958809 0.316344 0.0124283
34 0.408888 0.64587 0.0507277 0.0474517 0.012146
0 0.350634 0.458699 0.0133787 0.0210896 0.0116882
0 0.409445 0.601054 0.0351192 0.103691 0.0112915
2 0.78823 0.424429 0.00891919 0.0123023 0.0104904
0 0.352864 0.656854 0.0568596 0.348858 0.0100098
35 0.426447 0.655536 0.0156085 0.026362 0.00993347
35 0.262836 0.628295 0.0429235 0.0544815 0.00985718
2 0.924248 0.421793 0.00891914 0.0140597 0.00955963
35 0.37126 0.704745 0.0178383 0.0421793 0.00945282
34 0.400805 0.641916 0.0468256 0.043058 0.00923157
24 0.0784607 0.677944 0.0393 0.0887523 0.00919342
24 0.0995043 0.64587 0.0905852 0.158172 0.00912476
0 0.384639 0.595782 0.0969958 0.149385 0.00912476
0 0.86906 0.604569 0.0367915 0.101933 0.00901794
26 0.0784607 0.677944 0.0393 0.0887523 0.00901794
34 0.396345 0.605887 0.0758128 0.126538 0.00894928
0 0.235661 0.794376 0.116785 0.163445 0.00871277
0 0.404985 0.594903 0.0557447 0.147627 0.0086441
35 0.887456 0.625659 0.0122639 0.0351494 0.00828552
0 0.877422 0.420914 0.0078042 0.0193321 0.00796509
34 0.145772 0.461336 0.0340043 0.026362 0.00793457
0 0.346732 0.551845 0.0323319 0.0615114 0.00775528
34 0.380179 0.627416 0.0969958 0.184534 0.00760651
35 0.420037 0.653339 0.0284298 0.029877 0.00754929
34 0.405264 0.62522 0.0524 0.082601 0.00717545
35 0.179359 0.572935 0.0122638 0.0351494 0.00712204
24 0.0848017 0.676626 0.0537937 0.0931458 0.00709534
0 0.870733 0.423111 0.00891924 0.0149385 0.00679779
35 0.359553 0.695079 0.0412511 0.0579965 0.00679779
0 0.26646 0.619508 0.0312171 0.0544815 0.00658798
2 0.84955 0.422232 0.0156085 0.0149385 0.00641251
0 0.357881 0.586116 0.0551873 0.086116 0.00629044
0 0.346175 0.522847 0.0301022 0.0588752 0.00621796
0 0.338371 0.586116 0.021183 0.148506 0.00612259
2 0.145076 0.461775 0.0379064 0.0272408 0.00595856
2 0.906409 0.42355 0.00891914 0.0140597 0.00593567
26 0.10257 0.68058 0.0613192 0.0746925 0.00591278
35 0.18786 0.803163 0.0183958 0.0351494 0.005867
0 0.305481 0.721441 0.272034 0.27768 0.00577545
2 0.769277 0.41652 0.0156085 0.026362 0.00575256
0 0.906409 0.42355 0.00891914 0.0140597 0.00572968
0 0.25768 0.62478 0.0303809 0.0544815 0.00570679
2 0.772622 0.419156 0.0178383 0.0228471 0.00568771
34 0.379064 0.596661 0.0769277 0.0685413 0.00540543
0 0.340879 0.550088 0.0222979 0.0632689 0.00519943
26 0.0996437 0.673989 0.0710745 0.0922671 0.00519943
0 0.675069 0.420914 0.00891919 0.0254833 0.00518036
35 0.263115 0.644991 0.0451532 0.0861159 0.00498199
0 0.268411 0.636204 0.0340043 0.0808436 0.00496292
0 0.245834 0.8058 0.094766 0.130053 0.00494385
35 0.274264 0.637083 0.0239702 0.0773286 0.00471878
0 0.262558 0.624341 0.0429234 0.0606327 0.00469971
34 0.905852 0.622583 0.0267574 0.059754 0.00469971
35 0.274194 0.6529 0.0202075 0.0632689 0.0046463
0 0.844533 0.420914 0.0100341 0.0158172 0.00448608
0 0.272313 0.608084 0.0200681 0.0316345 0.00448608
0 0.833941 0.424429 0.0078042 0.0123023 0.00446701
24 0.0996437 0.673989 0.0710745 0.0922671 0.00431442
34 0.820562 0.591828 0.0200681 0.0123023 0.00429916
34 0.380737 0.62478 0.0652213 0.0421793 0.00411606
35 0.268411 0.636204 0.0340043 0.0808436 0.00408554
2 0.911984 0.42355 0.0111489 0.0140597 0.00405502
2 0.844533 0.420914 0.0100341 0.0158172 0.00403976
2 0.782656 0.423989 0.00891914 0.0149385 0.00397491
2 0.833941 0.424429 0.0078042 0.0123023 0.00358009
34 0.887456 0.545255 0.0245276 0.0325132 0.00355148
0 0.355094 0.627416 0.0518426 0.101055 0.00355148
26 0.113022 0.682777 0.0387426 0.0632689 0.00355148
35 0.180474 0.543058 0.0117064 0.0307557 0.00348282
0 0.342273 0.531634 0.0250851 0.06942 0.00346947
35 0.336698 0.637083 0.0144936 0.0474516 0.00345612
35 0.365407 0.691564 0.0479405 0.0720563 0.00345612
34 0.408051 0.618629 0.0323319 0.072935 0.00344276
35 0.273707 0.622144 0.0245277 0.0544816 0.00337601
0 0.265902 0.602812 0.0284298 0.0281195 0.00336266
24 0.10257 0.68058 0.0613192 0.0746925 0.00335121
35 0.277678 0.780316 0.0321926 0.0711775 0.00333786
2 0.962154 0.420914 0.0133787 0.0175747 0.00327301
29 0.679528 0.630053 0.0111489 0.0158172 0.00323486
0 0.345617 0.572056 0.0334468 0.133568 0.00322342
38 0.145772 0.461336 0.0328894 0.0281195 0.00321007
0 0.924248 0.421793 0.00891914 0.0140597 0.00314713
34 0.39746 0.623023 0.0524001 0.0685413 0.00313568
0 0.938741 0.421353 0.0133787 0.0166959 0.00311089
0 0.817218 0.424429 0.00891914 0.0123023 0.00309944
26 0.106333 0.640597 0.0917001 0.161687 0.00307465
0 0.273776 0.768893 0.187163 0.209139 0.00304031
0 0.405264 0.62522 0.0524 0.082601 0.00300407
26 0.0848017 0.676626 0.0537937 0.0931458 0.00291252
0 0.273219 0.627856 0.0243883 0.0676626 0.00288963
24 0.108493 0.64587 0.0659181 0.144112 0.00287819
34 0.420037 0.653339 0.0284298 0.029877 0.00286674
0 0.753111 0.424429 0.00891914 0.013181 0.00277901
0 0.362062 0.596661 0.0629915 0.0878735 0.00276756
2 0.789345 0.418278 0.0133788 0.0246046 0.00275803
2 0.94989 0.420914 0.00891914 0.016696 0.0026722
35 0.34506 0.538664 0.031217 0.0843585 0.0026722
0 0.967728 0.419156 0.00891914 0.0210896 0.00265312
35 0.871848 0.579965 0.0156086 0.0377856 0.00257111
0 0.911984 0.42355 0.0111489 0.0140597 0.00252151
34 0.356209 0.598418 0.0568596 0.12478 0.00252151
35 0.176153 0.564148 0.0156085 0.0210896 0.00247192
24 0.114277 0.626538 0.0850107 0.158172 0.00239754
0 0.337534 0.610721 0.0172809 0.0975396 0.00237846
35 0.862371 0.625659 0.022298 0.0579965 0.00234985
0 0.865158 0.428383 0.00668936 0.00878733 0.00234985
0 0.977205 0.418278 0.00891914 0.0228471 0.00234222
0 0.932609 0.420914 0.0222979 0.016696 0.00231361
0 0.800494 0.420035 0.011149 0.0210896 0.00230598
32 0.887456 0.625659 0.0122639 0.0351494 0.00230598
0 0.229808 0.710018 0.109538 0.203866 0.00230598
0 0.399132 0.655536 0.0769278 0.288225 0.00229645
34 0.900277 0.567223 0.0457107 0.06942 0.00226974
0 0.804954 0.42355 0.00891914 0.0158172 0.00225258
2 0.799379 0.413005 0.0100341 0.0210896 0.00219154
35 0.190926 0.794376 0.0273149 0.0527241 0.00215721
35 0.389656 0.630931 0.0312171 0.0369069 0.00214005
2 0.89972 0.424429 0.0178383 0.0123023 0.0020504
35 0.34283 0.543937 0.0267575 0.0650264 0.00204277
13 0.820562 0.591828 0.0200681 0.0123023 0.00201988
24 0.120269 0.587873 0.0615979 0.0641476 0.00200272
38 0.820562 0.593146 0.0178383 0.0105448 0.00200272
34 0.885784 0.559754 0.0278724 0.0597539 0.0019722
34 0.346732 0.551845 0.0323319 0.0615114 0.00196457
0 0.962154 0.420914 0.0133787 0.0175747 0.00193405
2 0.800494 0.420035 0.011149 0.0210896 0.00192642
0 0.258656 0.600176 0.0239702 0.0281195 0.00192642
34 0.395788 0.591388 0.0602043 0.13181 0.00191879
32 0.475224 0.931459 0.010034 0.0175747 0.00191212
0 0.799379 0.413005 0.0100341 0.0210896 0.00187492
35 0.189253 0.808436 0.0172809 0.0316345 0.00185299
32 0.820562 0.593146 0.0178383 0.0105448 0.00183868
35 0.299907 0.823374 0.0256426 0.0316344 0.00183105
1 0.932609 0.420914 0.0222979 0.016696 0.00179577
0 0.876865 0.41652 0.0111489 0.0281195 0.00178909
34 0.34729 0.550967 0.0345617 0.121265 0.00174809
34 0.273637 0.610281 0.0213224 0.0360281 0.00173378
34 0.908639 0.63181 0.0222979 0.0421793 0.00173378
34 0.890801 0.573814 0.0200681 0.0395431 0.00172043
2 0.707958 0.424868 0.0156085 0.0166959 0.00168705
34 0.364849 0.681898 0.0512851 0.0896309 0.00168705
34 0.389656 0.630931 0.0312171 0.0369069 0.00167465
35 0.341715 0.689807 0.0156085 0.0667838 0.00167465
0 0.78823 0.424429 0.00891919 0.0123023 0.00165462
0 0.36039 0.650264 0.0579745 0.154657 0.00165462
2 0.691235 0.426186 0.00891919 0.0149385 0.00164223
7 0.932609 0.420914 0.0222979 0.016696 0.00164223
35 0.251409 0.781195 0.084732 0.0755711 0.00163555
24 0.122499 0.62478 0.125147 0.195079 0.00161076
34 0.910869 0.643234 0.0156086 0.0210896 0.00160408
2 0.967728 0.419156 0.00891914 0.0210896 0.00159168
32 0.426447 0.655536 0.0156085 0.026362 0.00158501
35 0.187302 0.796134 0.0245277 0.0474517 0.00157356
0 0.275658 0.646749 0.0200681 0.0773286 0.00156689
24 0.113301 0.682777 0.0412511 0.0667838 0.00156116
0 0.416413 0.597539 0.0200681 0.099297 0.00155449
34 0.408609 0.596661 0.037349 0.114235 0.00154877
24 0.117412 0.615114 0.0740011 0.121265 0.00153065
34 0.386032 0.63884 0.0217405 0.0333919 0.00153065
0 0.414741 0.585677 0.0200681 0.0676625 0.0015192
0 0.408051 0.618629 0.0323319 0.072935 0.00151253
2 0.820562 0.593146 0.0178383 0.0105448 0.00149536
0 0.87129 0.417399 0.0133787 0.026362 0.0014782
34 0.874077 0.560633 0.0156086 0.0536028 0.00144958
2 0.675069 0.420914 0.00891919 0.0254833 0.00144386
35 0.273637 0.610281 0.0213224 0.0360281 0.0014267
0 0.94989 0.420914 0.00891914 0.016696 0.00140476
34 0.386311 0.650703 0.0167234 0.043058 0.00139427
0 0.782656 0.423989 0.00891914 0.0149385 0.00138283
0 0.985567 0.421793 0.00891914 0.0158172 0.00137806
0 0.343945 0.641476 0.0289872 0.123023 0.00137806
35 0.413626 0.647627 0.0401362 0.0421792 0.00135612
35 0.820562 0.593146 0.0178383 0.0105448 0.00133514
24 0.127412 0.578207 0.0484282 0.0456942 0.00133038
2 0.662247 0.423989 0.0111489 0.0202109 0.00131989
0 0.674511 0.418278 0.0111489 0.029877 0.00131512
26 0.108493 0.64587 0.0659181 0.144112 0.00130463
2 0.862928 0.423989 0.0111489 0.013181 0.00128937
2 0.763703 0.42355 0.0133787 0.0158172 0.0012846
35 0.880209 0.57645 0.0234128 0.0492091 0.00127411
34 0.726911 0.630492 0.0445958 0.0307557 0.0012598
0 0.3406 0.457821 0.0156085 0.0228471 0.00125504
35 0.340879 0.550088 0.0222979 0.0632689 0.00124454
0 0.349519 0.543937 0.0262 0.059754 0.00123501
0 0.691235 0.426186 0.00891919 0.0149385 0.00123024
14 0.681201 0.630492 0.0133787 0.0184534 0.00123024
13 0.932609 0.420914 0.0222979 0.016696 0.0012207
32 0.300743 0.827768 0.0228554 0.0228471 0.00121593
34 0.273707 0.622144 0.0245277 0.0544816 0.0012064
2 0.541003 0.424429 0.0144936 0.0123023 0.00119209
35 0.406936 0.642355 0.0546298 0.0509666 0.00118828
2 0.870733 0.423111 0.00891924 0.0149385 0.00118351
1 0.938741 0.421353 0.0133787 0.0166959 0.00118351
0 0.272661 0.644112 0.0266181 0.0869947 0.00116539
0 0.678971 0.642355 0.0156085 0.0439368 0.00116539
34 0.384639 0.665202 0.0178383 0.0905097 0.00113773
34 0.886341 0.591828 0.0646639 0.12478 0.00112915
35 0.385475 0.696837 0.0144936 0.0351494 0.00106907
32 0.473551 0.932337 0.00891914 0.0158173 0.00105667
0 0.338928 0.461336 0.0122638 0.0228471 0.00103664
0 0.409166 0.588752 0.0412511 0.13884 0.00103188
34 0.807184 0.493849 0.00891914 0.0650264 0.00101185
35 0.679528 0.630053 0.0111489 0.0158172 0.00101185
35 0.386032 0.63884 0.0217405 0.0333919 0.00100422
0 0.365128 0.674868 0.1572 0.332162 0.935547
0 0.123405 0.70167 0.142567 0.357645 0.923828
0 0.272313 0.736819 0.201238 0.278559 0.834961
0 0.885784 0.592267 0.0680085 0.123023 0.819336
35 0.359275 0.703866 0.0362341 0.0465729 0.383057
32 0.679528 0.629613 0.0111489 0.016696 0.352295
0 0.34729 0.575571 0.0390213 0.168717 0.318359
34 0.384639 0.614675 0.0969958 0.104569 0.281494
0 0.353422 0.459139 0.00891914 0.0210896 0.240723
0 0.345896 0.536907 0.0317745 0.0931458 0.194946
29 0.145772 0.461336 0.0328894 0.0281195 0.165649
34 0.404707 0.639719 0.0590894 0.0579965 0.157104
34 0.372932 0.600615 0.0758128 0.0922671 0.149048
34 0.364013 0.589631 0.0624341 0.0650264 0.0844727
0 0.352307 0.592267 0.0490553 0.203866 0.0805054
35 0.887456 0.630053 0.0100341 0.0228471 0.0747681
34 0.357324 0.582601 0.0546298 0.0615114 0.0710449
0 0.872962 0.592707 0.0445958 0.12478 0.069519
0 0.230644 0.738576 0.118458 0.273286 0.0508118
2 0.932609 0.420914 0.0222979 0.0175747 0.0375977
0 0.342273 0.458699 0.00891917 0.0210896 0.037384
34 0.903065 0.546573 0.0401362 0.026362 0.0348816
34 0.357045 0.559754 0.0563022 0.109842 0.0333252
34 0.397181 0.634886 0.0462682 0.0439367 0.0318604
0 0.347847 0.641037 0.042366 0.303163 0.0292511
24 0.0980411 0.66696 0.0815267 0.119508 0.0269623
32 0.14633 0.461336 0.0323319 0.026362 0.0259552
0 0.356209 0.597539 0.0574171 0.128295 0.0259552
35 0.280326 0.773286 0.0280117 0.056239 0.0246124
34 0.891916 0.545694 0.0200681 0.0281195 0.02211
2 0.938184 0.420914 0.0144937 0.0175747 0.0220337
32 0.887456 0.630053 0.0100341 0.0228471 0.0219421
34 0.357881 0.59051 0.0557447 0.101054 0.0217743
0 0.355094 0.554042 0.0501703 0.122144 0.0162811
0 0.338092 0.675747 0.0958809 0.319859 0.0143356
34 0.893031 0.545255 0.0401362 0.0316344 0.0142288
0 0.409445 0.601054 0.0351192 0.105448 0.0137405
2 0.78823 0.424429 0.00891919 0.0123023 0.0135345
0 0.347011 0.459578 0.0156085 0.0210896 0.0135345
26 0.0980411 0.66696 0.0815267 0.119508 0.0130234
35 0.3668 0.704745 0.0278724 0.0439367 0.0123367
0 0.352307 0.656415 0.0568596 0.349736 0.012146
35 0.887456 0.625659 0.0122639 0.0351494 0.0118713
34 0.40833 0.64587 0.0518426 0.0474517 0.0117798
35 0.25545 0.629174 0.0281511 0.0492091 0.0115051
0 0.405264 0.594903 0.0557447 0.149385 0.0112
2 0.924248 0.421353 0.0111489 0.0149385 0.011116
35 0.282068 0.76406 0.0245277 0.039543 0.0108185
0 0.350634 0.45826 0.0133787 0.0210896 0.0104065
2 0.769277 0.415641 0.0156085 0.0246046 0.01017
0 0.341715 0.543937 0.0256426 0.0650264 0.00993347
34 0.401641 0.641916 0.0490554 0.0465729 0.0091629
24 0.106751 0.640158 0.0930937 0.163445 0.00905609
0 0.236079 0.803163 0.115949 0.14587 0.0088501
0 0.86906 0.604569 0.0367915 0.101933 0.00871277
0 0.386868 0.600176 0.0936512 0.137083 0.00871277
34 0.384639 0.595343 0.0969958 0.149385 0.0086441
2 0.84955 0.422232 0.0178383 0.0149385 0.0085144
0 0.877422 0.420914 0.0078042 0.0193321 0.0085144
2 0.772622 0.419156 0.0178383 0.0237258 0.00837708
35 0.179359 0.572935 0.0125426 0.0351494 0.00775528
35 0.37126 0.704745 0.0189532 0.0421793 0.00775528
34 0.405264 0.62478 0.0524 0.0826011 0.00751877
35 0.426447 0.655536 0.0156085 0.026362 0.00740433
2 0.906409 0.42355 0.00891914 0.0140597 0.00737381
35 0.17908 0.567663 0.0136575 0.0386643 0.00734711
0 0.264091 0.616872 0.0398575 0.0492091 0.00734711
35 0.262558 0.628295 0.0429234 0.0544815 0.00728989
0 0.346732 0.552724 0.0323319 0.0623902 0.00701141
0 0.870733 0.423111 0.00891924 0.0149385 0.00695801
34 0.381851 0.625659 0.0992256 0.172232 0.0069046
0 0.675069 0.420474 0.00891919 0.026362 0.00631332
34 0.145772 0.461336 0.0340043 0.026362 0.00616837
0 0.338371 0.585677 0.021183 0.149385 0.00612259
0 0.271965 0.604569 0.0202075 0.0307557 0.00551224
35 0.359553 0.6942 0.042366 0.0597539 0.00547028
0 0.257262 0.62478 0.0301022 0.0544815 0.00540543
2 0.782098 0.42355 0.00780425 0.0158172 0.0053215
0 0.304993 0.723199 0.271895 0.274165 0.0053215
0 0.906409 0.42355 0.00891914 0.0140597 0.00521851
34 0.381294 0.620826 0.0802724 0.052724 0.00510025
2 0.788788 0.418278 0.0133787 0.0228471 0.00500107
34 0.905294 0.623462 0.0278724 0.0606327 0.00494385
0 0.267853 0.637083 0.0351192 0.082601 0.0049057
24 0.0783213 0.678383 0.0390213 0.089631 0.00473785
34 0.390771 0.621705 0.0713532 0.0764499 0.00469971
34 0.378785 0.597539 0.0786 0.0720562 0.00462723
2 0.844533 0.420914 0.0100341 0.0175747 0.0045929
0 0.844533 0.420914 0.0100341 0.0175747 0.00457382
35 0.18786 0.804042 0.0183958 0.0351494 0.00455475
0 0.346175 0.522847 0.0301022 0.0579965 0.00450516
2 0.911984 0.42355 0.0111489 0.0140597 0.00441742
2 0.833941 0.424429 0.0078042 0.0123023 0.00439835
0 0.833941 0.424429 0.0078042 0.0123023 0.00429916
35 0.180613 0.543058 0.0117064 0.0316344 0.00428009
2 0.145076 0.461775 0.0379064 0.0272408 0.00426483
34 0.820562 0.592267 0.0200681 0.0123023 0.00424957
0 0.249597 0.807118 0.0883554 0.132689 0.00418091
34 0.408051 0.618629 0.0345617 0.0755712 0.00415039
24 0.0903761 0.673989 0.0606224 0.0966608 0.0041008
34 0.413068 0.65246 0.042366 0.0316345 0.00407028
35 0.274194 0.655975 0.0202075 0.0579965 0.00407028
26 0.102083 0.680141 0.0625735 0.0773287 0.00400543
0 0.355094 0.630492 0.0524 0.108963 0.00376511
26 0.0783213 0.678383 0.0390213 0.089631 0.00376511
0 0.265902 0.602812 0.0284298 0.0281195 0.0037365
35 0.413068 0.65246 0.042366 0.0316345 0.0037365
2 0.799379 0.412566 0.0100341 0.0193321 0.00359344
35 0.262976 0.644991 0.045432 0.0861159 0.00359344
35 0.274334 0.644991 0.0232734 0.0808436 0.00359344
0 0.817218 0.424429 0.00891914 0.0123023 0.00333786
34 0.887456 0.545255 0.0245276 0.0325132 0.00331116
32 0.887456 0.625659 0.0122639 0.0351494 0.00331116
2 0.962154 0.420474 0.0133787 0.0184534 0.00328636
0 0.752554 0.424429 0.00891919 0.0140597 0.00327301
35 0.176293 0.564148 0.0158872 0.0210896 0.00318527
26 0.106751 0.640158 0.0930937 0.163445 0.00311089
35 0.365128 0.690685 0.0490554 0.0738138 0.00307465
0 0.362341 0.598858 0.0641064 0.0931458 0.0029583
24 0.102083 0.680141 0.0625735 0.0773287 0.0029583
2 0.89972 0.424429 0.0178383 0.0123023 0.00284576
29 0.679528 0.629613 0.0111489 0.016696 0.00282288
0 0.938184 0.420914 0.0144937 0.0175747 0.00281143
0 0.273428 0.609842 0.0217404 0.0360281 0.00281143
2 0.94989 0.420914 0.00891914 0.016696 0.00276756
35 0.336698 0.634886 0.0150511 0.0544815 0.00271416
2 0.707958 0.424429 0.0156085 0.0175747 0.0026722
2 0.800494 0.420035 0.010034 0.0219684 0.0026722
38 0.145494 0.461336 0.0334468 0.0281195 0.0026722
0 0.967728 0.419156 0.00891914 0.0219684 0.00263214
0 0.924248 0.421353 0.0111489 0.0149385 0.0026207
35 0.276494 0.651582 0.0178383 0.0676626 0.00261116
34 0.900277 0.565905 0.0445957 0.0667838 0.00260162
35 0.871848 0.579965 0.0156086 0.0386643 0.00257111
0 0.800494 0.420035 0.010034 0.0219684 0.00256157
0 0.27287 0.62478 0.0239702 0.0632689 0.00255013
0 0.865158 0.427944 0.0078043 0.00878733 0.00254059
0 0.341436 0.531634 0.0234128 0.0667838 0.00251198
0 0.263951 0.626538 0.0418086 0.0615114 0.0024929
0 0.806069 0.42355 0.00891924 0.0158172 0.00248146
26 0.112604 0.682777 0.0395788 0.0650264 0.00245285
35 0.862928 0.62522 0.0222979 0.0579965 0.0024147
0 0.405264 0.62478 0.0524 0.0826011 0.00240517
2 0.691235 0.425747 0.00891919 0.0149385 0.00239754
0 0.977763 0.417399 0.00891914 0.0246046 0.00236893
34 0.394115 0.59051 0.0646639 0.133568 0.00236893
24 0.107448 0.646749 0.0691235 0.144112 0.00234222
0 0.413068 0.599297 0.0245277 0.0992971 0.00229645
35 0.267853 0.637083 0.0351192 0.082601 0.00227928
0 0.911984 0.42355 0.0111489 0.0140597 0.00226974
0 0.799379 0.412566 0.0100341 0.0193321 0.00225258
0 0.337256 0.612039 0.0178383 0.0949033 0.00222588
1 0.932609 0.420914 0.0222979 0.0175747 0.00216484
0 0.932609 0.420914 0.0222979 0.0175747 0.00214958
34 0.346732 0.552724 0.0323319 0.0623902 0.00213242
0 0.876865 0.41652 0.0111489 0.0281195 0.00201035
35 0.273707 0.618629 0.0245277 0.0474517 0.00201035
34 0.886341 0.559754 0.0267575 0.0579965 0.00199509
2 0.675069 0.420474 0.00891919 0.026362 0.00198746
35 0.344502 0.538664 0.031217 0.0852372 0.00197983
0 0.258656 0.599736 0.0234128 0.0272408 0.0019722
0 0.962154 0.420474 0.0133787 0.0184534 0.00194931
2 0.763703 0.42355 0.0133787 0.0158172 0.00194168
26 0.0903761 0.673989 0.0606224 0.0966608 0.00191879
7 0.932609 0.420914 0.0222979 0.0175747 0.00186062
0 0.360668 0.649824 0.058532 0.159051 0.00183868
34 0.890801 0.573814 0.0200681 0.0386643 0.00178909
0 0.78823 0.424429 0.00891919 0.0123023 0.00178242
35 0.277678 0.780316 0.0321926 0.0720562 0.00177479
24 0.12236 0.62478 0.125426 0.196837 0.00177479
0 0.87129 0.417399 0.0133787 0.026362 0.00176811
32 0.820562 0.593146 0.0178383 0.0105448 0.00173378
2 0.662247 0.42355 0.0111489 0.0210896 0.0017271
0 0.408051 0.618629 0.0345617 0.0755712 0.00168705
34 0.408051 0.596661 0.0379064 0.114235 0.00168133
34 0.908639 0.63181 0.0222979 0.0439367 0.00167465
38 0.820562 0.593146 0.0178383 0.0105448 0.00166798
24 0.0844533 0.679262 0.0351192 0.0869947 0.00165462
35 0.191065 0.795255 0.0278724 0.0527241 0.00162888
34 0.34729 0.550527 0.0345617 0.120387 0.00162315
34 0.364849 0.680141 0.0518426 0.0931459 0.00160408
2 0.862371 0.423989 0.0111489 0.013181 0.0015974
32 0.426447 0.655536 0.0156085 0.026362 0.0015974
2 0.84955 0.417399 0.022298 0.0228471 0.00159168
0 0.691235 0.425747 0.00891919 0.0149385 0.00158501
2 0.967728 0.419156 0.00891914 0.0219684 0.00158501
13 0.941528 0.417399 0.0880767 0.0228471 0.00156116
0 0.985567 0.421793 0.00891914 0.0158172 0.00155449
34 0.273428 0.609842 0.0217404 0.0360281 0.00155449
0 0.274543 0.637961 0.0239702 0.0773286 0.00154877
24 0.119991 0.587873 0.0627128 0.0650263 0.0015192
32 0.474945 0.931459 0.0100341 0.0175747 0.0015192
2 0.541003 0.424429 0.0144936 0.0123023 0.00150108
0 0.341715 0.640598 0.0245277 0.123023 0.00144958
34 0.910869 0.642355 0.0178383 0.0228471 0.00144958
34 0.874077 0.560633 0.0156086 0.0544815 0.00144386
1 0.938184 0.420914 0.0144937 0.0175747 0.00143814
2 0.715762 0.422671 0.021183 0.0202109 0.00143242
32 0.300464 0.827768 0.0234128 0.0228471 0.00141621
35 0.393558 0.630931 0.0412511 0.0404218 0.00140476
24 0.112883 0.681898 0.0429234 0.06942 0.00140476
13 0.820562 0.592267 0.0200681 0.0123023 0.00139904
35 0.341715 0.543937 0.0256426 0.0650264 0.00139427
34 0.388819 0.637961 0.0284298 0.0360281 0.00139427
13 0.890243 0.601933 0.0769277 0.103691 0.00139427
0 0.409724 0.588752 0.0401362 0.140597 0.00136662
2 0.769835 0.41696 0.0222979 0.0281195 0.00135612
0 0.782098 0.42355 0.00780425 0.0158172 0.00135612
2 0.888013 0.424429 0.0144937 0.0123023 0.00135612
35 0.25113 0.781634 0.0858469 0.0773286 0.00133514
0 0.84509 0.417399 0.0122638 0.0228471 0.00132465
2 0.817218 0.424429 0.00891914 0.0123023 0.00132465
24 0.117761 0.615993 0.0749767 0.123023 0.00132465
0 0.94989 0.420914 0.00891914 0.016696 0.00131989
34 0.886341 0.592267 0.0646639 0.12478 0.00131512
35 0.26862 0.780316 0.0503096 0.0746925 0.00131512
35 0.341715 0.688928 0.0156085 0.0685413 0.00130939
0 0.275658 0.647627 0.0200681 0.0755712 0.00129414
0 0.3406 0.458699 0.0156085 0.0228471 0.00128937
0 0.2751 0.77065 0.19009 0.205624 0.00126457
35 0.299628 0.823374 0.0256426 0.0316344 0.0012598
0 0.394115 0.647627 0.0869618 0.258348 0.00124454
2 0.665592 0.419156 0.0200681 0.029877 0.00123978
2 0.870733 0.423111 0.00891924 0.0149385 0.00121593
2 0.82335 0.424429 0.0100341 0.0114236 0.00121117
35 0.187302 0.797012 0.0245277 0.0465729 0.00118351
35 0.879652 0.57645 0.022298 0.0492091 0.0011692
2 0.680086 0.424429 0.0133787 0.0175747 0.00116062
0 0.810528 0.428822 0.00668936 0.0079086 0.00114727
35 0.820562 0.593146 0.0178383 0.0105448 0.0011425
34 0.387147 0.650264 0.0195107 0.0439367 0.0011425
13 0.932609 0.420914 0.0222979 0.0175747 0.00113392
34 0.273707 0.618629 0.0245277 0.0474517 0.00112438
14 0.681201 0.630492 0.0133787 0.0184534 0.0011158
0 0.338928 0.461336 0.0122638 0.0228471 0.0011034
34 0.4192 0.582601 0.0144936 0.0685413 0.00108147
24 0.127412 0.578207 0.0495431 0.0456942 0.00108147
34 0.403034 0.592267 0.0445958 0.147627 0.00105286
32 0.681201 0.630492 0.0133787 0.0184534 0.00104046
35 0.273428 0.609842 0.0217404 0.0360281 0.00103664
0 0.47383 0.932337 0.00891914 0.0158173 0.00102425
2 0.752554 0.424429 0.00891919 0.0140597 0.00100803
0 0.888571 0.574692 0.0713532 0.0896309 0.00100803
0 0.365128 0.673989 0.1572 0.333919 0.933105
0 0.123335 0.70167 0.142985 0.357645 0.922852
0 0.272313 0.736819 0.201238 0.278559 0.832031
0 0.885784 0.592267 0.0680085 0.123023 0.811523
32 0.679528 0.629613 0.0111489 0.016696 0.317383
0 0.346732 0.57645 0.0390213 0.168717 0.31665
35 0.359275 0.703866 0.0362341 0.0465729 0.30249
34 0.384639 0.614235 0.0969958 0.105448 0.284668
0 0.353422 0.459139 0.00891914 0.0210896 0.222046
0 0.345896 0.536907 0.0317745 0.0931458 0.161377
34 0.404707 0.639719 0.0590894 0.059754 0.13208
29 0.145494 0.461336 0.0328894 0.0281195 0.126831
34 0.374047 0.601054 0.0786001 0.0931459 0.105957
0 0.351749 0.591388 0.0479404 0.202109 0.0803833
35 0.887456 0.630053 0.0100341 0.0228471 0.0797729
34 0.364013 0.589631 0.0624341 0.0650264 0.0592041
0 0.872962 0.592707 0.0445958 0.12478 0.0568542
0 0.34729 0.550527 0.0356766 0.120387 0.0524292
34 0.357324 0.582162 0.0546298 0.0623901 0.0488586
0 0.230644 0.738137 0.119015 0.274165 0.0455933
2 0.933167 0.420914 0.022298 0.0175747 0.0354004
0 0.342273 0.458699 0.00891917 0.0210896 0.0314331
0 0.347568 0.641916 0.0418086 0.304921 0.03125
34 0.903065 0.546573 0.0401362 0.0254833 0.028656
34 0.39969 0.634446 0.0501703 0.0439367 0.0265503
32 0.14633 0.461336 0.0328894 0.026362 0.0255585
34 0.357045 0.559754 0.0563022 0.110721 0.0247955
0 0.35593 0.596661 0.0574171 0.130931 0.023468
32 0.887456 0.630053 0.0100341 0.0228471 0.0233307
2 0.937626 0.420914 0.0156085 0.0175747 0.0213623
24 0.0977623 0.669596 0.0826416 0.113357 0.0175171
34 0.891916 0.545694 0.0200681 0.0281195 0.0173035
34 0.357602 0.592267 0.0563022 0.108963 0.0158997
35 0.280396 0.772408 0.0278724 0.056239 0.0151901
0 0.337813 0.67355 0.0958809 0.325132 0.0146179
2 0.78823 0.424429 0.010034 0.0123023 0.0138474
0 0.351749 0.657293 0.0568596 0.349736 0.0138474
0 0.409166 0.600615 0.0356766 0.105448 0.0135345
34 0.392164 0.63181 0.0613192 0.0439367 0.0130234
0 0.355094 0.554042 0.0507277 0.122144 0.0127258
35 0.887456 0.625659 0.0111489 0.0351494 0.0125275
0 0.405264 0.594903 0.0557447 0.149385 0.0124283
2 0.769277 0.415202 0.0156085 0.0246046 0.0114212
0 0.346732 0.459578 0.0156085 0.0219684 0.0112915
34 0.893031 0.545255 0.0401362 0.0316344 0.0106506
2 0.924805 0.421353 0.0111489 0.0149385 0.0104904
0 0.386032 0.599297 0.0953235 0.13884 0.0103302
35 0.366522 0.704745 0.0284298 0.0439367 0.00978088
2 0.772622 0.419156 0.0189532 0.0246046 0.00891876
0 0.350634 0.458699 0.0139362 0.0210896 0.0088501
2 0.850107 0.421793 0.0178383 0.0158172 0.008255
35 0.255311 0.629174 0.0284298 0.0492091 0.00821686
0 0.869618 0.604569 0.0379065 0.101933 0.00775528
34 0.401919 0.641476 0.0501703 0.0474517 0.00766754
26 0.0977623 0.669596 0.0826416 0.113357 0.00731659
35 0.260189 0.627416 0.0376277 0.0509666 0.00725937
0 0.877422 0.421353 0.0078042 0.0184534 0.00720596
2 0.906409 0.42355 0.00891914 0.0140597 0.00717545
34 0.404985 0.62478 0.0529575 0.0826011 0.0069046
35 0.282068 0.76362 0.0245277 0.0386643 0.0068779
0 0.236079 0.800967 0.116506 0.150264 0.00666809
0 0.675069 0.420035 0.00891919 0.0272408 0.00664139
0 0.341158 0.543937 0.0245277 0.0650264 0.00636292
35 0.178941 0.567663 0.0139362 0.0386643 0.00614548
35 0.370981 0.704745 0.0195107 0.0421793 0.00600433
34 0.411396 0.647627 0.0457107 0.0439367 0.005867
0 0.338092 0.585237 0.021183 0.151142 0.00582123
0 0.870733 0.422671 0.00891924 0.0158172 0.00575256
0 0.346732 0.553163 0.0328894 0.0632689 0.00572968
2 0.788788 0.418278 0.0133787 0.0228471 0.0055542
0 0.264091 0.615114 0.0398575 0.0465729 0.0055542
35 0.426447 0.655097 0.0156085 0.0272408 0.00540543
2 0.782098 0.423989 0.00780425 0.0149385 0.00538635
24 0.107587 0.639719 0.0953235 0.165202 0.00524139
0 0.304924 0.724077 0.271477 0.274165 0.00510025
34 0.381851 0.61775 0.084732 0.0615114 0.0050621
34 0.388819 0.620826 0.0769277 0.0799648 0.00503922
34 0.382409 0.623023 0.0997831 0.161687 0.00469971
2 0.833941 0.424429 0.0078042 0.0123023 0.00448608
0 0.272034 0.604569 0.0200681 0.029877 0.00441742
2 0.844533 0.420914 0.0100341 0.0175747 0.00431442
35 0.359832 0.693322 0.0434809 0.0632689 0.00431442
34 0.145633 0.460896 0.0337256 0.0272408 0.00429916
34 0.407494 0.619069 0.0356766 0.0764499 0.0041008
0 0.906409 0.42355 0.00891914 0.0140597 0.00405502
2 0.911984 0.42355 0.0111489 0.013181 0.00392914
34 0.905294 0.623462 0.0278724 0.0606327 0.00385475
2 0.799379 0.412127 0.0100341 0.0193322 0.00378036
0 0.844533 0.420914 0.0100341 0.0175747 0.00367928
35 0.180613 0.543058 0.0117064 0.0316344 0.00365067
32 0.887456 0.625659 0.0111489 0.0351494 0.00363541
35 0.180055 0.54833 0.0131 0.0386643 0.0036068
0 0.355094 0.63181 0.0524 0.114235 0.0036068
34 0.820562 0.591828 0.0200681 0.013181 0.00358009
0 0.249736 0.807118 0.0886341 0.132689 0.00355148
0 0.833941 0.424429 0.0078042 0.0123023 0.00342941
0 0.256704 0.623902 0.0284298 0.052724 0.00337601
0 0.265902 0.637961 0.0390213 0.0843585 0.00331116
35 0.274264 0.655975 0.0206255 0.0579965 0.00328636
0 0.346175 0.522847 0.0301022 0.0579965 0.00307465
2 0.145076 0.461336 0.0379064 0.0281195 0.0030632
0 0.752554 0.424429 0.00891919 0.013181 0.00298119
2 0.962154 0.420035 0.0133787 0.0193321 0.00298119
0 0.26214 0.623902 0.0426447 0.0615114 0.00290108
0 0.265624 0.602373 0.0284298 0.0272408 0.0028553
2 0.707958 0.424429 0.0156085 0.016696 0.00279999
35 0.273985 0.644991 0.0234128 0.0808436 0.00279999
35 0.176293 0.564148 0.016166 0.0210896 0.00277901
35 0.262836 0.64587 0.0457107 0.0878735 0.00277901
7 0.68789 0.417399 0.0646638 0.029877 0.00277901
2 0.800494 0.420035 0.011149 0.0228471 0.00274658
13 0.943201 0.417399 0.0869617 0.0219684 0.00273705
0 0.817218 0.424429 0.00891914 0.0123023 0.00269318
35 0.18772 0.804042 0.0186745 0.0351494 0.00268364
2 0.89972 0.424429 0.0178383 0.013181 0.0026722
35 0.365128 0.688489 0.0490554 0.0790861 0.00264168
35 0.177547 0.574692 0.016166 0.0386643 0.00259018
0 0.362341 0.599736 0.0646639 0.0957821 0.00259018
2 0.94989 0.420914 0.00891914 0.0175747 0.00257111
34 0.887456 0.545694 0.0245276 0.0325132 0.00247192
24 0.0894006 0.675747 0.0589501 0.0949033 0.00243378
2 0.691235 0.426186 0.00891919 0.0158172 0.0024147
34 0.393558 0.59051 0.0668937 0.135325 0.002388
26 0.102083 0.679701 0.0631309 0.0790862 0.00231361
0 0.865158 0.427944 0.0078043 0.00878733 0.00230598
35 0.862928 0.62522 0.0234128 0.0579965 0.00228691
34 0.900835 0.565026 0.0445958 0.0650264 0.00226974
1 0.933167 0.420914 0.022298 0.0175747 0.00226021
29 0.679528 0.629613 0.0111489 0.016696 0.00225258
0 0.800494 0.420035 0.011149 0.0228471 0.00223351
35 0.410839 0.652021 0.0479405 0.0325132 0.00219154
24 0.078182 0.678383 0.038882 0.089631 0.00219154
0 0.967728 0.419156 0.00891914 0.0219684 0.00217438
7 0.759243 0.417399 0.084732 0.0281195 0.00214958
0 0.806069 0.42355 0.00891924 0.0158172 0.00211525
0 0.937626 0.420914 0.0156085 0.0175747 0.00211525
35 0.871848 0.579965 0.0156086 0.0386643 0.00209999
2 0.76426 0.42355 0.0144936 0.0149385 0.00204277
35 0.336698 0.632689 0.0156085 0.0615114 0.00204277
24 0.102083 0.679701 0.0631309 0.0790862 0.00201988
34 0.346732 0.553163 0.0328894 0.0632689 0.00201035
7 0.723567 0.417399 0.0936512 0.0289982 0.00201035
0 0.337534 0.609842 0.0178383 0.0984183 0.00199509
0 0.404985 0.62478 0.0529575 0.0826011 0.00197983
0 0.415298 0.597979 0.0222979 0.101054 0.0019722
2 0.675069 0.420035 0.00891919 0.0272408 0.00192642
38 0.145215 0.461336 0.0334468 0.0281195 0.00191879
0 0.977205 0.417399 0.0100341 0.0246046 0.00190449
0 0.799379 0.412127 0.0100341 0.0193322 0.00188923
0 0.273428 0.609842 0.0217404 0.0351494 0.00188255
0 0.924805 0.421353 0.0111489 0.0149385 0.00184631
0 0.911984 0.42355 0.0111489 0.013181 0.00176144
0 0.360668 0.648506 0.0590894 0.163445 0.00176144
13 0.892473 0.602812 0.0813872 0.101933 0.0017271
34 0.886341 0.559754 0.0267575 0.0579965 0.00171375
0 0.962154 0.420035 0.0133787 0.0193321 0.0017004
0 0.341158 0.531634 0.0222979 0.0667838 0.0017004
0 0.933167 0.420914 0.022298 0.0175747 0.00169373
0 0.691235 0.426186 0.00891919 0.0158172 0.00166798
0 0.407494 0.619069 0.0356766 0.0764499 0.0016613
2 0.662247 0.42355 0.010034 0.0210896 0.0016489
2 0.84955 0.417399 0.022298 0.0228471 0.00163555
24 0.106891 0.648506 0.0705171 0.140598 0.00162315
2 0.715762 0.422671 0.0200681 0.0193321 0.00161076
0 0.876865 0.41652 0.0111489 0.0281195 0.00160408
2 0.932052 0.418278 0.0245277 0.0219684 0.00158501
0 0.273079 0.623902 0.0235522 0.0606327 0.00158501
26 0.107587 0.639719 0.0953235 0.165202 0.00157356
32 0.47383 0.931459 0.00891914 0.0175747 0.00157356
7 0.933167 0.420914 0.022298 0.0175747 0.00156689
32 0.820562 0.593146 0.0178383 0.0105448 0.00156689
0 0.409724 0.588752 0.0406937 0.140597 0.00156116
0 0.78823 0.424429 0.010034 0.0123023 0.00154877
1 0.937626 0.420914 0.0156085 0.0175747 0.00154877
34 0.407773 0.596221 0.0390213 0.115993 0.00154305
34 0.891358 0.573814 0.0189531 0.0386643 0.00151253
13 0.960482 0.41652 0.0769278 0.0254833 0.00151253
0 0.87129 0.417399 0.0133787 0.026362 0.00148392
26 0.112186 0.682337 0.0406936 0.0650263 0.0014782
2 0.769835 0.41652 0.0222979 0.0281195 0.00147247
2 0.862371 0.423989 0.0111489 0.013181 0.00145531
26 0.078182 0.678383 0.038882 0.089631 0.00143242
35 0.344502 0.538664 0.0306596 0.086116 0.00142097
34 0.365128 0.669596 0.0524 0.108963 0.00140476
2 0.967728 0.419156 0.00891914 0.0219684 0.00139904
34 0.34729 0.550527 0.0356766 0.120387 0.00139427
2 0.817218 0.424429 0.00891914 0.0123023 0.00138855
32 0.426447 0.655097 0.0156085 0.0272408 0.00138283
2 0.541003 0.424429 0.0144936 0.0123023 0.00137806
34 0.886341 0.591828 0.0646639 0.123902 0.00136185
0 0.341158 0.639719 0.0245277 0.12478 0.00135612
0 0.258516 0.599297 0.0231341 0.026362 0.00135136
32 0.300464 0.827768 0.0234128 0.0228471 0.00135136
2 0.665592 0.419156 0.0200681 0.029877 0.00134563
35 0.273985 0.61775 0.0245277 0.0465729 0.00133514
60 0.684406 1 0.593403 0 0.00133514
38 0.820562 0.593146 0.0178383 0.0105448 0.00131989
0 0.985567 0.421793 0.00891914 0.0158172 0.00130463
34 0.908639 0.63181 0.0222979 0.0439367 0.00129986
2 0.888571 0.424429 0.0156085 0.0123023 0.00129414
0 0.393558 0.59051 0.0668937 0.135325 0.00129414
2 0.822792 0.424429 0.0111489 0.0114236 0.0012846
32 0.311056 0.371705 0.00780427 0.0311951 0.00126457
60 0.326664 1 0.608732 0 0.00126457
0 0.3406 0.458699 0.0156085 0.0228471 0.00124454
34 0.273428 0.609842 0.0217404 0.0351494 0.0012207
34 0.874077 0.560633 0.0156086 0.0544815 0.00121593
2 0.679528 0.424429 0.0133787 0.0175747 0.0012064
7 0.78823 0.41652 0.0791575 0.0281195 0.00120163
13 0.304924 0.724077 0.271477 0.274165 0.00120163
0 0.84509 0.417399 0.0122638 0.0228471 0.00116539
34 0.390771 0.637083 0.0334469 0.0369068 0.00116539
0 0.782098 0.423989 0.00780425 0.0149385 0.00113392
32 0.681201 0.630053 0.0133787 0.0193322 0.0011158
14 0.681201 0.630053 0.0133787 0.0193322 0.00110722
0 0.338928 0.461336 0.0122638 0.0228471 0.00109482
2 0.870733 0.422671 0.00891924 0.0158172 0.00109005
0 0.94989 0.420914 0.00891914 0.0175747 0.00109005
24 0.12236 0.623902 0.125983 0.198594 0.00109005
24 0.112465 0.681019 0.0445958 0.0711775 0.00108147
2 0.752554 0.424429 0.00891919 0.013181 0.00107765
0 0.810528 0.428822 0.00668936 0.0079086 0.00107288
34 0.910311 0.641916 0.0178383 0.0237258 0.00106907
0 0.274822 0.637961 0.0239702 0.0773286 0.00104809
35 0.394673 0.630931 0.0457107 0.0421792 0.00101662
0 0.276215 0.652021 0.0178383 0.0685413 0.00101662
0 0.888571 0.575571 0.0713532 0.0913884 0.00101662
35 0.250851 0.782074 0.0864043 0.0790861 0.00100803
35 0.341715 0.688928 0.0167234 0.0685413 0.00100422
0 0.47383 0.931459 0.00891914 0.0175747 0.00100422
0 0.365128 0.673111 0.157758 0.337434 0.926758
0 0.123266 0.70167 0.143125 0.357645 0.91748
0 0.272104 0.73638 0.201657 0.279438 0.821777
0 0.885784 0.592267 0.0680085 0.123023 0.802734
34 0.384081 0.613357 0.0969958 0.108963 0.289307
32 0.679528 0.629613 0.0111489 0.016696 0.276611
0 0.346732 0.57645 0.0390213 0.170474 0.272705
35 0.358996 0.703866 0.0367915 0.0465729 0.226807
0 0.353422 0.459578 0.00891914 0.0210896 0.182373
0 0.346175 0.537346 0.0323319 0.0931459 0.134277
34 0.404707 0.639279 0.0590894 0.0597539 0.10968
29 0.145494 0.461336 0.0331681 0.0281195 0.0913696
35 0.887456 0.630053 0.0100341 0.0228471 0.0809326
34 0.375719 0.601054 0.0825022 0.0940246 0.0747681
0 0.351471 0.590949 0.0479405 0.202109 0.0680542
34 0.364013 0.589631 0.063549 0.0667838 0.0427246
0 0.230783 0.738137 0.119294 0.274165 0.0400085
34 0.357324 0.581722 0.0546298 0.0632689 0.0335999
2 0.933167 0.420914 0.0234128 0.0175747 0.0324707
32 0.14633 0.461336 0.0328894 0.026362 0.0299835
0 0.872405 0.593146 0.0434809 0.12478 0.0299225
0 0.347568 0.644112 0.0418086 0.309315 0.0293732
32 0.887456 0.630053 0.0100341 0.0228471 0.0244293
34 0.903065 0.546573 0.0401362 0.0246046 0.0233307
34 0.39969 0.634446 0.0512851 0.0439367 0.0219421
0 0.342273 0.458699 0.00891917 0.0210896 0.0216217
34 0.356766 0.560633 0.0557447 0.107206 0.0204926
0 0.35593 0.59754 0.0574171 0.130053 0.0187683
0 0.350634 0.657293 0.0568596 0.349736 0.0146713
34 0.357324 0.593146 0.0563022 0.105448 0.0140076
2 0.78823 0.424429 0.010034 0.0123023 0.0139008
34 0.891916 0.546134 0.0200681 0.0272408 0.0134811
0 0.403592 0.593146 0.0445958 0.149385 0.0134277
35 0.887456 0.625659 0.0111489 0.0351494 0.0130234
0 0.337534 0.672232 0.0964384 0.328647 0.012825
2 0.769277 0.415202 0.0156085 0.0246046 0.0123825
0 0.409166 0.600615 0.0356766 0.105448 0.0115051
34 0.389656 0.630931 0.0674511 0.0456942 0.011467
35 0.280396 0.771968 0.0278724 0.0544815 0.0113297
0 0.385754 0.598418 0.0964384 0.140598 0.0111618
2 0.925363 0.421793 0.0122639 0.0158172 0.00993347
2 0.772622 0.418717 0.0189532 0.0246046 0.00937653
0 0.346732 0.459578 0.0156085 0.0219684 0.00837708
24 0.097832 0.672232 0.0836171 0.108963 0.00837708
2 0.850107 0.421793 0.0189531 0.0158172 0.00793457
34 0.892473 0.545255 0.0401362 0.0316344 0.0078125
35 0.366522 0.704745 0.0284298 0.0439367 0.00769424
2 0.906409 0.42355 0.00891914 0.0140597 0.0069046
34 0.404707 0.623902 0.0535149 0.082601 0.0068779
0 0.355094 0.554482 0.0512851 0.120387 0.0068512
0 0.350913 0.458699 0.0139362 0.0210896 0.00679779
2 0.789345 0.418278 0.0133788 0.0228471 0.00636292
0 0.675069 0.420035 0.00891919 0.0281195 0.00616837
35 0.255311 0.627416 0.0284298 0.0509666 0.00605011
0 0.877422 0.421353 0.0078042 0.0184534 0.005867
24 0.0967868 0.652021 0.086265 0.151142 0.00557709
35 0.17908 0.566784 0.0139362 0.0386643 0.00553513
34 0.410839 0.647627 0.0468256 0.0439367 0.00538635
7 0.686218 0.417399 0.0568596 0.029877 0.00534439
34 0.386868 0.619947 0.0813873 0.0826011 0.00527954
35 0.282068 0.763181 0.0245277 0.0377856 0.00503922
2 0.782656 0.42355 0.00891914 0.0158172 0.00498199
0 0.870733 0.422671 0.00891924 0.0158172 0.00471878
0 0.337813 0.585237 0.021183 0.151142 0.00469971
35 0.370702 0.704745 0.0200681 0.0421793 0.00466537
0 0.304993 0.724077 0.271895 0.275923 0.00460815
0 0.235661 0.794815 0.117343 0.162566 0.00450516
2 0.833941 0.424429 0.0078042 0.0123023 0.00443268
0 0.346732 0.554042 0.0328894 0.0667838 0.00441742
34 0.145772 0.460457 0.0340043 0.026362 0.00426483
0 0.341158 0.543937 0.0234128 0.0650264 0.00419998
34 0.407215 0.619508 0.0367915 0.0773286 0.00416565
2 0.84509 0.420474 0.0111489 0.0184534 0.00407028
2 0.799379 0.412127 0.0100341 0.0184534 0.00402451
32 0.887456 0.625659 0.0111489 0.0351494 0.0039444
35 0.278445 0.77768 0.0312171 0.0685413 0.00388527
35 0.426447 0.655097 0.0156085 0.0272408 0.00387001
0 0.263951 0.614235 0.0395787 0.0456942 0.00387001
13 0.944316 0.417399 0.0869618 0.0219684 0.00376511
35 0.262279 0.628295 0.0434809 0.056239 0.0037365
0 0.245834 0.806678 0.0958809 0.13181 0.00372124
7 0.758128 0.417399 0.0758129 0.0281195 0.00359344
35 0.180613 0.543058 0.0117064 0.0316344 0.00351143
34 0.905294 0.623462 0.0278724 0.0606327 0.00349617
2 0.911984 0.42355 0.0122638 0.013181 0.00348282
35 0.180055 0.54833 0.0131 0.0386643 0.00341606
35 0.360111 0.691125 0.0445958 0.0667838 0.00341606
34 0.382688 0.618629 0.0997831 0.152021 0.00338936
0 0.355094 0.63225 0.0524 0.122144 0.00329781
7 0.722452 0.417399 0.0813873 0.0289982 0.00329781
0 0.906409 0.42355 0.00891914 0.0140597 0.00300407
26 0.097832 0.672232 0.0836171 0.108963 0.00299263
0 0.272104 0.60413 0.0199287 0.029877 0.00296974
0 0.84509 0.420474 0.0111489 0.0184534 0.00291252
35 0.274264 0.657293 0.0206255 0.056239 0.00286674
34 0.820562 0.591828 0.0200681 0.013181 0.00284576
2 0.707958 0.424429 0.0167234 0.0175747 0.00281143
2 0.800494 0.420035 0.011149 0.0228471 0.00275803
0 0.833941 0.424429 0.0078042 0.0123023 0.00261116
0 0.752554 0.424429 0.00891919 0.0140597 0.00260162
34 0.392722 0.59051 0.068566 0.135325 0.00260162
35 0.176293 0.564148 0.0164447 0.0210896 0.00259018
2 0.89972 0.424429 0.0200682 0.013181 0.00257111
24 0.108981 0.63884 0.0981107 0.16696 0.00255013
2 0.962154 0.420035 0.0133787 0.0193321 0.00253105
35 0.273637 0.644991 0.0235522 0.0808436 0.0024929
35 0.365128 0.68717 0.0501703 0.0817223 0.00230598
0 0.267296 0.611599 0.0334468 0.0369069 0.00228691
2 0.94989 0.420474 0.00891914 0.0175747 0.00226974
34 0.346732 0.554042 0.0328894 0.0667838 0.00225258
0 0.264787 0.63884 0.0418086 0.086116 0.00225258
35 0.862928 0.62478 0.0245277 0.0579964 0.00222588
2 0.691235 0.425747 0.00891919 0.0158172 0.00221634
35 0.262836 0.64587 0.0457107 0.0878735 0.00221634
1 0.933167 0.420914 0.0234128 0.0175747 0.00218201
35 0.177547 0.574692 0.0164447 0.0386643 0.00218201
13 0.961039 0.41652 0.0758128 0.0254833 0.00216484
0 0.817218 0.424429 0.00891914 0.0123023 0.00214958
2 0.763703 0.42355 0.0156085 0.0158172 0.00213242
2 0.145076 0.461775 0.0381851 0.0281195 0.00209999
0 0.346175 0.522847 0.0301022 0.0579965 0.00209999
0 0.865158 0.427944 0.00891914 0.00878733 0.00204277
13 0.896933 0.603691 0.0914214 0.101933 0.00204277
35 0.871848 0.579965 0.0156086 0.0386643 0.00203514
0 0.256704 0.623023 0.0284298 0.0527241 0.00200272
34 0.900835 0.564587 0.0423659 0.0632689 0.00196457
0 0.362341 0.600176 0.0657788 0.0966608 0.00196457
0 0.265345 0.601933 0.0289873 0.026362 0.00191212
7 0.787673 0.41652 0.0724682 0.0281195 0.00189686
34 0.887456 0.545694 0.0245276 0.0325132 0.00185299
0 0.392722 0.59051 0.068566 0.135325 0.00183105
32 0.311056 0.371705 0.00780427 0.0320738 0.00183105
0 0.800494 0.420035 0.011149 0.0228471 0.0018034
29 0.679528 0.629613 0.0111489 0.016696 0.00178909
2 0.675069 0.420035 0.00891919 0.0281195 0.00176811
2 0.71632 0.421793 0.021183 0.0210896 0.00176811
0 0.967728 0.419156 0.00891914 0.0228471 0.00174809
2 0.84955 0.417399 0.022298 0.0228471 0.00168705
0 0.414741 0.597979 0.0239702 0.101054 0.00168133
35 0.18772 0.804042 0.0186745 0.0360281 0.00166798
0 0.806069 0.42355 0.00891924 0.0158172 0.0016613
32 0.47383 0.931459 0.00947661 0.0175747 0.00165462
0 0.360668 0.647627 0.0590894 0.168717 0.0016489
0 0.936511 0.420914 0.0178383 0.0175747 0.00163555
2 0.769835 0.41652 0.0222979 0.0281195 0.00161648
0 0.337256 0.608963 0.0178383 0.101054 0.00161648
0 0.262 0.623902 0.042366 0.0615114 0.0015974
26 0.0967868 0.652021 0.086265 0.151142 0.0015974
34 0.407215 0.594903 0.0401362 0.118629 0.00156116
60 0.693325 1 0.571105 0 0.00156116
0 0.977205 0.417399 0.0100341 0.0246046 0.00151253
0 0.691235 0.425747 0.00891919 0.0158172 0.00150681
34 0.886341 0.559754 0.0267575 0.0588752 0.00150681
0 0.799379 0.412127 0.0100341 0.0184534 0.00149536
34 0.886341 0.592267 0.0657788 0.123023 0.00148964
2 0.662247 0.423111 0.010034 0.0219683 0.0014782
0 0.404707 0.623902 0.0535149 0.082601 0.00144386
34 0.34729 0.550527 0.0356766 0.119508 0.00143814
0 0.962154 0.420035 0.0133787 0.0193321 0.00142097
7 0.663362 0.417399 0.0780426 0.0316344 0.00142097
2 0.665035 0.418717 0.0189532 0.029877 0.00141048
13 0.889686 0.417399 0.0825022 0.0219684 0.00139904
60 0.323319 1 0.595354 0 0.00139427
13 0.304993 0.724077 0.271895 0.275923 0.00138855
0 0.407215 0.619508 0.0367915 0.0773286 0.00138283
2 0.817218 0.424429 0.00891914 0.0123023 0.00136662
0 0.911984 0.42355 0.0122638 0.013181 0.00135612
32 0.820562 0.593146 0.0178383 0.0105448 0.00135612
38 0.145215 0.461336 0.0337256 0.0281195 0.00133514
35 0.336977 0.63181 0.0156085 0.0720562 0.00133038
2 0.861813 0.42355 0.0122639 0.0140597 0.00132465
35 0.410281 0.652021 0.0490554 0.0333919 0.00132465
0 0.925363 0.421793 0.0122639 0.0158172 0.00131989
7 0.933167 0.420914 0.0234128 0.0175747 0.00131512
2 0.822792 0.424429 0.0111489 0.0114236 0.00129986
0 0.87129 0.417399 0.0133787 0.026362 0.00128937
0 0.876865 0.41652 0.0111489 0.0281195 0.0012846
34 0.891358 0.573374 0.0189531 0.0386643 0.00127888
0 0.78823 0.424429 0.010034 0.0123023 0.00126934
32 0.300464 0.827768 0.0234128 0.0228471 0.00121593
2 0.889128 0.424429 0.0178383 0.0123023 0.00121117
34 0.365128 0.665202 0.0535149 0.119508 0.00119686
32 0.426447 0.655097 0.0156085 0.0272408 0.00119209
24 0.102152 0.679701 0.0638277 0.0799648 0.00118828
0 0.341158 0.638401 0.0234128 0.127417 0.00118351
2 0.680086 0.424429 0.0133787 0.0193321 0.0011692
2 0.967728 0.419156 0.00891914 0.0228471 0.0011692
0 0.3406 0.531634 0.0222979 0.0659051 0.0011692
0 0.985009 0.421793 0.00891914 0.0158172 0.00116539
13 0.874077 0.41696 0.0936512 0.0254833 0.00116062
0 0.273428 0.609402 0.0217404 0.0351494 0.00115108
2 0.599256 0.428383 0.011149 0.0105448 0.0011425
24 0.0878676 0.676626 0.0550479 0.0931458 0.00112915
34 0.908082 0.63181 0.0234128 0.0439367 0.00112438
2 0.541003 0.424868 0.0144936 0.0123023 0.0011158
2 0.752554 0.424429 0.00891919 0.0140597 0.00109482
26 0.102152 0.679701 0.0638277 0.0799648 0.00108624
35 0.344502 0.538664 0.0306596 0.086116 0.00108147
34 0.420873 0.532952 0.0100341 0.0465729 0.00107765
34 0.874077 0.560633 0.0156086 0.0544815 0.00107765
14 0.681201 0.630053 0.0133787 0.0193322 0.00105667
32 0.681201 0.630053 0.0133787 0.0193322 0.00105667
0 0.3406 0.458699 0.0156085 0.0228471 0.00103664
34 0.273428 0.609402 0.0217404 0.0351494 0.00101662
0 0.192598 0.795255 0.330566 0.181019 0.00100803
34 0.403592 0.593146 0.0445958 0.149385 0.00100422
0 0.365128 0.672671 0.158315 0.338313 0.920898
0 0.123492 0.70167 0.142672 0.357645 0.903809
0 0.272034 0.73638 0.201238 0.279438 0.810059
0 0.886341 0.591828 0.0691235 0.125659 0.806641
34 0.384639 0.614235 0.0981107 0.105448 0.276611
32 0.679528 0.629613 0.0111489 0.016696 0.262939
0 0.346732 0.57645 0.0384639 0.170474 0.258301
35 0.359553 0.703866 0.0367915 0.0456942 0.187134
0 0.353422 0.459578 0.00891914 0.0210896 0.154053
0 0.346175 0.537346 0.0323319 0.0931459 0.114746
34 0.404707 0.639279 0.0590894 0.0606327 0.0946655
35 0.887456 0.629613 0.0100341 0.0228471 0.0769653
29 0.145494 0.461336 0.0334468 0.0281195 0.069519
34 0.370702 0.605448 0.0724681 0.0931458 0.0685425
0 0.351192 0.592267 0.0468256 0.203866 0.0622253
34 0.364013 0.589631 0.063549 0.0667838 0.0354004
0 0.230783 0.738137 0.119294 0.274165 0.0332642
32 0.14633 0.461336 0.0328894 0.026362 0.0325928
2 0.933167 0.420914 0.0234128 0.0175747 0.0290833
34 0.357045 0.581722 0.0540724 0.0632689 0.0280151
0 0.34729 0.649824 0.0412511 0.320738 0.0276947
0 0.347568 0.550088 0.0362341 0.119508 0.0259552
32 0.887456 0.629613 0.0100341 0.0228471 0.0244293
34 0.903065 0.546573 0.0401362 0.0246046 0.0197144
34 0.39969 0.634446 0.0512851 0.0456942 0.0195618
0 0.872405 0.593146 0.0434809 0.123023 0.018692
34 0.356766 0.560633 0.0557447 0.107206 0.0175781
0 0.341715 0.458699 0.00891917 0.0210896 0.0166626
0 0.350077 0.657733 0.0568596 0.350615 0.0166626
0 0.35593 0.5971 0.0574171 0.133568 0.0165253
0 0.403592 0.593585 0.0445958 0.150264 0.0151901
0 0.336977 0.669596 0.0964384 0.333919 0.0145035
2 0.78823 0.424429 0.010034 0.0123023 0.0134277
2 0.769277 0.415202 0.0156085 0.0246046 0.012291
34 0.357324 0.593585 0.0557447 0.107206 0.0120544
35 0.887456 0.626098 0.0111489 0.0342706 0.0120544
0 0.385753 0.598418 0.0969958 0.141476 0.0114212
34 0.891916 0.546134 0.0200681 0.0272408 0.011116
0 0.408888 0.600176 0.0362341 0.105448 0.0106506
35 0.280396 0.771529 0.0278724 0.0544815 0.0104904
34 0.387983 0.630931 0.0713533 0.046573 0.0103302
2 0.772622 0.418717 0.0200681 0.0246046 0.00959778
2 0.925363 0.421353 0.0133787 0.0149385 0.00894928
2 0.850665 0.421793 0.0200681 0.0158172 0.00701141
0 0.346732 0.459578 0.0156085 0.0219684 0.00677109
35 0.366243 0.704745 0.0289873 0.0439367 0.0064888
7 0.686218 0.417399 0.0557447 0.029877 0.00643921
34 0.891916 0.545694 0.0401362 0.0316344 0.00636292
2 0.906409 0.42355 0.00891914 0.0140597 0.00634003
2 0.788788 0.418278 0.0133787 0.0228471 0.00616837
34 0.404707 0.623902 0.0535149 0.082601 0.00600433
0 0.350913 0.458699 0.0139362 0.0210896 0.00591278
0 0.674511 0.419596 0.00891914 0.0289982 0.00561905
0 0.355373 0.554482 0.0507277 0.121265 0.00559998
34 0.382966 0.611599 0.0903065 0.0790861 0.00540543
34 0.145772 0.460457 0.034283 0.026362 0.00524139
0 0.869618 0.605448 0.0379065 0.100176 0.00518036
0 0.877422 0.421353 0.0078042 0.0184534 0.00510025
35 0.17908 0.566784 0.0139362 0.0386643 0.0050621
24 0.0979714 0.673111 0.0844533 0.107206 0.00502014
35 0.255172 0.627856 0.0281511 0.0500879 0.00500107
34 0.41056 0.647627 0.047383 0.0439367 0.00496292
2 0.782098 0.42355 0.00780425 0.0158172 0.00484848
35 0.282347 0.762742 0.0239702 0.0369068 0.00471878
0 0.304924 0.724077 0.271477 0.275923 0.00445175
7 0.758128 0.417838 0.0713532 0.0272408 0.00438309
2 0.833941 0.424429 0.0078042 0.0123023 0.00411606
0 0.337813 0.585237 0.021183 0.151142 0.0041008
7 0.722452 0.417399 0.0758129 0.0289982 0.0041008
13 0.944316 0.417399 0.0869618 0.0228471 0.0041008
35 0.370424 0.705185 0.0206256 0.043058 0.00397491
0 0.870733 0.422671 0.00891924 0.0158172 0.00395966
32 0.887456 0.626098 0.0111489 0.0342706 0.0039444
2 0.799379 0.412127 0.0100341 0.0193322 0.00382423
0 0.235521 0.781195 0.117621 0.191564 0.00366402
2 0.84509 0.420474 0.0111489 0.0184534 0.00363541
34 0.407494 0.619508 0.0367915 0.0773286 0.00363541
0 0.346732 0.554482 0.0334468 0.0702987 0.00355148
34 0.380179 0.598418 0.0891916 0.0878735 0.00353813
35 0.278445 0.77768 0.0312171 0.0685413 0.00348282
24 0.0967171 0.652021 0.0869618 0.1529 0.00337601
35 0.180613 0.543058 0.0117064 0.0316344 0.00329781
35 0.426447 0.655536 0.0156085 0.0281195 0.00328636
0 0.341158 0.543937 0.0239702 0.0650264 0.00324821
35 0.180055 0.549209 0.0131 0.0386643 0.00319672
2 0.911984 0.42355 0.0122638 0.013181 0.00317192
0 0.355373 0.63181 0.0529575 0.128295 0.00314713
0 0.263951 0.614235 0.0395787 0.0439367 0.003088
0 0.245137 0.806678 0.0972745 0.13181 0.00302696
35 0.360111 0.688928 0.0451532 0.0711775 0.00299263
35 0.262279 0.628295 0.0434809 0.056239 0.00293541
34 0.905294 0.623462 0.0289872 0.0606327 0.00290108
2 0.707958 0.424429 0.0167234 0.0175747 0.00279999
2 0.800494 0.419596 0.011149 0.0228471 0.0027256
34 0.392443 0.59051 0.0702384 0.135325 0.00259018
35 0.274264 0.657733 0.0206255 0.0553603 0.00258064
0 0.84509 0.420474 0.0111489 0.0184534 0.00246239
0 0.906409 0.42355 0.00891914 0.0140597 0.00245285
35 0.176432 0.564148 0.0167234 0.0210896 0.00244331
0 0.392443 0.59051 0.0702384 0.135325 0.0024147
34 0.820562 0.591388 0.0200681 0.0123023 0.00237846
0 0.752554 0.424429 0.00891919 0.0140597 0.00236893
2 0.89972 0.424429 0.0200682 0.0123023 0.00234985
34 0.346732 0.554482 0.0334468 0.0702987 0.00229645
35 0.273707 0.644991 0.0239702 0.082601 0.00228691
34 0.382966 0.61775 0.0992256 0.151142 0.00228691
2 0.962154 0.420035 0.0133787 0.0193321 0.00226974
13 0.961039 0.41652 0.0769278 0.0254833 0.00226974
7 0.787116 0.417399 0.0691235 0.0281195 0.00223351
0 0.833941 0.424429 0.0078042 0.0123023 0.00219917
0 0.272034 0.60413 0.0195107 0.029877 0.00219917
35 0.365128 0.685852 0.0501703 0.0843586 0.00215721
2 0.76426 0.42355 0.0156085 0.0158172 0.00213242
2 0.691235 0.425747 0.00891919 0.0158172 0.00211525
35 0.864043 0.62478 0.0245276 0.0579964 0.00209999
32 0.311056 0.371705 0.00780427 0.0325132 0.00209999
2 0.94989 0.420474 0.00891914 0.0175747 0.00206757
13 0.903065 0.603251 0.103685 0.103691 0.00201988
35 0.177547 0.574692 0.0164447 0.0386643 0.00194931
35 0.871848 0.579965 0.0156086 0.0386643 0.00194931
1 0.933167 0.420914 0.0234128 0.0175747 0.00192642
0 0.267575 0.610721 0.0328894 0.0369069 0.00189686
35 0.262976 0.646309 0.0459894 0.0887522 0.00187492
2 0.71632 0.421793 0.021183 0.0210896 0.00186062
0 0.817218 0.424429 0.00891914 0.0123023 0.0018177
0 0.264648 0.63884 0.0420873 0.0878735 0.00178909
32 0.474109 0.931459 0.00947661 0.0175747 0.00178909
0 0.865158 0.427944 0.00891914 0.0096661 0.00178242
7 0.663362 0.417399 0.0769277 0.0316344 0.00175476
34 0.900835 0.564148 0.0423659 0.0632689 0.00171375
0 0.362619 0.600615 0.0657788 0.0984183 0.00171375
2 0.674511 0.419596 0.00891914 0.0289982 0.00164223
0 0.360668 0.64587 0.0590894 0.173989 0.00164223
0 0.346175 0.522847 0.0301022 0.0579965 0.00163555
60 0.700711 1 0.555217 0 0.00162888
2 0.769835 0.41652 0.0222979 0.0281195 0.00158501
0 0.800494 0.419596 0.011149 0.0228471 0.00157928
13 0.890801 0.417399 0.0825022 0.0219684 0.00157928
2 0.145076 0.461775 0.0381851 0.0281195 0.00157356
29 0.679528 0.629613 0.0111489 0.016696 0.00156689
26 0.0979714 0.673111 0.0844533 0.107206 0.00154305
0 0.414741 0.598418 0.0245277 0.101933 0.00153065
35 0.276215 0.65246 0.0178383 0.0667838 0.00152493
34 0.887456 0.545694 0.0245276 0.0325132 0.0015192
2 0.850107 0.417399 0.0234128 0.0228471 0.00151253
0 0.967728 0.419156 0.00891914 0.0228471 0.00150108
34 0.886341 0.592267 0.0657788 0.123902 0.00148964
0 0.256704 0.622583 0.0278724 0.0509666 0.00146675
34 0.406936 0.593585 0.0412511 0.121265 0.00146103
0 0.265345 0.601933 0.0295447 0.026362 0.00145531
13 0.304924 0.724077 0.271477 0.275923 0.00145531
60 0.320811 1 0.584762 0 0.00143242
0 0.337256 0.606327 0.0178383 0.105448 0.00141621
0 0.806069 0.42355 0.00891924 0.0158172 0.00139427
35 0.187581 0.804042 0.0186745 0.0360281 0.00138855
34 0.886899 0.559754 0.0256426 0.0597539 0.00138283
13 0.874077 0.41696 0.0925362 0.0254833 0.00138283
0 0.691235 0.425747 0.00891919 0.0158172 0.00137234
0 0.404707 0.623902 0.0535149 0.082601 0.00137234
0 0.936511 0.420914 0.0178383 0.0175747 0.00133514
0 0.407494 0.619508 0.0367915 0.0773286 0.00133038
2 0.664477 0.418717 0.0178383 0.029877 0.00132465
2 0.662247 0.423111 0.0111489 0.0219683 0.00132465
34 0.820562 0.593146 0.0178383 0.0105448 0.00130939
2 0.817218 0.424429 0.00891914 0.0123023 0.00129414
0 0.25977 0.623462 0.0484979 0.06942 0.00129414
34 0.347568 0.550088 0.0362341 0.119508 0.00126934
0 0.977205 0.417399 0.0100341 0.0246046 0.00125504
24 0.109887 0.639279 0.0996437 0.166081 0.00125504
0 0.962154 0.420035 0.0133787 0.0193321 0.00123024
0 0.799379 0.412127 0.0100341 0.0193322 0.00122547
2 0.822792 0.424429 0.0111489 0.0114236 0.00122547
32 0.820562 0.593146 0.0178383 0.0105448 0.0012207
2 0.599256 0.428383 0.011149 0.0105448 0.00117874
2 0.861813 0.42355 0.0122639 0.0140597 0.00116062
32 0.300464 0.827768 0.0234128 0.0228471 0.00115108
0 0.911984 0.42355 0.0122638 0.013181 0.0011425
7 0.857911 0.41652 0.136017 0.0281195 0.00112438
0 0.78823 0.424429 0.010034 0.0123023 0.00112057
0 0.194967 0.789982 0.338092 0.193322 0.0011158
0 0.878537 0.337873 0.0813873 0.158172 0.0011034
2 0.679528 0.423989 0.0122638 0.0193322 0.00109863
2 0.889686 0.424429 0.0178383 0.0123023 0.00109863
0 0.87129 0.417399 0.0133787 0.026362 0.00109482
0 0.876865 0.41652 0.0111489 0.0281195 0.00109005
2 0.752554 0.424429 0.00891919 0.0140597 0.00109005
7 0.933167 0.420914 0.0234128 0.0175747 0.00108624
34 0.891358 0.573374 0.0189531 0.0386643 0.00108147
0 0.341158 0.637083 0.0234128 0.130053 0.00106907
35 0.410002 0.651582 0.0490554 0.0342706 0.00106907
34 0.365128 0.676626 0.0524 0.099297 0.00105667
34 0.420873 0.532074 0.0100341 0.0483304 0.00104809
0 0.925363 0.421353 0.0133787 0.0149385 0.00104046
32 0.805511 0.601933 0.00891914 0.0123023 0.00103664
2 0.967728 0.419156 0.00891914 0.0228471 0.00102806
32 0.426447 0.655536 0.0156085 0.0281195 0.00102425
14 0.681201 0.630053 0.0133787 0.0193322 0.00102425
0 0.365128 0.672232 0.158315 0.339192 0.916504
0 0.123544 0.70167 0.143125 0.357645 0.907715
0 0.272104 0.73638 0.201657 0.279438 0.8125
0 0.885784 0.592707 0.0680085 0.123902 0.805664
34 0.384639 0.613796 0.0981107 0.105448 0.291016
0 0.346732 0.576889 0.0384639 0.171353 0.255371
32 0.679528 0.630053 0.0111489 0.0175747 0.223999
35 0.359553 0.703866 0.0367915 0.0456942 0.196777
0 0.353422 0.459578 0.00891914 0.0210896 0.150024
0 0.346175 0.537346 0.0323319 0.0931459 0.107422
34 0.405264 0.63884 0.0590894 0.0615114 0.0939941
35 0.887456 0.629613 0.0100341 0.0228471 0.0827026
34 0.370981 0.605448 0.0735831 0.0949033 0.0665894
0 0.350913 0.592706 0.0468256 0.206503 0.062561
29 0.145494 0.461336 0.0334468 0.0281195 0.0592041
32 0.146191 0.461336 0.0328894 0.026362 0.0427246
2 0.933167 0.420914 0.0245276 0.0175747 0.0358276
34 0.364013 0.589192 0.063549 0.0667838 0.0318604
0 0.34729 0.650703 0.0412511 0.323374 0.029541
0 0.230504 0.738576 0.118736 0.273286 0.0278015
32 0.887456 0.629613 0.0100341 0.0228471 0.0269623
34 0.356766 0.581283 0.0535149 0.0632689 0.0259552
2 0.78823 0.424429 0.010034 0.0123023 0.0200958
2 0.769277 0.414763 0.0156085 0.0246046 0.0197906
0 0.347847 0.550967 0.0367915 0.11775 0.0193024
34 0.399968 0.634446 0.0518426 0.0456942 0.0192719
34 0.903065 0.547012 0.0401362 0.0246046 0.0185394
0 0.403592 0.594025 0.0445958 0.151142 0.0180206
34 0.356766 0.56239 0.0557447 0.103691 0.0178528
0 0.349519 0.657293 0.0557447 0.349736 0.0162811
0 0.341715 0.458699 0.00891917 0.0210896 0.0160217
0 0.355651 0.59754 0.0568596 0.134446 0.0160217
35 0.887456 0.625659 0.0111489 0.0351494 0.0158997
2 0.772622 0.418278 0.0200681 0.0246046 0.0144501
0 0.336698 0.669156 0.0958809 0.334798 0.0134811
2 0.926477 0.421793 0.0133787 0.0158172 0.0120544
34 0.357324 0.594025 0.0557447 0.109842 0.0119629
35 0.280396 0.771529 0.0278724 0.0536028 0.0119629
0 0.385753 0.597539 0.0969958 0.142355 0.0113297
7 0.68566 0.417399 0.0512851 0.029877 0.0112457
2 0.789345 0.418278 0.0133788 0.0228471 0.0107346
34 0.891916 0.546573 0.0200681 0.0281195 0.0100555
0 0.408609 0.600615 0.0367915 0.106327 0.00993347
34 0.387426 0.630492 0.073583 0.0474517 0.00978088
0 0.871848 0.594903 0.042366 0.121265 0.00955963
2 0.850665 0.421793 0.0200681 0.0158172 0.00937653
7 0.759243 0.418278 0.0646639 0.026362 0.0086441
2 0.906409 0.42355 0.00891914 0.0140597 0.00831604
7 0.723567 0.417838 0.0691235 0.0281195 0.00757599
0 0.878537 0.594025 0.0356766 0.112478 0.00748825
35 0.366522 0.704745 0.0284298 0.0439367 0.00748825
34 0.145772 0.460018 0.0345617 0.0272408 0.00720596
34 0.404707 0.623902 0.0535149 0.082601 0.00706482
2 0.782656 0.42355 0.00891914 0.0149385 0.0068512
0 0.675069 0.419596 0.00891919 0.0289982 0.00664139
0 0.346453 0.459578 0.0156085 0.0228471 0.00664139
2 0.799379 0.412127 0.0111489 0.0175747 0.00638962
35 0.17908 0.566784 0.0139362 0.0386643 0.00624084
0 0.877422 0.421353 0.00668936 0.0184534 0.00605011
34 0.891916 0.545694 0.0390213 0.0316344 0.00588989
0 0.350913 0.458699 0.0144936 0.0210896 0.00553513
2 0.833941 0.423989 0.0078042 0.0123023 0.00540543
35 0.282347 0.762742 0.0239702 0.0369068 0.00536346
34 0.410839 0.647627 0.0468256 0.0439367 0.00530243
32 0.887456 0.625659 0.0111489 0.0351494 0.00518036
35 0.255172 0.627416 0.0281511 0.0500879 0.00492477
0 0.870733 0.422671 0.0100341 0.0158172 0.00479126
13 0.945431 0.417399 0.0847321 0.0210896 0.00475693
24 0.0979017 0.673111 0.0840352 0.107206 0.00466537
0 0.304924 0.725395 0.270362 0.275044 0.00457382
2 0.84509 0.420035 0.0111489 0.0193321 0.00453949
34 0.407215 0.619508 0.0379064 0.0773286 0.00419998
7 0.786001 0.417399 0.0646639 0.0281195 0.00416565
35 0.180613 0.543058 0.0117064 0.0316344 0.00408554
35 0.260885 0.626977 0.0390213 0.0518453 0.00407028
0 0.337813 0.585237 0.021183 0.152021 0.00403976
2 0.911984 0.42355 0.0122638 0.013181 0.00397491
2 0.800494 0.419156 0.011149 0.0228471 0.00392914
35 0.180195 0.549209 0.0131 0.0386643 0.00388527
0 0.355373 0.63225 0.0529575 0.132689 0.00365067
35 0.278724 0.77768 0.0312171 0.0685413 0.00362206
35 0.36039 0.688489 0.0457107 0.0720562 0.00356483
0 0.2358 0.790422 0.117064 0.173111 0.00352478
2 0.707958 0.424429 0.0178383 0.0175747 0.00349617
0 0.263812 0.614235 0.0398575 0.0456942 0.00348282
34 0.904737 0.61819 0.0301022 0.0676625 0.00344276
2 0.899162 0.424429 0.0200681 0.0123023 0.00340271
0 0.346732 0.554921 0.0334468 0.0720562 0.00335121
0 0.355373 0.55536 0.0507277 0.11775 0.00333786
2 0.764818 0.423111 0.0178383 0.0158172 0.00329781
35 0.426447 0.655097 0.0156085 0.0281195 0.00321007
34 0.391885 0.59051 0.0713532 0.136204 0.00319672
24 0.0967171 0.652021 0.0864043 0.154657 0.00317192
35 0.176432 0.564148 0.0164447 0.0219684 0.00314713
0 0.391885 0.59051 0.0713532 0.136204 0.00301552
7 0.662247 0.417399 0.0713532 0.0307557 0.00293541
0 0.244998 0.806678 0.0975533 0.13181 0.00290108
13 0.961039 0.41652 0.0769278 0.0246046 0.00283432
0 0.3406 0.543937 0.0234128 0.0650264 0.00279999
0 0.752554 0.424429 0.00891919 0.013181 0.00273705
0 0.84509 0.420035 0.0111489 0.0193321 0.0027256
34 0.346732 0.554921 0.0334468 0.0720562 0.00271416
35 0.274264 0.65949 0.0206255 0.0518454 0.00269318
34 0.382966 0.617311 0.0992256 0.150264 0.0026722
2 0.691235 0.425308 0.00891919 0.0158172 0.00265312
2 0.769835 0.41652 0.0222979 0.0289982 0.00261116
35 0.177547 0.573814 0.0167234 0.0386643 0.00257111
0 0.906409 0.42355 0.00891914 0.0140597 0.00255013
2 0.715762 0.421793 0.0222979 0.0210896 0.00254059
0 0.272034 0.60413 0.0195107 0.029877 0.00254059
2 0.962154 0.420035 0.0133787 0.0202109 0.00247192
1 0.933167 0.420914 0.0245276 0.0175747 0.00244331
2 0.94989 0.420914 0.00891914 0.0175747 0.00235939
32 0.311056 0.371705 0.00780427 0.0333919 0.00234222
35 0.871848 0.579965 0.0156086 0.0386643 0.00231361
0 0.833941 0.423989 0.0078042 0.0123023 0.00230598
35 0.864043 0.62478 0.0267575 0.0588752 0.00229645
35 0.273985 0.645431 0.0234128 0.0817223 0.00228691
34 0.820562 0.591388 0.0200681 0.0123023 0.00222588
0 0.268132 0.610721 0.0317745 0.0369069 0.00219917
2 0.850107 0.417838 0.0234128 0.0237258 0.00212479
34 0.907524 0.625659 0.0245276 0.0553603 0.00210762
13 0.907524 0.603691 0.111489 0.101933 0.00209999
0 0.817218 0.424429 0.00891914 0.0123023 0.00205803
2 0.675069 0.419596 0.00891919 0.0289982 0.00195694
0 0.264509 0.63884 0.042366 0.0878735 0.00191212
0 0.865158 0.427944 0.00891914 0.0096661 0.00189686
0 0.800494 0.419156 0.011149 0.0228471 0.00188923
13 0.888013 0.417399 0.0780427 0.0210896 0.00186729
7 0.856239 0.41652 0.128213 0.0281195 0.00185299
13 0.874077 0.417399 0.0847321 0.0246046 0.00181007
34 0.406379 0.593146 0.042366 0.123023 0.00179577
2 0.664477 0.418717 0.0178383 0.029877 0.00178242
0 0.362341 0.600615 0.0657788 0.099297 0.00177479
2 0.822792 0.424429 0.0111489 0.0123023 0.00175476
35 0.262976 0.646309 0.0459894 0.0887522 0.00175476
29 0.679528 0.630053 0.0111489 0.0175747 0.00174809
2 0.817218 0.424429 0.00891914 0.0123023 0.0017004
34 0.900835 0.563269 0.0423659 0.0597539 0.0017004
2 0.599256 0.427944 0.011149 0.0105448 0.0017004
60 0.700154 1 0.555217 0 0.0017004
0 0.967728 0.419156 0.00891914 0.0228471 0.00169373
0 0.691235 0.425308 0.00891919 0.0158172 0.0016613
0 0.360947 0.644991 0.0596468 0.175747 0.0016613
35 0.187581 0.804042 0.0183958 0.0360281 0.00164223
32 0.474388 0.931459 0.010034 0.0175747 0.00162888
0 0.806069 0.42355 0.00891924 0.0158172 0.00162315
60 0.32109 1 0.58309 0 0.00162315
35 0.276494 0.6529 0.0178383 0.0659051 0.00155449
2 0.66169 0.422671 0.010034 0.0219684 0.00154877
0 0.265624 0.601933 0.0295447 0.026362 0.00154877
0 0.256983 0.623023 0.0289873 0.0527241 0.00154877
2 0.889686 0.424429 0.0200681 0.0123023 0.00153637
34 0.886899 0.592267 0.0646639 0.123023 0.00150108
0 0.25977 0.623462 0.0484979 0.06942 0.00150108
35 0.365128 0.669596 0.0512851 0.112478 0.00149536
0 0.799379 0.412127 0.0111489 0.0175747 0.00148964
2 0.752554 0.424429 0.00891919 0.013181 0.00148964
0 0.346175 0.522847 0.0301022 0.0579965 0.0014782
0 0.87129 0.417399 0.0133787 0.026362 0.00147247
2 0.861813 0.42355 0.0133787 0.0140597 0.00146675
0 0.409724 0.587873 0.042366 0.144112 0.00146675
34 0.887456 0.560193 0.0245276 0.0588752 0.00145531
34 0.347847 0.550967 0.0367915 0.11775 0.00145531
0 0.337534 0.606327 0.0183958 0.105448 0.00144386
2 0.680086 0.423989 0.0111489 0.0193322 0.00143242
0 0.413905 0.598418 0.0256425 0.101933 0.00143242
0 0.977205 0.417399 0.0100341 0.0246046 0.0014267
2 0.670052 0.425747 0.00891914 0.0149385 0.00141048
34 0.887456 0.545694 0.0245276 0.0325132 0.00140476
0 0.962154 0.420035 0.0133787 0.0202109 0.00139904
7 0.933167 0.420914 0.0245276 0.0175747 0.00137234
35 0.878537 0.594025 0.0356766 0.112478 0.00136662
35 0.879652 0.577329 0.022298 0.0492091 0.00134563
0 0.935954 0.420914 0.0200681 0.0175747 0.00134087
1 0.889686 0.424429 0.0200681 0.0123023 0.00133514
34 0.474388 0.931459 0.010034 0.0175747 0.00133514
26 0.0979017 0.673111 0.0840352 0.107206 0.00132465
34 0.420873 0.530316 0.0105915 0.0527241 0.00131512
13 0.304924 0.725395 0.270362 0.275044 0.00130939
0 0.78823 0.424429 0.010034 0.0123023 0.00129414
0 0.876865 0.41652 0.0111489 0.0281195 0.00127888
24 0.110375 0.639719 0.100619 0.16696 0.00126457
2 0.759243 0.418278 0.0646639 0.026362 0.0012598
32 0.300464 0.826889 0.0234128 0.0228471 0.00125504
7 0.874077 0.417399 0.0847321 0.0246046 0.00124931
0 0.911984 0.42355 0.0122638 0.013181 0.00123978
2 0.145076 0.461775 0.0381851 0.0281195 0.00122547
5 0.68566 0.417399 0.0512851 0.029877 0.00122547
34 0.82112 0.593146 0.0178384 0.0105448 0.0012207
32 0.805511 0.601933 0.00891914 0.0123023 0.00121593
0 0.985009 0.421353 0.00891914 0.0158172 0.0012064
2 0.786001 0.417399 0.0646639 0.0281195 0.0012064
2 0.746979 0.425308 0.0133787 0.0123023 0.00117874
0 0.407215 0.619508 0.0379064 0.0773286 0.00117874
2 0.967728 0.419156 0.00891914 0.0228471 0.0011425
34 0.365407 0.661687 0.0540724 0.126538 0.00113773
34 0.405822 0.594025 0.0563022 0.150264 0.00113773
0 0.811086 0.428822 0.0078043 0.00702987 0.00112915
7 0.769277 0.414763 0.0156085 0.0246046 0.00112438
5 0.759243 0.418278 0.0646639 0.026362 0.00111198
34 0.890801 0.573814 0.0200681 0.0386643 0.0011034
2 0.68566 0.417399 0.0512851 0.029877 0.00109863
0 0.926477 0.421793 0.0133787 0.0158172 0.00109005
0 0.3406 0.636204 0.0228553 0.132689 0.00109005
32 0.82112 0.593146 0.0178384 0.0105448 0.00108147
0 0.193434 0.794376 0.340043 0.184534 0.00107288
0 0.404707 0.623902 0.0535149 0.082601 0.00106525
32 0.427005 0.655536 0.0144936 0.026362 0.00106525
5 0.723567 0.417838 0.0691235 0.0281195 0.00105667
14 0.681201 0.630053 0.0133787 0.0193322 0.00104427
7 0.772622 0.418278 0.0200681 0.0246046 0.00104046
34 0.821677 0.595782 0.0200681 0.013181 0.00104046
35 0.175178 0.556239 0.0231341 0.0474517 0.00102043
0 0.876307 0.34007 0.0724682 0.161687 0.00101662
35 0.250573 0.782952 0.0869618 0.0808435 0.00101185
2 0.870733 0.422671 0.0100341 0.0158172 0.00100422
0 0.365128 0.672671 0.158315 0.338313 0.916016
0 0.123684 0.702109 0.142846 0.358524 0.908691
0 0.885784 0.592707 0.0680085 0.123902 0.815918
0 0.272104 0.737258 0.201657 0.279438 0.8125
34 0.384639 0.614235 0.0981107 0.105448 0.297363
0 0.346732 0.577329 0.0379064 0.172232 0.281494
32 0.679528 0.630053 0.0111489 0.0175747 0.226807
35 0.359553 0.703866 0.0367915 0.0456942 0.201782
0 0.353422 0.459578 0.00891914 0.0210896 0.139893
0 0.346175 0.536907 0.0323319 0.0931458 0.100525
34 0.405264 0.63884 0.0590894 0.0615114 0.0960083
35 0.887456 0.629613 0.0100341 0.0228471 0.0875854
34 0.370702 0.605009 0.0724681 0.0940246 0.0710449
0 0.350077 0.594025 0.0457107 0.209139 0.0664673
29 0.145494 0.461336 0.0334468 0.0281195 0.0495911
32 0.146191 0.461336 0.0331681 0.026362 0.0414734
2 0.933167 0.420914 0.0245276 0.0175747 0.0360718
34 0.364013 0.588752 0.063549 0.0650263 0.0321045
0 0.34729 0.6529 0.0412511 0.326889 0.0309143
32 0.887456 0.629613 0.0100341 0.0228471 0.0269623
34 0.356766 0.581283 0.0535149 0.0632689 0.0265503
0 0.230504 0.738576 0.118736 0.273286 0.0246124
2 0.78823 0.424429 0.010034 0.0123023 0.021698
2 0.769835 0.414763 0.0167234 0.0246046 0.0212097
34 0.399968 0.634446 0.0518426 0.0456942 0.0201721
0 0.347847 0.550088 0.0367915 0.11775 0.0195312
0 0.403592 0.594025 0.0445958 0.151142 0.0191193
0 0.348962 0.658172 0.0557447 0.349736 0.0184784
34 0.903065 0.547452 0.0401362 0.0246046 0.0178528
35 0.887456 0.625659 0.0111489 0.0351494 0.0173035
0 0.336698 0.667838 0.0958809 0.337434 0.0162201
0 0.354258 0.592267 0.0518426 0.158172 0.0161591
34 0.356209 0.561511 0.0557447 0.107206 0.0160217
2 0.772065 0.418278 0.0200681 0.0246046 0.0158386
0 0.341994 0.458699 0.00891914 0.0210896 0.0146713
0 0.385753 0.597539 0.0969958 0.142355 0.0134811
35 0.280396 0.77109 0.0278724 0.0527241 0.0134277
2 0.926477 0.421793 0.0133787 0.0158172 0.012291
2 0.789345 0.418278 0.0133788 0.0228471 0.0118256
7 0.68566 0.417399 0.0512851 0.029877 0.0115509
0 0.408609 0.600615 0.0367915 0.106327 0.011116
34 0.356766 0.594025 0.0557447 0.114236 0.00981903
34 0.387983 0.630931 0.0713533 0.0474517 0.00967407
7 0.759243 0.418278 0.0646639 0.026362 0.00952148
34 0.891916 0.546573 0.0200681 0.0272408 0.00937653
2 0.850665 0.421793 0.0200681 0.0158172 0.00919342
35 0.366243 0.704745 0.0289873 0.0439367 0.00837708
2 0.906409 0.42355 0.00891914 0.0140597 0.00831604
7 0.724124 0.418278 0.0680086 0.0281195 0.00812531
34 0.145772 0.460018 0.0345617 0.0272408 0.00803375
2 0.782099 0.42355 0.00891914 0.0149385 0.00725937
0 0.871848 0.595782 0.042366 0.118629 0.00706482
0 0.879094 0.593146 0.0356767 0.110721 0.0068779
2 0.799379 0.412127 0.0111489 0.0175747 0.00674438
35 0.179219 0.566784 0.0139362 0.0369068 0.00664139
34 0.404707 0.623902 0.0535149 0.082601 0.00653839
0 0.346453 0.459578 0.0156085 0.0228471 0.00626373
0 0.675069 0.419596 0.00891919 0.0289982 0.00616837
35 0.282626 0.762742 0.0234128 0.0369068 0.00609589
0 0.877422 0.421353 0.00668936 0.0184534 0.00582123
2 0.833941 0.423989 0.00891914 0.0123023 0.00568771
0 0.356766 0.594025 0.0557447 0.114236 0.00568771
34 0.891916 0.545694 0.0379065 0.0316344 0.00553513
34 0.383524 0.611599 0.0903065 0.0782074 0.00538635
34 0.410839 0.647627 0.0468256 0.0439367 0.00530243
0 0.350913 0.45826 0.0144936 0.0219684 0.00526047
35 0.255032 0.627416 0.0278724 0.0500879 0.0051384
32 0.887456 0.625659 0.0111489 0.0351494 0.0051384
13 0.946545 0.417399 0.0869618 0.0219684 0.00479126
2 0.84509 0.420035 0.0111489 0.0193321 0.00460815
0 0.870733 0.422671 0.0100341 0.0158172 0.00448608
7 0.785443 0.417399 0.0646639 0.0272408 0.00446701
0 0.304645 0.725835 0.270362 0.274165 0.00445175
2 0.800494 0.419156 0.011149 0.0228471 0.00432968
35 0.180892 0.543058 0.0117064 0.0307557 0.0042305
35 0.278724 0.77768 0.0312171 0.0685413 0.00413513
35 0.260607 0.626977 0.0390213 0.0518453 0.00411606
35 0.180195 0.549209 0.0131 0.0386643 0.0041008
34 0.380179 0.597979 0.0903065 0.0905096 0.00395966
0 0.337813 0.584798 0.0217404 0.1529 0.00395966
2 0.911984 0.42355 0.0122638 0.0123023 0.00391388
0 0.355373 0.554921 0.0507277 0.118629 0.00382423
34 0.407494 0.618629 0.0379064 0.0773286 0.00374985
24 0.0979714 0.673989 0.0844533 0.107206 0.0037365
35 0.426447 0.655536 0.0156085 0.0281195 0.00365067
0 0.263673 0.614235 0.0401362 0.0456942 0.00362206
2 0.764818 0.423111 0.0200681 0.0158172 0.0036068
0 0.355373 0.63181 0.0529575 0.135325 0.0036068
35 0.360668 0.688928 0.0457107 0.0720562 0.0036068
2 0.707958 0.424429 0.0178383 0.0175747 0.00358009
34 0.90418 0.61775 0.031217 0.0685413 0.00353813
0 0.2358 0.782952 0.117621 0.188049 0.00341606
2 0.899162 0.424429 0.0200681 0.0123023 0.00338936
35 0.176432 0.564148 0.0167234 0.0219684 0.00337601
0 0.391328 0.59051 0.0713533 0.136204 0.00312424
34 0.391328 0.59051 0.0713533 0.136204 0.003088
7 0.66169 0.417399 0.0713532 0.029877 0.00301552
0 0.346732 0.554042 0.0334468 0.0702988 0.00299263
35 0.274264 0.65993 0.0206255 0.0509666 0.00298119
2 0.769835 0.41652 0.0222979 0.0289982 0.00288963
0 0.244441 0.806678 0.0986682 0.13181 0.00277901
2 0.715762 0.421793 0.0222979 0.0210896 0.00276756
2 0.691235 0.425308 0.00891919 0.0158172 0.00274658
13 0.961039 0.41652 0.0769278 0.0246046 0.00270462
35 0.177686 0.574253 0.0164447 0.0386643 0.00266266
34 0.346732 0.554042 0.0334468 0.0702988 0.00258064
35 0.871848 0.579965 0.0156086 0.0386643 0.00258064
32 0.311334 0.371924 0.00836172 0.0338313 0.00257111
0 0.752554 0.424429 0.00891919 0.013181 0.00252151
24 0.0967171 0.651582 0.086683 0.155536 0.00251198
0 0.84509 0.420035 0.0111489 0.0193321 0.00250244
35 0.273985 0.645431 0.0234128 0.0817223 0.0024929
0 0.272034 0.60413 0.0195107 0.029877 0.00243378
0 0.340322 0.543937 0.0228553 0.0650264 0.00242424
2 0.962154 0.420035 0.0133787 0.0193321 0.0024147
35 0.864043 0.62478 0.0267575 0.0588752 0.0024147
2 0.94989 0.420474 0.00891914 0.0184534 0.00232315
0 0.906409 0.42355 0.00891914 0.0140597 0.00226974
0 0.268411 0.610721 0.0317745 0.0369069 0.00226974
1 0.933167 0.420914 0.0245276 0.0175747 0.00221634
2 0.850107 0.417838 0.0234128 0.0237258 0.00217438
13 0.910869 0.603251 0.118179 0.103691 0.00214958
34 0.820562 0.591388 0.0200681 0.0123023 0.00213242
0 0.833941 0.423989 0.00891914 0.0123023 0.00211525
2 0.675069 0.419596 0.00891919 0.0289982 0.0020504
34 0.907524 0.625659 0.0245276 0.0553603 0.00204277
34 0.382966 0.618629 0.10034 0.154657 0.00204277
35 0.187581 0.804042 0.0183958 0.0351494 0.00201988
0 0.817218 0.424429 0.00891914 0.0123023 0.00192642
7 0.856239 0.41652 0.128213 0.0281195 0.00191212
13 0.874077 0.417399 0.0847321 0.0254833 0.00191212
13 0.888571 0.417399 0.0780426 0.0219684 0.00188255
2 0.664477 0.418717 0.0178383 0.029877 0.00185299
35 0.262976 0.646309 0.0459894 0.0887522 0.00185299
2 0.822792 0.424429 0.0111489 0.0123023 0.00183868
0 0.264369 0.63884 0.0426447 0.0878735 0.00181007
2 0.817218 0.424429 0.00891914 0.0123023 0.00178909
35 0.879094 0.593146 0.0356767 0.110721 0.00178909
0 0.800494 0.419156 0.011149 0.0228471 0.00176811
2 0.599813 0.427944 0.0111489 0.0105448 0.00173378
35 0.276215 0.6529 0.0178383 0.0650264 0.00172043
0 0.865158 0.427944 0.00891914 0.0105448 0.0017004
34 0.900835 0.563269 0.0423659 0.0597539 0.00168705
34 0.406379 0.593146 0.042366 0.123023 0.00167465
29 0.679528 0.630053 0.0111489 0.0175747 0.0016613
32 0.474388 0.931459 0.010034 0.0175747 0.00163555
2 0.662247 0.422671 0.0111489 0.0219684 0.00162315
0 0.361226 0.644112 0.0590894 0.177504 0.00161648
0 0.967728 0.419156 0.00891914 0.0228471 0.00161076
0 0.413626 0.598418 0.0262 0.101933 0.00158501
35 0.879652 0.577329 0.022298 0.0492091 0.00157928
2 0.679528 0.424429 0.0122638 0.0193321 0.00157356
2 0.670052 0.425747 0.00891914 0.0149385 0.00156116
0 0.25977 0.623023 0.0479405 0.06942 0.00154877
34 0.474388 0.931459 0.010034 0.0175747 0.00154305
0 0.256983 0.623023 0.0295447 0.0527241 0.00153637
2 0.752554 0.424429 0.00891919 0.013181 0.00153065
35 0.365128 0.670474 0.0512851 0.111599 0.00153065
0 0.806069 0.42355 0.00891924 0.0158172 0.0015192
0 0.691235 0.425308 0.00891919 0.0158172 0.00150681
60 0.319139 1 0.576958 0 0.00150681
0 0.265624 0.601933 0.0295447 0.026362 0.00148964
2 0.890243 0.424429 0.0211829 0.0123023 0.0014782
60 0.705728 1 0.544069 0 0.00146675
34 0.887456 0.592267 0.0646639 0.123023 0.00144386
2 0.861813 0.42355 0.0133787 0.0140597 0.00143242
34 0.887456 0.560633 0.0245276 0.0597539 0.0014267
0 0.337256 0.604569 0.0189532 0.110721 0.0014267
0 0.799379 0.412127 0.0111489 0.0175747 0.00140476
2 0.759243 0.418278 0.0646639 0.026362 0.00139904
0 0.407494 0.618629 0.0379064 0.0773286 0.00137806
0 0.87129 0.417399 0.0133787 0.026362 0.00137234
32 0.300464 0.826889 0.0234128 0.0228471 0.00135136
5 0.68566 0.417399 0.0512851 0.029877 0.00134087
2 0.785443 0.417399 0.0646639 0.0272408 0.00133514
0 0.962154 0.420035 0.0133787 0.0193321 0.00133038
0 0.977205 0.417399 0.0100341 0.0246046 0.00133038
0 0.346175 0.522847 0.0301022 0.0579965 0.00132465
5 0.759243 0.418278 0.0646639 0.026362 0.00132465
1 0.890243 0.424429 0.0211829 0.0123023 0.00130939
7 0.933167 0.420914 0.0245276 0.0175747 0.00130939
2 0.145076 0.461775 0.0381851 0.0281195 0.00130463
0 0.935954 0.420914 0.0200681 0.0175747 0.0012846
13 0.304645 0.725835 0.270362 0.274165 0.00127411
34 0.887456 0.545694 0.0245276 0.0325132 0.0012598
7 0.874077 0.417399 0.0847321 0.0254833 0.00123978
2 0.746979 0.425308 0.0133787 0.0123023 0.00123501
0 0.78823 0.424429 0.010034 0.0123023 0.0012207
5 0.724124 0.418278 0.0680086 0.0281195 0.00121593
0 0.404707 0.623902 0.0535149 0.082601 0.00121117
0 0.876865 0.41652 0.0111489 0.0281195 0.0012064
34 0.347847 0.550088 0.0367915 0.11775 0.00119209
32 0.805511 0.602373 0.00891914 0.0114235 0.00118351
34 0.420873 0.530756 0.0105915 0.0518453 0.00116062
7 0.769835 0.414763 0.0167234 0.0246046 0.00115585
2 0.68566 0.417399 0.0512851 0.029877 0.00115108
0 0.911984 0.42355 0.0122638 0.0123023 0.0011425
34 0.82112 0.593146 0.0178384 0.0105448 0.0011158
2 0.967728 0.419156 0.00891914 0.0228471 0.00110722
35 0.860699 0.610721 0.0200681 0.0474517 0.0011034
0 0.985009 0.421353 0.00891914 0.0158172 0.00109863
0 0.411117 0.728032 0.0652213 0.165202 0.00109482
2 0.724124 0.418278 0.0680086 0.0281195 0.00109482
7 0.772065 0.418278 0.0200681 0.0246046 0.00108147
34 0.365685 0.662126 0.0535149 0.125659 0.00107765
34 0.821677 0.595782 0.0200681 0.0140598 0.00106525
1 0.800494 0.419156 0.011149 0.0228471 0.00106049
35 0.175317 0.556678 0.0231341 0.0465729 0.00106049
35 0.409724 0.651142 0.0496128 0.0351494 0.00106049
34 0.890801 0.573814 0.0200681 0.0386643 0.00104809
35 0.255311 0.634446 0.0312171 0.059754 0.00104427
32 0.427005 0.655536 0.0144936 0.026362 0.00104427
35 0.250294 0.782952 0.0875192 0.0808435 0.00103664
0 0.811086 0.428822 0.0078043 0.00702987 0.00102806
0 0.876307 0.339851 0.073583 0.162127 0.00102425
0 0.193713 0.796134 0.341715 0.181019 0.00102425
13 0.193713 0.796134 0.341715 0.181019 0.00102425
14 0.681201 0.630053 0.0133787 0.0193322 0.00102043
2 0.870733 0.422671 0.0100341 0.0158172 0.00100803
0 0.3406 0.634886 0.0234128 0.134446 0.00100803
0 0.364571 0.675308 0.15943 0.334798 0.916504
0 0.123753 0.70123 0.142149 0.358524 0.912598
0 0.885784 0.592707 0.0680085 0.123902 0.830078
0 0.272104 0.737258 0.201657 0.279438 0.816895
0 0.346732 0.576889 0.0379064 0.171353 0.317383
34 0.384639 0.614235 0.0975533 0.105448 0.295898
32 0.679528 0.630053 0.0111489 0.0166959 0.236572
35 0.359553 0.703866 0.0367915 0.0456942 0.196777
0 0.353422 0.459578 0.00891914 0.0210896 0.153564
34 0.404985 0.63884 0.0590894 0.0615114 0.100159
0 0.346175 0.536907 0.0323319 0.0913884 0.093689
35 0.887456 0.629613 0.0100341 0.0228471 0.0913696
34 0.370702 0.605009 0.0713533 0.0931458 0.0769653
0 0.349519 0.595782 0.0445958 0.212654 0.0751953
29 0.145494 0.461336 0.0334468 0.0281195 0.0481262
2 0.933167 0.420914 0.0245276 0.0175747 0.0375977
32 0.146191 0.461336 0.0331681 0.026362 0.0370483
0 0.347011 0.654218 0.0406937 0.330404 0.0346069
34 0.363734 0.587873 0.0629916 0.0632689 0.0328369
34 0.356766 0.581722 0.0540724 0.0632689 0.0275879
32 0.887456 0.629613 0.0100341 0.0228471 0.0255585
2 0.769835 0.415202 0.0167234 0.0246046 0.0245209
0 0.347847 0.658612 0.0568596 0.350615 0.0244293
2 0.78823 0.424429 0.010034 0.0123023 0.024231
0 0.336419 0.66696 0.0958809 0.340949 0.0232849
0 0.230504 0.738576 0.118736 0.273286 0.0228882
34 0.39969 0.634007 0.0512851 0.0448155 0.0216217
0 0.403592 0.594025 0.0445958 0.151142 0.0199127
2 0.772065 0.418278 0.0200681 0.0254833 0.0192719
34 0.903065 0.547452 0.0401362 0.0246046 0.0179901
0 0.354258 0.590949 0.0518426 0.162566 0.0179138
0 0.341994 0.458699 0.00891914 0.0210896 0.0178528
35 0.887456 0.626098 0.0111489 0.0342706 0.016922
0 0.385753 0.597979 0.0969958 0.141476 0.0163422
0 0.408888 0.600176 0.0367915 0.105448 0.0147324
2 0.788788 0.418278 0.0144937 0.0228471 0.0134811
35 0.280396 0.77065 0.0278724 0.0509666 0.0132217
2 0.926477 0.421353 0.0133787 0.0149385 0.0122375
34 0.356209 0.559315 0.0546298 0.113357 0.012146
7 0.685103 0.417399 0.0501702 0.029877 0.0115051
34 0.389098 0.630931 0.0680086 0.0456942 0.00952148
2 0.850665 0.421793 0.0200681 0.0158172 0.00930023
34 0.891916 0.546573 0.0200681 0.0272408 0.00919342
7 0.758128 0.418278 0.0624341 0.026362 0.00898743
35 0.366243 0.704745 0.0289873 0.0439367 0.00894928
0 0.871848 0.594903 0.042366 0.120387 0.00867462
2 0.782099 0.42355 0.00891914 0.0149385 0.00857544
7 0.723567 0.417838 0.0646639 0.0281195 0.00837708
34 0.145772 0.459578 0.0345617 0.026362 0.00831604
2 0.906409 0.42355 0.00891914 0.0140597 0.00809479
2 0.799379 0.412127 0.0111489 0.0184534 0.00757599
0 0.355373 0.553603 0.0507277 0.121265 0.00740433
0 0.878537 0.593585 0.0356766 0.112478 0.00728989
0 0.346732 0.459578 0.0156085 0.0228471 0.00706482
0 0.350913 0.45826 0.0150511 0.0219684 0.00666809
35 0.179219 0.566344 0.0139362 0.0369069 0.00638962
0 0.675069 0.419156 0.00891919 0.029877 0.00636292
34 0.356488 0.592267 0.0563022 0.126538 0.00629044
35 0.282626 0.762742 0.0234128 0.0369068 0.00624084
2 0.833941 0.423989 0.00891914 0.0123023 0.005867
34 0.385196 0.594903 0.0969958 0.149385 0.00579834
34 0.891916 0.545694 0.0390213 0.0316344 0.00559998
0 0.263673 0.614235 0.0401362 0.0465729 0.0055542
0 0.877422 0.420914 0.00668936 0.0193321 0.00547028
34 0.410839 0.647627 0.0468256 0.0439367 0.00547028
34 0.382966 0.612478 0.0891916 0.0773286 0.00540543
34 0.404707 0.623902 0.0535149 0.082601 0.00540543
2 0.800494 0.419156 0.011149 0.0228471 0.00502014
35 0.255032 0.627416 0.0278724 0.0500879 0.00496292
32 0.887456 0.626098 0.0111489 0.0342706 0.0049057
13 0.945431 0.417399 0.0869617 0.0219684 0.0049057
2 0.84509 0.420035 0.0111489 0.0193321 0.00475693
35 0.426447 0.655536 0.0156085 0.0281195 0.0045929
34 0.380179 0.5971 0.0903065 0.0896309 0.00455475
0 0.337813 0.58348 0.0217404 0.154657 0.00446701
2 0.707958 0.424429 0.0178383 0.0175747 0.00428009
2 0.765375 0.422671 0.0200681 0.0158172 0.00424957
35 0.180892 0.543058 0.0117064 0.029877 0.00416565
35 0.278724 0.77768 0.0312171 0.0685413 0.00415039
2 0.911984 0.42355 0.0122638 0.0123023 0.00403976
35 0.180334 0.54833 0.0128213 0.0369068 0.00403976
7 0.784886 0.417399 0.0646639 0.0272408 0.00403976
0 0.2358 0.775044 0.117621 0.203866 0.00390053
0 0.870733 0.422671 0.0100341 0.0158172 0.00388527
0 0.355373 0.63181 0.0529575 0.137083 0.00369263
0 0.272034 0.604569 0.0200681 0.029877 0.00351143
35 0.260746 0.626538 0.0393 0.0527241 0.00349617
35 0.36039 0.688928 0.0451532 0.0720562 0.00344276
0 0.26869 0.610721 0.0312171 0.0369069 0.00340271
2 0.715762 0.421793 0.0222979 0.0210896 0.00337601
2 0.899162 0.424429 0.0200681 0.0123023 0.00333786
35 0.176432 0.564148 0.0164447 0.0219684 0.00331116
0 0.243883 0.806678 0.100341 0.13181 0.00328636
0 0.391607 0.59051 0.0713532 0.135325 0.00316048
2 0.691235 0.425308 0.00891919 0.0158172 0.00314713
34 0.407494 0.61775 0.0379064 0.0790861 0.00307465
34 0.90418 0.61775 0.031217 0.0685413 0.00301552
24 0.0979714 0.674868 0.084732 0.104569 0.0029583
7 0.662247 0.417399 0.0713532 0.029877 0.00293541
35 0.274334 0.659051 0.0210436 0.0527241 0.00287819
0 0.346732 0.552724 0.0334468 0.0667838 0.00281143
34 0.391607 0.59051 0.0713532 0.135325 0.00279045
0 0.361783 0.601054 0.0652213 0.100176 0.00273705
32 0.311056 0.371924 0.00891917 0.0338313 0.00260162
0 0.752554 0.424429 0.00891919 0.013181 0.00253105
2 0.962154 0.420035 0.0133787 0.0202109 0.00253105
2 0.94989 0.420035 0.00891914 0.0175747 0.00247192
0 0.342273 0.545255 0.0256426 0.072935 0.00247192
13 0.961039 0.41652 0.0769278 0.0254833 0.00239754
35 0.177547 0.574253 0.0167234 0.0386643 0.002388
0 0.3013 0.744728 0.277609 0.290861 0.00234222
35 0.871848 0.580404 0.0156086 0.0386643 0.00231361
35 0.864043 0.62478 0.0267575 0.0588752 0.00230598
35 0.273985 0.645431 0.0234128 0.0808436 0.00227928
2 0.675069 0.419156 0.00891919 0.029877 0.00226021
0 0.84509 0.420035 0.0111489 0.0193321 0.00226021
34 0.346732 0.552724 0.0334468 0.0667838 0.00224304
35 0.187581 0.804042 0.0186745 0.0360281 0.00221634
0 0.25991 0.622144 0.0476617 0.0685413 0.00217438
2 0.850107 0.417838 0.0234128 0.0237258 0.00216484
0 0.256565 0.623023 0.0287085 0.0527241 0.00212479
34 0.820562 0.591388 0.0200681 0.0123023 0.00211525
0 0.264787 0.637961 0.0418086 0.086116 0.00211525
13 0.910869 0.602812 0.118179 0.105448 0.00208282
0 0.906409 0.42355 0.00891914 0.0140597 0.00204277
0 0.413905 0.598418 0.0256425 0.100176 0.00201988
13 0.87352 0.41696 0.0869617 0.0254833 0.00201988
2 0.664477 0.418717 0.0178383 0.029877 0.00200272
13 0.889128 0.417399 0.0791574 0.0210896 0.00198746
0 0.265624 0.601933 0.0301022 0.026362 0.00196457
24 0.0965777 0.652021 0.0872405 0.154657 0.00195694
2 0.817218 0.424429 0.00891914 0.0123023 0.00194168
0 0.833941 0.423989 0.00891914 0.0123023 0.00194168
2 0.822792 0.424429 0.0111489 0.0123023 0.00193405
2 0.599813 0.427944 0.0111489 0.0105448 0.00191212
1 0.933167 0.420914 0.0245276 0.0175747 0.00190449
0 0.407494 0.61775 0.0379064 0.0790861 0.00190449
0 0.404707 0.623902 0.0535149 0.082601 0.00186062
0 0.817218 0.424429 0.00891914 0.0123023 0.00184631
2 0.679528 0.42355 0.0122638 0.0193321 0.00183868
35 0.262836 0.64587 0.0457107 0.0878735 0.0018034
2 0.66169 0.422232 0.010034 0.0228471 0.00175476
34 0.907524 0.625659 0.0245276 0.0544815 0.00175476
0 0.800494 0.419156 0.011149 0.0228471 0.00174809
32 0.474388 0.931459 0.010034 0.0175747 0.00173378
35 0.276215 0.6529 0.0178383 0.0659051 0.00171375
2 0.752554 0.424429 0.00891919 0.013181 0.0017004
34 0.900835 0.562829 0.0423659 0.0588752 0.0017004
0 0.360668 0.643234 0.0590894 0.181019 0.00168133
2 0.670052 0.425308 0.0100341 0.0158172 0.0016489
7 0.855124 0.41652 0.129328 0.0281195 0.00163555
0 0.337256 0.601933 0.0189532 0.115993 0.0015974
34 0.474388 0.931459 0.010034 0.0175747 0.00159168
0 0.691235 0.425308 0.00891919 0.0158172 0.00158501
29 0.679528 0.630053 0.0111489 0.0166959 0.00158501
0 0.967728 0.419156 0.00891914 0.0228471 0.00156689
2 0.145076 0.461336 0.0381851 0.0281195 0.00152493
2 0.890243 0.424429 0.0211829 0.0123023 0.00150108
35 0.878537 0.593585 0.0356766 0.112478 0.00150108
34 0.38213 0.620826 0.100341 0.160808 0.00148964
0 0.806069 0.42355 0.00891924 0.0158172 0.00148392
2 0.861256 0.42355 0.0133787 0.0140597 0.0014782
32 0.300464 0.826889 0.0234128 0.0228471 0.00147247
35 0.410002 0.651142 0.0496128 0.0351494 0.00146675
0 0.865158 0.427944 0.00891914 0.0105448 0.00146675
34 0.406658 0.593146 0.0418085 0.123023 0.00145531
35 0.364849 0.670474 0.0507277 0.110721 0.00145531
35 0.879652 0.577329 0.022298 0.0492091 0.0014267
2 0.746979 0.425308 0.0133787 0.0123023 0.00141048
5 0.685103 0.417399 0.0501702 0.029877 0.00139904
34 0.887456 0.560193 0.0245276 0.0588752 0.00139427
2 0.758128 0.418278 0.0624341 0.026362 0.00134087
0 0.260746 0.626538 0.0393 0.0527241 0.00133038
34 0.886899 0.592267 0.0646639 0.123023 0.00132465
1 0.890243 0.424429 0.0211829 0.0123023 0.00131989
5 0.758128 0.418278 0.0624341 0.026362 0.00131512
7 0.769835 0.415202 0.0167234 0.0246046 0.00130939
5 0.723567 0.417838 0.0646639 0.0281195 0.00130463
0 0.799379 0.412127 0.0111489 0.0184534 0.00129414
0 0.410839 0.726713 0.0657788 0.16696 0.00128937
0 0.977205 0.417399 0.0100341 0.0246046 0.00126934
13 0.304366 0.726713 0.269247 0.272408 0.00126934
7 0.933167 0.420914 0.0245276 0.0175747 0.00126457
0 0.962154 0.420035 0.0133787 0.0202109 0.00126457
0 0.936511 0.420914 0.0200682 0.0175747 0.00124454
60 0.317466 1 0.571383 0 0.00123978
2 0.784886 0.417399 0.0646639 0.0272408 0.00123024
7 0.772065 0.418278 0.0200681 0.0254833 0.00121593
34 0.887456 0.545694 0.0245276 0.0325132 0.00121593
0 0.346175 0.522847 0.0301022 0.0579965 0.00119686
0 0.87129 0.417399 0.0133787 0.026362 0.0011692
2 0.967728 0.419156 0.00891914 0.0228471 0.00116062
1 0.800494 0.419156 0.011149 0.0228471 0.00115585
60 0.710048 1 0.533198 0 0.00115585
0 0.78823 0.424429 0.010034 0.0123023 0.00115108
35 0.860141 0.610721 0.0211829 0.0474517 0.00113773
2 0.723567 0.417838 0.0646639 0.0281195 0.00112915
0 0.876865 0.41652 0.0111489 0.0281195 0.00112438
2 0.685103 0.417399 0.0501702 0.029877 0.00112438
0 0.811086 0.428822 0.0078043 0.00702987 0.0011158
0 0.877422 0.338752 0.0758128 0.160808 0.0011158
13 0.19441 0.797891 0.341436 0.177504 0.0011158
32 0.805511 0.602373 0.00891914 0.0114235 0.0011034
0 0.911984 0.42355 0.0122638 0.0123023 0.00106907
34 0.82112 0.593146 0.0178384 0.0105448 0.00106907
35 0.270083 0.64587 0.0323319 0.086116 0.00105286
7 0.87352 0.41696 0.0869617 0.0254833 0.00105286
2 0.870733 0.422671 0.0100341 0.0158172 0.00104809
35 0.255311 0.634446 0.0312171 0.059754 0.00104427
0 0.3406 0.458699 0.0156085 0.0237258 0.00104046
0 0.341158 0.634446 0.0239702 0.135325 0.00103664
13 0.784886 0.417399 0.0646639 0.0272408 0.00103188
34 0.365407 0.661687 0.0535149 0.126538 0.00102806
35 0.175317 0.557118 0.0231341 0.0456942 0.00102425
0 0.258377 0.599297 0.0239702 0.026362 0.00102425
14 0.681201 0.630053 0.0133787 0.0193322 0.00102425
32 0.427283 0.655536 0.0144937 0.026362 0.00101662
13 0.855124 0.41652 0.129328 0.0281195 0.00101662
0 0.273428 0.608963 0.0217404 0.0351494 0.00101185
34 0.890801 0.573814 0.0200681 0.0386643 0.00100803
0 0.365128 0.674868 0.157758 0.333919 0.917969
0 0.123823 0.70123 0.14201 0.358524 0.915527
0 0.885784 0.592707 0.0680085 0.123902 0.840332
0 0.272034 0.737258 0.201238 0.279438 0.822754
0 0.346453 0.57645 0.0379064 0.172232 0.349609
34 0.384639 0.614235 0.0975533 0.105448 0.29248
32 0.679528 0.630053 0.0111489 0.0166959 0.242188
35 0.359553 0.703866 0.0367915 0.0456942 0.216064
0 0.3537 0.459578 0.00947659 0.0210896 0.165649
34 0.404985 0.639279 0.0590894 0.0606327 0.106689
35 0.887456 0.629613 0.0100341 0.0228471 0.0946655
0 0.346175 0.536467 0.0323319 0.0913884 0.0900879
0 0.349241 0.596661 0.0445958 0.214411 0.0853882
34 0.370702 0.604569 0.0713533 0.0931459 0.0838623
29 0.145494 0.461336 0.0340043 0.0281195 0.0522461
2 0.933167 0.420914 0.0245276 0.0175747 0.041626
0 0.346732 0.653778 0.0401362 0.328647 0.0383301
32 0.14633 0.461336 0.0334468 0.026362 0.0367737
34 0.364013 0.587873 0.0624341 0.0615114 0.0343628
2 0.769835 0.415641 0.0167234 0.0246046 0.0303345
2 0.78823 0.424429 0.010034 0.0123023 0.0289764
34 0.356766 0.581722 0.0546298 0.0632689 0.0288696
0 0.347568 0.658612 0.0574171 0.350615 0.0284424
0 0.336141 0.66652 0.0958809 0.341828 0.0273743
32 0.887456 0.629613 0.0100341 0.0228471 0.0253754
2 0.772065 0.418278 0.0200681 0.0254833 0.0241394
34 0.39969 0.634007 0.0512851 0.0448155 0.0233307
0 0.230504 0.738137 0.118736 0.272408 0.021286
0 0.403592 0.594025 0.0445958 0.151142 0.0210114
0 0.341994 0.458699 0.00891914 0.0210896 0.0202942
0 0.355373 0.593146 0.0563022 0.14587 0.0193024
34 0.903065 0.547452 0.0401362 0.0246046 0.0188293
0 0.385753 0.597539 0.0969958 0.142355 0.0179138
0 0.408888 0.600615 0.0367915 0.105448 0.0174408
35 0.887456 0.626098 0.0111489 0.0342706 0.0170441
2 0.789345 0.418278 0.0133788 0.0228471 0.0167236
35 0.280396 0.770211 0.0278724 0.0509666 0.0148392
2 0.926477 0.421793 0.0133787 0.0158172 0.0133743
7 0.685103 0.417399 0.0501702 0.029877 0.0126724
2 0.850665 0.421793 0.0200681 0.0158172 0.0109482
2 0.782656 0.42355 0.00891914 0.0149385 0.0106506
35 0.365685 0.704745 0.0301022 0.0439367 0.0105667
0 0.355373 0.553163 0.0507277 0.122144 0.0103302
34 0.355651 0.558875 0.0546298 0.116872 0.0100555
34 0.389098 0.630931 0.0668937 0.0456942 0.00989532
34 0.891916 0.546573 0.0200681 0.026362 0.00963593
7 0.758128 0.418278 0.063549 0.026362 0.00941467
0 0.871848 0.594903 0.042366 0.120387 0.00933838
2 0.799379 0.412127 0.0111489 0.0184534 0.00926971
7 0.723567 0.418278 0.0646639 0.0281195 0.00919342
2 0.906409 0.42355 0.00891914 0.0140597 0.00867462
34 0.145772 0.459578 0.0345617 0.026362 0.00834656
0 0.263673 0.614235 0.0406936 0.0474517 0.00775528
0 0.346732 0.459578 0.016166 0.0228471 0.00769424
0 0.350913 0.45826 0.0150511 0.0219684 0.00763702
0 0.878537 0.593585 0.0356766 0.112478 0.00757599
35 0.179219 0.565905 0.0139362 0.0369068 0.00734711
35 0.282626 0.762742 0.0234128 0.0369068 0.00706482
2 0.833941 0.423989 0.00891914 0.0123023 0.00661469
0 0.675069 0.419596 0.00891919 0.0289982 0.00631332
2 0.800494 0.419156 0.011149 0.0228471 0.00609589
34 0.891916 0.545694 0.0390213 0.0316344 0.00591278
34 0.382966 0.612478 0.0880767 0.0755711 0.005867
35 0.426447 0.655536 0.0156085 0.0281195 0.00564194
34 0.411117 0.647627 0.0468256 0.0439367 0.0055542
35 0.255172 0.627416 0.0281511 0.0500879 0.00542831
2 0.84509 0.420035 0.0111489 0.0193321 0.00540543
0 0.877422 0.420914 0.00668936 0.0193321 0.00538635
2 0.765933 0.422671 0.0200681 0.0158172 0.00536346
13 0.945988 0.417399 0.0880767 0.0219684 0.00526047
34 0.404707 0.623462 0.0535149 0.0834798 0.0050621
35 0.278724 0.77768 0.0312171 0.0685413 0.00500107
0 0.337813 0.58304 0.0217404 0.155536 0.00498199
2 0.708515 0.424429 0.0178383 0.0175747 0.00496292
34 0.3799 0.595782 0.089749 0.089631 0.00492477
34 0.385196 0.594903 0.0969958 0.149385 0.0049057
34 0.356209 0.59051 0.0568596 0.133568 0.00482941
35 0.180892 0.543058 0.0117064 0.029877 0.00475693
32 0.887456 0.626098 0.0111489 0.0342706 0.00475693
35 0.180334 0.54833 0.0128213 0.0369068 0.00466537
0 0.26862 0.610721 0.0313564 0.0377856 0.00466537
0 0.272034 0.604569 0.0200681 0.029877 0.00445175
0 0.2358 0.772408 0.117621 0.207381 0.00439835
2 0.911984 0.42355 0.0122638 0.0123023 0.00434875
7 0.784886 0.417399 0.0646639 0.0272408 0.00413513
2 0.715762 0.421793 0.0222979 0.0210896 0.00400543
2 0.691235 0.425308 0.00891919 0.0158172 0.00392914
0 0.355094 0.63181 0.0524 0.135325 0.00383949
35 0.176432 0.564148 0.0167234 0.0219684 0.00378036
0 0.243604 0.806678 0.100898 0.13181 0.00378036
2 0.899162 0.424429 0.0200681 0.0123023 0.00370789
35 0.360668 0.689367 0.0451532 0.0702987 0.00366402
0 0.870733 0.422671 0.0100341 0.0158172 0.0036068
0 0.391328 0.59051 0.0719107 0.135325 0.00348282
0 0.361783 0.601054 0.0646639 0.100176 0.00346947
35 0.260746 0.626538 0.0393 0.0527241 0.00341606
7 0.662247 0.417399 0.0713532 0.029877 0.00324821
35 0.274543 0.659051 0.0206255 0.0509666 0.00312424
34 0.905294 0.623902 0.0289872 0.0615114 0.00299263
0 0.342273 0.543937 0.0262 0.0746924 0.00286674
0 0.260049 0.622144 0.047383 0.0667838 0.00286674
24 0.0981107 0.674868 0.0844533 0.104569 0.0028553
2 0.675069 0.419596 0.00891919 0.0289982 0.00284576
34 0.407494 0.617311 0.0379064 0.0799648 0.00284576
0 0.256704 0.623023 0.0295447 0.0544815 0.00282288
35 0.187581 0.804042 0.0186745 0.0360281 0.00279045
0 0.346732 0.552285 0.0334468 0.0632689 0.00277901
32 0.311056 0.372144 0.00891917 0.0342707 0.00277901
34 0.391328 0.59051 0.0719107 0.135325 0.00271416
2 0.961596 0.420035 0.0133788 0.0193321 0.00266266
2 0.94989 0.420035 0.00891914 0.0175747 0.00265312
35 0.177547 0.574253 0.0167234 0.0386643 0.00264168
2 0.664477 0.418717 0.0178383 0.029877 0.00257111
2 0.850665 0.417399 0.0245277 0.0228471 0.00251198
2 0.679528 0.423989 0.0122638 0.0193322 0.0024929
0 0.752554 0.424429 0.00891919 0.013181 0.00248146
13 0.961009 0.41652 0.0779822 0.0254833 0.00247192
0 0.265206 0.637083 0.0409724 0.086116 0.00245285
35 0.871848 0.580404 0.0156086 0.0386643 0.00240517
0 0.265624 0.601933 0.0301022 0.0281195 0.00240517
0 0.300464 0.745167 0.278724 0.289982 0.002388
35 0.274264 0.64587 0.0234128 0.0808435 0.00237846
35 0.864601 0.62478 0.0267575 0.0588752 0.00233269
0 0.404707 0.623462 0.0535149 0.0834798 0.00232315
0 0.414183 0.598418 0.0256426 0.100176 0.00230598
0 0.407494 0.617311 0.0379064 0.0799648 0.00228691
2 0.599813 0.427944 0.0111489 0.0114236 0.00226021
2 0.66169 0.422671 0.010034 0.0228471 0.00225258
2 0.822792 0.424429 0.0111489 0.0123023 0.00225258
2 0.817218 0.424429 0.00891914 0.0123023 0.00224304
13 0.87352 0.41696 0.0880767 0.0254833 0.00218201
0 0.84509 0.420035 0.0111489 0.0193321 0.00214005
13 0.889686 0.417399 0.0791575 0.0210896 0.00214005
34 0.346732 0.552285 0.0334468 0.0632689 0.00210762
13 0.912541 0.603691 0.121523 0.103691 0.00209999
34 0.820562 0.591388 0.0200681 0.0123023 0.0020504
2 0.670052 0.424429 0.0111489 0.0158172 0.00201035
0 0.260746 0.626538 0.0393 0.0527241 0.00196457
2 0.752554 0.424429 0.00891919 0.013181 0.00195694
35 0.410002 0.651582 0.0496128 0.0342706 0.00192642
35 0.262836 0.64587 0.0457107 0.0878735 0.00191879
35 0.276494 0.6529 0.0178383 0.0650264 0.00191212
1 0.933167 0.420914 0.0245276 0.0175747 0.00188923
24 0.0965777 0.65246 0.0872405 0.155536 0.00188923
0 0.906409 0.42355 0.00891914 0.0140597 0.00188255
0 0.833941 0.423989 0.00891914 0.0123023 0.00185299
0 0.817218 0.424429 0.00891914 0.0123023 0.00183868
2 0.145076 0.461336 0.0381851 0.0281195 0.00182438
34 0.901392 0.56239 0.0412511 0.0579965 0.00178242
0 0.360947 0.642794 0.058532 0.181898 0.00177479
32 0.474388 0.931459 0.010034 0.0175747 0.00176144
0 0.337534 0.601054 0.0189532 0.115993 0.00171375
2 0.746979 0.425308 0.0133787 0.013181 0.0017004
0 0.800494 0.419156 0.011149 0.0228471 0.00168705
2 0.890801 0.424429 0.0222979 0.0123023 0.00168705
2 0.861256 0.42355 0.0133787 0.0140597 0.00168133
7 0.855124 0.41652 0.127098 0.0281195 0.00167465
34 0.474388 0.931459 0.010034 0.0175747 0.00164223
0 0.691235 0.425308 0.00891919 0.0158172 0.00161648
5 0.685103 0.417399 0.0501702 0.029877 0.00160408
29 0.679528 0.630053 0.0111489 0.0166959 0.0015974
0 0.967728 0.419156 0.00891914 0.0228471 0.00159168
7 0.769835 0.415641 0.0167234 0.0246046 0.00158501
32 0.300464 0.826889 0.0234128 0.0228471 0.00157356
35 0.365128 0.672232 0.0501703 0.107206 0.00154877
5 0.723567 0.418278 0.0646639 0.0281195 0.00150681
1 0.890801 0.424429 0.0222979 0.0123023 0.00148964
35 0.879652 0.577329 0.022298 0.0492091 0.00148964
35 0.878537 0.593585 0.0356766 0.112478 0.00146103
34 0.887456 0.559754 0.0245276 0.0579965 0.00145531
5 0.758128 0.418278 0.063549 0.026362 0.00145531
0 0.806069 0.42355 0.00891924 0.0158172 0.00144386
7 0.772065 0.418278 0.0200681 0.0254833 0.00143814
0 0.410839 0.725395 0.0657788 0.167838 0.00139427
34 0.406936 0.593146 0.042366 0.123023 0.00137806
0 0.865158 0.427944 0.00891914 0.0105448 0.00136662
0 0.258377 0.599297 0.0245277 0.0272408 0.00136185
2 0.758128 0.418278 0.063549 0.026362 0.00131989
7 0.933167 0.420914 0.0245276 0.0175747 0.00131512
0 0.977205 0.417399 0.0100341 0.0246046 0.00130939
1 0.800494 0.419156 0.011149 0.0228471 0.00130463
0 0.961596 0.420035 0.0133788 0.0193321 0.0012846
34 0.381851 0.622144 0.10034 0.164323 0.00126934
34 0.886899 0.592267 0.0646639 0.123023 0.0012598
34 0.888013 0.545694 0.0245276 0.0325132 0.00123978
0 0.273428 0.608963 0.0217404 0.0351494 0.00123978
2 0.541281 0.424868 0.0144936 0.0123023 0.00123501
35 0.860141 0.610721 0.0211829 0.0474517 0.00123024
2 0.686775 0.427065 0.010034 0.0123023 0.00123024
0 0.936511 0.420914 0.0200682 0.0175747 0.00122547
2 0.967728 0.419156 0.00891914 0.0228471 0.00122547
13 0.304087 0.727592 0.269247 0.27065 0.00122547
2 0.784886 0.417399 0.0646639 0.0272408 0.00121117
0 0.799379 0.412127 0.0111489 0.0184534 0.0012064
0 0.811643 0.428822 0.00891914 0.00702987 0.00119686
0 0.346175 0.522847 0.0301022 0.0579965 0.00118828
32 0.805511 0.602812 0.00891914 0.0105448 0.00117874
13 0.19427 0.799209 0.34283 0.174868 0.00117874
2 0.722452 0.420914 0.0289873 0.0228471 0.00116062
35 0.175317 0.557118 0.0234128 0.0456942 0.00116062
2 0.723567 0.418278 0.0646639 0.0281195 0.0011425
2 0.870733 0.422671 0.0100341 0.0158172 0.00113773
0 0.3406 0.458699 0.0156085 0.0237258 0.00113773
0 0.877979 0.338533 0.0769278 0.160369 0.00113392
2 0.685103 0.417399 0.0501702 0.029877 0.0011158
60 0.317118 1 0.568736 0 0.0011158
0 0.341158 0.634007 0.0245277 0.135325 0.00110722
0 0.87129 0.417399 0.0133787 0.026362 0.00109863
7 0.87352 0.41696 0.0880767 0.0254833 0.00108147
0 0.877422 0.41652 0.0111489 0.0281195 0.00107288
0 0.273149 0.617311 0.0234128 0.0492091 0.00107288
2 0.704056 0.427944 0.00891919 0.0105448 0.00106525
32 0.427283 0.655536 0.0144937 0.026362 0.00106049
0 0.78823 0.424429 0.010034 0.0123023 0.00105667
35 0.336977 0.632689 0.016166 0.0738137 0.00105667
34 0.365128 0.662566 0.0535149 0.12478 0.00105286
13 0.855124 0.41652 0.127098 0.0281195 0.00105286
34 0.82112 0.593146 0.0178384 0.0105448 0.00104809
14 0.681201 0.630053 0.0133787 0.0193322 0.00104809
2 0.702384 0.425308 0.0111489 0.0175747 0.00104046
38 0.145215 0.461336 0.0345617 0.0281195 0.00103664
34 0.890801 0.573814 0.0200681 0.0386643 0.00103664
34 0.393 0.636204 0.0434809 0.0404218 0.00103188
13 0.784886 0.417399 0.0646639 0.0272408 0.00102043
0 0.911984 0.42355 0.0122638 0.0123023 0.00101662
2 0.985009 0.421353 0.00891914 0.0158172 0.00101185
0 0.365128 0.675747 0.157758 0.332162 0.92041
0 0.123893 0.70123 0.14187 0.358524 0.91748
0 0.885784 0.592707 0.0680085 0.123902 0.84668
0 0.272104 0.737258 0.201657 0.279438 0.82666
0 0.346453 0.57645 0.0379064 0.171353 0.385742
34 0.384639 0.614675 0.0969958 0.104569 0.27832
32 0.679528 0.630053 0.0111489 0.0166959 0.23938
35 0.359832 0.703866 0.0362341 0.0456942 0.228149
0 0.3537 0.459578 0.00947659 0.0210896 0.17334
34 0.404985 0.639279 0.0590894 0.0606327 0.11438
35 0.887456 0.629174 0.0100341 0.0228471 0.0980835
0 0.348962 0.596661 0.0440383 0.213533 0.0951538
0 0.346175 0.536028 0.0323319 0.0913884 0.0872803
34 0.370145 0.604569 0.0702384 0.0913884 0.0869141
29 0.145494 0.461336 0.0340043 0.0281195 0.0562439
2 0.933167 0.420914 0.0245276 0.0175747 0.0479431
0 0.346732 0.652021 0.0401362 0.325132 0.0423279
32 0.146191 0.461336 0.0334468 0.026362 0.0390625
2 0.769835 0.415202 0.0167234 0.0246046 0.036499
2 0.78823 0.424429 0.010034 0.0123023 0.0351562
34 0.363456 0.586995 0.0624341 0.0597539 0.0348816
0 0.34729 0.658612 0.0568596 0.349736 0.0300446
34 0.356766 0.581722 0.0546298 0.0632689 0.0290833
0 0.336141 0.66652 0.0958809 0.341828 0.0287628
2 0.772065 0.418278 0.0200681 0.0254833 0.0285492
32 0.887456 0.629174 0.0100341 0.0228471 0.0259552
34 0.39969 0.633568 0.0507277 0.0439367 0.0249939
34 0.382966 0.596661 0.0997831 0.14587 0.0248871
0 0.403592 0.594025 0.0445958 0.151142 0.0218658
0 0.341994 0.458699 0.00891914 0.0210896 0.0218201
2 0.789345 0.418278 0.0133788 0.0228471 0.0212097
0 0.408609 0.600615 0.0367915 0.105448 0.0209656
0 0.355094 0.591388 0.0557447 0.149385 0.0207214
0 0.230504 0.738576 0.118736 0.271529 0.0206909
34 0.903065 0.547452 0.0401362 0.0246046 0.0200195
0 0.385753 0.597539 0.0969958 0.142355 0.0194244
35 0.887456 0.626098 0.0111489 0.0342706 0.0175781
35 0.280396 0.770211 0.0278724 0.0509666 0.0157776
2 0.926477 0.421793 0.0144937 0.0158172 0.0154266
7 0.684545 0.417838 0.0490553 0.0289982 0.0147858
34 0.373211 0.608084 0.0830596 0.121265 0.014389
2 0.850665 0.421793 0.021183 0.0158172 0.0130692
2 0.782656 0.42355 0.00891914 0.0140597 0.012825
0 0.355094 0.552724 0.0501703 0.123023 0.012291
35 0.365685 0.704745 0.0301022 0.0439367 0.0119629
2 0.799379 0.412127 0.0111489 0.0175747 0.0116882
7 0.723567 0.418278 0.0624341 0.0281195 0.0109863
7 0.758128 0.418278 0.0624341 0.026362 0.0109863
0 0.263673 0.615114 0.0406936 0.0492091 0.0106125
34 0.891916 0.546573 0.0200681 0.026362 0.0102081
2 0.906409 0.42355 0.00891914 0.0140597 0.00959778
34 0.391049 0.630931 0.0624341 0.0439367 0.00959778
0 0.871848 0.594903 0.042366 0.119508 0.00912476
34 0.145772 0.460018 0.0353979 0.0272408 0.0086441
34 0.355651 0.559315 0.0546298 0.120387 0.00828552
0 0.350913 0.45826 0.0156085 0.0219684 0.00818634
35 0.179219 0.565905 0.0136575 0.0351494 0.00815582
0 0.346732 0.459578 0.0167234 0.0228471 0.00806427
0 0.878537 0.593146 0.0356766 0.112478 0.00763702
2 0.833941 0.423989 0.00891914 0.0123023 0.00754929
35 0.282626 0.762742 0.0234128 0.0369068 0.00748825
2 0.800494 0.419156 0.011149 0.0228471 0.00737381
0 0.675069 0.420035 0.00891919 0.0281195 0.00682449
35 0.426447 0.655536 0.016166 0.0281195 0.00677109
2 0.765933 0.422671 0.0200681 0.0158172 0.00641251
2 0.844533 0.419596 0.0111489 0.0202109 0.00626373
0 0.26869 0.61116 0.0312171 0.0386643 0.00624084
34 0.891916 0.545694 0.0401362 0.0316344 0.00616837
34 0.380179 0.594903 0.0903065 0.0896309 0.00591278
0 0.272034 0.604569 0.0200681 0.0307557 0.00588989
0 0.877422 0.420914 0.00668936 0.0193321 0.00577545
2 0.708515 0.424429 0.0178383 0.0175747 0.0055542
0 0.337813 0.582601 0.0217404 0.156415 0.00553513
34 0.411675 0.648067 0.0457107 0.043058 0.00553513
35 0.255172 0.627416 0.0281511 0.0509666 0.00548935
13 0.946545 0.417399 0.0891915 0.0219684 0.00547028
35 0.278724 0.77768 0.0312171 0.0685413 0.00540543
34 0.382409 0.615114 0.0869618 0.0702987 0.00524139
35 0.180892 0.542619 0.0117064 0.029877 0.00521851
35 0.180334 0.54833 0.0128213 0.0351494 0.00516129
34 0.404707 0.623023 0.0529575 0.0834798 0.00503922
32 0.887456 0.626098 0.0111489 0.0342706 0.00496292
2 0.911984 0.42355 0.0122638 0.0123023 0.00492477
0 0.2358 0.779438 0.117621 0.193322 0.00488663
7 0.784886 0.417399 0.0657788 0.0272408 0.00475693
2 0.715762 0.421793 0.0222979 0.0210896 0.0046463
2 0.691235 0.425308 0.00891919 0.0158172 0.00462723
0 0.342273 0.581722 0.0278723 0.168717 0.00439835
35 0.176432 0.564148 0.0167234 0.0219684 0.00431442
0 0.243326 0.806678 0.100898 0.13181 0.00426483
0 0.361226 0.601933 0.0646639 0.101933 0.0042305
2 0.899162 0.424429 0.0200681 0.0123023 0.00419998
34 0.361226 0.601933 0.0646639 0.101933 0.00402451
35 0.365128 0.688489 0.0490554 0.0790861 0.0039444
0 0.25991 0.621705 0.0471043 0.0676625 0.00390053
0 0.355094 0.63181 0.0524 0.133568 0.00388527
7 0.66169 0.417838 0.0691235 0.029877 0.00388527
34 0.355651 0.587873 0.0568596 0.142355 0.00387001
0 0.870733 0.422671 0.0100341 0.0158172 0.00383949
0 0.256704 0.623023 0.0301022 0.0553603 0.00380898
0 0.391049 0.59051 0.0724681 0.135325 0.00365067
35 0.26214 0.627416 0.0432022 0.056239 0.00351143
0 0.342273 0.543058 0.0267575 0.0764499 0.00337601
2 0.675069 0.420035 0.00891919 0.0281195 0.00335121
35 0.274334 0.659051 0.0210436 0.0509666 0.00327301
35 0.187581 0.804042 0.0186745 0.0369069 0.00323486
2 0.664477 0.418717 0.0178383 0.029877 0.00307465
2 0.679528 0.424429 0.0122638 0.0193321 0.00307465
2 0.850665 0.417838 0.0245277 0.0237258 0.00298119
2 0.94989 0.420035 0.00891914 0.0175747 0.00291252
0 0.265902 0.601933 0.0301022 0.0281195 0.00290108
0 0.266042 0.637083 0.0393 0.0852373 0.00288963
34 0.391049 0.59051 0.0724681 0.135325 0.00286674
35 0.177547 0.574253 0.0167234 0.0386643 0.0028553
34 0.905294 0.623902 0.0289872 0.0615114 0.0028553
2 0.961596 0.419596 0.0133788 0.0202109 0.00284576
0 0.413626 0.598418 0.0256426 0.100176 0.00279999
0 0.260746 0.626538 0.0393 0.0527241 0.00279999
34 0.407773 0.615993 0.0379064 0.0808436 0.00276756
32 0.311056 0.372144 0.00891917 0.0342707 0.00275803
2 0.822792 0.424429 0.0111489 0.0123023 0.00273705
0 0.404707 0.623023 0.0529575 0.0834798 0.00271416
2 0.66169 0.422671 0.010034 0.0228471 0.00269318
2 0.817218 0.424429 0.00891914 0.0123023 0.00269318
24 0.0981804 0.674868 0.0843139 0.103691 0.0026722
0 0.347011 0.551845 0.0328894 0.0615114 0.00266266
0 0.407773 0.615993 0.0379064 0.0808436 0.00266266
2 0.599813 0.427944 0.0111489 0.0114236 0.00266266
0 0.752554 0.424429 0.00891919 0.0140597 0.00254059
13 0.961009 0.41652 0.0779822 0.0246046 0.00251198
35 0.871848 0.580404 0.0156086 0.0386643 0.00246239
0 0.300464 0.745606 0.279281 0.289104 0.00246239
2 0.670052 0.424429 0.0111489 0.016696 0.00243378
35 0.865158 0.62478 0.0267574 0.0588752 0.0024147
13 0.872962 0.41696 0.0869618 0.0254833 0.0024147
35 0.410281 0.652021 0.0490554 0.0333919 0.00240517
35 0.274334 0.64587 0.0232734 0.0799648 0.00235939
2 0.752554 0.424429 0.00891919 0.0140597 0.00226974
13 0.889686 0.417399 0.0780426 0.0210896 0.00226974
0 0.844533 0.419596 0.0111489 0.0202109 0.00225258
13 0.913656 0.60413 0.123753 0.101933 0.00219154
34 0.820562 0.591388 0.0200681 0.013181 0.00209999
2 0.746422 0.425308 0.0122638 0.0123023 0.00209045
1 0.933167 0.420914 0.0245276 0.0175747 0.00209045
34 0.347011 0.551845 0.0328894 0.0615114 0.00203514
0 0.817218 0.424429 0.00891914 0.0123023 0.00201035
2 0.145215 0.461336 0.0384639 0.0281195 0.00201035
35 0.276494 0.6529 0.0178383 0.0650264 0.00201035
5 0.684545 0.417838 0.0490553 0.0289982 0.00196457
7 0.769835 0.415202 0.0167234 0.0246046 0.00192642
0 0.833941 0.423989 0.00891914 0.0123023 0.00192642
2 0.860699 0.42355 0.0133787 0.0140597 0.00192642
0 0.337256 0.600615 0.0189532 0.11775 0.00192642
2 0.890801 0.424429 0.0222979 0.0123023 0.00191212
0 0.906409 0.42355 0.00891914 0.0140597 0.00190449
5 0.723567 0.418278 0.0624341 0.0281195 0.00190449
7 0.854009 0.41652 0.123753 0.0281195 0.00189686
34 0.90195 0.56239 0.0401361 0.0579965 0.00188923
35 0.262836 0.64587 0.0457107 0.0878735 0.00185299
32 0.300464 0.826889 0.0234128 0.0228471 0.00184631
0 0.800494 0.419156 0.011149 0.0228471 0.00183868
5 0.758128 0.418278 0.0624341 0.026362 0.00182438
0 0.360947 0.642355 0.058532 0.182777 0.00178242
0 0.691235 0.425308 0.00891919 0.0158172 0.00177479
1 0.890801 0.424429 0.0222979 0.0123023 0.00177479
0 0.258098 0.599297 0.0250851 0.0281195 0.00177479
24 0.0965952 0.65246 0.0872057 0.155536 0.00176144
7 0.772065 0.418278 0.0200681 0.0254833 0.00174141
0 0.967728 0.419156 0.00891914 0.0228471 0.00174141
32 0.474388 0.931459 0.010034 0.0175747 0.00173378
29 0.679528 0.630053 0.0111489 0.0166959 0.00170708
34 0.474388 0.931459 0.010034 0.0175747 0.00170708
35 0.365128 0.673111 0.0501703 0.105448 0.00159168
0 0.273219 0.608963 0.0221585 0.0351494 0.00157356
35 0.879652 0.577329 0.022298 0.0492091 0.00152493
7 0.933167 0.420914 0.0245276 0.0175747 0.0015192
34 0.887456 0.559754 0.0245276 0.0579965 0.0015192
0 0.806069 0.42355 0.00891924 0.0149385 0.00151253
2 0.686775 0.427065 0.011149 0.0123023 0.00151253
1 0.800494 0.419156 0.011149 0.0228471 0.00148964
0 0.410839 0.725835 0.0657788 0.168717 0.00145531
0 0.865158 0.427944 0.00891914 0.0105448 0.00144386
0 0.977205 0.417399 0.0100341 0.0246046 0.0014267
35 0.878537 0.593146 0.0356766 0.112478 0.00142097
34 0.406658 0.593146 0.042366 0.123023 0.00141048
2 0.758128 0.418278 0.0624341 0.026362 0.00141048
0 0.961596 0.419596 0.0133788 0.0202109 0.00139904
2 0.722452 0.420914 0.0289873 0.0228471 0.00138855
2 0.541281 0.424868 0.0144936 0.0123023 0.00135136
0 0.273149 0.615993 0.0234128 0.0465729 0.00135136
35 0.860141 0.608963 0.0211829 0.0456942 0.00132465
0 0.811643 0.428822 0.00891914 0.00702987 0.00131512
32 0.805511 0.602373 0.00891914 0.0114235 0.00129986
2 0.784886 0.417399 0.0657788 0.0272408 0.00129986
0 0.799379 0.412127 0.0111489 0.0175747 0.00129414
0 0.935954 0.420914 0.0200681 0.0175747 0.00128937
2 0.967728 0.419156 0.00891914 0.0228471 0.0012846
35 0.175317 0.557118 0.0234128 0.0456942 0.0012846
2 0.704056 0.427944 0.00891919 0.0105448 0.00127888
34 0.888013 0.545694 0.0245276 0.0325132 0.00124454
13 0.303878 0.728471 0.26855 0.268893 0.00123501
0 0.3406 0.458699 0.0156085 0.0237258 0.00123024
2 0.870733 0.422671 0.0100341 0.0158172 0.00122547
2 0.723567 0.418278 0.0624341 0.0281195 0.00122547
13 0.193992 0.800527 0.343388 0.172232 0.00122547
7 0.872962 0.41696 0.0869618 0.0254833 0.00121593
2 0.702384 0.425308 0.0111489 0.0175747 0.0012064
34 0.886899 0.592267 0.0646639 0.123023 0.00120163
0 0.346175 0.522847 0.0301022 0.0579965 0.00119686
35 0.336977 0.63225 0.016166 0.0711775 0.00118351
34 0.381015 0.623902 0.099783 0.170475 0.00117874
0 0.87129 0.417399 0.0133787 0.026362 0.0011692
0 0.341158 0.633128 0.0234128 0.136204 0.00116539
32 0.427283 0.655536 0.0144937 0.026362 0.00115585
2 0.684545 0.417838 0.0490553 0.0289982 0.00115108
0 0.78823 0.424429 0.010034 0.0123023 0.00113773
35 0.394951 0.630931 0.0484979 0.0421792 0.00112438
2 0.984452 0.420914 0.00891914 0.0158172 0.00112057
38 0.145215 0.461336 0.0345617 0.0281195 0.00112057
34 0.890801 0.573374 0.0200681 0.0377856 0.00112057
13 0.854009 0.41652 0.123753 0.0281195 0.00112057
0 0.877422 0.41652 0.0111489 0.0281195 0.00111198
34 0.393 0.636204 0.042366 0.0404218 0.00109482
14 0.681201 0.630053 0.0133787 0.0193322 0.00109005
0 0.276494 0.6529 0.0178383 0.0650264 0.00108624
34 0.365128 0.663445 0.0535149 0.123023 0.00108147
0 0.911984 0.42355 0.0122638 0.0123023 0.00107765
2 0.543511 0.427065 0.0117064 0.013181 0.00107288
0 0.877422 0.338752 0.074698 0.160808 0.00106525
60 0.317188 1 0.567481 0 0.00106049
34 0.82112 0.593146 0.0178384 0.0105448 0.00104427
13 0.784886 0.417399 0.0657788 0.0272408 0.00104046
0 0.658903 0.421793 0.011149 0.0237258 0.00101185
32 0.82112 0.593146 0.0178384 0.0105448 0.00101185
0 0.338928 0.461336 0.0122638 0.0237258 0.00100803
0 0.365128 0.676186 0.157758 0.331283 0.921387
0 0.123823 0.70123 0.141731 0.358524 0.919434
0 0.885226 0.593146 0.0691235 0.12478 0.852051
0 0.272034 0.737698 0.201796 0.278559 0.829102
0 0.346175 0.57645 0.0379064 0.170474 0.398926
34 0.384639 0.614675 0.0975533 0.104569 0.269043
32 0.679528 0.630053 0.0111489 0.0166959 0.230957
35 0.359832 0.703866 0.0362341 0.0456942 0.219971
0 0.353422 0.459578 0.010034 0.0210896 0.179565
34 0.404985 0.639279 0.0590894 0.0606327 0.115967
35 0.887456 0.629613 0.0100341 0.0237258 0.102295
0 0.348683 0.596661 0.0434809 0.214411 0.102112
34 0.370424 0.60413 0.0707958 0.0913884 0.0875854
0 0.346175 0.536467 0.0323319 0.0905096 0.085083
29 0.145494 0.461336 0.0340043 0.0281195 0.0570679
2 0.933167 0.420914 0.0245276 0.0175747 0.0507202
0 0.346453 0.65246 0.0395788 0.326011 0.0447693
2 0.769835 0.415641 0.0167234 0.0246046 0.0427246
2 0.78823 0.424429 0.011149 0.0123023 0.0406799
32 0.146051 0.461336 0.0334468 0.026362 0.0390625
2 0.771507 0.418278 0.0200681 0.0254833 0.0340881
34 0.363734 0.586995 0.0618767 0.0597539 0.0340881
0 0.347011 0.659051 0.0563022 0.349736 0.0322266
0 0.336141 0.666081 0.0958809 0.342706 0.0310822
34 0.356766 0.581722 0.0546298 0.0632689 0.0280151
32 0.887456 0.629613 0.0100341 0.0237258 0.0257568
34 0.39969 0.633568 0.0507277 0.0439367 0.0255585
2 0.789345 0.418278 0.0133788 0.0228471 0.0250854
0 0.341994 0.458699 0.00891914 0.0210896 0.0241394
34 0.382966 0.596661 0.0997831 0.14587 0.0241394
0 0.408609 0.600176 0.0367915 0.105448 0.0228424
0 0.403871 0.594025 0.0445958 0.151142 0.0219116
34 0.903065 0.547452 0.0401362 0.0246046 0.0217743
0 0.355094 0.59051 0.0557447 0.1529 0.0213623
0 0.385753 0.597979 0.0969958 0.141476 0.0201721
0 0.230365 0.738576 0.118458 0.271529 0.0195618
35 0.887456 0.626538 0.0111489 0.0333919 0.0175781
2 0.926477 0.421353 0.0156085 0.0149385 0.016983
7 0.685103 0.418278 0.0490554 0.0281195 0.0158386
35 0.280396 0.769772 0.0278724 0.0509666 0.0156708
2 0.782656 0.42355 0.00891914 0.0140597 0.0151291
2 0.850665 0.421793 0.021183 0.0158172 0.0149536
34 0.372653 0.608084 0.0819447 0.121265 0.0144501
2 0.799379 0.412127 0.0111489 0.0175747 0.0134811
0 0.355094 0.552724 0.0501703 0.123023 0.0133286
0 0.263394 0.615114 0.0406937 0.0509666 0.0126724
7 0.758686 0.418278 0.0624341 0.026362 0.0124283
7 0.724681 0.418278 0.0624341 0.0281195 0.0121002
35 0.365685 0.704745 0.0301022 0.0439367 0.0118713
0 0.891358 0.592267 0.0501703 0.118629 0.0112457
0 0.871848 0.594903 0.042366 0.121265 0.0110703
34 0.891916 0.546573 0.0200681 0.026362 0.0108185
2 0.906409 0.42355 0.00891914 0.0140597 0.0104065
34 0.145772 0.460018 0.0353979 0.0272408 0.00974274
34 0.390771 0.630931 0.0624341 0.0448155 0.00941467
35 0.179219 0.565905 0.0136575 0.0351494 0.0088501
0 0.346732 0.459578 0.0167234 0.0228471 0.00874329
2 0.800494 0.419156 0.011149 0.0237258 0.00861359
0 0.350913 0.45826 0.0156085 0.0219684 0.0085144
2 0.833941 0.423989 0.00891914 0.0123023 0.00844574
0 0.878537 0.593585 0.0367915 0.112478 0.00812531
2 0.765933 0.422671 0.0222979 0.016696 0.00766754
35 0.282626 0.762742 0.0234128 0.0369068 0.00760651
0 0.26869 0.61116 0.0312171 0.0395431 0.00725937
34 0.355373 0.559754 0.0540724 0.123023 0.00723267
0 0.675069 0.420035 0.00891919 0.0281195 0.00703812
35 0.426447 0.655536 0.016166 0.0281195 0.00698471
2 0.844533 0.419596 0.0111489 0.0202109 0.0068779
34 0.891916 0.545694 0.0401362 0.0316344 0.00679779
0 0.272034 0.604569 0.0200681 0.0307557 0.00674438
34 0.3799 0.594025 0.089749 0.089631 0.00641251
2 0.708515 0.423989 0.0178383 0.0175747 0.00629044
0 0.877422 0.420914 0.00668936 0.0193321 0.00598145
0 0.337813 0.582601 0.0222979 0.156415 0.00593567
35 0.180892 0.542619 0.0117064 0.029877 0.00561905
13 0.947103 0.417399 0.0891916 0.0219684 0.00561905
35 0.180334 0.54833 0.0128213 0.0351494 0.00559998
34 0.411954 0.648067 0.0457107 0.043058 0.00559998
35 0.255172 0.627416 0.0281511 0.0509666 0.00544739
35 0.278654 0.77768 0.0313564 0.0685413 0.00544739
2 0.911984 0.42355 0.0122638 0.0123023 0.00534439
2 0.715762 0.421793 0.0245277 0.0210896 0.0053215
7 0.784886 0.417399 0.0646639 0.026362 0.00527954
2 0.691235 0.425308 0.00891919 0.0158172 0.00526047
0 0.2358 0.778998 0.117621 0.1942 0.00524139
34 0.382409 0.614675 0.0869618 0.0711775 0.00521851
0 0.341715 0.581283 0.0267575 0.169596 0.0050621
32 0.887456 0.626538 0.0111489 0.0333919 0.0049057
34 0.404707 0.623023 0.0529575 0.0843585 0.00482941
2 0.899162 0.424429 0.0200681 0.0123023 0.00473785
35 0.176432 0.564148 0.0167234 0.0219684 0.0045929
0 0.361226 0.601933 0.0646639 0.101933 0.00457382
0 0.260049 0.621265 0.0468256 0.0667838 0.00453949
0 0.256704 0.623023 0.0301022 0.0553603 0.00450516
0 0.242908 0.806678 0.102292 0.133568 0.00438309
7 0.661133 0.417838 0.0691235 0.029877 0.00419998
0 0.355094 0.630931 0.0524 0.135325 0.00402451
0 0.870733 0.422671 0.0100341 0.0158172 0.00399017
35 0.365128 0.688049 0.0490554 0.0799648 0.00397491
34 0.361226 0.601933 0.0646639 0.101933 0.00379562
2 0.675069 0.420035 0.00891919 0.0281195 0.00374985
0 0.390771 0.59051 0.0730256 0.135325 0.00369263
2 0.679528 0.424429 0.0122638 0.0193321 0.00366402
0 0.342551 0.542179 0.0267575 0.0773286 0.00356483
0 0.260746 0.626538 0.0393 0.0527241 0.00351143
35 0.26214 0.626977 0.0432022 0.056239 0.00348282
2 0.664477 0.418717 0.0178383 0.029877 0.00340271
35 0.187581 0.804042 0.0186745 0.0369069 0.00337601
34 0.355651 0.586995 0.0568596 0.14587 0.00335121
2 0.850665 0.417838 0.0245277 0.0237258 0.00332451
2 0.822792 0.424429 0.0122639 0.0123023 0.00319672
0 0.265763 0.601933 0.0303809 0.0281195 0.00319672
2 0.94989 0.420035 0.00891914 0.0184534 0.00318527
35 0.274334 0.659051 0.0210436 0.0527241 0.00318527
2 0.961596 0.419596 0.0133788 0.0202109 0.00317192
0 0.26632 0.636204 0.0387426 0.0843586 0.00316048
2 0.817218 0.424429 0.00891914 0.0123023 0.00311089
35 0.177547 0.574253 0.0167234 0.0386643 0.00307465
0 0.413626 0.598418 0.0267575 0.100176 0.00305176
2 0.662247 0.422671 0.0111489 0.0228471 0.00300407
0 0.404707 0.623023 0.0529575 0.0843585 0.00299263
2 0.599813 0.427944 0.0111489 0.0114236 0.00298119
34 0.390771 0.59051 0.0730256 0.135325 0.00290108
34 0.905294 0.623902 0.0289872 0.0615114 0.00286674
2 0.670052 0.424429 0.0111489 0.0175747 0.00282288
24 0.098041 0.674868 0.0843139 0.103691 0.00279045
0 0.347011 0.551845 0.0328894 0.0606327 0.0026722
34 0.407773 0.615114 0.0379064 0.082601 0.00264168
0 0.752554 0.424429 0.00891919 0.0140597 0.00261116
2 0.752554 0.424429 0.00891919 0.0140597 0.00259018
32 0.311056 0.372144 0.00891917 0.0342707 0.00259018
13 0.872962 0.417399 0.0869618 0.0246046 0.00253105
0 0.300464 0.746046 0.279281 0.288225 0.00252151
13 0.961009 0.41652 0.0779822 0.0246046 0.00251198
35 0.410281 0.652021 0.0490554 0.0333919 0.00246239
2 0.745864 0.425308 0.0133787 0.0123023 0.00243378
35 0.865158 0.62478 0.0267574 0.0579964 0.00243378
35 0.871848 0.579965 0.0156086 0.0386643 0.0024147
0 0.340043 0.543497 0.0222979 0.0659051 0.002388
13 0.889128 0.417399 0.0780426 0.0219684 0.00232315
7 0.769835 0.415641 0.0167234 0.0246046 0.00229645
0 0.844533 0.419596 0.0111489 0.0202109 0.00228691
34 0.820562 0.591388 0.0200681 0.013181 0.00226021
13 0.915328 0.604569 0.127098 0.100176 0.00225258
2 0.890801 0.424429 0.0222979 0.0123023 0.00222588
35 0.274334 0.64587 0.0232734 0.0790861 0.00220871
2 0.860699 0.42355 0.0133787 0.0140597 0.00219917
0 0.817218 0.424429 0.00891914 0.0123023 0.00218201
1 0.933167 0.420914 0.0245276 0.0175747 0.00217438
5 0.685103 0.418278 0.0490554 0.0281195 0.00216484
5 0.724681 0.418278 0.0624341 0.0281195 0.00215721
0 0.257819 0.599297 0.0250851 0.0281195 0.00213242
5 0.758686 0.418278 0.0624341 0.026362 0.00213242
7 0.771507 0.418278 0.0200681 0.0254833 0.00209045
0 0.337256 0.600176 0.0189532 0.119508 0.00209045
1 0.890801 0.424429 0.0222979 0.0123023 0.00208282
34 0.90195 0.561951 0.0401361 0.056239 0.0020752
7 0.854009 0.41652 0.122638 0.0281195 0.00205803
2 0.145215 0.461336 0.0384639 0.0281195 0.00202751
34 0.347011 0.551845 0.0328894 0.0606327 0.00201988
0 0.833941 0.423989 0.00891914 0.0123023 0.00201035
35 0.276424 0.65246 0.0179777 0.0659051 0.00198746
0 0.800494 0.419156 0.011149 0.0237258 0.00193405
0 0.691235 0.425308 0.00891919 0.0158172 0.00189686
0 0.906409 0.42355 0.00891914 0.0140597 0.00186062
0 0.967728 0.419156 0.00891914 0.0228471 0.00184631
32 0.300464 0.826889 0.0234128 0.0228471 0.00184631
2 0.686775 0.427065 0.011149 0.0123023 0.00183868
24 0.0965081 0.65246 0.0868224 0.155536 0.00178909
0 0.360947 0.641476 0.058532 0.184534 0.00178909
0 0.273219 0.608963 0.0221585 0.0351494 0.00178242
35 0.262697 0.645431 0.0454319 0.0878735 0.00176144
29 0.679528 0.630053 0.0111489 0.0166959 0.0017271
1 0.800494 0.419156 0.011149 0.0237258 0.00167465
34 0.474388 0.931459 0.010034 0.0175747 0.00167465
2 0.721894 0.420914 0.0289872 0.0228471 0.00165462
32 0.474388 0.931459 0.010034 0.0175747 0.0016489
0 0.806069 0.42355 0.00891924 0.0158172 0.00162315
7 0.933167 0.420914 0.0245276 0.0175747 0.00162315
35 0.365128 0.672232 0.0501703 0.107206 0.00158501
34 0.887456 0.559754 0.0245276 0.0579965 0.00156689
2 0.758686 0.418278 0.0624341 0.026362 0.00153065
0 0.961596 0.419596 0.0133788 0.0202109 0.00152493
0 0.273149 0.615114 0.0234128 0.0448155 0.0015192
2 0.541281 0.424868 0.0144936 0.0123023 0.00151253
2 0.704056 0.427944 0.00891919 0.0105448 0.00151253
0 0.977205 0.417399 0.0100341 0.0246046 0.00150108
35 0.879652 0.577329 0.022298 0.0492091 0.0014782
0 0.410839 0.725835 0.0657788 0.168717 0.0014782
0 0.865158 0.427944 0.00891914 0.0105448 0.00146675
2 0.967728 0.419156 0.00891914 0.0228471 0.00144386
0 0.811643 0.428822 0.00891914 0.00702987 0.00144386
35 0.860141 0.607645 0.0211829 0.0421792 0.00143814
35 0.175317 0.557118 0.0234128 0.0456942 0.00137806
2 0.784886 0.417399 0.0646639 0.026362 0.00137806
2 0.702384 0.425308 0.0111489 0.0175747 0.00136662
0 0.799379 0.412127 0.0111489 0.0175747 0.00136185
34 0.406658 0.593146 0.042366 0.121265 0.00136185
0 0.3406 0.458699 0.0156085 0.0237258 0.00135136
2 0.870733 0.422671 0.0100341 0.0158172 0.00134563
0 0.935954 0.420914 0.0200681 0.0175747 0.00134087
34 0.888013 0.545694 0.0245276 0.0325132 0.00131989
35 0.878537 0.593585 0.0367915 0.112478 0.00131989
7 0.872962 0.417399 0.0869618 0.0246046 0.00131512
2 0.724681 0.418278 0.0624341 0.0281195 0.00130463
32 0.805511 0.602373 0.00891914 0.0114235 0.00129986
13 0.30353 0.728471 0.268132 0.268893 0.00124931
2 0.543511 0.427065 0.0117064 0.013181 0.00124454
35 0.336977 0.632689 0.016166 0.06942 0.00123501
13 0.193992 0.801406 0.344502 0.170474 0.00123501
0 0.87129 0.417399 0.0133787 0.026362 0.00122547
34 0.886341 0.592267 0.0646639 0.123023 0.00121593
0 0.3406 0.63225 0.0234128 0.137083 0.00121593
2 0.685103 0.418278 0.0490554 0.0281195 0.0012064
0 0.276424 0.65246 0.0179777 0.0659051 0.00119686
0 0.346175 0.522847 0.0301022 0.0579965 0.00118351
2 0.984452 0.420914 0.00891914 0.0158172 0.00117874
38 0.145215 0.461336 0.0345617 0.0281195 0.0011692
34 0.890801 0.573374 0.0200681 0.0377856 0.0011692
0 0.78823 0.424429 0.011149 0.0123023 0.00116062
32 0.427283 0.655536 0.0144937 0.026362 0.00116062
34 0.380737 0.623902 0.0992256 0.172232 0.00115585
5 0.784886 0.417399 0.0646639 0.026362 0.00114727
13 0.854009 0.41652 0.122638 0.0281195 0.00114727
34 0.899162 0.545694 0.0468255 0.029877 0.0011425
0 0.877422 0.41652 0.0111489 0.0272408 0.00112915
14 0.681201 0.630053 0.0133787 0.0193322 0.00112438
34 0.82112 0.593146 0.0178384 0.0105448 0.00112057
0 0.352307 0.45167 0.0133787 0.0351494 0.00111198
34 0.393 0.636204 0.0434809 0.0404218 0.00111198
35 0.394673 0.630931 0.0490553 0.0421792 0.00110722
1 0.850665 0.421793 0.021183 0.0158172 0.0011034
0 0.338928 0.461336 0.0122638 0.0246046 0.00109863
0 0.911984 0.42355 0.0122638 0.0123023 0.00109482
0 0.658903 0.421793 0.011149 0.0237258 0.00108624
2 0.776524 0.425308 0.011149 0.0140597 0.00108147
7 0.609847 0.420035 0.0758128 0.0316344 0.00107765
38 0.82112 0.593146 0.0178384 0.0105448 0.00105667
34 0.365128 0.678383 0.0512851 0.0949033 0.00105667
2 0.854009 0.41652 0.122638 0.0281195 0.00105286
60 0.317118 1 0.566506 0 0.00104809
13 0.784886 0.417399 0.0646639 0.026362 0.00104046
2 0.558005 0.423989 0.0156085 0.0158172 0.00103188
1 0.771507 0.418278 0.0200681 0.0254833 0.00102806
2 0.723567 0.417399 0.0245277 0.0289982 0.00102425
0 0.365128 0.676626 0.157758 0.330404 0.921387
0 0.123893 0.70123 0.14187 0.358524 0.919434
0 0.885226 0.593146 0.0691235 0.12478 0.853027
0 0.272034 0.737698 0.201796 0.278559 0.829102
0 0.346175 0.57645 0.0379064 0.170474 0.399902
34 0.384639 0.614675 0.0969958 0.104569 0.267334
32 0.679528 0.630053 0.0111489 0.0166959 0.229492
35 0.359832 0.703866 0.0362341 0.0456942 0.219971
0 0.353422 0.459578 0.010034 0.0210896 0.178345
34 0.404985 0.639279 0.0590894 0.0606327 0.115967
35 0.887456 0.629613 0.0100341 0.0237258 0.102295
0 0.348683 0.596661 0.0434809 0.214411 0.102295
34 0.370145 0.604569 0.0702384 0.0913884 0.0875854
0 0.346175 0.536467 0.0323319 0.0905096 0.0838623
29 0.145494 0.461336 0.0340043 0.0281195 0.0583496
2 0.933167 0.420914 0.0245276 0.0175747 0.0509033
0 0.346453 0.65246 0.0395788 0.326011 0.0446777
2 0.769835 0.415641 0.0167234 0.0246046 0.0423889
2 0.78823 0.424429 0.011149 0.0123023 0.0405273
32 0.146051 0.461336 0.0334468 0.026362 0.0393372
34 0.363734 0.586995 0.0618767 0.0597539 0.0343628
2 0.771507 0.418278 0.0200681 0.0254833 0.0337219
0 0.347011 0.659051 0.0563022 0.349736 0.0327148
0 0.336141 0.666081 0.0958809 0.342706 0.0316162
34 0.356766 0.581722 0.0546298 0.0632689 0.0282135
32 0.887456 0.629613 0.0100341 0.0237258 0.0255585
34 0.39969 0.633568 0.0507277 0.0439367 0.0253754
2 0.789345 0.418278 0.0133788 0.0228471 0.0249939
34 0.382966 0.596661 0.0997831 0.14587 0.0240479
0 0.341994 0.458699 0.00891914 0.0210896 0.0237732
0 0.408609 0.600176 0.0367915 0.105448 0.0230713
34 0.903065 0.547452 0.0401362 0.0246046 0.02211
0 0.403592 0.594025 0.0445958 0.151142 0.0217743
0 0.355094 0.59051 0.0557447 0.1529 0.021286
0 0.385753 0.597979 0.0969958 0.141476 0.0201416
0 0.230365 0.738576 0.118458 0.271529 0.0193481
35 0.887456 0.626538 0.0111489 0.0333919 0.0175781
2 0.926477 0.421793 0.0156085 0.0158172 0.016922
7 0.685103 0.418278 0.0490554 0.0281195 0.0159607
35 0.280396 0.769772 0.0278724 0.0509666 0.0157776
2 0.782656 0.42355 0.00891914 0.0140597 0.0150757
2 0.850665 0.421793 0.021183 0.0158172 0.0150146
34 0.372653 0.607645 0.0819447 0.122144 0.0142822
0 0.355094 0.552724 0.0501703 0.123023 0.0136337
2 0.799379 0.412127 0.0111489 0.0184534 0.0134277
0 0.263394 0.615114 0.0406937 0.0509666 0.0130234
7 0.758686 0.418278 0.0624341 0.026362 0.0124817
7 0.724681 0.418278 0.0624341 0.0281195 0.012146
35 0.365685 0.704745 0.0301022 0.0439367 0.0117798
0 0.871848 0.594903 0.042366 0.121265 0.0111618
0 0.891358 0.592267 0.0501703 0.118629 0.0110703
34 0.891916 0.546573 0.0200681 0.026362 0.0110321
2 0.906409 0.42355 0.00891914 0.0140597 0.0103683
34 0.145772 0.460018 0.0353979 0.0272408 0.00963593
34 0.390771 0.630931 0.0624341 0.0448155 0.00941467
35 0.179219 0.565905 0.0136575 0.0360281 0.00891876
0 0.346732 0.459578 0.0167234 0.0228471 0.0086441
2 0.800494 0.419156 0.011149 0.0237258 0.00861359
0 0.350913 0.45826 0.0156085 0.0219684 0.0085144
2 0.833941 0.423989 0.00891914 0.0123023 0.00844574
0 0.878537 0.593585 0.0367915 0.112478 0.00818634
35 0.282626 0.762742 0.0234128 0.0369068 0.00766754
2 0.765933 0.422671 0.0222979 0.016696 0.00757599
0 0.26869 0.61116 0.0312171 0.0395431 0.00743103
0 0.675069 0.420035 0.00891919 0.0281195 0.00709534
34 0.355373 0.559754 0.0540724 0.123023 0.00703812
35 0.426447 0.655536 0.016166 0.0281195 0.00703812
34 0.891916 0.545694 0.0401362 0.0316344 0.0069046
2 0.844533 0.419596 0.0111489 0.0202109 0.0068779
0 0.272034 0.604569 0.0200681 0.0307557 0.00677109
34 0.3799 0.594464 0.089749 0.0887522 0.00643921
2 0.708515 0.424429 0.0178383 0.0175747 0.00621796
0 0.877422 0.420914 0.00668936 0.0193321 0.00600433
0 0.337813 0.582162 0.0222979 0.157293 0.00591278
35 0.180334 0.54833 0.0128213 0.0351494 0.00564194
13 0.946545 0.417399 0.0891915 0.0210896 0.00564194
35 0.180752 0.542619 0.0119851 0.029877 0.00561905
34 0.411954 0.647627 0.0457107 0.0439367 0.0055542
35 0.278654 0.77768 0.0313564 0.0685413 0.00548935
35 0.255172 0.627416 0.0281511 0.0509666 0.00540543
2 0.911984 0.42355 0.0122638 0.0123023 0.00536346
0 0.2358 0.778559 0.117621 0.195079 0.00534439
7 0.784886 0.417399 0.0646639 0.026362 0.00530243
2 0.715762 0.421793 0.0245277 0.0210896 0.00526047
2 0.691235 0.425308 0.00891919 0.0158172 0.00521851
34 0.382409 0.614675 0.0869618 0.0711775 0.00521851
0 0.341715 0.581283 0.0267575 0.169596 0.00518036
32 0.887456 0.626538 0.0111489 0.0333919 0.00492477
2 0.899162 0.424429 0.0200681 0.0123023 0.00479126
34 0.404707 0.623023 0.0529575 0.0843585 0.00475693
0 0.260049 0.621265 0.0468256 0.0667838 0.00469971
35 0.176432 0.564148 0.0167234 0.0219684 0.0046463
0 0.256844 0.623023 0.0303809 0.056239 0.0046463
0 0.361226 0.601933 0.0646639 0.101933 0.0046463
0 0.242768 0.806678 0.10257 0.13181 0.00441742
7 0.661133 0.417838 0.0691235 0.029877 0.0042305
0 0.870733 0.422671 0.0100341 0.0158172 0.00400543
0 0.355094 0.630931 0.0524 0.135325 0.00399017
35 0.365128 0.688049 0.0490554 0.0808435 0.00395966
34 0.361226 0.601933 0.0646639 0.101933 0.00372124
2 0.675069 0.420035 0.00891919 0.0281195 0.00370789
0 0.390771 0.59051 0.0730256 0.135325 0.00366402
0 0.260746 0.626538 0.0393 0.0527241 0.00365067
2 0.679528 0.423989 0.0122638 0.0193322 0.00358009
0 0.342551 0.542179 0.0267575 0.0773286 0.00355148
35 0.26214 0.626977 0.0432022 0.056239 0.00351143
2 0.664477 0.418717 0.0178383 0.029877 0.00340271
35 0.187581 0.804042 0.0189532 0.0369069 0.00336266
2 0.850665 0.417838 0.0245277 0.0237258 0.00329781
34 0.355651 0.586995 0.0568596 0.14587 0.00322342
2 0.822792 0.424429 0.0122639 0.0123023 0.00321007
0 0.265763 0.601933 0.0303809 0.0281195 0.00321007
0 0.26632 0.636204 0.0381851 0.0843586 0.00321007
2 0.94989 0.420035 0.00891914 0.0184534 0.00317192
2 0.961596 0.420035 0.0133788 0.0193321 0.00317192
35 0.274334 0.658612 0.0210436 0.0527241 0.00317192
2 0.817218 0.424429 0.00891914 0.0123023 0.00314713
35 0.177547 0.574253 0.0167234 0.0386643 0.00307465
0 0.413626 0.598418 0.0267575 0.100176 0.00307465
0 0.404707 0.623023 0.0529575 0.0843585 0.00304031
2 0.662247 0.422671 0.0111489 0.0228471 0.00299263
2 0.599813 0.427944 0.0111489 0.0114236 0.00298119
34 0.390771 0.59051 0.0730256 0.135325 0.00288963
34 0.90418 0.616872 0.031217 0.0702987 0.00283432
24 0.098041 0.674868 0.0843139 0.103691 0.00281143
2 0.670052 0.424429 0.0111489 0.0175747 0.00276756
0 0.347011 0.551845 0.0328894 0.0597539 0.00263214
34 0.407773 0.615114 0.0379064 0.082601 0.00263214
0 0.752554 0.424429 0.00891919 0.0140597 0.00260162
32 0.311056 0.372144 0.00891917 0.0342707 0.00259018
2 0.752554 0.424429 0.00891919 0.0140597 0.00257111
0 0.300464 0.746046 0.279281 0.288225 0.00253105
13 0.872962 0.417399 0.0869618 0.0246046 0.00251198
13 0.961009 0.41652 0.0779822 0.0246046 0.00251198
35 0.410281 0.652021 0.0490554 0.0333919 0.0024929
35 0.865158 0.62478 0.0267574 0.0579964 0.00244331
2 0.745864 0.425308 0.0133787 0.0123023 0.00243378
35 0.871848 0.579965 0.0156086 0.0386643 0.00239754
0 0.340043 0.543937 0.0222979 0.0650264 0.00232315
13 0.889128 0.417399 0.0780426 0.0210896 0.00232315
0 0.844533 0.419596 0.0111489 0.0202109 0.00229645
7 0.769835 0.415641 0.0167234 0.0246046 0.00226021
2 0.890801 0.424429 0.0222979 0.0123023 0.00225258
13 0.915328 0.604569 0.127098 0.100176 0.00225258
2 0.860699 0.42355 0.0133787 0.0140597 0.00221634
34 0.820562 0.591388 0.0200681 0.013181 0.00220871
5 0.685103 0.418278 0.0490554 0.0281195 0.00219917
0 0.817218 0.424429 0.00891914 0.0123023 0.00219154
35 0.274334 0.64587 0.0232734 0.0790861 0.00219154
5 0.724681 0.418278 0.0624341 0.0281195 0.00218201
1 0.933167 0.420914 0.0245276 0.0175747 0.00217438
0 0.257819 0.599297 0.0250851 0.0281195 0.00215721
5 0.758686 0.418278 0.0624341 0.026362 0.00215721
0 0.337256 0.599736 0.0189532 0.119508 0.00209999
1 0.890801 0.424429 0.0222979 0.0123023 0.00208282
34 0.90195 0.561511 0.0401361 0.056239 0.00208282
7 0.771507 0.418278 0.0200681 0.0254833 0.0020752
7 0.854009 0.41652 0.122638 0.0281195 0.00206757
0 0.833941 0.423989 0.00891914 0.0123023 0.00202751
2 0.145215 0.461775 0.0384639 0.0281195 0.00200272
35 0.276424 0.65246 0.0179777 0.0659051 0.00198746
34 0.347011 0.551845 0.0328894 0.0597539 0.00196457
0 0.800494 0.419156 0.011149 0.0237258 0.00193405
0 0.691235 0.425308 0.00891919 0.0158172 0.00190449
0 0.906409 0.42355 0.00891914 0.0140597 0.00186729
32 0.300464 0.826889 0.0234128 0.0228471 0.00185299
0 0.967728 0.419156 0.00891914 0.0228471 0.00184631
24 0.0966474 0.65246 0.0868224 0.155536 0.00181007
0 0.273219 0.608963 0.0221585 0.0351494 0.00179577
2 0.686775 0.427065 0.011149 0.0123023 0.00179577
0 0.360947 0.641476 0.058532 0.184534 0.00178909
29 0.679528 0.630053 0.0111489 0.0166959 0.00176144
35 0.262697 0.645431 0.0454319 0.0878735 0.00175476
1 0.800494 0.419156 0.011149 0.0237258 0.00166798
34 0.474388 0.931459 0.010034 0.0175747 0.00166798
2 0.721894 0.420914 0.0289872 0.0228471 0.0016613
32 0.474388 0.931459 0.010034 0.0175747 0.0016613
7 0.933167 0.420914 0.0245276 0.0175747 0.00162888
0 0.806069 0.42355 0.00891924 0.0158172 0.00161076
34 0.887456 0.559754 0.0245276 0.0579965 0.00157928
35 0.365128 0.672232 0.0501703 0.107206 0.00157928
0 0.961596 0.420035 0.0133788 0.0193321 0.00154305
2 0.758686 0.418278 0.0624341 0.026362 0.00153637
0 0.977205 0.417399 0.0100341 0.0246046 0.00151253
2 0.541281 0.424868 0.0144936 0.0123023 0.00150108
34 0.907524 0.626538 0.0245276 0.0536028 0.00150108
0 0.410839 0.725835 0.0657788 0.168717 0.00150108
2 0.704056 0.427944 0.00891919 0.0105448 0.00148392
35 0.879652 0.577329 0.022298 0.0492091 0.00146103
35 0.860141 0.607206 0.0211829 0.0421793 0.00145531
2 0.967728 0.419156 0.00891914 0.0228471 0.00144386
0 0.811643 0.428822 0.00891914 0.00702987 0.00143814
0 0.865158 0.427944 0.00891914 0.0105448 0.00143242
2 0.784886 0.417399 0.0646639 0.026362 0.00139904
35 0.175317 0.557118 0.0234128 0.0456942 0.00139427
2 0.702384 0.425308 0.0111489 0.0175747 0.00136662
0 0.799379 0.412127 0.0111489 0.0184534 0.00136185
0 0.935954 0.420914 0.0200681 0.0175747 0.00135612
34 0.406658 0.593146 0.042366 0.121265 0.00135612
2 0.870733 0.422671 0.0100341 0.0158172 0.00134563
34 0.888013 0.545694 0.0245276 0.0325132 0.00133514
0 0.3406 0.458699 0.0156085 0.0237258 0.00133038
2 0.724681 0.418278 0.0624341 0.0281195 0.00131989
7 0.872962 0.417399 0.0869618 0.0246046 0.00131512
35 0.878537 0.593585 0.0367915 0.112478 0.00129986
32 0.805511 0.602373 0.00891914 0.0114235 0.00129986
13 0.30353 0.72891 0.268132 0.268014 0.00124931
2 0.543511 0.427065 0.0117064 0.013181 0.00123978
13 0.193992 0.801406 0.343945 0.170474 0.00123978
0 0.87129 0.417399 0.0133787 0.026362 0.00123501
35 0.336977 0.632689 0.016166 0.0702988 0.0012207
34 0.886341 0.592267 0.0646639 0.123023 0.00121593
2 0.685103 0.418278 0.0490554 0.0281195 0.00121593
0 0.340879 0.63225 0.0234128 0.137083 0.00121117
0 0.276424 0.65246 0.0179777 0.0659051 0.0012064
2 0.984452 0.420914 0.00891914 0.0158172 0.00118351
38 0.145215 0.461336 0.0345617 0.0281195 0.00117874
34 0.899162 0.545694 0.0468255 0.029877 0.00117874
34 0.890801 0.573374 0.0200681 0.0377856 0.00117874
32 0.427283 0.655536 0.0144937 0.026362 0.0011692
0 0.346175 0.522847 0.0301022 0.0579965 0.00116062
5 0.784886 0.417399 0.0646639 0.026362 0.00116062
0 0.78823 0.424429 0.011149 0.0123023 0.00115585
13 0.854009 0.41652 0.122638 0.0281195 0.00115108
0 0.877422 0.41652 0.0111489 0.0272408 0.0011425
14 0.681201 0.630053 0.0133787 0.0193322 0.00113392
34 0.380737 0.623902 0.0992256 0.172232 0.00112438
0 0.352307 0.45167 0.0133787 0.0351494 0.00112057
35 0.394673 0.630931 0.0490553 0.0421792 0.00112057
0 0.911984 0.42355 0.0122638 0.0123023 0.00110722
34 0.393 0.636204 0.0429234 0.0404218 0.0011034
1 0.850665 0.421793 0.021183 0.0158172 0.00109863
0 0.658903 0.421793 0.011149 0.0237258 0.00109482
0 0.338928 0.461336 0.0122638 0.0246046 0.00108624
7 0.609847 0.420035 0.0758128 0.0307557 0.00108624
2 0.776524 0.425308 0.011149 0.0140597 0.00106525
38 0.82112 0.592707 0.0178384 0.0105448 0.00106049
2 0.854009 0.41652 0.122638 0.0281195 0.00106049
34 0.365128 0.663005 0.0535149 0.123902 0.00104427
60 0.3167 1 0.566227 0 0.00104427
13 0.784886 0.417399 0.0646639 0.026362 0.00104046
2 0.723567 0.417399 0.0245277 0.0289982 0.00102806
0 0.352307 0.465729 0.0122638 0.0333919 0.00102806
2 0.558005 0.423989 0.0156085 0.0158172 0.00102425
1 0.771507 0.418278 0.0200681 0.0254833 0.00101662
